source,family,size,index,problem,mode,engine_requested,jobs,test_period,timeout_s,run,copies,expected,verdict,reason,checked,engine,fragment,occurrences,multiplicity,time_ms,nodes,memo_hits,memo_entries,splits,links,tests,recursion_limit,cpu_ms,wait_ms,bias,forward_copies,check_ms,memory_limit,copies_reached,pool_after
lltp,ILL/ILLTP-LCL-01,,,LCL181+1.p,intuitionistic,auto,2,,5,0,none,unprovable,unprovable,,,two-sided,ILL,44,2,102.405,1133047,566171,23,660829,0,0,2048,100.000,1.031,auto,30,,1073741824,94069,0.1
lltp,ILL/ILLTP-LCL-cbn,,,LCL181+1.p,intuitionistic,auto,2,,5,0,none,unprovable,unprovable,,,two-sided,ILL,33,2,0.172,20,8,5,16,0,0,2048,0.000,0.000,auto,30,,1073741824,3,0.1
lltp,ILL/ILLTP-LCL-cbv,,,LCL181+1.p,intuitionistic,auto,2,,5,0,none,unprovable,unprovable,,,two-sided,ILL,41,2,0.119,137,60,15,95,0,0,2048,0.000,0.001,auto,30,,1073741824,5,0.1
lltp,ILL/ILLTP-LCL-cbv,,,LCL230+1.p,intuitionistic,auto,2,,5,0,none,unprovable,unknown,timeout,,two-sided,ILL,23,2,5001.448,67512754,39382384,28,22504504,0,0,2048,9880.000,17.616,auto,30,,1073741824,4427431,0.1
lltp,ILL/ILLTP-SYJ-01,,,SYJ101+1.p,intuitionistic,auto,2,,5,0,none,provable,proved,,ok,two-sided,IMELL,3,1,0.087,2,0,1,0,0,0,2048,0.000,0.003,auto,30,0.004,1073741824,1,0.1
lltp,ILL/ILLTP-SYJ-01,,,SYJ103+1.p,intuitionistic,auto,2,,5,0,none,provable,unknown,timeout,,two-sided,ILL,27,2,5001.341,83654338,45161878,40,28871509,0,0,2048,9870.000,19.553,auto,30,,1073741824,478699,0.1
lltp,ILL/ILLTP-SYJ-01,,,SYJ105+1.003.p,intuitionistic,auto,2,,5,0,none,provable,unknown,timeout,,two-sided,ILL,28,2,5001.756,86016359,44125226,37,40215382,0,0,2048,9870.000,16.645,auto,30,,1073741824,349900,0.1
lltp,ILL/ILLTP-SYJ-01,,,SYJ105+1.004.p,intuitionistic,auto,2,,5,0,none,provable,unknown,timeout,,two-sided,ILL,39,2,5000.415,88138993,33442420,106,43495368,0,0,2048,9870.000,18.416,auto,30,,1073741824,29693,0.1
lltp,ILL/ILLTP-SYJ-01,,,SYJ201+1.002.p,intuitionistic,auto,2,,5,0,none,provable,proved,,ok,two-sided,ILL,178,7,921.827,14753108,9923957,111105,9423961,0,0,2048,1730.000,8.395,auto,30,0.044,1073741824,8,0.1
lltp,ILL/ILLTP-SYJ-01,,,SYJ201+1.003.p,intuitionistic,auto,2,,5,0,none,provable,unknown,timeout,,two-sided,ILL,306,9,5002.830,78657077,58550743,275944,54932203,0,0,2048,9880.000,14.281,auto,30,,1073741824,8,0.1
lltp,ILL/ILLTP-SYJ-01,,,SYJ201+1.004.p,intuitionistic,auto,2,,5,0,none,provable,unknown,timeout,,two-sided,ILL,466,11,5005.755,73903191,57386701,347983,54748367,0,0,2048,9880.000,13.711,auto,30,,1073741824,7,0.1
lltp,ILL/ILLTP-SYJ-01,,,SYJ201+1.005.p,intuitionistic,auto,2,,5,0,none,provable,unknown,timeout,,two-sided,ILL,658,13,5005.230,65188793,52604250,314823,50140371,0,0,2048,9880.000,14.505,auto,30,,1073741824,7,0.1
lltp,ILL/ILLTP-SYJ-01,,,SYJ201+1.006.p,intuitionistic,auto,2,,5,0,none,provable,unknown,timeout,,two-sided,ILL,882,15,5008.024,59453998,48954539,507904,46713172,0,0,2048,9880.000,15.118,auto,30,,1073741824,6,0.1
lltp,ILL/ILLTP-SYJ-01,,,SYJ201+1.007.p,intuitionistic,auto,2,,5,0,none,provable,unknown,timeout,,two-sided,ILL,1138,17,5009.275,53346425,44716574,608062,42896175,0,0,2048,9890.000,18.006,auto,30,,1073741824,6,0.1
lltp,ILL/ILLTP-SYJ-01,,,SYJ201+1.008.p,intuitionistic,auto,2,,5,0,none,provable,unknown,timeout,,two-sided,ILL,1426,19,5015.156,47711501,40502620,689363,39004600,0,0,2048,9900.000,23.477,auto,30,,1073741824,6,0.1
lltp,ILL/ILLTP-SYJ-01,,,SYJ201+1.009.p,intuitionistic,auto,2,,5,0,none,provable,unknown,timeout,,two-sided,ILL,1746,21,5019.374,42920616,36562035,712434,35480710,0,0,2048,9900.000,17.065,auto,30,,1073741824,5,0.1
lltp,ILL/ILLTP-SYJ-01,,,SYJ201+1.010.p,intuitionistic,auto,2,,5,0,none,provable,unknown,timeout,,two-sided,ILL,2098,23,5027.561,36814987,30956109,834624,30497023,0,0,2048,9900.000,21.525,auto,30,,1073741824,5,0.1
lltp,ILL/ILLTP-SYJ-01,,,SYJ201+1.011.p,intuitionistic,auto,2,,5,0,none,provable,unknown,timeout,,two-sided,ILL,2482,25,5024.790,34085874,28689728,711360,28648484,0,0,2048,9900.000,19.765,auto,30,,1073741824,5,0.1
lltp,ILL/ILLTP-SYJ-01,,,SYJ201+1.012.p,intuitionistic,auto,2,,5,0,none,provable,unknown,timeout,,two-sided,ILL,2898,27,5029.331,31819973,26831505,606464,26748946,0,0,2048,9910.000,18.389,auto,30,,1073741824,5,0.1
lltp,ILL/ILLTP-SYJ-01,,,SYJ201+1.013.p,intuitionistic,auto,2,,5,0,none,provable,unknown,timeout,,two-sided,ILL,3346,29,5011.361,29434744,24695799,529920,24790675,0,0,2048,9880.000,13.845,auto,30,,1073741824,5,0.1
lltp,ILL/ILLTP-SYJ-01,,,SYJ201+1.014.p,intuitionistic,auto,2,,5,0,none,provable,unknown,timeout,,two-sided,ILL,3826,31,5033.398,26656289,22381988,472832,22815384,0,0,2048,9910.000,19.161,auto,30,,1073741824,5,0.1
lltp,ILL/ILLTP-SYJ-01,,,SYJ201+1.015.p,intuitionistic,auto,2,,5,0,none,provable,unknown,timeout,,two-sided,ILL,4338,33,5043.675,24387827,20145906,418400,20818856,0,0,2048,9920.000,8.767,auto,30,,1073741824,4,0.1
lltp,ILL/ILLTP-SYJ-01,,,SYJ201+1.016.p,intuitionistic,auto,2,,5,0,none,provable,unknown,timeout,,two-sided,ILL,4882,35,5041.761,22595110,18590895,370432,19307755,0,0,2048,9920.000,22.649,auto,30,,1073741824,4,0.1
lltp,ILL/ILLTP-SYJ-01,,,SYJ201+1.017.p,intuitionistic,auto,2,,5,0,none,provable,unknown,timeout,,two-sided,ILL,5458,37,5041.453,21191521,17300352,332320,18079561,0,0,2048,9920.000,19.742,auto,30,,1073741824,4,0.1
lltp,ILL/ILLTP-SYJ-01,,,SYJ201+1.018.p,intuitionistic,auto,2,,5,0,none,provable,unknown,timeout,,two-sided,ILL,6066,39,5040.269,19789300,15979141,301312,16794068,0,0,2048,9920.000,27.644,auto,30,,1073741824,4,0.1
lltp,ILL/ILLTP-SYJ-01,,,SYJ201+1.019.p,intuitionistic,auto,2,,5,0,none,provable,unknown,timeout,,two-sided,ILL,6706,41,5046.060,18416911,14595268,273024,15481297,0,0,2048,9900.000,32.302,auto,30,,1073741824,4,0.1
lltp,ILL/ILLTP-SYJ-01,,,SYJ201+1.020.p,intuitionistic,auto,2,,5,0,none,provable,unknown,timeout,,two-sided,ILL,7378,43,5045.600,16958282,13079063,248544,14049206,0,0,2048,9930.000,9.352,auto,30,,1073741824,4,0.1
lltp,ILL/ILLTP-SYJ-01,,,SYJ202+1.003.p,intuitionistic,auto,2,,5,0,none,provable,proved,,ok,two-sided,ILL,163,3,127.274,1044359,716245,111829,0,0,0,2048,140.000,4.814,auto,30,0.046,1073741824,8,0.1
lltp,ILL/ILLTP-SYJ-01,,,SYJ202+1.004.p,intuitionistic,auto,2,,5,0,none,provable,unknown,timeout,,two-sided,ILL,347,4,5010.368,51936967,29947543,1048576,0,0,0,2048,9880.000,19.658,auto,30,,1073741824,9,0.1
lltp,ILL/ILLTP-SYJ-01,,,SYJ202+1.005.p,intuitionistic,auto,2,,5,0,none,provable,unknown,timeout,,two-sided,ILL,630,5,5012.410,42879540,24655729,1048576,0,0,0,2048,9890.000,19.743,auto,30,,1073741824,7,0.1
lltp,ILL/ILLTP-SYJ-01,,,SYJ202+1.006.p,intuitionistic,auto,2,,5,0,none,provable,unknown,timeout,,two-sided,ILL,1033,6,5029.931,33087373,19378187,1048576,0,0,0,2048,9900.000,22.643,auto,30,,1073741824,5,0.1
lltp,ILL/ILLTP-SYJ-01,,,SYJ202+1.007.p,intuitionistic,auto,2,,5,0,none,provable,unknown,timeout,,two-sided,ILL,1577,7,5030.878,27340723,15869164,1048576,0,0,0,2048,9900.000,28.443,auto,30,,1073741824,4,0.1
lltp,ILL/ILLTP-SYJ-01,,,SYJ202+1.008.p,intuitionistic,auto,2,,5,0,none,provable,unknown,timeout,,two-sided,ILL,2283,8,5032.040,26049137,15164587,766976,0,0,0,2048,9910.000,27.912,auto,30,,1073741824,4,0.1
lltp,ILL/ILLTP-SYJ-01,,,SYJ202+1.009.p,intuitionistic,auto,2,,5,0,none,provable,unknown,timeout,,two-sided,ILL,3172,9,5035.408,23016048,12875179,557888,0,0,0,2048,9910.000,19.739,auto,30,,1073741824,4,0.1
lltp,ILL/ILLTP-SYJ-01,,,SYJ202+1.010.p,intuitionistic,auto,2,,5,0,none,,unknown,recursion_limit,,two-sided,ILL,4265,10,3.637,1532,0,1020,0,0,0,2048,0.000,0.000,auto,30,,1073741824,0,0.1
lltp,ILL/ILLTP-SYJ-01,,,SYJ202+1.011.p,intuitionistic,auto,2,,5,0,none,,unknown,recursion_limit,,two-sided,ILL,5583,22,3.210,1532,0,1020,0,0,0,2048,0.000,0.000,auto,30,,1073741824,0,0.1
lltp,ILL/ILLTP-SYJ-01,,,SYJ202+1.012.p,intuitionistic,auto,2,,5,0,none,,unknown,recursion_limit,,two-sided,ILL,7147,24,3.598,1532,0,1020,0,0,0,2048,0.000,0.000,auto,30,,1073741824,0,0.1
lltp,ILL/ILLTP-SYJ-01,,,SYJ202+1.013.p,intuitionistic,auto,2,,5,0,none,,unknown,recursion_limit,,two-sided,ILL,8978,26,4.284,1532,0,1020,0,0,0,2048,0.000,0.000,auto,30,,1073741824,0,0.1
lltp,ILL/ILLTP-SYJ-01,,,SYJ202+1.014.p,intuitionistic,auto,2,,5,0,none,,unknown,recursion_limit,,two-sided,ILL,11097,28,5.325,1532,0,1020,0,0,0,2048,0.000,2.132,auto,30,,1073741824,0,0.1
lltp,ILL/ILLTP-SYJ-01,,,SYJ202+1.015.p,intuitionistic,auto,2,,5,0,none,,unknown,recursion_limit,,two-sided,ILL,13525,30,6.186,1532,0,1020,0,0,0,2048,0.000,0.000,auto,30,,1073741824,0,0.1
lltp,ILL/ILLTP-SYJ-01,,,SYJ202+1.016.p,intuitionistic,auto,2,,5,0,none,,unknown,recursion_limit,,two-sided,ILL,16283,32,7.202,1532,0,1020,0,0,0,2048,0.000,0.961,auto,30,,1073741824,0,0.1
lltp,ILL/ILLTP-SYJ-01,,,SYJ202+1.017.p,intuitionistic,auto,2,,5,0,none,,unknown,recursion_limit,,two-sided,ILL,19392,34,8.628,1532,0,1020,0,0,0,2048,0.000,0.000,auto,30,,1073741824,0,0.1
lltp,ILL/ILLTP-SYJ-01,,,SYJ202+1.018.p,intuitionistic,auto,2,,5,0,none,,unknown,recursion_limit,,two-sided,ILL,22873,36,10.212,1532,0,1020,0,0,0,2048,0.000,0.000,auto,30,,1073741824,0,0.1
lltp,ILL/ILLTP-SYJ-01,,,SYJ202+1.019.p,intuitionistic,auto,2,,5,0,none,,unknown,recursion_limit,,two-sided,ILL,26747,38,11.879,1532,0,1020,0,0,0,2048,0.000,0.000,auto,30,,1073741824,0,0.1
lltp,ILL/ILLTP-SYJ-01,,,SYJ202+1.020.p,intuitionistic,auto,2,,5,0,none,,unknown,recursion_limit,,two-sided,ILL,31035,40,13.393,1532,0,1020,0,0,0,2048,0.000,0.000,auto,30,,1073741824,0,0.1
lltp,ILL/ILLTP-SYJ-01,,,SYJ203+1.007.p,intuitionistic,auto,2,,5,0,none,provable,proved,,ok,two-sided,ILL,81,8,172.804,2234653,1454123,29279,570394,0,0,2048,240.000,7.494,auto,30,0.020,1073741824,9,0.1
lltp,ILL/ILLTP-SYJ-01,,,SYJ203+1.008.p,intuitionistic,auto,2,,5,0,none,provable,proved,,ok,two-sided,ILL,92,9,1195.865,21212341,14361979,97433,5214895,0,0,2048,2270.000,9.932,auto,30,0.029,1073741824,10,0.1
lltp,ILL/ILLTP-SYJ-01,,,SYJ203+1.009.p,intuitionistic,auto,2,,5,0,none,provable,unknown,timeout,,two-sided,ILL,103,10,5002.908,92022193,64863941,293223,21142931,0,0,2048,9870.000,17.285,auto,30,,1073741824,10,0.1
lltp,ILL/ILLTP-SYJ-01,,,SYJ203+1.010.p,intuitionistic,auto,2,,5,0,none,provable,unknown,timeout,,two-sided,ILL,114,11,5003.747,87220637,61615857,542894,19747050,0,0,2048,9870.000,15.218,auto,30,,1073741824,10,0.1
lltp,ILL/ILLTP-SYJ-01,,,SYJ203+1.011.p,intuitionistic,auto,2,,5,0,none,provable,unknown,timeout,,two-sided,ILL,125,12,5005.458,82738264,59740278,914939,17526823,0,0,2048,9880.000,15.105,auto,30,,1073741824,9,0.1
lltp,ILL/ILLTP-SYJ-01,,,SYJ203+1.012.p,intuitionistic,auto,2,,5,0,none,provable,unknown,timeout,,two-sided,ILL,136,13,5006.305,72192422,49897675,1048576,14612169,0,0,2048,9890.000,14.604,auto,30,,1073741824,8,0.1
lltp,ILL/ILLTP-SYJ-01,,,SYJ203+1.013.p,intuitionistic,auto,2,,5,0,none,provable,unknown,timeout,,two-sided,ILL,147,14,5005.581,67698520,43638262,1048576,12713356,0,0,2048,9880.000,14.729,auto,30,,1073741824,8,0.1
lltp,ILL/ILLTP-SYJ-01,,,SYJ203+1.014.p,intuitionistic,auto,2,,5,0,none,provable,unknown,timeout,,two-sided,ILL,158,15,5005.429,60069341,36162648,1048576,11078062,0,0,2048,9890.000,11.756,auto,30,,1073741824,7,0.1
lltp,ILL/ILLTP-SYJ-01,,,SYJ203+1.015.p,intuitionistic,auto,2,,5,0,none,provable,unknown,timeout,,two-sided,ILL,169,16,5005.591,57344329,33074010,1048576,9976930,0,0,2048,9880.000,13.473,auto,30,,1073741824,7,0.1
lltp,ILL/ILLTP-SYJ-01,,,SYJ203+1.016.p,intuitionistic,auto,2,,5,0,none,provable,unknown,timeout,,two-sided,ILL,180,17,5005.586,56722032,31136374,1048576,9352436,0,0,2048,9880.000,13.337,auto,30,,1073741824,7,0.1
lltp,ILL/ILLTP-SYJ-01,,,SYJ203+1.017.p,intuitionistic,auto,2,,5,0,none,provable,unknown,timeout,,two-sided,ILL,191,18,5005.305,52471364,26376776,1048576,8159602,0,0,2048,9880.000,15.481,auto,30,,1073741824,7,0.1
lltp,ILL/ILLTP-SYJ-01,,,SYJ203+1.018.p,intuitionistic,auto,2,,5,0,none,provable,unknown,timeout,,two-sided,ILL,202,19,5005.134,49071018,21734965,1048576,7205608,0,0,2048,9880.000,20.252,auto,30,,1073741824,7,0.1
lltp,ILL/ILLTP-SYJ-01,,,SYJ203+1.019.p,intuitionistic,auto,2,,5,0,none,provable,unknown,timeout,,two-sided,ILL,213,20,5007.161,47775863,19904586,1048576,6602727,0,0,2048,9880.000,12.933,auto,30,,1073741824,6,0.1
lltp,ILL/ILLTP-SYJ-01,,,SYJ203+1.020.p,intuitionistic,auto,2,,5,0,none,provable,unknown,timeout,,two-sided,ILL,224,21,5006.592,46485340,18819323,1048576,6201358,0,0,2048,9880.000,12.667,auto,30,,1073741824,6,0.1
lltp,ILL/ILLTP-SYJ-01,,,SYJ204+1.010.p,intuitionistic,auto,2,,5,0,none,provable,proved,,ok,two-sided,IMELL,103,2,138.743,1833776,1510811,8873,1565449,0,0,2048,170.000,2.751,auto,30,0.031,1073741824,9,0.1
lltp,ILL/ILLTP-SYJ-01,,,SYJ204+1.011.p,intuitionistic,auto,2,,5,0,none,provable,proved,,ok,two-sided,IMELL,113,2,246.180,4072226,3425370,10825,3483659,0,0,2048,380.000,4.925,auto,30,0.029,1073741824,9,0.1
lltp,ILL/ILLTP-SYJ-01,,,SYJ204+1.012.p,intuitionistic,auto,2,,5,0,none,provable,proved,,ok,two-sided,IMELL,123,2,435.246,7954454,6806217,17742,6830889,0,0,2048,760.000,4.864,auto,30,0.028,1073741824,9,0.1
lltp,ILL/ILLTP-SYJ-01,,,SYJ204+1.013.p,intuitionistic,auto,2,,5,0,none,provable,proved,,ok,two-sided,IMELL,133,2,850.557,16155333,14062662,26304,13904003,0,0,2048,1590.000,4.458,auto,30,0.026,1073741824,9,0.1
lltp,ILL/ILLTP-SYJ-01,,,SYJ204+1.014.p,intuitionistic,auto,2,,5,0,none,provable,proved,,ok,two-sided,IMELL,143,2,1496.506,29190299,25743499,35152,25170984,0,0,2048,2880.000,5.286,auto,30,0.049,1073741824,9,0.1
lltp,ILL/ILLTP-SYJ-01,,,SYJ204+1.015.p,intuitionistic,auto,2,,5,0,none,provable,proved,,ok,two-sided,IMELL,153,2,2482.555,50076977,44621616,40693,43329683,0,0,2048,4850.000,7.192,auto,30,0.027,1073741824,9,0.1
lltp,ILL/ILLTP-SYJ-01,,,SYJ204+1.016.p,intuitionistic,auto,2,,5,0,none,provable,unknown,timeout,,two-sided,IMELL,163,2,5003.425,102221853,91654629,52047,89023925,0,0,2048,9880.000,18.447,auto,30,,1073741824,9,0.1
lltp,ILL/ILLTP-SYJ-01,,,SYJ204+1.017.p,intuitionistic,auto,2,,5,0,none,provable,unknown,timeout,,two-sided,IMELL,173,2,5001.360,102992665,93206821,44582,89542591,0,0,2048,9870.000,11.618,auto,30,,1073741824,8,0.1
lltp,ILL/ILLTP-SYJ-01,,,SYJ204+1.018.p,intuitionistic,auto,2,,5,0,none,provable,unknown,timeout,,two-sided,IMELL,183,2,5001.251,103147249,93846848,35383,89541252,0,0,2048,9880.000,17.001,auto,30,,1073741824,8,0.1
lltp,ILL/ILLTP-SYJ-01,,,SYJ204+1.019.p,intuitionistic,auto,2,,5,0,none,provable,unknown,timeout,,two-sided,IMELL,193,2,5001.143,102346161,93360486,26562,89552032,0,0,2048,9880.000,12.922,auto,30,,1073741824,8,0.1
lltp,ILL/ILLTP-SYJ-01,,,SYJ204+1.020.p,intuitionistic,auto,2,,5,0,none,provable,unknown,timeout,,two-sided,IMELL,203,2,5003.554,102543899,94109405,16050,90173399,0,0,2048,9880.000,15.781,auto,30,,1073741824,8,0.1
lltp,ILL/ILLTP-SYJ-01,,,SYJ205+1.005.p,intuitionistic,auto,2,,5,0,none,provable,proved,,ok,two-sided,ILL,164,2,119.276,1247020,1031410,36782,284425,0,0,2048,130.000,4.321,auto,30,0.019,1073741824,14,0.1
lltp,ILL/ILLTP-SYJ-01,,,SYJ205+1.006.p,intuitionistic,auto,2,,5,0,none,provable,proved,,ok,two-sided,ILL,188,2,488.734,7456407,6080467,124256,1676339,0,0,2048,860.000,10.613,auto,30,0.021,1073741824,15,0.1
lltp,ILL/ILLTP-SYJ-01,,,SYJ205+1.007.p,intuitionistic,auto,2,,5,0,none,provable,proved,,ok,two-sided,ILL,212,2,1182.987,18446326,15401642,314253,4084039,0,0,2048,2250.000,9.544,auto,30,0.017,1073741824,16,0.1
lltp,ILL/ILLTP-SYJ-01,,,SYJ205+1.008.p,intuitionistic,auto,2,,5,0,none,provable,unknown,timeout,,two-sided,ILL,236,2,5006.364,79641664,67762913,1047289,17539362,0,0,2048,9880.000,19.314,auto,30,,1073741824,18,0.1
lltp,ILL/ILLTP-SYJ-01,,,SYJ205+1.009.p,intuitionistic,auto,2,,5,0,none,provable,unknown,timeout,,two-sided,ILL,260,2,5009.377,72022666,63499261,1048576,14663764,0,0,2048,9890.000,15.833,auto,30,,1073741824,19,0.1
lltp,ILL/ILLTP-SYJ-01,,,SYJ205+1.010.p,intuitionistic,auto,2,,5,0,none,provable,unknown,timeout,,two-sided,ILL,284,2,5009.169,71599709,62492942,1048576,14415761,0,0,2048,9890.000,18.727,auto,30,,1073741824,19,0.1
lltp,ILL/ILLTP-SYJ-01,,,SYJ205+1.011.p,intuitionistic,auto,2,,5,0,none,provable,unknown,timeout,,two-sided,ILL,308,2,5007.163,69132464,61020582,1048576,13178767,0,0,2048,9890.000,18.063,auto,30,,1073741824,18,0.1
lltp,ILL/ILLTP-SYJ-01,,,SYJ205+1.012.p,intuitionistic,auto,2,,5,0,none,provable,unknown,timeout,,two-sided,ILL,332,2,5007.918,66824088,59337274,1048576,12651434,0,0,2048,9890.000,17.625,auto,30,,1073741824,18,0.1
lltp,ILL/ILLTP-SYJ-01,,,SYJ205+1.013.p,intuitionistic,auto,2,,5,0,none,provable,unknown,timeout,,two-sided,ILL,356,2,5008.293,65284417,58190482,1048576,12443702,0,0,2048,9880.000,16.785,auto,30,,1073741824,18,0.1
lltp,ILL/ILLTP-SYJ-01,,,SYJ205+1.014.p,intuitionistic,auto,2,,5,0,none,provable,unknown,timeout,,two-sided,ILL,380,2,5009.323,63617616,57173597,1048576,12060388,0,0,2048,9880.000,17.999,auto,30,,1073741824,18,0.1
lltp,ILL/ILLTP-SYJ-01,,,SYJ205+1.015.p,intuitionistic,auto,2,,5,0,none,provable,unknown,timeout,,two-sided,ILL,404,2,5010.558,62281409,56073568,1048576,11765638,0,0,2048,9890.000,19.383,auto,30,,1073741824,18,0.1
lltp,ILL/ILLTP-SYJ-01,,,SYJ205+1.016.p,intuitionistic,auto,2,,5,0,none,provable,unknown,timeout,,two-sided,ILL,428,2,5011.143,61012008,54894420,1048576,11478029,0,0,2048,9890.000,15.573,auto,30,,1073741824,18,0.1
lltp,ILL/ILLTP-SYJ-01,,,SYJ205+1.017.p,intuitionistic,auto,2,,5,0,none,provable,unknown,timeout,,two-sided,ILL,452,2,5010.202,59562096,53640287,1048576,11172836,0,0,2048,9890.000,18.864,auto,30,,1073741824,18,0.1
lltp,ILL/ILLTP-SYJ-01,,,SYJ205+1.018.p,intuitionistic,auto,2,,5,0,none,provable,unknown,timeout,,two-sided,ILL,476,2,5010.686,59097358,53226911,1048576,11083523,0,0,2048,9900.000,16.143,auto,30,,1073741824,18,0.1
lltp,ILL/ILLTP-SYJ-01,,,SYJ205+1.019.p,intuitionistic,auto,2,,5,0,none,provable,unknown,timeout,,two-sided,ILL,500,2,5010.188,58024258,52284661,1048576,10860511,0,0,2048,9890.000,15.820,auto,30,,1073741824,18,0.1
lltp,ILL/ILLTP-SYJ-01,,,SYJ205+1.020.p,intuitionistic,auto,2,,5,0,none,provable,unknown,timeout,,two-sided,ILL,524,2,5011.419,53170970,48144823,1048576,9876462,0,0,2048,9890.000,19.909,auto,30,,1073741824,18,0.1
lltp,ILL/ILLTP-SYJ-01,,,SYJ206+1.005.p,intuitionistic,auto,2,,5,0,none,provable,proved,,ok,two-sided,ILL,702,32,991.895,10771323,7464160,325748,2425675,0,0,2048,1860.000,7.110,auto,30,0.050,1073741824,9,0.1
lltp,ILL/ILLTP-SYJ-01,,,SYJ206+1.006.p,intuitionistic,auto,2,,5,0,none,provable,unknown,timeout,,two-sided,ILL,1438,64,5017.734,50669702,40186902,615256,9540320,0,0,2048,9890.000,18.896,auto,30,,1073741824,11,0.1
lltp,ILL/ILLTP-SYJ-01,,,SYJ206+1.007.p,intuitionistic,auto,2,,5,0,none,provable,unknown,timeout,,two-sided,ILL,2910,128,5016.112,39051199,32032123,392578,6051295,0,0,2048,9890.000,15.419,auto,30,,1073741824,10,0.1
lltp,ILL/ILLTP-SYJ-01,,,SYJ206+1.008.p,intuitionistic,auto,2,,5,0,none,provable,unknown,timeout,,two-sided,ILL,5854,256,5028.999,26233767,21661522,310176,3533082,0,0,2048,9900.000,20.097,auto,30,,1073741824,9,0.1
lltp,ILL/ILLTP-SYJ-01,,,SYJ206+1.009.p,intuitionistic,auto,2,,5,0,none,provable,unknown,timeout,,two-sided,ILL,11742,512,5038.658,15190977,11926685,156928,1919607,0,0,2048,9910.000,19.668,auto,30,,1073741824,8,0.1
lltp,ILL/ILLTP-SYJ-01,,,SYJ206+1.010.p,intuitionistic,auto,2,,5,0,none,provable,unknown,timeout,,two-sided,ILL,23518,1024,5043.119,7768025,5495658,78848,816402,0,0,2048,9910.000,32.139,auto,30,,1073741824,7,0.1
lltp,ILL/ILLTP-SYJ-01,,,SYJ206+1.011.p,intuitionistic,auto,2,,5,0,none,provable,unknown,timeout,,two-sided,ILL,47070,2048,5032.760,3909042,2510166,39424,324602,0,0,2048,9920.000,22.834,auto,30,,1073741824,6,0.1
lltp,ILL/ILLTP-SYJ-01,,,SYJ206+1.012.p,intuitionistic,auto,2,,5,0,none,provable,unknown,timeout,,two-sided,ILL,94174,4096,5035.034,1851660,1044876,19552,140610,0,0,2048,9920.000,26.920,auto,30,,1073741824,6,0.1
lltp,ILL/ILLTP-SYJ-01,,,SYJ206+1.013.p,intuitionistic,auto,2,,5,0,none,provable,unknown,timeout,,two-sided,ILL,188382,8192,5033.028,863002,446606,9584,55443,0,0,2048,9920.000,21.768,auto,30,,1073741824,5,0.1
lltp,ILL/ILLTP-SYJ-01,,,SYJ206+1.014.p,intuitionistic,auto,2,,5,0,none,provable,unknown,timeout,,two-sided,ILL,376798,16384,5026.684,398159,167098,4672,22259,0,0,2048,9900.000,26.250,auto,30,,1073741824,5,0.1
lltp,ILL/ILLTP-SYJ-01,,,SYJ206+1.015.p,intuitionistic,auto,2,,5,0,none,provable,unknown,timeout,,two-sided,ILL,753630,32768,5022.933,182708,70290,2164,9553,0,0,2048,9890.000,25.420,auto,30,,1073741824,5,0.1
lltp,ILL/ILLTP-SYJ-01,,,SYJ206+1.016.p,intuitionistic,auto,2,,5,0,none,provable,unknown,timeout,,two-sided,ILL,1507294,65536,5031.656,81651,22137,1024,3676,0,0,2048,9900.000,31.708,auto,30,,1073741824,4,0.1
lltp,ILL/ILLTP-SYJ-01,,,SYJ206+1.017.p,intuitionistic,auto,2,,5,0,none,provable,unknown,timeout,,two-sided,ILL,3014622,131072,5016.519,34911,4975,392,1070,0,0,2048,9870.000,30.379,auto,30,,1073741824,3,0.1
lltp,ILL/ILLTP-SYJ-01,,,SYJ206+1.018.p,intuitionistic,auto,2,,5,0,none,provable,unknown,memory_limit,,two-sided,ILL,6029278,262144,5018.849,8239,783,85,214,0,0,2048,5500.000,6.083,auto,30,,1073741824,2,0.1
lltp,ILL/ILLTP-SYJ-01,,,SYJ206+1.019.p,intuitionistic,auto,2,,5,0,none,provable,unknown,memory_limit,,two-sided,ILL,12058590,524288,809.726,130,7,17,2,0,0,2048,1470.000,12.245,auto,30,,1073741824,2,0.1
lltp,ILL/ILLTP-SYJ-01,,,SYJ206+1.020.p,intuitionistic,auto,2,,5,0,none,provable,unknown,memory_limit,,two-sided,ILL,24117214,1048576,1146.411,39,0,3,0,0,0,2048,2100.000,14.046,auto,30,,1073741824,1,0.1
lltp,ILL/ILLTP-SYJ-01,,,SYJ207+1.001.p,intuitionistic,auto,2,,5,0,none,unprovable,unknown,timeout,,two-sided,ILL,58,4,5001.399,75725639,51286244,69,48854870,0,0,2048,9880.000,18.833,auto,30,,1073741824,1751170,0.1
lltp,ILL/ILLTP-SYJ-01,,,SYJ207+1.002.p,intuitionistic,auto,2,,5,0,none,unprovable,unknown,timeout,,two-sided,ILL,138,6,5001.767,85876841,42418592,5582,61206598,0,0,2048,9870.000,19.174,auto,30,,1073741824,13,0.1
lltp,ILL/ILLTP-SYJ-01,,,SYJ207+1.003.p,intuitionistic,auto,2,,5,0,none,unprovable,unknown,timeout,,two-sided,ILL,250,8,5004.399,83964510,59222217,256804,57601941,0,0,2048,9870.000,16.427,auto,30,,1073741824,9,0.1
lltp,ILL/ILLTP-SYJ-01,,,SYJ207+1.004.p,intuitionistic,auto,2,,5,0,none,unprovable,unknown,timeout,,two-sided,ILL,394,10,5004.210,75516783,57471756,264566,55033214,0,0,2048,9880.000,14.042,auto,30,,1073741824,7,0.1
lltp,ILL/ILLTP-SYJ-01,,,SYJ207+1.005.p,intuitionistic,auto,2,,5,0,none,unprovable,unknown,timeout,,two-sided,ILL,570,12,5004.820,67585766,53592634,314550,50833854,0,0,2048,9880.000,16.102,auto,30,,1073741824,7,0.1
lltp,ILL/ILLTP-SYJ-01,,,SYJ207+1.006.p,intuitionistic,auto,2,,5,0,none,unprovable,unknown,timeout,,two-sided,ILL,778,14,5007.736,61242145,50006638,425915,47626813,0,0,2048,9880.000,16.449,auto,30,,1073741824,6,0.1
lltp,ILL/ILLTP-SYJ-01,,,SYJ207+1.007.p,intuitionistic,auto,2,,5,0,none,unprovable,unknown,timeout,,two-sided,ILL,1018,16,5011.376,58481714,48702031,582489,46585932,0,0,2048,9900.000,17.144,auto,30,,1073741824,6,0.1
lltp,ILL/ILLTP-SYJ-01,,,SYJ207+1.008.p,intuitionistic,auto,2,,5,0,none,,unknown,timeout,,two-sided,ILL,1290,18,5013.136,49872196,42181066,601234,40585615,0,0,2048,9900.000,17.638,auto,30,,1073741824,6,0.1
lltp,ILL/ILLTP-SYJ-01,,,SYJ207+1.009.p,intuitionistic,auto,2,,5,0,none,,unknown,timeout,,two-sided,ILL,1594,20,5022.510,44975990,38348435,655695,37037612,0,0,2048,9910.000,20.749,auto,30,,1073741824,6,0.1
lltp,ILL/ILLTP-SYJ-01,,,SYJ207+1.010.p,intuitionistic,auto,2,,5,0,none,,unknown,timeout,,two-sided,ILL,1930,22,5035.332,39098691,33384973,825457,32481250,0,0,2048,9920.000,20.367,auto,30,,1073741824,5,0.1
lltp,ILL/ILLTP-SYJ-01,,,SYJ207+1.011.p,intuitionistic,auto,2,,5,0,none,,unknown,timeout,,two-sided,ILL,2298,24,5037.794,36874471,31401795,768000,30915204,0,0,2048,9910.000,11.282,auto,30,,1073741824,5,0.1
lltp,ILL/ILLTP-SYJ-01,,,SYJ207+1.012.p,intuitionistic,auto,2,,5,0,none,,unknown,timeout,,two-sided,ILL,2698,26,5030.538,33997300,28996897,647360,28894505,0,0,2048,9910.000,20.731,auto,30,,1073741824,5,0.1
lltp,ILL/ILLTP-SYJ-01,,,SYJ207+1.013.p,intuitionistic,auto,2,,5,0,none,,unknown,timeout,,two-sided,ILL,3130,28,5030.493,31230668,26366803,570624,26446405,0,0,2048,9900.000,18.065,auto,30,,1073741824,5,0.1
lltp,ILL/ILLTP-SYJ-01,,,SYJ207+1.014.p,intuitionistic,auto,2,,5,0,none,,unknown,timeout,,two-sided,ILL,3594,30,5042.643,29102829,24673155,497024,24639180,0,0,2048,9930.000,14.310,auto,30,,1073741824,5,0.1
lltp,ILL/ILLTP-SYJ-01,,,SYJ207+1.015.p,intuitionistic,auto,2,,5,0,none,,unknown,timeout,,two-sided,ILL,4090,32,5038.085,26697320,22637746,443968,23092506,0,0,2048,9920.000,19.486,auto,30,,1073741824,4,0.1
lltp,ILL/ILLTP-SYJ-01,,,SYJ207+1.016.p,intuitionistic,auto,2,,5,0,none,,unknown,timeout,,two-sided,ILL,4618,34,5045.293,24527888,20676647,390304,21240409,0,0,2048,9930.000,15.079,auto,30,,1073741824,4,0.1
lltp,ILL/ILLTP-SYJ-01,,,SYJ207+1.017.p,intuitionistic,auto,2,,5,0,none,,unknown,timeout,,two-sided,ILL,5178,36,5037.908,23102872,19391573,352480,20032329,0,0,2048,9930.000,13.040,auto,30,,1073741824,4,0.1
lltp,ILL/ILLTP-SYJ-01,,,SYJ207+1.018.p,intuitionistic,auto,2,,5,0,none,,unknown,timeout,,two-sided,ILL,5770,38,5047.884,21394038,17800942,314368,18486491,0,0,2048,9910.000,31.163,auto,30,,1073741824,4,0.1
lltp,ILL/ILLTP-SYJ-01,,,SYJ207+1.019.p,intuitionistic,auto,2,,5,0,none,,unknown,timeout,,two-sided,ILL,6394,40,5047.125,20072426,16467290,286464,17239281,0,0,2048,9930.000,14.623,auto,30,,1073741824,4,0.1
lltp,ILL/ILLTP-SYJ-01,,,SYJ207+1.020.p,intuitionistic,auto,2,,5,0,none,,unknown,timeout,,two-sided,ILL,7050,42,5047.674,18326580,14633082,259584,15527368,0,0,2048,9930.000,13.797,auto,30,,1073741824,4,0.1
lltp,ILL/ILLTP-SYJ-01,,,SYJ208+1.001.p,intuitionistic,auto,2,,5,0,none,unprovable,unknown,timeout,,two-sided,ILL,25,1,5000.736,91565146,29991574,31,61556330,0,0,2048,9870.000,22.122,auto,30,,1073741824,223077,0.1
lltp,ILL/ILLTP-SYJ-01,,,SYJ208+1.002.p,intuitionistic,auto,2,,5,0,none,unprovable,unknown,timeout,,two-sided,ILL,81,2,5001.684,69954576,55591695,1668,18497210,0,0,2048,9870.000,21.554,auto,30,,1073741824,11382,0.1
lltp,ILL/ILLTP-SYJ-01,,,SYJ208+1.003.p,intuitionistic,auto,2,,5,0,none,unprovable,unknown,timeout,,two-sided,ILL,195,3,5003.297,67107914,59538479,124338,8939006,0,0,2048,9870.000,17.418,auto,30,,1073741824,80,0.1
lltp,ILL/ILLTP-SYJ-01,,,SYJ208+1.004.p,intuitionistic,auto,2,,5,0,none,unprovable,unknown,timeout,,two-sided,ILL,387,4,5006.405,49069790,28760100,1048576,12622,0,0,2048,9880.000,16.005,auto,30,,1073741824,9,0.1
lltp,ILL/ILLTP-SYJ-01,,,SYJ208+1.005.p,intuitionistic,auto,2,,5,0,none,unprovable,unknown,timeout,,two-sided,ILL,678,5,5017.116,41278478,23744302,1048576,0,0,0,2048,9890.000,21.241,auto,30,,1073741824,6,0.1
lltp,ILL/ILLTP-SYJ-01,,,SYJ208+1.006.p,intuitionistic,auto,2,,5,0,none,unprovable,unknown,timeout,,two-sided,ILL,1089,6,5025.856,32427691,19012366,1048576,0,0,0,2048,9900.000,21.256,auto,30,,1073741824,5,0.1
lltp,ILL/ILLTP-SYJ-01,,,SYJ208+1.007.p,intuitionistic,auto,2,,5,0,none,unprovable,unknown,timeout,,two-sided,ILL,1641,7,5032.811,26898435,15577102,1046528,0,0,0,2048,9920.000,25.989,auto,30,,1073741824,4,0.1
lltp,ILL/ILLTP-SYJ-01,,,SYJ208+1.008.p,intuitionistic,auto,2,,5,0,none,unprovable,unknown,timeout,,two-sided,ILL,2355,8,5036.419,25253048,14681422,747520,0,0,0,2048,9920.000,18.908,auto,30,,1073741824,4,0.1
lltp,ILL/ILLTP-SYJ-01,,,SYJ208+1.009.p,intuitionistic,auto,2,,5,0,none,unprovable,unknown,timeout,,two-sided,ILL,3252,9,5043.696,22450587,12550618,547264,0,0,0,2048,9920.000,21.484,auto,30,,1073741824,4,0.1
lltp,ILL/ILLTP-SYJ-01,,,SYJ208+1.010.p,intuitionistic,auto,2,,5,0,none,unprovable,unknown,recursion_limit,,two-sided,ILL,4353,10,2.958,1532,0,1020,0,0,0,2048,0.000,0.000,auto,30,,1073741824,0,0.1
lltp,ILL/ILLTP-SYJ-01,,,SYJ208+1.011.p,intuitionistic,auto,2,,5,0,none,unprovable,unknown,recursion_limit,,two-sided,ILL,5679,22,3.269,1532,0,1020,0,0,0,2048,0.000,0.000,auto,30,,1073741824,0,0.1
lltp,ILL/ILLTP-SYJ-01,,,SYJ208+1.012.p,intuitionistic,auto,2,,5,0,none,unprovable,unknown,recursion_limit,,two-sided,ILL,7251,24,3.901,1532,0,1020,0,0,0,2048,0.000,0.000,auto,30,,1073741824,0,0.1
lltp,ILL/ILLTP-SYJ-01,,,SYJ208+1.013.p,intuitionistic,auto,2,,5,0,none,unprovable,unknown,recursion_limit,,two-sided,ILL,9090,26,4.326,1532,0,1020,0,0,0,2048,0.000,0.000,auto,30,,1073741824,0,0.1
lltp,ILL/ILLTP-SYJ-01,,,SYJ208+1.014.p,intuitionistic,auto,2,,5,0,none,unprovable,unknown,recursion_limit,,two-sided,ILL,11217,28,5.392,1532,0,1020,0,0,0,2048,0.000,0.000,auto,30,,1073741824,0,0.1
lltp,ILL/ILLTP-SYJ-01,,,SYJ208+1.015.p,intuitionistic,auto,2,,5,0,none,unprovable,unknown,recursion_limit,,two-sided,ILL,13653,30,6.195,1532,0,1020,0,0,0,2048,0.000,1.693,auto,30,,1073741824,0,0.1
lltp,ILL/ILLTP-SYJ-01,,,SYJ208+1.016.p,intuitionistic,auto,2,,5,0,none,unprovable,unknown,recursion_limit,,two-sided,ILL,16419,32,7.459,1532,0,1020,0,0,0,2048,0.000,2.323,auto,30,,1073741824,0,0.1
lltp,ILL/ILLTP-SYJ-01,,,SYJ208+1.017.p,intuitionistic,auto,2,,5,0,none,unprovable,unknown,recursion_limit,,two-sided,ILL,19536,34,9.326,1532,0,1020,0,0,0,2048,0.000,0.000,auto,30,,1073741824,0,0.1
lltp,ILL/ILLTP-SYJ-01,,,SYJ208+1.018.p,intuitionistic,auto,2,,5,0,none,,unknown,recursion_limit,,two-sided,ILL,23025,36,10.274,1532,0,1020,0,0,0,2048,0.000,0.000,auto,30,,1073741824,0,0.1
lltp,ILL/ILLTP-SYJ-01,,,SYJ208+1.019.p,intuitionistic,auto,2,,5,0,none,,unknown,recursion_limit,,two-sided,ILL,26907,38,11.541,1532,0,1020,0,0,0,2048,0.000,0.777,auto,30,,1073741824,0,0.1
lltp,ILL/ILLTP-SYJ-01,,,SYJ208+1.020.p,intuitionistic,auto,2,,5,0,none,,unknown,recursion_limit,,two-sided,ILL,31203,40,13.353,1532,0,1020,0,0,0,2048,10.000,0.000,auto,30,,1073741824,0,0.1
lltp,ILL/ILLTP-SYJ-01,,,SYJ209+1.003.p,intuitionistic,auto,2,,5,0,none,unprovable,unknown,timeout,,two-sided,ILL,45,3,5002.261,84864575,4159960,81,41328596,0,0,2048,9870.000,19.627,auto,30,,1073741824,46345,0.1
lltp,ILL/ILLTP-SYJ-01,,,SYJ209+1.004.p,intuitionistic,auto,2,,5,0,none,unprovable,unknown,timeout,,two-sided,ILL,56,4,5001.589,85345032,1552104,319,42118538,0,0,2048,9870.000,20.038,auto,30,,1073741824,2318,0.1
lltp,ILL/ILLTP-SYJ-01,,,SYJ209+1.005.p,intuitionistic,auto,2,,5,0,none,unprovable,unknown,timeout,,two-sided,ILL,67,5,5000.718,83601097,1418029,1184,41380913,0,0,2048,9870.000,20.352,auto,30,,1073741824,100,0.1
lltp,ILL/ILLTP-SYJ-01,,,SYJ209+1.006.p,intuitionistic,auto,2,,5,0,none,unprovable,unknown,timeout,,two-sided,ILL,78,6,5001.756,87177234,30351021,4216,35239234,0,0,2048,9870.000,16.909,auto,30,,1073741824,16,0.1
lltp,ILL/ILLTP-SYJ-01,,,SYJ209+1.007.p,intuitionistic,auto,2,,5,0,none,unprovable,unknown,timeout,,two-sided,ILL,89,7,5001.021,91517024,53649548,14607,27113047,0,0,2048,9870.000,17.059,auto,30,,1073741824,13,0.1
lltp,ILL/ILLTP-SYJ-01,,,SYJ209+1.008.p,intuitionistic,auto,2,,5,0,none,unprovable,unknown,timeout,,two-sided,ILL,100,8,5001.388,92918511,59355751,48528,24919137,0,0,2048,9880.000,14.433,auto,30,,1073741824,12,0.1
lltp,ILL/ILLTP-SYJ-01,,,SYJ209+1.009.p,intuitionistic,auto,2,,5,0,none,unprovable,unknown,timeout,,two-sided,ILL,111,9,5001.818,90781221,61720400,136524,22261921,0,0,2048,9870.000,17.463,auto,30,,1073741824,11,0.1
lltp,ILL/ILLTP-SYJ-01,,,SYJ209+1.010.p,intuitionistic,auto,2,,5,0,none,unprovable,unknown,timeout,,two-sided,ILL,122,10,5003.112,90259235,63730377,299991,20679399,0,0,2048,9870.000,14.870,auto,30,,1073741824,10,0.1
lltp,ILL/ILLTP-SYJ-01,,,SYJ209+1.011.p,intuitionistic,auto,2,,5,0,none,,unknown,timeout,,two-sided,ILL,133,11,5003.156,80956473,57551031,535925,18094708,0,0,2048,9870.000,12.550,auto,30,,1073741824,9,0.1
lltp,ILL/ILLTP-SYJ-01,,,SYJ209+1.012.p,intuitionistic,auto,2,,5,0,none,,unknown,timeout,,two-sided,ILL,144,12,5005.241,75801301,54741254,881512,15988046,0,0,2048,9870.000,16.530,auto,30,,1073741824,9,0.1
lltp,ILL/ILLTP-SYJ-01,,,SYJ209+1.013.p,intuitionistic,auto,2,,5,0,none,,unknown,timeout,,two-sided,ILL,155,13,5006.042,71117941,48640963,1048576,14290242,0,0,2048,9880.000,17.138,auto,30,,1073741824,8,0.1
lltp,ILL/ILLTP-SYJ-01,,,SYJ209+1.014.p,intuitionistic,auto,2,,5,0,none,,unknown,timeout,,two-sided,ILL,166,14,5005.754,66377604,42790855,1048576,12535772,0,0,2048,9880.000,13.402,auto,30,,1073741824,8,0.1
lltp,ILL/ILLTP-SYJ-01,,,SYJ209+1.015.p,intuitionistic,auto,2,,5,0,none,,unknown,timeout,,two-sided,ILL,177,15,5005.901,59863546,35612880,1048576,10852719,0,0,2048,9880.000,13.564,auto,30,,1073741824,7,0.1
lltp,ILL/ILLTP-SYJ-01,,,SYJ209+1.016.p,intuitionistic,auto,2,,5,0,none,,unknown,timeout,,two-sided,ILL,188,16,5004.968,57616173,32636363,1048576,9858826,0,0,2048,9880.000,14.105,auto,30,,1073741824,7,0.1
lltp,ILL/ILLTP-SYJ-01,,,SYJ209+1.017.p,intuitionistic,auto,2,,5,0,none,,unknown,timeout,,two-sided,ILL,199,17,5008.206,55053240,30170325,1048576,9091168,0,0,2048,9890.000,15.122,auto,30,,1073741824,7,0.1
lltp,ILL/ILLTP-SYJ-01,,,SYJ209+1.018.p,intuitionistic,auto,2,,5,0,none,,unknown,timeout,,two-sided,ILL,210,18,5007.458,50959003,25070932,1048576,7827351,0,0,2048,9880.000,17.730,auto,30,,1073741824,7,0.1
lltp,ILL/ILLTP-SYJ-01,,,SYJ209+1.019.p,intuitionistic,auto,2,,5,0,none,,unknown,timeout,,two-sided,ILL,221,19,5006.973,48645217,21369850,1048576,7071122,0,0,2048,9880.000,16.763,auto,30,,1073741824,7,0.1
lltp,ILL/ILLTP-SYJ-01,,,SYJ209+1.020.p,intuitionistic,auto,2,,5,0,none,,unknown,timeout,,two-sided,ILL,232,20,5006.721,47581815,19855475,1048576,6533695,0,0,2048,9880.000,13.299,auto,30,,1073741824,6,0.1
lltp,ILL/ILLTP-SYJ-01,,,SYJ210+1.001.p,intuitionistic,auto,2,,5,0,none,unprovable,unknown,timeout,,two-sided,ILL,21,2,5001.205,79507625,56791108,15,45432943,0,0,2048,9870.000,19.654,auto,30,,1073741824,1140099,0.1
lltp,ILL/ILLTP-SYJ-01,,,SYJ210+1.002.p,intuitionistic,auto,2,,5,0,none,unprovable,unknown,timeout,,two-sided,ILL,31,2,5003.085,91804712,78689368,61,49921665,0,0,2048,9880.000,18.245,auto,30,,1073741824,266201,0.1
lltp,ILL/ILLTP-SYJ-01,,,SYJ210+1.003.p,intuitionistic,auto,2,,5,0,none,unprovable,unknown,timeout,,two-sided,ILL,41,2,5000.846,99260943,90141769,233,52196554,0,0,2048,9880.000,17.396,auto,30,,1073741824,65402,0.1
lltp,ILL/ILLTP-SYJ-01,,,SYJ210+1.004.p,intuitionistic,auto,2,,5,0,none,unprovable,unknown,timeout,,two-sided,ILL,51,2,5001.966,100737215,93852281,861,52049148,0,0,2048,9880.000,19.156,auto,30,,1073741824,16639,0.1
lltp,ILL/ILLTP-SYJ-01,,,SYJ210+1.005.p,intuitionistic,auto,2,,5,0,none,unprovable,unknown,timeout,,two-sided,ILL,61,2,5001.261,103296576,97564947,3103,52966097,0,0,2048,9880.000,19.446,auto,30,,1073741824,4672,0.1
lltp,ILL/ILLTP-SYJ-01,,,SYJ210+1.006.p,intuitionistic,auto,2,,5,0,none,unprovable,unknown,timeout,,two-sided,ILL,71,2,5002.369,100693358,95658223,10869,51952044,0,0,2048,9880.000,17.532,auto,30,,1073741824,1228,0.1
lltp,ILL/ILLTP-SYJ-01,,,SYJ210+1.007.p,intuitionistic,auto,2,,5,0,none,unprovable,unknown,timeout,,two-sided,ILL,81,2,5003.155,101859114,95647459,37381,55860324,0,0,2048,9880.000,17.962,auto,30,,1073741824,327,0.1
lltp,ILL/ILLTP-SYJ-01,,,SYJ210+1.008.p,intuitionistic,auto,2,,5,0,none,unprovable,unknown,timeout,,two-sided,ILL,91,2,5003.563,100626399,84949623,126575,76531369,0,0,2048,9880.000,15.752,auto,30,,1073741824,23,0.1
lltp,ILL/ILLTP-SYJ-01,,,SYJ210+1.009.p,intuitionistic,auto,2,,5,0,none,unprovable,unknown,timeout,,two-sided,ILL,101,2,5001.367,102962516,85237092,115140,83557890,0,0,2048,9870.000,11.636,auto,30,,1073741824,11,0.1
lltp,ILL/ILLTP-SYJ-01,,,SYJ210+1.010.p,intuitionistic,auto,2,,5,0,none,unprovable,unknown,timeout,,two-sided,ILL,111,2,5002.113,103431318,86200263,90782,84216887,0,0,2048,9880.000,14.276,auto,30,,1073741824,11,0.1
lltp,ILL/ILLTP-SYJ-01,,,SYJ210+1.011.p,intuitionistic,auto,2,,5,0,none,unprovable,unknown,timeout,,two-sided,ILL,121,2,5001.242,105586340,88680248,70763,85310858,0,0,2048,9880.000,13.741,auto,30,,1073741824,10,0.1
lltp,ILL/ILLTP-SYJ-01,,,SYJ210+1.012.p,intuitionistic,auto,2,,5,0,none,unprovable,unknown,timeout,,two-sided,ILL,131,2,5001.305,102564505,86792639,33730,82958810,0,0,2048,9880.000,14.487,auto,30,,1073741824,10,0.1
lltp,ILL/ILLTP-SYJ-01,,,SYJ210+1.013.p,intuitionistic,auto,2,,5,0,none,unprovable,unknown,timeout,,two-sided,ILL,141,2,5001.697,104455883,88305778,9352,83581419,0,0,2048,9880.000,13.213,auto,30,,1073741824,9,0.1
lltp,ILL/ILLTP-SYJ-01,,,SYJ210+1.014.p,intuitionistic,auto,2,,5,0,none,unprovable,unknown,timeout,,two-sided,ILL,151,2,5000.493,106040953,90925419,3141,84538745,0,0,2048,9880.000,13.847,auto,30,,1073741824,9,0.1
lltp,ILL/ILLTP-SYJ-01,,,SYJ210+1.015.p,intuitionistic,auto,2,,5,0,none,unprovable,unknown,timeout,,two-sided,ILL,161,2,5001.445,106353856,92580225,2666,85063130,0,0,2048,9880.000,15.031,auto,30,,1073741824,9,0.1
lltp,ILL/ILLTP-SYJ-01,,,SYJ210+1.016.p,intuitionistic,auto,2,,5,0,none,unprovable,unknown,timeout,,two-sided,ILL,171,2,5001.249,104827759,92382219,2759,84943129,0,0,2048,9880.000,15.400,auto,30,,1073741824,9,0.1
lltp,ILL/ILLTP-SYJ-01,,,SYJ210+1.017.p,intuitionistic,auto,2,,5,0,none,unprovable,unknown,timeout,,two-sided,ILL,181,2,5000.201,106451026,94858162,695,87161480,0,0,2048,9880.000,12.522,auto,30,,1073741824,8,0.1
lltp,ILL/ILLTP-SYJ-01,,,SYJ210+1.018.p,intuitionistic,auto,2,,5,0,none,unprovable,unknown,timeout,,two-sided,ILL,191,2,5001.414,106153818,95177908,728,88743830,0,0,2048,9880.000,14.350,auto,30,,1073741824,8,0.1
lltp,ILL/ILLTP-SYJ-01,,,SYJ210+1.019.p,intuitionistic,auto,2,,5,0,none,unprovable,unknown,timeout,,two-sided,ILL,201,2,5001.569,104598696,94242693,761,89553543,0,0,2048,9880.000,13.851,auto,30,,1073741824,8,0.1
lltp,ILL/ILLTP-SYJ-01,,,SYJ210+1.020.p,intuitionistic,auto,2,,5,0,none,unprovable,unknown,timeout,,two-sided,ILL,211,2,5001.212,102200629,92455890,788,89718492,0,0,2048,9880.000,14.478,auto,30,,1073741824,8,0.1
lltp,ILL/ILLTP-SYJ-01,,,SYJ211+1.001.p,intuitionistic,auto,2,,5,0,none,unprovable,unknown,timeout,,two-sided,ILL,43,2,5001.531,62508682,45839683,6,50006940,0,0,2048,9880.000,17.877,auto,30,,1073741824,3461349,0.1
lltp,ILL/ILLTP-SYJ-01,,,SYJ211+1.002.p,intuitionistic,auto,2,,5,0,none,unprovable,unknown,timeout,,two-sided,ILL,61,2,5002.918,64905540,51383531,8,54087943,0,0,2048,9890.000,17.994,auto,30,,1073741824,2246500,0.1
lltp,ILL/ILLTP-SYJ-01,,,SYJ211+1.003.p,intuitionistic,auto,2,,5,0,none,unprovable,unknown,timeout,,two-sided,ILL,79,2,5001.420,61265027,50762428,10,52512871,0,0,2048,9880.000,19.261,auto,30,,1073741824,1443582,0.1
lltp,ILL/ILLTP-SYJ-01,,,SYJ211+1.004.p,intuitionistic,auto,2,,5,0,none,unprovable,unknown,timeout,,two-sided,ILL,97,2,5001.786,63563373,54293684,12,55617941,0,0,2048,9880.000,16.528,auto,30,,1073741824,1099677,0.1
lltp,ILL/ILLTP-SYJ-01,,,SYJ211+1.005.p,intuitionistic,auto,2,,5,0,none,unprovable,unknown,timeout,,two-sided,ILL,115,2,5000.603,63282181,55246314,14,56250815,0,0,2048,9880.000,16.016,auto,30,,1073741824,830422,0.1
lltp,ILL/ILLTP-SYJ-01,,,SYJ211+1.006.p,intuitionistic,auto,2,,5,0,none,unprovable,unknown,timeout,,two-sided,ILL,133,2,5003.561,63799299,56621842,16,57419354,0,0,2048,9880.000,15.916,auto,30,,1073741824,659228,0.1
lltp,ILL/ILLTP-SYJ-01,,,SYJ211+1.007.p,intuitionistic,auto,2,,5,0,none,unprovable,unknown,timeout,,two-sided,ILL,151,2,5001.570,64509735,57993561,18,58645197,0,0,2048,9880.000,18.380,auto,30,,1073741824,541179,0.1
lltp,ILL/ILLTP-SYJ-01,,,SYJ211+1.008.p,intuitionistic,auto,2,,5,0,none,unprovable,unknown,timeout,,two-sided,ILL,169,2,5001.531,63778550,57932132,20,58463652,0,0,2048,9880.000,17.226,auto,30,,1073741824,439485,0.1
lltp,ILL/ILLTP-SYJ-01,,,SYJ211+1.009.p,intuitionistic,auto,2,,5,0,none,unprovable,unknown,timeout,,two-sided,ILL,187,2,5000.323,62973096,57688588,22,58128991,0,0,2048,9880.000,18.001,auto,30,,1073741824,362482,0.1
lltp,ILL/ILLTP-SYJ-01,,,SYJ211+1.010.p,intuitionistic,auto,2,,5,0,none,unprovable,unknown,timeout,,two-sided,ILL,205,2,5000.973,62478216,57643534,24,58015464,0,0,2048,9880.000,16.304,auto,30,,1073741824,297951,0.1
lltp,ILL/ILLTP-SYJ-01,,,SYJ211+1.011.p,intuitionistic,auto,2,,5,0,none,unprovable,unknown,timeout,,two-sided,ILL,223,2,5001.115,61059119,56675313,26,56988487,0,0,2048,9880.000,15.151,auto,30,,1073741824,252043,0.1
lltp,ILL/ILLTP-SYJ-01,,,SYJ211+1.012.p,intuitionistic,auto,2,,5,0,none,unprovable,unknown,timeout,,two-sided,ILL,241,2,5002.188,63467477,59217335,28,59500733,0,0,2048,9880.000,16.396,auto,30,,1073741824,229930,0.1
lltp,ILL/ILLTP-SYJ-01,,,SYJ211+1.013.p,intuitionistic,auto,2,,5,0,none,unprovable,unknown,timeout,,two-sided,ILL,259,2,5001.968,58844337,55152080,30,55382877,0,0,2048,9880.000,16.317,auto,30,,1073741824,184646,0.1
lltp,ILL/ILLTP-SYJ-01,,,SYJ211+1.014.p,intuitionistic,auto,2,,5,0,none,unprovable,unknown,timeout,,two-sided,ILL,277,2,5000.675,60560236,56985430,32,57195748,0,0,2048,9880.000,18.490,auto,30,,1073741824,169946,0.1
lltp,ILL/ILLTP-SYJ-01,,,SYJ211+1.015.p,intuitionistic,auto,2,,5,0,none,unprovable,unknown,timeout,,two-sided,ILL,295,2,5000.902,60049947,56703420,34,56889391,0,0,2048,9870.000,20.890,auto,30,,1073741824,149803,0.1
lltp,ILL/ILLTP-SYJ-01,,,SYJ211+1.016.p,intuitionistic,auto,2,,5,0,none,unprovable,unknown,timeout,,two-sided,ILL,313,2,5002.518,60455851,57265035,36,57433024,0,0,2048,9880.000,18.723,auto,30,,1073741824,135063,0.1
lltp,ILL/ILLTP-SYJ-01,,,SYJ211+1.017.p,intuitionistic,auto,2,,5,0,none,unprovable,unknown,timeout,,two-sided,ILL,331,2,5001.015,61354471,58278962,38,58432793,0,0,2048,9880.000,17.422,auto,30,,1073741824,124748,0.1
lltp,ILL/ILLTP-SYJ-01,,,SYJ211+1.018.p,intuitionistic,auto,2,,5,0,none,unprovable,unknown,timeout,,two-sided,ILL,349,2,5002.154,59818810,56963729,40,57099735,0,0,2048,9880.000,18.643,auto,30,,1073741824,109000,0.1
lltp,ILL/ILLTP-SYJ-01,,,SYJ211+1.019.p,intuitionistic,auto,2,,5,0,none,unprovable,unknown,timeout,,two-sided,ILL,367,2,5001.658,61490969,58690035,42,58817408,0,0,2048,9880.000,18.273,auto,30,,1073741824,103037,0.1
lltp,ILL/ILLTP-SYJ-01,,,SYJ211+1.020.p,intuitionistic,auto,2,,5,0,none,unprovable,unknown,timeout,,two-sided,ILL,385,2,5001.134,61098758,58437130,44,58552934,0,0,2048,9880.000,18.302,auto,30,,1073741824,93383,0.1
lltp,ILL/ILLTP-SYJ-01,,,SYJ212+1.003.p,intuitionistic,auto,2,,5,0,none,unprovable,unknown,timeout,,two-sided,ILL,198,8,5001.734,89381352,40047686,8498,30796357,0,0,2048,9880.000,23.776,auto,30,,1073741824,1504,0.1
lltp,ILL/ILLTP-SYJ-01,,,SYJ212+1.004.p,intuitionistic,auto,2,,5,0,none,unprovable,unknown,timeout,,two-sided,ILL,430,16,5007.670,75165866,49004525,802477,23480058,0,0,2048,9890.000,18.979,auto,30,,1073741824,43,0.1
lltp,ILL/ILLTP-SYJ-01,,,SYJ212+1.005.p,intuitionistic,auto,2,,5,0,none,unprovable,unknown,timeout,,two-sided,ILL,894,32,5012.027,58300065,44271058,681944,14252185,0,0,2048,9890.000,19.177,auto,30,,1073741824,13,0.1
lltp,ILL/ILLTP-SYJ-01,,,SYJ212+1.006.p,intuitionistic,auto,2,,5,0,none,unprovable,unknown,timeout,,two-sided,ILL,1822,64,5008.527,44459948,35338512,440168,8859851,0,0,2048,9880.000,15.649,auto,30,,1073741824,11,0.1
lltp,ILL/ILLTP-SYJ-01,,,SYJ212+1.007.p,intuitionistic,auto,2,,5,0,none,unprovable,unknown,timeout,,two-sided,ILL,3678,128,5023.972,33762894,27729323,445178,5261867,0,0,2048,9900.000,22.366,auto,30,,1073741824,10,0.1
lltp,ILL/ILLTP-SYJ-01,,,SYJ212+1.008.p,intuitionistic,auto,2,,5,0,none,unprovable,unknown,timeout,,two-sided,ILL,7390,256,5035.680,21578947,17626548,248064,2908745,0,0,2048,9910.000,16.253,auto,30,,1073741824,9,0.1
lltp,ILL/ILLTP-SYJ-01,,,SYJ212+1.009.p,intuitionistic,auto,2,,5,0,none,unprovable,unknown,timeout,,two-sided,ILL,14814,512,5040.938,12086689,9000492,124960,1474067,0,0,2048,9910.000,38.452,auto,30,,1073741824,8,0.1
lltp,ILL/ILLTP-SYJ-01,,,SYJ212+1.010.p,intuitionistic,auto,2,,5,0,none,unprovable,unknown,timeout,,two-sided,ILL,29662,1024,5045.399,6003282,4113076,62592,669356,0,0,2048,9910.000,36.633,auto,30,,1073741824,7,0.1
lltp,ILL/ILLTP-SYJ-01,,,SYJ212+1.011.p,intuitionistic,auto,2,,5,0,none,unprovable,unknown,timeout,,two-sided,ILL,59358,2048,5040.139,2923290,1811168,31232,246575,0,0,2048,9900.000,49.365,auto,30,,1073741824,6,0.1
lltp,ILL/ILLTP-SYJ-01,,,SYJ212+1.012.p,intuitionistic,auto,2,,5,0,none,unprovable,unknown,timeout,,two-sided,ILL,118750,4096,5029.529,1406211,765473,15456,110440,0,0,2048,9900.000,21.905,auto,30,,1073741824,6,0.1
lltp,ILL/ILLTP-SYJ-01,,,SYJ212+1.013.p,intuitionistic,auto,2,,5,0,none,unprovable,unknown,timeout,,two-sided,ILL,237534,8192,5032.728,634002,281443,7536,42685,0,0,2048,9910.000,25.652,auto,30,,1073741824,5,0.1
lltp,ILL/ILLTP-SYJ-01,,,SYJ212+1.014.p,intuitionistic,auto,2,,5,0,none,unprovable,unknown,timeout,,two-sided,ILL,475102,16384,5020.037,304602,123737,3640,16818,0,0,2048,9880.000,26.098,auto,30,,1073741824,5,0.1
lltp,ILL/ILLTP-SYJ-01,,,SYJ212+1.015.p,intuitionistic,auto,2,,5,0,none,unprovable,unknown,timeout,,two-sided,ILL,950238,32768,5032.504,137048,46702,1652,7280,0,0,2048,9920.000,25.178,auto,30,,1073741824,4,0.1
lltp,ILL/ILLTP-SYJ-01,,,SYJ212+1.016.p,intuitionistic,auto,2,,5,0,none,unprovable,unknown,timeout,,two-sided,ILL,1900510,65536,5032.142,61922,16038,766,2623,0,0,2048,9900.000,36.677,auto,30,,1073741824,4,0.1
lltp,ILL/ILLTP-SYJ-cbn,,,SYJ101+1.p,intuitionistic,auto,2,,5,0,none,provable,proved,,ok,two-sided,IMELL,3,1,0.146,2,0,1,0,0,0,2048,0.000,0.001,auto,30,0.005,1073741824,1,0.1
lltp,ILL/ILLTP-SYJ-cbn,,,SYJ103+1.p,intuitionistic,auto,2,,5,0,none,provable,unknown,timeout,,two-sided,ILL,23,2,5001.964,77718552,42060644,38,26765484,0,0,2048,9870.000,19.522,auto,30,,1073741824,666110,0.1
lltp,ILL/ILLTP-SYJ-cbn,,,SYJ105+1.003.p,intuitionistic,auto,2,,5,0,none,provable,unknown,timeout,,two-sided,ILL,23,2,5002.004,84877177,41069584,22,40156916,0,0,2048,9880.000,15.964,auto,30,,1073741824,582763,0.1
lltp,ILL/ILLTP-SYJ-cbn,,,SYJ105+1.004.p,intuitionistic,auto,2,,5,0,none,provable,unknown,timeout,,two-sided,ILL,32,2,5001.062,88127088,35848753,62,43661222,0,0,2048,9870.000,19.991,auto,30,,1073741824,65171,0.1
lltp,ILL/ILLTP-SYJ-cbn,,,SYJ201+1.004.p,intuitionistic,auto,2,,5,0,none,provable,proved,,ok,two-sided,ILL,278,11,255.734,2676988,2180484,283079,529295,0,0,2048,400.000,4.107,auto,30,0.027,1073741824,6,0.1
lltp,ILL/ILLTP-SYJ-cbn,,,SYJ201+1.005.p,intuitionistic,auto,2,,5,0,none,provable,proved,,ok,two-sided,ILL,384,13,530.225,5509248,4441832,615457,1459058,0,0,2048,940.000,6.149,auto,30,0.061,1073741824,6,0.1
lltp,ILL/ILLTP-SYJ-cbn,,,SYJ201+1.006.p,intuitionistic,auto,2,,5,0,none,provable,proved,,ok,two-sided,ILL,506,15,1412.257,14434278,10901697,1048576,3966445,0,0,2048,2700.000,15.419,auto,30,0.068,1073741824,6,0.1
lltp,ILL/ILLTP-SYJ-cbn,,,SYJ201+1.007.p,intuitionistic,auto,2,,5,0,none,provable,proved,,ok,two-sided,ILL,644,17,4466.547,44275632,33671843,1048576,13242454,0,0,2048,8800.000,21.291,auto,30,0.083,1073741824,6,0.1
lltp,ILL/ILLTP-SYJ-cbn,,,SYJ201+1.008.p,intuitionistic,auto,2,,5,0,none,provable,unknown,timeout,,two-sided,ILL,798,19,5015.713,46863915,35955059,1048576,11879512,0,0,2048,9890.000,22.047,auto,30,,1073741824,6,0.1
lltp,ILL/ILLTP-SYJ-cbn,,,SYJ201+1.009.p,intuitionistic,auto,2,,5,0,none,provable,unknown,timeout,,two-sided,ILL,968,21,5019.907,40955617,31582660,1048576,14062710,0,0,2048,9910.000,20.156,auto,30,,1073741824,6,0.1
lltp,ILL/ILLTP-SYJ-cbn,,,SYJ201+1.010.p,intuitionistic,auto,2,,5,0,none,provable,unknown,timeout,,two-sided,ILL,1154,23,5029.146,37000296,30379436,1048576,14186495,0,0,2048,9910.000,22.792,auto,30,,1073741824,6,0.1
lltp,ILL/ILLTP-SYJ-cbn,,,SYJ201+1.011.p,intuitionistic,auto,2,,5,0,none,provable,unknown,timeout,,two-sided,ILL,1356,25,5027.608,29973802,21711904,1048576,12819032,0,0,2048,9900.000,21.938,auto,30,,1073741824,6,0.1
lltp,ILL/ILLTP-SYJ-cbn,,,SYJ201+1.012.p,intuitionistic,auto,2,,5,0,none,provable,unknown,timeout,,two-sided,ILL,1574,27,5028.111,24489517,16505145,1048576,15996330,0,0,2048,9900.000,19.585,auto,30,,1073741824,6,0.1
lltp,ILL/ILLTP-SYJ-cbn,,,SYJ201+1.013.p,intuitionistic,auto,2,,5,0,none,provable,unknown,timeout,,two-sided,ILL,1808,29,5035.266,22763740,15082117,944128,15614566,0,0,2048,9920.000,20.195,auto,30,,1073741824,5,0.1
lltp,ILL/ILLTP-SYJ-cbn,,,SYJ201+1.014.p,intuitionistic,auto,2,,5,0,none,provable,unknown,timeout,,two-sided,ILL,2058,31,5044.482,22396560,14760024,834560,15660416,0,0,2048,9920.000,21.836,auto,30,,1073741824,5,0.1
lltp,ILL/ILLTP-SYJ-cbn,,,SYJ201+1.015.p,intuitionistic,auto,2,,5,0,none,provable,unknown,timeout,,two-sided,ILL,2324,33,5035.289,20772978,13451099,748352,15139509,0,0,2048,9920.000,23.606,auto,30,,1073741824,5,0.1
lltp,ILL/ILLTP-SYJ-cbn,,,SYJ201+1.016.p,intuitionistic,auto,2,,5,0,none,provable,unknown,timeout,,two-sided,ILL,2606,35,5038.126,19426285,12276600,677888,15072922,0,0,2048,9910.000,18.396,auto,30,,1073741824,5,0.1
lltp,ILL/ILLTP-SYJ-cbn,,,SYJ201+1.017.p,intuitionistic,auto,2,,5,0,none,provable,unknown,timeout,,two-sided,ILL,2904,37,5039.971,18581052,11652279,606720,14676426,0,0,2048,9920.000,28.416,auto,30,,1073741824,5,0.1
lltp,ILL/ILLTP-SYJ-cbn,,,SYJ201+1.018.p,intuitionistic,auto,2,,5,0,none,provable,unknown,timeout,,two-sided,ILL,3218,39,5037.851,17654208,11133419,548928,13980503,0,0,2048,9920.000,15.475,auto,30,,1073741824,5,0.1
lltp,ILL/ILLTP-SYJ-cbn,,,SYJ201+1.019.p,intuitionistic,auto,2,,5,0,none,provable,unknown,timeout,,two-sided,ILL,3548,41,5033.852,16674546,10065424,505856,13439961,0,0,2048,9910.000,20.016,auto,30,,1073741824,5,0.1
lltp,ILL/ILLTP-SYJ-cbn,,,SYJ201+1.020.p,intuitionistic,auto,2,,5,0,none,provable,unknown,timeout,,two-sided,ILL,3894,43,5019.318,15202650,8632469,465344,12857918,0,0,2048,9900.000,17.041,auto,30,,1073741824,5,0.1
lltp,ILL/ILLTP-SYJ-cbn,,,SYJ202+1.004.p,intuitionistic,auto,2,,5,0,none,provable,unknown,timeout,,two-sided,ILL,307,4,5011.025,51698720,29049737,1048576,0,0,0,2048,9890.000,19.837,auto,30,,1073741824,10,0.1
lltp,ILL/ILLTP-SYJ-cbn,,,SYJ202+1.005.p,intuitionistic,auto,2,,5,0,none,provable,unknown,timeout,,two-sided,ILL,555,5,5011.485,43072505,24420298,1048576,0,0,0,2048,9890.000,19.270,auto,30,,1073741824,7,0.1
lltp,ILL/ILLTP-SYJ-cbn,,,SYJ202+1.006.p,intuitionistic,auto,2,,5,0,none,provable,unknown,timeout,,two-sided,ILL,907,6,5016.501,35259744,20405886,1048576,0,0,0,2048,9890.000,22.750,auto,30,,1073741824,6,0.1
lltp,ILL/ILLTP-SYJ-cbn,,,SYJ202+1.007.p,intuitionistic,auto,2,,5,0,none,provable,unknown,timeout,,two-sided,ILL,1381,7,5041.453,29007687,16872689,1048576,0,0,0,2048,9910.000,24.165,auto,30,,1073741824,5,0.1
lltp,ILL/ILLTP-SYJ-cbn,,,SYJ202+1.008.p,intuitionistic,auto,2,,5,0,none,provable,unknown,timeout,,two-sided,ILL,1995,8,5031.160,26033934,15171474,859136,0,0,0,2048,9910.000,17.450,auto,30,,1073741824,4,0.1
lltp,ILL/ILLTP-SYJ-cbn,,,SYJ202+1.009.p,intuitionistic,auto,2,,5,0,none,provable,unknown,timeout,,two-sided,ILL,2767,9,5033.700,22737689,13090456,631808,0,0,0,2048,9920.000,17.547,auto,30,,1073741824,4,0.1
lltp,ILL/ILLTP-SYJ-cbn,,,SYJ202+1.010.p,intuitionistic,auto,2,,5,0,none,,unknown,recursion_limit,,two-sided,ILL,3715,10,2.347,1023,0,511,0,0,0,2048,0.000,0.002,auto,30,,1073741824,0,0.1
lltp,ILL/ILLTP-SYJ-cbn,,,SYJ202+1.011.p,intuitionistic,auto,2,,5,0,none,,unknown,recursion_limit,,two-sided,ILL,4857,22,2.525,1023,0,511,0,0,0,2048,0.000,0.000,auto,30,,1073741824,0,0.1
lltp,ILL/ILLTP-SYJ-cbn,,,SYJ202+1.012.p,intuitionistic,auto,2,,5,0,none,,unknown,recursion_limit,,two-sided,ILL,6211,24,2.575,1023,0,511,0,0,0,2048,0.000,0.000,auto,30,,1073741824,0,0.1
lltp,ILL/ILLTP-SYJ-cbn,,,SYJ202+1.013.p,intuitionistic,auto,2,,5,0,none,,unknown,recursion_limit,,two-sided,ILL,7795,26,3.077,1023,0,511,0,0,0,2048,0.000,0.000,auto,30,,1073741824,0,0.1
lltp,ILL/ILLTP-SYJ-cbn,,,SYJ202+1.014.p,intuitionistic,auto,2,,5,0,none,,unknown,recursion_limit,,two-sided,ILL,9627,28,3.678,1023,0,511,0,0,0,2048,0.000,0.000,auto,30,,1073741824,0,0.1
lltp,ILL/ILLTP-SYJ-cbn,,,SYJ202+1.015.p,intuitionistic,auto,2,,5,0,none,,unknown,recursion_limit,,two-sided,ILL,11725,30,4.464,1023,0,511,0,0,0,2048,0.000,0.000,auto,30,,1073741824,0,0.1
lltp,ILL/ILLTP-SYJ-cbn,,,SYJ202+1.016.p,intuitionistic,auto,2,,5,0,none,,unknown,recursion_limit,,two-sided,ILL,14107,32,5.325,1023,0,511,0,0,0,2048,0.000,1.429,auto,30,,1073741824,0,0.1
lltp,ILL/ILLTP-SYJ-cbn,,,SYJ202+1.017.p,intuitionistic,auto,2,,5,0,none,,unknown,recursion_limit,,two-sided,ILL,16791,34,6.232,1023,0,511,0,0,0,2048,0.000,0.784,auto,30,,1073741824,0,0.1
lltp,ILL/ILLTP-SYJ-cbn,,,SYJ202+1.018.p,intuitionistic,auto,2,,5,0,none,,unknown,recursion_limit,,two-sided,ILL,19795,36,7.507,1023,0,511,0,0,0,2048,0.000,2.091,auto,30,,1073741824,0,0.1
lltp,ILL/ILLTP-SYJ-cbn,,,SYJ202+1.019.p,intuitionistic,auto,2,,5,0,none,,unknown,recursion_limit,,two-sided,ILL,23137,38,8.579,1023,0,511,0,0,0,2048,0.000,0.689,auto,30,,1073741824,0,0.1
lltp,ILL/ILLTP-SYJ-cbn,,,SYJ202+1.020.p,intuitionistic,auto,2,,5,0,none,,unknown,recursion_limit,,two-sided,ILL,26835,40,9.873,1023,0,511,0,0,0,2048,0.000,1.654,auto,30,,1073741824,0,0.1
lltp,ILL/ILLTP-SYJ-cbn,,,SYJ203+1.008.p,intuitionistic,auto,2,,5,0,none,provable,proved,,ok,two-sided,ILL,76,9,575.670,9992256,6816640,58253,2395500,0,0,2048,1040.000,10.607,auto,30,0.020,1073741824,10,0.1
lltp,ILL/ILLTP-SYJ-cbn,,,SYJ203+1.009.p,intuitionistic,auto,2,,5,0,none,provable,proved,,ok,two-sided,ILL,85,10,4059.366,76682738,53502273,192795,17885033,0,0,2048,7990.000,11.785,auto,30,0.026,1073741824,11,0.1
lltp,ILL/ILLTP-SYJ-cbn,,,SYJ203+1.010.p,intuitionistic,auto,2,,5,0,none,provable,unknown,timeout,,two-sided,ILL,94,11,5004.195,92561456,66907566,428093,19979897,0,0,2048,9870.000,15.670,auto,30,,1073741824,10,0.1
lltp,ILL/ILLTP-SYJ-cbn,,,SYJ203+1.011.p,intuitionistic,auto,2,,5,0,none,provable,unknown,timeout,,two-sided,ILL,103,12,5005.236,87536447,63114513,752252,18600605,0,0,2048,9870.000,15.820,auto,30,,1073741824,10,0.1
lltp,ILL/ILLTP-SYJ-cbn,,,SYJ203+1.012.p,intuitionistic,auto,2,,5,0,none,provable,unknown,timeout,,two-sided,ILL,112,13,5004.403,82894383,58943680,1048576,15924060,0,0,2048,9880.000,12.925,auto,30,,1073741824,9,0.1
lltp,ILL/ILLTP-SYJ-cbn,,,SYJ203+1.013.p,intuitionistic,auto,2,,5,0,none,provable,unknown,timeout,,two-sided,ILL,121,14,5004.477,75219319,47562415,1048576,13249316,0,0,2048,9870.000,12.699,auto,30,,1073741824,8,0.1
lltp,ILL/ILLTP-SYJ-cbn,,,SYJ203+1.014.p,intuitionistic,auto,2,,5,0,none,provable,unknown,timeout,,two-sided,ILL,130,15,5006.044,68315582,41041418,1048576,10831564,0,0,2048,9880.000,14.014,auto,30,,1073741824,8,0.1
lltp,ILL/ILLTP-SYJ-cbn,,,SYJ203+1.015.p,intuitionistic,auto,2,,5,0,none,provable,unknown,timeout,,two-sided,ILL,139,16,5006.325,61327350,33881540,1048576,9269735,0,0,2048,9880.000,13.603,auto,30,,1073741824,7,0.1
lltp,ILL/ILLTP-SYJ-cbn,,,SYJ203+1.016.p,intuitionistic,auto,2,,5,0,none,provable,unknown,timeout,,two-sided,ILL,148,17,5006.532,59973696,31598907,1048576,8147121,0,0,2048,9880.000,13.274,auto,30,,1073741824,7,0.1
lltp,ILL/ILLTP-SYJ-cbn,,,SYJ203+1.017.p,intuitionistic,auto,2,,5,0,none,provable,unknown,timeout,,two-sided,ILL,157,18,5005.466,58037956,29596797,1048576,7336873,0,0,2048,9880.000,14.110,auto,30,,1073741824,7,0.1
lltp,ILL/ILLTP-SYJ-cbn,,,SYJ203+1.018.p,intuitionistic,auto,2,,5,0,none,provable,unknown,timeout,,two-sided,ILL,166,19,5006.644,55993679,27777371,1048576,6872946,0,0,2048,9880.000,15.782,auto,30,,1073741824,7,0.1
lltp,ILL/ILLTP-SYJ-cbn,,,SYJ203+1.019.p,intuitionistic,auto,2,,5,0,none,provable,unknown,timeout,,two-sided,ILL,175,20,5004.035,53351009,23909802,1048576,5773708,0,0,2048,9870.000,16.143,auto,30,,1073741824,7,0.1
lltp,ILL/ILLTP-SYJ-cbn,,,SYJ203+1.020.p,intuitionistic,auto,2,,5,0,none,provable,unknown,timeout,,two-sided,ILL,184,21,5006.257,51808711,21943317,1048576,5298538,0,0,2048,9880.000,12.724,auto,30,,1073741824,6,0.1
lltp,ILL/ILLTP-SYJ-cbn,,,SYJ205+1.006.p,intuitionistic,auto,2,,5,0,none,provable,proved,,ok,two-sided,ILL,127,2,352.912,5988414,5334528,44507,3911302,0,0,2048,590.000,4.011,auto,30,0.018,1073741824,9,0.1
lltp,ILL/ILLTP-SYJ-cbn,,,SYJ205+1.007.p,intuitionistic,auto,2,,5,0,none,provable,proved,,ok,two-sided,ILL,143,2,2331.815,43986011,39989442,142014,28633211,0,0,2048,4540.000,9.932,auto,30,0.016,1073741824,10,0.1
lltp,ILL/ILLTP-SYJ-cbn,,,SYJ205+1.008.p,intuitionistic,auto,2,,5,0,none,provable,unknown,timeout,,two-sided,ILL,159,2,5002.916,96766815,88900581,326521,64370504,0,0,2048,9870.000,14.701,auto,30,,1073741824,11,0.1
lltp,ILL/ILLTP-SYJ-cbn,,,SYJ205+1.009.p,intuitionistic,auto,2,,5,0,none,provable,unknown,timeout,,two-sided,ILL,175,2,5005.292,97820115,90068122,462890,68324401,0,0,2048,9870.000,15.858,auto,30,,1073741824,10,0.1
lltp,ILL/ILLTP-SYJ-cbn,,,SYJ205+1.010.p,intuitionistic,auto,2,,5,0,none,provable,unknown,timeout,,two-sided,ILL,191,2,5004.955,94840322,87194173,730930,68495169,0,0,2048,9870.000,16.871,auto,30,,1073741824,10,0.1
lltp,ILL/ILLTP-SYJ-cbn,,,SYJ205+1.011.p,intuitionistic,auto,2,,5,0,none,provable,unknown,timeout,,two-sided,ILL,207,2,5009.496,92112654,84364358,1110889,68180010,0,0,2048,9880.000,25.112,auto,30,,1073741824,9,0.1
lltp,ILL/ILLTP-SYJ-cbn,,,SYJ205+1.012.p,intuitionistic,auto,2,,5,0,none,provable,unknown,timeout,,two-sided,ILL,223,2,5013.377,89231316,81238338,1430973,67755993,0,0,2048,9880.000,17.836,auto,30,,1073741824,9,0.1
lltp,ILL/ILLTP-SYJ-cbn,,,SYJ205+1.013.p,intuitionistic,auto,2,,5,0,none,provable,unknown,timeout,,two-sided,ILL,239,2,5012.140,84625541,76516962,2070046,65447798,0,0,2048,9880.000,35.785,auto,30,,1073741824,9,0.1
lltp,ILL/ILLTP-SYJ-cbn,,,SYJ205+1.014.p,intuitionistic,auto,2,,5,0,none,provable,unknown,timeout,,two-sided,ILL,255,2,5011.322,79961946,70920423,2096794,63466146,0,0,2048,9860.000,19.492,auto,30,,1073741824,8,0.1
lltp,ILL/ILLTP-SYJ-cbn,,,SYJ205+1.015.p,intuitionistic,auto,2,,5,0,none,provable,unknown,timeout,,two-sided,ILL,271,2,5016.742,71039654,61978384,2096521,57804689,0,0,2048,9890.000,16.179,auto,30,,1073741824,8,0.1
lltp,ILL/ILLTP-SYJ-cbn,,,SYJ205+1.016.p,intuitionistic,auto,2,,5,0,none,provable,unknown,timeout,,two-sided,ILL,287,2,5020.354,67057752,57675280,2097152,55009080,0,0,2048,9890.000,18.405,auto,30,,1073741824,7,0.1
lltp,ILL/ILLTP-SYJ-cbn,,,SYJ205+1.017.p,intuitionistic,auto,2,,5,0,none,provable,unknown,timeout,,two-sided,ILL,303,2,5018.818,66134610,56492575,2097152,54357486,0,0,2048,9890.000,18.234,auto,30,,1073741824,7,0.1
lltp,ILL/ILLTP-SYJ-cbn,,,SYJ205+1.018.p,intuitionistic,auto,2,,5,0,none,provable,unknown,timeout,,two-sided,ILL,319,2,5016.991,63379272,53228505,2097152,52764475,0,0,2048,9890.000,14.362,auto,30,,1073741824,7,0.1
lltp,ILL/ILLTP-SYJ-cbn,,,SYJ205+1.019.p,intuitionistic,auto,2,,5,0,none,provable,unknown,timeout,,two-sided,ILL,335,2,5018.246,61484818,51778620,2097152,51445103,0,0,2048,9890.000,5.918,auto,30,,1073741824,7,0.1
lltp,ILL/ILLTP-SYJ-cbn,,,SYJ205+1.020.p,intuitionistic,auto,2,,5,0,none,provable,unknown,timeout,,two-sided,ILL,351,2,5019.134,54492292,43879663,2097152,46648166,0,0,2048,9890.000,16.614,auto,30,,1073741824,6,0.1
lltp,ILL/ILLTP-SYJ-cbn,,,SYJ206+1.007.p,intuitionistic,auto,2,,5,0,none,provable,proved,,ok,two-sided,ILL,2025,128,802.762,6203589,5151386,368942,3189963,0,0,2048,1470.000,14.625,auto,30,0.124,1073741824,7,0.1
lltp,ILL/ILLTP-SYJ-cbn,,,SYJ206+1.008.p,intuitionistic,auto,2,,5,0,none,provable,unknown,timeout,,two-sided,ILL,4073,256,5045.517,29742648,24703540,440832,16079724,0,0,2048,9910.000,19.530,auto,30,,1073741824,8,0.1
lltp,ILL/ILLTP-SYJ-cbn,,,SYJ206+1.009.p,intuitionistic,auto,2,,5,0,none,provable,unknown,timeout,,two-sided,ILL,8169,512,5042.062,18775604,14964984,224512,9866224,0,0,2048,9920.000,27.790,auto,30,,1073741824,8,0.1
lltp,ILL/ILLTP-SYJ-cbn,,,SYJ206+1.010.p,intuitionistic,auto,2,,5,0,none,provable,unknown,timeout,,two-sided,ILL,16361,1024,5047.113,12534263,10795058,113024,4886403,0,0,2048,9910.000,43.029,auto,30,,1073741824,7,0.1
lltp,ILL/ILLTP-SYJ-cbn,,,SYJ206+1.011.p,intuitionistic,auto,2,,5,0,none,provable,unknown,timeout,,two-sided,ILL,32745,2048,5047.014,6248200,5146581,56712,2613472,0,0,2048,9900.000,39.921,auto,30,,1073741824,6,0.1
lltp,ILL/ILLTP-SYJ-cbn,,,SYJ206+1.012.p,intuitionistic,auto,2,,5,0,none,provable,unknown,timeout,,two-sided,ILL,65513,4096,5024.867,3165805,2626189,28354,1163819,0,0,2048,9900.000,15.716,auto,30,,1073741824,6,0.1
lltp,ILL/ILLTP-SYJ-cbn,,,SYJ206+1.013.p,intuitionistic,auto,2,,5,0,none,provable,unknown,timeout,,two-sided,ILL,131049,8192,5035.692,1593359,1310544,14084,427255,0,0,2048,9910.000,8.910,auto,30,,1073741824,5,0.1
lltp,ILL/ILLTP-SYJ-cbn,,,SYJ206+1.014.p,intuitionistic,auto,2,,5,0,none,provable,unknown,timeout,,two-sided,ILL,262121,16384,5032.685,714282,548776,6929,229395,0,0,2048,9900.000,19.741,auto,30,,1073741824,5,0.1
lltp,ILL/ILLTP-SYJ-cbn,,,SYJ206+1.015.p,intuitionistic,auto,2,,5,0,none,provable,unknown,timeout,,two-sided,ILL,524265,32768,5033.503,316203,202557,3354,88013,0,0,2048,9910.000,24.353,auto,30,,1073741824,4,0.1
lltp,ILL/ILLTP-SYJ-cbn,,,SYJ206+1.016.p,intuitionistic,auto,2,,5,0,none,provable,unknown,timeout,,two-sided,ILL,1048553,65536,5018.236,139151,64835,1568,36241,0,0,2048,9890.000,20.100,auto,30,,1073741824,4,0.1
lltp,ILL/ILLTP-SYJ-cbn,,,SYJ206+1.017.p,intuitionistic,auto,2,,5,0,none,provable,unknown,timeout,,two-sided,ILL,2097129,131072,5027.586,54536,7191,685,15849,0,0,2048,9870.000,24.118,auto,30,,1073741824,4,0.1
lltp,ILL/ILLTP-SYJ-cbn,,,SYJ206+1.018.p,intuitionistic,auto,2,,5,0,none,provable,unknown,timeout,,two-sided,ILL,4194281,262144,5013.054,21912,926,250,6631,0,0,2048,9860.000,10.275,auto,30,,1073741824,3,0.1
lltp,ILL/ILLTP-SYJ-cbn,,,SYJ206+1.019.p,intuitionistic,auto,2,,5,0,none,provable,unknown,timeout,,two-sided,ILL,8388585,524288,5042.825,7463,17,49,1806,0,0,2048,9890.000,55.279,auto,30,,1073741824,3,0.1
lltp,ILL/ILLTP-SYJ-cbn,,,SYJ206+1.020.p,intuitionistic,auto,2,,5,0,none,provable,unknown,memory_limit,,two-sided,ILL,16777193,1048576,838.224,4,0,0,0,0,0,2048,1510.000,12.322,auto,30,,1073741824,0,0.1
lltp,ILL/ILLTP-SYJ-cbn,,,SYJ207+1.002.p,intuitionistic,auto,2,,5,0,none,unprovable,unknown,recursion_limit,,two-sided,ILL,94,6,5000.297,53395378,40447150,14955,31050364,0,0,2048,5640.000,10.955,auto,30,,1073741824,5979,0.1
lltp,ILL/ILLTP-SYJ-cbn,,,SYJ207+1.003.p,intuitionistic,auto,2,,5,0,none,unprovable,unknown,timeout,,two-sided,ILL,160,8,5001.773,90750875,75423724,25804,54568119,0,0,2048,9870.000,13.344,auto,30,,1073741824,129,0.1
lltp,ILL/ILLTP-SYJ-cbn,,,SYJ207+1.004.p,intuitionistic,auto,2,,5,0,none,unprovable,unknown,timeout,,two-sided,ILL,242,10,5003.088,88492152,80559889,137739,52611228,0,0,2048,9870.000,12.290,auto,30,,1073741824,15,0.1
lltp,ILL/ILLTP-SYJ-cbn,,,SYJ207+1.005.p,intuitionistic,auto,2,,5,0,none,unprovable,unknown,timeout,,two-sided,ILL,340,12,5010.102,54378570,45042670,1048576,10808524,0,0,2048,9880.000,21.885,auto,30,,1073741824,9,0.1
lltp,ILL/ILLTP-SYJ-cbn,,,SYJ207+1.006.p,intuitionistic,auto,2,,5,0,none,unprovable,unknown,timeout,,two-sided,ILL,454,14,5009.227,50045354,39248538,1048576,10081459,0,0,2048,9880.000,22.419,auto,30,,1073741824,6,0.1
lltp,ILL/ILLTP-SYJ-cbn,,,SYJ207+1.007.p,intuitionistic,auto,2,,5,0,none,unprovable,unknown,timeout,,two-sided,ILL,584,16,5012.135,45572235,31773764,1048576,10002263,0,0,2048,9890.000,23.909,auto,30,,1073741824,6,0.1
lltp,ILL/ILLTP-SYJ-cbn,,,SYJ207+1.008.p,intuitionistic,auto,2,,5,0,none,,unknown,timeout,,two-sided,ILL,730,18,5016.908,43870160,31075101,1048576,11177985,0,0,2048,9900.000,21.422,auto,30,,1073741824,6,0.1
lltp,ILL/ILLTP-SYJ-cbn,,,SYJ207+1.009.p,intuitionistic,auto,2,,5,0,none,,unknown,timeout,,two-sided,ILL,892,20,5021.615,40067567,28414590,1048576,12274661,0,0,2048,9900.000,28.560,auto,30,,1073741824,6,0.1
lltp,ILL/ILLTP-SYJ-cbn,,,SYJ207+1.010.p,intuitionistic,auto,2,,5,0,none,,unknown,timeout,,two-sided,ILL,1070,22,5027.943,33951712,25479150,1048576,14628110,0,0,2048,9900.000,30.464,auto,30,,1073741824,6,0.1
lltp,ILL/ILLTP-SYJ-cbn,,,SYJ207+1.011.p,intuitionistic,auto,2,,5,0,none,,unknown,timeout,,two-sided,ILL,1264,24,5031.281,27409725,17962408,1048576,17026192,0,0,2048,9910.000,22.060,auto,30,,1073741824,5,0.1
lltp,ILL/ILLTP-SYJ-cbn,,,SYJ207+1.012.p,intuitionistic,auto,2,,5,0,none,,unknown,timeout,,two-sided,ILL,1474,26,5031.115,24131471,15465867,1048576,16223126,0,0,2048,9910.000,28.346,auto,30,,1073741824,5,0.1
lltp,ILL/ILLTP-SYJ-cbn,,,SYJ207+1.013.p,intuitionistic,auto,2,,5,0,none,,unknown,timeout,,two-sided,ILL,1700,28,5036.203,22024964,13844432,1010176,15233730,0,0,2048,9920.000,19.102,auto,30,,1073741824,5,0.1
lltp,ILL/ILLTP-SYJ-cbn,,,SYJ207+1.014.p,intuitionistic,auto,2,,5,0,none,,unknown,timeout,,two-sided,ILL,1942,30,5040.758,20316099,12352119,885952,15219189,0,0,2048,9920.000,21.246,auto,30,,1073741824,5,0.1
lltp,ILL/ILLTP-SYJ-cbn,,,SYJ207+1.015.p,intuitionistic,auto,2,,5,0,none,,unknown,timeout,,two-sided,ILL,2200,32,5037.419,19220109,11520998,789312,15018239,0,0,2048,9930.000,21.483,auto,30,,1073741824,5,0.1
lltp,ILL/ILLTP-SYJ-cbn,,,SYJ207+1.016.p,intuitionistic,auto,2,,5,0,none,,unknown,timeout,,two-sided,ILL,2474,34,5043.679,18479773,11054520,711360,14661630,0,0,2048,9920.000,23.780,auto,30,,1073741824,5,0.1
lltp,ILL/ILLTP-SYJ-cbn,,,SYJ207+1.017.p,intuitionistic,auto,2,,5,0,none,,unknown,timeout,,two-sided,ILL,2764,36,5044.048,17649654,10265617,633344,14248941,0,0,2048,9920.000,21.050,auto,30,,1073741824,5,0.1
lltp,ILL/ILLTP-SYJ-cbn,,,SYJ207+1.018.p,intuitionistic,auto,2,,5,0,none,,unknown,timeout,,two-sided,ILL,3070,38,5028.234,17204396,10317751,582208,14171023,0,0,2048,9910.000,25.844,auto,30,,1073741824,5,0.1
lltp,ILL/ILLTP-SYJ-cbn,,,SYJ207+1.019.p,intuitionistic,auto,2,,5,0,none,,unknown,timeout,,two-sided,ILL,3392,40,5034.380,15644711,9116865,530112,13335380,0,0,2048,9920.000,23.262,auto,30,,1073741824,5,0.1
lltp,ILL/ILLTP-SYJ-cbn,,,SYJ207+1.020.p,intuitionistic,auto,2,,5,0,none,,unknown,timeout,,two-sided,ILL,3730,42,5033.732,14559687,7735408,480768,13377913,0,0,2048,9910.000,20.142,auto,30,,1073741824,4,0.1
lltp,ILL/ILLTP-SYJ-cbn,,,SYJ208+1.001.p,intuitionistic,auto,2,,5,0,none,unprovable,unknown,timeout,,two-sided,ILL,21,1,5001.810,74345662,47454501,15,53782245,0,0,2048,9870.000,21.458,auto,30,,1073741824,1072101,0.1
lltp,ILL/ILLTP-SYJ-cbn,,,SYJ208+1.002.p,intuitionistic,auto,2,,5,0,none,unprovable,unknown,timeout,,two-sided,ILL,69,2,5004.272,69566283,57732376,948,19671332,0,0,2048,9880.000,19.980,auto,30,,1073741824,35541,0.1
lltp,ILL/ILLTP-SYJ-cbn,,,SYJ208+1.003.p,intuitionistic,auto,2,,5,0,none,unprovable,unknown,timeout,,two-sided,ILL,169,3,5003.511,68513487,61486611,86437,10589389,0,0,2048,9870.000,17.469,auto,30,,1073741824,252,0.1
lltp,ILL/ILLTP-SYJ-cbn,,,SYJ208+1.004.p,intuitionistic,auto,2,,5,0,none,unprovable,unknown,timeout,,two-sided,ILL,337,4,5008.607,49954766,28319892,1048576,25168,0,0,2048,9880.000,23.242,auto,30,,1073741824,10,0.1
lltp,ILL/ILLTP-SYJ-cbn,,,SYJ208+1.005.p,intuitionistic,auto,2,,5,0,none,unprovable,unknown,timeout,,two-sided,ILL,591,5,5011.914,41758199,23774413,1048576,0,0,0,2048,9880.000,27.246,auto,30,,1073741824,7,0.1
lltp,ILL/ILLTP-SYJ-cbn,,,SYJ208+1.006.p,intuitionistic,auto,2,,5,0,none,unprovable,unknown,timeout,,two-sided,ILL,949,6,5019.222,34945109,20280034,1048576,0,0,0,2048,9900.000,19.995,auto,30,,1073741824,6,0.1
lltp,ILL/ILLTP-SYJ-cbn,,,SYJ208+1.007.p,intuitionistic,auto,2,,5,0,none,unprovable,unknown,timeout,,two-sided,ILL,1429,7,5031.119,28094694,16375105,1048576,0,0,0,2048,9910.000,15.994,auto,30,,1073741824,5,0.1
lltp,ILL/ILLTP-SYJ-cbn,,,SYJ208+1.008.p,intuitionistic,auto,2,,5,0,none,unprovable,unknown,timeout,,two-sided,ILL,2049,8,5039.551,24341281,14270808,833536,0,0,0,2048,9920.000,16.181,auto,30,,1073741824,4,0.1
lltp,ILL/ILLTP-SYJ-cbn,,,SYJ208+1.009.p,intuitionistic,auto,2,,5,0,none,unprovable,unknown,timeout,,two-sided,ILL,2827,9,5037.196,21413878,12215031,618112,0,0,0,2048,9920.000,17.754,auto,30,,1073741824,4,0.1
lltp,ILL/ILLTP-SYJ-cbn,,,SYJ208+1.010.p,intuitionistic,auto,2,,5,0,none,unprovable,unknown,recursion_limit,,two-sided,ILL,3781,10,2.218,1023,0,511,0,0,0,2048,0.000,0.000,auto,30,,1073741824,0,0.1
lltp,ILL/ILLTP-SYJ-cbn,,,SYJ208+1.011.p,intuitionistic,auto,2,,5,0,none,unprovable,unknown,recursion_limit,,two-sided,ILL,4929,22,2.559,1023,0,511,0,0,0,2048,0.000,0.000,auto,30,,1073741824,0,0.1
lltp,ILL/ILLTP-SYJ-cbn,,,SYJ208+1.012.p,intuitionistic,auto,2,,5,0,none,unprovable,unknown,recursion_limit,,two-sided,ILL,6289,24,2.624,1023,0,511,0,0,0,2048,0.000,0.000,auto,30,,1073741824,0,0.1
lltp,ILL/ILLTP-SYJ-cbn,,,SYJ208+1.013.p,intuitionistic,auto,2,,5,0,none,unprovable,unknown,recursion_limit,,two-sided,ILL,7879,26,3.334,1023,0,511,0,0,0,2048,0.000,0.000,auto,30,,1073741824,0,0.1
lltp,ILL/ILLTP-SYJ-cbn,,,SYJ208+1.014.p,intuitionistic,auto,2,,5,0,none,unprovable,unknown,recursion_limit,,two-sided,ILL,9717,28,3.801,1023,0,511,0,0,0,2048,0.000,0.000,auto,30,,1073741824,0,0.1
lltp,ILL/ILLTP-SYJ-cbn,,,SYJ208+1.015.p,intuitionistic,auto,2,,5,0,none,unprovable,unknown,recursion_limit,,two-sided,ILL,11821,30,4.447,1023,0,511,0,0,0,2048,0.000,0.000,auto,30,,1073741824,0,0.1
lltp,ILL/ILLTP-SYJ-cbn,,,SYJ208+1.016.p,intuitionistic,auto,2,,5,0,none,unprovable,unknown,recursion_limit,,two-sided,ILL,14209,32,5.388,1023,0,511,0,0,0,2048,0.000,0.000,auto,30,,1073741824,0,0.1
lltp,ILL/ILLTP-SYJ-cbn,,,SYJ208+1.017.p,intuitionistic,auto,2,,5,0,none,unprovable,unknown,recursion_limit,,two-sided,ILL,16899,34,6.292,1023,0,511,0,0,0,2048,0.000,0.000,auto,30,,1073741824,0,0.1
lltp,ILL/ILLTP-SYJ-cbn,,,SYJ208+1.018.p,intuitionistic,auto,2,,5,0,none,,unknown,recursion_limit,,two-sided,ILL,19909,36,7.388,1023,0,511,0,0,0,2048,0.000,0.000,auto,30,,1073741824,0,0.1
lltp,ILL/ILLTP-SYJ-cbn,,,SYJ208+1.019.p,intuitionistic,auto,2,,5,0,none,,unknown,recursion_limit,,two-sided,ILL,23257,38,8.852,1023,0,511,0,0,0,2048,0.000,0.000,auto,30,,1073741824,0,0.1
lltp,ILL/ILLTP-SYJ-cbn,,,SYJ208+1.020.p,intuitionistic,auto,2,,5,0,none,,unknown,recursion_limit,,two-sided,ILL,26961,40,9.787,1023,0,511,0,0,0,2048,0.000,0.000,auto,30,,1073741824,0,0.1
lltp,ILL/ILLTP-SYJ-cbn,,,SYJ209+1.003.p,intuitionistic,auto,2,,5,0,none,unprovable,unknown,timeout,,two-sided,ILL,37,3,5001.188,86464025,7369574,44,41102869,0,0,2048,9870.000,18.468,auto,30,,1073741824,91062,0.1
lltp,ILL/ILLTP-SYJ-cbn,,,SYJ209+1.004.p,intuitionistic,auto,2,,5,0,none,unprovable,unknown,timeout,,two-sided,ILL,46,4,5000.956,86509121,2981336,183,42168567,0,0,2048,9870.000,16.501,auto,30,,1073741824,4651,0.1
lltp,ILL/ILLTP-SYJ-cbn,,,SYJ209+1.005.p,intuitionistic,auto,2,,5,0,none,unprovable,unknown,timeout,,two-sided,ILL,55,5,5001.210,83848715,1373641,697,41449410,0,0,2048,9870.000,19.311,auto,30,,1073741824,184,0.1
lltp,ILL/ILLTP-SYJ-cbn,,,SYJ209+1.006.p,intuitionistic,auto,2,,5,0,none,unprovable,unknown,timeout,,two-sided,ILL,64,6,5001.320,86167859,17820031,2514,38572408,0,0,2048,9870.000,16.516,auto,30,,1073741824,19,0.1
lltp,ILL/ILLTP-SYJ-cbn,,,SYJ209+1.007.p,intuitionistic,auto,2,,5,0,none,unprovable,unknown,timeout,,two-sided,ILL,73,7,5001.279,91537473,51821610,8774,27997391,0,0,2048,9880.000,14.984,auto,30,,1073741824,14,0.1
lltp,ILL/ILLTP-SYJ-cbn,,,SYJ209+1.008.p,intuitionistic,auto,2,,5,0,none,unprovable,unknown,timeout,,two-sided,ILL,82,8,5000.985,94054951,60333471,29587,25067012,0,0,2048,9870.000,14.054,auto,30,,1073741824,12,0.1
lltp,ILL/ILLTP-SYJ-cbn,,,SYJ209+1.009.p,intuitionistic,auto,2,,5,0,none,unprovable,unknown,timeout,,two-sided,ILL,91,9,5001.122,95244097,64898645,88045,23251135,0,0,2048,9880.000,13.889,auto,30,,1073741824,11,0.1
lltp,ILL/ILLTP-SYJ-cbn,,,SYJ209+1.010.p,intuitionistic,auto,2,,5,0,none,unprovable,unknown,timeout,,two-sided,ILL,100,10,5003.187,93570312,65337262,219626,21785629,0,0,2048,9880.000,17.677,auto,30,,1073741824,11,0.1
lltp,ILL/ILLTP-SYJ-cbn,,,SYJ209+1.011.p,intuitionistic,auto,2,,5,0,none,,unknown,timeout,,two-sided,ILL,109,11,5003.010,90487890,65507093,434993,19461668,0,0,2048,9880.000,14.421,auto,30,,1073741824,10,0.1
lltp,ILL/ILLTP-SYJ-cbn,,,SYJ209+1.012.p,intuitionistic,auto,2,,5,0,none,,unknown,timeout,,two-sided,ILL,118,12,5004.720,85609931,61796705,707938,18162596,0,0,2048,9880.000,12.890,auto,30,,1073741824,9,0.1
lltp,ILL/ILLTP-SYJ-cbn,,,SYJ209+1.013.p,intuitionistic,auto,2,,5,0,none,,unknown,timeout,,two-sided,ILL,127,13,5004.016,80669503,57994704,1048576,15590518,0,0,2048,9870.000,14.013,auto,30,,1073741824,9,0.1
lltp,ILL/ILLTP-SYJ-cbn,,,SYJ209+1.014.p,intuitionistic,auto,2,,5,0,none,,unknown,timeout,,two-sided,ILL,136,14,5006.778,71073354,44991310,1048576,12474105,0,0,2048,9880.000,12.911,auto,30,,1073741824,8,0.1
lltp,ILL/ILLTP-SYJ-cbn,,,SYJ209+1.015.p,intuitionistic,auto,2,,5,0,none,,unknown,timeout,,two-sided,ILL,145,15,5004.866,67346730,40073218,1048576,10620341,0,0,2048,9880.000,13.610,auto,30,,1073741824,8,0.1
lltp,ILL/ILLTP-SYJ-cbn,,,SYJ209+1.016.p,intuitionistic,auto,2,,5,0,none,,unknown,timeout,,two-sided,ILL,154,16,5007.778,61274449,33502095,1048576,9050777,0,0,2048,9880.000,16.501,auto,30,,1073741824,7,0.1
lltp,ILL/ILLTP-SYJ-cbn,,,SYJ209+1.017.p,intuitionistic,auto,2,,5,0,none,,unknown,timeout,,two-sided,ILL,163,17,5006.348,59825527,31487316,1048576,8106583,0,0,2048,9880.000,15.382,auto,30,,1073741824,7,0.1
lltp,ILL/ILLTP-SYJ-cbn,,,SYJ209+1.018.p,intuitionistic,auto,2,,5,0,none,,unknown,timeout,,two-sided,ILL,172,18,5005.202,57884715,29503377,1048576,7307659,0,0,2048,9880.000,12.742,auto,30,,1073741824,7,0.1
lltp,ILL/ILLTP-SYJ-cbn,,,SYJ209+1.019.p,intuitionistic,auto,2,,5,0,none,,unknown,timeout,,two-sided,ILL,181,19,5002.333,55794096,27302149,1048576,6684852,0,0,2048,9880.000,14.464,auto,30,,1073741824,7,0.1
lltp,ILL/ILLTP-SYJ-cbn,,,SYJ209+1.020.p,intuitionistic,auto,2,,5,0,none,,unknown,timeout,,two-sided,ILL,190,20,5004.086,53417545,23869743,1048576,5810341,0,0,2048,9870.000,17.395,auto,30,,1073741824,7,0.1
lltp,ILL/ILLTP-SYJ-cbn,,,SYJ210+1.002.p,intuitionistic,auto,2,,5,0,none,unprovable,unknown,timeout,,two-sided,ILL,25,2,5001.324,99929202,70158075,524,89831429,0,0,2048,9870.000,7.773,auto,30,,1073741824,5127181,0.1
lltp,ILL/ILLTP-SYJ-cbn,,,SYJ210+1.003.p,intuitionistic,auto,2,,5,0,none,unprovable,unknown,timeout,,two-sided,ILL,33,2,5001.267,99720847,76485936,530,93716168,0,0,2048,9870.000,8.250,auto,30,,1073741824,2990903,0.1
lltp,ILL/ILLTP-SYJ-cbn,,,SYJ210+1.004.p,intuitionistic,auto,2,,5,0,none,unprovable,unknown,timeout,,two-sided,ILL,41,2,5000.359,100157083,81135342,535,96143659,0,0,2048,9860.000,11.508,auto,30,,1073741824,1919076,0.1
lltp,ILL/ILLTP-SYJ-cbn,,,SYJ210+1.005.p,intuitionistic,auto,2,,5,0,none,unprovable,unknown,timeout,,two-sided,ILL,49,2,5001.458,99556284,83657081,541,96688587,0,0,2048,9870.000,6.689,auto,30,,1073741824,1346435,0.1
lltp,ILL/ILLTP-SYJ-cbn,,,SYJ210+1.006.p,intuitionistic,auto,2,,5,0,none,unprovable,unknown,timeout,,two-sided,ILL,57,2,5001.281,103649486,89387172,547,101387931,0,0,2048,9870.000,7.471,auto,30,,1073741824,1060011,0.1
lltp,ILL/ILLTP-SYJ-cbn,,,SYJ210+1.007.p,intuitionistic,auto,2,,5,0,none,unprovable,unknown,timeout,,two-sided,ILL,65,2,5000.678,102013771,89709167,553,100246925,0,0,2048,9870.000,12.122,auto,30,,1073741824,785410,0.1
lltp,ILL/ILLTP-SYJ-cbn,,,SYJ210+1.008.p,intuitionistic,auto,2,,5,0,none,unprovable,unknown,timeout,,two-sided,ILL,73,2,5000.314,100906331,90083776,559,99471408,0,0,2048,9860.000,13.571,auto,30,,1073741824,594786,0.1
lltp,ILL/ILLTP-SYJ-cbn,,,SYJ210+1.009.p,intuitionistic,auto,2,,5,0,none,unprovable,unknown,timeout,,two-sided,ILL,81,2,5001.761,100237050,90566257,565,99034636,0,0,2048,9870.000,13.428,auto,30,,1073741824,475627,0.1
lltp,ILL/ILLTP-SYJ-cbn,,,SYJ210+1.010.p,intuitionistic,auto,2,,5,0,none,unprovable,unknown,timeout,,two-sided,ILL,89,2,5002.592,100254481,91469643,570,99218149,0,0,2048,9870.000,10.299,auto,30,,1073741824,414793,0.1
lltp,ILL/ILLTP-SYJ-cbn,,,SYJ210+1.011.p,intuitionistic,auto,2,,5,0,none,unprovable,unknown,timeout,,two-sided,ILL,97,2,5002.284,100749635,92666869,576,99836372,0,0,2048,9870.000,11.672,auto,30,,1073741824,336865,0.1
lltp,ILL/ILLTP-SYJ-cbn,,,SYJ210+1.012.p,intuitionistic,auto,2,,5,0,none,unprovable,unknown,timeout,,two-sided,ILL,105,2,5002.016,102007825,94462856,582,101186062,0,0,2048,9870.000,10.389,auto,30,,1073741824,294457,0.1
lltp,ILL/ILLTP-SYJ-cbn,,,SYJ210+1.013.p,intuitionistic,auto,2,,5,0,none,unprovable,unknown,timeout,,two-sided,ILL,113,2,5000.985,101863042,94880060,588,101121435,0,0,2048,9860.000,15.835,auto,30,,1073741824,250988,0.1
lltp,ILL/ILLTP-SYJ-cbn,,,SYJ210+1.014.p,intuitionistic,auto,2,,5,0,none,unprovable,unknown,timeout,,two-sided,ILL,121,2,5003.008,100791783,94358392,594,100118821,0,0,2048,9870.000,5.696,auto,30,,1073741824,216765,0.1
lltp,ILL/ILLTP-SYJ-cbn,,,SYJ210+1.015.p,intuitionistic,auto,2,,5,0,none,unprovable,unknown,timeout,,two-sided,ILL,129,2,5002.048,95918192,90203209,600,95315842,0,0,2048,9870.000,12.676,auto,30,,1073741824,175692,0.1
lltp,ILL/ILLTP-SYJ-cbn,,,SYJ210+1.016.p,intuitionistic,auto,2,,5,0,none,unprovable,unknown,timeout,,two-sided,ILL,137,2,5000.915,95868468,90505384,606,95306866,0,0,2048,9860.000,16.307,auto,30,,1073741824,172228,0.1
lltp,ILL/ILLTP-SYJ-cbn,,,SYJ210+1.017.p,intuitionistic,auto,2,,5,0,none,unprovable,unknown,timeout,,two-sided,ILL,145,2,5002.932,96895244,91785699,612,96364396,0,0,2048,9840.000,24.170,auto,30,,1073741824,148641,0.1
lltp,ILL/ILLTP-SYJ-cbn,,,SYJ210+1.018.p,intuitionistic,auto,2,,5,0,none,unprovable,unknown,timeout,,two-sided,ILL,153,2,5000.932,95467807,90714181,618,94969868,0,0,2048,9870.000,12.727,auto,30,,1073741824,119290,0.1
lltp,ILL/ILLTP-SYJ-cbn,,,SYJ210+1.019.p,intuitionistic,auto,2,,5,0,none,unprovable,unknown,timeout,,two-sided,ILL,161,2,5000.895,95413524,90911978,624,94940008,0,0,2048,9870.000,11.208,auto,30,,1073741824,109893,0.1
lltp,ILL/ILLTP-SYJ-cbn,,,SYJ210+1.020.p,intuitionistic,auto,2,,5,0,none,unprovable,unknown,timeout,,two-sided,ILL,169,2,5001.464,96665845,92330472,630,96210337,0,0,2048,9870.000,15.392,auto,30,,1073741824,98915,0.1
lltp,ILL/ILLTP-SYJ-cbn,,,SYJ212+1.011.p,intuitionistic,auto,2,,5,0,none,unprovable,unprovable,,,two-sided,ILL,41961,2048,145.427,50918,37284,8804,18499,0,0,2048,170.000,3.769,auto,30,,1073741824,5,0.1
lltp,ILL/ILLTP-SYJ-cbn,,,SYJ212+1.012.p,intuitionistic,auto,2,,5,0,none,unprovable,unprovable,,,two-sided,ILL,83945,4096,378.377,97071,73297,12008,32976,0,0,2048,640.000,13.790,auto,30,,1073741824,5,0.1
lltp,ILL/ILLTP-SYJ-cbn,,,SYJ212+1.013.p,intuitionistic,auto,2,,5,0,none,unprovable,unknown,timeout,,two-sided,ILL,167913,8192,5033.000,1046423,760096,10941,329375,0,0,2048,9910.000,49.051,auto,30,,1073741824,5,0.1
lltp,ILL/ILLTP-SYJ-cbn,,,SYJ212+1.014.p,intuitionistic,auto,2,,5,0,none,unprovable,unknown,timeout,,two-sided,ILL,335849,16384,5034.504,475489,315766,5365,147600,0,0,2048,9910.000,15.227,auto,30,,1073741824,5,0.1
lltp,ILL/ILLTP-SYJ-cbn,,,SYJ212+1.015.p,intuitionistic,auto,2,,5,0,none,unprovable,unknown,timeout,,two-sided,ILL,671721,32768,5030.236,218364,129522,2577,66504,0,0,2048,9900.000,19.684,auto,30,,1073741824,4,0.1
lltp,ILL/ILLTP-SYJ-cbn,,,SYJ212+1.016.p,intuitionistic,auto,2,,5,0,none,unprovable,unknown,timeout,,two-sided,ILL,1343465,65536,5027.475,94156,40625,1178,28014,0,0,2048,9900.000,31.569,auto,30,,1073741824,4,0.1
lltp,ILL/ILLTP-SYJ-cbv,,,SYJ101+1.p,intuitionistic,auto,2,,5,0,none,provable,proved,,ok,two-sided,IMELL,4,1,0.113,4,0,2,0,0,0,2048,0.000,0.000,auto,30,0.004,1073741824,1,0.1
lltp,ILL/ILLTP-SYJ-cbv,,,SYJ201+1.005.p,intuitionistic,auto,2,,5,0,none,provable,proved,,ok,two-sided,IMELL,549,13,156.949,911863,675373,129545,1476246,0,0,2048,200.000,2.851,auto,30,0.052,1073741824,6,0.1
lltp,ILL/ILLTP-SYJ-cbv,,,SYJ201+1.006.p,intuitionistic,auto,2,,5,0,none,provable,proved,,ok,two-sided,IMELL,727,15,409.720,2806534,2126985,313311,4662169,0,0,2048,700.000,9.890,auto,30,0.077,1073741824,6,0.1
lltp,ILL/ILLTP-SYJ-cbv,,,SYJ201+1.007.p,intuitionistic,auto,2,,5,0,none,provable,proved,,ok,two-sided,IMELL,929,17,950.408,6215037,4735561,665529,10440773,0,0,2048,1780.000,9.055,auto,30,0.093,1073741824,6,0.1
lltp,ILL/ILLTP-SYJ-cbv,,,SYJ201+1.008.p,intuitionistic,auto,2,,5,0,none,provable,unknown,timeout,,two-sided,IMELL,1155,19,5024.573,31426402,24351846,1048576,52624881,0,0,2048,9910.000,25.539,auto,30,,1073741824,6,0.1
lltp,ILL/ILLTP-SYJ-cbv,,,SYJ201+1.009.p,intuitionistic,auto,2,,5,0,none,provable,unknown,timeout,,two-sided,IMELL,1405,21,5020.230,29136831,22487528,1048576,49394371,0,0,2048,9900.000,10.204,auto,30,,1073741824,6,0.1
lltp,ILL/ILLTP-SYJ-cbv,,,SYJ201+1.010.p,intuitionistic,auto,2,,5,0,none,provable,unknown,timeout,,two-sided,IMELL,1679,23,5029.673,24507353,17650324,1009280,41131625,0,0,2048,9900.000,17.442,auto,30,,1073741824,5,0.1
lltp,ILL/ILLTP-SYJ-cbv,,,SYJ201+1.011.p,intuitionistic,auto,2,,5,0,none,provable,unknown,timeout,,two-sided,IMELL,1977,25,5041.524,22430213,15620989,886016,37116402,0,0,2048,9920.000,21.549,auto,30,,1073741824,5,0.1
lltp,ILL/ILLTP-SYJ-cbv,,,SYJ201+1.012.p,intuitionistic,auto,2,,5,0,none,provable,unknown,timeout,,two-sided,IMELL,2299,27,5017.983,21295318,14658389,767872,35135872,0,0,2048,9900.000,19.615,auto,30,,1073741824,5,0.1
lltp,ILL/ILLTP-SYJ-cbv,,,SYJ201+1.013.p,intuitionistic,auto,2,,5,0,none,provable,unknown,timeout,,two-sided,IMELL,2645,29,5021.844,20470925,14161121,662272,33968618,0,0,2048,9900.000,16.842,auto,30,,1073741824,5,0.1
lltp,ILL/ILLTP-SYJ-cbv,,,SYJ201+1.014.p,intuitionistic,auto,2,,5,0,none,provable,unknown,timeout,,two-sided,IMELL,3015,31,5029.408,19309508,13012427,582144,31684156,0,0,2048,9900.000,25.210,auto,30,,1073741824,5,0.1
lltp,ILL/ILLTP-SYJ-cbv,,,SYJ201+1.015.p,intuitionistic,auto,2,,5,0,none,provable,unknown,timeout,,two-sided,IMELL,3409,33,5045.475,18348257,12559036,523264,30401543,0,0,2048,9930.000,19.567,auto,30,,1073741824,5,0.1
lltp,ILL/ILLTP-SYJ-cbv,,,SYJ201+1.016.p,intuitionistic,auto,2,,5,0,none,provable,unknown,timeout,,two-sided,IMELL,3827,35,5045.061,17082759,10981737,472896,27660483,0,0,2048,9920.000,21.681,auto,30,,1073741824,5,0.1
lltp,ILL/ILLTP-SYJ-cbv,,,SYJ201+1.017.p,intuitionistic,auto,2,,5,0,none,provable,unknown,timeout,,two-sided,IMELL,4269,37,5044.822,15390589,9340786,424544,24365021,0,0,2048,9910.000,24.104,auto,30,,1073741824,5,0.1
lltp,ILL/ILLTP-SYJ-cbv,,,SYJ201+1.018.p,intuitionistic,auto,2,,5,0,none,provable,unknown,timeout,,two-sided,IMELL,4735,39,5037.031,14774486,8737577,385184,23150008,0,0,2048,9890.000,29.448,auto,30,,1073741824,4,0.1
lltp,ILL/ILLTP-SYJ-cbv,,,SYJ201+1.019.p,intuitionistic,auto,2,,5,0,none,provable,unknown,timeout,,two-sided,IMELL,5225,41,5047.308,13917199,8106410,348288,21693238,0,0,2048,9910.000,20.051,auto,30,,1073741824,4,0.1
lltp,ILL/ILLTP-SYJ-cbv,,,SYJ201+1.020.p,intuitionistic,auto,2,,5,0,none,provable,unknown,timeout,,two-sided,IMELL,5739,43,5047.325,13405923,7805001,317824,20916954,0,0,2048,9920.000,20.378,auto,30,,1073741824,4,0.1
lltp,ILL/ILLTP-SYJ-cbv,,,SYJ202+1.005.p,intuitionistic,auto,2,,5,0,none,provable,proved,,ok,two-sided,ILL,533,5,126.949,550781,285595,232769,455416,0,0,2048,140.000,4.789,auto,30,20.999,1073741824,1,0.1
lltp,ILL/ILLTP-SYJ-cbv,,,SYJ202+1.006.p,intuitionistic,auto,2,,5,0,none,provable,proved,,ok,two-sided,ILL,874,6,3847.111,21893831,12902802,1048576,18855238,0,0,2048,7550.000,19.688,auto,30,521.389,1073741824,1,0.1
lltp,ILL/ILLTP-SYJ-cbv,,,SYJ202+1.007.p,intuitionistic,auto,2,,5,0,none,provable,unknown,timeout,,two-sided,ILL,1335,7,5029.829,24388256,12623595,1048576,18908060,0,0,2048,9890.000,27.093,auto,30,,1073741824,1,0.1
lltp,ILL/ILLTP-SYJ-cbv,,,SYJ202+1.008.p,intuitionistic,auto,2,,5,0,none,provable,unknown,timeout,,two-sided,ILL,1934,8,5024.028,12425268,2495983,787456,6412337,0,0,2048,9860.000,46.012,auto,30,,1073741824,1,0.1
lltp,ILL/ILLTP-SYJ-cbv,,,SYJ202+1.009.p,intuitionistic,auto,2,,5,0,none,provable,unknown,timeout,,two-sided,ILL,2689,9,5021.508,11587022,2320664,588800,5905671,0,0,2048,9830.000,39.942,auto,30,,1073741824,1,0.1
lltp,ILL/ILLTP-SYJ-cbv,,,SYJ202+1.010.p,intuitionistic,auto,2,,5,0,none,,unknown,timeout,,two-sided,ILL,3618,10,5009.624,10892995,2115152,461440,5456046,0,0,2048,9840.000,50.943,auto,30,,1073741824,1,0.1
lltp,ILL/ILLTP-SYJ-cbv,,,SYJ202+1.011.p,intuitionistic,auto,2,,5,0,none,,unknown,timeout,,two-sided,ILL,4739,22,5121.497,10067664,1996470,363008,5038146,0,0,2048,9980.000,36.870,auto,30,,1073741824,1,0.1
lltp,ILL/ILLTP-SYJ-cbv,,,SYJ202+1.012.p,intuitionistic,auto,2,,5,0,none,,unknown,timeout,,two-sided,ILL,6070,24,5048.902,9431947,1909534,287744,4731643,0,0,2048,9930.000,31.608,auto,30,,1073741824,1,0.1
lltp,ILL/ILLTP-SYJ-cbv,,,SYJ202+1.013.p,intuitionistic,auto,2,,5,0,none,,unknown,timeout,,two-sided,ILL,7629,26,5079.254,8347092,1921520,231808,4350166,0,0,2048,9970.000,32.053,auto,30,,1073741824,1,0.1
lltp,ILL/ILLTP-SYJ-cbv,,,SYJ202+1.014.p,intuitionistic,auto,2,,5,0,none,,unknown,timeout,,two-sided,ILL,9434,28,5065.414,7281231,1596060,190976,3702291,0,0,2048,9940.000,32.871,auto,30,,1073741824,1,0.1
lltp,ILL/ILLTP-SYJ-cbv,,,SYJ202+1.015.p,intuitionistic,auto,2,,5,0,none,,unknown,timeout,,two-sided,ILL,11503,30,5033.186,6428480,1515793,157184,3343429,0,0,2048,9890.000,32.612,auto,30,,1073741824,1,0.1
lltp,ILL/ILLTP-SYJ-cbv,,,SYJ202+1.016.p,intuitionistic,auto,2,,5,0,none,,unknown,recursion_limit,,two-sided,ILL,13854,32,5.033,2026,0,2025,2026,0,0,2048,0.000,0.000,auto,30,,1073741824,0,0.1
lltp,ILL/ILLTP-SYJ-cbv,,,SYJ202+1.017.p,intuitionistic,auto,2,,5,0,none,,unknown,recursion_limit,,two-sided,ILL,16505,34,5.633,2025,0,2024,2025,0,0,2048,0.000,0.000,auto,30,,1073741824,0,0.1
lltp,ILL/ILLTP-SYJ-cbv,,,SYJ202+1.018.p,intuitionistic,auto,2,,5,0,none,,unknown,recursion_limit,,two-sided,ILL,19474,36,7.514,2024,0,2023,2024,0,0,2048,0.000,0.000,auto,30,,1073741824,0,0.1
lltp,ILL/ILLTP-SYJ-cbv,,,SYJ202+1.019.p,intuitionistic,auto,2,,5,0,none,,unknown,recursion_limit,,two-sided,ILL,22779,38,8.991,2023,0,2022,2023,0,0,2048,0.000,0.616,auto,30,,1073741824,0,0.1
lltp,ILL/ILLTP-SYJ-cbv,,,SYJ202+1.020.p,intuitionistic,auto,2,,5,0,none,,unknown,recursion_limit,,two-sided,ILL,26438,40,10.622,2022,0,2021,2022,0,0,2048,0.000,1.018,auto,30,,1073741824,0,0.1
lltp,ILL/ILLTP-SYJ-cbv,,,SYJ203+1.007.p,intuitionistic,auto,2,,5,0,none,provable,proved,,ok,two-sided,ILL,75,8,183.508,2909429,2617870,15396,1755570,0,0,2048,260.000,4.665,auto,30,0.023,1073741824,9,0.1
lltp,ILL/ILLTP-SYJ-cbv,,,SYJ203+1.008.p,intuitionistic,auto,2,,5,0,none,provable,proved,,ok,two-sided,ILL,85,9,1362.594,29350238,26915933,51137,18583216,0,0,2048,2610.000,5.022,auto,30,0.019,1073741824,10,0.1
lltp,ILL/ILLTP-SYJ-cbv,,,SYJ203+1.009.p,intuitionistic,auto,2,,5,0,none,provable,unknown,timeout,,two-sided,ILL,95,10,5002.073,111221250,102985584,151252,68822922,0,0,2048,9840.000,16.031,auto,30,,1073741824,10,0.1
lltp,ILL/ILLTP-SYJ-cbv,,,SYJ203+1.010.p,intuitionistic,auto,2,,5,0,none,provable,unknown,timeout,,two-sided,ILL,105,11,5002.686,109771182,101793099,306025,61222049,0,0,2048,9870.000,15.295,auto,30,,1073741824,10,0.1
lltp,ILL/ILLTP-SYJ-cbv,,,SYJ203+1.011.p,intuitionistic,auto,2,,5,0,none,provable,unknown,timeout,,two-sided,ILL,115,12,5005.427,106012589,98606321,550366,54285701,0,0,2048,9870.000,18.476,auto,30,,1073741824,9,0.1
lltp,ILL/ILLTP-SYJ-cbv,,,SYJ203+1.012.p,intuitionistic,auto,2,,5,0,none,provable,unknown,timeout,,two-sided,ILL,125,13,5004.257,102230566,94727408,884703,45934204,0,0,2048,9880.000,14.636,auto,30,,1073741824,9,0.1
lltp,ILL/ILLTP-SYJ-cbv,,,SYJ203+1.013.p,intuitionistic,auto,2,,5,0,none,provable,unknown,timeout,,two-sided,ILL,135,14,5005.684,92941622,85479659,1048576,34568126,0,0,2048,9850.000,17.868,auto,30,,1073741824,8,0.1
lltp,ILL/ILLTP-SYJ-cbv,,,SYJ203+1.014.p,intuitionistic,auto,2,,5,0,none,provable,unknown,timeout,,two-sided,ILL,145,15,5005.009,92856020,85136581,1048576,29747284,0,0,2048,9880.000,13.039,auto,30,,1073741824,8,0.1
lltp,ILL/ILLTP-SYJ-cbv,,,SYJ203+1.015.p,intuitionistic,auto,2,,5,0,none,provable,unknown,timeout,,two-sided,ILL,155,16,5006.890,86081180,77430855,1048576,20666174,0,0,2048,9880.000,16.297,auto,30,,1073741824,7,0.1
lltp,ILL/ILLTP-SYJ-cbv,,,SYJ203+1.016.p,intuitionistic,auto,2,,5,0,none,provable,unknown,timeout,,two-sided,ILL,165,17,5007.237,86026210,77102355,1048576,18935193,0,0,2048,9880.000,17.776,auto,30,,1073741824,7,0.1
lltp,ILL/ILLTP-SYJ-cbv,,,SYJ203+1.017.p,intuitionistic,auto,2,,5,0,none,provable,unknown,timeout,,two-sided,ILL,175,18,5008.901,84606822,75815951,1048576,18385867,0,0,2048,9890.000,18.608,auto,30,,1073741824,7,0.1
lltp,ILL/ILLTP-SYJ-cbv,,,SYJ203+1.018.p,intuitionistic,auto,2,,5,0,none,provable,unknown,timeout,,two-sided,ILL,185,19,5006.086,76532930,66322493,1048576,12612668,0,0,2048,9870.000,16.299,auto,30,,1073741824,7,0.1
lltp,ILL/ILLTP-SYJ-cbv,,,SYJ203+1.019.p,intuitionistic,auto,2,,5,0,none,provable,unknown,timeout,,two-sided,ILL,195,20,5007.040,72605710,61732220,1048576,10597134,0,0,2048,9870.000,15.716,auto,30,,1073741824,6,0.1
lltp,ILL/ILLTP-SYJ-cbv,,,SYJ203+1.020.p,intuitionistic,auto,2,,5,0,none,provable,unknown,timeout,,two-sided,ILL,205,21,5007.090,72192978,60958724,1048576,9758339,0,0,2048,9870.000,19.444,auto,30,,1073741824,6,0.1
lltp,ILL/ILLTP-SYJ-cbv,,,SYJ204+1.010.p,intuitionistic,auto,2,,5,0,none,provable,proved,,ok,two-sided,IMELL,104,2,146.837,1930420,1592135,9476,1653784,0,0,2048,180.000,3.360,auto,30,0.027,1073741824,9,0.1
lltp,ILL/ILLTP-SYJ-cbv,,,SYJ204+1.011.p,intuitionistic,auto,2,,5,0,none,provable,proved,,ok,two-sided,IMELL,114,2,249.511,4075944,3422867,10103,3512639,0,0,2048,390.000,4.345,auto,30,0.031,1073741824,9,0.1
lltp,ILL/ILLTP-SYJ-cbv,,,SYJ204+1.012.p,intuitionistic,auto,2,,5,0,none,provable,proved,,ok,two-sided,IMELL,124,2,450.753,8345817,7109304,12026,7223308,0,0,2048,790.000,4.958,auto,30,0.038,1073741824,9,0.1
lltp,ILL/ILLTP-SYJ-cbv,,,SYJ204+1.013.p,intuitionistic,auto,2,,5,0,none,provable,proved,,ok,two-sided,IMELL,134,2,877.227,16372509,14184839,15909,14176148,0,0,2048,1640.000,3.607,auto,30,0.034,1073741824,9,0.1
lltp,ILL/ILLTP-SYJ-cbv,,,SYJ204+1.014.p,intuitionistic,auto,2,,5,0,none,provable,proved,,ok,two-sided,IMELL,144,2,1511.456,29245878,25670912,16930,25352760,0,0,2048,2910.000,7.553,auto,30,0.037,1073741824,9,0.1
lltp,ILL/ILLTP-SYJ-cbv,,,SYJ204+1.015.p,intuitionistic,auto,2,,5,0,none,provable,proved,,ok,two-sided,IMELL,154,2,2491.509,50087052,44533920,18555,43530582,0,0,2048,4860.000,9.148,auto,30,0.043,1073741824,9,0.1
lltp,ILL/ILLTP-SYJ-cbv,,,SYJ204+1.016.p,intuitionistic,auto,2,,5,0,none,provable,unknown,timeout,,two-sided,IMELL,164,2,5001.925,102213396,91794559,40200,89331879,0,0,2048,9870.000,13.235,auto,30,,1073741824,9,0.1
lltp,ILL/ILLTP-SYJ-cbv,,,SYJ204+1.017.p,intuitionistic,auto,2,,5,0,none,provable,unknown,timeout,,two-sided,IMELL,174,2,5002.040,103098619,93284591,19446,90015364,0,0,2048,9870.000,13.112,auto,30,,1073741824,8,0.1
lltp,ILL/ILLTP-SYJ-cbv,,,SYJ204+1.018.p,intuitionistic,auto,2,,5,0,none,provable,unknown,timeout,,two-sided,IMELL,184,2,5001.649,99730048,90796502,14137,87566265,0,0,2048,9870.000,12.501,auto,30,,1073741824,8,0.1
lltp,ILL/ILLTP-SYJ-cbv,,,SYJ204+1.019.p,intuitionistic,auto,2,,5,0,none,provable,unknown,timeout,,two-sided,IMELL,194,2,5001.418,98663199,90024165,12868,87425063,0,0,2048,9870.000,14.183,auto,30,,1073741824,8,0.1
lltp,ILL/ILLTP-SYJ-cbv,,,SYJ204+1.020.p,intuitionistic,auto,2,,5,0,none,provable,unknown,timeout,,two-sided,IMELL,204,2,5001.482,101366513,93158817,10783,89921520,0,0,2048,9870.000,11.963,auto,30,,1073741824,8,0.1
lltp,ILL/ILLTP-SYJ-cbv,,,SYJ205+1.009.p,intuitionistic,auto,2,,5,0,none,provable,proved,,ok,two-sided,IMELL,241,2,154.189,1393791,1095488,136981,1029679,0,0,2048,200.000,4.716,auto,30,0.024,1073741824,6,0.1
lltp,ILL/ILLTP-SYJ-cbv,,,SYJ205+1.010.p,intuitionistic,auto,2,,5,0,none,provable,proved,,ok,two-sided,IMELL,263,2,255.241,2506740,1970784,215353,1874536,0,0,2048,400.000,4.362,auto,30,0.022,1073741824,6,0.1
lltp,ILL/ILLTP-SYJ-cbv,,,SYJ205+1.011.p,intuitionistic,auto,2,,5,0,none,provable,proved,,ok,two-sided,IMELL,285,2,388.708,3974646,3153087,325923,3026285,0,0,2048,670.000,3.833,auto,30,0.018,1073741824,6,0.1
lltp,ILL/ILLTP-SYJ-cbv,,,SYJ205+1.012.p,intuitionistic,auto,2,,5,0,none,provable,proved,,ok,two-sided,IMELL,307,2,591.982,6019999,4770764,489204,4624209,0,0,2048,1060.000,5.364,auto,30,0.022,1073741824,6,0.1
lltp,ILL/ILLTP-SYJ-cbv,,,SYJ205+1.013.p,intuitionistic,auto,2,,5,0,none,provable,proved,,ok,two-sided,IMELL,329,2,892.658,8864199,7032152,725195,6869727,0,0,2048,1660.000,9.452,auto,30,0.032,1073741824,6,0.1
lltp,ILL/ILLTP-SYJ-cbv,,,SYJ205+1.014.p,intuitionistic,auto,2,,5,0,none,provable,proved,,ok,two-sided,IMELL,351,2,1318.674,12651060,10030307,1038046,9876952,0,0,2048,2520.000,12.046,auto,30,0.021,1073741824,6,0.1
lltp,ILL/ILLTP-SYJ-cbv,,,SYJ205+1.015.p,intuitionistic,auto,2,,5,0,none,provable,proved,,ok,two-sided,IMELL,373,2,2616.938,26165090,21091800,1048576,20626311,0,0,2048,5110.000,11.561,auto,30,0.024,1073741824,6,0.1
lltp,ILL/ILLTP-SYJ-cbv,,,SYJ205+1.016.p,intuitionistic,auto,2,,5,0,none,provable,unknown,timeout,,two-sided,IMELL,395,2,5009.673,61432351,50185478,1048576,48721179,0,0,2048,9880.000,17.151,auto,30,,1073741824,6,0.1
lltp,ILL/ILLTP-SYJ-cbv,,,SYJ205+1.017.p,intuitionistic,auto,2,,5,0,none,provable,unknown,timeout,,two-sided,IMELL,417,2,5009.630,60455323,49052649,1048576,48149825,0,0,2048,9870.000,17.928,auto,30,,1073741824,6,0.1
lltp,ILL/ILLTP-SYJ-cbv,,,SYJ205+1.018.p,intuitionistic,auto,2,,5,0,none,provable,unknown,timeout,,two-sided,IMELL,439,2,5010.343,59053902,47129839,1048576,46861480,0,0,2048,9870.000,21.504,auto,30,,1073741824,6,0.1
lltp,ILL/ILLTP-SYJ-cbv,,,SYJ205+1.019.p,intuitionistic,auto,2,,5,0,none,provable,unknown,timeout,,two-sided,IMELL,461,2,5013.853,57280748,44930032,1048576,45257393,0,0,2048,9880.000,23.384,auto,30,,1073741824,6,0.1
lltp,ILL/ILLTP-SYJ-cbv,,,SYJ205+1.020.p,intuitionistic,auto,2,,5,0,none,provable,unknown,timeout,,two-sided,IMELL,483,2,5013.654,55991270,43774206,1048576,44399372,0,0,2048,9880.000,20.891,auto,30,,1073741824,6,0.1
lltp,ILL/ILLTP-SYJ-cbv,,,SYJ206+1.006.p,intuitionistic,auto,2,,5,0,none,provable,proved,,ok,two-sided,IMELL,1377,64,317.271,2323813,1754903,113687,2530076,0,0,2048,520.000,6.187,auto,30,0.077,1073741824,6,0.1
lltp,ILL/ILLTP-SYJ-cbv,,,SYJ206+1.007.p,intuitionistic,auto,2,,5,0,none,provable,unknown,timeout,,two-sided,IMELL,2785,128,5028.786,38979576,31165006,451056,46424332,0,0,2048,9900.000,18.624,auto,30,,1073741824,7,0.1
lltp,ILL/ILLTP-SYJ-cbv,,,SYJ206+1.008.p,intuitionistic,auto,2,,5,0,none,provable,unknown,timeout,,two-sided,IMELL,5601,256,5036.565,29764700,25762287,323931,39737290,0,0,2048,9910.000,16.873,auto,30,,1073741824,7,0.1
lltp,ILL/ILLTP-SYJ-cbv,,,SYJ206+1.009.p,intuitionistic,auto,2,,5,0,none,provable,unknown,timeout,,two-sided,IMELL,11233,512,5038.922,16093524,12867927,164096,15790703,0,0,2048,9920.000,25.991,auto,30,,1073741824,6,0.1
lltp,ILL/ILLTP-SYJ-cbv,,,SYJ206+1.010.p,intuitionistic,auto,2,,5,0,none,provable,unknown,timeout,,two-sided,IMELL,22497,1024,5042.895,8097850,6278309,82560,6677689,0,0,2048,9910.000,47.116,auto,30,,1073741824,6,0.1
lltp,ILL/ILLTP-SYJ-cbv,,,SYJ206+1.011.p,intuitionistic,auto,2,,5,0,none,provable,unknown,timeout,,two-sided,IMELL,45025,2048,5026.506,4332829,3220478,41280,3150755,0,0,2048,9910.000,20.502,auto,30,,1073741824,5,0.1
lltp,ILL/ILLTP-SYJ-cbv,,,SYJ206+1.012.p,intuitionistic,auto,2,,5,0,none,provable,unknown,timeout,,two-sided,IMELL,90081,4096,5041.706,2008813,1370317,20544,1286210,0,0,2048,9920.000,20.815,auto,30,,1073741824,5,0.1
lltp,ILL/ILLTP-SYJ-cbv,,,SYJ206+1.013.p,intuitionistic,auto,2,,5,0,none,provable,unknown,timeout,,two-sided,IMELL,180193,8192,5012.416,934665,586487,10160,561038,0,0,2048,9870.000,21.384,auto,30,,1073741824,4,0.1
lltp,ILL/ILLTP-SYJ-cbv,,,SYJ206+1.014.p,intuitionistic,auto,2,,5,0,none,provable,unknown,timeout,,two-sided,IMELL,360417,16384,5013.537,453465,276860,4944,250162,0,0,2048,9890.000,17.200,auto,30,,1073741824,4,0.1
lltp,ILL/ILLTP-SYJ-cbv,,,SYJ206+1.015.p,intuitionistic,auto,2,,5,0,none,provable,unknown,timeout,,two-sided,IMELL,720865,32768,5032.183,209953,112901,2376,114135,0,0,2048,9910.000,20.629,auto,30,,1073741824,3,0.1
lltp,ILL/ILLTP-SYJ-cbv,,,SYJ206+1.016.p,intuitionistic,auto,2,,5,0,none,provable,unknown,timeout,,two-sided,IMELL,1441761,65536,5023.359,92199,46977,1066,49095,0,0,2048,9890.000,29.200,auto,30,,1073741824,3,0.1
lltp,ILL/ILLTP-SYJ-cbv,,,SYJ206+1.017.p,intuitionistic,auto,2,,5,0,none,provable,unknown,timeout,,two-sided,IMELL,2883553,131072,5013.071,38536,15880,404,20090,0,0,2048,9870.000,41.284,auto,30,,1073741824,3,0.1
lltp,ILL/ILLTP-SYJ-cbv,,,SYJ206+1.018.p,intuitionistic,auto,2,,5,0,none,provable,unknown,memory_limit,,two-sided,IMELL,5767137,262144,5010.343,9512,3160,152,4591,0,0,2048,5670.000,2.253,auto,30,,1073741824,2,0.1
lltp,ILL/ILLTP-SYJ-cbv,,,SYJ206+1.019.p,intuitionistic,auto,2,,5,0,none,provable,unknown,memory_limit,,two-sided,IMELL,11534305,524288,675.082,56,0,0,50,0,0,2048,1100.000,8.093,auto,30,,1073741824,1,0.1
lltp,ILL/ILLTP-SYJ-cbv,,,SYJ206+1.020.p,intuitionistic,auto,2,,5,0,none,provable,unknown,memory_limit,,two-sided,IMELL,23068641,1048576,941.154,16,0,0,14,0,0,2048,1630.000,1.509,auto,30,,1073741824,0,0.1
lltp,ILL/ILLTP-SYJ-cbv,,,SYJ207+1.002.p,intuitionistic,auto,2,,5,0,none,unprovable,unknown,timeout,,two-sided,ILL,124,6,5003.443,78591066,59046069,815,188381255,0,0,2048,9870.000,19.343,auto,30,,1073741824,203,0.1
lltp,ILL/ILLTP-SYJ-cbv,,,SYJ207+1.003.p,intuitionistic,auto,2,,5,0,none,unprovable,unknown,timeout,,two-sided,ILL,218,8,5001.285,77301458,72773654,10500,189759774,0,0,2048,9860.000,14.336,auto,30,,1073741824,13,0.1
lltp,ILL/ILLTP-SYJ-cbv,,,SYJ207+1.004.p,intuitionistic,auto,2,,5,0,none,unprovable,unknown,timeout,,two-sided,ILL,336,10,5002.541,71511715,68867570,99470,165438624,0,0,2048,9870.000,14.920,auto,30,,1073741824,10,0.1
lltp,ILL/ILLTP-SYJ-cbv,,,SYJ207+1.005.p,intuitionistic,auto,2,,5,0,none,unprovable,unknown,timeout,,two-sided,ILL,478,12,5008.079,65040547,61990624,535412,141419001,0,0,2048,9880.000,16.466,auto,30,,1073741824,9,0.1
lltp,ILL/ILLTP-SYJ-cbv,,,SYJ207+1.006.p,intuitionistic,auto,2,,5,0,none,unprovable,unknown,timeout,,two-sided,ILL,644,14,5014.913,49460528,44217758,1048576,89100518,0,0,2048,9890.000,21.071,auto,30,,1073741824,7,0.1
lltp,ILL/ILLTP-SYJ-cbv,,,SYJ207+1.007.p,intuitionistic,auto,2,,5,0,none,unprovable,unknown,timeout,,two-sided,ILL,834,16,5019.050,39791490,32578151,1048576,67133068,0,0,2048,9900.000,21.360,auto,30,,1073741824,6,0.1
lltp,ILL/ILLTP-SYJ-cbv,,,SYJ207+1.008.p,intuitionistic,auto,2,,5,0,none,,unknown,timeout,,two-sided,ILL,1048,18,5027.763,34120600,27293044,1048576,57593122,0,0,2048,9900.000,12.795,auto,30,,1073741824,6,0.1
lltp,ILL/ILLTP-SYJ-cbv,,,SYJ207+1.009.p,intuitionistic,auto,2,,5,0,none,,unknown,timeout,,two-sided,ILL,1286,20,5028.336,30017754,23604450,1048576,51008871,0,0,2048,9890.000,18.446,auto,30,,1073741824,6,0.1
lltp,ILL/ILLTP-SYJ-cbv,,,SYJ207+1.010.p,intuitionistic,auto,2,,5,0,none,,unknown,timeout,,two-sided,ILL,1548,22,5037.404,26741633,20367864,1048576,45859936,0,0,2048,9910.000,27.217,auto,30,,1073741824,6,0.1
lltp,ILL/ILLTP-SYJ-cbv,,,SYJ207+1.011.p,intuitionistic,auto,2,,5,0,none,,unknown,timeout,,two-sided,ILL,1834,24,5044.055,24167447,17611697,944128,40916116,0,0,2048,9920.000,17.561,auto,30,,1073741824,5,0.1
lltp,ILL/ILLTP-SYJ-cbv,,,SYJ207+1.012.p,intuitionistic,auto,2,,5,0,none,,unknown,timeout,,two-sided,ILL,2144,26,5044.464,22891184,16505398,811136,38590161,0,0,2048,9920.000,19.102,auto,30,,1073741824,5,0.1
lltp,ILL/ILLTP-SYJ-cbv,,,SYJ207+1.013.p,intuitionistic,auto,2,,5,0,none,,unknown,timeout,,two-sided,ILL,2478,28,5044.423,21391329,15214260,710976,35923055,0,0,2048,9920.000,21.339,auto,30,,1073741824,5,0.1
lltp,ILL/ILLTP-SYJ-cbv,,,SYJ207+1.014.p,intuitionistic,auto,2,,5,0,none,,unknown,timeout,,two-sided,ILL,2836,30,5045.478,20283061,14275530,619520,33970273,0,0,2048,9920.000,24.322,auto,30,,1073741824,5,0.1
lltp,ILL/ILLTP-SYJ-cbv,,,SYJ207+1.015.p,intuitionistic,auto,2,,5,0,none,,unknown,timeout,,two-sided,ILL,3218,32,5043.655,19432760,13841268,548864,32837513,0,0,2048,9920.000,16.752,auto,30,,1073741824,5,0.1
lltp,ILL/ILLTP-SYJ-cbv,,,SYJ207+1.016.p,intuitionistic,auto,2,,5,0,none,,unknown,timeout,,two-sided,ILL,3624,34,5043.059,17790167,11979013,497088,29451532,0,0,2048,9920.000,19.675,auto,30,,1073741824,5,0.1
lltp,ILL/ILLTP-SYJ-cbv,,,SYJ207+1.017.p,intuitionistic,auto,2,,5,0,none,,unknown,timeout,,two-sided,ILL,4054,36,5031.647,16326649,10253727,444000,26295214,0,0,2048,9910.000,23.950,auto,30,,1073741824,5,0.1
lltp,ILL/ILLTP-SYJ-cbv,,,SYJ207+1.018.p,intuitionistic,auto,2,,5,0,none,,unknown,timeout,,two-sided,ILL,4508,38,5042.363,15411454,9506994,401120,24655228,0,0,2048,9920.000,15.165,auto,30,,1073741824,4,0.1
lltp,ILL/ILLTP-SYJ-cbv,,,SYJ207+1.019.p,intuitionistic,auto,2,,5,0,none,,unknown,timeout,,two-sided,ILL,4986,40,5050.845,14597196,8894887,365792,23300304,0,0,2048,9920.000,21.095,auto,30,,1073741824,4,0.1
lltp,ILL/ILLTP-SYJ-cbv,,,SYJ207+1.020.p,intuitionistic,auto,2,,5,0,none,,unknown,timeout,,two-sided,ILL,5488,42,5044.999,13833883,8412060,332352,22002936,0,0,2048,9910.000,36.168,auto,30,,1073741824,4,0.1
lltp,ILL/ILLTP-SYJ-cbv,,,SYJ208+1.001.p,intuitionistic,auto,2,,5,0,none,unprovable,unknown,timeout,,two-sided,ILL,21,1,5001.873,73195452,46720321,15,52950193,0,0,2048,9870.000,17.218,auto,30,,1073741824,1049253,0.1
lltp,ILL/ILLTP-SYJ-cbv,,,SYJ208+1.002.p,intuitionistic,auto,2,,5,0,none,unprovable,unprovable,,,two-sided,ILL,68,2,102.771,855202,578467,44,704272,0,0,2048,100.000,1.351,auto,30,,1073741824,24966,0.1
lltp,ILL/ILLTP-SYJ-cbv,,,SYJ208+1.003.p,intuitionistic,auto,2,,5,0,none,unprovable,unprovable,,,two-sided,ILL,163,3,102.147,831886,611712,225,611943,0,0,2048,100.000,0.767,auto,30,,1073741824,9510,0.1
lltp,ILL/ILLTP-SYJ-cbv,,,SYJ208+1.004.p,intuitionistic,auto,2,,5,0,none,unprovable,unprovable,,,two-sided,ILL,324,4,102.446,849307,695331,1295,440468,0,0,2048,100.000,0.618,auto,30,,1073741824,3366,0.1
lltp,ILL/ILLTP-SYJ-cbv,,,SYJ208+1.005.p,intuitionistic,auto,2,,5,0,none,unprovable,unprovable,,,two-sided,ILL,569,5,113.516,1102102,1013124,10667,225636,0,0,2048,120.000,4.492,auto,30,,1073741824,874,0.1
lltp,ILL/ILLTP-SYJ-cbv,,,SYJ208+1.006.p,intuitionistic,auto,2,,5,0,none,unprovable,unknown,memory_limit,,two-sided,ILL,916,6,5002.878,55941406,55108385,84206,2125801,0,0,2048,9470.000,17.402,auto,30,,1073741824,4118,0.1
lltp,ILL/ILLTP-SYJ-cbv,,,SYJ208+1.007.p,intuitionistic,auto,2,,5,0,none,unprovable,unprovable,,,two-sided,ILL,1383,7,4341.000,18939614,15248662,1048448,4018704,0,0,2048,8530.000,21.169,auto,30,,1073741824,76,0.1
lltp,ILL/ILLTP-SYJ-cbv,,,SYJ208+1.008.p,intuitionistic,auto,2,,5,0,none,unprovable,unknown,timeout,,two-sided,ILL,1988,8,5017.658,12772687,1860609,765952,7021734,0,0,2048,9830.000,49.079,auto,30,,1073741824,1,0.1
lltp,ILL/ILLTP-SYJ-cbv,,,SYJ208+1.009.p,intuitionistic,auto,2,,5,0,none,unprovable,unknown,timeout,,two-sided,ILL,2749,9,5019.158,11691914,1707693,600704,6217040,0,0,2048,9850.000,57.078,auto,30,,1073741824,1,0.1
lltp,ILL/ILLTP-SYJ-cbv,,,SYJ208+1.010.p,intuitionistic,auto,2,,5,0,none,unprovable,unknown,timeout,,two-sided,ILL,3684,10,5021.595,10822481,1539186,453632,5566925,0,0,2048,9840.000,52.653,auto,30,,1073741824,1,0.1
lltp,ILL/ILLTP-SYJ-cbv,,,SYJ208+1.011.p,intuitionistic,auto,2,,5,0,none,unprovable,unknown,timeout,,two-sided,ILL,4811,22,5033.562,9814928,1427948,358400,4973516,0,0,2048,9880.000,56.222,auto,30,,1073741824,1,0.1
lltp,ILL/ILLTP-SYJ-cbv,,,SYJ208+1.012.p,intuitionistic,auto,2,,5,0,none,unprovable,unknown,timeout,,two-sided,ILL,6148,24,5112.020,8867144,1392628,284640,4544998,0,0,2048,10000.000,25.275,auto,30,,1073741824,1,0.1
lltp,ILL/ILLTP-SYJ-cbv,,,SYJ208+1.013.p,intuitionistic,auto,2,,5,0,none,unprovable,unknown,timeout,,two-sided,ILL,7713,26,5035.014,7888227,1317136,229920,4068418,0,0,2048,9890.000,57.257,auto,30,,1073741824,1,0.1
lltp,ILL/ILLTP-SYJ-cbv,,,SYJ208+1.014.p,intuitionistic,auto,2,,5,0,none,unprovable,unknown,timeout,,two-sided,ILL,9524,28,5047.867,7016584,1130937,189696,3532073,0,0,2048,9890.000,34.235,auto,30,,1073741824,1,0.1
lltp,ILL/ILLTP-SYJ-cbv,,,SYJ208+1.015.p,intuitionistic,auto,2,,5,0,none,unprovable,unknown,timeout,,two-sided,ILL,11599,30,5067.005,6340757,1084396,155392,3212807,0,0,2048,9940.000,42.709,auto,30,,1073741824,1,0.1
lltp,ILL/ILLTP-SYJ-cbv,,,SYJ208+1.016.p,intuitionistic,auto,2,,5,0,none,unprovable,unknown,recursion_limit,,two-sided,ILL,13956,32,5.100,2026,0,2025,2026,0,0,2048,0.000,0.000,auto,30,,1073741824,0,0.1
lltp,ILL/ILLTP-SYJ-cbv,,,SYJ208+1.017.p,intuitionistic,auto,2,,5,0,none,unprovable,unknown,recursion_limit,,two-sided,ILL,16613,34,5.626,2025,0,2024,2025,0,0,2048,0.000,0.000,auto,30,,1073741824,0,0.1
lltp,ILL/ILLTP-SYJ-cbv,,,SYJ208+1.018.p,intuitionistic,auto,2,,5,0,none,,unknown,recursion_limit,,two-sided,ILL,19588,36,7.453,2024,0,2023,2024,0,0,2048,0.000,0.000,auto,30,,1073741824,0,0.1
lltp,ILL/ILLTP-SYJ-cbv,,,SYJ208+1.019.p,intuitionistic,auto,2,,5,0,none,,unknown,recursion_limit,,two-sided,ILL,22899,38,9.157,2023,0,2022,2023,0,0,2048,0.000,1.553,auto,30,,1073741824,0,0.1
lltp,ILL/ILLTP-SYJ-cbv,,,SYJ208+1.020.p,intuitionistic,auto,2,,5,0,none,,unknown,recursion_limit,,two-sided,ILL,26564,40,10.142,2022,0,2021,2022,0,0,2048,0.000,0.000,auto,30,,1073741824,0,0.1
lltp,ILL/ILLTP-SYJ-cbv,,,SYJ209+1.003.p,intuitionistic,auto,2,,5,0,none,unprovable,unknown,timeout,,two-sided,ILL,41,3,5000.861,96081223,45992037,39,98617583,0,0,2048,9860.000,22.391,auto,30,,1073741824,26116,0.1
lltp,ILL/ILLTP-SYJ-cbv,,,SYJ209+1.004.p,intuitionistic,auto,2,,5,0,none,unprovable,unknown,timeout,,two-sided,ILL,51,4,5000.879,97496561,40608736,145,132769440,0,0,2048,9860.000,19.424,auto,30,,1073741824,632,0.1
lltp,ILL/ILLTP-SYJ-cbv,,,SYJ209+1.005.p,intuitionistic,auto,2,,5,0,none,unprovable,unknown,timeout,,two-sided,ILL,61,5,5002.792,93482785,43373815,531,155382197,0,0,2048,9870.000,14.363,auto,30,,1073741824,21,0.1
lltp,ILL/ILLTP-SYJ-cbv,,,SYJ209+1.006.p,intuitionistic,auto,2,,5,0,none,unprovable,unknown,timeout,,two-sided,ILL,71,6,5001.403,98738038,80297829,1897,105785516,0,0,2048,9860.000,14.423,auto,30,,1073741824,13,0.1
lltp,ILL/ILLTP-SYJ-cbv,,,SYJ209+1.007.p,intuitionistic,auto,2,,5,0,none,unprovable,unknown,timeout,,two-sided,ILL,81,7,5001.185,102288829,88717251,6622,79623574,0,0,2048,9860.000,11.789,auto,30,,1073741824,12,0.1
lltp,ILL/ILLTP-SYJ-cbv,,,SYJ209+1.008.p,intuitionistic,auto,2,,5,0,none,unprovable,unknown,timeout,,two-sided,ILL,91,8,5001.986,105233305,93588452,21891,68017704,0,0,2048,9870.000,15.026,auto,30,,1073741824,11,0.1
lltp,ILL/ILLTP-SYJ-cbv,,,SYJ209+1.009.p,intuitionistic,auto,2,,5,0,none,unprovable,unknown,timeout,,two-sided,ILL,101,9,5001.721,105683204,95657157,62068,59655655,0,0,2048,9860.000,12.300,auto,30,,1073741824,10,0.1
lltp,ILL/ILLTP-SYJ-cbv,,,SYJ209+1.010.p,intuitionistic,auto,2,,5,0,none,unprovable,unknown,timeout,,two-sided,ILL,111,10,5003.040,104248625,95449743,152687,52790793,0,0,2048,9870.000,13.877,auto,30,,1073741824,10,0.1
lltp,ILL/ILLTP-SYJ-cbv,,,SYJ209+1.011.p,intuitionistic,auto,2,,5,0,none,,unknown,timeout,,two-sided,ILL,121,11,5001.898,103893797,95640575,311062,47454637,0,0,2048,9870.000,13.917,auto,30,,1073741824,10,0.1
lltp,ILL/ILLTP-SYJ-cbv,,,SYJ209+1.012.p,intuitionistic,auto,2,,5,0,none,,unknown,timeout,,two-sided,ILL,131,12,5003.890,95400666,88091205,546718,39067923,0,0,2048,9880.000,14.039,auto,30,,1073741824,9,0.1
lltp,ILL/ILLTP-SYJ-cbv,,,SYJ209+1.013.p,intuitionistic,auto,2,,5,0,none,,unknown,timeout,,two-sided,ILL,141,13,5004.227,94563938,87241614,882305,34707342,0,0,2048,9870.000,16.870,auto,30,,1073741824,9,0.1
lltp,ILL/ILLTP-SYJ-cbv,,,SYJ209+1.014.p,intuitionistic,auto,2,,5,0,none,,unknown,timeout,,two-sided,ILL,151,14,5006.310,91098543,83646926,1048576,27959773,0,0,2048,9880.000,13.346,auto,30,,1073741824,8,0.1
lltp,ILL/ILLTP-SYJ-cbv,,,SYJ209+1.015.p,intuitionistic,auto,2,,5,0,none,,unknown,timeout,,two-sided,ILL,161,15,5007.371,90699021,82877772,1048576,21994594,0,0,2048,9880.000,18.305,auto,30,,1073741824,8,0.1
lltp,ILL/ILLTP-SYJ-cbv,,,SYJ209+1.016.p,intuitionistic,auto,2,,5,0,none,,unknown,timeout,,two-sided,ILL,171,16,5006.677,86498974,77967596,1048576,18028121,0,0,2048,9880.000,15.555,auto,30,,1073741824,7,0.1
lltp,ILL/ILLTP-SYJ-cbv,,,SYJ209+1.017.p,intuitionistic,auto,2,,5,0,none,,unknown,timeout,,two-sided,ILL,181,17,5006.476,85733063,76916824,1048576,15833259,0,0,2048,9880.000,15.117,auto,30,,1073741824,7,0.1
lltp,ILL/ILLTP-SYJ-cbv,,,SYJ209+1.018.p,intuitionistic,auto,2,,5,0,none,,unknown,timeout,,two-sided,ILL,191,18,5005.827,85183528,76209084,1048576,14188078,0,0,2048,9870.000,19.049,auto,30,,1073741824,7,0.1
lltp,ILL/ILLTP-SYJ-cbv,,,SYJ209+1.019.p,intuitionistic,auto,2,,5,0,none,,unknown,timeout,,two-sided,ILL,201,19,5007.863,75354735,65320720,1048576,11174632,0,0,2048,9880.000,14.512,auto,30,,1073741824,7,0.1
lltp,ILL/ILLTP-SYJ-cbv,,,SYJ209+1.020.p,intuitionistic,auto,2,,5,0,none,,unknown,timeout,,two-sided,ILL,211,20,5007.418,73137975,62415923,1048576,9627575,0,0,2048,9880.000,19.040,auto,30,,1073741824,6,0.1
lltp,ILL/ILLTP-SYJ-cbv,,,SYJ210+1.002.p,intuitionistic,auto,2,,5,0,none,unprovable,unknown,timeout,,two-sided,ILL,30,2,5001.018,86430934,72414610,49,50611740,0,0,2048,9870.000,18.605,auto,30,,1073741824,514334,0.1
lltp,ILL/ILLTP-SYJ-cbv,,,SYJ210+1.003.p,intuitionistic,auto,2,,5,0,none,unprovable,unknown,timeout,,two-sided,ILL,40,2,5001.685,96274517,86710671,195,53140023,0,0,2048,9870.000,18.364,auto,30,,1073741824,131076,0.1
lltp,ILL/ILLTP-SYJ-cbv,,,SYJ210+1.004.p,intuitionistic,auto,2,,5,0,none,unprovable,unknown,timeout,,two-sided,ILL,50,2,5001.353,101191499,93956756,753,53997950,0,0,2048,9870.000,16.331,auto,30,,1073741824,34561,0.1
lltp,ILL/ILLTP-SYJ-cbv,,,SYJ210+1.005.p,intuitionistic,auto,2,,5,0,none,unprovable,unknown,timeout,,two-sided,ILL,60,2,5001.107,101972028,96176268,2786,53486406,0,0,2048,9870.000,18.478,auto,30,,1073741824,9344,0.1
lltp,ILL/ILLTP-SYJ-cbv,,,SYJ210+1.006.p,intuitionistic,auto,2,,5,0,none,unprovable,unknown,timeout,,two-sided,ILL,70,2,5001.362,102084985,97099050,9936,53295448,0,0,2048,9870.000,18.457,auto,30,,1073741824,2600,0.1
lltp,ILL/ILLTP-SYJ-cbv,,,SYJ210+1.007.p,intuitionistic,auto,2,,5,0,none,unprovable,unknown,timeout,,two-sided,ILL,80,2,5002.538,101871491,96831450,34366,54520382,0,0,2048,9860.000,18.278,auto,30,,1073741824,712,0.1
lltp,ILL/ILLTP-SYJ-cbv,,,SYJ210+1.008.p,intuitionistic,auto,2,,5,0,none,unprovable,unknown,timeout,,two-sided,ILL,90,2,5002.244,96522859,88373058,117467,60957152,0,0,2048,9860.000,12.104,auto,30,,1073741824,132,0.1
lltp,ILL/ILLTP-SYJ-cbv,,,SYJ210+1.009.p,intuitionistic,auto,2,,5,0,none,unprovable,unknown,timeout,,two-sided,ILL,100,2,5003.248,98904102,83880366,242766,80934999,0,0,2048,9870.000,14.547,auto,30,,1073741824,12,0.1
lltp,ILL/ILLTP-SYJ-cbv,,,SYJ210+1.010.p,intuitionistic,auto,2,,5,0,none,unprovable,unknown,timeout,,two-sided,ILL,110,2,5001.881,99960487,84327593,146678,84213408,0,0,2048,9870.000,11.863,auto,30,,1073741824,11,0.1
lltp,ILL/ILLTP-SYJ-cbv,,,SYJ210+1.011.p,intuitionistic,auto,2,,5,0,none,unprovable,unknown,timeout,,two-sided,ILL,120,2,5002.569,101111081,85903478,113608,85698868,0,0,2048,9870.000,15.247,auto,30,,1073741824,11,0.1
lltp,ILL/ILLTP-SYJ-cbv,,,SYJ210+1.012.p,intuitionistic,auto,2,,5,0,none,unprovable,unknown,timeout,,two-sided,ILL,130,2,5001.507,97670257,83943450,64069,82991388,0,0,2048,9880.000,13.221,auto,30,,1073741824,10,0.1
lltp,ILL/ILLTP-SYJ-cbv,,,SYJ210+1.013.p,intuitionistic,auto,2,,5,0,none,unprovable,unknown,timeout,,two-sided,ILL,140,2,5002.133,101393255,87954479,55278,85838617,0,0,2048,9870.000,11.910,auto,30,,1073741824,10,0.1
lltp,ILL/ILLTP-SYJ-cbv,,,SYJ210+1.014.p,intuitionistic,auto,2,,5,0,none,unprovable,unknown,timeout,,two-sided,ILL,150,2,5004.203,103374165,90019451,25721,87466706,0,0,2048,9880.000,14.198,auto,30,,1073741824,9,0.1
lltp,ILL/ILLTP-SYJ-cbv,,,SYJ210+1.015.p,intuitionistic,auto,2,,5,0,none,unprovable,unknown,timeout,,two-sided,ILL,160,2,5001.797,104623180,93369119,22526,88267871,0,0,2048,9870.000,12.676,auto,30,,1073741824,9,0.1
lltp,ILL/ILLTP-SYJ-cbv,,,SYJ210+1.016.p,intuitionistic,auto,2,,5,0,none,unprovable,unknown,timeout,,two-sided,ILL,170,2,5003.602,104461564,95066053,21425,87811702,0,0,2048,9880.000,13.560,auto,30,,1073741824,9,0.1
lltp,ILL/ILLTP-SYJ-cbv,,,SYJ210+1.017.p,intuitionistic,auto,2,,5,0,none,unprovable,unknown,timeout,,two-sided,ILL,180,2,5002.270,104857788,96653943,19400,87384502,0,0,2048,9870.000,11.237,auto,30,,1073741824,9,0.1
lltp,ILL/ILLTP-SYJ-cbv,,,SYJ210+1.018.p,intuitionistic,auto,2,,5,0,none,unprovable,unknown,timeout,,two-sided,ILL,190,2,5003.513,106689184,99434424,12194,88226147,0,0,2048,9880.000,19.992,auto,30,,1073741824,9,0.1
lltp,ILL/ILLTP-SYJ-cbv,,,SYJ210+1.019.p,intuitionistic,auto,2,,5,0,none,unprovable,unknown,timeout,,two-sided,ILL,200,2,5002.821,104648561,98001941,8133,88726592,0,0,2048,9870.000,13.777,auto,30,,1073741824,8,0.1
lltp,ILL/ILLTP-SYJ-cbv,,,SYJ210+1.020.p,intuitionistic,auto,2,,5,0,none,unprovable,unknown,timeout,,two-sided,ILL,210,2,5002.257,103180242,96964194,7868,88785883,0,0,2048,9870.000,13.465,auto,30,,1073741824,8,0.1
lltp,ILL/ILLTP-SYJ-cbv,,,SYJ212+1.003.p,intuitionistic,auto,2,,5,0,none,unprovable,unknown,timeout,,two-sided,ILL,181,8,5000.874,84496890,68029644,1729,154769480,0,0,2048,9870.000,16.968,auto,30,,1073741824,2067,0.1
lltp,ILL/ILLTP-SYJ-cbv,,,SYJ212+1.004.p,intuitionistic,auto,2,,5,0,none,unprovable,unknown,timeout,,two-sided,ILL,393,16,5001.816,79570166,72322780,29367,185569665,0,0,2048,9870.000,15.457,auto,30,,1073741824,39,0.1
lltp,ILL/ILLTP-SYJ-cbv,,,SYJ212+1.005.p,intuitionistic,auto,2,,5,0,none,unprovable,unknown,timeout,,two-sided,ILL,817,32,5008.766,60927495,55568164,433660,113679559,0,0,2048,9880.000,16.851,auto,30,,1073741824,14,0.1
lltp,ILL/ILLTP-SYJ-cbv,,,SYJ212+1.006.p,intuitionistic,auto,2,,5,0,none,unprovable,unknown,timeout,,two-sided,ILL,1665,64,5016.004,49027461,43891502,519624,72308241,0,0,2048,9890.000,18.131,auto,30,,1073741824,9,0.1
lltp,ILL/ILLTP-SYJ-cbv,,,SYJ212+1.007.p,intuitionistic,auto,2,,5,0,none,unprovable,unknown,timeout,,two-sided,ILL,3361,128,5023.235,38193058,34245509,335296,58546861,0,0,2048,9900.000,20.289,auto,30,,1073741824,8,0.1
lltp,ILL/ILLTP-SYJ-cbv,,,SYJ212+1.008.p,intuitionistic,auto,2,,5,0,none,unprovable,unknown,timeout,,two-sided,ILL,6753,256,5041.344,24661033,21417811,269824,30842860,0,0,2048,9920.000,14.618,auto,30,,1073741824,7,0.1
lltp,ILL/ILLTP-SYJ-cbv,,,SYJ212+1.009.p,intuitionistic,auto,2,,5,0,none,unprovable,unknown,timeout,,two-sided,ILL,13537,512,5045.612,13626387,11163599,136448,13611554,0,0,2048,9920.000,13.478,auto,30,,1073741824,6,0.1
lltp,ILL/ILLTP-SYJ-cbv,,,SYJ212+1.010.p,intuitionistic,auto,2,,5,0,none,unprovable,unknown,timeout,,two-sided,ILL,27105,1024,5038.786,6772870,5192933,68480,5647362,0,0,2048,9910.000,38.954,auto,30,,1073741824,6,0.1
lltp,ILL/ILLTP-SYJ-cbv,,,SYJ212+1.011.p,intuitionistic,auto,2,,5,0,none,unprovable,unknown,timeout,,two-sided,ILL,54241,2048,5046.251,3407661,2505297,34240,2491245,0,0,2048,9910.000,40.729,auto,30,,1073741824,5,0.1
lltp,ILL/ILLTP-SYJ-cbv,,,SYJ212+1.012.p,intuitionistic,auto,2,,5,0,none,unprovable,unknown,timeout,,two-sided,ILL,108513,4096,5029.920,1512143,949423,17024,1002640,0,0,2048,9910.000,15.788,auto,30,,1073741824,5,0.1
lltp,ILL/ILLTP-SYJ-cbv,,,SYJ212+1.013.p,intuitionistic,auto,2,,5,0,none,unprovable,unknown,timeout,,two-sided,ILL,217057,8192,5011.638,758421,474192,8400,451732,0,0,2048,9890.000,21.341,auto,30,,1073741824,4,0.1
lltp,ILL/ILLTP-SYJ-cbv,,,SYJ212+1.014.p,intuitionistic,auto,2,,5,0,none,unprovable,unknown,timeout,,two-sided,ILL,434145,16384,5023.132,360102,212616,4064,200444,0,0,2048,9910.000,16.469,auto,30,,1073741824,4,0.1
lltp,ILL/ILLTP-SYJ-cbv,,,SYJ212+1.015.p,intuitionistic,auto,2,,5,0,none,unprovable,unknown,timeout,,two-sided,ILL,868321,32768,5015.348,167720,89689,1940,91236,0,0,2048,9880.000,18.802,auto,30,,1073741824,3,0.1
lltp,ILL/ILLTP-SYJ-cbv,,,SYJ212+1.016.p,intuitionistic,auto,2,,5,0,none,unprovable,unknown,timeout,,two-sided,ILL,1736673,65536,5011.265,71020,34373,848,38215,0,0,2048,9870.000,31.658,auto,30,,1073741824,3,0.1
lltp,ILL/ILLTP-SYN-01,,,SYN001+1.p,intuitionistic,auto,2,,5,0,none,unprovable,proved,,ok,two-sided,ILL,20,2,0.131,18,0,11,3,0,0,2048,0.000,0.000,auto,30,0.008,1073741824,2,0.1
lltp,ILL/ILLTP-SYN-01,,,SYN040+1.p,intuitionistic,auto,2,,5,0,none,unprovable,unprovable,,,two-sided,ILL,44,2,105.557,1146257,520376,17,728803,0,0,2048,110.000,2.891,auto,30,,1073741824,103216,0.1
lltp,ILL/ILLTP-SYN-01,,,SYN392+1.p,intuitionistic,auto,2,,5,0,none,unprovable,unknown,timeout,,two-sided,ILL,74,4,5004.099,84318518,60981109,89,22740438,0,0,2048,9870.000,19.649,auto,30,,1073741824,736617,0.1
lltp,ILL/ILLTP-SYN-01,,,SYN393+1.p,intuitionistic,auto,2,,5,0,none,unprovable,unknown,timeout,,two-sided,ILL,150,8,5001.424,82948415,58256258,790,30409194,0,0,2048,9870.000,17.432,auto,30,,1073741824,38654,0.1
lltp,ILL/ILLTP-SYN-cbn,,,SYN001+1.p,intuitionistic,auto,2,,5,0,none,unprovable,proved,,ok,two-sided,ILL,15,2,0.127,6,0,3,2,0,0,2048,0.000,0.001,auto,30,0.007,1073741824,2,0.1
lltp,ILL/ILLTP-SYN-cbn,,,SYN040+1.p,intuitionistic,auto,2,,5,0,none,unprovable,unknown,timeout,,two-sided,ILL,33,2,5002.706,99124493,56642554,6,84963844,0,0,2048,9870.000,13.329,auto,30,,1073741824,4824236,0.1
lltp,ILL/ILLTP-SYN-cbn,,,SYN392+1.p,intuitionistic,auto,2,,5,0,none,unprovable,unknown,timeout,,two-sided,ILL,57,4,5001.458,98153370,62461215,10,71384255,0,0,2048,9860.000,10.389,auto,30,,1073741824,3496742,0.1
lltp,ILL/ILLTP-SYN-cbn,,,SYN393+1.p,intuitionistic,auto,2,,5,0,none,unprovable,unknown,timeout,,two-sided,ILL,105,8,5002.015,94529390,74626338,44,79603900,0,0,2048,9870.000,12.250,auto,30,,1073741824,1698277,0.1
lltp,ILL/ILLTP-SYN-cbv,,,SYN001+1.p,intuitionistic,auto,2,,5,0,none,unprovable,proved,,ok,two-sided,ILL,19,2,0.111,12,0,6,4,0,0,2048,0.000,0.001,auto,30,0.009,1073741824,2,0.1
lltp,ILL/ILLTP-SYN-cbv,,,SYN040+1.p,intuitionistic,auto,2,,5,0,none,unprovable,unknown,timeout,,two-sided,ILL,41,2,5001.250,64693780,32346878,6,51755020,0,0,2048,9870.000,16.956,auto,30,,1073741824,5222392,0.1
lltp,ILL/ILLTP-SYN-cbv,,,SYN392+1.p,intuitionistic,auto,2,,5,0,none,unprovable,unknown,timeout,,two-sided,ILL,65,4,5001.241,57163773,31220663,6,49953010,0,0,2048,9870.000,18.633,auto,30,,1073741824,5277496,0.1
lltp,ILL/ILLTP-SYN-cbv,,,SYN393+1.p,intuitionistic,auto,2,,5,0,none,unprovable,unknown,timeout,,two-sided,IMELL,145,8,5002.513,57031468,42242146,80,63370221,0,0,2048,9870.000,15.722,auto,30,,1073741824,1547679,0.1
lltp,ILL/KLE-01,,,KLE001+1.p,intuitionistic,auto,2,,5,0,none,provable,proved,,ok,two-sided,IMELL,5,1,0.122,4,0,2,0,0,0,2048,0.000,0.001,auto,30,0.005,1073741824,1,0.1
lltp,ILL/KLE-01,,,KLE015+1.p,intuitionistic,auto,2,,5,0,none,provable,unknown,timeout,,two-sided,ILL,19,2,5002.339,66274161,36818967,5,51546564,0,0,2048,9880.000,17.035,auto,30,,1073741824,6002066,0.1
lltp,ILL/KLE-01,,,KLE017+1.p,intuitionistic,auto,2,,5,0,none,provable,unknown,timeout,,two-sided,ILL,27,2,5001.139,65449061,39269215,13,45814313,0,0,2048,9870.000,15.519,auto,30,,1073741824,5267464,0.1
lltp,ILL/KLE-01,,,KLE074+1.p,intuitionistic,auto,2,,5,0,none,provable,unknown,timeout,,two-sided,ILL,264,8,5002.269,76724171,64184267,18565,35947366,0,0,2048,9870.000,15.865,auto,30,,1073741824,2155,0.1
lltp,ILL/KLE-01,,,KLE075+1.p,intuitionistic,auto,2,,5,0,none,provable,unknown,timeout,,two-sided,ILL,89,4,5001.851,87851379,77471805,6356,42582555,0,0,2048,9870.000,14.509,auto,30,,1073741824,1449,0.1
lltp,ILL/KLE-01,,,KLE078+1.p,intuitionistic,auto,2,,5,0,none,provable,unknown,timeout,,two-sided,ILL,25,2,5000.837,93361900,67351802,60,40246944,0,0,2048,9870.000,18.247,auto,30,,1073741824,164248,0.1
lltp,ILL/KLE-01,,,KLE083+1.p,intuitionistic,auto,2,,5,0,none,provable,unknown,timeout,,two-sided,ILL,254,8,5000.690,84055955,49680392,8064,30717034,0,0,2048,9870.000,16.030,auto,30,,1073741824,19,0.1
lltp,ILL/KLE-01,,,KLE086+1.p,intuitionistic,auto,2,,5,0,none,provable,unknown,timeout,,two-sided,ILL,49,2,5001.674,92000074,73866114,793,34037283,0,0,2048,9870.000,18.556,auto,30,,1073741824,58489,0.1
lltp,ILL/KLE-01,,,KLE088+1.p,intuitionistic,auto,2,,5,0,none,provable,unknown,timeout,,two-sided,ILL,48,2,5001.627,82826337,67237921,1093,27882061,0,0,2048,9870.000,17.770,auto,30,,1073741824,554314,0.1
lltp,ILL/KLE-cbn,,,KLE015+1.p,intuitionistic,auto,2,,5,0,none,provable,unknown,timeout,,two-sided,ILL,15,2,5001.105,100826819,57615312,6,86422980,0,0,2048,9870.000,12.434,auto,30,,1073741824,4982154,0.1
lltp,ILL/KLE-cbn,,,KLE074+1.p,intuitionistic,auto,2,,5,0,none,provable,unknown,timeout,,two-sided,ILL,197,8,5001.578,94474117,59907532,1036,75068455,0,0,2048,9870.000,17.900,auto,30,,1073741824,4597,0.1
lltp,ILL/KLE-cbn,,,KLE075+1.p,intuitionistic,auto,2,,5,0,none,provable,unknown,timeout,,two-sided,ILL,65,4,5002.245,91847558,81439991,4065,65894820,0,0,2048,9870.000,12.930,auto,30,,1073741824,206955,0.1
lltp,ILL/KLE-cbn,,,KLE083+1.p,intuitionistic,auto,2,,5,0,none,provable,unknown,timeout,,two-sided,ILL,187,8,5002.389,81888134,57263709,3675,52296684,0,0,2048,9870.000,16.149,auto,30,,1073741824,1044,0.1
lltp,ILL/KLE-cbv,,,KLE015+1.p,intuitionistic,auto,2,,5,0,none,provable,unknown,timeout,,two-sided,ILL,18,2,5001.396,64695827,35942115,5,50318970,0,0,2048,9880.000,15.717,auto,30,,1073741824,5786699,0.1
lltp,ILL/KLE-cbv,,,KLE074+1.p,intuitionistic,auto,2,,5,0,none,provable,unknown,timeout,,two-sided,ILL,221,8,5002.871,74290715,45882678,2024,53092520,0,0,2048,9870.000,18.866,auto,30,,1073741824,8314,0.1
lltp,ILL/KLE-cbv,,,KLE075+1.p,intuitionistic,auto,2,,5,0,none,provable,unknown,timeout,,two-sided,ILL,78,4,5002.594,78391434,71674688,1681,73431151,0,0,2048,9870.000,21.824,auto,30,,1073741824,5155,0.1
lltp,ILL/KLE-cbv,,,KLE083+1.p,intuitionistic,auto,2,,5,0,none,provable,unknown,timeout,,two-sided,ILL,211,8,5002.178,82063909,54746748,505,113154553,0,0,2048,9880.000,9.425,auto,30,,1073741824,45,0.1
lltp,ILL/KLE-cbv,,,KLE086+1.p,intuitionistic,auto,2,,5,0,none,provable,unknown,timeout,,two-sided,ILL,42,2,5001.045,67865931,49043673,217,26753420,0,0,2048,9870.000,18.756,auto,30,,1073741824,3470954,0.1
lltp,ILL/KLE-cbv,,,KLE088+1.p,intuitionistic,auto,2,,5,0,none,provable,unknown,timeout,,two-sided,ILL,40,2,5001.486,69663317,50390361,161,27487758,0,0,2048,9880.000,17.288,auto,30,,1073741824,3631678,0.1
lltp,ILL/Non-theorems,,,ofcourse.p,intuitionistic,auto,2,,5,0,none,unprovable,unknown,timeout,,two-sided,IMELL,28,5,5001.576,22028674,482789,819,22027879,0,0,2048,9880.000,18.414,auto,30,,1073741824,407,0.1
lltp,ILL/petri-nets/MCC,,,AutoFlight_afcs_01_b_100_1.p,intuitionistic,auto,2,,5,0,none,provable,unknown,timeout,,two-sided,IMELL,546,4,5004.818,59096269,58181326,384290,252840837,0,0,2048,9870.000,16.682,auto,30,,1073741824,13,0.1
lltp,ILL/petri-nets/MCC,,,AutoFlight_afcs_01_b_10_1.p,intuitionistic,auto,2,,5,0,none,provable,proved,,ok,two-sided,IMELL,536,4,266.585,1945959,1884704,22106,9069486,0,0,2048,420.000,5.647,auto,30,0.025,1073741824,10,0.1
lltp,ILL/petri-nets/MCC,,,AutoFlight_afcs_01_b_20_1.p,intuitionistic,auto,2,,5,0,none,provable,unknown,timeout,,two-sided,IMELL,540,4,5005.778,51207220,50427015,310942,233290581,0,0,2048,9870.000,12.465,auto,30,,1073741824,12,0.1
lltp,ILL/petri-nets/MCC,,,AutoFlight_afcs_01_b_50_1.p,intuitionistic,auto,2,,5,0,none,provable,unknown,timeout,,two-sided,IMELL,546,4,5005.479,32660687,32059094,298056,374643882,0,0,2048,9870.000,13.545,auto,30,,1073741824,13,0.1
lltp,ILL/petri-nets/MCC,,,AutoFlight_afcs_02_b_100_1.p,intuitionistic,auto,2,,5,0,none,provable,unknown,timeout,,two-sided,IMELL,986,5,5006.037,54977497,54334915,289267,228989549,0,0,2048,9870.000,13.620,auto,30,,1073741824,12,0.1
lltp,ILL/petri-nets/MCC,,,AutoFlight_afcs_02_b_10_1.p,intuitionistic,auto,2,,5,0,none,provable,proved,,ok,two-sided,IMELL,968,5,648.946,4894784,4789980,39264,27920760,0,0,2048,1180.000,6.256,auto,30,0.030,1073741824,10,0.1
lltp,ILL/petri-nets/MCC,,,AutoFlight_afcs_02_b_20_1.p,intuitionistic,auto,2,,5,0,none,provable,unknown,timeout,,two-sided,IMELL,974,5,5004.194,28464230,28051854,214826,326672975,0,0,2048,9870.000,8.662,auto,30,,1073741824,12,0.1
lltp,ILL/petri-nets/MCC,,,AutoFlight_afcs_02_b_50_1.p,intuitionistic,auto,2,,5,0,none,provable,unknown,timeout,,two-sided,IMELL,976,5,5005.438,51149093,50567937,195236,257027716,0,0,2048,9870.000,15.887,auto,30,,1073741824,11,0.1
lltp,ILL/petri-nets/MCC,,,AutoFlight_afcs_03_b_100_1.p,intuitionistic,auto,2,,5,0,none,provable,unknown,timeout,,two-sided,IMELL,1426,6,5004.641,25512579,25181561,131179,322664962,0,0,2048,9870.000,15.418,auto,30,,1073741824,11,0.1
lltp,ILL/petri-nets/MCC,,,AutoFlight_afcs_03_b_10_1.p,intuitionistic,auto,2,,5,0,none,provable,proved,,ok,two-sided,IMELL,1400,6,1407.224,7725472,7611208,51012,71212039,0,0,2048,2700.000,12.214,auto,30,0.031,1073741824,10,0.1
lltp,ILL/petri-nets/MCC,,,AutoFlight_afcs_03_b_20_1.p,intuitionistic,auto,2,,5,0,none,provable,unknown,timeout,,two-sided,IMELL,1402,6,5004.156,27196901,26899526,111632,280863192,0,0,2048,9870.000,14.198,auto,30,,1073741824,10,0.1
lltp,ILL/petri-nets/MCC,,,AutoFlight_afcs_03_b_50_1.p,intuitionistic,auto,2,,5,0,none,provable,unknown,timeout,,two-sided,IMELL,1398,6,5006.330,46100928,45616529,162768,203386086,0,0,2048,9870.000,17.404,auto,30,,1073741824,11,0.1
lltp,ILL/petri-nets/MCC,,,AutoFlight_afcs_04_b_100_1.p,intuitionistic,auto,2,,5,0,none,provable,unknown,timeout,,two-sided,IMELL,1852,7,5004.995,42089542,41712837,133938,187051892,0,0,2048,9860.000,13.838,auto,30,,1073741824,10,0.1
lltp,ILL/petri-nets/MCC,,,AutoFlight_afcs_04_b_10_1.p,intuitionistic,auto,2,,5,0,none,provable,proved,,ok,two-sided,IMELL,1826,7,2049.966,13426120,13264518,71304,79387078,0,0,2048,3980.000,8.228,auto,30,0.037,1073741824,9,0.1
lltp,ILL/petri-nets/MCC,,,AutoFlight_afcs_04_b_20_1.p,intuitionistic,auto,2,,5,0,none,provable,unknown,timeout,,two-sided,IMELL,1834,7,5005.323,39842142,39630413,99874,155070998,0,0,2048,9870.000,7.411,auto,30,,1073741824,10,0.1
lltp,ILL/petri-nets/MCC,,,AutoFlight_afcs_04_b_50_1.p,intuitionistic,auto,2,,5,0,none,provable,unknown,timeout,,two-sided,IMELL,1830,6,5005.113,41908244,41518218,137698,186192170,0,0,2048,9870.000,14.438,auto,30,,1073741824,10,0.1
lltp,ILL/petri-nets/MCC,,,AutoFlight_afcs_05_b_100_1.p,intuitionistic,auto,2,,5,0,none,provable,unknown,timeout,,two-sided,IMELL,2270,8,5007.174,38866545,38523325,132822,179656029,0,0,2048,9880.000,14.794,auto,30,,1073741824,10,0.1
lltp,ILL/petri-nets/MCC,,,AutoFlight_afcs_05_b_10_1.p,intuitionistic,auto,2,,5,0,none,provable,proved,,ok,two-sided,IMELL,2252,8,2656.527,19096885,18912294,63301,88933071,0,0,2048,5180.000,9.705,auto,30,0.064,1073741824,9,0.1
lltp,ILL/petri-nets/MCC,,,AutoFlight_afcs_05_b_20_1.p,intuitionistic,auto,2,,5,0,none,provable,unknown,timeout,,two-sided,IMELL,2262,8,5005.730,23011750,22771038,125080,268677927,0,0,2048,9870.000,11.930,auto,30,,1073741824,10,0.1
lltp,ILL/petri-nets/MCC,,,AutoFlight_afcs_05_b_50_1.p,intuitionistic,auto,2,,5,0,none,provable,unknown,timeout,,two-sided,IMELL,2262,7,5005.255,39107379,38777804,114348,178962528,0,0,2048,9880.000,16.672,auto,30,,1073741824,10,0.1
lltp,ILL/petri-nets/MCC,,,AutoFlight_afcs_06_b_100_1.p,intuitionistic,auto,2,,5,0,none,provable,unknown,timeout,,two-sided,IMELL,2694,8,5006.967,36580258,36282662,106550,169614693,0,0,2048,9880.000,18.816,auto,30,,1073741824,9,0.1
lltp,ILL/petri-nets/MCC,,,AutoFlight_afcs_06_b_10_1.p,intuitionistic,auto,2,,5,0,none,provable,unknown,timeout,,two-sided,IMELL,2682,9,5005.560,35579915,35319852,97113,158062798,0,0,2048,9870.000,14.875,auto,30,,1073741824,9,0.1
lltp,ILL/petri-nets/MCC,,,AutoFlight_afcs_06_b_20_1.p,intuitionistic,auto,2,,5,0,none,provable,unknown,timeout,,two-sided,IMELL,2686,9,5006.436,34741826,34478080,134437,156192245,0,0,2048,9870.000,10.205,auto,30,,1073741824,10,0.1
lltp,ILL/petri-nets/MCC,,,AutoFlight_afcs_06_b_50_1.p,intuitionistic,auto,2,,5,0,none,provable,unknown,timeout,,two-sided,IMELL,2692,8,5006.426,36293186,36004192,140350,168182146,0,0,2048,9870.000,16.163,auto,30,,1073741824,10,0.1
lltp,ILL/petri-nets/MCC,,,AutoFlight_afcs_12_b_100_1.p,intuitionistic,auto,2,,5,0,none,provable,unknown,timeout,,two-sided,IMELL,5266,15,5005.990,21199626,21044963,76482,158657748,0,0,2048,9870.000,9.552,auto,30,,1073741824,9,0.1
lltp,ILL/petri-nets/MCC,,,AutoFlight_afcs_12_b_10_1.p,intuitionistic,auto,2,,5,0,none,provable,unknown,timeout,,two-sided,IMELL,5252,15,5006.268,23197835,23057044,66079,114638730,0,0,2048,9870.000,5.942,auto,30,,1073741824,8,0.1
lltp,ILL/petri-nets/MCC,,,AutoFlight_afcs_12_b_20_1.p,intuitionistic,auto,2,,5,0,none,provable,unknown,timeout,,two-sided,IMELL,5260,15,5005.735,22598315,22465936,61684,116699575,0,0,2048,9870.000,17.563,auto,30,,1073741824,8,0.1
lltp,ILL/petri-nets/MCC,,,AutoFlight_afcs_12_b_50_1.p,intuitionistic,auto,2,,5,0,none,provable,unknown,timeout,,two-sided,IMELL,5254,15,5006.324,24771621,24619225,54151,128779379,0,0,2048,9870.000,19.014,auto,30,,1073741824,8,0.1
lltp,ILL/petri-nets/MCC,,,AutoFlight_afcs_12_b_5_1.p,intuitionistic,auto,2,,5,0,none,provable,proved,,ok,two-sided,IMELL,5244,15,186.281,385293,380134,1635,3316996,0,0,2048,260.000,5.029,auto,30,0.112,1073741824,5,0.1
lltp,ILL/petri-nets/MCC,,,CloudDeployment_deploy_2_b_100_1.p,intuitionistic,auto,2,,5,0,none,provable,unknown,timeout,,two-sided,IMELL,4022,50,5003.625,30636589,30534941,33854,109542679,0,0,2048,9880.000,13.199,auto,30,,1073741824,8,0.1
lltp,ILL/petri-nets/MCC,,,CloudDeployment_deploy_2_b_10_1.p,intuitionistic,auto,2,,5,0,none,provable,unknown,timeout,,two-sided,IMELL,4018,49,5003.383,29426267,29327991,33617,105073766,0,0,2048,9870.000,12.913,auto,30,,1073741824,8,0.1
lltp,ILL/petri-nets/MCC,,,CloudDeployment_deploy_2_b_20_1.p,intuitionistic,auto,2,,5,0,none,provable,unknown,timeout,,two-sided,IMELL,4022,49,5004.231,29649952,29551620,33630,105901051,0,0,2048,9870.000,13.706,auto,30,,1073741824,8,0.1
lltp,ILL/petri-nets/MCC,,,CloudDeployment_deploy_2_b_50_1.p,intuitionistic,auto,2,,5,0,none,provable,unknown,timeout,,two-sided,IMELL,4022,50,5004.753,30802131,30698825,46946,109424565,0,0,2048,9870.000,21.313,auto,30,,1073741824,8,0.1
lltp,ILL/petri-nets/MCC,,,CloudDeployment_deploy_2_b_5_1.p,intuitionistic,auto,2,,5,0,none,provable,proved,,ok,two-sided,IMELL,4014,49,305.273,1186362,1176263,3943,5503629,0,0,2048,490.000,0.589,auto,30,0.055,1073741824,5,0.1
lltp,ILL/petri-nets/MCC,,,DES_des_00_b_100_1.p,intuitionistic,auto,2,,5,0,none,provable,unknown,timeout,,two-sided,IMELL,1396,6,5005.996,40345500,39815079,199900,266338024,0,0,2048,9880.000,16.071,auto,30,,1073741824,10,0.1
lltp,ILL/petri-nets/MCC,,,DES_des_00_b_10_1.p,intuitionistic,auto,2,,5,0,none,provable,unknown,timeout,,two-sided,IMELL,1332,6,5004.059,54327946,54117620,97997,189592508,0,0,2048,9870.000,20.712,auto,30,,1073741824,7,0.1
lltp,ILL/petri-nets/MCC,,,DES_des_00_b_20_1.p,intuitionistic,auto,2,,5,0,none,provable,unknown,timeout,,two-sided,IMELL,1352,6,5004.664,57460233,57275431,77251,185067342,0,0,2048,9870.000,17.183,auto,30,,1073741824,7,0.1
lltp,ILL/petri-nets/MCC,,,DES_des_00_b_50_1.p,intuitionistic,auto,2,,5,0,none,provable,unknown,timeout,,two-sided,IMELL,1386,6,5002.843,26576849,26509223,34609,318096938,0,0,2048,9870.000,13.359,auto,30,,1073741824,7,0.1
lltp,ILL/petri-nets/MCC,,,DES_des_01_b_100_1.p,intuitionistic,auto,2,,5,0,none,provable,unknown,timeout,,two-sided,IMELL,1454,6,5006.660,44737770,44130775,297343,229310636,0,0,2048,9880.000,15.240,auto,30,,1073741824,11,0.1
lltp,ILL/petri-nets/MCC,,,DES_des_01_b_10_1.p,intuitionistic,auto,2,,5,0,none,provable,unknown,timeout,,two-sided,IMELL,1384,6,5002.324,61378980,61298398,41190,169571509,0,0,2048,9870.000,11.688,auto,30,,1073741824,7,0.1
lltp,ILL/petri-nets/MCC,,,DES_des_01_b_20_1.p,intuitionistic,auto,2,,5,0,none,provable,unknown,timeout,,two-sided,IMELL,1404,6,5002.919,32762711,32668513,36396,328947419,0,0,2048,9880.000,11.904,auto,30,,1073741824,7,0.1
lltp,ILL/petri-nets/MCC,,,DES_des_01_b_50_1.p,intuitionistic,auto,2,,5,0,none,provable,unknown,timeout,,two-sided,IMELL,1442,6,5002.211,23705201,23674180,12298,318992545,0,0,2048,9870.000,15.366,auto,30,,1073741824,7,0.1
lltp,ILL/petri-nets/MCC,,,DES_des_02_b_100_1.p,intuitionistic,auto,2,,5,0,none,provable,unknown,timeout,,two-sided,IMELL,1486,6,5009.780,47652131,47043453,294134,218950230,0,0,2048,9880.000,20.039,auto,30,,1073741824,11,0.1
lltp,ILL/petri-nets/MCC,,,DES_des_02_b_10_1.p,intuitionistic,auto,2,,5,0,none,provable,unknown,timeout,,two-sided,IMELL,1420,6,5003.955,58595223,58487504,42666,185913034,0,0,2048,9870.000,39.035,auto,30,,1073741824,7,0.1
lltp,ILL/petri-nets/MCC,,,DES_des_02_b_20_1.p,intuitionistic,auto,2,,5,0,none,provable,unknown,timeout,,two-sided,IMELL,1440,6,5005.399,51488330,51343360,57419,210880485,0,0,2048,9880.000,11.914,auto,30,,1073741824,7,0.1
lltp,ILL/petri-nets/MCC,,,DES_des_02_b_50_1.p,intuitionistic,auto,2,,5,0,none,provable,unknown,timeout,,two-sided,IMELL,1474,6,5002.680,32906214,32809902,37046,320184561,0,0,2048,9870.000,29.574,auto,30,,1073741824,7,0.1
lltp,ILL/petri-nets/MCC,,,DES_des_05_b_100_1.p,intuitionistic,auto,2,,5,0,none,provable,unknown,timeout,,two-sided,IMELL,1582,6,5009.264,45812814,45260584,260388,213469357,0,0,2048,9880.000,13.096,auto,30,,1073741824,10,0.1
lltp,ILL/petri-nets/MCC,,,DES_des_05_b_10_1.p,intuitionistic,auto,2,,5,0,none,provable,unknown,timeout,,two-sided,IMELL,1512,6,5002.891,58371841,58281018,41494,169748273,0,0,2048,9860.000,12.735,auto,30,,1073741824,7,0.1
lltp,ILL/petri-nets/MCC,,,DES_des_05_b_20_1.p,intuitionistic,auto,2,,5,0,none,provable,unknown,timeout,,two-sided,IMELL,1532,6,5003.204,42613649,42479720,60599,276910965,0,0,2048,9860.000,36.681,auto,30,,1073741824,7,0.1
lltp,ILL/petri-nets/MCC,,,DES_des_05_b_50_1.p,intuitionistic,auto,2,,5,0,none,provable,unknown,timeout,,two-sided,IMELL,1570,6,5002.383,36109412,36010432,39736,311045579,0,0,2048,9870.000,15.136,auto,30,,1073741824,7,0.1
lltp,ILL/petri-nets/MCC,,,DES_des_10_b_100_1.p,intuitionistic,auto,2,,5,0,none,provable,unknown,timeout,,two-sided,IMELL,1742,10,5007.918,42510018,41963362,204032,229365210,0,0,2048,9880.000,17.872,auto,30,,1073741824,10,0.1
lltp,ILL/petri-nets/MCC,,,DES_des_10_b_10_1.p,intuitionistic,auto,2,,5,0,none,provable,unknown,timeout,,two-sided,IMELL,1672,10,5004.300,54992577,54906263,41467,168832530,0,0,2048,9870.000,17.472,auto,30,,1073741824,7,0.1
lltp,ILL/petri-nets/MCC,,,DES_des_10_b_20_1.p,intuitionistic,auto,2,,5,0,none,provable,unknown,timeout,,two-sided,IMELL,1692,10,5003.805,41516904,41392102,49444,266436641,0,0,2048,9870.000,12.510,auto,30,,1073741824,7,0.1
lltp,ILL/petri-nets/MCC,,,DES_des_10_b_50_1.p,intuitionistic,auto,2,,5,0,none,provable,unknown,timeout,,two-sided,IMELL,1742,10,5003.525,20976155,20819285,59190,358836151,0,0,2048,9880.000,13.431,auto,30,,1073741824,8,0.1
lltp,ILL/petri-nets/MCC,,,DES_des_20_b_100_1.p,intuitionistic,auto,2,,5,0,none,provable,unknown,timeout,,two-sided,IMELL,2062,20,5007.514,12930774,12630548,162310,302299971,0,0,2048,9870.000,14.227,auto,30,,1073741824,10,0.1
lltp,ILL/petri-nets/MCC,,,DES_des_20_b_10_1.p,intuitionistic,auto,2,,5,0,none,provable,unknown,timeout,,two-sided,IMELL,1992,20,5002.906,56800611,56720511,43579,186480655,0,0,2048,9870.000,21.351,auto,30,,1073741824,7,0.1
lltp,ILL/petri-nets/MCC,,,DES_des_20_b_20_1.p,intuitionistic,auto,2,,5,0,none,provable,unknown,timeout,,two-sided,IMELL,2012,20,5005.819,30328072,30265210,24438,329426607,0,0,2048,9870.000,13.586,auto,30,,1073741824,7,0.1
lltp,ILL/petri-nets/MCC,,,DES_des_20_b_50_1.p,intuitionistic,auto,2,,5,0,none,provable,unknown,timeout,,two-sided,IMELL,2062,20,5012.049,35898622,35370969,200585,247094373,0,0,2048,9890.000,15.474,auto,30,,1073741824,10,0.1
lltp,ILL/petri-nets/MCC,,,DES_des_30_b_100_1.p,intuitionistic,auto,2,,5,0,none,provable,unknown,timeout,,two-sided,IMELL,2374,30,5007.859,11576147,11251106,143408,302794726,0,0,2048,9870.000,13.697,auto,30,,1073741824,10,0.1
lltp,ILL/petri-nets/MCC,,,DES_des_30_b_10_1.p,intuitionistic,auto,2,,5,0,none,provable,unknown,timeout,,two-sided,IMELL,2304,30,5003.532,52039804,51981548,28727,165925626,0,0,2048,9870.000,24.311,auto,30,,1073741824,7,0.1
lltp,ILL/petri-nets/MCC,,,DES_des_30_b_20_1.p,intuitionistic,auto,2,,5,0,none,provable,unknown,timeout,,two-sided,IMELL,2324,30,5003.821,32147861,32059827,39031,289953383,0,0,2048,9870.000,13.805,auto,30,,1073741824,7,0.1
lltp,ILL/petri-nets/MCC,,,DES_des_30_b_50_1.p,intuitionistic,auto,2,,5,0,none,provable,unknown,timeout,,two-sided,IMELL,2328,31,5004.121,46612339,46465090,65386,223378853,0,0,2048,9870.000,12.917,auto,30,,1073741824,7,0.1
lltp,ILL/petri-nets/MCC,,,DES_des_40_b_100_1.p,intuitionistic,auto,2,,5,0,none,provable,unknown,timeout,,two-sided,IMELL,2694,40,5007.873,12040960,11712766,143336,311124634,0,0,2048,9880.000,14.183,auto,30,,1073741824,10,0.1
lltp,ILL/petri-nets/MCC,,,DES_des_40_b_10_1.p,intuitionistic,auto,2,,5,0,none,provable,unknown,timeout,,two-sided,IMELL,2624,40,5002.950,46100244,46036354,31364,166189220,0,0,2048,9860.000,15.550,auto,30,,1073741824,7,0.1
lltp,ILL/petri-nets/MCC,,,DES_des_40_b_20_1.p,intuitionistic,auto,2,,5,0,none,provable,unknown,timeout,,two-sided,IMELL,2644,40,5003.078,35018756,34915004,47348,268706087,0,0,2048,9860.000,17.942,auto,30,,1073741824,7,0.1
lltp,ILL/petri-nets/MCC,,,DES_des_40_b_50_1.p,intuitionistic,auto,2,,5,0,none,provable,unknown,timeout,,two-sided,IMELL,2648,41,5004.479,43491634,43367358,57518,230475147,0,0,2048,9870.000,18.020,auto,30,,1073741824,7,0.1
lltp,ILL/petri-nets/MCC,,,DES_des_50_b_100_1.p,intuitionistic,auto,2,,5,0,none,provable,unknown,timeout,,two-sided,IMELL,3014,50,5009.450,11361244,11041160,138646,324624617,0,0,2048,9870.000,16.897,auto,30,,1073741824,10,0.1
lltp,ILL/petri-nets/MCC,,,DES_des_50_b_10_1.p,intuitionistic,auto,2,,5,0,none,provable,unknown,timeout,,two-sided,IMELL,2948,51,5006.223,36455106,36341283,45705,233147320,0,0,2048,9870.000,15.532,auto,30,,1073741824,7,0.1
lltp,ILL/petri-nets/MCC,,,DES_des_50_b_20_1.p,intuitionistic,auto,2,,5,0,none,provable,unknown,timeout,,two-sided,IMELL,2968,51,5003.598,39982328,39883559,42811,214584289,0,0,2048,9870.000,14.995,auto,30,,1073741824,7,0.1
lltp,ILL/petri-nets/MCC,,,DES_des_50_b_50_1.p,intuitionistic,auto,2,,5,0,none,provable,unknown,timeout,,two-sided,IMELL,2970,51,5004.504,36953005,36818260,67860,241662760,0,0,2048,9870.000,21.942,auto,30,,1073741824,7,0.1
lltp,ILL/petri-nets/MCC,,,DES_des_60_b_100_1.p,intuitionistic,auto,2,,5,0,none,provable,unknown,timeout,,two-sided,IMELL,3334,60,5013.251,10383605,10071609,134105,308624620,0,0,2048,9880.000,13.738,auto,30,,1073741824,10,0.1
lltp,ILL/petri-nets/MCC,,,DES_des_60_b_10_1.p,intuitionistic,auto,2,,5,0,none,provable,unknown,timeout,,two-sided,IMELL,3264,60,5003.978,43430531,43386123,18651,150015422,0,0,2048,9870.000,12.127,auto,30,,1073741824,7,0.1
lltp,ILL/petri-nets/MCC,,,DES_des_60_b_20_1.p,intuitionistic,auto,2,,5,0,none,provable,unknown,timeout,,two-sided,IMELL,3284,60,5003.363,33920975,33817120,47039,238869002,0,0,2048,9870.000,19.312,auto,30,,1073741824,7,0.1
lltp,ILL/petri-nets/MCC,,,DES_des_60_b_50_1.p,intuitionistic,auto,2,,5,0,none,provable,unknown,timeout,,two-sided,IMELL,3290,61,5005.279,38122908,38006172,54241,227101268,0,0,2048,9870.000,10.801,auto,30,,1073741824,7,0.1
lltp,ILL/petri-nets/MCC,,,FlexibleBarrier_flexbar_04_a_100_1.p,intuitionistic,auto,2,,5,0,none,provable,proved,,ok,two-sided,IMELL,630,27,204.577,1021672,950013,32197,7047057,0,0,2048,290.000,5.747,auto,30,0.022,1073741824,6,0.1
lltp,ILL/petri-nets/MCC,,,FlexibleBarrier_flexbar_04_a_10_1.p,intuitionistic,auto,2,,5,0,none,provable,proved,,ok,two-sided,IMELL,630,27,203.767,1014776,943251,32197,7014608,0,0,2048,290.000,5.900,auto,30,0.021,1073741824,6,0.1
lltp,ILL/petri-nets/MCC,,,FlexibleBarrier_flexbar_04_b_10_1.p,intuitionistic,auto,2,,5,0,none,provable,proved,,ok,two-sided,IMELL,1492,17,2172.510,16521325,16348543,74015,89065839,0,0,2048,4220.000,6.473,auto,30,0.031,1073741824,8,0.1
lltp,ILL/petri-nets/MCC,,,FlexibleBarrier_flexbar_04_b_20_1.p,intuitionistic,auto,2,,5,0,none,provable,unknown,timeout,,two-sided,IMELL,1496,17,5005.920,41642326,41295715,160010,204100111,0,0,2048,9870.000,10.393,auto,30,,1073741824,9,0.1
lltp,ILL/petri-nets/MCC,,,FlexibleBarrier_flexbar_04_b_50_1.p,intuitionistic,auto,2,,5,0,none,provable,unknown,timeout,,two-sided,IMELL,1498,17,5003.539,46933405,46638641,94147,204267278,0,0,2048,9870.000,17.221,auto,30,,1073741824,8,0.1
lltp,ILL/petri-nets/MCC,,,FlexibleBarrier_flexbar_06_b_100_1.p,intuitionistic,auto,2,,5,0,none,provable,unknown,timeout,,two-sided,IMELL,3082,37,5005.131,33595523,33395164,70546,172728709,0,0,2048,9870.000,16.814,auto,30,,1073741824,7,0.1
lltp,ILL/petri-nets/MCC,,,FlexibleBarrier_flexbar_06_b_10_1.p,intuitionistic,auto,2,,5,0,none,provable,unknown,timeout,,two-sided,IMELL,3080,37,5006.029,29027176,28811909,81571,182275375,0,0,2048,9880.000,17.733,auto,30,,1073741824,7,0.1
lltp,ILL/petri-nets/MCC,,,FlexibleBarrier_flexbar_06_b_20_1.p,intuitionistic,auto,2,,5,0,none,provable,unknown,timeout,,two-sided,IMELL,3082,37,5004.963,28849627,28656560,90493,183266245,0,0,2048,9870.000,18.704,auto,30,,1073741824,7,0.1
lltp,ILL/petri-nets/MCC,,,FlexibleBarrier_flexbar_06_b_50_1.p,intuitionistic,auto,2,,5,0,none,provable,unknown,timeout,,two-sided,IMELL,3082,37,5005.311,33829874,33624093,104226,168728298,0,0,2048,9870.000,9.813,auto,30,,1073741824,7,0.1
lltp,ILL/petri-nets/MCC,,,FlexibleBarrier_flexbar_06_b_5_1.p,intuitionistic,auto,2,,5,0,none,provable,proved,,ok,two-sided,IMELL,3074,37,241.602,848274,833024,6786,5714525,0,0,2048,360.000,4.635,auto,30,0.062,1073741824,5,0.1
lltp,ILL/petri-nets/MCC,,,FlexibleBarrier_flexbar_08_b_100_1.p,intuitionistic,auto,2,,5,0,none,provable,unknown,timeout,,two-sided,IMELL,5274,65,5005.084,24513494,24383163,64337,139788638,0,0,2048,9860.000,9.395,auto,30,,1073741824,7,0.1
lltp,ILL/petri-nets/MCC,,,FlexibleBarrier_flexbar_08_b_10_1.p,intuitionistic,auto,2,,5,0,none,provable,unknown,timeout,,two-sided,IMELL,5264,65,5004.693,21471669,21352670,41807,141939212,0,0,2048,9860.000,19.415,auto,30,,1073741824,6,0.1
lltp,ILL/petri-nets/MCC,,,FlexibleBarrier_flexbar_08_b_20_1.p,intuitionistic,auto,2,,5,0,none,provable,unknown,timeout,,two-sided,IMELL,5268,65,5005.355,23353666,23229971,56806,148263635,0,0,2048,9870.000,20.379,auto,30,,1073741824,6,0.1
lltp,ILL/petri-nets/MCC,,,FlexibleBarrier_flexbar_08_b_50_1.p,intuitionistic,auto,2,,5,0,none,provable,unknown,timeout,,two-sided,IMELL,5274,65,5005.292,24058124,23937365,42732,143433353,0,0,2048,9870.000,18.071,auto,30,,1073741824,6,0.1
lltp,ILL/petri-nets/MCC,,,FlexibleBarrier_flexbar_08_b_5_1.p,intuitionistic,auto,2,,5,0,none,provable,proved,,ok,two-sided,IMELL,5260,65,619.996,2039254,2015815,9808,14295523,0,0,2048,1120.000,4.649,auto,30,0.076,1073741824,5,0.1
lltp,ILL/petri-nets/MCC,,,HouseConstruction-005_100_1.p,intuitionistic,auto,2,,5,0,none,provable,unknown,timeout,,two-sided,IMELL,122,5,5002.064,27807313,22523883,364229,111984482,0,0,2048,9870.000,13.689,auto,30,,1073741824,42,0.1
lltp,ILL/petri-nets/MCC,,,IBM319_100_1.p,intuitionistic,auto,2,,5,0,none,provable,unknown,timeout,,two-sided,IMELL,1056,4,5003.206,44265622,41636546,18031,163933374,0,0,2048,9870.000,11.888,auto,30,,1073741824,15,0.1
lltp,ILL/petri-nets/MCC,,,IBM319_10_1.p,intuitionistic,auto,2,,5,0,none,provable,proved,,ok,two-sided,IMELL,1056,4,400.030,3962002,3929725,5670,11036527,0,0,2048,680.000,3.639,auto,30,0.028,1073741824,10,0.1
lltp,ILL/petri-nets/MCC,,,IBM319_20_1.p,intuitionistic,auto,2,,5,0,none,provable,proved,,ok,two-sided,IMELL,1056,4,720.195,7447167,7388844,8147,21063284,0,0,2048,1320.000,3.364,auto,30,0.036,1073741824,14,0.1
lltp,ILL/petri-nets/MCC,,,IBM319_50_1.p,intuitionistic,auto,2,,5,0,none,provable,proved,,ok,two-sided,IMELL,1064,4,858.084,9284105,9212936,15308,26106728,0,0,2048,1590.000,5.053,auto,30,0.041,1073741824,15,0.1
lltp,ILL/petri-nets/MCC,,,IBM703_100_1.p,intuitionistic,auto,2,,5,0,none,provable,unknown,timeout,,two-sided,IMELL,1148,5,5000.541,32171005,31351056,2691,164320179,0,0,2048,9870.000,14.331,auto,30,,1073741824,11,0.1
lltp,ILL/petri-nets/MCC,,,IBM703_20_1.p,intuitionistic,auto,2,,5,0,none,provable,proved,,ok,two-sided,IMELL,1146,5,113.792,375419,367707,1922,1852823,0,0,2048,110.000,3.071,auto,30,0.032,1073741824,9,0.1
lltp,ILL/petri-nets/MCC,,,IBM703_50_1.p,intuitionistic,auto,2,,5,0,none,provable,unknown,timeout,,two-sided,IMELL,1146,5,5002.927,32602805,31764366,2770,162416962,0,0,2048,9860.000,13.576,auto,30,,1073741824,11,0.1
lltp,ILL/petri-nets/MCC,,,TokenRing-5-unfolded_100_1.p,intuitionistic,auto,2,,5,0,none,provable,proved,,ok,two-sided,IMELL,1270,11,221.957,431292,397939,4368,9235489,0,0,2048,330.000,3.184,auto,30,0.029,1073741824,28,0.1
