source,family,size,index,problem,mode,engine_requested,jobs,test_period,timeout_s,run,copies,expected,verdict,reason,checked,engine,fragment,occurrences,multiplicity,time_ms,nodes,memo_hits,memo_entries,splits,links,tests,recursion_limit,cpu_ms,wait_ms,bias,forward_copies,check_ms,memory_limit,copies_reached,pool_after
lltp,ILL/ILLTP-LCL-01,,,LCL181+1.p,intuitionistic,auto,2,,5,0,none,unprovable,unprovable,,,two-sided,ILL,44,2,102.040,1104572,551965,23,644255,0,0,2048,100.000,0.000,auto,30,,1073741824,91762,0.1
lltp,ILL/ILLTP-LCL-01,,,LCL230+1.p,intuitionistic,auto,2,,5,0,none,unprovable,unprovable,,,two-sided,ILL,25,2,0.088,102,39,24,30,0,0,2048,0.000,0.000,auto,30,,1073741824,4,0.1
lltp,ILL/ILLTP-LCL-cbn,,,LCL181+1.p,intuitionistic,auto,2,,5,0,none,unprovable,unprovable,,,two-sided,ILL,33,2,0.138,20,8,5,16,0,0,2048,0.000,0.015,auto,30,,1073741824,3,0.1
lltp,ILL/ILLTP-LCL-cbn,,,LCL230+1.p,intuitionistic,auto,2,,5,0,none,unprovable,unprovable,,,two-sided,ILL,22,2,0.066,52,16,16,17,0,0,2048,0.000,0.000,auto,30,,1073741824,3,0.1
lltp,ILL/ILLTP-LCL-cbv,,,LCL181+1.p,intuitionistic,auto,2,,5,0,none,unprovable,unprovable,,,two-sided,ILL,41,2,0.112,137,60,15,95,0,0,2048,0.000,0.000,auto,30,,1073741824,5,0.1
lltp,ILL/ILLTP-LCL-cbv,,,LCL230+1.p,intuitionistic,auto,2,,5,0,none,unprovable,unknown,timeout,,two-sided,ILL,23,2,5001.160,14599420,8275735,28,5347801,0,0,2048,9760.000,5.664,auto,30,,1073741824,882299,0.1
lltp,ILL/ILLTP-SYJ-01,,,SYJ103+1.p,intuitionistic,auto,2,,5,0,none,provable,unknown,timeout,,two-sided,ILL,27,2,5000.343,38128737,21693453,40,13098109,0,0,2048,9820.000,8.085,auto,30,,1073741824,247183,0.1
lltp,ILL/ILLTP-SYJ-01,,,SYJ105+1.003.p,intuitionistic,auto,2,,5,0,none,provable,unknown,timeout,,two-sided,ILL,28,2,5000.996,27041545,13871910,37,12642746,0,0,2048,6900.000,3.293,auto,30,,1073741824,168648,0.1
lltp,ILL/ILLTP-SYJ-01,,,SYJ105+1.004.p,intuitionistic,auto,2,,5,0,none,provable,unknown,timeout,,two-sided,ILL,39,2,5000.242,40566812,15392797,106,20018957,0,0,2048,5280.000,13.362,auto,30,,1073741824,24561,0.1
lltp,ILL/ILLTP-SYJ-01,,,SYJ106+1.p,intuitionistic,auto,2,,5,0,none,provable,proved,,ok,two-sided,ILL,50,2,0.217,487,134,186,248,0,0,2048,0.000,0.000,auto,30,0.009,1073741824,5,0.1
lltp,ILL/ILLTP-SYJ-01,,,SYJ107+1.002.p,intuitionistic,auto,2,,5,0,none,provable,proved,,ok,two-sided,ILL,41,2,0.593,3999,2118,820,713,0,0,2048,0.000,0.000,auto,30,0.007,1073741824,6,0.1
lltp,ILL/ILLTP-SYJ-01,,,SYJ107+1.003.p,intuitionistic,auto,2,,5,0,none,provable,proved,,ok,two-sided,ILL,62,2,6.529,55854,30137,7774,12396,0,0,2048,0.000,0.000,auto,30,0.013,1073741824,9,0.1
lltp,ILL/ILLTP-SYJ-01,,,SYJ107+1.004.p,intuitionistic,auto,2,,5,0,none,provable,proved,,ok,two-sided,ILL,83,2,76.747,648733,346696,66855,151467,0,0,2048,70.000,0.031,auto,30,0.024,1073741824,12,0.1
lltp,ILL/ILLTP-SYJ-01,,,SYJ201+1.001.p,intuitionistic,auto,2,,5,0,none,provable,proved,,ok,two-sided,ILL,82,5,1.683,11648,5824,1740,5631,0,0,2048,0.000,0.011,auto,30,0.012,1073741824,6,0.1
lltp,ILL/ILLTP-SYJ-01,,,SYJ201+1.002.p,intuitionistic,auto,2,,5,0,none,provable,proved,,ok,two-sided,ILL,178,7,1131.069,15499866,10545659,143672,9948026,0,0,2048,2130.000,6.448,auto,30,0.054,1073741824,8,0.1
lltp,ILL/ILLTP-SYJ-01,,,SYJ201+1.003.p,intuitionistic,auto,2,,5,0,none,provable,unknown,timeout,,two-sided,ILL,306,9,5003.535,65778825,48987250,290684,46109770,0,0,2048,9830.000,17.898,auto,30,,1073741824,8,0.1
lltp,ILL/ILLTP-SYJ-01,,,SYJ201+1.004.p,intuitionistic,auto,2,,5,0,none,provable,unknown,timeout,,two-sided,ILL,466,11,5005.621,63175624,49308955,383179,46735883,0,0,2048,9760.000,19.630,auto,30,,1073741824,7,0.1
lltp,ILL/ILLTP-SYJ-01,,,SYJ201+1.005.p,intuitionistic,auto,2,,5,0,none,provable,unknown,timeout,,two-sided,ILL,658,13,5005.980,55784034,44946574,363511,42302160,0,0,2048,9560.000,20.799,auto,30,,1073741824,7,0.1
lltp,ILL/ILLTP-SYJ-01,,,SYJ201+1.006.p,intuitionistic,auto,2,,5,0,none,provable,unknown,timeout,,two-sided,ILL,882,15,5012.602,52524541,43319158,627921,41347275,0,0,2048,9830.000,25.431,auto,30,,1073741824,6,0.1
lltp,ILL/ILLTP-SYJ-01,,,SYJ201+1.007.p,intuitionistic,auto,2,,5,0,none,provable,unknown,timeout,,two-sided,ILL,1138,17,5006.848,46009614,38497011,733310,36851449,0,0,2048,9780.000,32.198,auto,30,,1073741824,6,0.1
lltp,ILL/ILLTP-SYJ-01,,,SYJ201+1.008.p,intuitionistic,auto,2,,5,0,none,provable,unknown,timeout,,two-sided,ILL,1426,19,5020.886,41434366,35104909,736473,33845774,0,0,2048,9720.000,23.646,auto,30,,1073741824,6,0.1
lltp,ILL/ILLTP-SYJ-01,,,SYJ201+1.009.p,intuitionistic,auto,2,,5,0,none,provable,unknown,timeout,,two-sided,ILL,1746,21,5015.130,38752659,33268677,830315,32153693,0,0,2048,9640.000,22.731,auto,30,,1073741824,6,0.1
lltp,ILL/ILLTP-SYJ-01,,,SYJ201+1.010.p,intuitionistic,auto,2,,5,0,none,provable,unknown,timeout,,two-sided,ILL,2098,23,5012.618,35323073,30281234,1048576,29751544,0,0,2048,9840.000,23.684,auto,30,,1073741824,5,0.1
lltp,ILL/ILLTP-SYJ-01,,,SYJ201+1.011.p,intuitionistic,auto,2,,5,0,none,provable,unknown,timeout,,two-sided,ILL,2482,25,5039.096,31880519,27374674,1048576,27126272,0,0,2048,9860.000,24.036,auto,30,,1073741824,5,0.1
lltp,ILL/ILLTP-SYJ-01,,,SYJ201+1.012.p,intuitionistic,auto,2,,5,0,none,provable,unknown,timeout,,two-sided,ILL,2898,27,5021.391,28831829,24340651,1048576,24173758,0,0,2048,9830.000,42.108,auto,30,,1073741824,5,0.1
lltp,ILL/ILLTP-SYJ-01,,,SYJ201+1.013.p,intuitionistic,auto,2,,5,0,none,provable,unknown,timeout,,two-sided,ILL,3346,29,5007.278,26173376,21952692,1048576,21953748,0,0,2048,9810.000,26.827,auto,30,,1073741824,5,0.1
lltp,ILL/ILLTP-SYJ-01,,,SYJ201+1.014.p,intuitionistic,auto,2,,5,0,none,provable,unknown,timeout,,two-sided,ILL,3826,31,5037.281,24713811,20680979,945472,20865465,0,0,2048,9840.000,28.362,auto,30,,1073741824,5,0.1
lltp,ILL/ILLTP-SYJ-01,,,SYJ201+1.015.p,intuitionistic,auto,2,,5,0,none,provable,unknown,timeout,,two-sided,ILL,4338,33,5048.371,23211225,19332823,836864,19529203,0,0,2048,9850.000,27.847,auto,30,,1073741824,5,0.1
lltp,ILL/ILLTP-SYJ-01,,,SYJ201+1.016.p,intuitionistic,auto,2,,5,0,none,provable,unknown,timeout,,two-sided,ILL,4882,35,5045.168,21316487,17897170,741024,18343886,0,0,2048,9880.000,39.518,auto,30,,1073741824,5,0.1
lltp,ILL/ILLTP-SYJ-01,,,SYJ201+1.017.p,intuitionistic,auto,2,,5,0,none,provable,unknown,timeout,,two-sided,ILL,5458,37,5038.084,19553853,16193979,664832,16762280,0,0,2048,9880.000,32.023,auto,30,,1073741824,4,0.1
lltp,ILL/ILLTP-SYJ-01,,,SYJ201+1.018.p,intuitionistic,auto,2,,5,0,none,provable,unknown,timeout,,two-sided,ILL,6066,39,5034.677,18196081,14877462,602816,15499875,0,0,2048,9860.000,31.148,auto,30,,1073741824,4,0.1
lltp,ILL/ILLTP-SYJ-01,,,SYJ201+1.019.p,intuitionistic,auto,2,,5,0,none,provable,unknown,timeout,,two-sided,ILL,6706,41,5043.633,17798116,14710428,546208,15307443,0,0,2048,9870.000,34.025,auto,30,,1073741824,4,0.1
lltp,ILL/ILLTP-SYJ-01,,,SYJ201+1.020.p,intuitionistic,auto,2,,5,0,none,provable,unknown,timeout,,two-sided,ILL,7378,43,5023.665,15935886,12756746,497280,13449319,0,0,2048,9850.000,28.526,auto,30,,1073741824,4,0.1
lltp,ILL/ILLTP-SYJ-01,,,SYJ202+1.002.p,intuitionistic,auto,2,,5,0,none,provable,proved,,ok,two-sided,ILL,57,2,0.617,3293,1854,702,0,0,0,2048,0.000,0.000,auto,30,0.009,1073741824,4,0.1
lltp,ILL/ILLTP-SYJ-01,,,SYJ202+1.003.p,intuitionistic,auto,2,,5,0,none,provable,proved,,ok,two-sided,ILL,163,3,190.166,1623517,1134497,110890,0,0,0,2048,260.000,0.828,auto,30,0.029,1073741824,8,0.1
lltp,ILL/ILLTP-SYJ-01,,,SYJ202+1.004.p,intuitionistic,auto,2,,5,0,none,provable,unknown,timeout,,two-sided,ILL,347,4,5006.754,42391425,22952217,1048576,0,0,0,2048,9150.000,15.380,auto,30,,1073741824,9,0.1
lltp,ILL/ILLTP-SYJ-01,,,SYJ202+1.005.p,intuitionistic,auto,2,,5,0,none,provable,unknown,timeout,,two-sided,ILL,630,5,5009.901,35150910,19091692,1048576,0,0,0,2048,8610.000,23.838,auto,30,,1073741824,7,0.1
lltp,ILL/ILLTP-SYJ-01,,,SYJ202+1.006.p,intuitionistic,auto,2,,5,0,none,provable,unknown,timeout,,two-sided,ILL,1033,6,5018.461,25698792,14418731,1048576,0,0,0,2048,7750.000,8.992,auto,30,,1073741824,5,0.1
lltp,ILL/ILLTP-SYJ-01,,,SYJ202+1.007.p,intuitionistic,auto,2,,5,0,none,provable,unknown,timeout,,two-sided,ILL,1577,7,5021.541,20290780,11500512,1048576,0,0,0,2048,7470.000,13.093,auto,30,,1073741824,5,0.1
lltp,ILL/ILLTP-SYJ-01,,,SYJ202+1.008.p,intuitionistic,auto,2,,5,0,none,provable,unknown,timeout,,two-sided,ILL,2283,8,5025.894,23623077,13421304,1048576,0,0,0,2048,9850.000,23.135,auto,30,,1073741824,4,0.1
lltp,ILL/ILLTP-SYJ-01,,,SYJ202+1.009.p,intuitionistic,auto,2,,5,0,none,provable,unknown,timeout,,two-sided,ILL,3172,9,5027.621,21005112,11804503,1048576,0,0,0,2048,9860.000,25.648,auto,30,,1073741824,4,0.1
lltp,ILL/ILLTP-SYJ-01,,,SYJ203+1.002.p,intuitionistic,auto,2,,5,0,none,provable,proved,,ok,two-sided,ILL,26,3,0.138,165,31,47,46,0,0,2048,0.000,0.014,auto,30,0.007,1073741824,4,0.1
lltp,ILL/ILLTP-SYJ-01,,,SYJ203+1.003.p,intuitionistic,auto,2,,5,0,none,provable,proved,,ok,two-sided,ILL,37,4,0.199,874,269,188,251,0,0,2048,0.000,0.000,auto,30,0.005,1073741824,5,0.1
lltp,ILL/ILLTP-SYJ-01,,,SYJ203+1.004.p,intuitionistic,auto,2,,5,0,none,provable,proved,,ok,two-sided,ILL,48,5,0.702,5415,2567,709,1537,0,0,2048,0.000,0.000,auto,30,0.006,1073741824,6,0.1
lltp,ILL/ILLTP-SYJ-01,,,SYJ203+1.005.p,intuitionistic,auto,2,,5,0,none,provable,proved,,ok,two-sided,ILL,59,6,3.865,35605,20239,2521,9905,0,0,2048,0.000,0.003,auto,30,0.007,1073741824,7,0.1
lltp,ILL/ILLTP-SYJ-01,,,SYJ203+1.006.p,intuitionistic,auto,2,,5,0,none,provable,proved,,ok,two-sided,ILL,70,7,25.752,237913,147060,8681,63914,0,0,2048,20.000,0.011,auto,30,0.009,1073741824,8,0.1
lltp,ILL/ILLTP-SYJ-01,,,SYJ203+1.007.p,intuitionistic,auto,2,,5,0,none,provable,proved,,ok,two-sided,ILL,81,8,289.605,2568334,1677878,29279,654975,0,0,2048,280.000,0.146,auto,30,0.020,1073741824,9,0.1
lltp,ILL/ILLTP-SYJ-01,,,SYJ203+1.008.p,intuitionistic,auto,2,,5,0,none,provable,proved,,ok,two-sided,ILL,92,9,1380.509,12168411,8156214,97433,3022605,0,0,2048,1380.000,1.535,auto,30,0.020,1073741824,10,0.1
lltp,ILL/ILLTP-SYJ-01,,,SYJ203+1.009.p,intuitionistic,auto,2,,5,0,none,provable,unknown,timeout,,two-sided,ILL,103,10,5002.848,44229350,31270789,291717,10065692,0,0,2048,5020.000,5.783,auto,30,,1073741824,10,0.1
lltp,ILL/ILLTP-SYJ-01,,,SYJ203+1.010.p,intuitionistic,auto,2,,5,0,none,provable,unknown,timeout,,two-sided,ILL,114,11,5004.548,42426916,30044924,517509,9513701,0,0,2048,5020.000,5.133,auto,30,,1073741824,9,0.1
lltp,ILL/ILLTP-SYJ-01,,,SYJ203+1.011.p,intuitionistic,auto,2,,5,0,none,provable,unknown,timeout,,two-sided,ILL,125,12,5006.626,41030778,29474391,855374,8728176,0,0,2048,5020.000,5.344,auto,30,,1073741824,9,0.1
lltp,ILL/ILLTP-SYJ-01,,,SYJ203+1.012.p,intuitionistic,auto,2,,5,0,none,provable,unknown,timeout,,two-sided,ILL,136,13,5003.766,36430961,25279354,1048576,7417613,0,0,2048,5020.000,3.329,auto,30,,1073741824,8,0.1
lltp,ILL/ILLTP-SYJ-01,,,SYJ203+1.013.p,intuitionistic,auto,2,,5,0,none,provable,unknown,timeout,,two-sided,ILL,147,14,5002.466,34096518,21939288,1048576,6406928,0,0,2048,5020.000,4.434,auto,30,,1073741824,8,0.1
lltp,ILL/ILLTP-SYJ-01,,,SYJ203+1.014.p,intuitionistic,auto,2,,5,0,none,provable,unknown,timeout,,two-sided,ILL,158,15,5005.711,31329008,19079701,1048576,5855835,0,0,2048,5020.000,3.508,auto,30,,1073741824,7,0.1
lltp,ILL/ILLTP-SYJ-01,,,SYJ203+1.015.p,intuitionistic,auto,2,,5,0,none,provable,unknown,timeout,,two-sided,ILL,169,16,5005.464,29863740,17422926,1048576,5264490,0,0,2048,5020.000,4.138,auto,30,,1073741824,7,0.1
lltp,ILL/ILLTP-SYJ-01,,,SYJ203+1.016.p,intuitionistic,auto,2,,5,0,none,provable,unknown,timeout,,two-sided,ILL,180,17,5006.077,26306011,14505509,1048576,4381195,0,0,2048,5020.000,11.185,auto,30,,1073741824,7,0.1
lltp,ILL/ILLTP-SYJ-01,,,SYJ203+1.017.p,intuitionistic,auto,2,,5,0,none,provable,unknown,timeout,,two-sided,ILL,191,18,5005.736,27818826,14296012,1048576,4423371,0,0,2048,5010.000,4.022,auto,30,,1073741824,7,0.1
lltp,ILL/ILLTP-SYJ-01,,,SYJ203+1.018.p,intuitionistic,auto,2,,5,0,none,provable,unknown,timeout,,two-sided,ILL,202,19,5002.861,26042807,11832412,1048576,3885945,0,0,2048,5020.000,3.891,auto,30,,1073741824,7,0.1
lltp,ILL/ILLTP-SYJ-01,,,SYJ203+1.019.p,intuitionistic,auto,2,,5,0,none,provable,unknown,timeout,,two-sided,ILL,213,20,5006.802,25525825,10792659,1048576,3594382,0,0,2048,5020.000,2.491,auto,30,,1073741824,6,0.1
lltp,ILL/ILLTP-SYJ-01,,,SYJ203+1.020.p,intuitionistic,auto,2,,5,0,none,provable,unknown,timeout,,two-sided,ILL,224,21,5007.350,24711441,10305671,1048576,3401009,0,0,2048,5020.000,5.472,auto,30,,1073741824,6,0.1
lltp,ILL/ILLTP-SYJ-01,,,SYJ204+1.002.p,intuitionistic,auto,2,,5,0,none,provable,proved,,ok,two-sided,IMELL,23,2,0.118,107,45,26,70,0,0,2048,0.000,0.000,auto,30,0.007,1073741824,5,0.1
lltp,ILL/ILLTP-SYJ-01,,,SYJ204+1.003.p,intuitionistic,auto,2,,5,0,none,provable,proved,,ok,two-sided,IMELL,33,2,0.103,214,120,37,158,0,0,2048,0.000,0.000,auto,30,0.005,1073741824,5,0.1
lltp,ILL/ILLTP-SYJ-01,,,SYJ204+1.004.p,intuitionistic,auto,2,,5,0,none,provable,proved,,ok,two-sided,IMELL,43,2,0.405,2188,1406,230,1709,0,0,2048,0.000,0.000,auto,30,0.007,1073741824,7,0.1
lltp,ILL/ILLTP-SYJ-01,,,SYJ204+1.005.p,intuitionistic,auto,2,,5,0,none,provable,proved,,ok,two-sided,IMELL,53,2,0.553,3945,2827,267,3190,0,0,2048,0.000,0.000,auto,30,0.008,1073741824,7,0.1
lltp,ILL/ILLTP-SYJ-01,,,SYJ204+1.006.p,intuitionistic,auto,2,,5,0,none,provable,proved,,ok,two-sided,IMELL,63,2,0.857,6624,5011,311,5495,0,0,2048,0.000,0.000,auto,30,0.009,1073741824,7,0.1
lltp,ILL/ILLTP-SYJ-01,,,SYJ204+1.007.p,intuitionistic,auto,2,,5,0,none,provable,proved,,ok,two-sided,IMELL,73,2,1.500,13334,10364,527,11189,0,0,2048,0.000,0.000,auto,30,0.010,1073741824,7,0.1
lltp,ILL/ILLTP-SYJ-01,,,SYJ204+1.008.p,intuitionistic,auto,2,,5,0,none,provable,proved,,ok,two-sided,IMELL,83,2,45.069,449974,357869,7650,380637,0,0,2048,40.000,0.031,auto,30,0.017,1073741824,9,0.1
lltp,ILL/ILLTP-SYJ-01,,,SYJ204+1.009.p,intuitionistic,auto,2,,5,0,none,provable,proved,,ok,two-sided,IMELL,93,2,76.403,816293,661228,8258,695882,0,0,2048,70.000,0.017,auto,30,0.017,1073741824,9,0.1
lltp,ILL/ILLTP-SYJ-01,,,SYJ204+1.010.p,intuitionistic,auto,2,,5,0,none,provable,proved,,ok,two-sided,IMELL,103,2,208.626,2899313,2435425,18289,2478133,0,0,2048,310.000,3.375,auto,30,0.028,1073741824,8,0.1
lltp,ILL/ILLTP-SYJ-01,,,SYJ204+1.011.p,intuitionistic,auto,2,,5,0,none,provable,proved,,ok,two-sided,IMELL,113,2,574.484,9066408,7832622,63273,7770187,0,0,2048,1020.000,3.743,auto,30,0.024,1073741824,9,0.1
lltp,ILL/ILLTP-SYJ-01,,,SYJ204+1.012.p,intuitionistic,auto,2,,5,0,none,provable,proved,,ok,two-sided,IMELL,123,2,1683.657,28793454,25386065,121932,24980006,0,0,2048,3220.000,8.007,auto,30,0.036,1073741824,9,0.1
lltp,ILL/ILLTP-SYJ-01,,,SYJ204+1.013.p,intuitionistic,auto,2,,5,0,none,provable,proved,,ok,two-sided,IMELL,133,2,3848.545,64481689,57579788,169309,56195855,0,0,2048,7520.000,12.425,auto,30,0.040,1073741824,9,0.1
lltp,ILL/ILLTP-SYJ-01,,,SYJ204+1.014.p,intuitionistic,auto,2,,5,0,none,provable,unknown,timeout,,two-sided,IMELL,143,2,5003.659,84853646,76231847,166572,73728671,0,0,2048,9730.000,116.207,auto,30,,1073741824,9,0.1
lltp,ILL/ILLTP-SYJ-01,,,SYJ204+1.015.p,intuitionistic,auto,2,,5,0,none,provable,unknown,timeout,,two-sided,IMELL,153,2,5003.336,86569927,78058706,140259,74295256,0,0,2048,9830.000,15.212,auto,30,,1073741824,9,0.1
lltp,ILL/ILLTP-SYJ-01,,,SYJ204+1.016.p,intuitionistic,auto,2,,5,0,none,provable,unknown,timeout,,two-sided,IMELL,163,2,5001.662,86633887,77881931,91972,73669666,0,0,2048,9760.000,12.674,auto,30,,1073741824,9,0.1
lltp,ILL/ILLTP-SYJ-01,,,SYJ204+1.017.p,intuitionistic,auto,2,,5,0,none,provable,unknown,timeout,,two-sided,IMELL,173,2,5002.265,87682754,79522856,55941,75521603,0,0,2048,9730.000,17.203,auto,30,,1073741824,9,0.1
lltp,ILL/ILLTP-SYJ-01,,,SYJ204+1.018.p,intuitionistic,auto,2,,5,0,none,provable,unknown,timeout,,two-sided,IMELL,183,2,5001.418,86498740,79702330,55164,75170368,0,0,2048,9690.000,13.257,auto,30,,1073741824,9,0.1
lltp,ILL/ILLTP-SYJ-01,,,SYJ204+1.019.p,intuitionistic,auto,2,,5,0,none,provable,unknown,timeout,,two-sided,IMELL,193,2,5001.090,85941001,79309673,38907,73531297,0,0,2048,9800.000,12.590,auto,30,,1073741824,8,0.1
lltp,ILL/ILLTP-SYJ-01,,,SYJ204+1.020.p,intuitionistic,auto,2,,5,0,none,provable,unknown,timeout,,two-sided,IMELL,203,2,5001.001,87033608,80308999,33840,74707332,0,0,2048,9800.000,16.530,auto,30,,1073741824,8,0.1
lltp,ILL/ILLTP-SYJ-01,,,SYJ205+1.001.p,intuitionistic,auto,2,,5,0,none,provable,proved,,ok,two-sided,ILL,68,2,0.251,958,504,171,226,0,0,2048,0.000,0.000,auto,30,0.009,1073741824,6,0.1
lltp,ILL/ILLTP-SYJ-01,,,SYJ205+1.002.p,intuitionistic,auto,2,,5,0,none,provable,proved,,ok,two-sided,ILL,92,2,0.970,8599,6455,631,2095,0,0,2048,0.000,0.000,auto,30,0.007,1073741824,9,0.1
lltp,ILL/ILLTP-SYJ-01,,,SYJ205+1.003.p,intuitionistic,auto,2,,5,0,none,provable,proved,,ok,two-sided,ILL,116,2,5.445,50389,36436,2764,11540,0,0,2048,0.000,0.019,auto,30,0.010,1073741824,10,0.1
lltp,ILL/ILLTP-SYJ-01,,,SYJ205+1.004.p,intuitionistic,auto,2,,5,0,none,provable,proved,,ok,two-sided,ILL,140,2,27.325,256347,221962,10928,58145,0,0,2048,20.000,0.023,auto,30,0.010,1073741824,13,0.1
lltp,ILL/ILLTP-SYJ-01,,,SYJ205+1.005.p,intuitionistic,auto,2,,5,0,none,provable,proved,,ok,two-sided,ILL,164,2,198.091,2154840,1867407,45772,477915,0,0,2048,260.000,2.006,auto,30,0.017,1073741824,14,0.1
lltp,ILL/ILLTP-SYJ-01,,,SYJ205+1.006.p,intuitionistic,auto,2,,5,0,none,provable,proved,,ok,two-sided,ILL,188,2,341.627,4025515,3563563,128300,840842,0,0,2048,520.000,0.563,auto,30,0.019,1073741824,15,0.1
lltp,ILL/ILLTP-SYJ-01,,,SYJ205+1.007.p,intuitionistic,auto,2,,5,0,none,provable,proved,,ok,two-sided,ILL,212,2,698.911,9157912,8161846,321275,1872553,0,0,2048,1260.000,7.355,auto,30,0.018,1073741824,16,0.1
lltp,ILL/ILLTP-SYJ-01,,,SYJ205+1.008.p,intuitionistic,auto,2,,5,0,none,provable,proved,,ok,two-sided,ILL,236,2,4548.891,48658725,42385178,1048437,9949962,0,0,2048,6890.000,21.900,auto,30,0.022,1073741824,18,0.1
lltp,ILL/ILLTP-SYJ-01,,,SYJ205+1.009.p,intuitionistic,auto,2,,5,0,none,provable,unknown,timeout,,two-sided,ILL,260,2,5008.086,66055360,53973467,1048576,13911286,0,0,2048,9870.000,12.444,auto,30,,1073741824,18,0.1
lltp,ILL/ILLTP-SYJ-01,,,SYJ205+1.010.p,intuitionistic,auto,2,,5,0,none,provable,unknown,timeout,,two-sided,ILL,284,2,5007.870,65485473,52998605,1048576,14117816,0,0,2048,9860.000,11.483,auto,30,,1073741824,18,0.1
lltp,ILL/ILLTP-SYJ-01,,,SYJ205+1.011.p,intuitionistic,auto,2,,5,0,none,provable,unknown,timeout,,two-sided,ILL,308,2,5005.074,63469865,51107780,1048576,13697141,0,0,2048,9860.000,11.348,auto,30,,1073741824,18,0.1
lltp,ILL/ILLTP-SYJ-01,,,SYJ205+1.012.p,intuitionistic,auto,2,,5,0,none,provable,unknown,timeout,,two-sided,ILL,332,2,5007.481,61419515,49948389,1048576,13013877,0,0,2048,9860.000,14.896,auto,30,,1073741824,18,0.1
lltp,ILL/ILLTP-SYJ-01,,,SYJ205+1.013.p,intuitionistic,auto,2,,5,0,none,provable,unknown,timeout,,two-sided,ILL,356,2,5006.249,61284460,49472305,1048576,13186699,0,0,2048,9860.000,24.945,auto,30,,1073741824,18,0.1
lltp,ILL/ILLTP-SYJ-01,,,SYJ205+1.014.p,intuitionistic,auto,2,,5,0,none,provable,unknown,timeout,,two-sided,ILL,380,2,5007.238,59475238,48333208,1048576,12650340,0,0,2048,9860.000,13.596,auto,30,,1073741824,18,0.1
lltp,ILL/ILLTP-SYJ-01,,,SYJ205+1.015.p,intuitionistic,auto,2,,5,0,none,provable,unknown,timeout,,two-sided,ILL,404,2,5009.573,57612974,47264470,1048576,12220353,0,0,2048,9860.000,23.342,auto,30,,1073741824,18,0.1
lltp,ILL/ILLTP-SYJ-01,,,SYJ205+1.016.p,intuitionistic,auto,2,,5,0,none,provable,unknown,timeout,,two-sided,ILL,428,2,5009.790,56905336,46319574,1048576,12123471,0,0,2048,9800.000,14.948,auto,30,,1073741824,18,0.1
lltp,ILL/ILLTP-SYJ-01,,,SYJ205+1.017.p,intuitionistic,auto,2,,5,0,none,provable,unknown,timeout,,two-sided,ILL,452,2,5010.230,52928402,43429663,1048476,11260903,0,0,2048,9710.000,29.611,auto,30,,1073741824,18,0.1
lltp,ILL/ILLTP-SYJ-01,,,SYJ205+1.018.p,intuitionistic,auto,2,,5,0,none,provable,unknown,timeout,,two-sided,ILL,476,2,5007.123,54479760,44788619,1048576,11606251,0,0,2048,9860.000,19.032,auto,30,,1073741824,18,0.1
lltp,ILL/ILLTP-SYJ-01,,,SYJ205+1.019.p,intuitionistic,auto,2,,5,0,none,provable,unknown,timeout,,two-sided,ILL,500,2,5010.672,54345091,44764896,1048576,11607146,0,0,2048,9870.000,24.105,auto,30,,1073741824,18,0.1
lltp,ILL/ILLTP-SYJ-01,,,SYJ205+1.020.p,intuitionistic,auto,2,,5,0,none,provable,unknown,timeout,,two-sided,ILL,524,2,5007.915,47847059,40098216,1048576,9994841,0,0,2048,9780.000,22.533,auto,30,,1073741824,18,0.1
lltp,ILL/ILLTP-SYJ-01,,,SYJ206+1.003.p,intuitionistic,auto,2,,5,0,none,provable,proved,,ok,two-sided,ILL,150,8,0.659,3336,1477,740,802,0,0,2048,0.000,0.000,auto,30,0.013,1073741824,5,0.1
lltp,ILL/ILLTP-SYJ-01,,,SYJ206+1.004.p,intuitionistic,auto,2,,5,0,none,provable,proved,,ok,two-sided,ILL,334,16,18.222,120975,73089,13203,29080,0,0,2048,10.000,0.006,auto,30,0.025,1073741824,7,0.1
lltp,ILL/ILLTP-SYJ-01,,,SYJ206+1.005.p,intuitionistic,auto,2,,5,0,none,provable,proved,,ok,two-sided,ILL,702,32,812.623,7626257,5251365,372548,1696952,0,0,2048,1500.000,1.795,auto,30,0.044,1073741824,9,0.1
lltp,ILL/ILLTP-SYJ-01,,,SYJ206+1.006.p,intuitionistic,auto,2,,5,0,none,provable,unknown,timeout,,two-sided,ILL,1438,64,5017.265,44524883,34804611,631152,9175693,0,0,2048,9870.000,28.076,auto,30,,1073741824,11,0.1
lltp,ILL/ILLTP-SYJ-01,,,SYJ206+1.007.p,intuitionistic,auto,2,,5,0,none,provable,unknown,timeout,,two-sided,ILL,2910,128,5011.374,34623854,28329290,430528,6182041,0,0,2048,9860.000,16.652,auto,30,,1073741824,10,0.1
lltp,ILL/ILLTP-SYJ-01,,,SYJ206+1.008.p,intuitionistic,auto,2,,5,0,none,provable,unknown,timeout,,two-sided,ILL,5854,256,5027.437,24034014,19716556,379623,3565317,0,0,2048,9870.000,28.461,auto,30,,1073741824,9,0.1
lltp,ILL/ILLTP-SYJ-01,,,SYJ206+1.009.p,intuitionistic,auto,2,,5,0,none,provable,unknown,timeout,,two-sided,ILL,11742,512,5007.925,14249680,11488659,314304,1723944,0,0,2048,9840.000,29.555,auto,30,,1073741824,8,0.1
lltp,ILL/ILLTP-SYJ-01,,,SYJ206+1.010.p,intuitionistic,auto,2,,5,0,none,provable,unknown,timeout,,two-sided,ILL,23518,1024,5026.087,7378534,5546935,157856,789454,0,0,2048,9860.000,23.527,auto,30,,1073741824,7,0.1
lltp,ILL/ILLTP-SYJ-01,,,SYJ206+1.011.p,intuitionistic,auto,2,,5,0,none,provable,unknown,timeout,,two-sided,ILL,47070,2048,5012.936,3757871,2615562,78900,406541,0,0,2048,9860.000,17.620,auto,30,,1073741824,7,0.1
lltp,ILL/ILLTP-SYJ-01,,,SYJ206+1.012.p,intuitionistic,auto,2,,5,0,none,provable,unknown,timeout,,two-sided,ILL,94174,4096,5024.817,1803120,1178074,39262,150595,0,0,2048,9780.000,117.857,auto,30,,1073741824,6,0.1
lltp,ILL/ILLTP-SYJ-01,,,SYJ206+1.013.p,intuitionistic,auto,2,,5,0,none,provable,unknown,timeout,,two-sided,ILL,188382,8192,5033.383,856641,451604,19251,58558,0,0,2048,9880.000,35.384,auto,30,,1073741824,5,0.1
lltp,ILL/ILLTP-SYJ-01,,,SYJ206+1.014.p,intuitionistic,auto,2,,5,0,none,provable,unknown,timeout,,two-sided,ILL,376798,16384,5014.247,394980,181849,9327,24635,0,0,2048,9840.000,23.798,auto,30,,1073741824,5,0.1
lltp,ILL/ILLTP-SYJ-01,,,SYJ206+1.015.p,intuitionistic,auto,2,,5,0,none,provable,unknown,timeout,,two-sided,ILL,753630,32768,5007.730,182670,75345,4305,11076,0,0,2048,9840.000,24.039,auto,30,,1073741824,5,0.1
lltp,ILL/ILLTP-SYJ-01,,,SYJ207+1.001.p,intuitionistic,auto,2,,5,0,none,unprovable,unknown,timeout,,two-sided,ILL,58,4,5002.436,19444071,13122010,70,12612754,0,0,2048,9700.000,9.878,auto,30,,1073741824,488223,0.1
lltp,ILL/ILLTP-SYJ-01,,,SYJ207+1.002.p,intuitionistic,auto,2,,5,0,none,unprovable,unknown,timeout,,two-sided,ILL,138,6,5000.401,70254418,33498060,5580,49916973,0,0,2048,9810.000,15.951,auto,30,,1073741824,12,0.1
lltp,ILL/ILLTP-SYJ-01,,,SYJ207+1.003.p,intuitionistic,auto,2,,5,0,none,unprovable,unknown,timeout,,two-sided,ILL,250,8,5004.999,69269203,49632051,245292,47821796,0,0,2048,9850.000,16.320,auto,30,,1073741824,8,0.1
lltp,ILL/ILLTP-SYJ-01,,,SYJ207+1.004.p,intuitionistic,auto,2,,5,0,none,unprovable,unknown,timeout,,two-sided,ILL,394,10,5005.461,62854549,48017605,252112,45794092,0,0,2048,9860.000,17.286,auto,30,,1073741824,7,0.1
lltp,ILL/ILLTP-SYJ-01,,,SYJ207+1.005.p,intuitionistic,auto,2,,5,0,none,unprovable,unknown,timeout,,two-sided,ILL,570,12,5005.547,57158061,45563199,274775,42797722,0,0,2048,9860.000,18.486,auto,30,,1073741824,7,0.1
lltp,ILL/ILLTP-SYJ-01,,,SYJ207+1.006.p,intuitionistic,auto,2,,5,0,none,unprovable,unknown,timeout,,two-sided,ILL,778,14,5007.232,51993612,42438929,394754,40397525,0,0,2048,9850.000,18.334,auto,30,,1073741824,6,0.1
lltp,ILL/ILLTP-SYJ-01,,,SYJ207+1.007.p,intuitionistic,auto,2,,5,0,none,unprovable,unknown,timeout,,two-sided,ILL,1018,16,5010.097,49760583,41376517,490916,39558583,0,0,2048,9860.000,18.352,auto,30,,1073741824,6,0.1
lltp,ILL/ILLTP-SYJ-01,,,SYJ207+1.008.p,intuitionistic,auto,2,,5,0,none,,unknown,timeout,,two-sided,ILL,1290,18,5013.365,42944420,36136605,580639,34734073,0,0,2048,9850.000,28.315,auto,30,,1073741824,6,0.1
lltp,ILL/ILLTP-SYJ-01,,,SYJ207+1.009.p,intuitionistic,auto,2,,5,0,none,,unknown,timeout,,two-sided,ILL,1594,20,5012.239,38994342,33141145,565979,32020059,0,0,2048,9840.000,19.163,auto,30,,1073741824,5,0.1
lltp,ILL/ILLTP-SYJ-01,,,SYJ207+1.010.p,intuitionistic,auto,2,,5,0,none,,unknown,timeout,,two-sided,ILL,1930,22,5013.692,33928905,28749768,784923,28041536,0,0,2048,9820.000,27.891,auto,30,,1073741824,5,0.1
lltp,ILL/ILLTP-SYJ-01,,,SYJ207+1.011.p,intuitionistic,auto,2,,5,0,none,,unknown,timeout,,two-sided,ILL,2298,24,5026.023,31958625,27082579,899762,26591172,0,0,2048,9820.000,28.586,auto,30,,1073741824,5,0.1
lltp,ILL/ILLTP-SYJ-01,,,SYJ207+1.012.p,intuitionistic,auto,2,,5,0,none,,unknown,timeout,,two-sided,ILL,2698,26,5018.116,29241077,24787612,930904,24479561,0,0,2048,9820.000,28.888,auto,30,,1073741824,5,0.1
lltp,ILL/ILLTP-SYJ-01,,,SYJ207+1.013.p,intuitionistic,auto,2,,5,0,none,,unknown,timeout,,two-sided,ILL,3130,28,5043.682,27096088,23017954,926493,22834196,0,0,2048,9830.000,37.249,auto,30,,1073741824,5,0.1
lltp,ILL/ILLTP-SYJ-01,,,SYJ207+1.014.p,intuitionistic,auto,2,,5,0,none,,unknown,timeout,,two-sided,ILL,3594,30,5031.144,24887557,21091720,947415,21035657,0,0,2048,9810.000,45.596,auto,30,,1073741824,5,0.1
lltp,ILL/ILLTP-SYJ-01,,,SYJ207+1.015.p,intuitionistic,auto,2,,5,0,none,,unknown,timeout,,two-sided,ILL,4090,32,5056.244,22924134,18992546,888000,19185182,0,0,2048,9830.000,46.197,auto,30,,1073741824,5,0.1
lltp,ILL/ILLTP-SYJ-01,,,SYJ207+1.016.p,intuitionistic,auto,2,,5,0,none,,unknown,timeout,,two-sided,ILL,4618,34,5013.070,21351202,17782165,780704,17990801,0,0,2048,9790.000,61.183,auto,30,,1073741824,5,0.1
lltp,ILL/ILLTP-SYJ-01,,,SYJ207+1.017.p,intuitionistic,auto,2,,5,0,none,,unknown,timeout,,two-sided,ILL,5178,36,5040.625,19386758,15907014,705088,16433898,0,0,2048,9820.000,48.390,auto,30,,1073741824,4,0.1
lltp,ILL/ILLTP-SYJ-01,,,SYJ207+1.018.p,intuitionistic,auto,2,,5,0,none,,unknown,timeout,,two-sided,ILL,5770,38,5041.435,18388884,15034025,628864,15610998,0,0,2048,9830.000,42.025,auto,30,,1073741824,4,0.1
lltp,ILL/ILLTP-SYJ-01,,,SYJ207+1.019.p,intuitionistic,auto,2,,5,0,none,,unknown,timeout,,two-sided,ILL,6394,40,5050.071,17239143,13948745,573088,14582733,0,0,2048,9840.000,47.200,auto,30,,1073741824,4,0.1
lltp,ILL/ILLTP-SYJ-01,,,SYJ207+1.020.p,intuitionistic,auto,2,,5,0,none,,unknown,timeout,,two-sided,ILL,7050,42,5049.997,16032768,12833138,519136,13513556,0,0,2048,9850.000,41.939,auto,30,,1073741824,4,0.1
lltp,ILL/ILLTP-SYJ-01,,,SYJ208+1.001.p,intuitionistic,auto,2,,5,0,none,unprovable,unknown,timeout,,two-sided,ILL,25,1,5001.132,54799450,16418154,31,36790528,0,0,2048,9820.000,8.389,auto,30,,1073741824,122728,0.1
lltp,ILL/ILLTP-SYJ-01,,,SYJ208+1.002.p,intuitionistic,auto,2,,5,0,none,unprovable,unknown,timeout,,two-sided,ILL,81,2,5000.523,52003623,41227016,1441,13782447,0,0,2048,9850.000,12.934,auto,30,,1073741824,13042,0.1
lltp,ILL/ILLTP-SYJ-01,,,SYJ208+1.003.p,intuitionistic,auto,2,,5,0,none,unprovable,unknown,timeout,,two-sided,ILL,195,3,5003.185,56254629,49952959,122088,7557597,0,0,2048,9860.000,14.534,auto,30,,1073741824,102,0.1
lltp,ILL/ILLTP-SYJ-01,,,SYJ208+1.004.p,intuitionistic,auto,2,,5,0,none,unprovable,unknown,timeout,,two-sided,ILL,387,4,5007.804,41604541,22602138,1048576,12239,0,0,2048,9270.000,13.666,auto,30,,1073741824,9,0.1
lltp,ILL/ILLTP-SYJ-01,,,SYJ208+1.005.p,intuitionistic,auto,2,,5,0,none,unprovable,unknown,timeout,,two-sided,ILL,678,5,5011.612,31626825,17274736,1048576,0,0,0,2048,7870.000,18.198,auto,30,,1073741824,7,0.1
lltp,ILL/ILLTP-SYJ-01,,,SYJ208+1.006.p,intuitionistic,auto,2,,5,0,none,unprovable,unknown,timeout,,two-sided,ILL,1089,6,5020.397,25801167,14505654,1048576,0,0,0,2048,7920.000,39.005,auto,30,,1073741824,5,0.1
lltp,ILL/ILLTP-SYJ-01,,,SYJ208+1.007.p,intuitionistic,auto,2,,5,0,none,unprovable,unknown,timeout,,two-sided,ILL,1641,7,5022.353,20497228,11701246,1048576,0,0,0,2048,7520.000,29.016,auto,30,,1073741824,5,0.1
lltp,ILL/ILLTP-SYJ-01,,,SYJ208+1.008.p,intuitionistic,auto,2,,5,0,none,unprovable,unknown,timeout,,two-sided,ILL,2355,8,5018.924,22850323,13017747,1048576,0,0,0,2048,9840.000,26.247,auto,30,,1073741824,4,0.1
lltp,ILL/ILLTP-SYJ-01,,,SYJ208+1.009.p,intuitionistic,auto,2,,5,0,none,unprovable,unknown,timeout,,two-sided,ILL,3252,9,5009.819,20435349,11507234,1048576,0,0,0,2048,9840.000,24.135,auto,30,,1073741824,4,0.1
lltp,ILL/ILLTP-SYJ-01,,,SYJ209+1.002.p,intuitionistic,auto,2,,5,0,none,unprovable,unprovable,,,two-sided,ILL,34,2,0.137,206,48,21,84,0,0,2048,0.000,0.000,auto,30,,1073741824,5,0.1
lltp,ILL/ILLTP-SYJ-01,,,SYJ209+1.003.p,intuitionistic,auto,2,,5,0,none,unprovable,unknown,timeout,,two-sided,ILL,45,3,5000.357,38112890,1869126,81,18560527,0,0,2048,5430.000,48.282,auto,30,,1073741824,37193,0.1
lltp,ILL/ILLTP-SYJ-01,,,SYJ209+1.004.p,intuitionistic,auto,2,,5,0,none,unprovable,unknown,timeout,,two-sided,ILL,56,4,5000.325,42435446,790092,319,20937660,0,0,2048,5120.000,9.024,auto,30,,1073741824,2190,0.1
lltp,ILL/ILLTP-SYJ-01,,,SYJ209+1.005.p,intuitionistic,auto,2,,5,0,none,unprovable,unknown,timeout,,two-sided,ILL,67,5,5000.427,41799779,1078079,1184,20583937,0,0,2048,5020.000,4.334,auto,30,,1073741824,94,0.1
lltp,ILL/ILLTP-SYJ-01,,,SYJ209+1.006.p,intuitionistic,auto,2,,5,0,none,unprovable,unknown,timeout,,two-sided,ILL,78,6,5001.127,44281131,15688739,4216,17778744,0,0,2048,5020.000,7.873,auto,30,,1073741824,16,0.1
lltp,ILL/ILLTP-SYJ-01,,,SYJ209+1.007.p,intuitionistic,auto,2,,5,0,none,unprovable,unknown,timeout,,two-sided,ILL,89,7,5001.087,46143949,27187899,14607,13601140,0,0,2048,5020.000,2.948,auto,30,,1073741824,13,0.1
lltp,ILL/ILLTP-SYJ-01,,,SYJ209+1.008.p,intuitionistic,auto,2,,5,0,none,unprovable,unknown,timeout,,two-sided,ILL,100,8,5001.215,45953218,29284185,48395,12352989,0,0,2048,5020.000,3.029,auto,30,,1073741824,12,0.1
lltp,ILL/ILLTP-SYJ-01,,,SYJ209+1.009.p,intuitionistic,auto,2,,5,0,none,unprovable,unknown,timeout,,two-sided,ILL,111,9,5001.636,46449994,31557188,136051,11385171,0,0,2048,5020.000,2.621,auto,30,,1073741824,11,0.1
lltp,ILL/ILLTP-SYJ-01,,,SYJ209+1.010.p,intuitionistic,auto,2,,5,0,none,unprovable,unknown,timeout,,two-sided,ILL,122,10,5002.998,45723545,32244389,299801,10460963,0,0,2048,5020.000,3.027,auto,30,,1073741824,10,0.1
lltp,ILL/ILLTP-SYJ-01,,,SYJ209+1.011.p,intuitionistic,auto,2,,5,0,none,,unknown,timeout,,two-sided,ILL,133,11,5004.208,41402938,29389263,533700,9230316,0,0,2048,5020.000,2.387,auto,30,,1073741824,9,0.1
lltp,ILL/ILLTP-SYJ-01,,,SYJ209+1.012.p,intuitionistic,auto,2,,5,0,none,,unknown,timeout,,two-sided,ILL,144,12,5004.958,39768633,28612218,879694,8402024,0,0,2048,5020.000,2.725,auto,30,,1073741824,9,0.1
lltp,ILL/ILLTP-SYJ-01,,,SYJ209+1.013.p,intuitionistic,auto,2,,5,0,none,,unknown,timeout,,two-sided,ILL,155,13,5005.781,36212853,24720947,1048576,7263690,0,0,2048,5020.000,3.915,auto,30,,1073741824,8,0.1
lltp,ILL/ILLTP-SYJ-01,,,SYJ209+1.014.p,intuitionistic,auto,2,,5,0,none,,unknown,timeout,,two-sided,ILL,166,14,5002.102,35174426,22575354,1048576,6618055,0,0,2048,5020.000,2.274,auto,30,,1073741824,8,0.1
lltp,ILL/ILLTP-SYJ-01,,,SYJ209+1.015.p,intuitionistic,auto,2,,5,0,none,,unknown,timeout,,two-sided,ILL,177,15,5006.272,31332404,18712130,1048576,5733431,0,0,2048,5020.000,3.847,auto,30,,1073741824,7,0.1
lltp,ILL/ILLTP-SYJ-01,,,SYJ209+1.016.p,intuitionistic,auto,2,,5,0,none,,unknown,timeout,,two-sided,ILL,188,16,5005.470,30747197,17559522,1048576,5328314,0,0,2048,5020.000,2.239,auto,30,,1073741824,7,0.1
lltp,ILL/ILLTP-SYJ-01,,,SYJ209+1.017.p,intuitionistic,auto,2,,5,0,none,,unknown,timeout,,two-sided,ILL,199,17,5002.847,29022017,15773055,1048576,4763361,0,0,2048,5020.000,2.452,auto,30,,1073741824,7,0.1
lltp,ILL/ILLTP-SYJ-01,,,SYJ209+1.018.p,intuitionistic,auto,2,,5,0,none,,unknown,timeout,,two-sided,ILL,210,18,5002.477,26875205,13505814,1048576,4202951,0,0,2048,5020.000,2.690,auto,30,,1073741824,7,0.1
lltp,ILL/ILLTP-SYJ-01,,,SYJ209+1.019.p,intuitionistic,auto,2,,5,0,none,,unknown,timeout,,two-sided,ILL,221,19,5003.294,25826481,11390352,1048576,3786761,0,0,2048,5020.000,2.590,auto,30,,1073741824,7,0.1
lltp,ILL/ILLTP-SYJ-01,,,SYJ209+1.020.p,intuitionistic,auto,2,,5,0,none,,unknown,timeout,,two-sided,ILL,232,20,5006.190,25103373,10548043,1048576,3483316,0,0,2048,5020.000,2.179,auto,30,,1073741824,6,0.1
lltp,ILL/ILLTP-SYJ-01,,,SYJ210+1.001.p,intuitionistic,auto,2,,5,0,none,unprovable,unknown,timeout,,two-sided,ILL,21,2,5000.220,22608782,16149079,15,12919321,0,0,2048,9460.000,2.914,auto,30,,1073741824,437903,0.1
lltp,ILL/ILLTP-SYJ-01,,,SYJ210+1.002.p,intuitionistic,auto,2,,5,0,none,unprovable,unknown,timeout,,two-sided,ILL,31,2,5000.597,35630606,30540133,61,19375376,0,0,2048,7390.000,5.068,auto,30,,1073741824,158828,0.1
lltp,ILL/ILLTP-SYJ-01,,,SYJ210+1.003.p,intuitionistic,auto,2,,5,0,none,unprovable,unknown,timeout,,two-sided,ILL,41,2,5000.995,43910041,39874770,233,23091253,0,0,2048,6030.000,8.360,auto,30,,1073741824,49038,0.1
lltp,ILL/ILLTP-SYJ-01,,,SYJ210+1.004.p,intuitionistic,auto,2,,5,0,none,unprovable,unknown,timeout,,two-sided,ILL,51,2,5000.954,45806720,42668201,861,23676424,0,0,2048,5850.000,30.429,auto,30,,1073741824,13543,0.1
lltp,ILL/ILLTP-SYJ-01,,,SYJ210+1.005.p,intuitionistic,auto,2,,5,0,none,unprovable,unknown,timeout,,two-sided,ILL,61,2,5001.030,49540208,46755002,3103,25454349,0,0,2048,5430.000,27.920,auto,30,,1073741824,4026,0.1
lltp,ILL/ILLTP-SYJ-01,,,SYJ210+1.006.p,intuitionistic,auto,2,,5,0,none,unprovable,unknown,timeout,,two-sided,ILL,71,2,5000.752,50252139,47567865,10869,26212905,0,0,2048,5150.000,11.814,auto,30,,1073741824,1141,0.1
lltp,ILL/ILLTP-SYJ-01,,,SYJ210+1.007.p,intuitionistic,auto,2,,5,0,none,unprovable,unknown,timeout,,two-sided,ILL,81,2,5001.350,49560425,46326558,37381,27549063,0,0,2048,5050.000,6.535,auto,30,,1073741824,291,0.1
lltp,ILL/ILLTP-SYJ-01,,,SYJ210+1.008.p,intuitionistic,auto,2,,5,0,none,unprovable,unknown,timeout,,two-sided,ILL,91,2,5001.094,50350390,42310293,126147,38663948,0,0,2048,5010.000,2.514,auto,30,,1073741824,17,0.1
lltp,ILL/ILLTP-SYJ-01,,,SYJ210+1.009.p,intuitionistic,auto,2,,5,0,none,unprovable,unknown,timeout,,two-sided,ILL,101,2,5000.749,50969315,42156958,111127,41374655,0,0,2048,5020.000,4.761,auto,30,,1073741824,11,0.1
lltp,ILL/ILLTP-SYJ-01,,,SYJ210+1.010.p,intuitionistic,auto,2,,5,0,none,unprovable,unknown,timeout,,two-sided,ILL,111,2,5000.877,51959381,43267181,88877,42297987,0,0,2048,5020.000,2.668,auto,30,,1073741824,11,0.1
lltp,ILL/ILLTP-SYJ-01,,,SYJ210+1.011.p,intuitionistic,auto,2,,5,0,none,unprovable,unknown,timeout,,two-sided,ILL,121,2,5000.760,53403500,44818592,52442,43164298,0,0,2048,5020.000,3.361,auto,30,,1073741824,10,0.1
lltp,ILL/ILLTP-SYJ-01,,,SYJ210+1.012.p,intuitionistic,auto,2,,5,0,none,unprovable,unknown,timeout,,two-sided,ILL,131,2,5000.888,48521863,41056761,31717,39308279,0,0,2048,5010.000,5.143,auto,30,,1073741824,10,0.1
lltp,ILL/ILLTP-SYJ-01,,,SYJ210+1.013.p,intuitionistic,auto,2,,5,0,none,unprovable,unknown,timeout,,two-sided,ILL,141,2,5000.299,53321644,45088726,7832,42668148,0,0,2048,5010.000,5.233,auto,30,,1073741824,9,0.1
lltp,ILL/ILLTP-SYJ-01,,,SYJ210+1.014.p,intuitionistic,auto,2,,5,0,none,unprovable,unknown,timeout,,two-sided,ILL,151,2,5001.050,52396473,44955120,3141,41871587,0,0,2048,5010.000,2.908,auto,30,,1073741824,9,0.1
lltp,ILL/ILLTP-SYJ-01,,,SYJ210+1.015.p,intuitionistic,auto,2,,5,0,none,unprovable,unknown,timeout,,two-sided,ILL,161,2,5000.537,53738845,46812971,2666,43095203,0,0,2048,5010.000,2.616,auto,30,,1073741824,9,0.1
lltp,ILL/ILLTP-SYJ-01,,,SYJ210+1.016.p,intuitionistic,auto,2,,5,0,none,unprovable,unknown,timeout,,two-sided,ILL,171,2,5000.284,53362245,47035786,2759,43315192,0,0,2048,5010.000,2.645,auto,30,,1073741824,9,0.1
lltp,ILL/ILLTP-SYJ-01,,,SYJ210+1.017.p,intuitionistic,auto,2,,5,0,none,unprovable,unknown,timeout,,two-sided,ILL,181,2,5000.333,53741998,47894357,695,44071632,0,0,2048,5020.000,2.896,auto,30,,1073741824,8,0.1
lltp,ILL/ILLTP-SYJ-01,,,SYJ210+1.018.p,intuitionistic,auto,2,,5,0,none,unprovable,unknown,timeout,,two-sided,ILL,191,2,5000.737,54093796,48506693,728,45268380,0,0,2048,5020.000,2.290,auto,30,,1073741824,8,0.1
lltp,ILL/ILLTP-SYJ-01,,,SYJ210+1.019.p,intuitionistic,auto,2,,5,0,none,unprovable,unknown,timeout,,two-sided,ILL,201,2,5000.908,50968835,45919736,761,43775669,0,0,2048,5020.000,1.710,auto,30,,1073741824,8,0.1
lltp,ILL/ILLTP-SYJ-01,,,SYJ210+1.020.p,intuitionistic,auto,2,,5,0,none,unprovable,unknown,timeout,,two-sided,ILL,211,2,5000.639,52597267,47589497,788,46173859,0,0,2048,5020.000,3.042,auto,30,,1073741824,8,0.1
lltp,ILL/ILLTP-SYJ-01,,,SYJ211+1.001.p,intuitionistic,auto,2,,5,0,none,unprovable,unknown,timeout,,two-sided,ILL,43,2,5000.566,10753087,7885584,6,8602464,0,0,2048,9800.000,6.200,auto,30,,1073741824,643981,0.1
lltp,ILL/ILLTP-SYJ-01,,,SYJ211+1.002.p,intuitionistic,auto,2,,5,0,none,unprovable,unknown,timeout,,two-sided,ILL,61,2,5000.928,12179494,9642082,8,10149571,0,0,2048,9770.000,7.787,auto,30,,1073741824,460477,0.1
lltp,ILL/ILLTP-SYJ-01,,,SYJ211+1.003.p,intuitionistic,auto,2,,5,0,none,unprovable,unknown,timeout,,two-sided,ILL,79,2,5000.884,12603290,10442695,10,10802811,0,0,2048,9820.000,12.271,auto,30,,1073741824,329548,0.1
lltp,ILL/ILLTP-SYJ-01,,,SYJ211+1.004.p,intuitionistic,auto,2,,5,0,none,unprovable,unknown,timeout,,two-sided,ILL,97,2,5000.517,13765302,11757828,12,12044628,0,0,2048,9840.000,8.906,auto,30,,1073741824,263548,0.1
lltp,ILL/ILLTP-SYJ-01,,,SYJ211+1.005.p,intuitionistic,auto,2,,5,0,none,unprovable,unknown,timeout,,two-sided,ILL,115,2,5001.039,13334061,11640814,14,11852486,0,0,2048,9830.000,9.437,auto,30,,1073741824,193260,0.1
lltp,ILL/ILLTP-SYJ-01,,,SYJ211+1.006.p,intuitionistic,auto,2,,5,0,none,unprovable,unknown,timeout,,two-sided,ILL,133,2,5002.649,13719041,12175602,16,12347122,0,0,2048,9830.000,7.881,auto,30,,1073741824,157991,0.1
lltp,ILL/ILLTP-SYJ-01,,,SYJ211+1.007.p,intuitionistic,auto,2,,5,0,none,unprovable,unknown,timeout,,two-sided,ILL,151,2,5000.636,13721487,12335420,18,12474063,0,0,2048,9840.000,9.419,auto,30,,1073741824,127416,0.1
lltp,ILL/ILLTP-SYJ-01,,,SYJ211+1.008.p,intuitionistic,auto,2,,5,0,none,unprovable,unknown,timeout,,two-sided,ILL,169,2,5000.899,14339938,13025392,20,13144925,0,0,2048,9840.000,9.062,auto,30,,1073741824,110745,0.1
lltp,ILL/ILLTP-SYJ-01,,,SYJ211+1.009.p,intuitionistic,auto,2,,5,0,none,unprovable,unknown,timeout,,two-sided,ILL,187,2,5000.969,14290085,13090847,22,13190827,0,0,2048,9850.000,8.526,auto,30,,1073741824,92660,0.1
lltp,ILL/ILLTP-SYJ-01,,,SYJ211+1.010.p,intuitionistic,auto,2,,5,0,none,unprovable,unknown,timeout,,two-sided,ILL,205,2,5000.300,15862121,14634646,24,14729089,0,0,2048,9840.000,11.232,auto,30,,1073741824,88182,0.1
lltp,ILL/ILLTP-SYJ-01,,,SYJ211+1.011.p,intuitionistic,auto,2,,5,0,none,unprovable,unknown,timeout,,two-sided,ILL,223,2,5000.294,15236271,14142332,26,14220494,0,0,2048,9820.000,9.760,auto,30,,1073741824,72959,0.1
lltp,ILL/ILLTP-SYJ-01,,,SYJ211+1.012.p,intuitionistic,auto,2,,5,0,none,unprovable,unknown,timeout,,two-sided,ILL,241,2,5000.446,15493836,14456214,28,14525445,0,0,2048,9830.000,6.217,auto,30,,1073741824,64477,0.1
lltp,ILL/ILLTP-SYJ-01,,,SYJ211+1.013.p,intuitionistic,auto,2,,5,0,none,unprovable,unknown,timeout,,two-sided,ILL,259,2,5001.062,14924890,13988349,30,14046927,0,0,2048,9590.000,107.271,auto,30,,1073741824,54688,0.1
lltp,ILL/ILLTP-SYJ-01,,,SYJ211+1.014.p,intuitionistic,auto,2,,5,0,none,unprovable,unknown,timeout,,two-sided,ILL,277,2,5001.007,15586904,14666749,32,14720935,0,0,2048,9830.000,8.909,auto,30,,1073741824,50725,0.1
lltp,ILL/ILLTP-SYJ-01,,,SYJ211+1.015.p,intuitionistic,auto,2,,5,0,none,unprovable,unknown,timeout,,two-sided,ILL,295,2,5000.718,15278458,14426942,34,14474296,0,0,2048,9840.000,10.346,auto,30,,1073741824,44133,0.1
lltp,ILL/ILLTP-SYJ-01,,,SYJ211+1.016.p,intuitionistic,auto,2,,5,0,none,unprovable,unknown,timeout,,two-sided,ILL,313,2,5001.113,15764032,14931938,36,14975796,0,0,2048,9820.000,12.045,auto,30,,1073741824,41015,0.1
lltp,ILL/ILLTP-SYJ-01,,,SYJ211+1.017.p,intuitionistic,auto,2,,5,0,none,unprovable,unknown,timeout,,two-sided,ILL,331,2,5001.185,15519788,14741755,38,14780714,0,0,2048,9840.000,9.415,auto,30,,1073741824,36399,0.1
lltp,ILL/ILLTP-SYJ-01,,,SYJ211+1.018.p,intuitionistic,auto,2,,5,0,none,unprovable,unknown,timeout,,two-sided,ILL,349,2,5001.180,15874808,15117043,40,15153187,0,0,2048,9840.000,8.846,auto,30,,1073741824,33825,0.1
lltp,ILL/ILLTP-SYJ-01,,,SYJ211+1.019.p,intuitionistic,auto,2,,5,0,none,unprovable,unknown,timeout,,two-sided,ILL,367,2,5001.218,15708147,14992564,42,15025143,0,0,2048,9830.000,11.538,auto,30,,1073741824,30457,0.1
lltp,ILL/ILLTP-SYJ-01,,,SYJ211+1.020.p,intuitionistic,auto,2,,5,0,none,unprovable,unknown,timeout,,two-sided,ILL,385,2,5001.223,15831115,15141409,44,15171442,0,0,2048,9830.000,10.959,auto,30,,1073741824,28130,0.1
lltp,ILL/ILLTP-SYJ-01,,,SYJ212+1.001.p,intuitionistic,auto,2,,5,0,none,unprovable,proved,,ok,two-sided,ILL,25,2,0.154,309,138,51,100,0,0,2048,0.000,0.000,auto,30,0.007,1073741824,6,0.1
lltp,ILL/ILLTP-SYJ-01,,,SYJ212+1.002.p,intuitionistic,auto,2,,5,0,none,unprovable,unprovable,,,two-sided,ILL,82,4,0.356,2411,685,51,1043,0,0,2048,0.000,0.000,auto,30,,1073741824,9,0.1
lltp,ILL/ILLTP-SYJ-01,,,SYJ212+1.003.p,intuitionistic,auto,2,,5,0,none,unprovable,unknown,timeout,,two-sided,ILL,198,8,5002.413,76043888,47607990,8342,26378954,0,0,2048,9870.000,6.800,auto,30,,1073741824,1250,0.1
lltp,ILL/ILLTP-SYJ-01,,,SYJ212+1.004.p,intuitionistic,auto,2,,5,0,none,unprovable,unknown,timeout,,two-sided,ILL,430,16,5006.787,63707517,44270827,853219,21079391,0,0,2048,9860.000,16.827,auto,30,,1073741824,23,0.1
lltp,ILL/ILLTP-SYJ-01,,,SYJ212+1.005.p,intuitionistic,auto,2,,5,0,none,unprovable,unknown,timeout,,two-sided,ILL,894,32,5009.854,50673404,38213538,837795,12790694,0,0,2048,9850.000,12.625,auto,30,,1073741824,13,0.1
lltp,ILL/ILLTP-SYJ-01,,,SYJ212+1.006.p,intuitionistic,auto,2,,5,0,none,unprovable,unknown,timeout,,two-sided,ILL,1822,64,5012.864,38567477,30788301,615930,7915533,0,0,2048,9860.000,34.900,auto,30,,1073741824,11,0.1
lltp,ILL/ILLTP-SYJ-01,,,SYJ212+1.007.p,intuitionistic,auto,2,,5,0,none,unprovable,unknown,timeout,,two-sided,ILL,3678,128,5016.343,30356579,24623654,529137,5597282,0,0,2048,9840.000,33.837,auto,30,,1073741824,10,0.1
lltp,ILL/ILLTP-SYJ-01,,,SYJ212+1.008.p,intuitionistic,auto,2,,5,0,none,unprovable,unknown,timeout,,two-sided,ILL,7390,256,5020.483,20282908,16517680,429056,3008026,0,0,2048,9850.000,29.317,auto,30,,1073741824,9,0.1
lltp,ILL/ILLTP-SYJ-01,,,SYJ212+1.009.p,intuitionistic,auto,2,,5,0,none,unprovable,unknown,timeout,,two-sided,ILL,14814,512,5031.912,11821045,9211894,250192,1415891,0,0,2048,9880.000,22.493,auto,30,,1073741824,8,0.1
lltp,ILL/ILLTP-SYJ-01,,,SYJ212+1.010.p,intuitionistic,auto,2,,5,0,none,unprovable,unknown,timeout,,two-sided,ILL,29662,1024,5028.447,5927038,4269544,125368,609047,0,0,2048,9880.000,18.703,auto,30,,1073741824,7,0.1
lltp,ILL/ILLTP-SYJ-01,,,SYJ212+1.011.p,intuitionistic,auto,2,,5,0,none,unprovable,unknown,timeout,,two-sided,ILL,59358,2048,5022.760,2965031,1947719,62556,312157,0,0,2048,9870.000,10.376,auto,30,,1073741824,7,0.1
lltp,ILL/ILLTP-SYJ-01,,,SYJ212+1.012.p,intuitionistic,auto,2,,5,0,none,unprovable,unknown,timeout,,two-sided,ILL,118750,4096,5030.738,1398062,840543,31050,115492,0,0,2048,9880.000,16.594,auto,30,,1073741824,6,0.1
lltp,ILL/ILLTP-SYJ-01,,,SYJ212+1.013.p,intuitionistic,auto,2,,5,0,none,unprovable,unknown,timeout,,two-sided,ILL,237534,8192,5038.166,661906,350672,15208,51790,0,0,2048,9890.000,22.615,auto,30,,1073741824,6,0.1
lltp,ILL/ILLTP-SYJ-01,,,SYJ212+1.014.p,intuitionistic,auto,2,,5,0,none,unprovable,unknown,timeout,,two-sided,ILL,475102,16384,5018.125,301452,133172,7292,19330,0,0,2048,9860.000,15.505,auto,30,,1073741824,5,0.1
lltp,ILL/ILLTP-SYJ-01,,,SYJ212+1.015.p,intuitionistic,auto,2,,5,0,none,unprovable,unknown,timeout,,two-sided,ILL,950238,32768,5009.675,139455,54007,3296,8584,0,0,2048,9830.000,20.726,auto,30,,1073741824,5,0.1
lltp,ILL/ILLTP-SYJ-cbn,,,SYJ103+1.p,intuitionistic,auto,2,,5,0,none,provable,unknown,timeout,,two-sided,ILL,23,2,5000.718,31037346,17412674,38,10635636,0,0,2048,9700.000,10.981,auto,30,,1073741824,286179,0.1
lltp,ILL/ILLTP-SYJ-cbn,,,SYJ105+1.003.p,intuitionistic,auto,2,,5,0,none,provable,unknown,timeout,,two-sided,ILL,23,2,5000.637,29251358,14153864,22,13839326,0,0,2048,7240.000,55.450,auto,30,,1073741824,302970,0.1
lltp,ILL/ILLTP-SYJ-cbn,,,SYJ105+1.004.p,intuitionistic,auto,2,,5,0,none,provable,unknown,timeout,,two-sided,ILL,32,2,5000.756,41221303,16768422,62,20422373,0,0,2048,5480.000,31.761,auto,30,,1073741824,52468,0.1
lltp,ILL/ILLTP-SYJ-cbn,,,SYJ106+1.p,intuitionistic,auto,2,,5,0,none,provable,proved,,ok,two-sided,ILL,38,2,0.137,52,12,24,37,0,0,2048,0.000,0.011,auto,30,0.009,1073741824,4,0.1
lltp,ILL/ILLTP-SYJ-cbn,,,SYJ107+1.002.p,intuitionistic,auto,2,,5,0,none,provable,proved,,ok,two-sided,ILL,38,2,0.295,1544,777,406,304,0,0,2048,0.000,0.000,auto,30,0.007,1073741824,5,0.1
lltp,ILL/ILLTP-SYJ-cbn,,,SYJ107+1.003.p,intuitionistic,auto,2,,5,0,none,provable,proved,,ok,two-sided,ILL,57,2,2.259,17206,9703,3307,4468,0,0,2048,0.000,0.012,auto,30,0.011,1073741824,7,0.1
lltp,ILL/ILLTP-SYJ-cbn,,,SYJ107+1.004.p,intuitionistic,auto,2,,5,0,none,provable,proved,,ok,two-sided,ILL,76,2,22.306,175775,104401,25975,49273,0,0,2048,20.000,0.036,auto,30,0.021,1073741824,9,0.1
lltp,ILL/ILLTP-SYJ-cbn,,,SYJ201+1.001.p,intuitionistic,auto,2,,5,0,none,provable,proved,,ok,two-sided,ILL,56,5,0.199,426,224,158,192,0,0,2048,0.000,0.000,auto,30,0.009,1073741824,4,0.1
lltp,ILL/ILLTP-SYJ-cbn,,,SYJ201+1.002.p,intuitionistic,auto,2,,5,0,none,provable,proved,,ok,two-sided,ILL,114,7,1.270,8267,5770,2006,3752,0,0,2048,0.000,0.000,auto,30,0.013,1073741824,5,0.1
lltp,ILL/ILLTP-SYJ-cbn,,,SYJ201+1.003.p,intuitionistic,auto,2,,5,0,none,provable,proved,,ok,two-sided,ILL,188,9,5.915,40514,29940,8973,18828,0,0,2048,0.000,0.000,auto,30,0.018,1073741824,5,0.1
lltp,ILL/ILLTP-SYJ-cbn,,,SYJ201+1.004.p,intuitionistic,auto,2,,5,0,none,provable,proved,,ok,two-sided,ILL,278,11,1810.914,15654634,13582795,1004611,1885409,0,0,2048,3470.000,11.392,auto,30,0.042,1073741824,6,0.1
lltp,ILL/ILLTP-SYJ-cbn,,,SYJ201+1.005.p,intuitionistic,auto,2,,5,0,none,provable,proved,,ok,two-sided,ILL,384,13,398.453,3327039,2721181,267904,1418732,0,0,2048,670.000,3.589,auto,30,0.051,1073741824,6,0.1
lltp,ILL/ILLTP-SYJ-cbn,,,SYJ201+1.006.p,intuitionistic,auto,2,,5,0,none,provable,proved,,ok,two-sided,ILL,506,15,999.609,8312135,6920218,740012,3599736,0,0,2048,1860.000,8.401,auto,30,0.053,1073741824,6,0.1
lltp,ILL/ILLTP-SYJ-cbn,,,SYJ201+1.007.p,intuitionistic,auto,2,,5,0,none,provable,proved,,ok,two-sided,ILL,644,17,2562.392,19652842,16143669,1048576,8677957,0,0,2048,4950.000,23.992,auto,30,0.069,1073741824,6,0.1
lltp,ILL/ILLTP-SYJ-cbn,,,SYJ201+1.008.p,intuitionistic,auto,2,,5,0,none,provable,unknown,timeout,,two-sided,ILL,798,19,5014.380,35111422,28545809,1048576,11233429,0,0,2048,9820.000,13.272,auto,30,,1073741824,6,0.1
lltp,ILL/ILLTP-SYJ-cbn,,,SYJ201+1.009.p,intuitionistic,auto,2,,5,0,none,provable,unknown,timeout,,two-sided,ILL,968,21,5014.685,29464241,20851389,1048576,10650897,0,0,2048,9820.000,19.389,auto,30,,1073741824,6,0.1
lltp,ILL/ILLTP-SYJ-cbn,,,SYJ201+1.010.p,intuitionistic,auto,2,,5,0,none,provable,unknown,timeout,,two-sided,ILL,1154,23,5019.543,29534347,23266841,1048576,12978722,0,0,2048,9830.000,26.924,auto,30,,1073741824,6,0.1
lltp,ILL/ILLTP-SYJ-cbn,,,SYJ201+1.011.p,intuitionistic,auto,2,,5,0,none,provable,unknown,timeout,,two-sided,ILL,1356,25,5012.405,25281075,18999590,1048576,13847326,0,0,2048,9820.000,25.822,auto,30,,1073741824,6,0.1
lltp,ILL/ILLTP-SYJ-cbn,,,SYJ201+1.012.p,intuitionistic,auto,2,,5,0,none,provable,unknown,timeout,,two-sided,ILL,1574,27,5017.066,19122521,12318882,1048576,14123980,0,0,2048,9820.000,17.154,auto,30,,1073741824,5,0.1
lltp,ILL/ILLTP-SYJ-cbn,,,SYJ201+1.013.p,intuitionistic,auto,2,,5,0,none,provable,unknown,timeout,,two-sided,ILL,1808,29,5028.685,18207482,11614164,1048576,13441442,0,0,2048,9820.000,27.848,auto,30,,1073741824,5,0.1
lltp,ILL/ILLTP-SYJ-cbn,,,SYJ201+1.014.p,intuitionistic,auto,2,,5,0,none,provable,unknown,timeout,,two-sided,ILL,2058,31,5014.511,17691075,11264952,1048576,13078139,0,0,2048,9800.000,24.360,auto,30,,1073741824,5,0.1
lltp,ILL/ILLTP-SYJ-cbn,,,SYJ201+1.015.p,intuitionistic,auto,2,,5,0,none,provable,unknown,timeout,,two-sided,ILL,2324,33,5027.334,16740196,10680437,1048576,12678726,0,0,2048,9810.000,18.555,auto,30,,1073741824,5,0.1
lltp,ILL/ILLTP-SYJ-cbn,,,SYJ201+1.016.p,intuitionistic,auto,2,,5,0,none,provable,unknown,timeout,,two-sided,ILL,2606,35,5008.075,15628683,9766762,1048576,12236424,0,0,2048,9680.000,124.585,auto,30,,1073741824,5,0.1
lltp,ILL/ILLTP-SYJ-cbn,,,SYJ201+1.017.p,intuitionistic,auto,2,,5,0,none,provable,unknown,timeout,,two-sided,ILL,2904,37,5032.454,14689660,8947148,1048576,12122018,0,0,2048,9800.000,24.939,auto,30,,1073741824,5,0.1
lltp,ILL/ILLTP-SYJ-cbn,,,SYJ201+1.018.p,intuitionistic,auto,2,,5,0,none,provable,unknown,timeout,,two-sided,ILL,3218,39,5013.877,13889416,8472857,1048576,11514140,0,0,2048,9790.000,23.051,auto,30,,1073741824,5,0.1
lltp,ILL/ILLTP-SYJ-cbn,,,SYJ201+1.019.p,intuitionistic,auto,2,,5,0,none,provable,unknown,timeout,,two-sided,ILL,3548,41,5036.537,13113355,7729446,1011648,11163940,0,0,2048,9810.000,23.077,auto,30,,1073741824,5,0.1
lltp,ILL/ILLTP-SYJ-cbn,,,SYJ201+1.020.p,intuitionistic,auto,2,,5,0,none,provable,unknown,timeout,,two-sided,ILL,3894,43,5029.374,12642682,7568885,930688,10705079,0,0,2048,9800.000,29.825,auto,30,,1073741824,5,0.1
lltp,ILL/ILLTP-SYJ-cbn,,,SYJ202+1.002.p,intuitionistic,auto,2,,5,0,none,provable,proved,,ok,two-sided,ILL,51,2,0.380,2033,1113,454,0,0,0,2048,0.000,0.000,auto,30,0.008,1073741824,4,0.1
lltp,ILL/ILLTP-SYJ-cbn,,,SYJ202+1.003.p,intuitionistic,auto,2,,5,0,none,provable,proved,,ok,two-sided,ILL,145,3,82.560,556920,377670,74396,0,0,0,2048,70.000,0.024,auto,30,0.028,1073741824,8,0.1
lltp,ILL/ILLTP-SYJ-cbn,,,SYJ202+1.004.p,intuitionistic,auto,2,,5,0,none,provable,unknown,timeout,,two-sided,ILL,307,4,5013.338,45444962,23570578,1048576,0,0,0,2048,9640.000,21.617,auto,30,,1073741824,10,0.1
lltp,ILL/ILLTP-SYJ-cbn,,,SYJ202+1.005.p,intuitionistic,auto,2,,5,0,none,provable,unknown,timeout,,two-sided,ILL,555,5,5014.941,37468225,20042421,1048576,0,0,0,2048,9190.000,11.275,auto,30,,1073741824,7,0.1
lltp,ILL/ILLTP-SYJ-cbn,,,SYJ202+1.006.p,intuitionistic,auto,2,,5,0,none,provable,unknown,timeout,,two-sided,ILL,907,6,5009.908,33378864,18470846,1048576,0,0,0,2048,9780.000,15.909,auto,30,,1073741824,6,0.1
lltp,ILL/ILLTP-SYJ-cbn,,,SYJ202+1.007.p,intuitionistic,auto,2,,5,0,none,provable,unknown,timeout,,two-sided,ILL,1381,7,5013.670,27877899,15526573,1048576,0,0,0,2048,9850.000,24.854,auto,30,,1073741824,5,0.1
lltp,ILL/ILLTP-SYJ-cbn,,,SYJ202+1.008.p,intuitionistic,auto,2,,5,0,none,provable,unknown,timeout,,two-sided,ILL,1995,8,5029.612,21704123,12313674,1048576,0,0,0,2048,8840.000,21.921,auto,30,,1073741824,4,0.1
lltp,ILL/ILLTP-SYJ-cbn,,,SYJ202+1.009.p,intuitionistic,auto,2,,5,0,none,provable,unknown,timeout,,two-sided,ILL,2767,9,5014.253,20651316,12016318,1048576,0,0,0,2048,9840.000,27.525,auto,30,,1073741824,4,0.1
lltp,ILL/ILLTP-SYJ-cbn,,,SYJ203+1.002.p,intuitionistic,auto,2,,5,0,none,provable,proved,,ok,two-sided,ILL,22,3,0.098,105,24,28,29,0,0,2048,0.000,0.000,auto,30,0.006,1073741824,4,0.1
lltp,ILL/ILLTP-SYJ-cbn,,,SYJ203+1.003.p,intuitionistic,auto,2,,5,0,none,provable,proved,,ok,two-sided,ILL,31,4,0.162,556,179,108,140,0,0,2048,0.000,0.000,auto,30,0.005,1073741824,5,0.1
lltp,ILL/ILLTP-SYJ-cbn,,,SYJ203+1.004.p,intuitionistic,auto,2,,5,0,none,provable,proved,,ok,two-sided,ILL,40,5,0.462,3168,1455,412,812,0,0,2048,0.000,0.000,auto,30,0.005,1073741824,6,0.1
lltp,ILL/ILLTP-SYJ-cbn,,,SYJ203+1.005.p,intuitionistic,auto,2,,5,0,none,provable,proved,,ok,two-sided,ILL,49,6,2.131,19397,10895,1477,5057,0,0,2048,0.000,0.010,auto,30,0.007,1073741824,7,0.1
lltp,ILL/ILLTP-SYJ-cbn,,,SYJ203+1.006.p,intuitionistic,auto,2,,5,0,none,provable,proved,,ok,two-sided,ILL,58,7,12.764,124267,77107,5125,31929,0,0,2048,10.000,0.007,auto,30,0.008,1073741824,8,0.1
lltp,ILL/ILLTP-SYJ-cbn,,,SYJ203+1.007.p,intuitionistic,auto,2,,5,0,none,provable,proved,,ok,two-sided,ILL,67,8,85.127,825027,540091,17405,206938,0,0,2048,80.000,0.024,auto,30,0.009,1073741824,9,0.1
lltp,ILL/ILLTP-SYJ-cbn,,,SYJ203+1.008.p,intuitionistic,auto,2,,5,0,none,provable,proved,,ok,two-sided,ILL,76,9,715.052,6615638,4477053,58253,1593568,0,0,2048,710.000,0.630,auto,30,0.020,1073741824,10,0.1
lltp,ILL/ILLTP-SYJ-cbn,,,SYJ203+1.009.p,intuitionistic,auto,2,,5,0,none,provable,proved,,ok,two-sided,ILL,85,10,4302.055,40909831,28343327,192795,9623714,0,0,2048,4310.000,4.214,auto,30,0.021,1073741824,11,0.1
lltp,ILL/ILLTP-SYJ-cbn,,,SYJ203+1.010.p,intuitionistic,auto,2,,5,0,none,provable,unknown,timeout,,two-sided,ILL,94,11,5003.394,46210391,33317965,413509,9968540,0,0,2048,5020.000,4.568,auto,30,,1073741824,10,0.1
lltp,ILL/ILLTP-SYJ-cbn,,,SYJ203+1.011.p,intuitionistic,auto,2,,5,0,none,provable,unknown,timeout,,two-sided,ILL,103,12,5005.231,44323414,31833001,726756,9396349,0,0,2048,5020.000,4.922,auto,30,,1073741824,10,0.1
lltp,ILL/ILLTP-SYJ-cbn,,,SYJ203+1.012.p,intuitionistic,auto,2,,5,0,none,provable,unknown,timeout,,two-sided,ILL,112,13,5001.222,41762486,29700381,1048576,8070779,0,0,2048,5020.000,2.701,auto,30,,1073741824,9,0.1
lltp,ILL/ILLTP-SYJ-cbn,,,SYJ203+1.013.p,intuitionistic,auto,2,,5,0,none,provable,unknown,timeout,,two-sided,ILL,121,14,5004.192,38590627,24417486,1048576,6868023,0,0,2048,5020.000,2.739,auto,30,,1073741824,8,0.1
lltp,ILL/ILLTP-SYJ-cbn,,,SYJ203+1.014.p,intuitionistic,auto,2,,5,0,none,provable,unknown,timeout,,two-sided,ILL,130,15,5005.754,35536893,21327757,1048576,5638192,0,0,2048,5020.000,3.623,auto,30,,1073741824,8,0.1
lltp,ILL/ILLTP-SYJ-cbn,,,SYJ203+1.015.p,intuitionistic,auto,2,,5,0,none,provable,unknown,timeout,,two-sided,ILL,139,16,5005.579,32660553,18175763,1048576,5026547,0,0,2048,5020.000,2.271,auto,30,,1073741824,7,0.1
lltp,ILL/ILLTP-SYJ-cbn,,,SYJ203+1.016.p,intuitionistic,auto,2,,5,0,none,provable,unknown,timeout,,two-sided,ILL,148,17,5005.995,31440169,16534314,1048576,4290920,0,0,2048,5020.000,2.084,auto,30,,1073741824,7,0.1
lltp,ILL/ILLTP-SYJ-cbn,,,SYJ203+1.017.p,intuitionistic,auto,2,,5,0,none,provable,unknown,timeout,,two-sided,ILL,157,18,5002.902,30711010,15632705,1048576,3894664,0,0,2048,5020.000,2.423,auto,30,,1073741824,7,0.1
lltp,ILL/ILLTP-SYJ-cbn,,,SYJ203+1.018.p,intuitionistic,auto,2,,5,0,none,provable,unknown,timeout,,two-sided,ILL,166,19,5001.720,29679471,14751020,1048576,3668777,0,0,2048,5020.000,2.583,auto,30,,1073741824,7,0.1
lltp,ILL/ILLTP-SYJ-cbn,,,SYJ203+1.019.p,intuitionistic,auto,2,,5,0,none,provable,unknown,timeout,,two-sided,ILL,175,20,5006.105,28462249,12847957,1048576,3117927,0,0,2048,5020.000,3.439,auto,30,,1073741824,7,0.1
lltp,ILL/ILLTP-SYJ-cbn,,,SYJ203+1.020.p,intuitionistic,auto,2,,5,0,none,provable,unknown,timeout,,two-sided,ILL,184,21,5005.640,27422088,11646809,1048576,2855480,0,0,2048,5020.000,2.412,auto,30,,1073741824,6,0.1
lltp,ILL/ILLTP-SYJ-cbn,,,SYJ204+1.002.p,intuitionistic,auto,2,,5,0,none,provable,proved,,ok,two-sided,IMELL,19,2,0.143,17,6,5,13,0,0,2048,0.000,0.017,auto,30,0.006,1073741824,3,0.1
lltp,ILL/ILLTP-SYJ-cbn,,,SYJ204+1.003.p,intuitionistic,auto,2,,5,0,none,provable,proved,,ok,two-sided,IMELL,27,2,0.077,37,20,7,32,0,0,2048,0.000,0.014,auto,30,0.004,1073741824,4,0.1
lltp,ILL/ILLTP-SYJ-cbn,,,SYJ204+1.004.p,intuitionistic,auto,2,,5,0,none,provable,proved,,ok,two-sided,IMELL,35,2,0.092,70,46,9,64,0,0,2048,0.000,0.012,auto,30,0.005,1073741824,5,0.1
lltp,ILL/ILLTP-SYJ-cbn,,,SYJ204+1.005.p,intuitionistic,auto,2,,5,0,none,provable,proved,,ok,two-sided,IMELL,43,2,0.111,120,88,11,113,0,0,2048,0.000,0.003,auto,30,0.006,1073741824,6,0.1
lltp,ILL/ILLTP-SYJ-cbn,,,SYJ204+1.006.p,intuitionistic,auto,2,,5,0,none,provable,proved,,ok,two-sided,IMELL,51,2,0.116,191,150,13,183,0,0,2048,0.000,0.012,auto,30,0.007,1073741824,7,0.1
lltp,ILL/ILLTP-SYJ-cbn,,,SYJ204+1.007.p,intuitionistic,auto,2,,5,0,none,provable,proved,,ok,two-sided,IMELL,59,2,0.118,287,236,15,278,0,0,2048,0.000,0.000,auto,30,0.007,1073741824,8,0.1
lltp,ILL/ILLTP-SYJ-cbn,,,SYJ204+1.008.p,intuitionistic,auto,2,,5,0,none,provable,proved,,ok,two-sided,IMELL,67,2,0.137,412,350,17,402,0,0,2048,0.000,0.012,auto,30,0.008,1073741824,9,0.1
lltp,ILL/ILLTP-SYJ-cbn,,,SYJ204+1.009.p,intuitionistic,auto,2,,5,0,none,provable,proved,,ok,two-sided,IMELL,75,2,0.162,570,496,19,559,0,0,2048,0.000,0.003,auto,30,0.009,1073741824,10,0.1
lltp,ILL/ILLTP-SYJ-cbn,,,SYJ204+1.010.p,intuitionistic,auto,2,,5,0,none,provable,proved,,ok,two-sided,IMELL,83,2,0.191,765,678,21,753,0,0,2048,0.000,0.007,auto,30,0.010,1073741824,11,0.1
lltp,ILL/ILLTP-SYJ-cbn,,,SYJ204+1.011.p,intuitionistic,auto,2,,5,0,none,provable,proved,,ok,two-sided,IMELL,91,2,0.204,1001,900,23,988,0,0,2048,0.000,0.000,auto,30,0.011,1073741824,12,0.1
lltp,ILL/ILLTP-SYJ-cbn,,,SYJ204+1.012.p,intuitionistic,auto,2,,5,0,none,provable,proved,,ok,two-sided,IMELL,99,2,0.238,1282,1166,25,1268,0,0,2048,0.000,0.022,auto,30,0.011,1073741824,13,0.1
lltp,ILL/ILLTP-SYJ-cbn,,,SYJ204+1.013.p,intuitionistic,auto,2,,5,0,none,provable,proved,,ok,two-sided,IMELL,107,2,0.311,1612,1480,27,1597,0,0,2048,0.000,0.002,auto,30,0.013,1073741824,14,0.1
lltp,ILL/ILLTP-SYJ-cbn,,,SYJ204+1.014.p,intuitionistic,auto,2,,5,0,none,provable,proved,,ok,two-sided,IMELL,115,2,0.275,1995,1846,29,1979,0,0,2048,0.000,0.013,auto,30,0.012,1073741824,15,0.1
lltp,ILL/ILLTP-SYJ-cbn,,,SYJ204+1.015.p,intuitionistic,auto,2,,5,0,none,provable,proved,,ok,two-sided,IMELL,123,2,0.354,2435,2268,31,2418,0,0,2048,0.000,0.012,auto,30,0.014,1073741824,16,0.1
lltp,ILL/ILLTP-SYJ-cbn,,,SYJ204+1.016.p,intuitionistic,auto,2,,5,0,none,provable,proved,,ok,two-sided,IMELL,131,2,0.413,2936,2750,33,2918,0,0,2048,0.000,0.000,auto,30,0.014,1073741824,17,0.1
lltp,ILL/ILLTP-SYJ-cbn,,,SYJ204+1.017.p,intuitionistic,auto,2,,5,0,none,provable,proved,,ok,two-sided,IMELL,139,2,0.935,6919,6512,69,6882,0,0,2048,0.000,0.001,auto,30,0.023,1073741824,18,0.1
lltp,ILL/ILLTP-SYJ-cbn,,,SYJ204+1.018.p,intuitionistic,auto,2,,5,0,none,provable,proved,,ok,two-sided,IMELL,147,2,0.820,7550,7130,68,7515,0,0,2048,0.000,0.000,auto,30,0.015,1073741824,19,0.1
lltp,ILL/ILLTP-SYJ-cbn,,,SYJ204+1.019.p,intuitionistic,auto,2,,5,0,none,provable,proved,,ok,two-sided,IMELL,155,2,1.143,8248,7811,70,8214,0,0,2048,0.000,0.019,auto,30,0.023,1073741824,20,0.1
lltp,ILL/ILLTP-SYJ-cbn,,,SYJ204+1.020.p,intuitionistic,auto,2,,5,0,none,provable,proved,,ok,two-sided,IMELL,163,2,0.983,9024,8569,71,8990,0,0,2048,0.000,0.000,auto,30,0.017,1073741824,21,0.1
lltp,ILL/ILLTP-SYJ-cbn,,,SYJ205+1.001.p,intuitionistic,auto,2,,5,0,none,provable,proved,,ok,two-sided,ILL,47,2,0.102,71,28,22,57,0,0,2048,0.000,0.010,auto,30,0.005,1073741824,4,0.1
lltp,ILL/ILLTP-SYJ-cbn,,,SYJ205+1.002.p,intuitionistic,auto,2,,5,0,none,provable,proved,,ok,two-sided,ILL,63,2,0.211,416,226,77,331,0,0,2048,0.000,0.006,auto,30,0.006,1073741824,5,0.1
lltp,ILL/ILLTP-SYJ-cbn,,,SYJ205+1.003.p,intuitionistic,auto,2,,5,0,none,provable,proved,,ok,two-sided,ILL,79,2,0.472,2737,1853,272,2123,0,0,2048,0.000,0.030,auto,30,0.006,1073741824,6,0.1
lltp,ILL/ILLTP-SYJ-cbn,,,SYJ205+1.004.p,intuitionistic,auto,2,,5,0,none,provable,proved,,ok,two-sided,ILL,95,2,7.753,57150,45353,3459,38995,0,0,2048,0.000,0.000,auto,30,0.008,1073741824,7,0.1
lltp,ILL/ILLTP-SYJ-cbn,,,SYJ205+1.005.p,intuitionistic,auto,2,,5,0,none,provable,proved,,ok,two-sided,ILL,111,2,55.284,438102,373916,14266,289837,0,0,2048,50.000,0.043,auto,30,0.009,1073741824,8,0.1
lltp,ILL/ILLTP-SYJ-cbn,,,SYJ205+1.006.p,intuitionistic,auto,2,,5,0,none,provable,proved,,ok,two-sided,ILL,127,2,229.700,3366579,2978928,34574,2264612,0,0,2048,350.000,0.155,auto,30,0.012,1073741824,9,0.1
lltp,ILL/ILLTP-SYJ-cbn,,,SYJ205+1.007.p,intuitionistic,auto,2,,5,0,none,provable,proved,,ok,two-sided,ILL,143,2,1208.829,21323714,19266594,126962,14283529,0,0,2048,2300.000,1.518,auto,30,0.019,1073741824,10,0.1
lltp,ILL/ILLTP-SYJ-cbn,,,SYJ205+1.008.p,intuitionistic,auto,2,,5,0,none,provable,unknown,timeout,,two-sided,ILL,159,2,5004.087,94764622,86967569,389326,63189162,0,0,2048,9850.000,7.777,auto,30,,1073741824,11,0.1
lltp,ILL/ILLTP-SYJ-cbn,,,SYJ205+1.009.p,intuitionistic,auto,2,,5,0,none,provable,unknown,timeout,,two-sided,ILL,175,2,5004.364,98413864,90627319,635352,69398504,0,0,2048,9870.000,8.960,auto,30,,1073741824,11,0.1
lltp,ILL/ILLTP-SYJ-cbn,,,SYJ205+1.010.p,intuitionistic,auto,2,,5,0,none,provable,unknown,timeout,,two-sided,ILL,191,2,5006.682,96949398,89437779,975629,70345077,0,0,2048,9870.000,5.921,auto,30,,1073741824,10,0.1
lltp,ILL/ILLTP-SYJ-cbn,,,SYJ205+1.011.p,intuitionistic,auto,2,,5,0,none,provable,unknown,timeout,,two-sided,ILL,207,2,5008.684,94169391,86746196,1493671,69930282,0,0,2048,9870.000,4.070,auto,30,,1073741824,10,0.1
lltp,ILL/ILLTP-SYJ-cbn,,,SYJ205+1.012.p,intuitionistic,auto,2,,5,0,none,provable,unknown,timeout,,two-sided,ILL,223,2,5011.264,91165557,83593563,2042157,69200272,0,0,2048,9870.000,9.258,auto,30,,1073741824,9,0.1
lltp,ILL/ILLTP-SYJ-cbn,,,SYJ205+1.013.p,intuitionistic,auto,2,,5,0,none,provable,unknown,timeout,,two-sided,ILL,239,2,5012.604,89472602,81379246,2097152,69287716,0,0,2048,9860.000,5.106,auto,30,,1073741824,9,0.1
lltp,ILL/ILLTP-SYJ-cbn,,,SYJ205+1.014.p,intuitionistic,auto,2,,5,0,none,provable,unknown,timeout,,two-sided,ILL,255,2,5008.455,84380419,75663390,2097152,67133740,0,0,2048,9850.000,5.663,auto,30,,1073741824,8,0.1
lltp,ILL/ILLTP-SYJ-cbn,,,SYJ205+1.015.p,intuitionistic,auto,2,,5,0,none,provable,unknown,timeout,,two-sided,ILL,271,2,5014.576,74646708,66214779,2097152,60609494,0,0,2048,9880.000,8.836,auto,30,,1073741824,8,0.1
lltp,ILL/ILLTP-SYJ-cbn,,,SYJ205+1.016.p,intuitionistic,auto,2,,5,0,none,provable,unknown,timeout,,two-sided,ILL,287,2,5016.073,70728208,61282206,2097152,58178595,0,0,2048,9880.000,7.843,auto,30,,1073741824,7,0.1
lltp,ILL/ILLTP-SYJ-cbn,,,SYJ205+1.017.p,intuitionistic,auto,2,,5,0,none,provable,unknown,timeout,,two-sided,ILL,303,2,5010.888,69091121,59353882,2097152,56995997,0,0,2048,9770.000,108.504,auto,30,,1073741824,7,0.1
lltp,ILL/ILLTP-SYJ-cbn,,,SYJ205+1.018.p,intuitionistic,auto,2,,5,0,none,provable,unknown,timeout,,two-sided,ILL,319,2,5013.944,68468654,58398384,2097152,56745719,0,0,2048,9880.000,6.868,auto,30,,1073741824,7,0.1
lltp,ILL/ILLTP-SYJ-cbn,,,SYJ205+1.019.p,intuitionistic,auto,2,,5,0,none,provable,unknown,timeout,,two-sided,ILL,335,2,5016.441,66789976,56741487,2097152,55839637,0,0,2048,9880.000,10.365,auto,30,,1073741824,7,0.1
lltp,ILL/ILLTP-SYJ-cbn,,,SYJ205+1.020.p,intuitionistic,auto,2,,5,0,none,provable,unknown,timeout,,two-sided,ILL,351,2,5015.571,57068423,46482292,2097152,48934562,0,0,2048,9880.000,7.791,auto,30,,1073741824,7,0.1
lltp,ILL/ILLTP-SYJ-cbn,,,SYJ206+1.003.p,intuitionistic,auto,2,,5,0,none,provable,proved,,ok,two-sided,ILL,105,8,0.283,120,38,45,102,0,0,2048,0.000,0.000,auto,30,0.012,1073741824,3,0.1
lltp,ILL/ILLTP-SYJ-cbn,,,SYJ206+1.004.p,intuitionistic,auto,2,,5,0,none,provable,proved,,ok,two-sided,ILL,233,16,0.363,898,444,245,794,0,0,2048,0.000,0.013,auto,30,0.016,1073741824,4,0.1
lltp,ILL/ILLTP-SYJ-cbn,,,SYJ206+1.005.p,intuitionistic,auto,2,,5,0,none,provable,proved,,ok,two-sided,ILL,489,32,4.380,19737,12166,4376,14064,0,0,2048,0.000,0.002,auto,30,0.030,1073741824,5,0.1
lltp,ILL/ILLTP-SYJ-cbn,,,SYJ206+1.006.p,intuitionistic,auto,2,,5,0,none,provable,proved,,ok,two-sided,ILL,1001,64,47.989,230527,178205,27337,135102,0,0,2048,40.000,0.012,auto,30,0.064,1073741824,6,0.1
lltp,ILL/ILLTP-SYJ-cbn,,,SYJ206+1.007.p,intuitionistic,auto,2,,5,0,none,provable,proved,,ok,two-sided,ILL,2025,128,384.743,2533972,1987676,309325,1468815,0,0,2048,650.000,0.658,auto,30,0.127,1073741824,7,0.1
lltp,ILL/ILLTP-SYJ-cbn,,,SYJ206+1.008.p,intuitionistic,auto,2,,5,0,none,provable,unknown,timeout,,two-sided,ILL,4073,256,5048.367,28042161,22923043,877696,15363346,0,0,2048,9910.000,9.476,auto,30,,1073741824,8,0.1
lltp,ILL/ILLTP-SYJ-cbn,,,SYJ206+1.009.p,intuitionistic,auto,2,,5,0,none,provable,unknown,timeout,,two-sided,ILL,8169,512,5048.379,20229631,17041038,448496,8894826,0,0,2048,9910.000,18.292,auto,30,,1073741824,8,0.1
lltp,ILL/ILLTP-SYJ-cbn,,,SYJ206+1.010.p,intuitionistic,auto,2,,5,0,none,provable,unknown,timeout,,two-sided,ILL,16361,1024,5022.997,12245380,10392771,226304,4454861,0,0,2048,9890.000,8.693,auto,30,,1073741824,7,0.1
lltp,ILL/ILLTP-SYJ-cbn,,,SYJ206+1.011.p,intuitionistic,auto,2,,5,0,none,provable,unknown,timeout,,two-sided,ILL,32745,2048,5035.131,6401652,5428754,113688,2744559,0,0,2048,9900.000,7.372,auto,30,,1073741824,7,0.1
lltp,ILL/ILLTP-SYJ-cbn,,,SYJ206+1.012.p,intuitionistic,auto,2,,5,0,none,provable,unknown,timeout,,two-sided,ILL,65513,4096,5043.429,3234923,2756387,56940,1065763,0,0,2048,9910.000,9.045,auto,30,,1073741824,6,0.1
lltp,ILL/ILLTP-SYJ-cbn,,,SYJ206+1.013.p,intuitionistic,auto,2,,5,0,none,provable,unknown,timeout,,two-sided,ILL,131049,8192,5036.448,1564749,1263049,28392,502768,0,0,2048,9900.000,9.905,auto,30,,1073741824,5,0.1
lltp,ILL/ILLTP-SYJ-cbn,,,SYJ206+1.014.p,intuitionistic,auto,2,,5,0,none,provable,unknown,timeout,,two-sided,ILL,262121,16384,5029.573,758074,594736,14086,209892,0,0,2048,9900.000,10.497,auto,30,,1073741824,5,0.1
lltp,ILL/ILLTP-SYJ-cbn,,,SYJ206+1.015.p,intuitionistic,auto,2,,5,0,none,provable,unknown,timeout,,two-sided,ILL,524265,32768,5007.799,330014,222352,6931,92409,0,0,2048,9850.000,4.708,auto,30,,1073741824,4,0.1
lltp,ILL/ILLTP-SYJ-cbn,,,SYJ207+1.001.p,intuitionistic,auto,2,,5,0,none,unprovable,unprovable,,,two-sided,ILL,44,4,0.151,504,309,27,280,0,0,2048,0.000,0.000,auto,30,,1073741824,8,0.1
lltp,ILL/ILLTP-SYJ-cbn,,,SYJ207+1.002.p,intuitionistic,auto,2,,5,0,none,unprovable,unknown,recursion_limit,,two-sided,ILL,94,6,2929.685,38996982,29340803,485,22703626,0,0,2048,5720.000,6.684,auto,30,,1073741824,3032,0.1
lltp,ILL/ILLTP-SYJ-cbn,,,SYJ207+1.003.p,intuitionistic,auto,2,,5,0,none,unprovable,unknown,timeout,,two-sided,ILL,160,8,5002.386,72149987,59903165,9361,43381698,0,0,2048,9800.000,70.880,auto,30,,1073741824,123,0.1
lltp,ILL/ILLTP-SYJ-cbn,,,SYJ207+1.004.p,intuitionistic,auto,2,,5,0,none,unprovable,unknown,timeout,,two-sided,ILL,242,10,5001.929,72411220,65689821,126121,43062294,0,0,2048,9860.000,12.858,auto,30,,1073741824,15,0.1
lltp,ILL/ILLTP-SYJ-cbn,,,SYJ207+1.005.p,intuitionistic,auto,2,,5,0,none,unprovable,unknown,timeout,,two-sided,ILL,340,12,5006.078,41266817,35887925,1048576,7762733,0,0,2048,8680.000,31.476,auto,30,,1073741824,8,0.1
lltp,ILL/ILLTP-SYJ-cbn,,,SYJ207+1.006.p,intuitionistic,auto,2,,5,0,none,unprovable,unknown,timeout,,two-sided,ILL,454,14,5010.534,30515313,23672491,1048576,6443360,0,0,2048,6320.000,22.721,auto,30,,1073741824,6,0.1
lltp,ILL/ILLTP-SYJ-cbn,,,SYJ207+1.007.p,intuitionistic,auto,2,,5,0,none,unprovable,unknown,timeout,,two-sided,ILL,584,16,5011.409,40149391,27397846,1048576,7672304,0,0,2048,9860.000,14.381,auto,30,,1073741824,6,0.1
lltp,ILL/ILLTP-SYJ-cbn,,,SYJ207+1.008.p,intuitionistic,auto,2,,5,0,none,,unknown,timeout,,two-sided,ILL,730,18,5010.187,40693295,29670552,1048576,10885602,0,0,2048,9850.000,13.359,auto,30,,1073741824,6,0.1
lltp,ILL/ILLTP-SYJ-cbn,,,SYJ207+1.009.p,intuitionistic,auto,2,,5,0,none,,unknown,timeout,,two-sided,ILL,892,20,5009.573,37335830,26699530,1048576,10533439,0,0,2048,9850.000,11.996,auto,30,,1073741824,6,0.1
lltp,ILL/ILLTP-SYJ-cbn,,,SYJ207+1.010.p,intuitionistic,auto,2,,5,0,none,,unknown,timeout,,two-sided,ILL,1070,22,5004.690,31320748,24026670,1048576,12698437,0,0,2048,9840.000,30.530,auto,30,,1073741824,6,0.1
lltp,ILL/ILLTP-SYJ-cbn,,,SYJ207+1.011.p,intuitionistic,auto,2,,5,0,none,,unknown,timeout,,two-sided,ILL,1264,24,5012.471,16342227,10718186,1048576,10062958,0,0,2048,6010.000,10.692,auto,30,,1073741824,5,0.1
lltp,ILL/ILLTP-SYJ-cbn,,,SYJ207+1.012.p,intuitionistic,auto,2,,5,0,none,,unknown,timeout,,two-sided,ILL,1474,26,5018.624,16853886,10830156,1048576,11279612,0,0,2048,7020.000,19.829,auto,30,,1073741824,5,0.1
lltp,ILL/ILLTP-SYJ-cbn,,,SYJ207+1.013.p,intuitionistic,auto,2,,5,0,none,,unknown,timeout,,two-sided,ILL,1700,28,5015.584,17821402,11252854,1048576,12802762,0,0,2048,8580.000,22.953,auto,30,,1073741824,5,0.1
lltp,ILL/ILLTP-SYJ-cbn,,,SYJ207+1.014.p,intuitionistic,auto,2,,5,0,none,,unknown,timeout,,two-sided,ILL,1942,30,5015.016,19027257,12170355,1048576,13372267,0,0,2048,9840.000,25.874,auto,30,,1073741824,5,0.1
lltp,ILL/ILLTP-SYJ-cbn,,,SYJ207+1.015.p,intuitionistic,auto,2,,5,0,none,,unknown,timeout,,two-sided,ILL,2200,32,5030.283,18355801,11319636,1048576,13790170,0,0,2048,9870.000,21.146,auto,30,,1073741824,5,0.1
lltp,ILL/ILLTP-SYJ-cbn,,,SYJ207+1.016.p,intuitionistic,auto,2,,5,0,none,,unknown,timeout,,two-sided,ILL,2474,34,5021.667,16999409,10235981,1048576,13502879,0,0,2048,9860.000,29.229,auto,30,,1073741824,5,0.1
lltp,ILL/ILLTP-SYJ-cbn,,,SYJ207+1.017.p,intuitionistic,auto,2,,5,0,none,,unknown,timeout,,two-sided,ILL,2764,36,5028.602,16217776,9668616,1048576,13163730,0,0,2048,9860.000,19.761,auto,30,,1073741824,5,0.1
lltp,ILL/ILLTP-SYJ-cbn,,,SYJ207+1.018.p,intuitionistic,auto,2,,5,0,none,,unknown,timeout,,two-sided,ILL,3070,38,5033.571,15311610,9119717,1048576,12940971,0,0,2048,9870.000,22.828,auto,30,,1073741824,5,0.1
lltp,ILL/ILLTP-SYJ-cbn,,,SYJ207+1.019.p,intuitionistic,auto,2,,5,0,none,,unknown,timeout,,two-sided,ILL,3392,40,5012.387,14520519,8663035,1048576,11942226,0,0,2048,9850.000,20.474,auto,30,,1073741824,5,0.1
lltp,ILL/ILLTP-SYJ-cbn,,,SYJ207+1.020.p,intuitionistic,auto,2,,5,0,none,,unknown,timeout,,two-sided,ILL,3730,42,5021.463,14290719,8527001,961600,11724174,0,0,2048,9860.000,24.693,auto,30,,1073741824,5,0.1
lltp,ILL/ILLTP-SYJ-cbn,,,SYJ208+1.001.p,intuitionistic,auto,2,,5,0,none,unprovable,unknown,timeout,,two-sided,ILL,21,1,5000.498,26726563,16987688,15,19477672,0,0,2048,9840.000,8.999,auto,30,,1073741824,380568,0.1
lltp,ILL/ILLTP-SYJ-cbn,,,SYJ208+1.002.p,intuitionistic,auto,2,,5,0,none,unprovable,unknown,timeout,,two-sided,ILL,69,2,5000.846,44560802,36526589,889,12988283,0,0,2048,9830.000,11.490,auto,30,,1073741824,30652,0.1
lltp,ILL/ILLTP-SYJ-cbn,,,SYJ208+1.003.p,intuitionistic,auto,2,,5,0,none,unprovable,unknown,timeout,,two-sided,ILL,169,3,5002.290,57261220,51483183,81538,8853382,0,0,2048,9850.000,12.644,auto,30,,1073741824,331,0.1
lltp,ILL/ILLTP-SYJ-cbn,,,SYJ208+1.004.p,intuitionistic,auto,2,,5,0,none,unprovable,unknown,timeout,,two-sided,ILL,337,4,5008.223,43242580,22594335,1048576,41400,0,0,2048,9610.000,12.908,auto,30,,1073741824,10,0.1
lltp,ILL/ILLTP-SYJ-cbn,,,SYJ208+1.005.p,intuitionistic,auto,2,,5,0,none,unprovable,unknown,timeout,,two-sided,ILL,591,5,5009.378,36825682,19661843,1048576,0,0,0,2048,9240.000,22.717,auto,30,,1073741824,7,0.1
lltp,ILL/ILLTP-SYJ-cbn,,,SYJ208+1.006.p,intuitionistic,auto,2,,5,0,none,unprovable,unknown,timeout,,two-sided,ILL,949,6,5011.424,32744317,18206218,1048576,0,0,0,2048,9740.000,27.237,auto,30,,1073741824,6,0.1
lltp,ILL/ILLTP-SYJ-cbn,,,SYJ208+1.007.p,intuitionistic,auto,2,,5,0,none,unprovable,unknown,timeout,,two-sided,ILL,1429,7,5017.727,27004205,15042033,1048576,0,0,0,2048,9850.000,24.715,auto,30,,1073741824,5,0.1
lltp,ILL/ILLTP-SYJ-cbn,,,SYJ208+1.008.p,intuitionistic,auto,2,,5,0,none,unprovable,unknown,timeout,,two-sided,ILL,2049,8,5015.441,20472732,11658769,1048576,0,0,0,2048,8930.000,25.207,auto,30,,1073741824,4,0.1
lltp,ILL/ILLTP-SYJ-cbn,,,SYJ208+1.009.p,intuitionistic,auto,2,,5,0,none,unprovable,unknown,timeout,,two-sided,ILL,2827,9,5015.113,19638836,11474788,1048576,0,0,0,2048,9850.000,17.315,auto,30,,1073741824,4,0.1
lltp,ILL/ILLTP-SYJ-cbn,,,SYJ209+1.002.p,intuitionistic,auto,2,,5,0,none,unprovable,unprovable,,,two-sided,ILL,28,2,0.157,121,33,13,48,0,0,2048,0.000,0.014,auto,30,,1073741824,5,0.1
lltp,ILL/ILLTP-SYJ-cbn,,,SYJ209+1.003.p,intuitionistic,auto,2,,5,0,none,unprovable,unknown,timeout,,two-sided,ILL,37,3,5001.065,39215876,3342747,44,18642104,0,0,2048,5550.000,23.598,auto,30,,1073741824,72502,0.1
lltp,ILL/ILLTP-SYJ-cbn,,,SYJ209+1.004.p,intuitionistic,auto,2,,5,0,none,unprovable,unknown,timeout,,two-sided,ILL,46,4,5000.863,41022439,1423455,183,19993642,0,0,2048,5220.000,5.323,auto,30,,1073741824,4135,0.1
lltp,ILL/ILLTP-SYJ-cbn,,,SYJ209+1.005.p,intuitionistic,auto,2,,5,0,none,unprovable,unknown,timeout,,two-sided,ILL,55,5,5000.284,40803977,921389,697,20106269,0,0,2048,5030.000,3.758,auto,30,,1073741824,172,0.1
lltp,ILL/ILLTP-SYJ-cbn,,,SYJ209+1.006.p,intuitionistic,auto,2,,5,0,none,unprovable,unknown,timeout,,two-sided,ILL,64,6,5000.344,42428460,9481300,2514,18763270,0,0,2048,5020.000,4.821,auto,30,,1073741824,18,0.1
lltp,ILL/ILLTP-SYJ-cbn,,,SYJ209+1.007.p,intuitionistic,auto,2,,5,0,none,unprovable,unknown,timeout,,two-sided,ILL,73,7,5000.360,45834146,26280491,8774,13838740,0,0,2048,5020.000,3.783,auto,30,,1073741824,14,0.1
lltp,ILL/ILLTP-SYJ-cbn,,,SYJ209+1.008.p,intuitionistic,auto,2,,5,0,none,unprovable,unknown,timeout,,two-sided,ILL,82,8,5000.700,46114388,29649048,29583,12242274,0,0,2048,5010.000,4.882,auto,30,,1073741824,12,0.1
lltp,ILL/ILLTP-SYJ-cbn,,,SYJ209+1.009.p,intuitionistic,auto,2,,5,0,none,unprovable,unknown,timeout,,two-sided,ILL,91,9,5001.636,46470868,31753246,87989,11269986,0,0,2048,5020.000,3.662,auto,30,,1073741824,11,0.1
lltp,ILL/ILLTP-SYJ-cbn,,,SYJ209+1.010.p,intuitionistic,auto,2,,5,0,none,unprovable,unknown,timeout,,two-sided,ILL,100,10,5001.788,45480368,31565955,212370,10666539,0,0,2048,5020.000,4.735,auto,30,,1073741824,11,0.1
lltp,ILL/ILLTP-SYJ-cbn,,,SYJ209+1.011.p,intuitionistic,auto,2,,5,0,none,,unknown,timeout,,two-sided,ILL,109,11,5002.851,44505673,32144393,430691,9546652,0,0,2048,5020.000,4.667,auto,30,,1073741824,10,0.1
lltp,ILL/ILLTP-SYJ-cbn,,,SYJ209+1.012.p,intuitionistic,auto,2,,5,0,none,,unknown,timeout,,two-sided,ILL,118,12,5003.884,42581988,30689136,705466,8969361,0,0,2048,5020.000,5.019,auto,30,,1073741824,9,0.1
lltp,ILL/ILLTP-SYJ-cbn,,,SYJ209+1.013.p,intuitionistic,auto,2,,5,0,none,,unknown,timeout,,two-sided,ILL,127,13,5004.358,40179763,29136164,1045926,7859044,0,0,2048,5020.000,3.395,auto,30,,1073741824,9,0.1
lltp,ILL/ILLTP-SYJ-cbn,,,SYJ209+1.014.p,intuitionistic,auto,2,,5,0,none,,unknown,timeout,,two-sided,ILL,136,14,5005.487,35870509,22735935,1048576,6296979,0,0,2048,5020.000,4.254,auto,30,,1073741824,8,0.1
lltp,ILL/ILLTP-SYJ-cbn,,,SYJ209+1.015.p,intuitionistic,auto,2,,5,0,none,,unknown,timeout,,two-sided,ILL,145,15,5002.254,34413653,20437536,1048576,5421548,0,0,2048,5020.000,3.754,auto,30,,1073741824,8,0.1
lltp,ILL/ILLTP-SYJ-cbn,,,SYJ209+1.016.p,intuitionistic,auto,2,,5,0,none,,unknown,timeout,,two-sided,ILL,154,16,5005.185,31683563,17442430,1048576,4749677,0,0,2048,5030.000,3.780,auto,30,,1073741824,7,0.1
lltp,ILL/ILLTP-SYJ-cbn,,,SYJ209+1.017.p,intuitionistic,auto,2,,5,0,none,,unknown,timeout,,two-sided,ILL,163,17,5004.983,30932105,16250022,1048576,4184378,0,0,2048,5030.000,3.281,auto,30,,1073741824,7,0.1
lltp,ILL/ILLTP-SYJ-cbn,,,SYJ209+1.018.p,intuitionistic,auto,2,,5,0,none,,unknown,timeout,,two-sided,ILL,172,18,5006.030,29777021,15205430,1048576,3801234,0,0,2048,5020.000,3.675,auto,30,,1073741824,7,0.1
lltp,ILL/ILLTP-SYJ-cbn,,,SYJ209+1.019.p,intuitionistic,auto,2,,5,0,none,,unknown,timeout,,two-sided,ILL,181,19,5002.558,29308607,14356817,1048576,3547807,0,0,2048,5020.000,3.479,auto,30,,1073741824,7,0.1
lltp,ILL/ILLTP-SYJ-cbn,,,SYJ209+1.020.p,intuitionistic,auto,2,,5,0,none,,unknown,timeout,,two-sided,ILL,190,20,5001.932,28025181,12678592,1048576,3144274,0,0,2048,5020.000,3.415,auto,30,,1073741824,7,0.1
lltp,ILL/ILLTP-SYJ-cbn,,,SYJ210+1.001.p,intuitionistic,auto,2,,5,0,none,unprovable,unprovable,,,two-sided,ILL,17,2,0.177,24,9,5,19,0,0,2048,0.000,0.026,auto,30,,1073741824,4,0.1
lltp,ILL/ILLTP-SYJ-cbn,,,SYJ210+1.002.p,intuitionistic,auto,2,,5,0,none,unprovable,unknown,timeout,,two-sided,ILL,25,2,5000.541,51534584,36210153,524,46312345,0,0,2048,5260.000,3.293,auto,30,,1073741824,5024531,0.1
lltp,ILL/ILLTP-SYJ-cbn,,,SYJ210+1.003.p,intuitionistic,auto,2,,5,0,none,unprovable,unknown,timeout,,two-sided,ILL,33,2,5000.720,53287900,40895014,530,50065079,0,0,2048,5320.000,2.316,auto,30,,1073741824,3040729,0.1
lltp,ILL/ILLTP-SYJ-cbn,,,SYJ210+1.004.p,intuitionistic,auto,2,,5,0,none,unprovable,unknown,timeout,,two-sided,ILL,41,2,5000.243,53128678,43060557,535,50984873,0,0,2048,5360.000,2.680,auto,30,,1073741824,1970084,0.1
lltp,ILL/ILLTP-SYJ-cbn,,,SYJ210+1.005.p,intuitionistic,auto,2,,5,0,none,unprovable,unknown,timeout,,two-sided,ILL,49,2,5001.239,55008009,46236419,541,53413727,0,0,2048,5410.000,3.402,auto,30,,1073741824,1427692,0.1
lltp,ILL/ILLTP-SYJ-cbn,,,SYJ210+1.006.p,intuitionistic,auto,2,,5,0,none,unprovable,unknown,timeout,,two-sided,ILL,57,2,5000.737,53228021,45924223,547,52050834,0,0,2048,5450.000,2.535,auto,30,,1073741824,1015152,0.1
lltp,ILL/ILLTP-SYJ-cbn,,,SYJ210+1.007.p,intuitionistic,auto,2,,5,0,none,unprovable,unknown,timeout,,two-sided,ILL,65,2,5000.341,56127986,49367521,553,55148084,0,0,2048,5500.000,2.707,auto,30,,1073741824,820984,0.1
lltp,ILL/ILLTP-SYJ-cbn,,,SYJ210+1.008.p,intuitionistic,auto,2,,5,0,none,unprovable,unknown,timeout,,two-sided,ILL,73,2,5000.427,55190180,49279201,559,54398464,0,0,2048,5550.000,5.244,auto,30,,1073741824,635985,0.1
lltp,ILL/ILLTP-SYJ-cbn,,,SYJ210+1.009.p,intuitionistic,auto,2,,5,0,none,unprovable,unknown,timeout,,two-sided,ILL,81,2,5000.740,57702673,52135254,565,57010567,0,0,2048,5610.000,4.174,auto,30,,1073741824,538342,0.1
lltp,ILL/ILLTP-SYJ-cbn,,,SYJ210+1.010.p,intuitionistic,auto,2,,5,0,none,unprovable,unknown,timeout,,two-sided,ILL,89,2,5001.041,58986448,53812780,570,58380740,0,0,2048,5660.000,3.149,auto,30,,1073741824,453886,0.1
lltp,ILL/ILLTP-SYJ-cbn,,,SYJ210+1.011.p,intuitionistic,auto,2,,5,0,none,unprovable,unknown,timeout,,two-sided,ILL,97,2,5000.457,59159073,54406869,576,58627977,0,0,2048,5720.000,2.598,auto,30,,1073741824,381203,0.1
lltp,ILL/ILLTP-SYJ-cbn,,,SYJ210+1.012.p,intuitionistic,auto,2,,5,0,none,unprovable,unknown,timeout,,two-sided,ILL,105,2,5001.055,57564833,53305816,582,57102020,0,0,2048,5760.000,2.517,auto,30,,1073741824,314061,0.1
lltp,ILL/ILLTP-SYJ-cbn,,,SYJ210+1.013.p,intuitionistic,auto,2,,5,0,none,unprovable,unknown,timeout,,two-sided,ILL,113,2,5000.876,59368151,55291777,588,58941311,0,0,2048,5800.000,3.022,auto,30,,1073741824,278602,0.1
lltp,ILL/ILLTP-SYJ-cbn,,,SYJ210+1.014.p,intuitionistic,auto,2,,5,0,none,unprovable,unknown,timeout,,two-sided,ILL,121,2,5000.885,57858602,54160004,594,57476936,0,0,2048,5840.000,4.086,auto,30,,1073741824,235009,0.1
lltp,ILL/ILLTP-SYJ-cbn,,,SYJ210+1.015.p,intuitionistic,auto,2,,5,0,none,unprovable,unknown,timeout,,two-sided,ILL,129,2,5000.975,57615910,54169720,600,57265901,0,0,2048,5920.000,4.056,auto,30,,1073741824,204677,0.1
lltp,ILL/ILLTP-SYJ-cbn,,,SYJ210+1.016.p,intuitionistic,auto,2,,5,0,none,unprovable,unknown,timeout,,two-sided,ILL,137,2,5000.969,59365247,56025273,606,59034273,0,0,2048,5970.000,4.039,auto,30,,1073741824,186445,0.1
lltp,ILL/ILLTP-SYJ-cbn,,,SYJ210+1.017.p,intuitionistic,auto,2,,5,0,none,unprovable,unknown,timeout,,two-sided,ILL,145,2,5000.507,59447081,56294126,612,59137621,0,0,2048,6030.000,5.325,auto,30,,1073741824,165748,0.1
lltp,ILL/ILLTP-SYJ-cbn,,,SYJ210+1.018.p,intuitionistic,auto,2,,5,0,none,unprovable,unknown,timeout,,two-sided,ILL,153,2,5000.426,60067277,57053650,618,59774381,0,0,2048,6090.000,2.827,auto,30,,1073741824,149708,0.1
lltp,ILL/ILLTP-SYJ-cbn,,,SYJ210+1.019.p,intuitionistic,auto,2,,5,0,none,unprovable,unknown,timeout,,two-sided,ILL,161,2,5000.807,59607628,56773139,624,59331938,0,0,2048,6130.000,5.259,auto,30,,1073741824,133315,0.1
lltp,ILL/ILLTP-SYJ-cbn,,,SYJ210+1.020.p,intuitionistic,auto,2,,5,0,none,unprovable,unknown,timeout,,two-sided,ILL,169,2,5000.343,60545191,57806665,630,60281024,0,0,2048,6200.000,3.635,auto,30,,1073741824,122421,0.1
lltp,ILL/ILLTP-SYJ-cbn,,,SYJ211+1.001.p,intuitionistic,auto,2,,5,0,none,unprovable,unprovable,,,two-sided,ILL,34,2,0.105,12,5,4,9,0,0,2048,0.000,0.012,auto,30,,1073741824,2,0.1
lltp,ILL/ILLTP-SYJ-cbn,,,SYJ211+1.002.p,intuitionistic,auto,2,,5,0,none,unprovable,unprovable,,,two-sided,ILL,48,2,0.108,15,7,5,12,0,0,2048,0.000,0.031,auto,30,,1073741824,2,0.1
lltp,ILL/ILLTP-SYJ-cbn,,,SYJ211+1.003.p,intuitionistic,auto,2,,5,0,none,unprovable,unprovable,,,two-sided,ILL,62,2,0.092,18,9,6,15,0,0,2048,0.000,0.014,auto,30,,1073741824,2,0.1
lltp,ILL/ILLTP-SYJ-cbn,,,SYJ211+1.004.p,intuitionistic,auto,2,,5,0,none,unprovable,unprovable,,,two-sided,ILL,76,2,0.115,21,11,7,18,0,0,2048,0.000,0.012,auto,30,,1073741824,2,0.1
lltp,ILL/ILLTP-SYJ-cbn,,,SYJ211+1.005.p,intuitionistic,auto,2,,5,0,none,unprovable,unprovable,,,two-sided,ILL,90,2,0.113,24,13,8,21,0,0,2048,0.000,0.011,auto,30,,1073741824,2,0.1
lltp,ILL/ILLTP-SYJ-cbn,,,SYJ211+1.006.p,intuitionistic,auto,2,,5,0,none,unprovable,unprovable,,,two-sided,ILL,104,2,0.098,27,15,9,24,0,0,2048,0.000,0.000,auto,30,,1073741824,2,0.1
lltp,ILL/ILLTP-SYJ-cbn,,,SYJ211+1.007.p,intuitionistic,auto,2,,5,0,none,unprovable,unprovable,,,two-sided,ILL,118,2,0.104,30,17,10,27,0,0,2048,0.000,0.003,auto,30,,1073741824,2,0.1
lltp,ILL/ILLTP-SYJ-cbn,,,SYJ211+1.008.p,intuitionistic,auto,2,,5,0,none,unprovable,unprovable,,,two-sided,ILL,132,2,0.089,33,19,11,30,0,0,2048,0.000,0.010,auto,30,,1073741824,2,0.1
lltp,ILL/ILLTP-SYJ-cbn,,,SYJ211+1.009.p,intuitionistic,auto,2,,5,0,none,unprovable,unprovable,,,two-sided,ILL,146,2,0.121,36,21,12,33,0,0,2048,0.000,0.015,auto,30,,1073741824,2,0.1
lltp,ILL/ILLTP-SYJ-cbn,,,SYJ211+1.010.p,intuitionistic,auto,2,,5,0,none,unprovable,unprovable,,,two-sided,ILL,160,2,0.103,39,23,13,36,0,0,2048,0.000,0.010,auto,30,,1073741824,2,0.1
lltp,ILL/ILLTP-SYJ-cbn,,,SYJ211+1.011.p,intuitionistic,auto,2,,5,0,none,unprovable,unprovable,,,two-sided,ILL,174,2,0.094,42,25,14,39,0,0,2048,0.000,0.009,auto,30,,1073741824,2,0.1
lltp,ILL/ILLTP-SYJ-cbn,,,SYJ211+1.012.p,intuitionistic,auto,2,,5,0,none,unprovable,unprovable,,,two-sided,ILL,188,2,0.148,45,27,15,42,0,0,2048,0.000,0.016,auto,30,,1073741824,2,0.1
lltp,ILL/ILLTP-SYJ-cbn,,,SYJ211+1.013.p,intuitionistic,auto,2,,5,0,none,unprovable,unprovable,,,two-sided,ILL,202,2,0.092,48,29,16,45,0,0,2048,0.000,0.008,auto,30,,1073741824,2,0.1
lltp,ILL/ILLTP-SYJ-cbn,,,SYJ211+1.014.p,intuitionistic,auto,2,,5,0,none,unprovable,unprovable,,,two-sided,ILL,216,2,0.073,51,31,17,48,0,0,2048,0.000,0.011,auto,30,,1073741824,2,0.1
lltp,ILL/ILLTP-SYJ-cbn,,,SYJ211+1.015.p,intuitionistic,auto,2,,5,0,none,unprovable,unprovable,,,two-sided,ILL,230,2,0.175,54,33,18,51,0,0,2048,0.000,0.014,auto,30,,1073741824,2,0.1
lltp,ILL/ILLTP-SYJ-cbn,,,SYJ211+1.016.p,intuitionistic,auto,2,,5,0,none,unprovable,unprovable,,,two-sided,ILL,244,2,0.107,57,35,19,54,0,0,2048,0.000,0.000,auto,30,,1073741824,2,0.1
lltp,ILL/ILLTP-SYJ-cbn,,,SYJ211+1.017.p,intuitionistic,auto,2,,5,0,none,unprovable,unprovable,,,two-sided,ILL,258,2,0.104,60,37,20,57,0,0,2048,0.000,0.002,auto,30,,1073741824,2,0.1
lltp,ILL/ILLTP-SYJ-cbn,,,SYJ211+1.018.p,intuitionistic,auto,2,,5,0,none,unprovable,unprovable,,,two-sided,ILL,272,2,0.122,63,39,21,60,0,0,2048,0.000,0.022,auto,30,,1073741824,2,0.1
lltp,ILL/ILLTP-SYJ-cbn,,,SYJ211+1.019.p,intuitionistic,auto,2,,5,0,none,unprovable,unprovable,,,two-sided,ILL,286,2,0.091,66,41,22,63,0,0,2048,0.000,0.000,auto,30,,1073741824,2,0.1
lltp,ILL/ILLTP-SYJ-cbn,,,SYJ211+1.020.p,intuitionistic,auto,2,,5,0,none,unprovable,unprovable,,,two-sided,ILL,300,2,0.148,69,43,23,66,0,0,2048,0.000,0.001,auto,30,,1073741824,2,0.1
lltp,ILL/ILLTP-SYJ-cbn,,,SYJ212+1.001.p,intuitionistic,auto,2,,5,0,none,unprovable,proved,,ok,two-sided,ILL,18,2,0.078,20,6,6,16,0,0,2048,0.000,0.011,auto,30,0.007,1073741824,3,0.1
lltp,ILL/ILLTP-SYJ-cbn,,,SYJ212+1.002.p,intuitionistic,auto,2,,5,0,none,unprovable,unprovable,,,two-sided,ILL,59,4,0.074,12,2,5,5,0,0,2048,0.000,0.014,auto,30,,1073741824,3,0.1
lltp,ILL/ILLTP-SYJ-cbn,,,SYJ212+1.003.p,intuitionistic,auto,2,,5,0,none,unprovable,unprovable,,,two-sided,ILL,141,8,0.104,83,36,26,66,0,0,2048,0.000,0.012,auto,30,,1073741824,5,0.1
lltp,ILL/ILLTP-SYJ-cbn,,,SYJ212+1.004.p,intuitionistic,auto,2,,5,0,none,unprovable,unprovable,,,two-sided,ILL,305,16,0.193,251,129,74,203,0,0,2048,0.000,0.002,auto,30,,1073741824,5,0.1
lltp,ILL/ILLTP-SYJ-cbn,,,SYJ212+1.005.p,intuitionistic,auto,2,,5,0,none,unprovable,unprovable,,,two-sided,ILL,633,32,0.282,591,337,172,449,0,0,2048,0.000,0.009,auto,30,,1073741824,5,0.1
lltp,ILL/ILLTP-SYJ-cbn,,,SYJ212+1.006.p,intuitionistic,auto,2,,5,0,none,unprovable,unprovable,,,two-sided,ILL,1289,64,0.584,1206,732,348,843,0,0,2048,0.000,0.000,auto,30,,1073741824,5,0.1
lltp,ILL/ILLTP-SYJ-cbn,,,SYJ212+1.007.p,intuitionistic,auto,2,,5,0,none,unprovable,unprovable,,,two-sided,ILL,2601,128,2.474,5315,3530,1476,2734,0,0,2048,0.000,0.000,auto,30,,1073741824,5,0.1
lltp,ILL/ILLTP-SYJ-cbn,,,SYJ212+1.008.p,intuitionistic,auto,2,,5,0,none,unprovable,unprovable,,,two-sided,ILL,5225,256,6.436,10016,6902,2668,4648,0,0,2048,0.000,0.042,auto,30,,1073741824,5,0.1
lltp,ILL/ILLTP-SYJ-cbn,,,SYJ212+1.009.p,intuitionistic,auto,2,,5,0,none,unprovable,unprovable,,,two-sided,ILL,10473,512,18.570,17392,12495,4307,7312,0,0,2048,10.000,0.077,auto,30,,1073741824,5,0.1
lltp,ILL/ILLTP-SYJ-cbn,,,SYJ212+1.010.p,intuitionistic,auto,2,,5,0,none,unprovable,unprovable,,,two-sided,ILL,20969,1024,53.933,26860,19857,6271,10396,0,0,2048,50.000,0.039,auto,30,,1073741824,5,0.1
lltp,ILL/ILLTP-SYJ-cbn,,,SYJ212+1.011.p,intuitionistic,auto,2,,5,0,none,unprovable,unprovable,,,two-sided,ILL,41961,2048,156.484,57855,41981,7770,21425,0,0,2048,200.000,0.216,auto,30,,1073741824,5,0.1
lltp,ILL/ILLTP-SYJ-cbn,,,SYJ212+1.012.p,intuitionistic,auto,2,,5,0,none,unprovable,unprovable,,,two-sided,ILL,83945,4096,253.001,57529,41687,10773,20014,0,0,2048,400.000,0.193,auto,30,,1073741824,5,0.1
lltp,ILL/ILLTP-SYJ-cbn,,,SYJ212+1.013.p,intuitionistic,auto,2,,5,0,none,unprovable,unprovable,,,two-sided,ILL,167913,8192,523.733,68832,51198,14412,22358,0,0,2048,930.000,1.198,auto,30,,1073741824,5,0.1
lltp,ILL/ILLTP-SYJ-cbn,,,SYJ212+1.014.p,intuitionistic,auto,2,,5,0,none,unprovable,unknown,timeout,,two-sided,ILL,335849,16384,5007.809,511296,357095,10949,158318,0,0,2048,9880.000,4.478,auto,30,,1073741824,5,0.1
lltp,ILL/ILLTP-SYJ-cbn,,,SYJ212+1.015.p,intuitionistic,auto,2,,5,0,none,unprovable,unknown,timeout,,two-sided,ILL,671721,32768,5003.528,227636,142868,5360,71100,0,0,2048,9860.000,5.637,auto,30,,1073741824,5,0.1
lltp,ILL/ILLTP-SYJ-cbv,,,SYJ103+1.p,intuitionistic,auto,2,,5,0,none,provable,unprovable,,,two-sided,ILL,22,2,0.135,270,134,18,214,0,0,2048,0.000,0.000,auto,30,,1073741824,8,0.1
lltp,ILL/ILLTP-SYJ-cbv,,,SYJ105+1.003.p,intuitionistic,auto,2,,5,0,none,provable,unprovable,,,two-sided,ILL,23,2,0.082,95,49,9,70,0,0,2048,0.000,0.000,auto,30,,1073741824,6,0.1
lltp,ILL/ILLTP-SYJ-cbv,,,SYJ105+1.004.p,intuitionistic,auto,2,,5,0,none,provable,unprovable,,,two-sided,ILL,32,2,0.085,114,63,10,103,0,0,2048,0.000,0.000,auto,30,,1073741824,6,0.1
lltp,ILL/ILLTP-SYJ-cbv,,,SYJ106+1.p,intuitionistic,auto,2,,5,0,none,provable,proved,,ok,two-sided,ILL,47,2,0.133,284,113,84,247,0,0,2048,0.000,0.000,auto,30,0.009,1073741824,5,0.1
lltp,ILL/ILLTP-SYJ-cbv,,,SYJ107+1.002.p,intuitionistic,auto,2,,5,0,none,provable,proved,,ok,two-sided,ILL,36,2,0.106,199,61,119,72,0,0,2048,0.000,0.000,auto,30,0.007,1073741824,2,0.1
lltp,ILL/ILLTP-SYJ-cbv,,,SYJ107+1.003.p,intuitionistic,auto,2,,5,0,none,provable,proved,,ok,two-sided,ILL,54,2,0.267,1368,646,609,574,0,0,2048,0.000,0.000,auto,30,0.012,1073741824,3,0.1
lltp,ILL/ILLTP-SYJ-cbv,,,SYJ107+1.004.p,intuitionistic,auto,2,,5,0,none,provable,proved,,ok,two-sided,ILL,72,2,1.155,7625,4325,2645,3352,0,0,2048,0.000,0.000,auto,30,0.022,1073741824,4,0.1
lltp,ILL/ILLTP-SYJ-cbv,,,SYJ201+1.001.p,intuitionistic,auto,2,,5,0,none,provable,proved,,ok,two-sided,IMELL,77,5,0.148,338,137,132,384,0,0,2048,0.000,0.000,auto,30,0.011,1073741824,4,0.1
lltp,ILL/ILLTP-SYJ-cbv,,,SYJ201+1.002.p,intuitionistic,auto,2,,5,0,none,provable,proved,,ok,two-sided,IMELL,159,7,1.040,4724,2915,1210,6583,0,0,2048,0.000,0.000,auto,30,0.018,1073741824,5,0.1
lltp,ILL/ILLTP-SYJ-cbv,,,SYJ201+1.003.p,intuitionistic,auto,2,,5,0,none,provable,proved,,ok,two-sided,IMELL,265,9,4.350,20733,13665,5086,30799,0,0,2048,0.000,0.011,auto,30,0.024,1073741824,5,0.1
lltp,ILL/ILLTP-SYJ-cbv,,,SYJ201+1.004.p,intuitionistic,auto,2,,5,0,none,provable,proved,,ok,two-sided,IMELL,395,11,47.090,227491,168284,42485,362312,0,0,2048,40.000,0.009,auto,30,0.039,1073741824,6,0.1
lltp,ILL/ILLTP-SYJ-cbv,,,SYJ201+1.005.p,intuitionistic,auto,2,,5,0,none,provable,proved,,ok,two-sided,IMELL,549,13,251.654,1501269,1144692,129464,2440421,0,0,2048,390.000,0.387,auto,30,0.041,1073741824,6,0.1
lltp,ILL/ILLTP-SYJ-cbv,,,SYJ201+1.006.p,intuitionistic,auto,2,,5,0,none,provable,proved,,ok,two-sided,IMELL,727,15,492.608,2987350,2289435,313193,4906530,0,0,2048,860.000,4.563,auto,30,0.048,1073741824,6,0.1
lltp,ILL/ILLTP-SYJ-cbv,,,SYJ201+1.007.p,intuitionistic,auto,2,,5,0,none,provable,proved,,ok,two-sided,IMELL,929,17,1022.715,5811228,4448006,665378,9646848,0,0,2048,1900.000,10.473,auto,30,0.061,1073741824,6,0.1
lltp,ILL/ILLTP-SYJ-cbv,,,SYJ201+1.008.p,intuitionistic,auto,2,,5,0,none,provable,unknown,timeout,,two-sided,IMELL,1155,19,5013.166,28912224,22204225,1048576,47863778,0,0,2048,9840.000,22.595,auto,30,,1073741824,6,0.1
lltp,ILL/ILLTP-SYJ-cbv,,,SYJ201+1.009.p,intuitionistic,auto,2,,5,0,none,provable,unknown,timeout,,two-sided,IMELL,1405,21,5019.458,25923276,19739163,1048576,43229101,0,0,2048,9850.000,20.192,auto,30,,1073741824,6,0.1
lltp,ILL/ILLTP-SYJ-cbv,,,SYJ201+1.010.p,intuitionistic,auto,2,,5,0,none,provable,unknown,timeout,,two-sided,IMELL,1679,23,5010.285,22614260,16626195,1048576,37772234,0,0,2048,9740.000,26.994,auto,30,,1073741824,6,0.1
lltp,ILL/ILLTP-SYJ-cbv,,,SYJ201+1.011.p,intuitionistic,auto,2,,5,0,none,provable,unknown,timeout,,two-sided,IMELL,1977,25,5017.496,21335266,14996951,1048576,35357610,0,0,2048,9860.000,20.303,auto,30,,1073741824,5,0.1
lltp,ILL/ILLTP-SYJ-cbv,,,SYJ201+1.012.p,intuitionistic,auto,2,,5,0,none,provable,unknown,timeout,,two-sided,IMELL,2299,27,5005.180,19930183,13828554,1048576,32979223,0,0,2048,9840.000,16.658,auto,30,,1073741824,5,0.1
lltp,ILL/ILLTP-SYJ-cbv,,,SYJ201+1.013.p,intuitionistic,auto,2,,5,0,none,provable,unknown,timeout,,two-sided,IMELL,2645,29,5006.603,18679117,12791381,1048576,30752264,0,0,2048,9840.000,13.665,auto,30,,1073741824,5,0.1
lltp,ILL/ILLTP-SYJ-cbv,,,SYJ201+1.014.p,intuitionistic,auto,2,,5,0,none,provable,unknown,timeout,,two-sided,IMELL,3015,31,5048.244,17505563,11875490,1048576,28840045,0,0,2048,9880.000,28.290,auto,30,,1073741824,5,0.1
lltp,ILL/ILLTP-SYJ-cbv,,,SYJ201+1.015.p,intuitionistic,auto,2,,5,0,none,provable,unknown,timeout,,two-sided,IMELL,3409,33,5041.359,16196622,11085966,1047744,26837625,0,0,2048,9860.000,21.342,auto,30,,1073741824,5,0.1
lltp,ILL/ILLTP-SYJ-cbv,,,SYJ201+1.016.p,intuitionistic,auto,2,,5,0,none,provable,unknown,timeout,,two-sided,IMELL,3827,35,5009.113,15454649,10240493,945792,25195651,0,0,2048,9840.000,23.876,auto,30,,1073741824,5,0.1
lltp,ILL/ILLTP-SYJ-cbv,,,SYJ201+1.017.p,intuitionistic,auto,2,,5,0,none,provable,unknown,timeout,,two-sided,IMELL,4269,37,5018.712,14703748,9986843,849120,24187847,0,0,2048,9850.000,21.360,auto,30,,1073741824,5,0.1
lltp,ILL/ILLTP-SYJ-cbv,,,SYJ201+1.018.p,intuitionistic,auto,2,,5,0,none,provable,unknown,timeout,,two-sided,IMELL,4735,39,5021.905,13692815,8761228,770528,22062197,0,0,2048,9830.000,21.226,auto,30,,1073741824,5,0.1
lltp,ILL/ILLTP-SYJ-cbv,,,SYJ201+1.019.p,intuitionistic,auto,2,,5,0,none,provable,unknown,timeout,,two-sided,IMELL,5225,41,5022.097,13092902,8021442,696736,20806624,0,0,2048,9860.000,17.773,auto,30,,1073741824,5,0.1
lltp,ILL/ILLTP-SYJ-cbv,,,SYJ201+1.020.p,intuitionistic,auto,2,,5,0,none,provable,unknown,timeout,,two-sided,IMELL,5739,43,5009.121,12515615,7500754,635808,19705679,0,0,2048,9840.000,17.498,auto,30,,1073741824,4,0.1
lltp,ILL/ILLTP-SYJ-cbv,,,SYJ202+1.002.p,intuitionistic,auto,2,,5,0,none,provable,proved,,ok,two-sided,ILL,50,2,0.078,54,6,46,32,0,0,2048,0.000,0.000,auto,30,0.011,1073741824,1,0.1
lltp,ILL/ILLTP-SYJ-cbv,,,SYJ202+1.003.p,intuitionistic,auto,2,,5,0,none,provable,proved,,ok,two-sided,ILL,139,3,0.302,949,282,665,672,0,0,2048,0.000,0.000,auto,30,0.053,1073741824,1,0.1
lltp,ILL/ILLTP-SYJ-cbv,,,SYJ202+1.004.p,intuitionistic,auto,2,,5,0,none,provable,proved,,ok,two-sided,ILL,294,4,4.802,20545,8922,11621,16174,0,0,2048,0.000,0.000,auto,30,0.934,1073741824,1,0.1
lltp,ILL/ILLTP-SYJ-cbv,,,SYJ202+1.005.p,intuitionistic,auto,2,,5,0,none,provable,proved,,ok,two-sided,ILL,533,5,237.020,915429,479279,232769,761260,0,0,2048,340.000,6.046,auto,30,18.239,1073741824,1,0.1
lltp,ILL/ILLTP-SYJ-cbv,,,SYJ202+1.006.p,intuitionistic,auto,2,,5,0,none,provable,proved,,ok,two-sided,ILL,874,6,3175.626,13340889,7898694,1048576,11527379,0,0,2048,6000.000,26.805,auto,30,457.189,1073741824,1,0.1
lltp,ILL/ILLTP-SYJ-cbv,,,SYJ202+1.007.p,intuitionistic,auto,2,,5,0,none,provable,unknown,timeout,,two-sided,ILL,1335,7,5035.931,17721214,9504144,1048576,14065207,0,0,2048,9860.000,32.705,auto,30,,1073741824,1,0.1
lltp,ILL/ILLTP-SYJ-cbv,,,SYJ202+1.008.p,intuitionistic,auto,2,,5,0,none,provable,unknown,timeout,,two-sided,ILL,1934,8,5027.741,9004741,3497597,1048576,6211034,0,0,2048,9860.000,34.380,auto,30,,1073741824,1,0.1
lltp,ILL/ILLTP-SYJ-cbv,,,SYJ202+1.009.p,intuitionistic,auto,2,,5,0,none,provable,unknown,timeout,,two-sided,ILL,2689,9,5030.710,7977632,3432920,1048576,5671874,0,0,2048,9860.000,26.879,auto,30,,1073741824,1,0.1
lltp,ILL/ILLTP-SYJ-cbv,,,SYJ203+1.002.p,intuitionistic,auto,2,,5,0,none,provable,proved,,ok,two-sided,ILL,25,3,0.105,160,86,33,83,0,0,2048,0.000,0.000,auto,30,0.006,1073741824,4,0.1
lltp,ILL/ILLTP-SYJ-cbv,,,SYJ203+1.003.p,intuitionistic,auto,2,,5,0,none,provable,proved,,ok,two-sided,ILL,35,4,0.190,947,665,114,512,0,0,2048,0.000,0.000,auto,30,0.005,1073741824,5,0.1
lltp,ILL/ILLTP-SYJ-cbv,,,SYJ203+1.004.p,intuitionistic,auto,2,,5,0,none,provable,proved,,ok,two-sided,ILL,45,5,0.670,6120,4890,394,3540,0,0,2048,0.000,0.000,auto,30,0.005,1073741824,6,0.1
lltp,ILL/ILLTP-SYJ-cbv,,,SYJ203+1.005.p,intuitionistic,auto,2,,5,0,none,provable,proved,,ok,two-sided,ILL,55,6,3.692,40856,34797,1352,23877,0,0,2048,0.000,0.000,auto,30,0.006,1073741824,7,0.1
lltp,ILL/ILLTP-SYJ-cbv,,,SYJ203+1.006.p,intuitionistic,auto,2,,5,0,none,provable,proved,,ok,two-sided,ILL,65,7,25.533,282884,249547,4588,171551,0,0,2048,20.000,0.018,auto,30,0.008,1073741824,8,0.1
lltp,ILL/ILLTP-SYJ-cbv,,,SYJ203+1.007.p,intuitionistic,auto,2,,5,0,none,provable,proved,,ok,two-sided,ILL,75,8,352.373,5248814,4746472,15398,3215639,0,0,2048,600.000,0.689,auto,30,0.016,1073741824,9,0.1
lltp,ILL/ILLTP-SYJ-cbv,,,SYJ203+1.008.p,intuitionistic,auto,2,,5,0,none,provable,proved,,ok,two-sided,ILL,85,9,2020.464,32802758,29936810,51138,20500669,0,0,2048,3910.000,3.770,auto,30,0.018,1073741824,10,0.1
lltp,ILL/ILLTP-SYJ-cbv,,,SYJ203+1.009.p,intuitionistic,auto,2,,5,0,none,provable,unknown,timeout,,two-sided,ILL,95,10,5001.911,82464983,76477678,141552,51171191,0,0,2048,9850.000,16.487,auto,30,,1073741824,10,0.1
lltp,ILL/ILLTP-SYJ-cbv,,,SYJ203+1.010.p,intuitionistic,auto,2,,5,0,none,provable,unknown,timeout,,two-sided,ILL,105,11,5002.994,78803070,73128835,276425,43038228,0,0,2048,9850.000,22.497,auto,30,,1073741824,9,0.1
lltp,ILL/ILLTP-SYJ-cbv,,,SYJ203+1.011.p,intuitionistic,auto,2,,5,0,none,provable,unknown,timeout,,two-sided,ILL,115,12,5004.780,75872857,70649824,473113,38354172,0,0,2048,9850.000,25.490,auto,30,,1073741824,9,0.1
lltp,ILL/ILLTP-SYJ-cbv,,,SYJ203+1.012.p,intuitionistic,auto,2,,5,0,none,provable,unknown,timeout,,two-sided,ILL,125,13,5005.850,72921968,67505711,726986,31194925,0,0,2048,9850.000,24.348,auto,30,,1073741824,9,0.1
lltp,ILL/ILLTP-SYJ-cbv,,,SYJ203+1.013.p,intuitionistic,auto,2,,5,0,none,provable,unknown,timeout,,two-sided,ILL,135,14,5008.129,67113470,61917080,1021215,25563484,0,0,2048,9840.000,28.865,auto,30,,1073741824,8,0.1
lltp,ILL/ILLTP-SYJ-cbv,,,SYJ203+1.014.p,intuitionistic,auto,2,,5,0,none,provable,unknown,timeout,,two-sided,ILL,145,15,5006.957,66213154,60864155,1048576,20818220,0,0,2048,9840.000,13.109,auto,30,,1073741824,8,0.1
lltp,ILL/ILLTP-SYJ-cbv,,,SYJ203+1.015.p,intuitionistic,auto,2,,5,0,none,provable,unknown,timeout,,two-sided,ILL,155,16,5005.971,60496971,54725682,1048576,14495177,0,0,2048,9840.000,24.272,auto,30,,1073741824,7,0.1
lltp,ILL/ILLTP-SYJ-cbv,,,SYJ203+1.016.p,intuitionistic,auto,2,,5,0,none,provable,unknown,timeout,,two-sided,ILL,165,17,5006.973,58907175,53020478,1048576,12958367,0,0,2048,9850.000,23.935,auto,30,,1073741824,7,0.1
lltp,ILL/ILLTP-SYJ-cbv,,,SYJ203+1.017.p,intuitionistic,auto,2,,5,0,none,provable,unknown,timeout,,two-sided,ILL,175,18,5006.373,58327120,52482278,1048576,12579421,0,0,2048,9840.000,28.240,auto,30,,1073741824,7,0.1
lltp,ILL/ILLTP-SYJ-cbv,,,SYJ203+1.018.p,intuitionistic,auto,2,,5,0,none,provable,unknown,timeout,,two-sided,ILL,185,19,5005.903,52888059,46628621,1048576,8600037,0,0,2048,9830.000,21.266,auto,30,,1073741824,7,0.1
lltp,ILL/ILLTP-SYJ-cbv,,,SYJ203+1.019.p,intuitionistic,auto,2,,5,0,none,provable,unknown,timeout,,two-sided,ILL,195,20,5007.019,50179844,43462561,1048576,7189783,0,0,2048,9830.000,25.114,auto,30,,1073741824,6,0.1
lltp,ILL/ILLTP-SYJ-cbv,,,SYJ203+1.020.p,intuitionistic,auto,2,,5,0,none,provable,unknown,timeout,,two-sided,ILL,205,21,5008.848,49723948,42815511,1048576,6632973,0,0,2048,9850.000,22.262,auto,30,,1073741824,6,0.1
lltp,ILL/ILLTP-SYJ-cbv,,,SYJ204+1.002.p,intuitionistic,auto,2,,5,0,none,provable,proved,,ok,two-sided,IMELL,24,2,0.123,170,93,32,104,0,0,2048,0.000,0.000,auto,30,0.007,1073741824,5,0.1
lltp,ILL/ILLTP-SYJ-cbv,,,SYJ204+1.003.p,intuitionistic,auto,2,,5,0,none,provable,proved,,ok,two-sided,IMELL,34,2,0.103,289,180,43,204,0,0,2048,0.000,0.000,auto,30,0.005,1073741824,5,0.1
lltp,ILL/ILLTP-SYJ-cbv,,,SYJ204+1.004.p,intuitionistic,auto,2,,5,0,none,provable,proved,,ok,two-sided,IMELL,44,2,0.444,2710,1847,262,2031,0,0,2048,0.000,0.000,auto,30,0.008,1073741824,7,0.1
lltp,ILL/ILLTP-SYJ-cbv,,,SYJ204+1.005.p,intuitionistic,auto,2,,5,0,none,provable,proved,,ok,two-sided,IMELL,54,2,0.582,4523,3324,299,3568,0,0,2048,0.000,0.000,auto,30,0.007,1073741824,7,0.1
lltp,ILL/ILLTP-SYJ-cbv,,,SYJ204+1.006.p,intuitionistic,auto,2,,5,0,none,provable,proved,,ok,two-sided,IMELL,64,2,0.900,7258,5564,343,5929,0,0,2048,0.000,0.000,auto,30,0.011,1073741824,7,0.1
lltp,ILL/ILLTP-SYJ-cbv,,,SYJ204+1.007.p,intuitionistic,auto,2,,5,0,none,provable,proved,,ok,two-sided,IMELL,74,2,1.518,14024,10973,559,11679,0,0,2048,0.000,0.000,auto,30,0.010,1073741824,7,0.1
lltp,ILL/ILLTP-SYJ-cbv,,,SYJ204+1.008.p,intuitionistic,auto,2,,5,0,none,provable,proved,,ok,two-sided,IMELL,84,2,47.122,462679,369060,8253,389682,0,0,2048,40.000,0.008,auto,30,0.017,1073741824,9,0.1
lltp,ILL/ILLTP-SYJ-cbv,,,SYJ204+1.009.p,intuitionistic,auto,2,,5,0,none,provable,proved,,ok,two-sided,IMELL,94,2,81.067,829790,673211,8861,705719,0,0,2048,80.000,0.003,auto,30,0.018,1073741824,9,0.1
lltp,ILL/ILLTP-SYJ-cbv,,,SYJ204+1.010.p,intuitionistic,auto,2,,5,0,none,provable,proved,,ok,two-sided,IMELL,104,2,764.666,11546310,9716304,51803,9902015,0,0,2048,1420.000,3.878,auto,30,0.026,1073741824,9,0.1
lltp,ILL/ILLTP-SYJ-cbv,,,SYJ204+1.011.p,intuitionistic,auto,2,,5,0,none,provable,proved,,ok,two-sided,IMELL,114,2,1093.322,17807281,15292839,69525,15371601,0,0,2048,2070.000,3.198,auto,30,0.027,1073741824,9,0.1
lltp,ILL/ILLTP-SYJ-cbv,,,SYJ204+1.012.p,intuitionistic,auto,2,,5,0,none,provable,proved,,ok,two-sided,IMELL,124,2,1692.475,28566263,24846676,82895,24735838,0,0,2048,3260.000,4.249,auto,30,0.027,1073741824,9,0.1
lltp,ILL/ILLTP-SYJ-cbv,,,SYJ204+1.013.p,intuitionistic,auto,2,,5,0,none,provable,proved,,ok,two-sided,IMELL,134,2,2864.423,47224189,41481126,92975,40940604,0,0,2048,5600.000,10.335,auto,30,0.031,1073741824,9,0.1
lltp,ILL/ILLTP-SYJ-cbv,,,SYJ204+1.014.p,intuitionistic,auto,2,,5,0,none,provable,proved,,ok,two-sided,IMELL,144,2,4473.336,74685631,66325819,98020,64959703,0,0,2048,8810.000,9.387,auto,30,0.031,1073741824,9,0.1
lltp,ILL/ILLTP-SYJ-cbv,,,SYJ204+1.015.p,intuitionistic,auto,2,,5,0,none,provable,unknown,timeout,,two-sided,IMELL,154,2,5001.533,82845302,74089516,72343,72174432,0,0,2048,9870.000,6.338,auto,30,,1073741824,9,0.1
lltp,ILL/ILLTP-SYJ-cbv,,,SYJ204+1.016.p,intuitionistic,auto,2,,5,0,none,provable,unknown,timeout,,two-sided,IMELL,164,2,5001.790,84044058,75806308,67841,72667446,0,0,2048,9870.000,7.181,auto,30,,1073741824,9,0.1
lltp,ILL/ILLTP-SYJ-cbv,,,SYJ204+1.017.p,intuitionistic,auto,2,,5,0,none,provable,unknown,timeout,,two-sided,IMELL,174,2,5001.040,82794903,75509502,35913,72752159,0,0,2048,9870.000,13.738,auto,30,,1073741824,9,0.1
lltp,ILL/ILLTP-SYJ-cbv,,,SYJ204+1.018.p,intuitionistic,auto,2,,5,0,none,provable,unknown,timeout,,two-sided,IMELL,184,2,5002.787,85671049,78400344,23189,75484750,0,0,2048,9870.000,7.961,auto,30,,1073741824,8,0.1
lltp,ILL/ILLTP-SYJ-cbv,,,SYJ204+1.019.p,intuitionistic,auto,2,,5,0,none,provable,unknown,timeout,,two-sided,IMELL,194,2,5001.695,83716770,77169038,20484,73325518,0,0,2048,9870.000,12.053,auto,30,,1073741824,8,0.1
lltp,ILL/ILLTP-SYJ-cbv,,,SYJ204+1.020.p,intuitionistic,auto,2,,5,0,none,provable,unknown,timeout,,two-sided,IMELL,204,2,5001.199,84297042,77907732,14784,74976504,0,0,2048,9870.000,7.583,auto,30,,1073741824,8,0.1
lltp,ILL/ILLTP-SYJ-cbv,,,SYJ205+1.001.p,intuitionistic,auto,2,,5,0,none,provable,proved,,ok,two-sided,IMELL,65,2,0.105,130,45,48,82,0,0,2048,0.000,0.000,auto,30,0.011,1073741824,3,0.1
lltp,ILL/ILLTP-SYJ-cbv,,,SYJ205+1.002.p,intuitionistic,auto,2,,5,0,none,provable,proved,,ok,two-sided,IMELL,87,2,0.286,852,461,205,569,0,0,2048,0.000,0.000,auto,30,0.007,1073741824,4,0.1
lltp,ILL/ILLTP-SYJ-cbv,,,SYJ205+1.003.p,intuitionistic,auto,2,,5,0,none,provable,proved,,ok,two-sided,IMELL,109,2,0.443,2094,1240,507,1430,0,0,2048,0.000,0.000,auto,30,0.007,1073741824,4,0.1
lltp,ILL/ILLTP-SYJ-cbv,,,SYJ205+1.004.p,intuitionistic,auto,2,,5,0,none,provable,proved,,ok,two-sided,IMELL,131,2,2.148,14534,10137,2379,9940,0,0,2048,0.000,0.000,auto,30,0.008,1073741824,5,0.1
lltp,ILL/ILLTP-SYJ-cbv,,,SYJ205+1.005.p,intuitionistic,auto,2,,5,0,none,provable,proved,,ok,two-sided,IMELL,153,2,4.385,29253,20917,4880,20566,0,0,2048,0.000,0.010,auto,30,0.011,1073741824,5,0.1
lltp,ILL/ILLTP-SYJ-cbv,,,SYJ205+1.006.p,intuitionistic,auto,2,,5,0,none,provable,proved,,ok,two-sided,IMELL,175,2,7.979,52340,37706,9212,37580,0,0,2048,0.000,0.000,auto,30,0.011,1073741824,5,0.1
lltp,ILL/ILLTP-SYJ-cbv,,,SYJ205+1.007.p,intuitionistic,auto,2,,5,0,none,provable,proved,,ok,two-sided,IMELL,197,2,14.004,88487,63785,16489,64480,0,0,2048,10.000,0.023,auto,30,0.012,1073741824,5,0.1
lltp,ILL/ILLTP-SYJ-cbv,,,SYJ205+1.008.p,intuitionistic,auto,2,,5,0,none,provable,proved,,ok,two-sided,IMELL,219,2,93.166,614017,483491,80233,446077,0,0,2048,90.000,0.022,auto,30,0.016,1073741824,6,0.1
lltp,ILL/ILLTP-SYJ-cbv,,,SYJ205+1.009.p,intuitionistic,auto,2,,5,0,none,provable,proved,,ok,two-sided,IMELL,241,2,202.923,1740484,1364142,143780,1286746,0,0,2048,290.000,1.379,auto,30,0.017,1073741824,6,0.1
lltp,ILL/ILLTP-SYJ-cbv,,,SYJ205+1.010.p,intuitionistic,auto,2,,5,0,none,provable,proved,,ok,two-sided,IMELL,263,2,268.280,2313340,1806474,231086,1727102,0,0,2048,420.000,1.039,auto,30,0.018,1073741824,6,0.1
lltp,ILL/ILLTP-SYJ-cbv,,,SYJ205+1.011.p,intuitionistic,auto,2,,5,0,none,provable,proved,,ok,two-sided,IMELL,285,2,357.854,3169100,2486494,353693,2393246,0,0,2048,600.000,2.239,auto,30,0.019,1073741824,6,0.1
lltp,ILL/ILLTP-SYJ-cbv,,,SYJ205+1.012.p,intuitionistic,auto,2,,5,0,none,provable,proved,,ok,two-sided,IMELL,307,2,500.330,4343657,3429353,532433,3332412,0,0,2048,870.000,2.427,auto,30,0.019,1073741824,6,0.1
lltp,ILL/ILLTP-SYJ-cbv,,,SYJ205+1.013.p,intuitionistic,auto,2,,5,0,none,provable,proved,,ok,two-sided,IMELL,329,2,692.494,5905092,4642318,798001,4555312,0,0,2048,1250.000,6.264,auto,30,0.021,1073741824,6,0.1
lltp,ILL/ILLTP-SYJ-cbv,,,SYJ205+1.014.p,intuitionistic,auto,2,,5,0,none,provable,proved,,ok,two-sided,IMELL,351,2,964.649,8220677,6439497,1048576,6374415,0,0,2048,1800.000,9.142,auto,30,0.022,1073741824,6,0.1
lltp,ILL/ILLTP-SYJ-cbv,,,SYJ205+1.015.p,intuitionistic,auto,2,,5,0,none,provable,proved,,ok,two-sided,IMELL,373,2,1433.436,12576729,9943305,1048576,9835089,0,0,2048,2730.000,5.109,auto,30,0.023,1073741824,6,0.1
lltp,ILL/ILLTP-SYJ-cbv,,,SYJ205+1.016.p,intuitionistic,auto,2,,5,0,none,provable,unknown,timeout,,two-sided,IMELL,395,2,5006.944,54690414,44945584,1048576,43085576,0,0,2048,9860.000,15.062,auto,30,,1073741824,7,0.1
lltp,ILL/ILLTP-SYJ-cbv,,,SYJ205+1.017.p,intuitionistic,auto,2,,5,0,none,provable,unknown,timeout,,two-sided,IMELL,417,2,5007.432,55511339,45708945,1048576,44434144,0,0,2048,9860.000,24.622,auto,30,,1073741824,6,0.1
lltp,ILL/ILLTP-SYJ-cbv,,,SYJ205+1.018.p,intuitionistic,auto,2,,5,0,none,provable,unknown,timeout,,two-sided,IMELL,439,2,5007.550,55203230,44796938,1048576,44154672,0,0,2048,9870.000,17.613,auto,30,,1073741824,6,0.1
lltp,ILL/ILLTP-SYJ-cbv,,,SYJ205+1.019.p,intuitionistic,auto,2,,5,0,none,provable,unknown,timeout,,two-sided,IMELL,461,2,5007.731,52960020,42203974,1048576,42086356,0,0,2048,9860.000,16.667,auto,30,,1073741824,6,0.1
lltp,ILL/ILLTP-SYJ-cbv,,,SYJ205+1.020.p,intuitionistic,auto,2,,5,0,none,provable,unknown,timeout,,two-sided,IMELL,483,2,5009.411,51931305,40884037,1048576,41129362,0,0,2048,9860.000,23.216,auto,30,,1073741824,6,0.1
lltp,ILL/ILLTP-SYJ-cbv,,,SYJ206+1.003.p,intuitionistic,auto,2,,5,0,none,provable,proved,,ok,two-sided,IMELL,145,8,0.213,331,102,145,248,0,0,2048,0.000,0.000,auto,30,0.014,1073741824,3,0.1
lltp,ILL/ILLTP-SYJ-cbv,,,SYJ206+1.004.p,intuitionistic,auto,2,,5,0,none,provable,proved,,ok,two-sided,IMELL,321,16,1.001,4486,2420,1112,4060,0,0,2048,0.000,0.000,auto,30,0.020,1073741824,4,0.1
lltp,ILL/ILLTP-SYJ-cbv,,,SYJ206+1.005.p,intuitionistic,auto,2,,5,0,none,provable,proved,,ok,two-sided,IMELL,673,32,14.498,71189,47845,10271,71889,0,0,2048,10.000,0.010,auto,30,0.041,1073741824,5,0.1
lltp,ILL/ILLTP-SYJ-cbv,,,SYJ206+1.006.p,intuitionistic,auto,2,,5,0,none,provable,proved,,ok,two-sided,IMELL,1377,64,393.518,2511269,1814986,120457,2676821,0,0,2048,670.000,1.332,auto,30,0.077,1073741824,6,0.1
lltp,ILL/ILLTP-SYJ-cbv,,,SYJ206+1.007.p,intuitionistic,auto,2,,5,0,none,provable,unknown,timeout,,two-sided,IMELL,2785,128,5018.743,33692663,23810169,493612,36236672,0,0,2048,9830.000,23.130,auto,30,,1073741824,7,0.1
lltp,ILL/ILLTP-SYJ-cbv,,,SYJ206+1.008.p,intuitionistic,auto,2,,5,0,none,provable,unknown,timeout,,two-sided,IMELL,5601,256,5026.262,22629647,19514575,366619,30092277,0,0,2048,7950.000,23.797,auto,30,,1073741824,7,0.1
lltp,ILL/ILLTP-SYJ-cbv,,,SYJ206+1.009.p,intuitionistic,auto,2,,5,0,none,provable,unknown,timeout,,two-sided,IMELL,11233,512,5006.492,15157164,13066038,328496,16813177,0,0,2048,8880.000,23.726,auto,30,,1073741824,7,0.1
lltp,ILL/ILLTP-SYJ-cbv,,,SYJ206+1.010.p,intuitionistic,auto,2,,5,0,none,provable,unknown,timeout,,two-sided,IMELL,22497,1024,5010.456,8034134,6474945,165176,7256421,0,0,2048,9500.000,18.361,auto,30,,1073741824,6,0.1
lltp,ILL/ILLTP-SYJ-cbv,,,SYJ206+1.011.p,intuitionistic,auto,2,,5,0,none,provable,unknown,timeout,,two-sided,IMELL,45025,2048,5032.472,3355520,2472733,82676,2485200,0,0,2048,8010.000,12.351,auto,30,,1073741824,5,0.1
lltp,ILL/ILLTP-SYJ-cbv,,,SYJ206+1.012.p,intuitionistic,auto,2,,5,0,none,provable,unknown,timeout,,two-sided,IMELL,90081,4096,5026.103,1871406,1339595,41300,1240643,0,0,2048,9050.000,18.159,auto,30,,1073741824,5,0.1
lltp,ILL/ILLTP-SYJ-cbv,,,SYJ206+1.013.p,intuitionistic,auto,2,,5,0,none,provable,unknown,timeout,,two-sided,IMELL,180193,8192,5009.440,664769,422090,20480,412749,0,0,2048,7080.000,21.312,auto,30,,1073741824,4,0.1
lltp,ILL/ILLTP-SYJ-cbv,,,SYJ206+1.014.p,intuitionistic,auto,2,,5,0,none,provable,unknown,timeout,,two-sided,IMELL,360417,16384,5008.579,395612,239624,10081,233890,0,0,2048,8740.000,21.636,auto,30,,1073741824,4,0.1
lltp,ILL/ILLTP-SYJ-cbv,,,SYJ206+1.015.p,intuitionistic,auto,2,,5,0,none,provable,unknown,timeout,,two-sided,IMELL,720865,32768,5014.414,131130,73653,4850,74061,0,0,2048,6310.000,16.887,auto,30,,1073741824,4,0.1
lltp,ILL/ILLTP-SYJ-cbv,,,SYJ207+1.001.p,intuitionistic,auto,2,,5,0,none,unprovable,unprovable,,,two-sided,ILL,54,4,0.496,2693,1871,46,4377,0,0,2048,0.000,0.000,auto,30,,1073741824,8,0.1
lltp,ILL/ILLTP-SYJ-cbv,,,SYJ207+1.002.p,intuitionistic,auto,2,,5,0,none,unprovable,unknown,timeout,,two-sided,ILL,124,6,5001.498,60904255,45871266,820,146013657,0,0,2048,9830.000,40.610,auto,30,,1073741824,153,0.1
lltp,ILL/ILLTP-SYJ-cbv,,,SYJ207+1.003.p,intuitionistic,auto,2,,5,0,none,unprovable,unknown,timeout,,two-sided,ILL,218,8,5000.489,69037582,64846097,10523,170444020,0,0,2048,9860.000,12.267,auto,30,,1073741824,13,0.1
lltp,ILL/ILLTP-SYJ-cbv,,,SYJ207+1.004.p,intuitionistic,auto,2,,5,0,none,unprovable,unknown,timeout,,two-sided,ILL,336,10,5002.732,64221574,61933605,98032,150573768,0,0,2048,9860.000,9.526,auto,30,,1073741824,10,0.1
lltp,ILL/ILLTP-SYJ-cbv,,,SYJ207+1.005.p,intuitionistic,auto,2,,5,0,none,unprovable,unknown,timeout,,two-sided,ILL,478,12,5007.578,55973852,53241290,511852,120516356,0,0,2048,9840.000,22.120,auto,30,,1073741824,9,0.1
lltp,ILL/ILLTP-SYJ-cbv,,,SYJ207+1.006.p,intuitionistic,auto,2,,5,0,none,unprovable,unknown,timeout,,two-sided,ILL,644,14,5011.124,41275528,36659990,1048576,73446252,0,0,2048,9840.000,23.169,auto,30,,1073741824,7,0.1
lltp,ILL/ILLTP-SYJ-cbv,,,SYJ207+1.007.p,intuitionistic,auto,2,,5,0,none,unprovable,unknown,timeout,,two-sided,ILL,834,16,5014.366,32222807,26014493,1048576,53697146,0,0,2048,9840.000,27.915,auto,30,,1073741824,6,0.1
lltp,ILL/ILLTP-SYJ-cbv,,,SYJ207+1.008.p,intuitionistic,auto,2,,5,0,none,,unknown,timeout,,two-sided,ILL,1048,18,5015.272,28447338,22350798,1048576,47323732,0,0,2048,9830.000,25.402,auto,30,,1073741824,6,0.1
lltp,ILL/ILLTP-SYJ-cbv,,,SYJ207+1.009.p,intuitionistic,auto,2,,5,0,none,,unknown,timeout,,two-sided,ILL,1286,20,5006.335,25412414,19674457,1048576,42433786,0,0,2048,9820.000,18.264,auto,30,,1073741824,6,0.1
lltp,ILL/ILLTP-SYJ-cbv,,,SYJ207+1.010.p,intuitionistic,auto,2,,5,0,none,,unknown,timeout,,two-sided,ILL,1548,22,5004.153,21577134,16267424,1048576,36335435,0,0,2048,9230.000,21.200,auto,30,,1073741824,6,0.1
lltp,ILL/ILLTP-SYJ-cbv,,,SYJ207+1.011.p,intuitionistic,auto,2,,5,0,none,,unknown,timeout,,two-sided,ILL,1834,24,5018.711,20263641,14386383,1048576,33762510,0,0,2048,9830.000,28.689,auto,30,,1073741824,5,0.1
lltp,ILL/ILLTP-SYJ-cbv,,,SYJ207+1.012.p,intuitionistic,auto,2,,5,0,none,,unknown,timeout,,two-sided,ILL,2144,26,5025.553,19136716,13353472,1048576,31654842,0,0,2048,9820.000,23.174,auto,30,,1073741824,5,0.1
lltp,ILL/ILLTP-SYJ-cbv,,,SYJ207+1.013.p,intuitionistic,auto,2,,5,0,none,,unknown,timeout,,two-sided,ILL,2478,28,5029.809,17854824,12341895,1048576,29500484,0,0,2048,9820.000,25.749,auto,30,,1073741824,5,0.1
lltp,ILL/ILLTP-SYJ-cbv,,,SYJ207+1.014.p,intuitionistic,auto,2,,5,0,none,,unknown,timeout,,two-sided,ILL,2836,30,5014.276,16935342,11698376,1048576,28049058,0,0,2048,9800.000,19.410,auto,30,,1073741824,5,0.1
lltp,ILL/ILLTP-SYJ-cbv,,,SYJ207+1.015.p,intuitionistic,auto,2,,5,0,none,,unknown,timeout,,two-sided,ILL,3218,32,5006.516,15937948,10882527,1048576,26316406,0,0,2048,9790.000,31.785,auto,30,,1073741824,5,0.1
lltp,ILL/ILLTP-SYJ-cbv,,,SYJ207+1.016.p,intuitionistic,auto,2,,5,0,none,,unknown,timeout,,two-sided,ILL,3624,34,5005.820,15067065,10094544,994048,24700910,0,0,2048,9800.000,35.925,auto,30,,1073741824,5,0.1
lltp,ILL/ILLTP-SYJ-cbv,,,SYJ207+1.017.p,intuitionistic,auto,2,,5,0,none,,unknown,timeout,,two-sided,ILL,4054,36,5039.161,14427167,9703293,887776,23739066,0,0,2048,9810.000,20.556,auto,30,,1073741824,5,0.1
lltp,ILL/ILLTP-SYJ-cbv,,,SYJ207+1.018.p,intuitionistic,auto,2,,5,0,none,,unknown,timeout,,two-sided,ILL,4508,38,5015.070,10741733,7076645,802304,17630862,0,0,2048,7790.000,25.814,auto,30,,1073741824,5,0.1
lltp,ILL/ILLTP-SYJ-cbv,,,SYJ207+1.019.p,intuitionistic,auto,2,,5,0,none,,unknown,timeout,,two-sided,ILL,4986,40,5029.644,11724131,7407035,731744,18821952,0,0,2048,9130.000,19.628,auto,30,,1073741824,4,0.1
lltp,ILL/ILLTP-SYJ-cbv,,,SYJ207+1.020.p,intuitionistic,auto,2,,5,0,none,,unknown,timeout,,two-sided,ILL,5488,42,5049.959,11946267,7301841,664832,18925414,0,0,2048,9830.000,19.553,auto,30,,1073741824,4,0.1
lltp,ILL/ILLTP-SYJ-cbv,,,SYJ208+1.001.p,intuitionistic,auto,2,,5,0,none,unprovable,unknown,timeout,,two-sided,ILL,21,1,5000.519,27208584,17312303,15,19792484,0,0,2048,9860.000,4.960,auto,30,,1073741824,395235,0.1
lltp,ILL/ILLTP-SYJ-cbv,,,SYJ208+1.002.p,intuitionistic,auto,2,,5,0,none,unprovable,unprovable,,,two-sided,ILL,68,2,103.435,841613,569261,44,693075,0,0,2048,100.000,0.053,auto,30,,1073741824,24691,0.1
lltp,ILL/ILLTP-SYJ-cbv,,,SYJ208+1.003.p,intuitionistic,auto,2,,5,0,none,unprovable,unprovable,,,two-sided,ILL,163,3,103.511,839992,617667,225,617884,0,0,2048,100.000,0.035,auto,30,,1073741824,9610,0.1
lltp,ILL/ILLTP-SYJ-cbv,,,SYJ208+1.004.p,intuitionistic,auto,2,,5,0,none,unprovable,unprovable,,,two-sided,ILL,324,4,102.705,830597,679966,1295,430797,0,0,2048,100.000,0.002,auto,30,,1073741824,3287,0.1
lltp,ILL/ILLTP-SYJ-cbv,,,SYJ208+1.005.p,intuitionistic,auto,2,,5,0,none,unprovable,unknown,timeout,,two-sided,ILL,569,5,5017.557,12661730,11695501,10177,2795865,0,0,2048,9840.000,15.947,auto,30,,1073741824,11043,0.1
lltp,ILL/ILLTP-SYJ-cbv,,,SYJ208+1.006.p,intuitionistic,auto,2,,5,0,none,unprovable,unknown,timeout,,two-sided,ILL,916,6,5017.173,10589253,10235862,86695,701263,0,0,2048,9830.000,24.079,auto,30,,1073741824,1291,0.1
lltp,ILL/ILLTP-SYJ-cbv,,,SYJ208+1.007.p,intuitionistic,auto,2,,5,0,none,unprovable,unknown,timeout,,two-sided,ILL,1383,7,5023.324,9606391,6781076,1048576,2944535,0,0,2048,9840.000,29.102,auto,30,,1073741824,65,0.1
lltp,ILL/ILLTP-SYJ-cbv,,,SYJ208+1.008.p,intuitionistic,auto,2,,5,0,none,unprovable,unknown,timeout,,two-sided,ILL,1988,8,5014.774,9599223,2704891,1048576,7208600,0,0,2048,9820.000,27.593,auto,30,,1073741824,1,0.1
lltp,ILL/ILLTP-SYJ-cbv,,,SYJ208+1.009.p,intuitionistic,auto,2,,5,0,none,unprovable,unknown,timeout,,two-sided,ILL,2749,9,5028.775,8437526,2582623,1048576,6365033,0,0,2048,9860.000,34.840,auto,30,,1073741824,1,0.1
lltp,ILL/ILLTP-SYJ-cbv,,,SYJ209+1.002.p,intuitionistic,auto,2,,5,0,none,unprovable,unprovable,,,two-sided,ILL,31,2,0.133,214,138,12,148,0,0,2048,0.000,0.000,auto,30,,1073741824,6,0.1
lltp,ILL/ILLTP-SYJ-cbv,,,SYJ209+1.003.p,intuitionistic,auto,2,,5,0,none,unprovable,unknown,timeout,,two-sided,ILL,41,3,5001.112,69613951,33269788,39,71558556,0,0,2048,9820.000,15.882,auto,30,,1073741824,17464,0.1
lltp,ILL/ILLTP-SYJ-cbv,,,SYJ209+1.004.p,intuitionistic,auto,2,,5,0,none,unprovable,unknown,timeout,,two-sided,ILL,51,4,5001.815,75188688,31391329,145,102262636,0,0,2048,9840.000,50.517,auto,30,,1073741824,462,0.1
lltp,ILL/ILLTP-SYJ-cbv,,,SYJ209+1.005.p,intuitionistic,auto,2,,5,0,none,unprovable,unknown,timeout,,two-sided,ILL,61,5,5002.039,69334593,31710966,531,115141206,0,0,2048,9860.000,20.946,auto,30,,1073741824,18,0.1
lltp,ILL/ILLTP-SYJ-cbv,,,SYJ209+1.006.p,intuitionistic,auto,2,,5,0,none,unprovable,unknown,timeout,,two-sided,ILL,71,6,5001.383,76783867,62992240,1897,81837774,0,0,2048,9860.000,11.301,auto,30,,1073741824,13,0.1
lltp,ILL/ILLTP-SYJ-cbv,,,SYJ209+1.007.p,intuitionistic,auto,2,,5,0,none,unprovable,unknown,timeout,,two-sided,ILL,81,7,5001.782,80972181,70182323,6620,62811187,0,0,2048,9860.000,14.123,auto,30,,1073741824,12,0.1
lltp,ILL/ILLTP-SYJ-cbv,,,SYJ209+1.008.p,intuitionistic,auto,2,,5,0,none,unprovable,unknown,timeout,,two-sided,ILL,91,8,5003.260,80924673,72180999,21709,52207344,0,0,2048,9860.000,13.809,auto,30,,1073741824,11,0.1
lltp,ILL/ILLTP-SYJ-cbv,,,SYJ209+1.009.p,intuitionistic,auto,2,,5,0,none,unprovable,unknown,timeout,,two-sided,ILL,101,9,5002.965,78653058,71336898,61083,44088340,0,0,2048,9860.000,12.213,auto,30,,1073741824,10,0.1
lltp,ILL/ILLTP-SYJ-cbv,,,SYJ209+1.010.p,intuitionistic,auto,2,,5,0,none,unprovable,unknown,timeout,,two-sided,ILL,111,10,5003.491,76516289,70109574,142346,38474083,0,0,2048,9850.000,19.512,auto,30,,1073741824,10,0.1
lltp,ILL/ILLTP-SYJ-cbv,,,SYJ209+1.011.p,intuitionistic,auto,2,,5,0,none,,unknown,timeout,,two-sided,ILL,121,11,5001.813,77723413,71679415,281700,34963152,0,0,2048,9850.000,17.924,auto,30,,1073741824,9,0.1
lltp,ILL/ILLTP-SYJ-cbv,,,SYJ209+1.012.p,intuitionistic,auto,2,,5,0,none,,unknown,timeout,,two-sided,ILL,131,12,5005.732,73379900,67903165,480726,29609138,0,0,2048,9850.000,31.586,auto,30,,1073741824,9,0.1
lltp,ILL/ILLTP-SYJ-cbv,,,SYJ209+1.013.p,intuitionistic,auto,2,,5,0,none,,unknown,timeout,,two-sided,ILL,141,13,5005.074,69548933,64170869,723205,24543194,0,0,2048,9840.000,33.507,auto,30,,1073741824,9,0.1
lltp,ILL/ILLTP-SYJ-cbv,,,SYJ209+1.014.p,intuitionistic,auto,2,,5,0,none,,unknown,timeout,,two-sided,ILL,151,14,5005.909,65294304,60030176,1023630,20594845,0,0,2048,9840.000,33.759,auto,30,,1073741824,8,0.1
lltp,ILL/ILLTP-SYJ-cbv,,,SYJ209+1.015.p,intuitionistic,auto,2,,5,0,none,,unknown,timeout,,two-sided,ILL,161,15,5007.243,63689961,58261087,1048576,15405881,0,0,2048,9840.000,26.561,auto,30,,1073741824,8,0.1
lltp,ILL/ILLTP-SYJ-cbv,,,SYJ209+1.016.p,intuitionistic,auto,2,,5,0,none,,unknown,timeout,,two-sided,ILL,171,16,5006.551,60745684,55013599,1048576,12500374,0,0,2048,9840.000,26.799,auto,30,,1073741824,7,0.1
lltp,ILL/ILLTP-SYJ-cbv,,,SYJ209+1.017.p,intuitionistic,auto,2,,5,0,none,,unknown,timeout,,two-sided,ILL,181,17,5006.174,60031742,54174070,1048576,10933343,0,0,2048,9840.000,30.914,auto,30,,1073741824,7,0.1
lltp,ILL/ILLTP-SYJ-cbv,,,SYJ209+1.018.p,intuitionistic,auto,2,,5,0,none,,unknown,timeout,,two-sided,ILL,191,18,5005.504,58680277,52752558,1048576,9569693,0,0,2048,9850.000,25.091,auto,30,,1073741824,7,0.1
lltp,ILL/ILLTP-SYJ-cbv,,,SYJ209+1.019.p,intuitionistic,auto,2,,5,0,none,,unknown,timeout,,two-sided,ILL,201,19,5006.665,52356168,46188990,1048576,7602189,0,0,2048,9840.000,19.806,auto,30,,1073741824,7,0.1
lltp,ILL/ILLTP-SYJ-cbv,,,SYJ209+1.020.p,intuitionistic,auto,2,,5,0,none,,unknown,timeout,,two-sided,ILL,211,20,5006.613,48154536,41454645,1048576,6174957,0,0,2048,9830.000,24.779,auto,30,,1073741824,6,0.1
lltp,ILL/ILLTP-SYJ-cbv,,,SYJ210+1.001.p,intuitionistic,auto,2,,5,0,none,unprovable,unprovable,,,two-sided,ILL,20,2,0.115,87,43,12,60,0,0,2048,0.000,0.000,auto,30,,1073741824,6,0.1
lltp,ILL/ILLTP-SYJ-cbv,,,SYJ210+1.002.p,intuitionistic,auto,2,,5,0,none,unprovable,unknown,timeout,,two-sided,ILL,30,2,5000.948,38191938,32228783,49,22192697,0,0,2048,9770.000,9.055,auto,30,,1073741824,262226,0.1
lltp,ILL/ILLTP-SYJ-cbv,,,SYJ210+1.003.p,intuitionistic,auto,2,,5,0,none,unprovable,unknown,timeout,,two-sided,ILL,40,2,5001.020,61724409,55780380,195,33784636,0,0,2048,9860.000,7.855,auto,30,,1073741824,105375,0.1
lltp,ILL/ILLTP-SYJ-cbv,,,SYJ210+1.004.p,intuitionistic,auto,2,,5,0,none,unprovable,unknown,timeout,,two-sided,ILL,50,2,5000.737,71389554,66383319,753,37931166,0,0,2048,9850.000,9.198,auto,30,,1073741824,31978,0.1
lltp,ILL/ILLTP-SYJ-cbv,,,SYJ210+1.005.p,intuitionistic,auto,2,,5,0,none,unprovable,unknown,timeout,,two-sided,ILL,60,2,5001.391,78013252,73632801,2775,40850046,0,0,2048,9860.000,9.792,auto,30,,1073741824,9525,0.1
lltp,ILL/ILLTP-SYJ-cbv,,,SYJ210+1.006.p,intuitionistic,auto,2,,5,0,none,unprovable,unknown,timeout,,two-sided,ILL,70,2,5001.534,80217035,76281421,9860,41933917,0,0,2048,9850.000,17.275,auto,30,,1073741824,2778,0.1
lltp,ILL/ILLTP-SYJ-cbv,,,SYJ210+1.007.p,intuitionistic,auto,2,,5,0,none,unprovable,unknown,timeout,,two-sided,ILL,80,2,5001.541,81691199,77848342,34346,43344523,0,0,2048,9860.000,8.141,auto,30,,1073741824,800,0.1
lltp,ILL/ILLTP-SYJ-cbv,,,SYJ210+1.008.p,intuitionistic,auto,2,,5,0,none,unprovable,unknown,timeout,,two-sided,ILL,90,2,5002.162,78781322,74287392,117408,45174468,0,0,2048,9860.000,7.993,auto,30,,1073741824,199,0.1
lltp,ILL/ILLTP-SYJ-cbv,,,SYJ210+1.009.p,intuitionistic,auto,2,,5,0,none,unprovable,unknown,timeout,,two-sided,ILL,100,2,5004.343,78767240,69045977,384594,63035568,0,0,2048,9800.000,14.974,auto,30,,1073741824,16,0.1
lltp,ILL/ILLTP-SYJ-cbv,,,SYJ210+1.010.p,intuitionistic,auto,2,,5,0,none,unprovable,unknown,timeout,,two-sided,ILL,110,2,5004.297,83762887,71450692,289317,70089202,0,0,2048,9870.000,16.850,auto,30,,1073741824,11,0.1
lltp,ILL/ILLTP-SYJ-cbv,,,SYJ210+1.011.p,intuitionistic,auto,2,,5,0,none,unprovable,unknown,timeout,,two-sided,ILL,120,2,5002.166,85924184,73886251,225525,73658067,0,0,2048,9860.000,10.596,auto,30,,1073741824,11,0.1
lltp,ILL/ILLTP-SYJ-cbv,,,SYJ210+1.012.p,intuitionistic,auto,2,,5,0,none,unprovable,unknown,timeout,,two-sided,ILL,130,2,5001.896,83501949,72591345,117997,72009096,0,0,2048,9870.000,8.467,auto,30,,1073741824,10,0.1
lltp,ILL/ILLTP-SYJ-cbv,,,SYJ210+1.013.p,intuitionistic,auto,2,,5,0,none,unprovable,unknown,timeout,,two-sided,ILL,140,2,5002.465,83594481,73108936,65148,72533166,0,0,2048,9860.000,9.116,auto,30,,1073741824,10,0.1
lltp,ILL/ILLTP-SYJ-cbv,,,SYJ210+1.014.p,intuitionistic,auto,2,,5,0,none,unprovable,unknown,timeout,,two-sided,ILL,150,2,5003.813,85243748,75223742,57721,73839668,0,0,2048,9840.000,20.311,auto,30,,1073741824,10,0.1
lltp,ILL/ILLTP-SYJ-cbv,,,SYJ210+1.015.p,intuitionistic,auto,2,,5,0,none,unprovable,unknown,timeout,,two-sided,ILL,160,2,5001.676,85783128,76123344,28126,74559107,0,0,2048,9870.000,17.890,auto,30,,1073741824,9,0.1
lltp,ILL/ILLTP-SYJ-cbv,,,SYJ210+1.016.p,intuitionistic,auto,2,,5,0,none,unprovable,unknown,timeout,,two-sided,ILL,170,2,5003.340,84086978,75428394,23967,72651639,0,0,2048,9860.000,15.320,auto,30,,1073741824,9,0.1
lltp,ILL/ILLTP-SYJ-cbv,,,SYJ210+1.017.p,intuitionistic,auto,2,,5,0,none,unprovable,unknown,timeout,,two-sided,ILL,180,2,5002.754,84110235,76733944,23846,71603538,0,0,2048,9830.000,13.430,auto,30,,1073741824,9,0.1
lltp,ILL/ILLTP-SYJ-cbv,,,SYJ210+1.018.p,intuitionistic,auto,2,,5,0,none,unprovable,unknown,timeout,,two-sided,ILL,190,2,5001.153,83900767,77786787,20615,69739987,0,0,2048,9760.000,11.893,auto,30,,1073741824,9,0.1
lltp,ILL/ILLTP-SYJ-cbv,,,SYJ210+1.019.p,intuitionistic,auto,2,,5,0,none,unprovable,unknown,timeout,,two-sided,ILL,200,2,5002.585,85164024,79790618,12878,68186208,0,0,2048,9820.000,15.459,auto,30,,1073741824,9,0.1
lltp,ILL/ILLTP-SYJ-cbv,,,SYJ210+1.020.p,intuitionistic,auto,2,,5,0,none,unprovable,unknown,timeout,,two-sided,ILL,210,2,5001.396,85163007,79957528,8484,70321817,0,0,2048,9850.000,8.050,auto,30,,1073741824,8,0.1
lltp,ILL/ILLTP-SYJ-cbv,,,SYJ211+1.001.p,intuitionistic,auto,2,,5,0,none,unprovable,unprovable,,,two-sided,ILL,40,2,0.089,21,11,5,15,0,0,2048,0.000,0.000,auto,30,,1073741824,2,0.1
lltp,ILL/ILLTP-SYJ-cbv,,,SYJ211+1.002.p,intuitionistic,auto,2,,5,0,none,unprovable,unprovable,,,two-sided,ILL,56,2,0.064,26,15,6,20,0,0,2048,0.000,0.000,auto,30,,1073741824,2,0.1
lltp,ILL/ILLTP-SYJ-cbv,,,SYJ211+1.003.p,intuitionistic,auto,2,,5,0,none,unprovable,unprovable,,,two-sided,ILL,72,2,0.061,31,19,7,25,0,0,2048,0.000,0.000,auto,30,,1073741824,2,0.1
lltp,ILL/ILLTP-SYJ-cbv,,,SYJ211+1.004.p,intuitionistic,auto,2,,5,0,none,unprovable,unprovable,,,two-sided,ILL,88,2,0.061,36,23,8,30,0,0,2048,0.000,0.000,auto,30,,1073741824,2,0.1
lltp,ILL/ILLTP-SYJ-cbv,,,SYJ211+1.005.p,intuitionistic,auto,2,,5,0,none,unprovable,unprovable,,,two-sided,ILL,104,2,0.048,41,27,9,35,0,0,2048,0.000,0.000,auto,30,,1073741824,2,0.1
lltp,ILL/ILLTP-SYJ-cbv,,,SYJ211+1.006.p,intuitionistic,auto,2,,5,0,none,unprovable,unprovable,,,two-sided,ILL,120,2,0.077,46,31,10,40,0,0,2048,0.000,0.000,auto,30,,1073741824,2,0.1
lltp,ILL/ILLTP-SYJ-cbv,,,SYJ211+1.007.p,intuitionistic,auto,2,,5,0,none,unprovable,unprovable,,,two-sided,ILL,136,2,0.062,51,35,11,45,0,0,2048,0.000,0.000,auto,30,,1073741824,2,0.1
lltp,ILL/ILLTP-SYJ-cbv,,,SYJ211+1.008.p,intuitionistic,auto,2,,5,0,none,unprovable,unprovable,,,two-sided,ILL,152,2,0.064,56,39,12,50,0,0,2048,0.000,0.000,auto,30,,1073741824,2,0.1
lltp,ILL/ILLTP-SYJ-cbv,,,SYJ211+1.009.p,intuitionistic,auto,2,,5,0,none,unprovable,unprovable,,,two-sided,ILL,168,2,0.069,61,43,13,55,0,0,2048,0.000,0.000,auto,30,,1073741824,2,0.1
lltp,ILL/ILLTP-SYJ-cbv,,,SYJ211+1.010.p,intuitionistic,auto,2,,5,0,none,unprovable,unprovable,,,two-sided,ILL,184,2,0.067,66,47,14,60,0,0,2048,0.000,0.000,auto,30,,1073741824,2,0.1
lltp,ILL/ILLTP-SYJ-cbv,,,SYJ211+1.011.p,intuitionistic,auto,2,,5,0,none,unprovable,unprovable,,,two-sided,ILL,200,2,0.089,71,51,15,65,0,0,2048,0.000,0.000,auto,30,,1073741824,2,0.1
lltp,ILL/ILLTP-SYJ-cbv,,,SYJ211+1.012.p,intuitionistic,auto,2,,5,0,none,unprovable,unprovable,,,two-sided,ILL,216,2,0.057,76,55,16,70,0,0,2048,0.000,0.000,auto,30,,1073741824,2,0.1
lltp,ILL/ILLTP-SYJ-cbv,,,SYJ211+1.013.p,intuitionistic,auto,2,,5,0,none,unprovable,unprovable,,,two-sided,ILL,232,2,0.088,81,59,17,75,0,0,2048,0.000,0.000,auto,30,,1073741824,2,0.1
lltp,ILL/ILLTP-SYJ-cbv,,,SYJ211+1.014.p,intuitionistic,auto,2,,5,0,none,unprovable,unprovable,,,two-sided,ILL,248,2,0.074,86,63,18,80,0,0,2048,0.000,0.000,auto,30,,1073741824,2,0.1
lltp,ILL/ILLTP-SYJ-cbv,,,SYJ211+1.015.p,intuitionistic,auto,2,,5,0,none,unprovable,unprovable,,,two-sided,ILL,264,2,0.077,91,67,19,85,0,0,2048,0.000,0.000,auto,30,,1073741824,2,0.1
lltp,ILL/ILLTP-SYJ-cbv,,,SYJ211+1.016.p,intuitionistic,auto,2,,5,0,none,unprovable,unprovable,,,two-sided,ILL,280,2,0.062,96,71,20,90,0,0,2048,0.000,0.000,auto,30,,1073741824,2,0.1
lltp,ILL/ILLTP-SYJ-cbv,,,SYJ211+1.017.p,intuitionistic,auto,2,,5,0,none,unprovable,unprovable,,,two-sided,ILL,296,2,0.073,101,75,21,95,0,0,2048,0.000,0.000,auto,30,,1073741824,2,0.1
lltp,ILL/ILLTP-SYJ-cbv,,,SYJ211+1.018.p,intuitionistic,auto,2,,5,0,none,unprovable,unprovable,,,two-sided,ILL,312,2,0.068,106,79,22,100,0,0,2048,0.000,0.000,auto,30,,1073741824,2,0.1
lltp,ILL/ILLTP-SYJ-cbv,,,SYJ211+1.019.p,intuitionistic,auto,2,,5,0,none,unprovable,unprovable,,,two-sided,ILL,328,2,0.072,111,83,23,105,0,0,2048,0.000,0.000,auto,30,,1073741824,2,0.1
lltp,ILL/ILLTP-SYJ-cbv,,,SYJ211+1.020.p,intuitionistic,auto,2,,5,0,none,unprovable,unprovable,,,two-sided,ILL,344,2,0.067,116,87,24,110,0,0,2048,0.000,0.000,auto,30,,1073741824,2,0.1
lltp,ILL/ILLTP-SYJ-cbv,,,SYJ212+1.001.p,intuitionistic,auto,2,,5,0,none,unprovable,proved,,ok,two-sided,ILL,22,2,0.074,76,23,24,47,0,0,2048,0.000,0.000,auto,30,0.011,1073741824,4,0.1
lltp,ILL/ILLTP-SYJ-cbv,,,SYJ212+1.002.p,intuitionistic,auto,2,,5,0,none,unprovable,unprovable,,,two-sided,ILL,75,4,0.300,2000,1303,33,3175,0,0,2048,0.000,0.000,auto,30,,1073741824,9,0.1
lltp,ILL/ILLTP-SYJ-cbv,,,SYJ212+1.003.p,intuitionistic,auto,2,,5,0,none,unprovable,unknown,timeout,,two-sided,ILL,181,8,5000.511,60942229,49292980,1629,112517732,0,0,2048,9840.000,22.171,auto,30,,1073741824,1417,0.1
lltp,ILL/ILLTP-SYJ-cbv,,,SYJ212+1.004.p,intuitionistic,auto,2,,5,0,none,unprovable,unknown,timeout,,two-sided,ILL,393,16,5001.392,63645666,57974245,29344,148951755,0,0,2048,9660.000,74.459,auto,30,,1073741824,33,0.1
lltp,ILL/ILLTP-SYJ-cbv,,,SYJ212+1.005.p,intuitionistic,auto,2,,5,0,none,unprovable,unknown,timeout,,two-sided,ILL,817,32,5007.340,52979766,48947085,432663,107946022,0,0,2048,9830.000,28.391,auto,30,,1073741824,14,0.1
lltp,ILL/ILLTP-SYJ-cbv,,,SYJ212+1.006.p,intuitionistic,auto,2,,5,0,none,unprovable,unknown,timeout,,two-sided,ILL,1665,64,5015.057,42297777,37744553,605270,60488597,0,0,2048,9850.000,32.509,auto,30,,1073741824,9,0.1
lltp,ILL/ILLTP-SYJ-cbv,,,SYJ212+1.007.p,intuitionistic,auto,2,,5,0,none,unprovable,unknown,timeout,,two-sided,ILL,3361,128,5016.893,34315116,30841903,496131,52442963,0,0,2048,9650.000,19.056,auto,30,,1073741824,8,0.1
lltp,ILL/ILLTP-SYJ-cbv,,,SYJ212+1.008.p,intuitionistic,auto,2,,5,0,none,unprovable,unknown,timeout,,two-sided,ILL,6753,256,5038.639,21292339,18800028,479756,29805422,0,0,2048,8830.000,32.077,auto,30,,1073741824,8,0.1
lltp,ILL/ILLTP-SYJ-cbv,,,SYJ212+1.009.p,intuitionistic,auto,2,,5,0,none,unprovable,unknown,timeout,,two-sided,ILL,13537,512,5026.325,12833743,10952497,273072,14040303,0,0,2048,9170.000,25.113,auto,30,,1073741824,7,0.1
lltp,ILL/ILLTP-SYJ-cbv,,,SYJ212+1.010.p,intuitionistic,auto,2,,5,0,none,unprovable,unknown,timeout,,two-sided,ILL,27105,1024,5010.586,6798313,5533066,137152,6147377,0,0,2048,9550.000,20.745,auto,30,,1073741824,6,0.1
lltp,ILL/ILLTP-SYJ-cbv,,,SYJ212+1.011.p,intuitionistic,auto,2,,5,0,none,unprovable,unknown,timeout,,two-sided,ILL,54241,2048,5031.636,3046246,2189952,68616,2319370,0,0,2048,9270.000,15.689,auto,30,,1073741824,5,0.1
lltp,ILL/ILLTP-SYJ-cbv,,,SYJ212+1.012.p,intuitionistic,auto,2,,5,0,none,unprovable,unknown,timeout,,two-sided,ILL,108513,4096,5021.108,1382312,958239,34236,920479,0,0,2048,8490.000,20.654,auto,30,,1073741824,5,0.1
lltp,ILL/ILLTP-SYJ-cbv,,,SYJ212+1.013.p,intuitionistic,auto,2,,5,0,none,unprovable,unknown,timeout,,two-sided,ILL,217057,8192,5028.405,552351,344877,16941,347414,0,0,2048,7350.000,24.625,auto,30,,1073741824,4,0.1
lltp,ILL/ILLTP-SYJ-cbv,,,SYJ212+1.014.p,intuitionistic,auto,2,,5,0,none,unprovable,unknown,timeout,,two-sided,ILL,434145,16384,5013.938,307680,180937,8320,177786,0,0,2048,8640.000,17.785,auto,30,,1073741824,4,0.1
lltp,ILL/ILLTP-SYJ-cbv,,,SYJ212+1.015.p,intuitionistic,auto,2,,5,0,none,unprovable,unknown,timeout,,two-sided,ILL,868321,32768,5011.788,99991,54515,3970,55672,0,0,2048,6050.000,16.473,auto,30,,1073741824,3,0.1
lltp,ILL/ILLTP-SYN-01,,,SYN040+1.p,intuitionistic,auto,2,,5,0,none,unprovable,unprovable,,,two-sided,ILL,44,2,1200.262,3934349,1042247,17,2109617,0,0,2048,2270.000,2.394,auto,30,,1073741824,95735,0.1
lltp,ILL/ILLTP-SYN-01,,,SYN044+1.p,intuitionistic,auto,2,,5,0,none,provable,proved,,ok,two-sided,ILL,38,3,0.170,343,176,85,194,0,0,2048,0.000,0.000,auto,30,0.008,1073741824,5,0.1
lltp,ILL/ILLTP-SYN-01,,,SYN045+1.p,intuitionistic,auto,2,,5,0,none,provable,proved,,ok,two-sided,ILL,50,3,0.197,813,400,209,0,0,0,2048,0.000,0.000,auto,30,0.006,1073741824,5,0.1
lltp,ILL/ILLTP-SYN-01,,,SYN388+1.p,intuitionistic,auto,2,,5,0,none,unprovable,unprovable,,,two-sided,ILL,17,1,0.075,69,17,9,24,0,0,2048,0.000,0.000,auto,30,,1073741824,5,0.1
lltp,ILL/ILLTP-SYN-01,,,SYN389+1.p,intuitionistic,auto,2,,5,0,none,unprovable,unprovable,,,two-sided,IMELL,13,2,0.071,57,12,6,24,0,0,2048,0.000,0.000,auto,30,,1073741824,5,0.1
lltp,ILL/ILLTP-SYN-01,,,SYN391+1.p,intuitionistic,auto,2,,5,0,none,provable,proved,,ok,two-sided,ILL,49,2,0.334,1854,1159,337,291,0,0,2048,0.000,0.000,auto,30,0.004,1073741824,5,0.1
lltp,ILL/ILLTP-SYN-01,,,SYN392+1.p,intuitionistic,auto,2,,5,0,none,unprovable,unknown,timeout,,two-sided,ILL,74,4,5000.888,30557625,22121301,125,8877096,0,0,2048,9790.000,5.812,auto,30,,1073741824,294671,0.1
lltp,ILL/ILLTP-SYN-01,,,SYN393+1.p,intuitionistic,auto,2,,5,0,none,unprovable,unknown,timeout,,two-sided,ILL,150,8,5000.532,62611918,41474017,898,22752264,0,0,2048,9860.000,7.946,auto,30,,1073741824,25841,0.1
lltp,ILL/ILLTP-SYN-cbn,,,SYN040+1.p,intuitionistic,auto,2,,5,0,none,unprovable,unknown,timeout,,two-sided,ILL,33,2,5001.195,96596066,55197738,6,82796620,0,0,2048,9870.000,7.454,auto,30,,1073741824,6844445,0.1
lltp,ILL/ILLTP-SYN-cbn,,,SYN044+1.p,intuitionistic,auto,2,,5,0,none,provable,proved,,ok,two-sided,ILL,30,3,0.160,62,22,28,35,0,0,2048,0.000,0.000,auto,30,0.008,1073741824,3,0.1
lltp,ILL/ILLTP-SYN-cbn,,,SYN045+1.p,intuitionistic,auto,2,,5,0,none,provable,proved,,ok,two-sided,ILL,41,3,0.110,169,45,89,0,0,0,2048,0.000,0.000,auto,30,0.006,1073741824,3,0.1
lltp,ILL/ILLTP-SYN-cbn,,,SYN388+1.p,intuitionistic,auto,2,,5,0,none,unprovable,unprovable,,,two-sided,ILL,14,1,0.061,20,6,6,6,0,0,2048,0.000,0.000,auto,30,,1073741824,3,0.1
lltp,ILL/ILLTP-SYN-cbn,,,SYN389+1.p,intuitionistic,auto,2,,5,0,none,unprovable,unprovable,,,two-sided,IMELL,10,2,0.125,6,1,2,3,0,0,2048,0.000,0.000,auto,30,,1073741824,2,0.1
lltp,ILL/ILLTP-SYN-cbn,,,SYN391+1.p,intuitionistic,auto,2,,5,0,none,provable,proved,,ok,two-sided,ILL,39,2,0.073,93,28,47,26,0,0,2048,0.000,0.000,auto,30,0.004,1073741824,3,0.1
lltp,ILL/ILLTP-SYN-cbn,,,SYN392+1.p,intuitionistic,auto,2,,5,0,none,unprovable,unknown,timeout,,two-sided,ILL,57,4,5000.466,97989154,62356712,10,71264825,0,0,2048,9870.000,5.788,auto,30,,1073741824,4441107,0.1
lltp,ILL/ILLTP-SYN-cbn,,,SYN393+1.p,intuitionistic,auto,2,,5,0,none,unprovable,unknown,timeout,,two-sided,ILL,105,8,5000.926,92923698,73358687,44,78251736,0,0,2048,9860.000,8.943,auto,30,,1073741824,2437510,0.1
lltp,ILL/ILLTP-SYN-cbv,,,SYN040+1.p,intuitionistic,auto,2,,5,0,none,unprovable,unknown,timeout,,two-sided,ILL,41,2,5000.535,10055231,5027604,6,8044180,0,0,2048,9650.000,4.984,auto,30,,1073741824,899596,0.1
lltp,ILL/ILLTP-SYN-cbv,,,SYN044+1.p,intuitionistic,auto,2,,5,0,none,provable,proved,,ok,two-sided,ILL,37,3,0.130,102,42,38,63,0,0,2048,0.000,0.000,auto,30,0.007,1073741824,3,0.1
lltp,ILL/ILLTP-SYN-cbv,,,SYN045+1.p,intuitionistic,auto,2,,5,0,none,provable,proved,,ok,two-sided,ILL,43,3,0.122,29,0,26,6,0,0,2048,0.000,0.000,auto,30,0.007,1073741824,1,0.1
lltp,ILL/ILLTP-SYN-cbv,,,SYN388+1.p,intuitionistic,auto,2,,5,0,none,unprovable,unprovable,,,two-sided,ILL,14,1,0.050,20,6,6,6,0,0,2048,0.000,0.000,auto,30,,1073741824,3,0.1
lltp,ILL/ILLTP-SYN-cbv,,,SYN389+1.p,intuitionistic,auto,2,,5,0,none,unprovable,unprovable,,,two-sided,IMELL,14,2,0.053,31,9,7,12,0,0,2048,0.000,0.000,auto,30,,1073741824,3,0.1
lltp,ILL/ILLTP-SYN-cbv,,,SYN391+1.p,intuitionistic,auto,2,,5,0,none,provable,proved,,ok,two-sided,ILL,39,2,0.148,58,9,37,36,0,0,2048,0.000,0.000,auto,30,0.006,1073741824,2,0.1
lltp,ILL/ILLTP-SYN-cbv,,,SYN392+1.p,intuitionistic,auto,2,,5,0,none,unprovable,unknown,timeout,,two-sided,ILL,65,4,5000.206,9803965,4954094,6,7926561,0,0,2048,9840.000,7.917,auto,30,,1073741824,886580,0.1
lltp,ILL/ILLTP-SYN-cbv,,,SYN393+1.p,intuitionistic,auto,2,,5,0,none,unprovable,unknown,timeout,,two-sided,IMELL,145,8,5000.445,16264169,12059852,83,18333651,0,0,2048,9830.000,8.930,auto,30,,1073741824,502117,0.1
lltp,ILL/KLE-01,,,KLE004+1.p,intuitionistic,auto,2,,5,0,none,provable,proved,,ok,two-sided,ILL,19,1,0.071,98,38,30,31,0,0,2048,0.000,0.000,auto,30,0.006,1073741824,4,0.1
lltp,ILL/KLE-01,,,KLE015+1.p,intuitionistic,auto,2,,5,0,none,provable,unknown,timeout,,two-sided,ILL,19,2,5000.185,10201212,5667329,5,7934270,0,0,2048,9710.000,4.898,auto,30,,1073741824,1009304,0.1
lltp,ILL/KLE-01,,,KLE017+1.p,intuitionistic,auto,2,,5,0,none,provable,unknown,timeout,,two-sided,ILL,27,2,5000.872,10945206,6566903,13,7661614,0,0,2048,9730.000,4.817,auto,30,,1073741824,987958,0.1
lltp,ILL/KLE-01,,,KLE018+1.p,intuitionistic,auto,2,,5,0,none,provable,proved,,ok,two-sided,ILL,35,2,0.205,432,141,126,176,0,0,2048,0.000,0.000,auto,30,0.011,1073741824,4,0.1
lltp,ILL/KLE-01,,,KLE026+1.p,intuitionistic,auto,2,,5,0,none,provable,proved,,ok,two-sided,ILL,40,2,0.348,1565,977,255,398,0,0,2048,0.000,0.000,auto,30,0.005,1073741824,5,0.1
lltp,ILL/KLE-01,,,KLE027+1.p,intuitionistic,auto,2,,5,0,none,provable,proved,,ok,two-sided,ILL,39,1,0.430,2890,1795,252,1866,0,0,2048,0.000,0.000,auto,30,0.007,1073741824,6,0.1
lltp,ILL/KLE-01,,,KLE028+1.p,intuitionistic,auto,2,,5,0,none,provable,proved,,ok,two-sided,ILL,35,1,0.238,672,307,113,402,0,0,2048,0.000,0.000,auto,30,0.006,1073741824,5,0.1
lltp,ILL/KLE-01,,,KLE029+1.p,intuitionistic,auto,2,,5,0,none,provable,proved,,ok,two-sided,ILL,41,1,0.348,2293,1256,201,1698,0,0,2048,0.000,0.000,auto,30,0.006,1073741824,6,0.1
lltp,ILL/KLE-01,,,KLE030+1.p,intuitionistic,auto,2,,5,0,none,provable,proved,,ok,two-sided,ILL,66,2,1.826,11625,7336,2174,4333,0,0,2048,0.000,0.013,auto,30,0.021,1073741824,8,0.1
lltp,ILL/KLE-01,,,KLE031+1.p,intuitionistic,auto,2,,5,0,none,provable,proved,,ok,two-sided,ILL,98,4,11.305,80960,56653,9904,35434,0,0,2048,10.000,0.016,auto,30,0.036,1073741824,9,0.1
lltp,ILL/KLE-01,,,KLE032+1.p,intuitionistic,auto,2,,5,0,none,provable,proved,,ok,two-sided,ILL,42,2,0.148,271,141,64,83,0,0,2048,0.000,0.000,auto,30,0.005,1073741824,4,0.1
lltp,ILL/KLE-01,,,KLE033+1.p,intuitionistic,auto,2,,5,0,none,provable,proved,,ok,two-sided,ILL,42,2,0.120,382,186,99,120,0,0,2048,0.000,0.000,auto,30,0.004,1073741824,4,0.1
lltp,ILL/KLE-01,,,KLE034+1.p,intuitionistic,auto,2,,5,0,none,provable,proved,,ok,two-sided,ILL,40,2,0.142,459,240,113,67,0,0,2048,0.000,0.000,auto,30,0.005,1073741824,4,0.1
lltp,ILL/KLE-01,,,KLE035+1.p,intuitionistic,auto,2,,5,0,none,provable,proved,,ok,two-sided,ILL,40,2,0.150,515,262,132,75,0,0,2048,0.000,0.000,auto,30,0.007,1073741824,4,0.1
lltp,ILL/KLE-01,,,KLE036+1.p,intuitionistic,auto,2,,5,0,none,provable,proved,,ok,two-sided,ILL,42,2,0.158,725,376,168,127,0,0,2048,0.000,0.000,auto,30,0.005,1073741824,4,0.1
lltp,ILL/KLE-01,,,KLE037+1.p,intuitionistic,auto,2,,5,0,none,provable,proved,,ok,two-sided,ILL,42,2,0.173,748,379,190,124,0,0,2048,0.000,0.000,auto,30,0.005,1073741824,4,0.1
lltp,ILL/KLE-01,,,KLE038+1.p,intuitionistic,auto,2,,5,0,none,provable,proved,,ok,two-sided,ILL,39,2,0.749,5765,3853,633,1769,0,0,2048,0.000,0.000,auto,30,0.005,1073741824,8,0.1
lltp,ILL/KLE-01,,,KLE043+1.p,intuitionistic,auto,2,,5,0,none,provable,proved,,ok,two-sided,ILL,49,3,0.144,541,230,151,0,0,0,2048,0.000,0.000,auto,30,0.006,1073741824,4,0.1
lltp,ILL/KLE-01,,,KLE044+1.p,intuitionistic,auto,2,,5,0,none,provable,proved,,ok,two-sided,ILL,50,3,0.219,813,400,209,0,0,0,2048,0.000,0.000,auto,30,0.006,1073741824,5,0.1
lltp,ILL/KLE-01,,,KLE058+1.p,intuitionistic,auto,2,,5,0,none,provable,proved,,ok,two-sided,ILL,33,2,0.221,599,319,80,246,0,0,2048,0.000,0.000,auto,30,0.005,1073741824,7,0.1
lltp,ILL/KLE-01,,,KLE061+1.p,intuitionistic,auto,2,,5,0,none,provable,proved,,ok,two-sided,ILL,13,1,0.085,52,19,12,7,0,0,2048,0.000,0.000,auto,30,0.003,1073741824,4,0.1
lltp,ILL/KLE-01,,,KLE062+1.p,intuitionistic,auto,2,,5,0,none,provable,proved,,ok,two-sided,ILL,25,2,0.090,220,107,33,64,0,0,2048,0.000,0.000,auto,30,0.005,1073741824,6,0.1
lltp,ILL/KLE-01,,,KLE066+1.p,intuitionistic,auto,2,,5,0,none,provable,proved,,ok,two-sided,ILL,35,2,0.108,94,32,26,7,0,0,2048,0.000,0.000,auto,30,0.006,1073741824,5,0.1
lltp,ILL/KLE-01,,,KLE067+1.p,intuitionistic,auto,2,,5,0,none,provable,proved,,ok,two-sided,ILL,49,4,0.112,297,115,96,14,0,0,2048,0.000,0.000,auto,30,0.006,1073741824,4,0.1
lltp,ILL/KLE-01,,,KLE068+1.p,intuitionistic,auto,2,,5,0,none,unprovable,unprovable,,,two-sided,ILL,52,4,0.114,101,39,23,0,0,0,2048,0.000,0.000,auto,30,,1073741824,4,0.1
lltp,ILL/KLE-01,,,KLE069+1.p,intuitionistic,auto,2,,5,0,none,provable,unprovable,,,two-sided,ILL,24,2,0.424,3199,1125,60,956,0,0,2048,0.000,0.000,auto,30,,1073741824,13,0.1
lltp,ILL/KLE-01,,,KLE073+1.p,intuitionistic,auto,2,,5,0,none,provable,proved,,ok,two-sided,ILL,21,1,0.079,142,63,39,43,0,0,2048,0.000,0.000,auto,30,0.004,1073741824,4,0.1
lltp,ILL/KLE-01,,,KLE074+1.p,intuitionistic,auto,2,,5,0,none,provable,unknown,timeout,,two-sided,ILL,264,8,5003.035,59345924,50183639,24200,28470350,0,0,2048,9610.000,274.464,auto,30,,1073741824,1892,0.1
lltp,ILL/KLE-01,,,KLE075+1.p,intuitionistic,auto,2,,5,0,none,provable,unknown,timeout,,two-sided,ILL,89,4,5000.675,69169911,61466593,6358,33514090,0,0,2048,9820.000,65.129,auto,30,,1073741824,1431,0.1
lltp,ILL/KLE-01,,,KLE076+1.p,intuitionistic,auto,2,,5,0,none,provable,proved,,ok,two-sided,ILL,29,1,0.190,442,233,80,177,0,0,2048,0.000,0.000,auto,30,0.007,1073741824,5,0.1
lltp,ILL/KLE-01,,,KLE078+1.p,intuitionistic,auto,2,,5,0,none,provable,unknown,timeout,,two-sided,ILL,25,2,5000.906,34795568,25101601,60,14999877,0,0,2048,6060.000,2.160,auto,30,,1073741824,98940,0.1
lltp,ILL/KLE-01,,,KLE080+1.p,intuitionistic,auto,2,,5,0,none,provable,proved,,ok,two-sided,ILL,21,1,0.103,193,94,46,45,0,0,2048,0.000,0.000,auto,30,0.006,1073741824,4,0.1
lltp,ILL/KLE-01,,,KLE081+1.p,intuitionistic,auto,2,,5,0,none,provable,proved,,ok,two-sided,ILL,21,1,0.138,182,89,43,46,0,0,2048,0.000,0.000,auto,30,0.004,1073741824,4,0.1
lltp,ILL/KLE-01,,,KLE082+1.p,intuitionistic,auto,2,,5,0,none,provable,proved,,ok,two-sided,ILL,29,1,0.131,421,221,77,168,0,0,2048,0.000,0.000,auto,30,0.004,1073741824,5,0.1
lltp,ILL/KLE-01,,,KLE083+1.p,intuitionistic,auto,2,,5,0,none,provable,unknown,timeout,,two-sided,ILL,254,8,5001.979,66655322,40247756,8217,24338962,0,0,2048,9490.000,24.184,auto,30,,1073741824,19,0.1
lltp,ILL/KLE-01,,,KLE084+1.p,intuitionistic,auto,2,,5,0,none,provable,proved,,ok,two-sided,ILL,264,8,7.420,42263,25838,7525,18109,0,0,2048,0.000,0.013,auto,30,0.021,1073741824,6,0.1
lltp,ILL/KLE-01,,,KLE086+1.p,intuitionistic,auto,2,,5,0,none,provable,unknown,timeout,,two-sided,ILL,49,2,5002.666,56751355,45928043,793,21031858,0,0,2048,9830.000,10.542,auto,30,,1073741824,31738,0.1
lltp,ILL/KLE-01,,,KLE088+1.p,intuitionistic,auto,2,,5,0,none,provable,unknown,timeout,,two-sided,ILL,48,2,5001.585,36877380,30687556,1101,12740148,0,0,2048,9860.000,9.931,auto,30,,1073741824,221640,0.1
lltp,ILL/KLE-IMP-CONJ,,,KLE_14_01.p,intuitionistic,auto,2,,5,0,none,provable,proved,,ok,two-sided,ILL,27,1,0.125,177,72,46,93,0,0,2048,0.000,0.000,auto,30,0.007,1073741824,4,0.1
lltp,ILL/KLE-IMP-CONJ,,,KLE_14_CBV.p,intuitionistic,auto,2,,5,0,none,provable,proved,,ok,two-sided,ILL,24,1,0.078,115,51,26,67,0,0,2048,0.000,0.000,auto,30,0.004,1073741824,4,0.1
lltp,ILL/KLE-IMP-CONJ,,,KLE_22_01.p,intuitionistic,auto,2,,5,0,none,provable,proved,,ok,two-sided,ILL,40,2,0.284,1565,977,255,398,0,0,2048,0.000,0.000,auto,30,0.005,1073741824,5,0.1
lltp,ILL/KLE-IMP-CONJ,,,KLE_23_01.p,intuitionistic,auto,2,,5,0,none,provable,proved,,ok,two-sided,ILL,39,1,0.400,2890,1795,252,1866,0,0,2048,0.000,0.000,auto,30,0.007,1073741824,6,0.1
lltp,ILL/KLE-IMP-CONJ,,,KLE_23_CBN.p,intuitionistic,auto,2,,5,0,none,provable,proved,,ok,two-sided,ILL,31,1,0.122,163,101,26,137,0,0,2048,0.000,0.013,auto,30,0.004,1073741824,4,0.1
lltp,ILL/KLE-IMP-CONJ,,,KLE_23_CBV.p,intuitionistic,auto,2,,5,0,none,provable,proved,,ok,two-sided,ILL,34,1,0.228,1205,842,104,853,0,0,2048,0.000,0.000,auto,30,0.005,1073741824,6,0.1
lltp,ILL/KLE-IMP-CONJ,,,KLE_24_01.p,intuitionistic,auto,2,,5,0,none,provable,proved,,ok,two-sided,ILL,35,1,0.174,806,396,111,547,0,0,2048,0.000,0.000,auto,30,0.005,1073741824,5,0.1
lltp,ILL/KLE-IMP-CONJ,,,KLE_24_CBN.p,intuitionistic,auto,2,,5,0,none,provable,proved,,ok,two-sided,ILL,27,1,0.106,84,45,15,73,0,0,2048,0.000,0.011,auto,30,0.004,1073741824,4,0.1
lltp,ILL/KLE-IMP-CONJ,,,KLE_24_CBV.p,intuitionistic,auto,2,,5,0,none,provable,proved,,ok,two-sided,ILL,30,1,0.120,280,150,45,217,0,0,2048,0.000,0.000,auto,30,0.004,1073741824,5,0.1
lltp,ILL/KLE-IMP-CONJ,,,KLE_25_01.p,intuitionistic,auto,2,,5,0,none,provable,proved,,ok,two-sided,ILL,41,1,0.400,2293,1256,201,1698,0,0,2048,0.000,0.000,auto,30,0.006,1073741824,6,0.1
lltp,ILL/KLE-IMP-CONJ,,,KLE_25_CBN.p,intuitionistic,auto,2,,5,0,none,provable,proved,,ok,two-sided,ILL,32,1,0.241,417,275,31,381,0,0,2048,0.000,0.031,auto,30,0.004,1073741824,6,0.1
lltp,ILL/KLE-IMP-CONJ,,,KLE_25_CBV.p,intuitionistic,auto,2,,5,0,none,provable,proved,,ok,two-sided,ILL,36,1,0.169,835,551,76,688,0,0,2048,0.000,0.000,auto,30,0.004,1073741824,6,0.1
lltp,ILL/KLE-IMP-CONJ,,,KLE_26_01.p,intuitionistic,auto,2,,5,0,none,provable,proved,,ok,two-sided,ILL,74,2,0.239,1173,558,200,426,0,0,2048,0.000,0.000,auto,30,0.007,1073741824,6,0.1
lltp,ILL/KLE-IMP-CONJ,,,KLE_26_CBN.p,intuitionistic,auto,2,,5,0,none,provable,proved,,ok,two-sided,ILL,53,2,0.088,107,35,35,66,0,0,2048,0.000,0.000,auto,30,0.006,1073741824,4,0.1
lltp,ILL/KLE-IMP-CONJ,,,KLE_26_CBV.p,intuitionistic,auto,2,,5,0,none,provable,proved,,ok,two-sided,ILL,61,2,0.099,148,50,42,126,0,0,2048,0.000,0.000,auto,30,0.006,1073741824,4,0.1
lltp,ILL/KLE-IMP-CONJ,,,KLE_27_01.p,intuitionistic,auto,2,,5,0,none,provable,proved,,ok,two-sided,ILL,106,4,0.646,4026,2144,517,1780,0,0,2048,0.000,0.000,auto,30,0.011,1073741824,6,0.1
lltp,ILL/KLE-IMP-CONJ,,,KLE_27_CBN.p,intuitionistic,auto,2,,5,0,none,provable,proved,,ok,two-sided,ILL,77,4,0.172,248,114,49,233,0,0,2048,0.000,0.014,auto,30,0.009,1073741824,4,0.1
lltp,ILL/KLE-IMP-CONJ,,,KLE_27_CBV.p,intuitionistic,auto,2,,5,0,none,provable,proved,,ok,two-sided,ILL,93,4,0.170,570,273,123,525,0,0,2048,0.000,0.000,auto,30,0.007,1073741824,5,0.1
lltp,ILL/KLE-IMP-CONJ,,,KLE_28_01.p,intuitionistic,auto,2,,5,0,none,provable,proved,,ok,two-sided,ILL,42,2,0.126,271,141,64,83,0,0,2048,0.000,0.012,auto,30,0.005,1073741824,4,0.1
lltp,ILL/KLE-IMP-CONJ,,,KLE_29_01.p,intuitionistic,auto,2,,5,0,none,provable,proved,,ok,two-sided,ILL,42,2,0.124,382,186,99,120,0,0,2048,0.000,0.000,auto,30,0.005,1073741824,4,0.1
lltp,ILL/KLE-IMP-CONJ,,,KLE_30_01.p,intuitionistic,auto,2,,5,0,none,provable,proved,,ok,two-sided,ILL,40,2,0.132,459,240,113,67,0,0,2048,0.000,0.000,auto,30,0.005,1073741824,4,0.1
lltp,ILL/KLE-IMP-CONJ,,,KLE_31_01.p,intuitionistic,auto,2,,5,0,none,provable,proved,,ok,two-sided,ILL,40,2,0.157,515,262,132,75,0,0,2048,0.000,0.000,auto,30,0.005,1073741824,4,0.1
lltp,ILL/KLE-IMP-CONJ,,,KLE_32_01.p,intuitionistic,auto,2,,5,0,none,provable,proved,,ok,two-sided,ILL,42,2,0.119,377,195,91,125,0,0,2048,0.000,0.000,auto,30,0.005,1073741824,4,0.1
lltp,ILL/KLE-IMP-CONJ,,,KLE_44_01.p,intuitionistic,auto,2,,5,0,none,provable,proved,,ok,two-sided,ILL,13,1,0.069,52,19,12,7,0,0,2048,0.000,0.000,auto,30,0.003,1073741824,4,0.1
lltp,ILL/KLE-IMP-CONJ,,,KLE_45_01.p,intuitionistic,auto,2,,5,0,none,provable,proved,,ok,two-sided,ILL,25,2,0.097,220,107,33,64,0,0,2048,0.000,0.000,auto,30,0.004,1073741824,6,0.1
lltp,ILL/KLE-IMP-CONJ,,,KLE_45_CBN.p,intuitionistic,auto,2,,5,0,none,provable,proved,,ok,two-sided,ILL,18,2,0.117,26,9,6,21,0,0,2048,0.000,0.023,auto,30,0.004,1073741824,4,0.1
lltp,ILL/KLE-IMP-CONJ,,,KLE_45_CBV.p,intuitionistic,auto,2,,5,0,none,provable,proved,,ok,two-sided,ILL,22,2,0.062,49,13,15,29,0,0,2048,0.000,0.000,auto,30,0.004,1073741824,4,0.1
lltp,ILL/KLE-IMP-CONJ,,,KLE_46_01.p,intuitionistic,auto,2,,5,0,none,provable,proved,,ok,two-sided,ILL,21,1,0.075,80,15,26,35,0,0,2048,0.000,0.000,auto,30,0.004,1073741824,4,0.1
lltp,ILL/KLE-IMP-CONJ,,,KLE_46_CBN.p,intuitionistic,auto,2,,5,0,none,provable,proved,,ok,two-sided,ILL,16,1,0.064,19,4,5,13,0,0,2048,0.000,0.000,auto,30,0.003,1073741824,4,0.1
lltp,ILL/KLE-IMP-CONJ,,,KLE_46_CBV.p,intuitionistic,auto,2,,5,0,none,provable,proved,,ok,two-sided,ILL,18,1,0.067,34,8,8,17,0,0,2048,0.000,0.000,auto,30,0.003,1073741824,4,0.1
lltp,ILL/KLE-IMP-CONJ,,,KLE_47_01.p,intuitionistic,auto,2,,5,0,none,provable,proved,,ok,two-sided,ILL,49,4,0.112,297,115,96,14,0,0,2048,0.000,0.000,auto,30,0.006,1073741824,4,0.1
lltp,ILL/KLE-IMP-CONJ,,,KLE_48_01.p,intuitionistic,auto,2,,5,0,none,provable,proved,,ok,two-sided,ILL,21,1,0.094,142,63,39,43,0,0,2048,0.000,0.000,auto,30,0.004,1073741824,4,0.1
lltp,ILL/KLE-IMP-CONJ,,,KLE_49_01.p,intuitionistic,auto,2,,5,0,none,provable,proved,,ok,two-sided,ILL,43,2,0.078,133,41,49,39,0,0,2048,0.000,0.000,auto,30,0.004,1073741824,4,0.1
lltp,ILL/KLE-IMP-CONJ,,,KLE_4_01.p,intuitionistic,auto,2,,5,0,none,provable,proved,,ok,two-sided,ILL,19,1,0.067,98,38,30,31,0,0,2048,0.000,0.000,auto,30,0.003,1073741824,4,0.1
lltp,ILL/KLE-IMP-CONJ,,,KLE_50_01.p,intuitionistic,auto,2,,5,0,none,provable,proved,,ok,two-sided,ILL,59,2,0.108,304,85,111,126,0,0,2048,0.000,0.000,auto,30,0.006,1073741824,4,0.1
lltp,ILL/KLE-IMP-CONJ,,,KLE_51_01.p,intuitionistic,auto,2,,5,0,none,provable,proved,,ok,two-sided,ILL,58,3,0.193,812,371,130,554,0,0,2048,0.000,0.000,auto,30,0.007,1073741824,5,0.1
lltp,ILL/KLE-IMP-CONJ,,,KLE_51_CBN.p,intuitionistic,auto,2,,5,0,none,provable,proved,,ok,two-sided,ILL,44,3,0.178,164,78,31,140,0,0,2048,0.000,0.015,auto,30,0.005,1073741824,5,0.1
lltp,ILL/KLE-IMP-CONJ,,,KLE_51_CBV.p,intuitionistic,auto,2,,5,0,none,provable,proved,,ok,two-sided,ILL,53,3,0.120,312,146,64,243,0,0,2048,0.000,0.000,auto,30,0.005,1073741824,5,0.1
lltp,ILL/KLE-IMP-CONJ,,,KLE_52_01.p,intuitionistic,auto,2,,5,0,none,provable,proved,,ok,two-sided,ILL,57,3,0.170,586,234,188,276,0,0,2048,0.000,0.000,auto,30,0.007,1073741824,4,0.1
lltp,ILL/KLE-IMP-CONJ,,,KLE_52_CBN.p,intuitionistic,auto,2,,5,0,none,provable,proved,,ok,two-sided,ILL,42,3,0.147,93,41,28,59,0,0,2048,0.000,0.014,auto,30,0.005,1073741824,4,0.1
lltp,ILL/KLE-IMP-CONJ,,,KLE_52_CBV.p,intuitionistic,auto,2,,5,0,none,provable,proved,,ok,two-sided,ILL,51,3,0.110,188,75,55,156,0,0,2048,0.000,0.000,auto,30,0.006,1073741824,4,0.1
lltp,ILL/KLE-IMP-CONJ,,,KLE_53_01.p,intuitionistic,auto,2,,5,0,none,provable,proved,,ok,two-sided,ILL,29,1,0.157,260,101,77,93,0,0,2048,0.000,0.000,auto,30,0.004,1073741824,4,0.1
lltp,ILL/KLE-IMP-CONJ,,,KLE_54_01.p,intuitionistic,auto,2,,5,0,none,provable,proved,,ok,two-sided,ILL,21,1,0.082,193,94,46,45,0,0,2048,0.000,0.000,auto,30,0.003,1073741824,4,0.1
lltp,ILL/KLE-IMP-CONJ,,,KLE_55_01.p,intuitionistic,auto,2,,5,0,none,provable,proved,,ok,two-sided,ILL,21,1,0.086,182,89,43,46,0,0,2048,0.000,0.000,auto,30,0.004,1073741824,4,0.1
lltp,ILL/KLE-IMP-CONJ,,,KLE_56_01.p,intuitionistic,auto,2,,5,0,none,provable,proved,,ok,two-sided,ILL,29,1,0.143,606,353,76,178,0,0,2048,0.000,0.000,auto,30,0.004,1073741824,6,0.1
lltp,ILL/KLE-IMP-CONJ,,,KLE_56_CBV.p,intuitionistic,auto,2,,5,0,none,provable,proved,,ok,two-sided,ILL,25,1,0.073,108,47,22,56,0,0,2048,0.000,0.000,auto,30,0.004,1073741824,4,0.1
lltp,ILL/KLE-IMP-CONJ,,,KLE_57_01.p,intuitionistic,auto,2,,5,0,none,provable,proved,,ok,two-sided,ILL,59,2,0.182,633,335,105,222,0,0,2048,0.000,0.000,auto,30,0.009,1073741824,6,0.1
lltp,ILL/KLE-IMP-CONJ,,,KLE_57_CBN.p,intuitionistic,auto,2,,5,0,none,provable,proved,,ok,two-sided,ILL,43,2,0.121,52,22,14,41,0,0,2048,0.000,0.017,auto,30,0.005,1073741824,4,0.1
lltp,ILL/KLE-IMP-CONJ,,,KLE_57_CBV.p,intuitionistic,auto,2,,5,0,none,provable,proved,,ok,two-sided,ILL,51,2,0.080,107,42,30,77,0,0,2048,0.000,0.000,auto,30,0.006,1073741824,4,0.1
lltp,ILL/KLE-IMP-CONJ,,,KLE_58_01.p,intuitionistic,auto,2,,5,0,none,provable,proved,,ok,two-sided,ILL,59,2,0.157,475,186,125,191,0,0,2048,0.000,0.000,auto,30,0.007,1073741824,5,0.1
lltp,ILL/KLE-IMP-CONJ,,,KLE_58_CBN.p,intuitionistic,auto,2,,5,0,none,provable,proved,,ok,two-sided,ILL,43,2,0.109,47,12,16,31,0,0,2048,0.000,0.011,auto,30,0.005,1073741824,4,0.1
lltp,ILL/KLE-IMP-CONJ,,,KLE_58_CBV.p,intuitionistic,auto,2,,5,0,none,provable,proved,,ok,two-sided,ILL,51,2,0.088,98,29,30,73,0,0,2048,0.000,0.000,auto,30,0.006,1073741824,4,0.1
lltp,ILL/KLE-IMP-CONJ,,,KLE_59_01.p,intuitionistic,auto,2,,5,0,none,provable,proved,,ok,two-sided,ILL,59,2,0.178,584,253,162,223,0,0,2048,0.000,0.000,auto,30,0.009,1073741824,5,0.1
lltp,ILL/KLE-IMP-CONJ,,,KLE_59_CBN.p,intuitionistic,auto,2,,5,0,none,provable,proved,,ok,two-sided,ILL,43,2,0.144,61,20,20,39,0,0,2048,0.000,0.018,auto,30,0.006,1073741824,4,0.1
lltp,ILL/KLE-IMP-CONJ,,,KLE_59_CBV.p,intuitionistic,auto,2,,5,0,none,provable,proved,,ok,two-sided,ILL,51,2,0.142,129,51,32,95,0,0,2048,0.000,0.000,auto,30,0.007,1073741824,4,0.1
lltp,ILL/KLE-IMP-CONJ,,,KLE_60_01.p,intuitionistic,auto,2,,5,0,none,provable,proved,,ok,two-sided,ILL,59,2,0.201,456,200,128,166,0,0,2048,0.000,0.000,auto,30,0.006,1073741824,5,0.1
lltp,ILL/KLE-IMP-CONJ,,,KLE_60_CBV.p,intuitionistic,auto,2,,5,0,none,provable,proved,,ok,two-sided,ILL,51,2,0.132,132,53,39,93,0,0,2048,0.000,0.000,auto,30,0.008,1073741824,4,0.1
lltp,ILL/KLE-IMP-CONJ,,,KLE_61_01.p,intuitionistic,auto,2,,5,0,none,provable,proved,,ok,two-sided,ILL,76,2,0.163,554,206,158,297,0,0,2048,0.000,0.000,auto,30,0.008,1073741824,5,0.1
lltp,ILL/KLE-IMP-CONJ,,,KLE_61_CBN.p,intuitionistic,auto,2,,5,0,none,provable,proved,,ok,two-sided,ILL,57,2,0.074,89,40,25,71,0,0,2048,0.000,0.000,auto,30,0.005,1073741824,4,0.1
lltp,ILL/KLE-IMP-CONJ,,,KLE_61_CBV.p,intuitionistic,auto,2,,5,0,none,provable,proved,,ok,two-sided,ILL,65,2,0.161,247,120,51,171,0,0,2048,0.000,0.000,auto,30,0.006,1073741824,5,0.1
lltp,ILL/KLE-cbn,,,KLE004+1.p,intuitionistic,auto,2,,5,0,none,provable,proved,,ok,two-sided,ILL,14,1,0.091,11,0,8,3,0,0,2048,0.000,0.013,auto,30,0.003,1073741824,2,0.1
lltp,ILL/KLE-cbn,,,KLE015+1.p,intuitionistic,auto,2,,5,0,none,provable,unknown,timeout,,two-sided,ILL,15,2,5000.975,96167806,54953019,6,82429540,0,0,2048,9880.000,10.011,auto,30,,1073741824,6854511,0.1
lltp,ILL/KLE-cbn,,,KLE017+1.p,intuitionistic,auto,2,,5,0,none,provable,unprovable,,,two-sided,ILL,21,2,0.112,63,29,8,48,0,0,2048,0.000,0.000,auto,30,,1073741824,5,0.1
lltp,ILL/KLE-cbn,,,KLE018+1.p,intuitionistic,auto,2,,5,0,none,provable,proved,,ok,two-sided,ILL,27,2,0.075,79,38,18,52,0,0,2048,0.000,0.000,auto,30,0.006,1073741824,4,0.1
lltp,ILL/KLE-cbn,,,KLE026+1.p,intuitionistic,auto,2,,5,0,none,provable,proved,,ok,two-sided,ILL,29,2,0.121,46,18,10,41,0,0,2048,0.000,0.018,auto,30,0.006,1073741824,3,0.1
lltp,ILL/KLE-cbn,,,KLE027+1.p,intuitionistic,auto,2,,5,0,none,provable,proved,,ok,two-sided,ILL,31,1,0.118,163,101,26,137,0,0,2048,0.000,0.000,auto,30,0.004,1073741824,4,0.1
lltp,ILL/KLE-cbn,,,KLE028+1.p,intuitionistic,auto,2,,5,0,none,provable,proved,,ok,two-sided,ILL,27,1,0.086,63,30,13,52,0,0,2048,0.000,0.009,auto,30,0.003,1073741824,4,0.1
lltp,ILL/KLE-cbn,,,KLE029+1.p,intuitionistic,auto,2,,5,0,none,provable,proved,,ok,two-sided,ILL,32,1,0.153,417,275,31,381,0,0,2048,0.000,0.009,auto,30,0.004,1073741824,6,0.1
lltp,ILL/KLE-cbn,,,KLE030+1.p,intuitionistic,auto,2,,5,0,none,provable,proved,,ok,two-sided,ILL,47,2,0.304,869,514,186,451,0,0,2048,0.000,0.000,auto,30,0.007,1073741824,7,0.1
lltp,ILL/KLE-cbn,,,KLE031+1.p,intuitionistic,auto,2,,5,0,none,provable,proved,,ok,two-sided,ILL,71,4,0.279,825,457,150,740,0,0,2048,0.000,0.010,auto,30,0.010,1073741824,8,0.1
lltp,ILL/KLE-cbn,,,KLE032+1.p,intuitionistic,auto,2,,5,0,none,provable,proved,,ok,two-sided,ILL,31,2,0.133,22,8,7,17,0,0,2048,0.000,0.012,auto,30,0.007,1073741824,3,0.1
lltp,ILL/KLE-cbn,,,KLE033+1.p,intuitionistic,auto,2,,5,0,none,provable,proved,,ok,two-sided,ILL,31,2,0.086,44,15,12,33,0,0,2048,0.000,0.013,auto,30,0.004,1073741824,3,0.1
lltp,ILL/KLE-cbn,,,KLE034+1.p,intuitionistic,auto,2,,5,0,none,provable,proved,,ok,two-sided,ILL,27,2,0.087,21,4,12,11,0,0,2048,0.000,0.000,auto,30,0.005,1073741824,2,0.1
lltp,ILL/KLE-cbn,,,KLE035+1.p,intuitionistic,auto,2,,5,0,none,provable,proved,,ok,two-sided,ILL,27,2,0.098,24,5,14,11,0,0,2048,0.000,0.023,auto,30,0.005,1073741824,2,0.1
lltp,ILL/KLE-cbn,,,KLE036+1.p,intuitionistic,auto,2,,5,0,none,provable,proved,,ok,two-sided,ILL,35,2,0.113,149,69,44,74,0,0,2048,0.000,0.011,auto,30,0.005,1073741824,3,0.1
lltp,ILL/KLE-cbn,,,KLE037+1.p,intuitionistic,auto,2,,5,0,none,provable,proved,,ok,two-sided,ILL,35,2,0.143,148,68,41,72,0,0,2048,0.000,0.000,auto,30,0.004,1073741824,3,0.1
lltp,ILL/KLE-cbn,,,KLE038+1.p,intuitionistic,auto,2,,5,0,none,provable,proved,,ok,two-sided,ILL,28,2,0.091,67,39,10,62,0,0,2048,0.000,0.012,auto,30,0.006,1073741824,4,0.1
lltp,ILL/KLE-cbn,,,KLE043+1.p,intuitionistic,auto,2,,5,0,none,provable,proved,,ok,two-sided,ILL,37,3,0.111,82,8,58,0,0,0,2048,0.000,0.000,auto,30,0.008,1073741824,2,0.1
lltp,ILL/KLE-cbn,,,KLE044+1.p,intuitionistic,auto,2,,5,0,none,provable,proved,,ok,two-sided,ILL,41,3,0.096,169,45,89,0,0,0,2048,0.000,0.000,auto,30,0.005,1073741824,3,0.1
lltp,ILL/KLE-cbn,,,KLE058+1.p,intuitionistic,auto,2,,5,0,none,provable,proved,,ok,two-sided,ILL,24,2,0.175,45,18,8,39,0,0,2048,0.000,0.046,auto,30,0.005,1073741824,5,0.1
lltp,ILL/KLE-cbn,,,KLE061+1.p,intuitionistic,auto,2,,5,0,none,provable,proved,,ok,two-sided,ILL,9,1,0.067,10,1,5,3,0,0,2048,0.000,0.000,auto,30,0.004,1073741824,2,0.1
lltp,ILL/KLE-cbn,,,KLE062+1.p,intuitionistic,auto,2,,5,0,none,provable,proved,,ok,two-sided,ILL,18,2,0.103,26,9,6,21,0,0,2048,0.000,0.010,auto,30,0.004,1073741824,4,0.1
lltp,ILL/KLE-cbn,,,KLE066+1.p,intuitionistic,auto,2,,5,0,none,provable,proved,,ok,two-sided,ILL,27,2,0.059,23,3,12,3,0,0,2048,0.000,0.000,auto,30,0.004,1073741824,3,0.1
lltp,ILL/KLE-cbn,,,KLE067+1.p,intuitionistic,auto,2,,5,0,none,provable,proved,,ok,two-sided,ILL,33,4,0.062,36,4,25,8,0,0,2048,0.000,0.000,auto,30,0.005,1073741824,2,0.1
lltp,ILL/KLE-cbn,,,KLE068+1.p,intuitionistic,auto,2,,5,0,none,unprovable,unprovable,,,two-sided,ILL,45,4,0.058,71,30,18,0,0,0,2048,0.000,0.000,auto,30,,1073741824,4,0.1
lltp,ILL/KLE-cbn,,,KLE069+1.p,intuitionistic,auto,2,,5,0,none,provable,unprovable,,,two-sided,ILL,19,2,0.103,283,169,25,82,0,0,2048,0.000,0.000,auto,30,,1073741824,10,0.1
lltp,ILL/KLE-cbn,,,KLE073+1.p,intuitionistic,auto,2,,5,0,none,provable,proved,,ok,two-sided,ILL,15,1,0.087,14,3,6,7,0,0,2048,0.000,0.011,auto,30,0.003,1073741824,2,0.1
lltp,ILL/KLE-cbn,,,KLE074+1.p,intuitionistic,auto,2,,5,0,none,provable,unknown,timeout,,two-sided,ILL,197,8,5001.237,65073079,41114849,906,51638568,0,0,2048,9250.000,68.074,auto,30,,1073741824,4293,0.1
lltp,ILL/KLE-cbn,,,KLE075+1.p,intuitionistic,auto,2,,5,0,none,provable,unknown,timeout,,two-sided,ILL,65,4,5001.146,88140115,77772923,4247,64763174,0,0,2048,9870.000,8.518,auto,30,,1073741824,416453,0.1
lltp,ILL/KLE-cbn,,,KLE076+1.p,intuitionistic,auto,2,,5,0,none,provable,proved,,ok,two-sided,ILL,21,1,0.140,32,11,11,20,0,0,2048,0.000,0.017,auto,30,0.008,1073741824,3,0.1
lltp,ILL/KLE-cbn,,,KLE078+1.p,intuitionistic,auto,2,,5,0,none,provable,unprovable,,,two-sided,ILL,20,2,0.153,122,63,13,78,0,0,2048,0.000,0.014,auto,30,,1073741824,8,0.1
lltp,ILL/KLE-cbn,,,KLE080+1.p,intuitionistic,auto,2,,5,0,none,provable,proved,,ok,two-sided,ILL,15,1,0.052,19,3,11,5,0,0,2048,0.000,0.000,auto,30,0.004,1073741824,2,0.1
lltp,ILL/KLE-cbn,,,KLE081+1.p,intuitionistic,auto,2,,5,0,none,provable,proved,,ok,two-sided,ILL,15,1,0.106,26,9,8,14,0,0,2048,0.000,0.003,auto,30,0.003,1073741824,3,0.1
lltp,ILL/KLE-cbn,,,KLE082+1.p,intuitionistic,auto,2,,5,0,none,provable,proved,,ok,two-sided,ILL,21,1,0.050,33,11,13,18,0,0,2048,0.000,0.000,auto,30,0.003,1073741824,3,0.1
lltp,ILL/KLE-cbn,,,KLE083+1.p,intuitionistic,auto,2,,5,0,none,provable,unknown,timeout,,two-sided,ILL,187,8,5002.076,76785018,52108600,3787,49578675,0,0,2048,9870.000,2.863,auto,30,,1073741824,2065,0.1
lltp,ILL/KLE-cbn,,,KLE084+1.p,intuitionistic,auto,2,,5,0,none,provable,proved,,ok,two-sided,ILL,193,8,0.730,2460,1352,686,2021,0,0,2048,0.000,0.013,auto,30,0.014,1073741824,5,0.1
lltp,ILL/KLE-cbn,,,KLE086+1.p,intuitionistic,auto,2,,5,0,none,provable,unprovable,,,two-sided,ILL,38,2,0.205,578,304,104,429,0,0,2048,0.000,0.000,auto,30,,1073741824,9,0.1
lltp,ILL/KLE-cbn,,,KLE088+1.p,intuitionistic,auto,2,,5,0,none,provable,unprovable,,,two-sided,ILL,36,2,0.182,709,411,147,390,0,0,2048,0.000,0.000,auto,30,,1073741824,9,0.1
lltp,ILL/KLE-cbv,,,KLE004+1.p,intuitionistic,auto,2,,5,0,none,provable,proved,,ok,two-sided,IMELL,19,1,0.051,56,18,20,18,0,0,2048,0.000,0.000,auto,30,0.003,1073741824,3,0.1
lltp,ILL/KLE-cbv,,,KLE015+1.p,intuitionistic,auto,2,,5,0,none,provable,unknown,timeout,,two-sided,ILL,18,2,5000.992,10364318,5757944,5,8061131,0,0,2048,9740.000,4.720,auto,30,,1073741824,1028830,0.1
lltp,ILL/KLE-cbv,,,KLE017+1.p,intuitionistic,auto,2,,5,0,none,provable,unprovable,,,two-sided,ILL,24,2,0.083,131,60,15,89,0,0,2048,0.000,0.000,auto,30,,1073741824,5,0.1
lltp,ILL/KLE-cbv,,,KLE018+1.p,intuitionistic,auto,2,,5,0,none,provable,proved,,ok,two-sided,ILL,30,2,0.116,227,86,62,110,0,0,2048,0.000,0.000,auto,30,0.007,1073741824,4,0.1
lltp,ILL/KLE-cbv,,,KLE026+1.p,intuitionistic,auto,2,,5,0,none,provable,proved,,ok,two-sided,IMELL,39,2,0.081,114,54,35,81,0,0,2048,0.000,0.000,auto,30,0.004,1073741824,3,0.1
lltp,ILL/KLE-cbv,,,KLE027+1.p,intuitionistic,auto,2,,5,0,none,provable,proved,,ok,two-sided,ILL,34,1,0.273,1205,842,104,853,0,0,2048,0.000,0.000,auto,30,0.005,1073741824,6,0.1
lltp,ILL/KLE-cbv,,,KLE028+1.p,intuitionistic,auto,2,,5,0,none,provable,proved,,ok,two-sided,ILL,30,1,0.166,273,142,46,181,0,0,2048,0.000,0.000,auto,30,0.004,1073741824,5,0.1
lltp,ILL/KLE-cbv,,,KLE029+1.p,intuitionistic,auto,2,,5,0,none,provable,proved,,ok,two-sided,ILL,36,1,0.207,835,551,76,688,0,0,2048,0.000,0.000,auto,30,0.004,1073741824,6,0.1
lltp,ILL/KLE-cbv,,,KLE030+1.p,intuitionistic,auto,2,,5,0,none,provable,proved,,ok,two-sided,ILL,55,2,0.314,1072,666,148,1224,0,0,2048,0.000,0.000,auto,30,0.007,1073741824,7,0.1
lltp,ILL/KLE-cbv,,,KLE031+1.p,intuitionistic,auto,2,,5,0,none,provable,proved,,ok,two-sided,ILL,87,4,1.333,7076,4351,1165,7226,0,0,2048,0.000,0.015,auto,30,0.012,1073741824,8,0.1
lltp,ILL/KLE-cbv,,,KLE032+1.p,intuitionistic,auto,2,,5,0,none,provable,proved,,ok,two-sided,IMELL,42,2,0.075,95,38,33,61,0,0,2048,0.000,0.000,auto,30,0.005,1073741824,3,0.1
lltp,ILL/KLE-cbv,,,KLE033+1.p,intuitionistic,auto,2,,5,0,none,provable,proved,,ok,two-sided,IMELL,42,2,0.085,101,39,34,66,0,0,2048,0.000,0.000,auto,30,0.006,1073741824,3,0.1
lltp,ILL/KLE-cbv,,,KLE034+1.p,intuitionistic,auto,2,,5,0,none,provable,proved,,ok,two-sided,IMELL,38,2,0.063,29,4,18,17,0,0,2048,0.000,0.000,auto,30,0.004,1073741824,2,0.1
lltp,ILL/KLE-cbv,,,KLE035+1.p,intuitionistic,auto,2,,5,0,none,provable,proved,,ok,two-sided,IMELL,38,2,0.089,30,5,18,17,0,0,2048,0.000,0.000,auto,30,0.006,1073741824,2,0.1
lltp,ILL/KLE-cbv,,,KLE036+1.p,intuitionistic,auto,2,,5,0,none,provable,proved,,ok,two-sided,ILL,38,2,0.094,56,12,32,29,0,0,2048,0.000,0.000,auto,30,0.007,1073741824,2,0.1
lltp,ILL/KLE-cbv,,,KLE037+1.p,intuitionistic,auto,2,,5,0,none,provable,proved,,ok,two-sided,ILL,38,2,0.076,64,16,36,29,0,0,2048,0.000,0.000,auto,30,0.005,1073741824,2,0.1
lltp,ILL/KLE-cbv,,,KLE038+1.p,intuitionistic,auto,2,,5,0,none,provable,proved,,ok,two-sided,ILL,35,2,0.144,412,174,151,277,0,0,2048,0.000,0.000,auto,30,0.005,1073741824,5,0.1
lltp,ILL/KLE-cbv,,,KLE043+1.p,intuitionistic,auto,2,,5,0,none,provable,proved,,ok,two-sided,ILL,43,3,0.058,24,0,21,9,0,0,2048,0.000,0.000,auto,30,0.006,1073741824,1,0.1
lltp,ILL/KLE-cbv,,,KLE044+1.p,intuitionistic,auto,2,,5,0,none,provable,proved,,ok,two-sided,ILL,43,3,0.052,29,0,26,6,0,0,2048,0.000,0.000,auto,30,0.006,1073741824,1,0.1
lltp,ILL/KLE-cbv,,,KLE058+1.p,intuitionistic,auto,2,,5,0,none,provable,proved,,ok,two-sided,ILL,28,2,0.082,89,33,20,62,0,0,2048,0.000,0.000,auto,30,0.005,1073741824,5,0.1
lltp,ILL/KLE-cbv,,,KLE061+1.p,intuitionistic,auto,2,,5,0,none,provable,proved,,ok,two-sided,ILL,11,1,0.066,11,1,4,3,0,0,2048,0.000,0.000,auto,30,0.004,1073741824,2,0.1
lltp,ILL/KLE-cbv,,,KLE062+1.p,intuitionistic,auto,2,,5,0,none,provable,proved,,ok,two-sided,ILL,22,2,0.075,49,13,15,29,0,0,2048,0.000,0.000,auto,30,0.004,1073741824,4,0.1
lltp,ILL/KLE-cbv,,,KLE066+1.p,intuitionistic,auto,2,,5,0,none,provable,proved,,ok,two-sided,ILL,31,2,0.078,21,3,10,7,0,0,2048,0.000,0.000,auto,30,0.006,1073741824,2,0.1
lltp,ILL/KLE-cbv,,,KLE067+1.p,intuitionistic,auto,2,,5,0,none,provable,proved,,ok,two-sided,ILL,43,4,0.069,38,6,21,19,0,0,2048,0.000,0.000,auto,30,0.005,1073741824,2,0.1
lltp,ILL/KLE-cbv,,,KLE068+1.p,intuitionistic,auto,2,,5,0,none,unprovable,unprovable,,,two-sided,ILL,43,4,0.039,10,1,7,2,0,0,2048,0.000,0.000,auto,30,,1073741824,1,0.1
lltp,ILL/KLE-cbv,,,KLE069+1.p,intuitionistic,auto,2,,5,0,none,provable,unprovable,,,two-sided,ILL,21,2,0.109,84,44,13,78,0,0,2048,0.000,0.000,auto,30,,1073741824,5,0.1
lltp,ILL/KLE-cbv,,,KLE073+1.p,intuitionistic,auto,2,,5,0,none,provable,proved,,ok,two-sided,ILL,19,1,0.063,48,16,14,20,0,0,2048,0.000,0.000,auto,30,0.003,1073741824,3,0.1
lltp,ILL/KLE-cbv,,,KLE074+1.p,intuitionistic,auto,2,,5,0,none,provable,unknown,timeout,,two-sided,ILL,221,8,5000.864,61936467,38230066,2025,44253189,0,0,2048,9860.000,9.003,auto,30,,1073741824,12430,0.1
lltp,ILL/KLE-cbv,,,KLE075+1.p,intuitionistic,auto,2,,5,0,none,provable,unknown,timeout,,two-sided,ILL,78,4,5001.968,61934185,56758546,1675,58990923,0,0,2048,9780.000,55.344,auto,30,,1073741824,5533,0.1
lltp,ILL/KLE-cbv,,,KLE076+1.p,intuitionistic,auto,2,,5,0,none,provable,proved,,ok,two-sided,ILL,25,1,0.130,88,37,19,52,0,0,2048,0.000,0.000,auto,30,0.006,1073741824,4,0.1
lltp,ILL/KLE-cbv,,,KLE078+1.p,intuitionistic,auto,2,,5,0,none,provable,unprovable,,,two-sided,ILL,22,2,0.124,121,62,14,67,0,0,2048,0.000,0.000,auto,30,,1073741824,6,0.1
lltp,ILL/KLE-cbv,,,KLE080+1.p,intuitionistic,auto,2,,5,0,none,provable,proved,,ok,two-sided,ILL,19,1,0.073,56,18,16,16,0,0,2048,0.000,0.000,auto,30,0.003,1073741824,3,0.1
lltp,ILL/KLE-cbv,,,KLE081+1.p,intuitionistic,auto,2,,5,0,none,provable,proved,,ok,two-sided,ILL,19,1,0.073,45,11,16,20,0,0,2048,0.000,0.000,auto,30,0.003,1073741824,3,0.1
lltp,ILL/KLE-cbv,,,KLE082+1.p,intuitionistic,auto,2,,5,0,none,provable,proved,,ok,two-sided,ILL,25,1,0.068,92,39,19,48,0,0,2048,0.000,0.000,auto,30,0.004,1073741824,4,0.1
lltp,ILL/KLE-cbv,,,KLE083+1.p,intuitionistic,auto,2,,5,0,none,provable,unknown,timeout,,two-sided,ILL,211,8,5001.177,61605471,41077753,505,84899278,0,0,2048,9810.000,54.051,auto,30,,1073741824,37,0.1
lltp,ILL/KLE-cbv,,,KLE084+1.p,intuitionistic,auto,2,,5,0,none,provable,proved,,ok,two-sided,ILL,225,8,2.121,9925,5518,2580,8877,0,0,2048,0.000,0.013,auto,30,0.014,1073741824,5,0.1
lltp,ILL/KLE-cbv,,,KLE086+1.p,intuitionistic,auto,2,,5,0,none,provable,unknown,timeout,,two-sided,ILL,42,2,5001.882,15211288,10506657,205,5733283,0,0,2048,9840.000,2.948,auto,30,,1073741824,882962,0.1
lltp,ILL/KLE-cbv,,,KLE088+1.p,intuitionistic,auto,2,,5,0,none,provable,unknown,timeout,,two-sided,ILL,40,2,5000.818,14992230,10356009,149,5650911,0,0,2048,9860.000,2.857,auto,30,,1073741824,870064,0.1
lltp,ILL/Non-theorems,,,ofcourse.p,intuitionistic,auto,2,,5,0,none,unprovable,unknown,timeout,,two-sided,IMELL,28,5,5000.846,11097517,261906,803,11096997,0,0,2048,5030.000,3.028,auto,30,,1073741824,399,0.1
lltp,ILL/petri-nets/MCC,,,Angiogenesis_angiogenesis-01_100_1.p,intuitionistic,auto,2,,5,0,none,provable,proved,,ok,two-sided,IMELL,396,10,0.625,259,102,64,6141,0,0,2048,0.000,0.025,auto,30,0.014,1073741824,6,0.1
lltp,ILL/petri-nets/MCC,,,Angiogenesis_angiogenesis-01_10_1.p,intuitionistic,auto,2,,5,0,none,provable,proved,,ok,two-sided,IMELL,396,10,0.453,259,102,64,6141,0,0,2048,0.000,0.000,auto,30,0.011,1073741824,6,0.1
lltp,ILL/petri-nets/MCC,,,Angiogenesis_angiogenesis-01_20_1.p,intuitionistic,auto,2,,5,0,none,provable,proved,,ok,two-sided,IMELL,396,10,0.460,259,102,64,6141,0,0,2048,0.000,0.000,auto,30,0.011,1073741824,6,0.1
lltp,ILL/petri-nets/MCC,,,Angiogenesis_angiogenesis-01_50_1.p,intuitionistic,auto,2,,5,0,none,provable,proved,,ok,two-sided,IMELL,396,10,0.486,259,102,64,6141,0,0,2048,0.000,0.000,auto,30,0.011,1073741824,6,0.1
lltp,ILL/petri-nets/MCC,,,AutoFlight_afcs_01_a_100_1.p,intuitionistic,auto,2,,5,0,none,provable,proved,,ok,two-sided,IMELL,218,5,0.152,49,12,22,364,0,0,2048,0.000,0.013,auto,30,0.007,1073741824,4,0.1
lltp,ILL/petri-nets/MCC,,,AutoFlight_afcs_01_a_10_1.p,intuitionistic,auto,2,,5,0,none,provable,proved,,ok,two-sided,IMELL,218,5,0.928,1138,577,163,11744,0,0,2048,0.000,0.013,auto,30,0.010,1073741824,10,0.1
lltp,ILL/petri-nets/MCC,,,AutoFlight_afcs_01_a_20_1.p,intuitionistic,auto,2,,5,0,none,provable,proved,,ok,two-sided,IMELL,218,5,0.168,49,12,22,364,0,0,2048,0.000,0.000,auto,30,0.008,1073741824,4,0.1
lltp,ILL/petri-nets/MCC,,,AutoFlight_afcs_01_a_50_1.p,intuitionistic,auto,2,,5,0,none,provable,proved,,ok,two-sided,IMELL,218,5,0.907,1138,577,163,11744,0,0,2048,0.000,0.013,auto,30,0.012,1073741824,10,0.1
lltp,ILL/petri-nets/MCC,,,AutoFlight_afcs_01_a_5_1.p,intuitionistic,auto,2,,5,0,none,provable,proved,,ok,two-sided,IMELL,218,5,0.196,121,47,37,1002,0,0,2048,0.000,0.000,auto,30,0.008,1073741824,5,0.1
lltp,ILL/petri-nets/MCC,,,AutoFlight_afcs_01_b_100_1.p,intuitionistic,auto,2,,5,0,none,provable,unknown,timeout,,two-sided,IMELL,546,4,5006.031,59619641,58769692,508902,251368699,0,0,2048,9890.000,7.145,auto,30,,1073741824,13,0.1
lltp,ILL/petri-nets/MCC,,,AutoFlight_afcs_01_b_10_1.p,intuitionistic,auto,2,,5,0,none,provable,proved,,ok,two-sided,IMELL,536,4,194.608,1233209,1187302,18535,6082266,0,0,2048,270.000,0.101,auto,30,0.023,1073741824,10,0.1
lltp,ILL/petri-nets/MCC,,,AutoFlight_afcs_01_b_20_1.p,intuitionistic,auto,2,,5,0,none,provable,unknown,timeout,,two-sided,IMELL,540,4,5005.095,51592946,50877881,425098,232678242,0,0,2048,9880.000,6.960,auto,30,,1073741824,13,0.1
lltp,ILL/petri-nets/MCC,,,AutoFlight_afcs_01_b_50_1.p,intuitionistic,auto,2,,5,0,none,provable,unknown,timeout,,two-sided,IMELL,546,4,5004.254,32743669,32190860,323170,366217966,0,0,2048,9870.000,8.240,auto,30,,1073741824,13,0.1
lltp,ILL/petri-nets/MCC,,,AutoFlight_afcs_01_b_5_1.p,intuitionistic,auto,2,,5,0,none,provable,proved,,ok,two-sided,IMELL,536,4,0.597,726,594,54,9920,0,0,2048,0.000,0.015,auto,30,0.015,1073741824,5,0.1
lltp,ILL/petri-nets/MCC,,,AutoFlight_afcs_02_b_100_1.p,intuitionistic,auto,2,,5,0,none,provable,unknown,timeout,,two-sided,IMELL,986,5,5005.168,55508981,54934029,356654,226703541,0,0,2048,9870.000,5.738,auto,30,,1073741824,12,0.1
lltp,ILL/petri-nets/MCC,,,AutoFlight_afcs_02_b_10_1.p,intuitionistic,auto,2,,5,0,none,provable,proved,,ok,two-sided,IMELL,968,5,372.832,2529184,2468453,31340,14187377,0,0,2048,630.000,1.340,auto,30,0.024,1073741824,10,0.1
lltp,ILL/petri-nets/MCC,,,AutoFlight_afcs_02_b_20_1.p,intuitionistic,auto,2,,5,0,none,provable,unknown,timeout,,two-sided,IMELL,974,5,5004.680,24829230,24485901,214125,352521594,0,0,2048,9870.000,4.677,auto,30,,1073741824,12,0.1
lltp,ILL/petri-nets/MCC,,,AutoFlight_afcs_02_b_50_1.p,intuitionistic,auto,2,,5,0,none,provable,unknown,timeout,,two-sided,IMELL,976,5,5004.849,52228916,51681607,339009,250581476,0,0,2048,9870.000,9.959,auto,30,,1073741824,12,0.1
lltp,ILL/petri-nets/MCC,,,AutoFlight_afcs_02_b_5_1.p,intuitionistic,auto,2,,5,0,none,provable,proved,,ok,two-sided,IMELL,964,5,4.505,8312,7807,223,71835,0,0,2048,0.000,0.029,auto,30,0.021,1073741824,5,0.1
lltp,ILL/petri-nets/MCC,,,AutoFlight_afcs_03_b_100_1.p,intuitionistic,auto,2,,5,0,none,provable,unknown,timeout,,two-sided,IMELL,1426,6,5006.052,32768788,32427905,223789,299948168,0,0,2048,9870.000,6.410,auto,30,,1073741824,11,0.1
lltp,ILL/petri-nets/MCC,,,AutoFlight_afcs_03_b_10_1.p,intuitionistic,auto,2,,5,0,none,provable,proved,,ok,two-sided,IMELL,1400,6,820.580,4707095,4630351,46034,37100154,0,0,2048,1520.000,0.407,auto,30,0.034,1073741824,10,0.1
lltp,ILL/petri-nets/MCC,,,AutoFlight_afcs_03_b_20_1.p,intuitionistic,auto,2,,5,0,none,provable,unknown,timeout,,two-sided,IMELL,1402,6,5005.144,30558127,30248330,209646,259979511,0,0,2048,9870.000,9.005,auto,30,,1073741824,11,0.1
lltp,ILL/petri-nets/MCC,,,AutoFlight_afcs_03_b_50_1.p,intuitionistic,auto,2,,5,0,none,provable,unknown,timeout,,two-sided,IMELL,1398,6,5005.075,48119959,47674966,294870,205040293,0,0,2048,9870.000,3.362,auto,30,,1073741824,11,0.1
lltp,ILL/petri-nets/MCC,,,AutoFlight_afcs_03_b_5_1.p,intuitionistic,auto,2,,5,0,none,provable,proved,,ok,two-sided,IMELL,1392,6,9.868,17563,16747,411,150218,0,0,2048,0.000,0.000,auto,30,0.028,1073741824,5,0.1
lltp,ILL/petri-nets/MCC,,,AutoFlight_afcs_04_b_100_1.p,intuitionistic,auto,2,,5,0,none,provable,unknown,timeout,,two-sided,IMELL,1852,7,5004.944,42211376,41865794,224585,185506354,0,0,2048,9880.000,7.661,auto,30,,1073741824,11,0.1
lltp,ILL/petri-nets/MCC,,,AutoFlight_afcs_04_b_10_1.p,intuitionistic,auto,2,,5,0,none,provable,proved,,ok,two-sided,IMELL,1826,7,1395.113,9080086,8970236,67950,51917594,0,0,2048,2670.000,2.702,auto,30,0.035,1073741824,10,0.1
lltp,ILL/petri-nets/MCC,,,AutoFlight_afcs_04_b_20_1.p,intuitionistic,auto,2,,5,0,none,provable,unknown,timeout,,two-sided,IMELL,1834,7,5004.921,39249874,39004682,159832,162694571,0,0,2048,9870.000,7.083,auto,30,,1073741824,10,0.1
lltp,ILL/petri-nets/MCC,,,AutoFlight_afcs_04_b_50_1.p,intuitionistic,auto,2,,5,0,none,provable,unknown,timeout,,two-sided,IMELL,1830,6,5004.440,42055682,41701896,230383,186334618,0,0,2048,9870.000,3.854,auto,30,,1073741824,11,0.1
lltp,ILL/petri-nets/MCC,,,AutoFlight_afcs_04_b_5_1.p,intuitionistic,auto,2,,5,0,none,provable,proved,,ok,two-sided,IMELL,1820,7,19.318,33576,32586,410,279826,0,0,2048,10.000,0.000,auto,30,0.032,1073741824,5,0.1
lltp,ILL/petri-nets/MCC,,,AutoFlight_afcs_05_b_100_1.p,intuitionistic,auto,2,,5,0,none,provable,unknown,timeout,,two-sided,IMELL,2270,8,5005.862,39881572,39596949,188475,176597530,0,0,2048,9870.000,11.792,auto,30,,1073741824,10,0.1
lltp,ILL/petri-nets/MCC,,,AutoFlight_afcs_05_b_10_1.p,intuitionistic,auto,2,,5,0,none,provable,proved,,ok,two-sided,IMELL,2252,8,1983.007,13886957,13755612,83372,65986031,0,0,2048,3840.000,2.634,auto,30,0.041,1073741824,9,0.1
lltp,ILL/petri-nets/MCC,,,AutoFlight_afcs_05_b_20_1.p,intuitionistic,auto,2,,5,0,none,provable,unknown,timeout,,two-sided,IMELL,2262,8,5005.858,24479816,24265477,143080,258248944,0,0,2048,9880.000,3.845,auto,30,,1073741824,10,0.1
lltp,ILL/petri-nets/MCC,,,AutoFlight_afcs_05_b_50_1.p,intuitionistic,auto,2,,5,0,none,provable,unknown,timeout,,two-sided,IMELL,2262,7,5004.568,39719636,39439632,185733,176834191,0,0,2048,9870.000,10.733,auto,30,,1073741824,10,0.1
lltp,ILL/petri-nets/MCC,,,AutoFlight_afcs_05_b_5_1.p,intuitionistic,auto,2,,5,0,none,provable,proved,,ok,two-sided,IMELL,2248,8,29.172,51829,50567,532,432610,0,0,2048,20.000,0.027,auto,30,0.040,1073741824,5,0.1
lltp,ILL/petri-nets/MCC,,,AutoFlight_afcs_06_b_100_1.p,intuitionistic,auto,2,,5,0,none,provable,unknown,timeout,,two-sided,IMELL,2694,8,5005.491,37907024,37641172,181291,168688422,0,0,2048,9870.000,5.169,auto,30,,1073741824,10,0.1
lltp,ILL/petri-nets/MCC,,,AutoFlight_afcs_06_b_10_1.p,intuitionistic,auto,2,,5,0,none,provable,proved,,ok,two-sided,IMELL,2682,9,3030.138,20769872,20611285,100707,98329582,0,0,2048,5930.000,5.014,auto,30,0.049,1073741824,10,0.1
lltp,ILL/petri-nets/MCC,,,AutoFlight_afcs_06_b_20_1.p,intuitionistic,auto,2,,5,0,none,provable,unknown,timeout,,two-sided,IMELL,2686,9,5005.139,36356666,36128203,155242,157595043,0,0,2048,9870.000,10.561,auto,30,,1073741824,10,0.1
lltp,ILL/petri-nets/MCC,,,AutoFlight_afcs_06_b_50_1.p,intuitionistic,auto,2,,5,0,none,provable,unknown,timeout,,two-sided,IMELL,2692,8,5007.488,38009163,37739459,186380,171793084,0,0,2048,9880.000,5.871,auto,30,,1073741824,10,0.1
lltp,ILL/petri-nets/MCC,,,AutoFlight_afcs_06_b_5_1.p,intuitionistic,auto,2,,5,0,none,provable,proved,,ok,two-sided,IMELL,2676,9,43.794,73112,71579,668,611162,0,0,2048,40.000,0.004,auto,30,0.046,1073741824,5,0.1
lltp,ILL/petri-nets/MCC,,,AutoFlight_afcs_12_b_100_1.p,intuitionistic,auto,2,,5,0,none,provable,unknown,timeout,,two-sided,IMELL,5266,15,5005.431,22527234,22386714,96102,158683029,0,0,2048,9870.000,7.793,auto,30,,1073741824,9,0.1
lltp,ILL/petri-nets/MCC,,,AutoFlight_afcs_12_b_10_1.p,intuitionistic,auto,2,,5,0,none,provable,unknown,timeout,,two-sided,IMELL,5252,15,5005.530,23612224,23472617,97811,117905365,0,0,2048,9870.000,4.437,auto,30,,1073741824,9,0.1
lltp,ILL/petri-nets/MCC,,,AutoFlight_afcs_12_b_20_1.p,intuitionistic,auto,2,,5,0,none,provable,unknown,timeout,,two-sided,IMELL,5260,15,5004.793,23502743,23376360,85627,117571372,0,0,2048,9870.000,9.569,auto,30,,1073741824,9,0.1
lltp,ILL/petri-nets/MCC,,,AutoFlight_afcs_12_b_50_1.p,intuitionistic,auto,2,,5,0,none,provable,unknown,timeout,,two-sided,IMELL,5254,15,5007.956,26106104,25949397,112083,129050273,0,0,2048,9880.000,5.545,auto,30,,1073741824,9,0.1
lltp,ILL/petri-nets/MCC,,,AutoFlight_afcs_12_b_5_1.p,intuitionistic,auto,2,,5,0,none,provable,proved,,ok,two-sided,IMELL,5244,15,167.044,332687,328314,1191,2893643,0,0,2048,220.000,1.316,auto,30,0.078,1073741824,5,0.1
lltp,ILL/petri-nets/MCC,,,CircularTrains_CircularTrain-012_5_1.p,intuitionistic,auto,2,,5,0,none,provable,proved,,ok,two-sided,IMELL,142,3,0.254,199,91,51,1048,0,0,2048,0.000,0.028,auto,30,0.008,1073741824,5,0.1
lltp,ILL/petri-nets/MCC,,,CloudDeployment_deploy_2_b_100_1.p,intuitionistic,auto,2,,5,0,none,provable,unknown,timeout,,two-sided,IMELL,4022,50,5004.220,30998303,30896503,62312,105463799,0,0,2048,9870.000,8.739,auto,30,,1073741824,8,0.1
lltp,ILL/petri-nets/MCC,,,CloudDeployment_deploy_2_b_10_1.p,intuitionistic,auto,2,,5,0,none,provable,unknown,timeout,,two-sided,IMELL,4018,49,5003.762,30426734,30328460,60775,101517644,0,0,2048,9870.000,9.185,auto,30,,1073741824,8,0.1
lltp,ILL/petri-nets/MCC,,,CloudDeployment_deploy_2_b_20_1.p,intuitionistic,auto,2,,5,0,none,provable,unknown,timeout,,two-sided,IMELL,4022,49,5004.845,30659432,30560940,60788,102181231,0,0,2048,9870.000,7.424,auto,30,,1073741824,8,0.1
lltp,ILL/petri-nets/MCC,,,CloudDeployment_deploy_2_b_50_1.p,intuitionistic,auto,2,,5,0,none,provable,unknown,timeout,,two-sided,IMELL,4022,50,5005.018,31159154,31061288,58761,106247588,0,0,2048,9870.000,5.152,auto,30,,1073741824,8,0.1
lltp,ILL/petri-nets/MCC,,,CloudDeployment_deploy_2_b_5_1.p,intuitionistic,auto,2,,5,0,none,provable,proved,,ok,two-sided,IMELL,4014,49,188.836,565022,558230,2740,2954187,0,0,2048,260.000,1.435,auto,30,0.055,1073741824,5,0.1
lltp,ILL/petri-nets/MCC,,,DES_des_00_b_100_1.p,intuitionistic,auto,2,,5,0,none,provable,unknown,timeout,,two-sided,IMELL,1396,6,5006.034,42277989,41781193,336677,256381111,0,0,2048,9870.000,9.746,auto,30,,1073741824,11,0.1
lltp,ILL/petri-nets/MCC,,,DES_des_00_b_10_1.p,intuitionistic,auto,2,,5,0,none,provable,unknown,timeout,,two-sided,IMELL,1332,6,5004.682,57757913,57604028,107972,184111610,0,0,2048,9860.000,7.585,auto,30,,1073741824,7,0.1
lltp,ILL/petri-nets/MCC,,,DES_des_00_b_20_1.p,intuitionistic,auto,2,,5,0,none,provable,unknown,timeout,,two-sided,IMELL,1352,6,5003.734,57087512,56931624,109531,180485646,0,0,2048,9870.000,6.143,auto,30,,1073741824,7,0.1
lltp,ILL/petri-nets/MCC,,,DES_des_00_b_50_1.p,intuitionistic,auto,2,,5,0,none,provable,unknown,timeout,,two-sided,IMELL,1386,6,5001.457,40583845,40523358,41419,274477397,0,0,2048,9860.000,12.176,auto,30,,1073741824,7,0.1
lltp,ILL/petri-nets/MCC,,,DES_des_00_b_5_1.p,intuitionistic,auto,2,,5,0,none,provable,proved,,ok,two-sided,IMELL,1326,6,14.173,41906,40521,989,190072,0,0,2048,10.000,0.006,auto,30,0.029,1073741824,5,0.1
lltp,ILL/petri-nets/MCC,,,DES_des_01_b_100_1.p,intuitionistic,auto,2,,5,0,none,provable,unknown,timeout,,two-sided,IMELL,1454,6,5005.850,44512538,43988230,367670,223560271,0,0,2048,9870.000,8.620,auto,30,,1073741824,11,0.1
lltp,ILL/petri-nets/MCC,,,DES_des_01_b_10_1.p,intuitionistic,auto,2,,5,0,none,provable,unknown,timeout,,two-sided,IMELL,1384,6,5003.133,60694289,60631085,42179,164121059,0,0,2048,9850.000,9.482,auto,30,,1073741824,7,0.1
lltp,ILL/petri-nets/MCC,,,DES_des_01_b_20_1.p,intuitionistic,auto,2,,5,0,none,provable,unknown,timeout,,two-sided,IMELL,1404,6,5003.929,39273213,39209425,43592,299238295,0,0,2048,9870.000,2.469,auto,30,,1073741824,7,0.1
lltp,ILL/petri-nets/MCC,,,DES_des_01_b_50_1.p,intuitionistic,auto,2,,5,0,none,provable,unknown,timeout,,two-sided,IMELL,1442,6,5001.733,36562132,36536138,17631,278079611,0,0,2048,9870.000,7.719,auto,30,,1073741824,7,0.1
lltp,ILL/petri-nets/MCC,,,DES_des_01_b_5_1.p,intuitionistic,auto,2,,5,0,none,provable,proved,,ok,two-sided,IMELL,1378,6,12.306,38523,37275,897,177894,0,0,2048,10.000,0.000,auto,30,0.030,1073741824,5,0.1
lltp,ILL/petri-nets/MCC,,,DES_des_02_b_100_1.p,intuitionistic,auto,2,,5,0,none,provable,unknown,timeout,,two-sided,IMELL,1486,6,5008.160,48070543,47534397,374906,217737368,0,0,2048,9880.000,8.973,auto,30,,1073741824,11,0.1
lltp,ILL/petri-nets/MCC,,,DES_des_02_b_10_1.p,intuitionistic,auto,2,,5,0,none,provable,unknown,timeout,,two-sided,IMELL,1420,6,5003.295,57924617,57844757,54409,180255907,0,0,2048,9870.000,7.469,auto,30,,1073741824,7,0.1
lltp,ILL/petri-nets/MCC,,,DES_des_02_b_20_1.p,intuitionistic,auto,2,,5,0,none,provable,unknown,timeout,,two-sided,IMELL,1440,6,5003.208,52975998,52878832,66502,197148447,0,0,2048,9870.000,7.414,auto,30,,1073741824,7,0.1
lltp,ILL/petri-nets/MCC,,,DES_des_02_b_50_1.p,intuitionistic,auto,2,,5,0,none,provable,unknown,timeout,,two-sided,IMELL,1474,6,5001.782,42319431,42253169,45956,305451350,0,0,2048,9870.000,2.526,auto,30,,1073741824,7,0.1
lltp,ILL/petri-nets/MCC,,,DES_des_02_b_5_1.p,intuitionistic,auto,2,,5,0,none,provable,proved,,ok,two-sided,IMELL,1410,6,14.330,40869,39579,906,194626,0,0,2048,10.000,0.001,auto,30,0.033,1073741824,5,0.1
lltp,ILL/petri-nets/MCC,,,DES_des_05_b_100_1.p,intuitionistic,auto,2,,5,0,none,provable,unknown,timeout,,two-sided,IMELL,1582,6,5007.285,47261733,46766516,344455,214799746,0,0,2048,9870.000,9.000,auto,30,,1073741824,11,0.1
lltp,ILL/petri-nets/MCC,,,DES_des_05_b_10_1.p,intuitionistic,auto,2,,5,0,none,provable,unknown,timeout,,two-sided,IMELL,1512,6,5003.577,61034714,60966405,45639,170679050,0,0,2048,9870.000,7.878,auto,30,,1073741824,7,0.1
lltp,ILL/petri-nets/MCC,,,DES_des_05_b_20_1.p,intuitionistic,auto,2,,5,0,none,provable,unknown,timeout,,two-sided,IMELL,1532,6,5003.268,48623711,48533272,63062,252446914,0,0,2048,9860.000,5.514,auto,30,,1073741824,7,0.1
lltp,ILL/petri-nets/MCC,,,DES_des_05_b_50_1.p,intuitionistic,auto,2,,5,0,none,provable,unknown,timeout,,two-sided,IMELL,1570,6,5002.670,41957804,41892102,44281,293339111,0,0,2048,9860.000,11.374,auto,30,,1073741824,7,0.1
lltp,ILL/petri-nets/MCC,,,DES_des_05_b_5_1.p,intuitionistic,auto,2,,5,0,none,provable,proved,,ok,two-sided,IMELL,1506,6,13.900,39451,38154,944,199214,0,0,2048,10.000,0.028,auto,30,0.033,1073741824,5,0.1
lltp,ILL/petri-nets/MCC,,,DES_des_10_b_100_1.p,intuitionistic,auto,2,,5,0,none,provable,unknown,timeout,,two-sided,IMELL,1742,10,5008.173,44843735,44362891,335543,222534530,0,0,2048,9880.000,7.951,auto,30,,1073741824,11,0.1
lltp,ILL/petri-nets/MCC,,,DES_des_10_b_10_1.p,intuitionistic,auto,2,,5,0,none,provable,unknown,timeout,,two-sided,IMELL,1672,10,5003.408,54827591,54760306,45059,160935981,0,0,2048,9860.000,7.002,auto,30,,1073741824,7,0.1
lltp,ILL/petri-nets/MCC,,,DES_des_10_b_20_1.p,intuitionistic,auto,2,,5,0,none,provable,unknown,timeout,,two-sided,IMELL,1692,10,5003.679,45497204,45408740,62942,251742591,0,0,2048,9750.000,8.376,auto,30,,1073741824,7,0.1
lltp,ILL/petri-nets/MCC,,,DES_des_10_b_50_1.p,intuitionistic,auto,2,,5,0,none,provable,unknown,timeout,,two-sided,IMELL,1742,10,5004.724,23420997,23294949,91498,357593734,0,0,2048,9870.000,4.740,auto,30,,1073741824,8,0.1
lltp,ILL/petri-nets/MCC,,,DES_des_10_b_5_1.p,intuitionistic,auto,2,,5,0,none,provable,proved,,ok,two-sided,IMELL,1666,11,15.314,38282,36995,944,219363,0,0,2048,10.000,0.000,auto,30,0.033,1073741824,5,0.1
lltp,ILL/petri-nets/MCC,,,DES_des_20_b_100_1.p,intuitionistic,auto,2,,5,0,none,provable,unknown,timeout,,two-sided,IMELL,2062,20,5009.409,20238941,19881219,249076,280953841,0,0,2048,9880.000,9.464,auto,30,,1073741824,11,0.1
lltp,ILL/petri-nets/MCC,,,DES_des_20_b_10_1.p,intuitionistic,auto,2,,5,0,none,provable,unknown,timeout,,two-sided,IMELL,1992,20,5002.858,58522371,58454396,45587,184021962,0,0,2048,9860.000,5.349,auto,30,,1073741824,7,0.1
lltp,ILL/petri-nets/MCC,,,DES_des_20_b_20_1.p,intuitionistic,auto,2,,5,0,none,provable,unknown,timeout,,two-sided,IMELL,2012,20,5002.694,38790153,38741593,32685,297066850,0,0,2048,9870.000,7.636,auto,30,,1073741824,7,0.1
lltp,ILL/petri-nets/MCC,,,DES_des_20_b_50_1.p,intuitionistic,auto,2,,5,0,none,provable,unknown,timeout,,two-sided,IMELL,2062,20,5007.983,39345768,38899980,312906,236219627,0,0,2048,9870.000,3.840,auto,30,,1073741824,11,0.1
lltp,ILL/petri-nets/MCC,,,DES_des_20_b_5_1.p,intuitionistic,auto,2,,5,0,none,provable,proved,,ok,two-sided,IMELL,1986,21,15.934,36788,35513,944,258882,0,0,2048,10.000,0.000,auto,30,0.037,1073741824,5,0.1
lltp,ILL/petri-nets/MCC,,,DES_des_30_b_100_1.p,intuitionistic,auto,2,,5,0,none,provable,unknown,timeout,,two-sided,IMELL,2374,30,5007.953,19408981,19084254,223378,275739533,0,0,2048,9870.000,7.450,auto,30,,1073741824,11,0.1
lltp,ILL/petri-nets/MCC,,,DES_des_30_b_10_1.p,intuitionistic,auto,2,,5,0,none,provable,unknown,timeout,,two-sided,IMELL,2304,30,5003.809,50577152,50510263,45036,175164455,0,0,2048,9870.000,10.541,auto,30,,1073741824,7,0.1
lltp,ILL/petri-nets/MCC,,,DES_des_30_b_20_1.p,intuitionistic,auto,2,,5,0,none,provable,unknown,timeout,,two-sided,IMELL,2324,30,5003.517,37785417,37720890,43519,263181020,0,0,2048,9870.000,6.147,auto,30,,1073741824,7,0.1
lltp,ILL/petri-nets/MCC,,,DES_des_30_b_50_1.p,intuitionistic,auto,2,,5,0,none,provable,unknown,timeout,,two-sided,IMELL,2328,31,5004.837,46554958,46440636,83995,218239026,0,0,2048,9870.000,3.782,auto,30,,1073741824,7,0.1
lltp,ILL/petri-nets/MCC,,,DES_des_30_b_5_1.p,intuitionistic,auto,2,,5,0,none,provable,proved,,ok,two-sided,IMELL,2298,30,18.762,34351,33080,964,271758,0,0,2048,10.000,0.026,auto,30,0.035,1073741824,5,0.1
lltp,ILL/petri-nets/MCC,,,DES_des_40_b_100_1.p,intuitionistic,auto,2,,5,0,none,provable,unknown,timeout,,two-sided,IMELL,2694,40,5007.581,19050293,18745868,206848,286571230,0,0,2048,9870.000,5.969,auto,30,,1073741824,10,0.1
lltp,ILL/petri-nets/MCC,,,DES_des_40_b_10_1.p,intuitionistic,auto,2,,5,0,none,provable,unknown,timeout,,two-sided,IMELL,2624,40,5003.903,45343058,45277006,44556,174254881,0,0,2048,9870.000,4.326,auto,30,,1073741824,7,0.1
lltp,ILL/petri-nets/MCC,,,DES_des_40_b_20_1.p,intuitionistic,auto,2,,5,0,none,provable,unknown,timeout,,two-sided,IMELL,2644,40,5002.455,39219649,39146641,49467,243184020,0,0,2048,9860.000,5.762,auto,30,,1073741824,7,0.1
lltp,ILL/petri-nets/MCC,,,DES_des_40_b_50_1.p,intuitionistic,auto,2,,5,0,none,provable,unknown,timeout,,two-sided,IMELL,2648,41,5004.903,42103675,42000699,75543,218809294,0,0,2048,9880.000,6.617,auto,30,,1073741824,7,0.1
lltp,ILL/petri-nets/MCC,,,DES_des_40_b_5_1.p,intuitionistic,auto,2,,5,0,none,provable,proved,,ok,two-sided,IMELL,2618,40,20.733,33696,32432,962,305146,0,0,2048,20.000,0.032,auto,30,0.041,1073741824,5,0.1
lltp,ILL/petri-nets/MCC,,,DES_des_50_b_100_1.p,intuitionistic,auto,2,,5,0,none,provable,unknown,timeout,,two-sided,IMELL,3014,50,5009.678,16694236,16394770,205062,293185782,0,0,2048,9880.000,9.345,auto,30,,1073741824,10,0.1
lltp,ILL/petri-nets/MCC,,,DES_des_50_b_10_1.p,intuitionistic,auto,2,,5,0,none,provable,unknown,timeout,,two-sided,IMELL,2948,51,5003.743,39284489,39204678,54766,207972412,0,0,2048,9860.000,8.985,auto,30,,1073741824,7,0.1
lltp,ILL/petri-nets/MCC,,,DES_des_50_b_20_1.p,intuitionistic,auto,2,,5,0,none,provable,unknown,timeout,,two-sided,IMELL,2968,51,5007.070,38065032,37984999,55372,202537997,0,0,2048,9880.000,12.659,auto,30,,1073741824,7,0.1
lltp,ILL/petri-nets/MCC,,,DES_des_50_b_50_1.p,intuitionistic,auto,2,,5,0,none,provable,unknown,timeout,,two-sided,IMELL,2970,51,5004.231,39383439,39288625,69578,211191385,0,0,2048,9550.000,22.329,auto,30,,1073741824,7,0.1
lltp,ILL/petri-nets/MCC,,,DES_des_50_b_5_1.p,intuitionistic,auto,2,,5,0,none,provable,proved,,ok,two-sided,IMELL,2938,50,21.129,32791,31538,958,332576,0,0,2048,10.000,0.037,auto,30,0.039,1073741824,5,0.1
lltp,ILL/petri-nets/MCC,,,DES_des_60_b_100_1.p,intuitionistic,auto,2,,5,0,none,provable,unknown,timeout,,two-sided,IMELL,3334,60,5008.998,14993035,14705302,198534,278220228,0,0,2048,9870.000,6.370,auto,30,,1073741824,10,0.1
lltp,ILL/petri-nets/MCC,,,DES_des_60_b_10_1.p,intuitionistic,auto,2,,5,0,none,provable,unknown,timeout,,two-sided,IMELL,3264,60,5002.999,40928451,40874866,37341,168369660,0,0,2048,9870.000,5.014,auto,30,,1073741824,7,0.1
lltp,ILL/petri-nets/MCC,,,DES_des_60_b_20_1.p,intuitionistic,auto,2,,5,0,none,provable,unknown,timeout,,two-sided,IMELL,3284,60,5004.890,37652763,37574473,54239,216410183,0,0,2048,9880.000,3.165,auto,30,,1073741824,7,0.1
lltp,ILL/petri-nets/MCC,,,DES_des_60_b_50_1.p,intuitionistic,auto,2,,5,0,none,provable,unknown,timeout,,two-sided,IMELL,3290,61,5004.373,38883612,38789542,69506,225580807,0,0,2048,9880.000,4.467,auto,30,,1073741824,7,0.1
lltp,ILL/petri-nets/MCC,,,DES_des_60_b_5_1.p,intuitionistic,auto,2,,5,0,none,provable,proved,,ok,two-sided,IMELL,3258,60,23.346,30704,29469,956,336266,0,0,2048,20.000,0.086,auto,30,0.044,1073741824,5,0.1
lltp,ILL/petri-nets/MCC,,,DatabaseWithMutex_database2UNFOLD_100_1.p,intuitionistic,auto,2,,5,0,none,provable,proved,,ok,two-sided,IMELL,198,3,0.162,65,16,26,815,0,0,2048,0.000,0.019,auto,30,0.008,1073741824,4,0.1
lltp,ILL/petri-nets/MCC,,,DatabaseWithMutex_database2UNFOLD_20_1.p,intuitionistic,auto,2,,5,0,none,provable,proved,,ok,two-sided,IMELL,198,3,0.210,65,16,26,815,0,0,2048,0.000,0.029,auto,30,0.008,1073741824,4,0.1
lltp,ILL/petri-nets/MCC,,,DatabaseWithMutex_database2UNFOLD_5_1.p,intuitionistic,auto,2,,5,0,none,provable,proved,,ok,two-sided,IMELL,198,3,0.255,127,38,40,1758,0,0,2048,0.000,0.023,auto,30,0.008,1073741824,5,0.1
lltp,ILL/petri-nets/MCC,,,Eratosthenes_eratosthenes-010_5_1.p,intuitionistic,auto,2,,5,0,none,provable,proved,,ok,two-sided,IMELL,72,5,0.306,607,315,141,2664,0,0,2048,0.000,0.013,auto,30,0.006,1073741824,5,0.1
lltp,ILL/petri-nets/MCC,,,FlexibleBarrier_flexbar_04_a_100_1.p,intuitionistic,auto,2,,5,0,none,provable,proved,,ok,two-sided,IMELL,630,27,201.589,994113,923854,33436,6852630,0,0,2048,290.000,0.079,auto,30,0.024,1073741824,6,0.1
lltp,ILL/petri-nets/MCC,,,FlexibleBarrier_flexbar_04_a_10_1.p,intuitionistic,auto,2,,5,0,none,provable,proved,,ok,two-sided,IMELL,630,27,204.237,990341,919849,33558,6878985,0,0,2048,290.000,0.105,auto,30,0.016,1073741824,6,0.1
lltp,ILL/petri-nets/MCC,,,FlexibleBarrier_flexbar_04_a_20_1.p,intuitionistic,auto,2,,5,0,none,provable,proved,,ok,two-sided,IMELL,630,27,10.983,14126,7496,6005,191787,0,0,2048,0.000,0.547,auto,30,0.013,1073741824,4,0.1
lltp,ILL/petri-nets/MCC,,,FlexibleBarrier_flexbar_04_a_50_1.p,intuitionistic,auto,2,,5,0,none,provable,proved,,ok,two-sided,IMELL,630,27,11.199,14126,7496,6005,191787,0,0,2048,10.000,0.009,auto,30,0.012,1073741824,4,0.1
lltp,ILL/petri-nets/MCC,,,FlexibleBarrier_flexbar_04_a_5_1.p,intuitionistic,auto,2,,5,0,none,provable,proved,,ok,two-sided,IMELL,630,27,11.253,14126,7496,6005,191787,0,0,2048,0.000,0.014,auto,30,0.013,1073741824,4,0.1
lltp,ILL/petri-nets/MCC,,,FlexibleBarrier_flexbar_04_b_10_1.p,intuitionistic,auto,2,,5,0,none,provable,proved,,ok,two-sided,IMELL,1492,17,1314.963,9559770,9457117,59394,52104561,0,0,2048,2510.000,0.710,auto,30,0.035,1073741824,8,0.1
lltp,ILL/petri-nets/MCC,,,FlexibleBarrier_flexbar_04_b_20_1.p,intuitionistic,auto,2,,5,0,none,provable,unknown,timeout,,two-sided,IMELL,1496,17,5005.731,42052230,41748783,183135,211276128,0,0,2048,9870.000,3.645,auto,30,,1073741824,9,0.1
lltp,ILL/petri-nets/MCC,,,FlexibleBarrier_flexbar_04_b_50_1.p,intuitionistic,auto,2,,5,0,none,provable,unknown,timeout,,two-sided,IMELL,1498,17,5004.895,47728692,47425180,185093,201649135,0,0,2048,9870.000,3.165,auto,30,,1073741824,9,0.1
lltp,ILL/petri-nets/MCC,,,FlexibleBarrier_flexbar_04_b_5_1.p,intuitionistic,auto,2,,5,0,none,provable,proved,,ok,two-sided,IMELL,1492,17,59.930,158183,153695,3125,1001861,0,0,2048,50.000,0.010,auto,30,0.032,1073741824,5,0.1
lltp,ILL/petri-nets/MCC,,,FlexibleBarrier_flexbar_06_b_100_1.p,intuitionistic,auto,2,,5,0,none,provable,unknown,timeout,,two-sided,IMELL,3082,37,5006.259,34883576,34693225,125079,170832456,0,0,2048,9860.000,8.971,auto,30,,1073741824,7,0.1
lltp,ILL/petri-nets/MCC,,,FlexibleBarrier_flexbar_06_b_10_1.p,intuitionistic,auto,2,,5,0,none,provable,unknown,timeout,,two-sided,IMELL,3080,37,5004.409,30454816,30265958,127260,174916363,0,0,2048,9870.000,4.274,auto,30,,1073741824,7,0.1
lltp,ILL/petri-nets/MCC,,,FlexibleBarrier_flexbar_06_b_20_1.p,intuitionistic,auto,2,,5,0,none,provable,unknown,timeout,,two-sided,IMELL,3082,37,5005.432,30651509,30462970,125943,178902288,0,0,2048,9870.000,3.043,auto,30,,1073741824,7,0.1
lltp,ILL/petri-nets/MCC,,,FlexibleBarrier_flexbar_06_b_50_1.p,intuitionistic,auto,2,,5,0,none,provable,unknown,timeout,,two-sided,IMELL,3082,37,5005.465,34175697,33982764,127708,173320094,0,0,2048,9860.000,8.825,auto,30,,1073741824,7,0.1
lltp,ILL/petri-nets/MCC,,,FlexibleBarrier_flexbar_06_b_5_1.p,intuitionistic,auto,2,,5,0,none,provable,proved,,ok,two-sided,IMELL,3074,37,178.920,529045,515426,6786,3583326,0,0,2048,240.000,0.886,auto,30,0.051,1073741824,5,0.1
lltp,ILL/petri-nets/MCC,,,FlexibleBarrier_flexbar_08_b_100_1.p,intuitionistic,auto,2,,5,0,none,provable,unknown,timeout,,two-sided,IMELL,5274,65,5004.794,25414397,25295545,77238,143686780,0,0,2048,9860.000,9.507,auto,30,,1073741824,7,0.1
lltp,ILL/petri-nets/MCC,,,FlexibleBarrier_flexbar_08_b_10_1.p,intuitionistic,auto,2,,5,0,none,provable,unknown,timeout,,two-sided,IMELL,5264,65,5004.240,22634081,22518062,76016,137674049,0,0,2048,9870.000,5.231,auto,30,,1073741824,7,0.1
lltp,ILL/petri-nets/MCC,,,FlexibleBarrier_flexbar_08_b_20_1.p,intuitionistic,auto,2,,5,0,none,provable,unknown,timeout,,two-sided,IMELL,5268,65,5004.911,24420043,24298496,78186,144495978,0,0,2048,9870.000,10.951,auto,30,,1073741824,7,0.1
lltp,ILL/petri-nets/MCC,,,FlexibleBarrier_flexbar_08_b_50_1.p,intuitionistic,auto,2,,5,0,none,provable,unknown,timeout,,two-sided,IMELL,5274,65,5005.668,25220844,25102179,77663,141612442,0,0,2048,9870.000,4.738,auto,30,,1073741824,7,0.1
lltp,ILL/petri-nets/MCC,,,FlexibleBarrier_flexbar_08_b_5_1.p,intuitionistic,auto,2,,5,0,none,provable,proved,,ok,two-sided,IMELL,5260,65,356.576,1044113,1030946,7014,7249452,0,0,2048,590.000,0.169,auto,30,0.075,1073741824,5,0.1
lltp,ILL/petri-nets/MCC,,,HouseConstruction-002_10_1.p,intuitionistic,auto,2,,5,0,none,provable,proved,,ok,two-sided,IMELL,116,2,0.328,373,147,71,3080,0,0,2048,0.000,0.012,auto,30,0.007,1073741824,10,0.1
lltp,ILL/petri-nets/MCC,,,HouseConstruction-002_20_1.p,intuitionistic,auto,2,,5,0,none,provable,proved,,ok,two-sided,IMELL,118,3,9.772,44607,40632,861,151153,0,0,2048,0.000,0.043,auto,30,0.010,1073741824,20,0.1
lltp,ILL/petri-nets/MCC,,,HouseConstruction-002_50_1.p,intuitionistic,auto,2,,5,0,none,provable,proved,,ok,two-sided,IMELL,110,2,30.510,73227,49105,1501,456627,0,0,2048,30.000,0.004,auto,30,0.015,1073741824,36,0.1
lltp,ILL/petri-nets/MCC,,,HouseConstruction-005_100_1.p,intuitionistic,auto,2,,5,0,none,provable,unknown,timeout,,two-sided,IMELL,122,5,5002.173,24405567,19810323,324120,98270519,0,0,2048,9850.000,15.419,auto,30,,1073741824,41,0.1
lltp,ILL/petri-nets/MCC,,,IBM319_100_1.p,intuitionistic,auto,2,,5,0,none,provable,unknown,timeout,,two-sided,IMELL,1056,4,5001.656,45782402,43587098,39788,159437106,0,0,2048,9870.000,7.675,auto,30,,1073741824,17,0.1
lltp,ILL/petri-nets/MCC,,,IBM319_10_1.p,intuitionistic,auto,2,,5,0,none,provable,proved,,ok,two-sided,IMELL,1056,4,252.883,2175481,2152814,5670,6260846,0,0,2048,390.000,0.154,auto,30,0.029,1073741824,10,0.1
lltp,ILL/petri-nets/MCC,,,IBM319_20_1.p,intuitionistic,auto,2,,5,0,none,provable,proved,,ok,two-sided,IMELL,1056,4,395.221,3730095,3693500,8147,11038986,0,0,2048,670.000,1.027,auto,30,0.031,1073741824,14,0.1
lltp,ILL/petri-nets/MCC,,,IBM319_50_1.p,intuitionistic,auto,2,,5,0,none,provable,proved,,ok,two-sided,IMELL,1064,4,591.689,5987533,5931057,15201,17676077,0,0,2048,1060.000,1.154,auto,30,0.042,1073741824,15,0.1
lltp,ILL/petri-nets/MCC,,,IBM319_5_1.p,intuitionistic,auto,2,,5,0,none,provable,proved,,ok,two-sided,IMELL,1056,4,51.941,235697,229929,4169,704687,0,0,2048,40.000,0.041,auto,30,0.020,1073741824,5,0.1
lltp,ILL/petri-nets/MCC,,,IBM703_100_1.p,intuitionistic,auto,2,,5,0,none,provable,unknown,timeout,,two-sided,IMELL,1148,5,5001.660,31242251,30454069,2753,166034568,0,0,2048,9870.000,2.810,auto,30,,1073741824,11,0.1
lltp,ILL/petri-nets/MCC,,,IBM703_10_1.p,intuitionistic,auto,2,,5,0,none,provable,proved,,ok,two-sided,IMELL,1146,5,42.402,123675,120619,1179,638674,0,0,2048,40.000,0.003,auto,30,0.027,1073741824,9,0.1
lltp,ILL/petri-nets/MCC,,,IBM703_20_1.p,intuitionistic,auto,2,,5,0,none,provable,proved,,ok,two-sided,IMELL,1146,5,140.667,549534,537793,1919,2779606,0,0,2048,170.000,0.119,auto,30,0.027,1073741824,9,0.1
lltp,ILL/petri-nets/MCC,,,IBM703_50_1.p,intuitionistic,auto,2,,5,0,none,provable,unknown,timeout,,two-sided,IMELL,1146,5,5001.158,31487390,30707343,2776,163152753,0,0,2048,9870.000,7.031,auto,30,,1073741824,11,0.1
lltp,ILL/petri-nets/MCC,,,IBM703_5_1.p,intuitionistic,auto,2,,5,0,none,provable,proved,,ok,two-sided,IMELL,1146,5,7.704,22758,22048,326,125178,0,0,2048,0.000,0.022,auto,30,0.024,1073741824,5,0.1
lltp,ILL/petri-nets/MCC,,,LamportFastMutEx_lamport_fmea-2_100_1.p,intuitionistic,auto,2,,5,0,none,provable,proved,,ok,two-sided,IMELL,826,22,36.539,87633,80932,2651,659280,0,0,2048,30.000,0.000,auto,30,0.018,1073741824,18,0.1
lltp,ILL/petri-nets/MCC,,,LamportFastMutEx_lamport_fmea-2_10_1.p,intuitionistic,auto,2,,5,0,none,provable,proved,,ok,two-sided,IMELL,826,22,1.912,1231,346,641,35992,0,0,2048,0.000,0.001,auto,30,0.015,1073741824,10,0.1
lltp,ILL/petri-nets/MCC,,,LamportFastMutEx_lamport_fmea-2_20_1.p,intuitionistic,auto,2,,5,0,none,provable,proved,,ok,two-sided,IMELL,830,22,12.054,10128,7619,1522,338741,0,0,2048,10.000,0.000,auto,30,0.016,1073741824,13,0.1
lltp,ILL/petri-nets/MCC,,,LamportFastMutEx_lamport_fmea-2_50_1.p,intuitionistic,auto,2,,5,0,none,provable,proved,,ok,two-sided,IMELL,826,22,37.669,87633,80932,2651,659280,0,0,2048,30.000,0.038,auto,30,0.018,1073741824,18,0.1
lltp,ILL/petri-nets/MCC,,,LamportFastMutEx_lamport_fmea-2_5_1.p,intuitionistic,auto,2,,5,0,none,provable,proved,,ok,two-sided,IMELL,826,22,0.275,51,9,17,2076,0,0,2048,0.000,0.024,auto,30,0.013,1073741824,5,0.1
lltp,ILL/petri-nets/MCC,,,Referendum_referendum-unfolded-10_10_1.p,intuitionistic,auto,2,,5,0,none,provable,proved,,ok,two-sided,IMELL,122,3,5.653,17265,6929,8520,60300,0,0,2048,0.000,0.029,auto,30,0.007,1073741824,10,0.1
lltp,ILL/petri-nets/MCC,,,Referendum_referendum-unfolded-10_20_1.p,intuitionistic,auto,2,,5,0,none,provable,proved,,ok,two-sided,IMELL,122,2,13.152,43016,17950,20944,135342,0,0,2048,10.000,0.212,auto,30,0.009,1073741824,11,0.1
lltp,ILL/petri-nets/MCC,,,ResAllocation_RAS-C-3_10_1.p,intuitionistic,auto,2,,5,0,none,provable,proved,,ok,two-sided,IMELL,124,3,0.249,242,93,64,1540,0,0,2048,0.000,0.012,auto,30,0.008,1073741824,6,0.1
lltp,ILL/petri-nets/MCC,,,ResAllocation_RAS-C-3_50_1.p,intuitionistic,auto,2,,5,0,none,provable,proved,,ok,two-sided,IMELL,124,3,0.215,242,93,64,1540,0,0,2048,0.000,0.011,auto,30,0.007,1073741824,6,0.1
lltp,ILL/petri-nets/MCC,,,ResAllocation_RAS-C-3_5_1.p,intuitionistic,auto,2,,5,0,none,provable,proved,,ok,two-sided,IMELL,126,3,0.297,128,43,42,857,0,0,2048,0.000,0.040,auto,30,0.008,1073741824,5,0.1
lltp,ILL/petri-nets/MCC,,,ResAllocation_RAS-R-5_100_1.p,intuitionistic,auto,2,,5,0,none,provable,proved,,ok,two-sided,IMELL,130,3,0.524,717,304,113,5381,0,0,2048,0.000,0.000,auto,30,0.009,1073741824,10,0.1
lltp,ILL/petri-nets/MCC,,,ResAllocation_RAS-R-5_10_1.p,intuitionistic,auto,2,,5,0,none,provable,proved,,ok,two-sided,IMELL,130,3,0.541,717,304,113,5381,0,0,2048,0.000,0.000,auto,30,0.009,1073741824,10,0.1
lltp,ILL/petri-nets/MCC,,,ResAllocation_RAS-R-5_20_1.p,intuitionistic,auto,2,,5,0,none,provable,proved,,ok,two-sided,IMELL,132,3,0.282,341,132,71,2673,0,0,2048,0.000,0.013,auto,30,0.009,1073741824,8,0.1
lltp,ILL/petri-nets/MCC,,,ResAllocation_RAS-R-5_50_1.p,intuitionistic,auto,2,,5,0,none,provable,proved,,ok,two-sided,IMELL,132,3,0.305,341,132,71,2673,0,0,2048,0.000,0.003,auto,30,0.009,1073741824,8,0.1
lltp,ILL/petri-nets/MCC,,,ResAllocation_RAS-R-5_5_1.p,intuitionistic,auto,2,,5,0,none,provable,proved,,ok,two-sided,IMELL,134,3,0.154,63,14,22,578,0,0,2048,0.000,0.007,auto,30,0.008,1073741824,5,0.1
lltp,ILL/petri-nets/MCC,,,RobotManipulation_robot-manipulation-1_100_1.p,intuitionistic,auto,2,,5,0,none,provable,proved,,ok,two-sided,IMELL,92,4,0.222,20,1,8,141,0,0,2048,0.000,0.020,auto,30,0.007,1073741824,4,0.1
lltp,ILL/petri-nets/MCC,,,RobotManipulation_robot-manipulation-1_10_1.p,intuitionistic,auto,2,,5,0,none,provable,proved,,ok,two-sided,IMELL,92,4,0.107,20,1,8,141,0,0,2048,0.000,0.012,auto,30,0.006,1073741824,4,0.1
lltp,ILL/petri-nets/MCC,,,RobotManipulation_robot-manipulation-1_20_1.p,intuitionistic,auto,2,,5,0,none,provable,proved,,ok,two-sided,IMELL,92,4,0.239,178,56,41,1190,0,0,2048,0.000,0.000,auto,30,0.007,1073741824,8,0.1
lltp,ILL/petri-nets/MCC,,,RobotManipulation_robot-manipulation-1_50_1.p,intuitionistic,auto,2,,5,0,none,provable,proved,,ok,two-sided,IMELL,92,4,0.213,178,56,41,1190,0,0,2048,0.000,0.000,auto,30,0.008,1073741824,8,0.1
lltp,ILL/petri-nets/MCC,,,RobotManipulation_robot-manipulation-1_5_1.p,intuitionistic,auto,2,,5,0,none,provable,proved,,ok,two-sided,IMELL,94,4,0.132,36,4,13,260,0,0,2048,0.000,0.010,auto,30,0.006,1073741824,5,0.1
lltp,ILL/petri-nets/MCC,,,RobotManipulation_robot-manipulation-2_100_1.p,intuitionistic,auto,2,,5,0,none,provable,proved,,ok,two-sided,IMELL,116,6,0.118,20,1,8,183,0,0,2048,0.000,0.007,auto,30,0.007,1073741824,4,0.1
lltp,ILL/petri-nets/MCC,,,RobotManipulation_robot-manipulation-2_10_1.p,intuitionistic,auto,2,,5,0,none,provable,proved,,ok,two-sided,IMELL,116,6,0.100,20,1,8,183,0,0,2048,0.000,0.010,auto,30,0.007,1073741824,4,0.1
lltp,ILL/petri-nets/MCC,,,RobotManipulation_robot-manipulation-2_20_1.p,intuitionistic,auto,2,,5,0,none,provable,proved,,ok,two-sided,IMELL,116,6,0.241,219,73,54,1671,0,0,2048,0.000,0.005,auto,30,0.008,1073741824,8,0.1
lltp,ILL/petri-nets/MCC,,,RobotManipulation_robot-manipulation-2_50_1.p,intuitionistic,auto,2,,5,0,none,provable,proved,,ok,two-sided,IMELL,116,6,0.249,219,73,54,1671,0,0,2048,0.000,0.000,auto,30,0.008,1073741824,8,0.1
lltp,ILL/petri-nets/MCC,,,SimpleLoadBal_simple_lbs-2_100_1.p,intuitionistic,auto,2,,5,0,none,provable,proved,,ok,two-sided,IMELL,532,24,0.985,655,254,143,12444,0,0,2048,0.000,0.006,auto,30,0.013,1073741824,10,0.1
lltp,ILL/petri-nets/MCC,,,SimpleLoadBal_simple_lbs-2_10_1.p,intuitionistic,auto,2,,5,0,none,provable,proved,,ok,two-sided,IMELL,532,24,0.846,655,254,143,12444,0,0,2048,0.000,0.002,auto,30,0.013,1073741824,10,0.1
lltp,ILL/petri-nets/MCC,,,SimpleLoadBal_simple_lbs-2_20_1.p,intuitionistic,auto,2,,5,0,none,provable,proved,,ok,two-sided,IMELL,534,24,2.507,5500,4811,287,51138,0,0,2048,0.000,0.000,auto,30,0.013,1073741824,11,0.1
lltp,ILL/petri-nets/MCC,,,SimpleLoadBal_simple_lbs-2_50_1.p,intuitionistic,auto,2,,5,0,none,provable,proved,,ok,two-sided,IMELL,530,24,0.195,49,9,15,1053,0,0,2048,0.000,0.000,auto,30,0.010,1073741824,5,0.1
lltp,ILL/petri-nets/MCC,,,SimpleLoadBal_simple_lbs-2_5_1.p,intuitionistic,auto,2,,5,0,none,provable,proved,,ok,two-sided,IMELL,530,24,0.202,49,9,15,1053,0,0,2048,0.000,0.000,auto,30,0.010,1073741824,5,0.1
lltp,ILL/petri-nets/MCC,,,TokenRing-5-unfolded_100_1.p,intuitionistic,auto,2,,5,0,none,provable,proved,,ok,two-sided,IMELL,1270,11,189.215,352398,325719,4494,7275584,0,0,2048,270.000,0.666,auto,30,0.030,1073741824,28,0.1
lltp,ILL/petri-nets/MCC,,,TokenRing-5-unfolded_10_1.p,intuitionistic,auto,2,,5,0,none,provable,proved,,ok,two-sided,IMELL,1270,11,25.924,26846,24429,969,690739,0,0,2048,20.000,0.000,auto,30,0.017,1073741824,10,0.1
lltp,ILL/petri-nets/MCC,,,TokenRing-5-unfolded_20_1.p,intuitionistic,auto,2,,5,0,none,provable,proved,,ok,two-sided,IMELL,1270,11,97.065,205554,197535,1101,1666845,0,0,2048,90.000,0.024,auto,30,0.021,1073741824,20,0.1
lltp,ILL/petri-nets/MCC,,,TokenRing-5-unfolded_50_1.p,intuitionistic,auto,2,,5,0,none,provable,proved,,ok,two-sided,IMELL,1270,11,58.130,70490,64979,1782,1409277,0,0,2048,50.000,0.013,auto,30,0.019,1073741824,14,0.1
lltp,ILL/petri-nets/MCC,,,TokenRing-5-unfolded_5_1.p,intuitionistic,auto,2,,5,0,none,provable,proved,,ok,two-sided,IMELL,1270,11,1.946,2606,2393,130,54332,0,0,2048,0.000,0.000,auto,30,0.017,1073741824,5,0.1
