source,family,size,index,problem,mode,engine_requested,jobs,portfolio,test_period,timeout_s,run,copies,expected,verdict,reason,checked,engine,fragment,occurrences,multiplicity,time_ms,nodes,memo_hits,memo_entries,splits,links,tests,recursion_limit,cpu_ms,wait_ms
lltp,ILL/ILLTP-SYJ-01,,,SYJ202+1.010.p,intuitionistic,auto,1,false,,5,0,3,,unknown,timeout,,two-sided,ILL,4265,10,5037.351,3652288,2281740,1048576,0,0,0,16384,5010.000,5.589
lltp,ILL/ILLTP-SYJ-01,,,SYJ202+1.011.p,intuitionistic,auto,1,false,,5,0,3,,unknown,timeout,,two-sided,ILL,5583,22,5227.998,3532736,2504056,815159,0,0,0,16384,5200.000,5.572
lltp,ILL/ILLTP-SYJ-01,,,SYJ202+1.012.p,intuitionistic,auto,1,false,,5,0,3,,unknown,timeout,,two-sided,ILL,7147,24,5221.623,3215808,2251770,762804,0,0,0,16384,5200.000,5.341
lltp,ILL/ILLTP-SYJ-01,,,SYJ202+1.013.p,intuitionistic,auto,1,false,,5,0,3,,unknown,timeout,,two-sided,ILL,8978,26,5218.803,2904512,1992694,750022,0,0,0,16384,5200.000,5.842
lltp,ILL/ILLTP-SYJ-01,,,SYJ202+1.014.p,intuitionistic,auto,1,false,,5,0,3,,unknown,timeout,,two-sided,ILL,11097,28,5165.676,1720256,1111497,534139,0,0,0,16384,5150.000,6.798
lltp,ILL/ILLTP-SYJ-01,,,SYJ202+1.015.p,intuitionistic,auto,1,false,,5,0,3,,unknown,timeout,,two-sided,ILL,13525,30,5170.607,1244800,716611,468399,0,0,0,16384,5150.000,5.933
lltp,ILL/ILLTP-SYJ-01,,,SYJ202+1.016.p,intuitionistic,auto,1,false,,5,0,3,,unknown,timeout,,two-sided,ILL,16283,32,5182.963,1136896,646027,440882,0,0,0,16384,5160.000,6.462
lltp,ILL/ILLTP-SYJ-01,,,SYJ202+1.017.p,intuitionistic,auto,1,false,,5,0,3,,unknown,timeout,,two-sided,ILL,19392,34,5129.387,848000,465481,349635,0,0,0,16384,5100.000,6.466
lltp,ILL/ILLTP-SYJ-01,,,SYJ202+1.018.p,intuitionistic,auto,1,false,,5,0,3,,unknown,timeout,,two-sided,ILL,22873,36,5037.758,229568,82252,138082,0,0,0,16384,5010.000,9.179
lltp,ILL/ILLTP-SYJ-01,,,SYJ202+1.019.p,intuitionistic,auto,1,false,,5,0,3,,unknown,timeout,,two-sided,ILL,26747,38,5041.242,140800,41260,93349,0,0,0,16384,5000.000,10.005
lltp,ILL/ILLTP-SYJ-01,,,SYJ202+1.020.p,intuitionistic,auto,1,false,,5,0,3,,unknown,timeout,,two-sided,ILL,31035,40,5079.891,11776,0,7850,0,0,0,16384,5050.000,13.364
lltp,ILL/ILLTP-SYJ-01,,,SYJ208+1.010.p,intuitionistic,auto,1,false,,5,0,3,unprovable,unknown,timeout,,two-sided,ILL,4353,10,5127.283,3437120,2186809,1048576,0,0,0,16384,5110.000,6.126
lltp,ILL/ILLTP-SYJ-01,,,SYJ208+1.011.p,intuitionistic,auto,1,false,,5,0,3,unprovable,unknown,timeout,,two-sided,ILL,5679,22,5236.083,3585728,2528421,841600,0,0,0,16384,5210.000,5.347
lltp,ILL/ILLTP-SYJ-01,,,SYJ208+1.012.p,intuitionistic,auto,1,false,,5,0,3,unprovable,unknown,timeout,,two-sided,ILL,7251,24,5230.309,3271232,2292056,774243,0,0,0,16384,5210.000,6.009
lltp,ILL/ILLTP-SYJ-01,,,SYJ208+1.013.p,intuitionistic,auto,1,false,,5,0,3,unprovable,unknown,timeout,,two-sided,ILL,9090,26,5225.158,2883008,1977027,745510,0,0,0,16384,5210.000,5.424
lltp,ILL/ILLTP-SYJ-01,,,SYJ208+1.014.p,intuitionistic,auto,1,false,,5,0,3,unprovable,unknown,timeout,,two-sided,ILL,11217,28,5154.450,1581632,1007540,503803,0,0,0,16384,5130.000,6.489
lltp,ILL/ILLTP-SYJ-01,,,SYJ208+1.015.p,intuitionistic,auto,1,false,,5,0,3,unprovable,unknown,timeout,,two-sided,ILL,13653,30,5184.225,1284160,740106,482248,0,0,0,16384,5160.000,6.650
lltp,ILL/ILLTP-SYJ-01,,,SYJ208+1.016.p,intuitionistic,auto,1,false,,5,0,3,unprovable,unknown,timeout,,two-sided,ILL,16419,32,5157.085,1116544,633848,433685,0,0,0,16384,5130.000,5.910
lltp,ILL/ILLTP-SYJ-01,,,SYJ208+1.017.p,intuitionistic,auto,1,false,,5,0,3,unprovable,unknown,timeout,,two-sided,ILL,19536,34,5129.723,822464,450186,340553,0,0,0,16384,5110.000,7.365
lltp,ILL/ILLTP-SYJ-01,,,SYJ208+1.018.p,intuitionistic,auto,1,false,,5,0,3,,unknown,timeout,,two-sided,ILL,23025,36,5042.360,207680,67660,130786,0,0,0,16384,5010.000,9.257
lltp,ILL/ILLTP-SYJ-01,,,SYJ208+1.019.p,intuitionistic,auto,1,false,,5,0,3,,unknown,timeout,,two-sided,ILL,26907,38,5038.210,131776,38393,87622,0,0,0,16384,5000.000,12.182
lltp,ILL/ILLTP-SYJ-01,,,SYJ208+1.020.p,intuitionistic,auto,1,false,,5,0,3,,unknown,timeout,,two-sided,ILL,31203,40,5012.386,11648,0,7764,0,0,0,16384,4970.000,12.837
lltp,ILL/ILLTP-SYJ-cbn,,,SYJ202+1.010.p,intuitionistic,auto,1,false,,5,0,3,,unknown,timeout,,two-sided,ILL,3715,10,5049.013,3408960,2087786,1048576,0,0,0,16384,4990.000,7.155
lltp,ILL/ILLTP-SYJ-cbn,,,SYJ202+1.011.p,intuitionistic,auto,1,false,,5,0,3,,unknown,timeout,,two-sided,ILL,4857,22,5349.791,3180352,2085878,917517,0,0,0,16384,5300.000,6.502
lltp,ILL/ILLTP-SYJ-cbn,,,SYJ202+1.012.p,intuitionistic,auto,1,false,,5,0,3,,unknown,timeout,,two-sided,ILL,6211,24,5205.157,3385920,2478808,710684,0,0,0,16384,5180.000,5.280
lltp,ILL/ILLTP-SYJ-cbn,,,SYJ202+1.013.p,intuitionistic,auto,1,false,,5,0,3,,unknown,timeout,,two-sided,ILL,7795,26,5204.977,2576320,1716797,693878,0,0,0,16384,5180.000,5.772
lltp,ILL/ILLTP-SYJ-cbn,,,SYJ202+1.014.p,intuitionistic,auto,1,false,,5,0,3,,unknown,timeout,,two-sided,ILL,9627,28,5209.470,2243136,1475990,642787,0,0,0,16384,5180.000,6.230
lltp,ILL/ILLTP-SYJ-cbn,,,SYJ202+1.015.p,intuitionistic,auto,1,false,,5,0,3,,unknown,timeout,,two-sided,ILL,11725,30,5137.060,1240896,768809,417697,0,0,0,16384,5120.000,5.263
lltp,ILL/ILLTP-SYJ-cbn,,,SYJ202+1.016.p,intuitionistic,auto,1,false,,5,0,3,,unknown,timeout,,two-sided,ILL,14107,32,5128.091,860160,429061,384486,0,0,0,16384,5100.000,6.593
lltp,ILL/ILLTP-SYJ-cbn,,,SYJ202+1.017.p,intuitionistic,auto,1,false,,5,0,3,,unknown,timeout,,two-sided,ILL,16791,34,5153.730,847744,413528,391235,0,0,0,16384,5140.000,6.373
lltp,ILL/ILLTP-SYJ-cbn,,,SYJ202+1.018.p,intuitionistic,auto,1,false,,5,0,3,,unknown,timeout,,two-sided,ILL,19795,36,5138.555,669632,324084,316131,0,0,0,16384,5120.000,7.539
lltp,ILL/ILLTP-SYJ-cbn,,,SYJ202+1.019.p,intuitionistic,auto,1,false,,5,0,3,,unknown,timeout,,two-sided,ILL,23137,38,5030.159,152320,43787,101312,0,0,0,16384,5000.000,9.358
lltp,ILL/ILLTP-SYJ-cbn,,,SYJ202+1.020.p,intuitionistic,auto,1,false,,5,0,3,,unknown,recursion_limit,,two-sided,ILL,26835,40,2976.260,8181,0,4090,0,0,0,16384,2950.000,7.652
lltp,ILL/ILLTP-SYJ-cbn,,,SYJ208+1.010.p,intuitionistic,auto,1,false,,5,0,3,unprovable,unknown,timeout,,two-sided,ILL,3781,10,5075.398,3258944,2022789,1048576,0,0,0,16384,5030.000,5.754
lltp,ILL/ILLTP-SYJ-cbn,,,SYJ208+1.011.p,intuitionistic,auto,1,false,,5,0,3,unprovable,unknown,timeout,,two-sided,ILL,4929,22,5407.830,3180352,2085878,917517,0,0,0,16384,5390.000,6.851
lltp,ILL/ILLTP-SYJ-cbn,,,SYJ208+1.012.p,intuitionistic,auto,1,false,,5,0,3,unprovable,unknown,timeout,,two-sided,ILL,6289,24,5199.092,3237056,2370661,677752,0,0,0,16384,5170.000,5.885
lltp,ILL/ILLTP-SYJ-cbn,,,SYJ208+1.013.p,intuitionistic,auto,1,false,,5,0,3,unprovable,unknown,timeout,,two-sided,ILL,7879,26,5208.812,2537920,1690586,684452,0,0,0,16384,5180.000,5.590
lltp,ILL/ILLTP-SYJ-cbn,,,SYJ208+1.014.p,intuitionistic,auto,1,false,,5,0,3,unprovable,unknown,timeout,,two-sided,ILL,9717,28,5202.996,2184192,1435691,628101,0,0,0,16384,5180.000,6.365
lltp,ILL/ILLTP-SYJ-cbn,,,SYJ208+1.015.p,intuitionistic,auto,1,false,,5,0,3,unprovable,unknown,timeout,,two-sided,ILL,11821,30,5137.366,1213504,748272,411647,0,0,0,16384,5120.000,6.008
lltp,ILL/ILLTP-SYJ-cbn,,,SYJ208+1.016.p,intuitionistic,auto,1,false,,5,0,3,unprovable,unknown,timeout,,two-sided,ILL,14209,32,5123.785,923008,476185,398466,0,0,0,16384,5100.000,5.674
lltp,ILL/ILLTP-SYJ-cbn,,,SYJ208+1.017.p,intuitionistic,auto,1,false,,5,0,3,unprovable,unknown,timeout,,two-sided,ILL,16899,34,5141.782,799104,389323,369627,0,0,0,16384,5130.000,6.570
lltp,ILL/ILLTP-SYJ-cbn,,,SYJ208+1.018.p,intuitionistic,auto,1,false,,5,0,3,,unknown,timeout,,two-sided,ILL,19909,36,5095.027,576704,277865,274530,0,0,0,16384,5070.000,6.860
lltp,ILL/ILLTP-SYJ-cbn,,,SYJ208+1.019.p,intuitionistic,auto,1,false,,5,0,3,,unknown,timeout,,two-sided,ILL,23257,38,5028.158,141376,36491,97664,0,0,0,16384,4990.000,9.798
lltp,ILL/ILLTP-SYJ-cbn,,,SYJ208+1.020.p,intuitionistic,auto,1,false,,5,0,3,,unknown,recursion_limit,,two-sided,ILL,26961,40,2915.808,8181,0,4090,0,0,0,16384,2890.000,6.463
lltp,ILL/ILLTP-SYJ-cbv,,,SYJ202+1.010.p,intuitionistic,auto,1,false,,5,0,3,,unknown,timeout,,two-sided,ILL,3618,10,5032.784,5315264,0,1048576,1772121,0,0,16384,5010.000,6.868
lltp,ILL/ILLTP-SYJ-cbv,,,SYJ202+1.011.p,intuitionistic,auto,1,false,,5,0,3,,unknown,timeout,,two-sided,ILL,4739,22,5274.580,5146624,0,1048576,1716025,0,0,16384,5250.000,7.907
lltp,ILL/ILLTP-SYJ-cbv,,,SYJ202+1.012.p,intuitionistic,auto,1,false,,5,0,3,,unknown,timeout,,two-sided,ILL,6070,24,5079.699,4194368,0,1048576,1398746,0,0,16384,5060.000,7.182
lltp,ILL/ILLTP-SYJ-cbv,,,SYJ202+1.013.p,intuitionistic,auto,1,false,,5,0,3,,unknown,timeout,,two-sided,ILL,7629,26,5155.478,3647360,0,1048576,1216575,0,0,16384,5130.000,9.181
lltp,ILL/ILLTP-SYJ-cbv,,,SYJ202+1.014.p,intuitionistic,auto,1,false,,5,0,3,,unknown,timeout,,two-sided,ILL,9434,28,5294.134,2868416,0,1048576,957118,0,0,16384,5270.000,7.245
lltp,ILL/ILLTP-SYJ-cbv,,,SYJ202+1.015.p,intuitionistic,auto,1,false,,5,0,3,,unknown,timeout,,two-sided,ILL,11503,30,5101.937,2247872,0,1048576,750490,0,0,16384,5070.000,8.079
lltp,ILL/ILLTP-SYJ-cbv,,,SYJ202+1.016.p,intuitionistic,auto,1,false,,5,0,3,,unknown,timeout,,two-sided,ILL,13854,32,5325.989,1871488,0,1048576,625280,0,0,16384,5300.000,9.808
lltp,ILL/ILLTP-SYJ-cbv,,,SYJ202+1.017.p,intuitionistic,auto,1,false,,5,0,3,,unknown,timeout,,two-sided,ILL,16505,34,5197.260,1380672,0,1048576,461958,0,0,16384,5170.000,10.604
lltp,ILL/ILLTP-SYJ-cbv,,,SYJ202+1.018.p,intuitionistic,auto,1,false,,5,0,3,,unknown,timeout,,two-sided,ILL,19474,36,5167.600,1048640,0,1048576,351598,0,0,16384,5140.000,12.758
lltp,ILL/ILLTP-SYJ-cbv,,,SYJ202+1.019.p,intuitionistic,auto,1,false,,5,0,3,,unknown,timeout,,two-sided,ILL,22779,38,5494.811,935936,0,935932,314385,0,0,16384,5460.000,13.686
lltp,ILL/ILLTP-SYJ-cbv,,,SYJ202+1.020.p,intuitionistic,auto,1,false,,5,0,3,,unknown,timeout,,two-sided,ILL,26438,40,6156.012,917568,0,917564,308656,0,0,16384,6120.000,13.185
lltp,ILL/ILLTP-SYJ-cbv,,,SYJ208+1.010.p,intuitionistic,auto,1,false,,5,0,3,unprovable,unknown,timeout,,two-sided,ILL,3684,10,5026.893,5282752,0,1048576,1761284,0,0,16384,5010.000,6.116
lltp,ILL/ILLTP-SYJ-cbv,,,SYJ208+1.011.p,intuitionistic,auto,1,false,,5,0,3,unprovable,unknown,timeout,,two-sided,ILL,4811,22,5261.473,5100992,0,1048576,1700814,0,0,16384,5240.000,6.814
lltp,ILL/ILLTP-SYJ-cbv,,,SYJ208+1.012.p,intuitionistic,auto,1,false,,5,0,3,unprovable,unknown,timeout,,two-sided,ILL,6148,24,5194.801,4194368,0,1048576,1398746,0,0,16384,5170.000,9.041
lltp,ILL/ILLTP-SYJ-cbv,,,SYJ208+1.013.p,intuitionistic,auto,1,false,,5,0,3,unprovable,unknown,timeout,,two-sided,ILL,7713,26,5137.313,3506816,0,1048576,1169727,0,0,16384,5120.000,8.303
lltp,ILL/ILLTP-SYJ-cbv,,,SYJ208+1.014.p,intuitionistic,auto,1,false,,5,0,3,unprovable,unknown,timeout,,two-sided,ILL,9524,28,5307.998,2690752,0,1048576,897897,0,0,16384,5280.000,8.551
lltp,ILL/ILLTP-SYJ-cbv,,,SYJ208+1.015.p,intuitionistic,auto,1,false,,5,0,3,unprovable,unknown,timeout,,two-sided,ILL,11599,30,5201.416,2097216,0,1048576,700272,0,0,16384,5170.000,11.398
lltp,ILL/ILLTP-SYJ-cbv,,,SYJ208+1.016.p,intuitionistic,auto,1,false,,5,0,3,unprovable,unknown,timeout,,two-sided,ILL,13956,32,5390.297,1815360,0,1048576,606570,0,0,16384,5370.000,9.433
lltp,ILL/ILLTP-SYJ-cbv,,,SYJ208+1.017.p,intuitionistic,auto,1,false,,5,0,3,unprovable,unknown,timeout,,two-sided,ILL,16613,34,5210.204,1284992,0,1048576,430064,0,0,16384,5180.000,10.185
lltp,ILL/ILLTP-SYJ-cbv,,,SYJ208+1.018.p,intuitionistic,auto,1,false,,5,0,3,,unknown,timeout,,two-sided,ILL,19588,36,5289.085,1048640,0,1048576,351598,0,0,16384,5270.000,7.829
lltp,ILL/ILLTP-SYJ-cbv,,,SYJ208+1.019.p,intuitionistic,auto,1,false,,5,0,3,,unknown,timeout,,two-sided,ILL,22899,38,5626.295,917568,0,917565,308262,0,0,16384,5600.000,14.239
lltp,ILL/ILLTP-SYJ-cbv,,,SYJ208+1.020.p,intuitionistic,auto,1,false,,5,0,3,,unknown,timeout,,two-sided,ILL,26564,40,6290.893,917568,0,917564,308656,0,0,16384,6260.000,15.426
lltp,ILL/petri-nets/MCC,,,ARMCacheCoherence_1_1.p,intuitionistic,auto,1,false,,5,0,3,provable,unknown,recursion_limit,,two-sided,IMELL,493894,14998,544.139,0,0,0,0,0,0,16384,540.000,0.503
lltp,ILL/petri-nets/MCC,,,ARMCacheCoherence_20_1.p,intuitionistic,auto,1,false,,5,0,3,provable,unknown,recursion_limit,,two-sided,IMELL,493894,14998,539.250,0,0,0,0,0,0,16384,540.000,0.455
lltp,ILL/petri-nets/MCC,,,ARMCacheCoherence_50_1.p,intuitionistic,auto,1,false,,5,0,3,provable,unknown,recursion_limit,,two-sided,IMELL,493894,14998,539.417,0,0,0,0,0,0,16384,540.000,1.164
lltp,ILL/petri-nets/MCC,,,ARMCacheCoherence_5_1.p,intuitionistic,auto,1,false,,5,0,3,provable,unknown,recursion_limit,,two-sided,IMELL,493894,14998,541.449,0,0,0,0,0,0,16384,540.000,0.434
lltp,ILL/petri-nets/MCC,,,AirplaneLD-pt-0500_1_1.p,intuitionistic,auto,1,false,,5,0,3,provable,unknown,context_too_wide,,two-sided,IMELL,36586,1250,9.419,1,0,0,0,0,0,16384,10.000,0.015
lltp,ILL/petri-nets/MCC,,,AirplaneLD-pt-0500_20_1.p,intuitionistic,auto,1,false,,5,0,3,provable,unknown,context_too_wide,,two-sided,IMELL,36582,1250,9.175,1,0,0,2,0,0,16384,10.000,0.010
lltp,ILL/petri-nets/MCC,,,AirplaneLD-pt-0500_5_1.p,intuitionistic,auto,1,false,,5,0,3,provable,unknown,context_too_wide,,two-sided,IMELL,36586,1250,9.157,1,0,0,0,0,0,16384,10.000,0.007
lltp,ILL/petri-nets/MCC,,,AirplaneLD-pt-1000_1_1.p,intuitionistic,auto,1,false,,5,0,3,provable,unknown,context_too_wide,,two-sided,IMELL,73086,2500,42.175,1,0,0,0,0,0,16384,40.000,0.185
lltp,ILL/petri-nets/MCC,,,AirplaneLD-pt-1000_20_1.p,intuitionistic,auto,1,false,,5,0,3,provable,unknown,context_too_wide,,two-sided,IMELL,73082,2500,37.331,1,0,0,2,0,0,16384,40.000,0.035
lltp,ILL/petri-nets/MCC,,,AirplaneLD-pt-1000_5_1.p,intuitionistic,auto,1,false,,5,0,3,provable,unknown,context_too_wide,,two-sided,IMELL,73086,2500,37.523,1,0,0,0,0,0,16384,40.000,0.033
lltp,ILL/petri-nets/MCC,,,AirplaneLD-pt-2000_1_1.p,intuitionistic,auto,1,false,,5,0,3,provable,unknown,context_too_wide,,two-sided,IMELL,146086,5000,154.473,1,0,0,0,0,0,16384,150.000,0.188
lltp,ILL/petri-nets/MCC,,,AirplaneLD-pt-2000_20_1.p,intuitionistic,auto,1,false,,5,0,3,provable,unknown,context_too_wide,,two-sided,IMELL,146082,5000,149.936,1,0,0,2,0,0,16384,160.000,0.146
lltp,ILL/petri-nets/MCC,,,AirplaneLD-pt-2000_5_1.p,intuitionistic,auto,1,false,,5,0,3,provable,unknown,context_too_wide,,two-sided,IMELL,146086,5000,149.958,1,0,0,0,0,0,16384,140.000,0.134
lltp,ILL/petri-nets/MCC,,,AirplaneLD-pt-4000_1_1.p,intuitionistic,auto,1,false,,5,0,3,provable,unknown,recursion_limit,,two-sided,IMELL,292086,10000,318.684,0,0,0,0,0,0,16384,310.000,0.820
lltp,ILL/petri-nets/MCC,,,AirplaneLD-pt-4000_20_1.p,intuitionistic,auto,1,false,,5,0,3,provable,unknown,recursion_limit,,two-sided,IMELL,292082,10000,316.595,0,0,0,0,0,0,16384,300.000,0.276
lltp,ILL/petri-nets/MCC,,,AirplaneLD-pt-4000_5_1.p,intuitionistic,auto,1,false,,5,0,3,provable,unknown,recursion_limit,,two-sided,IMELL,292086,10000,318.309,0,0,0,0,0,0,16384,320.000,0.339
lltp,ILL/petri-nets/MCC,,,AutoFlight_afcs_24_b_100_1.p,intuitionistic,auto,1,false,,5,0,3,provable,unknown,timeout,,two-sided,IMELL,10428,27,5001.351,369108,367304,952,2430690,0,0,16384,4980.000,6.639
lltp,ILL/petri-nets/MCC,,,AutoFlight_afcs_24_b_10_1.p,intuitionistic,auto,1,false,,5,0,3,provable,unknown,timeout,,two-sided,IMELL,10384,27,5000.796,344345,342581,886,2467574,0,0,16384,4990.000,5.921
lltp,ILL/petri-nets/MCC,,,AutoFlight_afcs_24_b_1_1.p,intuitionistic,auto,1,false,,5,0,3,provable,proved,,ok,two-sided,IMELL,10374,26,2.250,2,0,1,1,0,0,16384,0.000,0.013
lltp,ILL/petri-nets/MCC,,,AutoFlight_afcs_24_b_20_1.p,intuitionistic,auto,1,false,,5,0,3,provable,unknown,timeout,,two-sided,IMELL,10384,27,5000.852,338643,336897,883,2429939,0,0,16384,4990.000,5.073
lltp,ILL/petri-nets/MCC,,,AutoFlight_afcs_24_b_50_1.p,intuitionistic,auto,1,false,,5,0,3,provable,unknown,timeout,,two-sided,IMELL,10428,27,5001.752,372884,371068,952,2460918,0,0,16384,4990.000,5.561
lltp,ILL/petri-nets/MCC,,,AutoFlight_afcs_24_b_5_1.p,intuitionistic,auto,1,false,,5,0,3,provable,unknown,timeout,,two-sided,IMELL,10380,27,5001.307,338711,336963,880,2441859,0,0,16384,4990.000,5.612
lltp,ILL/petri-nets/MCC,,,AutoFlight_afcs_48_b_100_1.p,intuitionistic,auto,1,false,,5,0,3,provable,unknown,timeout,,two-sided,IMELL,18316,53,5003.682,146175,144864,1023,1267623,0,0,16384,4980.000,5.307
lltp,ILL/petri-nets/MCC,,,AutoFlight_afcs_48_b_10_1.p,intuitionistic,auto,1,false,,5,0,3,provable,unknown,timeout,,two-sided,IMELL,18218,53,5002.897,131456,130246,923,1260910,0,0,16384,4990.000,5.901
lltp,ILL/petri-nets/MCC,,,AutoFlight_afcs_48_b_1_1.p,intuitionistic,auto,1,false,,5,0,3,provable,proved,,ok,two-sided,IMELL,18210,52,5.979,2,0,1,1,0,0,16384,10.000,0.020
lltp,ILL/petri-nets/MCC,,,AutoFlight_afcs_48_b_20_1.p,intuitionistic,auto,1,false,,5,0,3,provable,unknown,timeout,,two-sided,IMELL,18246,53,5003.303,134592,133354,953,1250429,0,0,16384,4990.000,4.219
lltp,ILL/petri-nets/MCC,,,AutoFlight_afcs_48_b_50_1.p,intuitionistic,auto,1,false,,5,0,3,provable,unknown,timeout,,two-sided,IMELL,18306,53,5001.996,143360,142062,1013,1254454,0,0,16384,4990.000,4.267
lltp,ILL/petri-nets/MCC,,,AutoFlight_afcs_48_b_5_1.p,intuitionistic,auto,1,false,,5,0,3,provable,unknown,timeout,,two-sided,IMELL,18214,52,5002.888,130687,129480,921,1256280,0,0,16384,4990.000,3.775
lltp,ILL/petri-nets/MCC,,,AutoFlight_afcs_96_a_100_1.p,intuitionistic,auto,1,false,,5,0,3,provable,unknown,context_too_wide,,two-sided,IMELL,14854,105,35.257,965,0,962,5639,0,0,16384,30.000,0.022
lltp,ILL/petri-nets/MCC,,,AutoFlight_afcs_96_a_1_1.p,intuitionistic,auto,1,false,,5,0,3,provable,unknown,context_too_wide,,two-sided,IMELL,14854,105,2.956,3,0,1,14,0,0,16384,0.000,0.004
lltp,ILL/petri-nets/MCC,,,AutoFlight_afcs_96_a_20_1.p,intuitionistic,auto,1,false,,5,0,3,provable,unknown,context_too_wide,,two-sided,IMELL,14854,105,35.250,965,0,962,5639,0,0,16384,40.000,0.040
lltp,ILL/petri-nets/MCC,,,AutoFlight_afcs_96_a_50_1.p,intuitionistic,auto,1,false,,5,0,3,provable,unknown,context_too_wide,,two-sided,IMELL,14854,105,34.866,965,0,962,5639,0,0,16384,30.000,0.035
lltp,ILL/petri-nets/MCC,,,AutoFlight_afcs_96_a_5_1.p,intuitionistic,auto,1,false,,5,0,3,provable,unknown,context_too_wide,,two-sided,IMELL,14854,105,35.257,965,0,962,5639,0,0,16384,30.000,0.034
lltp,ILL/petri-nets/MCC,,,AutoFlight_afcs_96_b_100_1.p,intuitionistic,auto,1,false,,5,0,3,provable,unknown,timeout,,two-sided,IMELL,36582,105,5008.159,72384,70305,2005,638149,0,0,16384,4990.000,4.780
lltp,ILL/petri-nets/MCC,,,AutoFlight_afcs_96_b_10_1.p,intuitionistic,auto,1,false,,5,0,3,provable,unknown,timeout,,two-sided,IMELL,36410,105,5006.083,64894,62985,1837,614538,0,0,16384,4990.000,3.813
lltp,ILL/petri-nets/MCC,,,AutoFlight_afcs_96_b_1_1.p,intuitionistic,auto,1,false,,5,0,3,provable,proved,,ok,two-sided,IMELL,36402,104,21.948,2,0,1,1,0,0,16384,20.000,0.032
lltp,ILL/petri-nets/MCC,,,AutoFlight_afcs_96_b_20_1.p,intuitionistic,auto,1,false,,5,0,3,provable,unknown,timeout,,two-sided,IMELL,36422,105,5012.305,66560,64641,1845,628356,0,0,16384,5000.000,4.472
lltp,ILL/petri-nets/MCC,,,AutoFlight_afcs_96_b_50_1.p,intuitionistic,auto,1,false,,5,0,3,provable,unknown,timeout,,two-sided,IMELL,36482,105,5006.291,68864,66885,1905,631023,0,0,16384,5000.000,3.542
lltp,ILL/petri-nets/MCC,,,AutoFlight_afcs_96_b_5_1.p,intuitionistic,auto,1,false,,5,0,3,provable,unknown,timeout,,two-sided,IMELL,36408,105,5005.273,64702,62795,1835,613140,0,0,16384,4990.000,4.656
lltp,ILL/petri-nets/MCC,,,BART-002-unf_1_1.p,intuitionistic,auto,1,false,,5,0,3,provable,unknown,context_too_wide,,two-sided,IMELL,29342,391,4.615,1,0,0,0,0,0,16384,0.000,0.004
lltp,ILL/petri-nets/MCC,,,BART-002-unf_20_1.p,intuitionistic,auto,1,false,,5,0,3,provable,unknown,context_too_wide,,two-sided,IMELL,29342,391,9.476,2,0,1,546,0,0,16384,0.000,0.008
lltp,ILL/petri-nets/MCC,,,BART-002-unf_5_1.p,intuitionistic,auto,1,false,,5,0,3,provable,unknown,context_too_wide,,two-sided,IMELL,29342,391,4.576,1,0,0,0,0,0,16384,0.000,0.004
lltp,ILL/petri-nets/MCC,,,BART-005-unf_1_1.p,intuitionistic,auto,1,false,,5,0,3,provable,unknown,context_too_wide,,two-sided,IMELL,71726,976,28.594,1,0,0,0,0,0,16384,30.000,0.027
lltp,ILL/petri-nets/MCC,,,BART-005-unf_20_1.p,intuitionistic,auto,1,false,,5,0,3,provable,unknown,context_too_wide,,two-sided,IMELL,71726,976,27.491,1,0,0,0,0,0,16384,20.000,0.038
lltp,ILL/petri-nets/MCC,,,BART-005-unf_50_1.p,intuitionistic,auto,1,false,,5,0,3,provable,unknown,context_too_wide,,two-sided,IMELL,71726,976,38.166,2,0,1,552,0,0,16384,30.000,0.041
lltp,ILL/petri-nets/MCC,,,BART-005-unf_5_1.p,intuitionistic,auto,1,false,,5,0,3,provable,unknown,context_too_wide,,two-sided,IMELL,71726,976,27.079,1,0,0,0,0,0,16384,20.000,0.034
lltp,ILL/petri-nets/MCC,,,BART-010-unf_100_1.p,intuitionistic,auto,1,false,,5,0,3,provable,unknown,context_too_wide,,two-sided,IMELL,142366,1951,147.276,2,0,1,562,0,0,16384,140.000,0.121
lltp,ILL/petri-nets/MCC,,,BART-010-unf_1_1.p,intuitionistic,auto,1,false,,5,0,3,provable,unknown,context_too_wide,,two-sided,IMELL,142366,1951,108.248,1,0,0,0,0,0,16384,110.000,0.102
lltp,ILL/petri-nets/MCC,,,BART-010-unf_20_1.p,intuitionistic,auto,1,false,,5,0,3,provable,unknown,context_too_wide,,two-sided,IMELL,142366,1951,106.166,1,0,0,0,0,0,16384,110.000,0.081
lltp,ILL/petri-nets/MCC,,,BART-010-unf_50_1.p,intuitionistic,auto,1,false,,5,0,3,provable,unknown,context_too_wide,,two-sided,IMELL,142366,1951,137.451,2,0,1,2,0,0,16384,130.000,0.638
lltp,ILL/petri-nets/MCC,,,BART-010-unf_5_1.p,intuitionistic,auto,1,false,,5,0,3,provable,unknown,context_too_wide,,two-sided,IMELL,142366,1951,111.859,1,0,0,0,0,0,16384,110.000,0.100
lltp,ILL/petri-nets/MCC,,,BART-020-unf_100_1.p,intuitionistic,auto,1,false,,5,0,3,provable,unknown,recursion_limit,,two-sided,IMELL,283646,3901,305.541,0,0,0,0,0,0,16384,310.000,0.259
lltp,ILL/petri-nets/MCC,,,BART-020-unf_1_1.p,intuitionistic,auto,1,false,,5,0,3,provable,unknown,recursion_limit,,two-sided,IMELL,283646,3901,304.134,0,0,0,0,0,0,16384,310.000,0.275
lltp,ILL/petri-nets/MCC,,,BART-020-unf_20_1.p,intuitionistic,auto,1,false,,5,0,3,provable,unknown,recursion_limit,,two-sided,IMELL,283646,3901,304.272,0,0,0,0,0,0,16384,310.000,0.249
lltp,ILL/petri-nets/MCC,,,BART-020-unf_50_1.p,intuitionistic,auto,1,false,,5,0,3,provable,unknown,recursion_limit,,two-sided,IMELL,283646,3901,305.935,0,0,0,0,0,0,16384,300.000,0.760
lltp,ILL/petri-nets/MCC,,,BART-020-unf_5_1.p,intuitionistic,auto,1,false,,5,0,3,provable,unknown,recursion_limit,,two-sided,IMELL,283646,3901,305.129,0,0,0,0,0,0,16384,300.000,0.245
lltp,ILL/petri-nets/MCC,,,BART-030-unf_100_1.p,intuitionistic,auto,1,false,,5,0,3,provable,unknown,recursion_limit,,two-sided,IMELL,424926,5851,457.728,0,0,0,0,0,0,16384,460.000,0.391
lltp,ILL/petri-nets/MCC,,,BART-030-unf_1_1.p,intuitionistic,auto,1,false,,5,0,3,provable,unknown,recursion_limit,,two-sided,IMELL,424926,5851,456.589,0,0,0,0,0,0,16384,460.000,0.352
lltp,ILL/petri-nets/MCC,,,BART-030-unf_20_1.p,intuitionistic,auto,1,false,,5,0,3,provable,unknown,recursion_limit,,two-sided,IMELL,424926,5851,456.079,0,0,0,0,0,0,16384,460.000,0.408
lltp,ILL/petri-nets/MCC,,,BART-030-unf_50_1.p,intuitionistic,auto,1,false,,5,0,3,provable,unknown,recursion_limit,,two-sided,IMELL,424926,5851,459.915,0,0,0,0,0,0,16384,470.000,0.394
lltp,ILL/petri-nets/MCC,,,BART-030-unf_5_1.p,intuitionistic,auto,1,false,,5,0,3,provable,unknown,recursion_limit,,two-sided,IMELL,424926,5851,459.667,0,0,0,0,0,0,16384,460.000,0.366
lltp,ILL/petri-nets/MCC,,,BART-040-unf_100_1.p,intuitionistic,auto,1,false,,5,0,3,provable,unknown,recursion_limit,,two-sided,IMELL,566206,7801,608.675,0,0,0,0,0,0,16384,610.000,0.472
lltp,ILL/petri-nets/MCC,,,BART-040-unf_1_1.p,intuitionistic,auto,1,false,,5,0,3,provable,unknown,recursion_limit,,two-sided,IMELL,566206,7801,611.841,0,0,0,0,0,0,16384,600.000,0.533
lltp,ILL/petri-nets/MCC,,,BART-040-unf_20_1.p,intuitionistic,auto,1,false,,5,0,3,provable,unknown,recursion_limit,,two-sided,IMELL,566206,7801,607.896,0,0,0,0,0,0,16384,610.000,0.477
lltp,ILL/petri-nets/MCC,,,BART-040-unf_50_1.p,intuitionistic,auto,1,false,,5,0,3,provable,unknown,recursion_limit,,two-sided,IMELL,566206,7801,611.089,0,0,0,0,0,0,16384,610.000,0.505
lltp,ILL/petri-nets/MCC,,,BART-040-unf_5_1.p,intuitionistic,auto,1,false,,5,0,3,provable,unknown,recursion_limit,,two-sided,IMELL,566206,7801,608.626,0,0,0,0,0,0,16384,590.000,1.031
lltp,ILL/petri-nets/MCC,,,BART-050-unf_100_1.p,intuitionistic,auto,1,false,,5,0,3,provable,unknown,recursion_limit,,two-sided,IMELL,707486,9751,755.118,0,0,0,0,0,0,16384,750.000,0.639
lltp,ILL/petri-nets/MCC,,,BART-050-unf_1_1.p,intuitionistic,auto,1,false,,5,0,3,provable,unknown,recursion_limit,,two-sided,IMELL,707486,9751,763.304,0,0,0,0,0,0,16384,760.000,1.330
lltp,ILL/petri-nets/MCC,,,BART-050-unf_20_1.p,intuitionistic,auto,1,false,,5,0,3,provable,unknown,recursion_limit,,two-sided,IMELL,707486,9751,764.082,0,0,0,0,0,0,16384,770.000,0.616
lltp,ILL/petri-nets/MCC,,,BART-050-unf_50_1.p,intuitionistic,auto,1,false,,5,0,3,provable,unknown,recursion_limit,,two-sided,IMELL,707486,9751,755.131,0,0,0,0,0,0,16384,760.000,0.719
lltp,ILL/petri-nets/MCC,,,BART-050-unf_5_1.p,intuitionistic,auto,1,false,,5,0,3,provable,unknown,recursion_limit,,two-sided,IMELL,707486,9751,754.784,0,0,0,0,0,0,16384,760.000,1.115
lltp,ILL/petri-nets/MCC,,,BART-060-unf_100_1.p,intuitionistic,auto,1,false,,5,0,3,provable,unknown,recursion_limit,,two-sided,IMELL,848766,11701,891.713,0,0,0,0,0,0,16384,890.000,0.711
lltp,ILL/petri-nets/MCC,,,BART-060-unf_1_1.p,intuitionistic,auto,1,false,,5,0,3,provable,unknown,recursion_limit,,two-sided,IMELL,848766,11701,885.857,0,0,0,0,0,0,16384,890.000,1.325
lltp,ILL/petri-nets/MCC,,,BART-060-unf_20_1.p,intuitionistic,auto,1,false,,5,0,3,provable,unknown,recursion_limit,,two-sided,IMELL,848766,11701,893.471,0,0,0,0,0,0,16384,890.000,1.248
lltp,ILL/petri-nets/MCC,,,BART-060-unf_50_1.p,intuitionistic,auto,1,false,,5,0,3,provable,unknown,recursion_limit,,two-sided,IMELL,848766,11701,897.817,0,0,0,0,0,0,16384,900.000,0.737
lltp,ILL/petri-nets/MCC,,,BART-060-unf_5_1.p,intuitionistic,auto,1,false,,5,0,3,provable,unknown,recursion_limit,,two-sided,IMELL,848766,11701,886.975,0,0,0,0,0,0,16384,880.000,1.319
lltp,ILL/petri-nets/MCC,,,BridgeAndVehicles-V20-P10-N50-unfolded_100_1.p,intuitionistic,auto,1,false,,5,0,3,provable,unknown,timeout,,two-sided,IMELL,34662,2043,5105.332,159347,0,159345,2415843,0,0,16384,5090.000,5.393
lltp,ILL/petri-nets/MCC,,,BridgeAndVehicles-V20-P10-N50-unfolded_10_1.p,intuitionistic,auto,1,false,,5,0,3,provable,unknown,timeout,,two-sided,IMELL,34666,2043,5072.763,1,0,0,7012352,0,0,16384,5050.000,5.517
lltp,ILL/petri-nets/MCC,,,BridgeAndVehicles-V20-P10-N50-unfolded_1_1.p,intuitionistic,auto,1,false,,5,0,3,provable,unknown,timeout,,two-sided,IMELL,34666,2043,5851.342,1,0,0,8630272,0,0,16384,5830.000,5.531
lltp,ILL/petri-nets/MCC,,,BridgeAndVehicles-V20-P10-N50-unfolded_20_1.p,intuitionistic,auto,1,false,,5,0,3,provable,unknown,timeout,,two-sided,IMELL,34666,2043,5244.643,1,0,0,8335360,0,0,16384,5230.000,5.463
lltp,ILL/petri-nets/MCC,,,BridgeAndVehicles-V20-P10-N50-unfolded_50_1.p,intuitionistic,auto,1,false,,5,0,3,provable,unknown,timeout,,two-sided,IMELL,34652,2043,5096.980,158771,0,158769,2414691,0,0,16384,5080.000,5.472
lltp,ILL/petri-nets/MCC,,,BridgeAndVehicles-V20-P10-N50-unfolded_5_1.p,intuitionistic,auto,1,false,,5,0,3,provable,unknown,timeout,,two-sided,IMELL,34666,2043,6025.186,1,0,0,8630272,0,0,16384,6000.000,6.095
lltp,ILL/petri-nets/MCC,,,BridgeAndVehicles-V20-P20-N50-unfolded_100_1.p,intuitionistic,auto,1,false,,5,0,3,provable,unknown,context_too_wide,,two-sided,IMELL,34782,2043,6.397,2,0,1,2,0,0,16384,0.000,0.006
lltp,ILL/petri-nets/MCC,,,BridgeAndVehicles-V20-P20-N50-unfolded_10_1.p,intuitionistic,auto,1,false,,5,0,3,provable,unknown,context_too_wide,,two-sided,IMELL,34786,2043,4.726,1,0,0,0,0,0,16384,0.000,0.015
lltp,ILL/petri-nets/MCC,,,BridgeAndVehicles-V20-P20-N50-unfolded_1_1.p,intuitionistic,auto,1,false,,5,0,3,provable,unknown,context_too_wide,,two-sided,IMELL,34786,2043,4.853,1,0,0,0,0,0,16384,0.000,0.004
lltp,ILL/petri-nets/MCC,,,BridgeAndVehicles-V20-P20-N50-unfolded_20_1.p,intuitionistic,auto,1,false,,5,0,3,provable,unknown,context_too_wide,,two-sided,IMELL,34786,2043,4.925,1,0,0,0,0,0,16384,0.000,0.006
lltp,ILL/petri-nets/MCC,,,BridgeAndVehicles-V20-P20-N50-unfolded_50_1.p,intuitionistic,auto,1,false,,5,0,3,provable,unknown,context_too_wide,,two-sided,IMELL,34772,2043,6.238,2,0,1,2,0,0,16384,0.000,0.006
lltp,ILL/petri-nets/MCC,,,BridgeAndVehicles-V20-P20-N50-unfolded_5_1.p,intuitionistic,auto,1,false,,5,0,3,provable,unknown,context_too_wide,,two-sided,IMELL,34786,2043,4.965,1,0,0,0,0,0,16384,0.000,0.010
lltp,ILL/petri-nets/MCC,,,BridgeAndVehicles-V50-P20-N20-unfolded_100_1.p,intuitionistic,auto,1,false,,5,0,3,provable,unknown,context_too_wide,,two-sided,IMELL,36800,2103,7.760,2,0,1,2,0,0,16384,0.000,0.006
lltp,ILL/petri-nets/MCC,,,BridgeAndVehicles-V50-P20-N20-unfolded_10_1.p,intuitionistic,auto,1,false,,5,0,3,provable,unknown,context_too_wide,,two-sided,IMELL,36826,2103,5.518,1,0,0,0,0,0,16384,0.000,0.004
lltp,ILL/petri-nets/MCC,,,BridgeAndVehicles-V50-P20-N20-unfolded_1_1.p,intuitionistic,auto,1,false,,5,0,3,provable,unknown,context_too_wide,,two-sided,IMELL,36826,2103,5.586,1,0,0,0,0,0,16384,0.000,0.004
lltp,ILL/petri-nets/MCC,,,BridgeAndVehicles-V50-P20-N20-unfolded_20_1.p,intuitionistic,auto,1,false,,5,0,3,provable,unknown,context_too_wide,,two-sided,IMELL,36826,2103,5.653,1,0,0,0,0,0,16384,0.000,0.004
lltp,ILL/petri-nets/MCC,,,BridgeAndVehicles-V50-P20-N20-unfolded_50_1.p,intuitionistic,auto,1,false,,5,0,3,provable,unknown,context_too_wide,,two-sided,IMELL,36824,2103,8.080,2,0,1,2,0,0,16384,0.000,0.020
lltp,ILL/petri-nets/MCC,,,BridgeAndVehicles-V50-P20-N20-unfolded_5_1.p,intuitionistic,auto,1,false,,5,0,3,provable,unknown,context_too_wide,,two-sided,IMELL,36826,2103,6.992,1,0,0,0,0,0,16384,0.000,0.006
lltp,ILL/petri-nets/MCC,,,BridgeAndVehicles-V50-P20-N50-unfolded_100_1.p,intuitionistic,auto,1,false,,5,0,3,provable,unknown,context_too_wide,,two-sided,IMELL,85280,5103,39.833,2,0,1,2,0,0,16384,30.000,0.034
lltp,ILL/petri-nets/MCC,,,BridgeAndVehicles-V50-P20-N50-unfolded_10_1.p,intuitionistic,auto,1,false,,5,0,3,provable,unknown,context_too_wide,,two-sided,IMELL,85300,5103,47.595,2,0,1,2,0,0,16384,40.000,0.039
lltp,ILL/petri-nets/MCC,,,BridgeAndVehicles-V50-P20-N50-unfolded_1_1.p,intuitionistic,auto,1,false,,5,0,3,provable,unknown,context_too_wide,,two-sided,IMELL,85306,5103,31.913,1,0,0,0,0,0,16384,30.000,0.028
lltp,ILL/petri-nets/MCC,,,BridgeAndVehicles-V50-P20-N50-unfolded_20_1.p,intuitionistic,auto,1,false,,5,0,3,provable,unknown,context_too_wide,,two-sided,IMELL,85294,5103,47.676,2,0,1,2,0,0,16384,50.000,0.037
lltp,ILL/petri-nets/MCC,,,BridgeAndVehicles-V50-P20-N50-unfolded_50_1.p,intuitionistic,auto,1,false,,5,0,3,provable,unknown,context_too_wide,,two-sided,IMELL,85304,5103,40.218,2,0,1,2,0,0,16384,40.000,0.037
lltp,ILL/petri-nets/MCC,,,BridgeAndVehicles-V50-P20-N50-unfolded_5_1.p,intuitionistic,auto,1,false,,5,0,3,provable,unknown,context_too_wide,,two-sided,IMELL,85304,5103,47.446,2,0,1,2,0,0,16384,50.000,0.043
lltp,ILL/petri-nets/MCC,,,BridgeAndVehicles-V50-P50-N20-unfolded_100_1.p,intuitionistic,auto,1,false,,5,0,3,provable,unknown,context_too_wide,,two-sided,IMELL,37160,2103,8.820,2,0,1,2,0,0,16384,0.000,0.008
lltp,ILL/petri-nets/MCC,,,BridgeAndVehicles-V50-P50-N20-unfolded_10_1.p,intuitionistic,auto,1,false,,5,0,3,provable,unknown,context_too_wide,,two-sided,IMELL,37186,2103,7.391,1,0,0,0,0,0,16384,0.000,0.016
lltp,ILL/petri-nets/MCC,,,BridgeAndVehicles-V50-P50-N20-unfolded_1_1.p,intuitionistic,auto,1,false,,5,0,3,provable,unknown,context_too_wide,,two-sided,IMELL,37186,2103,5.523,1,0,0,0,0,0,16384,0.000,0.006
lltp,ILL/petri-nets/MCC,,,BridgeAndVehicles-V50-P50-N20-unfolded_20_1.p,intuitionistic,auto,1,false,,5,0,3,provable,unknown,context_too_wide,,two-sided,IMELL,37186,2103,5.901,1,0,0,0,0,0,16384,0.000,0.019
lltp,ILL/petri-nets/MCC,,,BridgeAndVehicles-V50-P50-N20-unfolded_50_1.p,intuitionistic,auto,1,false,,5,0,3,provable,unknown,context_too_wide,,two-sided,IMELL,37184,2103,8.889,2,0,1,2,0,0,16384,10.000,0.007
lltp,ILL/petri-nets/MCC,,,BridgeAndVehicles-V50-P50-N20-unfolded_5_1.p,intuitionistic,auto,1,false,,5,0,3,provable,unknown,context_too_wide,,two-sided,IMELL,37186,2103,7.266,1,0,0,0,0,0,16384,0.000,0.006
lltp,ILL/petri-nets/MCC,,,BridgeAndVehicles-V50-P50-N50-unfolded_100_1.p,intuitionistic,auto,1,false,,5,0,3,provable,unknown,context_too_wide,,two-sided,IMELL,85640,5103,41.617,2,0,1,2,0,0,16384,40.000,0.036
lltp,ILL/petri-nets/MCC,,,BridgeAndVehicles-V50-P50-N50-unfolded_10_1.p,intuitionistic,auto,1,false,,5,0,3,provable,unknown,context_too_wide,,two-sided,IMELL,85660,5103,50.802,2,0,1,2,0,0,16384,50.000,0.041
lltp,ILL/petri-nets/MCC,,,BridgeAndVehicles-V50-P50-N50-unfolded_1_1.p,intuitionistic,auto,1,false,,5,0,3,provable,unknown,context_too_wide,,two-sided,IMELL,85666,5103,31.508,1,0,0,0,0,0,16384,30.000,0.033
lltp,ILL/petri-nets/MCC,,,BridgeAndVehicles-V50-P50-N50-unfolded_20_1.p,intuitionistic,auto,1,false,,5,0,3,provable,unknown,context_too_wide,,two-sided,IMELL,85654,5103,50.570,2,0,1,2,0,0,16384,50.000,0.041
lltp,ILL/petri-nets/MCC,,,BridgeAndVehicles-V50-P50-N50-unfolded_50_1.p,intuitionistic,auto,1,false,,5,0,3,provable,unknown,context_too_wide,,two-sided,IMELL,85664,5103,40.968,2,0,1,2,0,0,16384,30.000,0.034
lltp,ILL/petri-nets/MCC,,,BridgeAndVehicles-V50-P50-N50-unfolded_5_1.p,intuitionistic,auto,1,false,,5,0,3,provable,unknown,context_too_wide,,two-sided,IMELL,85664,5103,53.889,2,0,1,2,0,0,16384,50.000,0.134
lltp,ILL/petri-nets/MCC,,,BridgeAndVehicles-V80-P20-N10-unfolded_100_1.p,intuitionistic,auto,1,false,,5,0,3,provable,unknown,context_too_wide,,two-sided,IMELL,32780,1763,6.975,2,0,1,2,0,0,16384,0.000,0.006
lltp,ILL/petri-nets/MCC,,,BridgeAndVehicles-V80-P20-N10-unfolded_10_1.p,intuitionistic,auto,1,false,,5,0,3,provable,unknown,context_too_wide,,two-sided,IMELL,32786,1763,4.188,1,0,0,0,0,0,16384,0.000,0.015
lltp,ILL/petri-nets/MCC,,,BridgeAndVehicles-V80-P20-N10-unfolded_1_1.p,intuitionistic,auto,1,false,,5,0,3,provable,unknown,context_too_wide,,two-sided,IMELL,32786,1763,5.531,1,0,0,0,0,0,16384,0.000,0.016
lltp,ILL/petri-nets/MCC,,,BridgeAndVehicles-V80-P20-N10-unfolded_20_1.p,intuitionistic,auto,1,false,,5,0,3,provable,unknown,context_too_wide,,two-sided,IMELL,32786,1763,4.249,1,0,0,0,0,0,16384,0.000,0.016
lltp,ILL/petri-nets/MCC,,,BridgeAndVehicles-V80-P20-N10-unfolded_50_1.p,intuitionistic,auto,1,false,,5,0,3,provable,unknown,context_too_wide,,two-sided,IMELL,32784,1763,8.064,2,0,1,2,0,0,16384,0.000,0.021
lltp,ILL/petri-nets/MCC,,,BridgeAndVehicles-V80-P20-N10-unfolded_5_1.p,intuitionistic,auto,1,false,,5,0,3,provable,unknown,context_too_wide,,two-sided,IMELL,32784,1763,9.008,2,0,1,2,0,0,16384,0.000,0.006
lltp,ILL/petri-nets/MCC,,,BridgeAndVehicles-V80-P20-N20-unfolded_100_1.p,intuitionistic,auto,1,false,,5,0,3,provable,unknown,context_too_wide,,two-sided,IMELL,58540,3363,20.145,2,0,1,2,0,0,16384,20.000,0.017
lltp,ILL/petri-nets/MCC,,,BridgeAndVehicles-V80-P20-N20-unfolded_10_1.p,intuitionistic,auto,1,false,,5,0,3,provable,unknown,context_too_wide,,two-sided,IMELL,58546,3363,16.348,1,0,0,0,0,0,16384,10.000,0.014
lltp,ILL/petri-nets/MCC,,,BridgeAndVehicles-V80-P20-N20-unfolded_1_1.p,intuitionistic,auto,1,false,,5,0,3,provable,unknown,context_too_wide,,two-sided,IMELL,58546,3363,14.043,1,0,0,0,0,0,16384,10.000,0.013
lltp,ILL/petri-nets/MCC,,,BridgeAndVehicles-V80-P20-N20-unfolded_20_1.p,intuitionistic,auto,1,false,,5,0,3,provable,unknown,context_too_wide,,two-sided,IMELL,58544,3363,23.669,2,0,1,2,0,0,16384,20.000,0.021
lltp,ILL/petri-nets/MCC,,,BridgeAndVehicles-V80-P20-N20-unfolded_50_1.p,intuitionistic,auto,1,false,,5,0,3,provable,unknown,context_too_wide,,two-sided,IMELL,58544,3363,24.315,2,0,1,2,0,0,16384,20.000,0.029
lltp,ILL/petri-nets/MCC,,,BridgeAndVehicles-V80-P20-N20-unfolded_5_1.p,intuitionistic,auto,1,false,,5,0,3,provable,unknown,context_too_wide,,two-sided,IMELL,58546,3363,15.340,1,0,0,0,0,0,16384,10.000,0.022
lltp,ILL/petri-nets/MCC,,,BridgeAndVehicles-V80-P20-N50-unfolded_100_1.p,intuitionistic,auto,1,false,,5,0,3,provable,unknown,context_too_wide,,two-sided,IMELL,135820,8163,99.102,2,0,1,2,0,0,16384,100.000,0.096
lltp,ILL/petri-nets/MCC,,,BridgeAndVehicles-V80-P20-N50-unfolded_10_1.p,intuitionistic,auto,1,false,,5,0,3,provable,unknown,context_too_wide,,two-sided,IMELL,135824,8163,115.034,2,0,1,2,0,0,16384,120.000,0.096
lltp,ILL/petri-nets/MCC,,,BridgeAndVehicles-V80-P20-N50-unfolded_1_1.p,intuitionistic,auto,1,false,,5,0,3,provable,unknown,context_too_wide,,two-sided,IMELL,135826,8163,74.571,1,0,0,0,0,0,16384,70.000,0.062
lltp,ILL/petri-nets/MCC,,,BridgeAndVehicles-V80-P20-N50-unfolded_20_1.p,intuitionistic,auto,1,false,,5,0,3,provable,unknown,context_too_wide,,two-sided,IMELL,135824,8163,114.677,2,0,1,2,0,0,16384,110.000,0.084
lltp,ILL/petri-nets/MCC,,,BridgeAndVehicles-V80-P20-N50-unfolded_50_1.p,intuitionistic,auto,1,false,,5,0,3,provable,unknown,context_too_wide,,two-sided,IMELL,135824,8163,101.566,2,0,1,2,0,0,16384,100.000,0.596
lltp,ILL/petri-nets/MCC,,,BridgeAndVehicles-V80-P20-N50-unfolded_5_1.p,intuitionistic,auto,1,false,,5,0,3,provable,unknown,context_too_wide,,two-sided,IMELL,135824,8163,115.530,2,0,1,2,0,0,16384,120.000,0.112
lltp,ILL/petri-nets/MCC,,,BridgeAndVehicles-V80-P50-N10-unfolded_100_1.p,intuitionistic,auto,1,false,,5,0,3,provable,unknown,context_too_wide,,two-sided,IMELL,33140,1763,8.840,2,0,1,2,0,0,16384,0.000,0.008
lltp,ILL/petri-nets/MCC,,,BridgeAndVehicles-V80-P50-N10-unfolded_10_1.p,intuitionistic,auto,1,false,,5,0,3,provable,unknown,context_too_wide,,two-sided,IMELL,33146,1763,9.877,2,0,1,2,0,0,16384,0.000,0.009
lltp,ILL/petri-nets/MCC,,,BridgeAndVehicles-V80-P50-N10-unfolded_1_1.p,intuitionistic,auto,1,false,,5,0,3,provable,unknown,context_too_wide,,two-sided,IMELL,33146,1763,4.384,1,0,0,0,0,0,16384,0.000,0.004
lltp,ILL/petri-nets/MCC,,,BridgeAndVehicles-V80-P50-N10-unfolded_20_1.p,intuitionistic,auto,1,false,,5,0,3,provable,unknown,context_too_wide,,two-sided,IMELL,33144,1763,9.619,2,0,1,2,0,0,16384,10.000,0.007
lltp,ILL/petri-nets/MCC,,,BridgeAndVehicles-V80-P50-N10-unfolded_50_1.p,intuitionistic,auto,1,false,,5,0,3,provable,unknown,context_too_wide,,two-sided,IMELL,33144,1763,7.441,2,0,1,2,0,0,16384,0.000,0.009
lltp,ILL/petri-nets/MCC,,,BridgeAndVehicles-V80-P50-N10-unfolded_5_1.p,intuitionistic,auto,1,false,,5,0,3,provable,unknown,context_too_wide,,two-sided,IMELL,33146,1763,4.322,1,0,0,0,0,0,16384,0.000,0.004
lltp,ILL/petri-nets/MCC,,,BridgeAndVehicles-V80-P50-N20-unfolded_100_1.p,intuitionistic,auto,1,false,,5,0,3,provable,unknown,context_too_wide,,two-sided,IMELL,58900,3363,20.698,2,0,1,2,0,0,16384,20.000,0.019
lltp,ILL/petri-nets/MCC,,,BridgeAndVehicles-V80-P50-N20-unfolded_10_1.p,intuitionistic,auto,1,false,,5,0,3,provable,unknown,context_too_wide,,two-sided,IMELL,58906,3363,14.240,1,0,0,0,0,0,16384,20.000,0.013
lltp,ILL/petri-nets/MCC,,,BridgeAndVehicles-V80-P50-N20-unfolded_1_1.p,intuitionistic,auto,1,false,,5,0,3,provable,unknown,context_too_wide,,two-sided,IMELL,58906,3363,14.260,1,0,0,0,0,0,16384,10.000,0.014
lltp,ILL/petri-nets/MCC,,,BridgeAndVehicles-V80-P50-N20-unfolded_20_1.p,intuitionistic,auto,1,false,,5,0,3,provable,unknown,context_too_wide,,two-sided,IMELL,58904,3363,27.639,2,0,1,2,0,0,16384,20.000,0.032
lltp,ILL/petri-nets/MCC,,,BridgeAndVehicles-V80-P50-N20-unfolded_50_1.p,intuitionistic,auto,1,false,,5,0,3,provable,unknown,context_too_wide,,two-sided,IMELL,58904,3363,27.648,2,0,1,2,0,0,16384,20.000,1.955
lltp,ILL/petri-nets/MCC,,,BridgeAndVehicles-V80-P50-N20-unfolded_5_1.p,intuitionistic,auto,1,false,,5,0,3,provable,unknown,context_too_wide,,two-sided,IMELL,58906,3363,15.366,1,0,0,0,0,0,16384,10.000,0.016
lltp,ILL/petri-nets/MCC,,,BridgeAndVehicles-V80-P50-N50-unfolded_100_1.p,intuitionistic,auto,1,false,,5,0,3,provable,unknown,context_too_wide,,two-sided,IMELL,136180,8163,106.558,2,0,1,2,0,0,16384,100.000,0.095
lltp,ILL/petri-nets/MCC,,,BridgeAndVehicles-V80-P50-N50-unfolded_10_1.p,intuitionistic,auto,1,false,,5,0,3,provable,unknown,context_too_wide,,two-sided,IMELL,136184,8163,117.237,2,0,1,2,0,0,16384,120.000,0.095
lltp,ILL/petri-nets/MCC,,,BridgeAndVehicles-V80-P50-N50-unfolded_1_1.p,intuitionistic,auto,1,false,,5,0,3,provable,unknown,context_too_wide,,two-sided,IMELL,136186,8163,77.103,1,0,0,0,0,0,16384,80.000,0.063
lltp,ILL/petri-nets/MCC,,,BridgeAndVehicles-V80-P50-N50-unfolded_20_1.p,intuitionistic,auto,1,false,,5,0,3,provable,unknown,context_too_wide,,two-sided,IMELL,136184,8163,116.475,2,0,1,2,0,0,16384,110.000,0.099
lltp,ILL/petri-nets/MCC,,,BridgeAndVehicles-V80-P50-N50-unfolded_50_1.p,intuitionistic,auto,1,false,,5,0,3,provable,unknown,context_too_wide,,two-sided,IMELL,136184,8163,100.464,2,0,1,2,0,0,16384,100.000,0.084
lltp,ILL/petri-nets/MCC,,,BridgeAndVehicles-V80-P50-N50-unfolded_5_1.p,intuitionistic,auto,1,false,,5,0,3,provable,unknown,context_too_wide,,two-sided,IMELL,136184,8163,118.229,2,0,1,2,0,0,16384,120.000,0.084
lltp,ILL/petri-nets/MCC,,,CSRepetitions_cs_repetitions-10-unfolded_1_1.p,intuitionistic,auto,1,false,,5,0,3,provable,proved,,ok,two-sided,IMELL,18078,1010,13.720,4,0,2,239,0,0,16384,20.000,0.022
lltp,ILL/petri-nets/MCC,,,CSRepetitions_cs_repetitions-10-unfolded_20_1.p,intuitionistic,auto,1,false,,5,0,3,provable,unknown,context_too_wide,,two-sided,IMELL,18078,1010,2.778,1,0,0,9,0,0,16384,10.000,0.002
lltp,ILL/petri-nets/MCC,,,CSRepetitions_cs_repetitions-10-unfolded_50_1.p,intuitionistic,auto,1,false,,5,0,3,provable,unknown,context_too_wide,,two-sided,IMELL,18078,1010,2.649,1,0,0,9,0,0,16384,0.000,0.002
lltp,ILL/petri-nets/MCC,,,CSRepetitions_cs_repetitions-10-unfolded_5_1.p,intuitionistic,auto,1,false,,5,0,3,provable,unknown,context_too_wide,,two-sided,IMELL,18078,1010,2.629,1,0,0,10,0,0,16384,0.000,0.002
lltp,ILL/petri-nets/MCC,,,ClientsAndServers-0500-0_10_1.p,intuitionistic,auto,1,false,,5,0,3,provable,unknown,context_too_wide,,two-sided,IMELL,34126,4001,20.816,1,0,0,4500,0,0,16384,20.000,0.025
lltp,ILL/petri-nets/MCC,,,ClientsAndServers-0500-0_1_1.p,intuitionistic,auto,1,false,,5,0,3,provable,unknown,context_too_wide,,two-sided,IMELL,34108,4001,19.710,1,0,0,4500,0,0,16384,20.000,0.028
lltp,ILL/petri-nets/MCC,,,ClientsAndServers-0500-0_20_1.p,intuitionistic,auto,1,false,,5,0,3,provable,unknown,context_too_wide,,two-sided,IMELL,34146,4001,19.686,1,0,0,4500,0,0,16384,20.000,0.030
lltp,ILL/petri-nets/MCC,,,ClientsAndServers-0500-0_50_1.p,intuitionistic,auto,1,false,,5,0,3,provable,unknown,context_too_wide,,two-sided,IMELL,34206,4001,19.641,1,0,0,4500,0,0,16384,20.000,0.028
lltp,ILL/petri-nets/MCC,,,ClientsAndServers-0500-0_5_1.p,intuitionistic,auto,1,false,,5,0,3,provable,unknown,context_too_wide,,two-sided,IMELL,34116,4001,19.489,1,0,0,4500,0,0,16384,20.000,0.029
lltp,ILL/petri-nets/MCC,,,ClientsAndServers-1000-0_100_1.p,intuitionistic,auto,1,false,,5,0,3,provable,unknown,context_too_wide,,two-sided,IMELL,68106,8001,33.565,1,0,0,4000,0,0,16384,30.000,0.028
lltp,ILL/petri-nets/MCC,,,ClientsAndServers-1000-0_10_1.p,intuitionistic,auto,1,false,,5,0,3,provable,unknown,context_too_wide,,two-sided,IMELL,68126,8001,85.637,1,0,0,9000,0,0,16384,80.000,0.590
lltp,ILL/petri-nets/MCC,,,ClientsAndServers-1000-0_1_1.p,intuitionistic,auto,1,false,,5,0,3,provable,unknown,context_too_wide,,two-sided,IMELL,68108,8001,86.183,1,0,0,9000,0,0,16384,90.000,0.065
lltp,ILL/petri-nets/MCC,,,ClientsAndServers-1000-0_20_1.p,intuitionistic,auto,1,false,,5,0,3,provable,unknown,context_too_wide,,two-sided,IMELL,68146,8001,85.860,1,0,0,9000,0,0,16384,80.000,0.077
lltp,ILL/petri-nets/MCC,,,ClientsAndServers-1000-0_50_1.p,intuitionistic,auto,1,false,,5,0,3,provable,unknown,context_too_wide,,two-sided,IMELL,68206,8001,82.655,1,0,0,9000,0,0,16384,80.000,0.073
lltp,ILL/petri-nets/MCC,,,ClientsAndServers-1000-0_5_1.p,intuitionistic,auto,1,false,,5,0,3,provable,unknown,context_too_wide,,two-sided,IMELL,68116,8001,87.834,1,0,0,9000,0,0,16384,90.000,0.082
lltp,ILL/petri-nets/MCC,,,CloudDeployment_deploy_5_b_100_1.p,intuitionistic,auto,1,false,,5,0,3,provable,unknown,timeout,,two-sided,IMELL,51588,1024,5007.794,622701,614334,8339,4667506,0,0,16384,5000.000,3.761
lltp,ILL/petri-nets/MCC,,,CloudDeployment_deploy_5_b_10_1.p,intuitionistic,auto,1,false,,5,0,3,provable,unknown,timeout,,two-sided,IMELL,51580,1024,5007.911,620635,612252,8356,4647454,0,0,16384,4990.000,4.266
lltp,ILL/petri-nets/MCC,,,CloudDeployment_deploy_5_b_1_1.p,intuitionistic,auto,1,false,,5,0,3,provable,proved,,ok,two-sided,IMELL,51572,1024,291.497,22895,19552,3340,204473,0,0,16384,290.000,0.241
lltp,ILL/petri-nets/MCC,,,CloudDeployment_deploy_5_b_20_1.p,intuitionistic,auto,1,false,,5,0,3,provable,unknown,timeout,,two-sided,IMELL,51588,1024,5006.983,626480,618111,8341,4703172,0,0,16384,4990.000,3.820
lltp,ILL/petri-nets/MCC,,,CloudDeployment_deploy_5_b_50_1.p,intuitionistic,auto,1,false,,5,0,3,provable,unknown,timeout,,two-sided,IMELL,51588,1024,5006.770,627695,619333,8334,4715079,0,0,16384,4990.000,4.227
lltp,ILL/petri-nets/MCC,,,CloudDeployment_deploy_5_b_5_1.p,intuitionistic,auto,1,false,,5,0,3,provable,unknown,timeout,,two-sided,IMELL,51576,1024,5006.947,626043,617669,8346,4694649,0,0,16384,4990.000,4.233
lltp,ILL/petri-nets/MCC,,,CloudDeployment_deploy_6_b_100_1.p,intuitionistic,auto,1,false,,5,0,3,provable,unknown,timeout,,two-sided,IMELL,191876,4096,5021.897,175576,163401,12171,1517935,0,0,16384,5010.000,4.872
lltp,ILL/petri-nets/MCC,,,CloudDeployment_deploy_6_b_10_1.p,intuitionistic,auto,1,false,,5,0,3,provable,unknown,timeout,,two-sided,IMELL,191868,4096,5011.682,177318,165492,11822,1532388,0,0,16384,5000.000,4.971
lltp,ILL/petri-nets/MCC,,,CloudDeployment_deploy_6_b_1_1.p,intuitionistic,auto,1,false,,5,0,3,provable,proved,,ok,two-sided,IMELL,191858,4096,3566.339,94955,84972,9980,1041987,0,0,16384,3560.000,3.136
lltp,ILL/petri-nets/MCC,,,CloudDeployment_deploy_6_b_20_1.p,intuitionistic,auto,1,false,,5,0,3,provable,unknown,timeout,,two-sided,IMELL,191876,4096,5021.721,175966,163788,12174,1521098,0,0,16384,5010.000,4.885
lltp,ILL/petri-nets/MCC,,,CloudDeployment_deploy_6_b_50_1.p,intuitionistic,auto,1,false,,5,0,3,provable,unknown,timeout,,two-sided,IMELL,191876,4096,5021.707,177173,164993,12176,1530316,0,0,16384,5010.000,4.595
lltp,ILL/petri-nets/MCC,,,CloudDeployment_deploy_6_b_5_1.p,intuitionistic,auto,1,false,,5,0,3,provable,unknown,timeout,,two-sided,IMELL,191864,4096,5012.688,180309,168466,11839,1554813,0,0,16384,5000.000,4.508
lltp,ILL/petri-nets/MCC,,,CloudDeployment_deploy_7_b_100_1.p,intuitionistic,auto,1,false,,5,0,3,provable,unknown,recursion_limit,,two-sided,IMELL,812120,16384,836.077,0,0,0,0,0,0,16384,830.000,1.219
lltp,ILL/petri-nets/MCC,,,CloudDeployment_deploy_7_b_10_1.p,intuitionistic,auto,1,false,,5,0,3,provable,unknown,recursion_limit,,two-sided,IMELL,812114,16384,830.608,0,0,0,0,0,0,16384,820.000,0.735
lltp,ILL/petri-nets/MCC,,,CloudDeployment_deploy_7_b_1_1.p,intuitionistic,auto,1,false,,5,0,3,provable,unknown,recursion_limit,,two-sided,IMELL,812104,16384,841.896,0,0,0,0,0,0,16384,850.000,1.204
lltp,ILL/petri-nets/MCC,,,CloudDeployment_deploy_7_b_20_1.p,intuitionistic,auto,1,false,,5,0,3,provable,unknown,recursion_limit,,two-sided,IMELL,812114,16384,838.535,0,0,0,0,0,0,16384,840.000,0.708
lltp,ILL/petri-nets/MCC,,,CloudDeployment_deploy_7_b_50_1.p,intuitionistic,auto,1,false,,5,0,3,provable,unknown,recursion_limit,,two-sided,IMELL,812116,16384,837.160,0,0,0,0,0,0,16384,840.000,1.273
lltp,ILL/petri-nets/MCC,,,CloudDeployment_deploy_7_b_5_1.p,intuitionistic,auto,1,false,,5,0,3,provable,unknown,recursion_limit,,two-sided,IMELL,812106,16384,839.954,0,0,0,0,0,0,16384,840.000,0.732
lltp,ILL/petri-nets/MCC,,,CloudReconfiguration_reconf_3_01_100_1.p,intuitionistic,auto,1,false,,5,0,3,provable,unknown,timeout,,two-sided,IMELL,12928,129,5001.437,469897,467457,1926,1876047,0,0,16384,4990.000,5.640
lltp,ILL/petri-nets/MCC,,,CloudReconfiguration_reconf_3_01_10_1.p,intuitionistic,auto,1,false,,5,0,3,provable,unknown,timeout,,two-sided,IMELL,12922,129,5001.604,430169,427759,1939,1720268,0,0,16384,4990.000,5.034
lltp,ILL/petri-nets/MCC,,,CloudReconfiguration_reconf_3_01_1_1.p,intuitionistic,auto,1,false,,5,0,3,provable,proved,,ok,two-sided,IMELL,12922,129,3.711,2,0,1,1,0,0,16384,0.000,0.004
lltp,ILL/petri-nets/MCC,,,CloudReconfiguration_reconf_3_01_20_1.p,intuitionistic,auto,1,false,,5,0,3,provable,unknown,timeout,,two-sided,IMELL,12926,129,5001.358,302784,300973,1316,1591025,0,0,16384,4980.000,5.105
lltp,ILL/petri-nets/MCC,,,CloudReconfiguration_reconf_3_01_50_1.p,intuitionistic,auto,1,false,,5,0,3,provable,unknown,timeout,,two-sided,IMELL,12930,129,5001.455,431052,428643,1936,1726048,0,0,16384,4980.000,4.804
lltp,ILL/petri-nets/MCC,,,CloudReconfiguration_reconf_3_01_5_1.p,intuitionistic,auto,1,false,,5,0,3,provable,unknown,timeout,,two-sided,IMELL,12922,129,5001.764,431828,429416,1939,1726641,0,0,16384,4990.000,5.256
lltp,ILL/petri-nets/MCC,,,CloudReconfiguration_reconf_3_02_100_1.p,intuitionistic,auto,1,false,,5,0,3,provable,unknown,timeout,,two-sided,IMELL,12936,129,5001.988,462558,460126,1926,1848229,0,0,16384,4980.000,5.667
lltp,ILL/petri-nets/MCC,,,CloudReconfiguration_reconf_3_02_10_1.p,intuitionistic,auto,1,false,,5,0,3,provable,unknown,timeout,,two-sided,IMELL,12930,129,5001.217,430487,428076,1939,1722994,0,0,16384,4980.000,5.417
lltp,ILL/petri-nets/MCC,,,CloudReconfiguration_reconf_3_02_1_1.p,intuitionistic,auto,1,false,,5,0,3,provable,proved,,ok,two-sided,IMELL,12930,129,3.694,2,0,1,1,0,0,16384,0.000,0.004
lltp,ILL/petri-nets/MCC,,,CloudReconfiguration_reconf_3_02_20_1.p,intuitionistic,auto,1,false,,5,0,3,provable,unknown,timeout,,two-sided,IMELL,12934,129,5001.134,304256,302441,1317,1599728,0,0,16384,4980.000,4.008
lltp,ILL/petri-nets/MCC,,,CloudReconfiguration_reconf_3_02_50_1.p,intuitionistic,auto,1,false,,5,0,3,provable,unknown,timeout,,two-sided,IMELL,12938,129,5001.360,430359,427951,1936,1724698,0,0,16384,4980.000,4.479
lltp,ILL/petri-nets/MCC,,,CloudReconfiguration_reconf_3_02_5_1.p,intuitionistic,auto,1,false,,5,0,3,provable,unknown,timeout,,two-sided,IMELL,12930,129,5001.458,428304,425896,1939,1714180,0,0,16384,4980.000,3.885
lltp,ILL/petri-nets/MCC,,,CloudReconfiguration_reconf_3_03_100_1.p,intuitionistic,auto,1,false,,5,0,3,provable,unknown,timeout,,two-sided,IMELL,12928,129,5001.392,465802,463367,1926,1859643,0,0,16384,4980.000,4.601
lltp,ILL/petri-nets/MCC,,,CloudReconfiguration_reconf_3_03_10_1.p,intuitionistic,auto,1,false,,5,0,3,provable,unknown,timeout,,two-sided,IMELL,12922,129,5000.920,431448,429037,1939,1724791,0,0,16384,4990.000,3.938
lltp,ILL/petri-nets/MCC,,,CloudReconfiguration_reconf_3_03_1_1.p,intuitionistic,auto,1,false,,5,0,3,provable,proved,,ok,two-sided,IMELL,12922,129,3.856,2,0,1,1,0,0,16384,10.000,0.006
lltp,ILL/petri-nets/MCC,,,CloudReconfiguration_reconf_3_03_20_1.p,intuitionistic,auto,1,false,,5,0,3,provable,unknown,timeout,,two-sided,IMELL,12926,129,5001.638,304320,302505,1317,1599084,0,0,16384,4990.000,4.730
lltp,ILL/petri-nets/MCC,,,CloudReconfiguration_reconf_3_03_50_1.p,intuitionistic,auto,1,false,,5,0,3,provable,unknown,timeout,,two-sided,IMELL,12930,129,5000.966,431248,428839,1936,1727126,0,0,16384,4990.000,4.079
lltp,ILL/petri-nets/MCC,,,CloudReconfiguration_reconf_3_03_5_1.p,intuitionistic,auto,1,false,,5,0,3,provable,unknown,timeout,,two-sided,IMELL,12922,129,5000.703,433108,430695,1939,1731617,0,0,16384,4980.000,4.519
lltp,ILL/petri-nets/MCC,,,CloudReconfiguration_reconf_3_04_100_1.p,intuitionistic,auto,1,false,,5,0,3,provable,unknown,timeout,,two-sided,IMELL,12930,129,5000.787,464592,462156,1929,1851926,0,0,16384,4990.000,4.086
lltp,ILL/petri-nets/MCC,,,CloudReconfiguration_reconf_3_04_10_1.p,intuitionistic,auto,1,false,,5,0,3,provable,unknown,timeout,,two-sided,IMELL,12922,129,5000.989,432856,430443,1939,1730677,0,0,16384,4980.000,4.516
lltp,ILL/petri-nets/MCC,,,CloudReconfiguration_reconf_3_04_1_1.p,intuitionistic,auto,1,false,,5,0,3,provable,proved,,ok,two-sided,IMELL,12922,129,3.691,2,0,1,1,0,0,16384,0.000,0.005
lltp,ILL/petri-nets/MCC,,,CloudReconfiguration_reconf_3_04_20_1.p,intuitionistic,auto,1,false,,5,0,3,provable,unknown,timeout,,two-sided,IMELL,12926,129,5001.482,302272,300462,1316,1588371,0,0,16384,4980.000,4.205
lltp,ILL/petri-nets/MCC,,,CloudReconfiguration_reconf_3_04_50_1.p,intuitionistic,auto,1,false,,5,0,3,provable,unknown,timeout,,two-sided,IMELL,12930,129,5001.527,433500,431084,1941,1733127,0,0,16384,4980.000,4.525
lltp,ILL/petri-nets/MCC,,,CloudReconfiguration_reconf_3_04_5_1.p,intuitionistic,auto,1,false,,5,0,3,provable,unknown,timeout,,two-sided,IMELL,12922,129,5000.774,432660,430247,1939,1730016,0,0,16384,4990.000,4.159
lltp,ILL/petri-nets/MCC,,,CloudReconfiguration_reconf_3_05_100_1.p,intuitionistic,auto,1,false,,5,0,3,provable,unknown,timeout,,two-sided,IMELL,12936,129,5001.213,462942,460510,1926,1849373,0,0,16384,4980.000,4.602
lltp,ILL/petri-nets/MCC,,,CloudReconfiguration_reconf_3_05_10_1.p,intuitionistic,auto,1,false,,5,0,3,provable,unknown,timeout,,two-sided,IMELL,12930,129,5000.987,431959,429547,1939,1728815,0,0,16384,4990.000,3.985
lltp,ILL/petri-nets/MCC,,,CloudReconfiguration_reconf_3_05_1_1.p,intuitionistic,auto,1,false,,5,0,3,provable,proved,,ok,two-sided,IMELL,12930,129,3.721,2,0,1,1,0,0,16384,0.000,0.014
lltp,ILL/petri-nets/MCC,,,CloudReconfiguration_reconf_3_05_20_1.p,intuitionistic,auto,1,false,,5,0,3,provable,unknown,timeout,,two-sided,IMELL,12934,129,5001.080,303424,301612,1316,1595447,0,0,16384,4990.000,4.832
lltp,ILL/petri-nets/MCC,,,CloudReconfiguration_reconf_3_05_50_1.p,intuitionistic,auto,1,false,,5,0,3,provable,unknown,timeout,,two-sided,IMELL,12938,129,5001.213,432976,430560,1942,1730404,0,0,16384,4990.000,4.567
lltp,ILL/petri-nets/MCC,,,CloudReconfiguration_reconf_3_05_5_1.p,intuitionistic,auto,1,false,,5,0,3,provable,unknown,timeout,,two-sided,IMELL,12930,129,5001.259,434255,431840,1939,1738006,0,0,16384,4990.000,3.887
lltp,ILL/petri-nets/MCC,,,CloudReconfiguration_reconf_3_06_100_1.p,intuitionistic,auto,1,false,,5,0,3,provable,unknown,timeout,,two-sided,IMELL,12930,129,5000.870,464718,462282,1929,1853831,0,0,16384,4990.000,4.532
lltp,ILL/petri-nets/MCC,,,CloudReconfiguration_reconf_3_06_10_1.p,intuitionistic,auto,1,false,,5,0,3,provable,unknown,timeout,,two-sided,IMELL,12922,129,5000.711,431001,428590,1939,1723293,0,0,16384,4990.000,4.072
lltp,ILL/petri-nets/MCC,,,CloudReconfiguration_reconf_3_06_1_1.p,intuitionistic,auto,1,false,,5,0,3,provable,proved,,ok,two-sided,IMELL,12922,129,3.715,2,0,1,1,0,0,16384,0.000,0.005
lltp,ILL/petri-nets/MCC,,,CloudReconfiguration_reconf_3_06_20_1.p,intuitionistic,auto,1,false,,5,0,3,provable,unknown,timeout,,two-sided,IMELL,12926,129,5001.075,304000,302186,1317,1597412,0,0,16384,4980.000,4.793
lltp,ILL/petri-nets/MCC,,,CloudReconfiguration_reconf_3_06_50_1.p,intuitionistic,auto,1,false,,5,0,3,provable,unknown,timeout,,two-sided,IMELL,12930,129,5001.595,432160,429747,1939,1728370,0,0,16384,4990.000,4.146
lltp,ILL/petri-nets/MCC,,,CloudReconfiguration_reconf_3_06_5_1.p,intuitionistic,auto,1,false,,5,0,3,provable,unknown,timeout,,two-sided,IMELL,12922,129,5000.790,432148,429735,1939,1728287,0,0,16384,4990.000,4.340
lltp,ILL/petri-nets/MCC,,,CloudReconfiguration_reconf_3_07_100_1.p,intuitionistic,auto,1,false,,5,0,3,provable,unknown,timeout,,two-sided,IMELL,12928,129,5001.477,469001,466562,1926,1871977,0,0,16384,4980.000,3.846
lltp,ILL/petri-nets/MCC,,,CloudReconfiguration_reconf_3_07_10_1.p,intuitionistic,auto,1,false,,5,0,3,provable,unknown,timeout,,two-sided,IMELL,12922,129,5000.835,434264,431849,1939,1736612,0,0,16384,4990.000,4.185
lltp,ILL/petri-nets/MCC,,,CloudReconfiguration_reconf_3_07_1_1.p,intuitionistic,auto,1,false,,5,0,3,provable,proved,,ok,two-sided,IMELL,12922,129,3.432,2,0,1,1,0,0,16384,0.000,0.015
lltp,ILL/petri-nets/MCC,,,CloudReconfiguration_reconf_3_07_20_1.p,intuitionistic,auto,1,false,,5,0,3,provable,unknown,timeout,,two-sided,IMELL,12926,129,5000.835,304000,302186,1317,1597412,0,0,16384,4980.000,4.037
lltp,ILL/petri-nets/MCC,,,CloudReconfiguration_reconf_3_07_50_1.p,intuitionistic,auto,1,false,,5,0,3,provable,unknown,timeout,,two-sided,IMELL,12930,129,5000.786,432218,429801,1945,1724353,0,0,16384,4990.000,4.232
lltp,ILL/petri-nets/MCC,,,CloudReconfiguration_reconf_3_07_5_1.p,intuitionistic,auto,1,false,,5,0,3,provable,unknown,timeout,,two-sided,IMELL,12922,129,5001.444,435348,432932,1939,1740516,0,0,16384,4990.000,3.705
lltp,ILL/petri-nets/MCC,,,CloudReconfiguration_reconf_3_08_100_1.p,intuitionistic,auto,1,false,,5,0,3,provable,unknown,timeout,,two-sided,IMELL,12936,129,5001.796,469212,466773,1926,1874564,0,0,16384,4990.000,4.393
lltp,ILL/petri-nets/MCC,,,CloudReconfiguration_reconf_3_08_10_1.p,intuitionistic,auto,1,false,,5,0,3,provable,unknown,timeout,,two-sided,IMELL,12930,129,5000.830,432151,429738,1939,1729710,0,0,16384,4990.000,3.760
lltp,ILL/petri-nets/MCC,,,CloudReconfiguration_reconf_3_08_1_1.p,intuitionistic,auto,1,false,,5,0,3,provable,proved,,ok,two-sided,IMELL,12930,129,3.711,2,0,1,1,0,0,16384,0.000,0.016
lltp,ILL/petri-nets/MCC,,,CloudReconfiguration_reconf_3_08_20_1.p,intuitionistic,auto,1,false,,5,0,3,provable,unknown,timeout,,two-sided,IMELL,12934,129,5000.939,301952,300142,1316,1587609,0,0,16384,4980.000,4.609
lltp,ILL/petri-nets/MCC,,,CloudReconfiguration_reconf_3_08_50_1.p,intuitionistic,auto,1,false,,5,0,3,provable,unknown,timeout,,two-sided,IMELL,12938,129,5002.386,431255,428846,1936,1728604,0,0,16384,4990.000,3.923
lltp,ILL/petri-nets/MCC,,,CloudReconfiguration_reconf_3_08_5_1.p,intuitionistic,auto,1,false,,5,0,3,provable,unknown,timeout,,two-sided,IMELL,12930,129,5000.994,432783,430370,1939,1731840,0,0,16384,4980.000,4.370
lltp,ILL/petri-nets/MCC,,,CloudReconfiguration_reconf_3_09_100_1.p,intuitionistic,auto,1,false,,5,0,3,provable,unknown,timeout,,two-sided,IMELL,12936,129,5001.880,467421,464984,1926,1867453,0,0,16384,4990.000,3.973
lltp,ILL/petri-nets/MCC,,,CloudReconfiguration_reconf_3_09_10_1.p,intuitionistic,auto,1,false,,5,0,3,provable,unknown,timeout,,two-sided,IMELL,12930,129,5001.067,434711,432296,1939,1739496,0,0,16384,4980.000,4.488
lltp,ILL/petri-nets/MCC,,,CloudReconfiguration_reconf_3_09_1_1.p,intuitionistic,auto,1,false,,5,0,3,provable,proved,,ok,two-sided,IMELL,12930,129,3.685,2,0,1,1,0,0,16384,10.000,0.004
lltp,ILL/petri-nets/MCC,,,CloudReconfiguration_reconf_3_09_20_1.p,intuitionistic,auto,1,false,,5,0,3,provable,unknown,timeout,,two-sided,IMELL,12934,129,5001.741,304576,302761,1317,1601452,0,0,16384,4990.000,4.011
lltp,ILL/petri-nets/MCC,,,CloudReconfiguration_reconf_3_09_50_1.p,intuitionistic,auto,1,false,,5,0,3,provable,unknown,timeout,,two-sided,IMELL,12938,129,5001.708,434834,432419,1939,1739137,0,0,16384,4980.000,4.283
lltp,ILL/petri-nets/MCC,,,CloudReconfiguration_reconf_3_09_5_1.p,intuitionistic,auto,1,false,,5,0,3,provable,unknown,timeout,,two-sided,IMELL,12930,129,5000.759,433423,431009,1939,1734127,0,0,16384,4980.000,3.848
lltp,ILL/petri-nets/MCC,,,CloudReconfiguration_reconf_3_10_100_1.p,intuitionistic,auto,1,false,,5,0,3,provable,unknown,timeout,,two-sided,IMELL,12936,129,5001.258,467037,464601,1926,1865200,0,0,16384,4980.000,4.355
lltp,ILL/petri-nets/MCC,,,CloudReconfiguration_reconf_3_10_10_1.p,intuitionistic,auto,1,false,,5,0,3,provable,unknown,timeout,,two-sided,IMELL,12930,129,5000.674,433367,430954,1939,1733785,0,0,16384,4990.000,3.713
lltp,ILL/petri-nets/MCC,,,CloudReconfiguration_reconf_3_10_1_1.p,intuitionistic,auto,1,false,,5,0,3,provable,proved,,ok,two-sided,IMELL,12930,129,3.625,2,0,1,1,0,0,16384,0.000,0.004
lltp,ILL/petri-nets/MCC,,,CloudReconfiguration_reconf_3_10_20_1.p,intuitionistic,auto,1,false,,5,0,3,provable,unknown,timeout,,two-sided,IMELL,12934,129,5001.401,304320,302505,1317,1600080,0,0,16384,4990.000,4.513
lltp,ILL/petri-nets/MCC,,,CloudReconfiguration_reconf_3_10_50_1.p,intuitionistic,auto,1,false,,5,0,3,provable,unknown,timeout,,two-sided,IMELL,12938,129,5001.078,432528,430113,1942,1728280,0,0,16384,4990.000,3.909
lltp,ILL/petri-nets/MCC,,,CloudReconfiguration_reconf_3_10_5_1.p,intuitionistic,auto,1,false,,5,0,3,provable,unknown,timeout,,two-sided,IMELL,12930,129,5000.967,433231,430818,1939,1733385,0,0,16384,4990.000,4.325
lltp,ILL/petri-nets/MCC,,,CloudReconfiguration_reconf_3_11_100_1.p,intuitionistic,auto,1,false,,5,0,3,provable,unknown,timeout,,two-sided,IMELL,12936,129,5002.592,467805,465367,1926,1869486,0,0,16384,4990.000,4.048
lltp,ILL/petri-nets/MCC,,,CloudReconfiguration_reconf_3_11_10_1.p,intuitionistic,auto,1,false,,5,0,3,provable,unknown,timeout,,two-sided,IMELL,12930,129,5001.380,434071,431656,1939,1737397,0,0,16384,4990.000,4.479
lltp,ILL/petri-nets/MCC,,,CloudReconfiguration_reconf_3_11_1_1.p,intuitionistic,auto,1,false,,5,0,3,provable,proved,,ok,two-sided,IMELL,12930,129,3.720,2,0,1,1,0,0,16384,0.000,0.015
lltp,ILL/petri-nets/MCC,,,CloudReconfiguration_reconf_3_11_20_1.p,intuitionistic,auto,1,false,,5,0,3,provable,unknown,timeout,,two-sided,IMELL,12934,129,5001.143,305280,303464,1317,1605216,0,0,16384,4980.000,4.247
lltp,ILL/petri-nets/MCC,,,CloudReconfiguration_reconf_3_11_50_1.p,intuitionistic,auto,1,false,,5,0,3,provable,unknown,timeout,,two-sided,IMELL,12938,129,5000.763,433364,430952,1936,1737169,0,0,16384,4990.000,4.487
lltp,ILL/petri-nets/MCC,,,CloudReconfiguration_reconf_3_11_5_1.p,intuitionistic,auto,1,false,,5,0,3,provable,unknown,timeout,,two-sided,IMELL,12930,129,5001.081,434447,432032,1939,1738614,0,0,16384,4990.000,3.966
lltp,ILL/petri-nets/MCC,,,CloudReconfiguration_reconf_3_12_100_1.p,intuitionistic,auto,1,false,,5,0,3,provable,unknown,timeout,,two-sided,IMELL,12938,129,5000.783,467272,464833,1929,1864029,0,0,16384,4990.000,4.418
lltp,ILL/petri-nets/MCC,,,CloudReconfiguration_reconf_3_12_10_1.p,intuitionistic,auto,1,false,,5,0,3,provable,unknown,timeout,,two-sided,IMELL,12930,129,5001.048,429591,427182,1939,1718788,0,0,16384,4980.000,3.917
lltp,ILL/petri-nets/MCC,,,CloudReconfiguration_reconf_3_12_1_1.p,intuitionistic,auto,1,false,,5,0,3,provable,proved,,ok,two-sided,IMELL,12930,129,3.668,2,0,1,1,0,0,16384,0.000,0.008
lltp,ILL/petri-nets/MCC,,,CloudReconfiguration_reconf_3_12_20_1.p,intuitionistic,auto,1,false,,5,0,3,provable,unknown,timeout,,two-sided,IMELL,12934,129,5000.653,303104,301292,1316,1593679,0,0,16384,4990.000,4.608
lltp,ILL/petri-nets/MCC,,,CloudReconfiguration_reconf_3_12_50_1.p,intuitionistic,auto,1,false,,5,0,3,provable,unknown,timeout,,two-sided,IMELL,12938,129,5001.179,433356,430940,1942,1731658,0,0,16384,4990.000,3.828
lltp,ILL/petri-nets/MCC,,,CloudReconfiguration_reconf_3_12_5_1.p,intuitionistic,auto,1,false,,5,0,3,provable,unknown,timeout,,two-sided,IMELL,12930,129,5001.178,433871,431457,1939,1736513,0,0,16384,4990.000,4.350
lltp,ILL/petri-nets/MCC,,,CloudReconfiguration_reconf_3_13_100_1.p,intuitionistic,auto,1,false,,5,0,3,provable,unknown,timeout,,two-sided,IMELL,12938,129,5001.101,462100,459671,1923,1848929,0,0,16384,4980.000,3.936
lltp,ILL/petri-nets/MCC,,,CloudReconfiguration_reconf_3_13_10_1.p,intuitionistic,auto,1,false,,5,0,3,provable,unknown,timeout,,two-sided,IMELL,12930,129,5001.276,431895,429483,1939,1728404,0,0,16384,4990.000,4.403
lltp,ILL/petri-nets/MCC,,,CloudReconfiguration_reconf_3_13_1_1.p,intuitionistic,auto,1,false,,5,0,3,provable,proved,,ok,two-sided,IMELL,12930,129,3.655,2,0,1,1,0,0,16384,0.000,0.018
lltp,ILL/petri-nets/MCC,,,CloudReconfiguration_reconf_3_13_20_1.p,intuitionistic,auto,1,false,,5,0,3,provable,unknown,timeout,,two-sided,IMELL,12934,129,5000.929,303104,301292,1316,1593679,0,0,16384,4990.000,3.879
lltp,ILL/petri-nets/MCC,,,CloudReconfiguration_reconf_3_13_50_1.p,intuitionistic,auto,1,false,,5,0,3,provable,unknown,timeout,,two-sided,IMELL,12938,129,5001.398,435222,432804,1941,1741287,0,0,16384,4990.000,4.495
lltp,ILL/petri-nets/MCC,,,CloudReconfiguration_reconf_3_13_5_1.p,intuitionistic,auto,1,false,,5,0,3,provable,unknown,timeout,,two-sided,IMELL,12930,129,5000.640,434639,432224,1939,1739264,0,0,16384,4990.000,3.793
lltp,ILL/petri-nets/MCC,,,CloudReconfiguration_reconf_3_14_100_1.p,intuitionistic,auto,1,false,,5,0,3,provable,unknown,timeout,,two-sided,IMELL,12938,129,5000.923,466450,464012,1929,1860932,0,0,16384,4990.000,4.389
lltp,ILL/petri-nets/MCC,,,CloudReconfiguration_reconf_3_14_10_1.p,intuitionistic,auto,1,false,,5,0,3,provable,unknown,timeout,,two-sided,IMELL,12930,129,5001.103,431831,429419,1939,1728075,0,0,16384,4990.000,4.088
lltp,ILL/petri-nets/MCC,,,CloudReconfiguration_reconf_3_14_1_1.p,intuitionistic,auto,1,false,,5,0,3,provable,proved,,ok,two-sided,IMELL,12930,129,3.546,2,0,1,1,0,0,16384,0.000,0.005
lltp,ILL/petri-nets/MCC,,,CloudReconfiguration_reconf_3_14_20_1.p,intuitionistic,auto,1,false,,5,0,3,provable,unknown,timeout,,two-sided,IMELL,12934,129,5001.161,303744,301930,1317,1597056,0,0,16384,4970.000,4.618
lltp,ILL/petri-nets/MCC,,,CloudReconfiguration_reconf_3_14_50_1.p,intuitionistic,auto,1,false,,5,0,3,provable,unknown,timeout,,two-sided,IMELL,12938,129,5001.448,434058,431643,1939,1737383,0,0,16384,4990.000,3.881
lltp,ILL/petri-nets/MCC,,,CloudReconfiguration_reconf_3_14_5_1.p,intuitionistic,auto,1,false,,5,0,3,provable,unknown,timeout,,two-sided,IMELL,12930,129,5001.162,432079,429667,1939,1729375,0,0,16384,4990.000,4.387
lltp,ILL/petri-nets/MCC,,,CloudReconfiguration_reconf_3_15_100_1.p,intuitionistic,auto,1,false,,5,0,3,provable,unknown,timeout,,two-sided,IMELL,12936,129,5001.912,465757,463322,1926,1861012,0,0,16384,4990.000,4.024
lltp,ILL/petri-nets/MCC,,,CloudReconfiguration_reconf_3_15_10_1.p,intuitionistic,auto,1,false,,5,0,3,provable,unknown,timeout,,two-sided,IMELL,12930,129,5001.690,433623,431209,1939,1735185,0,0,16384,4990.000,4.342
lltp,ILL/petri-nets/MCC,,,CloudReconfiguration_reconf_3_15_1_1.p,intuitionistic,auto,1,false,,5,0,3,provable,proved,,ok,two-sided,IMELL,12930,129,3.756,2,0,1,1,0,0,16384,0.000,0.019
lltp,ILL/petri-nets/MCC,,,CloudReconfiguration_reconf_3_15_20_1.p,intuitionistic,auto,1,false,,5,0,3,provable,unknown,timeout,,two-sided,IMELL,12934,129,5001.350,302720,300909,1316,1591654,0,0,16384,4990.000,4.205
lltp,ILL/petri-nets/MCC,,,CloudReconfiguration_reconf_3_15_50_1.p,intuitionistic,auto,1,false,,5,0,3,provable,unknown,timeout,,two-sided,IMELL,12938,129,5000.920,432145,429733,1939,1729676,0,0,16384,4990.000,4.443
lltp,ILL/petri-nets/MCC,,,CloudReconfiguration_reconf_3_15_5_1.p,intuitionistic,auto,1,false,,5,0,3,provable,unknown,timeout,,two-sided,IMELL,12930,129,5000.994,433487,431073,1939,1734445,0,0,16384,4980.000,3.993
lltp,ILL/petri-nets/MCC,,,CloudReconfiguration_reconf_3_16_100_1.p,intuitionistic,auto,1,false,,5,0,3,provable,unknown,timeout,,two-sided,IMELL,12938,129,5002.325,464146,461712,1926,1854841,0,0,16384,4990.000,4.489
lltp,ILL/petri-nets/MCC,,,CloudReconfiguration_reconf_3_16_10_1.p,intuitionistic,auto,1,false,,5,0,3,provable,unknown,timeout,,two-sided,IMELL,12930,129,5001.076,431191,428780,1939,1725420,0,0,16384,4990.000,3.960
lltp,ILL/petri-nets/MCC,,,CloudReconfiguration_reconf_3_16_1_1.p,intuitionistic,auto,1,false,,5,0,3,provable,proved,,ok,two-sided,IMELL,12930,129,3.630,2,0,1,1,0,0,16384,0.000,0.016
lltp,ILL/petri-nets/MCC,,,CloudReconfiguration_reconf_3_16_20_1.p,intuitionistic,auto,1,false,,5,0,3,provable,unknown,timeout,,two-sided,IMELL,12934,129,5001.087,303104,301292,1316,1593679,0,0,16384,4980.000,4.574
lltp,ILL/petri-nets/MCC,,,CloudReconfiguration_reconf_3_16_50_1.p,intuitionistic,auto,1,false,,5,0,3,provable,unknown,timeout,,two-sided,IMELL,12938,129,5000.821,433752,431336,1942,1733067,0,0,16384,4990.000,4.089
lltp,ILL/petri-nets/MCC,,,CloudReconfiguration_reconf_3_16_5_1.p,intuitionistic,auto,1,false,,5,0,3,provable,unknown,timeout,,two-sided,IMELL,12930,129,5001.021,432207,429794,1939,1729947,0,0,16384,4990.000,4.631
lltp,ILL/petri-nets/MCC,,,CloudReconfiguration_reconf_3_17_100_1.p,intuitionistic,auto,1,false,,5,0,3,provable,unknown,timeout,,two-sided,IMELL,12970,129,5000.880,464531,462097,1926,1862015,0,0,16384,4980.000,3.957
lltp,ILL/petri-nets/MCC,,,CloudReconfiguration_reconf_3_17_10_1.p,intuitionistic,auto,1,false,,5,0,3,provable,unknown,timeout,,two-sided,IMELL,12962,129,5000.808,422742,420340,1939,1697326,0,0,16384,4980.000,4.562
lltp,ILL/petri-nets/MCC,,,CloudReconfiguration_reconf_3_17_1_1.p,intuitionistic,auto,1,false,,5,0,3,provable,proved,,ok,two-sided,IMELL,12962,129,3.815,2,0,1,1,0,0,16384,0.000,0.022
lltp,ILL/petri-nets/MCC,,,CloudReconfiguration_reconf_3_17_20_1.p,intuitionistic,auto,1,false,,5,0,3,provable,unknown,timeout,,two-sided,IMELL,12966,129,5000.578,297216,295415,1315,1566560,0,0,16384,4980.000,4.506
lltp,ILL/petri-nets/MCC,,,CloudReconfiguration_reconf_3_17_50_1.p,intuitionistic,auto,1,false,,5,0,3,provable,unknown,timeout,,two-sided,IMELL,12970,129,5000.737,424148,421745,1939,1702523,0,0,16384,4990.000,4.186
lltp,ILL/petri-nets/MCC,,,CloudReconfiguration_reconf_3_17_5_1.p,intuitionistic,auto,1,false,,5,0,3,provable,unknown,timeout,,two-sided,IMELL,12962,129,5000.697,424469,422065,1939,1704105,0,0,16384,4990.000,4.452
lltp,ILL/petri-nets/MCC,,,CloudReconfiguration_reconf_3_18_100_1.p,intuitionistic,auto,1,false,,5,0,3,provable,unknown,timeout,,two-sided,IMELL,12970,129,5001.891,465608,463173,1926,1866294,0,0,16384,4990.000,3.818
lltp,ILL/petri-nets/MCC,,,CloudReconfiguration_reconf_3_18_10_1.p,intuitionistic,auto,1,false,,5,0,3,provable,unknown,timeout,,two-sided,IMELL,12962,129,5000.721,422998,420595,1939,1698602,0,0,16384,4990.000,4.470
lltp,ILL/petri-nets/MCC,,,CloudReconfiguration_reconf_3_18_1_1.p,intuitionistic,auto,1,false,,5,0,3,provable,proved,,ok,two-sided,IMELL,12962,129,3.710,2,0,1,1,0,0,16384,0.000,0.004
lltp,ILL/petri-nets/MCC,,,CloudReconfiguration_reconf_3_18_20_1.p,intuitionistic,auto,1,false,,5,0,3,provable,unknown,timeout,,two-sided,IMELL,12966,129,5001.091,298752,296948,1315,1574664,0,0,16384,4990.000,4.090
lltp,ILL/petri-nets/MCC,,,CloudReconfiguration_reconf_3_18_50_1.p,intuitionistic,auto,1,false,,5,0,3,provable,unknown,timeout,,two-sided,IMELL,12970,129,5000.962,423454,421051,1939,1700175,0,0,16384,4980.000,4.358
lltp,ILL/petri-nets/MCC,,,CloudReconfiguration_reconf_3_18_5_1.p,intuitionistic,auto,1,false,,5,0,3,provable,unknown,timeout,,two-sided,IMELL,12962,129,5000.706,423445,421042,1939,1700132,0,0,16384,4990.000,4.012
lltp,ILL/petri-nets/MCC,,,CloudReconfiguration_reconf_3_19_100_1.p,intuitionistic,auto,1,false,,5,0,3,provable,unknown,timeout,,two-sided,IMELL,12968,129,5001.053,464020,461587,1926,1860062,0,0,16384,4990.000,4.408
lltp,ILL/petri-nets/MCC,,,CloudReconfiguration_reconf_3_19_10_1.p,intuitionistic,auto,1,false,,5,0,3,provable,unknown,timeout,,two-sided,IMELL,12962,129,5001.481,427925,425517,1939,1717733,0,0,16384,4990.000,3.720
lltp,ILL/petri-nets/MCC,,,CloudReconfiguration_reconf_3_19_1_1.p,intuitionistic,auto,1,false,,5,0,3,provable,proved,,ok,two-sided,IMELL,12962,129,3.521,2,0,1,1,0,0,16384,0.000,0.002
lltp,ILL/petri-nets/MCC,,,CloudReconfiguration_reconf_3_19_20_1.p,intuitionistic,auto,1,false,,5,0,3,provable,unknown,timeout,,two-sided,IMELL,12966,129,5001.368,297536,295734,1315,1568263,0,0,16384,4990.000,4.277
lltp,ILL/petri-nets/MCC,,,CloudReconfiguration_reconf_3_19_50_1.p,intuitionistic,auto,1,false,,5,0,3,provable,unknown,timeout,,two-sided,IMELL,12970,129,5000.601,425502,423099,1936,1710720,0,0,16384,4990.000,3.631
lltp,ILL/petri-nets/MCC,,,CloudReconfiguration_reconf_3_19_5_1.p,intuitionistic,auto,1,false,,5,0,3,provable,unknown,timeout,,two-sided,IMELL,12962,129,5001.390,426581,424175,1939,1712959,0,0,16384,4990.000,4.174
lltp,ILL/petri-nets/MCC,,,CloudReconfiguration_reconf_3_20_100_1.p,intuitionistic,auto,1,false,,5,0,3,provable,unknown,timeout,,two-sided,IMELL,12970,129,5001.825,464600,462168,1923,1864823,0,0,16384,4980.000,3.675
lltp,ILL/petri-nets/MCC,,,CloudReconfiguration_reconf_3_20_10_1.p,intuitionistic,auto,1,false,,5,0,3,provable,unknown,timeout,,two-sided,IMELL,12962,129,5001.206,427221,424814,1939,1715253,0,0,16384,4990.000,4.213
lltp,ILL/petri-nets/MCC,,,CloudReconfiguration_reconf_3_20_1_1.p,intuitionistic,auto,1,false,,5,0,3,provable,proved,,ok,two-sided,IMELL,12962,129,3.604,2,0,1,1,0,0,16384,0.000,0.002
lltp,ILL/petri-nets/MCC,,,CloudReconfiguration_reconf_3_20_20_1.p,intuitionistic,auto,1,false,,5,0,3,provable,unknown,timeout,,two-sided,IMELL,12966,129,5001.507,297792,295990,1315,1569592,0,0,16384,4990.000,3.918
lltp,ILL/petri-nets/MCC,,,CloudReconfiguration_reconf_3_20_50_1.p,intuitionistic,auto,1,false,,5,0,3,provable,unknown,timeout,,two-sided,IMELL,12970,129,5001.147,426200,423792,1942,1708534,0,0,16384,4990.000,4.297
lltp,ILL/petri-nets/MCC,,,CloudReconfiguration_reconf_3_20_5_1.p,intuitionistic,auto,1,false,,5,0,3,provable,unknown,timeout,,two-sided,IMELL,12962,129,5000.888,426389,423983,1939,1711942,0,0,16384,4990.000,3.840
lltp,ILL/petri-nets/MCC,,,CloudReconfiguration_reconf_4_01_100_1.p,intuitionistic,auto,1,false,,5,0,3,provable,unknown,timeout,,two-sided,IMELL,17788,172,5002.733,341213,338326,2620,1337107,0,0,16384,4990.000,4.356
lltp,ILL/petri-nets/MCC,,,CloudReconfiguration_reconf_4_01_10_1.p,intuitionistic,auto,1,false,,5,0,3,provable,unknown,timeout,,two-sided,IMELL,17782,172,5001.224,313889,310989,2654,1229874,0,0,16384,4990.000,3.828
lltp,ILL/petri-nets/MCC,,,CloudReconfiguration_reconf_4_01_1_1.p,intuitionistic,auto,1,false,,5,0,3,provable,proved,,ok,two-sided,IMELL,17782,172,6.160,2,0,1,1,0,0,16384,10.000,0.020
lltp,ILL/petri-nets/MCC,,,CloudReconfiguration_reconf_4_01_20_1.p,intuitionistic,auto,1,false,,5,0,3,provable,unknown,timeout,,two-sided,IMELL,17788,172,5001.695,220671,218621,1792,1132362,0,0,16384,4980.000,4.702
lltp,ILL/petri-nets/MCC,,,CloudReconfiguration_reconf_4_01_50_1.p,intuitionistic,auto,1,false,,5,0,3,provable,unknown,timeout,,two-sided,IMELL,17792,172,5001.415,315423,312514,2663,1231751,0,0,16384,4980.000,3.811
lltp,ILL/petri-nets/MCC,,,CloudReconfiguration_reconf_4_01_5_1.p,intuitionistic,auto,1,false,,5,0,3,provable,unknown,timeout,,two-sided,IMELL,17782,172,5001.123,313505,310605,2654,1228630,0,0,16384,4980.000,4.257
lltp,ILL/petri-nets/MCC,,,CloudReconfiguration_reconf_4_02_100_1.p,intuitionistic,auto,1,false,,5,0,3,provable,unknown,timeout,,two-sided,IMELL,17792,172,5002.292,343453,340553,2632,1340509,0,0,16384,4980.000,3.524
lltp,ILL/petri-nets/MCC,,,CloudReconfiguration_reconf_4_02_10_1.p,intuitionistic,auto,1,false,,5,0,3,provable,unknown,timeout,,two-sided,IMELL,17782,172,5001.217,313761,310861,2654,1229431,0,0,16384,4980.000,4.137
lltp,ILL/petri-nets/MCC,,,CloudReconfiguration_reconf_4_02_1_1.p,intuitionistic,auto,1,false,,5,0,3,provable,proved,,ok,two-sided,IMELL,17782,172,6.099,2,0,1,1,0,0,16384,0.000,0.012
lltp,ILL/petri-nets/MCC,,,CloudReconfiguration_reconf_4_02_20_1.p,intuitionistic,auto,1,false,,5,0,3,provable,unknown,timeout,,two-sided,IMELL,17788,172,5002.370,219519,217471,1792,1126450,0,0,16384,4980.000,4.416
lltp,ILL/petri-nets/MCC,,,CloudReconfiguration_reconf_4_02_50_1.p,intuitionistic,auto,1,false,,5,0,3,provable,unknown,timeout,,two-sided,IMELL,17792,172,5002.424,314270,311364,2661,1227885,0,0,16384,4990.000,4.054
lltp,ILL/petri-nets/MCC,,,CloudReconfiguration_reconf_4_02_5_1.p,intuitionistic,auto,1,false,,5,0,3,provable,unknown,timeout,,two-sided,IMELL,17782,172,5001.323,314273,311373,2654,1231118,0,0,16384,4980.000,3.699
lltp,ILL/petri-nets/MCC,,,DLCround_dlcro_04_b_100_1.p,intuitionistic,auto,1,false,,5,0,3,provable,unknown,timeout,,two-sided,IMELL,12436,12,5002.338,597869,593345,4140,6088874,0,0,16384,4990.000,4.126
lltp,ILL/petri-nets/MCC,,,DLCround_dlcro_04_b_10_1.p,intuitionistic,auto,1,false,,5,0,3,provable,unknown,timeout,,two-sided,IMELL,12326,12,5001.484,869911,865061,3951,2991301,0,0,16384,4980.000,3.664
lltp,ILL/petri-nets/MCC,,,DLCround_dlcro_04_b_1_1.p,intuitionistic,auto,1,false,,5,0,3,provable,proved,,ok,two-sided,IMELL,12316,12,28.474,2971,1428,1540,8223,0,0,16384,30.000,0.033
lltp,ILL/petri-nets/MCC,,,DLCround_dlcro_04_b_20_1.p,intuitionistic,auto,1,false,,5,0,3,provable,unknown,timeout,,two-sided,IMELL,12354,12,5002.612,890906,885992,4003,3030480,0,0,16384,4990.000,4.273
lltp,ILL/petri-nets/MCC,,,DLCround_dlcro_04_b_50_1.p,intuitionistic,auto,1,false,,5,0,3,provable,unknown,timeout,,two-sided,IMELL,12414,12,5001.104,898008,892943,4146,3055066,0,0,16384,4980.000,3.808
lltp,ILL/petri-nets/MCC,,,DLCround_dlcro_04_b_5_1.p,intuitionistic,auto,1,false,,5,0,3,provable,unknown,timeout,,two-sided,IMELL,12320,12,5001.046,853141,848317,3934,2954900,0,0,16384,4990.000,4.250
lltp,ILL/petri-nets/MCC,,,DLCround_dlcro_05_b_10_1.p,intuitionistic,auto,1,false,,5,0,3,provable,unknown,timeout,,two-sided,IMELL,15314,13,5001.392,610432,607764,2055,2312277,0,0,16384,4990.000,3.781
lltp,ILL/petri-nets/MCC,,,DLCround_dlcro_05_b_1_1.p,intuitionistic,auto,1,false,,5,0,3,provable,proved,,ok,two-sided,IMELL,15302,13,45.214,3847,1860,1984,10347,0,0,16384,40.000,0.041
lltp,ILL/petri-nets/MCC,,,DLCround_dlcro_05_b_20_1.p,intuitionistic,auto,1,false,,5,0,3,provable,unknown,timeout,,two-sided,IMELL,15304,13,5000.880,611455,608793,2045,2329292,0,0,16384,4980.000,4.455
lltp,ILL/petri-nets/MCC,,,DLCround_dlcro_05_b_50_1.p,intuitionistic,auto,1,false,,5,0,3,provable,unknown,timeout,,two-sided,IMELL,15304,13,5000.733,614911,612245,2045,2342893,0,0,16384,4990.000,3.813
lltp,ILL/petri-nets/MCC,,,DLCround_dlcro_05_b_5_1.p,intuitionistic,auto,1,false,,5,0,3,provable,unknown,timeout,,two-sided,IMELL,15308,13,5001.456,604928,602270,2049,2298250,0,0,16384,4990.000,4.235
lltp,ILL/petri-nets/MCC,,,DLCround_dlcro_06_b_10_1.p,intuitionistic,auto,1,false,,5,0,3,provable,unknown,timeout,,two-sided,IMELL,18590,14,5001.807,528640,525662,2553,1944065,0,0,16384,4980.000,3.810
lltp,ILL/petri-nets/MCC,,,DLCround_dlcro_06_b_1_1.p,intuitionistic,auto,1,false,,5,0,3,provable,proved,,ok,two-sided,IMELL,18580,14,66.170,4827,2344,2480,12693,0,0,16384,50.000,0.049
lltp,ILL/petri-nets/MCC,,,DLCround_dlcro_06_b_20_1.p,intuitionistic,auto,1,false,,5,0,3,provable,unknown,timeout,,two-sided,IMELL,18582,14,5002.005,534910,531929,2549,1976803,0,0,16384,4990.000,4.260
lltp,ILL/petri-nets/MCC,,,DLCround_dlcro_06_b_50_1.p,intuitionistic,auto,1,false,,5,0,3,provable,unknown,timeout,,two-sided,IMELL,18582,14,5005.125,536062,533080,2549,1980523,0,0,16384,4990.000,3.813
lltp,ILL/petri-nets/MCC,,,DLCround_dlcro_06_b_5_1.p,intuitionistic,auto,1,false,,5,0,3,provable,unknown,timeout,,two-sided,IMELL,18586,14,5001.363,524478,521507,2549,1931778,0,0,16384,4990.000,4.393
lltp,ILL/petri-nets/MCC,,,DLCround_dlcro_07_b_10_1.p,intuitionistic,auto,1,false,,5,0,3,provable,unknown,timeout,,two-sided,IMELL,22156,15,5001.731,476799,473309,3183,1671239,0,0,16384,4980.000,4.041
lltp,ILL/petri-nets/MCC,,,DLCround_dlcro_07_b_1_1.p,intuitionistic,auto,1,false,,5,0,3,provable,proved,,ok,two-sided,IMELL,22150,15,93.696,6051,2948,3100,15297,0,0,16384,80.000,0.087
lltp,ILL/petri-nets/MCC,,,DLCround_dlcro_07_b_20_1.p,intuitionistic,auto,1,false,,5,0,3,provable,unknown,timeout,,two-sided,IMELL,22152,15,5001.271,486143,482672,3157,1710534,0,0,16384,4980.000,3.921
lltp,ILL/petri-nets/MCC,,,DLCround_dlcro_07_b_50_1.p,intuitionistic,auto,1,false,,5,0,3,provable,unknown,timeout,,two-sided,IMELL,22152,15,5001.591,486015,482544,3157,1709845,0,0,16384,4980.000,4.313
lltp,ILL/petri-nets/MCC,,,DLCround_dlcro_07_b_5_1.p,intuitionistic,auto,1,false,,5,0,3,provable,unknown,timeout,,two-sided,IMELL,22152,15,5001.744,476863,473376,3179,1673653,0,0,16384,4980.000,3.867
lltp,ILL/petri-nets/MCC,,,DLCround_dlcro_08_b_10_1.p,intuitionistic,auto,1,false,,5,0,3,provable,unknown,timeout,,two-sided,IMELL,26024,16,5002.212,427135,423122,3783,1463784,0,0,16384,4980.000,4.598
lltp,ILL/petri-nets/MCC,,,DLCround_dlcro_08_b_1_1.p,intuitionistic,auto,1,false,,5,0,3,provable,proved,,ok,two-sided,IMELL,26012,16,129.951,7255,3544,3708,18091,0,0,16384,120.000,0.089
lltp,ILL/petri-nets/MCC,,,DLCround_dlcro_08_b_20_1.p,intuitionistic,auto,1,false,,5,0,3,provable,unknown,timeout,,two-sided,IMELL,26014,16,5001.517,432383,428401,3749,1489667,0,0,16384,4980.000,4.225
lltp,ILL/petri-nets/MCC,,,DLCround_dlcro_08_b_50_1.p,intuitionistic,auto,1,false,,5,0,3,provable,unknown,timeout,,two-sided,IMELL,26014,16,5003.944,433279,429296,3749,1494019,0,0,16384,4980.000,4.566
lltp,ILL/petri-nets/MCC,,,DLCround_dlcro_08_b_5_1.p,intuitionistic,auto,1,false,,5,0,3,provable,unknown,timeout,,two-sided,IMELL,26016,16,5002.879,424829,420826,3774,1458962,0,0,16384,4990.000,4.348
lltp,ILL/petri-nets/MCC,,,DLCround_dlcro_09_a_1_1.p,intuitionistic,auto,1,false,,5,0,3,provable,unknown,context_too_wide,,two-sided,IMELL,17746,57,3.071,3,0,1,107,0,0,16384,0.000,0.004
lltp,ILL/petri-nets/MCC,,,DLCround_dlcro_09_a_20_1.p,intuitionistic,auto,1,false,,5,0,3,provable,unknown,context_too_wide,,two-sided,IMELL,17746,57,2.554,3,0,1,27,0,0,16384,0.000,0.002
lltp,ILL/petri-nets/MCC,,,DLCround_dlcro_09_a_50_1.p,intuitionistic,auto,1,false,,5,0,3,provable,unknown,context_too_wide,,two-sided,IMELL,17746,57,70.628,33,0,30,8294,0,0,16384,70.000,0.063
lltp,ILL/petri-nets/MCC,,,DLCround_dlcro_09_a_5_1.p,intuitionistic,auto,1,false,,5,0,3,provable,unknown,context_too_wide,,two-sided,IMELL,17746,57,3.801,3,0,1,69,0,0,16384,0.000,0.005
lltp,ILL/petri-nets/MCC,,,DLCround_dlcro_09_b_10_1.p,intuitionistic,auto,1,false,,5,0,3,provable,unknown,timeout,,two-sided,IMELL,30174,17,5005.246,667056,655919,10983,1626810,0,0,16384,4990.000,5.208
lltp,ILL/petri-nets/MCC,,,DLCround_dlcro_09_b_1_1.p,intuitionistic,auto,1,false,,5,0,3,provable,proved,,ok,two-sided,IMELL,30166,17,172.697,8563,4192,4368,21107,0,0,16384,170.000,0.115
lltp,ILL/petri-nets/MCC,,,DLCround_dlcro_09_b_20_1.p,intuitionistic,auto,1,false,,5,0,3,provable,unknown,timeout,,two-sided,IMELL,30168,17,5012.625,388158,383583,4397,1314172,0,0,16384,4990.000,3.941
lltp,ILL/petri-nets/MCC,,,DLCround_dlcro_09_b_50_1.p,intuitionistic,auto,1,false,,5,0,3,provable,unknown,timeout,,two-sided,IMELL,30168,17,5009.591,383806,379233,4397,1299400,0,0,16384,4990.000,4.766
lltp,ILL/petri-nets/MCC,,,DLCround_dlcro_09_b_5_1.p,intuitionistic,auto,1,false,,5,0,3,provable,unknown,timeout,,two-sided,IMELL,30174,17,5004.360,368573,363974,4431,1240522,0,0,16384,4990.000,4.453
lltp,ILL/petri-nets/MCC,,,DLCround_dlcro_10_a_1_1.p,intuitionistic,auto,1,false,,5,0,3,provable,unknown,context_too_wide,,two-sided,IMELL,20686,61,5.038,3,0,1,107,0,0,16384,10.000,0.028
lltp,ILL/petri-nets/MCC,,,DLCround_dlcro_10_a_20_1.p,intuitionistic,auto,1,false,,5,0,3,provable,unknown,context_too_wide,,two-sided,IMELL,20686,61,3.655,3,0,1,27,0,0,16384,0.000,0.014
lltp,ILL/petri-nets/MCC,,,DLCround_dlcro_10_a_50_1.p,intuitionistic,auto,1,false,,5,0,3,provable,unknown,context_too_wide,,two-sided,IMELL,20686,61,107.832,35,0,32,9689,0,0,16384,110.000,0.069
lltp,ILL/petri-nets/MCC,,,DLCround_dlcro_10_a_5_1.p,intuitionistic,auto,1,false,,5,0,3,provable,unknown,context_too_wide,,two-sided,IMELL,20686,61,3.500,3,0,1,39,0,0,16384,10.000,0.010
lltp,ILL/petri-nets/MCC,,,DLCround_dlcro_10_b_10_1.p,intuitionistic,auto,1,false,,5,0,3,provable,unknown,timeout,,two-sided,IMELL,34618,18,5005.247,328253,322994,5130,1086240,0,0,16384,4990.000,4.720
lltp,ILL/petri-nets/MCC,,,DLCround_dlcro_10_b_1_1.p,intuitionistic,auto,1,false,,5,0,3,provable,proved,,ok,two-sided,IMELL,34612,18,247.572,9975,4892,5080,24345,0,0,16384,240.000,0.757
lltp,ILL/petri-nets/MCC,,,DLCround_dlcro_10_b_20_1.p,intuitionistic,auto,1,false,,5,0,3,provable,unknown,timeout,,two-sided,IMELL,34614,18,5009.867,345023,339784,5103,1149732,0,0,16384,4990.000,4.469
lltp,ILL/petri-nets/MCC,,,DLCround_dlcro_10_b_50_1.p,intuitionistic,auto,1,false,,5,0,3,provable,unknown,timeout,,two-sided,IMELL,34614,18,5014.928,347391,342151,5103,1156482,0,0,16384,5000.000,3.887
lltp,ILL/petri-nets/MCC,,,DLCround_dlcro_10_b_5_1.p,intuitionistic,auto,1,false,,5,0,3,provable,unknown,timeout,,two-sided,IMELL,34618,18,5005.121,333438,328175,5132,1103666,0,0,16384,4990.000,4.390
lltp,ILL/petri-nets/MCC,,,DLCround_dlcro_11_a_1_1.p,intuitionistic,auto,1,false,,5,0,3,provable,unknown,context_too_wide,,two-sided,IMELL,23842,65,6.029,3,0,1,107,0,0,16384,0.000,0.009
lltp,ILL/petri-nets/MCC,,,DLCround_dlcro_11_a_20_1.p,intuitionistic,auto,1,false,,5,0,3,provable,unknown,context_too_wide,,two-sided,IMELL,23842,65,5.560,3,0,1,39,0,0,16384,0.000,0.017
lltp,ILL/petri-nets/MCC,,,DLCround_dlcro_11_a_50_1.p,intuitionistic,auto,1,false,,5,0,3,provable,unknown,context_too_wide,,two-sided,IMELL,23842,65,156.220,37,0,34,11188,0,0,16384,150.000,0.117
lltp,ILL/petri-nets/MCC,,,DLCround_dlcro_11_a_5_1.p,intuitionistic,auto,1,false,,5,0,3,provable,unknown,context_too_wide,,two-sided,IMELL,23842,65,6.131,3,0,1,69,0,0,16384,10.000,0.022
lltp,ILL/petri-nets/MCC,,,DLCround_dlcro_11_b_10_1.p,intuitionistic,auto,1,false,,5,0,3,provable,unknown,timeout,,two-sided,IMELL,39360,19,5006.805,305790,299781,5905,995304,0,0,16384,4990.000,3.784
lltp,ILL/petri-nets/MCC,,,DLCround_dlcro_11_b_1_1.p,intuitionistic,auto,1,false,,5,0,3,provable,proved,,ok,two-sided,IMELL,39350,19,293.328,11491,5644,5844,27805,0,0,16384,290.000,0.253
lltp,ILL/petri-nets/MCC,,,DLCround_dlcro_11_b_20_1.p,intuitionistic,auto,1,false,,5,0,3,provable,unknown,timeout,,two-sided,IMELL,39352,19,5011.750,315132,309162,5862,1033989,0,0,16384,4990.000,3.982
lltp,ILL/petri-nets/MCC,,,DLCround_dlcro_11_b_50_1.p,intuitionistic,auto,1,false,,5,0,3,provable,unknown,timeout,,two-sided,IMELL,39352,19,5008.561,315132,309162,5862,1033989,0,0,16384,5000.000,4.458
lltp,ILL/petri-nets/MCC,,,DLCround_dlcro_11_b_5_1.p,intuitionistic,auto,1,false,,5,0,3,provable,unknown,timeout,,two-sided,IMELL,39352,19,5004.805,309692,303689,5897,1009640,0,0,16384,4990.000,4.509
lltp,ILL/petri-nets/MCC,,,DLCround_dlcro_12_a_1_1.p,intuitionistic,auto,1,false,,5,0,3,provable,unknown,context_too_wide,,two-sided,IMELL,27214,69,6.849,3,0,1,87,0,0,16384,0.000,0.020
lltp,ILL/petri-nets/MCC,,,DLCround_dlcro_12_a_20_1.p,intuitionistic,auto,1,false,,5,0,3,provable,unknown,context_too_wide,,two-sided,IMELL,27214,69,6.229,3,0,1,39,0,0,16384,0.000,0.017
lltp,ILL/petri-nets/MCC,,,DLCround_dlcro_12_a_50_1.p,intuitionistic,auto,1,false,,5,0,3,provable,unknown,context_too_wide,,two-sided,IMELL,27214,69,234.054,39,0,36,12791,0,0,16384,230.000,0.162
lltp,ILL/petri-nets/MCC,,,DLCround_dlcro_12_a_5_1.p,intuitionistic,auto,1,false,,5,0,3,provable,unknown,context_too_wide,,two-sided,IMELL,27214,69,7.044,3,0,1,69,0,0,16384,0.000,0.011
lltp,ILL/petri-nets/MCC,,,DLCround_dlcro_12_b_10_1.p,intuitionistic,auto,1,false,,5,0,3,provable,unknown,timeout,,two-sided,IMELL,44394,20,5008.400,281915,275115,6716,903320,0,0,16384,4990.000,5.051
lltp,ILL/petri-nets/MCC,,,DLCround_dlcro_12_b_1_1.p,intuitionistic,auto,1,false,,5,0,3,provable,proved,,ok,two-sided,IMELL,44380,20,373.380,13111,6448,6660,31487,0,0,16384,380.000,0.307
lltp,ILL/petri-nets/MCC,,,DLCround_dlcro_12_b_20_1.p,intuitionistic,auto,1,false,,5,0,3,provable,unknown,timeout,,two-sided,IMELL,44382,20,5029.140,289212,282450,6675,935097,0,0,16384,5010.000,4.121
lltp,ILL/petri-nets/MCC,,,DLCround_dlcro_12_b_50_1.p,intuitionistic,auto,1,false,,5,0,3,provable,unknown,timeout,,two-sided,IMELL,44382,20,5004.484,282876,276116,6675,915045,0,0,16384,5000.000,3.847
lltp,ILL/petri-nets/MCC,,,DLCround_dlcro_12_b_5_1.p,intuitionistic,auto,1,false,,5,0,3,provable,unknown,timeout,,two-sided,IMELL,44384,20,5008.888,264124,257343,6702,846031,0,0,16384,4990.000,5.039
lltp,ILL/petri-nets/MCC,,,DLCround_dlcro_13_a_1_1.p,intuitionistic,auto,1,false,,5,0,3,provable,unknown,context_too_wide,,two-sided,IMELL,30802,73,10.067,3,0,1,87,0,0,16384,0.000,0.011
lltp,ILL/petri-nets/MCC,,,DLCround_dlcro_13_a_20_1.p,intuitionistic,auto,1,false,,5,0,3,provable,unknown,context_too_wide,,two-sided,IMELL,30802,73,10.195,3,0,1,53,0,0,16384,0.000,0.030
lltp,ILL/petri-nets/MCC,,,DLCround_dlcro_13_a_50_1.p,intuitionistic,auto,1,false,,5,0,3,provable,unknown,context_too_wide,,two-sided,IMELL,30802,73,311.082,41,0,38,14498,0,0,16384,300.000,0.276
lltp,ILL/petri-nets/MCC,,,DLCround_dlcro_13_a_5_1.p,intuitionistic,auto,1,false,,5,0,3,provable,unknown,context_too_wide,,two-sided,IMELL,30802,73,10.729,3,0,1,87,0,0,16384,10.000,0.012
lltp,ILL/petri-nets/MCC,,,DLCround_dlcro_13_b_10_1.p,intuitionistic,auto,1,false,,5,0,3,provable,unknown,timeout,,two-sided,IMELL,49710,21,5010.079,237116,229491,7562,746804,0,0,16384,5000.000,4.312
lltp,ILL/petri-nets/MCC,,,DLCround_dlcro_13_b_1_1.p,intuitionistic,auto,1,false,,5,0,3,provable,proved,,ok,two-sided,IMELL,49702,21,519.966,14835,7304,7528,35391,0,0,16384,520.000,0.860
lltp,ILL/petri-nets/MCC,,,DLCround_dlcro_13_b_20_1.p,intuitionistic,auto,1,false,,5,0,3,provable,unknown,timeout,,two-sided,IMELL,49706,21,5026.118,255548,247939,7541,814116,0,0,16384,5010.000,4.374
lltp,ILL/petri-nets/MCC,,,DLCround_dlcro_13_b_50_1.p,intuitionistic,auto,1,false,,5,0,3,provable,unknown,timeout,,two-sided,IMELL,49706,21,5019.551,255484,247875,7541,814130,0,0,16384,5000.000,4.435
lltp,ILL/petri-nets/MCC,,,DLCround_dlcro_13_b_5_1.p,intuitionistic,auto,1,false,,5,0,3,provable,unknown,timeout,,two-sided,IMELL,49706,21,5010.387,234875,227255,7558,739897,0,0,16384,4990.000,4.440
lltp,ILL/petri-nets/MCC,,,DLCshifumi_dlcsh_2_b_10_1.p,intuitionistic,auto,1,false,,5,0,3,provable,unknown,timeout,,two-sided,IMELL,15520,20,5002.477,395328,393167,1679,1842962,0,0,16384,4990.000,5.665
lltp,ILL/petri-nets/MCC,,,DLCshifumi_dlcsh_2_b_1_1.p,intuitionistic,auto,1,false,,5,0,3,provable,proved,,ok,two-sided,IMELL,15516,20,46.987,3090,1445,1642,9816,0,0,16384,40.000,0.028
lltp,ILL/petri-nets/MCC,,,DLCshifumi_dlcsh_2_b_20_1.p,intuitionistic,auto,1,false,,5,0,3,provable,unknown,timeout,,two-sided,IMELL,15518,20,5001.565,399744,397595,1661,1868335,0,0,16384,4990.000,4.218
lltp,ILL/petri-nets/MCC,,,DLCshifumi_dlcsh_2_b_50_1.p,intuitionistic,auto,1,false,,5,0,3,provable,unknown,timeout,,two-sided,IMELL,15518,20,5001.271,400128,397979,1661,1869145,0,0,16384,4990.000,4.190
lltp,ILL/petri-nets/MCC,,,DLCshifumi_dlcsh_2_b_5_1.p,intuitionistic,auto,1,false,,5,0,3,provable,unknown,timeout,,two-sided,IMELL,15520,20,5001.261,396416,394254,1679,1848018,0,0,16384,4980.000,3.824
lltp,ILL/petri-nets/MCC,,,DLCshifumi_dlcsh_3_a_100_1.p,intuitionistic,auto,1,false,,5,0,3,provable,unknown,context_too_wide,,two-sided,IMELL,23654,169,197.381,325,0,322,10869,0,0,16384,190.000,0.160
lltp,ILL/petri-nets/MCC,,,DLCshifumi_dlcsh_3_a_1_1.p,intuitionistic,auto,1,false,,5,0,3,provable,unknown,timeout,,two-sided,IMELL,23654,169,5000.880,3,0,1,2609152,0,0,16384,4990.000,4.115
lltp,ILL/petri-nets/MCC,,,DLCshifumi_dlcsh_3_a_20_1.p,intuitionistic,auto,1,false,,5,0,3,provable,unknown,timeout,,two-sided,IMELL,23654,169,5797.547,3,0,1,3108864,0,0,16384,5780.000,4.521
lltp,ILL/petri-nets/MCC,,,DLCshifumi_dlcsh_3_a_50_1.p,intuitionistic,auto,1,false,,5,0,3,provable,unknown,timeout,,two-sided,IMELL,23654,169,5821.840,3,0,1,3108864,0,0,16384,5810.000,4.512
lltp,ILL/petri-nets/MCC,,,DLCshifumi_dlcsh_3_a_5_1.p,intuitionistic,auto,1,false,,5,0,3,provable,unknown,timeout,,two-sided,IMELL,23654,169,5001.749,3,0,1,2609152,0,0,16384,4990.000,3.483
lltp,ILL/petri-nets/MCC,,,DLCshifumi_dlcsh_3_b_10_1.p,intuitionistic,auto,1,false,,5,0,3,provable,unknown,timeout,,two-sided,IMELL,49164,45,5005.760,152831,146975,5803,613000,0,0,16384,4990.000,4.382
lltp,ILL/petri-nets/MCC,,,DLCshifumi_dlcsh_3_b_1_1.p,intuitionistic,auto,1,false,,5,0,3,provable,proved,,ok,two-sided,IMELL,49150,45,470.747,11086,5305,5778,32256,0,0,16384,460.000,0.324
lltp,ILL/petri-nets/MCC,,,DLCshifumi_dlcsh_3_b_20_1.p,intuitionistic,auto,1,false,,5,0,3,provable,unknown,timeout,,two-sided,IMELL,49158,45,5008.519,262237,247744,14447,738035,0,0,16384,5000.000,4.164
lltp,ILL/petri-nets/MCC,,,DLCshifumi_dlcsh_3_b_50_1.p,intuitionistic,auto,1,false,,5,0,3,provable,unknown,timeout,,two-sided,IMELL,49158,45,5007.553,155452,149609,5789,633183,0,0,16384,4990.000,4.525
lltp,ILL/petri-nets/MCC,,,DLCshifumi_dlcsh_3_b_5_1.p,intuitionistic,auto,1,false,,5,0,3,provable,unknown,timeout,,two-sided,IMELL,49158,45,5008.197,154877,149027,5797,622283,0,0,16384,4990.000,4.428
lltp,ILL/petri-nets/MCC,,,DLCshifumi_dlcsh_4_a_100_1.p,intuitionistic,auto,1,false,,5,0,3,provable,unknown,context_too_wide,,two-sided,IMELL,58602,317,2466.553,163,0,160,27078,0,0,16384,2450.000,2.163
lltp,ILL/petri-nets/MCC,,,DLCshifumi_dlcsh_4_a_1_1.p,intuitionistic,auto,1,false,,5,0,3,provable,unknown,context_too_wide,,two-sided,IMELL,58602,317,35.442,3,0,1,23,0,0,16384,30.000,0.190
lltp,ILL/petri-nets/MCC,,,DLCshifumi_dlcsh_4_a_20_1.p,intuitionistic,auto,1,false,,5,0,3,provable,unknown,context_too_wide,,two-sided,IMELL,58602,317,35.232,3,0,1,23,0,0,16384,30.000,0.655
lltp,ILL/petri-nets/MCC,,,DLCshifumi_dlcsh_4_a_50_1.p,intuitionistic,auto,1,false,,5,0,3,provable,unknown,context_too_wide,,two-sided,IMELL,58602,317,2460.749,163,0,160,27078,0,0,16384,2450.000,1.791
lltp,ILL/petri-nets/MCC,,,DLCshifumi_dlcsh_4_a_5_1.p,intuitionistic,auto,1,false,,5,0,3,provable,unknown,context_too_wide,,two-sided,IMELL,58602,317,29.537,3,0,1,23,0,0,16384,30.000,0.033
lltp,ILL/petri-nets/MCC,,,DLCshifumi_dlcsh_4_b_10_1.p,intuitionistic,auto,1,false,,5,0,3,provable,unknown,recursion_limit,,two-sided,IMELL,112582,82,109.998,0,0,0,0,0,0,16384,110.000,0.116
lltp,ILL/petri-nets/MCC,,,DLCshifumi_dlcsh_4_b_1_1.p,intuitionistic,auto,1,false,,5,0,3,provable,unknown,recursion_limit,,two-sided,IMELL,112572,82,105.159,0,0,0,0,0,0,16384,110.000,0.111
lltp,ILL/petri-nets/MCC,,,DLCshifumi_dlcsh_4_b_20_1.p,intuitionistic,auto,1,false,,5,0,3,provable,unknown,recursion_limit,,two-sided,IMELL,112586,82,107.550,0,0,0,0,0,0,16384,110.000,0.152
lltp,ILL/petri-nets/MCC,,,DLCshifumi_dlcsh_4_b_50_1.p,intuitionistic,auto,1,false,,5,0,3,provable,unknown,recursion_limit,,two-sided,IMELL,112586,82,115.771,0,0,0,0,0,0,16384,120.000,0.198
lltp,ILL/petri-nets/MCC,,,DLCshifumi_dlcsh_4_b_5_1.p,intuitionistic,auto,1,false,,5,0,3,provable,unknown,recursion_limit,,two-sided,IMELL,112580,82,112.073,0,0,0,0,0,0,16384,110.000,0.608
lltp,ILL/petri-nets/MCC,,,DLCshifumi_dlcsh_5_a_100_1.p,intuitionistic,auto,1,false,,5,0,3,provable,unknown,context_too_wide,,two-sided,IMELL,117670,513,121.677,3,0,1,23,0,0,16384,120.000,0.126
lltp,ILL/petri-nets/MCC,,,DLCshifumi_dlcsh_5_a_1_1.p,intuitionistic,auto,1,false,,5,0,3,provable,unknown,context_too_wide,,two-sided,IMELL,117670,513,120.133,3,0,1,23,0,0,16384,120.000,0.134
lltp,ILL/petri-nets/MCC,,,DLCshifumi_dlcsh_5_a_20_1.p,intuitionistic,auto,1,false,,5,0,3,provable,unknown,context_too_wide,,two-sided,IMELL,117670,513,119.821,3,0,1,23,0,0,16384,120.000,0.137
lltp,ILL/petri-nets/MCC,,,DLCshifumi_dlcsh_5_a_50_1.p,intuitionistic,auto,1,false,,5,0,3,provable,unknown,context_too_wide,,two-sided,IMELL,117670,513,117.049,3,0,1,23,0,0,16384,110.000,0.115
lltp,ILL/petri-nets/MCC,,,DLCshifumi_dlcsh_5_a_5_1.p,intuitionistic,auto,1,false,,5,0,3,provable,unknown,context_too_wide,,two-sided,IMELL,117670,513,117.339,3,0,1,23,0,0,16384,110.000,0.105
lltp,ILL/petri-nets/MCC,,,DLCshifumi_dlcsh_5_b_10_1.p,intuitionistic,auto,1,false,,5,0,3,provable,unknown,recursion_limit,,two-sided,IMELL,214862,131,214.575,0,0,0,0,0,0,16384,210.000,0.193
lltp,ILL/petri-nets/MCC,,,DLCshifumi_dlcsh_5_b_1_1.p,intuitionistic,auto,1,false,,5,0,3,provable,unknown,recursion_limit,,two-sided,IMELL,214854,131,212.259,0,0,0,0,0,0,16384,220.000,0.216
lltp,ILL/petri-nets/MCC,,,DLCshifumi_dlcsh_5_b_20_1.p,intuitionistic,auto,1,false,,5,0,3,provable,unknown,recursion_limit,,two-sided,IMELL,214856,131,210.318,0,0,0,0,0,0,16384,210.000,0.202
lltp,ILL/petri-nets/MCC,,,DLCshifumi_dlcsh_5_b_50_1.p,intuitionistic,auto,1,false,,5,0,3,provable,unknown,recursion_limit,,two-sided,IMELL,214856,131,213.986,0,0,0,0,0,0,16384,220.000,0.185
lltp,ILL/petri-nets/MCC,,,DLCshifumi_dlcsh_5_b_5_1.p,intuitionistic,auto,1,false,,5,0,3,provable,unknown,recursion_limit,,two-sided,IMELL,214862,131,215.371,0,0,0,0,0,0,16384,210.000,0.206
lltp,ILL/petri-nets/MCC,,,DLCshifumi_dlcsh_6_a_100_1.p,intuitionistic,auto,1,false,,5,0,3,provable,unknown,recursion_limit,,two-sided,IMELL,207194,757,203.029,0,0,0,0,0,0,16384,200.000,0.179
lltp,ILL/petri-nets/MCC,,,DLCshifumi_dlcsh_6_a_1_1.p,intuitionistic,auto,1,false,,5,0,3,provable,unknown,recursion_limit,,two-sided,IMELL,207194,757,206.408,0,0,0,0,0,0,16384,200.000,0.178
lltp,ILL/petri-nets/MCC,,,DLCshifumi_dlcsh_6_a_20_1.p,intuitionistic,auto,1,false,,5,0,3,provable,unknown,recursion_limit,,two-sided,IMELL,207194,757,205.499,0,0,0,0,0,0,16384,200.000,0.186
lltp,ILL/petri-nets/MCC,,,DLCshifumi_dlcsh_6_a_50_1.p,intuitionistic,auto,1,false,,5,0,3,provable,unknown,recursion_limit,,two-sided,IMELL,207194,757,204.008,0,0,0,0,0,0,16384,200.000,0.188
lltp,ILL/petri-nets/MCC,,,DLCshifumi_dlcsh_6_a_5_1.p,intuitionistic,auto,1,false,,5,0,3,provable,unknown,recursion_limit,,two-sided,IMELL,207194,757,209.766,0,0,0,0,0,0,16384,200.000,0.698
lltp,ILL/petri-nets/MCC,,,DLCshifumi_dlcsh_6_b_10_1.p,intuitionistic,auto,1,false,,5,0,3,provable,unknown,recursion_limit,,two-sided,IMELL,365082,192,372.548,0,0,0,0,0,0,16384,380.000,0.366
lltp,ILL/petri-nets/MCC,,,DLCshifumi_dlcsh_6_b_1_1.p,intuitionistic,auto,1,false,,5,0,3,provable,unknown,recursion_limit,,two-sided,IMELL,365068,192,402.693,0,0,0,0,0,0,16384,400.000,0.377
lltp,ILL/petri-nets/MCC,,,DLCshifumi_dlcsh_6_b_20_1.p,intuitionistic,auto,1,false,,5,0,3,provable,unknown,recursion_limit,,two-sided,IMELL,365070,192,384.191,0,0,0,0,0,0,16384,380.000,0.364
lltp,ILL/petri-nets/MCC,,,DLCshifumi_dlcsh_6_b_50_1.p,intuitionistic,auto,1,false,,5,0,3,provable,unknown,recursion_limit,,two-sided,IMELL,365070,192,374.258,0,0,0,0,0,0,16384,380.000,0.348
lltp,ILL/petri-nets/MCC,,,DLCshifumi_dlcsh_6_b_5_1.p,intuitionistic,auto,1,false,,5,0,3,provable,unknown,recursion_limit,,two-sided,IMELL,365076,192,373.554,0,0,0,0,0,0,16384,370.000,0.346
lltp,ILL/petri-nets/MCC,,,DNAwalker_dnawalk-18_1_1.p,intuitionistic,auto,1,false,,5,0,3,provable,unknown,context_too_wide,,two-sided,IMELL,36602,169,8.748,1,0,0,0,0,0,16384,0.000,0.009
lltp,ILL/petri-nets/MCC,,,DNAwalker_dnawalk-18_20_1.p,intuitionistic,auto,1,false,,5,0,3,provable,unknown,context_too_wide,,two-sided,IMELL,36562,168,10.778,1,0,0,0,0,0,16384,10.000,0.029
lltp,ILL/petri-nets/MCC,,,DNAwalker_dnawalk-18_50_1.p,intuitionistic,auto,1,false,,5,0,3,provable,unknown,context_too_wide,,two-sided,IMELL,36538,168,8.626,1,0,0,0,0,0,16384,0.000,0.007
lltp,ILL/petri-nets/MCC,,,DNAwalker_dnawalk-18_5_1.p,intuitionistic,auto,1,false,,5,0,3,provable,unknown,context_too_wide,,two-sided,IMELL,36592,168,9.041,1,0,0,0,0,0,16384,0.000,0.024
lltp,ILL/petri-nets/MCC,,,DatabaseWithMutex_database20UNFOLD_100_1.p,intuitionistic,auto,1,false,,5,0,3,provable,unknown,timeout,,two-sided,IMELL,46636,21,6462.253,1,0,0,4136960,0,0,16384,6440.000,5.886
lltp,ILL/petri-nets/MCC,,,DatabaseWithMutex_database20UNFOLD_1_1.p,intuitionistic,auto,1,false,,5,0,3,provable,unknown,timeout,,two-sided,IMELL,46638,21,5345.899,1,0,0,2600960,0,0,16384,5320.000,5.617
lltp,ILL/petri-nets/MCC,,,DatabaseWithMutex_database20UNFOLD_20_1.p,intuitionistic,auto,1,false,,5,0,3,provable,unknown,timeout,,two-sided,IMELL,46658,21,5434.022,1,0,0,2605056,0,0,16384,5420.000,6.251
lltp,ILL/petri-nets/MCC,,,DatabaseWithMutex_database20UNFOLD_50_1.p,intuitionistic,auto,1,false,,5,0,3,provable,unknown,timeout,,two-sided,IMELL,46636,21,6779.428,1,0,0,4165632,0,0,16384,6760.000,6.503
lltp,ILL/petri-nets/MCC,,,DatabaseWithMutex_database20UNFOLD_5_1.p,intuitionistic,auto,1,false,,5,0,,,unknown,killed,,,,,,10502.615,,,,,,,,,
lltp,ILL/petri-nets/MCC,,,DatabaseWithMutex_database40UNFOLD_100_1.p,intuitionistic,auto,1,false,,5,0,3,provable,unknown,context_too_wide,,two-sided,IMELL,314076,41,268.934,1,0,0,0,0,0,16384,270.000,0.753
lltp,ILL/petri-nets/MCC,,,DatabaseWithMutex_database40UNFOLD_1_1.p,intuitionistic,auto,1,false,,5,0,3,provable,unknown,timeout,,two-sided,IMELL,314078,41,6155.471,1,0,0,520192,0,0,16384,6130.000,5.253
lltp,ILL/petri-nets/MCC,,,DatabaseWithMutex_database40UNFOLD_20_1.p,intuitionistic,auto,1,false,,5,0,3,provable,unknown,context_too_wide,,two-sided,IMELL,314138,41,263.731,1,0,0,0,0,0,16384,260.000,0.299
lltp,ILL/petri-nets/MCC,,,DatabaseWithMutex_database40UNFOLD_50_1.p,intuitionistic,auto,1,false,,5,0,3,provable,unknown,context_too_wide,,two-sided,IMELL,314108,41,265.084,1,0,0,0,0,0,16384,270.000,0.260
lltp,ILL/petri-nets/MCC,,,DatabaseWithMutex_database40UNFOLD_5_1.p,intuitionistic,auto,1,false,,5,0,3,provable,unknown,context_too_wide,,two-sided,IMELL,314152,41,267.191,1,0,0,0,0,0,16384,260.000,0.264
lltp,ILL/petri-nets/MCC,,,Dekker_dekker-100_100_1.p,intuitionistic,auto,1,false,,5,0,3,provable,unknown,context_too_wide,,two-sided,IMELL,161198,200,107.149,1,0,0,0,0,0,16384,110.000,0.089
lltp,ILL/petri-nets/MCC,,,Dekker_dekker-100_1_1.p,intuitionistic,auto,1,false,,5,0,3,provable,unknown,context_too_wide,,two-sided,IMELL,161198,200,106.134,1,0,0,0,0,0,16384,110.000,0.579
lltp,ILL/petri-nets/MCC,,,Dekker_dekker-100_20_1.p,intuitionistic,auto,1,false,,5,0,3,provable,unknown,context_too_wide,,two-sided,IMELL,161198,200,106.223,1,0,0,0,0,0,16384,110.000,0.098
lltp,ILL/petri-nets/MCC,,,Dekker_dekker-100_50_1.p,intuitionistic,auto,1,false,,5,0,3,provable,unknown,context_too_wide,,two-sided,IMELL,161198,200,106.726,1,0,0,0,0,0,16384,110.000,0.088
lltp,ILL/petri-nets/MCC,,,Dekker_dekker-100_5_1.p,intuitionistic,auto,1,false,,5,0,3,provable,unknown,context_too_wide,,two-sided,IMELL,161198,200,108.683,1,0,0,0,0,0,16384,120.000,0.108
lltp,ILL/petri-nets/MCC,,,Dekker_dekker-200_100_1.p,intuitionistic,auto,1,false,,5,0,3,provable,unknown,recursion_limit,,two-sided,IMELL,642398,400,656.233,0,0,0,0,0,0,16384,650.000,0.738
lltp,ILL/petri-nets/MCC,,,Dekker_dekker-200_1_1.p,intuitionistic,auto,1,false,,5,0,3,provable,unknown,recursion_limit,,two-sided,IMELL,642398,400,676.088,0,0,0,0,0,0,16384,680.000,1.037
lltp,ILL/petri-nets/MCC,,,Dekker_dekker-200_20_1.p,intuitionistic,auto,1,false,,5,0,3,provable,unknown,recursion_limit,,two-sided,IMELL,642398,400,671.397,0,0,0,0,0,0,16384,670.000,0.545
lltp,ILL/petri-nets/MCC,,,Dekker_dekker-200_50_1.p,intuitionistic,auto,1,false,,5,0,3,provable,unknown,recursion_limit,,two-sided,IMELL,642398,400,680.900,0,0,0,0,0,0,16384,680.000,1.140
lltp,ILL/petri-nets/MCC,,,Dekker_dekker-200_5_1.p,intuitionistic,auto,1,false,,5,0,3,provable,unknown,recursion_limit,,two-sided,IMELL,642398,400,681.465,0,0,0,0,0,0,16384,680.000,0.599
lltp,ILL/petri-nets/MCC,,,Dekker_dekker-50_100_1.p,intuitionistic,auto,1,false,,5,0,3,provable,unknown,context_too_wide,,two-sided,IMELL,40598,100,6.831,1,0,0,0,0,0,16384,0.000,0.017
lltp,ILL/petri-nets/MCC,,,Dekker_dekker-50_1_1.p,intuitionistic,auto,1,false,,5,0,3,provable,unknown,context_too_wide,,two-sided,IMELL,40598,100,6.881,1,0,0,0,0,0,16384,0.000,0.020
lltp,ILL/petri-nets/MCC,,,Dekker_dekker-50_20_1.p,intuitionistic,auto,1,false,,5,0,3,provable,unknown,context_too_wide,,two-sided,IMELL,40598,100,6.863,1,0,0,0,0,0,16384,0.000,0.011
lltp,ILL/petri-nets/MCC,,,Dekker_dekker-50_50_1.p,intuitionistic,auto,1,false,,5,0,3,provable,unknown,context_too_wide,,two-sided,IMELL,40598,100,8.577,1,0,0,0,0,0,16384,0.000,0.010
lltp,ILL/petri-nets/MCC,,,Dekker_dekker-50_5_1.p,intuitionistic,auto,1,false,,5,0,3,provable,unknown,context_too_wide,,two-sided,IMELL,40598,100,6.847,1,0,0,0,0,0,16384,0.000,0.006
lltp,ILL/petri-nets/MCC,,,Diffusion2D_2D8_gradient_20x20_100_1_1.p,intuitionistic,auto,1,false,,5,0,3,provable,unknown,context_too_wide,,two-sided,IMELL,12254,108,2.488,1,0,0,0,0,0,16384,0.000,0.003
lltp,ILL/petri-nets/MCC,,,Diffusion2D_2D8_gradient_20x20_100_20_1.p,intuitionistic,auto,1,false,,5,0,3,provable,proved,,ok,two-sided,IMELL,12254,108,3.907,5,0,3,203,0,0,16384,0.000,0.004
lltp,ILL/petri-nets/MCC,,,Diffusion2D_2D8_gradient_20x20_100_5_1.p,intuitionistic,auto,1,false,,5,0,3,provable,unknown,context_too_wide,,two-sided,IMELL,12254,108,2.646,1,0,0,0,0,0,16384,0.000,0.002
lltp,ILL/petri-nets/MCC,,,Diffusion2D_2D8_gradient_20x20_10_1_1.p,intuitionistic,auto,1,false,,5,0,3,provable,proved,,ok,two-sided,IMELL,11894,18,8.860,13,0,11,9264,0,0,16384,10.000,0.018
lltp,ILL/petri-nets/MCC,,,Diffusion2D_2D8_gradient_20x20_10_20_1.p,intuitionistic,auto,1,false,,5,0,3,provable,proved,,ok,two-sided,IMELL,11894,18,3.467,5,0,3,23,0,0,16384,10.000,0.012
lltp,ILL/petri-nets/MCC,,,Diffusion2D_2D8_gradient_20x20_10_5_1.p,intuitionistic,auto,1,false,,5,0,3,provable,unknown,timeout,,two-sided,IMELL,11894,18,5016.268,6491,6396,93,5133979,0,0,16384,5000.000,6.127
lltp,ILL/petri-nets/MCC,,,Diffusion2D_2D8_gradient_20x20_150_1_1.p,intuitionistic,auto,1,false,,5,0,3,provable,unknown,context_too_wide,,two-sided,IMELL,12454,158,2.736,1,0,0,0,0,0,16384,0.000,0.002
lltp,ILL/petri-nets/MCC,,,Diffusion2D_2D8_gradient_20x20_150_20_1.p,intuitionistic,auto,1,false,,5,0,3,provable,proved,,ok,two-sided,IMELL,12454,158,4.814,5,0,3,303,0,0,16384,0.000,0.005
lltp,ILL/petri-nets/MCC,,,Diffusion2D_2D8_gradient_20x20_150_5_1.p,intuitionistic,auto,1,false,,5,0,3,provable,unknown,context_too_wide,,two-sided,IMELL,12454,158,2.594,1,0,0,0,0,0,16384,0.000,0.010
lltp,ILL/petri-nets/MCC,,,Diffusion2D_2D8_gradient_20x20_50_1_1.p,intuitionistic,auto,1,false,,5,0,,,unknown,killed,,,,,,10515.803,,,,,,,,,
lltp,ILL/petri-nets/MCC,,,Diffusion2D_2D8_gradient_20x20_50_20_1.p,intuitionistic,auto,1,false,,5,0,3,provable,proved,,ok,two-sided,IMELL,12054,58,3.831,5,0,3,103,0,0,16384,0.000,0.005
lltp,ILL/petri-nets/MCC,,,Diffusion2D_2D8_gradient_20x20_50_5_1.p,intuitionistic,auto,1,false,,5,0,3,provable,unknown,timeout,,two-sided,IMELL,12054,58,5756.477,1,0,0,5935104,0,0,16384,5740.000,5.124
lltp,ILL/petri-nets/MCC,,,Diffusion2D_2D8_gradient_30x30_100_1_1.p,intuitionistic,auto,1,false,,5,0,3,provable,unknown,context_too_wide,,two-sided,IMELL,27774,108,11.602,1,0,0,0,0,0,16384,10.000,0.017
lltp,ILL/petri-nets/MCC,,,Diffusion2D_2D8_gradient_30x30_100_20_1.p,intuitionistic,auto,1,false,,5,0,3,provable,unknown,context_too_wide,,two-sided,IMELL,27774,108,71.647,44,8,34,7850,0,0,16384,70.000,0.277
lltp,ILL/petri-nets/MCC,,,Diffusion2D_2D8_gradient_30x30_100_5_1.p,intuitionistic,auto,1,false,,5,0,3,provable,unknown,context_too_wide,,two-sided,IMELL,27774,108,11.714,1,0,0,0,0,0,16384,10.000,0.016
lltp,ILL/petri-nets/MCC,,,Diffusion2D_2D8_gradient_30x30_10_1_1.p,intuitionistic,auto,1,false,,5,0,3,provable,proved,,ok,two-sided,IMELL,27414,18,26.164,13,0,11,9268,0,0,16384,20.000,0.027
lltp,ILL/petri-nets/MCC,,,Diffusion2D_2D8_gradient_30x30_10_20_1.p,intuitionistic,auto,1,false,,5,0,3,provable,unknown,timeout,,two-sided,IMELL,27414,18,5025.712,79533,38304,41142,654078,0,0,16384,5010.000,4.312
lltp,ILL/petri-nets/MCC,,,Diffusion2D_2D8_gradient_30x30_10_5_1.p,intuitionistic,auto,1,false,,5,0,3,provable,unknown,timeout,,two-sided,IMELL,27414,18,5046.881,1444,1405,37,2226593,0,0,16384,5030.000,4.429
lltp,ILL/petri-nets/MCC,,,Diffusion2D_2D8_gradient_30x30_150_1_1.p,intuitionistic,auto,1,false,,5,0,3,provable,unknown,context_too_wide,,two-sided,IMELL,27974,158,11.261,1,0,0,0,0,0,16384,10.000,0.022
lltp,ILL/petri-nets/MCC,,,Diffusion2D_2D8_gradient_30x30_150_20_1.p,intuitionistic,auto,1,false,,5,0,3,provable,unknown,context_too_wide,,two-sided,IMELL,27974,158,69.896,44,8,34,8350,0,0,16384,70.000,0.045
lltp,ILL/petri-nets/MCC,,,Diffusion2D_2D8_gradient_30x30_150_5_1.p,intuitionistic,auto,1,false,,5,0,3,provable,unknown,context_too_wide,,two-sided,IMELL,27974,158,11.345,1,0,0,0,0,0,16384,10.000,0.012
lltp,ILL/petri-nets/MCC,,,Diffusion2D_2D8_gradient_30x30_50_1_1.p,intuitionistic,auto,1,false,,5,0,,,unknown,killed,,,,,,10508.665,,,,,,,,,
lltp,ILL/petri-nets/MCC,,,Diffusion2D_2D8_gradient_30x30_50_20_1.p,intuitionistic,auto,1,false,,5,0,3,provable,unknown,timeout,,two-sided,IMELL,27574,58,5168.486,342508,9,342496,349814,0,0,16384,5150.000,5.165
lltp,ILL/petri-nets/MCC,,,Diffusion2D_2D8_gradient_30x30_50_5_1.p,intuitionistic,auto,1,false,,5,0,3,provable,unknown,timeout,,two-sided,IMELL,27574,58,6485.753,1,0,0,2867200,0,0,16384,6470.000,5.614
lltp,ILL/petri-nets/MCC,,,Diffusion2D_2D8_gradient_40x40_100_1_1.p,intuitionistic,auto,1,false,,5,0,3,provable,unknown,context_too_wide,,two-sided,IMELL,49694,108,33.263,1,0,0,0,0,0,16384,40.000,0.033
lltp,ILL/petri-nets/MCC,,,Diffusion2D_2D8_gradient_40x40_100_20_1.p,intuitionistic,auto,1,false,,5,0,3,provable,unknown,context_too_wide,,two-sided,IMELL,49694,108,215.041,44,8,34,13338,0,0,16384,210.000,0.149
lltp,ILL/petri-nets/MCC,,,Diffusion2D_2D8_gradient_40x40_100_5_1.p,intuitionistic,auto,1,false,,5,0,3,provable,unknown,context_too_wide,,two-sided,IMELL,49694,108,33.990,1,0,0,0,0,0,16384,40.000,0.037
lltp,ILL/petri-nets/MCC,,,Diffusion2D_2D8_gradient_40x40_10_1_1.p,intuitionistic,auto,1,false,,5,0,3,provable,proved,,ok,two-sided,IMELL,49334,18,64.965,13,0,11,9263,0,0,16384,70.000,0.636
lltp,ILL/petri-nets/MCC,,,Diffusion2D_2D8_gradient_40x40_10_20_1.p,intuitionistic,auto,1,false,,5,0,3,provable,unknown,timeout,,two-sided,IMELL,49334,18,5085.780,16956,4468,12457,362008,0,0,16384,5070.000,4.547
lltp,ILL/petri-nets/MCC,,,Diffusion2D_2D8_gradient_40x40_10_5_1.p,intuitionistic,auto,1,false,,5,0,3,provable,unknown,timeout,,two-sided,IMELL,49334,18,5179.602,619,587,30,1252601,0,0,16384,5170.000,4.587
lltp,ILL/petri-nets/MCC,,,Diffusion2D_2D8_gradient_40x40_150_1_1.p,intuitionistic,auto,1,false,,5,0,3,provable,unknown,context_too_wide,,two-sided,IMELL,49894,158,42.851,1,0,0,0,0,0,16384,40.000,0.362
lltp,ILL/petri-nets/MCC,,,Diffusion2D_2D8_gradient_40x40_150_20_1.p,intuitionistic,auto,1,false,,5,0,3,provable,unknown,context_too_wide,,two-sided,IMELL,49894,158,229.674,44,8,34,13838,0,0,16384,230.000,0.663
lltp,ILL/petri-nets/MCC,,,Diffusion2D_2D8_gradient_40x40_150_5_1.p,intuitionistic,auto,1,false,,5,0,3,provable,unknown,context_too_wide,,two-sided,IMELL,49894,158,35.781,1,0,0,0,0,0,16384,30.000,0.043
lltp,ILL/petri-nets/MCC,,,Diffusion2D_2D8_gradient_40x40_50_1_1.p,intuitionistic,auto,1,false,,5,0,,,unknown,killed,,,,,,10508.265,,,,,,,,,
lltp,ILL/petri-nets/MCC,,,Diffusion2D_2D8_gradient_40x40_50_20_1.p,intuitionistic,auto,1,false,,5,0,3,provable,unknown,timeout,,two-sided,IMELL,49494,58,5104.538,162713,9,162701,175507,0,0,16384,5090.000,5.156
lltp,ILL/petri-nets/MCC,,,Diffusion2D_2D8_gradient_40x40_50_5_1.p,intuitionistic,auto,1,false,,5,0,3,provable,unknown,timeout,,two-sided,IMELL,49494,58,7972.087,1,0,0,1966080,0,0,16384,7940.000,8.332
lltp,ILL/petri-nets/MCC,,,Diffusion2D_2D8_gradient_50x50_100_1_1.p,intuitionistic,auto,1,false,,5,0,3,provable,unknown,recursion_limit,,two-sided,IMELL,78014,108,86.132,0,0,0,0,0,0,16384,70.000,0.069
lltp,ILL/petri-nets/MCC,,,Diffusion2D_2D8_gradient_50x50_100_20_1.p,intuitionistic,auto,1,false,,5,0,3,provable,unknown,recursion_limit,,two-sided,IMELL,78014,108,86.302,0,0,0,0,0,0,16384,80.000,0.073
lltp,ILL/petri-nets/MCC,,,Diffusion2D_2D8_gradient_50x50_100_5_1.p,intuitionistic,auto,1,false,,5,0,3,provable,unknown,recursion_limit,,two-sided,IMELL,78014,108,85.506,0,0,0,0,0,0,16384,90.000,0.068
lltp,ILL/petri-nets/MCC,,,Diffusion2D_2D8_gradient_50x50_10_1_1.p,intuitionistic,auto,1,false,,5,0,3,provable,unknown,recursion_limit,,two-sided,IMELL,77654,18,85.251,0,0,0,0,0,0,16384,90.000,0.073
lltp,ILL/petri-nets/MCC,,,Diffusion2D_2D8_gradient_50x50_10_20_1.p,intuitionistic,auto,1,false,,5,0,3,provable,unknown,recursion_limit,,two-sided,IMELL,77654,18,86.611,0,0,0,0,0,0,16384,90.000,0.079
lltp,ILL/petri-nets/MCC,,,Diffusion2D_2D8_gradient_50x50_10_5_1.p,intuitionistic,auto,1,false,,5,0,3,provable,unknown,recursion_limit,,two-sided,IMELL,77654,18,85.633,0,0,0,0,0,0,16384,90.000,0.068
lltp,ILL/petri-nets/MCC,,,Diffusion2D_2D8_gradient_50x50_150_1_1.p,intuitionistic,auto,1,false,,5,0,3,provable,unknown,recursion_limit,,two-sided,IMELL,78214,158,83.487,0,0,0,0,0,0,16384,80.000,0.067
lltp,ILL/petri-nets/MCC,,,Diffusion2D_2D8_gradient_50x50_150_20_1.p,intuitionistic,auto,1,false,,5,0,3,provable,unknown,recursion_limit,,two-sided,IMELL,78214,158,84.166,0,0,0,0,0,0,16384,80.000,0.074
lltp,ILL/petri-nets/MCC,,,Diffusion2D_2D8_gradient_50x50_150_5_1.p,intuitionistic,auto,1,false,,5,0,3,provable,unknown,recursion_limit,,two-sided,IMELL,78214,158,85.301,0,0,0,0,0,0,16384,90.000,0.076
lltp,ILL/petri-nets/MCC,,,Diffusion2D_2D8_gradient_50x50_50_1_1.p,intuitionistic,auto,1,false,,5,0,3,provable,unknown,recursion_limit,,two-sided,IMELL,77814,58,87.461,0,0,0,0,0,0,16384,80.000,0.738
lltp,ILL/petri-nets/MCC,,,Diffusion2D_2D8_gradient_50x50_50_20_1.p,intuitionistic,auto,1,false,,5,0,3,provable,unknown,recursion_limit,,two-sided,IMELL,77814,58,87.314,0,0,0,0,0,0,16384,90.000,0.080
lltp,ILL/petri-nets/MCC,,,Diffusion2D_2D8_gradient_50x50_50_5_1.p,intuitionistic,auto,1,false,,5,0,3,provable,unknown,recursion_limit,,two-sided,IMELL,77814,58,90.374,0,0,0,0,0,0,16384,80.000,0.282
lltp,ILL/petri-nets/MCC,,,DrinkVendingMachine_distributeur-01-unfolded-10_100_1.p,intuitionistic,auto,1,false,,5,0,3,provable,unknown,recursion_limit,,two-sided,IMELL,2173278,32101,2399.764,0,0,0,0,0,0,16384,2390.000,2.474
lltp,ILL/petri-nets/MCC,,,DrinkVendingMachine_distributeur-01-unfolded-10_1_1.p,intuitionistic,auto,1,false,,5,0,3,provable,unknown,recursion_limit,,two-sided,IMELL,2173278,32101,2357.541,0,0,0,0,0,0,16384,2360.000,2.397
lltp,ILL/petri-nets/MCC,,,DrinkVendingMachine_distributeur-01-unfolded-10_20_1.p,intuitionistic,auto,1,false,,5,0,3,provable,unknown,recursion_limit,,two-sided,IMELL,2173278,32101,2365.999,0,0,0,0,0,0,16384,2360.000,2.342
lltp,ILL/petri-nets/MCC,,,DrinkVendingMachine_distributeur-01-unfolded-10_50_1.p,intuitionistic,auto,1,false,,5,0,3,provable,unknown,recursion_limit,,two-sided,IMELL,2173278,32101,2325.710,0,0,0,0,0,0,16384,2330.000,2.361
lltp,ILL/petri-nets/MCC,,,DrinkVendingMachine_distributeur-01-unfolded-10_5_1.p,intuitionistic,auto,1,false,,5,0,3,provable,unknown,recursion_limit,,two-sided,IMELL,2173278,32101,2324.144,0,0,0,0,0,0,16384,2310.000,2.666
lltp,ILL/petri-nets/MCC,,,Echo_echo-d2r19_100_1.p,intuitionistic,auto,1,false,,5,0,3,provable,unknown,context_too_wide,,two-sided,IMELL,33708,5,5.768,1,0,0,0,0,0,16384,0.000,0.014
lltp,ILL/petri-nets/MCC,,,Echo_echo-d2r19_1_1.p,intuitionistic,auto,1,false,,5,0,3,provable,unknown,context_too_wide,,two-sided,IMELL,33330,5,5.652,1,0,0,0,0,0,16384,0.000,0.006
lltp,ILL/petri-nets/MCC,,,Echo_echo-d2r19_20_1.p,intuitionistic,auto,1,false,,5,0,3,provable,unknown,context_too_wide,,two-sided,IMELL,33404,5,5.610,1,0,0,0,0,0,16384,0.000,0.005
lltp,ILL/petri-nets/MCC,,,Echo_echo-d2r19_50_1.p,intuitionistic,auto,1,false,,5,0,3,provable,unknown,context_too_wide,,two-sided,IMELL,33518,5,6.020,1,0,0,0,0,0,16384,0.000,0.004
lltp,ILL/petri-nets/MCC,,,Echo_echo-d2r19_5_1.p,intuitionistic,auto,1,false,,5,0,3,provable,unknown,context_too_wide,,two-sided,IMELL,33346,5,7.274,1,0,0,0,0,0,16384,0.000,0.007
lltp,ILL/petri-nets/MCC,,,Echo_echo-d3r7_100_1.p,intuitionistic,auto,1,false,,5,0,3,provable,unknown,context_too_wide,,two-sided,IMELL,53124,7,13.051,1,0,0,0,0,0,16384,20.000,0.011
lltp,ILL/petri-nets/MCC,,,Echo_echo-d3r7_1_1.p,intuitionistic,auto,1,false,,5,0,3,provable,unknown,context_too_wide,,two-sided,IMELL,52462,7,12.302,1,0,0,0,0,0,16384,0.000,0.010
lltp,ILL/petri-nets/MCC,,,Echo_echo-d3r7_20_1.p,intuitionistic,auto,1,false,,5,0,3,provable,unknown,context_too_wide,,two-sided,IMELL,52604,7,14.660,1,0,0,0,0,0,16384,20.000,0.013
lltp,ILL/petri-nets/MCC,,,Echo_echo-d3r7_50_1.p,intuitionistic,auto,1,false,,5,0,3,provable,unknown,context_too_wide,,two-sided,IMELL,52814,7,12.585,1,0,0,0,0,0,16384,10.000,0.018
lltp,ILL/petri-nets/MCC,,,Echo_echo-d3r7_5_1.p,intuitionistic,auto,1,false,,5,0,3,provable,unknown,context_too_wide,,two-sided,IMELL,52494,7,12.730,1,0,0,0,0,0,16384,10.000,0.012
lltp,ILL/petri-nets/MCC,,,Echo_echo-d5r3_100_1.p,intuitionistic,auto,1,false,,5,0,3,provable,unknown,context_too_wide,,two-sided,IMELL,58806,10,71.128,3,0,2,4,0,0,16384,70.000,0.055
lltp,ILL/petri-nets/MCC,,,Echo_echo-d5r3_1_1.p,intuitionistic,auto,1,false,,5,0,3,provable,unknown,context_too_wide,,two-sided,IMELL,57798,10,12.388,1,0,0,0,0,0,16384,0.000,0.011
lltp,ILL/petri-nets/MCC,,,Echo_echo-d5r3_20_1.p,intuitionistic,auto,1,false,,5,0,3,provable,unknown,context_too_wide,,two-sided,IMELL,58030,10,68.941,3,0,2,4,0,0,16384,80.000,0.051
lltp,ILL/petri-nets/MCC,,,Echo_echo-d5r3_50_1.p,intuitionistic,auto,1,false,,5,0,3,provable,unknown,context_too_wide,,two-sided,IMELL,58336,10,73.284,3,0,2,4,0,0,16384,80.000,0.139
lltp,ILL/petri-nets/MCC,,,Echo_echo-d5r3_5_1.p,intuitionistic,auto,1,false,,5,0,3,provable,unknown,context_too_wide,,two-sided,IMELL,57846,10,76.286,2,0,1,2,0,0,16384,70.000,0.055
lltp,ILL/petri-nets/MCC,,,EnergyBus_100_1.p,intuitionistic,auto,1,false,,5,0,3,provable,unknown,timeout,,two-sided,IMELL,126820,4188,6342.921,3,0,1,1884160,0,0,16384,6330.000,7.746
lltp,ILL/petri-nets/MCC,,,EnergyBus_1_1.p,intuitionistic,auto,1,false,,5,0,3,provable,unknown,timeout,,two-sided,IMELL,126820,4188,6639.367,3,0,1,2039808,0,0,16384,6620.000,6.035
lltp,ILL/petri-nets/MCC,,,EnergyBus_20_1.p,intuitionistic,auto,1,false,,5,0,3,provable,unknown,timeout,,two-sided,IMELL,126820,4188,6321.854,3,0,1,1884160,0,0,16384,6300.000,5.815
lltp,ILL/petri-nets/MCC,,,EnergyBus_5_1.p,intuitionistic,auto,1,false,,5,0,3,provable,unknown,timeout,,two-sided,IMELL,126822,4188,6517.975,3,0,1,2011136,0,0,16384,6500.000,4.886
lltp,ILL/petri-nets/MCC,,,Eratosthenes_eratosthenes-500_100_1.p,intuitionistic,auto,1,false,,5,0,3,provable,unknown,context_too_wide,,two-sided,IMELL,14940,250,2.565,1,0,0,0,0,0,16384,0.000,0.002
lltp,ILL/petri-nets/MCC,,,Eratosthenes_eratosthenes-500_1_1.p,intuitionistic,auto,1,false,,5,0,3,provable,unknown,context_too_wide,,two-sided,IMELL,15138,250,2.500,1,0,0,0,0,0,16384,0.000,0.002
lltp,ILL/petri-nets/MCC,,,Eratosthenes_eratosthenes-500_20_1.p,intuitionistic,auto,1,false,,5,0,3,provable,unknown,context_too_wide,,two-sided,IMELL,15100,250,2.350,1,0,0,0,0,0,16384,0.000,0.016
lltp,ILL/petri-nets/MCC,,,Eratosthenes_eratosthenes-500_50_1.p,intuitionistic,auto,1,false,,5,0,3,provable,unknown,context_too_wide,,two-sided,IMELL,15040,250,2.196,1,0,0,0,0,0,16384,0.000,0.009
lltp,ILL/petri-nets/MCC,,,Eratosthenes_eratosthenes-500_5_1.p,intuitionistic,auto,1,false,,5,0,3,provable,unknown,context_too_wide,,two-sided,IMELL,15130,250,2.292,1,0,0,0,0,0,16384,0.000,0.002
lltp,ILL/petri-nets/MCC,,,FlexibleBarrier_flexbar_12_b_100_1.p,intuitionistic,auto,1,false,,5,0,3,provable,unknown,timeout,,two-sided,IMELL,11482,145,5001.832,390940,388451,1731,2782926,0,0,16384,4990.000,5.221
lltp,ILL/petri-nets/MCC,,,FlexibleBarrier_flexbar_12_b_10_1.p,intuitionistic,auto,1,false,,5,0,3,provable,unknown,timeout,,two-sided,IMELL,11464,145,5002.461,387241,380718,5806,2758140,0,0,16384,4990.000,3.685
lltp,ILL/petri-nets/MCC,,,FlexibleBarrier_flexbar_12_b_1_1.p,intuitionistic,auto,1,false,,5,0,3,provable,proved,,ok,two-sided,IMELL,11458,145,22.720,1045,354,688,7441,0,0,16384,20.000,0.033
lltp,ILL/petri-nets/MCC,,,FlexibleBarrier_flexbar_12_b_20_1.p,intuitionistic,auto,1,false,,5,0,3,provable,unknown,timeout,,two-sided,IMELL,11464,145,5003.399,393250,386752,5774,2805313,0,0,16384,4990.000,4.376
lltp,ILL/petri-nets/MCC,,,FlexibleBarrier_flexbar_12_b_50_1.p,intuitionistic,auto,1,false,,5,0,3,provable,unknown,timeout,,two-sided,IMELL,11476,145,5003.501,403106,396561,5816,2830490,0,0,16384,4990.000,3.634
lltp,ILL/petri-nets/MCC,,,FlexibleBarrier_flexbar_12_b_5_1.p,intuitionistic,auto,1,false,,5,0,3,provable,unknown,timeout,,two-sided,IMELL,11462,145,5002.607,391204,384677,5806,2783584,0,0,16384,4980.000,4.105
lltp,ILL/petri-nets/MCC,,,FlexibleBarrier_flexbar_14_b_100_1.p,intuitionistic,auto,1,false,,5,0,3,provable,unknown,timeout,,two-sided,IMELL,15498,197,5001.154,216508,213764,2276,1827148,0,0,16384,4990.000,3.580
lltp,ILL/petri-nets/MCC,,,FlexibleBarrier_flexbar_14_b_10_1.p,intuitionistic,auto,1,false,,5,0,3,provable,unknown,timeout,,two-sided,IMELL,15486,197,5002.950,212927,211537,927,1782486,0,0,16384,4990.000,3.983
lltp,ILL/petri-nets/MCC,,,FlexibleBarrier_flexbar_14_b_1_1.p,intuitionistic,auto,1,false,,5,0,3,provable,proved,,ok,two-sided,IMELL,15470,197,42.200,1383,468,912,10065,0,0,16384,40.000,0.040
lltp,ILL/petri-nets/MCC,,,FlexibleBarrier_flexbar_14_b_20_1.p,intuitionistic,auto,1,false,,5,0,3,provable,unknown,timeout,,two-sided,IMELL,15476,197,5008.166,216893,214150,2273,1831995,0,0,16384,4990.000,3.928
lltp,ILL/petri-nets/MCC,,,FlexibleBarrier_flexbar_14_b_50_1.p,intuitionistic,auto,1,false,,5,0,3,provable,unknown,timeout,,two-sided,IMELL,15484,197,5003.261,215673,212935,2270,1824556,0,0,16384,4990.000,3.996
lltp,ILL/petri-nets/MCC,,,FlexibleBarrier_flexbar_14_b_5_1.p,intuitionistic,auto,1,false,,5,0,3,provable,unknown,timeout,,two-sided,IMELL,15478,197,5002.226,210175,208795,919,1775036,0,0,16384,4990.000,4.089
lltp,ILL/petri-nets/MCC,,,FlexibleBarrier_flexbar_16_b_100_1.p,intuitionistic,auto,1,false,,5,0,3,provable,unknown,timeout,,two-sided,IMELL,20122,257,5010.528,163455,162002,1171,1405740,0,0,16384,4990.000,3.729
lltp,ILL/petri-nets/MCC,,,FlexibleBarrier_flexbar_16_b_10_1.p,intuitionistic,auto,1,false,,5,0,3,provable,unknown,timeout,,two-sided,IMELL,20098,257,5003.256,210263,207110,2914,1557982,0,0,16384,4990.000,4.260
lltp,ILL/petri-nets/MCC,,,FlexibleBarrier_flexbar_16_b_1_1.p,intuitionistic,auto,1,false,,5,0,3,provable,proved,,ok,two-sided,IMELL,20090,257,68.370,1769,598,1168,13089,0,0,16384,60.000,0.071
lltp,ILL/petri-nets/MCC,,,FlexibleBarrier_flexbar_16_b_20_1.p,intuitionistic,auto,1,false,,5,0,3,provable,unknown,timeout,,two-sided,IMELL,20098,257,5014.675,213780,210628,2909,1584488,0,0,16384,4990.000,3.872
lltp,ILL/petri-nets/MCC,,,FlexibleBarrier_flexbar_16_b_50_1.p,intuitionistic,auto,1,false,,5,0,3,provable,unknown,timeout,,two-sided,IMELL,20104,257,5003.038,162047,160600,1166,1398537,0,0,16384,4990.000,4.191
lltp,ILL/petri-nets/MCC,,,FlexibleBarrier_flexbar_16_b_5_1.p,intuitionistic,auto,1,false,,5,0,3,provable,unknown,timeout,,two-sided,IMELL,20094,257,5002.474,208533,205387,2909,1548021,0,0,16384,4990.000,3.690
lltp,ILL/petri-nets/MCC,,,FlexibleBarrier_flexbar_18_b_100_1.p,intuitionistic,auto,1,false,,5,0,3,provable,unknown,timeout,,two-sided,IMELL,25354,325,5002.634,128575,126933,1465,1109698,0,0,16384,4980.000,4.441
lltp,ILL/petri-nets/MCC,,,FlexibleBarrier_flexbar_18_b_10_1.p,intuitionistic,auto,1,false,,5,0,3,provable,unknown,timeout,,two-sided,IMELL,25326,325,5003.249,125824,124189,1461,1088133,0,0,16384,4980.000,4.051
lltp,ILL/petri-nets/MCC,,,FlexibleBarrier_flexbar_18_b_1_1.p,intuitionistic,auto,1,false,,5,0,3,provable,proved,,ok,two-sided,IMELL,25318,325,110.361,2203,744,1456,16513,0,0,16384,110.000,0.242
lltp,ILL/petri-nets/MCC,,,FlexibleBarrier_flexbar_18_b_20_1.p,intuitionistic,auto,1,false,,5,0,3,provable,unknown,timeout,,two-sided,IMELL,25326,325,5011.977,165147,161367,3629,1239552,0,0,16384,5000.000,4.614
lltp,ILL/petri-nets/MCC,,,FlexibleBarrier_flexbar_18_b_50_1.p,intuitionistic,auto,1,false,,5,0,3,provable,unknown,timeout,,two-sided,IMELL,25332,325,5002.977,126272,124643,1453,1099016,0,0,16384,4990.000,3.948
lltp,ILL/petri-nets/MCC,,,FlexibleBarrier_flexbar_18_b_5_1.p,intuitionistic,auto,1,false,,5,0,3,provable,unknown,timeout,,two-sided,IMELL,25322,325,5002.889,161188,157411,3629,1210508,0,0,16384,4980.000,4.414
lltp,ILL/petri-nets/MCC,,,FlexibleBarrier_flexbar_20_b_100_1.p,intuitionistic,auto,1,false,,5,0,3,provable,unknown,timeout,,two-sided,IMELL,31192,401,5001.851,103997,102092,1787,904597,0,0,16384,4980.000,3.823
lltp,ILL/petri-nets/MCC,,,FlexibleBarrier_flexbar_20_b_10_1.p,intuitionistic,auto,1,false,,5,0,3,provable,unknown,timeout,,two-sided,IMELL,31160,401,5002.105,101118,99224,1779,881001,0,0,16384,4990.000,4.327
lltp,ILL/petri-nets/MCC,,,FlexibleBarrier_flexbar_20_b_1_1.p,intuitionistic,auto,1,false,,5,0,3,provable,proved,,ok,two-sided,IMELL,31154,401,167.790,2685,906,1776,20337,0,0,16384,170.000,0.438
lltp,ILL/petri-nets/MCC,,,FlexibleBarrier_flexbar_20_b_20_1.p,intuitionistic,auto,1,false,,5,0,3,provable,unknown,timeout,,two-sided,IMELL,31160,401,5003.113,103549,101653,1778,903216,0,0,16384,4990.000,4.959
lltp,ILL/petri-nets/MCC,,,FlexibleBarrier_flexbar_20_b_50_1.p,intuitionistic,auto,1,false,,5,0,3,provable,unknown,timeout,,two-sided,IMELL,31168,401,5003.926,103039,101148,1773,901754,0,0,16384,4990.000,4.449
lltp,ILL/petri-nets/MCC,,,FlexibleBarrier_flexbar_20_b_5_1.p,intuitionistic,auto,1,false,,5,0,3,provable,unknown,timeout,,two-sided,IMELL,31156,401,5003.010,100159,98267,1777,874914,0,0,16384,4990.000,3.896
lltp,ILL/petri-nets/MCC,,,FlexibleBarrier_flexbar_22_b_100_1.p,intuitionistic,auto,1,false,,5,0,3,provable,unknown,timeout,,two-sided,IMELL,37634,485,5030.713,85760,83541,2137,751750,0,0,16384,5010.000,4.257
lltp,ILL/petri-nets/MCC,,,FlexibleBarrier_flexbar_22_b_10_1.p,intuitionistic,auto,1,false,,5,0,3,provable,unknown,timeout,,two-sided,IMELL,37608,485,5006.903,105386,99996,5324,802402,0,0,16384,5000.000,3.972
lltp,ILL/petri-nets/MCC,,,FlexibleBarrier_flexbar_22_b_1_1.p,intuitionistic,auto,1,false,,5,0,3,provable,proved,,ok,two-sided,IMELL,37598,485,248.847,3215,1084,2128,24561,0,0,16384,250.000,1.148
lltp,ILL/petri-nets/MCC,,,FlexibleBarrier_flexbar_22_b_20_1.p,intuitionistic,auto,1,false,,5,0,3,provable,unknown,timeout,,two-sided,IMELL,37606,485,5005.990,107495,102118,5309,821723,0,0,16384,5000.000,3.941
lltp,ILL/petri-nets/MCC,,,FlexibleBarrier_flexbar_22_b_50_1.p,intuitionistic,auto,1,false,,5,0,3,provable,unknown,timeout,,two-sided,IMELL,37612,485,5016.804,84992,82783,2127,748808,0,0,16384,5010.000,4.192
lltp,ILL/petri-nets/MCC,,,FlexibleBarrier_flexbar_22_b_5_1.p,intuitionistic,auto,1,false,,5,0,3,provable,unknown,timeout,,two-sided,IMELL,37606,485,5004.502,83134,80920,2135,725554,0,0,16384,4990.000,3.722
lltp,ILL/petri-nets/MCC,,,GlobalResAllocation_galloc_res-3_100_1.p,intuitionistic,auto,1,false,,5,0,3,provable,unknown,timeout,,two-sided,IMELL,119494,5910,5001.719,1760870,1760387,481,2144522,0,0,16384,4990.000,4.270
lltp,ILL/petri-nets/MCC,,,GlobalResAllocation_galloc_res-3_10_1.p,intuitionistic,auto,1,false,,5,0,3,provable,unknown,timeout,,two-sided,IMELL,119494,5910,5001.983,1861574,1860803,769,2053834,0,0,16384,4990.000,4.138
lltp,ILL/petri-nets/MCC,,,GlobalResAllocation_galloc_res-3_1_1.p,intuitionistic,auto,1,false,,5,0,3,provable,unknown,timeout,,two-sided,IMELL,119482,5910,5001.961,1948527,1947756,769,2150327,0,0,16384,4990.000,4.541
lltp,ILL/petri-nets/MCC,,,GlobalResAllocation_galloc_res-3_20_1.p,intuitionistic,auto,1,false,,5,0,3,provable,unknown,timeout,,two-sided,IMELL,119494,5910,5002.080,1885440,1884669,769,2079980,0,0,16384,4990.000,4.074
lltp,ILL/petri-nets/MCC,,,GlobalResAllocation_galloc_res-3_50_1.p,intuitionistic,auto,1,false,,5,0,3,provable,unknown,timeout,,two-sided,IMELL,119494,5910,5001.806,1824920,1824377,541,2227260,0,0,16384,4990.000,4.088
lltp,ILL/petri-nets/MCC,,,GlobalResAllocation_galloc_res-3_5_1.p,intuitionistic,auto,1,false,,5,0,3,provable,unknown,timeout,,two-sided,IMELL,119494,5910,5001.970,2005473,2004702,769,2218455,0,0,16384,4990.000,3.925
lltp,ILL/petri-nets/MCC,,,GlobalResAllocation_galloc_res-5_100_1.p,intuitionistic,auto,1,false,,5,0,3,provable,unknown,recursion_limit,,two-sided,IMELL,1428214,43210,1616.329,0,0,0,0,0,0,16384,1610.000,1.273
lltp,ILL/petri-nets/MCC,,,GlobalResAllocation_galloc_res-5_1_1.p,intuitionistic,auto,1,false,,5,0,3,provable,unknown,recursion_limit,,two-sided,IMELL,1428214,43210,1639.959,0,0,0,0,0,0,16384,1640.000,1.783
lltp,ILL/petri-nets/MCC,,,GlobalResAllocation_galloc_res-5_20_1.p,intuitionistic,auto,1,false,,5,0,3,provable,unknown,recursion_limit,,two-sided,IMELL,1428232,43210,1636.440,0,0,0,0,0,0,16384,1630.000,1.805
lltp,ILL/petri-nets/MCC,,,GlobalResAllocation_galloc_res-5_50_1.p,intuitionistic,auto,1,false,,5,0,3,provable,unknown,recursion_limit,,two-sided,IMELL,1428232,43210,1662.714,0,0,0,0,0,0,16384,1660.000,1.796
lltp,ILL/petri-nets/MCC,,,GlobalResAllocation_galloc_res-5_5_1.p,intuitionistic,auto,1,false,,5,0,3,provable,unknown,recursion_limit,,two-sided,IMELL,1428238,43210,1661.634,0,0,0,0,0,0,16384,1660.000,1.818
lltp,ILL/petri-nets/MCC,,,HexagonalGrid_hxg_516_100_1.p,intuitionistic,auto,1,false,,5,0,3,provable,unknown,context_too_wide,,two-sided,IMELL,22606,38,4.737,1,0,0,110,0,0,16384,0.000,0.007
lltp,ILL/petri-nets/MCC,,,HexagonalGrid_hxg_516_1_1.p,intuitionistic,auto,1,false,,5,0,3,provable,unknown,context_too_wide,,two-sided,IMELL,22606,37,5.515,1,0,0,419,0,0,16384,0.000,0.017
lltp,ILL/petri-nets/MCC,,,HexagonalGrid_hxg_516_20_1.p,intuitionistic,auto,1,false,,5,0,3,provable,unknown,context_too_wide,,two-sided,IMELL,22606,37,4.181,1,0,0,190,0,0,16384,10.000,0.013
lltp,ILL/petri-nets/MCC,,,HexagonalGrid_hxg_516_50_1.p,intuitionistic,auto,1,false,,5,0,3,provable,unknown,context_too_wide,,two-sided,IMELL,22606,37,3.923,1,0,0,160,0,0,16384,0.000,0.018
lltp,ILL/petri-nets/MCC,,,HexagonalGrid_hxg_516_5_1.p,intuitionistic,auto,1,false,,5,0,3,provable,unknown,context_too_wide,,two-sided,IMELL,22606,37,4.053,1,0,0,205,0,0,16384,10.000,0.003
lltp,ILL/petri-nets/MCC,,,HexagonalGrid_hxg_816_100_1.p,intuitionistic,auto,1,false,,5,0,3,provable,unknown,context_too_wide,,two-sided,IMELL,61918,37,44.187,1,0,0,452,0,0,16384,30.000,5.173
lltp,ILL/petri-nets/MCC,,,HexagonalGrid_hxg_816_1_1.p,intuitionistic,auto,1,false,,5,0,3,provable,unknown,context_too_wide,,two-sided,IMELL,61918,37,33.576,1,0,0,551,0,0,16384,30.000,0.102
lltp,ILL/petri-nets/MCC,,,HexagonalGrid_hxg_816_20_1.p,intuitionistic,auto,1,false,,5,0,3,provable,unknown,context_too_wide,,two-sided,IMELL,61918,37,33.547,1,0,0,532,0,0,16384,30.000,0.223
lltp,ILL/petri-nets/MCC,,,HexagonalGrid_hxg_816_50_1.p,intuitionistic,auto,1,false,,5,0,3,provable,unknown,context_too_wide,,two-sided,IMELL,61918,37,35.062,1,0,0,502,0,0,16384,30.000,0.151
lltp,ILL/petri-nets/MCC,,,HexagonalGrid_hxg_816_5_1.p,intuitionistic,auto,1,false,,5,0,3,provable,unknown,context_too_wide,,two-sided,IMELL,61918,37,28.958,1,0,0,547,0,0,16384,20.000,0.028
lltp,ILL/petri-nets/MCC,,,HypercubeGrid_hc3k4p4b12_100_1.p,intuitionistic,auto,1,false,,5,0,3,provable,unknown,context_too_wide,,two-sided,IMELL,30334,44,6.691,1,0,0,176,0,0,16384,0.000,0.025
lltp,ILL/petri-nets/MCC,,,HypercubeGrid_hc3k4p4b12_1_1.p,intuitionistic,auto,1,false,,5,0,3,provable,unknown,context_too_wide,,two-sided,IMELL,30334,43,8.204,1,0,0,479,0,0,16384,20.000,0.007
lltp,ILL/petri-nets/MCC,,,HypercubeGrid_hc3k4p4b12_20_1.p,intuitionistic,auto,1,false,,5,0,3,provable,unknown,context_too_wide,,two-sided,IMELL,30334,43,6.188,1,0,0,220,0,0,16384,0.000,0.005
lltp,ILL/petri-nets/MCC,,,HypercubeGrid_hc3k4p4b12_50_1.p,intuitionistic,auto,1,false,,5,0,3,provable,unknown,context_too_wide,,two-sided,IMELL,30334,43,5.896,1,0,0,190,0,0,16384,0.000,0.005
lltp,ILL/petri-nets/MCC,,,HypercubeGrid_hc3k4p4b12_5_1.p,intuitionistic,auto,1,false,,5,0,3,provable,unknown,context_too_wide,,two-sided,IMELL,30334,43,7.564,1,0,0,235,0,0,16384,0.000,0.021
lltp,ILL/petri-nets/MCC,,,HypercubeGrid_hc4k3p3b12_100_1.p,intuitionistic,auto,1,false,,5,0,3,provable,unknown,context_too_wide,,two-sided,IMELL,58318,70,25.335,1,0,0,351,0,0,16384,20.000,0.028
lltp,ILL/petri-nets/MCC,,,HypercubeGrid_hc4k3p3b12_1_1.p,intuitionistic,auto,1,false,,5,0,3,provable,unknown,context_too_wide,,two-sided,IMELL,58318,69,30.721,1,0,0,863,0,0,16384,30.000,0.032
lltp,ILL/petri-nets/MCC,,,HypercubeGrid_hc4k3p3b12_20_1.p,intuitionistic,auto,1,false,,5,0,3,provable,unknown,context_too_wide,,two-sided,IMELL,58318,69,26.717,1,0,0,412,0,0,16384,30.000,0.024
lltp,ILL/petri-nets/MCC,,,HypercubeGrid_hc4k3p3b12_50_1.p,intuitionistic,auto,1,false,,5,0,3,provable,unknown,context_too_wide,,two-sided,IMELL,58318,69,25.167,1,0,0,382,0,0,16384,20.000,0.020
lltp,ILL/petri-nets/MCC,,,HypercubeGrid_hc4k3p3b12_5_1.p,intuitionistic,auto,1,false,,5,0,3,provable,unknown,context_too_wide,,two-sided,IMELL,58318,69,25.716,1,0,0,427,0,0,16384,20.000,0.021
lltp,ILL/petri-nets/MCC,,,HypercubeGrid_hc5k3p3b15_100_1.p,intuitionistic,auto,1,false,,5,0,3,provable,unknown,recursion_limit,,two-sided,IMELL,257578,106,278.209,0,0,0,0,0,0,16384,270.000,0.744
lltp,ILL/petri-nets/MCC,,,HypercubeGrid_hc5k3p3b15_1_1.p,intuitionistic,auto,1,false,,5,0,3,provable,unknown,recursion_limit,,two-sided,IMELL,257578,106,279.859,0,0,0,0,0,0,16384,280.000,0.241
lltp,ILL/petri-nets/MCC,,,HypercubeGrid_hc5k3p3b15_20_1.p,intuitionistic,auto,1,false,,5,0,3,provable,unknown,recursion_limit,,two-sided,IMELL,257578,106,277.811,0,0,0,0,0,0,16384,270.000,0.236
lltp,ILL/petri-nets/MCC,,,HypercubeGrid_hc5k3p3b15_50_1.p,intuitionistic,auto,1,false,,5,0,3,provable,unknown,recursion_limit,,two-sided,IMELL,257578,106,273.939,0,0,0,0,0,0,16384,280.000,0.224
lltp,ILL/petri-nets/MCC,,,HypercubeGrid_hc5k3p3b15_5_1.p,intuitionistic,auto,1,false,,5,0,3,provable,unknown,recursion_limit,,two-sided,IMELL,257578,106,276.673,0,0,0,0,0,0,16384,270.000,0.240
lltp,ILL/petri-nets/MCC,,,HypertorusGrid_ht_d4k3p2b08_100_1.p,intuitionistic,auto,1,false,,5,0,3,provable,unknown,context_too_wide,,two-sided,IMELL,51838,66,20.452,1,0,0,243,0,0,16384,20.000,0.028
lltp,ILL/petri-nets/MCC,,,HypertorusGrid_ht_d4k3p2b08_1_1.p,intuitionistic,auto,1,false,,5,0,3,provable,unknown,context_too_wide,,two-sided,IMELL,51838,65,24.004,1,0,0,647,0,0,16384,20.000,0.028
lltp,ILL/petri-nets/MCC,,,HypertorusGrid_ht_d4k3p2b08_20_1.p,intuitionistic,auto,1,false,,5,0,3,provable,unknown,context_too_wide,,two-sided,IMELL,51838,65,20.680,1,0,0,304,0,0,16384,10.000,0.019
lltp,ILL/petri-nets/MCC,,,HypertorusGrid_ht_d4k3p2b08_50_1.p,intuitionistic,auto,1,false,,5,0,3,provable,unknown,context_too_wide,,two-sided,IMELL,51838,65,20.771,1,0,0,274,0,0,16384,20.000,0.016
lltp,ILL/petri-nets/MCC,,,HypertorusGrid_ht_d4k3p2b08_5_1.p,intuitionistic,auto,1,false,,5,0,3,provable,unknown,context_too_wide,,two-sided,IMELL,51838,65,19.679,1,0,0,319,0,0,16384,10.000,0.019
lltp,ILL/petri-nets/MCC,,,HypertorusGrid_ht_d5k3p2b10_100_1.p,intuitionistic,auto,1,false,,5,0,3,provable,unknown,recursion_limit,,two-sided,IMELL,233278,101,250.528,0,0,0,0,0,0,16384,250.000,0.199
lltp,ILL/petri-nets/MCC,,,HypertorusGrid_ht_d5k3p2b10_1_1.p,intuitionistic,auto,1,false,,5,0,3,provable,unknown,recursion_limit,,two-sided,IMELL,233278,101,254.766,0,0,0,0,0,0,16384,250.000,0.212
lltp,ILL/petri-nets/MCC,,,HypertorusGrid_ht_d5k3p2b10_20_1.p,intuitionistic,auto,1,false,,5,0,3,provable,unknown,recursion_limit,,two-sided,IMELL,233278,101,251.306,0,0,0,0,0,0,16384,240.000,0.199
lltp,ILL/petri-nets/MCC,,,HypertorusGrid_ht_d5k3p2b10_50_1.p,intuitionistic,auto,1,false,,5,0,3,provable,unknown,recursion_limit,,two-sided,IMELL,233278,101,253.257,0,0,0,0,0,0,16384,250.000,0.233
lltp,ILL/petri-nets/MCC,,,HypertorusGrid_ht_d5k3p2b10_5_1.p,intuitionistic,auto,1,false,,5,0,3,provable,unknown,recursion_limit,,two-sided,IMELL,233278,101,254.017,0,0,0,0,0,0,16384,250.000,0.223
lltp,ILL/petri-nets/MCC,,,JoinFreeModules_joinFree-100_20_1.p,intuitionistic,auto,1,false,,5,0,3,provable,unknown,context_too_wide,,two-sided,IMELL,91206,203,148.746,1,0,0,8031,0,0,16384,140.000,0.602
lltp,ILL/petri-nets/MCC,,,JoinFreeModules_joinFree-100_5_1.p,intuitionistic,auto,1,false,,5,0,3,provable,unknown,context_too_wide,,two-sided,IMELL,91206,203,176.091,1,0,0,9780,0,0,16384,160.000,2.167
lltp,ILL/petri-nets/MCC,,,JoinFreeModules_joinFree-50_5_1.p,intuitionistic,auto,1,false,,5,0,3,provable,unknown,context_too_wide,,two-sided,IMELL,25606,103,11.795,1,0,0,2380,0,0,16384,10.000,0.021
lltp,ILL/petri-nets/MCC,,,NeighborGrid_z_5d_4n_1m_t_3_5_1_1.p,intuitionistic,auto,1,false,,5,0,3,provable,unknown,recursion_limit,,two-sided,IMELL,790526,194,908.476,0,0,0,0,0,0,16384,910.000,0.732
lltp,ILL/petri-nets/MCC,,,NeighborGrid_z_5d_4n_1m_t_3_5_20_1.p,intuitionistic,auto,1,false,,5,0,3,provable,unknown,recursion_limit,,two-sided,IMELL,790526,197,905.086,0,0,0,0,0,0,16384,900.000,0.681
lltp,ILL/petri-nets/MCC,,,NeighborGrid_z_5d_4n_1m_t_3_5_5_1.p,intuitionistic,auto,1,false,,5,0,3,provable,unknown,recursion_limit,,two-sided,IMELL,790526,195,899.835,0,0,0,0,0,0,16384,900.000,1.179
lltp,ILL/petri-nets/MCC,,,NeoElection_neoelection-4.unf_100_1.p,intuitionistic,auto,1,false,,5,0,3,provable,unknown,timeout,,two-sided,IMELL,27302,515,5331.610,2,0,1,3346432,0,0,16384,5320.000,5.095
lltp,ILL/petri-nets/MCC,,,NeoElection_neoelection-4.unf_10_1.p,intuitionistic,auto,1,false,,5,0,3,provable,unknown,timeout,,two-sided,IMELL,27296,515,5394.785,1,0,0,4734976,0,0,16384,5380.000,5.673
lltp,ILL/petri-nets/MCC,,,NeoElection_neoelection-4.unf_1_1.p,intuitionistic,auto,1,false,,5,0,3,provable,unknown,timeout,,two-sided,IMELL,27288,515,5464.210,1,0,0,3534848,0,0,16384,5440.000,5.592
lltp,ILL/petri-nets/MCC,,,NeoElection_neoelection-4.unf_20_1.p,intuitionistic,auto,1,false,,5,0,3,provable,unknown,timeout,,two-sided,IMELL,27304,515,5525.419,2,0,1,3346432,0,0,16384,5510.000,5.855
lltp,ILL/petri-nets/MCC,,,NeoElection_neoelection-4.unf_50_1.p,intuitionistic,auto,1,false,,5,0,3,provable,unknown,timeout,,two-sided,IMELL,27310,515,5357.079,2,0,1,3346432,0,0,16384,5340.000,6.015
lltp,ILL/petri-nets/MCC,,,NeoElection_neoelection-4.unf_5_1.p,intuitionistic,auto,1,false,,5,0,3,provable,unknown,timeout,,two-sided,IMELL,27292,515,5152.474,1,0,0,3919872,0,0,16384,5130.000,7.574
lltp,ILL/petri-nets/MCC,,,NeoElection_neoelection-5.unf_100_1.p,intuitionistic,auto,1,false,,5,0,3,provable,unknown,timeout,,two-sided,IMELL,54596,882,5764.791,2,0,1,1773568,0,0,16384,5740.000,7.015
lltp,ILL/petri-nets/MCC,,,NeoElection_neoelection-5.unf_10_1.p,intuitionistic,auto,1,false,,5,0,3,provable,unknown,timeout,,two-sided,IMELL,54572,882,7140.563,1,0,0,3313664,0,0,16384,7120.000,5.060
lltp,ILL/petri-nets/MCC,,,NeoElection_neoelection-5.unf_1_1.p,intuitionistic,auto,1,false,,5,0,3,provable,unknown,timeout,,two-sided,IMELL,54562,882,5824.823,1,0,0,1966080,0,0,16384,5810.000,4.384
lltp,ILL/petri-nets/MCC,,,NeoElection_neoelection-5.unf_20_1.p,intuitionistic,auto,1,false,,5,0,3,provable,unknown,timeout,,two-sided,IMELL,54582,882,5988.701,1,0,0,1798144,0,0,16384,5980.000,4.558
lltp,ILL/petri-nets/MCC,,,NeoElection_neoelection-5.unf_50_1.p,intuitionistic,auto,1,false,,5,0,3,provable,unknown,timeout,,two-sided,IMELL,54602,882,5643.674,2,0,1,1773568,0,0,16384,5640.000,4.316
lltp,ILL/petri-nets/MCC,,,NeoElection_neoelection-5.unf_5_1.p,intuitionistic,auto,1,false,,5,0,3,provable,unknown,timeout,,two-sided,IMELL,54564,882,6232.710,1,0,0,2547712,0,0,16384,6220.000,4.579
lltp,ILL/petri-nets/MCC,,,NeoElection_neoelection-6.unf_100_1.p,intuitionistic,auto,1,false,,5,0,3,provable,unknown,context_too_wide,,two-sided,IMELL,98446,1393,96.310,2,0,1,2,0,0,16384,90.000,0.075
lltp,ILL/petri-nets/MCC,,,NeoElection_neoelection-6.unf_10_1.p,intuitionistic,auto,1,false,,5,0,3,provable,unknown,context_too_wide,,two-sided,IMELL,98402,1393,52.146,1,0,0,0,0,0,16384,50.000,0.056
lltp,ILL/petri-nets/MCC,,,NeoElection_neoelection-6.unf_1_1.p,intuitionistic,auto,1,false,,5,0,3,provable,unknown,context_too_wide,,two-sided,IMELL,98390,1393,54.511,1,0,0,0,0,0,16384,50.000,0.560
lltp,ILL/petri-nets/MCC,,,NeoElection_neoelection-6.unf_20_1.p,intuitionistic,auto,1,false,,5,0,3,provable,unknown,context_too_wide,,two-sided,IMELL,98422,1393,56.532,1,0,0,0,0,0,16384,60.000,0.140
lltp,ILL/petri-nets/MCC,,,NeoElection_neoelection-6.unf_50_1.p,intuitionistic,auto,1,false,,5,0,3,provable,unknown,context_too_wide,,two-sided,IMELL,98450,1393,98.026,2,0,1,2,0,0,16384,100.000,0.073
lltp,ILL/petri-nets/MCC,,,NeoElection_neoelection-6.unf_5_1.p,intuitionistic,auto,1,false,,5,0,3,provable,unknown,context_too_wide,,two-sided,IMELL,98394,1393,55.418,1,0,0,0,0,0,16384,60.000,0.047
lltp,ILL/petri-nets/MCC,,,NeoElection_neoelection-7.unf_100_1.p,intuitionistic,auto,1,false,,5,0,3,provable,unknown,context_too_wide,,two-sided,IMELL,164464,2072,251.598,2,0,1,2,0,0,16384,260.000,0.205
lltp,ILL/petri-nets/MCC,,,NeoElection_neoelection-7.unf_10_1.p,intuitionistic,auto,1,false,,5,0,3,provable,unknown,context_too_wide,,two-sided,IMELL,164394,2072,161.181,1,0,0,0,0,0,16384,160.000,0.139
lltp,ILL/petri-nets/MCC,,,NeoElection_neoelection-7.unf_1_1.p,intuitionistic,auto,1,false,,5,0,3,provable,unknown,context_too_wide,,two-sided,IMELL,164382,2072,160.202,1,0,0,0,0,0,16384,150.000,0.140
lltp,ILL/petri-nets/MCC,,,NeoElection_neoelection-7.unf_20_1.p,intuitionistic,auto,1,false,,5,0,3,provable,unknown,context_too_wide,,two-sided,IMELL,164416,2072,152.453,1,0,0,0,0,0,16384,150.000,0.129
lltp,ILL/petri-nets/MCC,,,NeoElection_neoelection-7.unf_50_1.p,intuitionistic,auto,1,false,,5,0,3,provable,unknown,context_too_wide,,two-sided,IMELL,164466,2072,256.809,2,0,1,2,0,0,16384,260.000,0.207
lltp,ILL/petri-nets/MCC,,,NeoElection_neoelection-7.unf_5_1.p,intuitionistic,auto,1,false,,5,0,3,provable,unknown,context_too_wide,,two-sided,IMELL,164384,2072,162.486,1,0,0,0,0,0,16384,160.000,0.887
lltp,ILL/petri-nets/MCC,,,NeoElection_neoelection-8.unf_100_1.p,intuitionistic,auto,1,false,,5,0,3,provable,unknown,recursion_limit,,two-sided,IMELL,259076,2943,279.134,0,0,0,0,0,0,16384,280.000,0.224
lltp,ILL/petri-nets/MCC,,,NeoElection_neoelection-8.unf_10_1.p,intuitionistic,auto,1,false,,5,0,3,provable,unknown,recursion_limit,,two-sided,IMELL,258972,2943,293.614,0,0,0,0,0,0,16384,300.000,0.276
lltp,ILL/petri-nets/MCC,,,NeoElection_neoelection-8.unf_1_1.p,intuitionistic,auto,1,false,,5,0,3,provable,unknown,recursion_limit,,two-sided,IMELL,258964,2943,289.120,0,0,0,0,0,0,16384,280.000,0.236
lltp,ILL/petri-nets/MCC,,,NeoElection_neoelection-8.unf_20_1.p,intuitionistic,auto,1,false,,5,0,3,provable,unknown,recursion_limit,,two-sided,IMELL,258998,2943,286.557,0,0,0,0,0,0,16384,280.000,0.245
lltp,ILL/petri-nets/MCC,,,NeoElection_neoelection-8.unf_50_1.p,intuitionistic,auto,1,false,,5,0,3,provable,unknown,recursion_limit,,two-sided,IMELL,259050,2943,281.305,0,0,0,0,0,0,16384,280.000,0.229
lltp,ILL/petri-nets/MCC,,,NeoElection_neoelection-8.unf_5_1.p,intuitionistic,auto,1,false,,5,0,3,provable,unknown,recursion_limit,,two-sided,IMELL,258964,2943,287.855,0,0,0,0,0,0,16384,290.000,0.247
lltp,ILL/petri-nets/MCC,,,Peterson-6_1_1.p,intuitionistic,auto,1,false,,5,0,3,provable,unknown,timeout,,two-sided,IMELL,12622,38,5162.350,229894,470,229418,4086366,0,0,16384,5150.000,5.180
lltp,ILL/petri-nets/MCC,,,Peterson-7_100_1.p,intuitionistic,auto,1,false,,5,0,3,provable,unknown,timeout,,two-sided,IMELL,19258,51,6149.855,1,0,0,3997696,0,0,16384,6120.000,8.147
lltp,ILL/petri-nets/MCC,,,Peterson-7_10_1.p,intuitionistic,auto,1,false,,5,0,3,provable,unknown,timeout,,two-sided,IMELL,19258,51,5267.283,1,0,0,3227648,0,0,16384,5260.000,4.636
lltp,ILL/petri-nets/MCC,,,Peterson-7_1_1.p,intuitionistic,auto,1,false,,5,0,3,provable,unknown,timeout,,two-sided,IMELL,19258,51,6123.731,1,0,0,4317184,0,0,16384,6110.000,6.125
lltp,ILL/petri-nets/MCC,,,Peterson-7_20_1.p,intuitionistic,auto,1,false,,5,0,3,provable,unknown,timeout,,two-sided,IMELL,19258,51,5019.484,1,0,0,3244032,0,0,16384,5000.000,5.857
lltp,ILL/petri-nets/MCC,,,Peterson-7_50_1.p,intuitionistic,auto,1,false,,5,0,3,provable,unknown,timeout,,two-sided,IMELL,19258,51,5021.984,1,0,0,3244032,0,0,16384,5000.000,4.891
lltp,ILL/petri-nets/MCC,,,Peterson-7_5_1.p,intuitionistic,auto,1,false,,5,0,3,provable,unknown,timeout,,two-sided,IMELL,19258,51,5437.364,1,0,0,3219456,0,0,16384,5410.000,6.115
lltp,ILL/petri-nets/MCC,,,PhaseVariation_10-100_phaseVariation_100_1.p,intuitionistic,auto,1,false,,5,0,3,provable,unknown,context_too_wide,,two-sided,IMELL,45312,3237,13.283,2,0,1,4,0,0,16384,10.000,0.014
lltp,ILL/petri-nets/MCC,,,PhaseVariation_10-100_phaseVariation_1_1.p,intuitionistic,auto,1,false,,5,0,3,provable,unknown,context_too_wide,,two-sided,IMELL,45114,3237,11.431,2,0,1,4,0,0,16384,10.000,0.009
lltp,ILL/petri-nets/MCC,,,PhaseVariation_10-100_phaseVariation_20_1.p,intuitionistic,auto,1,false,,5,0,3,provable,unknown,context_too_wide,,two-sided,IMELL,45152,3237,12.422,2,0,1,4,0,0,16384,20.000,0.010
lltp,ILL/petri-nets/MCC,,,PhaseVariation_10-100_phaseVariation_50_1.p,intuitionistic,auto,1,false,,5,0,3,provable,unknown,context_too_wide,,two-sided,IMELL,45212,3237,11.645,2,0,1,4,0,0,16384,10.000,0.012
lltp,ILL/petri-nets/MCC,,,PhaseVariation_10-100_phaseVariation_5_1.p,intuitionistic,auto,1,false,,5,0,3,provable,unknown,context_too_wide,,two-sided,IMELL,45122,3237,11.347,2,0,1,4,0,0,16384,10.000,0.012
lltp,ILL/petri-nets/MCC,,,PhaseVariation_10-10_phaseVariation_100_1.p,intuitionistic,auto,1,false,,5,0,3,provable,unknown,context_too_wide,,two-sided,IMELL,44476,3147,10.788,2,0,1,4,0,0,16384,10.000,0.012
lltp,ILL/petri-nets/MCC,,,PhaseVariation_10-10_phaseVariation_1_1.p,intuitionistic,auto,1,false,,5,0,3,provable,unknown,context_too_wide,,two-sided,IMELL,44354,3147,12.137,2,0,1,4,0,0,16384,10.000,0.010
lltp,ILL/petri-nets/MCC,,,PhaseVariation_10-10_phaseVariation_20_1.p,intuitionistic,auto,1,false,,5,0,3,provable,unknown,context_too_wide,,two-sided,IMELL,44392,3147,9.673,2,0,1,4,0,0,16384,10.000,0.008
lltp,ILL/petri-nets/MCC,,,PhaseVariation_10-10_phaseVariation_50_1.p,intuitionistic,auto,1,false,,5,0,3,provable,unknown,context_too_wide,,two-sided,IMELL,44452,3147,11.228,2,0,1,4,0,0,16384,20.000,0.011
lltp,ILL/petri-nets/MCC,,,PhaseVariation_10-10_phaseVariation_5_1.p,intuitionistic,auto,1,false,,5,0,3,provable,unknown,context_too_wide,,two-sided,IMELL,44362,3147,10.748,2,0,1,4,0,0,16384,0.000,0.013
lltp,ILL/petri-nets/MCC,,,PhaseVariation_20-100_phaseVariation_100_1.p,intuitionistic,auto,1,false,,5,0,3,provable,unknown,context_too_wide,,two-sided,IMELL,190592,13557,205.536,2,0,1,4,0,0,16384,210.000,0.173
lltp,ILL/petri-nets/MCC,,,PhaseVariation_20-100_phaseVariation_1_1.p,intuitionistic,auto,1,false,,5,0,3,provable,unknown,context_too_wide,,two-sided,IMELL,190394,13557,209.460,2,0,1,4,0,0,16384,210.000,0.690
lltp,ILL/petri-nets/MCC,,,PhaseVariation_20-100_phaseVariation_20_1.p,intuitionistic,auto,1,false,,5,0,3,provable,unknown,context_too_wide,,two-sided,IMELL,190432,13557,209.974,2,0,1,4,0,0,16384,220.000,0.172
lltp,ILL/petri-nets/MCC,,,PhaseVariation_20-100_phaseVariation_50_1.p,intuitionistic,auto,1,false,,5,0,3,provable,unknown,context_too_wide,,two-sided,IMELL,190492,13557,209.771,2,0,1,4,0,0,16384,220.000,0.168
lltp,ILL/petri-nets/MCC,,,PhaseVariation_20-100_phaseVariation_5_1.p,intuitionistic,auto,1,false,,5,0,3,provable,unknown,context_too_wide,,two-sided,IMELL,190402,13557,209.516,2,0,1,4,0,0,16384,210.000,0.201
lltp,ILL/petri-nets/MCC,,,PhaseVariation_20-10_phaseVariation_100_1.p,intuitionistic,auto,1,false,,5,0,3,provable,unknown,context_too_wide,,two-sided,IMELL,190232,13467,209.582,2,0,1,4,0,0,16384,200.000,0.176
lltp,ILL/petri-nets/MCC,,,PhaseVariation_20-10_phaseVariation_1_1.p,intuitionistic,auto,1,false,,5,0,3,provable,unknown,context_too_wide,,two-sided,IMELL,190034,13467,207.267,2,0,1,4,0,0,16384,210.000,0.176
lltp,ILL/petri-nets/MCC,,,PhaseVariation_20-10_phaseVariation_20_1.p,intuitionistic,auto,1,false,,5,0,3,provable,unknown,context_too_wide,,two-sided,IMELL,190072,13467,209.262,2,0,1,4,0,0,16384,210.000,0.173
lltp,ILL/petri-nets/MCC,,,PhaseVariation_20-10_phaseVariation_50_1.p,intuitionistic,auto,1,false,,5,0,3,provable,unknown,context_too_wide,,two-sided,IMELL,190132,13467,210.735,2,0,1,4,0,0,16384,220.000,0.698
lltp,ILL/petri-nets/MCC,,,PhaseVariation_20-10_phaseVariation_5_1.p,intuitionistic,auto,1,false,,5,0,3,provable,unknown,context_too_wide,,two-sided,IMELL,190042,13467,210.371,2,0,1,4,0,0,16384,210.000,0.169
lltp,ILL/petri-nets/MCC,,,PhaseVariation_30-100_phaseVariation_100_1.p,intuitionistic,auto,1,false,,5,0,3,provable,unknown,recursion_limit,,two-sided,IMELL,437872,31077,507.131,0,0,0,0,0,0,16384,500.000,0.447
lltp,ILL/petri-nets/MCC,,,PhaseVariation_30-100_phaseVariation_1_1.p,intuitionistic,auto,1,false,,5,0,3,provable,unknown,recursion_limit,,two-sided,IMELL,437674,31077,512.019,0,0,0,0,0,0,16384,520.000,0.441
lltp,ILL/petri-nets/MCC,,,PhaseVariation_30-100_phaseVariation_20_1.p,intuitionistic,auto,1,false,,5,0,3,provable,unknown,recursion_limit,,two-sided,IMELL,437712,31077,501.050,0,0,0,0,0,0,16384,500.000,1.182
lltp,ILL/petri-nets/MCC,,,PhaseVariation_30-100_phaseVariation_50_1.p,intuitionistic,auto,1,false,,5,0,3,provable,unknown,recursion_limit,,two-sided,IMELL,437772,31077,504.163,0,0,0,0,0,0,16384,500.000,0.427
lltp,ILL/petri-nets/MCC,,,PhaseVariation_30-100_phaseVariation_5_1.p,intuitionistic,auto,1,false,,5,0,3,provable,unknown,recursion_limit,,two-sided,IMELL,437682,31077,503.087,0,0,0,0,0,0,16384,500.000,0.456
lltp,ILL/petri-nets/MCC,,,PhaseVariation_30-10_phaseVariation_100_1.p,intuitionistic,auto,1,false,,5,0,3,provable,unknown,recursion_limit,,two-sided,IMELL,437512,30987,504.297,0,0,0,0,0,0,16384,510.000,0.417
lltp,ILL/petri-nets/MCC,,,PhaseVariation_30-10_phaseVariation_1_1.p,intuitionistic,auto,1,false,,5,0,3,provable,unknown,recursion_limit,,two-sided,IMELL,437314,30987,500.878,0,0,0,0,0,0,16384,500.000,0.439
lltp,ILL/petri-nets/MCC,,,PhaseVariation_30-10_phaseVariation_20_1.p,intuitionistic,auto,1,false,,5,0,3,provable,unknown,recursion_limit,,two-sided,IMELL,437352,30987,501.458,0,0,0,0,0,0,16384,490.000,0.944
lltp,ILL/petri-nets/MCC,,,PhaseVariation_30-10_phaseVariation_50_1.p,intuitionistic,auto,1,false,,5,0,3,provable,unknown,recursion_limit,,two-sided,IMELL,437412,30987,499.229,0,0,0,0,0,0,16384,500.000,0.443
lltp,ILL/petri-nets/MCC,,,PhaseVariation_30-10_phaseVariation_5_1.p,intuitionistic,auto,1,false,,5,0,3,provable,unknown,recursion_limit,,two-sided,IMELL,437322,30987,499.861,0,0,0,0,0,0,16384,500.000,0.401
lltp,ILL/petri-nets/MCC,,,Philosophers-10000_100_1.p,intuitionistic,auto,1,false,,5,0,3,provable,unknown,recursion_limit,,two-sided,IMELL,399798,5,461.058,0,0,0,0,0,0,16384,460.000,0.917
lltp,ILL/petri-nets/MCC,,,Philosophers-10000_1_1.p,intuitionistic,auto,1,false,,5,0,3,provable,unknown,recursion_limit,,two-sided,IMELL,399996,5,457.948,0,0,0,0,0,0,16384,450.000,0.378
lltp,ILL/petri-nets/MCC,,,Philosophers-10000_20_1.p,intuitionistic,auto,1,false,,5,0,3,provable,unknown,recursion_limit,,two-sided,IMELL,399958,5,462.220,0,0,0,0,0,0,16384,460.000,0.389
lltp,ILL/petri-nets/MCC,,,Philosophers-10000_50_1.p,intuitionistic,auto,1,false,,5,0,3,provable,unknown,recursion_limit,,two-sided,IMELL,399898,5,461.072,0,0,0,0,0,0,16384,470.000,0.897
lltp,ILL/petri-nets/MCC,,,Philosophers-10000_5_1.p,intuitionistic,auto,1,false,,5,0,3,provable,unknown,recursion_limit,,two-sided,IMELL,399988,5,458.162,0,0,0,0,0,0,16384,460.000,0.389
lltp,ILL/petri-nets/MCC,,,Philosophers-1000_100_1.p,intuitionistic,auto,1,false,,5,0,3,provable,unknown,context_too_wide,,two-sided,IMELL,39798,5,13.726,1,0,0,0,0,0,16384,20.000,0.010
lltp,ILL/petri-nets/MCC,,,Philosophers-1000_1_1.p,intuitionistic,auto,1,false,,5,0,3,provable,unknown,context_too_wide,,two-sided,IMELL,39996,5,16.001,1,0,0,0,0,0,16384,20.000,0.015
lltp,ILL/petri-nets/MCC,,,Philosophers-1000_20_1.p,intuitionistic,auto,1,false,,5,0,3,provable,unknown,context_too_wide,,two-sided,IMELL,39958,5,12.619,1,0,0,0,0,0,16384,20.000,0.010
lltp,ILL/petri-nets/MCC,,,Philosophers-1000_50_1.p,intuitionistic,auto,1,false,,5,0,3,provable,unknown,context_too_wide,,two-sided,IMELL,39898,5,13.463,1,0,0,0,0,0,16384,20.000,0.011
lltp,ILL/petri-nets/MCC,,,Philosophers-1000_5_1.p,intuitionistic,auto,1,false,,5,0,3,provable,unknown,context_too_wide,,two-sided,IMELL,39988,5,13.750,1,0,0,0,0,0,16384,20.000,0.014
lltp,ILL/petri-nets/MCC,,,Philosophers-2000_100_1.p,intuitionistic,auto,1,false,,5,0,3,provable,unknown,context_too_wide,,two-sided,IMELL,79798,5,54.557,1,0,0,0,0,0,16384,50.000,0.044
lltp,ILL/petri-nets/MCC,,,Philosophers-2000_1_1.p,intuitionistic,auto,1,false,,5,0,3,provable,unknown,context_too_wide,,two-sided,IMELL,79996,5,55.170,1,0,0,0,0,0,16384,60.000,0.047
lltp,ILL/petri-nets/MCC,,,Philosophers-2000_20_1.p,intuitionistic,auto,1,false,,5,0,3,provable,unknown,context_too_wide,,two-sided,IMELL,79958,5,54.693,1,0,0,0,0,0,16384,50.000,0.045
lltp,ILL/petri-nets/MCC,,,Philosophers-2000_50_1.p,intuitionistic,auto,1,false,,5,0,3,provable,unknown,context_too_wide,,two-sided,IMELL,79898,5,51.590,1,0,0,0,0,0,16384,50.000,0.042
lltp,ILL/petri-nets/MCC,,,Philosophers-2000_5_1.p,intuitionistic,auto,1,false,,5,0,3,provable,unknown,context_too_wide,,two-sided,IMELL,79988,5,54.217,1,0,0,0,0,0,16384,50.000,0.051
lltp,ILL/petri-nets/MCC,,,Philosophers-5000_100_1.p,intuitionistic,auto,1,false,,5,0,3,provable,unknown,recursion_limit,,two-sided,IMELL,199798,5,230.795,0,0,0,0,0,0,16384,220.000,0.212
lltp,ILL/petri-nets/MCC,,,Philosophers-5000_1_1.p,intuitionistic,auto,1,false,,5,0,3,provable,unknown,recursion_limit,,two-sided,IMELL,199996,5,230.090,0,0,0,0,0,0,16384,230.000,0.945
lltp,ILL/petri-nets/MCC,,,Philosophers-5000_20_1.p,intuitionistic,auto,1,false,,5,0,3,provable,unknown,recursion_limit,,two-sided,IMELL,199958,5,231.350,0,0,0,0,0,0,16384,230.000,0.182
lltp,ILL/petri-nets/MCC,,,Philosophers-5000_50_1.p,intuitionistic,auto,1,false,,5,0,3,provable,unknown,recursion_limit,,two-sided,IMELL,199898,5,231.104,0,0,0,0,0,0,16384,220.000,0.186
lltp,ILL/petri-nets/MCC,,,Philosophers-5000_5_1.p,intuitionistic,auto,1,false,,5,0,3,provable,unknown,recursion_limit,,two-sided,IMELL,199988,5,234.514,0,0,0,0,0,0,16384,230.000,0.200
lltp,ILL/petri-nets/MCC,,,Philosophers-500_100_1.p,intuitionistic,auto,1,false,,5,0,3,provable,unknown,context_too_wide,,two-sided,IMELL,19798,5,4.008,1,0,0,0,0,0,16384,0.000,0.004
lltp,ILL/petri-nets/MCC,,,Philosophers-500_1_1.p,intuitionistic,auto,1,false,,5,0,3,provable,unknown,context_too_wide,,two-sided,IMELL,19996,5,3.527,1,0,0,0,0,0,16384,0.000,0.018
lltp,ILL/petri-nets/MCC,,,Philosophers-500_20_1.p,intuitionistic,auto,1,false,,5,0,3,provable,unknown,context_too_wide,,two-sided,IMELL,19958,5,3.196,1,0,0,0,0,0,16384,0.000,0.002
lltp,ILL/petri-nets/MCC,,,Philosophers-500_50_1.p,intuitionistic,auto,1,false,,5,0,3,provable,unknown,context_too_wide,,two-sided,IMELL,19898,5,4.437,1,0,0,0,0,0,16384,10.000,0.015
lltp,ILL/petri-nets/MCC,,,Philosophers-500_5_1.p,intuitionistic,auto,1,false,,5,0,3,provable,unknown,context_too_wide,,two-sided,IMELL,19988,5,3.193,1,0,0,0,0,0,16384,10.000,0.003
lltp,ILL/petri-nets/MCC,,,PhilosophersDyn_philo_dyn-10-unfolded_1_1.p,intuitionistic,auto,1,false,,5,0,3,provable,unknown,timeout,,two-sided,IMELL,36886,312,5015.616,2,0,1,2670592,0,0,16384,5000.000,5.701
lltp,ILL/petri-nets/MCC,,,PhilosophersDyn_philo_dyn-10-unfolded_20_1.p,intuitionistic,auto,1,false,,5,0,3,provable,unknown,timeout,,two-sided,IMELL,36886,311,6101.441,1,0,0,4734976,0,0,16384,6080.000,7.892
lltp,ILL/petri-nets/MCC,,,PhilosophersDyn_philo_dyn-10-unfolded_5_1.p,intuitionistic,auto,1,false,,5,0,3,provable,unknown,timeout,,two-sided,IMELL,36888,312,5019.555,2,0,1,2695168,0,0,16384,5000.000,5.974
lltp,ILL/petri-nets/MCC,,,PhilosophersDyn_philo_dyn-20-unfolded_1_1.p,intuitionistic,auto,1,false,,5,0,3,provable,unknown,recursion_limit,,two-sided,IMELL,283366,1222,319.492,0,0,0,0,0,0,16384,320.000,0.279
lltp,ILL/petri-nets/MCC,,,PhilosophersDyn_philo_dyn-20-unfolded_20_1.p,intuitionistic,auto,1,false,,5,0,3,provable,unknown,recursion_limit,,two-sided,IMELL,283366,1221,323.774,0,0,0,0,0,0,16384,320.000,0.263
lltp,ILL/petri-nets/MCC,,,PhilosophersDyn_philo_dyn-20-unfolded_5_1.p,intuitionistic,auto,1,false,,5,0,3,provable,unknown,recursion_limit,,two-sided,IMELL,283362,1221,323.003,0,0,0,0,0,0,16384,320.000,0.283
lltp,ILL/petri-nets/MCC,,,PolyORBLF_PolyORB-LF-S04-J04-T06-unfolded_100_1.p,intuitionistic,auto,1,false,,5,0,3,provable,unknown,timeout,,two-sided,IMELL,86634,12892,6176.482,1,0,0,2453504,0,0,16384,6160.000,6.660
lltp,ILL/petri-nets/MCC,,,PolyORBLF_PolyORB-LF-S04-J04-T06-unfolded_10_1.p,intuitionistic,auto,1,false,,5,0,3,provable,unknown,timeout,,two-sided,IMELL,86636,12892,5155.614,1,0,0,2224128,0,0,16384,5140.000,6.310
lltp,ILL/petri-nets/MCC,,,PolyORBLF_PolyORB-LF-S04-J04-T06-unfolded_1_1.p,intuitionistic,auto,1,false,,5,0,3,provable,unknown,timeout,,two-sided,IMELL,86654,12901,5263.992,1,0,0,2297856,0,0,16384,5240.000,6.926
lltp,ILL/petri-nets/MCC,,,PolyORBLF_PolyORB-LF-S04-J04-T06-unfolded_20_1.p,intuitionistic,auto,1,false,,5,0,3,provable,unknown,timeout,,two-sided,IMELL,86642,12892,6169.971,1,0,0,2453504,0,0,16384,6150.000,7.756
lltp,ILL/petri-nets/MCC,,,PolyORBLF_PolyORB-LF-S04-J04-T06-unfolded_50_1.p,intuitionistic,auto,1,false,,5,0,3,provable,unknown,timeout,,two-sided,IMELL,86648,12902,5651.320,1,0,0,2547712,0,0,16384,5640.000,6.028
lltp,ILL/petri-nets/MCC,,,PolyORBLF_PolyORB-LF-S04-J04-T06-unfolded_5_1.p,intuitionistic,auto,1,false,,5,0,3,provable,unknown,timeout,,two-sided,IMELL,86632,12892,5048.623,1,0,0,2297856,0,0,16384,5030.000,3.929
lltp,ILL/petri-nets/MCC,,,PolyORBLF_PolyORB-LF-S04-J04-T08-unfolded_100_1.p,intuitionistic,auto,1,false,,5,0,3,provable,unknown,context_too_wide,,two-sided,IMELL,115598,17188,33.435,1,0,0,1,0,0,16384,30.000,0.029
lltp,ILL/petri-nets/MCC,,,PolyORBLF_PolyORB-LF-S04-J04-T08-unfolded_10_1.p,intuitionistic,auto,1,false,,5,0,3,provable,unknown,context_too_wide,,two-sided,IMELL,115600,17188,32.444,1,0,0,1,0,0,16384,30.000,0.031
lltp,ILL/petri-nets/MCC,,,PolyORBLF_PolyORB-LF-S04-J04-T08-unfolded_1_1.p,intuitionistic,auto,1,false,,5,0,3,provable,unknown,context_too_wide,,two-sided,IMELL,115618,17197,33.312,1,0,0,0,0,0,16384,30.000,0.037
lltp,ILL/petri-nets/MCC,,,PolyORBLF_PolyORB-LF-S04-J04-T08-unfolded_20_1.p,intuitionistic,auto,1,false,,5,0,3,provable,unknown,context_too_wide,,two-sided,IMELL,115606,17188,32.900,1,0,0,1,0,0,16384,30.000,0.028
lltp,ILL/petri-nets/MCC,,,PolyORBLF_PolyORB-LF-S04-J04-T08-unfolded_50_1.p,intuitionistic,auto,1,false,,5,0,3,provable,unknown,context_too_wide,,two-sided,IMELL,115612,17198,32.279,1,0,0,0,0,0,16384,30.000,0.028
lltp,ILL/petri-nets/MCC,,,PolyORBLF_PolyORB-LF-S04-J04-T08-unfolded_5_1.p,intuitionistic,auto,1,false,,5,0,3,provable,unknown,context_too_wide,,two-sided,IMELL,115596,17188,32.791,1,0,0,1,0,0,16384,30.000,0.035
lltp,ILL/petri-nets/MCC,,,PolyORBLF_PolyORB-LF-S04-J04-T10-unfolded_100_1.p,intuitionistic,auto,1,false,,5,0,3,provable,unknown,context_too_wide,,two-sided,IMELL,144642,21484,53.286,1,0,0,1,0,0,16384,50.000,0.043
lltp,ILL/petri-nets/MCC,,,PolyORBLF_PolyORB-LF-S04-J04-T10-unfolded_10_1.p,intuitionistic,auto,1,false,,5,0,3,provable,unknown,context_too_wide,,two-sided,IMELL,144644,21484,48.302,1,0,0,1,0,0,16384,40.000,0.040
lltp,ILL/petri-nets/MCC,,,PolyORBLF_PolyORB-LF-S04-J04-T10-unfolded_1_1.p,intuitionistic,auto,1,false,,5,0,3,provable,unknown,context_too_wide,,two-sided,IMELL,144662,21493,52.868,1,0,0,0,0,0,16384,50.000,0.046
lltp,ILL/petri-nets/MCC,,,PolyORBLF_PolyORB-LF-S04-J04-T10-unfolded_20_1.p,intuitionistic,auto,1,false,,5,0,3,provable,unknown,context_too_wide,,two-sided,IMELL,144650,21484,52.865,1,0,0,1,0,0,16384,60.000,0.053
lltp,ILL/petri-nets/MCC,,,PolyORBLF_PolyORB-LF-S04-J04-T10-unfolded_50_1.p,intuitionistic,auto,1,false,,5,0,3,provable,unknown,context_too_wide,,two-sided,IMELL,144656,21494,53.208,1,0,0,0,0,0,16384,50.000,0.040
lltp,ILL/petri-nets/MCC,,,PolyORBLF_PolyORB-LF-S04-J04-T10-unfolded_5_1.p,intuitionistic,auto,1,false,,5,0,3,provable,unknown,context_too_wide,,two-sided,IMELL,144640,21484,53.016,1,0,0,1,0,0,16384,50.000,0.048
lltp,ILL/petri-nets/MCC,,,PolyORBLF_PolyORB-LF-S04-J06-T06-unfolded_100_1.p,intuitionistic,auto,1,false,,5,0,3,provable,unknown,timeout,,two-sided,IMELL,88274,12892,6439.138,1,0,0,2453504,0,0,16384,6420.000,7.184
lltp,ILL/petri-nets/MCC,,,PolyORBLF_PolyORB-LF-S04-J06-T06-unfolded_10_1.p,intuitionistic,auto,1,false,,5,0,3,provable,unknown,timeout,,two-sided,IMELL,88276,12892,5358.979,1,0,0,2224128,0,0,16384,5350.000,3.583
lltp,ILL/petri-nets/MCC,,,PolyORBLF_PolyORB-LF-S04-J06-T06-unfolded_1_1.p,intuitionistic,auto,1,false,,5,0,3,provable,unknown,context_too_wide,,two-sided,IMELL,88294,12901,20.366,1,0,0,0,0,0,16384,30.000,0.023
lltp,ILL/petri-nets/MCC,,,PolyORBLF_PolyORB-LF-S04-J06-T06-unfolded_20_1.p,intuitionistic,auto,1,false,,5,0,3,provable,unknown,timeout,,two-sided,IMELL,88282,12892,6457.926,1,0,0,2453504,0,0,16384,6430.000,5.247
lltp,ILL/petri-nets/MCC,,,PolyORBLF_PolyORB-LF-S04-J06-T06-unfolded_50_1.p,intuitionistic,auto,1,false,,5,0,3,provable,unknown,context_too_wide,,two-sided,IMELL,88288,12902,21.157,1,0,0,0,0,0,16384,10.000,0.017
lltp,ILL/petri-nets/MCC,,,PolyORBLF_PolyORB-LF-S04-J06-T06-unfolded_5_1.p,intuitionistic,auto,1,false,,5,0,3,provable,unknown,timeout,,two-sided,IMELL,88272,12892,5263.722,1,0,0,2297856,0,0,16384,5250.000,3.682
lltp,ILL/petri-nets/MCC,,,PolyORBLF_PolyORB-LF-S04-J06-T08-unfolded_100_1.p,intuitionistic,auto,1,false,,5,0,3,provable,unknown,context_too_wide,,two-sided,IMELL,117782,17188,33.766,1,0,0,1,0,0,16384,40.000,0.030
lltp,ILL/petri-nets/MCC,,,PolyORBLF_PolyORB-LF-S04-J06-T08-unfolded_10_1.p,intuitionistic,auto,1,false,,5,0,3,provable,unknown,context_too_wide,,two-sided,IMELL,117784,17188,36.030,1,0,0,1,0,0,16384,40.000,0.029
lltp,ILL/petri-nets/MCC,,,PolyORBLF_PolyORB-LF-S04-J06-T08-unfolded_1_1.p,intuitionistic,auto,1,false,,5,0,3,provable,unknown,context_too_wide,,two-sided,IMELL,117802,17197,35.319,1,0,0,0,0,0,16384,30.000,0.034
lltp,ILL/petri-nets/MCC,,,PolyORBLF_PolyORB-LF-S04-J06-T08-unfolded_20_1.p,intuitionistic,auto,1,false,,5,0,3,provable,unknown,context_too_wide,,two-sided,IMELL,117790,17188,34.784,1,0,0,1,0,0,16384,30.000,0.027
lltp,ILL/petri-nets/MCC,,,PolyORBLF_PolyORB-LF-S04-J06-T08-unfolded_50_1.p,intuitionistic,auto,1,false,,5,0,3,provable,unknown,context_too_wide,,two-sided,IMELL,117796,17198,38.631,1,0,0,0,0,0,16384,40.000,0.030
lltp,ILL/petri-nets/MCC,,,PolyORBLF_PolyORB-LF-S04-J06-T08-unfolded_5_1.p,intuitionistic,auto,1,false,,5,0,3,provable,unknown,context_too_wide,,two-sided,IMELL,117780,17188,35.367,1,0,0,1,0,0,16384,30.000,0.540
lltp,ILL/petri-nets/MCC,,,PolyORBLF_PolyORB-LF-S04-J06-T10-unfolded_100_1.p,intuitionistic,auto,1,false,,5,0,3,provable,unknown,context_too_wide,,two-sided,IMELL,147370,21484,57.049,1,0,0,1,0,0,16384,60.000,0.051
lltp,ILL/petri-nets/MCC,,,PolyORBLF_PolyORB-LF-S04-J06-T10-unfolded_10_1.p,intuitionistic,auto,1,false,,5,0,3,provable,unknown,context_too_wide,,two-sided,IMELL,147372,21484,57.384,1,0,0,1,0,0,16384,60.000,0.045
lltp,ILL/petri-nets/MCC,,,PolyORBLF_PolyORB-LF-S04-J06-T10-unfolded_1_1.p,intuitionistic,auto,1,false,,5,0,3,provable,unknown,context_too_wide,,two-sided,IMELL,147390,21493,58.283,1,0,0,0,0,0,16384,70.000,0.049
lltp,ILL/petri-nets/MCC,,,PolyORBLF_PolyORB-LF-S04-J06-T10-unfolded_20_1.p,intuitionistic,auto,1,false,,5,0,3,provable,unknown,context_too_wide,,two-sided,IMELL,147378,21484,56.780,1,0,0,1,0,0,16384,60.000,0.051
lltp,ILL/petri-nets/MCC,,,PolyORBLF_PolyORB-LF-S04-J06-T10-unfolded_50_1.p,intuitionistic,auto,1,false,,5,0,3,provable,unknown,context_too_wide,,two-sided,IMELL,147384,21494,56.592,1,0,0,0,0,0,16384,50.000,0.046
lltp,ILL/petri-nets/MCC,,,PolyORBLF_PolyORB-LF-S04-J06-T10-unfolded_5_1.p,intuitionistic,auto,1,false,,5,0,3,provable,unknown,context_too_wide,,two-sided,IMELL,147368,21484,58.140,1,0,0,1,0,0,16384,60.000,0.063
lltp,ILL/petri-nets/MCC,,,PolyORBLF_PolyORB-LF-S06-J04-T04-unfolded_10_1.p,intuitionistic,auto,1,false,,5,0,3,provable,unknown,timeout,,two-sided,IMELL,241326,38526,8802.501,1,0,0,1548288,0,0,16384,8790.000,6.535
lltp,ILL/petri-nets/MCC,,,PolyORBLF_PolyORB-LF-S06-J04-T04-unfolded_1_1.p,intuitionistic,auto,1,false,,5,0,3,provable,unknown,timeout,,two-sided,IMELL,241346,38535,9089.428,1,0,0,1593344,0,0,16384,9060.000,7.110
lltp,ILL/petri-nets/MCC,,,PolyORBLF_PolyORB-LF-S06-J04-T04-unfolded_20_1.p,intuitionistic,auto,1,false,,5,0,3,provable,unknown,timeout,,two-sided,IMELL,241322,38530,7083.674,1,0,0,1064960,0,0,16384,7070.000,5.651
lltp,ILL/petri-nets/MCC,,,PolyORBLF_PolyORB-LF-S06-J04-T04-unfolded_5_1.p,intuitionistic,auto,1,false,,5,0,3,provable,unknown,timeout,,two-sided,IMELL,241334,38533,8328.593,1,0,0,1392640,0,0,16384,8310.000,6.440
lltp,ILL/petri-nets/MCC,,,PolyORBLF_PolyORB-LF-S06-J04-T06-unfolded_10_1.p,intuitionistic,auto,1,false,,5,0,3,provable,unknown,context_too_wide,,two-sided,IMELL,361980,57786,266.620,1,0,0,1,0,0,16384,270.000,0.222
lltp,ILL/petri-nets/MCC,,,PolyORBLF_PolyORB-LF-S06-J04-T06-unfolded_1_1.p,intuitionistic,auto,1,false,,5,0,3,provable,unknown,context_too_wide,,two-sided,IMELL,361998,57795,276.322,1,0,0,0,0,0,16384,280.000,0.228
lltp,ILL/petri-nets/MCC,,,PolyORBLF_PolyORB-LF-S06-J04-T06-unfolded_20_1.p,intuitionistic,auto,1,false,,5,0,3,provable,unknown,context_too_wide,,two-sided,IMELL,361974,57790,279.652,1,0,0,0,0,0,16384,290.000,0.238
lltp,ILL/petri-nets/MCC,,,PolyORBLF_PolyORB-LF-S06-J04-T06-unfolded_5_1.p,intuitionistic,auto,1,false,,5,0,3,provable,unknown,context_too_wide,,two-sided,IMELL,361976,57786,270.214,1,0,0,1,0,0,16384,270.000,0.735
lltp,ILL/petri-nets/MCC,,,PolyORBLF_PolyORB-LF-S06-J04-T08-unfolded_10_1.p,intuitionistic,auto,1,false,,5,0,3,provable,unknown,context_too_wide,,two-sided,IMELL,482712,77046,470.635,1,0,0,1,0,0,16384,470.000,0.413
lltp,ILL/petri-nets/MCC,,,PolyORBLF_PolyORB-LF-S06-J04-T08-unfolded_1_1.p,intuitionistic,auto,1,false,,5,0,3,provable,unknown,context_too_wide,,two-sided,IMELL,482730,77055,468.779,1,0,0,0,0,0,16384,460.000,0.416
lltp,ILL/petri-nets/MCC,,,PolyORBLF_PolyORB-LF-S06-J04-T08-unfolded_20_1.p,intuitionistic,auto,1,false,,5,0,3,provable,unknown,context_too_wide,,two-sided,IMELL,482706,77050,474.174,1,0,0,0,0,0,16384,480.000,0.932
lltp,ILL/petri-nets/MCC,,,PolyORBLF_PolyORB-LF-S06-J04-T08-unfolded_5_1.p,intuitionistic,auto,1,false,,5,0,3,provable,unknown,context_too_wide,,two-sided,IMELL,482708,77046,470.312,1,0,0,1,0,0,16384,470.000,0.379
lltp,ILL/petri-nets/MCC,,,PolyORBLF_PolyORB-LF-S06-J06-T04-unfolded_10_1.p,intuitionistic,auto,1,false,,5,0,3,provable,unknown,timeout,,two-sided,IMELL,242680,38526,8906.555,1,0,0,1548288,0,0,16384,8890.000,7.949
lltp,ILL/petri-nets/MCC,,,PolyORBLF_PolyORB-LF-S06-J06-T04-unfolded_1_1.p,intuitionistic,auto,1,false,,5,0,3,provable,unknown,context_too_wide,,two-sided,IMELL,242698,38535,122.222,1,0,0,0,0,0,16384,130.000,0.114
lltp,ILL/petri-nets/MCC,,,PolyORBLF_PolyORB-LF-S06-J06-T04-unfolded_20_1.p,intuitionistic,auto,1,false,,5,0,3,provable,unknown,context_too_wide,,two-sided,IMELL,242674,38530,122.746,1,0,0,0,0,0,16384,120.000,0.105
lltp,ILL/petri-nets/MCC,,,PolyORBLF_PolyORB-LF-S06-J06-T04-unfolded_5_1.p,intuitionistic,auto,1,false,,5,0,3,provable,unknown,timeout,,two-sided,IMELL,242676,38526,8231.890,1,0,0,1499136,0,0,16384,8210.000,6.175
lltp,ILL/petri-nets/MCC,,,PolyORBLF_PolyORB-LF-S06-J06-T06-unfolded_10_1.p,intuitionistic,auto,1,false,,5,0,3,provable,unknown,context_too_wide,,two-sided,IMELL,364002,57786,267.763,1,0,0,1,0,0,16384,280.000,0.239
lltp,ILL/petri-nets/MCC,,,PolyORBLF_PolyORB-LF-S06-J06-T06-unfolded_1_1.p,intuitionistic,auto,1,false,,5,0,3,provable,unknown,context_too_wide,,two-sided,IMELL,364022,57795,276.930,1,0,0,0,0,0,16384,280.000,0.226
lltp,ILL/petri-nets/MCC,,,PolyORBLF_PolyORB-LF-S06-J06-T06-unfolded_20_1.p,intuitionistic,auto,1,false,,5,0,3,provable,unknown,context_too_wide,,two-sided,IMELL,363998,57790,273.338,1,0,0,0,0,0,16384,280.000,0.239
lltp,ILL/petri-nets/MCC,,,PolyORBLF_PolyORB-LF-S06-J06-T06-unfolded_5_1.p,intuitionistic,auto,1,false,,5,0,3,provable,unknown,context_too_wide,,two-sided,IMELL,364000,57786,282.031,1,0,0,1,0,0,16384,280.000,0.748
lltp,ILL/petri-nets/MCC,,,PolyORBLF_PolyORB-LF-S06-J06-T08-unfolded_10_1.p,intuitionistic,auto,1,false,,5,0,3,provable,unknown,context_too_wide,,two-sided,IMELL,485408,77046,488.920,1,0,0,1,0,0,16384,490.000,0.412
lltp,ILL/petri-nets/MCC,,,PolyORBLF_PolyORB-LF-S06-J06-T08-unfolded_1_1.p,intuitionistic,auto,1,false,,5,0,3,provable,unknown,context_too_wide,,two-sided,IMELL,485426,77055,490.779,1,0,0,0,0,0,16384,490.000,0.424
lltp,ILL/petri-nets/MCC,,,PolyORBLF_PolyORB-LF-S06-J06-T08-unfolded_20_1.p,intuitionistic,auto,1,false,,5,0,3,provable,unknown,context_too_wide,,two-sided,IMELL,485402,77050,485.951,1,0,0,0,0,0,16384,500.000,0.969
lltp,ILL/petri-nets/MCC,,,PolyORBLF_PolyORB-LF-S06-J06-T08-unfolded_5_1.p,intuitionistic,auto,1,false,,5,0,3,provable,unknown,context_too_wide,,two-sided,IMELL,485404,77046,485.261,1,0,0,1,0,0,16384,480.000,0.421
lltp,ILL/petri-nets/MCC,,,PolyORBNT_PolyORB-NT-S05-J80-unfolded_10_1.p,intuitionistic,auto,1,false,,5,0,3,provable,unknown,context_too_wide,,two-sided,IMELL,44878,4880,8.690,1,0,0,2,0,0,16384,10.000,0.008
lltp,ILL/petri-nets/MCC,,,PolyORBNT_PolyORB-NT-S05-J80-unfolded_1_1.p,intuitionistic,auto,1,false,,5,0,3,provable,unknown,context_too_wide,,two-sided,IMELL,44894,4884,9.031,1,0,0,2,0,0,16384,10.000,0.009
lltp,ILL/petri-nets/MCC,,,PolyORBNT_PolyORB-NT-S05-J80-unfolded_20_1.p,intuitionistic,auto,1,false,,5,0,3,provable,unknown,context_too_wide,,two-sided,IMELL,44876,4880,7.876,1,0,0,0,0,0,16384,10.000,0.005
lltp,ILL/petri-nets/MCC,,,PolyORBNT_PolyORB-NT-S05-J80-unfolded_5_1.p,intuitionistic,auto,1,false,,5,0,3,provable,unknown,context_too_wide,,two-sided,IMELL,44882,4881,8.142,1,0,0,0,0,0,16384,10.000,0.007
lltp,ILL/petri-nets/MCC,,,PolyORBNT_PolyORB-NT-S10-J20-unfolded_10_1.p,intuitionistic,auto,1,false,,5,0,3,provable,unknown,context_too_wide,,two-sided,IMELL,423980,67903,350.356,1,0,0,2,0,0,16384,350.000,0.290
lltp,ILL/petri-nets/MCC,,,PolyORBNT_PolyORB-NT-S10-J20-unfolded_1_1.p,intuitionistic,auto,1,false,,5,0,3,provable,unknown,context_too_wide,,two-sided,IMELL,424004,67909,354.136,1,0,0,2,0,0,16384,360.000,0.830
lltp,ILL/petri-nets/MCC,,,PolyORBNT_PolyORB-NT-S10-J20-unfolded_20_1.p,intuitionistic,auto,1,false,,5,0,3,provable,unknown,context_too_wide,,two-sided,IMELL,423966,67900,349.309,1,0,0,0,0,0,16384,350.000,0.276
lltp,ILL/petri-nets/MCC,,,PolyORBNT_PolyORB-NT-S10-J20-unfolded_5_1.p,intuitionistic,auto,1,false,,5,0,3,provable,unknown,context_too_wide,,two-sided,IMELL,423988,67905,344.316,1,0,0,2,0,0,16384,330.000,0.328
lltp,ILL/petri-nets/MCC,,,PolyORBNT_PolyORB-NT-S10-J30-unfolded_10_1.p,intuitionistic,auto,1,false,,5,0,3,provable,unknown,context_too_wide,,two-sided,IMELL,426904,67904,368.466,1,0,0,2,0,0,16384,380.000,0.316
lltp,ILL/petri-nets/MCC,,,PolyORBNT_PolyORB-NT-S10-J30-unfolded_1_1.p,intuitionistic,auto,1,false,,5,0,3,provable,unknown,context_too_wide,,two-sided,IMELL,426924,67909,367.594,1,0,0,2,0,0,16384,360.000,0.827
lltp,ILL/petri-nets/MCC,,,PolyORBNT_PolyORB-NT-S10-J30-unfolded_20_1.p,intuitionistic,auto,1,false,,5,0,3,provable,unknown,context_too_wide,,two-sided,IMELL,426886,67900,358.987,1,0,0,0,0,0,16384,360.000,0.277
lltp,ILL/petri-nets/MCC,,,PolyORBNT_PolyORB-NT-S10-J30-unfolded_5_1.p,intuitionistic,auto,1,false,,5,0,3,provable,unknown,context_too_wide,,two-sided,IMELL,426908,67905,368.684,1,0,0,2,0,0,16384,370.000,0.302
lltp,ILL/petri-nets/MCC,,,PolyORBNT_PolyORB-NT-S10-J40-unfolded_10_1.p,intuitionistic,auto,1,false,,5,0,3,provable,unknown,context_too_wide,,two-sided,IMELL,429816,67902,375.828,1,0,0,0,0,0,16384,370.000,0.344
lltp,ILL/petri-nets/MCC,,,PolyORBNT_PolyORB-NT-S10-J40-unfolded_1_1.p,intuitionistic,auto,1,false,,5,0,3,provable,unknown,context_too_wide,,two-sided,IMELL,429844,67909,374.679,1,0,0,2,0,0,16384,380.000,0.303
lltp,ILL/petri-nets/MCC,,,PolyORBNT_PolyORB-NT-S10-J40-unfolded_20_1.p,intuitionistic,auto,1,false,,5,0,3,provable,unknown,context_too_wide,,two-sided,IMELL,429806,67900,373.832,1,0,0,0,0,0,16384,370.000,0.298
lltp,ILL/petri-nets/MCC,,,PolyORBNT_PolyORB-NT-S10-J40-unfolded_5_1.p,intuitionistic,auto,1,false,,5,0,3,provable,unknown,context_too_wide,,two-sided,IMELL,429828,67905,378.495,1,0,0,2,0,0,16384,380.000,0.304
lltp,ILL/petri-nets/MCC,,,PolyORBNT_PolyORB-NT-S10-J60-unfolded_10_1.p,intuitionistic,auto,1,false,,5,0,3,provable,unknown,context_too_wide,,two-sided,IMELL,435664,67904,400.975,1,0,0,2,0,0,16384,410.000,0.855
lltp,ILL/petri-nets/MCC,,,PolyORBNT_PolyORB-NT-S10-J60-unfolded_1_1.p,intuitionistic,auto,1,false,,5,0,3,provable,unknown,context_too_wide,,two-sided,IMELL,435684,67909,398.450,1,0,0,2,0,0,16384,400.000,0.311
lltp,ILL/petri-nets/MCC,,,PolyORBNT_PolyORB-NT-S10-J60-unfolded_20_1.p,intuitionistic,auto,1,false,,5,0,3,provable,unknown,context_too_wide,,two-sided,IMELL,435646,67900,397.177,1,0,0,0,0,0,16384,390.000,0.337
lltp,ILL/petri-nets/MCC,,,PolyORBNT_PolyORB-NT-S10-J60-unfolded_5_1.p,intuitionistic,auto,1,false,,5,0,3,provable,unknown,context_too_wide,,two-sided,IMELL,435668,67905,393.807,1,0,0,2,0,0,16384,380.000,0.351
lltp,ILL/petri-nets/MCC,,,PolyORBNT_PolyORB-NT-S10-J80-unfolded_10_1.p,intuitionistic,auto,1,false,,5,0,3,provable,unknown,context_too_wide,,two-sided,IMELL,441496,67902,417.732,1,0,0,0,0,0,16384,420.000,1.152
lltp,ILL/petri-nets/MCC,,,PolyORBNT_PolyORB-NT-S10-J80-unfolded_1_1.p,intuitionistic,auto,1,false,,5,0,3,provable,unknown,context_too_wide,,two-sided,IMELL,441524,67909,418.907,1,0,0,2,0,0,16384,420.000,0.345
lltp,ILL/petri-nets/MCC,,,PolyORBNT_PolyORB-NT-S10-J80-unfolded_20_1.p,intuitionistic,auto,1,false,,5,0,3,provable,unknown,context_too_wide,,two-sided,IMELL,441486,67900,419.114,1,0,0,0,0,0,16384,420.000,0.350
lltp,ILL/petri-nets/MCC,,,PolyORBNT_PolyORB-NT-S10-J80-unfolded_5_1.p,intuitionistic,auto,1,false,,5,0,3,provable,unknown,context_too_wide,,two-sided,IMELL,441508,67905,418.010,1,0,0,2,0,0,16384,420.000,0.890
lltp,ILL/petri-nets/MCC,,,Railroad_railroad-050-pt_100_1.p,intuitionistic,auto,1,false,,5,0,3,provable,unknown,context_too_wide,,two-sided,IMELL,33170,2600,7.690,1,0,0,4,0,0,16384,0.000,0.008
lltp,ILL/petri-nets/MCC,,,Railroad_railroad-050-pt_10_1.p,intuitionistic,auto,1,false,,5,0,3,provable,unknown,context_too_wide,,two-sided,IMELL,33166,2601,7.562,1,0,0,1,0,0,16384,0.000,0.008
lltp,ILL/petri-nets/MCC,,,Railroad_railroad-050-pt_1_1.p,intuitionistic,auto,1,false,,5,0,3,provable,unknown,context_too_wide,,two-sided,IMELL,33172,2601,6.136,1,0,0,1,0,0,16384,0.000,0.006
lltp,ILL/petri-nets/MCC,,,Railroad_railroad-050-pt_20_1.p,intuitionistic,auto,1,false,,5,0,3,provable,unknown,context_too_wide,,two-sided,IMELL,33172,2600,6.092,1,0,0,4,0,0,16384,0.000,0.006
lltp,ILL/petri-nets/MCC,,,Railroad_railroad-050-pt_50_1.p,intuitionistic,auto,1,false,,5,0,3,provable,unknown,context_too_wide,,two-sided,IMELL,33174,2601,5.972,1,0,0,13,0,0,16384,0.000,0.006
lltp,ILL/petri-nets/MCC,,,Railroad_railroad-050-pt_5_1.p,intuitionistic,auto,1,false,,5,0,3,provable,unknown,context_too_wide,,two-sided,IMELL,33172,2601,7.282,1,0,0,1,0,0,16384,0.000,0.005
lltp,ILL/petri-nets/MCC,,,Railroad_railroad-100-pt_100_1.p,intuitionistic,auto,1,false,,5,0,3,provable,unknown,context_too_wide,,two-sided,IMELL,126182,10201,93.922,1,0,0,1,0,0,16384,90.000,0.073
lltp,ILL/petri-nets/MCC,,,Railroad_railroad-100-pt_1_1.p,intuitionistic,auto,1,false,,5,0,3,provable,unknown,context_too_wide,,two-sided,IMELL,126272,10201,91.672,1,0,0,10,0,0,16384,90.000,0.075
lltp,ILL/petri-nets/MCC,,,Railroad_railroad-100-pt_20_1.p,intuitionistic,auto,1,false,,5,0,3,provable,unknown,context_too_wide,,two-sided,IMELL,126262,10201,92.574,1,0,0,11,0,0,16384,90.000,0.085
lltp,ILL/petri-nets/MCC,,,Railroad_railroad-100-pt_50_1.p,intuitionistic,auto,1,false,,5,0,3,provable,unknown,context_too_wide,,two-sided,IMELL,126232,10201,90.641,1,0,0,1,0,0,16384,100.000,0.086
lltp,ILL/petri-nets/MCC,,,Railroad_railroad-100-pt_5_1.p,intuitionistic,auto,1,false,,5,0,3,provable,unknown,context_too_wide,,two-sided,IMELL,126272,10201,89.849,1,0,0,10,0,0,16384,90.000,0.070
lltp,ILL/petri-nets/MCC,,,Referendum_referendum-unfolded-1000_100_1.p,intuitionistic,auto,1,false,,5,0,3,provable,unknown,context_too_wide,,two-sided,IMELL,12002,3,1535.405,3,0,1,816309,0,0,16384,1530.000,3.231
lltp,ILL/petri-nets/MCC,,,Referendum_referendum-unfolded-1000_1_1.p,intuitionistic,auto,1,false,,5,0,3,provable,unknown,context_too_wide,,two-sided,IMELL,12002,3,2059.053,8004,3996,4004,1007001,0,0,16384,2050.000,3.763
lltp,ILL/petri-nets/MCC,,,Referendum_referendum-unfolded-1000_20_1.p,intuitionistic,auto,1,false,,5,0,3,provable,unknown,context_too_wide,,two-sided,IMELL,12002,3,1916.145,3,0,1,967269,0,0,16384,1900.000,3.584
lltp,ILL/petri-nets/MCC,,,Referendum_referendum-unfolded-1000_50_1.p,intuitionistic,auto,1,false,,5,0,3,provable,unknown,context_too_wide,,two-sided,IMELL,12002,3,1777.013,3,0,1,909159,0,0,16384,1770.000,3.382
lltp,ILL/petri-nets/MCC,,,Referendum_referendum-unfolded-1000_5_1.p,intuitionistic,auto,1,false,,5,0,3,provable,unknown,context_too_wide,,two-sided,IMELL,12002,3,2001.459,3,0,1,996999,0,0,16384,1990.000,3.470
lltp,ILL/petri-nets/MCC,,,RobotManipulation_robot-manipulation-2000_100_1.p,intuitionistic,auto,1,false,,5,0,3,provable,unknown,context_too_wide,,two-sided,IMELL,48020,4002,26.551,1,0,0,3975,0,0,16384,30.000,0.026
lltp,ILL/petri-nets/MCC,,,RobotManipulation_robot-manipulation-2000_10_1.p,intuitionistic,auto,1,false,,5,0,3,provable,unknown,context_too_wide,,two-sided,IMELL,48068,4002,24.587,1,0,0,3999,0,0,16384,20.000,0.019
lltp,ILL/petri-nets/MCC,,,RobotManipulation_robot-manipulation-2000_1_1.p,intuitionistic,auto,1,false,,5,0,3,provable,unknown,context_too_wide,,two-sided,IMELL,48072,4002,26.034,1,0,0,4000,0,0,16384,20.000,0.022
lltp,ILL/petri-nets/MCC,,,RobotManipulation_robot-manipulation-2000_20_1.p,intuitionistic,auto,1,false,,5,0,3,provable,unknown,context_too_wide,,two-sided,IMELL,48068,4002,26.997,1,0,0,3999,0,0,16384,20.000,0.024
lltp,ILL/petri-nets/MCC,,,RobotManipulation_robot-manipulation-2000_50_1.p,intuitionistic,auto,1,false,,5,0,3,provable,unknown,context_too_wide,,two-sided,IMELL,48068,4002,27.555,1,0,0,3999,0,0,16384,20.000,0.021
lltp,ILL/petri-nets/MCC,,,RobotManipulation_robot-manipulation-2000_5_1.p,intuitionistic,auto,1,false,,5,0,3,provable,unknown,context_too_wide,,two-sided,IMELL,48070,4002,26.906,1,0,0,3999,0,0,16384,30.000,0.023
lltp,ILL/petri-nets/MCC,,,RwMutex_rwmutex-r1000w10_100_1.p,intuitionistic,auto,1,false,,5,0,3,provable,unknown,context_too_wide,,two-sided,IMELL,59918,12,25.623,1,0,0,1784,0,0,16384,20.000,0.019
lltp,ILL/petri-nets/MCC,,,RwMutex_rwmutex-r1000w10_1_1.p,intuitionistic,auto,1,false,,5,0,3,provable,proved,,ok,two-sided,IMELL,60116,12,986.523,4,0,2,455450,0,0,16384,990.000,0.515
lltp,ILL/petri-nets/MCC,,,RwMutex_rwmutex-r1000w10_20_1.p,intuitionistic,auto,1,false,,5,0,3,provable,unknown,context_too_wide,,two-sided,IMELL,60078,12,27.814,1,0,0,1864,0,0,16384,20.000,0.024
lltp,ILL/petri-nets/MCC,,,RwMutex_rwmutex-r1000w10_50_1.p,intuitionistic,auto,1,false,,5,0,3,provable,unknown,context_too_wide,,two-sided,IMELL,60018,12,27.968,1,0,0,1834,0,0,16384,30.000,0.120
lltp,ILL/petri-nets/MCC,,,RwMutex_rwmutex-r1000w10_5_1.p,intuitionistic,auto,1,false,,5,0,3,provable,unknown,context_too_wide,,two-sided,IMELL,60108,12,28.807,1,0,0,1879,0,0,16384,30.000,0.044
lltp,ILL/petri-nets/MCC,,,RwMutex_rwmutex-r10w1000_10_1.p,intuitionistic,auto,1,false,,5,0,3,provable,unknown,timeout,,two-sided,IMELL,52194,1002,5642.651,1,0,0,3190784,0,0,16384,5630.000,4.431
lltp,ILL/petri-nets/MCC,,,RwMutex_rwmutex-r10w1000_1_1.p,intuitionistic,auto,1,false,,5,0,3,provable,proved,,ok,two-sided,IMELL,52196,1002,838.844,4,0,2,453470,0,0,16384,830.000,0.981
lltp,ILL/petri-nets/MCC,,,RwMutex_rwmutex-r10w1000_20_1.p,intuitionistic,auto,1,false,,5,0,3,provable,unknown,timeout,,two-sided,IMELL,52194,1002,5683.949,1,0,0,3190784,0,0,16384,5670.000,4.895
lltp,ILL/petri-nets/MCC,,,RwMutex_rwmutex-r10w1000_50_1.p,intuitionistic,auto,1,false,,5,0,3,provable,unknown,timeout,,two-sided,IMELL,52194,1002,5706.923,1,0,0,3190784,0,0,16384,5690.000,3.779
lltp,ILL/petri-nets/MCC,,,RwMutex_rwmutex-r10w1000_5_1.p,intuitionistic,auto,1,false,,5,0,3,provable,unknown,timeout,,two-sided,IMELL,52192,1002,5917.678,1,0,0,3338240,0,0,16384,5900.000,3.882
lltp,ILL/petri-nets/MCC,,,RwMutex_rwmutex-r10w2000_10_1.p,intuitionistic,auto,1,false,,5,0,3,provable,proved,,ok,two-sided,IMELL,104198,2002,62.718,1,0,1,2019,0,0,16384,50.000,0.564
lltp,ILL/petri-nets/MCC,,,RwMutex_rwmutex-r10w2000_1_1.p,intuitionistic,auto,1,false,,5,0,3,provable,unknown,context_too_wide,,two-sided,IMELL,104178,2002,43.618,1,0,0,759,0,0,16384,50.000,0.033
lltp,ILL/petri-nets/MCC,,,RwMutex_rwmutex-r10w2000_20_1.p,intuitionistic,auto,1,false,,5,0,3,provable,unknown,context_too_wide,,two-sided,IMELL,104178,2002,52.860,1,0,0,876,0,0,16384,50.000,3.126
lltp,ILL/petri-nets/MCC,,,RwMutex_rwmutex-r10w2000_5_1.p,intuitionistic,auto,1,false,,5,0,3,provable,unknown,context_too_wide,,two-sided,IMELL,104178,2002,43.694,1,0,0,759,0,0,16384,40.000,0.039
lltp,ILL/petri-nets/MCC,,,RwMutex_rwmutex-r2000w10_100_1.p,intuitionistic,auto,1,false,,5,0,3,provable,unknown,context_too_wide,,two-sided,IMELL,119918,12,89.828,1,0,0,2665,0,0,16384,90.000,0.066
lltp,ILL/petri-nets/MCC,,,RwMutex_rwmutex-r2000w10_1_1.p,intuitionistic,auto,1,false,,5,0,3,provable,unknown,context_too_wide,,two-sided,IMELL,120116,12,89.635,1,0,0,2759,0,0,16384,90.000,0.066
lltp,ILL/petri-nets/MCC,,,RwMutex_rwmutex-r2000w10_20_1.p,intuitionistic,auto,1,false,,5,0,3,provable,unknown,context_too_wide,,two-sided,IMELL,120078,12,88.786,1,0,0,2752,0,0,16384,90.000,0.078
lltp,ILL/petri-nets/MCC,,,RwMutex_rwmutex-r2000w10_50_1.p,intuitionistic,auto,1,false,,5,0,3,provable,unknown,context_too_wide,,two-sided,IMELL,120018,12,89.340,1,0,0,2719,0,0,16384,90.000,0.075
lltp,ILL/petri-nets/MCC,,,RwMutex_rwmutex-r2000w10_5_1.p,intuitionistic,auto,1,false,,5,0,3,provable,unknown,context_too_wide,,two-sided,IMELL,120108,12,88.166,1,0,0,2768,0,0,16384,90.000,0.073
lltp,ILL/petri-nets/MCC,,,SafeBus-15-unfolded_100_1.p,intuitionistic,auto,1,false,,5,0,3,provable,unknown,timeout,,two-sided,IMELL,69238,3811,7063.942,1,0,0,3035136,0,0,16384,7040.000,7.742
lltp,ILL/petri-nets/MCC,,,SafeBus-15-unfolded_1_1.p,intuitionistic,auto,1,false,,5,0,3,provable,unknown,timeout,,two-sided,IMELL,69238,3811,6334.152,2,0,1,1662976,0,0,16384,6320.000,4.551
lltp,ILL/petri-nets/MCC,,,SafeBus-15-unfolded_20_1.p,intuitionistic,auto,1,false,,5,0,3,provable,unknown,timeout,,two-sided,IMELL,69266,3811,5015.135,2757220,2741857,15361,2768098,0,0,16384,5000.000,6.245
lltp,ILL/petri-nets/MCC,,,SafeBus-15-unfolded_50_1.p,intuitionistic,auto,1,false,,5,0,3,provable,unknown,timeout,,two-sided,IMELL,69238,3810,7131.751,1,0,0,3035136,0,0,16384,7110.000,8.822
lltp,ILL/petri-nets/MCC,,,SafeBus-15-unfolded_5_1.p,intuitionistic,auto,1,false,,5,0,3,provable,unknown,timeout,,two-sided,IMELL,69246,3811,6275.839,2,0,1,1662976,0,0,16384,6260.000,6.309
lltp,ILL/petri-nets/MCC,,,SafeBus-20-unfolded_100_1.p,intuitionistic,auto,1,false,,5,0,3,provable,unknown,timeout,,two-sided,IMELL,154906,8780,5385.459,1,0,0,1212416,0,0,16384,5370.000,4.291
lltp,ILL/petri-nets/MCC,,,SafeBus-20-unfolded_1_1.p,intuitionistic,auto,1,false,,5,0,3,provable,unknown,timeout,,two-sided,IMELL,154908,8781,9539.126,2,0,1,1105920,0,0,16384,9520.000,7.215
lltp,ILL/petri-nets/MCC,,,SafeBus-20-unfolded_20_1.p,intuitionistic,auto,1,false,,5,0,3,provable,unknown,timeout,,two-sided,IMELL,154944,8781,5022.541,1089082,1078056,11024,1091913,0,0,16384,5010.000,6.201
lltp,ILL/petri-nets/MCC,,,SafeBus-20-unfolded_50_1.p,intuitionistic,auto,1,false,,5,0,3,provable,unknown,timeout,,two-sided,IMELL,154924,8781,9492.203,1,0,0,1748992,0,0,16384,9460.000,8.230
lltp,ILL/petri-nets/MCC,,,SafeBus-20-unfolded_5_1.p,intuitionistic,auto,1,false,,5,0,3,provable,unknown,timeout,,two-sided,IMELL,154916,8781,9621.865,2,0,1,1105920,0,0,16384,9600.000,7.216
lltp,ILL/petri-nets/MCC,,,SharedMemory_shared_memory-pt-100_100_1.p,intuitionistic,auto,1,false,,5,0,3,provable,unknown,recursion_limit,,two-sided,IMELL,160798,9901,180.583,0,0,0,0,0,0,16384,180.000,0.144
lltp,ILL/petri-nets/MCC,,,SharedMemory_shared_memory-pt-100_1_1.p,intuitionistic,auto,1,false,,5,0,3,provable,unknown,recursion_limit,,two-sided,IMELL,160802,9901,182.406,0,0,0,0,0,0,16384,190.000,0.163
lltp,ILL/petri-nets/MCC,,,SharedMemory_shared_memory-pt-100_20_1.p,intuitionistic,auto,1,false,,5,0,3,provable,unknown,recursion_limit,,two-sided,IMELL,160798,9901,182.272,0,0,0,0,0,0,16384,180.000,0.154
lltp,ILL/petri-nets/MCC,,,SharedMemory_shared_memory-pt-100_50_1.p,intuitionistic,auto,1,false,,5,0,3,provable,unknown,recursion_limit,,two-sided,IMELL,160798,9901,184.671,0,0,0,0,0,0,16384,190.000,0.146
lltp,ILL/petri-nets/MCC,,,SharedMemory_shared_memory-pt-100_5_1.p,intuitionistic,auto,1,false,,5,0,3,provable,unknown,recursion_limit,,two-sided,IMELL,160798,9901,184.833,0,0,0,0,0,0,16384,180.000,0.159
lltp,ILL/petri-nets/MCC,,,SharedMemory_shared_memory-pt-200_100_1.p,intuitionistic,auto,1,false,,5,0,3,provable,unknown,recursion_limit,,two-sided,IMELL,641598,39801,757.597,0,0,0,0,0,0,16384,760.000,0.577
lltp,ILL/petri-nets/MCC,,,SharedMemory_shared_memory-pt-200_1_1.p,intuitionistic,auto,1,false,,5,0,3,provable,unknown,recursion_limit,,two-sided,IMELL,641602,39801,764.183,0,0,0,0,0,0,16384,770.000,0.586
lltp,ILL/petri-nets/MCC,,,SharedMemory_shared_memory-pt-200_20_1.p,intuitionistic,auto,1,false,,5,0,3,provable,unknown,recursion_limit,,two-sided,IMELL,641598,39801,752.097,0,0,0,0,0,0,16384,750.000,0.578
lltp,ILL/petri-nets/MCC,,,SharedMemory_shared_memory-pt-200_50_1.p,intuitionistic,auto,1,false,,5,0,3,provable,unknown,recursion_limit,,two-sided,IMELL,641598,39801,753.807,0,0,0,0,0,0,16384,750.000,1.110
lltp,ILL/petri-nets/MCC,,,SharedMemory_shared_memory-pt-200_5_1.p,intuitionistic,auto,1,false,,5,0,3,provable,unknown,recursion_limit,,two-sided,IMELL,641598,39801,752.965,0,0,0,0,0,0,16384,750.000,0.593
lltp,ILL/petri-nets/MCC,,,SharedMemory_shared_memory-pt-50_100_1.p,intuitionistic,auto,1,false,,5,0,3,provable,unknown,context_too_wide,,two-sided,IMELL,40398,2451,14.496,1,0,0,0,0,0,16384,0.000,0.014
lltp,ILL/petri-nets/MCC,,,SharedMemory_shared_memory-pt-50_1_1.p,intuitionistic,auto,1,false,,5,0,3,provable,unknown,context_too_wide,,two-sided,IMELL,40402,2451,14.590,1,0,0,0,0,0,16384,10.000,0.012
lltp,ILL/petri-nets/MCC,,,SharedMemory_shared_memory-pt-50_20_1.p,intuitionistic,auto,1,false,,5,0,3,provable,unknown,context_too_wide,,two-sided,IMELL,40398,2451,14.502,1,0,0,0,0,0,16384,20.000,0.026
lltp,ILL/petri-nets/MCC,,,SharedMemory_shared_memory-pt-50_50_1.p,intuitionistic,auto,1,false,,5,0,3,provable,unknown,context_too_wide,,two-sided,IMELL,40398,2451,12.178,1,0,0,0,0,0,16384,10.000,0.011
lltp,ILL/petri-nets/MCC,,,SharedMemory_shared_memory-pt-50_5_1.p,intuitionistic,auto,1,false,,5,0,3,provable,unknown,context_too_wide,,two-sided,IMELL,40398,2451,14.270,1,0,0,0,0,0,16384,0.000,0.014
lltp,ILL/petri-nets/MCC,,,SimpleLoadBal_simple_lbs-20_100_1.p,intuitionistic,auto,1,false,,5,0,,,unknown,killed,,,,,,10501.959,,,,,,,,,
lltp,ILL/petri-nets/MCC,,,SimpleLoadBal_simple_lbs-20_1_1.p,intuitionistic,auto,1,false,,5,0,3,provable,unknown,timeout,,two-sided,IMELL,31456,2022,5363.387,1,0,0,3268608,0,0,16384,5340.000,4.427
lltp,ILL/petri-nets/MCC,,,SimpleLoadBal_simple_lbs-20_20_1.p,intuitionistic,auto,1,false,,5,0,,,unknown,killed,,,,,,10502.769,,,,,,,,,
lltp,ILL/petri-nets/MCC,,,SimpleLoadBal_simple_lbs-20_50_1.p,intuitionistic,auto,1,false,,5,0,,,unknown,killed,,,,,,10502.064,,,,,,,,,
lltp,ILL/petri-nets/MCC,,,SimpleLoadBal_simple_lbs-20_5_1.p,intuitionistic,auto,1,false,,5,0,3,provable,unknown,timeout,,two-sided,IMELL,31460,2022,5462.835,1,0,0,4734976,0,0,16384,5440.000,6.154
lltp,ILL/petri-nets/MCC,,,SmallOperatingSystem-MT2048DC0512_10_1.p,intuitionistic,auto,1,false,,5,0,3,provable,unknown,context_too_wide,,two-sided,IMELL,22540,2050,6.815,1,0,0,2038,0,0,16384,0.000,0.006
lltp,ILL/petri-nets/MCC,,,SmallOperatingSystem-MT2048DC0512_1_1.p,intuitionistic,auto,1,false,,5,0,3,provable,unknown,context_too_wide,,two-sided,IMELL,22576,2050,6.614,1,0,0,2047,0,0,16384,0.000,0.021
lltp,ILL/petri-nets/MCC,,,SmallOperatingSystem-MT2048DC0512_5_1.p,intuitionistic,auto,1,false,,5,0,3,provable,unknown,context_too_wide,,two-sided,IMELL,22560,2050,6.130,1,0,0,2043,0,0,16384,0.000,0.005
lltp,ILL/petri-nets/MCC,,,SmallOperatingSystem-MT2048DC1024_10_1.p,intuitionistic,auto,1,false,,5,0,3,provable,unknown,context_too_wide,,two-sided,IMELL,28684,2050,7.723,1,0,0,2038,0,0,16384,10.000,0.007
lltp,ILL/petri-nets/MCC,,,SmallOperatingSystem-MT2048DC1024_1_1.p,intuitionistic,auto,1,false,,5,0,3,provable,unknown,context_too_wide,,two-sided,IMELL,28720,2050,7.503,1,0,0,2047,0,0,16384,0.000,0.026
lltp,ILL/petri-nets/MCC,,,SmallOperatingSystem-MT2048DC1024_5_1.p,intuitionistic,auto,1,false,,5,0,3,provable,unknown,context_too_wide,,two-sided,IMELL,28704,2050,7.249,1,0,0,2043,0,0,16384,0.000,0.017
lltp,ILL/petri-nets/MCC,,,SmallOperatingSystem-MT4096DC1024_100_1.p,intuitionistic,auto,1,false,,5,0,3,provable,unknown,context_too_wide,,two-sided,IMELL,44708,4098,24.094,1,0,0,3996,0,0,16384,20.000,0.022
lltp,ILL/petri-nets/MCC,,,SmallOperatingSystem-MT4096DC1024_10_1.p,intuitionistic,auto,1,false,,5,0,3,provable,unknown,context_too_wide,,two-sided,IMELL,45068,4098,25.742,1,0,0,4086,0,0,16384,30.000,0.023
lltp,ILL/petri-nets/MCC,,,SmallOperatingSystem-MT4096DC1024_1_1.p,intuitionistic,auto,1,false,,5,0,3,provable,unknown,context_too_wide,,two-sided,IMELL,45104,4098,23.917,1,0,0,4095,0,0,16384,20.000,0.028
lltp,ILL/petri-nets/MCC,,,SmallOperatingSystem-MT4096DC1024_20_1.p,intuitionistic,auto,1,false,,5,0,3,provable,unknown,context_too_wide,,two-sided,IMELL,45028,4098,26.537,1,0,0,4076,0,0,16384,30.000,0.035
lltp,ILL/petri-nets/MCC,,,SmallOperatingSystem-MT4096DC1024_50_1.p,intuitionistic,auto,1,false,,5,0,3,provable,unknown,context_too_wide,,two-sided,IMELL,44908,4098,24.433,1,0,0,4046,0,0,16384,20.000,0.021
lltp,ILL/petri-nets/MCC,,,SmallOperatingSystem-MT4096DC1024_5_1.p,intuitionistic,auto,1,false,,5,0,3,provable,unknown,context_too_wide,,two-sided,IMELL,45088,4098,25.631,1,0,0,4091,0,0,16384,20.000,0.022
lltp,ILL/petri-nets/MCC,,,SmallOperatingSystem-MT4096DC2048_100_1.p,intuitionistic,auto,1,false,,5,0,3,provable,unknown,context_too_wide,,two-sided,IMELL,56996,4098,32.757,1,0,0,3996,0,0,16384,30.000,0.028
lltp,ILL/petri-nets/MCC,,,SmallOperatingSystem-MT4096DC2048_10_1.p,intuitionistic,auto,1,false,,5,0,3,provable,unknown,context_too_wide,,two-sided,IMELL,57356,4098,33.760,1,0,0,4086,0,0,16384,30.000,0.036
lltp,ILL/petri-nets/MCC,,,SmallOperatingSystem-MT4096DC2048_1_1.p,intuitionistic,auto,1,false,,5,0,3,provable,unknown,context_too_wide,,two-sided,IMELL,57392,4098,32.280,1,0,0,4095,0,0,16384,40.000,0.027
lltp,ILL/petri-nets/MCC,,,SmallOperatingSystem-MT4096DC2048_20_1.p,intuitionistic,auto,1,false,,5,0,3,provable,unknown,context_too_wide,,two-sided,IMELL,57316,4098,31.792,1,0,0,4076,0,0,16384,30.000,0.026
lltp,ILL/petri-nets/MCC,,,SmallOperatingSystem-MT4096DC2048_50_1.p,intuitionistic,auto,1,false,,5,0,3,provable,unknown,context_too_wide,,two-sided,IMELL,57196,4098,32.402,1,0,0,4046,0,0,16384,40.000,0.029
lltp,ILL/petri-nets/MCC,,,SmallOperatingSystem-MT4096DC2048_5_1.p,intuitionistic,auto,1,false,,5,0,3,provable,unknown,context_too_wide,,two-sided,IMELL,57376,4098,32.304,1,0,0,4091,0,0,16384,20.000,0.029
lltp,ILL/petri-nets/MCC,,,SmallOperatingSystem-MT8192DC2048_10_1.p,intuitionistic,auto,1,false,,5,0,3,provable,unknown,context_too_wide,,two-sided,IMELL,90124,8194,103.497,1,0,0,8182,0,0,16384,110.000,0.082
lltp,ILL/petri-nets/MCC,,,SmallOperatingSystem-MT8192DC2048_1_1.p,intuitionistic,auto,1,false,,5,0,3,provable,unknown,context_too_wide,,two-sided,IMELL,90160,8194,99.487,1,0,0,8191,0,0,16384,100.000,0.088
lltp,ILL/petri-nets/MCC,,,SmallOperatingSystem-MT8192DC2048_20_1.p,intuitionistic,auto,1,false,,5,0,3,provable,unknown,context_too_wide,,two-sided,IMELL,90084,8194,104.906,1,0,0,8172,0,0,16384,100.000,0.097
lltp,ILL/petri-nets/MCC,,,SmallOperatingSystem-MT8192DC2048_50_1.p,intuitionistic,auto,1,false,,5,0,3,provable,unknown,context_too_wide,,two-sided,IMELL,89964,8194,104.634,1,0,0,8142,0,0,16384,110.000,0.096
lltp,ILL/petri-nets/MCC,,,SmallOperatingSystem-MT8192DC2048_5_1.p,intuitionistic,auto,1,false,,5,0,3,provable,unknown,context_too_wide,,two-sided,IMELL,90144,8194,104.642,1,0,0,8187,0,0,16384,110.000,0.093
lltp,ILL/petri-nets/MCC,,,SquareGrid_sg-13-6-13_100_1.p,intuitionistic,auto,1,false,,5,0,3,provable,unknown,context_too_wide,,two-sided,IMELL,49970,26,10.258,1,0,0,0,0,0,16384,10.000,0.009
lltp,ILL/petri-nets/MCC,,,SquareGrid_sg-13-6-13_1_1.p,intuitionistic,auto,1,false,,5,0,3,provable,unknown,context_too_wide,,two-sided,IMELL,49970,26,10.144,1,0,0,0,0,0,16384,20.000,0.009
lltp,ILL/petri-nets/MCC,,,SquareGrid_sg-13-6-13_20_1.p,intuitionistic,auto,1,false,,5,0,3,provable,unknown,context_too_wide,,two-sided,IMELL,49970,26,10.226,1,0,0,0,0,0,16384,20.000,0.009
lltp,ILL/petri-nets/MCC,,,SquareGrid_sg-13-6-13_50_1.p,intuitionistic,auto,1,false,,5,0,3,provable,unknown,context_too_wide,,two-sided,IMELL,49970,26,8.940,1,0,0,0,0,0,16384,10.000,0.009
lltp,ILL/petri-nets/MCC,,,SquareGrid_sg-13-6-13_5_1.p,intuitionistic,auto,1,false,,5,0,3,provable,unknown,context_too_wide,,two-sided,IMELL,49970,26,10.632,1,0,0,0,0,0,16384,10.000,0.009
lltp,ILL/petri-nets/MCC,,,TokenRing-15-unfolded_100_1.p,intuitionistic,auto,1,false,,5,0,3,provable,unknown,timeout,,two-sided,IMELL,28990,31,5000.434,3428797,3428739,56,9973128,0,0,16384,4980.000,7.001
lltp,ILL/petri-nets/MCC,,,TokenRing-15-unfolded_1_1.p,intuitionistic,auto,1,false,,5,0,,,unknown,killed,,,,,,10503.246,,,,,,,,,
lltp,ILL/petri-nets/MCC,,,TokenRing-15-unfolded_20_1.p,intuitionistic,auto,1,false,,5,0,3,provable,unknown,timeout,,two-sided,IMELL,28990,31,5590.186,1,0,0,4231168,0,0,16384,5570.000,4.342
lltp,ILL/petri-nets/MCC,,,TokenRing-15-unfolded_50_1.p,intuitionistic,auto,1,false,,5,0,3,provable,unknown,timeout,,two-sided,IMELL,28990,31,5211.066,1,0,0,2834432,0,0,16384,5190.000,3.616
lltp,ILL/petri-nets/MCC,,,TokenRing-15-unfolded_5_1.p,intuitionistic,auto,1,false,,5,0,3,provable,unknown,timeout,,two-sided,IMELL,28990,31,6248.479,1,0,0,3235840,0,0,16384,6230.000,5.135
lltp,ILL/petri-nets/MCC,,,TokenRing-20-unfolded_100_1.p,intuitionistic,auto,1,false,,5,0,3,provable,unknown,timeout,,two-sided,IMELL,67450,41,5421.680,1,0,0,1175552,0,0,16384,5410.000,3.738
lltp,ILL/petri-nets/MCC,,,TokenRing-20-unfolded_1_1.p,intuitionistic,auto,1,false,,5,0,,,unknown,killed,,,,,,10506.962,,,,,,,,,
lltp,ILL/petri-nets/MCC,,,TokenRing-20-unfolded_20_1.p,intuitionistic,auto,1,false,,5,0,3,provable,unknown,timeout,,two-sided,IMELL,67450,41,6195.491,1,0,0,2392064,0,0,16384,6180.000,4.595
lltp,ILL/petri-nets/MCC,,,TokenRing-20-unfolded_50_1.p,intuitionistic,auto,1,false,,5,0,3,provable,unknown,timeout,,two-sided,IMELL,67450,41,6062.217,1,0,0,1593344,0,0,16384,6050.000,4.475
lltp,ILL/petri-nets/MCC,,,TokenRing-20-unfolded_5_1.p,intuitionistic,auto,1,false,,5,0,3,provable,unknown,timeout,,two-sided,IMELL,67450,41,6334.700,1,0,0,1626112,0,0,16384,6320.000,4.763
lltp,ILL/petri-nets/MCC,,,TokenRing-30-unfolded_100_1.p,intuitionistic,auto,1,false,,5,0,3,provable,unknown,recursion_limit,,two-sided,IMELL,223570,61,248.693,0,0,0,0,0,0,16384,260.000,0.221
lltp,ILL/petri-nets/MCC,,,TokenRing-30-unfolded_1_1.p,intuitionistic,auto,1,false,,5,0,3,provable,unknown,recursion_limit,,two-sided,IMELL,223570,61,259.302,0,0,0,0,0,0,16384,270.000,0.220
lltp,ILL/petri-nets/MCC,,,TokenRing-30-unfolded_20_1.p,intuitionistic,auto,1,false,,5,0,3,provable,unknown,recursion_limit,,two-sided,IMELL,223570,61,258.860,0,0,0,0,0,0,16384,250.000,0.221
lltp,ILL/petri-nets/MCC,,,TokenRing-30-unfolded_50_1.p,intuitionistic,auto,1,false,,5,0,3,provable,unknown,recursion_limit,,two-sided,IMELL,223570,61,259.408,0,0,0,0,0,0,16384,260.000,0.233
lltp,ILL/petri-nets/MCC,,,TokenRing-30-unfolded_5_1.p,intuitionistic,auto,1,false,,5,0,3,provable,unknown,recursion_limit,,two-sided,IMELL,223570,61,253.980,0,0,0,0,0,0,16384,250.000,0.212
lltp,ILL/petri-nets/MCC,,,TokenRing-40-unfolded_100_1.p,intuitionistic,auto,1,false,,5,0,3,provable,unknown,recursion_limit,,two-sided,IMELL,525290,81,608.806,0,0,0,0,0,0,16384,600.000,0.525
lltp,ILL/petri-nets/MCC,,,TokenRing-40-unfolded_1_1.p,intuitionistic,auto,1,false,,5,0,3,provable,unknown,recursion_limit,,two-sided,IMELL,525290,81,600.272,0,0,0,0,0,0,16384,600.000,1.013
lltp,ILL/petri-nets/MCC,,,TokenRing-40-unfolded_20_1.p,intuitionistic,auto,1,false,,5,0,3,provable,unknown,recursion_limit,,two-sided,IMELL,525290,81,600.685,0,0,0,0,0,0,16384,600.000,0.504
lltp,ILL/petri-nets/MCC,,,TokenRing-40-unfolded_50_1.p,intuitionistic,auto,1,false,,5,0,3,provable,unknown,recursion_limit,,two-sided,IMELL,525290,81,604.964,0,0,0,0,0,0,16384,600.000,1.048
lltp,ILL/petri-nets/MCC,,,TokenRing-40-unfolded_5_1.p,intuitionistic,auto,1,false,,5,0,3,provable,unknown,recursion_limit,,two-sided,IMELL,525290,81,595.526,0,0,0,0,0,0,16384,600.000,0.518
lltp,ILL/petri-nets/MCC,,,TokenRing-50-unfolded_100_1.p,intuitionistic,auto,1,false,,5,0,3,provable,unknown,recursion_limit,,two-sided,IMELL,1020610,101,1226.493,0,0,0,0,0,0,16384,1230.000,1.491
lltp,ILL/petri-nets/MCC,,,TokenRing-50-unfolded_1_1.p,intuitionistic,auto,1,false,,5,0,3,provable,unknown,recursion_limit,,two-sided,IMELL,1020610,101,1215.077,0,0,0,0,0,0,16384,1210.000,1.478
lltp,ILL/petri-nets/MCC,,,TokenRing-50-unfolded_20_1.p,intuitionistic,auto,1,false,,5,0,3,provable,unknown,recursion_limit,,two-sided,IMELL,1020610,101,1207.015,0,0,0,0,0,0,16384,1210.000,1.470
lltp,ILL/petri-nets/MCC,,,TokenRing-50-unfolded_50_1.p,intuitionistic,auto,1,false,,5,0,3,provable,unknown,recursion_limit,,two-sided,IMELL,1020610,101,1212.994,0,0,0,0,0,0,16384,1210.000,1.697
lltp,ILL/petri-nets/MCC,,,TokenRing-50-unfolded_5_1.p,intuitionistic,auto,1,false,,5,0,3,provable,unknown,recursion_limit,,two-sided,IMELL,1020610,101,1203.049,0,0,0,0,0,0,16384,1210.000,0.911
