source,family,size,index,problem,mode,engine_requested,jobs,portfolio,test_period,timeout_s,run,copies,expected,verdict,reason,checked,engine,fragment,occurrences,multiplicity,time_ms,nodes,memo_hits,memo_entries,splits,links,tests,recursion_limit,cpu_ms,wait_ms
lltp,ILL/petri-nets/MCC,,,Vasy2003_5_1.p,classical,auto,1,false,,5,0,3,,unknown,timeout,,focus,MELL,5738,105,5851.656,3,0,1,13852672,0,0,2048,5830.000,2.792
lltp,ILL/petri-nets/MCC,,,Vasy2003_50_1.p,classical,auto,1,false,,5,0,3,,unknown,timeout,,focus,MELL,5738,105,5082.952,3,0,1,18186240,0,0,2048,5070.000,2.480
lltp,ILL/petri-nets/MCC,,,Vasy2003_20_1.p,classical,auto,1,false,,5,0,3,,unknown,timeout,,focus,MELL,5738,105,5019.902,3,0,1,11165696,0,0,2048,5010.000,2.295
lltp,ILL/petri-nets/MCC,,,Vasy2003_1_1.p,classical,auto,1,false,,5,0,3,,unknown,timeout,,focus,MELL,5738,105,5154.347,3,0,1,13033472,0,0,2048,5140.000,2.456
lltp,ILL/petri-nets/MCC,,,Vasy2003_100_1.p,classical,auto,1,false,,5,0,3,,unknown,timeout,,focus,MELL,5738,105,5112.578,3,0,1,16207872,0,0,2048,5090.000,3.024
lltp,ILL/petri-nets/MCC,,,UtahNoC_5_1.p,classical,auto,1,false,,5,0,3,,proved,,ok,focus,MELL,5826,100,3610.764,3830118,3637234,192057,7816447,0,0,2048,3600.000,2.186
lltp,ILL/petri-nets/MCC,,,UtahNoC_1_1.p,classical,auto,1,false,,5,0,3,,proved,,ok,focus,MELL,5826,99,0.636,3,0,2,10,0,0,2048,0.000,0.000
lltp,ILL/petri-nets/MCC,,,UtahNoC_10_1.p,classical,auto,1,false,,5,0,3,,proved,,ok,focus,MELL,5826,100,3653.746,3830118,3637234,192057,7816447,0,0,2048,3640.000,2.778
lltp,ILL/petri-nets/MCC,,,UtahNoC_100_1.p,classical,auto,1,false,,5,0,3,,unknown,timeout,,focus,MELL,5826,99,5056.762,4536554,4290299,245069,10264397,0,0,2048,5040.000,3.357
lltp,ILL/petri-nets/MCC,,,TriangularGrid_trg_5-04-6_5_1.p,classical,auto,1,false,,5,0,3,,unknown,context_too_wide,,focus,MELL,4078,13,0.184,1,0,0,41,0,0,2048,0.000,0.002
lltp,ILL/petri-nets/MCC,,,TriangularGrid_trg_5-04-6_50_1.p,classical,auto,1,false,,5,0,3,,unknown,context_too_wide,,focus,MELL,4078,14,0.140,1,0,0,15,0,0,2048,0.000,0.000
lltp,ILL/petri-nets/MCC,,,TriangularGrid_trg_5-04-6_20_1.p,classical,auto,1,false,,5,0,3,,unknown,context_too_wide,,focus,MELL,4078,13,0.166,1,0,0,33,0,0,2048,0.000,0.000
lltp,ILL/petri-nets/MCC,,,TriangularGrid_trg_5-04-6_1_1.p,classical,auto,1,false,,5,0,3,,unknown,context_too_wide,,focus,MELL,4078,13,0.178,1,0,0,44,0,0,2048,0.000,0.002
lltp,ILL/petri-nets/MCC,,,TriangularGrid_trg_5-04-6_100_1.p,classical,auto,1,false,,5,0,3,,unknown,context_too_wide,,focus,MELL,4078,15,0.130,1,0,0,11,0,0,2048,0.000,0.000
lltp,ILL/petri-nets/MCC,,,TriangularGrid_trg_5-02-0_5_1.p,classical,auto,1,false,,5,0,3,,unknown,context_too_wide,,focus,MELL,2878,7,0.126,1,0,0,41,0,0,2048,0.000,0.000
lltp,ILL/petri-nets/MCC,,,TriangularGrid_trg_5-02-0_50_1.p,classical,auto,1,false,,5,0,3,,unknown,context_too_wide,,focus,MELL,2878,8,0.110,1,0,0,15,0,0,2048,0.000,0.000
lltp,ILL/petri-nets/MCC,,,TriangularGrid_trg_5-02-0_20_1.p,classical,auto,1,false,,5,0,3,,unknown,context_too_wide,,focus,MELL,2878,7,0.125,1,0,0,33,0,0,2048,0.000,0.000
lltp,ILL/petri-nets/MCC,,,TriangularGrid_trg_5-02-0_1_1.p,classical,auto,1,false,,5,0,3,,unknown,context_too_wide,,focus,MELL,2878,7,0.133,1,0,0,44,0,0,2048,0.000,0.000
lltp,ILL/petri-nets/MCC,,,TriangularGrid_trg_5-02-0_100_1.p,classical,auto,1,false,,5,0,3,,unknown,context_too_wide,,focus,MELL,2878,9,0.104,1,0,0,11,0,0,2048,0.000,0.000
lltp,ILL/petri-nets/MCC,,,TriangularGrid_trg_4-02-2_5_1.p,classical,auto,1,false,,5,0,3,,unknown,context_too_wide,,focus,MELL,1998,9,0.084,1,0,0,28,0,0,2048,0.000,0.000
lltp,ILL/petri-nets/MCC,,,TriangularGrid_trg_4-02-2_50_1.p,classical,auto,1,false,,5,0,3,,unknown,context_too_wide,,focus,MELL,1998,11,0.070,1,0,0,0,0,0,2048,0.000,0.000
lltp,ILL/petri-nets/MCC,,,TriangularGrid_trg_4-02-2_20_1.p,classical,auto,1,false,,5,0,3,,unknown,context_too_wide,,focus,MELL,1998,10,0.083,1,0,0,17,0,0,2048,0.000,0.000
lltp,ILL/petri-nets/MCC,,,TriangularGrid_trg_4-02-2_1_1.p,classical,auto,1,false,,5,0,3,,unknown,context_too_wide,,focus,MELL,1998,9,0.087,1,0,0,29,0,0,2048,0.000,0.000
lltp,ILL/petri-nets/MCC,,,TriangularGrid_trg_4-02-2_100_1.p,classical,auto,1,false,,5,0,3,,unknown,context_too_wide,,focus,MELL,1998,11,0.091,1,0,0,27,0,0,2048,0.000,0.000
lltp,ILL/petri-nets/MCC,,,TriangularGrid_trg_3-02-6_5_1.p,classical,auto,1,false,,5,0,3,,unknown,context_too_wide,,focus,MELL,1294,13,0.056,1,0,0,14,0,0,2048,0.000,0.000
lltp,ILL/petri-nets/MCC,,,TriangularGrid_trg_3-02-6_50_1.p,classical,auto,1,false,,5,0,3,,unknown,context_too_wide,,focus,MELL,1294,14,0.057,1,0,0,14,0,0,2048,0.000,0.000
lltp,ILL/petri-nets/MCC,,,TriangularGrid_trg_3-02-6_20_1.p,classical,auto,1,false,,5,0,3,,unknown,context_too_wide,,focus,MELL,1294,15,0.055,1,0,0,4,0,0,2048,0.000,0.000
lltp,ILL/petri-nets/MCC,,,TriangularGrid_trg_3-02-6_1_1.p,classical,auto,1,false,,5,0,3,,unknown,context_too_wide,,focus,MELL,1294,13,0.060,1,0,0,17,0,0,2048,0.000,0.000
lltp,ILL/petri-nets/MCC,,,TriangularGrid_trg_3-02-6_100_1.p,classical,auto,1,false,,5,0,3,,unknown,context_too_wide,,focus,MELL,1294,17,0.054,1,0,0,6,0,0,2048,0.000,0.000
lltp,ILL/petri-nets/MCC,,,TriangularGrid_trg_3-01-1_5_1.p,classical,auto,1,false,,5,0,3,,unknown,timeout,,focus,MELL,1006,8,5012.324,1,0,0,70795264,0,0,2048,4990.000,4.113
lltp,ILL/petri-nets/MCC,,,TriangularGrid_trg_3-01-1_50_1.p,classical,auto,1,false,,5,0,3,,unknown,timeout,,focus,MELL,1006,9,5016.212,1,0,0,70238208,0,0,2048,5000.000,3.153
lltp,ILL/petri-nets/MCC,,,TriangularGrid_trg_3-01-1_20_1.p,classical,auto,1,false,,5,0,3,,unknown,context_too_wide,,focus,MELL,1006,10,0.051,1,0,0,4,0,0,2048,0.000,0.000
lltp,ILL/petri-nets/MCC,,,TriangularGrid_trg_3-01-1_1_1.p,classical,auto,1,false,,5,0,3,,unknown,timeout,,focus,MELL,1006,8,5013.607,1,0,0,64483328,0,0,2048,5000.000,2.683
lltp,ILL/petri-nets/MCC,,,TriangularGrid_trg_3-01-1_100_1.p,classical,auto,1,false,,5,0,3,,unknown,timeout,,focus,MELL,1006,9,5007.563,1,0,0,72159232,0,0,2048,4990.000,3.219
lltp,ILL/petri-nets/MCC,,,TriangularGrid_trg_2-01-1_5_1.p,classical,auto,1,false,,5,0,3,,unknown,timeout,,focus,MELL,470,8,5018.398,1,0,0,98754560,0,0,2048,5000.000,2.600
lltp,ILL/petri-nets/MCC,,,TriangularGrid_trg_2-01-1_50_1.p,classical,auto,1,false,,5,0,3,,unknown,timeout,,focus,MELL,470,9,5018.394,1,0,0,107642880,0,0,2048,5000.000,3.525
lltp,ILL/petri-nets/MCC,,,TriangularGrid_trg_2-01-1_20_1.p,classical,auto,1,false,,5,0,3,,unknown,timeout,,focus,MELL,470,9,5003.897,1,0,0,106414080,0,0,2048,4990.000,2.803
lltp,ILL/petri-nets/MCC,,,TriangularGrid_trg_2-01-1_1_1.p,classical,auto,1,false,,5,0,3,,unknown,timeout,,focus,MELL,470,8,5002.957,1,0,0,106864640,0,0,2048,4990.000,3.329
lltp,ILL/petri-nets/MCC,,,TriangularGrid_trg_2-01-1_10_1.p,classical,auto,1,false,,5,0,3,,unknown,timeout,,focus,MELL,470,8,5004.166,1,0,0,105472000,0,0,2048,4990.000,2.793
lltp,ILL/petri-nets/MCC,,,TriangularGrid_trg_2-01-1_100_1.p,classical,auto,1,false,,5,0,3,,unknown,timeout,,focus,MELL,470,10,5022.917,1,0,0,106414080,0,0,2048,5010.000,2.549
lltp,ILL/petri-nets/MCC,,,TriangularGrid_trg_1-50-0_5_1.p,classical,auto,1,false,,5,0,3,,unknown,context_too_wide,,focus,MELL,718,52,0.028,1,0,0,2,0,0,2048,0.000,0.000
lltp,ILL/petri-nets/MCC,,,TriangularGrid_trg_1-50-0_50_1.p,classical,auto,1,false,,5,0,3,,unknown,context_too_wide,,focus,MELL,718,64,0.025,1,0,0,2,0,0,2048,0.000,0.000
lltp,ILL/petri-nets/MCC,,,TriangularGrid_trg_1-50-0_20_1.p,classical,auto,1,false,,5,0,3,,unknown,context_too_wide,,focus,MELL,718,54,0.025,1,0,0,2,0,0,2048,0.000,0.000
lltp,ILL/petri-nets/MCC,,,TriangularGrid_trg_1-50-0_1_1.p,classical,auto,1,false,,5,0,3,,unknown,context_too_wide,,focus,MELL,718,52,0.025,1,0,0,2,0,0,2048,0.000,0.000
lltp,ILL/petri-nets/MCC,,,TriangularGrid_trg_1-50-0_10_1.p,classical,auto,1,false,,5,0,3,,unknown,context_too_wide,,focus,MELL,718,52,0.028,1,0,0,1,0,0,2048,0.000,0.000
lltp,ILL/petri-nets/MCC,,,TriangularGrid_trg_1-50-0_100_1.p,classical,auto,1,false,,5,0,3,,unknown,context_too_wide,,focus,MELL,718,81,0.025,1,0,0,1,0,0,2048,0.000,0.000
lltp,ILL/petri-nets/MCC,,,TriangularGrid_trg_1-20-0_5_1.p,classical,auto,1,false,,5,0,3,,unknown,context_too_wide,,focus,MELL,358,22,0.021,1,0,0,2,0,0,2048,0.000,0.000
lltp,ILL/petri-nets/MCC,,,TriangularGrid_trg_1-20-0_50_1.p,classical,auto,1,false,,5,0,3,,unknown,context_too_wide,,focus,MELL,358,34,0.019,1,0,0,2,0,0,2048,0.000,0.000
lltp,ILL/petri-nets/MCC,,,TriangularGrid_trg_1-20-0_20_1.p,classical,auto,1,false,,5,0,3,,unknown,context_too_wide,,focus,MELL,358,24,0.023,1,0,0,2,0,0,2048,0.000,0.000
lltp,ILL/petri-nets/MCC,,,TriangularGrid_trg_1-20-0_1_1.p,classical,auto,1,false,,5,0,3,,unknown,context_too_wide,,focus,MELL,358,22,0.020,1,0,0,2,0,0,2048,0.000,0.000
lltp,ILL/petri-nets/MCC,,,TriangularGrid_trg_1-20-0_10_1.p,classical,auto,1,false,,5,0,3,,unknown,context_too_wide,,focus,MELL,358,22,0.020,1,0,0,1,0,0,2048,0.000,0.000
lltp,ILL/petri-nets/MCC,,,TriangularGrid_trg_1-20-0_100_1.p,classical,auto,1,false,,5,0,3,,unknown,context_too_wide,,focus,MELL,358,51,0.018,1,0,0,1,0,0,2048,0.000,0.000
lltp,ILL/petri-nets/MCC,,,TokenRing-50-unfolded_5_1.p,classical,auto,1,false,,5,0,3,,unknown,recursion_limit,,focus,MELL,1020610,101,139.064,0,0,0,0,0,0,2048,140.000,0.188
lltp,ILL/petri-nets/MCC,,,TokenRing-50-unfolded_50_1.p,classical,auto,1,false,,5,0,3,,unknown,recursion_limit,,focus,MELL,1020610,101,139.229,0,0,0,0,0,0,2048,140.000,0.233
lltp,ILL/petri-nets/MCC,,,TokenRing-50-unfolded_20_1.p,classical,auto,1,false,,5,0,3,,unknown,recursion_limit,,focus,MELL,1020610,101,139.524,0,0,0,0,0,0,2048,140.000,0.225
lltp,ILL/petri-nets/MCC,,,TokenRing-50-unfolded_1_1.p,classical,auto,1,false,,5,0,3,,unknown,recursion_limit,,focus,MELL,1020610,101,137.557,0,0,0,0,0,0,2048,130.000,0.125
lltp,ILL/petri-nets/MCC,,,TokenRing-50-unfolded_100_1.p,classical,auto,1,false,,5,0,3,,unknown,recursion_limit,,focus,MELL,1020610,101,157.128,0,0,0,0,0,0,2048,160.000,0.128
lltp,ILL/petri-nets/MCC,,,TokenRing-5-unfolded_5_1.p,classical,auto,1,false,,5,0,3,,unknown,timeout,,focus,MELL,1270,11,5002.236,1182512,1167034,11900,45762375,0,0,2048,4980.000,3.175
lltp,ILL/petri-nets/MCC,,,TokenRing-5-unfolded_50_1.p,classical,auto,1,false,,5,0,3,,unknown,copy_bound,,focus,MELL,1270,11,4985.162,1553067,1537777,11101,44267162,0,0,2048,4970.000,2.979
lltp,ILL/petri-nets/MCC,,,TokenRing-5-unfolded_20_1.p,classical,auto,1,false,,5,0,3,,unknown,timeout,,focus,MELL,1270,11,5001.599,23686146,23673603,9898,52394023,0,0,2048,4980.000,3.115
lltp,ILL/petri-nets/MCC,,,TokenRing-5-unfolded_1_1.p,classical,auto,1,false,,5,0,3,,proved,,ok,focus,MELL,1270,11,0.311,6,0,4,1633,0,0,2048,0.000,0.000
lltp,ILL/petri-nets/MCC,,,TokenRing-5-unfolded_10_1.p,classical,auto,1,false,,5,0,3,,unknown,timeout,,focus,MELL,1270,11,5002.507,1802658,1789864,9939,46260101,0,0,2048,4990.000,2.755
lltp,ILL/petri-nets/MCC,,,TokenRing-5-unfolded_100_1.p,classical,auto,1,false,,5,0,3,,unknown,copy_bound,,focus,MELL,1270,11,4155.365,1559776,1544309,11292,36043008,0,0,2048,4140.000,2.272
lltp,ILL/petri-nets/MCC,,,TokenRing-40-unfolded_5_1.p,classical,auto,1,false,,5,0,3,,unknown,recursion_limit,,focus,MELL,525290,81,67.006,0,0,0,0,0,0,2048,50.000,0.087
lltp,ILL/petri-nets/MCC,,,TokenRing-40-unfolded_50_1.p,classical,auto,1,false,,5,0,3,,unknown,recursion_limit,,focus,MELL,525290,81,68.070,0,0,0,0,0,0,2048,70.000,0.081
lltp,ILL/petri-nets/MCC,,,TokenRing-40-unfolded_20_1.p,classical,auto,1,false,,5,0,3,,unknown,recursion_limit,,focus,MELL,525290,81,75.466,0,0,0,0,0,0,2048,80.000,0.066
lltp,ILL/petri-nets/MCC,,,TokenRing-40-unfolded_1_1.p,classical,auto,1,false,,5,0,3,,unknown,recursion_limit,,focus,MELL,525290,81,77.506,0,0,0,0,0,0,2048,70.000,0.072
lltp,ILL/petri-nets/MCC,,,TokenRing-40-unfolded_100_1.p,classical,auto,1,false,,5,0,3,,unknown,recursion_limit,,focus,MELL,525290,81,69.448,0,0,0,0,0,0,2048,70.000,0.076
lltp,ILL/petri-nets/MCC,,,TokenRing-30-unfolded_5_1.p,classical,auto,1,false,,5,0,3,,unknown,recursion_limit,,focus,MELL,223570,61,32.621,0,0,0,0,0,0,2048,30.000,0.033
lltp,ILL/petri-nets/MCC,,,TokenRing-30-unfolded_50_1.p,classical,auto,1,false,,5,0,3,,unknown,recursion_limit,,focus,MELL,223570,61,32.753,0,0,0,0,0,0,2048,40.000,0.036
lltp,ILL/petri-nets/MCC,,,TokenRing-30-unfolded_20_1.p,classical,auto,1,false,,5,0,3,,unknown,recursion_limit,,focus,MELL,223570,61,33.984,0,0,0,0,0,0,2048,40.000,0.033
lltp,ILL/petri-nets/MCC,,,TokenRing-30-unfolded_1_1.p,classical,auto,1,false,,5,0,3,,unknown,recursion_limit,,focus,MELL,223570,61,32.369,0,0,0,0,0,0,2048,40.000,0.036
lltp,ILL/petri-nets/MCC,,,TokenRing-30-unfolded_100_1.p,classical,auto,1,false,,5,0,3,,unknown,recursion_limit,,focus,MELL,223570,61,33.579,0,0,0,0,0,0,2048,30.000,0.043
lltp,ILL/petri-nets/MCC,,,TokenRing-20-unfolded_5_1.p,classical,auto,1,false,,5,0,3,,unknown,recursion_limit,,focus,MELL,67450,41,8.887,0,0,0,0,0,0,2048,0.000,0.014
lltp,ILL/petri-nets/MCC,,,TokenRing-20-unfolded_50_1.p,classical,auto,1,false,,5,0,3,,unknown,recursion_limit,,focus,MELL,67450,41,9.836,0,0,0,0,0,0,2048,10.000,0.010
lltp,ILL/petri-nets/MCC,,,TokenRing-20-unfolded_20_1.p,classical,auto,1,false,,5,0,3,,unknown,recursion_limit,,focus,MELL,67450,41,9.148,0,0,0,0,0,0,2048,10.000,0.009
lltp,ILL/petri-nets/MCC,,,TokenRing-20-unfolded_1_1.p,classical,auto,1,false,,5,0,3,,unknown,recursion_limit,,focus,MELL,67450,41,10.160,0,0,0,0,0,0,2048,20.000,0.010
lltp,ILL/petri-nets/MCC,,,TokenRing-20-unfolded_100_1.p,classical,auto,1,false,,5,0,3,,unknown,recursion_limit,,focus,MELL,67450,41,10.238,0,0,0,0,0,0,2048,20.000,0.011
lltp,ILL/petri-nets/MCC,,,TokenRing-15-unfolded_5_1.p,classical,auto,1,false,,5,0,3,,unknown,recursion_limit,,focus,MELL,28990,31,4.747,0,0,0,0,0,0,2048,0.000,0.004
lltp,ILL/petri-nets/MCC,,,TokenRing-15-unfolded_50_1.p,classical,auto,1,false,,5,0,3,,unknown,recursion_limit,,focus,MELL,28990,31,3.753,0,0,0,0,0,0,2048,0.000,0.004
lltp,ILL/petri-nets/MCC,,,TokenRing-15-unfolded_20_1.p,classical,auto,1,false,,5,0,3,,unknown,recursion_limit,,focus,MELL,28990,31,4.744,0,0,0,0,0,0,2048,0.000,0.006
lltp,ILL/petri-nets/MCC,,,TokenRing-15-unfolded_1_1.p,classical,auto,1,false,,5,0,3,,unknown,recursion_limit,,focus,MELL,28990,31,3.662,0,0,0,0,0,0,2048,0.000,0.002
lltp,ILL/petri-nets/MCC,,,TokenRing-15-unfolded_100_1.p,classical,auto,1,false,,5,0,3,,unknown,recursion_limit,,focus,MELL,28990,31,3.761,0,0,0,0,0,0,2048,0.000,0.004
lltp,ILL/petri-nets/MCC,,,TokenRing-10-unfolded_5_1.p,classical,auto,1,false,,5,0,3,,unknown,timeout,,focus,MELL,8930,21,5007.204,16662,13218,3410,8161508,0,0,2048,4990.000,3.130
lltp,ILL/petri-nets/MCC,,,TokenRing-10-unfolded_50_1.p,classical,auto,1,false,,5,0,3,,unknown,timeout,,focus,MELL,8930,21,5270.150,1,0,0,8560640,0,0,2048,5260.000,3.401
lltp,ILL/petri-nets/MCC,,,TokenRing-10-unfolded_20_1.p,classical,auto,1,false,,5,0,3,,unknown,timeout,,focus,MELL,8930,21,5000.116,13791916,13791786,128,26084358,0,0,2048,4990.000,2.992
lltp,ILL/petri-nets/MCC,,,TokenRing-10-unfolded_1_1.p,classical,auto,1,false,,5,0,3,,proved,,ok,focus,MELL,8930,21,476.869,2054,0,2052,818026,0,0,2048,470.000,0.262
lltp,ILL/petri-nets/MCC,,,TokenRing-10-unfolded_10_1.p,classical,auto,1,false,,5,0,3,,unknown,timeout,,focus,MELL,8930,21,5043.492,1,0,0,8331264,0,0,2048,5030.000,3.064
lltp,ILL/petri-nets/MCC,,,TokenRing-10-unfolded_100_1.p,classical,auto,1,false,,5,0,3,,unknown,timeout,,focus,MELL,8930,21,5000.126,14085183,14084991,190,25575980,0,0,2048,4990.000,2.247
lltp,ILL/petri-nets/MCC,,,TCPcondis_tcp5_5_1.p,classical,auto,1,false,,5,0,3,,unknown,timeout,,focus,MELL,264,8,5001.895,44080224,44061292,18464,81810268,0,0,2048,4980.000,2.906
lltp,ILL/petri-nets/MCC,,,TCPcondis_tcp5_50_1.p,classical,auto,1,false,,5,0,3,,unknown,timeout,,focus,MELL,256,7,5002.666,1,0,0,122056704,0,0,2048,4990.000,2.332
lltp,ILL/petri-nets/MCC,,,TCPcondis_tcp5_20_1.p,classical,auto,1,false,,5,0,3,,unknown,timeout,,focus,MELL,264,7,5006.657,1,0,0,120107008,0,0,2048,4990.000,2.564
lltp,ILL/petri-nets/MCC,,,TCPcondis_tcp5_1_1.p,classical,auto,1,false,,5,0,3,,proved,,ok,focus,MELL,256,7,0.353,221,142,72,4951,0,0,2048,0.000,0.000
lltp,ILL/petri-nets/MCC,,,TCPcondis_tcp5_10_1.p,classical,auto,1,false,,5,0,3,,unknown,timeout,,focus,MELL,270,7,5002.745,13075295,13075237,56,104015905,0,0,2048,4980.000,2.495
lltp,ILL/petri-nets/MCC,,,TCPcondis_tcp5_100_1.p,classical,auto,1,false,,5,0,3,,unknown,timeout,,focus,MELL,256,7,5016.298,61569426,61431108,136606,72434350,0,0,2048,4990.000,3.000
lltp,ILL/petri-nets/MCC,,,TCPcondis_tcp50_5_1.p,classical,auto,1,false,,5,0,3,,unknown,timeout,,focus,MELL,624,52,5009.999,1,0,0,106213376,0,0,2048,4990.000,2.957
lltp,ILL/petri-nets/MCC,,,TCPcondis_tcp50_50_1.p,classical,auto,1,false,,5,0,3,,unknown,timeout,,focus,MELL,664,52,5000.039,4774610,4774596,12,88290401,0,0,2048,4980.000,4.311
lltp,ILL/petri-nets/MCC,,,TCPcondis_tcp50_20_1.p,classical,auto,1,false,,5,0,3,,unknown,timeout,,focus,MELL,654,52,5111.158,1,0,0,106205184,0,0,2048,5090.000,4.398
lltp,ILL/petri-nets/MCC,,,TCPcondis_tcp50_1_1.p,classical,auto,1,false,,5,0,3,,unknown,timeout,,focus,MELL,616,52,5040.676,1,0,0,82976768,0,0,2048,5020.000,3.103
lltp,ILL/petri-nets/MCC,,,TCPcondis_tcp50_10_1.p,classical,auto,1,false,,5,0,3,,unknown,timeout,,focus,MELL,634,52,5036.568,1,0,0,110673920,0,0,2048,5020.000,4.368
lltp,ILL/petri-nets/MCC,,,TCPcondis_tcp50_100_1.p,classical,auto,1,false,,5,0,3,,unknown,context_too_wide,,focus,MELL,708,52,0.028,1,0,0,0,0,0,2048,0.000,0.000
lltp,ILL/petri-nets/MCC,,,TCPcondis_tcp40_5_1.p,classical,auto,1,false,,5,0,3,,unknown,timeout,,focus,MELL,544,42,5012.658,1,0,0,107655168,0,0,2048,5000.000,3.306
lltp,ILL/petri-nets/MCC,,,TCPcondis_tcp40_50_1.p,classical,auto,1,false,,5,0,3,,unknown,timeout,,focus,MELL,594,42,5000.053,5325544,5325530,12,90178661,0,0,2048,4980.000,2.821
lltp,ILL/petri-nets/MCC,,,TCPcondis_tcp40_20_1.p,classical,auto,1,false,,5,0,3,,unknown,timeout,,focus,MELL,574,42,5065.374,1,0,0,104202240,0,0,2048,5040.000,3.626
lltp,ILL/petri-nets/MCC,,,TCPcondis_tcp40_1_1.p,classical,auto,1,false,,5,0,3,,unknown,timeout,,focus,MELL,536,42,5031.087,1,0,0,94564352,0,0,2048,5010.000,3.049
lltp,ILL/petri-nets/MCC,,,TCPcondis_tcp40_10_1.p,classical,auto,1,false,,5,0,3,,unknown,timeout,,focus,MELL,554,42,5044.842,1,0,0,109850624,0,0,2048,5030.000,3.314
lltp,ILL/petri-nets/MCC,,,TCPcondis_tcp40_100_1.p,classical,auto,1,false,,5,0,3,,unknown,context_too_wide,,focus,MELL,604,42,0.027,1,0,0,0,0,0,2048,0.000,0.000
lltp,ILL/petri-nets/MCC,,,TCPcondis_tcp35_5_1.p,classical,auto,1,false,,5,0,3,,unknown,timeout,,focus,MELL,504,37,5012.811,1,0,0,113336320,0,0,2048,4990.000,2.971
lltp,ILL/petri-nets/MCC,,,TCPcondis_tcp35_50_1.p,classical,auto,1,false,,5,0,3,,unknown,timeout,,focus,MELL,558,37,5000.029,5633058,5633044,12,89779482,0,0,2048,4980.000,2.800
lltp,ILL/petri-nets/MCC,,,TCPcondis_tcp35_20_1.p,classical,auto,1,false,,5,0,3,,unknown,timeout,,focus,MELL,534,37,5119.862,1,0,0,105914368,0,0,2048,5100.000,3.201
lltp,ILL/petri-nets/MCC,,,TCPcondis_tcp35_1_1.p,classical,auto,1,false,,5,0,3,,unknown,timeout,,focus,MELL,496,37,5045.451,1,0,0,95694848,0,0,2048,5020.000,2.935
lltp,ILL/petri-nets/MCC,,,TCPcondis_tcp35_10_1.p,classical,auto,1,false,,5,0,3,,unknown,timeout,,focus,MELL,514,37,5026.083,1,0,0,109641728,0,0,2048,5000.000,3.124
lltp,ILL/petri-nets/MCC,,,TCPcondis_tcp35_100_1.p,classical,auto,1,false,,5,0,3,,unknown,context_too_wide,,focus,MELL,554,37,0.027,1,0,0,0,0,0,2048,0.000,0.000
lltp,ILL/petri-nets/MCC,,,TCPcondis_tcp30_5_1.p,classical,auto,1,false,,5,0,3,,unknown,timeout,,focus,MELL,464,32,5018.717,1,0,0,112816128,0,0,2048,5000.000,2.834
lltp,ILL/petri-nets/MCC,,,TCPcondis_tcp30_50_1.p,classical,auto,1,false,,5,0,,,unknown,killed,,,,,,10500.538,,,,,,,,,
lltp,ILL/petri-nets/MCC,,,TCPcondis_tcp30_20_1.p,classical,auto,1,false,,5,0,3,,unknown,timeout,,focus,MELL,494,32,5052.226,1,0,0,110080000,0,0,2048,5030.000,2.944
lltp,ILL/petri-nets/MCC,,,TCPcondis_tcp30_1_1.p,classical,auto,1,false,,5,0,3,,unknown,timeout,,focus,MELL,456,32,5072.037,1,0,0,102789120,0,0,2048,5060.000,3.001
lltp,ILL/petri-nets/MCC,,,TCPcondis_tcp30_10_1.p,classical,auto,1,false,,5,0,3,,unknown,timeout,,focus,MELL,474,32,5008.159,1,0,0,112353280,0,0,2048,4990.000,3.466
lltp,ILL/petri-nets/MCC,,,TCPcondis_tcp30_100_1.p,classical,auto,1,false,,5,0,3,,unknown,timeout,,focus,MELL,502,32,5008.930,1,0,0,116891648,0,0,2048,4990.000,4.344
lltp,ILL/petri-nets/MCC,,,TCPcondis_tcp25_5_1.p,classical,auto,1,false,,5,0,3,,unknown,timeout,,focus,MELL,424,27,5050.068,1,0,0,114692096,0,0,2048,5030.000,2.707
lltp,ILL/petri-nets/MCC,,,TCPcondis_tcp25_50_1.p,classical,auto,1,false,,5,0,3,,unknown,timeout,,focus,MELL,462,27,5118.900,6178844,0,1048576,6178850,0,0,2048,5100.000,5.377
lltp,ILL/petri-nets/MCC,,,TCPcondis_tcp25_20_1.p,classical,auto,1,false,,5,0,3,,unknown,timeout,,focus,MELL,454,27,5027.161,1,0,0,113442816,0,0,2048,5010.000,3.352
lltp,ILL/petri-nets/MCC,,,TCPcondis_tcp25_1_1.p,classical,auto,1,false,,5,0,3,,unknown,timeout,,focus,MELL,416,27,5114.854,1,0,0,103546880,0,0,2048,5100.000,2.681
lltp,ILL/petri-nets/MCC,,,TCPcondis_tcp25_10_1.p,classical,auto,1,false,,5,0,3,,unknown,timeout,,focus,MELL,434,27,5068.624,1,0,0,114700288,0,0,2048,5050.000,3.422
lltp,ILL/petri-nets/MCC,,,TCPcondis_tcp25_100_1.p,classical,auto,1,false,,5,0,3,,unknown,timeout,,focus,MELL,450,27,5007.142,1,0,0,115671040,0,0,2048,4990.000,2.917
lltp,ILL/petri-nets/MCC,,,TCPcondis_tcp20_5_1.p,classical,auto,1,false,,5,0,3,,unknown,timeout,,focus,MELL,384,22,5025.574,1,0,0,113754112,0,0,2048,5010.000,2.875
lltp,ILL/petri-nets/MCC,,,TCPcondis_tcp20_50_1.p,classical,auto,1,false,,5,0,3,,unknown,timeout,,focus,MELL,410,22,5151.405,7036491,0,1048576,7036497,0,0,2048,5130.000,4.562
lltp,ILL/petri-nets/MCC,,,TCPcondis_tcp20_20_1.p,classical,auto,1,false,,5,0,3,,unknown,timeout,,focus,MELL,414,23,5000.050,11808463,11808433,28,98607162,0,0,2048,4980.000,3.137
lltp,ILL/petri-nets/MCC,,,TCPcondis_tcp20_1_1.p,classical,auto,1,false,,5,0,3,,unknown,timeout,,focus,MELL,376,22,5035.763,1,0,0,102662144,0,0,2048,5020.000,2.926
lltp,ILL/petri-nets/MCC,,,TCPcondis_tcp20_10_1.p,classical,auto,1,false,,5,0,3,,unknown,timeout,,focus,MELL,394,22,5032.214,1,0,0,113340416,0,0,2048,5010.000,3.132
lltp,ILL/petri-nets/MCC,,,TCPcondis_tcp20_100_1.p,classical,auto,1,false,,5,0,3,,unknown,timeout,,focus,MELL,398,22,5010.153,1,0,0,117207040,0,0,2048,4990.000,2.910
lltp,ILL/petri-nets/MCC,,,TCPcondis_tcp15_5_1.p,classical,auto,1,false,,5,0,3,,unknown,timeout,,focus,MELL,344,17,5027.931,1,0,0,113291264,0,0,2048,5010.000,2.990
lltp,ILL/petri-nets/MCC,,,TCPcondis_tcp15_50_1.p,classical,auto,1,false,,5,0,3,,unknown,timeout,,focus,MELL,360,17,5156.720,7004178,0,1048576,7004184,0,0,2048,5140.000,4.178
lltp,ILL/petri-nets/MCC,,,TCPcondis_tcp15_20_1.p,classical,auto,1,false,,5,0,3,,unknown,timeout,,focus,MELL,370,17,5018.607,1,0,0,119558144,0,0,2048,5000.000,2.759
lltp,ILL/petri-nets/MCC,,,TCPcondis_tcp15_1_1.p,classical,auto,1,false,,5,0,3,,unknown,timeout,,focus,MELL,336,17,5078.483,32,14,17,102006784,0,0,2048,5060.000,2.989
lltp,ILL/petri-nets/MCC,,,TCPcondis_tcp15_10_1.p,classical,auto,1,false,,5,0,3,,unknown,timeout,,focus,MELL,354,17,5007.854,8,6,1,113741824,0,0,2048,4990.000,2.999
lltp,ILL/petri-nets/MCC,,,TCPcondis_tcp15_100_1.p,classical,auto,1,false,,5,0,3,,unknown,timeout,,focus,MELL,344,17,5029.385,1,0,0,120496128,0,0,2048,5010.000,4.059
lltp,ILL/petri-nets/MCC,,,TCPcondis_tcp10_5_1.p,classical,auto,1,false,,5,0,3,,unknown,timeout,,focus,MELL,304,12,5041.310,3927,3890,36,115924992,0,0,2048,5020.000,3.274
lltp,ILL/petri-nets/MCC,,,TCPcondis_tcp10_50_1.p,classical,auto,1,false,,5,0,3,,unknown,timeout,,focus,MELL,308,12,5008.351,28296772,26134079,1048576,46166298,0,0,2048,4980.000,5.168
lltp,ILL/petri-nets/MCC,,,TCPcondis_tcp10_20_1.p,classical,auto,1,false,,5,0,3,,unknown,timeout,,focus,MELL,324,12,5026.261,1,0,0,116912128,0,0,2048,5010.000,3.339
lltp,ILL/petri-nets/MCC,,,TCPcondis_tcp10_1_1.p,classical,auto,1,false,,5,0,3,,proved,,ok,focus,MELL,296,12,70.825,421,282,127,1402640,0,0,2048,70.000,0.055
lltp,ILL/petri-nets/MCC,,,TCPcondis_tcp10_10_1.p,classical,auto,1,false,,5,0,3,,unknown,timeout,,focus,MELL,314,13,5000.040,27841212,27841154,56,98452114,0,0,2048,4980.000,4.672
lltp,ILL/petri-nets/MCC,,,TCPcondis_tcp10_100_1.p,classical,auto,1,false,,5,0,3,,unknown,timeout,,focus,MELL,294,12,5004.925,1,0,0,119328768,0,0,2048,4990.000,4.576
lltp,ILL/petri-nets/MCC,,,SwimmingPool-9_5_1.p,classical,auto,1,false,,5,0,3,,unknown,context_too_wide,,focus,MELL,1658,181,0.104,1,0,0,175,0,0,2048,0.000,0.000
lltp,ILL/petri-nets/MCC,,,SwimmingPool-9_50_1.p,classical,auto,1,false,,5,0,3,,unknown,context_too_wide,,focus,MELL,1658,181,0.074,1,0,0,130,0,0,2048,0.000,0.000
lltp,ILL/petri-nets/MCC,,,SwimmingPool-9_20_1.p,classical,auto,1,false,,5,0,3,,unknown,context_too_wide,,focus,MELL,1658,181,0.085,1,0,0,160,0,0,2048,0.000,0.000
lltp,ILL/petri-nets/MCC,,,SwimmingPool-9_1_1.p,classical,auto,1,false,,5,0,3,,unknown,context_too_wide,,focus,MELL,1658,181,0.094,1,0,0,179,0,0,2048,0.000,0.000
lltp,ILL/petri-nets/MCC,,,SwimmingPool-9_10_1.p,classical,auto,1,false,,5,0,3,,unknown,context_too_wide,,focus,MELL,1658,181,0.099,1,0,0,170,0,0,2048,0.000,0.000
lltp,ILL/petri-nets/MCC,,,SwimmingPool-9_100_1.p,classical,auto,1,false,,5,0,3,,unknown,context_too_wide,,focus,MELL,1658,181,0.059,1,0,0,80,0,0,2048,0.000,0.000
lltp,ILL/petri-nets/MCC,,,SwimmingPool-8_5_1.p,classical,auto,1,false,,5,0,3,,unknown,context_too_wide,,focus,MELL,1478,161,0.083,1,0,0,155,0,0,2048,0.000,0.000
lltp,ILL/petri-nets/MCC,,,SwimmingPool-8_50_1.p,classical,auto,1,false,,5,0,3,,unknown,context_too_wide,,focus,MELL,1478,161,0.068,1,0,0,110,0,0,2048,0.000,0.000
lltp,ILL/petri-nets/MCC,,,SwimmingPool-8_20_1.p,classical,auto,1,false,,5,0,3,,unknown,context_too_wide,,focus,MELL,1478,161,0.077,1,0,0,140,0,0,2048,0.000,0.000
lltp,ILL/petri-nets/MCC,,,SwimmingPool-8_1_1.p,classical,auto,1,false,,5,0,3,,unknown,context_too_wide,,focus,MELL,1478,161,0.085,1,0,0,159,0,0,2048,0.000,0.000
lltp,ILL/petri-nets/MCC,,,SwimmingPool-8_10_1.p,classical,auto,1,false,,5,0,3,,unknown,context_too_wide,,focus,MELL,1478,161,0.082,1,0,0,150,0,0,2048,0.000,0.000
lltp,ILL/petri-nets/MCC,,,SwimmingPool-8_100_1.p,classical,auto,1,false,,5,0,3,,unknown,context_too_wide,,focus,MELL,1478,161,0.052,1,0,0,60,0,0,2048,0.000,0.000
lltp,ILL/petri-nets/MCC,,,SwimmingPool-7_5_1.p,classical,auto,1,false,,5,0,3,,unknown,context_too_wide,,focus,MELL,1298,141,0.076,1,0,0,135,0,0,2048,0.000,0.000
lltp,ILL/petri-nets/MCC,,,SwimmingPool-7_50_1.p,classical,auto,1,false,,5,0,3,,unknown,context_too_wide,,focus,MELL,1298,141,0.056,1,0,0,90,0,0,2048,0.000,0.000
lltp,ILL/petri-nets/MCC,,,SwimmingPool-7_20_1.p,classical,auto,1,false,,5,0,3,,unknown,context_too_wide,,focus,MELL,1298,141,0.067,1,0,0,120,0,0,2048,0.000,0.000
lltp,ILL/petri-nets/MCC,,,SwimmingPool-7_1_1.p,classical,auto,1,false,,5,0,3,,unknown,context_too_wide,,focus,MELL,1298,141,0.077,1,0,0,139,0,0,2048,0.000,0.000
lltp,ILL/petri-nets/MCC,,,SwimmingPool-7_10_1.p,classical,auto,1,false,,5,0,3,,unknown,context_too_wide,,focus,MELL,1298,141,0.075,1,0,0,130,0,0,2048,0.000,0.000
lltp,ILL/petri-nets/MCC,,,SwimmingPool-7_100_1.p,classical,auto,1,false,,5,0,3,,unknown,context_too_wide,,focus,MELL,1166,141,0.031,1,0,0,0,0,0,2048,0.000,0.000
lltp,ILL/petri-nets/MCC,,,SwimmingPool-6_5_1.p,classical,auto,1,false,,5,0,3,,unknown,context_too_wide,,focus,MELL,1118,121,0.063,1,0,0,115,0,0,2048,0.000,0.000
lltp,ILL/petri-nets/MCC,,,SwimmingPool-6_50_1.p,classical,auto,1,false,,5,0,3,,unknown,context_too_wide,,focus,MELL,1118,121,0.051,1,0,0,70,0,0,2048,0.000,0.000
lltp,ILL/petri-nets/MCC,,,SwimmingPool-6_20_1.p,classical,auto,1,false,,5,0,3,,unknown,context_too_wide,,focus,MELL,1118,121,0.057,1,0,0,100,0,0,2048,0.000,0.000
lltp,ILL/petri-nets/MCC,,,SwimmingPool-6_1_1.p,classical,auto,1,false,,5,0,3,,unknown,context_too_wide,,focus,MELL,1118,121,0.067,1,0,0,119,0,0,2048,0.000,0.000
lltp,ILL/petri-nets/MCC,,,SwimmingPool-6_10_1.p,classical,auto,1,false,,5,0,3,,unknown,context_too_wide,,focus,MELL,1118,121,0.064,1,0,0,110,0,0,2048,0.000,0.000
lltp,ILL/petri-nets/MCC,,,SwimmingPool-6_100_1.p,classical,auto,1,false,,5,0,3,,unknown,context_too_wide,,focus,MELL,1118,121,0.033,1,0,0,20,0,0,2048,0.000,0.000
lltp,ILL/petri-nets/MCC,,,SwimmingPool-5_5_1.p,classical,auto,1,false,,5,0,3,,unknown,context_too_wide,,focus,MELL,938,101,0.053,1,0,0,95,0,0,2048,0.000,0.000
lltp,ILL/petri-nets/MCC,,,SwimmingPool-5_50_1.p,classical,auto,1,false,,5,0,3,,unknown,context_too_wide,,focus,MELL,938,101,0.039,1,0,0,50,0,0,2048,0.000,0.000
lltp,ILL/petri-nets/MCC,,,SwimmingPool-5_20_1.p,classical,auto,1,false,,5,0,3,,unknown,context_too_wide,,focus,MELL,938,101,0.051,1,0,0,80,0,0,2048,0.000,0.000
lltp,ILL/petri-nets/MCC,,,SwimmingPool-5_1_1.p,classical,auto,1,false,,5,0,3,,unknown,context_too_wide,,focus,MELL,938,101,0.056,1,0,0,99,0,0,2048,0.000,0.000
lltp,ILL/petri-nets/MCC,,,SwimmingPool-5_10_1.p,classical,auto,1,false,,5,0,3,,unknown,context_too_wide,,focus,MELL,938,101,0.052,1,0,0,90,0,0,2048,0.000,0.000
lltp,ILL/petri-nets/MCC,,,SwimmingPool-5_100_1.p,classical,auto,1,false,,5,0,3,,unknown,context_too_wide,,focus,MELL,938,101,0.028,1,0,0,0,0,0,2048,0.000,0.000
lltp,ILL/petri-nets/MCC,,,SwimmingPool-4_5_1.p,classical,auto,1,false,,5,0,3,,unknown,context_too_wide,,focus,MELL,758,81,0.044,1,0,0,75,0,0,2048,0.000,0.000
lltp,ILL/petri-nets/MCC,,,SwimmingPool-4_50_1.p,classical,auto,1,false,,5,0,3,,unknown,context_too_wide,,focus,MELL,758,81,0.031,1,0,0,30,0,0,2048,0.000,0.000
lltp,ILL/petri-nets/MCC,,,SwimmingPool-4_20_1.p,classical,auto,1,false,,5,0,3,,unknown,context_too_wide,,focus,MELL,758,81,0.040,1,0,0,60,0,0,2048,0.000,0.000
lltp,ILL/petri-nets/MCC,,,SwimmingPool-4_1_1.p,classical,auto,1,false,,5,0,3,,unknown,context_too_wide,,focus,MELL,758,81,0.104,1,0,0,79,0,0,2048,0.000,0.021
lltp,ILL/petri-nets/MCC,,,SwimmingPool-4_10_1.p,classical,auto,1,false,,5,0,3,,unknown,context_too_wide,,focus,MELL,758,81,0.041,1,0,0,70,0,0,2048,0.000,0.000
lltp,ILL/petri-nets/MCC,,,SwimmingPool-4_100_1.p,classical,auto,1,false,,5,0,3,,unknown,context_too_wide,,focus,MELL,718,81,0.023,1,0,0,0,0,0,2048,0.000,0.000
lltp,ILL/petri-nets/MCC,,,SwimmingPool-3_5_1.p,classical,auto,1,false,,5,0,3,,unknown,context_too_wide,,focus,MELL,578,61,0.035,1,0,0,55,0,0,2048,0.000,0.000
lltp,ILL/petri-nets/MCC,,,SwimmingPool-3_50_1.p,classical,auto,1,false,,5,0,3,,unknown,context_too_wide,,focus,MELL,578,61,0.023,1,0,0,10,0,0,2048,0.000,0.000
lltp,ILL/petri-nets/MCC,,,SwimmingPool-3_20_1.p,classical,auto,1,false,,5,0,3,,unknown,context_too_wide,,focus,MELL,578,61,0.034,1,0,0,40,0,0,2048,0.000,0.000
lltp,ILL/petri-nets/MCC,,,SwimmingPool-3_1_1.p,classical,auto,1,false,,5,0,3,,unknown,context_too_wide,,focus,MELL,578,61,0.037,1,0,0,59,0,0,2048,0.000,0.000
lltp,ILL/petri-nets/MCC,,,SwimmingPool-3_10_1.p,classical,auto,1,false,,5,0,3,,unknown,context_too_wide,,focus,MELL,578,61,0.035,1,0,0,50,0,0,2048,0.000,0.000
lltp,ILL/petri-nets/MCC,,,SwimmingPool-3_100_1.p,classical,auto,1,false,,5,0,3,,unknown,context_too_wide,,focus,MELL,516,61,0.019,1,0,0,0,0,0,2048,0.000,0.000
lltp,ILL/petri-nets/MCC,,,SwimmingPool-2_5_1.p,classical,auto,1,false,,5,0,3,,unknown,timeout,,focus,MELL,398,41,5047.532,1,0,0,133763072,0,0,2048,5020.000,2.796
lltp,ILL/petri-nets/MCC,,,SwimmingPool-2_50_1.p,classical,auto,1,false,,5,0,3,,unknown,context_too_wide,,focus,MELL,378,41,0.017,1,0,0,0,0,0,2048,0.000,0.000
lltp,ILL/petri-nets/MCC,,,SwimmingPool-2_20_1.p,classical,auto,1,false,,5,0,3,,unknown,context_too_wide,,focus,MELL,398,41,0.026,1,0,0,20,0,0,2048,0.000,0.000
lltp,ILL/petri-nets/MCC,,,SwimmingPool-2_1_1.p,classical,auto,1,false,,5,0,3,,unknown,timeout,,focus,MELL,398,41,5047.212,1,0,0,95592448,0,0,2048,5030.000,3.535
lltp,ILL/petri-nets/MCC,,,SwimmingPool-2_10_1.p,classical,auto,1,false,,5,0,3,,unknown,timeout,,focus,MELL,398,41,5005.057,1,0,0,149700608,0,0,2048,4990.000,3.249
lltp,ILL/petri-nets/MCC,,,SwimmingPool-2_100_1.p,classical,auto,1,false,,5,0,3,,unknown,context_too_wide,,focus,MELL,360,41,0.017,1,0,0,0,0,0,2048,0.000,0.000
lltp,ILL/petri-nets/MCC,,,SwimmingPool-1_5_1.p,classical,auto,1,false,,5,0,3,,unknown,timeout,,focus,MELL,218,21,5036.174,1,0,0,136740864,0,0,2048,5010.000,2.675
lltp,ILL/petri-nets/MCC,,,SwimmingPool-1_50_1.p,classical,auto,1,false,,5,0,3,,unknown,timeout,,focus,MELL,200,21,5042.131,1,0,0,144097280,0,0,2048,5030.000,3.409
lltp,ILL/petri-nets/MCC,,,SwimmingPool-1_20_1.p,classical,auto,1,false,,5,0,3,,unknown,timeout,,focus,MELL,218,21,5011.667,1,0,0,139665408,0,0,2048,5000.000,3.210
lltp,ILL/petri-nets/MCC,,,SwimmingPool-1_1_1.p,classical,auto,1,false,,5,0,3,,unknown,timeout,,focus,MELL,218,21,5078.687,1,0,0,97505280,0,0,2048,5060.000,2.997
lltp,ILL/petri-nets/MCC,,,SwimmingPool-1_10_1.p,classical,auto,1,false,,5,0,3,,unknown,timeout,,focus,MELL,218,21,5016.006,1,0,0,158035968,0,0,2048,5000.000,3.734
lltp,ILL/petri-nets/MCC,,,SwimmingPool-1_100_1.p,classical,auto,1,false,,5,0,3,,unknown,timeout,,focus,MELL,198,21,5004.615,1,0,0,144097280,0,0,2048,4990.000,3.720
lltp,ILL/petri-nets/MCC,,,SwimmingPool-10_5_1.p,classical,auto,1,false,,5,0,3,,unknown,context_too_wide,,focus,MELL,1838,201,0.120,1,0,0,195,0,0,2048,0.000,0.000
lltp,ILL/petri-nets/MCC,,,SwimmingPool-10_50_1.p,classical,auto,1,false,,5,0,3,,unknown,context_too_wide,,focus,MELL,1838,201,0.096,1,0,0,150,0,0,2048,0.000,0.000
lltp,ILL/petri-nets/MCC,,,SwimmingPool-10_20_1.p,classical,auto,1,false,,5,0,3,,unknown,context_too_wide,,focus,MELL,1838,201,0.101,1,0,0,180,0,0,2048,0.000,0.000
lltp,ILL/petri-nets/MCC,,,SwimmingPool-10_1_1.p,classical,auto,1,false,,5,0,3,,unknown,context_too_wide,,focus,MELL,1838,201,0.113,1,0,0,199,0,0,2048,0.000,0.000
lltp,ILL/petri-nets/MCC,,,SwimmingPool-10_10_1.p,classical,auto,1,false,,5,0,3,,unknown,context_too_wide,,focus,MELL,1838,201,0.108,1,0,0,190,0,0,2048,0.000,0.000
lltp,ILL/petri-nets/MCC,,,SwimmingPool-10_100_1.p,classical,auto,1,false,,5,0,3,,unknown,context_too_wide,,focus,MELL,1838,201,0.076,1,0,0,100,0,0,2048,0.000,0.000
lltp,ILL/petri-nets/MCC,,,SquareGrid_sg-8-4-8_5_1.p,classical,auto,1,false,,5,0,3,,unknown,context_too_wide,,focus,MELL,15742,21,1.362,1,0,0,0,0,0,2048,0.000,0.002
lltp,ILL/petri-nets/MCC,,,SquareGrid_sg-8-4-8_50_1.p,classical,auto,1,false,,5,0,3,,unknown,context_too_wide,,focus,MELL,15742,21,1.063,1,0,0,0,0,0,2048,0.000,0.002
lltp,ILL/petri-nets/MCC,,,SquareGrid_sg-8-4-8_20_1.p,classical,auto,1,false,,5,0,3,,unknown,context_too_wide,,focus,MELL,15742,21,1.068,1,0,0,0,0,0,2048,0.000,0.000
lltp,ILL/petri-nets/MCC,,,SquareGrid_sg-8-4-8_1_1.p,classical,auto,1,false,,5,0,3,,unknown,context_too_wide,,focus,MELL,15742,21,1.064,1,0,0,0,0,0,2048,0.000,0.000
lltp,ILL/petri-nets/MCC,,,SquareGrid_sg-8-4-8_100_1.p,classical,auto,1,false,,5,0,3,,unknown,context_too_wide,,focus,MELL,15742,22,1.131,1,0,0,0,0,0,2048,0.000,0.000
lltp,ILL/petri-nets/MCC,,,SquareGrid_sg-4-2-4_5_1.p,classical,auto,1,false,,5,0,3,,unknown,context_too_wide,,focus,MELL,3262,17,0.128,1,0,0,0,0,0,2048,0.000,0.000
lltp,ILL/petri-nets/MCC,,,SquareGrid_sg-4-2-4_50_1.p,classical,auto,1,false,,5,0,3,,unknown,context_too_wide,,focus,MELL,3262,20,0.130,1,0,0,0,0,0,2048,0.000,0.002
lltp,ILL/petri-nets/MCC,,,SquareGrid_sg-4-2-4_20_1.p,classical,auto,1,false,,5,0,3,,unknown,context_too_wide,,focus,MELL,3262,18,0.120,1,0,0,0,0,0,2048,0.000,0.000
lltp,ILL/petri-nets/MCC,,,SquareGrid_sg-4-2-4_1_1.p,classical,auto,1,false,,5,0,3,,unknown,context_too_wide,,focus,MELL,3262,17,0.126,1,0,0,0,0,0,2048,0.000,0.000
lltp,ILL/petri-nets/MCC,,,SquareGrid_sg-4-2-4_100_1.p,classical,auto,1,false,,5,0,3,,unknown,context_too_wide,,focus,MELL,3262,21,0.129,1,0,0,0,0,0,2048,0.000,0.003
lltp,ILL/petri-nets/MCC,,,SquareGrid_sg-2-1-2_5_1.p,classical,auto,1,false,,5,0,3,,unknown,timeout,,focus,MELL,766,15,5038.747,1,0,0,84496384,0,0,2048,5020.000,3.135
lltp,ILL/petri-nets/MCC,,,SquareGrid_sg-2-1-2_50_1.p,classical,auto,1,false,,5,0,3,,unknown,timeout,,focus,MELL,766,17,5046.234,1,0,0,89694208,0,0,2048,5030.000,3.521
lltp,ILL/petri-nets/MCC,,,SquareGrid_sg-2-1-2_20_1.p,classical,auto,1,false,,5,0,3,,unknown,timeout,,focus,MELL,766,18,5010.293,1,0,0,86487040,0,0,2048,5000.000,3.411
lltp,ILL/petri-nets/MCC,,,SquareGrid_sg-2-1-2_1_1.p,classical,auto,1,false,,5,0,3,,unknown,timeout,,focus,MELL,766,15,5003.485,1,0,0,83959808,0,0,2048,4990.000,3.156
lltp,ILL/petri-nets/MCC,,,SquareGrid_sg-2-1-2_100_1.p,classical,auto,1,false,,5,0,3,,unknown,timeout,,focus,MELL,766,18,5003.238,1,0,0,87482368,0,0,2048,4990.000,3.757
lltp,ILL/petri-nets/MCC,,,SquareGrid_sg-13-6-13_5_1.p,classical,auto,1,false,,5,0,3,,unknown,recursion_limit,,focus,MELL,49970,26,7.851,0,0,0,0,0,0,2048,10.000,0.006
lltp,ILL/petri-nets/MCC,,,SquareGrid_sg-13-6-13_50_1.p,classical,auto,1,false,,5,0,3,,unknown,recursion_limit,,focus,MELL,49970,26,7.529,0,0,0,0,0,0,2048,0.000,0.005
lltp,ILL/petri-nets/MCC,,,SquareGrid_sg-13-6-13_20_1.p,classical,auto,1,false,,5,0,3,,unknown,recursion_limit,,focus,MELL,49970,26,7.250,0,0,0,0,0,0,2048,10.000,0.005
lltp,ILL/petri-nets/MCC,,,SquareGrid_sg-13-6-13_1_1.p,classical,auto,1,false,,5,0,3,,unknown,recursion_limit,,focus,MELL,49970,26,7.085,0,0,0,0,0,0,2048,10.000,0.005
lltp,ILL/petri-nets/MCC,,,SquareGrid_sg-13-6-13_100_1.p,classical,auto,1,false,,5,0,3,,unknown,recursion_limit,,focus,MELL,49970,26,6.699,0,0,0,0,0,0,2048,10.000,0.005
lltp,ILL/petri-nets/MCC,,,SquareGrid_sg-10-5-10_5_1.p,classical,auto,1,false,,5,0,3,,unknown,context_too_wide,,focus,MELL,26878,23,2.924,1,0,0,0,0,0,2048,10.000,0.004
lltp,ILL/petri-nets/MCC,,,SquareGrid_sg-10-5-10_50_1.p,classical,auto,1,false,,5,0,3,,unknown,context_too_wide,,focus,MELL,26878,23,4.011,1,0,0,0,0,0,2048,0.000,0.004
lltp,ILL/petri-nets/MCC,,,SquareGrid_sg-10-5-10_20_1.p,classical,auto,1,false,,5,0,3,,unknown,context_too_wide,,focus,MELL,26878,23,2.756,1,0,0,0,0,0,2048,0.000,0.002
lltp,ILL/petri-nets/MCC,,,SquareGrid_sg-10-5-10_1_1.p,classical,auto,1,false,,5,0,3,,unknown,context_too_wide,,focus,MELL,26878,23,2.886,1,0,0,0,0,0,2048,10.000,0.014
lltp,ILL/petri-nets/MCC,,,SquareGrid_sg-10-5-10_100_1.p,classical,auto,1,false,,5,0,3,,unknown,context_too_wide,,focus,MELL,26878,23,3.580,1,0,0,0,0,0,2048,0.000,0.004
lltp,ILL/petri-nets/MCC,,,Solitaire_soli2_counter_5_1.p,classical,auto,1,false,,5,0,3,,unknown,context_too_wide,,focus,MELL,1568,123,0.054,1,0,0,0,0,0,2048,0.000,0.000
lltp,ILL/petri-nets/MCC,,,Solitaire_soli2_counter_50_1.p,classical,auto,1,false,,5,0,3,,unknown,context_too_wide,,focus,MELL,1522,100,0.052,1,0,0,0,0,0,2048,0.000,0.000
lltp,ILL/petri-nets/MCC,,,Solitaire_soli2_counter_20_1.p,classical,auto,1,false,,5,0,3,,unknown,context_too_wide,,focus,MELL,1538,108,0.052,1,0,0,0,0,0,2048,0.000,0.000
lltp,ILL/petri-nets/MCC,,,Solitaire_soli2_counter_1_1.p,classical,auto,1,false,,5,0,3,,unknown,context_too_wide,,focus,MELL,1576,127,0.054,1,0,0,0,0,0,2048,0.000,0.000
lltp,ILL/petri-nets/MCC,,,Solitaire_soli2_5_1.p,classical,auto,1,false,,5,0,3,,unknown,timeout,,focus,MELL,1250,9,5037.623,1,0,0,66494464,0,0,2048,5010.000,2.699
lltp,ILL/petri-nets/MCC,,,Solitaire_soli2_50_1.p,classical,auto,1,false,,5,0,3,,unknown,timeout,,focus,MELL,1250,9,5015.931,1,0,0,61861888,0,0,2048,5000.000,2.760
lltp,ILL/petri-nets/MCC,,,Solitaire_soli2_20_1.p,classical,auto,1,false,,5,0,3,,unknown,timeout,,focus,MELL,1250,9,5055.916,1,0,0,63684608,0,0,2048,5040.000,2.520
lltp,ILL/petri-nets/MCC,,,Solitaire_soli2_1_1.p,classical,auto,1,false,,5,0,3,,unknown,timeout,,focus,MELL,1250,9,5026.570,1,0,0,64237568,0,0,2048,5000.000,2.796
lltp,ILL/petri-nets/MCC,,,Solitaire_soli2_10_1.p,classical,auto,1,false,,5,0,3,,unknown,timeout,,focus,MELL,1250,9,10059.600,1,0,0,126595072,0,0,2048,10030.000,5.466
lltp,ILL/petri-nets/MCC,,,Solitaire_soli1_counter_5_1.p,classical,auto,1,false,,5,0,3,,unknown,context_too_wide,,focus,MELL,1312,103,0.057,1,0,0,0,0,0,2048,0.000,0.000
lltp,ILL/petri-nets/MCC,,,Solitaire_soli1_counter_50_1.p,classical,auto,1,false,,5,0,3,,unknown,context_too_wide,,focus,MELL,1272,83,0.047,1,0,0,0,0,0,2048,0.000,0.000
lltp,ILL/petri-nets/MCC,,,Solitaire_soli1_counter_20_1.p,classical,auto,1,false,,5,0,3,,unknown,context_too_wide,,focus,MELL,1282,88,0.046,1,0,0,0,0,0,2048,0.000,0.000
lltp,ILL/petri-nets/MCC,,,Solitaire_soli1_counter_1_1.p,classical,auto,1,false,,5,0,3,,unknown,context_too_wide,,focus,MELL,1320,107,0.046,1,0,0,0,0,0,2048,0.000,0.000
lltp,ILL/petri-nets/MCC,,,Solitaire_soli1_counter_10_1.p,classical,auto,1,false,,5,0,3,,unknown,context_too_wide,,focus,MELL,1302,98,0.046,1,0,0,0,0,0,2048,0.000,0.000
lltp,ILL/petri-nets/MCC,,,Solitaire_soli1_5_1.p,classical,auto,1,false,,5,0,3,,unknown,timeout,,focus,MELL,1042,9,5023.720,1,0,0,74629120,0,0,2048,5010.000,3.171
lltp,ILL/petri-nets/MCC,,,Solitaire_soli1_50_1.p,classical,auto,1,false,,5,0,3,,unknown,timeout,,focus,MELL,1042,9,5109.408,1,0,0,71073792,0,0,2048,5090.000,3.120
lltp,ILL/petri-nets/MCC,,,Solitaire_soli1_20_1.p,classical,auto,1,false,,5,0,3,,unknown,timeout,,focus,MELL,1042,9,5023.982,1,0,0,72908800,0,0,2048,5010.000,3.704
lltp,ILL/petri-nets/MCC,,,Solitaire_soli1_1_1.p,classical,auto,1,false,,5,0,3,,unknown,timeout,,focus,MELL,1042,9,5021.413,1,0,0,73887744,0,0,2048,5010.000,3.423
lltp,ILL/petri-nets/MCC,,,Solitaire_soli1_10_1.p,classical,auto,1,false,,5,0,3,,unknown,timeout,,focus,MELL,1042,9,5010.165,1,0,0,73887744,0,0,2048,4990.000,4.440
lltp,ILL/petri-nets/MCC,,,Solitaire_soli0_square5_5_1.p,classical,auto,1,false,,5,0,3,,unknown,timeout,,focus,MELL,1010,9,5013.481,1,0,0,80302080,0,0,2048,5000.000,3.991
lltp,ILL/petri-nets/MCC,,,Solitaire_soli0_square5_20_1.p,classical,auto,1,false,,5,0,3,,unknown,timeout,,focus,MELL,1010,9,5017.194,1,0,0,71348224,0,0,2048,5000.000,3.171
lltp,ILL/petri-nets/MCC,,,Solitaire_soli0_square5_1_1.p,classical,auto,1,false,,5,0,3,,unknown,timeout,,focus,MELL,1010,9,5025.834,1,0,0,83402752,0,0,2048,5010.000,2.652
lltp,ILL/petri-nets/MCC,,,Solitaire_soli0_counter_square5_5_1.p,classical,auto,1,false,,5,0,3,,unknown,timeout,,focus,MELL,1264,103,5029.615,1,0,0,82821120,0,0,2048,5020.000,2.366
lltp,ILL/petri-nets/MCC,,,Solitaire_soli0_counter_square5_20_1.p,classical,auto,1,false,,5,0,3,,unknown,timeout,,focus,MELL,1236,89,5023.104,1,0,0,69840896,0,0,2048,5010.000,2.081
lltp,ILL/petri-nets/MCC,,,Solitaire_soli0_counter_square5_1_1.p,classical,auto,1,false,,5,0,3,,unknown,timeout,,focus,MELL,1272,107,5066.208,1,0,0,83845120,0,0,2048,5050.000,2.235
lltp,ILL/petri-nets/MCC,,,SmallOperatingSystem-MT8192DC2048_5_1.p,classical,auto,1,false,,5,0,3,,unknown,recursion_limit,,focus,MELL,90144,8194,26.419,1,0,0,2038,0,0,2048,30.000,0.022
lltp,ILL/petri-nets/MCC,,,SmallOperatingSystem-MT8192DC2048_50_1.p,classical,auto,1,false,,5,0,3,,unknown,recursion_limit,,focus,MELL,89964,8194,27.175,1,0,0,2038,0,0,2048,30.000,0.024
lltp,ILL/petri-nets/MCC,,,SmallOperatingSystem-MT8192DC2048_20_1.p,classical,auto,1,false,,5,0,3,,unknown,recursion_limit,,focus,MELL,90084,8194,27.805,1,0,0,2038,0,0,2048,40.000,0.024
lltp,ILL/petri-nets/MCC,,,SmallOperatingSystem-MT8192DC2048_1_1.p,classical,auto,1,false,,5,0,3,,unknown,recursion_limit,,focus,MELL,90160,8194,25.822,1,0,0,2038,0,0,2048,20.000,0.020
lltp,ILL/petri-nets/MCC,,,SmallOperatingSystem-MT8192DC2048_10_1.p,classical,auto,1,false,,5,0,3,,unknown,recursion_limit,,focus,MELL,90124,8194,25.081,1,0,0,2038,0,0,2048,30.000,0.021
lltp,ILL/petri-nets/MCC,,,SmallOperatingSystem-MT4096DC2048_5_1.p,classical,auto,1,false,,5,0,3,,unknown,recursion_limit,,focus,MELL,57376,4098,15.649,1,0,0,2038,0,0,2048,20.000,0.014
lltp,ILL/petri-nets/MCC,,,SmallOperatingSystem-MT4096DC2048_50_1.p,classical,auto,1,false,,5,0,3,,unknown,recursion_limit,,focus,MELL,57196,4098,16.380,1,0,0,2038,0,0,2048,20.000,0.014
lltp,ILL/petri-nets/MCC,,,SmallOperatingSystem-MT4096DC2048_20_1.p,classical,auto,1,false,,5,0,3,,unknown,recursion_limit,,focus,MELL,57316,4098,15.862,1,0,0,2038,0,0,2048,20.000,0.015
lltp,ILL/petri-nets/MCC,,,SmallOperatingSystem-MT4096DC2048_1_1.p,classical,auto,1,false,,5,0,3,,unknown,recursion_limit,,focus,MELL,57392,4098,16.424,1,0,0,2038,0,0,2048,20.000,0.014
lltp,ILL/petri-nets/MCC,,,SmallOperatingSystem-MT4096DC2048_10_1.p,classical,auto,1,false,,5,0,3,,unknown,recursion_limit,,focus,MELL,57356,4098,15.097,1,0,0,2038,0,0,2048,20.000,0.012
lltp,ILL/petri-nets/MCC,,,SmallOperatingSystem-MT4096DC2048_100_1.p,classical,auto,1,false,,5,0,3,,unknown,recursion_limit,,focus,MELL,56996,4098,15.731,1,0,0,2038,0,0,2048,20.000,0.012
lltp,ILL/petri-nets/MCC,,,SmallOperatingSystem-MT4096DC1024_5_1.p,classical,auto,1,false,,5,0,3,,unknown,recursion_limit,,focus,MELL,45088,4098,12.892,1,0,0,2038,0,0,2048,10.000,0.009
lltp,ILL/petri-nets/MCC,,,SmallOperatingSystem-MT4096DC1024_50_1.p,classical,auto,1,false,,5,0,3,,unknown,recursion_limit,,focus,MELL,44908,4098,12.573,1,0,0,2038,0,0,2048,10.000,0.026
lltp,ILL/petri-nets/MCC,,,SmallOperatingSystem-MT4096DC1024_20_1.p,classical,auto,1,false,,5,0,3,,unknown,recursion_limit,,focus,MELL,45028,4098,12.392,1,0,0,2038,0,0,2048,10.000,0.010
lltp,ILL/petri-nets/MCC,,,SmallOperatingSystem-MT4096DC1024_1_1.p,classical,auto,1,false,,5,0,3,,unknown,recursion_limit,,focus,MELL,45104,4098,13.145,1,0,0,2038,0,0,2048,10.000,0.014
lltp,ILL/petri-nets/MCC,,,SmallOperatingSystem-MT4096DC1024_10_1.p,classical,auto,1,false,,5,0,3,,unknown,recursion_limit,,focus,MELL,45068,4098,11.473,1,0,0,2038,0,0,2048,10.000,0.011
lltp,ILL/petri-nets/MCC,,,SmallOperatingSystem-MT4096DC1024_100_1.p,classical,auto,1,false,,5,0,3,,unknown,recursion_limit,,focus,MELL,44708,4098,11.729,1,0,0,2038,0,0,2048,10.000,0.012
lltp,ILL/petri-nets/MCC,,,SmallOperatingSystem-MT2048DC1024_5_1.p,classical,auto,1,false,,5,0,3,,unknown,recursion_limit,,focus,MELL,28704,2050,7.751,1,0,0,2038,0,0,2048,10.000,0.023
lltp,ILL/petri-nets/MCC,,,SmallOperatingSystem-MT2048DC1024_50_1.p,classical,auto,1,false,,5,0,3,,unknown,context_too_wide,,focus,MELL,28524,2050,7.386,1,0,0,1998,0,0,2048,10.000,0.018
lltp,ILL/petri-nets/MCC,,,SmallOperatingSystem-MT2048DC1024_20_1.p,classical,auto,1,false,,5,0,3,,unknown,context_too_wide,,focus,MELL,28644,2050,7.258,1,0,0,2028,0,0,2048,0.000,0.023
lltp,ILL/petri-nets/MCC,,,SmallOperatingSystem-MT2048DC1024_1_1.p,classical,auto,1,false,,5,0,3,,unknown,recursion_limit,,focus,MELL,28720,2050,7.019,1,0,0,2038,0,0,2048,10.000,0.020
lltp,ILL/petri-nets/MCC,,,SmallOperatingSystem-MT2048DC1024_10_1.p,classical,auto,1,false,,5,0,3,,unknown,recursion_limit,,focus,MELL,28684,2050,7.359,1,0,0,2038,0,0,2048,10.000,0.021
lltp,ILL/petri-nets/MCC,,,SmallOperatingSystem-MT2048DC1024_100_1.p,classical,auto,1,false,,5,0,3,,unknown,context_too_wide,,focus,MELL,28324,2050,6.821,1,0,0,1948,0,0,2048,10.000,0.020
lltp,ILL/petri-nets/MCC,,,SmallOperatingSystem-MT2048DC0512_5_1.p,classical,auto,1,false,,5,0,3,,unknown,recursion_limit,,focus,MELL,22560,2050,5.516,1,0,0,2038,0,0,2048,0.000,0.004
lltp,ILL/petri-nets/MCC,,,SmallOperatingSystem-MT2048DC0512_50_1.p,classical,auto,1,false,,5,0,3,,unknown,context_too_wide,,focus,MELL,22380,2050,5.269,1,0,0,1998,0,0,2048,0.000,0.009
lltp,ILL/petri-nets/MCC,,,SmallOperatingSystem-MT2048DC0512_20_1.p,classical,auto,1,false,,5,0,3,,unknown,context_too_wide,,focus,MELL,22500,2050,5.441,1,0,0,2028,0,0,2048,0.000,0.004
lltp,ILL/petri-nets/MCC,,,SmallOperatingSystem-MT2048DC0512_1_1.p,classical,auto,1,false,,5,0,3,,unknown,recursion_limit,,focus,MELL,22576,2050,5.195,1,0,0,2038,0,0,2048,0.000,0.003
lltp,ILL/petri-nets/MCC,,,SmallOperatingSystem-MT2048DC0512_10_1.p,classical,auto,1,false,,5,0,3,,unknown,recursion_limit,,focus,MELL,22540,2050,5.329,1,0,0,2038,0,0,2048,0.000,0.022
lltp,ILL/petri-nets/MCC,,,SmallOperatingSystem-MT2048DC0512_100_1.p,classical,auto,1,false,,5,0,3,,unknown,context_too_wide,,focus,MELL,22180,2050,4.776,1,0,0,1948,0,0,2048,0.000,0.014
lltp,ILL/petri-nets/MCC,,,SmallOperatingSystem-MT1024DC0512_5_1.p,classical,auto,1,false,,5,0,3,,unknown,context_too_wide,,focus,MELL,14368,1026,1.664,1,0,0,1019,0,0,2048,0.000,0.001
lltp,ILL/petri-nets/MCC,,,SmallOperatingSystem-MT1024DC0512_50_1.p,classical,auto,1,false,,5,0,3,,unknown,context_too_wide,,focus,MELL,14188,1026,1.622,1,0,0,974,0,0,2048,0.000,0.002
lltp,ILL/petri-nets/MCC,,,SmallOperatingSystem-MT1024DC0512_20_1.p,classical,auto,1,false,,5,0,3,,unknown,context_too_wide,,focus,MELL,14308,1026,1.569,1,0,0,1004,0,0,2048,0.000,0.002
lltp,ILL/petri-nets/MCC,,,SmallOperatingSystem-MT1024DC0512_1_1.p,classical,auto,1,false,,5,0,3,,unknown,context_too_wide,,focus,MELL,14384,1026,1.660,1,0,0,1023,0,0,2048,0.000,0.002
lltp,ILL/petri-nets/MCC,,,SmallOperatingSystem-MT1024DC0512_10_1.p,classical,auto,1,false,,5,0,3,,unknown,context_too_wide,,focus,MELL,14348,1026,1.643,1,0,0,1014,0,0,2048,0.000,0.002
lltp,ILL/petri-nets/MCC,,,SmallOperatingSystem-MT1024DC0512_100_1.p,classical,auto,1,false,,5,0,3,,unknown,context_too_wide,,focus,MELL,13988,1026,1.451,1,0,0,924,0,0,2048,0.000,0.002
lltp,ILL/petri-nets/MCC,,,SmallOperatingSystem-MT1024DC0256_5_1.p,classical,auto,1,false,,5,0,3,,unknown,context_too_wide,,focus,MELL,11296,1026,1.390,1,0,0,1019,0,0,2048,0.000,0.002
lltp,ILL/petri-nets/MCC,,,SmallOperatingSystem-MT1024DC0256_50_1.p,classical,auto,1,false,,5,0,3,,unknown,context_too_wide,,focus,MELL,11116,1026,1.399,1,0,0,974,0,0,2048,0.000,0.000
lltp,ILL/petri-nets/MCC,,,SmallOperatingSystem-MT1024DC0256_20_1.p,classical,auto,1,false,,5,0,3,,unknown,context_too_wide,,focus,MELL,11236,1026,1.453,1,0,0,1004,0,0,2048,0.000,0.000
lltp,ILL/petri-nets/MCC,,,SmallOperatingSystem-MT1024DC0256_1_1.p,classical,auto,1,false,,5,0,3,,unknown,context_too_wide,,focus,MELL,11312,1026,1.381,1,0,0,1023,0,0,2048,0.000,0.000
lltp,ILL/petri-nets/MCC,,,SmallOperatingSystem-MT1024DC0256_10_1.p,classical,auto,1,false,,5,0,3,,unknown,context_too_wide,,focus,MELL,11276,1026,1.376,1,0,0,1014,0,0,2048,0.000,0.000
lltp,ILL/petri-nets/MCC,,,SmallOperatingSystem-MT1024DC0256_100_1.p,classical,auto,1,false,,5,0,3,,unknown,context_too_wide,,focus,MELL,10916,1026,1.329,1,0,0,924,0,0,2048,0.000,0.000
lltp,ILL/petri-nets/MCC,,,SmallOperatingSystem-MT0512DC0256_5_1.p,classical,auto,1,false,,5,0,3,,unknown,context_too_wide,,focus,MELL,7200,514,0.491,1,0,0,507,0,0,2048,0.000,0.000
lltp,ILL/petri-nets/MCC,,,SmallOperatingSystem-MT0512DC0256_50_1.p,classical,auto,1,false,,5,0,3,,unknown,context_too_wide,,focus,MELL,7020,514,0.473,1,0,0,462,0,0,2048,0.000,0.000
lltp,ILL/petri-nets/MCC,,,SmallOperatingSystem-MT0512DC0256_20_1.p,classical,auto,1,false,,5,0,3,,unknown,context_too_wide,,focus,MELL,7140,514,0.542,1,0,0,492,0,0,2048,0.000,0.000
lltp,ILL/petri-nets/MCC,,,SmallOperatingSystem-MT0512DC0256_1_1.p,classical,auto,1,false,,5,0,3,,unknown,context_too_wide,,focus,MELL,7216,514,0.483,1,0,0,511,0,0,2048,0.000,0.000
lltp,ILL/petri-nets/MCC,,,SmallOperatingSystem-MT0512DC0256_10_1.p,classical,auto,1,false,,5,0,3,,unknown,context_too_wide,,focus,MELL,7180,514,0.485,1,0,0,502,0,0,2048,0.000,0.000
lltp,ILL/petri-nets/MCC,,,SmallOperatingSystem-MT0512DC0256_100_1.p,classical,auto,1,false,,5,0,3,,unknown,context_too_wide,,focus,MELL,6820,514,0.429,1,0,0,412,0,0,2048,0.000,0.000
lltp,ILL/petri-nets/MCC,,,SmallOperatingSystem-MT0512DC0128_5_1.p,classical,auto,1,false,,5,0,3,,unknown,context_too_wide,,focus,MELL,5664,514,0.423,1,0,0,507,0,0,2048,0.000,0.000
lltp,ILL/petri-nets/MCC,,,SmallOperatingSystem-MT0512DC0128_50_1.p,classical,auto,1,false,,5,0,3,,unknown,context_too_wide,,focus,MELL,5484,514,0.352,1,0,0,462,0,0,2048,0.000,0.000
lltp,ILL/petri-nets/MCC,,,SmallOperatingSystem-MT0512DC0128_20_1.p,classical,auto,1,false,,5,0,3,,unknown,context_too_wide,,focus,MELL,5604,514,0.431,1,0,0,492,0,0,2048,0.000,0.000
lltp,ILL/petri-nets/MCC,,,SmallOperatingSystem-MT0512DC0128_1_1.p,classical,auto,1,false,,5,0,3,,unknown,context_too_wide,,focus,MELL,5680,514,0.426,1,0,0,511,0,0,2048,0.000,0.000
lltp,ILL/petri-nets/MCC,,,SmallOperatingSystem-MT0512DC0128_10_1.p,classical,auto,1,false,,5,0,3,,unknown,context_too_wide,,focus,MELL,5644,514,0.422,1,0,0,502,0,0,2048,0.000,0.000
lltp,ILL/petri-nets/MCC,,,SmallOperatingSystem-MT0512DC0128_100_1.p,classical,auto,1,false,,5,0,3,,unknown,context_too_wide,,focus,MELL,5284,514,0.315,1,0,0,412,0,0,2048,0.000,0.000
lltp,ILL/petri-nets/MCC,,,SmallOperatingSystem-MT0256DC0128_5_1.p,classical,auto,1,false,,5,0,3,,unknown,context_too_wide,,focus,MELL,3616,258,0.168,1,0,0,251,0,0,2048,0.000,0.000
lltp,ILL/petri-nets/MCC,,,SmallOperatingSystem-MT0256DC0128_50_1.p,classical,auto,1,false,,5,0,3,,unknown,context_too_wide,,focus,MELL,3436,258,0.144,1,0,0,206,0,0,2048,0.000,0.000
lltp,ILL/petri-nets/MCC,,,SmallOperatingSystem-MT0256DC0128_20_1.p,classical,auto,1,false,,5,0,3,,unknown,context_too_wide,,focus,MELL,3556,258,0.170,1,0,0,236,0,0,2048,0.000,0.003
lltp,ILL/petri-nets/MCC,,,SmallOperatingSystem-MT0256DC0128_1_1.p,classical,auto,1,false,,5,0,3,,unknown,context_too_wide,,focus,MELL,3632,258,0.191,1,0,0,255,0,0,2048,0.000,0.006
lltp,ILL/petri-nets/MCC,,,SmallOperatingSystem-MT0256DC0128_10_1.p,classical,auto,1,false,,5,0,3,,unknown,context_too_wide,,focus,MELL,3596,258,0.171,1,0,0,246,0,0,2048,0.000,0.003
lltp,ILL/petri-nets/MCC,,,SmallOperatingSystem-MT0256DC0128_100_1.p,classical,auto,1,false,,5,0,3,,unknown,context_too_wide,,focus,MELL,3236,258,0.120,1,0,0,156,0,0,2048,0.000,0.000
lltp,ILL/petri-nets/MCC,,,SmallOperatingSystem-MT0256DC0064_5_1.p,classical,auto,1,false,,5,0,3,,unknown,context_too_wide,,focus,MELL,2848,258,0.149,1,0,0,251,0,0,2048,0.000,0.000
lltp,ILL/petri-nets/MCC,,,SmallOperatingSystem-MT0256DC0064_50_1.p,classical,auto,1,false,,5,0,3,,unknown,context_too_wide,,focus,MELL,2668,258,0.129,1,0,0,206,0,0,2048,0.000,0.000
lltp,ILL/petri-nets/MCC,,,SmallOperatingSystem-MT0256DC0064_20_1.p,classical,auto,1,false,,5,0,3,,unknown,context_too_wide,,focus,MELL,2788,258,0.142,1,0,0,236,0,0,2048,0.000,0.000
lltp,ILL/petri-nets/MCC,,,SmallOperatingSystem-MT0256DC0064_1_1.p,classical,auto,1,false,,5,0,3,,unknown,context_too_wide,,focus,MELL,2864,258,0.151,1,0,0,255,0,0,2048,0.000,0.000
lltp,ILL/petri-nets/MCC,,,SmallOperatingSystem-MT0256DC0064_10_1.p,classical,auto,1,false,,5,0,3,,unknown,context_too_wide,,focus,MELL,2828,258,0.144,1,0,0,246,0,0,2048,0.000,0.000
lltp,ILL/petri-nets/MCC,,,SmallOperatingSystem-MT0256DC0064_100_1.p,classical,auto,1,false,,5,0,3,,unknown,context_too_wide,,focus,MELL,2612,258,0.061,1,0,0,0,0,0,2048,0.000,0.000
lltp,ILL/petri-nets/MCC,,,SmallOperatingSystem-MT0128DC0064_5_1.p,classical,auto,1,false,,5,0,3,,unknown,context_too_wide,,focus,MELL,1824,130,0.081,1,0,0,123,0,0,2048,0.000,0.000
lltp,ILL/petri-nets/MCC,,,SmallOperatingSystem-MT0128DC0064_50_1.p,classical,auto,1,false,,5,0,3,,unknown,context_too_wide,,focus,MELL,1644,130,0.065,1,0,0,78,0,0,2048,0.000,0.000
lltp,ILL/petri-nets/MCC,,,SmallOperatingSystem-MT0128DC0064_20_1.p,classical,auto,1,false,,5,0,3,,unknown,context_too_wide,,focus,MELL,1764,130,0.077,1,0,0,108,0,0,2048,0.000,0.000
lltp,ILL/petri-nets/MCC,,,SmallOperatingSystem-MT0128DC0064_1_1.p,classical,auto,1,false,,5,0,3,,unknown,context_too_wide,,focus,MELL,1840,130,0.080,1,0,0,127,0,0,2048,0.000,0.000
lltp,ILL/petri-nets/MCC,,,SmallOperatingSystem-MT0128DC0064_10_1.p,classical,auto,1,false,,5,0,3,,unknown,context_too_wide,,focus,MELL,1804,130,0.078,1,0,0,118,0,0,2048,0.000,0.000
lltp,ILL/petri-nets/MCC,,,SmallOperatingSystem-MT0128DC0064_100_1.p,classical,auto,1,false,,5,0,3,,unknown,context_too_wide,,focus,MELL,1588,130,0.041,1,0,0,0,0,0,2048,0.000,0.000
lltp,ILL/petri-nets/MCC,,,SmallOperatingSystem-MT0128DC0032_5_1.p,classical,auto,1,false,,5,0,3,,unknown,context_too_wide,,focus,MELL,1440,130,0.075,1,0,0,123,0,0,2048,0.000,0.000
lltp,ILL/petri-nets/MCC,,,SmallOperatingSystem-MT0128DC0032_50_1.p,classical,auto,1,false,,5,0,3,,unknown,context_too_wide,,focus,MELL,1320,130,0.066,1,0,0,96,0,0,2048,0.000,0.000
lltp,ILL/petri-nets/MCC,,,SmallOperatingSystem-MT0128DC0032_20_1.p,classical,auto,1,false,,5,0,3,,unknown,context_too_wide,,focus,MELL,1380,130,0.069,1,0,0,108,0,0,2048,0.000,0.000
lltp,ILL/petri-nets/MCC,,,SmallOperatingSystem-MT0128DC0032_1_1.p,classical,auto,1,false,,5,0,3,,unknown,context_too_wide,,focus,MELL,1456,130,0.078,1,0,0,127,0,0,2048,0.000,0.000
lltp,ILL/petri-nets/MCC,,,SmallOperatingSystem-MT0128DC0032_10_1.p,classical,auto,1,false,,5,0,3,,unknown,context_too_wide,,focus,MELL,1420,130,0.072,1,0,0,118,0,0,2048,0.000,0.000
lltp,ILL/petri-nets/MCC,,,SmallOperatingSystem-MT0064DC0032_5_1.p,classical,auto,1,false,,5,0,3,,unknown,context_too_wide,,focus,MELL,928,66,0.049,1,0,0,59,0,0,2048,0.000,0.000
lltp,ILL/petri-nets/MCC,,,SmallOperatingSystem-MT0064DC0032_50_1.p,classical,auto,1,false,,5,0,3,,unknown,context_too_wide,,focus,MELL,808,66,0.036,1,0,0,32,0,0,2048,0.000,0.000
lltp,ILL/petri-nets/MCC,,,SmallOperatingSystem-MT0064DC0032_20_1.p,classical,auto,1,false,,5,0,3,,unknown,context_too_wide,,focus,MELL,868,66,0.040,1,0,0,44,0,0,2048,0.000,0.000
lltp,ILL/petri-nets/MCC,,,SmallOperatingSystem-MT0064DC0032_1_1.p,classical,auto,1,false,,5,0,3,,unknown,context_too_wide,,focus,MELL,944,66,0.047,1,0,0,63,0,0,2048,0.000,0.000
lltp,ILL/petri-nets/MCC,,,SmallOperatingSystem-MT0064DC0032_10_1.p,classical,auto,1,false,,5,0,3,,unknown,context_too_wide,,focus,MELL,908,66,0.049,1,0,0,54,0,0,2048,0.000,0.000
lltp,ILL/petri-nets/MCC,,,SmallOperatingSystem-MT0064DC0016_5_1.p,classical,auto,1,false,,5,0,3,,unknown,context_too_wide,,focus,MELL,736,66,0.046,1,0,0,59,0,0,2048,0.000,0.000
lltp,ILL/petri-nets/MCC,,,SmallOperatingSystem-MT0064DC0016_50_1.p,classical,auto,1,false,,5,0,3,,unknown,context_too_wide,,focus,MELL,674,66,0.025,1,0,0,0,0,0,2048,0.000,0.000
lltp,ILL/petri-nets/MCC,,,SmallOperatingSystem-MT0064DC0016_20_1.p,classical,auto,1,false,,5,0,3,,unknown,context_too_wide,,focus,MELL,694,66,0.026,1,0,0,0,0,0,2048,0.000,0.000
lltp,ILL/petri-nets/MCC,,,SmallOperatingSystem-MT0064DC0016_1_1.p,classical,auto,1,false,,5,0,3,,unknown,context_too_wide,,focus,MELL,752,66,0.046,1,0,0,63,0,0,2048,0.000,0.000
lltp,ILL/petri-nets/MCC,,,SmallOperatingSystem-MT0064DC0016_10_1.p,classical,auto,1,false,,5,0,3,,unknown,context_too_wide,,focus,MELL,716,66,0.044,1,0,0,54,0,0,2048,0.000,0.000
lltp,ILL/petri-nets/MCC,,,SmallOperatingSystem-MT0064DC0016_100_1.p,classical,auto,1,false,,5,0,3,,unknown,context_too_wide,,focus,MELL,636,66,0.038,1,0,0,48,0,0,2048,0.000,0.000
lltp,ILL/petri-nets/MCC,,,SmallOperatingSystem-MT0032DC0016_5_1.p,classical,auto,1,false,,5,0,3,,unknown,context_too_wide,,focus,MELL,480,34,0.031,1,0,0,27,0,0,2048,0.000,0.000
lltp,ILL/petri-nets/MCC,,,SmallOperatingSystem-MT0032DC0016_50_1.p,classical,auto,1,false,,5,0,3,,unknown,context_too_wide,,focus,MELL,418,34,0.019,1,0,0,0,0,0,2048,0.000,0.000
lltp,ILL/petri-nets/MCC,,,SmallOperatingSystem-MT0032DC0016_20_1.p,classical,auto,1,false,,5,0,3,,unknown,context_too_wide,,focus,MELL,438,34,0.018,1,0,0,0,0,0,2048,0.000,0.000
lltp,ILL/petri-nets/MCC,,,SmallOperatingSystem-MT0032DC0016_1_1.p,classical,auto,1,false,,5,0,3,,unknown,context_too_wide,,focus,MELL,496,34,0.031,1,0,0,31,0,0,2048,0.000,0.000
lltp,ILL/petri-nets/MCC,,,SmallOperatingSystem-MT0032DC0016_10_1.p,classical,auto,1,false,,5,0,3,,unknown,context_too_wide,,focus,MELL,460,34,0.027,1,0,0,22,0,0,2048,0.000,0.000
lltp,ILL/petri-nets/MCC,,,SmallOperatingSystem-MT0032DC0016_100_1.p,classical,auto,1,false,,5,0,3,,unknown,context_too_wide,,focus,MELL,436,34,0.030,1,0,0,32,0,0,2048,0.000,0.000
lltp,ILL/petri-nets/MCC,,,SmallOperatingSystem-MT0032DC0008_5_1.p,classical,auto,1,false,,5,0,3,,unknown,timeout,,focus,MELL,384,34,5024.552,1,0,0,140165120,0,0,2048,5000.000,2.937
lltp,ILL/petri-nets/MCC,,,SmallOperatingSystem-MT0032DC0008_50_1.p,classical,auto,1,false,,5,0,3,,unknown,context_too_wide,,focus,MELL,344,34,0.029,1,0,0,24,0,0,2048,0.000,0.000
lltp,ILL/petri-nets/MCC,,,SmallOperatingSystem-MT0032DC0008_20_1.p,classical,auto,1,false,,5,0,3,,unknown,context_too_wide,,focus,MELL,364,34,0.028,1,0,0,24,0,0,2048,0.000,0.000
lltp,ILL/petri-nets/MCC,,,SmallOperatingSystem-MT0032DC0008_1_1.p,classical,auto,1,false,,5,0,3,,unknown,timeout,,focus,MELL,400,34,5352.959,1,0,0,109060096,0,0,2048,5330.000,2.993
lltp,ILL/petri-nets/MCC,,,SmallOperatingSystem-MT0032DC0008_10_1.p,classical,auto,1,false,,5,0,3,,unknown,context_too_wide,,focus,MELL,372,34,0.020,1,0,0,0,0,0,2048,0.000,0.000
lltp,ILL/petri-nets/MCC,,,SmallOperatingSystem-MT0032DC0008_100_1.p,classical,auto,1,false,,5,0,3,,unknown,context_too_wide,,focus,MELL,368,34,0.018,1,0,0,0,0,0,2048,0.000,0.000
lltp,ILL/petri-nets/MCC,,,SmallOperatingSystem-MT0016DC0008_5_1.p,classical,auto,1,false,,5,0,3,,unknown,timeout,,focus,MELL,256,18,5036.003,1,0,0,141418496,0,0,2048,5010.000,2.806
lltp,ILL/petri-nets/MCC,,,SmallOperatingSystem-MT0016DC0008_50_1.p,classical,auto,1,false,,5,0,3,,unknown,timeout,,focus,MELL,244,18,5007.064,1,0,0,149377024,0,0,2048,4990.000,3.174
lltp,ILL/petri-nets/MCC,,,SmallOperatingSystem-MT0016DC0008_20_1.p,classical,auto,1,false,,5,0,3,,unknown,timeout,,focus,MELL,236,18,5013.442,1,0,0,159764480,0,0,2048,5000.000,2.748
lltp,ILL/petri-nets/MCC,,,SmallOperatingSystem-MT0016DC0008_1_1.p,classical,auto,1,false,,5,0,3,,unknown,timeout,,focus,MELL,272,18,5060.306,1,0,0,103645184,0,0,2048,5040.000,2.728
lltp,ILL/petri-nets/MCC,,,SmallOperatingSystem-MT0016DC0008_10_1.p,classical,auto,1,false,,5,0,3,,unknown,timeout,,focus,MELL,244,18,5009.761,1,0,0,157097984,0,0,2048,4990.000,2.812
lltp,ILL/petri-nets/MCC,,,SmallOperatingSystem-MT0016DC0008_100_1.p,classical,auto,1,false,,5,0,3,,unknown,timeout,,focus,MELL,244,18,5012.209,1,0,0,147619840,0,0,2048,5000.000,3.088
lltp,ILL/petri-nets/MCC,,,SimpleLoadBal_simple_lbs-5_5_1.p,classical,auto,1,false,,5,0,3,,unknown,timeout,,focus,MELL,2360,132,5002.496,35721299,35703881,17414,46277916,0,0,2048,4980.000,2.698
lltp,ILL/petri-nets/MCC,,,SimpleLoadBal_simple_lbs-5_50_1.p,classical,auto,1,false,,5,0,3,,unknown,timeout,,focus,MELL,2364,132,5018.348,12582916,12576768,6147,43507712,0,0,2048,5000.000,3.052
lltp,ILL/petri-nets/MCC,,,SimpleLoadBal_simple_lbs-5_20_1.p,classical,auto,1,false,,5,0,3,,unknown,timeout,,focus,MELL,2362,132,5033.141,16777220,16769024,8195,44183552,0,0,2048,5020.000,2.974
lltp,ILL/petri-nets/MCC,,,SimpleLoadBal_simple_lbs-5_1_1.p,classical,auto,1,false,,5,0,3,,unknown,timeout,,focus,MELL,2356,132,5016.797,2726,2696,28,44883163,0,0,2048,5000.000,3.724
lltp,ILL/petri-nets/MCC,,,SimpleLoadBal_simple_lbs-5_10_1.p,classical,auto,1,false,,5,0,3,,unknown,timeout,,focus,MELL,2360,132,5002.527,36148905,36131263,17638,46723221,0,0,2048,4990.000,3.073
lltp,ILL/petri-nets/MCC,,,SimpleLoadBal_simple_lbs-5_100_1.p,classical,auto,1,false,,5,0,3,,unknown,timeout,,focus,MELL,2364,132,5020.150,37925909,37904393,21514,47064377,0,0,2048,5000.000,2.708
lltp,ILL/petri-nets/MCC,,,SimpleLoadBal_simple_lbs-2_5_1.p,classical,auto,1,false,,5,0,3,,unknown,timeout,,focus,MELL,530,24,5001.446,28477444,28468611,7684,82632840,0,0,2048,4990.000,2.940
lltp,ILL/petri-nets/MCC,,,SimpleLoadBal_simple_lbs-2_50_1.p,classical,auto,1,false,,5,0,3,,unknown,timeout,,focus,MELL,530,24,5004.098,28477444,28468611,7684,82632840,0,0,2048,4990.000,2.536
lltp,ILL/petri-nets/MCC,,,SimpleLoadBal_simple_lbs-2_20_1.p,classical,auto,1,false,,5,0,3,,unknown,timeout,,focus,MELL,534,24,5000.544,28231981,28223149,7684,82381092,0,0,2048,4980.000,2.443
lltp,ILL/petri-nets/MCC,,,SimpleLoadBal_simple_lbs-2_1_1.p,classical,auto,1,false,,5,0,3,,proved,,ok,focus,MELL,532,24,616.348,435941,434934,974,11650672,0,0,2048,610.000,0.335
lltp,ILL/petri-nets/MCC,,,SimpleLoadBal_simple_lbs-2_10_1.p,classical,auto,1,false,,5,0,3,,unknown,timeout,,focus,MELL,532,24,5000.868,28212340,28203509,7684,82334733,0,0,2048,4990.000,2.413
lltp,ILL/petri-nets/MCC,,,SimpleLoadBal_simple_lbs-2_100_1.p,classical,auto,1,false,,5,0,3,,unknown,timeout,,focus,MELL,532,24,5001.453,27868993,27860164,7684,81427832,0,0,2048,4990.000,2.286
lltp,ILL/petri-nets/MCC,,,SimpleLoadBal_simple_lbs-20_5_1.p,classical,auto,1,false,,5,0,3,,unknown,recursion_limit,,focus,MELL,31460,2022,4.748,0,0,0,0,0,0,2048,0.000,0.004
lltp,ILL/petri-nets/MCC,,,SimpleLoadBal_simple_lbs-20_50_1.p,classical,auto,1,false,,5,0,3,,unknown,recursion_limit,,focus,MELL,31482,2022,5.333,0,0,0,0,0,0,2048,0.000,0.003
lltp,ILL/petri-nets/MCC,,,SimpleLoadBal_simple_lbs-20_20_1.p,classical,auto,1,false,,5,0,3,,unknown,recursion_limit,,focus,MELL,31462,2022,3.901,0,0,0,0,0,0,2048,0.000,0.004
lltp,ILL/petri-nets/MCC,,,SimpleLoadBal_simple_lbs-20_1_1.p,classical,auto,1,false,,5,0,3,,unknown,recursion_limit,,focus,MELL,31456,2022,4.932,0,0,0,0,0,0,2048,0.000,0.004
lltp,ILL/petri-nets/MCC,,,SimpleLoadBal_simple_lbs-20_100_1.p,classical,auto,1,false,,5,0,3,,unknown,recursion_limit,,focus,MELL,31494,2022,5.052,0,0,0,0,0,0,2048,0.000,0.018
lltp,ILL/petri-nets/MCC,,,SimpleLoadBal_simple_lbs-15_5_1.p,classical,auto,1,false,,5,0,3,,unknown,timeout,,focus,MELL,18064,1142,5152.009,1,0,0,5820416,0,0,2048,5150.000,2.207
lltp,ILL/petri-nets/MCC,,,SimpleLoadBal_simple_lbs-15_50_1.p,classical,auto,1,false,,5,0,,,unknown,killed,,,,,,10502.641,,,,,,,,,
lltp,ILL/petri-nets/MCC,,,SimpleLoadBal_simple_lbs-15_20_1.p,classical,auto,1,false,,5,0,,,unknown,killed,,,,,,10500.761,,,,,,,,,
lltp,ILL/petri-nets/MCC,,,SimpleLoadBal_simple_lbs-15_1_1.p,classical,auto,1,false,,5,0,3,,unknown,timeout,,focus,MELL,18056,1142,5085.980,1,0,0,5820416,0,0,2048,5080.000,2.159
lltp,ILL/petri-nets/MCC,,,SimpleLoadBal_simple_lbs-15_100_1.p,classical,auto,1,false,,5,0,,,unknown,killed,,,,,,10502.002,,,,,,,,,
lltp,ILL/petri-nets/MCC,,,SimpleLoadBal_simple_lbs-10_5_1.p,classical,auto,1,false,,5,0,3,,unknown,timeout,,focus,MELL,8364,512,5132.986,1,0,0,11689984,0,0,2048,5120.000,2.169
lltp,ILL/petri-nets/MCC,,,SimpleLoadBal_simple_lbs-10_50_1.p,classical,auto,1,false,,5,0,3,,unknown,timeout,,focus,MELL,8376,512,5000.809,12858157,12854048,4107,17310353,0,0,2048,4990.000,2.403
lltp,ILL/petri-nets/MCC,,,SimpleLoadBal_simple_lbs-10_20_1.p,classical,auto,1,false,,5,0,3,,unknown,timeout,,focus,MELL,8362,512,5001.034,16319161,16315052,4107,19452181,0,0,2048,4990.000,2.339
lltp,ILL/petri-nets/MCC,,,SimpleLoadBal_simple_lbs-10_1_1.p,classical,auto,1,false,,5,0,3,,unknown,timeout,,focus,MELL,8356,512,5021.646,1,0,0,11689984,0,0,2048,5010.000,2.160
lltp,ILL/petri-nets/MCC,,,SimpleLoadBal_simple_lbs-10_10_1.p,classical,auto,1,false,,5,0,3,,unknown,timeout,,focus,MELL,8370,512,5048.914,1,0,0,18366464,0,0,2048,5040.000,2.187
lltp,ILL/petri-nets/MCC,,,SimpleLoadBal_simple_lbs-10_100_1.p,classical,auto,1,false,,5,0,3,,unknown,timeout,,focus,MELL,8372,512,5001.031,15788154,15784045,4107,18895811,0,0,2048,4990.000,2.232
lltp,ILL/petri-nets/MCC,,,SharedMemory_shared_memory-pt-5_5_1.p,classical,auto,1,false,,5,0,3,,proved,,ok,focus,MELL,442,21,0.566,4,0,2,9752,0,0,2048,0.000,0.000
lltp,ILL/petri-nets/MCC,,,SharedMemory_shared_memory-pt-5_50_1.p,classical,auto,1,false,,5,0,3,,proved,,ok,focus,MELL,442,21,0.039,1,0,1,10,0,0,2048,0.000,0.000
lltp,ILL/petri-nets/MCC,,,SharedMemory_shared_memory-pt-5_20_1.p,classical,auto,1,false,,5,0,3,,proved,,ok,focus,MELL,442,21,0.037,1,0,1,10,0,0,2048,0.000,0.000
lltp,ILL/petri-nets/MCC,,,SharedMemory_shared_memory-pt-5_1_1.p,classical,auto,1,false,,5,0,3,,proved,,ok,focus,MELL,442,21,0.568,4,0,2,9752,0,0,2048,0.000,0.000
lltp,ILL/petri-nets/MCC,,,SharedMemory_shared_memory-pt-5_10_1.p,classical,auto,1,false,,5,0,3,,proved,,ok,focus,MELL,442,21,0.036,1,0,1,10,0,0,2048,0.000,0.000
lltp,ILL/petri-nets/MCC,,,SharedMemory_shared_memory-pt-5_100_1.p,classical,auto,1,false,,5,0,3,,proved,,ok,focus,MELL,442,21,0.037,1,0,1,10,0,0,2048,0.000,0.000
lltp,ILL/petri-nets/MCC,,,SharedMemory_shared_memory-pt-50_5_1.p,classical,auto,1,false,,5,0,3,,unknown,recursion_limit,,focus,MELL,40398,2451,5.825,0,0,0,0,0,0,2048,0.000,0.006
lltp,ILL/petri-nets/MCC,,,SharedMemory_shared_memory-pt-50_50_1.p,classical,auto,1,false,,5,0,3,,unknown,recursion_limit,,focus,MELL,40398,2451,5.835,0,0,0,0,0,0,2048,0.000,0.004
lltp,ILL/petri-nets/MCC,,,SharedMemory_shared_memory-pt-50_20_1.p,classical,auto,1,false,,5,0,3,,unknown,recursion_limit,,focus,MELL,40398,2451,5.283,0,0,0,0,0,0,2048,10.000,0.004
lltp,ILL/petri-nets/MCC,,,SharedMemory_shared_memory-pt-50_1_1.p,classical,auto,1,false,,5,0,3,,unknown,recursion_limit,,focus,MELL,40402,2451,5.393,0,0,0,0,0,0,2048,0.000,0.004
lltp,ILL/petri-nets/MCC,,,SharedMemory_shared_memory-pt-50_100_1.p,classical,auto,1,false,,5,0,3,,unknown,recursion_limit,,focus,MELL,40398,2451,5.089,0,0,0,0,0,0,2048,0.000,0.004
lltp,ILL/petri-nets/MCC,,,SharedMemory_shared_memory-pt-20_5_1.p,classical,auto,1,false,,5,0,3,,unknown,timeout,,focus,MELL,6558,381,5153.751,1,0,0,9801728,0,0,2048,5140.000,2.464
lltp,ILL/petri-nets/MCC,,,SharedMemory_shared_memory-pt-20_50_1.p,classical,auto,1,false,,5,0,3,,unknown,timeout,,focus,MELL,6558,381,5088.491,1,0,0,15896576,0,0,2048,5080.000,2.554
lltp,ILL/petri-nets/MCC,,,SharedMemory_shared_memory-pt-20_20_1.p,classical,auto,1,false,,5,0,3,,unknown,timeout,,focus,MELL,6558,381,5026.404,1,0,0,11071488,0,0,2048,5020.000,2.360
lltp,ILL/petri-nets/MCC,,,SharedMemory_shared_memory-pt-20_1_1.p,classical,auto,1,false,,5,0,3,,unknown,timeout,,focus,MELL,6562,381,6231.916,1,0,0,13348864,0,0,2048,6220.000,2.746
lltp,ILL/petri-nets/MCC,,,SharedMemory_shared_memory-pt-20_100_1.p,classical,auto,1,false,,5,0,3,,unknown,timeout,,focus,MELL,6558,381,5162.186,1,0,0,16908288,0,0,2048,5150.000,2.607
lltp,ILL/petri-nets/MCC,,,SharedMemory_shared_memory-pt-200_5_1.p,classical,auto,1,false,,5,0,3,,unknown,recursion_limit,,focus,MELL,641598,39801,102.460,0,0,0,0,0,0,2048,100.000,0.084
lltp,ILL/petri-nets/MCC,,,SharedMemory_shared_memory-pt-200_50_1.p,classical,auto,1,false,,5,0,3,,unknown,recursion_limit,,focus,MELL,641598,39801,106.248,0,0,0,0,0,0,2048,100.000,0.087
lltp,ILL/petri-nets/MCC,,,SharedMemory_shared_memory-pt-200_20_1.p,classical,auto,1,false,,5,0,3,,unknown,recursion_limit,,focus,MELL,641598,39801,109.669,0,0,0,0,0,0,2048,110.000,0.098
lltp,ILL/petri-nets/MCC,,,SharedMemory_shared_memory-pt-200_1_1.p,classical,auto,1,false,,5,0,3,,unknown,recursion_limit,,focus,MELL,641602,39801,115.840,0,0,0,0,0,0,2048,120.000,0.097
lltp,ILL/petri-nets/MCC,,,SharedMemory_shared_memory-pt-200_100_1.p,classical,auto,1,false,,5,0,3,,unknown,recursion_limit,,focus,MELL,641598,39801,111.909,0,0,0,0,0,0,2048,110.000,0.098
lltp,ILL/petri-nets/MCC,,,SharedMemory_shared_memory-pt-10_5_1.p,classical,auto,1,false,,5,0,3,,unknown,timeout,,focus,MELL,1678,91,5014.073,1,0,0,40534016,0,0,2048,5000.000,2.495
lltp,ILL/petri-nets/MCC,,,SharedMemory_shared_memory-pt-10_50_1.p,classical,auto,1,false,,5,0,3,,unknown,timeout,,focus,MELL,1678,91,5038.924,1,0,0,43503616,0,0,2048,5020.000,3.697
lltp,ILL/petri-nets/MCC,,,SharedMemory_shared_memory-pt-10_20_1.p,classical,auto,1,false,,5,0,3,,unknown,timeout,,focus,MELL,1678,91,5049.400,1,0,0,41500672,0,0,2048,5030.000,2.327
lltp,ILL/petri-nets/MCC,,,SharedMemory_shared_memory-pt-10_1_1.p,classical,auto,1,false,,5,0,3,,proved,,ok,focus,MELL,1682,91,1200.934,4,0,2,10477227,0,0,2048,1190.000,0.587
lltp,ILL/petri-nets/MCC,,,SharedMemory_shared_memory-pt-100_5_1.p,classical,auto,1,false,,5,0,3,,unknown,recursion_limit,,focus,MELL,160798,9901,27.978,0,0,0,0,0,0,2048,30.000,0.023
lltp,ILL/petri-nets/MCC,,,SharedMemory_shared_memory-pt-100_50_1.p,classical,auto,1,false,,5,0,3,,unknown,recursion_limit,,focus,MELL,160798,9901,28.869,0,0,0,0,0,0,2048,40.000,0.026
lltp,ILL/petri-nets/MCC,,,SharedMemory_shared_memory-pt-100_20_1.p,classical,auto,1,false,,5,0,3,,unknown,recursion_limit,,focus,MELL,160798,9901,25.929,0,0,0,0,0,0,2048,20.000,0.023
lltp,ILL/petri-nets/MCC,,,SharedMemory_shared_memory-pt-100_1_1.p,classical,auto,1,false,,5,0,3,,unknown,recursion_limit,,focus,MELL,160802,9901,27.385,0,0,0,0,0,0,2048,40.000,0.025
lltp,ILL/petri-nets/MCC,,,SharedMemory_shared_memory-pt-100_100_1.p,classical,auto,1,false,,5,0,3,,unknown,recursion_limit,,focus,MELL,160798,9901,26.345,0,0,0,0,0,0,2048,20.000,0.024
lltp,ILL/petri-nets/MCC,,,SafeBus-20-unfolded_5_1.p,classical,auto,1,false,,5,0,3,,unknown,recursion_limit,,focus,MELL,154916,8781,25.440,0,0,0,0,0,0,2048,30.000,0.022
lltp,ILL/petri-nets/MCC,,,SafeBus-20-unfolded_50_1.p,classical,auto,1,false,,5,0,3,,unknown,recursion_limit,,focus,MELL,154924,8781,26.113,0,0,0,0,0,0,2048,30.000,0.022
lltp,ILL/petri-nets/MCC,,,SafeBus-20-unfolded_20_1.p,classical,auto,1,false,,5,0,3,,unknown,recursion_limit,,focus,MELL,154944,8781,26.530,0,0,0,0,0,0,2048,30.000,0.020
lltp,ILL/petri-nets/MCC,,,SafeBus-20-unfolded_1_1.p,classical,auto,1,false,,5,0,3,,unknown,recursion_limit,,focus,MELL,154908,8781,26.617,0,0,0,0,0,0,2048,30.000,0.023
lltp,ILL/petri-nets/MCC,,,SafeBus-20-unfolded_100_1.p,classical,auto,1,false,,5,0,3,,unknown,recursion_limit,,focus,MELL,154906,8780,25.023,0,0,0,0,0,0,2048,30.000,0.020
lltp,ILL/petri-nets/MCC,,,SafeBus-15-unfolded_5_1.p,classical,auto,1,false,,5,0,3,,unknown,recursion_limit,,focus,MELL,69246,3811,10.371,0,0,0,0,0,0,2048,10.000,0.009
lltp,ILL/petri-nets/MCC,,,SafeBus-15-unfolded_50_1.p,classical,auto,1,false,,5,0,3,,unknown,recursion_limit,,focus,MELL,69238,3810,10.994,0,0,0,0,0,0,2048,0.000,0.011
lltp,ILL/petri-nets/MCC,,,SafeBus-15-unfolded_20_1.p,classical,auto,1,false,,5,0,3,,unknown,recursion_limit,,focus,MELL,69266,3811,11.243,0,0,0,0,0,0,2048,10.000,0.009
lltp,ILL/petri-nets/MCC,,,SafeBus-15-unfolded_1_1.p,classical,auto,1,false,,5,0,3,,unknown,recursion_limit,,focus,MELL,69238,3811,11.128,0,0,0,0,0,0,2048,0.000,0.009
lltp,ILL/petri-nets/MCC,,,SafeBus-15-unfolded_100_1.p,classical,auto,1,false,,5,0,3,,unknown,recursion_limit,,focus,MELL,69238,3811,11.050,0,0,0,0,0,0,2048,0.000,0.012
lltp,ILL/petri-nets/MCC,,,SafeBus-10-unfolded_5_1.p,classical,auto,1,false,,5,0,,,unknown,killed,,,,,,10501.933,,,,,,,,,
lltp,ILL/petri-nets/MCC,,,SafeBus-10-unfolded_50_1.p,classical,auto,1,false,,5,0,3,,unknown,timeout,,focus,MELL,22870,1191,5242.236,1,0,0,5464064,0,0,2048,5230.000,2.420
lltp,ILL/petri-nets/MCC,,,SafeBus-10-unfolded_20_1.p,classical,auto,1,false,,5,0,3,,unknown,timeout,,focus,MELL,22886,1191,5011.316,8107079,8076444,30633,8128754,0,0,2048,4990.000,4.789
lltp,ILL/petri-nets/MCC,,,SafeBus-10-unfolded_1_1.p,classical,auto,1,false,,5,0,,,unknown,killed,,,,,,10500.696,,,,,,,,,
lltp,ILL/petri-nets/MCC,,,SafeBus-10-unfolded_100_1.p,classical,auto,1,false,,5,0,3,,unknown,timeout,,focus,MELL,22870,1191,5236.949,1,0,0,5464064,0,0,2048,5230.000,2.651
lltp,ILL/petri-nets/MCC,,,SafeBus-06-unfolded_5_1.p,classical,auto,1,false,,5,0,3,,unknown,timeout,,focus,MELL,6012,283,5096.038,2,0,1,16330752,0,0,2048,5080.000,2.281
lltp,ILL/petri-nets/MCC,,,SafeBus-06-unfolded_50_1.p,classical,auto,1,false,,5,0,3,,unknown,timeout,,focus,MELL,6006,283,5164.397,1,0,0,16855040,0,0,2048,5150.000,2.320
lltp,ILL/petri-nets/MCC,,,SafeBus-06-unfolded_20_1.p,classical,auto,1,false,,5,0,3,,unknown,timeout,,focus,MELL,6004,283,5140.581,1,0,0,18092032,0,0,2048,5130.000,2.219
lltp,ILL/petri-nets/MCC,,,SafeBus-06-unfolded_1_1.p,classical,auto,1,false,,5,0,3,,unknown,timeout,,focus,MELL,6004,283,5023.057,2,0,1,15839232,0,0,2048,5010.000,2.143
lltp,ILL/petri-nets/MCC,,,SafeBus-06-unfolded_10_1.p,classical,auto,1,false,,5,0,3,,unknown,timeout,,focus,MELL,6014,283,5109.247,2,0,1,16330752,0,0,2048,5100.000,2.211
lltp,ILL/petri-nets/MCC,,,SafeBus-06-unfolded_100_1.p,classical,auto,1,false,,5,0,3,,unknown,timeout,,focus,MELL,6006,283,5132.888,1,0,0,16855040,0,0,2048,5120.000,2.199
lltp,ILL/petri-nets/MCC,,,SafeBus-03-unfolded_5_1.p,classical,auto,1,false,,5,0,3,,unknown,timeout,,focus,MELL,1124,42,5000.615,48458535,48452387,6146,58169855,0,0,2048,4990.000,2.088
lltp,ILL/petri-nets/MCC,,,SafeBus-03-unfolded_50_1.p,classical,auto,1,false,,5,0,3,,unknown,timeout,,focus,MELL,1128,43,5000.344,51780946,51776366,4578,59704149,0,0,2048,4990.000,2.100
lltp,ILL/petri-nets/MCC,,,SafeBus-03-unfolded_20_1.p,classical,auto,1,false,,5,0,3,,unknown,timeout,,focus,MELL,1126,43,5000.722,51083962,51077382,6578,58947587,0,0,2048,4990.000,2.053
lltp,ILL/petri-nets/MCC,,,SafeBus-03-unfolded_1_1.p,classical,auto,1,false,,5,0,3,,proved,,ok,focus,MELL,1126,43,237.342,166081,163874,2206,3163128,0,0,2048,230.000,0.117
lltp,ILL/petri-nets/MCC,,,SafeBus-03-unfolded_10_1.p,classical,auto,1,false,,5,0,3,,unknown,timeout,,focus,MELL,1130,43,5000.223,23866624,23862588,4034,63521433,0,0,2048,4990.000,2.133
lltp,ILL/petri-nets/MCC,,,SafeBus-03-unfolded_100_1.p,classical,auto,1,false,,5,0,3,,unknown,timeout,,focus,MELL,1128,43,5035.019,2051,0,2050,68071424,0,0,2048,5020.000,2.232
lltp,ILL/petri-nets/MCC,,,RwMutex_rwmutex-r500w10_5_1.p,classical,auto,1,false,,5,0,3,,unknown,context_too_wide,,focus,MELL,30108,12,2.919,1,0,0,41,0,0,2048,0.000,0.002
lltp,ILL/petri-nets/MCC,,,RwMutex_rwmutex-r500w10_50_1.p,classical,auto,1,false,,5,0,3,,unknown,context_too_wide,,focus,MELL,30018,12,3.308,1,0,0,38,0,0,2048,0.000,0.002
lltp,ILL/petri-nets/MCC,,,RwMutex_rwmutex-r500w10_20_1.p,classical,auto,1,false,,5,0,3,,unknown,context_too_wide,,focus,MELL,30078,12,2.239,1,0,0,38,0,0,2048,0.000,0.002
lltp,ILL/petri-nets/MCC,,,RwMutex_rwmutex-r500w10_1_1.p,classical,auto,1,false,,5,0,3,,unknown,context_too_wide,,focus,MELL,30116,12,2.302,1,0,0,40,0,0,2048,10.000,0.002
lltp,ILL/petri-nets/MCC,,,RwMutex_rwmutex-r500w10_100_1.p,classical,auto,1,false,,5,0,3,,unknown,context_too_wide,,focus,MELL,29918,12,2.071,1,0,0,9,0,0,2048,0.000,0.002
lltp,ILL/petri-nets/MCC,,,RwMutex_rwmutex-r20w10_5_1.p,classical,auto,1,false,,5,0,3,,unknown,timeout,,focus,MELL,1312,12,5015.837,1,0,0,76734464,0,0,2048,5000.000,2.293
lltp,ILL/petri-nets/MCC,,,RwMutex_rwmutex-r20w10_20_1.p,classical,auto,1,false,,5,0,3,,unknown,timeout,,focus,MELL,1278,12,5066.866,1,0,0,88768512,0,0,2048,5050.000,2.395
lltp,ILL/petri-nets/MCC,,,RwMutex_rwmutex-r20w10_1_1.p,classical,auto,1,false,,5,0,3,,unknown,timeout,,focus,MELL,1316,12,5033.484,2,0,1,74584064,0,0,2048,5020.000,2.470
lltp,ILL/petri-nets/MCC,,,RwMutex_rwmutex-r20w10_10_1.p,classical,auto,1,false,,5,0,3,,unknown,timeout,,focus,MELL,1310,12,5028.999,1,0,0,77615104,0,0,2048,5010.000,3.776
lltp,ILL/petri-nets/MCC,,,RwMutex_rwmutex-r2000w10_5_1.p,classical,auto,1,false,,5,0,3,,unknown,recursion_limit,,focus,MELL,120108,12,19.756,0,0,0,0,0,0,2048,10.000,0.021
lltp,ILL/petri-nets/MCC,,,RwMutex_rwmutex-r2000w10_50_1.p,classical,auto,1,false,,5,0,3,,unknown,recursion_limit,,focus,MELL,120018,12,19.193,0,0,0,0,0,0,2048,20.000,0.018
lltp,ILL/petri-nets/MCC,,,RwMutex_rwmutex-r2000w10_20_1.p,classical,auto,1,false,,5,0,3,,unknown,recursion_limit,,focus,MELL,120078,12,19.714,0,0,0,0,0,0,2048,20.000,0.018
lltp,ILL/petri-nets/MCC,,,RwMutex_rwmutex-r2000w10_1_1.p,classical,auto,1,false,,5,0,3,,unknown,recursion_limit,,focus,MELL,120116,12,19.972,0,0,0,0,0,0,2048,10.000,0.019
lltp,ILL/petri-nets/MCC,,,RwMutex_rwmutex-r2000w10_100_1.p,classical,auto,1,false,,5,0,3,,unknown,recursion_limit,,focus,MELL,119918,12,19.138,0,0,0,0,0,0,2048,20.000,0.019
lltp,ILL/petri-nets/MCC,,,RwMutex_rwmutex-r10w50_5_1.p,classical,auto,1,false,,5,0,3,,unknown,context_too_wide,,focus,MELL,2778,52,0.088,1,0,0,0,0,0,2048,0.000,0.000
lltp,ILL/petri-nets/MCC,,,RwMutex_rwmutex-r10w50_50_1.p,classical,auto,1,false,,5,0,3,,proved,,ok,focus,MELL,2798,52,0.138,1,0,1,69,0,0,2048,0.000,0.000
lltp,ILL/petri-nets/MCC,,,RwMutex_rwmutex-r10w50_20_1.p,classical,auto,1,false,,5,0,3,,proved,,ok,focus,MELL,2798,52,0.133,1,0,1,69,0,0,2048,0.000,0.000
lltp,ILL/petri-nets/MCC,,,RwMutex_rwmutex-r10w50_1_1.p,classical,auto,1,false,,5,0,3,,unknown,context_too_wide,,focus,MELL,2778,52,0.087,1,0,0,0,0,0,2048,0.000,0.000
lltp,ILL/petri-nets/MCC,,,RwMutex_rwmutex-r10w50_10_1.p,classical,auto,1,false,,5,0,3,,proved,,ok,focus,MELL,2798,52,0.131,1,0,1,69,0,0,2048,0.000,0.000
lltp,ILL/petri-nets/MCC,,,RwMutex_rwmutex-r10w50_100_1.p,classical,auto,1,false,,5,0,3,,proved,,ok,focus,MELL,2798,52,0.131,1,0,1,69,0,0,2048,0.000,0.000
lltp,ILL/petri-nets/MCC,,,RwMutex_rwmutex-r10w500_5_1.p,classical,auto,1,false,,5,0,3,,unknown,context_too_wide,,focus,MELL,26178,502,2.415,1,0,0,39,0,0,2048,0.000,0.002
lltp,ILL/petri-nets/MCC,,,RwMutex_rwmutex-r10w500_50_1.p,classical,auto,1,false,,5,0,3,,proved,,ok,focus,MELL,26198,502,4.331,1,0,1,519,0,0,2048,10.000,0.004
lltp,ILL/petri-nets/MCC,,,RwMutex_rwmutex-r10w500_20_1.p,classical,auto,1,false,,5,0,3,,proved,,ok,focus,MELL,26198,502,4.090,1,0,1,519,0,0,2048,0.000,0.003
lltp,ILL/petri-nets/MCC,,,RwMutex_rwmutex-r10w500_1_1.p,classical,auto,1,false,,5,0,3,,unknown,context_too_wide,,focus,MELL,26178,502,2.202,1,0,0,39,0,0,2048,0.000,0.002
lltp,ILL/petri-nets/MCC,,,RwMutex_rwmutex-r10w500_10_1.p,classical,auto,1,false,,5,0,3,,proved,,ok,focus,MELL,26198,502,3.900,1,0,1,519,0,0,2048,10.000,0.004
lltp,ILL/petri-nets/MCC,,,RwMutex_rwmutex-r10w500_100_1.p,classical,auto,1,false,,5,0,3,,proved,,ok,focus,MELL,26198,502,5.057,1,0,1,519,0,0,2048,0.000,0.004
lltp,ILL/petri-nets/MCC,,,RwMutex_rwmutex-r10w20_5_1.p,classical,auto,1,false,,5,0,3,,unknown,timeout,,focus,MELL,1218,22,5000.840,1,0,0,76017664,0,0,2048,4990.000,4.021
lltp,ILL/petri-nets/MCC,,,RwMutex_rwmutex-r10w20_50_1.p,classical,auto,1,false,,5,0,3,,proved,,ok,focus,MELL,1238,22,0.073,1,0,1,39,0,0,2048,0.000,0.000
lltp,ILL/petri-nets/MCC,,,RwMutex_rwmutex-r10w20_20_1.p,classical,auto,1,false,,5,0,3,,proved,,ok,focus,MELL,1238,22,0.071,1,0,1,39,0,0,2048,0.000,0.000
lltp,ILL/petri-nets/MCC,,,RwMutex_rwmutex-r10w20_1_1.p,classical,auto,1,false,,5,0,3,,unknown,timeout,,focus,MELL,1218,22,5006.546,1,0,0,76279808,0,0,2048,4990.000,3.813
lltp,ILL/petri-nets/MCC,,,RwMutex_rwmutex-r10w20_10_1.p,classical,auto,1,false,,5,0,3,,proved,,ok,focus,MELL,1238,22,0.081,1,0,1,39,0,0,2048,0.000,0.000
lltp,ILL/petri-nets/MCC,,,RwMutex_rwmutex-r10w20_100_1.p,classical,auto,1,false,,5,0,3,,proved,,ok,focus,MELL,1238,22,0.069,1,0,1,39,0,0,2048,0.000,0.000
lltp,ILL/petri-nets/MCC,,,RwMutex_rwmutex-r10w2000_5_1.p,classical,auto,1,false,,5,0,3,,unknown,recursion_limit,,focus,MELL,104178,2002,16.836,0,0,0,0,0,0,2048,20.000,0.014
lltp,ILL/petri-nets/MCC,,,RwMutex_rwmutex-r10w2000_20_1.p,classical,auto,1,false,,5,0,3,,unknown,recursion_limit,,focus,MELL,104178,2002,17.122,0,0,0,0,0,0,2048,10.000,0.014
lltp,ILL/petri-nets/MCC,,,RwMutex_rwmutex-r10w2000_1_1.p,classical,auto,1,false,,5,0,3,,unknown,recursion_limit,,focus,MELL,104178,2002,17.764,0,0,0,0,0,0,2048,10.000,0.021
lltp,ILL/petri-nets/MCC,,,RwMutex_rwmutex-r10w2000_10_1.p,classical,auto,1,false,,5,0,3,,unknown,recursion_limit,,focus,MELL,104198,2002,17.924,0,0,0,0,0,0,2048,10.000,0.017
lltp,ILL/petri-nets/MCC,,,RwMutex_rwmutex-r10w10_5_1.p,classical,auto,1,false,,5,0,3,,unknown,timeout,,focus,MELL,698,12,5065.849,2,0,1,88055808,0,0,2048,5040.000,2.717
lltp,ILL/petri-nets/MCC,,,RwMutex_rwmutex-r10w10_50_1.p,classical,auto,1,false,,5,0,3,,proved,,ok,focus,MELL,718,12,0.054,1,0,1,29,0,0,2048,0.000,0.000
lltp,ILL/petri-nets/MCC,,,RwMutex_rwmutex-r10w10_20_1.p,classical,auto,1,false,,5,0,3,,proved,,ok,focus,MELL,718,12,0.047,1,0,1,29,0,0,2048,0.000,0.000
lltp,ILL/petri-nets/MCC,,,RwMutex_rwmutex-r10w10_1_1.p,classical,auto,1,false,,5,0,3,,unknown,timeout,,focus,MELL,698,12,5056.419,2,0,1,88055808,0,0,2048,5040.000,2.583
lltp,ILL/petri-nets/MCC,,,RwMutex_rwmutex-r10w10_10_1.p,classical,auto,1,false,,5,0,3,,proved,,ok,focus,MELL,718,12,0.055,1,0,1,29,0,0,2048,0.000,0.000
lltp,ILL/petri-nets/MCC,,,RwMutex_rwmutex-r10w10_100_1.p,classical,auto,1,false,,5,0,3,,proved,,ok,focus,MELL,718,12,0.047,1,0,1,29,0,0,2048,0.000,0.000
lltp,ILL/petri-nets/MCC,,,RwMutex_rwmutex-r10w100_5_1.p,classical,auto,1,false,,5,0,,,unknown,killed,,,,,,10501.900,,,,,,,,,
lltp,ILL/petri-nets/MCC,,,RwMutex_rwmutex-r10w100_50_1.p,classical,auto,1,false,,5,0,3,,proved,,ok,focus,MELL,5398,102,0.291,1,0,1,119,0,0,2048,0.000,0.000
lltp,ILL/petri-nets/MCC,,,RwMutex_rwmutex-r10w100_20_1.p,classical,auto,1,false,,5,0,3,,proved,,ok,focus,MELL,5398,102,0.274,1,0,1,119,0,0,2048,0.000,0.000
lltp,ILL/petri-nets/MCC,,,RwMutex_rwmutex-r10w100_1_1.p,classical,auto,1,false,,5,0,,,unknown,killed,,,,,,10500.939,,,,,,,,,
lltp,ILL/petri-nets/MCC,,,RwMutex_rwmutex-r10w100_10_1.p,classical,auto,1,false,,5,0,3,,proved,,ok,focus,MELL,5398,102,0.284,1,0,1,119,0,0,2048,0.000,0.000
lltp,ILL/petri-nets/MCC,,,RwMutex_rwmutex-r10w100_100_1.p,classical,auto,1,false,,5,0,3,,proved,,ok,focus,MELL,5398,102,0.268,1,0,1,119,0,0,2048,0.000,0.000
lltp,ILL/petri-nets/MCC,,,RwMutex_rwmutex-r10w1000_5_1.p,classical,auto,1,false,,5,0,3,,unknown,recursion_limit,,focus,MELL,52192,1002,9.193,1,0,0,26,0,0,2048,10.000,0.008
lltp,ILL/petri-nets/MCC,,,RwMutex_rwmutex-r10w1000_50_1.p,classical,auto,1,false,,5,0,3,,unknown,recursion_limit,,focus,MELL,52194,1002,8.617,1,0,0,26,0,0,2048,10.000,0.007
lltp,ILL/petri-nets/MCC,,,RwMutex_rwmutex-r10w1000_20_1.p,classical,auto,1,false,,5,0,3,,unknown,recursion_limit,,focus,MELL,52194,1002,8.951,1,0,0,26,0,0,2048,0.000,0.010
lltp,ILL/petri-nets/MCC,,,RwMutex_rwmutex-r10w1000_1_1.p,classical,auto,1,false,,5,0,3,,unknown,recursion_limit,,focus,MELL,52196,1002,9.691,1,0,0,26,0,0,2048,10.000,0.009
lltp,ILL/petri-nets/MCC,,,RwMutex_rwmutex-r10w1000_10_1.p,classical,auto,1,false,,5,0,3,,unknown,recursion_limit,,focus,MELL,52194,1002,9.475,1,0,0,26,0,0,2048,10.000,0.009
lltp,ILL/petri-nets/MCC,,,RwMutex_rwmutex-r100w10_5_1.p,classical,auto,1,false,,5,0,3,,unknown,timeout,,focus,MELL,6108,12,5036.476,1,0,0,29868032,0,0,2048,5020.000,3.998
lltp,ILL/petri-nets/MCC,,,RwMutex_rwmutex-r100w10_50_1.p,classical,auto,1,false,,5,0,3,,unknown,context_too_wide,,focus,MELL,6018,12,0.316,1,0,0,100,0,0,2048,0.000,0.000
lltp,ILL/petri-nets/MCC,,,RwMutex_rwmutex-r100w10_20_1.p,classical,auto,1,false,,5,0,3,,unknown,timeout,,focus,MELL,6078,12,5011.135,1,0,0,33759232,0,0,2048,5000.000,3.835
lltp,ILL/petri-nets/MCC,,,RwMutex_rwmutex-r100w10_1_1.p,classical,auto,1,false,,5,0,3,,proved,,ok,focus,MELL,6116,12,141.668,4,0,2,903314,0,0,2048,140.000,0.156
lltp,ILL/petri-nets/MCC,,,RwMutex_rwmutex-r100w10_100_1.p,classical,auto,1,false,,5,0,3,,unknown,context_too_wide,,focus,MELL,5918,12,0.220,1,0,0,0,0,0,2048,0.000,0.018
lltp,ILL/petri-nets/MCC,,,RwMutex_rwmutex-r1000w10_5_1.p,classical,auto,1,false,,5,0,3,,unknown,recursion_limit,,focus,MELL,60108,12,9.385,1,0,0,26,0,0,2048,10.000,0.011
lltp,ILL/petri-nets/MCC,,,RwMutex_rwmutex-r1000w10_50_1.p,classical,auto,1,false,,5,0,3,,unknown,recursion_limit,,focus,MELL,60018,12,9.435,1,0,0,26,0,0,2048,10.000,0.009
lltp,ILL/petri-nets/MCC,,,RwMutex_rwmutex-r1000w10_20_1.p,classical,auto,1,false,,5,0,3,,unknown,recursion_limit,,focus,MELL,60078,12,9.188,1,0,0,26,0,0,2048,10.000,0.009
lltp,ILL/petri-nets/MCC,,,RwMutex_rwmutex-r1000w10_1_1.p,classical,auto,1,false,,5,0,3,,unknown,recursion_limit,,focus,MELL,60116,12,9.267,1,0,0,26,0,0,2048,0.000,0.011
lltp,ILL/petri-nets/MCC,,,RwMutex_rwmutex-r1000w10_100_1.p,classical,auto,1,false,,5,0,3,,unknown,recursion_limit,,focus,MELL,59918,12,9.008,1,0,0,26,0,0,2048,20.000,0.008
lltp,ILL/petri-nets/MCC,,,RobotManipulation_robot-manipulation-5_5_1.p,classical,auto,1,false,,5,0,3,,unknown,timeout,,focus,MELL,190,12,5071.149,1,0,0,121475072,0,0,2048,5050.000,2.577
lltp,ILL/petri-nets/MCC,,,RobotManipulation_robot-manipulation-5_50_1.p,classical,auto,1,false,,5,0,3,,unknown,timeout,,focus,MELL,188,12,5053.016,1,0,0,120369152,0,0,2048,5040.000,2.535
lltp,ILL/petri-nets/MCC,,,RobotManipulation_robot-manipulation-5_20_1.p,classical,auto,1,false,,5,0,3,,unknown,timeout,,focus,MELL,188,12,5047.000,1,0,0,121475072,0,0,2048,5020.000,2.532
lltp,ILL/petri-nets/MCC,,,RobotManipulation_robot-manipulation-5_1_1.p,classical,auto,1,false,,5,0,,,unknown,killed,,,,,,10514.792,,,,,,,,,
lltp,ILL/petri-nets/MCC,,,RobotManipulation_robot-manipulation-5_10_1.p,classical,auto,1,false,,5,0,3,,unknown,timeout,,focus,MELL,188,12,5038.498,1,0,0,120369152,0,0,2048,5020.000,2.551
lltp,ILL/petri-nets/MCC,,,RobotManipulation_robot-manipulation-5_100_1.p,classical,auto,1,false,,5,0,3,,unknown,timeout,,focus,MELL,188,12,5066.493,1,0,0,119308288,0,0,2048,5050.000,2.695
lltp,ILL/petri-nets/MCC,,,RobotManipulation_robot-manipulation-50_5_1.p,classical,auto,1,false,,5,0,3,,unknown,context_too_wide,,focus,MELL,1270,102,0.070,1,0,0,99,0,0,2048,0.000,0.000
lltp,ILL/petri-nets/MCC,,,RobotManipulation_robot-manipulation-50_50_1.p,classical,auto,1,false,,5,0,3,,unknown,context_too_wide,,focus,MELL,1268,102,0.068,1,0,0,99,0,0,2048,0.000,0.000
lltp,ILL/petri-nets/MCC,,,RobotManipulation_robot-manipulation-50_20_1.p,classical,auto,1,false,,5,0,3,,unknown,context_too_wide,,focus,MELL,1268,102,0.067,1,0,0,99,0,0,2048,0.000,0.000
lltp,ILL/petri-nets/MCC,,,RobotManipulation_robot-manipulation-50_1_1.p,classical,auto,1,false,,5,0,3,,unknown,context_too_wide,,focus,MELL,1272,102,0.064,1,0,0,100,0,0,2048,0.000,0.000
lltp,ILL/petri-nets/MCC,,,RobotManipulation_robot-manipulation-50_10_1.p,classical,auto,1,false,,5,0,3,,unknown,context_too_wide,,focus,MELL,1268,102,0.069,1,0,0,99,0,0,2048,0.000,0.000
lltp,ILL/petri-nets/MCC,,,RobotManipulation_robot-manipulation-50_100_1.p,classical,auto,1,false,,5,0,3,,unknown,context_too_wide,,focus,MELL,1220,102,0.058,1,0,0,75,0,0,2048,0.000,0.000
lltp,ILL/petri-nets/MCC,,,RobotManipulation_robot-manipulation-500_5_1.p,classical,auto,1,false,,5,0,3,,unknown,context_too_wide,,focus,MELL,12070,1002,1.689,1,0,0,999,0,0,2048,0.000,0.002
lltp,ILL/petri-nets/MCC,,,RobotManipulation_robot-manipulation-500_50_1.p,classical,auto,1,false,,5,0,3,,unknown,context_too_wide,,focus,MELL,12068,1002,1.528,1,0,0,999,0,0,2048,0.000,0.000
lltp,ILL/petri-nets/MCC,,,RobotManipulation_robot-manipulation-500_20_1.p,classical,auto,1,false,,5,0,3,,unknown,context_too_wide,,focus,MELL,12068,1002,1.531,1,0,0,999,0,0,2048,0.000,0.002
lltp,ILL/petri-nets/MCC,,,RobotManipulation_robot-manipulation-500_1_1.p,classical,auto,1,false,,5,0,3,,unknown,context_too_wide,,focus,MELL,12072,1002,1.568,1,0,0,1000,0,0,2048,0.000,0.007
lltp,ILL/petri-nets/MCC,,,RobotManipulation_robot-manipulation-500_10_1.p,classical,auto,1,false,,5,0,3,,unknown,context_too_wide,,focus,MELL,12068,1002,1.523,1,0,0,999,0,0,2048,0.000,0.000
lltp,ILL/petri-nets/MCC,,,RobotManipulation_robot-manipulation-500_100_1.p,classical,auto,1,false,,5,0,3,,unknown,context_too_wide,,focus,MELL,12020,1002,1.474,1,0,0,975,0,0,2048,0.000,0.000
lltp,ILL/petri-nets/MCC,,,RobotManipulation_robot-manipulation-2_5_1.p,classical,auto,1,false,,5,0,3,,unknown,timeout,,focus,MELL,118,6,5017.084,20590096,20547248,41935,110791204,0,0,2048,5000.000,2.521
lltp,ILL/petri-nets/MCC,,,RobotManipulation_robot-manipulation-2_50_1.p,classical,auto,1,false,,5,0,3,,unknown,timeout,,focus,MELL,116,6,5021.065,3586009,3525415,51477,129476205,0,0,2048,5000.000,2.709
lltp,ILL/petri-nets/MCC,,,RobotManipulation_robot-manipulation-2_20_1.p,classical,auto,1,false,,5,0,3,,unknown,timeout,,focus,MELL,116,6,5019.115,3630871,3570212,51477,130047911,0,0,2048,5000.000,2.651
lltp,ILL/petri-nets/MCC,,,RobotManipulation_robot-manipulation-2_1_1.p,classical,auto,1,false,,5,0,3,,proved,,ok,focus,MELL,120,6,6.317,15379,7177,8199,85734,0,0,2048,0.000,0.005
lltp,ILL/petri-nets/MCC,,,RobotManipulation_robot-manipulation-2_10_1.p,classical,auto,1,false,,5,0,3,,unknown,timeout,,focus,MELL,116,6,5018.324,3642923,3582229,51477,130134166,0,0,2048,5000.000,2.551
lltp,ILL/petri-nets/MCC,,,RobotManipulation_robot-manipulation-2_100_1.p,classical,auto,1,false,,5,0,3,,unknown,timeout,,focus,MELL,116,6,5020.397,3652704,3591993,51477,130246520,0,0,2048,5000.000,2.556
lltp,ILL/petri-nets/MCC,,,RobotManipulation_robot-manipulation-20_5_1.p,classical,auto,1,false,,5,0,3,,unknown,context_too_wide,,focus,MELL,550,42,0.043,1,0,0,39,0,0,2048,0.000,0.000
lltp,ILL/petri-nets/MCC,,,RobotManipulation_robot-manipulation-20_50_1.p,classical,auto,1,false,,5,0,3,,unknown,context_too_wide,,focus,MELL,548,42,0.033,1,0,0,39,0,0,2048,0.000,0.000
lltp,ILL/petri-nets/MCC,,,RobotManipulation_robot-manipulation-20_20_1.p,classical,auto,1,false,,5,0,3,,unknown,context_too_wide,,focus,MELL,548,42,0.038,1,0,0,39,0,0,2048,0.000,0.000
lltp,ILL/petri-nets/MCC,,,RobotManipulation_robot-manipulation-20_1_1.p,classical,auto,1,false,,5,0,3,,unknown,context_too_wide,,focus,MELL,552,42,0.035,1,0,0,40,0,0,2048,0.000,0.000
lltp,ILL/petri-nets/MCC,,,RobotManipulation_robot-manipulation-20_10_1.p,classical,auto,1,false,,5,0,3,,unknown,context_too_wide,,focus,MELL,548,42,0.034,1,0,0,39,0,0,2048,0.000,0.000
lltp,ILL/petri-nets/MCC,,,RobotManipulation_robot-manipulation-20_100_1.p,classical,auto,1,false,,5,0,3,,unknown,context_too_wide,,focus,MELL,500,42,0.027,1,0,0,15,0,0,2048,0.000,0.000
lltp,ILL/petri-nets/MCC,,,RobotManipulation_robot-manipulation-200_5_1.p,classical,auto,1,false,,5,0,3,,unknown,context_too_wide,,focus,MELL,4870,402,0.402,1,0,0,399,0,0,2048,0.000,0.000
lltp,ILL/petri-nets/MCC,,,RobotManipulation_robot-manipulation-200_50_1.p,classical,auto,1,false,,5,0,3,,unknown,context_too_wide,,focus,MELL,4868,402,0.330,1,0,0,399,0,0,2048,0.000,0.000
lltp,ILL/petri-nets/MCC,,,RobotManipulation_robot-manipulation-200_20_1.p,classical,auto,1,false,,5,0,3,,unknown,context_too_wide,,focus,MELL,4868,402,0.320,1,0,0,399,0,0,2048,0.000,0.002
lltp,ILL/petri-nets/MCC,,,RobotManipulation_robot-manipulation-200_1_1.p,classical,auto,1,false,,5,0,3,,unknown,context_too_wide,,focus,MELL,4872,402,0.310,1,0,0,400,0,0,2048,0.000,0.000
lltp,ILL/petri-nets/MCC,,,RobotManipulation_robot-manipulation-200_10_1.p,classical,auto,1,false,,5,0,3,,unknown,context_too_wide,,focus,MELL,4868,402,0.324,1,0,0,399,0,0,2048,0.000,0.000
lltp,ILL/petri-nets/MCC,,,RobotManipulation_robot-manipulation-200_100_1.p,classical,auto,1,false,,5,0,3,,unknown,context_too_wide,,focus,MELL,4820,402,0.312,1,0,0,375,0,0,2048,0.000,0.000
lltp,ILL/petri-nets/MCC,,,RobotManipulation_robot-manipulation-2000_5_1.p,classical,auto,1,false,,5,0,3,,unknown,recursion_limit,,focus,MELL,48070,4002,14.495,1,0,0,2035,0,0,2048,10.000,0.019
lltp,ILL/petri-nets/MCC,,,RobotManipulation_robot-manipulation-2000_50_1.p,classical,auto,1,false,,5,0,3,,unknown,recursion_limit,,focus,MELL,48068,4002,13.937,1,0,0,2035,0,0,2048,10.000,0.013
lltp,ILL/petri-nets/MCC,,,RobotManipulation_robot-manipulation-2000_20_1.p,classical,auto,1,false,,5,0,3,,unknown,recursion_limit,,focus,MELL,48068,4002,11.892,1,0,0,2035,0,0,2048,10.000,0.010
lltp,ILL/petri-nets/MCC,,,RobotManipulation_robot-manipulation-2000_1_1.p,classical,auto,1,false,,5,0,3,,unknown,recursion_limit,,focus,MELL,48072,4002,14.047,1,0,0,2035,0,0,2048,10.000,0.013
lltp,ILL/petri-nets/MCC,,,RobotManipulation_robot-manipulation-2000_10_1.p,classical,auto,1,false,,5,0,3,,unknown,recursion_limit,,focus,MELL,48068,4002,14.090,1,0,0,2035,0,0,2048,10.000,0.015
lltp,ILL/petri-nets/MCC,,,RobotManipulation_robot-manipulation-2000_100_1.p,classical,auto,1,false,,5,0,3,,unknown,recursion_limit,,focus,MELL,48020,4002,13.185,1,0,0,2035,0,0,2048,0.000,0.012
lltp,ILL/petri-nets/MCC,,,RobotManipulation_robot-manipulation-1_5_1.p,classical,auto,1,false,,5,0,3,,unknown,copy_bound,,focus,MELL,94,4,269.813,2099657,2095796,2538,5460798,0,0,2048,260.000,0.151
lltp,ILL/petri-nets/MCC,,,RobotManipulation_robot-manipulation-1_50_1.p,classical,auto,1,false,,5,0,3,,unknown,copy_bound,,focus,MELL,92,4,129.794,112003,107901,2634,3356944,0,0,2048,120.000,0.084
lltp,ILL/petri-nets/MCC,,,RobotManipulation_robot-manipulation-1_20_1.p,classical,auto,1,false,,5,0,3,,unknown,copy_bound,,focus,MELL,92,4,128.976,112003,107901,2634,3356944,0,0,2048,120.000,0.077
lltp,ILL/petri-nets/MCC,,,RobotManipulation_robot-manipulation-1_1_1.p,classical,auto,1,false,,5,0,3,,proved,,ok,focus,MELL,96,4,0.152,207,69,135,1667,0,0,2048,0.000,0.000
lltp,ILL/petri-nets/MCC,,,RobotManipulation_robot-manipulation-1_10_1.p,classical,auto,1,false,,5,0,3,,unknown,copy_bound,,focus,MELL,92,4,130.280,112003,107901,2634,3356944,0,0,2048,120.000,0.362
lltp,ILL/petri-nets/MCC,,,RobotManipulation_robot-manipulation-1_100_1.p,classical,auto,1,false,,5,0,3,,unknown,copy_bound,,focus,MELL,92,4,127.989,112003,107901,2634,3356944,0,0,2048,120.000,0.076
lltp,ILL/petri-nets/MCC,,,RobotManipulation_robot-manipulation-10_5_1.p,classical,auto,1,false,,5,0,3,,unknown,timeout,,focus,MELL,310,22,5011.926,1,0,0,157368320,0,0,2048,5000.000,4.637
lltp,ILL/petri-nets/MCC,,,RobotManipulation_robot-manipulation-10_50_1.p,classical,auto,1,false,,5,0,3,,unknown,timeout,,focus,MELL,308,22,5009.658,1,0,0,157925376,0,0,2048,5000.000,3.022
lltp,ILL/petri-nets/MCC,,,RobotManipulation_robot-manipulation-10_20_1.p,classical,auto,1,false,,5,0,3,,unknown,timeout,,focus,MELL,308,22,5001.831,1,0,0,157368320,0,0,2048,4990.000,3.214
lltp,ILL/petri-nets/MCC,,,RobotManipulation_robot-manipulation-10_1_1.p,classical,auto,1,false,,5,0,3,,unknown,timeout,,focus,MELL,312,22,5044.764,1,0,0,98013184,0,0,2048,5020.000,2.537
lltp,ILL/petri-nets/MCC,,,RobotManipulation_robot-manipulation-10_10_1.p,classical,auto,1,false,,5,0,3,,unknown,timeout,,focus,MELL,308,22,5002.026,1,0,0,157368320,0,0,2048,4990.000,3.571
lltp,ILL/petri-nets/MCC,,,RobotManipulation_robot-manipulation-10_100_1.p,classical,auto,1,false,,5,0,3,,unknown,timeout,,focus,MELL,274,22,5000.050,12298037,12298007,28,109674039,0,0,2048,4990.000,3.604
lltp,ILL/petri-nets/MCC,,,RobotManipulation_robot-manipulation-100_5_1.p,classical,auto,1,false,,5,0,3,,unknown,context_too_wide,,focus,MELL,2470,202,0.156,1,0,0,199,0,0,2048,0.000,0.003
lltp,ILL/petri-nets/MCC,,,RobotManipulation_robot-manipulation-100_50_1.p,classical,auto,1,false,,5,0,3,,unknown,context_too_wide,,focus,MELL,2468,202,0.131,1,0,0,199,0,0,2048,0.000,0.000
lltp,ILL/petri-nets/MCC,,,RobotManipulation_robot-manipulation-100_20_1.p,classical,auto,1,false,,5,0,3,,unknown,context_too_wide,,focus,MELL,2468,202,0.130,1,0,0,199,0,0,2048,0.000,0.000
lltp,ILL/petri-nets/MCC,,,RobotManipulation_robot-manipulation-100_1_1.p,classical,auto,1,false,,5,0,3,,unknown,context_too_wide,,focus,MELL,2472,202,0.126,1,0,0,200,0,0,2048,0.000,0.000
lltp,ILL/petri-nets/MCC,,,RobotManipulation_robot-manipulation-100_10_1.p,classical,auto,1,false,,5,0,3,,unknown,context_too_wide,,focus,MELL,2468,202,0.128,1,0,0,199,0,0,2048,0.000,0.000
lltp,ILL/petri-nets/MCC,,,RobotManipulation_robot-manipulation-100_100_1.p,classical,auto,1,false,,5,0,3,,unknown,context_too_wide,,focus,MELL,2420,202,0.114,1,0,0,175,0,0,2048,0.000,0.000
lltp,ILL/petri-nets/MCC,,,RobotManipulation_robot-manipulation-1000_5_1.p,classical,auto,1,false,,5,0,3,,unknown,context_too_wide,,focus,MELL,24070,2002,7.483,1,0,0,1999,0,0,2048,0.000,0.049
lltp,ILL/petri-nets/MCC,,,RobotManipulation_robot-manipulation-1000_50_1.p,classical,auto,1,false,,5,0,3,,unknown,context_too_wide,,focus,MELL,24068,2002,6.421,1,0,0,1999,0,0,2048,0.000,0.008
lltp,ILL/petri-nets/MCC,,,RobotManipulation_robot-manipulation-1000_20_1.p,classical,auto,1,false,,5,0,3,,unknown,context_too_wide,,focus,MELL,24068,2002,6.559,1,0,0,1999,0,0,2048,10.000,0.019
lltp,ILL/petri-nets/MCC,,,RobotManipulation_robot-manipulation-1000_1_1.p,classical,auto,1,false,,5,0,3,,unknown,context_too_wide,,focus,MELL,24072,2002,5.791,1,0,0,2000,0,0,2048,0.000,0.005
lltp,ILL/petri-nets/MCC,,,RobotManipulation_robot-manipulation-1000_10_1.p,classical,auto,1,false,,5,0,3,,unknown,context_too_wide,,focus,MELL,24068,2002,5.979,1,0,0,1999,0,0,2048,0.000,0.005
lltp,ILL/petri-nets/MCC,,,RobotManipulation_robot-manipulation-1000_100_1.p,classical,auto,1,false,,5,0,3,,unknown,context_too_wide,,focus,MELL,24020,2002,5.431,1,0,0,1975,0,0,2048,0.000,0.019
lltp,ILL/petri-nets/MCC,,,Ring_ring_5_1.p,classical,auto,1,false,,5,0,,,unknown,killed,,,,,,10501.271,,,,,,,,,
lltp,ILL/petri-nets/MCC,,,Ring_ring_50_1.p,classical,auto,1,false,,5,0,3,,unknown,timeout,,focus,MELL,1040,5,5003.508,1,0,0,67182592,0,0,2048,4990.000,3.070
lltp,ILL/petri-nets/MCC,,,Ring_ring_20_1.p,classical,auto,1,false,,5,0,3,,unknown,timeout,,focus,MELL,1040,5,5008.551,1,0,0,64745472,0,0,2048,5000.000,2.894
lltp,ILL/petri-nets/MCC,,,Ring_ring_1_1.p,classical,auto,1,false,,5,0,,,unknown,killed,,,,,,10500.349,,,,,,,,,
lltp,ILL/petri-nets/MCC,,,Ring_ring_10_1.p,classical,auto,1,false,,5,0,3,,unknown,timeout,,focus,MELL,1036,5,5010.593,1,0,0,64483328,0,0,2048,5000.000,2.687
lltp,ILL/petri-nets/MCC,,,Ring_ring_100_1.p,classical,auto,1,false,,5,0,3,,unknown,timeout,,focus,MELL,1038,5,5024.570,1,0,0,69316608,0,0,2048,5010.000,2.945
lltp,ILL/petri-nets/MCC,,,ResAllocation_RAS-R-5_5_1.p,classical,auto,1,false,,5,0,3,,unknown,copy_bound,,focus,MELL,134,3,731.389,24505,19693,2763,21977235,0,0,2048,720.000,0.363
lltp,ILL/petri-nets/MCC,,,ResAllocation_RAS-R-5_50_1.p,classical,auto,1,false,,5,0,3,,unknown,copy_bound,,focus,MELL,132,3,1719.279,84048,75433,4706,50805828,0,0,2048,1710.000,0.864
lltp,ILL/petri-nets/MCC,,,ResAllocation_RAS-R-5_20_1.p,classical,auto,1,false,,5,0,3,,unknown,copy_bound,,focus,MELL,132,3,1705.065,84048,75433,4706,50805828,0,0,2048,1700.000,0.875
lltp,ILL/petri-nets/MCC,,,ResAllocation_RAS-R-5_1_1.p,classical,auto,1,false,,5,0,3,,proved,,ok,focus,MELL,136,3,0.035,4,0,2,18,0,0,2048,0.000,0.000
lltp,ILL/petri-nets/MCC,,,ResAllocation_RAS-R-5_10_1.p,classical,auto,1,false,,5,0,3,,unknown,copy_bound,,focus,MELL,130,3,3499.834,1562959,1548006,8134,101558163,0,0,2048,3480.000,1.792
lltp,ILL/petri-nets/MCC,,,ResAllocation_RAS-R-5_100_1.p,classical,auto,1,false,,5,0,3,,unknown,copy_bound,,focus,MELL,130,3,3498.353,1562959,1548006,8134,101558163,0,0,2048,3480.000,1.736
lltp,ILL/petri-nets/MCC,,,ResAllocation_RAS-R-50_5_1.p,classical,auto,1,false,,5,0,3,,unknown,context_too_wide,,focus,MELL,1398,3,0.568,16,2,9,3780,0,0,2048,0.000,0.000
lltp,ILL/petri-nets/MCC,,,ResAllocation_RAS-R-50_50_1.p,classical,auto,1,false,,5,0,3,,unknown,timeout,,focus,MELL,1380,3,5000.044,39762463,39762205,256,62323430,0,0,2048,4990.000,3.144
lltp,ILL/petri-nets/MCC,,,ResAllocation_RAS-R-50_20_1.p,classical,auto,1,false,,5,0,3,,unknown,context_too_wide,,focus,MELL,1398,3,9.839,6900,6706,161,105362,0,0,2048,10.000,0.023
lltp,ILL/petri-nets/MCC,,,ResAllocation_RAS-R-50_1_1.p,classical,auto,1,false,,5,0,3,,proved,,ok,focus,MELL,1398,3,0.213,4,0,2,199,0,0,2048,0.000,0.000
lltp,ILL/petri-nets/MCC,,,ResAllocation_RAS-R-50_10_1.p,classical,auto,1,false,,5,0,3,,unknown,context_too_wide,,focus,MELL,1398,3,4.260,757,655,85,42944,0,0,2048,0.000,0.004
lltp,ILL/petri-nets/MCC,,,ResAllocation_RAS-R-50_100_1.p,classical,auto,1,false,,5,0,3,,unknown,timeout,,focus,MELL,1372,3,5000.039,29231022,29230900,120,65754376,0,0,2048,4990.000,3.414
lltp,ILL/petri-nets/MCC,,,ResAllocation_RAS-R-3_5_1.p,classical,auto,1,false,,5,0,3,,proved,,ok,focus,MELL,80,3,0.027,4,0,2,10,0,0,2048,0.000,0.000
lltp,ILL/petri-nets/MCC,,,ResAllocation_RAS-R-3_50_1.p,classical,auto,1,false,,5,0,3,,proved,,ok,focus,MELL,80,3,0.243,43,1,38,6118,0,0,2048,0.000,0.000
lltp,ILL/petri-nets/MCC,,,ResAllocation_RAS-R-3_20_1.p,classical,auto,1,false,,5,0,3,,proved,,ok,focus,MELL,78,3,8.814,10727,9736,611,249741,0,0,2048,0.000,0.010
lltp,ILL/petri-nets/MCC,,,ResAllocation_RAS-R-3_1_1.p,classical,auto,1,false,,5,0,3,,proved,,ok,focus,MELL,80,3,0.024,4,0,2,10,0,0,2048,0.000,0.000
lltp,ILL/petri-nets/MCC,,,ResAllocation_RAS-R-3_10_1.p,classical,auto,1,false,,5,0,3,,proved,,ok,focus,MELL,80,3,0.245,43,1,38,6118,0,0,2048,0.000,0.000
lltp,ILL/petri-nets/MCC,,,ResAllocation_RAS-R-3_100_1.p,classical,auto,1,false,,5,0,3,,proved,,ok,focus,MELL,78,3,8.753,10727,9736,611,249741,0,0,2048,0.000,0.012
lltp,ILL/petri-nets/MCC,,,ResAllocation_RAS-R-2_5_1.p,classical,auto,1,false,,5,0,3,,proved,,ok,focus,MELL,52,3,0.094,132,63,55,870,0,0,2048,0.000,0.000
lltp,ILL/petri-nets/MCC,,,ResAllocation_RAS-R-2_50_1.p,classical,auto,1,false,,5,0,3,,proved,,ok,focus,MELL,52,3,0.089,132,63,55,870,0,0,2048,0.000,0.000
lltp,ILL/petri-nets/MCC,,,ResAllocation_RAS-R-2_20_1.p,classical,auto,1,false,,5,0,3,,proved,,ok,focus,MELL,52,3,0.084,132,63,55,870,0,0,2048,0.000,0.000
lltp,ILL/petri-nets/MCC,,,ResAllocation_RAS-R-2_1_1.p,classical,auto,1,false,,5,0,3,,proved,,ok,focus,MELL,52,3,0.018,4,0,2,6,0,0,2048,0.000,0.000
lltp,ILL/petri-nets/MCC,,,ResAllocation_RAS-R-2_10_1.p,classical,auto,1,false,,5,0,3,,proved,,ok,focus,MELL,52,3,0.020,4,0,2,6,0,0,2048,0.000,0.000
lltp,ILL/petri-nets/MCC,,,ResAllocation_RAS-R-2_100_1.p,classical,auto,1,false,,5,0,3,,proved,,ok,focus,MELL,52,3,0.018,4,0,2,6,0,0,2048,0.000,0.000
lltp,ILL/petri-nets/MCC,,,ResAllocation_RAS-R-20_5_1.p,classical,auto,1,false,,5,0,,,unknown,killed,,,,,,10502.081,,,,,,,,,
lltp,ILL/petri-nets/MCC,,,ResAllocation_RAS-R-20_50_1.p,classical,auto,1,false,,5,0,3,,unknown,timeout,,focus,MELL,540,3,5000.028,47411063,47410717,344,74984571,0,0,2048,4990.000,2.077
lltp,ILL/petri-nets/MCC,,,ResAllocation_RAS-R-20_20_1.p,classical,auto,1,false,,5,0,,,unknown,killed,,,,,,10501.694,,,,,,,,,
lltp,ILL/petri-nets/MCC,,,ResAllocation_RAS-R-20_1_1.p,classical,auto,1,false,,5,0,3,,proved,,ok,focus,MELL,556,3,0.098,4,0,2,94,0,0,2048,0.000,0.000
lltp,ILL/petri-nets/MCC,,,ResAllocation_RAS-R-20_10_1.p,classical,auto,1,false,,5,0,,,unknown,killed,,,,,,10501.057,,,,,,,,,
lltp,ILL/petri-nets/MCC,,,ResAllocation_RAS-R-20_100_1.p,classical,auto,1,false,,5,0,3,,unknown,timeout,,focus,MELL,532,3,5000.012,36919603,36919473,128,79642245,0,0,2048,4990.000,2.055
lltp,ILL/petri-nets/MCC,,,ResAllocation_RAS-R-15_5_1.p,classical,auto,1,false,,5,0,,,unknown,killed,,,,,,10500.327,,,,,,,,,
lltp,ILL/petri-nets/MCC,,,ResAllocation_RAS-R-15_50_1.p,classical,auto,1,false,,5,0,3,,unknown,timeout,,focus,MELL,400,3,5000.018,52645897,52645527,368,83353254,0,0,2048,4990.000,2.168
lltp,ILL/petri-nets/MCC,,,ResAllocation_RAS-R-15_20_1.p,classical,auto,1,false,,5,0,,,unknown,killed,,,,,,10503.771,,,,,,,,,
lltp,ILL/petri-nets/MCC,,,ResAllocation_RAS-R-15_1_1.p,classical,auto,1,false,,5,0,3,,proved,,ok,focus,MELL,416,3,0.067,4,0,2,58,0,0,2048,0.000,0.000
lltp,ILL/petri-nets/MCC,,,ResAllocation_RAS-R-15_10_1.p,classical,auto,1,false,,5,0,,,unknown,killed,,,,,,10501.939,,,,,,,,,
lltp,ILL/petri-nets/MCC,,,ResAllocation_RAS-R-15_100_1.p,classical,auto,1,false,,5,0,3,,unknown,timeout,,focus,MELL,392,3,5000.012,36442229,36442107,120,88598287,0,0,2048,4990.000,2.214
lltp,ILL/petri-nets/MCC,,,ResAllocation_RAS-R-10_5_1.p,classical,auto,1,false,,5,0,3,,unknown,timeout,,focus,MELL,274,3,5015.099,5123,422,4668,121946112,0,0,2048,5000.000,2.364
lltp,ILL/petri-nets/MCC,,,ResAllocation_RAS-R-10_50_1.p,classical,auto,1,false,,5,0,3,,unknown,timeout,,focus,MELL,262,3,5000.022,52397196,52396826,368,82932661,0,0,2048,4980.000,3.756
lltp,ILL/petri-nets/MCC,,,ResAllocation_RAS-R-10_20_1.p,classical,auto,1,false,,5,0,3,,unknown,timeout,,focus,MELL,268,3,5000.041,58132623,58131853,768,75418495,0,0,2048,4980.000,3.885
lltp,ILL/petri-nets/MCC,,,ResAllocation_RAS-R-10_1_1.p,classical,auto,1,false,,5,0,3,,proved,,ok,focus,MELL,276,3,0.051,4,0,2,38,0,0,2048,0.000,0.000
lltp,ILL/petri-nets/MCC,,,ResAllocation_RAS-R-10_10_1.p,classical,auto,1,false,,5,0,3,,unknown,timeout,,focus,MELL,272,3,5012.116,37730,33177,4423,120808736,0,0,2048,5000.000,2.626
lltp,ILL/petri-nets/MCC,,,ResAllocation_RAS-R-10_100_1.p,classical,auto,1,false,,5,0,3,,unknown,timeout,,focus,MELL,262,3,5000.029,52217530,52217160,368,82640103,0,0,2048,4980.000,4.237
lltp,ILL/petri-nets/MCC,,,ResAllocation_RAS-R-100_5_1.p,classical,auto,1,false,,5,0,3,,unknown,context_too_wide,,focus,MELL,2798,3,1.678,16,2,9,7580,0,0,2048,0.000,0.003
lltp,ILL/petri-nets/MCC,,,ResAllocation_RAS-R-100_50_1.p,classical,auto,1,false,,5,0,3,,unknown,timeout,,focus,MELL,2780,3,5000.099,33000143,32999885,256,51252018,0,0,2048,4980.000,4.870
lltp,ILL/petri-nets/MCC,,,ResAllocation_RAS-R-100_20_1.p,classical,auto,1,false,,5,0,3,,unknown,context_too_wide,,focus,MELL,2798,3,29.861,6900,6706,161,202762,0,0,2048,20.000,0.031
lltp,ILL/petri-nets/MCC,,,ResAllocation_RAS-R-100_1_1.p,classical,auto,1,false,,5,0,3,,proved,,ok,focus,MELL,2798,3,0.589,4,0,2,399,0,0,2048,0.000,0.000
lltp,ILL/petri-nets/MCC,,,ResAllocation_RAS-R-100_10_1.p,classical,auto,1,false,,5,0,3,,unknown,context_too_wide,,focus,MELL,2798,3,13.596,757,655,85,85544,0,0,2048,10.000,0.020
lltp,ILL/petri-nets/MCC,,,ResAllocation_RAS-R-100_100_1.p,classical,auto,1,false,,5,0,3,,unknown,timeout,,focus,MELL,2772,3,5000.102,22297811,22297689,120,51174434,0,0,2048,4980.000,4.555
lltp,ILL/petri-nets/MCC,,,ResAllocation_RAS-C-5_5_1.p,classical,auto,1,false,,5,0,3,,unknown,timeout,,focus,MELL,222,3,5019.620,4123792,3992624,121573,123679805,0,0,2048,5000.000,2.697
lltp,ILL/petri-nets/MCC,,,ResAllocation_RAS-C-5_50_1.p,classical,auto,1,false,,5,0,3,,unknown,timeout,,focus,MELL,220,3,5013.894,4881664,4709587,162095,121756760,0,0,2048,4990.000,2.738
lltp,ILL/petri-nets/MCC,,,ResAllocation_RAS-C-5_20_1.p,classical,auto,1,false,,5,0,3,,unknown,timeout,,focus,MELL,222,3,5020.300,4329111,4184394,135019,120964443,0,0,2048,5000.000,2.832
lltp,ILL/petri-nets/MCC,,,ResAllocation_RAS-C-5_1_1.p,classical,auto,1,false,,5,0,3,,proved,,ok,focus,MELL,224,3,0.044,4,0,2,28,0,0,2048,0.000,0.000
lltp,ILL/petri-nets/MCC,,,ResAllocation_RAS-C-5_10_1.p,classical,auto,1,false,,5,0,3,,unknown,timeout,,focus,MELL,220,3,5014.305,4850059,4678008,162078,121092346,0,0,2048,5000.000,2.934
lltp,ILL/petri-nets/MCC,,,ResAllocation_RAS-C-5_100_1.p,classical,auto,1,false,,5,0,3,,unknown,timeout,,focus,MELL,222,3,5015.708,4315748,4171049,135006,120480996,0,0,2048,5000.000,2.613
lltp,ILL/petri-nets/MCC,,,ResAllocation_RAS-C-50_5_1.p,classical,auto,1,false,,5,0,3,,unknown,context_too_wide,,focus,MELL,2384,3,10.648,384,302,65,66386,0,0,2048,10.000,0.026
lltp,ILL/petri-nets/MCC,,,ResAllocation_RAS-C-50_50_1.p,classical,auto,1,false,,5,0,3,,unknown,context_too_wide,,focus,MELL,2288,3,0.116,1,0,0,52,0,0,2048,0.000,0.000
lltp,ILL/petri-nets/MCC,,,ResAllocation_RAS-C-50_20_1.p,classical,auto,1,false,,5,0,3,,unknown,timeout,,focus,MELL,2346,3,5000.081,14205058,14205000,56,53288816,0,0,2048,4990.000,5.027
lltp,ILL/petri-nets/MCC,,,ResAllocation_RAS-C-50_1_1.p,classical,auto,1,false,,5,0,3,,proved,,ok,focus,MELL,2386,3,0.603,4,0,2,299,0,0,2048,0.000,0.000
lltp,ILL/petri-nets/MCC,,,ResAllocation_RAS-C-50_100_1.p,classical,auto,1,false,,5,0,3,,unknown,context_too_wide,,focus,MELL,2240,3,0.088,1,0,0,3,0,0,2048,0.000,0.000
lltp,ILL/petri-nets/MCC,,,ResAllocation_RAS-C-3_5_1.p,classical,auto,1,false,,5,0,3,,unknown,copy_bound,,focus,MELL,126,3,495.379,811920,797766,8809,12939345,0,0,2048,490.000,0.281
lltp,ILL/petri-nets/MCC,,,ResAllocation_RAS-C-3_50_1.p,classical,auto,1,false,,5,0,3,,unknown,copy_bound,,focus,MELL,124,3,531.926,1295685,1276838,11603,13433372,0,0,2048,520.000,0.301
lltp,ILL/petri-nets/MCC,,,ResAllocation_RAS-C-3_20_1.p,classical,auto,1,false,,5,0,3,,proved,,ok,focus,MELL,126,3,84.270,154234,148701,4080,2183114,0,0,2048,80.000,0.054
lltp,ILL/petri-nets/MCC,,,ResAllocation_RAS-C-3_1_1.p,classical,auto,1,false,,5,0,3,,proved,,ok,focus,MELL,128,3,0.031,4,0,2,16,0,0,2048,0.000,0.000
lltp,ILL/petri-nets/MCC,,,ResAllocation_RAS-C-3_10_1.p,classical,auto,1,false,,5,0,3,,unknown,copy_bound,,focus,MELL,124,3,532.438,1295685,1276838,11603,13433372,0,0,2048,520.000,0.306
lltp,ILL/petri-nets/MCC,,,ResAllocation_RAS-C-3_100_1.p,classical,auto,1,false,,5,0,3,,proved,,ok,focus,MELL,126,3,84.218,154234,148701,4080,2183114,0,0,2048,80.000,0.055
lltp,ILL/petri-nets/MCC,,,ResAllocation_RAS-C-20_5_1.p,classical,auto,1,false,,5,0,3,,proved,,ok,focus,MELL,938,3,569.998,2785536,2784284,795,7393830,0,0,2048,560.000,0.492
lltp,ILL/petri-nets/MCC,,,ResAllocation_RAS-C-20_50_1.p,classical,auto,1,false,,5,0,3,,unknown,timeout,,focus,MELL,890,3,5000.049,15258721,15258687,32,79046157,0,0,2048,4990.000,3.168
lltp,ILL/petri-nets/MCC,,,ResAllocation_RAS-C-20_20_1.p,classical,auto,1,false,,5,0,3,,unknown,timeout,,focus,MELL,908,3,5000.027,24710455,24710389,64,79834421,0,0,2048,4990.000,2.697
lltp,ILL/petri-nets/MCC,,,ResAllocation_RAS-C-20_1_1.p,classical,auto,1,false,,5,0,3,,proved,,ok,focus,MELL,944,3,0.151,4,0,2,118,0,0,2048,0.000,0.000
lltp,ILL/petri-nets/MCC,,,ResAllocation_RAS-C-15_5_1.p,classical,auto,1,false,,5,0,,,unknown,killed,,,,,,10502.126,,,,,,,,,
lltp,ILL/petri-nets/MCC,,,ResAllocation_RAS-C-15_50_1.p,classical,auto,1,false,,5,0,3,,unknown,timeout,,focus,MELL,664,3,5000.026,21080415,21080357,56,85676355,0,0,2048,4990.000,2.296
lltp,ILL/petri-nets/MCC,,,ResAllocation_RAS-C-15_20_1.p,classical,auto,1,false,,5,0,3,,unknown,timeout,,focus,MELL,678,3,5000.022,32157014,32156892,120,78611947,0,0,2048,4990.000,2.258
lltp,ILL/petri-nets/MCC,,,ResAllocation_RAS-C-15_1_1.p,classical,auto,1,false,,5,0,3,,proved,,ok,focus,MELL,704,3,0.124,4,0,2,88,0,0,2048,0.000,0.000
lltp,ILL/petri-nets/MCC,,,ResAllocation_RAS-C-15_10_1.p,classical,auto,1,false,,5,0,3,,unknown,timeout,,focus,MELL,696,3,5000.046,53229911,53229157,752,69554802,0,0,2048,4990.000,2.121
lltp,ILL/petri-nets/MCC,,,ResAllocation_RAS-C-10_5_1.p,classical,auto,1,false,,5,0,3,,unknown,timeout,,focus,MELL,458,3,5017.426,151224,131898,19068,102804784,0,0,2048,5000.000,2.426
lltp,ILL/petri-nets/MCC,,,ResAllocation_RAS-C-10_50_1.p,classical,auto,1,false,,5,0,3,,unknown,timeout,,focus,MELL,444,3,5000.025,41784027,41783841,184,86254604,0,0,2048,4990.000,4.229
lltp,ILL/petri-nets/MCC,,,ResAllocation_RAS-C-10_20_1.p,classical,auto,1,false,,5,0,3,,unknown,timeout,,focus,MELL,444,3,5000.024,41957170,41956984,184,86632631,0,0,2048,4990.000,3.985
lltp,ILL/petri-nets/MCC,,,ResAllocation_RAS-C-10_1_1.p,classical,auto,1,false,,5,0,3,,proved,,ok,focus,MELL,464,3,0.082,4,0,2,58,0,0,2048,0.000,0.000
lltp,ILL/petri-nets/MCC,,,ResAllocation_RAS-C-10_10_1.p,classical,auto,1,false,,5,0,3,,unknown,timeout,,focus,MELL,452,3,5000.042,59529040,59528270,768,77115096,0,0,2048,4990.000,3.091
lltp,ILL/petri-nets/MCC,,,ResAllocation_RAS-C-100_5_1.p,classical,auto,1,false,,5,0,3,,unknown,timeout,,focus,MELL,4776,3,5015.881,10216668,10215197,1125,24174361,0,0,2048,5000.000,3.943
lltp,ILL/petri-nets/MCC,,,ResAllocation_RAS-C-100_50_1.p,classical,auto,1,false,,5,0,3,,unknown,context_too_wide,,focus,MELL,4686,3,0.415,1,0,0,200,0,0,2048,0.000,0.000
lltp,ILL/petri-nets/MCC,,,ResAllocation_RAS-C-100_20_1.p,classical,auto,1,false,,5,0,3,,unknown,timeout,,focus,MELL,4746,3,5000.120,8272554,8272496,56,31219417,0,0,2048,4990.000,2.644
lltp,ILL/petri-nets/MCC,,,ResAllocation_RAS-C-100_1_1.p,classical,auto,1,false,,5,0,3,,proved,,ok,focus,MELL,4784,3,2.086,4,0,2,598,0,0,2048,0.000,0.003
lltp,ILL/petri-nets/MCC,,,ResAllocation_RAS-C-100_100_1.p,classical,auto,1,false,,5,0,3,,unknown,context_too_wide,,focus,MELL,4588,3,0.285,1,0,0,102,0,0,2048,0.000,0.000
lltp,ILL/petri-nets/MCC,,,Referendum_referendum-unfolded-50_5_1.p,classical,auto,1,false,,5,0,3,,unknown,timeout,,focus,MELL,602,3,5154.410,3,0,1,68538368,0,0,2048,5140.000,2.296
lltp,ILL/petri-nets/MCC,,,Referendum_referendum-unfolded-50_50_1.p,classical,auto,1,false,,5,0,3,,unknown,timeout,,focus,MELL,602,3,5006.764,3,0,1,61329408,0,0,2048,5000.000,2.134
lltp,ILL/petri-nets/MCC,,,Referendum_referendum-unfolded-50_20_1.p,classical,auto,1,false,,5,0,3,,unknown,timeout,,focus,MELL,602,3,5010.529,3,0,1,69795840,0,0,2048,5000.000,2.120
lltp,ILL/petri-nets/MCC,,,Referendum_referendum-unfolded-50_1_1.p,classical,auto,1,false,,5,0,3,,unknown,timeout,,focus,MELL,602,3,5000.029,6397650,6397216,429,66129854,0,0,2048,4990.000,2.107
lltp,ILL/petri-nets/MCC,,,Referendum_referendum-unfolded-50_100_1.p,classical,auto,1,false,,5,0,3,,unknown,timeout,,focus,MELL,602,2,5077.260,6096112,1,1048576,6096314,0,0,2048,5050.000,4.548
lltp,ILL/petri-nets/MCC,,,Referendum_referendum-unfolded-500_5_1.p,classical,auto,1,false,,5,0,3,,unknown,context_too_wide,,focus,MELL,6002,3,175.045,3,0,1,248499,0,0,2048,170.000,0.250
lltp,ILL/petri-nets/MCC,,,Referendum_referendum-unfolded-500_50_1.p,classical,auto,1,false,,5,0,3,,unknown,context_too_wide,,focus,MELL,6002,3,139.461,3,0,1,205659,0,0,2048,140.000,0.126
lltp,ILL/petri-nets/MCC,,,Referendum_referendum-unfolded-500_20_1.p,classical,auto,1,false,,5,0,3,,unknown,context_too_wide,,focus,MELL,6002,3,157.598,3,0,1,233769,0,0,2048,150.000,0.157
lltp,ILL/petri-nets/MCC,,,Referendum_referendum-unfolded-500_1_1.p,classical,auto,1,false,,5,0,3,,unknown,context_too_wide,,focus,MELL,6002,3,186.706,7004,2996,4004,256501,0,0,2048,180.000,0.194
lltp,ILL/petri-nets/MCC,,,Referendum_referendum-unfolded-500_100_1.p,classical,auto,1,false,,5,0,3,,unknown,context_too_wide,,focus,MELL,6002,3,107.902,3,0,1,162809,0,0,2048,100.000,0.099
lltp,ILL/petri-nets/MCC,,,Referendum_referendum-unfolded-20_5_1.p,classical,auto,1,false,,5,0,3,,unknown,timeout,,focus,MELL,242,3,5011.579,3,0,1,108240896,0,0,2048,5000.000,3.545
lltp,ILL/petri-nets/MCC,,,Referendum_referendum-unfolded-20_50_1.p,classical,auto,1,false,,5,0,3,,unknown,timeout,,focus,MELL,242,2,5257.860,6316602,1,1048576,9462412,0,0,2048,5240.000,3.964
lltp,ILL/petri-nets/MCC,,,Referendum_referendum-unfolded-20_20_1.p,classical,auto,1,false,,5,0,3,,unknown,timeout,,focus,MELL,242,3,5011.884,1072091,1,1048576,91500544,0,0,2048,4990.000,2.661
lltp,ILL/petri-nets/MCC,,,Referendum_referendum-unfolded-20_1_1.p,classical,auto,1,false,,5,0,3,,unknown,timeout,,focus,MELL,242,3,5000.034,27253403,27253151,247,93191627,0,0,2048,4990.000,3.384
lltp,ILL/petri-nets/MCC,,,Referendum_referendum-unfolded-200_5_1.p,classical,auto,1,false,,5,0,3,,unknown,context_too_wide,,focus,MELL,2402,3,9.878,3,0,1,39399,0,0,2048,10.000,0.017
lltp,ILL/petri-nets/MCC,,,Referendum_referendum-unfolded-200_50_1.p,classical,auto,1,false,,5,0,3,,unknown,context_too_wide,,focus,MELL,2402,3,5.892,3,0,1,23559,0,0,2048,0.000,0.003
lltp,ILL/petri-nets/MCC,,,Referendum_referendum-unfolded-200_20_1.p,classical,auto,1,false,,5,0,3,,unknown,context_too_wide,,focus,MELL,2402,3,8.198,3,0,1,33669,0,0,2048,0.000,0.007
lltp,ILL/petri-nets/MCC,,,Referendum_referendum-unfolded-200_1_1.p,classical,auto,1,false,,5,0,3,,unknown,context_too_wide,,focus,MELL,2402,3,12.814,2804,1196,1604,42601,0,0,2048,10.000,0.008
lltp,ILL/petri-nets/MCC,,,Referendum_referendum-unfolded-200_100_1.p,classical,auto,1,false,,5,0,3,,unknown,context_too_wide,,focus,MELL,2402,3,2.912,3,0,1,10709,0,0,2048,0.000,0.011
lltp,ILL/petri-nets/MCC,,,Referendum_referendum-unfolded-15_5_1.p,classical,auto,1,false,,5,0,3,,unknown,timeout,,focus,MELL,182,3,5007.678,3,0,1,121823232,0,0,2048,4990.000,4.485
lltp,ILL/petri-nets/MCC,,,Referendum_referendum-unfolded-15_20_1.p,classical,auto,1,false,,5,0,3,,unknown,timeout,,focus,MELL,182,2,5266.927,19367655,15234370,1048576,21308168,0,0,2048,5240.000,4.051
lltp,ILL/petri-nets/MCC,,,Referendum_referendum-unfolded-15_1_1.p,classical,auto,1,false,,5,0,3,,unknown,timeout,,focus,MELL,182,3,5000.027,36708779,36708475,299,92052910,0,0,2048,4980.000,4.101
lltp,ILL/petri-nets/MCC,,,Referendum_referendum-unfolded-15_10_1.p,classical,auto,1,false,,5,0,3,,unknown,timeout,,focus,MELL,182,3,5005.742,3,0,1,124366848,0,0,2048,4990.000,3.780
lltp,ILL/petri-nets/MCC,,,Referendum_referendum-unfolded-10_5_1.p,classical,auto,1,false,,5,0,3,,unknown,timeout,,focus,MELL,122,3,5007.706,3,0,1,145203200,0,0,2048,4990.000,3.698
lltp,ILL/petri-nets/MCC,,,Referendum_referendum-unfolded-10_20_1.p,classical,auto,1,false,,5,0,3,,unknown,timeout,,focus,MELL,122,2,5089.258,52533000,51961896,555651,52673959,0,0,2048,5070.000,3.989
lltp,ILL/petri-nets/MCC,,,Referendum_referendum-unfolded-10_1_1.p,classical,auto,1,false,,5,0,3,,unknown,timeout,,focus,MELL,122,3,5000.020,51602006,51601558,443,83752597,0,0,2048,4980.000,5.366
lltp,ILL/petri-nets/MCC,,,Referendum_referendum-unfolded-10_10_1.p,classical,auto,1,false,,5,0,3,,unknown,timeout,,focus,MELL,122,3,5036.158,28927525,28567808,351192,93224552,0,0,2048,5010.000,4.585
lltp,ILL/petri-nets/MCC,,,Referendum_referendum-unfolded-100_5_1.p,classical,auto,1,false,,5,0,3,,unknown,context_too_wide,,focus,MELL,1202,3,1.644,3,0,1,9699,0,0,2048,0.000,0.000
lltp,ILL/petri-nets/MCC,,,Referendum_referendum-unfolded-100_50_1.p,classical,auto,1,false,,5,0,3,,unknown,context_too_wide,,focus,MELL,1202,3,0.531,3,0,1,2859,0,0,2048,0.000,0.000
lltp,ILL/petri-nets/MCC,,,Referendum_referendum-unfolded-100_20_1.p,classical,auto,1,false,,5,0,3,,unknown,context_too_wide,,focus,MELL,1202,3,1.146,3,0,1,6969,0,0,2048,0.000,0.003
lltp,ILL/petri-nets/MCC,,,Referendum_referendum-unfolded-100_1_1.p,classical,auto,1,false,,5,0,3,,unknown,context_too_wide,,focus,MELL,1202,3,2.497,1404,596,804,11301,0,0,2048,0.000,0.004
lltp,ILL/petri-nets/MCC,,,Referendum_referendum-unfolded-100_100_1.p,classical,auto,1,false,,5,0,3,,unknown,context_too_wide,,focus,MELL,1202,3,0.096,3,0,1,9,0,0,2048,0.000,0.000
lltp,ILL/petri-nets/MCC,,,Referendum_referendum-unfolded-1000_5_1.p,classical,auto,1,false,,5,0,3,,unknown,recursion_limit,,focus,MELL,12002,3,2.934,1,0,0,45,0,0,2048,0.000,0.004
lltp,ILL/petri-nets/MCC,,,Referendum_referendum-unfolded-1000_50_1.p,classical,auto,1,false,,5,0,3,,unknown,recursion_limit,,focus,MELL,12002,3,2.301,1,0,0,45,0,0,2048,0.000,0.002
lltp,ILL/petri-nets/MCC,,,Referendum_referendum-unfolded-1000_20_1.p,classical,auto,1,false,,5,0,3,,unknown,recursion_limit,,focus,MELL,12002,3,2.259,1,0,0,45,0,0,2048,0.000,0.009
lltp,ILL/petri-nets/MCC,,,Referendum_referendum-unfolded-1000_1_1.p,classical,auto,1,false,,5,0,3,,unknown,recursion_limit,,focus,MELL,12002,3,2.232,1,0,0,45,0,0,2048,0.000,0.002
lltp,ILL/petri-nets/MCC,,,Referendum_referendum-unfolded-1000_100_1.p,classical,auto,1,false,,5,0,3,,unknown,recursion_limit,,focus,MELL,12002,3,2.257,1,0,0,45,0,0,2048,0.000,0.005
lltp,ILL/petri-nets/MCC,,,Railroad_railroad-100-pt_5_1.p,classical,auto,1,false,,5,0,3,,unknown,recursion_limit,,focus,MELL,126272,10201,18.580,0,0,0,0,0,0,2048,10.000,0.015
lltp,ILL/petri-nets/MCC,,,Railroad_railroad-100-pt_50_1.p,classical,auto,1,false,,5,0,3,,unknown,recursion_limit,,focus,MELL,126232,10201,18.774,0,0,0,0,0,0,2048,30.000,0.018
lltp,ILL/petri-nets/MCC,,,Railroad_railroad-100-pt_20_1.p,classical,auto,1,false,,5,0,3,,unknown,recursion_limit,,focus,MELL,126262,10201,18.967,0,0,0,0,0,0,2048,10.000,0.018
lltp,ILL/petri-nets/MCC,,,Railroad_railroad-100-pt_1_1.p,classical,auto,1,false,,5,0,3,,unknown,recursion_limit,,focus,MELL,126272,10201,19.615,0,0,0,0,0,0,2048,30.000,0.025
lltp,ILL/petri-nets/MCC,,,Railroad_railroad-100-pt_100_1.p,classical,auto,1,false,,5,0,3,,unknown,recursion_limit,,focus,MELL,126182,10201,19.126,0,0,0,0,0,0,2048,30.000,0.017
lltp,ILL/petri-nets/MCC,,,Railroad_railroad-050-pt_5_1.p,classical,auto,1,false,,5,0,3,,unknown,recursion_limit,,focus,MELL,33172,2601,5.427,0,0,0,0,0,0,2048,0.000,0.016
lltp,ILL/petri-nets/MCC,,,Railroad_railroad-050-pt_50_1.p,classical,auto,1,false,,5,0,3,,unknown,recursion_limit,,focus,MELL,33174,2601,4.682,0,0,0,0,0,0,2048,0.000,0.003
lltp,ILL/petri-nets/MCC,,,Railroad_railroad-050-pt_20_1.p,classical,auto,1,false,,5,0,3,,unknown,recursion_limit,,focus,MELL,33172,2600,3.901,0,0,0,0,0,0,2048,0.000,0.004
lltp,ILL/petri-nets/MCC,,,Railroad_railroad-050-pt_1_1.p,classical,auto,1,false,,5,0,3,,unknown,recursion_limit,,focus,MELL,33172,2601,5.211,0,0,0,0,0,0,2048,0.000,0.018
lltp,ILL/petri-nets/MCC,,,Railroad_railroad-050-pt_10_1.p,classical,auto,1,false,,5,0,3,,unknown,recursion_limit,,focus,MELL,33166,2601,3.943,0,0,0,0,0,0,2048,0.000,0.004
lltp,ILL/petri-nets/MCC,,,Railroad_railroad-050-pt_100_1.p,classical,auto,1,false,,5,0,3,,unknown,recursion_limit,,focus,MELL,33170,2600,3.861,0,0,0,0,0,0,2048,0.000,0.003
lltp,ILL/petri-nets/MCC,,,Railroad_railroad-020-pt_5_1.p,classical,auto,1,false,,5,0,,,unknown,killed,,,,,,10501.479,,,,,,,,,
lltp,ILL/petri-nets/MCC,,,Railroad_railroad-020-pt_20_1.p,classical,auto,1,false,,5,0,3,,unknown,timeout,,focus,MELL,6114,441,5042.250,1,0,0,14151680,0,0,2048,5030.000,2.255
lltp,ILL/petri-nets/MCC,,,Railroad_railroad-020-pt_1_1.p,classical,auto,1,false,,5,0,,,unknown,killed,,,,,,10500.832,,,,,,,,,
lltp,ILL/petri-nets/MCC,,,Railroad_railroad-020-pt_10_1.p,classical,auto,1,false,,5,0,,,unknown,killed,,,,,,10500.614,,,,,,,,,
lltp,ILL/petri-nets/MCC,,,Railroad_railroad-010-pt_5_1.p,classical,auto,1,false,,5,0,3,,unknown,timeout,,focus,MELL,1892,121,5018.592,1,0,0,46878720,0,0,2048,5010.000,2.210
lltp,ILL/petri-nets/MCC,,,Railroad_railroad-010-pt_50_1.p,classical,auto,1,false,,5,0,3,,unknown,timeout,,focus,MELL,1894,121,5020.221,1,0,0,46059520,0,0,2048,5010.000,2.182
lltp,ILL/petri-nets/MCC,,,Railroad_railroad-010-pt_20_1.p,classical,auto,1,false,,5,0,3,,unknown,timeout,,focus,MELL,1894,121,5041.467,1,0,0,49590272,0,0,2048,5020.000,2.211
lltp,ILL/petri-nets/MCC,,,Railroad_railroad-010-pt_1_1.p,classical,auto,1,false,,5,0,3,,unknown,timeout,,focus,MELL,1892,121,5035.806,1,0,0,47550464,0,0,2048,5020.000,2.424
lltp,ILL/petri-nets/MCC,,,Railroad_railroad-010-pt_10_1.p,classical,auto,1,false,,5,0,3,,unknown,timeout,,focus,MELL,1894,121,5021.258,1,0,0,45576192,0,0,2048,5010.000,3.367
lltp,ILL/petri-nets/MCC,,,Railroad_railroad-010-pt_100_1.p,classical,auto,1,false,,5,0,3,,unknown,timeout,,focus,MELL,1892,121,5067.827,1,0,0,47538176,0,0,2048,5050.000,2.362
lltp,ILL/petri-nets/MCC,,,Railroad_railroad-005-pt_5_1.p,classical,auto,1,false,,5,0,3,,unknown,timeout,,focus,MELL,682,36,5020.194,9987,9923,62,89062584,0,0,2048,5000.000,2.181
lltp,ILL/petri-nets/MCC,,,Railroad_railroad-005-pt_50_1.p,classical,auto,1,false,,5,0,3,,unknown,timeout,,focus,MELL,684,36,5008.293,6852,6819,32,88670208,0,0,2048,4990.000,2.198
lltp,ILL/petri-nets/MCC,,,Railroad_railroad-005-pt_20_1.p,classical,auto,1,false,,5,0,3,,unknown,timeout,,focus,MELL,684,35,5010.505,2,0,1,88649728,0,0,2048,5000.000,3.498
lltp,ILL/petri-nets/MCC,,,Railroad_railroad-005-pt_1_1.p,classical,auto,1,false,,5,0,3,,unknown,timeout,,focus,MELL,682,36,5025.060,16372,16032,323,87449600,0,0,2048,5010.000,3.059
lltp,ILL/petri-nets/MCC,,,Railroad_railroad-005-pt_10_1.p,classical,auto,1,false,,5,0,3,,unknown,timeout,,focus,MELL,682,35,5000.351,2,0,1,87113728,0,0,2048,4990.000,2.589
lltp,ILL/petri-nets/MCC,,,Railroad_railroad-005-pt_100_1.p,classical,auto,1,false,,5,0,3,,unknown,timeout,,focus,MELL,682,36,5021.319,16372,16032,323,87449600,0,0,2048,5010.000,2.109
lltp,ILL/petri-nets/MCC,,,Raft_raft_10_5_1.p,classical,auto,1,false,,5,0,3,,unknown,context_too_wide,,focus,MELL,6924,79,0.594,3,0,1,9,0,0,2048,0.000,0.000
lltp,ILL/petri-nets/MCC,,,Raft_raft_10_50_1.p,classical,auto,1,false,,5,0,3,,unknown,context_too_wide,,focus,MELL,6924,79,0.550,3,0,1,9,0,0,2048,0.000,0.002
lltp,ILL/petri-nets/MCC,,,Raft_raft_10_20_1.p,classical,auto,1,false,,5,0,3,,unknown,context_too_wide,,focus,MELL,6924,79,0.538,3,0,1,9,0,0,2048,0.000,0.002
lltp,ILL/petri-nets/MCC,,,Raft_raft_10_1_1.p,classical,auto,1,false,,5,0,3,,unknown,context_too_wide,,focus,MELL,6924,79,0.568,3,0,1,12,0,0,2048,0.000,0.002
lltp,ILL/petri-nets/MCC,,,Raft_raft_10_100_1.p,classical,auto,1,false,,5,0,3,,unknown,context_too_wide,,focus,MELL,6924,79,0.549,3,0,1,11,0,0,2048,0.000,0.002
lltp,ILL/petri-nets/MCC,,,Raft_raft_09_5_1.p,classical,auto,1,false,,5,0,3,,unknown,context_too_wide,,focus,MELL,5624,71,0.437,3,0,1,9,0,0,2048,0.000,0.000
lltp,ILL/petri-nets/MCC,,,Raft_raft_09_50_1.p,classical,auto,1,false,,5,0,3,,unknown,context_too_wide,,focus,MELL,5624,71,0.424,3,0,1,9,0,0,2048,0.000,0.000
lltp,ILL/petri-nets/MCC,,,Raft_raft_09_20_1.p,classical,auto,1,false,,5,0,3,,unknown,context_too_wide,,focus,MELL,5624,71,0.433,3,0,1,9,0,0,2048,0.000,0.000
lltp,ILL/petri-nets/MCC,,,Raft_raft_09_1_1.p,classical,auto,1,false,,5,0,3,,unknown,context_too_wide,,focus,MELL,5624,71,0.460,3,0,1,15,0,0,2048,0.000,0.000
lltp,ILL/petri-nets/MCC,,,Raft_raft_09_100_1.p,classical,auto,1,false,,5,0,3,,unknown,context_too_wide,,focus,MELL,5624,70,0.427,3,0,1,9,0,0,2048,0.000,0.000
lltp,ILL/petri-nets/MCC,,,Raft_raft_08_5_1.p,classical,auto,1,false,,5,0,3,,unknown,context_too_wide,,focus,MELL,4460,63,0.280,3,0,1,9,0,0,2048,0.000,0.000
lltp,ILL/petri-nets/MCC,,,Raft_raft_08_50_1.p,classical,auto,1,false,,5,0,3,,unknown,context_too_wide,,focus,MELL,4460,63,0.284,3,0,1,9,0,0,2048,0.000,0.000
lltp,ILL/petri-nets/MCC,,,Raft_raft_08_20_1.p,classical,auto,1,false,,5,0,3,,unknown,context_too_wide,,focus,MELL,4460,63,0.286,3,0,1,9,0,0,2048,0.000,0.000
lltp,ILL/petri-nets/MCC,,,Raft_raft_08_1_1.p,classical,auto,1,false,,5,0,3,,unknown,timeout,,focus,MELL,4460,63,5062.136,3,0,1,16478208,0,0,2048,5050.000,2.197
lltp,ILL/petri-nets/MCC,,,Raft_raft_08_100_1.p,classical,auto,1,false,,5,0,3,,unknown,context_too_wide,,focus,MELL,4460,63,0.306,3,0,1,9,0,0,2048,0.000,0.000
lltp,ILL/petri-nets/MCC,,,Raft_raft_07_5_1.p,classical,auto,1,false,,5,0,3,,unknown,timeout,,focus,MELL,3432,55,5014.356,3,0,1,19124224,0,0,2048,5000.000,2.160
lltp,ILL/petri-nets/MCC,,,Raft_raft_07_50_1.p,classical,auto,1,false,,5,0,3,,unknown,timeout,,focus,MELL,3432,54,5009.564,3,0,1,19460096,0,0,2048,5000.000,2.198
lltp,ILL/petri-nets/MCC,,,Raft_raft_07_20_1.p,classical,auto,1,false,,5,0,3,,unknown,timeout,,focus,MELL,3432,55,5006.092,3,0,1,19124224,0,0,2048,4990.000,2.114
lltp,ILL/petri-nets/MCC,,,Raft_raft_07_1_1.p,classical,auto,1,false,,5,0,,,unknown,killed,,,,,,10500.627,,,,,,,,,
lltp,ILL/petri-nets/MCC,,,Raft_raft_07_100_1.p,classical,auto,1,false,,5,0,3,,unknown,timeout,,focus,MELL,3432,55,5136.370,3,0,1,20008960,0,0,2048,5120.000,2.268
lltp,ILL/petri-nets/MCC,,,Raft_raft_06_5_1.p,classical,auto,1,false,,5,0,3,,unknown,timeout,,focus,MELL,2540,47,7045.072,3,0,1,41639936,0,0,2048,7020.000,3.170
lltp,ILL/petri-nets/MCC,,,Raft_raft_06_50_1.p,classical,auto,1,false,,5,0,3,,unknown,timeout,,focus,MELL,2540,47,5009.056,3,0,1,30134272,0,0,2048,4990.000,2.254
lltp,ILL/petri-nets/MCC,,,Raft_raft_06_20_1.p,classical,auto,1,false,,5,0,3,,unknown,timeout,,focus,MELL,2540,47,5035.777,3,0,1,29609984,0,0,2048,5020.000,2.307
lltp,ILL/petri-nets/MCC,,,Raft_raft_06_1_1.p,classical,auto,1,false,,5,0,3,,unknown,timeout,,focus,MELL,2540,47,5014.837,3,0,1,30294016,0,0,2048,5000.000,3.921
lltp,ILL/petri-nets/MCC,,,Raft_raft_05_5_1.p,classical,auto,1,false,,5,0,3,,unknown,timeout,,focus,MELL,1784,39,5245.049,1960803,55,1048576,20944620,0,0,2048,5220.000,4.346
lltp,ILL/petri-nets/MCC,,,Raft_raft_05_50_1.p,classical,auto,1,false,,5,0,3,,unknown,timeout,,focus,MELL,1784,39,5008.000,3,0,1,35336192,0,0,2048,4990.000,3.074
lltp,ILL/petri-nets/MCC,,,Raft_raft_05_20_1.p,classical,auto,1,false,,5,0,3,,unknown,timeout,,focus,MELL,1784,38,5040.433,3,0,1,38359040,0,0,2048,5020.000,2.817
lltp,ILL/petri-nets/MCC,,,Raft_raft_05_1_1.p,classical,auto,1,false,,5,0,3,,unknown,timeout,,focus,MELL,1784,39,5034.033,3,0,1,38924288,0,0,2048,5020.000,3.409
lltp,ILL/petri-nets/MCC,,,Raft_raft_04_5_1.p,classical,auto,1,false,,5,0,3,,unknown,timeout,,focus,MELL,1164,31,5021.676,334,250,80,49557504,0,0,2048,5000.000,3.061
lltp,ILL/petri-nets/MCC,,,Raft_raft_04_50_1.p,classical,auto,1,false,,5,0,3,,unknown,timeout,,focus,MELL,1164,31,5011.055,36042152,35949614,92534,44458598,0,0,2048,4990.000,3.856
lltp,ILL/petri-nets/MCC,,,Raft_raft_04_20_1.p,classical,auto,1,false,,5,0,3,,unknown,timeout,,focus,MELL,1164,30,5011.822,35720535,35628192,92339,45840910,0,0,2048,5000.000,3.898
lltp,ILL/petri-nets/MCC,,,Raft_raft_04_1_1.p,classical,auto,1,false,,5,0,3,,unknown,timeout,,focus,MELL,1164,31,5052.158,3,0,1,50143232,0,0,2048,5030.000,2.366
lltp,ILL/petri-nets/MCC,,,Raft_raft_03_5_1.p,classical,auto,1,false,,5,0,3,,unknown,timeout,,focus,MELL,680,23,5035.113,1909,1848,59,69038080,0,0,2048,5020.000,2.391
lltp,ILL/petri-nets/MCC,,,Raft_raft_03_20_1.p,classical,auto,1,false,,5,0,3,,unknown,timeout,,focus,MELL,680,23,5010.691,16382369,16240142,140840,60847272,0,0,2048,5000.000,2.546
lltp,ILL/petri-nets/MCC,,,Raft_raft_03_1_1.p,classical,auto,1,false,,5,0,3,,unknown,timeout,,focus,MELL,680,23,5027.714,1909,1848,59,69038080,0,0,2048,5010.000,2.300
lltp,ILL/petri-nets/MCC,,,Raft_raft_03_10_1.p,classical,auto,1,false,,5,0,3,,unknown,timeout,,focus,MELL,680,23,5022.409,1909,1848,59,69038080,0,0,2048,5000.000,2.298
lltp,ILL/petri-nets/MCC,,,Raft_raft_02_5_1.p,classical,auto,1,false,,5,0,3,,proved,,ok,focus,MELL,332,17,49.410,27818,24291,3263,824277,0,0,2048,50.000,0.036
lltp,ILL/petri-nets/MCC,,,Raft_raft_02_50_1.p,classical,auto,1,false,,5,0,3,,proved,,ok,focus,MELL,332,17,49.538,27818,24291,3263,824277,0,0,2048,40.000,0.035
lltp,ILL/petri-nets/MCC,,,Raft_raft_02_20_1.p,classical,auto,1,false,,5,0,3,,proved,,ok,focus,MELL,332,17,49.375,27818,24291,3263,824277,0,0,2048,40.000,0.035
lltp,ILL/petri-nets/MCC,,,Raft_raft_02_1_1.p,classical,auto,1,false,,5,0,3,,proved,,ok,focus,MELL,332,17,0.049,4,0,3,35,0,0,2048,0.000,0.000
lltp,ILL/petri-nets/MCC,,,Raft_raft_02_10_1.p,classical,auto,1,false,,5,0,3,,proved,,ok,focus,MELL,332,17,49.329,27818,24291,3263,824277,0,0,2048,40.000,0.033
lltp,ILL/petri-nets/MCC,,,Raft_raft_02_100_1.p,classical,auto,1,false,,5,0,3,,proved,,ok,focus,MELL,332,17,49.918,27818,24291,3263,824277,0,0,2048,40.000,0.032
lltp,ILL/petri-nets/MCC,,,QuasiCertifProtocol_QCertifProtocol_32-unfold_5_1.p,classical,auto,1,false,,5,0,3,,unknown,context_too_wide,,focus,MELL,16678,245,0.901,1,0,0,0,0,0,2048,0.000,0.002
lltp,ILL/petri-nets/MCC,,,QuasiCertifProtocol_QCertifProtocol_32-unfold_50_1.p,classical,auto,1,false,,5,0,3,,unknown,context_too_wide,,focus,MELL,16716,231,0.844,1,0,0,0,0,0,2048,0.000,0.002
lltp,ILL/petri-nets/MCC,,,QuasiCertifProtocol_QCertifProtocol_32-unfold_20_1.p,classical,auto,1,false,,5,0,3,,unknown,context_too_wide,,focus,MELL,16716,231,0.856,1,0,0,0,0,0,2048,0.000,0.002
lltp,ILL/petri-nets/MCC,,,QuasiCertifProtocol_QCertifProtocol_32-unfold_1_1.p,classical,auto,1,false,,5,0,3,,unknown,context_too_wide,,focus,MELL,16686,249,0.843,1,0,0,0,0,0,2048,0.000,0.002
lltp,ILL/petri-nets/MCC,,,QuasiCertifProtocol_QCertifProtocol_28-unfold_5_1.p,classical,auto,1,false,,5,0,3,,unknown,context_too_wide,,focus,MELL,13266,214,0.720,1,0,0,0,0,0,2048,0.000,0.002
lltp,ILL/petri-nets/MCC,,,QuasiCertifProtocol_QCertifProtocol_28-unfold_50_1.p,classical,auto,1,false,,5,0,3,,unknown,context_too_wide,,focus,MELL,13302,203,0.697,1,0,0,0,0,0,2048,0.000,0.002
lltp,ILL/petri-nets/MCC,,,QuasiCertifProtocol_QCertifProtocol_28-unfold_20_1.p,classical,auto,1,false,,5,0,3,,unknown,context_too_wide,,focus,MELL,13302,203,0.705,1,0,0,0,0,0,2048,0.000,0.002
lltp,ILL/petri-nets/MCC,,,QuasiCertifProtocol_QCertifProtocol_28-unfold_1_1.p,classical,auto,1,false,,5,0,3,,unknown,context_too_wide,,focus,MELL,13274,218,0.718,1,0,0,0,0,0,2048,0.000,0.001
lltp,ILL/petri-nets/MCC,,,QuasiCertifProtocol_QCertifProtocol_22-unfold_5_1.p,classical,auto,1,false,,5,0,3,,unknown,timeout,,focus,MELL,8874,169,5224.383,1,0,0,15605760,0,0,2048,5210.000,3.193
lltp,ILL/petri-nets/MCC,,,QuasiCertifProtocol_QCertifProtocol_22-unfold_50_1.p,classical,auto,1,false,,5,0,3,,unknown,timeout,,focus,MELL,8904,161,5894.490,1,0,0,12853248,0,0,2048,5880.000,3.589
lltp,ILL/petri-nets/MCC,,,QuasiCertifProtocol_QCertifProtocol_22-unfold_20_1.p,classical,auto,1,false,,5,0,3,,unknown,timeout,,focus,MELL,8904,161,5764.404,1,0,0,12558336,0,0,2048,5750.000,2.766
lltp,ILL/petri-nets/MCC,,,QuasiCertifProtocol_QCertifProtocol_22-unfold_1_1.p,classical,auto,1,false,,5,0,3,,unknown,timeout,,focus,MELL,8882,173,5111.737,1,0,0,14700544,0,0,2048,5100.000,2.205
lltp,ILL/petri-nets/MCC,,,QuasiCertifProtocol_QCertifProtocol_18-unfold_5_1.p,classical,auto,1,false,,5,0,3,,unknown,timeout,,focus,MELL,6422,138,5056.439,1,0,0,23359488,0,0,2048,5040.000,2.205
lltp,ILL/petri-nets/MCC,,,QuasiCertifProtocol_QCertifProtocol_18-unfold_50_1.p,classical,auto,1,false,,5,0,3,,unknown,timeout,,focus,MELL,6450,133,5131.698,1,0,0,16662528,0,0,2048,5120.000,2.197
lltp,ILL/petri-nets/MCC,,,QuasiCertifProtocol_QCertifProtocol_18-unfold_20_1.p,classical,auto,1,false,,5,0,3,,unknown,timeout,,focus,MELL,6450,133,5104.322,1,0,0,16748544,0,0,2048,5090.000,2.156
lltp,ILL/petri-nets/MCC,,,QuasiCertifProtocol_QCertifProtocol_18-unfold_1_1.p,classical,auto,1,false,,5,0,3,,unknown,timeout,,focus,MELL,6430,142,5154.919,1,0,0,22081536,0,0,2048,5140.000,2.236
lltp,ILL/petri-nets/MCC,,,QuasiCertifProtocol_QCertifProtocol_10-unfold_5_1.p,classical,auto,1,false,,5,0,3,,unknown,timeout,,focus,MELL,2706,81,5061.398,1,0,0,38203392,0,0,2048,5050.000,2.150
lltp,ILL/petri-nets/MCC,,,QuasiCertifProtocol_QCertifProtocol_10-unfold_20_1.p,classical,auto,1,false,,5,0,3,,unknown,timeout,,focus,MELL,2698,77,5063.607,1,0,0,38203392,0,0,2048,5050.000,2.168
lltp,ILL/petri-nets/MCC,,,QuasiCertifProtocol_QCertifProtocol_10-unfold_1_1.p,classical,auto,1,false,,5,0,3,,unknown,timeout,,focus,MELL,2686,82,5062.675,1,0,0,41730048,0,0,2048,5050.000,2.244
lltp,ILL/petri-nets/MCC,,,QuasiCertifProtocol_QCertifProtocol_10-unfold_10_1.p,classical,auto,1,false,,5,0,3,,unknown,timeout,,focus,MELL,2700,78,5016.018,1,0,0,38277120,0,0,2048,5010.000,2.113
lltp,ILL/petri-nets/MCC,,,QuasiCertifProtocol_QCertifProtocol_06-unfold_5_1.p,classical,auto,1,false,,5,0,3,,unknown,timeout,,focus,MELL,1398,50,5059.141,1,0,0,61734912,0,0,2048,5050.000,2.174
lltp,ILL/petri-nets/MCC,,,QuasiCertifProtocol_QCertifProtocol_06-unfold_50_1.p,classical,auto,1,false,,5,0,3,,unknown,timeout,,focus,MELL,1494,49,5052.584,1,0,0,47681536,0,0,2048,5040.000,2.238
lltp,ILL/petri-nets/MCC,,,QuasiCertifProtocol_QCertifProtocol_06-unfold_20_1.p,classical,auto,1,false,,5,0,3,,unknown,timeout,,focus,MELL,1396,49,5023.875,1,0,0,60821504,0,0,2048,5010.000,2.130
lltp,ILL/petri-nets/MCC,,,QuasiCertifProtocol_QCertifProtocol_06-unfold_1_1.p,classical,auto,1,false,,5,0,3,,unknown,timeout,,focus,MELL,1402,52,5000.038,12070089,12070043,44,57694221,0,0,2048,4990.000,2.062
lltp,ILL/petri-nets/MCC,,,QuasiCertifProtocol_QCertifProtocol_06-unfold_10_1.p,classical,auto,1,false,,5,0,3,,unknown,timeout,,focus,MELL,1396,49,5020.117,1,0,0,60821504,0,0,2048,5010.000,2.113
lltp,ILL/petri-nets/MCC,,,QuasiCertifProtocol_QCertifProtocol_02-unfold_5_1.p,classical,auto,1,false,,5,0,3,,unknown,timeout,,focus,MELL,480,21,5002.307,28013,27130,881,93077504,0,0,2048,4990.000,2.113
lltp,ILL/petri-nets/MCC,,,QuasiCertifProtocol_QCertifProtocol_02-unfold_20_1.p,classical,auto,1,false,,5,0,3,,unknown,timeout,,focus,MELL,498,21,5026.841,1,0,0,94756864,0,0,2048,5010.000,2.124
lltp,ILL/petri-nets/MCC,,,QuasiCertifProtocol_QCertifProtocol_02-unfold_1_1.p,classical,auto,1,false,,5,0,3,,unknown,timeout,,focus,MELL,482,22,5000.113,43209065,43208676,387,80167898,0,0,2048,4990.000,2.060
lltp,ILL/petri-nets/MCC,,,QuasiCertifProtocol_QCertifProtocol_02-unfold_10_1.p,classical,auto,1,false,,5,0,3,,unknown,timeout,,focus,MELL,480,21,5003.128,28013,27130,881,93077504,0,0,2048,4990.000,2.108
lltp,ILL/petri-nets/MCC,,,ProductionCell_5_1.p,classical,auto,1,false,,5,0,3,,unknown,timeout,,focus,MELL,1076,13,5019.611,3,0,1,53411840,0,0,2048,5000.000,2.220
lltp,ILL/petri-nets/MCC,,,ProductionCell_50_1.p,classical,auto,1,false,,5,0,3,,unknown,timeout,,focus,MELL,1074,13,5012.033,4216320,73,1048576,16866958,0,0,2048,4990.000,4.223
lltp,ILL/petri-nets/MCC,,,ProductionCell_20_1.p,classical,auto,1,false,,5,0,3,,unknown,timeout,,focus,MELL,1076,13,5011.535,4196158,61,1048576,16785683,0,0,2048,4990.000,4.362
lltp,ILL/petri-nets/MCC,,,ProductionCell_1_1.p,classical,auto,1,false,,5,0,3,,unknown,timeout,,focus,MELL,1076,13,5059.100,3,0,1,54689792,0,0,2048,5040.000,3.955
lltp,ILL/petri-nets/MCC,,,ProductionCell_10_1.p,classical,auto,1,false,,5,0,3,,unknown,timeout,,focus,MELL,1076,13,5034.402,3,0,1,52334592,0,0,2048,5020.000,3.767
lltp,ILL/petri-nets/MCC,,,ProductionCell_100_1.p,classical,auto,1,false,,5,0,3,,unknown,timeout,,focus,MELL,1076,13,5012.143,4203383,61,1048576,16816531,0,0,2048,4990.000,4.317
lltp,ILL/petri-nets/MCC,,,PolyORBNT_PolyORB-NT-S10-J80-unfolded_5_1.p,classical,auto,1,false,,5,0,3,,unknown,recursion_limit,,focus,MELL,441508,67905,71.127,0,0,0,0,0,0,2048,60.000,0.202
lltp,ILL/petri-nets/MCC,,,PolyORBNT_PolyORB-NT-S10-J80-unfolded_20_1.p,classical,auto,1,false,,5,0,3,,unknown,recursion_limit,,focus,MELL,441486,67900,74.975,0,0,0,0,0,0,2048,80.000,0.067
lltp,ILL/petri-nets/MCC,,,PolyORBNT_PolyORB-NT-S10-J80-unfolded_1_1.p,classical,auto,1,false,,5,0,3,,unknown,recursion_limit,,focus,MELL,441524,67909,72.437,0,0,0,0,0,0,2048,70.000,0.062
lltp,ILL/petri-nets/MCC,,,PolyORBNT_PolyORB-NT-S10-J80-unfolded_10_1.p,classical,auto,1,false,,5,0,3,,unknown,recursion_limit,,focus,MELL,441496,67902,74.419,0,0,0,0,0,0,2048,80.000,0.057
lltp,ILL/petri-nets/MCC,,,PolyORBNT_PolyORB-NT-S10-J60-unfolded_5_1.p,classical,auto,1,false,,5,0,3,,unknown,recursion_limit,,focus,MELL,435668,67905,73.017,0,0,0,0,0,0,2048,70.000,0.059
lltp,ILL/petri-nets/MCC,,,PolyORBNT_PolyORB-NT-S10-J60-unfolded_20_1.p,classical,auto,1,false,,5,0,3,,unknown,recursion_limit,,focus,MELL,435646,67900,73.802,0,0,0,0,0,0,2048,80.000,0.067
lltp,ILL/petri-nets/MCC,,,PolyORBNT_PolyORB-NT-S10-J60-unfolded_1_1.p,classical,auto,1,false,,5,0,3,,unknown,recursion_limit,,focus,MELL,435684,67909,74.286,0,0,0,0,0,0,2048,70.000,0.071
lltp,ILL/petri-nets/MCC,,,PolyORBNT_PolyORB-NT-S10-J60-unfolded_10_1.p,classical,auto,1,false,,5,0,3,,unknown,recursion_limit,,focus,MELL,435664,67904,73.653,0,0,0,0,0,0,2048,80.000,0.072
lltp,ILL/petri-nets/MCC,,,PolyORBNT_PolyORB-NT-S10-J40-unfolded_5_1.p,classical,auto,1,false,,5,0,3,,unknown,recursion_limit,,focus,MELL,429828,67905,72.663,0,0,0,0,0,0,2048,70.000,0.059
lltp,ILL/petri-nets/MCC,,,PolyORBNT_PolyORB-NT-S10-J40-unfolded_20_1.p,classical,auto,1,false,,5,0,3,,unknown,recursion_limit,,focus,MELL,429806,67900,71.658,0,0,0,0,0,0,2048,60.000,0.059
lltp,ILL/petri-nets/MCC,,,PolyORBNT_PolyORB-NT-S10-J40-unfolded_1_1.p,classical,auto,1,false,,5,0,3,,unknown,recursion_limit,,focus,MELL,429844,67909,71.714,0,0,0,0,0,0,2048,70.000,0.057
lltp,ILL/petri-nets/MCC,,,PolyORBNT_PolyORB-NT-S10-J40-unfolded_10_1.p,classical,auto,1,false,,5,0,3,,unknown,recursion_limit,,focus,MELL,429816,67902,72.061,0,0,0,0,0,0,2048,70.000,0.061
lltp,ILL/petri-nets/MCC,,,PolyORBNT_PolyORB-NT-S10-J30-unfolded_5_1.p,classical,auto,1,false,,5,0,3,,unknown,recursion_limit,,focus,MELL,426908,67905,72.399,0,0,0,0,0,0,2048,80.000,0.060
lltp,ILL/petri-nets/MCC,,,PolyORBNT_PolyORB-NT-S10-J30-unfolded_20_1.p,classical,auto,1,false,,5,0,3,,unknown,recursion_limit,,focus,MELL,426886,67900,72.025,0,0,0,0,0,0,2048,70.000,0.061
lltp,ILL/petri-nets/MCC,,,PolyORBNT_PolyORB-NT-S10-J30-unfolded_1_1.p,classical,auto,1,false,,5,0,3,,unknown,recursion_limit,,focus,MELL,426924,67909,71.998,0,0,0,0,0,0,2048,60.000,0.062
lltp,ILL/petri-nets/MCC,,,PolyORBNT_PolyORB-NT-S10-J30-unfolded_10_1.p,classical,auto,1,false,,5,0,3,,unknown,recursion_limit,,focus,MELL,426904,67904,68.980,0,0,0,0,0,0,2048,80.000,0.062
lltp,ILL/petri-nets/MCC,,,PolyORBNT_PolyORB-NT-S10-J20-unfolded_5_1.p,classical,auto,1,false,,5,0,3,,unknown,recursion_limit,,focus,MELL,423988,67905,69.742,0,0,0,0,0,0,2048,60.000,0.059
lltp,ILL/petri-nets/MCC,,,PolyORBNT_PolyORB-NT-S10-J20-unfolded_20_1.p,classical,auto,1,false,,5,0,3,,unknown,recursion_limit,,focus,MELL,423966,67900,70.224,0,0,0,0,0,0,2048,60.000,0.058
lltp,ILL/petri-nets/MCC,,,PolyORBNT_PolyORB-NT-S10-J20-unfolded_1_1.p,classical,auto,1,false,,5,0,3,,unknown,recursion_limit,,focus,MELL,424004,67909,70.194,0,0,0,0,0,0,2048,70.000,0.058
lltp,ILL/petri-nets/MCC,,,PolyORBNT_PolyORB-NT-S10-J20-unfolded_10_1.p,classical,auto,1,false,,5,0,3,,unknown,recursion_limit,,focus,MELL,423980,67903,71.296,0,0,0,0,0,0,2048,70.000,0.056
lltp,ILL/petri-nets/MCC,,,PolyORBNT_PolyORB-NT-S05-J80-unfolded_5_1.p,classical,auto,1,false,,5,0,3,,unknown,recursion_limit,,focus,MELL,44882,4881,7.063,0,0,0,0,0,0,2048,10.000,0.007
lltp,ILL/petri-nets/MCC,,,PolyORBNT_PolyORB-NT-S05-J80-unfolded_20_1.p,classical,auto,1,false,,5,0,3,,unknown,recursion_limit,,focus,MELL,44876,4880,6.594,0,0,0,0,0,0,2048,10.000,0.020
lltp,ILL/petri-nets/MCC,,,PolyORBNT_PolyORB-NT-S05-J80-unfolded_1_1.p,classical,auto,1,false,,5,0,3,,unknown,recursion_limit,,focus,MELL,44894,4884,6.324,0,0,0,0,0,0,2048,10.000,0.021
lltp,ILL/petri-nets/MCC,,,PolyORBNT_PolyORB-NT-S05-J80-unfolded_10_1.p,classical,auto,1,false,,5,0,3,,unknown,recursion_limit,,focus,MELL,44878,4880,6.457,0,0,0,0,0,0,2048,10.000,0.145
lltp,ILL/petri-nets/MCC,,,PolyORBNT_PolyORB-NT-S05-J60-unfolded_5_1.p,classical,auto,1,false,,5,0,3,,unknown,context_too_wide,,focus,MELL,41042,4881,6.473,1,0,0,0,0,0,2048,0.000,0.006
lltp,ILL/petri-nets/MCC,,,PolyORBNT_PolyORB-NT-S05-J60-unfolded_20_1.p,classical,auto,1,false,,5,0,3,,unknown,context_too_wide,,focus,MELL,41036,4880,5.280,1,0,0,0,0,0,2048,0.000,0.004
lltp,ILL/petri-nets/MCC,,,PolyORBNT_PolyORB-NT-S05-J60-unfolded_1_1.p,classical,auto,1,false,,5,0,3,,unknown,context_too_wide,,focus,MELL,41054,4884,6.418,1,0,0,2,0,0,2048,0.000,0.006
lltp,ILL/petri-nets/MCC,,,PolyORBNT_PolyORB-NT-S05-J60-unfolded_10_1.p,classical,auto,1,false,,5,0,3,,unknown,context_too_wide,,focus,MELL,41040,4881,5.147,1,0,0,2,0,0,2048,0.000,0.004
lltp,ILL/petri-nets/MCC,,,PolyORBNT_PolyORB-NT-S05-J40-unfolded_5_1.p,classical,auto,1,false,,5,0,3,,unknown,context_too_wide,,focus,MELL,37202,4881,4.192,1,0,0,0,0,0,2048,0.000,0.018
lltp,ILL/petri-nets/MCC,,,PolyORBNT_PolyORB-NT-S05-J40-unfolded_20_1.p,classical,auto,1,false,,5,0,3,,unknown,context_too_wide,,focus,MELL,37196,4880,3.698,1,0,0,0,0,0,2048,0.000,0.002
lltp,ILL/petri-nets/MCC,,,PolyORBNT_PolyORB-NT-S05-J40-unfolded_1_1.p,classical,auto,1,false,,5,0,3,,unknown,context_too_wide,,focus,MELL,37214,4884,3.617,1,0,0,2,0,0,2048,0.000,0.002
lltp,ILL/petri-nets/MCC,,,PolyORBNT_PolyORB-NT-S05-J40-unfolded_10_1.p,classical,auto,1,false,,5,0,3,,unknown,context_too_wide,,focus,MELL,37200,4881,4.929,1,0,0,2,0,0,2048,0.000,0.009
lltp,ILL/petri-nets/MCC,,,PolyORBNT_PolyORB-NT-S05-J30-unfolded_5_1.p,classical,auto,1,false,,5,0,3,,unknown,context_too_wide,,focus,MELL,35286,4882,3.212,1,0,0,0,0,0,2048,0.000,0.004
lltp,ILL/petri-nets/MCC,,,PolyORBNT_PolyORB-NT-S05-J30-unfolded_20_1.p,classical,auto,1,false,,5,0,3,,unknown,context_too_wide,,focus,MELL,35276,4880,3.157,1,0,0,0,0,0,2048,0.000,0.003
lltp,ILL/petri-nets/MCC,,,PolyORBNT_PolyORB-NT-S05-J30-unfolded_1_1.p,classical,auto,1,false,,5,0,3,,unknown,context_too_wide,,focus,MELL,35294,4884,3.182,1,0,0,2,0,0,2048,0.000,0.004
lltp,ILL/petri-nets/MCC,,,PolyORBNT_PolyORB-NT-S05-J30-unfolded_10_1.p,classical,auto,1,false,,5,0,3,,unknown,context_too_wide,,focus,MELL,35278,4880,3.174,1,0,0,2,0,0,2048,0.000,0.002
lltp,ILL/petri-nets/MCC,,,PolyORBNT_PolyORB-NT-S05-J20-unfolded_5_1.p,classical,auto,1,false,,5,0,3,,unknown,timeout,,focus,MELL,33362,4881,5133.124,1,0,0,5996544,0,0,2048,5120.000,3.509
lltp,ILL/petri-nets/MCC,,,PolyORBNT_PolyORB-NT-S05-J20-unfolded_20_1.p,classical,auto,1,false,,5,0,3,,unknown,timeout,,focus,MELL,33356,4880,5592.254,1,0,0,6451200,0,0,2048,5580.000,4.105
lltp,ILL/petri-nets/MCC,,,PolyORBNT_PolyORB-NT-S05-J20-unfolded_1_1.p,classical,auto,1,false,,5,0,3,,unknown,timeout,,focus,MELL,33374,4884,5010.195,1,0,0,6860800,0,0,2048,5000.000,3.049
lltp,ILL/petri-nets/MCC,,,PolyORBNT_PolyORB-NT-S05-J20-unfolded_10_1.p,classical,auto,1,false,,5,0,3,,unknown,timeout,,focus,MELL,33358,4880,5557.280,1,0,0,7147520,0,0,2048,5540.000,2.483
lltp,ILL/petri-nets/MCC,,,PolyORBLF_PolyORB-LF-S06-J06-T08-unfolded_5_1.p,classical,auto,1,false,,5,0,3,,unknown,recursion_limit,,focus,MELL,485404,77046,73.283,0,0,0,0,0,0,2048,80.000,0.063
lltp,ILL/petri-nets/MCC,,,PolyORBLF_PolyORB-LF-S06-J06-T08-unfolded_20_1.p,classical,auto,1,false,,5,0,3,,unknown,recursion_limit,,focus,MELL,485402,77050,73.721,0,0,0,0,0,0,2048,70.000,0.059
lltp,ILL/petri-nets/MCC,,,PolyORBLF_PolyORB-LF-S06-J06-T08-unfolded_1_1.p,classical,auto,1,false,,5,0,3,,unknown,recursion_limit,,focus,MELL,485426,77055,72.839,0,0,0,0,0,0,2048,70.000,0.061
lltp,ILL/petri-nets/MCC,,,PolyORBLF_PolyORB-LF-S06-J06-T08-unfolded_10_1.p,classical,auto,1,false,,5,0,3,,unknown,recursion_limit,,focus,MELL,485408,77046,74.206,0,0,0,0,0,0,2048,70.000,0.067
lltp,ILL/petri-nets/MCC,,,PolyORBLF_PolyORB-LF-S06-J06-T06-unfolded_5_1.p,classical,auto,1,false,,5,0,3,,unknown,recursion_limit,,focus,MELL,364000,57786,60.902,0,0,0,0,0,0,2048,60.000,0.049
lltp,ILL/petri-nets/MCC,,,PolyORBLF_PolyORB-LF-S06-J06-T06-unfolded_20_1.p,classical,auto,1,false,,5,0,3,,unknown,recursion_limit,,focus,MELL,363998,57790,60.268,0,0,0,0,0,0,2048,50.000,0.049
lltp,ILL/petri-nets/MCC,,,PolyORBLF_PolyORB-LF-S06-J06-T06-unfolded_1_1.p,classical,auto,1,false,,5,0,3,,unknown,recursion_limit,,focus,MELL,364022,57795,60.150,0,0,0,0,0,0,2048,70.000,0.049
lltp,ILL/petri-nets/MCC,,,PolyORBLF_PolyORB-LF-S06-J06-T06-unfolded_10_1.p,classical,auto,1,false,,5,0,3,,unknown,recursion_limit,,focus,MELL,364002,57786,59.866,0,0,0,0,0,0,2048,60.000,0.046
lltp,ILL/petri-nets/MCC,,,PolyORBLF_PolyORB-LF-S06-J06-T04-unfolded_5_1.p,classical,auto,1,false,,5,0,3,,unknown,recursion_limit,,focus,MELL,242676,38526,36.036,0,0,0,0,0,0,2048,40.000,0.027
lltp,ILL/petri-nets/MCC,,,PolyORBLF_PolyORB-LF-S06-J06-T04-unfolded_20_1.p,classical,auto,1,false,,5,0,3,,unknown,recursion_limit,,focus,MELL,242674,38530,36.934,0,0,0,0,0,0,2048,40.000,0.031
lltp,ILL/petri-nets/MCC,,,PolyORBLF_PolyORB-LF-S06-J06-T04-unfolded_1_1.p,classical,auto,1,false,,5,0,3,,unknown,recursion_limit,,focus,MELL,242698,38535,35.921,0,0,0,0,0,0,2048,30.000,0.033
lltp,ILL/petri-nets/MCC,,,PolyORBLF_PolyORB-LF-S06-J06-T04-unfolded_10_1.p,classical,auto,1,false,,5,0,3,,unknown,recursion_limit,,focus,MELL,242680,38526,36.798,0,0,0,0,0,0,2048,40.000,0.032
lltp,ILL/petri-nets/MCC,,,PolyORBLF_PolyORB-LF-S06-J04-T08-unfolded_5_1.p,classical,auto,1,false,,5,0,3,,unknown,recursion_limit,,focus,MELL,482708,77046,74.031,0,0,0,0,0,0,2048,70.000,0.066
lltp,ILL/petri-nets/MCC,,,PolyORBLF_PolyORB-LF-S06-J04-T08-unfolded_20_1.p,classical,auto,1,false,,5,0,3,,unknown,recursion_limit,,focus,MELL,482706,77050,73.822,0,0,0,0,0,0,2048,80.000,0.058
lltp,ILL/petri-nets/MCC,,,PolyORBLF_PolyORB-LF-S06-J04-T08-unfolded_1_1.p,classical,auto,1,false,,5,0,3,,unknown,recursion_limit,,focus,MELL,482730,77055,73.832,0,0,0,0,0,0,2048,70.000,0.062
lltp,ILL/petri-nets/MCC,,,PolyORBLF_PolyORB-LF-S06-J04-T08-unfolded_10_1.p,classical,auto,1,false,,5,0,3,,unknown,recursion_limit,,focus,MELL,482712,77046,74.393,0,0,0,0,0,0,2048,80.000,0.071
lltp,ILL/petri-nets/MCC,,,PolyORBLF_PolyORB-LF-S06-J04-T06-unfolded_5_1.p,classical,auto,1,false,,5,0,3,,unknown,recursion_limit,,focus,MELL,361976,57786,61.136,0,0,0,0,0,0,2048,60.000,0.050
lltp,ILL/petri-nets/MCC,,,PolyORBLF_PolyORB-LF-S06-J04-T06-unfolded_20_1.p,classical,auto,1,false,,5,0,3,,unknown,recursion_limit,,focus,MELL,361974,57790,60.037,0,0,0,0,0,0,2048,60.000,0.051
lltp,ILL/petri-nets/MCC,,,PolyORBLF_PolyORB-LF-S06-J04-T06-unfolded_1_1.p,classical,auto,1,false,,5,0,3,,unknown,recursion_limit,,focus,MELL,361998,57795,60.175,0,0,0,0,0,0,2048,70.000,0.052
lltp,ILL/petri-nets/MCC,,,PolyORBLF_PolyORB-LF-S06-J04-T06-unfolded_10_1.p,classical,auto,1,false,,5,0,3,,unknown,recursion_limit,,focus,MELL,361980,57786,59.608,0,0,0,0,0,0,2048,60.000,0.052
lltp,ILL/petri-nets/MCC,,,PolyORBLF_PolyORB-LF-S06-J04-T04-unfolded_5_1.p,classical,auto,1,false,,5,0,3,,unknown,recursion_limit,,focus,MELL,241334,38533,35.663,0,0,0,0,0,0,2048,30.000,0.030
lltp,ILL/petri-nets/MCC,,,PolyORBLF_PolyORB-LF-S06-J04-T04-unfolded_20_1.p,classical,auto,1,false,,5,0,3,,unknown,recursion_limit,,focus,MELL,241322,38530,36.269,0,0,0,0,0,0,2048,40.000,0.031
lltp,ILL/petri-nets/MCC,,,PolyORBLF_PolyORB-LF-S06-J04-T04-unfolded_1_1.p,classical,auto,1,false,,5,0,3,,unknown,recursion_limit,,focus,MELL,241346,38535,35.957,0,0,0,0,0,0,2048,40.000,0.030
lltp,ILL/petri-nets/MCC,,,PolyORBLF_PolyORB-LF-S06-J04-T04-unfolded_10_1.p,classical,auto,1,false,,5,0,3,,unknown,recursion_limit,,focus,MELL,241326,38526,35.973,0,0,0,0,0,0,2048,30.000,0.027
lltp,ILL/petri-nets/MCC,,,PolyORBLF_PolyORB-LF-S04-J06-T10-unfolded_5_1.p,classical,auto,1,false,,5,0,3,,unknown,recursion_limit,,focus,MELL,147368,21484,23.223,0,0,0,0,0,0,2048,30.000,0.019
lltp,ILL/petri-nets/MCC,,,PolyORBLF_PolyORB-LF-S04-J06-T10-unfolded_50_1.p,classical,auto,1,false,,5,0,3,,unknown,recursion_limit,,focus,MELL,147384,21494,22.550,0,0,0,0,0,0,2048,20.000,0.019
lltp,ILL/petri-nets/MCC,,,PolyORBLF_PolyORB-LF-S04-J06-T10-unfolded_20_1.p,classical,auto,1,false,,5,0,3,,unknown,recursion_limit,,focus,MELL,147378,21484,22.486,0,0,0,0,0,0,2048,20.000,0.021
lltp,ILL/petri-nets/MCC,,,PolyORBLF_PolyORB-LF-S04-J06-T10-unfolded_1_1.p,classical,auto,1,false,,5,0,3,,unknown,recursion_limit,,focus,MELL,147390,21493,23.543,0,0,0,0,0,0,2048,20.000,0.019
lltp,ILL/petri-nets/MCC,,,PolyORBLF_PolyORB-LF-S04-J06-T10-unfolded_10_1.p,classical,auto,1,false,,5,0,3,,unknown,recursion_limit,,focus,MELL,147372,21484,21.375,0,0,0,0,0,0,2048,20.000,0.019
lltp,ILL/petri-nets/MCC,,,PolyORBLF_PolyORB-LF-S04-J06-T10-unfolded_100_1.p,classical,auto,1,false,,5,0,3,,unknown,recursion_limit,,focus,MELL,147370,21484,23.064,0,0,0,0,0,0,2048,20.000,0.024
lltp,ILL/petri-nets/MCC,,,PolyORBLF_PolyORB-LF-S04-J06-T08-unfolded_5_1.p,classical,auto,1,false,,5,0,3,,unknown,recursion_limit,,focus,MELL,117780,17188,17.584,0,0,0,0,0,0,2048,20.000,0.015
lltp,ILL/petri-nets/MCC,,,PolyORBLF_PolyORB-LF-S04-J06-T08-unfolded_50_1.p,classical,auto,1,false,,5,0,3,,unknown,recursion_limit,,focus,MELL,117796,17198,16.905,0,0,0,0,0,0,2048,10.000,0.014
lltp,ILL/petri-nets/MCC,,,PolyORBLF_PolyORB-LF-S04-J06-T08-unfolded_20_1.p,classical,auto,1,false,,5,0,3,,unknown,recursion_limit,,focus,MELL,117790,17188,17.686,0,0,0,0,0,0,2048,10.000,0.018
lltp,ILL/petri-nets/MCC,,,PolyORBLF_PolyORB-LF-S04-J06-T08-unfolded_1_1.p,classical,auto,1,false,,5,0,3,,unknown,recursion_limit,,focus,MELL,117802,17197,16.920,0,0,0,0,0,0,2048,10.000,0.014
lltp,ILL/petri-nets/MCC,,,PolyORBLF_PolyORB-LF-S04-J06-T08-unfolded_10_1.p,classical,auto,1,false,,5,0,3,,unknown,recursion_limit,,focus,MELL,117784,17188,17.457,0,0,0,0,0,0,2048,10.000,0.016
lltp,ILL/petri-nets/MCC,,,PolyORBLF_PolyORB-LF-S04-J06-T08-unfolded_100_1.p,classical,auto,1,false,,5,0,3,,unknown,recursion_limit,,focus,MELL,117782,17188,17.536,0,0,0,0,0,0,2048,10.000,0.015
lltp,ILL/petri-nets/MCC,,,PolyORBLF_PolyORB-LF-S04-J06-T06-unfolded_5_1.p,classical,auto,1,false,,5,0,3,,unknown,recursion_limit,,focus,MELL,88272,12892,14.679,0,0,0,0,0,0,2048,10.000,0.014
lltp,ILL/petri-nets/MCC,,,PolyORBLF_PolyORB-LF-S04-J06-T06-unfolded_50_1.p,classical,auto,1,false,,5,0,3,,unknown,recursion_limit,,focus,MELL,88288,12902,14.656,0,0,0,0,0,0,2048,10.000,0.012
lltp,ILL/petri-nets/MCC,,,PolyORBLF_PolyORB-LF-S04-J06-T06-unfolded_20_1.p,classical,auto,1,false,,5,0,3,,unknown,recursion_limit,,focus,MELL,88282,12892,14.548,0,0,0,0,0,0,2048,10.000,0.011
lltp,ILL/petri-nets/MCC,,,PolyORBLF_PolyORB-LF-S04-J06-T06-unfolded_1_1.p,classical,auto,1,false,,5,0,3,,unknown,recursion_limit,,focus,MELL,88294,12901,14.535,0,0,0,0,0,0,2048,20.000,0.010
lltp,ILL/petri-nets/MCC,,,PolyORBLF_PolyORB-LF-S04-J06-T06-unfolded_10_1.p,classical,auto,1,false,,5,0,3,,unknown,recursion_limit,,focus,MELL,88276,12892,14.675,0,0,0,0,0,0,2048,20.000,0.011
lltp,ILL/petri-nets/MCC,,,PolyORBLF_PolyORB-LF-S04-J06-T06-unfolded_100_1.p,classical,auto,1,false,,5,0,3,,unknown,recursion_limit,,focus,MELL,88274,12892,14.423,0,0,0,0,0,0,2048,10.000,0.012
lltp,ILL/petri-nets/MCC,,,PolyORBLF_PolyORB-LF-S04-J04-T10-unfolded_5_1.p,classical,auto,1,false,,5,0,3,,unknown,recursion_limit,,focus,MELL,144640,21484,23.531,0,0,0,0,0,0,2048,20.000,0.019
lltp,ILL/petri-nets/MCC,,,PolyORBLF_PolyORB-LF-S04-J04-T10-unfolded_50_1.p,classical,auto,1,false,,5,0,3,,unknown,recursion_limit,,focus,MELL,144656,21494,23.044,0,0,0,0,0,0,2048,20.000,0.068
lltp,ILL/petri-nets/MCC,,,PolyORBLF_PolyORB-LF-S04-J04-T10-unfolded_20_1.p,classical,auto,1,false,,5,0,3,,unknown,recursion_limit,,focus,MELL,144650,21484,23.206,0,0,0,0,0,0,2048,20.000,0.018
lltp,ILL/petri-nets/MCC,,,PolyORBLF_PolyORB-LF-S04-J04-T10-unfolded_1_1.p,classical,auto,1,false,,5,0,3,,unknown,recursion_limit,,focus,MELL,144662,21493,23.030,0,0,0,0,0,0,2048,30.000,0.017
lltp,ILL/petri-nets/MCC,,,PolyORBLF_PolyORB-LF-S04-J04-T10-unfolded_10_1.p,classical,auto,1,false,,5,0,3,,unknown,recursion_limit,,focus,MELL,144644,21484,23.342,0,0,0,0,0,0,2048,20.000,0.020
lltp,ILL/petri-nets/MCC,,,PolyORBLF_PolyORB-LF-S04-J04-T10-unfolded_100_1.p,classical,auto,1,false,,5,0,3,,unknown,recursion_limit,,focus,MELL,144642,21484,23.484,0,0,0,0,0,0,2048,20.000,0.020
lltp,ILL/petri-nets/MCC,,,PolyORBLF_PolyORB-LF-S04-J04-T08-unfolded_5_1.p,classical,auto,1,false,,5,0,3,,unknown,recursion_limit,,focus,MELL,115596,17188,17.656,0,0,0,0,0,0,2048,10.000,0.015
lltp,ILL/petri-nets/MCC,,,PolyORBLF_PolyORB-LF-S04-J04-T08-unfolded_50_1.p,classical,auto,1,false,,5,0,3,,unknown,recursion_limit,,focus,MELL,115612,17198,17.581,0,0,0,0,0,0,2048,20.000,0.015
lltp,ILL/petri-nets/MCC,,,PolyORBLF_PolyORB-LF-S04-J04-T08-unfolded_20_1.p,classical,auto,1,false,,5,0,3,,unknown,recursion_limit,,focus,MELL,115606,17188,17.850,0,0,0,0,0,0,2048,30.000,0.015
lltp,ILL/petri-nets/MCC,,,PolyORBLF_PolyORB-LF-S04-J04-T08-unfolded_1_1.p,classical,auto,1,false,,5,0,3,,unknown,recursion_limit,,focus,MELL,115618,17197,17.949,0,0,0,0,0,0,2048,10.000,0.015
lltp,ILL/petri-nets/MCC,,,PolyORBLF_PolyORB-LF-S04-J04-T08-unfolded_10_1.p,classical,auto,1,false,,5,0,3,,unknown,recursion_limit,,focus,MELL,115600,17188,16.623,0,0,0,0,0,0,2048,10.000,0.013
lltp,ILL/petri-nets/MCC,,,PolyORBLF_PolyORB-LF-S04-J04-T08-unfolded_100_1.p,classical,auto,1,false,,5,0,3,,unknown,recursion_limit,,focus,MELL,115598,17188,17.459,0,0,0,0,0,0,2048,10.000,0.016
lltp,ILL/petri-nets/MCC,,,PolyORBLF_PolyORB-LF-S04-J04-T06-unfolded_5_1.p,classical,auto,1,false,,5,0,3,,unknown,recursion_limit,,focus,MELL,86632,12892,14.392,0,0,0,0,0,0,2048,10.000,0.012
lltp,ILL/petri-nets/MCC,,,PolyORBLF_PolyORB-LF-S04-J04-T06-unfolded_50_1.p,classical,auto,1,false,,5,0,3,,unknown,recursion_limit,,focus,MELL,86648,12902,14.643,0,0,0,0,0,0,2048,10.000,0.013
lltp,ILL/petri-nets/MCC,,,PolyORBLF_PolyORB-LF-S04-J04-T06-unfolded_20_1.p,classical,auto,1,false,,5,0,3,,unknown,recursion_limit,,focus,MELL,86642,12892,14.123,0,0,0,0,0,0,2048,20.000,0.014
lltp,ILL/petri-nets/MCC,,,PolyORBLF_PolyORB-LF-S04-J04-T06-unfolded_1_1.p,classical,auto,1,false,,5,0,3,,unknown,recursion_limit,,focus,MELL,86654,12901,14.518,0,0,0,0,0,0,2048,10.000,0.012
lltp,ILL/petri-nets/MCC,,,PolyORBLF_PolyORB-LF-S04-J04-T06-unfolded_10_1.p,classical,auto,1,false,,5,0,3,,unknown,recursion_limit,,focus,MELL,86636,12892,14.309,0,0,0,0,0,0,2048,10.000,0.012
lltp,ILL/petri-nets/MCC,,,PolyORBLF_PolyORB-LF-S04-J04-T06-unfolded_100_1.p,classical,auto,1,false,,5,0,3,,unknown,recursion_limit,,focus,MELL,86634,12892,14.449,0,0,0,0,0,0,2048,10.000,0.013
lltp,ILL/petri-nets/MCC,,,PolyORBLF_PolyORB-LF-S02-J06-T10-unfolded_5_1.p,classical,auto,1,false,,5,0,3,,unknown,context_too_wide,,focus,MELL,26888,2022,3.455,1,0,0,1,0,0,2048,0.000,0.022
lltp,ILL/petri-nets/MCC,,,PolyORBLF_PolyORB-LF-S02-J06-T10-unfolded_50_1.p,classical,auto,1,false,,5,0,3,,unknown,context_too_wide,,focus,MELL,26910,2032,3.251,1,0,0,0,0,0,2048,0.000,0.004
lltp,ILL/petri-nets/MCC,,,PolyORBLF_PolyORB-LF-S02-J06-T10-unfolded_20_1.p,classical,auto,1,false,,5,0,3,,unknown,context_too_wide,,focus,MELL,26908,2031,3.184,1,0,0,0,0,0,2048,0.000,0.004
lltp,ILL/petri-nets/MCC,,,PolyORBLF_PolyORB-LF-S02-J06-T10-unfolded_1_1.p,classical,auto,1,false,,5,0,3,,unknown,context_too_wide,,focus,MELL,26910,2031,3.235,1,0,0,0,0,0,2048,0.000,0.003
lltp,ILL/petri-nets/MCC,,,PolyORBLF_PolyORB-LF-S02-J06-T10-unfolded_10_1.p,classical,auto,1,false,,5,0,3,,unknown,context_too_wide,,focus,MELL,26892,2022,3.230,1,0,0,1,0,0,2048,0.000,0.004
lltp,ILL/petri-nets/MCC,,,PolyORBLF_PolyORB-LF-S02-J06-T10-unfolded_100_1.p,classical,auto,1,false,,5,0,3,,unknown,context_too_wide,,focus,MELL,26908,2032,4.394,1,0,0,0,0,0,2048,0.000,0.011
lltp,ILL/petri-nets/MCC,,,PolyORBLF_PolyORB-LF-S02-J06-T08-unfolded_5_1.p,classical,auto,1,false,,5,0,3,,unknown,timeout,,focus,MELL,21388,1618,5348.463,1,0,0,6631424,0,0,2048,5340.000,3.602
lltp,ILL/petri-nets/MCC,,,PolyORBLF_PolyORB-LF-S02-J06-T08-unfolded_50_1.p,classical,auto,1,false,,5,0,3,,unknown,context_too_wide,,focus,MELL,21408,1628,2.655,1,0,0,0,0,0,2048,0.000,0.002
lltp,ILL/petri-nets/MCC,,,PolyORBLF_PolyORB-LF-S02-J06-T08-unfolded_20_1.p,classical,auto,1,false,,5,0,3,,unknown,context_too_wide,,focus,MELL,21408,1627,2.233,1,0,0,0,0,0,2048,0.000,0.009
lltp,ILL/petri-nets/MCC,,,PolyORBLF_PolyORB-LF-S02-J06-T08-unfolded_1_1.p,classical,auto,1,false,,5,0,3,,unknown,context_too_wide,,focus,MELL,21410,1627,2.126,1,0,0,0,0,0,2048,10.000,0.002
lltp,ILL/petri-nets/MCC,,,PolyORBLF_PolyORB-LF-S02-J06-T08-unfolded_10_1.p,classical,auto,1,false,,5,0,3,,unknown,timeout,,focus,MELL,21392,1618,5253.764,1,0,0,6262784,0,0,2048,5240.000,2.999
lltp,ILL/petri-nets/MCC,,,PolyORBLF_PolyORB-LF-S02-J06-T08-unfolded_100_1.p,classical,auto,1,false,,5,0,3,,unknown,context_too_wide,,focus,MELL,21408,1628,2.487,1,0,0,0,0,0,2048,0.000,0.002
lltp,ILL/petri-nets/MCC,,,PolyORBLF_PolyORB-LF-S02-J06-T06-unfolded_5_1.p,classical,auto,1,false,,5,0,3,,unknown,timeout,,focus,MELL,15968,1214,5062.128,1,0,0,8265728,0,0,2048,5060.000,2.666
lltp,ILL/petri-nets/MCC,,,PolyORBLF_PolyORB-LF-S02-J06-T06-unfolded_50_1.p,classical,auto,1,false,,5,0,3,,unknown,timeout,,focus,MELL,15988,1224,5240.857,1,0,0,10842112,0,0,2048,5230.000,2.209
lltp,ILL/petri-nets/MCC,,,PolyORBLF_PolyORB-LF-S02-J06-T06-unfolded_20_1.p,classical,auto,1,false,,5,0,3,,unknown,timeout,,focus,MELL,15988,1223,5253.635,1,0,0,8437760,0,0,2048,5250.000,2.277
lltp,ILL/petri-nets/MCC,,,PolyORBLF_PolyORB-LF-S02-J06-T06-unfolded_1_1.p,classical,auto,1,false,,5,0,3,,unknown,timeout,,focus,MELL,15990,1223,5220.973,1,0,0,8437760,0,0,2048,5210.000,2.260
lltp,ILL/petri-nets/MCC,,,PolyORBLF_PolyORB-LF-S02-J06-T06-unfolded_10_1.p,classical,auto,1,false,,5,0,3,,unknown,timeout,,focus,MELL,15972,1214,5321.424,1,0,0,8589312,0,0,2048,5320.000,2.282
lltp,ILL/petri-nets/MCC,,,PolyORBLF_PolyORB-LF-S02-J06-T06-unfolded_100_1.p,classical,auto,1,false,,5,0,3,,unknown,timeout,,focus,MELL,15988,1224,5280.792,1,0,0,8585216,0,0,2048,5270.000,2.274
lltp,ILL/petri-nets/MCC,,,PolyORBLF_PolyORB-LF-S02-J04-T10-unfolded_5_1.p,classical,auto,1,false,,5,0,3,,unknown,context_too_wide,,focus,MELL,24800,2022,3.593,1,0,0,1,0,0,2048,0.000,0.004
lltp,ILL/petri-nets/MCC,,,PolyORBLF_PolyORB-LF-S02-J04-T10-unfolded_50_1.p,classical,auto,1,false,,5,0,3,,unknown,context_too_wide,,focus,MELL,24818,2032,2.840,1,0,0,0,0,0,2048,0.000,0.004
lltp,ILL/petri-nets/MCC,,,PolyORBLF_PolyORB-LF-S02-J04-T10-unfolded_20_1.p,classical,auto,1,false,,5,0,3,,unknown,context_too_wide,,focus,MELL,24820,2031,2.659,1,0,0,0,0,0,2048,0.000,0.004
lltp,ILL/petri-nets/MCC,,,PolyORBLF_PolyORB-LF-S02-J04-T10-unfolded_1_1.p,classical,auto,1,false,,5,0,3,,unknown,context_too_wide,,focus,MELL,24822,2031,2.630,1,0,0,0,0,0,2048,0.000,0.003
lltp,ILL/petri-nets/MCC,,,PolyORBLF_PolyORB-LF-S02-J04-T10-unfolded_10_1.p,classical,auto,1,false,,5,0,3,,unknown,context_too_wide,,focus,MELL,24804,2022,2.514,1,0,0,1,0,0,2048,0.000,0.004
lltp,ILL/petri-nets/MCC,,,PolyORBLF_PolyORB-LF-S02-J04-T10-unfolded_100_1.p,classical,auto,1,false,,5,0,3,,unknown,context_too_wide,,focus,MELL,24820,2032,2.568,1,0,0,0,0,0,2048,10.000,0.002
lltp,ILL/petri-nets/MCC,,,PolyORBLF_PolyORB-LF-S02-J04-T08-unfolded_5_1.p,classical,auto,1,false,,5,0,3,,unknown,timeout,,focus,MELL,19716,1618,5295.958,1,0,0,7536640,0,0,2048,5290.000,2.277
lltp,ILL/petri-nets/MCC,,,PolyORBLF_PolyORB-LF-S02-J04-T08-unfolded_50_1.p,classical,auto,1,false,,5,0,3,,unknown,timeout,,focus,MELL,19734,1628,5257.645,1,0,0,9465856,0,0,2048,5250.000,2.214
lltp,ILL/petri-nets/MCC,,,PolyORBLF_PolyORB-LF-S02-J04-T08-unfolded_20_1.p,classical,auto,1,false,,5,0,3,,unknown,timeout,,focus,MELL,19722,1618,5198.877,1,0,0,6799360,0,0,2048,5190.000,2.263
lltp,ILL/petri-nets/MCC,,,PolyORBLF_PolyORB-LF-S02-J04-T08-unfolded_1_1.p,classical,auto,1,false,,5,0,3,,unknown,timeout,,focus,MELL,19738,1627,5566.642,1,0,0,7675904,0,0,2048,5560.000,2.409
lltp,ILL/petri-nets/MCC,,,PolyORBLF_PolyORB-LF-S02-J04-T08-unfolded_10_1.p,classical,auto,1,false,,5,0,3,,unknown,timeout,,focus,MELL,19720,1618,5155.128,1,0,0,7118848,0,0,2048,5150.000,2.227
lltp,ILL/petri-nets/MCC,,,PolyORBLF_PolyORB-LF-S02-J04-T08-unfolded_100_1.p,classical,auto,1,false,,5,0,3,,unknown,timeout,,focus,MELL,19736,1628,5061.728,1,0,0,7127040,0,0,2048,5060.000,2.165
lltp,ILL/petri-nets/MCC,,,PolyORBLF_PolyORB-LF-S02-J04-T06-unfolded_5_1.p,classical,auto,1,false,,5,0,3,,unknown,timeout,,focus,MELL,14712,1214,5336.524,1,0,0,9998336,0,0,2048,5330.000,2.251
lltp,ILL/petri-nets/MCC,,,PolyORBLF_PolyORB-LF-S02-J04-T06-unfolded_50_1.p,classical,auto,1,false,,5,0,3,,unknown,timeout,,focus,MELL,14730,1224,5366.391,1,0,0,12333056,0,0,2048,5360.000,2.325
lltp,ILL/petri-nets/MCC,,,PolyORBLF_PolyORB-LF-S02-J04-T06-unfolded_20_1.p,classical,auto,1,false,,5,0,3,,unknown,timeout,,focus,MELL,14718,1214,5361.336,1,0,0,9330688,0,0,2048,5350.000,2.333
lltp,ILL/petri-nets/MCC,,,PolyORBLF_PolyORB-LF-S02-J04-T06-unfolded_1_1.p,classical,auto,1,false,,5,0,3,,unknown,timeout,,focus,MELL,14734,1223,5118.935,1,0,0,9265152,0,0,2048,5110.000,2.246
lltp,ILL/petri-nets/MCC,,,PolyORBLF_PolyORB-LF-S02-J04-T06-unfolded_10_1.p,classical,auto,1,false,,5,0,3,,unknown,timeout,,focus,MELL,14714,1214,5365.432,1,0,0,9330688,0,0,2048,5360.000,2.305
lltp,ILL/petri-nets/MCC,,,PolyORBLF_PolyORB-LF-S02-J04-T06-unfolded_100_1.p,classical,auto,1,false,,5,0,3,,unknown,timeout,,focus,MELL,14732,1224,5019.270,1,0,0,9388032,0,0,2048,5010.000,2.184
lltp,ILL/petri-nets/MCC,,,Planning_planning_5_1.p,classical,auto,1,false,,5,0,3,,unknown,context_too_wide,,focus,MELL,1568,17,0.264,2,0,1,2,0,0,2048,0.000,0.000
lltp,ILL/petri-nets/MCC,,,Planning_planning_50_1.p,classical,auto,1,false,,5,0,3,,unknown,context_too_wide,,focus,MELL,1640,21,0.063,1,0,0,0,0,0,2048,0.000,0.000
lltp,ILL/petri-nets/MCC,,,Planning_planning_20_1.p,classical,auto,1,false,,5,0,3,,unknown,context_too_wide,,focus,MELL,1590,18,0.060,1,0,0,0,0,0,2048,0.000,0.000
lltp,ILL/petri-nets/MCC,,,Planning_planning_1_1.p,classical,auto,1,false,,5,0,3,,unknown,context_too_wide,,focus,MELL,1560,17,0.263,2,0,1,2,0,0,2048,0.000,0.000
lltp,ILL/petri-nets/MCC,,,Planning_planning_100_1.p,classical,auto,1,false,,5,0,3,,unknown,context_too_wide,,focus,MELL,1724,25,0.063,1,0,0,0,0,0,2048,0.000,0.000
lltp,ILL/petri-nets/MCC,,,PhilosophersDyn_philo_dyn-3-unfolded_5_1.p,classical,auto,1,false,,5,0,3,,unknown,timeout,,focus,MELL,1198,31,5004.393,9107980,9081057,26305,66071835,0,0,2048,4990.000,2.366
lltp,ILL/petri-nets/MCC,,,PhilosophersDyn_philo_dyn-3-unfolded_50_1.p,classical,auto,1,false,,5,0,3,,unknown,timeout,,focus,MELL,1200,31,5001.615,1071936,1064478,7414,69131263,0,0,2048,4990.000,2.315
lltp,ILL/petri-nets/MCC,,,PhilosophersDyn_philo_dyn-3-unfolded_20_1.p,classical,auto,1,false,,5,0,3,,unknown,timeout,,focus,MELL,1206,32,5004.681,1000913,994070,6804,69689344,0,0,2048,4980.000,2.404
lltp,ILL/petri-nets/MCC,,,PhilosophersDyn_philo_dyn-3-unfolded_1_1.p,classical,auto,1,false,,5,0,3,,proved,,ok,focus,MELL,1200,32,0.208,75,50,24,1370,0,0,2048,0.000,0.000
lltp,ILL/petri-nets/MCC,,,PhilosophersDyn_philo_dyn-3-unfolded_10_1.p,classical,auto,1,false,,5,0,3,,unknown,timeout,,focus,MELL,1200,31,5001.479,1090675,1083115,7508,69993155,0,0,2048,4980.000,2.963
lltp,ILL/petri-nets/MCC,,,PhilosophersDyn_philo_dyn-3-unfolded_100_1.p,classical,auto,1,false,,5,0,3,,unknown,timeout,,focus,MELL,1206,32,5004.004,1006397,999425,6932,69858593,0,0,2048,4980.000,2.485
lltp,ILL/petri-nets/MCC,,,PhilosophersDyn_philo_dyn-20-unfolded_5_1.p,classical,auto,1,false,,5,0,3,,unknown,recursion_limit,,focus,MELL,283362,1221,44.497,0,0,0,0,0,0,2048,40.000,0.043
lltp,ILL/petri-nets/MCC,,,PhilosophersDyn_philo_dyn-20-unfolded_20_1.p,classical,auto,1,false,,5,0,3,,unknown,recursion_limit,,focus,MELL,283366,1221,45.577,0,0,0,0,0,0,2048,50.000,0.038
lltp,ILL/petri-nets/MCC,,,PhilosophersDyn_philo_dyn-20-unfolded_1_1.p,classical,auto,1,false,,5,0,3,,unknown,recursion_limit,,focus,MELL,283366,1222,44.900,0,0,0,0,0,0,2048,40.000,0.037
lltp,ILL/petri-nets/MCC,,,PhilosophersDyn_philo_dyn-10-unfolded_5_1.p,classical,auto,1,false,,5,0,3,,unknown,recursion_limit,,focus,MELL,36888,312,5.706,0,0,0,0,0,0,2048,10.000,0.004
lltp,ILL/petri-nets/MCC,,,PhilosophersDyn_philo_dyn-10-unfolded_20_1.p,classical,auto,1,false,,5,0,3,,unknown,recursion_limit,,focus,MELL,36886,311,5.970,0,0,0,0,0,0,2048,0.000,0.006
lltp,ILL/petri-nets/MCC,,,PhilosophersDyn_philo_dyn-10-unfolded_1_1.p,classical,auto,1,false,,5,0,3,,unknown,recursion_limit,,focus,MELL,36886,312,5.389,0,0,0,0,0,0,2048,0.000,0.006
lltp,ILL/petri-nets/MCC,,,Philosophers-5_5_1.p,classical,auto,1,false,,5,0,3,,unknown,timeout,,focus,MELL,194,5,5000.034,60771186,60770688,496,86522205,0,0,2048,4990.000,3.180
lltp,ILL/petri-nets/MCC,,,Philosophers-5_50_1.p,classical,auto,1,false,,5,0,3,,unknown,timeout,,focus,MELL,194,5,5000.028,60818280,60817782,496,86574354,0,0,2048,4980.000,3.966
lltp,ILL/petri-nets/MCC,,,Philosophers-5_20_1.p,classical,auto,1,false,,5,0,3,,unknown,timeout,,focus,MELL,194,5,5000.027,58538563,58538065,496,83504197,0,0,2048,4990.000,2.845
lltp,ILL/petri-nets/MCC,,,Philosophers-5_1_1.p,classical,auto,1,false,,5,0,3,,unknown,timeout,,focus,MELL,196,5,5000.024,56039996,56039626,368,88583940,0,0,2048,4990.000,2.467
lltp,ILL/petri-nets/MCC,,,Philosophers-5_10_1.p,classical,auto,1,false,,5,0,3,,unknown,timeout,,focus,MELL,196,5,5000.027,55720271,55719901,368,88067874,0,0,2048,4990.000,2.271
lltp,ILL/petri-nets/MCC,,,Philosophers-5_100_1.p,classical,auto,1,false,,5,0,3,,unknown,timeout,,focus,MELL,196,5,5000.022,56292029,56291659,368,88979558,0,0,2048,4990.000,2.203
lltp,ILL/petri-nets/MCC,,,Philosophers-50_5_1.p,classical,auto,1,false,,5,0,3,,unknown,context_too_wide,,focus,MELL,1988,5,0.104,1,0,0,0,0,0,2048,0.000,0.000
lltp,ILL/petri-nets/MCC,,,Philosophers-50_50_1.p,classical,auto,1,false,,5,0,3,,unknown,context_too_wide,,focus,MELL,1898,4,0.090,1,0,0,0,0,0,2048,0.000,0.000
lltp,ILL/petri-nets/MCC,,,Philosophers-50_20_1.p,classical,auto,1,false,,5,0,3,,unknown,context_too_wide,,focus,MELL,1958,5,0.094,1,0,0,0,0,0,2048,0.000,0.000
lltp,ILL/petri-nets/MCC,,,Philosophers-50_1_1.p,classical,auto,1,false,,5,0,3,,unknown,context_too_wide,,focus,MELL,1996,5,0.098,1,0,0,0,0,0,2048,0.000,0.000
lltp,ILL/petri-nets/MCC,,,Philosophers-500_5_1.p,classical,auto,1,false,,5,0,3,,unknown,recursion_limit,,focus,MELL,19988,5,3.274,0,0,0,0,0,0,2048,0.000,0.002
lltp,ILL/petri-nets/MCC,,,Philosophers-500_50_1.p,classical,auto,1,false,,5,0,3,,unknown,recursion_limit,,focus,MELL,19898,5,2.671,0,0,0,0,0,0,2048,0.000,0.012
lltp,ILL/petri-nets/MCC,,,Philosophers-500_20_1.p,classical,auto,1,false,,5,0,3,,unknown,recursion_limit,,focus,MELL,19958,5,2.258,0,0,0,0,0,0,2048,0.000,0.002
lltp,ILL/petri-nets/MCC,,,Philosophers-500_1_1.p,classical,auto,1,false,,5,0,3,,unknown,recursion_limit,,focus,MELL,19996,5,2.469,0,0,0,0,0,0,2048,0.000,0.001
lltp,ILL/petri-nets/MCC,,,Philosophers-500_100_1.p,classical,auto,1,false,,5,0,3,,unknown,recursion_limit,,focus,MELL,19798,5,2.316,0,0,0,0,0,0,2048,0.000,0.003
lltp,ILL/petri-nets/MCC,,,Philosophers-5000_5_1.p,classical,auto,1,false,,5,0,3,,unknown,recursion_limit,,focus,MELL,199988,5,30.350,0,0,0,0,0,0,2048,30.000,0.026
lltp,ILL/petri-nets/MCC,,,Philosophers-5000_50_1.p,classical,auto,1,false,,5,0,3,,unknown,recursion_limit,,focus,MELL,199898,5,29.713,0,0,0,0,0,0,2048,30.000,0.026
lltp,ILL/petri-nets/MCC,,,Philosophers-5000_20_1.p,classical,auto,1,false,,5,0,3,,unknown,recursion_limit,,focus,MELL,199958,5,30.981,0,0,0,0,0,0,2048,30.000,0.039
lltp,ILL/petri-nets/MCC,,,Philosophers-5000_1_1.p,classical,auto,1,false,,5,0,3,,unknown,recursion_limit,,focus,MELL,199996,5,31.011,0,0,0,0,0,0,2048,20.000,0.025
lltp,ILL/petri-nets/MCC,,,Philosophers-5000_100_1.p,classical,auto,1,false,,5,0,3,,unknown,recursion_limit,,focus,MELL,199798,5,30.719,0,0,0,0,0,0,2048,30.000,0.025
lltp,ILL/petri-nets/MCC,,,Philosophers-20_5_1.p,classical,auto,1,false,,5,0,3,,unknown,timeout,,focus,MELL,788,5,5105.300,1,0,0,78069760,0,0,2048,5090.000,3.404
lltp,ILL/petri-nets/MCC,,,Philosophers-20_20_1.p,classical,auto,1,false,,5,0,3,,unknown,timeout,,focus,MELL,758,4,5000.039,23055880,23055822,56,83369989,0,0,2048,4990.000,2.880
lltp,ILL/petri-nets/MCC,,,Philosophers-20_1_1.p,classical,auto,1,false,,5,0,3,,unknown,timeout,,focus,MELL,796,5,5000.036,9365995,9365965,28,77171572,0,0,2048,4990.000,2.393
lltp,ILL/petri-nets/MCC,,,Philosophers-200_5_1.p,classical,auto,1,false,,5,0,3,,unknown,context_too_wide,,focus,MELL,7988,5,0.774,1,0,0,0,0,0,2048,0.000,0.000
lltp,ILL/petri-nets/MCC,,,Philosophers-200_50_1.p,classical,auto,1,false,,5,0,3,,unknown,context_too_wide,,focus,MELL,7898,5,0.579,1,0,0,0,0,0,2048,0.000,0.000
lltp,ILL/petri-nets/MCC,,,Philosophers-200_20_1.p,classical,auto,1,false,,5,0,3,,unknown,context_too_wide,,focus,MELL,7958,5,0.551,1,0,0,0,0,0,2048,0.000,0.000
lltp,ILL/petri-nets/MCC,,,Philosophers-200_1_1.p,classical,auto,1,false,,5,0,3,,unknown,context_too_wide,,focus,MELL,7996,5,0.585,1,0,0,0,0,0,2048,0.000,0.000
lltp,ILL/petri-nets/MCC,,,Philosophers-200_100_1.p,classical,auto,1,false,,5,0,3,,unknown,context_too_wide,,focus,MELL,7798,5,0.540,1,0,0,0,0,0,2048,0.000,0.000
lltp,ILL/petri-nets/MCC,,,Philosophers-2000_5_1.p,classical,auto,1,false,,5,0,3,,unknown,recursion_limit,,focus,MELL,79988,5,12.256,0,0,0,0,0,0,2048,10.000,0.011
lltp,ILL/petri-nets/MCC,,,Philosophers-2000_50_1.p,classical,auto,1,false,,5,0,3,,unknown,recursion_limit,,focus,MELL,79898,5,11.767,0,0,0,0,0,0,2048,10.000,0.010
lltp,ILL/petri-nets/MCC,,,Philosophers-2000_20_1.p,classical,auto,1,false,,5,0,3,,unknown,recursion_limit,,focus,MELL,79958,5,10.673,0,0,0,0,0,0,2048,10.000,0.009
lltp,ILL/petri-nets/MCC,,,Philosophers-2000_1_1.p,classical,auto,1,false,,5,0,3,,unknown,recursion_limit,,focus,MELL,79996,5,12.150,0,0,0,0,0,0,2048,20.000,0.009
lltp,ILL/petri-nets/MCC,,,Philosophers-2000_100_1.p,classical,auto,1,false,,5,0,3,,unknown,recursion_limit,,focus,MELL,79798,5,11.733,0,0,0,0,0,0,2048,20.000,0.013
lltp,ILL/petri-nets/MCC,,,Philosophers-10_5_1.p,classical,auto,1,false,,5,0,3,,unknown,timeout,,focus,MELL,388,5,5022.986,1,0,0,100143104,0,0,2048,5010.000,3.121
lltp,ILL/petri-nets/MCC,,,Philosophers-10_50_1.p,classical,auto,1,false,,5,0,3,,unknown,timeout,,focus,MELL,388,5,5003.092,1,0,0,97886208,0,0,2048,4990.000,2.638
lltp,ILL/petri-nets/MCC,,,Philosophers-10_20_1.p,classical,auto,1,false,,5,0,3,,unknown,timeout,,focus,MELL,388,5,5027.921,1,0,0,97886208,0,0,2048,5020.000,2.304
lltp,ILL/petri-nets/MCC,,,Philosophers-10_1_1.p,classical,auto,1,false,,5,0,3,,unknown,timeout,,focus,MELL,396,5,5000.017,28334697,28334631,64,89358936,0,0,2048,4990.000,2.174
lltp,ILL/petri-nets/MCC,,,Philosophers-10_10_1.p,classical,auto,1,false,,5,0,3,,unknown,timeout,,focus,MELL,384,5,5001.427,1,0,0,98750464,0,0,2048,4990.000,2.217
lltp,ILL/petri-nets/MCC,,,Philosophers-10_100_1.p,classical,auto,1,false,,5,0,3,,unknown,timeout,,focus,MELL,384,5,5001.410,1,0,0,98750464,0,0,2048,4990.000,2.212
lltp,ILL/petri-nets/MCC,,,Philosophers-100_5_1.p,classical,auto,1,false,,5,0,3,,unknown,context_too_wide,,focus,MELL,3988,5,0.253,1,0,0,0,0,0,2048,0.000,0.000
lltp,ILL/petri-nets/MCC,,,Philosophers-100_50_1.p,classical,auto,1,false,,5,0,3,,unknown,context_too_wide,,focus,MELL,3898,5,0.222,1,0,0,0,0,0,2048,0.000,0.000
lltp,ILL/petri-nets/MCC,,,Philosophers-100_20_1.p,classical,auto,1,false,,5,0,3,,unknown,context_too_wide,,focus,MELL,3958,5,0.225,1,0,0,0,0,0,2048,0.000,0.000
lltp,ILL/petri-nets/MCC,,,Philosophers-100_1_1.p,classical,auto,1,false,,5,0,3,,unknown,context_too_wide,,focus,MELL,3996,5,0.226,1,0,0,0,0,0,2048,0.000,0.000
lltp,ILL/petri-nets/MCC,,,Philosophers-100_100_1.p,classical,auto,1,false,,5,0,3,,unknown,context_too_wide,,focus,MELL,3798,4,0.212,1,0,0,0,0,0,2048,0.000,0.000
lltp,ILL/petri-nets/MCC,,,Philosophers-1000_5_1.p,classical,auto,1,false,,5,0,3,,unknown,recursion_limit,,focus,MELL,39988,5,5.321,0,0,0,0,0,0,2048,10.000,0.005
lltp,ILL/petri-nets/MCC,,,Philosophers-1000_50_1.p,classical,auto,1,false,,5,0,3,,unknown,recursion_limit,,focus,MELL,39898,5,6.583,0,0,0,0,0,0,2048,0.000,0.006
lltp,ILL/petri-nets/MCC,,,Philosophers-1000_20_1.p,classical,auto,1,false,,5,0,3,,unknown,recursion_limit,,focus,MELL,39958,5,4.861,0,0,0,0,0,0,2048,10.000,0.005
lltp,ILL/petri-nets/MCC,,,Philosophers-1000_1_1.p,classical,auto,1,false,,5,0,3,,unknown,recursion_limit,,focus,MELL,39996,5,5.537,0,0,0,0,0,0,2048,0.000,0.008
lltp,ILL/petri-nets/MCC,,,Philosophers-1000_100_1.p,classical,auto,1,false,,5,0,3,,unknown,recursion_limit,,focus,MELL,39798,5,5.061,0,0,0,0,0,0,2048,10.000,0.006
lltp,ILL/petri-nets/MCC,,,Philosophers-10000_5_1.p,classical,auto,1,false,,5,0,3,,unknown,recursion_limit,,focus,MELL,399988,5,64.744,0,0,0,0,0,0,2048,60.000,0.056
lltp,ILL/petri-nets/MCC,,,Philosophers-10000_50_1.p,classical,auto,1,false,,5,0,3,,unknown,recursion_limit,,focus,MELL,399898,5,64.879,0,0,0,0,0,0,2048,60.000,0.055
lltp,ILL/petri-nets/MCC,,,Philosophers-10000_20_1.p,classical,auto,1,false,,5,0,3,,unknown,recursion_limit,,focus,MELL,399958,5,67.856,0,0,0,0,0,0,2048,60.000,0.056
lltp,ILL/petri-nets/MCC,,,Philosophers-10000_1_1.p,classical,auto,1,false,,5,0,3,,unknown,recursion_limit,,focus,MELL,399996,5,66.096,0,0,0,0,0,0,2048,60.000,0.063
lltp,ILL/petri-nets/MCC,,,Philosophers-10000_100_1.p,classical,auto,1,false,,5,0,3,,unknown,recursion_limit,,focus,MELL,399798,5,64.113,0,0,0,0,0,0,2048,60.000,0.055
lltp,ILL/petri-nets/MCC,,,PhaseVariation_5-10_phaseVariation_5_1.p,classical,auto,1,false,,5,0,3,,unknown,timeout,,focus,MELL,9622,687,5027.187,2,0,1,10100736,0,0,2048,5020.000,2.921
lltp,ILL/petri-nets/MCC,,,PhaseVariation_5-10_phaseVariation_50_1.p,classical,auto,1,false,,5,0,,,unknown,killed,,,,,,10501.302,,,,,,,,,
lltp,ILL/petri-nets/MCC,,,PhaseVariation_5-10_phaseVariation_20_1.p,classical,auto,1,false,,5,0,3,,unknown,timeout,,focus,MELL,9652,687,5081.294,2,0,1,10100736,0,0,2048,5070.000,2.896
lltp,ILL/petri-nets/MCC,,,PhaseVariation_5-10_phaseVariation_1_1.p,classical,auto,1,false,,5,0,3,,unknown,timeout,,focus,MELL,9614,687,5004.702,2,0,1,10100736,0,0,2048,4990.000,2.130
lltp,ILL/petri-nets/MCC,,,PhaseVariation_5-100_phaseVariation_5_1.p,classical,auto,1,false,,5,0,3,,unknown,context_too_wide,,focus,MELL,10382,777,0.743,2,0,1,4,0,0,2048,0.000,0.000
lltp,ILL/petri-nets/MCC,,,PhaseVariation_5-100_phaseVariation_50_1.p,classical,auto,1,false,,5,0,3,,unknown,context_too_wide,,focus,MELL,10472,777,0.692,2,0,1,4,0,0,2048,0.000,0.000
lltp,ILL/petri-nets/MCC,,,PhaseVariation_5-100_phaseVariation_20_1.p,classical,auto,1,false,,5,0,3,,unknown,context_too_wide,,focus,MELL,10412,777,0.681,2,0,1,4,0,0,2048,0.000,0.000
lltp,ILL/petri-nets/MCC,,,PhaseVariation_5-100_phaseVariation_1_1.p,classical,auto,1,false,,5,0,3,,unknown,context_too_wide,,focus,MELL,10374,777,0.695,2,0,1,4,0,0,2048,0.000,0.000
lltp,ILL/petri-nets/MCC,,,PhaseVariation_5-100_phaseVariation_100_1.p,classical,auto,1,false,,5,0,3,,unknown,context_too_wide,,focus,MELL,10572,777,0.699,2,0,1,4,0,0,2048,0.000,0.000
lltp,ILL/petri-nets/MCC,,,PhaseVariation_30-10_phaseVariation_5_1.p,classical,auto,1,false,,5,0,3,,unknown,recursion_limit,,focus,MELL,437322,30987,65.179,0,0,0,0,0,0,2048,60.000,0.054
lltp,ILL/petri-nets/MCC,,,PhaseVariation_30-10_phaseVariation_50_1.p,classical,auto,1,false,,5,0,3,,unknown,recursion_limit,,focus,MELL,437412,30987,66.530,0,0,0,0,0,0,2048,60.000,0.056
lltp,ILL/petri-nets/MCC,,,PhaseVariation_30-10_phaseVariation_20_1.p,classical,auto,1,false,,5,0,3,,unknown,recursion_limit,,focus,MELL,437352,30987,69.504,0,0,0,0,0,0,2048,60.000,0.058
lltp,ILL/petri-nets/MCC,,,PhaseVariation_30-10_phaseVariation_1_1.p,classical,auto,1,false,,5,0,3,,unknown,recursion_limit,,focus,MELL,437314,30987,68.616,0,0,0,0,0,0,2048,80.000,0.056
lltp,ILL/petri-nets/MCC,,,PhaseVariation_30-10_phaseVariation_100_1.p,classical,auto,1,false,,5,0,3,,unknown,recursion_limit,,focus,MELL,437512,30987,71.121,0,0,0,0,0,0,2048,70.000,0.059
lltp,ILL/petri-nets/MCC,,,PhaseVariation_30-100_phaseVariation_5_1.p,classical,auto,1,false,,5,0,3,,unknown,recursion_limit,,focus,MELL,437682,31077,70.226,0,0,0,0,0,0,2048,70.000,0.061
lltp,ILL/petri-nets/MCC,,,PhaseVariation_30-100_phaseVariation_50_1.p,classical,auto,1,false,,5,0,3,,unknown,recursion_limit,,focus,MELL,437772,31077,69.378,0,0,0,0,0,0,2048,60.000,0.056
lltp,ILL/petri-nets/MCC,,,PhaseVariation_30-100_phaseVariation_20_1.p,classical,auto,1,false,,5,0,3,,unknown,recursion_limit,,focus,MELL,437712,31077,68.432,0,0,0,0,0,0,2048,70.000,0.054
lltp,ILL/petri-nets/MCC,,,PhaseVariation_30-100_phaseVariation_1_1.p,classical,auto,1,false,,5,0,3,,unknown,recursion_limit,,focus,MELL,437674,31077,70.740,0,0,0,0,0,0,2048,60.000,0.061
lltp,ILL/petri-nets/MCC,,,PhaseVariation_30-100_phaseVariation_100_1.p,classical,auto,1,false,,5,0,3,,unknown,recursion_limit,,focus,MELL,437872,31077,68.927,0,0,0,0,0,0,2048,80.000,0.057
lltp,ILL/petri-nets/MCC,,,PhaseVariation_20-10_phaseVariation_5_1.p,classical,auto,1,false,,5,0,3,,unknown,recursion_limit,,focus,MELL,190042,13467,31.977,0,0,0,0,0,0,2048,40.000,0.029
lltp,ILL/petri-nets/MCC,,,PhaseVariation_20-10_phaseVariation_50_1.p,classical,auto,1,false,,5,0,3,,unknown,recursion_limit,,focus,MELL,190132,13467,29.518,0,0,0,0,0,0,2048,20.000,0.026
lltp,ILL/petri-nets/MCC,,,PhaseVariation_20-10_phaseVariation_20_1.p,classical,auto,1,false,,5,0,3,,unknown,recursion_limit,,focus,MELL,190072,13467,31.270,0,0,0,0,0,0,2048,30.000,0.027
lltp,ILL/petri-nets/MCC,,,PhaseVariation_20-10_phaseVariation_1_1.p,classical,auto,1,false,,5,0,3,,unknown,recursion_limit,,focus,MELL,190034,13467,32.735,0,0,0,0,0,0,2048,40.000,0.030
lltp,ILL/petri-nets/MCC,,,PhaseVariation_20-10_phaseVariation_100_1.p,classical,auto,1,false,,5,0,3,,unknown,recursion_limit,,focus,MELL,190232,13467,29.691,0,0,0,0,0,0,2048,30.000,0.023
lltp,ILL/petri-nets/MCC,,,PhaseVariation_20-100_phaseVariation_5_1.p,classical,auto,1,false,,5,0,3,,unknown,recursion_limit,,focus,MELL,190402,13557,31.513,0,0,0,0,0,0,2048,40.000,0.028
lltp,ILL/petri-nets/MCC,,,PhaseVariation_20-100_phaseVariation_50_1.p,classical,auto,1,false,,5,0,3,,unknown,recursion_limit,,focus,MELL,190492,13557,31.164,0,0,0,0,0,0,2048,40.000,0.026
lltp,ILL/petri-nets/MCC,,,PhaseVariation_20-100_phaseVariation_20_1.p,classical,auto,1,false,,5,0,3,,unknown,recursion_limit,,focus,MELL,190432,13557,31.537,0,0,0,0,0,0,2048,20.000,0.028
lltp,ILL/petri-nets/MCC,,,PhaseVariation_20-100_phaseVariation_1_1.p,classical,auto,1,false,,5,0,3,,unknown,recursion_limit,,focus,MELL,190394,13557,30.904,0,0,0,0,0,0,2048,30.000,0.028
lltp,ILL/petri-nets/MCC,,,PhaseVariation_20-100_phaseVariation_100_1.p,classical,auto,1,false,,5,0,3,,unknown,recursion_limit,,focus,MELL,190592,13557,30.041,0,0,0,0,0,0,2048,40.000,0.025
lltp,ILL/petri-nets/MCC,,,PhaseVariation_2-10_phaseVariation_5_1.p,classical,auto,1,false,,5,0,3,,unknown,timeout,,focus,MELL,1002,75,5004.737,3477869,3450727,27140,78265951,0,0,2048,4990.000,3.180
lltp,ILL/petri-nets/MCC,,,PhaseVariation_2-10_phaseVariation_20_1.p,classical,auto,1,false,,5,0,3,,unknown,timeout,,focus,MELL,1012,75,5093.655,592108,180230,409699,74315470,0,0,2048,5070.000,2.584
lltp,ILL/petri-nets/MCC,,,PhaseVariation_2-10_phaseVariation_1_1.p,classical,auto,1,false,,5,0,3,,unknown,timeout,,focus,MELL,994,75,5020.043,180225,176381,3842,83537920,0,0,2048,5000.000,3.532
lltp,ILL/petri-nets/MCC,,,PhaseVariation_2-10_phaseVariation_10_1.p,classical,auto,1,false,,5,0,3,,unknown,timeout,,focus,MELL,1012,75,5005.755,3459451,3432309,27140,78161607,0,0,2048,4980.000,3.265
lltp,ILL/petri-nets/MCC,,,PhaseVariation_2-100_phaseVariation_5_1.p,classical,auto,1,false,,5,0,3,,unknown,context_too_wide,,focus,MELL,1730,165,0.070,2,0,1,4,0,0,2048,0.000,0.000
lltp,ILL/petri-nets/MCC,,,PhaseVariation_2-100_phaseVariation_50_1.p,classical,auto,1,false,,5,0,3,,unknown,context_too_wide,,focus,MELL,1820,165,0.066,2,0,1,4,0,0,2048,0.000,0.000
lltp,ILL/petri-nets/MCC,,,PhaseVariation_2-100_phaseVariation_20_1.p,classical,auto,1,false,,5,0,3,,unknown,context_too_wide,,focus,MELL,1760,165,0.064,2,0,1,4,0,0,2048,0.000,0.000
lltp,ILL/petri-nets/MCC,,,PhaseVariation_2-100_phaseVariation_1_1.p,classical,auto,1,false,,5,0,3,,unknown,context_too_wide,,focus,MELL,1722,165,0.066,2,0,1,4,0,0,2048,0.000,0.000
lltp,ILL/petri-nets/MCC,,,PhaseVariation_2-100_phaseVariation_10_1.p,classical,auto,1,false,,5,0,3,,unknown,context_too_wide,,focus,MELL,1740,165,0.064,2,0,1,4,0,0,2048,0.000,0.000
lltp,ILL/petri-nets/MCC,,,PhaseVariation_2-100_phaseVariation_100_1.p,classical,auto,1,false,,5,0,3,,unknown,context_too_wide,,focus,MELL,1920,201,0.049,1,0,0,0,0,0,2048,0.000,0.000
lltp,ILL/petri-nets/MCC,,,PhaseVariation_10-10_phaseVariation_5_1.p,classical,auto,1,false,,5,0,3,,unknown,recursion_limit,,focus,MELL,44362,3147,6.421,0,0,0,0,0,0,2048,0.000,0.012
lltp,ILL/petri-nets/MCC,,,PhaseVariation_10-10_phaseVariation_50_1.p,classical,auto,1,false,,5,0,3,,unknown,recursion_limit,,focus,MELL,44452,3147,6.367,0,0,0,0,0,0,2048,10.000,0.008
lltp,ILL/petri-nets/MCC,,,PhaseVariation_10-10_phaseVariation_20_1.p,classical,auto,1,false,,5,0,3,,unknown,recursion_limit,,focus,MELL,44392,3147,5.826,0,0,0,0,0,0,2048,10.000,0.005
lltp,ILL/petri-nets/MCC,,,PhaseVariation_10-10_phaseVariation_1_1.p,classical,auto,1,false,,5,0,3,,unknown,recursion_limit,,focus,MELL,44354,3147,5.979,0,0,0,0,0,0,2048,0.000,0.005
lltp,ILL/petri-nets/MCC,,,PhaseVariation_10-10_phaseVariation_100_1.p,classical,auto,1,false,,5,0,3,,unknown,recursion_limit,,focus,MELL,44476,3147,5.893,0,0,0,0,0,0,2048,0.000,0.005
lltp,ILL/petri-nets/MCC,,,PhaseVariation_10-100_phaseVariation_5_1.p,classical,auto,1,false,,5,0,3,,unknown,recursion_limit,,focus,MELL,45122,3237,5.958,0,0,0,0,0,0,2048,0.000,0.020
lltp,ILL/petri-nets/MCC,,,PhaseVariation_10-100_phaseVariation_50_1.p,classical,auto,1,false,,5,0,3,,unknown,recursion_limit,,focus,MELL,45212,3237,5.985,0,0,0,0,0,0,2048,0.000,0.005
lltp,ILL/petri-nets/MCC,,,PhaseVariation_10-100_phaseVariation_20_1.p,classical,auto,1,false,,5,0,3,,unknown,recursion_limit,,focus,MELL,45152,3237,5.288,0,0,0,0,0,0,2048,0.000,0.013
lltp,ILL/petri-nets/MCC,,,PhaseVariation_10-100_phaseVariation_1_1.p,classical,auto,1,false,,5,0,3,,unknown,recursion_limit,,focus,MELL,45114,3237,5.791,0,0,0,0,0,0,2048,0.000,0.006
lltp,ILL/petri-nets/MCC,,,PhaseVariation_10-100_phaseVariation_100_1.p,classical,auto,1,false,,5,0,3,,unknown,recursion_limit,,focus,MELL,45312,3237,5.735,0,0,0,0,0,0,2048,10.000,0.006
lltp,ILL/petri-nets/MCC,,,Peterson-7_5_1.p,classical,auto,1,false,,5,0,3,,unknown,recursion_limit,,focus,MELL,19258,51,2.651,0,0,0,0,0,0,2048,0.000,0.002
lltp,ILL/petri-nets/MCC,,,Peterson-7_50_1.p,classical,auto,1,false,,5,0,3,,unknown,recursion_limit,,focus,MELL,19258,51,2.457,0,0,0,0,0,0,2048,10.000,0.004
lltp,ILL/petri-nets/MCC,,,Peterson-7_20_1.p,classical,auto,1,false,,5,0,3,,unknown,recursion_limit,,focus,MELL,19258,51,2.515,0,0,0,0,0,0,2048,10.000,0.004
lltp,ILL/petri-nets/MCC,,,Peterson-7_1_1.p,classical,auto,1,false,,5,0,3,,unknown,recursion_limit,,focus,MELL,19258,51,2.548,0,0,0,0,0,0,2048,0.000,0.003
lltp,ILL/petri-nets/MCC,,,Peterson-7_10_1.p,classical,auto,1,false,,5,0,3,,unknown,recursion_limit,,focus,MELL,19258,51,3.395,0,0,0,0,0,0,2048,0.000,0.011
lltp,ILL/petri-nets/MCC,,,Peterson-7_100_1.p,classical,auto,1,false,,5,0,3,,unknown,recursion_limit,,focus,MELL,19258,51,2.523,0,0,0,0,0,0,2048,10.000,0.004
lltp,ILL/petri-nets/MCC,,,Peterson-6_5_1.p,classical,auto,1,false,,5,0,3,,unknown,timeout,,focus,MELL,12622,38,5669.940,1,0,0,5144576,0,0,2048,5650.000,3.183
lltp,ILL/petri-nets/MCC,,,Peterson-6_50_1.p,classical,auto,1,false,,5,0,3,,unknown,timeout,,focus,MELL,12622,38,5259.090,1,0,0,4923392,0,0,2048,5250.000,2.725
lltp,ILL/petri-nets/MCC,,,Peterson-6_20_1.p,classical,auto,1,false,,5,0,3,,unknown,timeout,,focus,MELL,12622,38,5217.213,1,0,0,4923392,0,0,2048,5210.000,2.516
lltp,ILL/petri-nets/MCC,,,Peterson-6_1_1.p,classical,auto,1,false,,5,0,3,,unknown,recursion_limit,,focus,MELL,12622,38,892.318,1,0,0,991090,0,0,2048,890.000,0.411
lltp,ILL/petri-nets/MCC,,,Peterson-6_10_1.p,classical,auto,1,false,,5,0,3,,unknown,timeout,,focus,MELL,12622,38,5554.953,1,0,0,4755456,0,0,2048,5550.000,2.508
lltp,ILL/petri-nets/MCC,,,Peterson-6_100_1.p,classical,auto,1,false,,5,0,3,,unknown,timeout,,focus,MELL,12622,38,5190.075,1,0,0,4923392,0,0,2048,5180.000,2.536
lltp,ILL/petri-nets/MCC,,,Peterson-5_5_1.p,classical,auto,1,false,,5,0,3,,unknown,timeout,,focus,MELL,7722,27,5452.216,1,0,0,8286208,0,0,2048,5440.000,2.478
lltp,ILL/petri-nets/MCC,,,Peterson-5_50_1.p,classical,auto,1,false,,5,0,3,,unknown,timeout,,focus,MELL,7722,27,5315.276,1,0,0,7974912,0,0,2048,5310.000,2.419
lltp,ILL/petri-nets/MCC,,,Peterson-5_20_1.p,classical,auto,1,false,,5,0,3,,unknown,timeout,,focus,MELL,7722,27,5319.497,1,0,0,7974912,0,0,2048,5310.000,2.322
lltp,ILL/petri-nets/MCC,,,Peterson-5_1_1.p,classical,auto,1,false,,5,0,3,,unknown,timeout,,focus,MELL,7722,27,5102.541,71701,1050,70645,7967082,0,0,2048,5090.000,2.397
lltp,ILL/petri-nets/MCC,,,Peterson-5_10_1.p,classical,auto,1,false,,5,0,3,,unknown,timeout,,focus,MELL,7722,27,5179.083,1,0,0,7376896,0,0,2048,5170.000,3.214
lltp,ILL/petri-nets/MCC,,,Peterson-5_100_1.p,classical,auto,1,false,,5,0,3,,unknown,timeout,,focus,MELL,7722,27,5323.458,1,0,0,7974912,0,0,2048,5310.000,4.741
lltp,ILL/petri-nets/MCC,,,Peterson-4_5_1.p,classical,auto,1,false,,5,0,3,,unknown,timeout,,focus,MELL,4294,18,5117.057,1,0,0,13709312,0,0,2048,5110.000,2.262
lltp,ILL/petri-nets/MCC,,,Peterson-4_50_1.p,classical,auto,1,false,,5,0,3,,unknown,timeout,,focus,MELL,4294,18,5005.045,5670783,5670677,104,21623225,0,0,2048,4990.000,2.329
lltp,ILL/petri-nets/MCC,,,Peterson-4_20_1.p,classical,auto,1,false,,5,0,3,,unknown,timeout,,focus,MELL,4294,18,5029.352,1,0,0,13381632,0,0,2048,5010.000,2.285
lltp,ILL/petri-nets/MCC,,,Peterson-4_1_1.p,classical,auto,1,false,,5,0,3,,proved,,ok,focus,MELL,4294,18,4359.452,459681,738,458938,8429657,0,0,2048,4340.000,2.796
lltp,ILL/petri-nets/MCC,,,Peterson-4_10_1.p,classical,auto,1,false,,5,0,3,,unknown,timeout,,focus,MELL,4294,18,5108.541,1,0,0,13426688,0,0,2048,5090.000,3.239
lltp,ILL/petri-nets/MCC,,,Peterson-4_100_1.p,classical,auto,1,false,,5,0,3,,unknown,timeout,,focus,MELL,4294,18,5018.887,5670783,5670677,104,21623225,0,0,2048,5000.000,3.899
lltp,ILL/petri-nets/MCC,,,Peterson-3_5_1.p,classical,auto,1,false,,5,0,3,,unknown,timeout,,focus,MELL,2074,11,5037.496,1207,0,1205,28635136,0,0,2048,5010.000,3.579
lltp,ILL/petri-nets/MCC,,,Peterson-3_50_1.p,classical,auto,1,false,,5,0,3,,unknown,timeout,,focus,MELL,2074,11,5000.349,31670937,31670695,240,57778664,0,0,2048,4990.000,3.712
lltp,ILL/petri-nets/MCC,,,Peterson-3_20_1.p,classical,auto,1,false,,5,0,3,,unknown,timeout,,focus,MELL,2074,11,5089.002,1,0,0,29462528,0,0,2048,5070.000,3.312
lltp,ILL/petri-nets/MCC,,,Peterson-3_1_1.p,classical,auto,1,false,,5,0,3,,proved,,ok,focus,MELL,2074,11,25.219,6647,380,6262,107330,0,0,2048,20.000,0.017
lltp,ILL/petri-nets/MCC,,,Peterson-3_10_1.p,classical,auto,1,false,,5,0,3,,unknown,timeout,,focus,MELL,2074,11,5033.705,1,0,0,28504064,0,0,2048,5010.000,2.906
lltp,ILL/petri-nets/MCC,,,Peterson-3_100_1.p,classical,auto,1,false,,5,0,3,,unknown,timeout,,focus,MELL,2074,11,5000.595,31337965,31337723,240,57175053,0,0,2048,4990.000,3.753
lltp,ILL/petri-nets/MCC,,,Peterson-2_5_1.p,classical,auto,1,false,,5,0,3,,unknown,timeout,,focus,MELL,798,7,5006.014,21649744,21582320,64127,54760693,0,0,2048,4980.000,2.666
lltp,ILL/petri-nets/MCC,,,Peterson-2_50_1.p,classical,auto,1,false,,5,0,3,,unknown,timeout,,focus,MELL,798,7,5002.608,19179644,19171052,8461,62651294,0,0,2048,4980.000,2.278
lltp,ILL/petri-nets/MCC,,,Peterson-2_20_1.p,classical,auto,1,false,,5,0,3,,unknown,timeout,,focus,MELL,798,7,5001.767,19080489,19071897,8461,62375089,0,0,2048,4990.000,2.328
lltp,ILL/petri-nets/MCC,,,Peterson-2_1_1.p,classical,auto,1,false,,5,0,3,,proved,,ok,focus,MELL,798,7,1.161,487,169,313,8965,0,0,2048,0.000,0.000
lltp,ILL/petri-nets/MCC,,,Peterson-2_10_1.p,classical,auto,1,false,,5,0,3,,unknown,timeout,,focus,MELL,798,7,5036.900,4267,0,4265,59314176,0,0,2048,5010.000,2.339
lltp,ILL/petri-nets/MCC,,,Peterson-2_100_1.p,classical,auto,1,false,,5,0,3,,unknown,timeout,,focus,MELL,798,7,5002.323,19035883,19027547,8205,62295983,0,0,2048,4980.000,2.245
lltp,ILL/petri-nets/MCC,,,PermAdmissibility_unf-8x8-4stageSEN-50_5_1.p,classical,auto,1,false,,5,0,3,,unknown,context_too_wide,,focus,MELL,8774,64,0.434,1,0,0,0,0,0,2048,0.000,0.000
lltp,ILL/petri-nets/MCC,,,PermAdmissibility_unf-8x8-4stageSEN-50_50_1.p,classical,auto,1,false,,5,0,3,,unknown,context_too_wide,,focus,MELL,8774,66,0.908,1,0,0,336,0,0,2048,0.000,0.000
lltp,ILL/petri-nets/MCC,,,PermAdmissibility_unf-8x8-4stageSEN-50_20_1.p,classical,auto,1,false,,5,0,3,,unknown,context_too_wide,,focus,MELL,8774,64,0.881,1,0,0,368,0,0,2048,0.000,0.001
lltp,ILL/petri-nets/MCC,,,PermAdmissibility_unf-8x8-4stageSEN-50_1_1.p,classical,auto,1,false,,5,0,3,,unknown,context_too_wide,,focus,MELL,8774,64,0.402,1,0,0,0,0,0,2048,0.000,0.000
lltp,ILL/petri-nets/MCC,,,PermAdmissibility_unf-8x8-4stageSEN-50_10_1.p,classical,auto,1,false,,5,0,3,,unknown,context_too_wide,,focus,MELL,8774,64,0.409,1,0,0,0,0,0,2048,0.000,0.000
lltp,ILL/petri-nets/MCC,,,PermAdmissibility_unf-8x8-4stageSEN-50_100_1.p,classical,auto,1,false,,5,0,3,,unknown,context_too_wide,,focus,MELL,8774,68,0.806,1,0,0,304,0,0,2048,0.000,0.000
lltp,ILL/petri-nets/MCC,,,PermAdmissibility_unf-8x8-4stageSEN-20_5_1.p,classical,auto,1,false,,5,0,3,,unknown,context_too_wide,,focus,MELL,7694,64,0.353,1,0,0,0,0,0,2048,0.000,0.002
lltp,ILL/petri-nets/MCC,,,PermAdmissibility_unf-8x8-4stageSEN-20_50_1.p,classical,auto,1,false,,5,0,3,,unknown,context_too_wide,,focus,MELL,7694,66,0.447,1,0,0,96,0,0,2048,0.000,0.002
lltp,ILL/petri-nets/MCC,,,PermAdmissibility_unf-8x8-4stageSEN-20_20_1.p,classical,auto,1,false,,5,0,3,,unknown,timeout,,focus,MELL,7694,64,5214.361,1,0,0,12701696,0,0,2048,5200.000,2.413
lltp,ILL/petri-nets/MCC,,,PermAdmissibility_unf-8x8-4stageSEN-20_1_1.p,classical,auto,1,false,,5,0,3,,unknown,context_too_wide,,focus,MELL,7694,64,0.376,1,0,0,0,0,0,2048,0.000,0.000
lltp,ILL/petri-nets/MCC,,,PermAdmissibility_unf-8x8-4stageSEN-20_10_1.p,classical,auto,1,false,,5,0,3,,unknown,context_too_wide,,focus,MELL,7694,64,0.360,1,0,0,0,0,0,2048,0.000,0.002
lltp,ILL/petri-nets/MCC,,,PermAdmissibility_unf-8x8-4stageSEN-20_100_1.p,classical,auto,1,false,,5,0,3,,unknown,context_too_wide,,focus,MELL,7694,68,0.572,1,0,0,64,0,0,2048,0.000,0.002
lltp,ILL/petri-nets/MCC,,,PermAdmissibility_unf-8x8-4stageSEN-10_5_1.p,classical,auto,1,false,,5,0,3,,unknown,context_too_wide,,focus,MELL,7334,64,0.360,1,0,0,0,0,0,2048,0.000,0.000
lltp,ILL/petri-nets/MCC,,,PermAdmissibility_unf-8x8-4stageSEN-10_50_1.p,classical,auto,1,false,,5,0,3,,unknown,context_too_wide,,focus,MELL,7334,66,0.373,1,0,0,16,0,0,2048,0.000,0.000
lltp,ILL/petri-nets/MCC,,,PermAdmissibility_unf-8x8-4stageSEN-10_20_1.p,classical,auto,1,false,,5,0,3,,unknown,timeout,,focus,MELL,7334,64,5164.651,1,0,0,12668928,0,0,2048,5150.000,2.315
lltp,ILL/petri-nets/MCC,,,PermAdmissibility_unf-8x8-4stageSEN-10_1_1.p,classical,auto,1,false,,5,0,3,,unknown,context_too_wide,,focus,MELL,7334,64,0.377,1,0,0,0,0,0,2048,0.000,0.000
lltp,ILL/petri-nets/MCC,,,PermAdmissibility_unf-8x8-4stageSEN-10_10_1.p,classical,auto,1,false,,5,0,3,,unknown,context_too_wide,,focus,MELL,7334,64,0.385,1,0,0,0,0,0,2048,0.000,0.002
lltp,ILL/petri-nets/MCC,,,PermAdmissibility_unf-8x8-4stageSEN-10_100_1.p,classical,auto,1,false,,5,0,3,,unknown,context_too_wide,,focus,MELL,7334,68,1.330,2,0,1,2,0,0,2048,0.000,0.002
lltp,ILL/petri-nets/MCC,,,PermAdmissibility_unf-8x8-4stageSEN-05_5_1.p,classical,auto,1,false,,5,0,3,,unknown,timeout,,focus,MELL,7154,64,5000.171,4109852,4109832,18,39123444,0,0,2048,4990.000,2.229
lltp,ILL/petri-nets/MCC,,,PermAdmissibility_unf-8x8-4stageSEN-05_50_1.p,classical,auto,1,false,,5,0,3,,unknown,timeout,,focus,MELL,7154,66,5000.194,4104991,4104971,18,39054574,0,0,2048,4990.000,2.117
lltp,ILL/petri-nets/MCC,,,PermAdmissibility_unf-8x8-4stageSEN-05_20_1.p,classical,auto,1,false,,5,0,3,,unknown,timeout,,focus,MELL,7154,64,5185.012,1,0,0,12673024,0,0,2048,5170.000,2.375
lltp,ILL/petri-nets/MCC,,,PermAdmissibility_unf-8x8-4stageSEN-05_1_1.p,classical,auto,1,false,,5,0,3,,unknown,timeout,,focus,MELL,7154,64,5000.098,4115930,4115910,18,39210284,0,0,2048,4990.000,2.285
lltp,ILL/petri-nets/MCC,,,PermAdmissibility_unf-8x8-4stageSEN-05_10_1.p,classical,auto,1,false,,5,0,3,,unknown,timeout,,focus,MELL,7154,64,5000.172,4096929,4096911,16,38931415,0,0,2048,4990.000,2.325
lltp,ILL/petri-nets/MCC,,,PermAdmissibility_unf-8x8-4stageSEN-05_100_1.p,classical,auto,1,false,,5,0,,,unknown,killed,,,,,,10502.157,,,,,,,,,
lltp,ILL/petri-nets/MCC,,,PermAdmissibility_unf-8x8-4stageSEN-02_5_1.p,classical,auto,1,false,,5,0,3,,unknown,timeout,,focus,MELL,7046,64,5000.105,11318899,11318841,56,37801686,0,0,2048,4990.000,2.317
lltp,ILL/petri-nets/MCC,,,PermAdmissibility_unf-8x8-4stageSEN-02_50_1.p,classical,auto,1,false,,5,0,3,,unknown,timeout,,focus,MELL,7042,64,5001.458,29113888,29103773,10113,29799537,0,0,2048,4980.000,2.541
lltp,ILL/petri-nets/MCC,,,PermAdmissibility_unf-8x8-4stageSEN-02_20_1.p,classical,auto,1,false,,5,0,3,,unknown,timeout,,focus,MELL,7046,66,5000.083,11478158,11478100,56,38205747,0,0,2048,4990.000,2.437
lltp,ILL/petri-nets/MCC,,,PermAdmissibility_unf-8x8-4stageSEN-02_1_1.p,classical,auto,1,false,,5,0,3,,unknown,timeout,,focus,MELL,7046,64,5000.096,11265217,11265159,56,37667948,0,0,2048,4990.000,2.281
lltp,ILL/petri-nets/MCC,,,PermAdmissibility_unf-8x8-4stageSEN-02_10_1.p,classical,auto,1,false,,5,0,3,,unknown,timeout,,focus,MELL,7046,65,5000.090,11502727,11502669,56,38282752,0,0,2048,4990.000,2.069
lltp,ILL/petri-nets/MCC,,,PermAdmissibility_unf-8x8-4stageSEN-01_5_1.p,classical,auto,1,false,,5,0,3,,unknown,timeout,,focus,MELL,7010,64,5000.085,21993401,21993159,240,35037139,0,0,2048,4990.000,2.162
lltp,ILL/petri-nets/MCC,,,PermAdmissibility_unf-8x8-4stageSEN-01_20_1.p,classical,auto,1,false,,5,0,3,,unknown,timeout,,focus,MELL,7008,64,5002.574,15701139,15682700,18437,22205168,0,0,2048,4990.000,2.298
lltp,ILL/petri-nets/MCC,,,PermAdmissibility_unf-8x8-4stageSEN-01_1_1.p,classical,auto,1,false,,5,0,3,,unknown,timeout,,focus,MELL,7010,64,5000.107,21950213,21949971,240,34975005,0,0,2048,4990.000,2.597
lltp,ILL/petri-nets/MCC,,,PermAdmissibility_unf-8x8-4stageSEN-01_10_1.p,classical,auto,1,false,,5,0,3,,unknown,timeout,,focus,MELL,7010,65,5000.091,22197827,22197585,240,35306839,0,0,2048,4990.000,2.211
lltp,ILL/petri-nets/MCC,,,Parking_parking_8_64_5_1.p,classical,auto,1,false,,5,0,3,,unknown,context_too_wide,,focus,MELL,10690,19,1.912,3,0,1,6,0,0,2048,0.000,0.002
lltp,ILL/petri-nets/MCC,,,Parking_parking_8_64_50_1.p,classical,auto,1,false,,5,0,3,,unknown,context_too_wide,,focus,MELL,10690,19,54.786,3902,325,3574,11288,0,0,2048,50.000,0.045
lltp,ILL/petri-nets/MCC,,,Parking_parking_8_64_20_1.p,classical,auto,1,false,,5,0,3,,unknown,context_too_wide,,focus,MELL,10690,19,55.117,4046,325,3718,11410,0,0,2048,50.000,0.044
lltp,ILL/petri-nets/MCC,,,Parking_parking_8_64_1_1.p,classical,auto,1,false,,5,0,3,,unknown,context_too_wide,,focus,MELL,10690,19,1.450,3,0,1,6,0,0,2048,0.000,0.001
lltp,ILL/petri-nets/MCC,,,Parking_parking_8_64_100_1.p,classical,auto,1,false,,5,0,3,,unknown,context_too_wide,,focus,MELL,10690,19,51.829,3574,325,3246,10878,0,0,2048,50.000,0.043
lltp,ILL/petri-nets/MCC,,,Parking_parking_8_32_5_1.p,classical,auto,1,false,,5,0,3,,unknown,context_too_wide,,focus,MELL,6338,11,0.682,3,0,1,303,0,0,2048,0.000,0.002
lltp,ILL/petri-nets/MCC,,,Parking_parking_8_32_50_1.p,classical,auto,1,false,,5,0,3,,unknown,context_too_wide,,focus,MELL,6338,11,15.306,2085,160,1922,6375,0,0,2048,10.000,0.020
lltp,ILL/petri-nets/MCC,,,Parking_parking_8_32_20_1.p,classical,auto,1,false,,5,0,3,,unknown,context_too_wide,,focus,MELL,6338,11,15.872,2269,160,2106,6605,0,0,2048,10.000,0.016
lltp,ILL/petri-nets/MCC,,,Parking_parking_8_32_1_1.p,classical,auto,1,false,,5,0,3,,unknown,context_too_wide,,focus,MELL,6338,11,0.688,3,0,1,303,0,0,2048,0.000,0.002
lltp,ILL/petri-nets/MCC,,,Parking_parking_8_32_100_1.p,classical,auto,1,false,,5,0,3,,unknown,context_too_wide,,focus,MELL,6338,11,14.083,1837,160,1674,6065,0,0,2048,10.000,0.012
lltp,ILL/petri-nets/MCC,,,Parking_parking_4_32_5_1.p,classical,auto,1,false,,5,0,3,,unknown,context_too_wide,,focus,MELL,4898,19,0.387,3,0,1,6,0,0,2048,0.000,0.000
lltp,ILL/petri-nets/MCC,,,Parking_parking_4_32_50_1.p,classical,auto,1,false,,5,0,3,,unknown,context_too_wide,,focus,MELL,4898,19,9.273,1662,165,1494,4966,0,0,2048,10.000,0.010
lltp,ILL/petri-nets/MCC,,,Parking_parking_4_32_20_1.p,classical,auto,1,false,,5,0,3,,unknown,context_too_wide,,focus,MELL,4898,19,9.849,1838,165,1670,5186,0,0,2048,10.000,0.010
lltp,ILL/petri-nets/MCC,,,Parking_parking_4_32_1_1.p,classical,auto,1,false,,5,0,3,,unknown,context_too_wide,,focus,MELL,4898,19,0.395,3,0,1,6,0,0,2048,0.000,0.000
lltp,ILL/petri-nets/MCC,,,Parking_parking_4_32_100_1.p,classical,auto,1,false,,5,0,3,,unknown,context_too_wide,,focus,MELL,4898,19,8.796,1478,165,1310,4812,0,0,2048,0.000,0.005
lltp,ILL/petri-nets/MCC,,,Parking_parking_4_16_5_1.p,classical,auto,1,false,,5,0,3,,unknown,context_too_wide,,focus,MELL,2722,11,0.208,3,0,1,27,0,0,2048,0.000,0.000
lltp,ILL/petri-nets/MCC,,,Parking_parking_4_16_50_1.p,classical,auto,1,false,,5,0,3,,unknown,context_too_wide,,focus,MELL,2722,11,2.792,773,80,690,2563,0,0,2048,0.000,0.010
lltp,ILL/petri-nets/MCC,,,Parking_parking_4_16_20_1.p,classical,auto,1,false,,5,0,3,,unknown,context_too_wide,,focus,MELL,2722,11,3.083,941,80,858,2773,0,0,2048,0.000,0.003
lltp,ILL/petri-nets/MCC,,,Parking_parking_4_16_1_1.p,classical,auto,1,false,,5,0,3,,unknown,context_too_wide,,focus,MELL,2722,11,0.201,3,0,1,27,0,0,2048,0.000,0.003
lltp,ILL/petri-nets/MCC,,,Parking_parking_4_16_100_1.p,classical,auto,1,false,,5,0,3,,unknown,context_too_wide,,focus,MELL,2722,11,2.785,749,80,666,2609,0,0,2048,0.000,0.003
lltp,ILL/petri-nets/MCC,,,Parking_parking_2_8_5_1.p,classical,auto,1,false,,5,0,,,unknown,killed,,,,,,10501.584,,,,,,,,,
lltp,ILL/petri-nets/MCC,,,Parking_parking_2_8_50_1.p,classical,auto,1,false,,5,0,3,,unknown,timeout,,focus,MELL,1250,11,5007.742,42052072,41986207,65861,42114789,0,0,2048,4980.000,3.380
lltp,ILL/petri-nets/MCC,,,Parking_parking_2_8_20_1.p,classical,auto,1,false,,5,0,3,,unknown,timeout,,focus,MELL,1250,11,5036.581,3,0,1,41054208,0,0,2048,5020.000,2.365
lltp,ILL/petri-nets/MCC,,,Parking_parking_2_8_1_1.p,classical,auto,1,false,,5,0,3,,unknown,timeout,,focus,MELL,1250,11,5072.471,3,0,1,47460352,0,0,2048,5060.000,4.217
lltp,ILL/petri-nets/MCC,,,Parking_parking_1_4_5_1.p,classical,auto,1,false,,5,0,3,,unknown,timeout,,focus,MELL,598,11,5004.846,55389331,55290838,98489,55908528,0,0,2048,4990.000,2.839
lltp,ILL/petri-nets/MCC,,,Parking_parking_1_4_50_1.p,classical,auto,1,false,,5,0,3,,unknown,timeout,,focus,MELL,598,11,5005.324,55710342,55611881,98457,56229720,0,0,2048,4990.000,2.912
lltp,ILL/petri-nets/MCC,,,Parking_parking_1_4_20_1.p,classical,auto,1,false,,5,0,3,,unknown,timeout,,focus,MELL,598,11,5004.848,56092023,55993570,98449,56611946,0,0,2048,4990.000,2.800
lltp,ILL/petri-nets/MCC,,,Parking_parking_1_4_1_1.p,classical,auto,1,false,,5,0,3,,unknown,timeout,,focus,MELL,598,11,5005.723,976609,976449,157,62723188,0,0,2048,4990.000,2.313
lltp,ILL/petri-nets/MCC,,,Parking_parking_1_4_10_1.p,classical,auto,1,false,,5,0,3,,unknown,timeout,,focus,MELL,598,11,5005.268,56229894,56131433,98457,56750131,0,0,2048,4990.000,4.305
lltp,ILL/petri-nets/MCC,,,Parking_parking_1_4_100_1.p,classical,auto,1,false,,5,0,3,,unknown,timeout,,focus,MELL,598,11,5005.335,55593843,55495378,98461,56113102,0,0,2048,4990.000,3.234
lltp,ILL/petri-nets/MCC,,,ParamProductionCell_open_system_0_5_1.p,classical,auto,1,false,,5,0,,,unknown,killed,,,,,,10501.885,,,,,,,,,
lltp,ILL/petri-nets/MCC,,,ParamProductionCell_open_system_0_50_1.p,classical,auto,1,false,,5,0,3,,unknown,timeout,,focus,MELL,1578,16,5024.229,1,0,0,42905600,0,0,2048,5010.000,2.211
lltp,ILL/petri-nets/MCC,,,ParamProductionCell_open_system_0_20_1.p,classical,auto,1,false,,5,0,3,,unknown,timeout,,focus,MELL,1582,16,6614.305,1,0,0,59887616,0,0,2048,6600.000,3.296
lltp,ILL/petri-nets/MCC,,,ParamProductionCell_open_system_0_1_1.p,classical,auto,1,false,,5,0,3,,unknown,timeout,,focus,MELL,1586,16,5041.679,1,0,0,46448640,0,0,2048,5020.000,2.353
lltp,ILL/petri-nets/MCC,,,ParamProductionCell_open_system_0_10_1.p,classical,auto,1,false,,5,0,,,unknown,killed,,,,,,10501.335,,,,,,,,,
lltp,ILL/petri-nets/MCC,,,ParamProductionCell_open_system_0_100_1.p,classical,auto,1,false,,5,0,3,,unknown,timeout,,focus,MELL,1578,16,5004.209,1,0,0,42582016,0,0,2048,4990.000,2.781
lltp,ILL/petri-nets/MCC,,,ParamProductionCell_closed_system5_5_1.p,classical,auto,1,false,,5,0,3,,unknown,timeout,,focus,MELL,1830,16,5150.320,1,0,0,43032576,0,0,2048,5130.000,2.363
lltp,ILL/petri-nets/MCC,,,ParamProductionCell_closed_system5_50_1.p,classical,auto,1,false,,5,0,3,,unknown,timeout,,focus,MELL,1822,16,5070.556,1,0,0,40054784,0,0,2048,5050.000,3.841
lltp,ILL/petri-nets/MCC,,,ParamProductionCell_closed_system5_20_1.p,classical,auto,1,false,,5,0,3,,unknown,timeout,,focus,MELL,1826,16,5020.399,1,0,0,41291776,0,0,2048,5010.000,2.550
lltp,ILL/petri-nets/MCC,,,ParamProductionCell_closed_system5_1_1.p,classical,auto,1,false,,5,0,3,,proved,,ok,focus,MELL,1832,16,0.376,4,0,2,70,0,0,2048,0.000,0.000
lltp,ILL/petri-nets/MCC,,,ParamProductionCell_closed_system5_10_1.p,classical,auto,1,false,,5,0,3,,unknown,timeout,,focus,MELL,1826,16,5004.722,1,0,0,40775680,0,0,2048,4990.000,2.808
lltp,ILL/petri-nets/MCC,,,ParamProductionCell_closed_system5_100_1.p,classical,auto,1,false,,5,0,3,,unknown,timeout,,focus,MELL,1828,16,5081.016,1,0,0,42303488,0,0,2048,5060.000,2.445
lltp,ILL/petri-nets/MCC,,,ParamProductionCell_closed_system4_5_1.p,classical,auto,1,false,,5,0,3,,unknown,timeout,,focus,MELL,1830,16,5105.130,1,0,0,43032576,0,0,2048,5080.000,2.347
lltp,ILL/petri-nets/MCC,,,ParamProductionCell_closed_system4_50_1.p,classical,auto,1,false,,5,0,3,,unknown,timeout,,focus,MELL,1826,16,5027.026,1,0,0,39514112,0,0,2048,5010.000,3.249
lltp,ILL/petri-nets/MCC,,,ParamProductionCell_closed_system4_20_1.p,classical,auto,1,false,,5,0,3,,unknown,timeout,,focus,MELL,1828,16,5039.436,1,0,0,40747008,0,0,2048,5020.000,2.340
lltp,ILL/petri-nets/MCC,,,ParamProductionCell_closed_system4_1_1.p,classical,auto,1,false,,5,0,3,,proved,,ok,focus,MELL,1832,16,0.378,4,0,2,70,0,0,2048,0.000,0.000
lltp,ILL/petri-nets/MCC,,,ParamProductionCell_closed_system4_10_1.p,classical,auto,1,false,,5,0,3,,unknown,timeout,,focus,MELL,1828,16,5080.644,1,0,0,42848256,0,0,2048,5060.000,2.366
lltp,ILL/petri-nets/MCC,,,ParamProductionCell_closed_system4_100_1.p,classical,auto,1,false,,5,0,3,,unknown,timeout,,focus,MELL,1826,16,5031.159,1,0,0,41766912,0,0,2048,5010.000,2.449
lltp,ILL/petri-nets/MCC,,,ParamProductionCell_closed_system3_5_1.p,classical,auto,1,false,,5,0,3,,unknown,timeout,,focus,MELL,1830,16,5148.780,1,0,0,43032576,0,0,2048,5140.000,2.302
lltp,ILL/petri-nets/MCC,,,ParamProductionCell_closed_system3_50_1.p,classical,auto,1,false,,5,0,3,,unknown,timeout,,focus,MELL,1826,16,5050.650,1,0,0,41037824,0,0,2048,5030.000,2.490
lltp,ILL/petri-nets/MCC,,,ParamProductionCell_closed_system3_20_1.p,classical,auto,1,false,,5,0,3,,unknown,timeout,,focus,MELL,1828,16,5017.567,1,0,0,41291776,0,0,2048,5000.000,2.458
lltp,ILL/petri-nets/MCC,,,ParamProductionCell_closed_system3_1_1.p,classical,auto,1,false,,5,0,3,,proved,,ok,focus,MELL,1832,16,0.397,4,0,2,70,0,0,2048,0.000,0.000
lltp,ILL/petri-nets/MCC,,,ParamProductionCell_closed_system3_10_1.p,classical,auto,1,false,,5,0,3,,unknown,timeout,,focus,MELL,1828,16,5014.625,1,0,0,42029056,0,0,2048,5000.000,2.373
lltp,ILL/petri-nets/MCC,,,ParamProductionCell_closed_system3_100_1.p,classical,auto,1,false,,5,0,3,,unknown,timeout,,focus,MELL,1826,16,5061.999,1,0,0,42483712,0,0,2048,5050.000,2.318
lltp,ILL/petri-nets/MCC,,,ParamProductionCell_closed_system2_5_1.p,classical,auto,1,false,,5,0,3,,unknown,timeout,,focus,MELL,1830,16,5148.865,1,0,0,43220992,0,0,2048,5130.000,2.330
lltp,ILL/petri-nets/MCC,,,ParamProductionCell_closed_system2_50_1.p,classical,auto,1,false,,5,0,3,,unknown,timeout,,focus,MELL,1830,16,5077.996,1,0,0,43487232,0,0,2048,5060.000,3.027
lltp,ILL/petri-nets/MCC,,,ParamProductionCell_closed_system2_20_1.p,classical,auto,1,false,,5,0,3,,unknown,timeout,,focus,MELL,1830,16,5028.070,1,0,0,41910272,0,0,2048,5010.000,2.323
lltp,ILL/petri-nets/MCC,,,ParamProductionCell_closed_system2_1_1.p,classical,auto,1,false,,5,0,3,,unknown,timeout,,focus,MELL,1832,16,5104.524,1,0,0,46628864,0,0,2048,5080.000,2.379
lltp,ILL/petri-nets/MCC,,,ParamProductionCell_closed_system2_10_1.p,classical,auto,1,false,,5,0,3,,unknown,timeout,,focus,MELL,1830,16,5074.950,1,0,0,44793856,0,0,2048,5060.000,2.360
lltp,ILL/petri-nets/MCC,,,ParamProductionCell_closed_system2_100_1.p,classical,auto,1,false,,5,0,3,,unknown,timeout,,focus,MELL,1830,16,5019.770,1,0,0,45076480,0,0,2048,5000.000,2.435
lltp,ILL/petri-nets/MCC,,,ParamProductionCell_closed_system1_5_1.p,classical,auto,1,false,,5,0,,,unknown,killed,,,,,,10506.849,,,,,,,,,
lltp,ILL/petri-nets/MCC,,,ParamProductionCell_closed_system1_50_1.p,classical,auto,1,false,,5,0,3,,unknown,timeout,,focus,MELL,1832,16,5095.029,1,0,0,43487232,0,0,2048,5080.000,2.601
lltp,ILL/petri-nets/MCC,,,ParamProductionCell_closed_system1_20_1.p,classical,auto,1,false,,5,0,3,,unknown,timeout,,focus,MELL,1832,16,5057.455,1,0,0,43229184,0,0,2048,5040.000,2.623
lltp,ILL/petri-nets/MCC,,,ParamProductionCell_closed_system1_1_1.p,classical,auto,1,false,,5,0,3,,proved,,ok,focus,MELL,1832,16,0.397,4,0,2,70,0,0,2048,0.000,0.012
lltp,ILL/petri-nets/MCC,,,ParamProductionCell_closed_system1_10_1.p,classical,auto,1,false,,5,0,,,unknown,killed,,,,,,10502.697,,,,,,,,,
lltp,ILL/petri-nets/MCC,,,ParamProductionCell_closed_system1_100_1.p,classical,auto,1,false,,5,0,3,,unknown,timeout,,focus,MELL,1832,16,5021.756,1,0,0,43761664,0,0,2048,5010.000,2.454
lltp,ILL/petri-nets/MCC,,,PaceMaker_5_1.p,classical,auto,1,false,,5,0,3,,unknown,context_too_wide,,focus,MELL,844834,17188,149.297,1,0,0,1049,0,0,2048,140.000,0.125
lltp,ILL/petri-nets/MCC,,,PaceMaker_50_1.p,classical,auto,1,false,,5,0,3,,unknown,context_too_wide,,focus,MELL,844834,17188,30.394,1,0,0,0,0,0,2048,30.000,0.032
lltp,ILL/petri-nets/MCC,,,PaceMaker_20_1.p,classical,auto,1,false,,5,0,3,,unknown,context_too_wide,,focus,MELL,844834,17457,62.198,1,0,0,274,0,0,2048,80.000,0.055
lltp,ILL/petri-nets/MCC,,,PaceMaker_1_1.p,classical,auto,1,false,,5,0,3,,unknown,context_too_wide,,focus,MELL,844834,17457,214.940,1,0,0,1594,0,0,2048,220.000,0.188
lltp,ILL/petri-nets/MCC,,,PaceMaker_100_1.p,classical,auto,1,false,,5,0,3,,unknown,context_too_wide,,focus,MELL,844834,17188,30.564,1,0,0,0,0,0,2048,40.000,0.032
lltp,ILL/petri-nets/MCC,,,NeoElection_neoelection-8.unf_5_1.p,classical,auto,1,false,,5,0,3,,unknown,recursion_limit,,focus,MELL,258964,2943,37.522,0,0,0,0,0,0,2048,40.000,0.031
lltp,ILL/petri-nets/MCC,,,NeoElection_neoelection-8.unf_50_1.p,classical,auto,1,false,,5,0,3,,unknown,recursion_limit,,focus,MELL,259050,2943,35.467,0,0,0,0,0,0,2048,40.000,0.030
lltp,ILL/petri-nets/MCC,,,NeoElection_neoelection-8.unf_20_1.p,classical,auto,1,false,,5,0,3,,unknown,recursion_limit,,focus,MELL,258998,2943,35.248,0,0,0,0,0,0,2048,30.000,0.031
lltp,ILL/petri-nets/MCC,,,NeoElection_neoelection-8.unf_1_1.p,classical,auto,1,false,,5,0,3,,unknown,recursion_limit,,focus,MELL,258964,2943,37.589,0,0,0,0,0,0,2048,40.000,0.032
lltp,ILL/petri-nets/MCC,,,NeoElection_neoelection-8.unf_10_1.p,classical,auto,1,false,,5,0,3,,unknown,recursion_limit,,focus,MELL,258972,2943,36.973,0,0,0,0,0,0,2048,40.000,0.035
lltp,ILL/petri-nets/MCC,,,NeoElection_neoelection-8.unf_100_1.p,classical,auto,1,false,,5,0,3,,unknown,recursion_limit,,focus,MELL,259076,2943,35.134,0,0,0,0,0,0,2048,40.000,0.028
lltp,ILL/petri-nets/MCC,,,NeoElection_neoelection-7.unf_5_1.p,classical,auto,1,false,,5,0,3,,unknown,recursion_limit,,focus,MELL,164384,2072,23.393,0,0,0,0,0,0,2048,20.000,0.020
lltp,ILL/petri-nets/MCC,,,NeoElection_neoelection-7.unf_50_1.p,classical,auto,1,false,,5,0,3,,unknown,recursion_limit,,focus,MELL,164466,2072,22.218,0,0,0,0,0,0,2048,20.000,0.019
lltp,ILL/petri-nets/MCC,,,NeoElection_neoelection-7.unf_20_1.p,classical,auto,1,false,,5,0,3,,unknown,recursion_limit,,focus,MELL,164416,2072,22.570,0,0,0,0,0,0,2048,20.000,0.017
lltp,ILL/petri-nets/MCC,,,NeoElection_neoelection-7.unf_1_1.p,classical,auto,1,false,,5,0,3,,unknown,recursion_limit,,focus,MELL,164382,2072,22.998,0,0,0,0,0,0,2048,30.000,0.018
lltp,ILL/petri-nets/MCC,,,NeoElection_neoelection-7.unf_10_1.p,classical,auto,1,false,,5,0,3,,unknown,recursion_limit,,focus,MELL,164394,2072,23.582,0,0,0,0,0,0,2048,20.000,0.028
lltp,ILL/petri-nets/MCC,,,NeoElection_neoelection-7.unf_100_1.p,classical,auto,1,false,,5,0,3,,unknown,recursion_limit,,focus,MELL,164464,2072,21.953,0,0,0,0,0,0,2048,20.000,0.017
lltp,ILL/petri-nets/MCC,,,NeoElection_neoelection-6.unf_5_1.p,classical,auto,1,false,,5,0,3,,unknown,recursion_limit,,focus,MELL,98394,1393,13.906,0,0,0,0,0,0,2048,20.000,0.010
lltp,ILL/petri-nets/MCC,,,NeoElection_neoelection-6.unf_50_1.p,classical,auto,1,false,,5,0,3,,unknown,recursion_limit,,focus,MELL,98450,1393,11.729,0,0,0,0,0,0,2048,20.000,0.008
lltp,ILL/petri-nets/MCC,,,NeoElection_neoelection-6.unf_20_1.p,classical,auto,1,false,,5,0,3,,unknown,recursion_limit,,focus,MELL,98422,1393,12.818,0,0,0,0,0,0,2048,10.000,0.011
lltp,ILL/petri-nets/MCC,,,NeoElection_neoelection-6.unf_1_1.p,classical,auto,1,false,,5,0,3,,unknown,recursion_limit,,focus,MELL,98390,1393,13.991,0,0,0,0,0,0,2048,20.000,0.012
lltp,ILL/petri-nets/MCC,,,NeoElection_neoelection-6.unf_10_1.p,classical,auto,1,false,,5,0,3,,unknown,recursion_limit,,focus,MELL,98402,1393,13.840,0,0,0,0,0,0,2048,10.000,0.012
lltp,ILL/petri-nets/MCC,,,NeoElection_neoelection-6.unf_100_1.p,classical,auto,1,false,,5,0,3,,unknown,recursion_limit,,focus,MELL,98446,1393,12.717,0,0,0,0,0,0,2048,20.000,0.011
lltp,ILL/petri-nets/MCC,,,NeoElection_neoelection-5.unf_5_1.p,classical,auto,1,false,,5,0,3,,unknown,recursion_limit,,focus,MELL,54564,882,7.803,0,0,0,0,0,0,2048,10.000,0.009
lltp,ILL/petri-nets/MCC,,,NeoElection_neoelection-5.unf_50_1.p,classical,auto,1,false,,5,0,3,,unknown,recursion_limit,,focus,MELL,54602,882,7.839,0,0,0,0,0,0,2048,10.000,0.007
lltp,ILL/petri-nets/MCC,,,NeoElection_neoelection-5.unf_20_1.p,classical,auto,1,false,,5,0,3,,unknown,recursion_limit,,focus,MELL,54582,882,7.376,0,0,0,0,0,0,2048,10.000,0.007
lltp,ILL/petri-nets/MCC,,,NeoElection_neoelection-5.unf_1_1.p,classical,auto,1,false,,5,0,3,,unknown,recursion_limit,,focus,MELL,54562,882,7.738,0,0,0,0,0,0,2048,0.000,0.007
lltp,ILL/petri-nets/MCC,,,NeoElection_neoelection-5.unf_10_1.p,classical,auto,1,false,,5,0,3,,unknown,recursion_limit,,focus,MELL,54572,882,7.655,0,0,0,0,0,0,2048,0.000,0.007
lltp,ILL/petri-nets/MCC,,,NeoElection_neoelection-5.unf_100_1.p,classical,auto,1,false,,5,0,3,,unknown,recursion_limit,,focus,MELL,54596,882,7.208,0,0,0,0,0,0,2048,10.000,0.009
lltp,ILL/petri-nets/MCC,,,NeoElection_neoelection-4.unf_5_1.p,classical,auto,1,false,,5,0,3,,unknown,recursion_limit,,focus,MELL,27292,515,4.490,0,0,0,0,0,0,2048,0.000,0.020
lltp,ILL/petri-nets/MCC,,,NeoElection_neoelection-4.unf_50_1.p,classical,auto,1,false,,5,0,3,,unknown,recursion_limit,,focus,MELL,27310,515,3.022,0,0,0,0,0,0,2048,0.000,0.002
lltp,ILL/petri-nets/MCC,,,NeoElection_neoelection-4.unf_20_1.p,classical,auto,1,false,,5,0,3,,unknown,recursion_limit,,focus,MELL,27304,515,3.201,0,0,0,0,0,0,2048,0.000,0.003
lltp,ILL/petri-nets/MCC,,,NeoElection_neoelection-4.unf_1_1.p,classical,auto,1,false,,5,0,3,,unknown,recursion_limit,,focus,MELL,27288,515,3.154,0,0,0,0,0,0,2048,0.000,0.004
lltp,ILL/petri-nets/MCC,,,NeoElection_neoelection-4.unf_10_1.p,classical,auto,1,false,,5,0,3,,unknown,recursion_limit,,focus,MELL,27296,515,3.192,0,0,0,0,0,0,2048,0.000,0.003
lltp,ILL/petri-nets/MCC,,,NeoElection_neoelection-4.unf_100_1.p,classical,auto,1,false,,5,0,3,,unknown,recursion_limit,,focus,MELL,27302,515,3.043,0,0,0,0,0,0,2048,0.000,0.003
lltp,ILL/petri-nets/MCC,,,NeoElection_neoelection-3.unf_5_1.p,classical,auto,1,false,,5,0,3,,unknown,timeout,,focus,MELL,11778,268,5179.521,1,0,0,8560640,0,0,2048,5170.000,3.164
lltp,ILL/petri-nets/MCC,,,NeoElection_neoelection-3.unf_50_1.p,classical,auto,1,false,,5,0,3,,unknown,timeout,,focus,MELL,11782,268,5105.518,1,0,0,7675904,0,0,2048,5100.000,2.826
lltp,ILL/petri-nets/MCC,,,NeoElection_neoelection-3.unf_20_1.p,classical,auto,1,false,,5,0,3,,unknown,timeout,,focus,MELL,11782,268,5324.664,1,0,0,10362880,0,0,2048,5310.000,2.888
lltp,ILL/petri-nets/MCC,,,NeoElection_neoelection-3.unf_1_1.p,classical,auto,1,false,,5,0,3,,unknown,timeout,,focus,MELL,11774,268,5233.498,1,0,0,8060928,0,0,2048,5220.000,3.048
lltp,ILL/petri-nets/MCC,,,NeoElection_neoelection-3.unf_10_1.p,classical,auto,1,false,,5,0,3,,unknown,timeout,,focus,MELL,11782,268,5230.676,1,0,0,8060928,0,0,2048,5220.000,3.597
lltp,ILL/petri-nets/MCC,,,NeoElection_neoelection-3.unf_100_1.p,classical,auto,1,false,,5,0,3,,unknown,timeout,,focus,MELL,11774,268,5200.296,1,0,0,8560640,0,0,2048,5190.000,2.721
lltp,ILL/petri-nets/MCC,,,NeoElection_neoelection-2.unf_5_1.p,classical,auto,1,false,,5,0,3,,unknown,timeout,,focus,MELL,4046,117,5002.777,3320607,3318556,2049,26962776,0,0,2048,4990.000,2.542
lltp,ILL/petri-nets/MCC,,,NeoElection_neoelection-2.unf_50_1.p,classical,auto,1,false,,5,0,3,,unknown,timeout,,focus,MELL,4042,117,5098.272,1,0,0,25620480,0,0,2048,5080.000,2.519
lltp,ILL/petri-nets/MCC,,,NeoElection_neoelection-2.unf_20_1.p,classical,auto,1,false,,5,0,3,,unknown,timeout,,focus,MELL,4046,117,5058.407,1,0,0,24301568,0,0,2048,5050.000,2.459
lltp,ILL/petri-nets/MCC,,,NeoElection_neoelection-2.unf_1_1.p,classical,auto,1,false,,5,0,3,,unknown,timeout,,focus,MELL,4042,117,5057.376,1292,1261,30,25542656,0,0,2048,5040.000,2.237
lltp,ILL/petri-nets/MCC,,,NeoElection_neoelection-2.unf_10_1.p,classical,auto,1,false,,5,0,3,,unknown,timeout,,focus,MELL,4046,117,5002.849,3040885,3038834,2049,26723628,0,0,2048,4990.000,2.207
lltp,ILL/petri-nets/MCC,,,NeighborGrid_z_5d_4n_1m_t_3_5_5_1.p,classical,auto,1,false,,5,0,3,,unknown,recursion_limit,,focus,MELL,790526,195,122.501,0,0,0,0,0,0,2048,120.000,0.103
lltp,ILL/petri-nets/MCC,,,NeighborGrid_z_5d_4n_1m_t_3_5_20_1.p,classical,auto,1,false,,5,0,3,,unknown,recursion_limit,,focus,MELL,790526,197,129.019,0,0,0,0,0,0,2048,140.000,0.101
lltp,ILL/petri-nets/MCC,,,NeighborGrid_z_5d_4n_1m_t_3_5_1_1.p,classical,auto,1,false,,5,0,3,,unknown,recursion_limit,,focus,MELL,790526,194,128.342,0,0,0,0,0,0,2048,130.000,0.104
lltp,ILL/petri-nets/MCC,,,NeighborGrid_z_4d_3n_2m_c_2_3_5_1.p,classical,auto,1,false,,5,0,3,,unknown,timeout,,focus,MELL,7174,58,5000.630,1,0,0,5963776,0,0,2048,4990.000,2.848
lltp,ILL/petri-nets/MCC,,,NeighborGrid_z_4d_3n_2m_c_2_3_20_1.p,classical,auto,1,false,,5,0,3,,unknown,timeout,,focus,MELL,7174,58,5016.886,1,0,0,6316032,0,0,2048,5000.000,2.934
lltp,ILL/petri-nets/MCC,,,NeighborGrid_z_4d_3n_2m_c_2_3_1_1.p,classical,auto,1,false,,5,0,3,,unknown,timeout,,focus,MELL,7174,58,5413.550,1,0,0,6553600,0,0,2048,5400.000,3.227
lltp,ILL/petri-nets/MCC,,,NeighborGrid_z_3d_3n_1m_t_1_1_5_1.p,classical,auto,1,false,,5,0,3,,proved,,ok,focus,MELL,754,8,0.170,22,0,19,230,0,0,2048,0.000,0.000
lltp,ILL/petri-nets/MCC,,,NeighborGrid_z_3d_3n_1m_t_1_1_20_1.p,classical,auto,1,false,,5,0,3,,proved,,ok,focus,MELL,754,7,0.062,1,0,1,26,0,0,2048,0.000,0.000
lltp,ILL/petri-nets/MCC,,,NeighborGrid_z_3d_3n_1m_t_1_1_1_1.p,classical,auto,1,false,,5,0,3,,proved,,ok,focus,MELL,754,8,0.156,22,1,18,225,0,0,2048,0.000,0.000
lltp,ILL/petri-nets/MCC,,,NeighborGrid_z_2d_3n_1m_t_1_2_5_1.p,classical,auto,1,false,,5,0,3,,unknown,timeout,,focus,MELL,322,11,5000.034,56323606,56323060,544,85047327,0,0,2048,4980.000,3.730
lltp,ILL/petri-nets/MCC,,,NeighborGrid_z_2d_3n_1m_t_1_2_50_1.p,classical,auto,1,false,,5,0,3,,proved,,ok,focus,MELL,322,11,1517.055,18036852,18036205,633,25337676,0,0,2048,1510.000,1.191
lltp,ILL/petri-nets/MCC,,,NeighborGrid_z_2d_3n_1m_t_1_2_20_1.p,classical,auto,1,false,,5,0,3,,proved,,ok,focus,MELL,322,11,1495.380,18036852,18036205,633,25337676,0,0,2048,1490.000,1.080
lltp,ILL/petri-nets/MCC,,,NeighborGrid_z_2d_3n_1m_t_1_2_1_1.p,classical,auto,1,false,,5,0,3,,proved,,ok,focus,MELL,322,10,3.273,26,0,23,58718,0,0,2048,0.000,0.003
lltp,ILL/petri-nets/MCC,,,NeighborGrid_z_2d_3n_1m_t_1_2_10_1.p,classical,auto,1,false,,5,0,3,,proved,,ok,focus,MELL,322,11,1573.897,18036852,18036205,633,25337676,0,0,2048,1570.000,1.218
lltp,ILL/petri-nets/MCC,,,NeighborGrid_z_2d_3n_1m_c_1_2_5_1.p,classical,auto,1,false,,5,0,3,,proved,,ok,focus,MELL,194,9,8.463,3708,3581,119,183881,0,0,2048,0.000,0.013
lltp,ILL/petri-nets/MCC,,,NeighborGrid_z_2d_3n_1m_c_1_2_50_1.p,classical,auto,1,false,,5,0,3,,unknown,timeout,,focus,MELL,194,12,5024.597,297830,297661,168,110952448,0,0,2048,5010.000,2.395
lltp,ILL/petri-nets/MCC,,,NeighborGrid_z_2d_3n_1m_c_1_2_20_1.p,classical,auto,1,false,,5,0,3,,unknown,timeout,,focus,MELL,194,12,5017.511,297830,297661,168,109690880,0,0,2048,5000.000,2.252
lltp,ILL/petri-nets/MCC,,,NeighborGrid_z_2d_3n_1m_c_1_2_1_1.p,classical,auto,1,false,,5,0,3,,proved,,ok,focus,MELL,194,9,0.907,20,0,17,19655,0,0,2048,0.000,0.000
lltp,ILL/petri-nets/MCC,,,NeighborGrid_z_2d_3n_1m_c_1_2_10_1.p,classical,auto,1,false,,5,0,3,,unknown,timeout,,focus,MELL,194,10,5006.248,87014,84951,2014,111759983,0,0,2048,4990.000,2.428
lltp,ILL/petri-nets/MCC,,,NeighborGrid_z_2d_3n_1m_c_1_2_100_1.p,classical,auto,1,false,,5,0,3,,unknown,timeout,,focus,MELL,194,12,5017.603,297830,297661,168,110354432,0,0,2048,5000.000,2.353
lltp,ILL/petri-nets/MCC,,,MultiwaySync_5_1.p,classical,auto,1,false,,5,0,3,,unknown,timeout,,focus,MELL,3046,167,5108.916,3,0,1,22175744,0,0,2048,5090.000,2.334
lltp,ILL/petri-nets/MCC,,,MultiwaySync_50_1.p,classical,auto,1,false,,5,0,3,,unknown,timeout,,focus,MELL,3044,167,5037.901,3,0,1,18898944,0,0,2048,5020.000,2.858
lltp,ILL/petri-nets/MCC,,,MultiwaySync_20_1.p,classical,auto,1,false,,5,0,3,,unknown,timeout,,focus,MELL,3046,167,5059.144,3,0,1,18898944,0,0,2048,5050.000,2.654
lltp,ILL/petri-nets/MCC,,,MultiwaySync_1_1.p,classical,auto,1,false,,5,0,3,,unknown,timeout,,focus,MELL,3046,167,5049.624,3,0,1,23318528,0,0,2048,5030.000,2.279
lltp,ILL/petri-nets/MCC,,,MultiwaySync_100_1.p,classical,auto,1,false,,5,0,3,,unknown,timeout,,focus,MELL,3044,167,5050.008,3,0,1,18898944,0,0,2048,5040.000,3.848
lltp,ILL/petri-nets/MCC,,,MAPK-8_5_1.p,classical,auto,1,false,,5,0,3,,unknown,timeout,,focus,MELL,320,10,6147.846,1,0,0,134991872,0,0,2048,6130.000,3.730
lltp,ILL/petri-nets/MCC,,,MAPK-8_50_1.p,classical,auto,1,false,,5,0,3,,unknown,timeout,,focus,MELL,318,10,5006.824,1,0,0,122687488,0,0,2048,4990.000,2.460
lltp,ILL/petri-nets/MCC,,,MAPK-8_20_1.p,classical,auto,1,false,,5,0,3,,unknown,timeout,,focus,MELL,322,10,5030.366,7579142,0,1048576,7579154,0,0,2048,5010.000,3.673
lltp,ILL/petri-nets/MCC,,,MAPK-8_1_1.p,classical,auto,1,false,,5,0,3,,unknown,timeout,,focus,MELL,320,10,5000.083,1,0,0,110620672,0,0,2048,4990.000,3.759
lltp,ILL/petri-nets/MCC,,,MAPK-8_10_1.p,classical,auto,1,false,,5,0,3,,unknown,timeout,,focus,MELL,322,10,5017.588,7444071,0,1048576,7444083,0,0,2048,5000.000,3.752
lltp,ILL/petri-nets/MCC,,,MAPK-80_5_1.p,classical,auto,1,false,,5,0,3,,unknown,context_too_wide,,focus,MELL,1616,82,0.053,1,0,0,20,0,0,2048,0.000,0.000
lltp,ILL/petri-nets/MCC,,,MAPK-80_50_1.p,classical,auto,1,false,,5,0,3,,unknown,context_too_wide,,focus,MELL,1578,82,0.039,1,0,0,0,0,0,2048,0.000,0.000
lltp,ILL/petri-nets/MCC,,,MAPK-80_20_1.p,classical,auto,1,false,,5,0,3,,unknown,context_too_wide,,focus,MELL,1618,82,0.181,2,0,1,50,0,0,2048,0.000,0.000
lltp,ILL/petri-nets/MCC,,,MAPK-80_1_1.p,classical,auto,1,false,,5,0,3,,unknown,context_too_wide,,focus,MELL,1616,82,0.050,1,0,0,19,0,0,2048,0.000,0.000
lltp,ILL/petri-nets/MCC,,,MAPK-80_10_1.p,classical,auto,1,false,,5,0,3,,unknown,context_too_wide,,focus,MELL,1618,82,0.177,2,0,1,50,0,0,2048,0.000,0.000
lltp,ILL/petri-nets/MCC,,,MAPK-80_100_1.p,classical,auto,1,false,,5,0,3,,unknown,context_too_wide,,focus,MELL,1578,82,0.040,1,0,0,0,0,0,2048,0.000,0.000
lltp,ILL/petri-nets/MCC,,,MAPK-40_5_1.p,classical,auto,1,false,,5,0,3,,unknown,context_too_wide,,focus,MELL,896,42,0.033,1,0,0,10,0,0,2048,0.000,0.000
lltp,ILL/petri-nets/MCC,,,MAPK-40_50_1.p,classical,auto,1,false,,5,0,3,,unknown,context_too_wide,,focus,MELL,878,42,0.028,1,0,0,1,0,0,2048,0.000,0.000
lltp,ILL/petri-nets/MCC,,,MAPK-40_20_1.p,classical,auto,1,false,,5,0,3,,unknown,context_too_wide,,focus,MELL,898,42,0.100,2,0,1,30,0,0,2048,0.000,0.000
lltp,ILL/petri-nets/MCC,,,MAPK-40_1_1.p,classical,auto,1,false,,5,0,3,,unknown,context_too_wide,,focus,MELL,896,42,0.036,1,0,0,9,0,0,2048,0.000,0.000
lltp,ILL/petri-nets/MCC,,,MAPK-40_10_1.p,classical,auto,1,false,,5,0,3,,unknown,context_too_wide,,focus,MELL,898,42,0.099,2,0,1,30,0,0,2048,0.000,0.000
lltp,ILL/petri-nets/MCC,,,MAPK-40_100_1.p,classical,auto,1,false,,5,0,3,,unknown,context_too_wide,,focus,MELL,878,42,0.028,1,0,0,0,0,0,2048,0.000,0.000
lltp,ILL/petri-nets/MCC,,,MAPK-320_5_1.p,classical,auto,1,false,,5,0,3,,unknown,context_too_wide,,focus,MELL,5936,322,0.268,1,0,0,80,0,0,2048,0.000,0.000
lltp,ILL/petri-nets/MCC,,,MAPK-320_50_1.p,classical,auto,1,false,,5,0,3,,unknown,context_too_wide,,focus,MELL,5838,322,0.196,1,0,0,30,0,0,2048,0.000,0.000
lltp,ILL/petri-nets/MCC,,,MAPK-320_20_1.p,classical,auto,1,false,,5,0,3,,unknown,context_too_wide,,focus,MELL,5938,322,0.810,2,0,1,170,0,0,2048,0.000,0.000
lltp,ILL/petri-nets/MCC,,,MAPK-320_1_1.p,classical,auto,1,false,,5,0,3,,unknown,context_too_wide,,focus,MELL,5936,322,0.262,1,0,0,79,0,0,2048,0.000,0.000
lltp,ILL/petri-nets/MCC,,,MAPK-320_10_1.p,classical,auto,1,false,,5,0,3,,unknown,context_too_wide,,focus,MELL,5938,322,0.816,2,0,1,170,0,0,2048,0.000,0.002
lltp,ILL/petri-nets/MCC,,,MAPK-320_100_1.p,classical,auto,1,false,,5,0,3,,unknown,context_too_wide,,focus,MELL,5778,322,0.129,1,0,0,0,0,0,2048,0.000,0.000
lltp,ILL/petri-nets/MCC,,,MAPK-20_5_1.p,classical,auto,1,false,,5,0,3,,unknown,context_too_wide,,focus,MELL,536,22,0.026,1,0,0,5,0,0,2048,0.000,0.000
lltp,ILL/petri-nets/MCC,,,MAPK-20_50_1.p,classical,auto,1,false,,5,0,3,,unknown,context_too_wide,,focus,MELL,526,22,0.023,1,0,0,0,0,0,2048,0.000,0.000
lltp,ILL/petri-nets/MCC,,,MAPK-20_20_1.p,classical,auto,1,false,,5,0,3,,unknown,context_too_wide,,focus,MELL,538,22,0.067,2,0,1,20,0,0,2048,0.000,0.000
lltp,ILL/petri-nets/MCC,,,MAPK-20_1_1.p,classical,auto,1,false,,5,0,3,,unknown,context_too_wide,,focus,MELL,536,22,0.026,1,0,0,4,0,0,2048,0.000,0.000
lltp,ILL/petri-nets/MCC,,,MAPK-20_10_1.p,classical,auto,1,false,,5,0,3,,unknown,context_too_wide,,focus,MELL,538,22,0.064,2,0,1,20,0,0,2048,0.000,0.000
lltp,ILL/petri-nets/MCC,,,MAPK-20_100_1.p,classical,auto,1,false,,5,0,3,,unknown,context_too_wide,,focus,MELL,526,22,0.023,1,0,0,0,0,0,2048,0.000,0.000
lltp,ILL/petri-nets/MCC,,,MAPK-160_5_1.p,classical,auto,1,false,,5,0,3,,unknown,context_too_wide,,focus,MELL,3056,162,0.093,1,0,0,40,0,0,2048,0.000,0.000
lltp,ILL/petri-nets/MCC,,,MAPK-160_50_1.p,classical,auto,1,false,,5,0,3,,unknown,context_too_wide,,focus,MELL,2974,162,0.060,1,0,0,0,0,0,2048,0.000,0.000
lltp,ILL/petri-nets/MCC,,,MAPK-160_20_1.p,classical,auto,1,false,,5,0,3,,unknown,context_too_wide,,focus,MELL,3058,162,0.343,2,0,1,90,0,0,2048,0.000,0.000
lltp,ILL/petri-nets/MCC,,,MAPK-160_1_1.p,classical,auto,1,false,,5,0,3,,unknown,context_too_wide,,focus,MELL,3056,162,0.089,1,0,0,39,0,0,2048,0.000,0.000
lltp,ILL/petri-nets/MCC,,,MAPK-160_10_1.p,classical,auto,1,false,,5,0,3,,unknown,context_too_wide,,focus,MELL,3058,162,0.344,2,0,1,90,0,0,2048,0.000,0.000
lltp,ILL/petri-nets/MCC,,,MAPK-160_100_1.p,classical,auto,1,false,,5,0,3,,unknown,context_too_wide,,focus,MELL,2978,162,0.063,1,0,0,0,0,0,2048,0.000,0.000
lltp,ILL/petri-nets/MCC,,,LamportFastMutEx_lamport_fmea-8_5_1.p,classical,auto,1,false,,5,0,3,,unknown,timeout,,focus,MELL,5938,118,5054.605,1,0,0,13320192,0,0,2048,5040.000,3.714
lltp,ILL/petri-nets/MCC,,,LamportFastMutEx_lamport_fmea-8_50_1.p,classical,auto,1,false,,5,0,3,,unknown,timeout,,focus,MELL,5938,118,5152.516,1,0,0,12554240,0,0,2048,5140.000,3.972
lltp,ILL/petri-nets/MCC,,,LamportFastMutEx_lamport_fmea-8_20_1.p,classical,auto,1,false,,5,0,3,,unknown,timeout,,focus,MELL,5938,118,5000.106,13566229,13566163,64,39463933,0,0,2048,4990.000,3.899
lltp,ILL/petri-nets/MCC,,,LamportFastMutEx_lamport_fmea-8_1_1.p,classical,auto,1,false,,5,0,3,,unknown,timeout,,focus,MELL,5938,118,5188.042,715951,8642,707303,10508839,0,0,2048,5170.000,3.146
lltp,ILL/petri-nets/MCC,,,LamportFastMutEx_lamport_fmea-8_10_1.p,classical,auto,1,false,,5,0,3,,unknown,timeout,,focus,MELL,5938,118,5052.024,1,0,0,15364096,0,0,2048,5040.000,2.801
lltp,ILL/petri-nets/MCC,,,LamportFastMutEx_lamport_fmea-8_100_1.p,classical,auto,1,false,,5,0,3,,unknown,timeout,,focus,MELL,5938,118,5154.988,1,0,0,12554240,0,0,2048,5140.000,2.947
lltp,ILL/petri-nets/MCC,,,LamportFastMutEx_lamport_fmea-7_5_1.p,classical,auto,1,false,,5,0,3,,unknown,timeout,,focus,MELL,4766,97,5023.230,1,0,0,17178624,0,0,2048,5010.000,2.837
lltp,ILL/petri-nets/MCC,,,LamportFastMutEx_lamport_fmea-7_50_1.p,classical,auto,1,false,,5,0,3,,unknown,timeout,,focus,MELL,4766,97,5022.697,52115,0,52113,16902000,0,0,2048,5010.000,3.348
lltp,ILL/petri-nets/MCC,,,LamportFastMutEx_lamport_fmea-7_20_1.p,classical,auto,1,false,,5,0,3,,unknown,timeout,,focus,MELL,4766,97,5000.107,16998088,16997990,96,44976891,0,0,2048,4990.000,3.190
lltp,ILL/petri-nets/MCC,,,LamportFastMutEx_lamport_fmea-7_1_1.p,classical,auto,1,false,,5,0,3,,proved,,ok,focus,MELL,4766,97,1127.185,204693,6723,197965,2770244,0,0,2048,1120.000,0.885
lltp,ILL/petri-nets/MCC,,,LamportFastMutEx_lamport_fmea-7_10_1.p,classical,auto,1,false,,5,0,3,,unknown,timeout,,focus,MELL,4766,97,5067.400,1,0,0,17743872,0,0,2048,5060.000,2.952
lltp,ILL/petri-nets/MCC,,,LamportFastMutEx_lamport_fmea-7_100_1.p,classical,auto,1,false,,5,0,3,,unknown,timeout,,focus,MELL,4766,97,5075.879,1,0,0,15671296,0,0,2048,5060.000,2.734
lltp,ILL/petri-nets/MCC,,,LamportFastMutEx_lamport_fmea-6_5_1.p,classical,auto,1,false,,5,0,3,,unknown,timeout,,focus,MELL,3722,78,5142.192,1,0,0,22306816,0,0,2048,5130.000,4.060
lltp,ILL/petri-nets/MCC,,,LamportFastMutEx_lamport_fmea-6_50_1.p,classical,auto,1,false,,5,0,3,,unknown,timeout,,focus,MELL,3722,78,5028.310,142541,0,142539,19341566,0,0,2048,5010.000,2.410
lltp,ILL/petri-nets/MCC,,,LamportFastMutEx_lamport_fmea-6_20_1.p,classical,auto,1,false,,5,0,3,,unknown,timeout,,focus,MELL,3722,78,5000.074,20839228,20839114,112,52081103,0,0,2048,4990.000,4.120
lltp,ILL/petri-nets/MCC,,,LamportFastMutEx_lamport_fmea-6_1_1.p,classical,auto,1,false,,5,0,3,,proved,,ok,focus,MELL,3722,78,182.275,38837,5043,33789,634047,0,0,2048,180.000,0.142
lltp,ILL/petri-nets/MCC,,,LamportFastMutEx_lamport_fmea-6_10_1.p,classical,auto,1,false,,5,0,3,,unknown,timeout,,focus,MELL,3722,78,5016.498,1,0,0,22069248,0,0,2048,5000.000,3.668
lltp,ILL/petri-nets/MCC,,,LamportFastMutEx_lamport_fmea-6_100_1.p,classical,auto,1,false,,5,0,3,,unknown,timeout,,focus,MELL,3722,78,5040.243,141473,0,141471,21281392,0,0,2048,5020.000,2.383
lltp,ILL/petri-nets/MCC,,,LamportFastMutEx_lamport_fmea-5_5_1.p,classical,auto,1,false,,5,0,3,,unknown,timeout,,focus,MELL,2806,61,5024.635,79619,72594,7007,30457856,0,0,2048,5000.000,2.468
lltp,ILL/petri-nets/MCC,,,LamportFastMutEx_lamport_fmea-5_50_1.p,classical,auto,1,false,,5,0,3,,unknown,timeout,,focus,MELL,2806,61,5030.076,3692,0,3690,27398144,0,0,2048,5020.000,3.787
lltp,ILL/petri-nets/MCC,,,LamportFastMutEx_lamport_fmea-5_20_1.p,classical,auto,1,false,,5,0,3,,unknown,timeout,,focus,MELL,2806,61,5000.066,30179894,30179764,128,60869176,0,0,2048,4990.000,3.392
lltp,ILL/petri-nets/MCC,,,LamportFastMutEx_lamport_fmea-5_1_1.p,classical,auto,1,false,,5,0,3,,proved,,ok,focus,MELL,2806,61,47.270,16629,3603,13021,204966,0,0,2048,40.000,0.030
lltp,ILL/petri-nets/MCC,,,LamportFastMutEx_lamport_fmea-5_10_1.p,classical,auto,1,false,,5,0,3,,unknown,timeout,,focus,MELL,2806,61,5030.464,4753134,4599102,153997,30851102,0,0,2048,5020.000,2.497
lltp,ILL/petri-nets/MCC,,,LamportFastMutEx_lamport_fmea-5_100_1.p,classical,auto,1,false,,5,0,3,,unknown,timeout,,focus,MELL,2806,61,5041.676,19456597,19236818,219777,33298311,0,0,2048,5030.000,2.792
lltp,ILL/petri-nets/MCC,,,LamportFastMutEx_lamport_fmea-4_5_1.p,classical,auto,1,false,,5,0,3,,unknown,timeout,,focus,MELL,2018,46,5014.831,1506755,1491027,15661,39718558,0,0,2048,5000.000,2.358
lltp,ILL/petri-nets/MCC,,,LamportFastMutEx_lamport_fmea-4_50_1.p,classical,auto,1,false,,5,0,3,,unknown,timeout,,focus,MELL,2018,46,5067.073,1753,0,1751,37085184,0,0,2048,5050.000,3.243
lltp,ILL/petri-nets/MCC,,,LamportFastMutEx_lamport_fmea-4_20_1.p,classical,auto,1,false,,5,0,3,,unknown,timeout,,focus,MELL,2026,46,5069.738,1,0,0,41160704,0,0,2048,5060.000,3.298
lltp,ILL/petri-nets/MCC,,,LamportFastMutEx_lamport_fmea-4_1_1.p,classical,auto,1,false,,5,0,3,,proved,,ok,focus,MELL,2018,46,11.135,5973,2403,3565,62495,0,0,2048,10.000,0.025
lltp,ILL/petri-nets/MCC,,,LamportFastMutEx_lamport_fmea-4_10_1.p,classical,auto,1,false,,5,0,3,,unknown,timeout,,focus,MELL,2018,46,5037.449,7865,0,7863,37318656,0,0,2048,5020.000,2.253
lltp,ILL/petri-nets/MCC,,,LamportFastMutEx_lamport_fmea-4_100_1.p,classical,auto,1,false,,5,0,3,,unknown,timeout,,focus,MELL,2018,46,5019.099,22225,0,22223,35913728,0,0,2048,5000.000,2.252
lltp,ILL/petri-nets/MCC,,,LamportFastMutEx_lamport_fmea-3_5_1.p,classical,auto,1,false,,5,0,3,,unknown,timeout,,focus,MELL,1358,33,5013.348,15752089,15658281,91217,49921975,0,0,2048,5000.000,2.421
lltp,ILL/petri-nets/MCC,,,LamportFastMutEx_lamport_fmea-3_50_1.p,classical,auto,1,false,,5,0,3,,unknown,timeout,,focus,MELL,1358,33,5009.466,30806027,30729261,75829,50722897,0,0,2048,4990.000,2.458
lltp,ILL/petri-nets/MCC,,,LamportFastMutEx_lamport_fmea-3_20_1.p,classical,auto,1,false,,5,0,3,,unknown,timeout,,focus,MELL,1358,33,5002.135,41226589,41209670,16788,61731159,0,0,2048,4990.000,2.255
lltp,ILL/petri-nets/MCC,,,LamportFastMutEx_lamport_fmea-3_1_1.p,classical,auto,1,false,,5,0,3,,proved,,ok,focus,MELL,1358,33,4.163,3541,1443,2093,28848,0,0,2048,0.000,0.019
lltp,ILL/petri-nets/MCC,,,LamportFastMutEx_lamport_fmea-3_10_1.p,classical,auto,1,false,,5,0,3,,unknown,timeout,,focus,MELL,1358,33,5004.975,11494780,11448147,46243,49581177,0,0,2048,4980.000,2.320
lltp,ILL/petri-nets/MCC,,,LamportFastMutEx_lamport_fmea-3_100_1.p,classical,auto,1,false,,5,0,3,,unknown,timeout,,focus,MELL,1358,33,5010.742,37245814,37163505,81284,51075985,0,0,2048,4990.000,2.496
lltp,ILL/petri-nets/MCC,,,LamportFastMutEx_lamport_fmea-2_5_1.p,classical,auto,1,false,,5,0,3,,unknown,timeout,,focus,MELL,826,22,5006.227,16216474,16157177,56606,65173181,0,0,2048,4990.000,2.370
lltp,ILL/petri-nets/MCC,,,LamportFastMutEx_lamport_fmea-2_50_1.p,classical,auto,1,false,,5,0,3,,unknown,timeout,,focus,MELL,826,22,5005.570,32612571,32531251,76481,61538214,0,0,2048,4990.000,2.487
lltp,ILL/petri-nets/MCC,,,LamportFastMutEx_lamport_fmea-2_20_1.p,classical,auto,1,false,,5,0,3,,unknown,timeout,,focus,MELL,830,22,5014.148,1281547,1269608,11634,71189526,0,0,2048,5000.000,2.269
lltp,ILL/petri-nets/MCC,,,LamportFastMutEx_lamport_fmea-2_1_1.p,classical,auto,1,false,,5,0,3,,proved,,ok,focus,MELL,826,22,1.080,1397,723,669,9165,0,0,2048,0.000,0.000
lltp,ILL/petri-nets/MCC,,,LamportFastMutEx_lamport_fmea-2_10_1.p,classical,auto,1,false,,5,0,3,,unknown,timeout,,focus,MELL,826,22,5004.883,22248068,22182356,62626,63641424,0,0,2048,4990.000,2.431
lltp,ILL/petri-nets/MCC,,,LamportFastMutEx_lamport_fmea-2_100_1.p,classical,auto,1,false,,5,0,3,,unknown,timeout,,focus,MELL,826,22,5005.319,32688706,32607309,76554,61705532,0,0,2048,4990.000,2.449
lltp,ILL/petri-nets/MCC,,,Kanban-5_5_1.p,classical,auto,1,false,,5,0,3,,unknown,timeout,,focus,MELL,158,7,5029.172,1,0,0,137093120,0,0,2048,5010.000,2.507
lltp,ILL/petri-nets/MCC,,,Kanban-5_50_1.p,classical,auto,1,false,,5,0,3,,unknown,timeout,,focus,MELL,158,6,5036.178,1,0,0,140189696,0,0,2048,5010.000,2.617
lltp,ILL/petri-nets/MCC,,,Kanban-5_20_1.p,classical,auto,1,false,,5,0,3,,unknown,timeout,,focus,MELL,158,6,5027.926,1,0,0,138903552,0,0,2048,5000.000,2.627
lltp,ILL/petri-nets/MCC,,,Kanban-5_1_1.p,classical,auto,1,false,,5,0,3,,proved,,ok,focus,MELL,158,6,426.332,8,0,6,8652378,0,0,2048,420.000,0.235
lltp,ILL/petri-nets/MCC,,,Kanban-5_10_1.p,classical,auto,1,false,,5,0,3,,unknown,timeout,,focus,MELL,158,6,5036.998,1,0,0,138575872,0,0,2048,5010.000,2.571
lltp,ILL/petri-nets/MCC,,,Kanban-50_5_1.p,classical,auto,1,false,,5,0,3,,unknown,context_too_wide,,focus,MELL,878,51,0.028,1,0,0,0,0,0,2048,0.000,0.000
lltp,ILL/petri-nets/MCC,,,Kanban-50_50_1.p,classical,auto,1,false,,5,0,3,,unknown,context_too_wide,,focus,MELL,878,52,0.025,1,0,0,0,0,0,2048,0.000,0.000
lltp,ILL/petri-nets/MCC,,,Kanban-50_20_1.p,classical,auto,1,false,,5,0,3,,unknown,context_too_wide,,focus,MELL,878,51,0.025,1,0,0,0,0,0,2048,0.000,0.000
lltp,ILL/petri-nets/MCC,,,Kanban-50_1_1.p,classical,auto,1,false,,5,0,3,,unknown,context_too_wide,,focus,MELL,878,51,0.024,1,0,0,0,0,0,2048,0.000,0.000
lltp,ILL/petri-nets/MCC,,,Kanban-50_10_1.p,classical,auto,1,false,,5,0,3,,unknown,context_too_wide,,focus,MELL,878,51,0.025,1,0,0,0,0,0,2048,0.000,0.000
lltp,ILL/petri-nets/MCC,,,Kanban-500_5_1.p,classical,auto,1,false,,5,0,3,,unknown,context_too_wide,,focus,MELL,8078,501,0.173,1,0,0,0,0,0,2048,0.000,0.000
lltp,ILL/petri-nets/MCC,,,Kanban-500_50_1.p,classical,auto,1,false,,5,0,3,,unknown,context_too_wide,,focus,MELL,8078,501,0.172,1,0,0,0,0,0,2048,0.000,0.000
lltp,ILL/petri-nets/MCC,,,Kanban-500_20_1.p,classical,auto,1,false,,5,0,3,,unknown,context_too_wide,,focus,MELL,8078,501,0.175,1,0,0,0,0,0,2048,0.000,0.000
lltp,ILL/petri-nets/MCC,,,Kanban-500_1_1.p,classical,auto,1,false,,5,0,3,,unknown,context_too_wide,,focus,MELL,8078,501,0.175,1,0,0,0,0,0,2048,0.000,0.000
lltp,ILL/petri-nets/MCC,,,Kanban-500_10_1.p,classical,auto,1,false,,5,0,3,,unknown,context_too_wide,,focus,MELL,8078,501,0.175,1,0,0,0,0,0,2048,0.000,0.000
lltp,ILL/petri-nets/MCC,,,Kanban-500_100_1.p,classical,auto,1,false,,5,0,3,,unknown,context_too_wide,,focus,MELL,8078,501,0.185,1,0,0,0,0,0,2048,0.000,0.000
lltp,ILL/petri-nets/MCC,,,Kanban-20_5_1.p,classical,auto,1,false,,5,0,3,,unknown,context_too_wide,,focus,MELL,398,21,0.017,1,0,0,0,0,0,2048,0.000,0.000
lltp,ILL/petri-nets/MCC,,,Kanban-20_20_1.p,classical,auto,1,false,,5,0,3,,unknown,context_too_wide,,focus,MELL,398,22,0.018,1,0,0,0,0,0,2048,0.000,0.000
lltp,ILL/petri-nets/MCC,,,Kanban-20_1_1.p,classical,auto,1,false,,5,0,3,,unknown,context_too_wide,,focus,MELL,398,21,0.018,1,0,0,0,0,0,2048,0.000,0.000
lltp,ILL/petri-nets/MCC,,,Kanban-20_10_1.p,classical,auto,1,false,,5,0,3,,unknown,context_too_wide,,focus,MELL,398,21,0.018,1,0,0,0,0,0,2048,0.000,0.000
lltp,ILL/petri-nets/MCC,,,Kanban-200_5_1.p,classical,auto,1,false,,5,0,3,,unknown,context_too_wide,,focus,MELL,3278,201,0.068,1,0,0,0,0,0,2048,0.000,0.000
lltp,ILL/petri-nets/MCC,,,Kanban-200_50_1.p,classical,auto,1,false,,5,0,3,,unknown,context_too_wide,,focus,MELL,3278,201,0.063,1,0,0,0,0,0,2048,0.000,0.000
lltp,ILL/petri-nets/MCC,,,Kanban-200_20_1.p,classical,auto,1,false,,5,0,3,,unknown,context_too_wide,,focus,MELL,3278,201,0.064,1,0,0,0,0,0,2048,0.000,0.000
lltp,ILL/petri-nets/MCC,,,Kanban-200_1_1.p,classical,auto,1,false,,5,0,3,,unknown,context_too_wide,,focus,MELL,3278,201,0.063,1,0,0,0,0,0,2048,0.000,0.000
lltp,ILL/petri-nets/MCC,,,Kanban-200_10_1.p,classical,auto,1,false,,5,0,3,,unknown,context_too_wide,,focus,MELL,3278,201,0.064,1,0,0,0,0,0,2048,0.000,0.000
lltp,ILL/petri-nets/MCC,,,Kanban-200_100_1.p,classical,auto,1,false,,5,0,3,,unknown,context_too_wide,,focus,MELL,3278,201,0.066,1,0,0,0,0,0,2048,0.000,0.000
lltp,ILL/petri-nets/MCC,,,Kanban-10_5_1.p,classical,auto,1,false,,5,0,3,,unknown,timeout,,focus,MELL,238,11,5022.773,1,0,0,151883776,0,0,2048,5010.000,3.108
lltp,ILL/petri-nets/MCC,,,Kanban-10_20_1.p,classical,auto,1,false,,5,0,3,,unknown,timeout,,focus,MELL,238,11,5035.449,1,0,0,135020544,0,0,2048,5020.000,2.474
lltp,ILL/petri-nets/MCC,,,Kanban-10_1_1.p,classical,auto,1,false,,5,0,3,,unknown,timeout,,focus,MELL,238,11,5102.181,1,0,0,101376000,0,0,2048,5080.000,2.537
lltp,ILL/petri-nets/MCC,,,Kanban-10_10_1.p,classical,auto,1,false,,5,0,3,,unknown,timeout,,focus,MELL,238,12,5012.421,1,0,0,136609792,0,0,2048,5000.000,2.665
lltp,ILL/petri-nets/MCC,,,Kanban-100_5_1.p,classical,auto,1,false,,5,0,3,,unknown,context_too_wide,,focus,MELL,1678,101,0.041,1,0,0,0,0,0,2048,0.000,0.000
lltp,ILL/petri-nets/MCC,,,Kanban-100_50_1.p,classical,auto,1,false,,5,0,3,,unknown,context_too_wide,,focus,MELL,1678,101,0.039,1,0,0,0,0,0,2048,0.000,0.000
lltp,ILL/petri-nets/MCC,,,Kanban-100_20_1.p,classical,auto,1,false,,5,0,3,,unknown,context_too_wide,,focus,MELL,1678,101,0.039,1,0,0,0,0,0,2048,0.000,0.000
lltp,ILL/petri-nets/MCC,,,Kanban-100_1_1.p,classical,auto,1,false,,5,0,3,,unknown,context_too_wide,,focus,MELL,1678,101,0.038,1,0,0,0,0,0,2048,0.000,0.012
lltp,ILL/petri-nets/MCC,,,Kanban-100_10_1.p,classical,auto,1,false,,5,0,3,,unknown,context_too_wide,,focus,MELL,1678,101,0.039,1,0,0,0,0,0,2048,0.000,0.000
lltp,ILL/petri-nets/MCC,,,Kanban-100_100_1.p,classical,auto,1,false,,5,0,3,,unknown,context_too_wide,,focus,MELL,1678,102,0.039,1,0,0,0,0,0,2048,0.000,0.000
lltp,ILL/petri-nets/MCC,,,Kanban-1000_5_1.p,classical,auto,1,false,,5,0,3,,unknown,context_too_wide,,focus,MELL,16078,1001,0.336,1,0,0,0,0,0,2048,0.000,0.000
lltp,ILL/petri-nets/MCC,,,Kanban-1000_50_1.p,classical,auto,1,false,,5,0,3,,unknown,context_too_wide,,focus,MELL,16078,1001,0.331,1,0,0,0,0,0,2048,0.000,0.000
lltp,ILL/petri-nets/MCC,,,Kanban-1000_20_1.p,classical,auto,1,false,,5,0,3,,unknown,context_too_wide,,focus,MELL,16078,1001,0.321,1,0,0,0,0,0,2048,0.000,0.000
lltp,ILL/petri-nets/MCC,,,Kanban-1000_1_1.p,classical,auto,1,false,,5,0,3,,unknown,context_too_wide,,focus,MELL,16078,1001,0.339,1,0,0,0,0,0,2048,0.000,0.000
lltp,ILL/petri-nets/MCC,,,Kanban-1000_10_1.p,classical,auto,1,false,,5,0,3,,unknown,context_too_wide,,focus,MELL,16078,1001,0.332,1,0,0,0,0,0,2048,0.000,0.000
lltp,ILL/petri-nets/MCC,,,Kanban-1000_100_1.p,classical,auto,1,false,,5,0,3,,unknown,context_too_wide,,focus,MELL,16078,1001,0.331,1,0,0,0,0,0,2048,0.000,0.000
lltp,ILL/petri-nets/MCC,,,JoinFreeModules_joinFree-5_5_1.p,classical,auto,1,false,,5,0,3,,unknown,timeout,,focus,MELL,766,13,5031.101,1425,1399,24,105357612,0,0,2048,5020.000,2.348
lltp,ILL/petri-nets/MCC,,,JoinFreeModules_joinFree-5_20_1.p,classical,auto,1,false,,5,0,3,,unknown,timeout,,focus,MELL,766,13,5034.570,1,0,0,108269568,0,0,2048,5010.000,2.545
lltp,ILL/petri-nets/MCC,,,JoinFreeModules_joinFree-5_1_1.p,classical,auto,1,false,,5,0,3,,proved,,ok,focus,MELL,766,13,0.109,3,0,2,113,0,0,2048,0.000,0.000
lltp,ILL/petri-nets/MCC,,,JoinFreeModules_joinFree-5_10_1.p,classical,auto,1,false,,5,0,3,,unknown,timeout,,focus,MELL,766,13,5026.021,3586,3520,65,93048832,0,0,2048,5010.000,2.267
lltp,ILL/petri-nets/MCC,,,JoinFreeModules_joinFree-50_5_1.p,classical,auto,1,false,,5,0,3,,unknown,recursion_limit,,focus,MELL,25606,103,8.326,1,0,0,1645,0,0,2048,0.000,0.006
lltp,ILL/petri-nets/MCC,,,JoinFreeModules_joinFree-50_50_1.p,classical,auto,1,false,,5,0,3,,unknown,context_too_wide,,focus,MELL,25606,103,0.926,1,0,0,0,0,0,2048,0.000,0.002
lltp,ILL/petri-nets/MCC,,,JoinFreeModules_joinFree-50_20_1.p,classical,auto,1,false,,5,0,3,,unknown,context_too_wide,,focus,MELL,25606,103,7.110,1,0,0,1481,0,0,2048,10.000,0.006
lltp,ILL/petri-nets/MCC,,,JoinFreeModules_joinFree-50_1_1.p,classical,auto,1,false,,5,0,3,,unknown,context_too_wide,,focus,MELL,25606,103,2.207,1,0,0,368,0,0,2048,0.000,0.002
lltp,ILL/petri-nets/MCC,,,JoinFreeModules_joinFree-50_100_1.p,classical,auto,1,false,,5,0,3,,unknown,context_too_wide,,focus,MELL,25606,103,0.948,1,0,0,0,0,0,2048,0.000,0.002
lltp,ILL/petri-nets/MCC,,,JoinFreeModules_joinFree-4_5_1.p,classical,auto,1,false,,5,0,,,unknown,killed,,,,,,10523.238,,,,,,,,,
lltp,ILL/petri-nets/MCC,,,JoinFreeModules_joinFree-4_20_1.p,classical,auto,1,false,,5,0,3,,unknown,timeout,,focus,MELL,582,12,5012.129,1,0,0,116555776,0,0,2048,5000.000,2.884
lltp,ILL/petri-nets/MCC,,,JoinFreeModules_joinFree-4_1_1.p,classical,auto,1,false,,5,0,3,,proved,,ok,focus,MELL,582,11,0.099,3,0,2,77,0,0,2048,0.000,0.000
lltp,ILL/petri-nets/MCC,,,JoinFreeModules_joinFree-4_10_1.p,classical,auto,1,false,,5,0,3,,unknown,timeout,,focus,MELL,582,13,5019.837,3586,3520,65,96235520,0,0,2048,5000.000,2.295
lltp,ILL/petri-nets/MCC,,,JoinFreeModules_joinFree-3_5_1.p,classical,auto,1,false,,5,0,3,,unknown,timeout,,focus,MELL,414,11,5003.361,58641217,58640182,1033,84241422,0,0,2048,4990.000,2.756
lltp,ILL/petri-nets/MCC,,,JoinFreeModules_joinFree-3_50_1.p,classical,auto,1,false,,5,0,3,,unknown,timeout,,focus,MELL,414,11,5006.682,46263506,46262471,1033,88222581,0,0,2048,4990.000,2.160
lltp,ILL/petri-nets/MCC,,,JoinFreeModules_joinFree-3_20_1.p,classical,auto,1,false,,5,0,3,,unknown,timeout,,focus,MELL,414,13,5007.626,46838912,46837877,1033,88917142,0,0,2048,4990.000,2.188
lltp,ILL/petri-nets/MCC,,,JoinFreeModules_joinFree-3_1_1.p,classical,auto,1,false,,5,0,3,,proved,,ok,focus,MELL,414,10,0.059,3,0,2,47,0,0,2048,0.000,0.000
lltp,ILL/petri-nets/MCC,,,JoinFreeModules_joinFree-3_10_1.p,classical,auto,1,false,,5,0,3,,unknown,timeout,,focus,MELL,414,13,5004.566,55476011,55474913,1096,84834569,0,0,2048,4990.000,2.163
lltp,ILL/petri-nets/MCC,,,JoinFreeModules_joinFree-3_100_1.p,classical,auto,1,false,,5,0,3,,unknown,timeout,,focus,MELL,414,11,5008.897,45921444,45920409,1033,87797503,0,0,2048,4990.000,2.175
lltp,ILL/petri-nets/MCC,,,JoinFreeModules_joinFree-20_5_1.p,classical,auto,1,false,,5,0,3,,unknown,timeout,,focus,MELL,5446,43,5039.236,408,389,18,42700800,0,0,2048,5020.000,2.314
lltp,ILL/petri-nets/MCC,,,JoinFreeModules_joinFree-20_50_1.p,classical,auto,1,false,,5,0,3,,unknown,context_too_wide,,focus,MELL,5446,43,0.134,1,0,0,0,0,0,2048,0.000,0.003
lltp,ILL/petri-nets/MCC,,,JoinFreeModules_joinFree-20_20_1.p,classical,auto,1,false,,5,0,3,,unknown,context_too_wide,,focus,MELL,5446,43,0.127,1,0,0,0,0,0,2048,0.000,0.000
lltp,ILL/petri-nets/MCC,,,JoinFreeModules_joinFree-20_1_1.p,classical,auto,1,false,,5,0,3,,proved,,ok,focus,MELL,5446,43,2.974,3,0,2,1373,0,0,2048,0.000,0.003
lltp,ILL/petri-nets/MCC,,,JoinFreeModules_joinFree-20_100_1.p,classical,auto,1,false,,5,0,3,,unknown,context_too_wide,,focus,MELL,5446,43,2.040,2,0,1,32,0,0,2048,0.000,0.006
lltp,ILL/petri-nets/MCC,,,JoinFreeModules_joinFree-10_5_1.p,classical,auto,1,false,,5,0,3,,unknown,timeout,,focus,MELL,1926,23,5028.050,1097,1072,24,72953856,0,0,2048,5020.000,2.284
lltp,ILL/petri-nets/MCC,,,JoinFreeModules_joinFree-10_50_1.p,classical,auto,1,false,,5,0,3,,unknown,context_too_wide,,focus,MELL,1926,23,0.277,2,0,1,12,0,0,2048,0.000,0.000
lltp,ILL/petri-nets/MCC,,,JoinFreeModules_joinFree-10_20_1.p,classical,auto,1,false,,5,0,3,,unknown,context_too_wide,,focus,MELL,1926,23,0.054,1,0,0,0,0,0,2048,0.000,0.000
lltp,ILL/petri-nets/MCC,,,JoinFreeModules_joinFree-10_1_1.p,classical,auto,1,false,,5,0,3,,proved,,ok,focus,MELL,1926,23,0.381,3,0,2,383,0,0,2048,0.000,0.000
lltp,ILL/petri-nets/MCC,,,JoinFreeModules_joinFree-10_100_1.p,classical,auto,1,false,,5,0,3,,unknown,context_too_wide,,focus,MELL,1926,23,0.053,1,0,0,0,0,0,2048,0.000,0.000
lltp,ILL/petri-nets/MCC,,,JoinFreeModules_joinFree-100_5_1.p,classical,auto,1,false,,5,0,3,,unknown,recursion_limit,,focus,MELL,91206,203,22.928,1,0,0,1245,0,0,2048,10.000,0.018
lltp,ILL/petri-nets/MCC,,,JoinFreeModules_joinFree-100_50_1.p,classical,auto,1,false,,5,0,3,,unknown,context_too_wide,,focus,MELL,91206,203,21.031,1,0,0,1133,0,0,2048,10.000,0.018
lltp,ILL/petri-nets/MCC,,,JoinFreeModules_joinFree-100_20_1.p,classical,auto,1,false,,5,0,3,,unknown,recursion_limit,,focus,MELL,91206,203,23.709,1,0,0,1245,0,0,2048,20.000,0.019
lltp,ILL/petri-nets/MCC,,,JoinFreeModules_joinFree-100_1_1.p,classical,auto,1,false,,5,0,3,,unknown,context_too_wide,,focus,MELL,91206,203,16.091,1,0,0,718,0,0,2048,10.000,0.077
lltp,ILL/petri-nets/MCC,,,JoinFreeModules_joinFree-100_100_1.p,classical,auto,1,false,,5,0,3,,unknown,context_too_wide,,focus,MELL,91206,203,5.806,1,0,0,0,0,0,2048,0.000,0.005
lltp,ILL/petri-nets/MCC,,,IOTPpurchase_IOTP_c5m4p3d2_5_1.p,classical,auto,1,false,,5,0,3,,unknown,timeout,,focus,MELL,554,6,5004.508,1,0,0,104128512,0,0,2048,4990.000,4.232
lltp,ILL/petri-nets/MCC,,,IOTPpurchase_IOTP_c5m4p3d2_50_1.p,classical,auto,1,false,,5,0,3,,unknown,timeout,,focus,MELL,554,6,5016.981,1,0,0,102121472,0,0,2048,5000.000,3.279
lltp,ILL/petri-nets/MCC,,,IOTPpurchase_IOTP_c5m4p3d2_20_1.p,classical,auto,1,false,,5,0,3,,unknown,timeout,,focus,MELL,554,6,5034.595,1,0,0,104067072,0,0,2048,5020.000,2.655
lltp,ILL/petri-nets/MCC,,,IOTPpurchase_IOTP_c5m4p3d2_1_1.p,classical,auto,1,false,,5,0,,,unknown,killed,,,,,,10513.325,,,,,,,,,
lltp,ILL/petri-nets/MCC,,,IOTPpurchase_IOTP_c5m4p3d2_10_1.p,classical,auto,1,false,,5,0,3,,unknown,timeout,,focus,MELL,554,6,5029.701,1,0,0,104304640,0,0,2048,5020.000,3.987
lltp,ILL/petri-nets/MCC,,,IOTPpurchase_IOTP_c5m4p3d2_100_1.p,classical,auto,1,false,,5,0,3,,unknown,timeout,,focus,MELL,574,6,5015.173,1,0,0,100868096,0,0,2048,5000.000,3.774
lltp,ILL/petri-nets/MCC,,,IOTPpurchase_IOTP_c3m3p3d3_5_1.p,classical,auto,1,false,,5,0,3,,unknown,timeout,,focus,MELL,546,4,5024.712,1,0,0,105320448,0,0,2048,5010.000,2.816
lltp,ILL/petri-nets/MCC,,,IOTPpurchase_IOTP_c3m3p3d3_50_1.p,classical,auto,1,false,,5,0,3,,unknown,timeout,,focus,MELL,554,4,5032.280,1,0,0,105365504,0,0,2048,5020.000,2.895
lltp,ILL/petri-nets/MCC,,,IOTPpurchase_IOTP_c3m3p3d3_20_1.p,classical,auto,1,false,,5,0,3,,unknown,timeout,,focus,MELL,556,4,5008.054,1,0,0,103555072,0,0,2048,4990.000,2.837
lltp,ILL/petri-nets/MCC,,,IOTPpurchase_IOTP_c3m3p3d3_1_1.p,classical,auto,1,false,,5,0,3,,unknown,timeout,,focus,MELL,546,4,5037.389,4,0,3,87506944,0,0,2048,5020.000,2.538
lltp,ILL/petri-nets/MCC,,,IOTPpurchase_IOTP_c3m3p3d3_10_1.p,classical,auto,1,false,,5,0,3,,unknown,timeout,,focus,MELL,556,4,5009.533,1,0,0,103333888,0,0,2048,5000.000,3.049
lltp,ILL/petri-nets/MCC,,,IOTPpurchase_IOTP_c3m3p3d3_100_1.p,classical,auto,1,false,,5,0,3,,unknown,timeout,,focus,MELL,554,4,5023.105,1,0,0,104128512,0,0,2048,5010.000,2.833
lltp,ILL/petri-nets/MCC,,,IOTPpurchase_IOTP_c1m1p1d1_5_1.p,classical,auto,1,false,,5,0,3,,unknown,timeout,,focus,MELL,514,2,5004.645,52428180,52336628,91542,62736020,0,0,2048,4990.000,3.506
lltp,ILL/petri-nets/MCC,,,IOTPpurchase_IOTP_c1m1p1d1_50_1.p,classical,auto,1,false,,5,0,3,,unknown,timeout,,focus,MELL,514,2,5005.240,52711823,52619199,92614,63019792,0,0,2048,4980.000,3.218
lltp,ILL/petri-nets/MCC,,,IOTPpurchase_IOTP_c1m1p1d1_20_1.p,classical,auto,1,false,,5,0,3,,unknown,timeout,,focus,MELL,522,2,5000.937,59465472,59464051,1415,73331311,0,0,2048,4980.000,2.830
lltp,ILL/petri-nets/MCC,,,IOTPpurchase_IOTP_c1m1p1d1_1_1.p,classical,auto,1,false,,5,0,3,,proved,,ok,focus,MELL,514,2,35.006,4,0,2,626217,0,0,2048,30.000,0.031
lltp,ILL/petri-nets/MCC,,,IOTPpurchase_IOTP_c1m1p1d1_10_1.p,classical,auto,1,false,,5,0,3,,unknown,timeout,,focus,MELL,514,2,5003.208,1,0,0,98004992,0,0,2048,4980.000,2.563
lltp,ILL/petri-nets/MCC,,,IOTPpurchase_IOTP_c1m1p1d1_100_1.p,classical,auto,1,false,,5,0,3,,unknown,timeout,,focus,MELL,514,2,5024.743,1,0,0,101265408,0,0,2048,5000.000,3.106
lltp,ILL/petri-nets/MCC,,,IOTPpurchase_IOTP_c12m10p15d17_5_1.p,classical,auto,1,false,,5,0,3,,unknown,context_too_wide,,focus,MELL,714,18,0.043,1,0,0,0,0,0,2048,0.000,0.000
lltp,ILL/petri-nets/MCC,,,IOTPpurchase_IOTP_c12m10p15d17_50_1.p,classical,auto,1,false,,5,0,3,,unknown,context_too_wide,,focus,MELL,724,18,0.038,1,0,0,0,0,0,2048,0.000,0.000
lltp,ILL/petri-nets/MCC,,,IOTPpurchase_IOTP_c12m10p15d17_20_1.p,classical,auto,1,false,,5,0,3,,unknown,context_too_wide,,focus,MELL,714,18,0.039,1,0,0,0,0,0,2048,0.000,0.000
lltp,ILL/petri-nets/MCC,,,IOTPpurchase_IOTP_c12m10p15d17_1_1.p,classical,auto,1,false,,5,0,3,,unknown,context_too_wide,,focus,MELL,714,18,0.038,1,0,0,0,0,0,2048,0.000,0.000
lltp,ILL/petri-nets/MCC,,,IOTPpurchase_IOTP_c12m10p15d17_10_1.p,classical,auto,1,false,,5,0,3,,unknown,context_too_wide,,focus,MELL,714,18,0.042,1,0,0,0,0,0,2048,0.000,0.000
lltp,ILL/petri-nets/MCC,,,IOTPpurchase_IOTP_c12m10p15d17_100_1.p,classical,auto,1,false,,5,0,3,,unknown,context_too_wide,,focus,MELL,714,18,0.037,1,0,0,0,0,0,2048,0.000,0.000
lltp,ILL/petri-nets/MCC,,,IBMB2S565S3960_5_1.p,classical,auto,1,false,,5,0,3,,unknown,timeout,,focus,MELL,1166,7,5000.066,21464401,21464014,382,55793206,0,0,2048,4990.000,3.012
lltp,ILL/petri-nets/MCC,,,IBMB2S565S3960_50_1.p,classical,auto,1,false,,5,0,3,,unknown,timeout,,focus,MELL,1180,7,5028.755,3,0,1,52170752,0,0,2048,5020.000,2.662
lltp,ILL/petri-nets/MCC,,,IBMB2S565S3960_20_1.p,classical,auto,1,false,,5,0,3,,unknown,timeout,,focus,MELL,1168,7,5000.045,31373142,31372850,287,63626947,0,0,2048,4990.000,2.556
lltp,ILL/petri-nets/MCC,,,IBMB2S565S3960_1_1.p,classical,auto,1,false,,5,0,3,,unknown,timeout,,focus,MELL,1166,7,5000.096,33785253,33784707,541,61920156,0,0,2048,4990.000,2.051
lltp,ILL/petri-nets/MCC,,,IBMB2S565S3960_10_1.p,classical,auto,1,false,,5,0,3,,unknown,timeout,,focus,MELL,1170,7,5000.032,30326867,30326572,290,61910744,0,0,2048,4990.000,1.997
lltp,ILL/petri-nets/MCC,,,IBMB2S565S3960_100_1.p,classical,auto,1,false,,5,0,3,,unknown,timeout,,focus,MELL,1184,7,5000.032,17296512,17296292,215,63978040,0,0,2048,4990.000,2.041
lltp,ILL/petri-nets/MCC,,,IBM703_5_1.p,classical,auto,1,false,,5,0,3,,unknown,copy_bound,,focus,MELL,1146,5,1638.095,4717336,4596286,110822,7079832,0,0,2048,1620.000,0.926
lltp,ILL/petri-nets/MCC,,,IBM703_50_1.p,classical,auto,1,false,,5,0,3,,unknown,copy_bound,,focus,MELL,1146,5,1700.874,4951111,4826657,113954,7370612,0,0,2048,1690.000,0.951
lltp,ILL/petri-nets/MCC,,,IBM703_20_1.p,classical,auto,1,false,,5,0,3,,unknown,copy_bound,,focus,MELL,1146,5,1708.309,4951111,4826657,113954,7370612,0,0,2048,1700.000,0.984
lltp,ILL/petri-nets/MCC,,,IBM703_1_1.p,classical,auto,1,false,,5,0,3,,proved,,ok,focus,MELL,1146,5,0.122,2,0,1,1,0,0,2048,0.000,0.000
lltp,ILL/petri-nets/MCC,,,IBM703_10_1.p,classical,auto,1,false,,5,0,3,,unknown,copy_bound,,focus,MELL,1146,5,1607.842,4679542,4561518,107904,7021600,0,0,2048,1600.000,0.928
lltp,ILL/petri-nets/MCC,,,IBM703_100_1.p,classical,auto,1,false,,5,0,3,,unknown,copy_bound,,focus,MELL,1148,5,1617.608,4679542,4561518,107904,7079902,0,0,2048,1610.000,0.942
lltp,ILL/petri-nets/MCC,,,IBM5964_5_1.p,classical,auto,1,false,,5,0,3,,unknown,timeout,,focus,MELL,1106,3,5000.041,31837945,31837697,243,64580672,0,0,2048,4990.000,3.208
lltp,ILL/petri-nets/MCC,,,IBM5964_50_1.p,classical,auto,1,false,,5,0,3,,unknown,timeout,,focus,MELL,1116,6,5000.028,22391562,22391398,159,65552515,0,0,2048,4990.000,2.901
lltp,ILL/petri-nets/MCC,,,IBM5964_20_1.p,classical,auto,1,false,,5,0,3,,unknown,timeout,,focus,MELL,1108,3,5000.039,28220648,28220422,221,63754124,0,0,2048,4990.000,2.243
lltp,ILL/petri-nets/MCC,,,IBM5964_1_1.p,classical,auto,1,false,,5,0,3,,proved,,ok,focus,MELL,1100,3,1870.347,14288349,14287778,568,22583659,0,0,2048,1860.000,0.804
lltp,ILL/petri-nets/MCC,,,IBM5964_10_1.p,classical,auto,1,false,,5,0,3,,unknown,timeout,,focus,MELL,1102,3,5000.042,36611023,36610667,351,64111083,0,0,2048,4990.000,2.094
lltp,ILL/petri-nets/MCC,,,IBM319_5_1.p,classical,auto,1,false,,5,0,3,,unknown,copy_bound,,focus,MELL,1056,4,4361.304,7475326,7336305,126569,31976673,0,0,2048,4350.000,2.495
lltp,ILL/petri-nets/MCC,,,IBM319_50_1.p,classical,auto,1,false,,5,0,3,,unknown,timeout,,focus,MELL,1064,4,5013.725,22626674,22524768,92856,46107693,0,0,2048,5000.000,2.521
lltp,ILL/petri-nets/MCC,,,IBM319_20_1.p,classical,auto,1,false,,5,0,3,,unknown,copy_bound,,focus,MELL,1056,4,4152.881,6990259,6860410,117954,30885021,0,0,2048,4130.000,2.372
lltp,ILL/petri-nets/MCC,,,IBM319_1_1.p,classical,auto,1,false,,5,0,3,,proved,,ok,focus,MELL,1062,4,0.436,473,302,168,1649,0,0,2048,0.000,0.000
lltp,ILL/petri-nets/MCC,,,IBM319_10_1.p,classical,auto,1,false,,5,0,3,,unknown,copy_bound,,focus,MELL,1056,4,4278.158,7951063,7820446,118735,31681490,0,0,2048,4260.000,2.345
lltp,ILL/petri-nets/MCC,,,IBM319_100_1.p,classical,auto,1,false,,5,0,3,,unknown,copy_bound,,focus,MELL,1056,4,4452.022,8474750,8336850,125448,33193162,0,0,2048,4430.000,2.410
lltp,ILL/petri-nets/MCC,,,HypertorusGrid_ht_d5k3p2b10_5_1.p,classical,auto,1,false,,5,0,3,,unknown,recursion_limit,,focus,MELL,233278,101,31.807,0,0,0,0,0,0,2048,30.000,0.027
lltp,ILL/petri-nets/MCC,,,HypertorusGrid_ht_d5k3p2b10_50_1.p,classical,auto,1,false,,5,0,3,,unknown,recursion_limit,,focus,MELL,233278,101,32.574,0,0,0,0,0,0,2048,30.000,0.028
lltp,ILL/petri-nets/MCC,,,HypertorusGrid_ht_d5k3p2b10_20_1.p,classical,auto,1,false,,5,0,3,,unknown,recursion_limit,,focus,MELL,233278,101,32.085,0,0,0,0,0,0,2048,30.000,0.026
lltp,ILL/petri-nets/MCC,,,HypertorusGrid_ht_d5k3p2b10_1_1.p,classical,auto,1,false,,5,0,3,,unknown,recursion_limit,,focus,MELL,233278,101,32.773,0,0,0,0,0,0,2048,30.000,0.029
lltp,ILL/petri-nets/MCC,,,HypertorusGrid_ht_d5k3p2b10_100_1.p,classical,auto,1,false,,5,0,3,,unknown,recursion_limit,,focus,MELL,233278,101,32.277,0,0,0,0,0,0,2048,40.000,0.030
lltp,ILL/petri-nets/MCC,,,HypertorusGrid_ht_d4k3p2b08_5_1.p,classical,auto,1,false,,5,0,3,,unknown,recursion_limit,,focus,MELL,51838,65,7.967,0,0,0,0,0,0,2048,0.000,0.007
lltp,ILL/petri-nets/MCC,,,HypertorusGrid_ht_d4k3p2b08_50_1.p,classical,auto,1,false,,5,0,3,,unknown,recursion_limit,,focus,MELL,51838,65,7.590,0,0,0,0,0,0,2048,0.000,0.008
lltp,ILL/petri-nets/MCC,,,HypertorusGrid_ht_d4k3p2b08_20_1.p,classical,auto,1,false,,5,0,3,,unknown,recursion_limit,,focus,MELL,51838,65,6.701,0,0,0,0,0,0,2048,0.000,0.005
lltp,ILL/petri-nets/MCC,,,HypertorusGrid_ht_d4k3p2b08_1_1.p,classical,auto,1,false,,5,0,3,,unknown,recursion_limit,,focus,MELL,51838,65,7.458,0,0,0,0,0,0,2048,0.000,0.005
lltp,ILL/petri-nets/MCC,,,HypertorusGrid_ht_d4k3p2b08_100_1.p,classical,auto,1,false,,5,0,3,,unknown,recursion_limit,,focus,MELL,51838,66,7.426,0,0,0,0,0,0,2048,0.000,0.005
lltp,ILL/petri-nets/MCC,,,HypertorusGrid_ht_d3k3p2b06_5_1.p,classical,auto,1,false,,5,0,3,,unknown,context_too_wide,,focus,MELL,10366,37,0.822,1,0,0,76,0,0,2048,0.000,0.000
lltp,ILL/petri-nets/MCC,,,HypertorusGrid_ht_d3k3p2b06_50_1.p,classical,auto,1,false,,5,0,3,,unknown,context_too_wide,,focus,MELL,10366,38,0.795,1,0,0,54,0,0,2048,0.000,0.000
lltp,ILL/petri-nets/MCC,,,HypertorusGrid_ht_d3k3p2b06_20_1.p,classical,auto,1,false,,5,0,3,,unknown,context_too_wide,,focus,MELL,10366,37,0.828,1,0,0,61,0,0,2048,0.000,0.000
lltp,ILL/petri-nets/MCC,,,HypertorusGrid_ht_d3k3p2b06_1_1.p,classical,auto,1,false,,5,0,3,,unknown,context_too_wide,,focus,MELL,10366,37,1.014,1,0,0,161,0,0,2048,0.000,0.004
lltp,ILL/petri-nets/MCC,,,HypertorusGrid_ht_d3k3p2b06_100_1.p,classical,auto,1,false,,5,0,3,,unknown,context_too_wide,,focus,MELL,10366,40,0.758,1,0,0,27,0,0,2048,0.000,0.000
lltp,ILL/petri-nets/MCC,,,HypertorusGrid_ht_d2k3p2b04_5_1.p,classical,auto,1,false,,5,0,3,,unknown,context_too_wide,,focus,MELL,1726,18,0.070,1,0,0,15,0,0,2048,0.000,0.000
lltp,ILL/petri-nets/MCC,,,HypertorusGrid_ht_d2k3p2b04_50_1.p,classical,auto,1,false,,5,0,3,,unknown,context_too_wide,,focus,MELL,1726,20,0.066,1,0,0,6,0,0,2048,0.000,0.000
lltp,ILL/petri-nets/MCC,,,HypertorusGrid_ht_d2k3p2b04_20_1.p,classical,auto,1,false,,5,0,3,,unknown,context_too_wide,,focus,MELL,1726,19,0.065,1,0,0,7,0,0,2048,0.000,0.000
lltp,ILL/petri-nets/MCC,,,HypertorusGrid_ht_d2k3p2b04_1_1.p,classical,auto,1,false,,5,0,3,,unknown,context_too_wide,,focus,MELL,1726,17,0.074,1,0,0,17,0,0,2048,0.000,0.000
lltp,ILL/petri-nets/MCC,,,HypertorusGrid_ht_d2k3p2b04_100_1.p,classical,auto,1,false,,5,0,3,,unknown,context_too_wide,,focus,MELL,1726,20,0.065,1,0,0,0,0,0,2048,0.000,0.000
lltp,ILL/petri-nets/MCC,,,HypertorusGrid_ht_d2k2p1b00_5_1.p,classical,auto,1,false,,5,0,3,,unknown,timeout,,focus,MELL,638,15,5026.919,1,0,0,84955136,0,0,2048,5010.000,3.755
lltp,ILL/petri-nets/MCC,,,HypertorusGrid_ht_d2k2p1b00_50_1.p,classical,auto,1,false,,5,0,3,,unknown,timeout,,focus,MELL,638,13,5018.747,1,0,0,86052864,0,0,2048,5010.000,2.842
lltp,ILL/petri-nets/MCC,,,HypertorusGrid_ht_d2k2p1b00_20_1.p,classical,auto,1,false,,5,0,3,,unknown,timeout,,focus,MELL,638,16,5010.795,1,0,0,88457216,0,0,2048,5000.000,2.614
lltp,ILL/petri-nets/MCC,,,HypertorusGrid_ht_d2k2p1b00_1_1.p,classical,auto,1,false,,5,0,3,,unknown,timeout,,focus,MELL,638,13,5007.099,2,0,1,85221376,0,0,2048,4990.000,2.581
lltp,ILL/petri-nets/MCC,,,HypertorusGrid_ht_d2k2p1b00_100_1.p,classical,auto,1,false,,5,0,3,,unknown,timeout,,focus,MELL,638,13,5017.912,1,0,0,89092096,0,0,2048,5000.000,3.605
lltp,ILL/petri-nets/MCC,,,HypertorusGrid_ht_d2k1p8b00_5_1.p,classical,auto,1,false,,5,0,3,,unknown,timeout,,focus,MELL,270,13,5016.764,1,0,0,133386240,0,0,2048,5000.000,2.624
lltp,ILL/petri-nets/MCC,,,HypertorusGrid_ht_d2k1p8b00_50_1.p,classical,auto,1,false,,5,0,3,,unknown,timeout,,focus,MELL,270,16,5023.803,1,0,0,138190848,0,0,2048,5010.000,2.505
lltp,ILL/petri-nets/MCC,,,HypertorusGrid_ht_d2k1p8b00_20_1.p,classical,auto,1,false,,5,0,3,,unknown,timeout,,focus,MELL,270,17,5043.132,1,0,0,134533120,0,0,2048,5030.000,2.359
lltp,ILL/petri-nets/MCC,,,HypertorusGrid_ht_d2k1p8b00_1_1.p,classical,auto,1,false,,5,0,3,,unknown,timeout,,focus,MELL,270,13,5000.774,1,0,0,132341760,0,0,2048,4990.000,4.131
lltp,ILL/petri-nets/MCC,,,HypertorusGrid_ht_d2k1p8b00_10_1.p,classical,auto,1,false,,5,0,3,,unknown,timeout,,focus,MELL,270,14,5009.550,1,0,0,141426688,0,0,2048,5000.000,3.748
lltp,ILL/petri-nets/MCC,,,HypertorusGrid_ht_d2k1p8b00_100_1.p,classical,auto,1,false,,5,0,3,,unknown,timeout,,focus,MELL,270,17,5037.429,1,0,0,135651328,0,0,2048,5020.000,2.257
lltp,ILL/petri-nets/MCC,,,HypercubeGrid_hc5k3p3b15_5_1.p,classical,auto,1,false,,5,0,3,,unknown,recursion_limit,,focus,MELL,257578,106,35.039,0,0,0,0,0,0,2048,40.000,0.030
lltp,ILL/petri-nets/MCC,,,HypercubeGrid_hc5k3p3b15_50_1.p,classical,auto,1,false,,5,0,3,,unknown,recursion_limit,,focus,MELL,257578,106,34.762,0,0,0,0,0,0,2048,40.000,0.031
lltp,ILL/petri-nets/MCC,,,HypercubeGrid_hc5k3p3b15_20_1.p,classical,auto,1,false,,5,0,3,,unknown,recursion_limit,,focus,MELL,257578,106,34.719,0,0,0,0,0,0,2048,30.000,0.029
lltp,ILL/petri-nets/MCC,,,HypercubeGrid_hc5k3p3b15_1_1.p,classical,auto,1,false,,5,0,3,,unknown,recursion_limit,,focus,MELL,257578,106,34.921,0,0,0,0,0,0,2048,30.000,0.028
lltp,ILL/petri-nets/MCC,,,HypercubeGrid_hc5k3p3b15_100_1.p,classical,auto,1,false,,5,0,3,,unknown,recursion_limit,,focus,MELL,257578,106,34.483,0,0,0,0,0,0,2048,40.000,0.028
lltp,ILL/petri-nets/MCC,,,HypercubeGrid_hc4k3p3b12_5_1.p,classical,auto,1,false,,5,0,3,,unknown,recursion_limit,,focus,MELL,58318,69,7.594,0,0,0,0,0,0,2048,0.000,0.006
lltp,ILL/petri-nets/MCC,,,HypercubeGrid_hc4k3p3b12_50_1.p,classical,auto,1,false,,5,0,3,,unknown,recursion_limit,,focus,MELL,58318,69,7.590,0,0,0,0,0,0,2048,0.000,0.008
lltp,ILL/petri-nets/MCC,,,HypercubeGrid_hc4k3p3b12_20_1.p,classical,auto,1,false,,5,0,3,,unknown,recursion_limit,,focus,MELL,58318,69,7.552,0,0,0,0,0,0,2048,0.000,0.008
lltp,ILL/petri-nets/MCC,,,HypercubeGrid_hc4k3p3b12_1_1.p,classical,auto,1,false,,5,0,3,,unknown,recursion_limit,,focus,MELL,58318,69,6.683,0,0,0,0,0,0,2048,0.000,0.006
lltp,ILL/petri-nets/MCC,,,HypercubeGrid_hc4k3p3b12_100_1.p,classical,auto,1,false,,5,0,3,,unknown,recursion_limit,,focus,MELL,58318,70,7.534,0,0,0,0,0,0,2048,0.000,0.009
lltp,ILL/petri-nets/MCC,,,HypercubeGrid_hc3k4p4b12_5_1.p,classical,auto,1,false,,5,0,3,,unknown,recursion_limit,,focus,MELL,30334,43,4.652,0,0,0,0,0,0,2048,0.000,0.005
lltp,ILL/petri-nets/MCC,,,HypercubeGrid_hc3k4p4b12_50_1.p,classical,auto,1,false,,5,0,3,,unknown,recursion_limit,,focus,MELL,30334,43,3.126,0,0,0,0,0,0,2048,0.000,0.003
lltp,ILL/petri-nets/MCC,,,HypercubeGrid_hc3k4p4b12_20_1.p,classical,auto,1,false,,5,0,3,,unknown,recursion_limit,,focus,MELL,30334,43,4.132,0,0,0,0,0,0,2048,0.000,0.004
lltp,ILL/petri-nets/MCC,,,HypercubeGrid_hc3k4p4b12_1_1.p,classical,auto,1,false,,5,0,3,,unknown,recursion_limit,,focus,MELL,30334,43,3.175,0,0,0,0,0,0,2048,0.000,0.004
lltp,ILL/petri-nets/MCC,,,HypercubeGrid_hc3k4p4b12_100_1.p,classical,auto,1,false,,5,0,3,,unknown,recursion_limit,,focus,MELL,30334,44,4.000,0,0,0,0,0,0,2048,0.000,0.004
lltp,ILL/petri-nets/MCC,,,HouseConstruction-500_5_1.p,classical,auto,1,false,,5,0,3,,unknown,context_too_wide,,focus,MELL,2102,500,0.051,1,0,0,0,0,0,2048,0.000,0.000
lltp,ILL/petri-nets/MCC,,,HouseConstruction-500_50_1.p,classical,auto,1,false,,5,0,3,,unknown,context_too_wide,,focus,MELL,2102,500,0.049,1,0,0,0,0,0,2048,0.000,0.000
lltp,ILL/petri-nets/MCC,,,HouseConstruction-500_20_1.p,classical,auto,1,false,,5,0,3,,unknown,context_too_wide,,focus,MELL,2102,500,0.048,1,0,0,0,0,0,2048,0.000,0.000
lltp,ILL/petri-nets/MCC,,,HouseConstruction-500_1_1.p,classical,auto,1,false,,5,0,3,,unknown,context_too_wide,,focus,MELL,2102,500,0.049,1,0,0,0,0,0,2048,0.000,0.000
lltp,ILL/petri-nets/MCC,,,HouseConstruction-500_10_1.p,classical,auto,1,false,,5,0,3,,unknown,context_too_wide,,focus,MELL,2102,500,0.051,1,0,0,0,0,0,2048,0.000,0.000
lltp,ILL/petri-nets/MCC,,,HouseConstruction-500_100_1.p,classical,auto,1,false,,5,0,3,,unknown,context_too_wide,,focus,MELL,2102,500,0.046,1,0,0,0,0,0,2048,0.000,0.000
lltp,ILL/petri-nets/MCC,,,HouseConstruction-200_5_1.p,classical,auto,1,false,,5,0,3,,unknown,context_too_wide,,focus,MELL,902,200,0.026,1,0,0,0,0,0,2048,0.000,0.000
lltp,ILL/petri-nets/MCC,,,HouseConstruction-200_50_1.p,classical,auto,1,false,,5,0,3,,unknown,context_too_wide,,focus,MELL,902,200,0.027,1,0,0,0,0,0,2048,0.000,0.000
lltp,ILL/petri-nets/MCC,,,HouseConstruction-200_20_1.p,classical,auto,1,false,,5,0,3,,unknown,context_too_wide,,focus,MELL,902,200,0.026,1,0,0,0,0,0,2048,0.000,0.000
lltp,ILL/petri-nets/MCC,,,HouseConstruction-200_1_1.p,classical,auto,1,false,,5,0,3,,unknown,context_too_wide,,focus,MELL,902,200,0.027,1,0,0,0,0,0,2048,0.000,0.000
lltp,ILL/petri-nets/MCC,,,HouseConstruction-200_10_1.p,classical,auto,1,false,,5,0,3,,unknown,context_too_wide,,focus,MELL,902,200,0.026,1,0,0,0,0,0,2048,0.000,0.000
lltp,ILL/petri-nets/MCC,,,HouseConstruction-200_100_1.p,classical,auto,1,false,,5,0,3,,unknown,context_too_wide,,focus,MELL,902,200,0.026,1,0,0,0,0,0,2048,0.000,0.000
lltp,ILL/petri-nets/MCC,,,HouseConstruction-100_5_1.p,classical,auto,1,false,,5,0,3,,unknown,context_too_wide,,focus,MELL,502,100,0.020,1,0,0,0,0,0,2048,0.000,0.000
lltp,ILL/petri-nets/MCC,,,HouseConstruction-100_50_1.p,classical,auto,1,false,,5,0,3,,unknown,context_too_wide,,focus,MELL,502,100,0.020,1,0,0,0,0,0,2048,0.000,0.000
lltp,ILL/petri-nets/MCC,,,HouseConstruction-100_20_1.p,classical,auto,1,false,,5,0,3,,unknown,context_too_wide,,focus,MELL,502,100,0.021,1,0,0,0,0,0,2048,0.000,0.000
lltp,ILL/petri-nets/MCC,,,HouseConstruction-100_1_1.p,classical,auto,1,false,,5,0,3,,unknown,context_too_wide,,focus,MELL,502,100,0.020,1,0,0,0,0,0,2048,0.000,0.000
lltp,ILL/petri-nets/MCC,,,HouseConstruction-100_10_1.p,classical,auto,1,false,,5,0,3,,unknown,context_too_wide,,focus,MELL,502,100,0.020,1,0,0,0,0,0,2048,0.000,0.000
lltp,ILL/petri-nets/MCC,,,HouseConstruction-100_100_1.p,classical,auto,1,false,,5,0,3,,unknown,context_too_wide,,focus,MELL,502,101,0.020,1,0,0,0,0,0,2048,0.000,0.000
lltp,ILL/petri-nets/MCC,,,HouseConstruction-050_5_1.p,classical,auto,1,false,,5,0,3,,unknown,timeout,,focus,MELL,302,50,5033.832,1,0,0,116854784,0,0,2048,5020.000,2.452
lltp,ILL/petri-nets/MCC,,,HouseConstruction-050_50_1.p,classical,auto,1,false,,5,0,3,,unknown,timeout,,focus,MELL,302,51,5000.051,10703761,10703735,24,109760371,0,0,2048,4990.000,3.120
lltp,ILL/petri-nets/MCC,,,HouseConstruction-050_20_1.p,classical,auto,1,false,,5,0,3,,unknown,timeout,,focus,MELL,302,50,5021.898,1,0,0,130834432,0,0,2048,5010.000,2.440
lltp,ILL/petri-nets/MCC,,,HouseConstruction-050_1_1.p,classical,auto,1,false,,5,0,,,unknown,killed,,,,,,10554.626,,,,,,,,,
lltp,ILL/petri-nets/MCC,,,HouseConstruction-050_10_1.p,classical,auto,1,false,,5,0,3,,unknown,timeout,,focus,MELL,302,50,5059.324,1,0,0,126455808,0,0,2048,5040.000,2.809
lltp,ILL/petri-nets/MCC,,,HouseConstruction-050_100_1.p,classical,auto,1,false,,5,0,3,,unknown,timeout,,focus,MELL,302,51,5000.070,10376543,10376517,24,106311386,0,0,2048,4990.000,3.483
lltp,ILL/petri-nets/MCC,,,HouseConstruction-020_5_1.p,classical,auto,1,false,,5,0,3,,unknown,timeout,,focus,MELL,182,20,5059.238,1,0,0,125714432,0,0,2048,5040.000,2.921
lltp,ILL/petri-nets/MCC,,,HouseConstruction-020_50_1.p,classical,auto,1,false,,5,0,3,,unknown,timeout,,focus,MELL,222,20,5000.028,13741458,13741428,28,114033720,0,0,2048,4990.000,3.404
lltp,ILL/petri-nets/MCC,,,HouseConstruction-020_20_1.p,classical,auto,1,false,,5,0,3,,unknown,timeout,,focus,MELL,182,20,5015.304,1,0,0,137461760,0,0,2048,4990.000,2.450
lltp,ILL/petri-nets/MCC,,,HouseConstruction-020_1_1.p,classical,auto,1,false,,5,0,3,,proved,,ok,focus,MELL,182,20,795.781,23,0,21,16543969,0,0,2048,780.000,0.408
lltp,ILL/petri-nets/MCC,,,HouseConstruction-020_10_1.p,classical,auto,1,false,,5,0,3,,unknown,timeout,,focus,MELL,182,20,5066.334,1,0,0,128884736,0,0,2048,5050.000,2.722
lltp,ILL/petri-nets/MCC,,,HouseConstruction-020_100_1.p,classical,auto,1,false,,5,0,3,,unknown,timeout,,focus,MELL,304,21,5000.034,5046012,5045998,12,102347484,0,0,2048,4990.000,3.181
lltp,ILL/petri-nets/MCC,,,HouseConstruction-010_5_1.p,classical,auto,1,false,,5,0,3,,unknown,timeout,,focus,MELL,142,10,5037.286,25627,23485,1971,125870080,0,0,2048,5020.000,2.621
lltp,ILL/petri-nets/MCC,,,HouseConstruction-010_50_1.p,classical,auto,1,false,,5,0,3,,unknown,timeout,,focus,MELL,206,11,5000.043,12825331,12825301,28,113257769,0,0,2048,4990.000,3.778
lltp,ILL/petri-nets/MCC,,,HouseConstruction-010_20_1.p,classical,auto,1,false,,5,0,3,,unknown,timeout,,focus,MELL,142,11,5000.020,55866159,55865901,256,93202086,0,0,2048,4990.000,3.657
lltp,ILL/petri-nets/MCC,,,HouseConstruction-010_1_1.p,classical,auto,1,false,,5,0,3,,proved,,ok,focus,MELL,142,10,0.466,13,0,11,9263,0,0,2048,0.000,0.000
lltp,ILL/petri-nets/MCC,,,HouseConstruction-010_10_1.p,classical,auto,1,false,,5,0,3,,unknown,timeout,,focus,MELL,142,10,5020.283,332357,331969,386,114145916,0,0,2048,5000.000,2.555
lltp,ILL/petri-nets/MCC,,,HouseConstruction-010_100_1.p,classical,auto,1,false,,5,0,3,,unknown,timeout,,focus,MELL,202,11,5000.018,13104949,13104919,28,108648932,0,0,2048,4990.000,3.084
lltp,ILL/petri-nets/MCC,,,HouseConstruction-005_5_1.p,classical,auto,1,false,,5,0,3,,proved,,ok,focus,MELL,122,5,1.768,2708,2501,172,37275,0,0,2048,0.000,0.002
lltp,ILL/petri-nets/MCC,,,HouseConstruction-005_50_1.p,classical,auto,1,false,,5,0,3,,unknown,timeout,,focus,MELL,130,5,5000.854,45447096,45434320,10999,88136223,0,0,2048,4990.000,3.338
lltp,ILL/petri-nets/MCC,,,HouseConstruction-005_20_1.p,classical,auto,1,false,,5,0,3,,unknown,timeout,,focus,MELL,124,5,5000.852,60203650,60189819,11957,82837131,0,0,2048,4980.000,4.103
lltp,ILL/petri-nets/MCC,,,HouseConstruction-005_1_1.p,classical,auto,1,false,,5,0,3,,proved,,ok,focus,MELL,122,5,0.038,8,0,6,161,0,0,2048,0.000,0.000
lltp,ILL/petri-nets/MCC,,,HouseConstruction-005_10_1.p,classical,auto,1,false,,5,0,3,,proved,,ok,focus,MELL,122,6,4.177,49124,48911,168,76516,0,0,2048,0.000,0.003
lltp,ILL/petri-nets/MCC,,,HouseConstruction-005_100_1.p,classical,auto,1,false,,5,0,3,,unknown,copy_bound,,focus,MELL,122,5,0.229,15,1,7,5516,0,0,2048,0.000,0.000
lltp,ILL/petri-nets/MCC,,,HouseConstruction-002_5_1.p,classical,auto,1,false,,5,0,3,,proved,,ok,focus,MELL,114,2,5.192,22013,19832,1792,94763,0,0,2048,0.000,0.004
lltp,ILL/petri-nets/MCC,,,HouseConstruction-002_50_1.p,classical,auto,1,false,,5,0,3,,unknown,copy_bound,,focus,MELL,110,2,0.068,14,1,6,769,0,0,2048,0.000,0.000
lltp,ILL/petri-nets/MCC,,,HouseConstruction-002_20_1.p,classical,auto,1,false,,5,0,3,,unknown,copy_bound,,focus,MELL,118,3,8.839,68191,67855,186,163322,0,0,2048,0.000,0.009
lltp,ILL/petri-nets/MCC,,,HouseConstruction-002_1_1.p,classical,auto,1,false,,5,0,3,,proved,,ok,focus,MELL,110,2,0.026,4,0,2,3,0,0,2048,0.000,0.000
lltp,ILL/petri-nets/MCC,,,HouseConstruction-002_10_1.p,classical,auto,1,false,,5,0,3,,unknown,copy_bound,,focus,MELL,116,2,217.143,2421242,2418477,2266,3456673,0,0,2048,210.000,0.110
lltp,ILL/petri-nets/MCC,,,HexagonalGrid_hxg_816_5_1.p,classical,auto,1,false,,5,0,3,,unknown,recursion_limit,,focus,MELL,61918,37,8.686,0,0,0,0,0,0,2048,10.000,0.007
lltp,ILL/petri-nets/MCC,,,HexagonalGrid_hxg_816_50_1.p,classical,auto,1,false,,5,0,3,,unknown,recursion_limit,,focus,MELL,61918,37,8.384,0,0,0,0,0,0,2048,0.000,0.007
lltp,ILL/petri-nets/MCC,,,HexagonalGrid_hxg_816_20_1.p,classical,auto,1,false,,5,0,3,,unknown,recursion_limit,,focus,MELL,61918,37,8.474,0,0,0,0,0,0,2048,10.000,0.008
lltp,ILL/petri-nets/MCC,,,HexagonalGrid_hxg_816_1_1.p,classical,auto,1,false,,5,0,3,,unknown,recursion_limit,,focus,MELL,61918,37,7.058,0,0,0,0,0,0,2048,0.000,0.007
lltp,ILL/petri-nets/MCC,,,HexagonalGrid_hxg_816_100_1.p,classical,auto,1,false,,5,0,3,,unknown,recursion_limit,,focus,MELL,61918,37,8.160,0,0,0,0,0,0,2048,0.000,0.008
lltp,ILL/petri-nets/MCC,,,HexagonalGrid_hxg_516_5_1.p,classical,auto,1,false,,5,0,3,,unknown,recursion_limit,,focus,MELL,22606,37,3.832,0,0,0,0,0,0,2048,0.000,0.004
lltp,ILL/petri-nets/MCC,,,HexagonalGrid_hxg_516_50_1.p,classical,auto,1,false,,5,0,3,,unknown,recursion_limit,,focus,MELL,22606,37,2.624,0,0,0,0,0,0,2048,0.000,0.002
lltp,ILL/petri-nets/MCC,,,HexagonalGrid_hxg_516_20_1.p,classical,auto,1,false,,5,0,3,,unknown,recursion_limit,,focus,MELL,22606,37,2.584,0,0,0,0,0,0,2048,10.000,0.002
lltp,ILL/petri-nets/MCC,,,HexagonalGrid_hxg_516_1_1.p,classical,auto,1,false,,5,0,3,,unknown,recursion_limit,,focus,MELL,22606,37,3.390,0,0,0,0,0,0,2048,0.000,0.010
lltp,ILL/petri-nets/MCC,,,HexagonalGrid_hxg_516_100_1.p,classical,auto,1,false,,5,0,3,,unknown,recursion_limit,,focus,MELL,22606,38,2.734,0,0,0,0,0,0,2048,10.000,0.004
lltp,ILL/petri-nets/MCC,,,HexagonalGrid_hxg_410_5_1.p,classical,auto,1,false,,5,0,3,,unknown,context_too_wide,,focus,MELL,12934,31,1.461,1,0,0,127,0,0,2048,0.000,0.001
lltp,ILL/petri-nets/MCC,,,HexagonalGrid_hxg_410_50_1.p,classical,auto,1,false,,5,0,3,,unknown,context_too_wide,,focus,MELL,12934,32,1.349,1,0,0,82,0,0,2048,0.000,0.002
lltp,ILL/petri-nets/MCC,,,HexagonalGrid_hxg_410_20_1.p,classical,auto,1,false,,5,0,3,,unknown,context_too_wide,,focus,MELL,12934,31,1.379,1,0,0,112,0,0,2048,0.000,0.002
lltp,ILL/petri-nets/MCC,,,HexagonalGrid_hxg_410_1_1.p,classical,auto,1,false,,5,0,3,,unknown,context_too_wide,,focus,MELL,12934,31,1.659,1,0,0,263,0,0,2048,0.000,0.011
lltp,ILL/petri-nets/MCC,,,HexagonalGrid_hxg_410_100_1.p,classical,auto,1,false,,5,0,3,,unknown,context_too_wide,,focus,MELL,12934,33,1.247,1,0,0,32,0,0,2048,0.000,0.002
lltp,ILL/petri-nets/MCC,,,HexagonalGrid_hxg_316_5_1.p,classical,auto,1,false,,5,0,3,,unknown,context_too_wide,,focus,MELL,7198,37,0.422,1,0,0,67,0,0,2048,0.000,0.000
lltp,ILL/petri-nets/MCC,,,HexagonalGrid_hxg_316_50_1.p,classical,auto,1,false,,5,0,3,,unknown,context_too_wide,,focus,MELL,7198,39,0.362,1,0,0,22,0,0,2048,0.000,0.000
lltp,ILL/petri-nets/MCC,,,HexagonalGrid_hxg_316_20_1.p,classical,auto,1,false,,5,0,3,,unknown,context_too_wide,,focus,MELL,7198,38,0.398,1,0,0,52,0,0,2048,0.000,0.000
lltp,ILL/petri-nets/MCC,,,HexagonalGrid_hxg_316_1_1.p,classical,auto,1,false,,5,0,3,,unknown,context_too_wide,,focus,MELL,7198,37,0.442,1,0,0,71,0,0,2048,0.000,0.000
lltp,ILL/petri-nets/MCC,,,HexagonalGrid_hxg_316_100_1.p,classical,auto,1,false,,5,0,3,,unknown,context_too_wide,,focus,MELL,7198,42,0.347,1,0,0,1,0,0,2048,0.000,0.000
lltp,ILL/petri-nets/MCC,,,HexagonalGrid_hxg_226_5_1.p,classical,auto,1,false,,5,0,3,,unknown,context_too_wide,,focus,MELL,2902,38,0.116,1,0,0,29,0,0,2048,0.000,0.000
lltp,ILL/petri-nets/MCC,,,HexagonalGrid_hxg_226_50_1.p,classical,auto,1,false,,5,0,3,,unknown,context_too_wide,,focus,MELL,2902,42,0.102,1,0,0,3,0,0,2048,0.000,0.000
lltp,ILL/petri-nets/MCC,,,HexagonalGrid_hxg_226_20_1.p,classical,auto,1,false,,5,0,3,,unknown,context_too_wide,,focus,MELL,2902,39,0.102,1,0,0,10,0,0,2048,0.000,0.000
lltp,ILL/petri-nets/MCC,,,HexagonalGrid_hxg_226_1_1.p,classical,auto,1,false,,5,0,3,,unknown,context_too_wide,,focus,MELL,2902,37,0.110,1,0,0,29,0,0,2048,0.000,0.000
lltp,ILL/petri-nets/MCC,,,HexagonalGrid_hxg_226_100_1.p,classical,auto,1,false,,5,0,3,,unknown,context_too_wide,,focus,MELL,2902,42,0.107,1,0,0,14,0,0,2048,0.000,0.000
lltp,ILL/petri-nets/MCC,,,HexagonalGrid_hxg_126_5_1.p,classical,auto,1,false,,5,0,3,,unknown,timeout,,focus,MELL,454,38,5004.674,1,0,0,104812544,0,0,2048,4990.000,3.681
lltp,ILL/petri-nets/MCC,,,HexagonalGrid_hxg_126_50_1.p,classical,auto,1,false,,5,0,3,,unknown,timeout,,focus,MELL,454,38,5016.088,1,0,0,107421696,0,0,2048,5000.000,3.234
lltp,ILL/petri-nets/MCC,,,HexagonalGrid_hxg_126_20_1.p,classical,auto,1,false,,5,0,3,,unknown,timeout,,focus,MELL,454,37,5003.945,1,0,0,108470272,0,0,2048,4990.000,2.754
lltp,ILL/petri-nets/MCC,,,HexagonalGrid_hxg_126_1_1.p,classical,auto,1,false,,5,0,3,,unknown,timeout,,focus,MELL,454,37,5031.713,1,0,0,107839488,0,0,2048,5020.000,2.294
lltp,ILL/petri-nets/MCC,,,HexagonalGrid_hxg_126_10_1.p,classical,auto,1,false,,5,0,3,,unknown,timeout,,focus,MELL,454,37,5035.079,1,0,0,107839488,0,0,2048,5020.000,2.351
lltp,ILL/petri-nets/MCC,,,HexagonalGrid_hxg_126_100_1.p,classical,auto,1,false,,5,0,3,,unknown,timeout,,focus,MELL,454,38,5001.578,23140242,23140123,117,102369983,0,0,2048,4980.000,2.928
lltp,ILL/petri-nets/MCC,,,HexagonalGrid_hxg_110_5_1.p,classical,auto,1,false,,5,0,3,,unknown,timeout,,focus,MELL,406,32,5031.955,173233,0,173231,103862272,0,0,2048,5010.000,2.340
lltp,ILL/petri-nets/MCC,,,HexagonalGrid_hxg_110_50_1.p,classical,auto,1,false,,5,0,3,,unknown,timeout,,focus,MELL,406,31,5004.465,55908230,55809917,98311,68578362,0,0,2048,4980.000,4.406
lltp,ILL/petri-nets/MCC,,,HexagonalGrid_hxg_110_20_1.p,classical,auto,1,false,,5,0,3,,unknown,timeout,,focus,MELL,406,31,5004.285,55538976,55440663,98311,68209015,0,0,2048,4980.000,3.354
lltp,ILL/petri-nets/MCC,,,HexagonalGrid_hxg_110_1_1.p,classical,auto,1,false,,5,0,3,,proved,,ok,focus,MELL,406,31,165.045,1457,1202,250,3364095,0,0,2048,160.000,0.095
lltp,ILL/petri-nets/MCC,,,HexagonalGrid_hxg_110_10_1.p,classical,auto,1,false,,5,0,3,,unknown,timeout,,focus,MELL,406,31,5025.060,50073568,49726615,346951,65290960,0,0,2048,5010.000,3.151
lltp,ILL/petri-nets/MCC,,,HexagonalGrid_hxg_110_100_1.p,classical,auto,1,false,,5,0,3,,unknown,timeout,,focus,MELL,406,31,5025.029,50435995,50087826,348167,65771688,0,0,2048,5010.000,3.079
lltp,ILL/petri-nets/MCC,,,GlobalResAllocation_galloc_res-5_5_1.p,classical,auto,1,false,,5,0,3,,unknown,recursion_limit,,focus,MELL,1428238,43210,220.878,0,0,0,0,0,0,2048,220.000,0.173
lltp,ILL/petri-nets/MCC,,,GlobalResAllocation_galloc_res-5_50_1.p,classical,auto,1,false,,5,0,3,,unknown,recursion_limit,,focus,MELL,1428232,43210,228.644,0,0,0,0,0,0,2048,220.000,0.180
lltp,ILL/petri-nets/MCC,,,GlobalResAllocation_galloc_res-5_20_1.p,classical,auto,1,false,,5,0,3,,unknown,recursion_limit,,focus,MELL,1428232,43210,229.107,0,0,0,0,0,0,2048,240.000,0.183
lltp,ILL/petri-nets/MCC,,,GlobalResAllocation_galloc_res-5_1_1.p,classical,auto,1,false,,5,0,3,,unknown,recursion_limit,,focus,MELL,1428214,43210,228.685,0,0,0,0,0,0,2048,240.000,0.182
lltp,ILL/petri-nets/MCC,,,GlobalResAllocation_galloc_res-5_100_1.p,classical,auto,1,false,,5,0,3,,unknown,recursion_limit,,focus,MELL,1428214,43210,227.230,0,0,0,0,0,0,2048,220.000,0.180
lltp,ILL/petri-nets/MCC,,,GlobalResAllocation_galloc_res-3_5_1.p,classical,auto,1,false,,5,0,3,,unknown,recursion_limit,,focus,MELL,119494,5910,16.645,0,0,0,0,0,0,2048,10.000,0.014
lltp,ILL/petri-nets/MCC,,,GlobalResAllocation_galloc_res-3_50_1.p,classical,auto,1,false,,5,0,3,,unknown,recursion_limit,,focus,MELL,119494,5910,16.824,0,0,0,0,0,0,2048,10.000,0.016
lltp,ILL/petri-nets/MCC,,,GlobalResAllocation_galloc_res-3_20_1.p,classical,auto,1,false,,5,0,3,,unknown,recursion_limit,,focus,MELL,119494,5910,16.644,0,0,0,0,0,0,2048,10.000,0.013
lltp,ILL/petri-nets/MCC,,,GlobalResAllocation_galloc_res-3_1_1.p,classical,auto,1,false,,5,0,3,,unknown,recursion_limit,,focus,MELL,119482,5910,16.564,0,0,0,0,0,0,2048,20.000,0.013
lltp,ILL/petri-nets/MCC,,,GlobalResAllocation_galloc_res-3_10_1.p,classical,auto,1,false,,5,0,3,,unknown,recursion_limit,,focus,MELL,119494,5910,16.909,0,0,0,0,0,0,2048,10.000,0.015
lltp,ILL/petri-nets/MCC,,,GlobalResAllocation_galloc_res-3_100_1.p,classical,auto,1,false,,5,0,3,,unknown,recursion_limit,,focus,MELL,119494,5910,16.936,0,0,0,0,0,0,2048,10.000,0.017
lltp,ILL/petri-nets/MCC,,,GPPP_G-PPP-1000-10_5_1.p,classical,auto,1,false,,5,0,3,,unknown,context_too_wide,,focus,MELL,196512,14000,5.157,1,0,0,0,0,0,2048,0.000,0.003
lltp,ILL/petri-nets/MCC,,,GPPP_G-PPP-1000-10_50_1.p,classical,auto,1,false,,5,0,3,,unknown,context_too_wide,,focus,MELL,196512,7030,7.937,2,0,1,2,0,0,2048,10.000,0.007
lltp,ILL/petri-nets/MCC,,,GPPP_G-PPP-1000-10_20_1.p,classical,auto,1,false,,5,0,3,,unknown,context_too_wide,,focus,MELL,196512,14000,5.181,1,0,0,0,0,0,2048,0.000,0.003
lltp,ILL/petri-nets/MCC,,,GPPP_G-PPP-1000-10_1_1.p,classical,auto,1,false,,5,0,3,,unknown,context_too_wide,,focus,MELL,196512,14000,5.144,1,0,0,0,0,0,2048,0.000,0.005
lltp,ILL/petri-nets/MCC,,,GPPP_G-PPP-1000-10_10_1.p,classical,auto,1,false,,5,0,3,,unknown,context_too_wide,,focus,MELL,196512,14000,5.263,1,0,0,0,0,0,2048,0.000,0.005
lltp,ILL/petri-nets/MCC,,,GPPP_G-PPP-1000-10_100_1.p,classical,auto,1,false,,5,0,3,,unknown,context_too_wide,,focus,MELL,196512,7024,7.983,2,0,1,2,0,0,2048,10.000,0.007
lltp,ILL/petri-nets/MCC,,,GPPP_G-PPP-1000-100_5_1.p,classical,auto,1,false,,5,0,3,,unknown,context_too_wide,,focus,MELL,199752,14000,5.230,1,0,0,0,0,0,2048,0.000,0.005
lltp,ILL/petri-nets/MCC,,,GPPP_G-PPP-1000-100_50_1.p,classical,auto,1,false,,5,0,3,,unknown,context_too_wide,,focus,MELL,199752,7390,8.328,2,0,1,2,0,0,2048,10.000,0.006
lltp,ILL/petri-nets/MCC,,,GPPP_G-PPP-1000-100_20_1.p,classical,auto,1,false,,5,0,3,,unknown,context_too_wide,,focus,MELL,199752,14000,5.149,1,0,0,0,0,0,2048,0.000,0.006
lltp,ILL/petri-nets/MCC,,,GPPP_G-PPP-1000-100_1_1.p,classical,auto,1,false,,5,0,3,,unknown,context_too_wide,,focus,MELL,199752,14000,5.305,1,0,0,0,0,0,2048,10.000,0.006
lltp,ILL/petri-nets/MCC,,,GPPP_G-PPP-1000-100_10_1.p,classical,auto,1,false,,5,0,3,,unknown,context_too_wide,,focus,MELL,199752,14000,5.213,1,0,0,0,0,0,2048,10.000,0.005
lltp,ILL/petri-nets/MCC,,,GPPP_G-PPP-1000-100_100_1.p,classical,auto,1,false,,5,0,3,,unknown,context_too_wide,,focus,MELL,199752,7380,8.319,2,0,1,2,0,0,2048,0.000,0.006
lltp,ILL/petri-nets/MCC,,,GPPP_G-PPP-1000-1000_5_1.p,classical,auto,1,false,,5,0,3,,unknown,context_too_wide,,focus,MELL,232152,14000,4.417,1,0,0,0,0,0,2048,10.000,0.003
lltp,ILL/petri-nets/MCC,,,GPPP_G-PPP-1000-1000_20_1.p,classical,auto,1,false,,5,0,3,,unknown,context_too_wide,,focus,MELL,232152,14000,4.683,1,0,0,0,0,0,2048,0.000,0.004
lltp,ILL/petri-nets/MCC,,,GPPP_G-PPP-1000-1000_1_1.p,classical,auto,1,false,,5,0,3,,unknown,context_too_wide,,focus,MELL,232152,14000,4.428,1,0,0,0,0,0,2048,10.000,0.004
lltp,ILL/petri-nets/MCC,,,GPPP_G-PPP-1000-1000_10_1.p,classical,auto,1,false,,5,0,3,,unknown,context_too_wide,,focus,MELL,232152,14000,4.675,1,0,0,0,0,0,2048,10.000,0.004
lltp,ILL/petri-nets/MCC,,,GPPP_G-PPP-100-10_5_1.p,classical,auto,1,false,,5,0,3,,unknown,context_too_wide,,focus,MELL,20112,1400,0.454,1,0,0,0,0,0,2048,0.000,0.000
lltp,ILL/petri-nets/MCC,,,GPPP_G-PPP-100-10_50_1.p,classical,auto,1,false,,5,0,3,,unknown,context_too_wide,,focus,MELL,20112,730,0.777,2,0,1,2,0,0,2048,0.000,0.000
lltp,ILL/petri-nets/MCC,,,GPPP_G-PPP-100-10_20_1.p,classical,auto,1,false,,5,0,3,,unknown,context_too_wide,,focus,MELL,20112,1400,0.479,1,0,0,0,0,0,2048,0.000,0.006
lltp,ILL/petri-nets/MCC,,,GPPP_G-PPP-100-10_1_1.p,classical,auto,1,false,,5,0,3,,unknown,context_too_wide,,focus,MELL,20112,1400,0.460,1,0,0,0,0,0,2048,0.000,0.000
lltp,ILL/petri-nets/MCC,,,GPPP_G-PPP-100-10_10_1.p,classical,auto,1,false,,5,0,3,,unknown,context_too_wide,,focus,MELL,20112,1400,0.460,1,0,0,0,0,0,2048,0.000,0.000
lltp,ILL/petri-nets/MCC,,,GPPP_G-PPP-100-10_100_1.p,classical,auto,1,false,,5,0,3,,unknown,context_too_wide,,focus,MELL,20112,724,0.772,2,0,1,2,0,0,2048,0.000,0.000
lltp,ILL/petri-nets/MCC,,,GPPP_G-PPP-100-100_5_1.p,classical,auto,1,false,,5,0,3,,unknown,context_too_wide,,focus,MELL,23352,1400,0.550,1,0,0,0,0,0,2048,0.000,0.002
lltp,ILL/petri-nets/MCC,,,GPPP_G-PPP-100-100_50_1.p,classical,auto,1,false,,5,0,3,,unknown,context_too_wide,,focus,MELL,23352,1090,1.052,2,0,1,2,0,0,2048,0.000,0.002
lltp,ILL/petri-nets/MCC,,,GPPP_G-PPP-100-100_20_1.p,classical,auto,1,false,,5,0,3,,unknown,context_too_wide,,focus,MELL,23352,1400,0.549,1,0,0,0,0,0,2048,0.000,0.000
lltp,ILL/petri-nets/MCC,,,GPPP_G-PPP-100-100_1_1.p,classical,auto,1,false,,5,0,3,,unknown,context_too_wide,,focus,MELL,23352,1400,0.562,1,0,0,0,0,0,2048,0.000,0.002
lltp,ILL/petri-nets/MCC,,,GPPP_G-PPP-100-100_10_1.p,classical,auto,1,false,,5,0,3,,unknown,context_too_wide,,focus,MELL,23352,1400,0.543,1,0,0,0,0,0,2048,0.000,0.002
lltp,ILL/petri-nets/MCC,,,GPPP_G-PPP-100-100_100_1.p,classical,auto,1,false,,5,0,3,,unknown,context_too_wide,,focus,MELL,23352,1080,1.052,2,0,1,2,0,0,2048,0.000,0.002
lltp,ILL/petri-nets/MCC,,,GPPP_G-PPP-100-1000_5_1.p,classical,auto,1,false,,5,0,3,,unknown,context_too_wide,,focus,MELL,55752,4699,1.380,1,0,0,0,0,0,2048,0.000,0.002
lltp,ILL/petri-nets/MCC,,,GPPP_G-PPP-100-1000_50_1.p,classical,auto,1,false,,5,0,3,,unknown,context_too_wide,,focus,MELL,55752,4690,3.972,2,0,1,2,0,0,2048,0.000,0.008
lltp,ILL/petri-nets/MCC,,,GPPP_G-PPP-100-1000_20_1.p,classical,auto,1,false,,5,0,3,,unknown,context_too_wide,,focus,MELL,55752,4684,1.410,1,0,0,0,0,0,2048,0.000,0.002
lltp,ILL/petri-nets/MCC,,,GPPP_G-PPP-100-1000_1_1.p,classical,auto,1,false,,5,0,3,,unknown,context_too_wide,,focus,MELL,55752,4702,1.385,1,0,0,0,0,0,2048,0.000,0.000
lltp,ILL/petri-nets/MCC,,,GPPP_G-PPP-100-1000_10_1.p,classical,auto,1,false,,5,0,3,,unknown,context_too_wide,,focus,MELL,55752,4694,1.370,1,0,0,0,0,0,2048,0.000,0.000
lltp,ILL/petri-nets/MCC,,,GPPP_G-PPP-100-1000_100_1.p,classical,auto,1,false,,5,0,3,,unknown,context_too_wide,,focus,MELL,55752,4680,3.978,2,0,1,2,0,0,2048,0.000,0.003
lltp,ILL/petri-nets/MCC,,,GPPP_G-PPP-10-10_5_1.p,classical,auto,1,false,,5,0,3,,unknown,context_too_wide,,focus,MELL,2472,140,0.055,1,0,0,0,0,0,2048,0.000,0.000
lltp,ILL/petri-nets/MCC,,,GPPP_G-PPP-10-10_50_1.p,classical,auto,1,false,,5,0,3,,unknown,context_too_wide,,focus,MELL,2472,100,0.116,2,0,1,2,0,0,2048,0.000,0.000
lltp,ILL/petri-nets/MCC,,,GPPP_G-PPP-10-10_20_1.p,classical,auto,1,false,,5,0,3,,unknown,context_too_wide,,focus,MELL,2472,140,0.056,1,0,0,0,0,0,2048,0.000,0.000
lltp,ILL/petri-nets/MCC,,,GPPP_G-PPP-10-10_1_1.p,classical,auto,1,false,,5,0,3,,unknown,context_too_wide,,focus,MELL,2472,140,0.056,1,0,0,0,0,0,2048,0.000,0.000
lltp,ILL/petri-nets/MCC,,,GPPP_G-PPP-10-10_10_1.p,classical,auto,1,false,,5,0,3,,unknown,context_too_wide,,focus,MELL,2472,140,0.053,1,0,0,0,0,0,2048,0.000,0.000
lltp,ILL/petri-nets/MCC,,,GPPP_G-PPP-10-10_100_1.p,classical,auto,1,false,,5,0,3,,unknown,context_too_wide,,focus,MELL,2472,94,0.121,2,0,1,2,0,0,2048,0.000,0.000
lltp,ILL/petri-nets/MCC,,,GPPP_G-PPP-10-100_5_1.p,classical,auto,1,false,,5,0,3,,unknown,context_too_wide,,focus,MELL,5712,469,0.156,1,0,0,0,0,0,2048,0.000,0.002
lltp,ILL/petri-nets/MCC,,,GPPP_G-PPP-10-100_50_1.p,classical,auto,1,false,,5,0,3,,unknown,context_too_wide,,focus,MELL,5712,460,0.407,2,0,1,2,0,0,2048,0.000,0.002
lltp,ILL/petri-nets/MCC,,,GPPP_G-PPP-10-100_20_1.p,classical,auto,1,false,,5,0,3,,unknown,context_too_wide,,focus,MELL,5712,454,0.149,1,0,0,0,0,0,2048,0.000,0.002
lltp,ILL/petri-nets/MCC,,,GPPP_G-PPP-10-100_1_1.p,classical,auto,1,false,,5,0,3,,unknown,context_too_wide,,focus,MELL,5712,472,0.149,1,0,0,0,0,0,2048,0.000,0.000
lltp,ILL/petri-nets/MCC,,,GPPP_G-PPP-10-100_10_1.p,classical,auto,1,false,,5,0,3,,unknown,context_too_wide,,focus,MELL,5712,464,0.152,1,0,0,0,0,0,2048,0.000,0.000
lltp,ILL/petri-nets/MCC,,,GPPP_G-PPP-10-100_100_1.p,classical,auto,1,false,,5,0,3,,unknown,context_too_wide,,focus,MELL,5712,450,0.399,2,0,1,2,0,0,2048,0.000,0.002
lltp,ILL/petri-nets/MCC,,,GPPP_G-PPP-1-1_5_1.p,classical,auto,1,false,,5,0,3,,unknown,timeout,,focus,MELL,384,14,5036.771,1,0,0,124530688,0,0,2048,5020.000,3.112
lltp,ILL/petri-nets/MCC,,,GPPP_G-PPP-1-1_50_1.p,classical,auto,1,false,,5,0,3,,unknown,timeout,,focus,MELL,386,14,5006.387,1,0,0,130867200,0,0,2048,4990.000,2.692
lltp,ILL/petri-nets/MCC,,,GPPP_G-PPP-1-1_20_1.p,classical,auto,1,false,,5,0,3,,unknown,timeout,,focus,MELL,386,14,5018.028,1,0,0,130867200,0,0,2048,5000.000,3.434
lltp,ILL/petri-nets/MCC,,,GPPP_G-PPP-1-1_1_1.p,classical,auto,1,false,,5,0,3,,unknown,timeout,,focus,MELL,384,14,5055.283,1,0,0,120905728,0,0,2048,5030.000,3.671
lltp,ILL/petri-nets/MCC,,,GPPP_G-PPP-1-1_10_1.p,classical,auto,1,false,,5,0,3,,unknown,timeout,,focus,MELL,384,14,5014.274,1,0,0,137302016,0,0,2048,5000.000,4.255
lltp,ILL/petri-nets/MCC,,,GPPP_G-PPP-1-1_100_1.p,classical,auto,1,false,,5,0,3,,unknown,timeout,,focus,MELL,386,14,5025.860,1,0,0,132136960,0,0,2048,5010.000,4.395
lltp,ILL/petri-nets/MCC,,,GPPP_G-PPP-1-10_5_1.p,classical,auto,1,false,,5,0,3,,unknown,context_too_wide,,focus,MELL,708,46,0.027,1,0,0,0,0,0,2048,0.000,0.000
lltp,ILL/petri-nets/MCC,,,GPPP_G-PPP-1-10_50_1.p,classical,auto,1,false,,5,0,3,,unknown,context_too_wide,,focus,MELL,708,45,0.025,1,0,0,0,0,0,2048,0.000,0.000
lltp,ILL/petri-nets/MCC,,,GPPP_G-PPP-1-10_20_1.p,classical,auto,1,false,,5,0,3,,unknown,context_too_wide,,focus,MELL,708,45,0.025,1,0,0,0,0,0,2048,0.000,0.000
lltp,ILL/petri-nets/MCC,,,GPPP_G-PPP-1-10_1_1.p,classical,auto,1,false,,5,0,3,,unknown,context_too_wide,,focus,MELL,708,49,0.025,1,0,0,0,0,0,2048,0.000,0.000
lltp,ILL/petri-nets/MCC,,,GPPP_G-PPP-1-10_10_1.p,classical,auto,1,false,,5,0,3,,unknown,context_too_wide,,focus,MELL,708,45,0.029,1,0,0,0,0,0,2048,0.000,0.000
lltp,ILL/petri-nets/MCC,,,GPPP_G-PPP-1-10_100_1.p,classical,auto,1,false,,5,0,3,,unknown,context_too_wide,,focus,MELL,708,45,0.029,1,0,0,0,0,0,2048,0.000,0.000
lltp,ILL/petri-nets/MCC,,,GPPP_G-PPP-1-100_5_1.p,classical,auto,1,false,,5,0,3,,unknown,context_too_wide,,focus,MELL,3948,406,0.079,1,0,0,0,0,0,2048,0.000,0.000
lltp,ILL/petri-nets/MCC,,,GPPP_G-PPP-1-100_50_1.p,classical,auto,1,false,,5,0,3,,unknown,context_too_wide,,focus,MELL,3948,405,0.076,1,0,0,0,0,0,2048,0.000,0.000
lltp,ILL/petri-nets/MCC,,,GPPP_G-PPP-1-100_20_1.p,classical,auto,1,false,,5,0,3,,unknown,context_too_wide,,focus,MELL,3948,405,0.103,1,0,0,0,0,0,2048,0.000,0.000
lltp,ILL/petri-nets/MCC,,,GPPP_G-PPP-1-100_1_1.p,classical,auto,1,false,,5,0,3,,unknown,context_too_wide,,focus,MELL,3948,409,0.079,1,0,0,0,0,0,2048,0.000,0.000
lltp,ILL/petri-nets/MCC,,,GPPP_G-PPP-1-100_10_1.p,classical,auto,1,false,,5,0,3,,unknown,context_too_wide,,focus,MELL,3948,405,0.080,1,0,0,0,0,0,2048,0.000,0.000
lltp,ILL/petri-nets/MCC,,,GPPP_G-PPP-1-100_100_1.p,classical,auto,1,false,,5,0,3,,unknown,context_too_wide,,focus,MELL,3948,405,0.079,1,0,0,0,0,0,2048,0.000,0.000
lltp,ILL/petri-nets/MCC,,,GPPP_G-PPP-1-1000_5_1.p,classical,auto,1,false,,5,0,3,,unknown,context_too_wide,,focus,MELL,36348,4006,0.899,1,0,0,0,0,0,2048,0.000,0.000
lltp,ILL/petri-nets/MCC,,,GPPP_G-PPP-1-1000_50_1.p,classical,auto,1,false,,5,0,3,,unknown,context_too_wide,,focus,MELL,36348,4005,0.892,1,0,0,0,0,0,2048,10.000,0.002
lltp,ILL/petri-nets/MCC,,,GPPP_G-PPP-1-1000_20_1.p,classical,auto,1,false,,5,0,3,,unknown,context_too_wide,,focus,MELL,36348,4005,0.907,1,0,0,0,0,0,2048,10.000,0.000
lltp,ILL/petri-nets/MCC,,,GPPP_G-PPP-1-1000_1_1.p,classical,auto,1,false,,5,0,3,,unknown,context_too_wide,,focus,MELL,36348,4009,0.885,1,0,0,0,0,0,2048,10.000,0.002
lltp,ILL/petri-nets/MCC,,,GPPP_G-PPP-1-1000_10_1.p,classical,auto,1,false,,5,0,3,,unknown,context_too_wide,,focus,MELL,36348,4005,0.855,1,0,0,0,0,0,2048,10.000,0.000
lltp,ILL/petri-nets/MCC,,,GPPP_G-PPP-1-1000_100_1.p,classical,auto,1,false,,5,0,3,,unknown,context_too_wide,,focus,MELL,36348,4005,0.905,1,0,0,0,0,0,2048,10.000,0.000
lltp,ILL/petri-nets/MCC,,,FlexibleBarrier_flexbar_22_b_5_1.p,classical,auto,1,false,,5,0,3,,unknown,recursion_limit,,focus,MELL,37606,485,6.403,0,0,0,0,0,0,2048,10.000,0.006
lltp,ILL/petri-nets/MCC,,,FlexibleBarrier_flexbar_22_b_50_1.p,classical,auto,1,false,,5,0,3,,unknown,recursion_limit,,focus,MELL,37612,485,5.190,0,0,0,0,0,0,2048,10.000,0.005
lltp,ILL/petri-nets/MCC,,,FlexibleBarrier_flexbar_22_b_20_1.p,classical,auto,1,false,,5,0,3,,unknown,recursion_limit,,focus,MELL,37606,485,4.534,0,0,0,0,0,0,2048,10.000,0.005
lltp,ILL/petri-nets/MCC,,,FlexibleBarrier_flexbar_22_b_1_1.p,classical,auto,1,false,,5,0,3,,unknown,recursion_limit,,focus,MELL,37598,485,5.016,0,0,0,0,0,0,2048,0.000,0.005
lltp,ILL/petri-nets/MCC,,,FlexibleBarrier_flexbar_22_b_10_1.p,classical,auto,1,false,,5,0,3,,unknown,recursion_limit,,focus,MELL,37608,485,4.730,0,0,0,0,0,0,2048,10.000,0.006
lltp,ILL/petri-nets/MCC,,,FlexibleBarrier_flexbar_22_b_100_1.p,classical,auto,1,false,,5,0,3,,unknown,recursion_limit,,focus,MELL,37634,485,4.523,0,0,0,0,0,0,2048,0.000,0.008
lltp,ILL/petri-nets/MCC,,,FlexibleBarrier_flexbar_22_a_5_1.p,classical,auto,1,false,,5,0,3,,unknown,timeout,,focus,MELL,12798,927,5430.286,3,0,1,8175616,0,0,2048,5410.000,3.383
lltp,ILL/petri-nets/MCC,,,FlexibleBarrier_flexbar_22_a_20_1.p,classical,auto,1,false,,5,0,3,,unknown,timeout,,focus,MELL,12798,927,5368.169,968916,1,968911,977559,0,0,2048,5350.000,5.256
lltp,ILL/petri-nets/MCC,,,FlexibleBarrier_flexbar_22_a_1_1.p,classical,auto,1,false,,5,0,3,,unknown,timeout,,focus,MELL,12798,927,5001.004,690473,690441,29,9505658,0,0,2048,4990.000,2.893
lltp,ILL/petri-nets/MCC,,,FlexibleBarrier_flexbar_20_b_5_1.p,classical,auto,1,false,,5,0,3,,unknown,recursion_limit,,focus,MELL,31156,401,5.626,0,0,0,0,0,0,2048,0.000,0.003
lltp,ILL/petri-nets/MCC,,,FlexibleBarrier_flexbar_20_b_50_1.p,classical,auto,1,false,,5,0,3,,unknown,recursion_limit,,focus,MELL,31168,401,3.687,0,0,0,0,0,0,2048,0.000,0.003
lltp,ILL/petri-nets/MCC,,,FlexibleBarrier_flexbar_20_b_20_1.p,classical,auto,1,false,,5,0,3,,unknown,recursion_limit,,focus,MELL,31160,401,3.986,0,0,0,0,0,0,2048,0.000,0.004
lltp,ILL/petri-nets/MCC,,,FlexibleBarrier_flexbar_20_b_1_1.p,classical,auto,1,false,,5,0,3,,unknown,recursion_limit,,focus,MELL,31154,401,5.164,0,0,0,0,0,0,2048,0.000,0.003
lltp,ILL/petri-nets/MCC,,,FlexibleBarrier_flexbar_20_b_10_1.p,classical,auto,1,false,,5,0,3,,unknown,recursion_limit,,focus,MELL,31160,401,4.155,0,0,0,0,0,0,2048,0.000,0.003
lltp,ILL/petri-nets/MCC,,,FlexibleBarrier_flexbar_20_b_100_1.p,classical,auto,1,false,,5,0,3,,unknown,recursion_limit,,focus,MELL,31192,401,4.658,0,0,0,0,0,0,2048,0.000,0.005
lltp,ILL/petri-nets/MCC,,,FlexibleBarrier_flexbar_20_a_5_1.p,classical,auto,1,false,,5,0,3,,unknown,timeout,,focus,MELL,10678,763,5197.372,481,0,478,8949760,0,0,2048,5180.000,3.209
lltp,ILL/petri-nets/MCC,,,FlexibleBarrier_flexbar_20_a_20_1.p,classical,auto,1,false,,5,0,3,,unknown,timeout,,focus,MELL,10678,763,5064.868,1066426,1,1048576,1073645,0,0,2048,5040.000,5.475
lltp,ILL/petri-nets/MCC,,,FlexibleBarrier_flexbar_20_a_1_1.p,classical,auto,1,false,,5,0,3,,unknown,timeout,,focus,MELL,10678,763,5004.845,722306,722274,29,10632222,0,0,2048,4990.000,2.993
lltp,ILL/petri-nets/MCC,,,FlexibleBarrier_flexbar_18_b_5_1.p,classical,auto,1,false,,5,0,3,,unknown,recursion_limit,,focus,MELL,25322,325,4.813,0,0,0,0,0,0,2048,0.000,0.005
lltp,ILL/petri-nets/MCC,,,FlexibleBarrier_flexbar_18_b_50_1.p,classical,auto,1,false,,5,0,3,,unknown,recursion_limit,,focus,MELL,25332,325,4.422,0,0,0,0,0,0,2048,0.000,0.004
lltp,ILL/petri-nets/MCC,,,FlexibleBarrier_flexbar_18_b_20_1.p,classical,auto,1,false,,5,0,3,,unknown,recursion_limit,,focus,MELL,25326,325,4.141,0,0,0,0,0,0,2048,0.000,0.004
lltp,ILL/petri-nets/MCC,,,FlexibleBarrier_flexbar_18_b_1_1.p,classical,auto,1,false,,5,0,3,,unknown,recursion_limit,,focus,MELL,25318,325,3.423,0,0,0,0,0,0,2048,0.000,0.004
lltp,ILL/petri-nets/MCC,,,FlexibleBarrier_flexbar_18_b_10_1.p,classical,auto,1,false,,5,0,3,,unknown,recursion_limit,,focus,MELL,25326,325,4.179,0,0,0,0,0,0,2048,0.000,0.003
lltp,ILL/petri-nets/MCC,,,FlexibleBarrier_flexbar_18_b_100_1.p,classical,auto,1,false,,5,0,3,,unknown,recursion_limit,,focus,MELL,25354,325,4.259,0,0,0,0,0,0,2048,0.000,0.003
lltp,ILL/petri-nets/MCC,,,FlexibleBarrier_flexbar_18_a_5_1.p,classical,auto,1,false,,5,0,3,,unknown,timeout,,focus,MELL,8750,615,5052.065,3,0,1,10960896,0,0,2048,5040.000,2.968
lltp,ILL/petri-nets/MCC,,,FlexibleBarrier_flexbar_18_a_20_1.p,classical,auto,1,false,,5,0,3,,unknown,timeout,,focus,MELL,8750,615,5106.081,1253532,1,1048576,1463980,0,0,2048,5080.000,5.318
lltp,ILL/petri-nets/MCC,,,FlexibleBarrier_flexbar_18_a_1_1.p,classical,auto,1,false,,5,0,3,,unknown,timeout,,focus,MELL,8750,615,5107.725,157529,157501,25,11324792,0,0,2048,5090.000,2.977
lltp,ILL/petri-nets/MCC,,,FlexibleBarrier_flexbar_16_b_5_1.p,classical,auto,1,false,,5,0,3,,unknown,recursion_limit,,focus,MELL,20094,257,2.708,0,0,0,0,0,0,2048,0.000,0.005
lltp,ILL/petri-nets/MCC,,,FlexibleBarrier_flexbar_16_b_50_1.p,classical,auto,1,false,,5,0,3,,unknown,recursion_limit,,focus,MELL,20104,257,3.712,0,0,0,0,0,0,2048,0.000,0.002
lltp,ILL/petri-nets/MCC,,,FlexibleBarrier_flexbar_16_b_20_1.p,classical,auto,1,false,,5,0,3,,unknown,recursion_limit,,focus,MELL,20098,257,2.455,0,0,0,0,0,0,2048,0.000,0.002
lltp,ILL/petri-nets/MCC,,,FlexibleBarrier_flexbar_16_b_1_1.p,classical,auto,1,false,,5,0,3,,unknown,recursion_limit,,focus,MELL,20090,257,2.471,0,0,0,0,0,0,2048,10.000,0.002
lltp,ILL/petri-nets/MCC,,,FlexibleBarrier_flexbar_16_b_10_1.p,classical,auto,1,false,,5,0,3,,unknown,recursion_limit,,focus,MELL,20098,257,2.493,0,0,0,0,0,0,2048,10.000,0.002
lltp,ILL/petri-nets/MCC,,,FlexibleBarrier_flexbar_16_b_100_1.p,classical,auto,1,false,,5,0,3,,unknown,recursion_limit,,focus,MELL,20122,257,3.293,0,0,0,0,0,0,2048,10.000,0.015
lltp,ILL/petri-nets/MCC,,,FlexibleBarrier_flexbar_16_a_5_1.p,classical,auto,1,false,,5,0,3,,unknown,timeout,,focus,MELL,7014,483,5102.972,3,0,1,11440128,0,0,2048,5090.000,3.340
lltp,ILL/petri-nets/MCC,,,FlexibleBarrier_flexbar_16_a_20_1.p,classical,auto,1,false,,5,0,3,,unknown,timeout,,focus,MELL,7014,483,5134.467,1475711,3,1048576,2169359,0,0,2048,5110.000,4.496
lltp,ILL/petri-nets/MCC,,,FlexibleBarrier_flexbar_16_a_1_1.p,classical,auto,1,false,,5,0,3,,unknown,timeout,,focus,MELL,7014,483,5130.496,133144,133113,29,14417920,0,0,2048,5110.000,3.862
lltp,ILL/petri-nets/MCC,,,FlexibleBarrier_flexbar_14_b_5_1.p,classical,auto,1,false,,5,0,3,,unknown,recursion_limit,,focus,MELL,15478,197,2.211,0,0,0,0,0,0,2048,0.000,0.002
lltp,ILL/petri-nets/MCC,,,FlexibleBarrier_flexbar_14_b_50_1.p,classical,auto,1,false,,5,0,3,,unknown,recursion_limit,,focus,MELL,15484,197,1.878,0,0,0,0,0,0,2048,0.000,0.007
lltp,ILL/petri-nets/MCC,,,FlexibleBarrier_flexbar_14_b_20_1.p,classical,auto,1,false,,5,0,3,,unknown,recursion_limit,,focus,MELL,15476,197,1.953,0,0,0,0,0,0,2048,0.000,0.002
lltp,ILL/petri-nets/MCC,,,FlexibleBarrier_flexbar_14_b_1_1.p,classical,auto,1,false,,5,0,3,,unknown,recursion_limit,,focus,MELL,15470,197,1.998,0,0,0,0,0,0,2048,0.000,0.002
lltp,ILL/petri-nets/MCC,,,FlexibleBarrier_flexbar_14_b_10_1.p,classical,auto,1,false,,5,0,3,,unknown,recursion_limit,,focus,MELL,15486,197,2.083,0,0,0,0,0,0,2048,0.000,0.003
lltp,ILL/petri-nets/MCC,,,FlexibleBarrier_flexbar_14_b_100_1.p,classical,auto,1,false,,5,0,3,,unknown,recursion_limit,,focus,MELL,15498,197,2.020,0,0,0,0,0,0,2048,0.000,0.001
lltp,ILL/petri-nets/MCC,,,FlexibleBarrier_flexbar_14_a_5_1.p,classical,auto,1,false,,5,0,3,,unknown,timeout,,focus,MELL,5470,367,5012.381,23600586,23521047,79535,25751073,0,0,2048,5000.000,4.727
lltp,ILL/petri-nets/MCC,,,FlexibleBarrier_flexbar_14_a_20_1.p,classical,auto,1,false,,5,0,3,,unknown,timeout,,focus,MELL,5470,367,6170.071,1442160,15,1048576,9506862,0,0,2048,6140.000,4.306
lltp,ILL/petri-nets/MCC,,,FlexibleBarrier_flexbar_14_a_1_1.p,classical,auto,1,false,,5,0,3,,unknown,timeout,,focus,MELL,5470,367,5010.564,94372,94329,41,17608704,0,0,2048,4990.000,3.317
lltp,ILL/petri-nets/MCC,,,FlexibleBarrier_flexbar_14_a_10_1.p,classical,auto,1,false,,5,0,3,,unknown,timeout,,focus,MELL,5470,367,5011.985,23199981,23121148,78829,25348630,0,0,2048,4990.000,4.023
lltp,ILL/petri-nets/MCC,,,FlexibleBarrier_flexbar_12_b_5_1.p,classical,auto,1,false,,5,0,3,,unknown,recursion_limit,,focus,MELL,11462,145,1.624,0,0,0,0,0,0,2048,0.000,0.000
lltp,ILL/petri-nets/MCC,,,FlexibleBarrier_flexbar_12_b_50_1.p,classical,auto,1,false,,5,0,3,,unknown,recursion_limit,,focus,MELL,11476,145,1.537,0,0,0,0,0,0,2048,0.000,0.001
lltp,ILL/petri-nets/MCC,,,FlexibleBarrier_flexbar_12_b_20_1.p,classical,auto,1,false,,5,0,3,,unknown,recursion_limit,,focus,MELL,11464,145,1.419,0,0,0,0,0,0,2048,0.000,0.002
lltp,ILL/petri-nets/MCC,,,FlexibleBarrier_flexbar_12_b_1_1.p,classical,auto,1,false,,5,0,3,,unknown,recursion_limit,,focus,MELL,11458,145,1.441,0,0,0,0,0,0,2048,0.000,0.000
lltp,ILL/petri-nets/MCC,,,FlexibleBarrier_flexbar_12_b_10_1.p,classical,auto,1,false,,5,0,3,,unknown,recursion_limit,,focus,MELL,11464,145,1.406,0,0,0,0,0,0,2048,0.000,0.000
lltp,ILL/petri-nets/MCC,,,FlexibleBarrier_flexbar_12_b_100_1.p,classical,auto,1,false,,5,0,3,,unknown,recursion_limit,,focus,MELL,11482,145,1.403,0,0,0,0,0,0,2048,0.000,0.002
lltp,ILL/petri-nets/MCC,,,FlexibleBarrier_flexbar_12_a_5_1.p,classical,auto,1,false,,5,0,3,,unknown,timeout,,focus,MELL,4118,267,5056.505,285,0,282,20353024,0,0,2048,5040.000,3.613
lltp,ILL/petri-nets/MCC,,,FlexibleBarrier_flexbar_12_a_20_1.p,classical,auto,1,false,,5,0,3,,unknown,timeout,,focus,MELL,4118,267,5158.412,16378053,15751662,626387,22471735,0,0,2048,5140.000,3.604
lltp,ILL/petri-nets/MCC,,,FlexibleBarrier_flexbar_12_a_1_1.p,classical,auto,1,false,,5,0,3,,unknown,timeout,,focus,MELL,4118,267,5001.675,88075,88031,41,23560256,0,0,2048,4980.000,3.261
lltp,ILL/petri-nets/MCC,,,FlexibleBarrier_flexbar_12_a_10_1.p,classical,auto,1,false,,5,0,3,,unknown,timeout,,focus,MELL,4118,267,5039.244,277,0,274,20365312,0,0,2048,5020.000,3.068
lltp,ILL/petri-nets/MCC,,,FlexibleBarrier_flexbar_10_b_5_1.p,classical,auto,1,false,,5,0,3,,unknown,timeout,,focus,MELL,8060,101,5023.496,786297,675689,109860,4919886,0,0,2048,5010.000,2.758
lltp,ILL/petri-nets/MCC,,,FlexibleBarrier_flexbar_10_b_50_1.p,classical,auto,1,false,,5,0,3,,unknown,timeout,,focus,MELL,8072,101,5020.552,36823,27958,8834,8279291,0,0,2048,5000.000,3.546
lltp,ILL/petri-nets/MCC,,,FlexibleBarrier_flexbar_10_b_20_1.p,classical,auto,1,false,,5,0,3,,unknown,timeout,,focus,MELL,8066,101,5024.125,822429,710947,110734,4959235,0,0,2048,5010.000,2.753
lltp,ILL/petri-nets/MCC,,,FlexibleBarrier_flexbar_10_b_1_1.p,classical,auto,1,false,,5,0,3,,proved,,ok,focus,MELL,8054,101,15.737,1537,550,984,9467,0,0,2048,20.000,0.019
lltp,ILL/petri-nets/MCC,,,FlexibleBarrier_flexbar_10_b_10_1.p,classical,auto,1,false,,5,0,3,,unknown,timeout,,focus,MELL,8060,101,5014.213,372203,304683,67204,5818188,0,0,2048,5000.000,2.672
lltp,ILL/petri-nets/MCC,,,FlexibleBarrier_flexbar_10_b_100_1.p,classical,auto,1,false,,5,0,3,,unknown,timeout,,focus,MELL,8074,101,5020.925,912440,804473,107223,5128997,0,0,2048,5010.000,2.638
lltp,ILL/petri-nets/MCC,,,FlexibleBarrier_flexbar_10_a_5_1.p,classical,auto,1,false,,5,0,3,,unknown,timeout,,focus,MELL,2958,183,5018.136,6198901,6088931,109966,27996390,0,0,2048,5000.000,2.675
lltp,ILL/petri-nets/MCC,,,FlexibleBarrier_flexbar_10_a_20_1.p,classical,auto,1,false,,5,0,3,,unknown,timeout,,focus,MELL,2958,183,5493.869,16003632,15085840,917553,25586656,0,0,2048,5470.000,3.859
lltp,ILL/petri-nets/MCC,,,FlexibleBarrier_flexbar_10_a_1_1.p,classical,auto,1,false,,5,0,3,,unknown,timeout,,focus,MELL,2958,183,5027.389,51917,51866,49,30593024,0,0,2048,5010.000,2.951
lltp,ILL/petri-nets/MCC,,,FlexibleBarrier_flexbar_10_a_10_1.p,classical,auto,1,false,,5,0,3,,unknown,timeout,,focus,MELL,2958,183,5019.738,5152236,5042076,110156,27750164,0,0,2048,5000.000,3.628
lltp,ILL/petri-nets/MCC,,,FlexibleBarrier_flexbar_08_b_5_1.p,classical,auto,1,false,,5,0,3,,unknown,timeout,,focus,MELL,5260,65,5018.692,1800580,1688434,110704,8506638,0,0,2048,5000.000,2.600
lltp,ILL/petri-nets/MCC,,,FlexibleBarrier_flexbar_08_b_50_1.p,classical,auto,1,false,,5,0,3,,unknown,timeout,,focus,MELL,5274,65,5010.302,5303734,5237385,65622,17939360,0,0,2048,5000.000,2.402
lltp,ILL/petri-nets/MCC,,,FlexibleBarrier_flexbar_08_b_20_1.p,classical,auto,1,false,,5,0,3,,unknown,timeout,,focus,MELL,5268,65,5014.001,566951,508804,57476,9363020,0,0,2048,5000.000,2.477
lltp,ILL/petri-nets/MCC,,,FlexibleBarrier_flexbar_08_b_1_1.p,classical,auto,1,false,,5,0,3,,proved,,ok,focus,MELL,5258,65,6.826,1045,378,664,6099,0,0,2048,0.000,0.004
lltp,ILL/petri-nets/MCC,,,FlexibleBarrier_flexbar_08_b_10_1.p,classical,auto,1,false,,5,0,3,,unknown,timeout,,focus,MELL,5264,65,5018.305,3239759,3131845,106620,10751397,0,0,2048,5010.000,2.563
lltp,ILL/petri-nets/MCC,,,FlexibleBarrier_flexbar_08_b_100_1.p,classical,auto,1,false,,5,0,3,,unknown,timeout,,focus,MELL,5274,65,5009.799,5343554,5279447,63392,18064760,0,0,2048,4990.000,2.383
lltp,ILL/petri-nets/MCC,,,FlexibleBarrier_flexbar_08_a_5_1.p,classical,auto,1,false,,5,0,3,,proved,,ok,focus,MELL,1990,115,517.561,1114709,973837,140682,2850052,0,0,2048,510.000,0.339
lltp,ILL/petri-nets/MCC,,,FlexibleBarrier_flexbar_08_a_1_1.p,classical,auto,1,false,,5,0,3,,proved,,ok,focus,MELL,1990,115,36.637,313808,313581,226,456301,0,0,2048,30.000,0.031
lltp,ILL/petri-nets/MCC,,,FlexibleBarrier_flexbar_08_a_10_1.p,classical,auto,1,false,,5,0,3,,unknown,timeout,,focus,MELL,1990,115,5052.343,7831782,7591783,239132,33285268,0,0,2048,5030.000,3.084
lltp,ILL/petri-nets/MCC,,,FlexibleBarrier_flexbar_06_b_5_1.p,classical,auto,1,false,,5,0,3,,unknown,timeout,,focus,MELL,3074,37,5019.482,2310318,2194134,113487,14332083,0,0,2048,5000.000,2.674
lltp,ILL/petri-nets/MCC,,,FlexibleBarrier_flexbar_06_b_50_1.p,classical,auto,1,false,,5,0,3,,unknown,timeout,,focus,MELL,3082,37,5021.880,5322917,5197056,122551,18511910,0,0,2048,5010.000,2.724
lltp,ILL/petri-nets/MCC,,,FlexibleBarrier_flexbar_06_b_20_1.p,classical,auto,1,false,,5,0,3,,unknown,timeout,,focus,MELL,3082,37,5005.790,336029,299103,36377,17112597,0,0,2048,4980.000,2.744
lltp,ILL/petri-nets/MCC,,,FlexibleBarrier_flexbar_06_b_1_1.p,classical,auto,1,false,,5,0,3,,proved,,ok,focus,MELL,3070,37,2.486,649,238,408,3483,0,0,2048,0.000,0.001
lltp,ILL/petri-nets/MCC,,,FlexibleBarrier_flexbar_06_b_10_1.p,classical,auto,1,false,,5,0,3,,unknown,timeout,,focus,MELL,3080,37,5011.434,1149922,1073442,75014,15203194,0,0,2048,4990.000,2.530
lltp,ILL/petri-nets/MCC,,,FlexibleBarrier_flexbar_06_b_100_1.p,classical,auto,1,false,,5,0,3,,unknown,timeout,,focus,MELL,3082,37,5021.784,5325403,5201729,120277,18356546,0,0,2048,5000.000,2.694
lltp,ILL/petri-nets/MCC,,,FlexibleBarrier_flexbar_06_a_5_1.p,classical,auto,1,false,,5,0,3,,unknown,timeout,,focus,MELL,1214,63,5088.264,8445150,8023768,417485,41717685,0,0,2048,5070.000,3.396
lltp,ILL/petri-nets/MCC,,,FlexibleBarrier_flexbar_06_a_20_1.p,classical,auto,1,false,,5,0,3,,unknown,timeout,,focus,MELL,1214,63,5047.959,4433301,4192877,238209,45948942,0,0,2048,5030.000,2.883
lltp,ILL/petri-nets/MCC,,,FlexibleBarrier_flexbar_06_a_1_1.p,classical,auto,1,false,,5,0,3,,proved,,ok,focus,MELL,1214,63,0.265,1300,1249,50,1835,0,0,2048,0.000,0.000
lltp,ILL/petri-nets/MCC,,,FlexibleBarrier_flexbar_06_a_10_1.p,classical,auto,1,false,,5,0,3,,unknown,timeout,,focus,MELL,1214,63,5047.603,4431718,4192685,236818,45758569,0,0,2048,5030.000,2.882
lltp,ILL/petri-nets/MCC,,,FlexibleBarrier_flexbar_04_b_5_1.p,classical,auto,1,false,,5,0,3,,unknown,timeout,,focus,MELL,1492,17,5016.376,5769697,5643841,114525,26678084,0,0,2048,5000.000,2.796
lltp,ILL/petri-nets/MCC,,,FlexibleBarrier_flexbar_04_b_50_1.p,classical,auto,1,false,,5,0,3,,unknown,timeout,,focus,MELL,1498,17,5015.599,8878821,8761050,106858,28358224,0,0,2048,5000.000,2.627
lltp,ILL/petri-nets/MCC,,,FlexibleBarrier_flexbar_04_b_20_1.p,classical,auto,1,false,,5,0,3,,unknown,timeout,,focus,MELL,1496,17,5012.207,3291139,3198794,86635,29420897,0,0,2048,5000.000,2.583
lltp,ILL/petri-nets/MCC,,,FlexibleBarrier_flexbar_04_b_1_1.p,classical,auto,1,false,,5,0,3,,proved,,ok,focus,MELL,1490,17,0.716,349,130,216,1619,0,0,2048,0.000,0.000
lltp,ILL/petri-nets/MCC,,,FlexibleBarrier_flexbar_04_b_10_1.p,classical,auto,1,false,,5,0,3,,unknown,timeout,,focus,MELL,1492,17,5015.734,5721656,5600780,109631,26835859,0,0,2048,4990.000,2.644
lltp,ILL/petri-nets/MCC,,,FlexibleBarrier_flexbar_04_a_5_1.p,classical,auto,1,false,,5,0,3,,unknown,copy_bound,,focus,MELL,630,27,1515.283,4255048,4150372,98735,17675343,0,0,2048,1500.000,0.934
lltp,ILL/petri-nets/MCC,,,FlexibleBarrier_flexbar_04_a_50_1.p,classical,auto,1,false,,5,0,3,,unknown,copy_bound,,focus,MELL,630,27,1515.050,4255048,4150372,98735,17675343,0,0,2048,1500.000,0.924
lltp,ILL/petri-nets/MCC,,,FlexibleBarrier_flexbar_04_a_20_1.p,classical,auto,1,false,,5,0,3,,unknown,copy_bound,,focus,MELL,630,27,1519.715,4255048,4150372,98735,17675343,0,0,2048,1510.000,0.862
lltp,ILL/petri-nets/MCC,,,FlexibleBarrier_flexbar_04_a_1_1.p,classical,auto,1,false,,5,0,3,,proved,,ok,focus,MELL,630,27,0.076,18,7,10,24,0,0,2048,0.000,0.000
lltp,ILL/petri-nets/MCC,,,FlexibleBarrier_flexbar_04_a_10_1.p,classical,auto,1,false,,5,0,3,,unknown,copy_bound,,focus,MELL,630,27,1733.482,4594089,4483892,103933,20565913,0,0,2048,1720.000,1.006
lltp,ILL/petri-nets/MCC,,,FlexibleBarrier_flexbar_04_a_100_1.p,classical,auto,1,false,,5,0,3,,unknown,copy_bound,,focus,MELL,630,27,1730.869,4594089,4483892,103933,20565913,0,0,2048,1710.000,0.978
lltp,ILL/petri-nets/MCC,,,FMS-5_5_1.p,classical,auto,1,false,,5,0,3,,unknown,timeout,,focus,MELL,182,7,5007.476,1,0,0,145514496,0,0,2048,4990.000,2.315
lltp,ILL/petri-nets/MCC,,,FMS-5_20_1.p,classical,auto,1,false,,5,0,3,,unknown,timeout,,focus,MELL,182,7,5035.990,1,0,0,137400320,0,0,2048,5020.000,3.643
lltp,ILL/petri-nets/MCC,,,FMS-5_1_1.p,classical,auto,1,false,,5,0,3,,proved,,ok,focus,MELL,182,7,0.768,8,0,6,15940,0,0,2048,0.000,0.000
lltp,ILL/petri-nets/MCC,,,FMS-5_10_1.p,classical,auto,1,false,,5,0,3,,unknown,timeout,,focus,MELL,182,7,5030.287,1,0,0,142229504,0,0,2048,5010.000,2.535
lltp,ILL/petri-nets/MCC,,,FMS-50_5_1.p,classical,auto,1,false,,5,0,3,,unknown,timeout,,focus,MELL,722,52,5022.781,1,0,0,119107584,0,0,2048,5000.000,2.774
lltp,ILL/petri-nets/MCC,,,FMS-50_50_1.p,classical,auto,1,false,,5,0,3,,unknown,timeout,,focus,MELL,716,52,5092.039,1,0,0,113577984,0,0,2048,5080.000,2.925
lltp,ILL/petri-nets/MCC,,,FMS-50_20_1.p,classical,auto,1,false,,5,0,3,,unknown,timeout,,focus,MELL,722,52,5044.038,1,0,0,119025664,0,0,2048,5030.000,2.932
lltp,ILL/petri-nets/MCC,,,FMS-50_1_1.p,classical,auto,1,false,,5,0,3,,unknown,timeout,,focus,MELL,722,52,5573.739,1,0,0,113086464,0,0,2048,5560.000,2.820
lltp,ILL/petri-nets/MCC,,,FMS-50_10_1.p,classical,auto,1,false,,5,0,3,,unknown,timeout,,focus,MELL,722,52,5031.405,1,0,0,122048512,0,0,2048,5010.000,2.567
lltp,ILL/petri-nets/MCC,,,FMS-50_100_1.p,classical,auto,1,false,,5,0,3,,unknown,timeout,,focus,MELL,718,52,5098.577,1,0,0,113729536,0,0,2048,5090.000,2.432
lltp,ILL/petri-nets/MCC,,,FMS-500_5_1.p,classical,auto,1,false,,5,0,3,,unknown,context_too_wide,,focus,MELL,6122,502,1.797,1,0,0,1000,0,0,2048,0.000,0.002
lltp,ILL/petri-nets/MCC,,,FMS-500_50_1.p,classical,auto,1,false,,5,0,3,,unknown,context_too_wide,,focus,MELL,6116,502,1.655,1,0,0,1000,0,0,2048,0.000,0.002
lltp,ILL/petri-nets/MCC,,,FMS-500_20_1.p,classical,auto,1,false,,5,0,3,,unknown,context_too_wide,,focus,MELL,6122,502,1.648,1,0,0,1000,0,0,2048,0.000,0.002
lltp,ILL/petri-nets/MCC,,,FMS-500_1_1.p,classical,auto,1,false,,5,0,3,,unknown,context_too_wide,,focus,MELL,6122,502,1.648,1,0,0,1000,0,0,2048,0.000,0.002
lltp,ILL/petri-nets/MCC,,,FMS-500_10_1.p,classical,auto,1,false,,5,0,3,,unknown,context_too_wide,,focus,MELL,6122,502,1.637,1,0,0,1000,0,0,2048,0.000,0.002
lltp,ILL/petri-nets/MCC,,,FMS-500_100_1.p,classical,auto,1,false,,5,0,3,,unknown,context_too_wide,,focus,MELL,6116,502,1.680,1,0,0,1000,0,0,2048,0.000,0.019
lltp,ILL/petri-nets/MCC,,,FMS-2_5_1.p,classical,auto,1,false,,5,0,3,,unknown,timeout,,focus,MELL,146,4,5016.066,781,764,16,138055680,0,0,2048,5000.000,2.658
lltp,ILL/petri-nets/MCC,,,FMS-2_50_1.p,classical,auto,1,false,,5,0,3,,unknown,timeout,,focus,MELL,146,4,5018.958,626,609,16,138801152,0,0,2048,4990.000,2.782
lltp,ILL/petri-nets/MCC,,,FMS-2_20_1.p,classical,auto,1,false,,5,0,3,,unknown,timeout,,focus,MELL,146,4,5025.131,626,609,16,141873152,0,0,2048,5010.000,2.755
lltp,ILL/petri-nets/MCC,,,FMS-2_1_1.p,classical,auto,1,false,,5,0,3,,proved,,ok,focus,MELL,146,4,0.108,5,0,3,1541,0,0,2048,0.000,0.000
lltp,ILL/petri-nets/MCC,,,FMS-2_10_1.p,classical,auto,1,false,,5,0,3,,unknown,timeout,,focus,MELL,144,4,5008.684,712,695,16,143945728,0,0,2048,4990.000,2.870
lltp,ILL/petri-nets/MCC,,,FMS-2_100_1.p,classical,auto,1,false,,5,0,3,,unknown,timeout,,focus,MELL,146,4,5012.214,1,0,0,144994304,0,0,2048,5000.000,2.899
lltp,ILL/petri-nets/MCC,,,FMS-20_5_1.p,classical,auto,1,false,,5,0,3,,unknown,timeout,,focus,MELL,362,22,5054.925,1,0,0,118980608,0,0,2048,5040.000,2.379
lltp,ILL/petri-nets/MCC,,,FMS-20_50_1.p,classical,auto,1,false,,5,0,3,,unknown,timeout,,focus,MELL,358,22,5016.136,1,0,0,128335872,0,0,2048,5000.000,3.011
lltp,ILL/petri-nets/MCC,,,FMS-20_20_1.p,classical,auto,1,false,,5,0,3,,unknown,timeout,,focus,MELL,362,22,5049.361,1,0,0,130797568,0,0,2048,5030.000,2.723
lltp,ILL/petri-nets/MCC,,,FMS-20_1_1.p,classical,auto,1,false,,5,0,3,,unknown,timeout,,focus,MELL,362,22,5046.071,1,0,0,105639936,0,0,2048,5020.000,2.632
lltp,ILL/petri-nets/MCC,,,FMS-20_10_1.p,classical,auto,1,false,,5,0,3,,unknown,timeout,,focus,MELL,362,22,5036.125,1,0,0,129544192,0,0,2048,5020.000,2.467
lltp,ILL/petri-nets/MCC,,,FMS-20_100_1.p,classical,auto,1,false,,5,0,3,,unknown,timeout,,focus,MELL,362,22,5019.457,1,0,0,131883008,0,0,2048,5010.000,2.879
lltp,ILL/petri-nets/MCC,,,FMS-200_5_1.p,classical,auto,1,false,,5,0,3,,unknown,context_too_wide,,focus,MELL,2522,202,0.382,1,0,0,400,0,0,2048,0.000,0.000
lltp,ILL/petri-nets/MCC,,,FMS-200_50_1.p,classical,auto,1,false,,5,0,3,,unknown,context_too_wide,,focus,MELL,2516,202,0.354,1,0,0,400,0,0,2048,0.000,0.000
lltp,ILL/petri-nets/MCC,,,FMS-200_20_1.p,classical,auto,1,false,,5,0,3,,unknown,context_too_wide,,focus,MELL,2522,202,0.353,1,0,0,400,0,0,2048,0.000,0.000
lltp,ILL/petri-nets/MCC,,,FMS-200_1_1.p,classical,auto,1,false,,5,0,3,,unknown,context_too_wide,,focus,MELL,2522,202,0.349,1,0,0,400,0,0,2048,0.000,0.000
lltp,ILL/petri-nets/MCC,,,FMS-200_10_1.p,classical,auto,1,false,,5,0,3,,unknown,context_too_wide,,focus,MELL,2522,202,0.350,1,0,0,400,0,0,2048,0.000,0.000
lltp,ILL/petri-nets/MCC,,,FMS-200_100_1.p,classical,auto,1,false,,5,0,3,,unknown,context_too_wide,,focus,MELL,2516,202,0.350,1,0,0,400,0,0,2048,0.000,0.000
lltp,ILL/petri-nets/MCC,,,FMS-10_5_1.p,classical,auto,1,false,,5,0,3,,unknown,timeout,,focus,MELL,242,12,5055.934,1,0,0,125898752,0,0,2048,5040.000,2.493
lltp,ILL/petri-nets/MCC,,,FMS-10_50_1.p,classical,auto,1,false,,5,0,3,,unknown,timeout,,focus,MELL,242,12,5020.213,1,0,0,139345920,0,0,2048,5010.000,2.804
lltp,ILL/petri-nets/MCC,,,FMS-10_20_1.p,classical,auto,1,false,,5,0,3,,unknown,timeout,,focus,MELL,242,12,5018.122,1,0,0,140914688,0,0,2048,5000.000,2.691
lltp,ILL/petri-nets/MCC,,,FMS-10_1_1.p,classical,auto,1,false,,5,0,3,,proved,,ok,focus,MELL,242,12,38.608,13,0,11,763225,0,0,2048,30.000,0.045
lltp,ILL/petri-nets/MCC,,,FMS-10_10_1.p,classical,auto,1,false,,5,0,3,,unknown,timeout,,focus,MELL,242,12,5000.534,1,0,0,134148096,0,0,2048,4990.000,2.632
lltp,ILL/petri-nets/MCC,,,FMS-100_5_1.p,classical,auto,1,false,,5,0,3,,unknown,context_too_wide,,focus,MELL,1322,102,0.149,1,0,0,200,0,0,2048,0.000,0.000
lltp,ILL/petri-nets/MCC,,,FMS-100_50_1.p,classical,auto,1,false,,5,0,3,,unknown,context_too_wide,,focus,MELL,1316,102,0.131,1,0,0,200,0,0,2048,0.000,0.000
lltp,ILL/petri-nets/MCC,,,FMS-100_20_1.p,classical,auto,1,false,,5,0,3,,unknown,context_too_wide,,focus,MELL,1322,102,0.132,1,0,0,200,0,0,2048,0.000,0.000
lltp,ILL/petri-nets/MCC,,,FMS-100_1_1.p,classical,auto,1,false,,5,0,3,,unknown,context_too_wide,,focus,MELL,1322,102,0.129,1,0,0,200,0,0,2048,0.000,0.000
lltp,ILL/petri-nets/MCC,,,FMS-100_10_1.p,classical,auto,1,false,,5,0,3,,unknown,context_too_wide,,focus,MELL,1322,102,0.134,1,0,0,200,0,0,2048,0.000,0.000
lltp,ILL/petri-nets/MCC,,,FMS-100_100_1.p,classical,auto,1,false,,5,0,3,,unknown,context_too_wide,,focus,MELL,1316,102,0.135,1,0,0,200,0,0,2048,0.000,0.000
lltp,ILL/petri-nets/MCC,,,Eratosthenes_eratosthenes-500_5_1.p,classical,auto,1,false,,5,0,3,,unknown,recursion_limit,,focus,MELL,15130,250,2.107,0,0,0,0,0,0,2048,0.000,0.002
lltp,ILL/petri-nets/MCC,,,Eratosthenes_eratosthenes-500_50_1.p,classical,auto,1,false,,5,0,3,,unknown,recursion_limit,,focus,MELL,15040,250,1.854,0,0,0,0,0,0,2048,0.000,0.002
lltp,ILL/petri-nets/MCC,,,Eratosthenes_eratosthenes-500_20_1.p,classical,auto,1,false,,5,0,3,,unknown,recursion_limit,,focus,MELL,15100,250,2.010,0,0,0,0,0,0,2048,0.000,0.008
lltp,ILL/petri-nets/MCC,,,Eratosthenes_eratosthenes-500_1_1.p,classical,auto,1,false,,5,0,3,,unknown,recursion_limit,,focus,MELL,15138,250,1.936,0,0,0,0,0,0,2048,0.000,0.002
lltp,ILL/petri-nets/MCC,,,Eratosthenes_eratosthenes-500_100_1.p,classical,auto,1,false,,5,0,3,,unknown,recursion_limit,,focus,MELL,14940,250,1.797,0,0,0,0,0,0,2048,0.000,0.002
lltp,ILL/petri-nets/MCC,,,Eratosthenes_eratosthenes-200_5_1.p,classical,auto,1,false,,5,0,3,,unknown,context_too_wide,,focus,MELL,4978,100,0.341,1,0,0,0,0,0,2048,0.000,0.005
lltp,ILL/petri-nets/MCC,,,Eratosthenes_eratosthenes-200_50_1.p,classical,auto,1,false,,5,0,3,,unknown,context_too_wide,,focus,MELL,4888,100,0.308,1,0,0,0,0,0,2048,0.000,0.000
lltp,ILL/petri-nets/MCC,,,Eratosthenes_eratosthenes-200_20_1.p,classical,auto,1,false,,5,0,3,,unknown,context_too_wide,,focus,MELL,4948,100,0.315,1,0,0,0,0,0,2048,0.000,0.000
lltp,ILL/petri-nets/MCC,,,Eratosthenes_eratosthenes-200_1_1.p,classical,auto,1,false,,5,0,3,,unknown,context_too_wide,,focus,MELL,4986,100,0.316,1,0,0,0,0,0,2048,0.000,0.000
lltp,ILL/petri-nets/MCC,,,Eratosthenes_eratosthenes-200_100_1.p,classical,auto,1,false,,5,0,3,,unknown,context_too_wide,,focus,MELL,4788,100,0.298,1,0,0,0,0,0,2048,0.000,0.000
lltp,ILL/petri-nets/MCC,,,Eratosthenes_eratosthenes-100_5_1.p,classical,auto,1,false,,5,0,3,,unknown,context_too_wide,,focus,MELL,2082,50,0.104,1,0,0,0,0,0,2048,0.000,0.000
lltp,ILL/petri-nets/MCC,,,Eratosthenes_eratosthenes-100_50_1.p,classical,auto,1,false,,5,0,3,,unknown,context_too_wide,,focus,MELL,1992,50,0.102,1,0,0,0,0,0,2048,0.000,0.000
lltp,ILL/petri-nets/MCC,,,Eratosthenes_eratosthenes-100_20_1.p,classical,auto,1,false,,5,0,3,,unknown,context_too_wide,,focus,MELL,2052,50,0.100,1,0,0,0,0,0,2048,0.000,0.000
lltp,ILL/petri-nets/MCC,,,Eratosthenes_eratosthenes-100_1_1.p,classical,auto,1,false,,5,0,3,,unknown,context_too_wide,,focus,MELL,2090,50,0.103,1,0,0,0,0,0,2048,0.000,0.000
lltp,ILL/petri-nets/MCC,,,Eratosthenes_eratosthenes-100_100_1.p,classical,auto,1,false,,5,0,3,,unknown,context_too_wide,,focus,MELL,1944,50,0.147,2,0,1,48,0,0,2048,0.000,0.000
lltp,ILL/petri-nets/MCC,,,Eratosthenes_eratosthenes-050_5_1.p,classical,auto,1,false,,5,0,3,,unknown,timeout,,focus,MELL,832,25,5001.816,1,0,0,738193408,0,0,2048,4990.000,2.576
lltp,ILL/petri-nets/MCC,,,Eratosthenes_eratosthenes-050_50_1.p,classical,auto,1,false,,5,0,3,,unknown,timeout,,focus,MELL,774,25,5001.634,2,0,1,319348736,0,0,2048,4990.000,2.721
lltp,ILL/petri-nets/MCC,,,Eratosthenes_eratosthenes-050_20_1.p,classical,auto,1,false,,5,0,3,,unknown,timeout,,focus,MELL,802,25,5000.395,1,0,0,742649856,0,0,2048,4990.000,2.514
lltp,ILL/petri-nets/MCC,,,Eratosthenes_eratosthenes-050_1_1.p,classical,auto,1,false,,5,0,3,,unknown,timeout,,focus,MELL,840,25,5000.608,1,0,0,739766272,0,0,2048,4990.000,2.466
lltp,ILL/petri-nets/MCC,,,Eratosthenes_eratosthenes-020_5_1.p,classical,auto,1,false,,5,0,3,,unknown,timeout,,focus,MELL,226,10,5010.189,8430283,8428994,1287,273881079,0,0,2048,4990.000,2.425
lltp,ILL/petri-nets/MCC,,,Eratosthenes_eratosthenes-020_20_1.p,classical,auto,1,false,,5,0,3,,unknown,timeout,,focus,MELL,214,10,5065.835,9107600,8241457,860686,125486528,0,0,2048,5050.000,3.076
lltp,ILL/petri-nets/MCC,,,Eratosthenes_eratosthenes-020_1_1.p,classical,auto,1,false,,5,0,3,,unknown,timeout,,focus,MELL,234,10,5013.771,22636714,22636264,448,175634791,0,0,2048,5000.000,2.476
lltp,ILL/petri-nets/MCC,,,Eratosthenes_eratosthenes-020_10_1.p,classical,auto,1,false,,5,0,3,,unknown,timeout,,focus,MELL,216,10,5008.150,95661,1,95657,405696512,0,0,2048,4990.000,3.511
lltp,ILL/petri-nets/MCC,,,Eratosthenes_eratosthenes-010_5_1.p,classical,auto,1,false,,5,0,3,,unknown,copy_bound,,focus,MELL,72,5,238.069,484646,470538,7664,7712162,0,0,2048,230.000,0.149
lltp,ILL/petri-nets/MCC,,,Eratosthenes_eratosthenes-010_1_1.p,classical,auto,1,false,,5,0,3,,proved,,ok,focus,MELL,80,5,4.810,2351,2209,87,144078,0,0,2048,0.000,0.004
lltp,ILL/petri-nets/MCC,,,EnergyBus_5_1.p,classical,auto,1,false,,5,0,3,,unknown,recursion_limit,,focus,MELL,126822,4188,15.992,0,0,0,0,0,0,2048,10.000,0.015
lltp,ILL/petri-nets/MCC,,,EnergyBus_20_1.p,classical,auto,1,false,,5,0,3,,unknown,recursion_limit,,focus,MELL,126820,4188,17.571,0,0,0,0,0,0,2048,30.000,0.015
lltp,ILL/petri-nets/MCC,,,EnergyBus_1_1.p,classical,auto,1,false,,5,0,3,,unknown,recursion_limit,,focus,MELL,126820,4188,17.216,0,0,0,0,0,0,2048,10.000,0.016
lltp,ILL/petri-nets/MCC,,,EnergyBus_100_1.p,classical,auto,1,false,,5,0,3,,unknown,recursion_limit,,focus,MELL,126820,4188,17.528,0,0,0,0,0,0,2048,10.000,0.014
lltp,ILL/petri-nets/MCC,,,Echo_echo-d5r3_5_1.p,classical,auto,1,false,,5,0,3,,unknown,recursion_limit,,focus,MELL,57846,10,7.260,0,0,0,0,0,0,2048,10.000,0.005
lltp,ILL/petri-nets/MCC,,,Echo_echo-d5r3_50_1.p,classical,auto,1,false,,5,0,3,,unknown,recursion_limit,,focus,MELL,58336,10,8.438,0,0,0,0,0,0,2048,0.000,0.010
lltp,ILL/petri-nets/MCC,,,Echo_echo-d5r3_20_1.p,classical,auto,1,false,,5,0,3,,unknown,recursion_limit,,focus,MELL,58030,10,7.636,0,0,0,0,0,0,2048,10.000,0.032
lltp,ILL/petri-nets/MCC,,,Echo_echo-d5r3_1_1.p,classical,auto,1,false,,5,0,3,,unknown,recursion_limit,,focus,MELL,57798,10,7.378,0,0,0,0,0,0,2048,10.000,0.005
lltp,ILL/petri-nets/MCC,,,Echo_echo-d5r3_100_1.p,classical,auto,1,false,,5,0,3,,unknown,recursion_limit,,focus,MELL,58806,10,8.408,0,0,0,0,0,0,2048,10.000,0.021
lltp,ILL/petri-nets/MCC,,,Echo_echo-d4r3_5_1.p,classical,auto,1,false,,5,0,3,,unknown,context_too_wide,,focus,MELL,13048,8,0.906,1,0,0,0,0,0,2048,0.000,0.002
lltp,ILL/petri-nets/MCC,,,Echo_echo-d4r3_50_1.p,classical,auto,1,false,,5,0,3,,unknown,context_too_wide,,focus,MELL,13260,8,0.871,1,0,0,0,0,0,2048,0.000,0.000
lltp,ILL/petri-nets/MCC,,,Echo_echo-d4r3_20_1.p,classical,auto,1,false,,5,0,3,,unknown,context_too_wide,,focus,MELL,13156,8,0.859,1,0,0,0,0,0,2048,0.000,0.000
lltp,ILL/petri-nets/MCC,,,Echo_echo-d4r3_1_1.p,classical,auto,1,false,,5,0,3,,unknown,context_too_wide,,focus,MELL,13018,8,0.920,1,0,0,0,0,0,2048,0.000,0.006
lltp,ILL/petri-nets/MCC,,,Echo_echo-d4r3_100_1.p,classical,auto,1,false,,5,0,3,,unknown,context_too_wide,,focus,MELL,13350,8,0.876,1,0,0,0,0,0,2048,0.000,0.000
lltp,ILL/petri-nets/MCC,,,Echo_echo-d3r7_5_1.p,classical,auto,1,false,,5,0,3,,unknown,recursion_limit,,focus,MELL,52494,7,7.230,0,0,0,0,0,0,2048,0.000,0.008
lltp,ILL/petri-nets/MCC,,,Echo_echo-d3r7_50_1.p,classical,auto,1,false,,5,0,3,,unknown,recursion_limit,,focus,MELL,52814,7,6.859,0,0,0,0,0,0,2048,10.000,0.005
lltp,ILL/petri-nets/MCC,,,Echo_echo-d3r7_20_1.p,classical,auto,1,false,,5,0,3,,unknown,recursion_limit,,focus,MELL,52604,7,6.870,0,0,0,0,0,0,2048,10.000,0.005
lltp,ILL/petri-nets/MCC,,,Echo_echo-d3r7_1_1.p,classical,auto,1,false,,5,0,3,,unknown,recursion_limit,,focus,MELL,52462,7,8.600,0,0,0,0,0,0,2048,10.000,0.007
lltp,ILL/petri-nets/MCC,,,Echo_echo-d3r7_100_1.p,classical,auto,1,false,,5,0,3,,unknown,recursion_limit,,focus,MELL,53124,7,6.987,0,0,0,0,0,0,2048,10.000,0.007
lltp,ILL/petri-nets/MCC,,,Echo_echo-d3r5_5_1.p,classical,auto,1,false,,5,0,3,,unknown,context_too_wide,,focus,MELL,17062,7,1.281,1,0,0,0,0,0,2048,0.000,0.000
lltp,ILL/petri-nets/MCC,,,Echo_echo-d3r5_50_1.p,classical,auto,1,false,,5,0,3,,unknown,context_too_wide,,focus,MELL,17350,7,1.335,1,0,0,0,0,0,2048,0.000,0.000
lltp,ILL/petri-nets/MCC,,,Echo_echo-d3r5_20_1.p,classical,auto,1,false,,5,0,3,,unknown,context_too_wide,,focus,MELL,17164,7,1.224,1,0,0,0,0,0,2048,0.000,0.000
lltp,ILL/petri-nets/MCC,,,Echo_echo-d3r5_1_1.p,classical,auto,1,false,,5,0,3,,unknown,context_too_wide,,focus,MELL,17030,7,1.273,1,0,0,0,0,0,2048,0.000,0.000
lltp,ILL/petri-nets/MCC,,,Echo_echo-d3r5_100_1.p,classical,auto,1,false,,5,0,3,,unknown,context_too_wide,,focus,MELL,17424,7,1.347,1,0,0,0,0,0,2048,0.000,0.000
lltp,ILL/petri-nets/MCC,,,Echo_echo-d3r3_5_1.p,classical,auto,1,false,,5,0,3,,unknown,timeout,,focus,MELL,2640,6,5014.376,38380974,38287856,93116,38408542,0,0,2048,4990.000,4.662
lltp,ILL/petri-nets/MCC,,,Echo_echo-d3r3_50_1.p,classical,auto,1,false,,5,0,3,,unknown,timeout,,focus,MELL,2640,6,5014.897,39857222,39763096,94124,39885810,0,0,2048,5000.000,4.222
lltp,ILL/petri-nets/MCC,,,Echo_echo-d3r3_20_1.p,classical,auto,1,false,,5,0,3,,unknown,timeout,,focus,MELL,2672,5,5014.146,39773210,39679181,94027,39801702,0,0,2048,5000.000,4.323
lltp,ILL/petri-nets/MCC,,,Echo_echo-d3r3_1_1.p,classical,auto,1,false,,5,0,3,,unknown,timeout,,focus,MELL,2622,6,5000.059,7602700,7602670,28,52469134,0,0,2048,4990.000,2.415
lltp,ILL/petri-nets/MCC,,,Echo_echo-d3r3_100_1.p,classical,auto,1,false,,5,0,3,,unknown,timeout,,focus,MELL,2610,5,5013.422,39088770,38995237,93531,39116766,0,0,2048,5000.000,4.320
lltp,ILL/petri-nets/MCC,,,Echo_echo-d2r9_5_1.p,classical,auto,1,false,,5,0,3,,unknown,context_too_wide,,focus,MELL,6786,5,0.423,1,0,0,0,0,0,2048,0.000,0.000
lltp,ILL/petri-nets/MCC,,,Echo_echo-d2r9_50_1.p,classical,auto,1,false,,5,0,3,,unknown,context_too_wide,,focus,MELL,6874,5,1.895,3,0,2,4,0,0,2048,0.000,0.002
lltp,ILL/petri-nets/MCC,,,Echo_echo-d2r9_20_1.p,classical,auto,1,false,,5,0,3,,unknown,context_too_wide,,focus,MELL,6840,5,0.374,1,0,0,0,0,0,2048,0.000,0.000
lltp,ILL/petri-nets/MCC,,,Echo_echo-d2r9_1_1.p,classical,auto,1,false,,5,0,3,,unknown,context_too_wide,,focus,MELL,6770,5,0.396,1,0,0,0,0,0,2048,0.000,0.000
lltp,ILL/petri-nets/MCC,,,Echo_echo-d2r9_10_1.p,classical,auto,1,false,,5,0,3,,unknown,context_too_wide,,focus,MELL,6806,5,0.387,1,0,0,0,0,0,2048,0.000,0.000
lltp,ILL/petri-nets/MCC,,,Echo_echo-d2r9_100_1.p,classical,auto,1,false,,5,0,3,,unknown,context_too_wide,,focus,MELL,6910,5,1.890,3,0,2,4,0,0,2048,0.000,0.002
lltp,ILL/petri-nets/MCC,,,Echo_echo-d2r19_5_1.p,classical,auto,1,false,,5,0,3,,unknown,recursion_limit,,focus,MELL,33346,5,4.641,0,0,0,0,0,0,2048,0.000,0.018
lltp,ILL/petri-nets/MCC,,,Echo_echo-d2r19_50_1.p,classical,auto,1,false,,5,0,3,,unknown,recursion_limit,,focus,MELL,33518,5,4.361,0,0,0,0,0,0,2048,0.000,0.004
lltp,ILL/petri-nets/MCC,,,Echo_echo-d2r19_20_1.p,classical,auto,1,false,,5,0,3,,unknown,recursion_limit,,focus,MELL,33404,5,3.713,0,0,0,0,0,0,2048,0.000,0.013
lltp,ILL/petri-nets/MCC,,,Echo_echo-d2r19_1_1.p,classical,auto,1,false,,5,0,3,,unknown,recursion_limit,,focus,MELL,33330,5,3.860,0,0,0,0,0,0,2048,0.000,0.004
lltp,ILL/petri-nets/MCC,,,Echo_echo-d2r19_100_1.p,classical,auto,1,false,,5,0,3,,unknown,recursion_limit,,focus,MELL,33708,5,5.009,0,0,0,0,0,0,2048,0.000,0.004
lltp,ILL/petri-nets/MCC,,,Echo_echo-d2r15_5_1.p,classical,auto,1,false,,5,0,3,,unknown,context_too_wide,,focus,MELL,20322,5,2.644,1,0,0,0,0,0,2048,0.000,0.004
lltp,ILL/petri-nets/MCC,,,Echo_echo-d2r15_50_1.p,classical,auto,1,false,,5,0,3,,unknown,context_too_wide,,focus,MELL,20490,5,2.520,1,0,0,0,0,0,2048,0.000,0.004
lltp,ILL/petri-nets/MCC,,,Echo_echo-d2r15_20_1.p,classical,auto,1,false,,5,0,3,,unknown,context_too_wide,,focus,MELL,20378,5,2.035,1,0,0,0,0,0,2048,0.000,0.002
lltp,ILL/petri-nets/MCC,,,Echo_echo-d2r15_1_1.p,classical,auto,1,false,,5,0,3,,unknown,context_too_wide,,focus,MELL,20306,5,2.102,1,0,0,0,0,0,2048,0.000,0.002
lltp,ILL/petri-nets/MCC,,,Echo_echo-d2r15_100_1.p,classical,auto,1,false,,5,0,3,,unknown,context_too_wide,,focus,MELL,20556,5,2.070,1,0,0,0,0,0,2048,0.000,0.002
lltp,ILL/petri-nets/MCC,,,Echo_echo-d2r11_5_1.p,classical,auto,1,false,,5,0,3,,unknown,context_too_wide,,focus,MELL,10498,5,0.691,1,0,0,0,0,0,2048,0.000,0.000
lltp,ILL/petri-nets/MCC,,,Echo_echo-d2r11_50_1.p,classical,auto,1,false,,5,0,3,,unknown,context_too_wide,,focus,MELL,10660,5,0.658,1,0,0,0,0,0,2048,0.000,0.000
lltp,ILL/petri-nets/MCC,,,Echo_echo-d2r11_20_1.p,classical,auto,1,false,,5,0,3,,unknown,context_too_wide,,focus,MELL,10558,5,0.663,1,0,0,0,0,0,2048,0.000,0.000
lltp,ILL/petri-nets/MCC,,,Echo_echo-d2r11_1_1.p,classical,auto,1,false,,5,0,3,,unknown,context_too_wide,,focus,MELL,10482,5,0.672,1,0,0,0,0,0,2048,0.000,0.000
lltp,ILL/petri-nets/MCC,,,Echo_echo-d2r11_100_1.p,classical,auto,1,false,,5,0,3,,unknown,context_too_wide,,focus,MELL,10694,5,0.682,1,0,0,0,0,0,2048,0.000,0.006
lltp,ILL/petri-nets/MCC,,,ERK_erk-001000_5_1.p,classical,auto,1,false,,5,0,3,,unknown,context_too_wide,,focus,MELL,20056,1002,0.402,1,0,0,0,0,0,2048,0.000,0.000
lltp,ILL/petri-nets/MCC,,,ERK_erk-001000_50_1.p,classical,auto,1,false,,5,0,3,,unknown,context_too_wide,,focus,MELL,19966,1002,0.476,1,0,0,0,0,0,2048,0.000,0.000
lltp,ILL/petri-nets/MCC,,,ERK_erk-001000_20_1.p,classical,auto,1,false,,5,0,3,,unknown,context_too_wide,,focus,MELL,20026,1002,0.404,1,0,0,0,0,0,2048,0.000,0.000
lltp,ILL/petri-nets/MCC,,,ERK_erk-001000_1_1.p,classical,auto,1,false,,5,0,3,,unknown,context_too_wide,,focus,MELL,20064,1002,0.418,1,0,0,0,0,0,2048,0.000,0.000
lltp,ILL/petri-nets/MCC,,,ERK_erk-001000_10_1.p,classical,auto,1,false,,5,0,3,,unknown,context_too_wide,,focus,MELL,20046,1002,0.426,1,0,0,0,0,0,2048,0.000,0.000
lltp,ILL/petri-nets/MCC,,,ERK_erk-001000_100_1.p,classical,auto,1,false,,5,0,3,,unknown,context_too_wide,,focus,MELL,19866,1002,0.461,1,0,0,0,0,0,2048,0.000,0.000
lltp,ILL/petri-nets/MCC,,,ERK_erk-000100_5_1.p,classical,auto,1,false,,5,0,3,,unknown,context_too_wide,,focus,MELL,2056,102,0.045,1,0,0,0,0,0,2048,0.000,0.000
lltp,ILL/petri-nets/MCC,,,ERK_erk-000100_50_1.p,classical,auto,1,false,,5,0,3,,unknown,context_too_wide,,focus,MELL,1966,102,0.046,1,0,0,0,0,0,2048,0.000,0.000
lltp,ILL/petri-nets/MCC,,,ERK_erk-000100_20_1.p,classical,auto,1,false,,5,0,3,,unknown,context_too_wide,,focus,MELL,2026,102,0.047,1,0,0,0,0,0,2048,0.000,0.000
lltp,ILL/petri-nets/MCC,,,ERK_erk-000100_1_1.p,classical,auto,1,false,,5,0,3,,unknown,context_too_wide,,focus,MELL,2064,102,0.048,1,0,0,0,0,0,2048,0.000,0.000
lltp,ILL/petri-nets/MCC,,,ERK_erk-000100_10_1.p,classical,auto,1,false,,5,0,3,,unknown,context_too_wide,,focus,MELL,2046,102,0.050,1,0,0,0,0,0,2048,0.000,0.000
lltp,ILL/petri-nets/MCC,,,ERK_erk-000100_100_1.p,classical,auto,1,false,,5,0,3,,unknown,context_too_wide,,focus,MELL,1866,102,0.042,1,0,0,0,0,0,2048,0.000,0.000
lltp,ILL/petri-nets/MCC,,,ERK_erk-000010_5_1.p,classical,auto,1,false,,5,0,3,,unknown,timeout,,focus,MELL,256,12,5032.609,1,0,0,118546432,0,0,2048,5010.000,2.429
lltp,ILL/petri-nets/MCC,,,ERK_erk-000010_50_1.p,classical,auto,1,false,,5,0,3,,unknown,timeout,,focus,MELL,246,12,5002.526,1,0,0,157917184,0,0,2048,4990.000,2.878
lltp,ILL/petri-nets/MCC,,,ERK_erk-000010_20_1.p,classical,auto,1,false,,5,0,3,,unknown,timeout,,focus,MELL,246,12,5002.150,1,0,0,157917184,0,0,2048,4990.000,2.784
lltp,ILL/petri-nets/MCC,,,ERK_erk-000010_1_1.p,classical,auto,1,false,,5,0,3,,unknown,timeout,,focus,MELL,264,12,5048.916,1,0,0,112021504,0,0,2048,5030.000,2.512
lltp,ILL/petri-nets/MCC,,,ERK_erk-000010_10_1.p,classical,auto,1,false,,5,0,3,,unknown,timeout,,focus,MELL,246,12,5003.047,1,0,0,155205632,0,0,2048,4990.000,3.133
lltp,ILL/petri-nets/MCC,,,ERK_erk-000010_100_1.p,classical,auto,1,false,,5,0,3,,unknown,timeout,,focus,MELL,246,12,5002.275,1,0,0,155869184,0,0,2048,4990.000,2.569
lltp,ILL/petri-nets/MCC,,,ERK_erk-000001_5_1.p,classical,auto,1,false,,5,0,3,,proved,,ok,focus,MELL,84,3,0.047,12,0,10,146,0,0,2048,0.000,0.000
lltp,ILL/petri-nets/MCC,,,ERK_erk-000001_50_1.p,classical,auto,1,false,,5,0,3,,proved,,ok,focus,MELL,86,3,0.015,1,0,1,4,0,0,2048,0.000,0.000
lltp,ILL/petri-nets/MCC,,,ERK_erk-000001_20_1.p,classical,auto,1,false,,5,0,3,,proved,,ok,focus,MELL,86,3,0.016,1,0,1,4,0,0,2048,0.000,0.000
lltp,ILL/petri-nets/MCC,,,ERK_erk-000001_1_1.p,classical,auto,1,false,,5,0,3,,proved,,ok,focus,MELL,84,3,0.034,12,0,10,146,0,0,2048,0.000,0.000
lltp,ILL/petri-nets/MCC,,,ERK_erk-000001_10_1.p,classical,auto,1,false,,5,0,3,,proved,,ok,focus,MELL,86,3,0.014,1,0,1,4,0,0,2048,0.000,0.000
lltp,ILL/petri-nets/MCC,,,ERK_erk-000001_100_1.p,classical,auto,1,false,,5,0,3,,proved,,ok,focus,MELL,86,3,0.014,1,0,1,4,0,0,2048,0.000,0.000
lltp,ILL/petri-nets/MCC,,,DrinkVendingMachine_distributeur-01-unfolded-10_5_1.p,classical,auto,1,false,,5,0,3,,unknown,recursion_limit,,focus,MELL,2173278,32101,316.547,0,0,0,0,0,0,2048,320.000,0.250
lltp,ILL/petri-nets/MCC,,,DrinkVendingMachine_distributeur-01-unfolded-10_50_1.p,classical,auto,1,false,,5,0,3,,unknown,recursion_limit,,focus,MELL,2173278,32101,316.694,0,0,0,0,0,0,2048,320.000,0.253
lltp,ILL/petri-nets/MCC,,,DrinkVendingMachine_distributeur-01-unfolded-10_20_1.p,classical,auto,1,false,,5,0,3,,unknown,recursion_limit,,focus,MELL,2173278,32101,317.649,0,0,0,0,0,0,2048,320.000,0.247
lltp,ILL/petri-nets/MCC,,,DrinkVendingMachine_distributeur-01-unfolded-10_1_1.p,classical,auto,1,false,,5,0,3,,unknown,recursion_limit,,focus,MELL,2173278,32101,321.571,0,0,0,0,0,0,2048,330.000,0.250
lltp,ILL/petri-nets/MCC,,,DrinkVendingMachine_distributeur-01-unfolded-10_100_1.p,classical,auto,1,false,,5,0,3,,unknown,recursion_limit,,focus,MELL,2173278,32101,317.195,0,0,0,0,0,0,2048,320.000,0.263
lltp,ILL/petri-nets/MCC,,,DrinkVendingMachine_distributeur-01-unfolded-02_5_1.p,classical,auto,1,false,,5,0,3,,unknown,timeout,,focus,MELL,1118,69,5033.942,1,0,0,85544960,0,0,2048,5020.000,4.141
lltp,ILL/petri-nets/MCC,,,DrinkVendingMachine_distributeur-01-unfolded-02_50_1.p,classical,auto,1,false,,5,0,3,,unknown,timeout,,focus,MELL,1118,69,5017.387,1,0,0,86249472,0,0,2048,5000.000,3.394
lltp,ILL/petri-nets/MCC,,,DrinkVendingMachine_distributeur-01-unfolded-02_20_1.p,classical,auto,1,false,,5,0,3,,unknown,timeout,,focus,MELL,1118,69,5029.902,1,0,0,86249472,0,0,2048,5020.000,3.149
lltp,ILL/petri-nets/MCC,,,DrinkVendingMachine_distributeur-01-unfolded-02_1_1.p,classical,auto,1,false,,5,0,3,,unknown,timeout,,focus,MELL,1118,68,5009.109,1,0,0,84353024,0,0,2048,5000.000,2.752
lltp,ILL/petri-nets/MCC,,,DrinkVendingMachine_distributeur-01-unfolded-02_10_1.p,classical,auto,1,false,,5,0,3,,unknown,timeout,,focus,MELL,1118,69,5011.874,1,0,0,83959808,0,0,2048,5000.000,2.696
lltp,ILL/petri-nets/MCC,,,DrinkVendingMachine_distributeur-01-unfolded-02_100_1.p,classical,auto,1,false,,5,0,3,,unknown,timeout,,focus,MELL,1118,69,5004.747,1,0,0,85544960,0,0,2048,4990.000,2.499
lltp,ILL/petri-nets/MCC,,,Diffusion2D_2D8_gradient_5x5_50_5_1.p,classical,auto,1,false,,5,0,3,,proved,,ok,focus,MELL,774,58,0.877,3438,3349,83,5462,0,0,2048,0.000,0.000
lltp,ILL/petri-nets/MCC,,,Diffusion2D_2D8_gradient_5x5_50_20_1.p,classical,auto,1,false,,5,0,3,,unknown,timeout,,focus,MELL,774,58,5059.212,5242944,9,1048576,5243555,0,0,2048,5040.000,4.346
lltp,ILL/petri-nets/MCC,,,Diffusion2D_2D8_gradient_5x5_50_1_1.p,classical,auto,1,false,,5,0,3,,proved,,ok,focus,MELL,774,58,0.225,4,0,2,99,0,0,2048,0.000,0.000
lltp,ILL/petri-nets/MCC,,,Diffusion2D_2D8_gradient_5x5_50_10_1.p,classical,auto,1,false,,5,0,3,,unknown,timeout,,focus,MELL,774,58,5000.034,43937218,43936976,240,75879324,0,0,2048,4990.000,2.913
lltp,ILL/petri-nets/MCC,,,Diffusion2D_2D8_gradient_5x5_350_5_1.p,classical,auto,1,false,,5,0,3,,proved,,ok,focus,MELL,1974,358,1.876,3438,3349,83,6062,0,0,2048,0.000,0.003
lltp,ILL/petri-nets/MCC,,,Diffusion2D_2D8_gradient_5x5_350_20_1.p,classical,auto,1,false,,5,0,3,,unknown,context_too_wide,,focus,MELL,1974,358,0.723,40,8,30,3651,0,0,2048,0.000,0.000
lltp,ILL/petri-nets/MCC,,,Diffusion2D_2D8_gradient_5x5_350_1_1.p,classical,auto,1,false,,5,0,3,,proved,,ok,focus,MELL,1974,358,1.061,4,0,2,699,0,0,2048,0.000,0.002
lltp,ILL/petri-nets/MCC,,,Diffusion2D_2D8_gradient_5x5_350_10_1.p,classical,auto,1,false,,5,0,3,,unknown,timeout,,focus,MELL,1974,358,5000.067,37171075,37170833,240,64906620,0,0,2048,4980.000,4.242
lltp,ILL/petri-nets/MCC,,,Diffusion2D_2D8_gradient_5x5_300_5_1.p,classical,auto,1,false,,5,0,3,,proved,,ok,focus,MELL,1774,308,1.697,3438,3349,83,5962,0,0,2048,0.000,0.002
lltp,ILL/petri-nets/MCC,,,Diffusion2D_2D8_gradient_5x5_300_20_1.p,classical,auto,1,false,,5,0,3,,unknown,context_too_wide,,focus,MELL,1774,308,0.625,40,8,30,3151,0,0,2048,0.000,0.000
lltp,ILL/petri-nets/MCC,,,Diffusion2D_2D8_gradient_5x5_300_1_1.p,classical,auto,1,false,,5,0,3,,proved,,ok,focus,MELL,1774,308,0.958,4,0,2,599,0,0,2048,0.000,0.000
lltp,ILL/petri-nets/MCC,,,Diffusion2D_2D8_gradient_5x5_300_10_1.p,classical,auto,1,false,,5,0,3,,unknown,timeout,,focus,MELL,1774,308,5000.062,38937357,38937115,240,67907798,0,0,2048,4990.000,3.134
lltp,ILL/petri-nets/MCC,,,Diffusion2D_2D8_gradient_5x5_250_5_1.p,classical,auto,1,false,,5,0,3,,proved,,ok,focus,MELL,1574,258,1.539,3438,3349,83,5862,0,0,2048,0.000,0.002
lltp,ILL/petri-nets/MCC,,,Diffusion2D_2D8_gradient_5x5_250_20_1.p,classical,auto,1,false,,5,0,3,,unknown,context_too_wide,,focus,MELL,1574,258,0.532,40,8,30,2651,0,0,2048,0.000,0.000
lltp,ILL/petri-nets/MCC,,,Diffusion2D_2D8_gradient_5x5_250_1_1.p,classical,auto,1,false,,5,0,3,,proved,,ok,focus,MELL,1574,258,0.810,4,0,2,499,0,0,2048,0.000,0.000
lltp,ILL/petri-nets/MCC,,,Diffusion2D_2D8_gradient_5x5_250_10_1.p,classical,auto,1,false,,5,0,3,,unknown,timeout,,focus,MELL,1574,258,5000.066,38246214,38245972,240,66698245,0,0,2048,4990.000,2.981
lltp,ILL/petri-nets/MCC,,,Diffusion2D_2D8_gradient_5x5_200_5_1.p,classical,auto,1,false,,5,0,3,,proved,,ok,focus,MELL,1374,208,1.418,3438,3349,83,5762,0,0,2048,0.000,0.002
lltp,ILL/petri-nets/MCC,,,Diffusion2D_2D8_gradient_5x5_200_20_1.p,classical,auto,1,false,,5,0,3,,unknown,context_too_wide,,focus,MELL,1374,208,0.446,40,8,30,2151,0,0,2048,0.000,0.000
lltp,ILL/petri-nets/MCC,,,Diffusion2D_2D8_gradient_5x5_200_1_1.p,classical,auto,1,false,,5,0,3,,proved,,ok,focus,MELL,1374,208,0.643,4,0,2,399,0,0,2048,0.000,0.000
lltp,ILL/petri-nets/MCC,,,Diffusion2D_2D8_gradient_5x5_200_10_1.p,classical,auto,1,false,,5,0,3,,unknown,timeout,,focus,MELL,1374,208,5000.055,40081486,40081244,240,69775294,0,0,2048,4990.000,2.671
lltp,ILL/petri-nets/MCC,,,Diffusion2D_2D8_gradient_5x5_150_5_1.p,classical,auto,1,false,,5,0,3,,proved,,ok,focus,MELL,1174,158,1.235,3438,3349,83,5662,0,0,2048,0.000,0.002
lltp,ILL/petri-nets/MCC,,,Diffusion2D_2D8_gradient_5x5_150_20_1.p,classical,auto,1,false,,5,0,3,,unknown,context_too_wide,,focus,MELL,1174,158,0.373,40,8,30,1651,0,0,2048,0.000,0.000
lltp,ILL/petri-nets/MCC,,,Diffusion2D_2D8_gradient_5x5_150_1_1.p,classical,auto,1,false,,5,0,3,,proved,,ok,focus,MELL,1174,158,0.528,4,0,2,299,0,0,2048,0.000,0.000
lltp,ILL/petri-nets/MCC,,,Diffusion2D_2D8_gradient_5x5_150_10_1.p,classical,auto,1,false,,5,0,3,,unknown,timeout,,focus,MELL,1174,158,5000.058,41540623,41540381,240,72068088,0,0,2048,4990.000,2.348
lltp,ILL/petri-nets/MCC,,,Diffusion2D_2D8_gradient_5x5_10_5_1.p,classical,auto,1,false,,5,0,3,,proved,,ok,focus,MELL,614,18,0.737,3438,3349,83,5382,0,0,2048,0.000,0.000
lltp,ILL/petri-nets/MCC,,,Diffusion2D_2D8_gradient_5x5_10_20_1.p,classical,auto,1,false,,5,0,3,,proved,,ok,focus,MELL,614,18,4.988,6220,47,6168,24940,0,0,2048,0.000,0.004
lltp,ILL/petri-nets/MCC,,,Diffusion2D_2D8_gradient_5x5_10_1_1.p,classical,auto,1,false,,5,0,3,,proved,,ok,focus,MELL,614,18,0.115,4,0,2,19,0,0,2048,0.000,0.000
lltp,ILL/petri-nets/MCC,,,Diffusion2D_2D8_gradient_5x5_10_10_1.p,classical,auto,1,false,,5,0,3,,unknown,timeout,,focus,MELL,614,18,5000.017,47725500,47725258,240,81766162,0,0,2048,4980.000,2.150
lltp,ILL/petri-nets/MCC,,,Diffusion2D_2D8_gradient_5x5_100_5_1.p,classical,auto,1,false,,5,0,3,,proved,,ok,focus,MELL,974,108,1.074,3438,3349,83,5562,0,0,2048,0.000,0.000
lltp,ILL/petri-nets/MCC,,,Diffusion2D_2D8_gradient_5x5_100_20_1.p,classical,auto,1,false,,5,0,3,,unknown,context_too_wide,,focus,MELL,974,108,0.267,40,8,30,1151,0,0,2048,0.000,0.000
lltp,ILL/petri-nets/MCC,,,Diffusion2D_2D8_gradient_5x5_100_1_1.p,classical,auto,1,false,,5,0,3,,proved,,ok,focus,MELL,974,108,0.333,4,0,2,199,0,0,2048,0.000,0.000
lltp,ILL/petri-nets/MCC,,,Diffusion2D_2D8_gradient_5x5_100_10_1.p,classical,auto,1,false,,5,0,3,,unknown,timeout,,focus,MELL,974,108,5000.031,44669627,44669385,240,77076654,0,0,2048,4990.000,2.136
lltp,ILL/petri-nets/MCC,,,Diffusion2D_2D8_gradient_50x50_50_5_1.p,classical,auto,1,false,,5,0,3,,unknown,recursion_limit,,focus,MELL,77814,58,12.516,0,0,0,0,0,0,2048,10.000,0.010
lltp,ILL/petri-nets/MCC,,,Diffusion2D_2D8_gradient_50x50_50_20_1.p,classical,auto,1,false,,5,0,3,,unknown,recursion_limit,,focus,MELL,77814,58,10.908,0,0,0,0,0,0,2048,0.000,0.009
lltp,ILL/petri-nets/MCC,,,Diffusion2D_2D8_gradient_50x50_50_1_1.p,classical,auto,1,false,,5,0,3,,unknown,recursion_limit,,focus,MELL,77814,58,10.903,0,0,0,0,0,0,2048,10.000,0.008
lltp,ILL/petri-nets/MCC,,,Diffusion2D_2D8_gradient_50x50_150_5_1.p,classical,auto,1,false,,5,0,3,,unknown,recursion_limit,,focus,MELL,78214,158,11.026,0,0,0,0,0,0,2048,10.000,0.009
lltp,ILL/petri-nets/MCC,,,Diffusion2D_2D8_gradient_50x50_150_20_1.p,classical,auto,1,false,,5,0,3,,unknown,recursion_limit,,focus,MELL,78214,158,10.789,0,0,0,0,0,0,2048,0.000,0.008
lltp,ILL/petri-nets/MCC,,,Diffusion2D_2D8_gradient_50x50_150_1_1.p,classical,auto,1,false,,5,0,3,,unknown,recursion_limit,,focus,MELL,78214,158,10.834,0,0,0,0,0,0,2048,10.000,0.008
lltp,ILL/petri-nets/MCC,,,Diffusion2D_2D8_gradient_50x50_10_5_1.p,classical,auto,1,false,,5,0,3,,unknown,recursion_limit,,focus,MELL,77654,18,11.013,0,0,0,0,0,0,2048,10.000,0.008
lltp,ILL/petri-nets/MCC,,,Diffusion2D_2D8_gradient_50x50_10_20_1.p,classical,auto,1,false,,5,0,3,,unknown,recursion_limit,,focus,MELL,77654,18,11.005,0,0,0,0,0,0,2048,10.000,0.012
lltp,ILL/petri-nets/MCC,,,Diffusion2D_2D8_gradient_50x50_10_1_1.p,classical,auto,1,false,,5,0,3,,unknown,recursion_limit,,focus,MELL,77654,18,10.927,0,0,0,0,0,0,2048,10.000,0.009
lltp,ILL/petri-nets/MCC,,,Diffusion2D_2D8_gradient_50x50_100_5_1.p,classical,auto,1,false,,5,0,3,,unknown,recursion_limit,,focus,MELL,78014,108,11.110,0,0,0,0,0,0,2048,20.000,0.009
lltp,ILL/petri-nets/MCC,,,Diffusion2D_2D8_gradient_50x50_100_20_1.p,classical,auto,1,false,,5,0,3,,unknown,recursion_limit,,focus,MELL,78014,108,10.965,0,0,0,0,0,0,2048,10.000,0.011
lltp,ILL/petri-nets/MCC,,,Diffusion2D_2D8_gradient_50x50_100_1_1.p,classical,auto,1,false,,5,0,3,,unknown,recursion_limit,,focus,MELL,78014,108,10.987,0,0,0,0,0,0,2048,10.000,0.009
lltp,ILL/petri-nets/MCC,,,Diffusion2D_2D8_gradient_40x40_50_5_1.p,classical,auto,1,false,,5,0,3,,unknown,recursion_limit,,focus,MELL,49494,58,7.860,0,0,0,0,0,0,2048,10.000,0.007
lltp,ILL/petri-nets/MCC,,,Diffusion2D_2D8_gradient_40x40_50_20_1.p,classical,auto,1,false,,5,0,3,,unknown,recursion_limit,,focus,MELL,49494,58,6.590,0,0,0,0,0,0,2048,0.000,0.005
lltp,ILL/petri-nets/MCC,,,Diffusion2D_2D8_gradient_40x40_50_1_1.p,classical,auto,1,false,,5,0,3,,unknown,recursion_limit,,focus,MELL,49494,58,6.654,0,0,0,0,0,0,2048,10.000,0.005
lltp,ILL/petri-nets/MCC,,,Diffusion2D_2D8_gradient_40x40_150_5_1.p,classical,auto,1,false,,5,0,3,,unknown,recursion_limit,,focus,MELL,49894,158,8.024,0,0,0,0,0,0,2048,10.000,0.007
lltp,ILL/petri-nets/MCC,,,Diffusion2D_2D8_gradient_40x40_150_20_1.p,classical,auto,1,false,,5,0,3,,unknown,recursion_limit,,focus,MELL,49894,158,7.851,0,0,0,0,0,0,2048,0.000,0.006
lltp,ILL/petri-nets/MCC,,,Diffusion2D_2D8_gradient_40x40_150_1_1.p,classical,auto,1,false,,5,0,3,,unknown,recursion_limit,,focus,MELL,49894,158,6.659,0,0,0,0,0,0,2048,10.000,0.013
lltp,ILL/petri-nets/MCC,,,Diffusion2D_2D8_gradient_40x40_10_5_1.p,classical,auto,1,false,,5,0,3,,unknown,recursion_limit,,focus,MELL,49334,18,7.876,0,0,0,0,0,0,2048,10.000,0.007
lltp,ILL/petri-nets/MCC,,,Diffusion2D_2D8_gradient_40x40_10_20_1.p,classical,auto,1,false,,5,0,3,,unknown,recursion_limit,,focus,MELL,49334,18,6.555,0,0,0,0,0,0,2048,0.000,0.005
lltp,ILL/petri-nets/MCC,,,Diffusion2D_2D8_gradient_40x40_10_1_1.p,classical,auto,1,false,,5,0,3,,unknown,recursion_limit,,focus,MELL,49334,18,7.889,0,0,0,0,0,0,2048,10.000,0.007
lltp,ILL/petri-nets/MCC,,,Diffusion2D_2D8_gradient_40x40_100_5_1.p,classical,auto,1,false,,5,0,3,,unknown,recursion_limit,,focus,MELL,49694,108,6.662,0,0,0,0,0,0,2048,10.000,0.007
lltp,ILL/petri-nets/MCC,,,Diffusion2D_2D8_gradient_40x40_100_20_1.p,classical,auto,1,false,,5,0,3,,unknown,recursion_limit,,focus,MELL,49694,108,6.699,0,0,0,0,0,0,2048,0.000,0.007
lltp,ILL/petri-nets/MCC,,,Diffusion2D_2D8_gradient_40x40_100_1_1.p,classical,auto,1,false,,5,0,3,,unknown,recursion_limit,,focus,MELL,49694,108,6.683,0,0,0,0,0,0,2048,0.000,0.008
lltp,ILL/petri-nets/MCC,,,Diffusion2D_2D8_gradient_30x30_50_5_1.p,classical,auto,1,false,,5,0,3,,unknown,recursion_limit,,focus,MELL,27574,58,3.459,0,0,0,0,0,0,2048,0.000,0.014
lltp,ILL/petri-nets/MCC,,,Diffusion2D_2D8_gradient_30x30_50_20_1.p,classical,auto,1,false,,5,0,3,,unknown,recursion_limit,,focus,MELL,27574,58,3.382,0,0,0,0,0,0,2048,0.000,0.002
lltp,ILL/petri-nets/MCC,,,Diffusion2D_2D8_gradient_30x30_50_1_1.p,classical,auto,1,false,,5,0,3,,unknown,recursion_limit,,focus,MELL,27574,58,3.452,0,0,0,0,0,0,2048,0.000,0.015
lltp,ILL/petri-nets/MCC,,,Diffusion2D_2D8_gradient_30x30_150_5_1.p,classical,auto,1,false,,5,0,3,,unknown,recursion_limit,,focus,MELL,27974,158,4.660,0,0,0,0,0,0,2048,0.000,0.004
lltp,ILL/petri-nets/MCC,,,Diffusion2D_2D8_gradient_30x30_150_20_1.p,classical,auto,1,false,,5,0,3,,unknown,recursion_limit,,focus,MELL,27974,158,3.489,0,0,0,0,0,0,2048,0.000,0.004
lltp,ILL/petri-nets/MCC,,,Diffusion2D_2D8_gradient_30x30_150_1_1.p,classical,auto,1,false,,5,0,3,,unknown,recursion_limit,,focus,MELL,27974,158,4.577,0,0,0,0,0,0,2048,0.000,0.008
lltp,ILL/petri-nets/MCC,,,Diffusion2D_2D8_gradient_30x30_10_5_1.p,classical,auto,1,false,,5,0,3,,unknown,recursion_limit,,focus,MELL,27414,18,3.788,0,0,0,0,0,0,2048,0.000,0.106
lltp,ILL/petri-nets/MCC,,,Diffusion2D_2D8_gradient_30x30_10_20_1.p,classical,auto,1,false,,5,0,3,,unknown,recursion_limit,,focus,MELL,27414,18,3.402,0,0,0,0,0,0,2048,0.000,0.002
lltp,ILL/petri-nets/MCC,,,Diffusion2D_2D8_gradient_30x30_10_1_1.p,classical,auto,1,false,,5,0,3,,unknown,recursion_limit,,focus,MELL,27414,18,3.506,0,0,0,0,0,0,2048,0.000,0.002
lltp,ILL/petri-nets/MCC,,,Diffusion2D_2D8_gradient_30x30_100_5_1.p,classical,auto,1,false,,5,0,3,,unknown,recursion_limit,,focus,MELL,27774,108,4.522,0,0,0,0,0,0,2048,0.000,0.003
lltp,ILL/petri-nets/MCC,,,Diffusion2D_2D8_gradient_30x30_100_20_1.p,classical,auto,1,false,,5,0,3,,unknown,recursion_limit,,focus,MELL,27774,108,3.560,0,0,0,0,0,0,2048,0.000,0.094
lltp,ILL/petri-nets/MCC,,,Diffusion2D_2D8_gradient_30x30_100_1_1.p,classical,auto,1,false,,5,0,3,,unknown,recursion_limit,,focus,MELL,27774,108,3.263,0,0,0,0,0,0,2048,0.000,0.004
lltp,ILL/petri-nets/MCC,,,Diffusion2D_2D8_gradient_20x20_50_5_1.p,classical,auto,1,false,,5,0,3,,unknown,recursion_limit,,focus,MELL,12054,58,1.570,0,0,0,0,0,0,2048,0.000,0.002
lltp,ILL/petri-nets/MCC,,,Diffusion2D_2D8_gradient_20x20_50_20_1.p,classical,auto,1,false,,5,0,3,,unknown,recursion_limit,,focus,MELL,12054,58,1.560,0,0,0,0,0,0,2048,0.000,0.002
lltp,ILL/petri-nets/MCC,,,Diffusion2D_2D8_gradient_20x20_50_1_1.p,classical,auto,1,false,,5,0,3,,unknown,recursion_limit,,focus,MELL,12054,58,1.585,0,0,0,0,0,0,2048,0.000,0.002
lltp,ILL/petri-nets/MCC,,,Diffusion2D_2D8_gradient_20x20_150_5_1.p,classical,auto,1,false,,5,0,3,,unknown,recursion_limit,,focus,MELL,12454,158,1.561,0,0,0,0,0,0,2048,0.000,0.002
lltp,ILL/petri-nets/MCC,,,Diffusion2D_2D8_gradient_20x20_150_20_1.p,classical,auto,1,false,,5,0,3,,unknown,recursion_limit,,focus,MELL,12454,158,1.583,0,0,0,0,0,0,2048,0.000,0.002
lltp,ILL/petri-nets/MCC,,,Diffusion2D_2D8_gradient_20x20_150_1_1.p,classical,auto,1,false,,5,0,3,,unknown,recursion_limit,,focus,MELL,12454,158,1.591,0,0,0,0,0,0,2048,0.000,0.002
lltp,ILL/petri-nets/MCC,,,Diffusion2D_2D8_gradient_20x20_10_5_1.p,classical,auto,1,false,,5,0,3,,unknown,recursion_limit,,focus,MELL,11894,18,1.587,0,0,0,0,0,0,2048,0.000,0.002
lltp,ILL/petri-nets/MCC,,,Diffusion2D_2D8_gradient_20x20_10_20_1.p,classical,auto,1,false,,5,0,3,,unknown,recursion_limit,,focus,MELL,11894,18,1.569,0,0,0,0,0,0,2048,0.000,0.002
lltp,ILL/petri-nets/MCC,,,Diffusion2D_2D8_gradient_20x20_10_1_1.p,classical,auto,1,false,,5,0,3,,unknown,recursion_limit,,focus,MELL,11894,18,1.609,0,0,0,0,0,0,2048,0.000,0.002
lltp,ILL/petri-nets/MCC,,,Diffusion2D_2D8_gradient_20x20_100_5_1.p,classical,auto,1,false,,5,0,3,,unknown,recursion_limit,,focus,MELL,12254,108,1.720,0,0,0,0,0,0,2048,0.000,0.011
lltp,ILL/petri-nets/MCC,,,Diffusion2D_2D8_gradient_20x20_100_20_1.p,classical,auto,1,false,,5,0,3,,unknown,recursion_limit,,focus,MELL,12254,108,1.586,0,0,0,0,0,0,2048,0.000,0.002
lltp,ILL/petri-nets/MCC,,,Diffusion2D_2D8_gradient_20x20_100_1_1.p,classical,auto,1,false,,5,0,3,,unknown,recursion_limit,,focus,MELL,12254,108,1.592,0,0,0,0,0,0,2048,0.000,0.001
lltp,ILL/petri-nets/MCC,,,Diffusion2D_2D8_gradient_10x10_50_5_1.p,classical,auto,1,false,,5,0,,,unknown,killed,,,,,,10531.646,,,,,,,,,
lltp,ILL/petri-nets/MCC,,,Diffusion2D_2D8_gradient_10x10_50_20_1.p,classical,auto,1,false,,5,0,3,,unknown,timeout,,focus,MELL,2934,58,5263.700,2995429,9,1048576,2996630,0,0,2048,5240.000,4.190
lltp,ILL/petri-nets/MCC,,,Diffusion2D_2D8_gradient_10x10_50_1_1.p,classical,auto,1,false,,5,0,3,,proved,,ok,focus,MELL,2934,58,0.755,4,0,2,100,0,0,2048,0.000,0.000
lltp,ILL/petri-nets/MCC,,,Diffusion2D_2D8_gradient_10x10_200_5_1.p,classical,auto,1,false,,5,0,3,,unknown,context_too_wide,,focus,MELL,3534,208,0.220,1,0,0,0,0,0,2048,0.000,0.000
lltp,ILL/petri-nets/MCC,,,Diffusion2D_2D8_gradient_10x10_200_20_1.p,classical,auto,1,false,,5,0,3,,unknown,context_too_wide,,focus,MELL,3534,208,1.792,48,8,38,2749,0,0,2048,0.000,0.000
lltp,ILL/petri-nets/MCC,,,Diffusion2D_2D8_gradient_10x10_200_1_1.p,classical,auto,1,false,,5,0,3,,proved,,ok,focus,MELL,3534,208,2.009,4,0,2,400,0,0,2048,0.000,0.002
lltp,ILL/petri-nets/MCC,,,Diffusion2D_2D8_gradient_10x10_150_5_1.p,classical,auto,1,false,,5,0,3,,unknown,context_too_wide,,focus,MELL,3334,158,0.189,1,0,0,0,0,0,2048,0.000,0.000
lltp,ILL/petri-nets/MCC,,,Diffusion2D_2D8_gradient_10x10_150_20_1.p,classical,auto,1,false,,5,0,3,,unknown,context_too_wide,,focus,MELL,3334,158,1.561,48,8,38,2249,0,0,2048,0.000,0.000
lltp,ILL/petri-nets/MCC,,,Diffusion2D_2D8_gradient_10x10_150_1_1.p,classical,auto,1,false,,5,0,3,,proved,,ok,focus,MELL,3334,158,1.683,4,0,2,300,0,0,2048,0.000,0.008
lltp,ILL/petri-nets/MCC,,,Diffusion2D_2D8_gradient_10x10_10_5_1.p,classical,auto,1,false,,5,0,3,,proved,,ok,focus,MELL,2774,18,1.778,15,0,13,9268,0,0,2048,0.000,0.002
lltp,ILL/petri-nets/MCC,,,Diffusion2D_2D8_gradient_10x10_10_20_1.p,classical,auto,1,false,,5,0,3,,unknown,timeout,,focus,MELL,2774,18,5013.197,6616556,6528859,80136,11938628,0,0,2048,4990.000,3.572
lltp,ILL/petri-nets/MCC,,,Diffusion2D_2D8_gradient_10x10_10_1_1.p,classical,auto,1,false,,5,0,3,,proved,,ok,focus,MELL,2774,18,0.432,4,0,2,20,0,0,2048,0.000,0.000
lltp,ILL/petri-nets/MCC,,,Diffusion2D_2D8_gradient_10x10_100_5_1.p,classical,auto,1,false,,5,0,3,,unknown,context_too_wide,,focus,MELL,3134,108,0.206,1,0,0,0,0,0,2048,0.000,0.000
lltp,ILL/petri-nets/MCC,,,Diffusion2D_2D8_gradient_10x10_100_20_1.p,classical,auto,1,false,,5,0,3,,unknown,context_too_wide,,focus,MELL,3134,108,1.262,48,8,38,1749,0,0,2048,0.000,0.002
lltp,ILL/petri-nets/MCC,,,Diffusion2D_2D8_gradient_10x10_100_1_1.p,classical,auto,1,false,,5,0,3,,proved,,ok,focus,MELL,3134,108,1.126,4,0,2,200,0,0,2048,0.000,0.010
lltp,ILL/petri-nets/MCC,,,Dekker_dekker-50_5_1.p,classical,auto,1,false,,5,0,3,,unknown,recursion_limit,,focus,MELL,40598,100,4.953,0,0,0,0,0,0,2048,0.000,0.004
lltp,ILL/petri-nets/MCC,,,Dekker_dekker-50_50_1.p,classical,auto,1,false,,5,0,3,,unknown,recursion_limit,,focus,MELL,40598,100,6.159,0,0,0,0,0,0,2048,0.000,0.021
lltp,ILL/petri-nets/MCC,,,Dekker_dekker-50_20_1.p,classical,auto,1,false,,5,0,3,,unknown,recursion_limit,,focus,MELL,40598,100,5.801,0,0,0,0,0,0,2048,0.000,0.006
lltp,ILL/petri-nets/MCC,,,Dekker_dekker-50_1_1.p,classical,auto,1,false,,5,0,3,,unknown,recursion_limit,,focus,MELL,40598,100,4.854,0,0,0,0,0,0,2048,0.000,0.003
lltp,ILL/petri-nets/MCC,,,Dekker_dekker-50_100_1.p,classical,auto,1,false,,5,0,3,,unknown,recursion_limit,,focus,MELL,40598,100,4.926,0,0,0,0,0,0,2048,0.000,0.004
lltp,ILL/petri-nets/MCC,,,Dekker_dekker-20_5_1.p,classical,auto,1,false,,5,0,3,,unknown,timeout,,focus,MELL,6638,40,5120.040,1,0,0,18014208,0,0,2048,5110.000,2.442
lltp,ILL/petri-nets/MCC,,,Dekker_dekker-20_50_1.p,classical,auto,1,false,,5,0,3,,unknown,timeout,,focus,MELL,6638,40,5069.909,1,0,0,21954560,0,0,2048,5060.000,2.486
lltp,ILL/petri-nets/MCC,,,Dekker_dekker-20_20_1.p,classical,auto,1,false,,5,0,3,,unknown,timeout,,focus,MELL,6638,40,5000.070,5343198,5343172,24,45715504,0,0,2048,4990.000,2.435
lltp,ILL/petri-nets/MCC,,,Dekker_dekker-20_1_1.p,classical,auto,1,false,,5,0,,,unknown,killed,,,,,,10500.818,,,,,,,,,
lltp,ILL/petri-nets/MCC,,,Dekker_dekker-20_100_1.p,classical,auto,1,false,,5,0,3,,unknown,timeout,,focus,MELL,6638,40,5047.065,1,0,0,26546176,0,0,2048,5030.000,2.229
lltp,ILL/petri-nets/MCC,,,Dekker_dekker-200_5_1.p,classical,auto,1,false,,5,0,3,,unknown,recursion_limit,,focus,MELL,642398,400,94.341,0,0,0,0,0,0,2048,90.000,0.080
lltp,ILL/petri-nets/MCC,,,Dekker_dekker-200_50_1.p,classical,auto,1,false,,5,0,3,,unknown,recursion_limit,,focus,MELL,642398,400,94.705,0,0,0,0,0,0,2048,100.000,0.079
lltp,ILL/petri-nets/MCC,,,Dekker_dekker-200_20_1.p,classical,auto,1,false,,5,0,3,,unknown,recursion_limit,,focus,MELL,642398,400,94.371,0,0,0,0,0,0,2048,100.000,0.081
lltp,ILL/petri-nets/MCC,,,Dekker_dekker-200_1_1.p,classical,auto,1,false,,5,0,3,,unknown,recursion_limit,,focus,MELL,642398,400,93.261,0,0,0,0,0,0,2048,90.000,0.085
lltp,ILL/petri-nets/MCC,,,Dekker_dekker-200_100_1.p,classical,auto,1,false,,5,0,3,,unknown,recursion_limit,,focus,MELL,642398,400,94.199,0,0,0,0,0,0,2048,100.000,0.078
lltp,ILL/petri-nets/MCC,,,Dekker_dekker-15_5_1.p,classical,auto,1,false,,5,0,3,,unknown,timeout,,focus,MELL,3778,30,5054.747,1,0,0,32059392,0,0,2048,5040.000,3.265
lltp,ILL/petri-nets/MCC,,,Dekker_dekker-15_50_1.p,classical,auto,1,false,,5,0,3,,unknown,timeout,,focus,MELL,3778,30,5010.840,1,0,0,36933632,0,0,2048,5000.000,3.862
lltp,ILL/petri-nets/MCC,,,Dekker_dekker-15_20_1.p,classical,auto,1,false,,5,0,3,,unknown,timeout,,focus,MELL,3778,30,5090.480,1,0,0,38019072,0,0,2048,5080.000,3.872
lltp,ILL/petri-nets/MCC,,,Dekker_dekker-15_1_1.p,classical,auto,1,false,,5,0,3,,unknown,timeout,,focus,MELL,3778,30,5689.336,1,0,0,34320384,0,0,2048,5670.000,3.840
lltp,ILL/petri-nets/MCC,,,Dekker_dekker-15_10_1.p,classical,auto,1,false,,5,0,3,,unknown,timeout,,focus,MELL,3778,30,5050.078,1,0,0,32522240,0,0,2048,5040.000,2.872
lltp,ILL/petri-nets/MCC,,,Dekker_dekker-15_100_1.p,classical,auto,1,false,,5,0,3,,unknown,timeout,,focus,MELL,3778,30,5053.913,1,0,0,39809024,0,0,2048,5040.000,2.413
lltp,ILL/petri-nets/MCC,,,Dekker_dekker-10_5_1.p,classical,auto,1,false,,5,0,3,,unknown,timeout,,focus,MELL,1718,20,5015.673,1,0,0,57966592,0,0,2048,5000.000,2.158
lltp,ILL/petri-nets/MCC,,,Dekker_dekker-10_50_1.p,classical,auto,1,false,,5,0,3,,unknown,timeout,,focus,MELL,1718,20,5005.438,1,0,0,56664064,0,0,2048,4990.000,2.116
lltp,ILL/petri-nets/MCC,,,Dekker_dekker-10_20_1.p,classical,auto,1,false,,5,0,3,,unknown,timeout,,focus,MELL,1718,20,5018.474,1,0,0,56135680,0,0,2048,5010.000,2.215
lltp,ILL/petri-nets/MCC,,,Dekker_dekker-10_1_1.p,classical,auto,1,false,,5,0,3,,unknown,timeout,,focus,MELL,1718,20,5024.926,9091,8280,806,59645952,0,0,2048,5010.000,2.288
lltp,ILL/petri-nets/MCC,,,Dekker_dekker-10_10_1.p,classical,auto,1,false,,5,0,3,,unknown,timeout,,focus,MELL,1718,20,5007.873,1,0,0,56664064,0,0,2048,4990.000,4.663
lltp,ILL/petri-nets/MCC,,,Dekker_dekker-10_100_1.p,classical,auto,1,false,,5,0,3,,unknown,timeout,,focus,MELL,1718,20,5004.636,1,0,0,56664064,0,0,2048,4990.000,3.780
lltp,ILL/petri-nets/MCC,,,Dekker_dekker-100_5_1.p,classical,auto,1,false,,5,0,3,,unknown,recursion_limit,,focus,MELL,161198,200,22.984,0,0,0,0,0,0,2048,10.000,0.020
lltp,ILL/petri-nets/MCC,,,Dekker_dekker-100_50_1.p,classical,auto,1,false,,5,0,3,,unknown,recursion_limit,,focus,MELL,161198,200,23.387,0,0,0,0,0,0,2048,20.000,0.020
lltp,ILL/petri-nets/MCC,,,Dekker_dekker-100_20_1.p,classical,auto,1,false,,5,0,3,,unknown,recursion_limit,,focus,MELL,161198,200,21.992,0,0,0,0,0,0,2048,20.000,0.015
lltp,ILL/petri-nets/MCC,,,Dekker_dekker-100_1_1.p,classical,auto,1,false,,5,0,3,,unknown,recursion_limit,,focus,MELL,161198,200,23.077,0,0,0,0,0,0,2048,20.000,0.020
lltp,ILL/petri-nets/MCC,,,Dekker_dekker-100_100_1.p,classical,auto,1,false,,5,0,3,,unknown,recursion_limit,,focus,MELL,161198,200,24.374,0,0,0,0,0,0,2048,30.000,0.021
lltp,ILL/petri-nets/MCC,,,DatabaseWithMutex_database4UNFOLD_5_1.p,classical,auto,1,false,,5,0,3,,unknown,timeout,,focus,MELL,876,5,5048.011,28357,15718,12606,57761792,0,0,2048,5030.000,3.113
lltp,ILL/petri-nets/MCC,,,DatabaseWithMutex_database4UNFOLD_50_1.p,classical,auto,1,false,,5,0,3,,unknown,timeout,,focus,MELL,882,5,5037.092,389998,377311,12654,57581568,0,0,2048,5020.000,2.222
lltp,ILL/petri-nets/MCC,,,DatabaseWithMutex_database4UNFOLD_20_1.p,classical,auto,1,false,,5,0,3,,unknown,timeout,,focus,MELL,876,5,5037.783,18874,2330,16527,57602048,0,0,2048,5020.000,2.229
lltp,ILL/petri-nets/MCC,,,DatabaseWithMutex_database4UNFOLD_1_1.p,classical,auto,1,false,,5,0,3,,proved,,ok,focus,MELL,878,5,0.174,4,0,2,167,0,0,2048,0.000,0.000
lltp,ILL/petri-nets/MCC,,,DatabaseWithMutex_database4UNFOLD_10_1.p,classical,auto,1,false,,5,0,3,,unknown,timeout,,focus,MELL,886,5,5003.093,38655400,38636951,18447,64241129,0,0,2048,4990.000,2.134
lltp,ILL/petri-nets/MCC,,,DatabaseWithMutex_database4UNFOLD_100_1.p,classical,auto,1,false,,5,0,3,,unknown,timeout,,focus,MELL,876,5,5034.535,9914,1546,8351,57688064,0,0,2048,5020.000,2.680
lltp,ILL/petri-nets/MCC,,,DatabaseWithMutex_database40UNFOLD_5_1.p,classical,auto,1,false,,5,0,3,,unknown,recursion_limit,,focus,MELL,314152,41,48.616,0,0,0,0,0,0,2048,50.000,0.040
lltp,ILL/petri-nets/MCC,,,DatabaseWithMutex_database40UNFOLD_50_1.p,classical,auto,1,false,,5,0,3,,unknown,recursion_limit,,focus,MELL,314108,41,49.702,0,0,0,0,0,0,2048,50.000,0.045
lltp,ILL/petri-nets/MCC,,,DatabaseWithMutex_database40UNFOLD_20_1.p,classical,auto,1,false,,5,0,3,,unknown,recursion_limit,,focus,MELL,314138,41,48.950,0,0,0,0,0,0,2048,50.000,0.040
lltp,ILL/petri-nets/MCC,,,DatabaseWithMutex_database40UNFOLD_1_1.p,classical,auto,1,false,,5,0,3,,unknown,recursion_limit,,focus,MELL,314078,41,48.969,0,0,0,0,0,0,2048,50.000,0.040
lltp,ILL/petri-nets/MCC,,,DatabaseWithMutex_database40UNFOLD_100_1.p,classical,auto,1,false,,5,0,3,,unknown,recursion_limit,,focus,MELL,314076,41,49.062,0,0,0,0,0,0,2048,40.000,0.042
lltp,ILL/petri-nets/MCC,,,DatabaseWithMutex_database2UNFOLD_5_1.p,classical,auto,1,false,,5,0,3,,unknown,copy_bound,,focus,MELL,198,3,20.060,7784,6501,717,392663,0,0,2048,20.000,0.033
lltp,ILL/petri-nets/MCC,,,DatabaseWithMutex_database2UNFOLD_50_1.p,classical,auto,1,false,,5,0,3,,proved,,ok,focus,MELL,196,3,0.239,155,10,140,3350,0,0,2048,0.000,0.000
lltp,ILL/petri-nets/MCC,,,DatabaseWithMutex_database2UNFOLD_20_1.p,classical,auto,1,false,,5,0,3,,unknown,copy_bound,,focus,MELL,198,3,55.465,63554,60734,1742,1100210,0,0,2048,50.000,0.334
lltp,ILL/petri-nets/MCC,,,DatabaseWithMutex_database2UNFOLD_1_1.p,classical,auto,1,false,,5,0,3,,proved,,ok,focus,MELL,198,3,0.050,4,0,2,33,0,0,2048,0.000,0.000
lltp,ILL/petri-nets/MCC,,,DatabaseWithMutex_database2UNFOLD_10_1.p,classical,auto,1,false,,5,0,3,,proved,,ok,focus,MELL,196,3,0.237,155,10,140,3336,0,0,2048,0.000,0.000
lltp,ILL/petri-nets/MCC,,,DatabaseWithMutex_database2UNFOLD_100_1.p,classical,auto,1,false,,5,0,3,,unknown,copy_bound,,focus,MELL,198,3,54.994,63554,60734,1742,1100210,0,0,2048,50.000,0.053
lltp,ILL/petri-nets/MCC,,,DatabaseWithMutex_database20UNFOLD_5_1.p,classical,auto,1,false,,5,0,3,,unknown,recursion_limit,,focus,MELL,46672,21,6.886,0,0,0,0,0,0,2048,0.000,0.008
lltp,ILL/petri-nets/MCC,,,DatabaseWithMutex_database20UNFOLD_50_1.p,classical,auto,1,false,,5,0,3,,unknown,recursion_limit,,focus,MELL,46636,21,6.956,0,0,0,0,0,0,2048,10.000,0.007
lltp,ILL/petri-nets/MCC,,,DatabaseWithMutex_database20UNFOLD_20_1.p,classical,auto,1,false,,5,0,3,,unknown,recursion_limit,,focus,MELL,46658,21,6.388,0,0,0,0,0,0,2048,10.000,0.006
lltp,ILL/petri-nets/MCC,,,DatabaseWithMutex_database20UNFOLD_1_1.p,classical,auto,1,false,,5,0,3,,unknown,recursion_limit,,focus,MELL,46638,21,6.305,0,0,0,0,0,0,2048,10.000,0.006
lltp,ILL/petri-nets/MCC,,,DatabaseWithMutex_database20UNFOLD_100_1.p,classical,auto,1,false,,5,0,3,,unknown,recursion_limit,,focus,MELL,46636,21,6.299,0,0,0,0,0,0,2048,0.000,0.005
lltp,ILL/petri-nets/MCC,,,DatabaseWithMutex_database10UNFOLD_5_1.p,classical,auto,1,false,,5,0,3,,unknown,timeout,,focus,MELL,7732,11,7012.919,1,0,0,17981440,0,0,2048,7000.000,3.105
lltp,ILL/petri-nets/MCC,,,DatabaseWithMutex_database10UNFOLD_50_1.p,classical,auto,1,false,,5,0,3,,unknown,timeout,,focus,MELL,7716,11,5114.229,1,0,0,12390400,0,0,2048,5100.000,2.691
lltp,ILL/petri-nets/MCC,,,DatabaseWithMutex_database10UNFOLD_20_1.p,classical,auto,1,false,,5,0,3,,unknown,timeout,,focus,MELL,7718,11,5114.156,1,0,0,12046336,0,0,2048,5100.000,2.584
lltp,ILL/petri-nets/MCC,,,DatabaseWithMutex_database10UNFOLD_1_1.p,classical,auto,1,false,,5,0,3,,proved,,ok,focus,MELL,7718,11,6.077,4,0,2,10270,0,0,2048,10.000,0.004
lltp,ILL/petri-nets/MCC,,,DatabaseWithMutex_database10UNFOLD_100_1.p,classical,auto,1,false,,5,0,3,,unknown,timeout,,focus,MELL,7726,11,5046.788,1,0,0,10473472,0,0,2048,5040.000,2.280
lltp,ILL/petri-nets/MCC,,,DNAwalker_dnawalk-18_5_1.p,classical,auto,1,false,,5,0,3,,unknown,recursion_limit,,focus,MELL,36592,168,5.481,0,0,0,0,0,0,2048,0.000,0.018
lltp,ILL/petri-nets/MCC,,,DNAwalker_dnawalk-18_50_1.p,classical,auto,1,false,,5,0,3,,unknown,recursion_limit,,focus,MELL,36538,168,4.171,0,0,0,0,0,0,2048,0.000,0.003
lltp,ILL/petri-nets/MCC,,,DNAwalker_dnawalk-18_20_1.p,classical,auto,1,false,,5,0,3,,unknown,recursion_limit,,focus,MELL,36562,168,5.698,0,0,0,0,0,0,2048,0.000,0.005
lltp,ILL/petri-nets/MCC,,,DNAwalker_dnawalk-18_1_1.p,classical,auto,1,false,,5,0,3,,unknown,recursion_limit,,focus,MELL,36602,169,4.019,0,0,0,0,0,0,2048,0.000,0.004
lltp,ILL/petri-nets/MCC,,,DNAwalker_dnawalk-17_5_1.p,classical,auto,1,false,,5,0,3,,unknown,timeout,,focus,MELL,4904,79,5090.193,1,0,0,25108480,0,0,2048,5080.000,2.523
lltp,ILL/petri-nets/MCC,,,DNAwalker_dnawalk-17_20_1.p,classical,auto,1,false,,5,0,3,,unknown,timeout,,focus,MELL,4872,78,5120.800,1,0,0,23535616,0,0,2048,5110.000,2.374
lltp,ILL/petri-nets/MCC,,,DNAwalker_dnawalk-17_1_1.p,classical,auto,1,false,,5,0,3,,unknown,timeout,,focus,MELL,4910,79,5109.564,1,0,0,25436160,0,0,2048,5100.000,2.251
lltp,ILL/petri-nets/MCC,,,DNAwalker_dnawalk-16_5_1.p,classical,auto,1,false,,5,0,3,,unknown,timeout,,focus,MELL,4904,79,5031.618,1,0,0,25108480,0,0,2048,5020.000,2.113
lltp,ILL/petri-nets/MCC,,,DNAwalker_dnawalk-16_20_1.p,classical,auto,1,false,,5,0,3,,unknown,timeout,,focus,MELL,4878,78,5114.490,1,0,0,25436160,0,0,2048,5100.000,2.125
lltp,ILL/petri-nets/MCC,,,DNAwalker_dnawalk-16_1_1.p,classical,auto,1,false,,5,0,3,,unknown,timeout,,focus,MELL,4908,79,5003.265,1,0,0,25436160,0,0,2048,4990.000,2.151
lltp,ILL/petri-nets/MCC,,,DNAwalker_dnawalk-15_5_1.p,classical,auto,1,false,,5,0,3,,unknown,timeout,,focus,MELL,3150,70,5120.085,1,0,0,38313984,0,0,2048,5110.000,2.391
lltp,ILL/petri-nets/MCC,,,DNAwalker_dnawalk-15_20_1.p,classical,auto,1,false,,5,0,3,,unknown,timeout,,focus,MELL,3136,70,5052.258,1,0,0,30498816,0,0,2048,5040.000,2.501
lltp,ILL/petri-nets/MCC,,,DNAwalker_dnawalk-15_1_1.p,classical,auto,1,false,,5,0,3,,unknown,timeout,,focus,MELL,3152,70,5059.534,1,0,0,31092736,0,0,2048,5040.000,2.530
lltp,ILL/petri-nets/MCC,,,DNAwalker_dnawalk-14_5_1.p,classical,auto,1,false,,5,0,3,,unknown,timeout,,focus,MELL,3150,70,5095.709,1,0,0,37879808,0,0,2048,5080.000,2.217
lltp,ILL/petri-nets/MCC,,,DNAwalker_dnawalk-14_20_1.p,classical,auto,1,false,,5,0,3,,unknown,timeout,,focus,MELL,3132,70,5054.597,1,0,0,30498816,0,0,2048,5040.000,2.396
lltp,ILL/petri-nets/MCC,,,DNAwalker_dnawalk-14_1_1.p,classical,auto,1,false,,5,0,3,,unknown,timeout,,focus,MELL,3152,70,5052.000,1,0,0,31092736,0,0,2048,5040.000,2.536
lltp,ILL/petri-nets/MCC,,,DNAwalker_dnawalk-13_5_1.p,classical,auto,1,false,,5,0,3,,unknown,timeout,,focus,MELL,3148,70,5042.875,1,0,0,37216256,0,0,2048,5030.000,2.403
lltp,ILL/petri-nets/MCC,,,DNAwalker_dnawalk-13_20_1.p,classical,auto,1,false,,5,0,3,,unknown,timeout,,focus,MELL,3136,70,5001.693,1,0,0,30498816,0,0,2048,4990.000,2.158
lltp,ILL/petri-nets/MCC,,,DNAwalker_dnawalk-13_1_1.p,classical,auto,1,false,,5,0,3,,unknown,timeout,,focus,MELL,3152,70,5052.665,1,0,0,31092736,0,0,2048,5040.000,2.137
lltp,ILL/petri-nets/MCC,,,DNAwalker_dnawalk-12_5_1.p,classical,auto,1,false,,5,0,3,,unknown,timeout,,focus,MELL,3148,70,5081.611,1,0,0,37638144,0,0,2048,5070.000,2.189
lltp,ILL/petri-nets/MCC,,,DNAwalker_dnawalk-12_20_1.p,classical,auto,1,false,,5,0,3,,unknown,timeout,,focus,MELL,3132,70,5017.088,1,0,0,30498816,0,0,2048,5010.000,2.175
lltp,ILL/petri-nets/MCC,,,DNAwalker_dnawalk-12_1_1.p,classical,auto,1,false,,5,0,3,,unknown,timeout,,focus,MELL,3152,70,5016.395,1,0,0,31092736,0,0,2048,5010.000,2.114
lltp,ILL/petri-nets/MCC,,,DNAwalker_dnawalk-11_5_1.p,classical,auto,1,false,,5,0,3,,unknown,timeout,,focus,MELL,2606,59,5054.936,1,0,0,43163648,0,0,2048,5040.000,2.178
lltp,ILL/petri-nets/MCC,,,DNAwalker_dnawalk-11_1_1.p,classical,auto,1,false,,5,0,3,,unknown,timeout,,focus,MELL,2608,59,5098.817,1,0,0,44482560,0,0,2048,5090.000,2.198
lltp,ILL/petri-nets/MCC,,,DNAwalker_dnawalk-10_5_1.p,classical,auto,1,false,,5,0,3,,unknown,timeout,,focus,MELL,2606,59,5024.532,1,0,0,42364928,0,0,2048,5010.000,2.154
lltp,ILL/petri-nets/MCC,,,DNAwalker_dnawalk-10_1_1.p,classical,auto,1,false,,5,0,3,,unknown,timeout,,focus,MELL,2608,59,5007.218,1,0,0,43433984,0,0,2048,4990.000,2.197
lltp,ILL/petri-nets/MCC,,,DNAwalker_dnawalk-09_5_1.p,classical,auto,1,false,,5,0,3,,unknown,timeout,,focus,MELL,2606,59,5078.400,1,0,0,41922560,0,0,2048,5060.000,2.217
lltp,ILL/petri-nets/MCC,,,DNAwalker_dnawalk-09_20_1.p,classical,auto,1,false,,5,0,3,,unknown,timeout,,focus,MELL,2598,58,5054.597,1,0,0,40349696,0,0,2048,5040.000,2.279
lltp,ILL/petri-nets/MCC,,,DNAwalker_dnawalk-09_1_1.p,classical,auto,1,false,,5,0,3,,unknown,timeout,,focus,MELL,2608,59,5010.796,1,0,0,41369600,0,0,2048,5000.000,2.253
lltp,ILL/petri-nets/MCC,,,DNAwalker_dnawalk-08_5_1.p,classical,auto,1,false,,5,0,3,,unknown,timeout,,focus,MELL,2606,59,5033.325,1,0,0,40263680,0,0,2048,5020.000,2.214
lltp,ILL/petri-nets/MCC,,,DNAwalker_dnawalk-08_20_1.p,classical,auto,1,false,,5,0,3,,unknown,timeout,,focus,MELL,2598,58,5103.635,1,0,0,40349696,0,0,2048,5090.000,2.252
lltp,ILL/petri-nets/MCC,,,DNAwalker_dnawalk-08_1_1.p,classical,auto,1,false,,5,0,3,,unknown,timeout,,focus,MELL,2608,59,5023.315,1,0,0,41369600,0,0,2048,5010.000,2.256
lltp,ILL/petri-nets/MCC,,,DNAwalker_dnawalk-07_5_1.p,classical,auto,1,false,,5,0,3,,unknown,timeout,,focus,MELL,2530,37,5019.552,1,0,0,39264256,0,0,2048,5010.000,2.207
lltp,ILL/petri-nets/MCC,,,DNAwalker_dnawalk-07_20_1.p,classical,auto,1,false,,5,0,3,,unknown,timeout,,focus,MELL,2520,36,5057.264,1,0,0,42336256,0,0,2048,5050.000,2.224
lltp,ILL/petri-nets/MCC,,,DNAwalker_dnawalk-07_1_1.p,classical,auto,1,false,,5,0,3,,unknown,timeout,,focus,MELL,2534,37,5073.887,1,0,0,41086976,0,0,2048,5060.000,2.187
lltp,ILL/petri-nets/MCC,,,DNAwalker_dnawalk-06_5_1.p,classical,auto,1,false,,5,0,3,,unknown,timeout,,focus,MELL,2528,37,5009.072,1,0,0,41086976,0,0,2048,5000.000,2.170
lltp,ILL/petri-nets/MCC,,,DNAwalker_dnawalk-06_20_1.p,classical,auto,1,false,,5,0,3,,unknown,timeout,,focus,MELL,2516,36,5022.314,1,0,0,41730048,0,0,2048,5010.000,2.178
lltp,ILL/petri-nets/MCC,,,DNAwalker_dnawalk-06_1_1.p,classical,auto,1,false,,5,0,3,,unknown,timeout,,focus,MELL,2534,37,5057.249,1,0,0,41086976,0,0,2048,5050.000,2.204
lltp,ILL/petri-nets/MCC,,,DNAwalker_dnawalk-05_5_1.p,classical,auto,1,false,,5,0,3,,unknown,timeout,,focus,MELL,2528,37,5003.123,1,0,0,41086976,0,0,2048,4990.000,2.102
lltp,ILL/petri-nets/MCC,,,DNAwalker_dnawalk-05_20_1.p,classical,auto,1,false,,5,0,3,,unknown,timeout,,focus,MELL,2514,36,5032.882,1,0,0,36421632,0,0,2048,5020.000,2.188
lltp,ILL/petri-nets/MCC,,,DNAwalker_dnawalk-05_1_1.p,classical,auto,1,false,,5,0,3,,unknown,timeout,,focus,MELL,2534,37,5084.851,1,0,0,43155456,0,0,2048,5070.000,2.276
lltp,ILL/petri-nets/MCC,,,DNAwalker_dnawalk-04_5_1.p,classical,auto,1,false,,5,0,3,,unknown,timeout,,focus,MELL,2528,37,5030.644,1,0,0,41086976,0,0,2048,5020.000,2.178
lltp,ILL/petri-nets/MCC,,,DNAwalker_dnawalk-04_20_1.p,classical,auto,1,false,,5,0,3,,unknown,timeout,,focus,MELL,2510,36,5061.235,1,0,0,36421632,0,0,2048,5050.000,2.178
lltp,ILL/petri-nets/MCC,,,DNAwalker_dnawalk-04_1_1.p,classical,auto,1,false,,5,0,3,,unknown,timeout,,focus,MELL,2534,37,5039.957,1,0,0,43155456,0,0,2048,5030.000,2.182
lltp,ILL/petri-nets/MCC,,,DNAwalker_dnawalk-03_5_1.p,classical,auto,1,false,,5,0,3,,unknown,timeout,,focus,MELL,854,30,5030.597,1,0,0,77312000,0,0,2048,5020.000,2.115
lltp,ILL/petri-nets/MCC,,,DNAwalker_dnawalk-03_50_1.p,classical,auto,1,false,,5,0,3,,unknown,timeout,,focus,MELL,848,29,5000.753,61242898,61230607,12289,62173317,0,0,2048,4990.000,2.221
lltp,ILL/petri-nets/MCC,,,DNAwalker_dnawalk-03_20_1.p,classical,auto,1,false,,5,0,3,,unknown,timeout,,focus,MELL,848,29,5000.488,62403447,62391156,12289,63344753,0,0,2048,4990.000,2.151
lltp,ILL/petri-nets/MCC,,,DNAwalker_dnawalk-03_1_1.p,classical,auto,1,false,,5,0,3,,unknown,timeout,,focus,MELL,862,30,5014.542,1,0,0,80011264,0,0,2048,5000.000,2.129
lltp,ILL/petri-nets/MCC,,,DNAwalker_dnawalk-03_10_1.p,classical,auto,1,false,,5,0,3,,unknown,timeout,,focus,MELL,848,29,5000.338,62373695,62361404,12289,63314615,0,0,2048,4990.000,2.080
lltp,ILL/petri-nets/MCC,,,DNAwalker_dnawalk-03_100_1.p,classical,auto,1,false,,5,0,3,,unknown,timeout,,focus,MELL,848,29,5000.532,62333768,62321477,12289,63274581,0,0,2048,4990.000,2.108
lltp,ILL/petri-nets/MCC,,,DNAwalker_dnawalk-02_5_1.p,classical,auto,1,false,,5,0,3,,unknown,timeout,,focus,MELL,854,30,5020.983,1,0,0,77312000,0,0,2048,5010.000,2.326
lltp,ILL/petri-nets/MCC,,,DNAwalker_dnawalk-02_50_1.p,classical,auto,1,false,,5,0,3,,unknown,timeout,,focus,MELL,848,29,5000.510,62187244,62174953,12289,63126282,0,0,2048,4990.000,2.164
lltp,ILL/petri-nets/MCC,,,DNAwalker_dnawalk-02_20_1.p,classical,auto,1,false,,5,0,3,,unknown,timeout,,focus,MELL,848,29,5000.565,62539670,62527379,12289,63483199,0,0,2048,4980.000,2.083
lltp,ILL/petri-nets/MCC,,,DNAwalker_dnawalk-02_1_1.p,classical,auto,1,false,,5,0,3,,unknown,timeout,,focus,MELL,862,30,5019.491,1,0,0,78823424,0,0,2048,5010.000,2.169
lltp,ILL/petri-nets/MCC,,,DNAwalker_dnawalk-02_10_1.p,classical,auto,1,false,,5,0,3,,unknown,timeout,,focus,MELL,848,29,5000.480,62064458,62052167,12289,63003376,0,0,2048,4990.000,2.111
lltp,ILL/petri-nets/MCC,,,DNAwalker_dnawalk-02_100_1.p,classical,auto,1,false,,5,0,3,,unknown,timeout,,focus,MELL,848,29,5000.492,62480292,62468001,12289,63422856,0,0,2048,4980.000,2.092
lltp,ILL/petri-nets/MCC,,,DNAwalker_dnawalk-01_5_1.p,classical,auto,1,false,,5,0,3,,unknown,timeout,,focus,MELL,844,31,5005.076,1,0,0,76963840,0,0,2048,4990.000,2.187
lltp,ILL/petri-nets/MCC,,,DNAwalker_dnawalk-01_50_1.p,classical,auto,1,false,,5,0,3,,unknown,timeout,,focus,MELL,840,29,5000.626,61795983,61783692,12289,62731703,0,0,2048,4990.000,2.743
lltp,ILL/petri-nets/MCC,,,DNAwalker_dnawalk-01_20_1.p,classical,auto,1,false,,5,0,3,,unknown,timeout,,focus,MELL,840,29,5000.676,62473899,62461608,12289,63416461,0,0,2048,4990.000,2.358
lltp,ILL/petri-nets/MCC,,,DNAwalker_dnawalk-01_1_1.p,classical,auto,1,false,,5,0,3,,unknown,timeout,,focus,MELL,852,30,5025.785,1,0,0,81408000,0,0,2048,5010.000,2.182
lltp,ILL/petri-nets/MCC,,,DNAwalker_dnawalk-01_10_1.p,classical,auto,1,false,,5,0,3,,unknown,timeout,,focus,MELL,840,29,5000.499,62163959,62151668,12289,63102953,0,0,2048,4990.000,2.067
lltp,ILL/petri-nets/MCC,,,DNAwalker_dnawalk-01_100_1.p,classical,auto,1,false,,5,0,3,,unknown,timeout,,focus,MELL,840,29,5000.507,61748443,61736152,12289,62683778,0,0,2048,4990.000,2.097
lltp,ILL/petri-nets/MCC,,,DLCshifumi_dlcsh_6_b_5_1.p,classical,auto,1,false,,5,0,3,,unknown,recursion_limit,,focus,MELL,365076,192,55.831,0,0,0,0,0,0,2048,50.000,0.051
lltp,ILL/petri-nets/MCC,,,DLCshifumi_dlcsh_6_b_50_1.p,classical,auto,1,false,,5,0,3,,unknown,recursion_limit,,focus,MELL,365070,192,53.773,0,0,0,0,0,0,2048,60.000,0.052
lltp,ILL/petri-nets/MCC,,,DLCshifumi_dlcsh_6_b_20_1.p,classical,auto,1,false,,5,0,3,,unknown,recursion_limit,,focus,MELL,365070,192,54.563,0,0,0,0,0,0,2048,60.000,0.051
lltp,ILL/petri-nets/MCC,,,DLCshifumi_dlcsh_6_b_1_1.p,classical,auto,1,false,,5,0,3,,unknown,recursion_limit,,focus,MELL,365068,192,56.515,0,0,0,0,0,0,2048,60.000,0.056
lltp,ILL/petri-nets/MCC,,,DLCshifumi_dlcsh_6_b_10_1.p,classical,auto,1,false,,5,0,3,,unknown,recursion_limit,,focus,MELL,365082,192,56.651,0,0,0,0,0,0,2048,60.000,0.046
lltp,ILL/petri-nets/MCC,,,DLCshifumi_dlcsh_6_a_5_1.p,classical,auto,1,false,,5,0,3,,unknown,recursion_limit,,focus,MELL,207194,757,30.940,0,0,0,0,0,0,2048,30.000,0.025
lltp,ILL/petri-nets/MCC,,,DLCshifumi_dlcsh_6_a_50_1.p,classical,auto,1,false,,5,0,3,,unknown,recursion_limit,,focus,MELL,207194,757,31.426,0,0,0,0,0,0,2048,40.000,0.025
lltp,ILL/petri-nets/MCC,,,DLCshifumi_dlcsh_6_a_20_1.p,classical,auto,1,false,,5,0,3,,unknown,recursion_limit,,focus,MELL,207194,757,30.862,0,0,0,0,0,0,2048,30.000,0.028
lltp,ILL/petri-nets/MCC,,,DLCshifumi_dlcsh_6_a_1_1.p,classical,auto,1,false,,5,0,3,,unknown,recursion_limit,,focus,MELL,207194,757,31.359,0,0,0,0,0,0,2048,30.000,0.025
lltp,ILL/petri-nets/MCC,,,DLCshifumi_dlcsh_6_a_100_1.p,classical,auto,1,false,,5,0,3,,unknown,recursion_limit,,focus,MELL,207194,757,31.529,0,0,0,0,0,0,2048,40.000,0.025
lltp,ILL/petri-nets/MCC,,,DLCshifumi_dlcsh_5_b_5_1.p,classical,auto,1,false,,5,0,3,,unknown,recursion_limit,,focus,MELL,214862,131,34.400,0,0,0,0,0,0,2048,40.000,0.031
lltp,ILL/petri-nets/MCC,,,DLCshifumi_dlcsh_5_b_50_1.p,classical,auto,1,false,,5,0,3,,unknown,recursion_limit,,focus,MELL,214856,131,33.153,0,0,0,0,0,0,2048,30.000,0.032
lltp,ILL/petri-nets/MCC,,,DLCshifumi_dlcsh_5_b_20_1.p,classical,auto,1,false,,5,0,3,,unknown,recursion_limit,,focus,MELL,214856,131,32.950,0,0,0,0,0,0,2048,30.000,0.029
lltp,ILL/petri-nets/MCC,,,DLCshifumi_dlcsh_5_b_1_1.p,classical,auto,1,false,,5,0,3,,unknown,recursion_limit,,focus,MELL,214854,131,34.176,0,0,0,0,0,0,2048,40.000,0.029
lltp,ILL/petri-nets/MCC,,,DLCshifumi_dlcsh_5_b_10_1.p,classical,auto,1,false,,5,0,3,,unknown,recursion_limit,,focus,MELL,214862,131,34.362,0,0,0,0,0,0,2048,40.000,0.028
lltp,ILL/petri-nets/MCC,,,DLCshifumi_dlcsh_5_a_5_1.p,classical,auto,1,false,,5,0,3,,unknown,recursion_limit,,focus,MELL,117670,513,17.077,0,0,0,0,0,0,2048,20.000,0.016
lltp,ILL/petri-nets/MCC,,,DLCshifumi_dlcsh_5_a_50_1.p,classical,auto,1,false,,5,0,3,,unknown,recursion_limit,,focus,MELL,117670,513,17.065,0,0,0,0,0,0,2048,10.000,0.018
lltp,ILL/petri-nets/MCC,,,DLCshifumi_dlcsh_5_a_20_1.p,classical,auto,1,false,,5,0,3,,unknown,recursion_limit,,focus,MELL,117670,513,16.999,0,0,0,0,0,0,2048,10.000,0.015
lltp,ILL/petri-nets/MCC,,,DLCshifumi_dlcsh_5_a_1_1.p,classical,auto,1,false,,5,0,3,,unknown,recursion_limit,,focus,MELL,117670,513,15.759,0,0,0,0,0,0,2048,10.000,0.013
lltp,ILL/petri-nets/MCC,,,DLCshifumi_dlcsh_5_a_100_1.p,classical,auto,1,false,,5,0,3,,unknown,recursion_limit,,focus,MELL,117670,513,16.005,0,0,0,0,0,0,2048,20.000,0.276
lltp,ILL/petri-nets/MCC,,,DLCshifumi_dlcsh_4_b_5_1.p,classical,auto,1,false,,5,0,3,,unknown,recursion_limit,,focus,MELL,112580,82,17.471,0,0,0,0,0,0,2048,20.000,0.016
lltp,ILL/petri-nets/MCC,,,DLCshifumi_dlcsh_4_b_50_1.p,classical,auto,1,false,,5,0,3,,unknown,recursion_limit,,focus,MELL,112586,82,17.270,0,0,0,0,0,0,2048,10.000,0.014
lltp,ILL/petri-nets/MCC,,,DLCshifumi_dlcsh_4_b_20_1.p,classical,auto,1,false,,5,0,3,,unknown,recursion_limit,,focus,MELL,112586,82,16.989,0,0,0,0,0,0,2048,10.000,0.014
lltp,ILL/petri-nets/MCC,,,DLCshifumi_dlcsh_4_b_1_1.p,classical,auto,1,false,,5,0,3,,unknown,recursion_limit,,focus,MELL,112572,82,17.604,0,0,0,0,0,0,2048,10.000,0.017
lltp,ILL/petri-nets/MCC,,,DLCshifumi_dlcsh_4_b_10_1.p,classical,auto,1,false,,5,0,3,,unknown,recursion_limit,,focus,MELL,112582,82,17.856,0,0,0,0,0,0,2048,10.000,0.016
lltp,ILL/petri-nets/MCC,,,DLCshifumi_dlcsh_4_a_5_1.p,classical,auto,1,false,,5,0,3,,unknown,recursion_limit,,focus,MELL,58602,317,8.687,0,0,0,0,0,0,2048,0.000,0.009
lltp,ILL/petri-nets/MCC,,,DLCshifumi_dlcsh_4_a_50_1.p,classical,auto,1,false,,5,0,3,,unknown,recursion_limit,,focus,MELL,58602,317,7.125,0,0,0,0,0,0,2048,0.000,0.007
lltp,ILL/petri-nets/MCC,,,DLCshifumi_dlcsh_4_a_20_1.p,classical,auto,1,false,,5,0,3,,unknown,recursion_limit,,focus,MELL,58602,317,7.755,0,0,0,0,0,0,2048,0.000,0.007
lltp,ILL/petri-nets/MCC,,,DLCshifumi_dlcsh_4_a_1_1.p,classical,auto,1,false,,5,0,3,,unknown,recursion_limit,,focus,MELL,58602,317,8.299,0,0,0,0,0,0,2048,0.000,0.006
lltp,ILL/petri-nets/MCC,,,DLCshifumi_dlcsh_4_a_100_1.p,classical,auto,1,false,,5,0,3,,unknown,recursion_limit,,focus,MELL,58602,317,8.329,0,0,0,0,0,0,2048,0.000,0.007
lltp,ILL/petri-nets/MCC,,,DLCshifumi_dlcsh_3_b_5_1.p,classical,auto,1,false,,5,0,3,,unknown,recursion_limit,,focus,MELL,49158,45,7.242,0,0,0,0,0,0,2048,0.000,0.005
lltp,ILL/petri-nets/MCC,,,DLCshifumi_dlcsh_3_b_50_1.p,classical,auto,1,false,,5,0,3,,unknown,recursion_limit,,focus,MELL,49158,45,6.952,0,0,0,0,0,0,2048,0.000,0.006
lltp,ILL/petri-nets/MCC,,,DLCshifumi_dlcsh_3_b_20_1.p,classical,auto,1,false,,5,0,3,,unknown,recursion_limit,,focus,MELL,49158,45,7.210,0,0,0,0,0,0,2048,0.000,0.005
lltp,ILL/petri-nets/MCC,,,DLCshifumi_dlcsh_3_b_1_1.p,classical,auto,1,false,,5,0,3,,unknown,recursion_limit,,focus,MELL,49150,45,7.920,0,0,0,0,0,0,2048,0.000,0.007
lltp,ILL/petri-nets/MCC,,,DLCshifumi_dlcsh_3_b_10_1.p,classical,auto,1,false,,5,0,3,,unknown,recursion_limit,,focus,MELL,49164,45,7.420,0,0,0,0,0,0,2048,0.000,0.008
lltp,ILL/petri-nets/MCC,,,DLCshifumi_dlcsh_3_a_5_1.p,classical,auto,1,false,,5,0,3,,unknown,recursion_limit,,focus,MELL,23654,169,2.927,0,0,0,0,0,0,2048,0.000,0.006
lltp,ILL/petri-nets/MCC,,,DLCshifumi_dlcsh_3_a_50_1.p,classical,auto,1,false,,5,0,3,,unknown,recursion_limit,,focus,MELL,23654,169,2.819,0,0,0,0,0,0,2048,0.000,0.004
lltp,ILL/petri-nets/MCC,,,DLCshifumi_dlcsh_3_a_20_1.p,classical,auto,1,false,,5,0,3,,unknown,recursion_limit,,focus,MELL,23654,169,2.741,0,0,0,0,0,0,2048,0.000,0.004
lltp,ILL/petri-nets/MCC,,,DLCshifumi_dlcsh_3_a_1_1.p,classical,auto,1,false,,5,0,3,,unknown,recursion_limit,,focus,MELL,23654,169,2.705,0,0,0,0,0,0,2048,0.000,0.003
lltp,ILL/petri-nets/MCC,,,DLCshifumi_dlcsh_3_a_100_1.p,classical,auto,1,false,,5,0,3,,unknown,recursion_limit,,focus,MELL,23654,169,4.001,0,0,0,0,0,0,2048,0.000,0.004
lltp,ILL/petri-nets/MCC,,,DLCshifumi_dlcsh_2_b_5_1.p,classical,auto,1,false,,5,0,3,,unknown,recursion_limit,,focus,MELL,15520,20,2.030,0,0,0,0,0,0,2048,0.000,0.003
lltp,ILL/petri-nets/MCC,,,DLCshifumi_dlcsh_2_b_50_1.p,classical,auto,1,false,,5,0,3,,unknown,recursion_limit,,focus,MELL,15518,20,1.951,0,0,0,0,0,0,2048,0.000,0.002
lltp,ILL/petri-nets/MCC,,,DLCshifumi_dlcsh_2_b_20_1.p,classical,auto,1,false,,5,0,3,,unknown,recursion_limit,,focus,MELL,15518,20,1.911,0,0,0,0,0,0,2048,0.000,0.002
lltp,ILL/petri-nets/MCC,,,DLCshifumi_dlcsh_2_b_1_1.p,classical,auto,1,false,,5,0,3,,unknown,recursion_limit,,focus,MELL,15516,20,1.976,0,0,0,0,0,0,2048,0.000,0.002
lltp,ILL/petri-nets/MCC,,,DLCshifumi_dlcsh_2_b_10_1.p,classical,auto,1,false,,5,0,3,,unknown,recursion_limit,,focus,MELL,15520,20,1.986,0,0,0,0,0,0,2048,0.000,0.002
lltp,ILL/petri-nets/MCC,,,DLCshifumi_dlcsh_2_a_5_1.p,classical,auto,1,false,,5,0,3,,unknown,context_too_wide,,focus,MELL,6490,69,0.525,3,0,1,9,0,0,2048,0.000,0.000
lltp,ILL/petri-nets/MCC,,,DLCshifumi_dlcsh_2_a_50_1.p,classical,auto,1,false,,5,0,3,,unknown,context_too_wide,,focus,MELL,6490,69,0.549,3,0,1,237,0,0,2048,0.000,0.000
lltp,ILL/petri-nets/MCC,,,DLCshifumi_dlcsh_2_a_20_1.p,classical,auto,1,false,,5,0,3,,unknown,context_too_wide,,focus,MELL,6490,69,0.521,3,0,1,10,0,0,2048,0.000,0.000
lltp,ILL/petri-nets/MCC,,,DLCshifumi_dlcsh_2_a_1_1.p,classical,auto,1,false,,5,0,3,,proved,,ok,focus,MELL,6490,69,0.633,5,0,4,89,0,0,2048,0.000,0.000
lltp,ILL/petri-nets/MCC,,,DLCround_dlcro_13_b_5_1.p,classical,auto,1,false,,5,0,3,,unknown,recursion_limit,,focus,MELL,49706,21,8.397,0,0,0,0,0,0,2048,0.000,0.007
lltp,ILL/petri-nets/MCC,,,DLCround_dlcro_13_b_50_1.p,classical,auto,1,false,,5,0,3,,unknown,recursion_limit,,focus,MELL,49706,21,7.423,0,0,0,0,0,0,2048,0.000,0.007
lltp,ILL/petri-nets/MCC,,,DLCround_dlcro_13_b_20_1.p,classical,auto,1,false,,5,0,3,,unknown,recursion_limit,,focus,MELL,49706,21,7.577,0,0,0,0,0,0,2048,0.000,0.007
lltp,ILL/petri-nets/MCC,,,DLCround_dlcro_13_b_1_1.p,classical,auto,1,false,,5,0,3,,unknown,recursion_limit,,focus,MELL,49702,21,7.309,0,0,0,0,0,0,2048,0.000,0.005
lltp,ILL/petri-nets/MCC,,,DLCround_dlcro_13_b_10_1.p,classical,auto,1,false,,5,0,3,,unknown,recursion_limit,,focus,MELL,49710,21,7.519,0,0,0,0,0,0,2048,20.000,0.005
lltp,ILL/petri-nets/MCC,,,DLCround_dlcro_13_a_5_1.p,classical,auto,1,false,,5,0,3,,unknown,recursion_limit,,focus,MELL,30802,73,3.643,0,0,0,0,0,0,2048,0.000,0.002
lltp,ILL/petri-nets/MCC,,,DLCround_dlcro_13_a_50_1.p,classical,auto,1,false,,5,0,3,,unknown,recursion_limit,,focus,MELL,30802,73,4.583,0,0,0,0,0,0,2048,0.000,0.003
lltp,ILL/petri-nets/MCC,,,DLCround_dlcro_13_a_20_1.p,classical,auto,1,false,,5,0,3,,unknown,recursion_limit,,focus,MELL,30802,73,4.483,0,0,0,0,0,0,2048,0.000,0.004
lltp,ILL/petri-nets/MCC,,,DLCround_dlcro_13_a_1_1.p,classical,auto,1,false,,5,0,3,,unknown,recursion_limit,,focus,MELL,30802,73,3.309,0,0,0,0,0,0,2048,0.000,0.077
lltp,ILL/petri-nets/MCC,,,DLCround_dlcro_12_b_5_1.p,classical,auto,1,false,,5,0,3,,unknown,recursion_limit,,focus,MELL,44384,20,6.976,0,0,0,0,0,0,2048,0.000,0.014
lltp,ILL/petri-nets/MCC,,,DLCround_dlcro_12_b_50_1.p,classical,auto,1,false,,5,0,3,,unknown,recursion_limit,,focus,MELL,44382,20,6.350,0,0,0,0,0,0,2048,0.000,0.006
lltp,ILL/petri-nets/MCC,,,DLCround_dlcro_12_b_20_1.p,classical,auto,1,false,,5,0,3,,unknown,recursion_limit,,focus,MELL,44382,20,5.852,0,0,0,0,0,0,2048,0.000,0.005
lltp,ILL/petri-nets/MCC,,,DLCround_dlcro_12_b_1_1.p,classical,auto,1,false,,5,0,3,,unknown,recursion_limit,,focus,MELL,44380,20,6.920,0,0,0,0,0,0,2048,0.000,0.008
lltp,ILL/petri-nets/MCC,,,DLCround_dlcro_12_b_10_1.p,classical,auto,1,false,,5,0,3,,unknown,recursion_limit,,focus,MELL,44394,20,5.961,0,0,0,0,0,0,2048,0.000,0.006
lltp,ILL/petri-nets/MCC,,,DLCround_dlcro_12_a_5_1.p,classical,auto,1,false,,5,0,3,,unknown,recursion_limit,,focus,MELL,27214,69,3.201,0,0,0,0,0,0,2048,0.000,0.002
lltp,ILL/petri-nets/MCC,,,DLCround_dlcro_12_a_50_1.p,classical,auto,1,false,,5,0,3,,unknown,recursion_limit,,focus,MELL,27214,69,3.198,0,0,0,0,0,0,2048,0.000,0.002
lltp,ILL/petri-nets/MCC,,,DLCround_dlcro_12_a_20_1.p,classical,auto,1,false,,5,0,3,,unknown,recursion_limit,,focus,MELL,27214,69,3.199,0,0,0,0,0,0,2048,10.000,0.002
lltp,ILL/petri-nets/MCC,,,DLCround_dlcro_12_a_1_1.p,classical,auto,1,false,,5,0,3,,unknown,recursion_limit,,focus,MELL,27214,69,3.078,0,0,0,0,0,0,2048,0.000,0.004
lltp,ILL/petri-nets/MCC,,,DLCround_dlcro_11_b_5_1.p,classical,auto,1,false,,5,0,3,,unknown,recursion_limit,,focus,MELL,39352,19,5.629,0,0,0,0,0,0,2048,0.000,0.006
lltp,ILL/petri-nets/MCC,,,DLCround_dlcro_11_b_50_1.p,classical,auto,1,false,,5,0,3,,unknown,recursion_limit,,focus,MELL,39352,19,4.762,0,0,0,0,0,0,2048,10.000,0.013
lltp,ILL/petri-nets/MCC,,,DLCround_dlcro_11_b_20_1.p,classical,auto,1,false,,5,0,3,,unknown,recursion_limit,,focus,MELL,39352,19,4.643,0,0,0,0,0,0,2048,0.000,0.003
lltp,ILL/petri-nets/MCC,,,DLCround_dlcro_11_b_1_1.p,classical,auto,1,false,,5,0,3,,unknown,recursion_limit,,focus,MELL,39350,19,6.461,0,0,0,0,0,0,2048,10.000,0.005
lltp,ILL/petri-nets/MCC,,,DLCround_dlcro_11_b_10_1.p,classical,auto,1,false,,5,0,3,,unknown,recursion_limit,,focus,MELL,39360,19,5.958,0,0,0,0,0,0,2048,10.000,0.005
lltp,ILL/petri-nets/MCC,,,DLCround_dlcro_11_a_5_1.p,classical,auto,1,false,,5,0,3,,unknown,recursion_limit,,focus,MELL,23842,65,2.999,0,0,0,0,0,0,2048,0.000,0.002
lltp,ILL/petri-nets/MCC,,,DLCround_dlcro_11_a_50_1.p,classical,auto,1,false,,5,0,3,,unknown,recursion_limit,,focus,MELL,23842,65,2.858,0,0,0,0,0,0,2048,0.000,0.004
lltp,ILL/petri-nets/MCC,,,DLCround_dlcro_11_a_20_1.p,classical,auto,1,false,,5,0,3,,unknown,recursion_limit,,focus,MELL,23842,65,2.768,0,0,0,0,0,0,2048,10.000,0.003
lltp,ILL/petri-nets/MCC,,,DLCround_dlcro_11_a_1_1.p,classical,auto,1,false,,5,0,3,,unknown,recursion_limit,,focus,MELL,23842,65,2.770,0,0,0,0,0,0,2048,0.000,0.003
lltp,ILL/petri-nets/MCC,,,DLCround_dlcro_10_b_5_1.p,classical,auto,1,false,,5,0,3,,unknown,recursion_limit,,focus,MELL,34618,18,5.657,0,0,0,0,0,0,2048,0.000,0.005
lltp,ILL/petri-nets/MCC,,,DLCround_dlcro_10_b_50_1.p,classical,auto,1,false,,5,0,3,,unknown,recursion_limit,,focus,MELL,34614,18,3.999,0,0,0,0,0,0,2048,0.000,0.003
lltp,ILL/petri-nets/MCC,,,DLCround_dlcro_10_b_20_1.p,classical,auto,1,false,,5,0,3,,unknown,recursion_limit,,focus,MELL,34614,18,4.310,0,0,0,0,0,0,2048,0.000,0.004
lltp,ILL/petri-nets/MCC,,,DLCround_dlcro_10_b_1_1.p,classical,auto,1,false,,5,0,3,,unknown,recursion_limit,,focus,MELL,34612,18,4.494,0,0,0,0,0,0,2048,0.000,0.015
lltp,ILL/petri-nets/MCC,,,DLCround_dlcro_10_b_10_1.p,classical,auto,1,false,,5,0,3,,unknown,recursion_limit,,focus,MELL,34618,18,5.667,0,0,0,0,0,0,2048,0.000,0.005
lltp,ILL/petri-nets/MCC,,,DLCround_dlcro_10_a_5_1.p,classical,auto,1,false,,5,0,3,,unknown,recursion_limit,,focus,MELL,20686,61,2.553,0,0,0,0,0,0,2048,0.000,0.002
lltp,ILL/petri-nets/MCC,,,DLCround_dlcro_10_a_50_1.p,classical,auto,1,false,,5,0,3,,unknown,recursion_limit,,focus,MELL,20686,61,2.322,0,0,0,0,0,0,2048,0.000,0.002
lltp,ILL/petri-nets/MCC,,,DLCround_dlcro_10_a_20_1.p,classical,auto,1,false,,5,0,3,,unknown,recursion_limit,,focus,MELL,20686,61,2.455,0,0,0,0,0,0,2048,0.000,0.003
lltp,ILL/petri-nets/MCC,,,DLCround_dlcro_10_a_1_1.p,classical,auto,1,false,,5,0,3,,unknown,recursion_limit,,focus,MELL,20686,61,2.367,0,0,0,0,0,0,2048,0.000,0.002
lltp,ILL/petri-nets/MCC,,,DLCround_dlcro_09_b_5_1.p,classical,auto,1,false,,5,0,3,,unknown,recursion_limit,,focus,MELL,30174,17,4.826,0,0,0,0,0,0,2048,0.000,0.011
lltp,ILL/petri-nets/MCC,,,DLCround_dlcro_09_b_50_1.p,classical,auto,1,false,,5,0,3,,unknown,recursion_limit,,focus,MELL,30168,17,4.816,0,0,0,0,0,0,2048,0.000,0.017
lltp,ILL/petri-nets/MCC,,,DLCround_dlcro_09_b_20_1.p,classical,auto,1,false,,5,0,3,,unknown,recursion_limit,,focus,MELL,30168,17,3.254,0,0,0,0,0,0,2048,0.000,0.002
lltp,ILL/petri-nets/MCC,,,DLCround_dlcro_09_b_1_1.p,classical,auto,1,false,,5,0,3,,unknown,recursion_limit,,focus,MELL,30166,17,3.825,0,0,0,0,0,0,2048,0.000,0.014
lltp,ILL/petri-nets/MCC,,,DLCround_dlcro_09_b_10_1.p,classical,auto,1,false,,5,0,3,,unknown,recursion_limit,,focus,MELL,30174,17,3.448,0,0,0,0,0,0,2048,0.000,0.003
lltp,ILL/petri-nets/MCC,,,DLCround_dlcro_09_a_5_1.p,classical,auto,1,false,,5,0,3,,unknown,recursion_limit,,focus,MELL,17746,57,1.860,0,0,0,0,0,0,2048,0.000,0.002
lltp,ILL/petri-nets/MCC,,,DLCround_dlcro_09_a_50_1.p,classical,auto,1,false,,5,0,3,,unknown,recursion_limit,,focus,MELL,17746,57,1.972,0,0,0,0,0,0,2048,0.000,0.002
lltp,ILL/petri-nets/MCC,,,DLCround_dlcro_09_a_20_1.p,classical,auto,1,false,,5,0,3,,unknown,recursion_limit,,focus,MELL,17746,57,1.883,0,0,0,0,0,0,2048,0.000,0.011
lltp,ILL/petri-nets/MCC,,,DLCround_dlcro_09_a_1_1.p,classical,auto,1,false,,5,0,3,,unknown,recursion_limit,,focus,MELL,17746,57,1.910,0,0,0,0,0,0,2048,0.000,0.003
lltp,ILL/petri-nets/MCC,,,DLCround_dlcro_08_b_5_1.p,classical,auto,1,false,,5,0,3,,unknown,recursion_limit,,focus,MELL,26016,16,3.298,0,0,0,0,0,0,2048,0.000,0.004
lltp,ILL/petri-nets/MCC,,,DLCround_dlcro_08_b_50_1.p,classical,auto,1,false,,5,0,3,,unknown,recursion_limit,,focus,MELL,26014,16,2.981,0,0,0,0,0,0,2048,0.000,0.002
lltp,ILL/petri-nets/MCC,,,DLCround_dlcro_08_b_20_1.p,classical,auto,1,false,,5,0,3,,unknown,recursion_limit,,focus,MELL,26014,16,4.113,0,0,0,0,0,0,2048,0.000,0.003
lltp,ILL/petri-nets/MCC,,,DLCround_dlcro_08_b_1_1.p,classical,auto,1,false,,5,0,3,,unknown,recursion_limit,,focus,MELL,26012,16,4.252,0,0,0,0,0,0,2048,0.000,0.003
lltp,ILL/petri-nets/MCC,,,DLCround_dlcro_08_b_10_1.p,classical,auto,1,false,,5,0,3,,unknown,recursion_limit,,focus,MELL,26024,16,3.354,0,0,0,0,0,0,2048,0.000,0.004
lltp,ILL/petri-nets/MCC,,,DLCround_dlcro_08_a_5_1.p,classical,auto,1,false,,5,0,3,,unknown,context_too_wide,,focus,MELL,15022,53,1.772,3,0,1,9,0,0,2048,0.000,0.007
lltp,ILL/petri-nets/MCC,,,DLCround_dlcro_08_a_50_1.p,classical,auto,1,false,,5,0,3,,unknown,context_too_wide,,focus,MELL,15022,53,53.967,57,0,54,13823,0,0,2048,50.000,0.036
lltp,ILL/petri-nets/MCC,,,DLCround_dlcro_08_a_20_1.p,classical,auto,1,false,,5,0,3,,unknown,context_too_wide,,focus,MELL,15022,53,1.787,3,0,1,17,0,0,2048,0.000,0.003
lltp,ILL/petri-nets/MCC,,,DLCround_dlcro_08_a_1_1.p,classical,auto,1,false,,5,0,3,,unknown,context_too_wide,,focus,MELL,15022,53,1.899,3,0,1,129,0,0,2048,0.000,0.002
lltp,ILL/petri-nets/MCC,,,DLCround_dlcro_07_b_5_1.p,classical,auto,1,false,,5,0,3,,unknown,recursion_limit,,focus,MELL,22152,15,2.594,0,0,0,0,0,0,2048,0.000,0.004
lltp,ILL/petri-nets/MCC,,,DLCround_dlcro_07_b_50_1.p,classical,auto,1,false,,5,0,3,,unknown,recursion_limit,,focus,MELL,22152,15,2.678,0,0,0,0,0,0,2048,0.000,0.002
lltp,ILL/petri-nets/MCC,,,DLCround_dlcro_07_b_20_1.p,classical,auto,1,false,,5,0,3,,unknown,recursion_limit,,focus,MELL,22152,15,2.545,0,0,0,0,0,0,2048,0.000,0.002
lltp,ILL/petri-nets/MCC,,,DLCround_dlcro_07_b_1_1.p,classical,auto,1,false,,5,0,3,,unknown,recursion_limit,,focus,MELL,22150,15,2.655,0,0,0,0,0,0,2048,0.000,0.002
lltp,ILL/petri-nets/MCC,,,DLCround_dlcro_07_b_10_1.p,classical,auto,1,false,,5,0,3,,unknown,recursion_limit,,focus,MELL,22156,15,2.664,0,0,0,0,0,0,2048,10.000,0.002
lltp,ILL/petri-nets/MCC,,,DLCround_dlcro_07_a_5_1.p,classical,auto,1,false,,5,0,3,,unknown,context_too_wide,,focus,MELL,12514,49,1.480,3,0,1,129,0,0,2048,0.000,0.002
lltp,ILL/petri-nets/MCC,,,DLCround_dlcro_07_a_50_1.p,classical,auto,1,false,,5,0,3,,unknown,context_too_wide,,focus,MELL,12514,49,32.671,53,0,50,11464,0,0,2048,30.000,0.030
lltp,ILL/petri-nets/MCC,,,DLCround_dlcro_07_a_20_1.p,classical,auto,1,false,,5,0,3,,unknown,context_too_wide,,focus,MELL,12514,49,1.326,3,0,1,17,0,0,2048,0.000,0.002
lltp,ILL/petri-nets/MCC,,,DLCround_dlcro_07_a_1_1.p,classical,auto,1,false,,5,0,3,,unknown,context_too_wide,,focus,MELL,12514,49,1.446,3,0,1,129,0,0,2048,0.000,0.002
lltp,ILL/petri-nets/MCC,,,DLCround_dlcro_06_b_5_1.p,classical,auto,1,false,,5,0,3,,unknown,recursion_limit,,focus,MELL,18586,14,2.393,0,0,0,0,0,0,2048,10.000,0.002
lltp,ILL/petri-nets/MCC,,,DLCround_dlcro_06_b_50_1.p,classical,auto,1,false,,5,0,3,,unknown,recursion_limit,,focus,MELL,18582,14,2.354,0,0,0,0,0,0,2048,0.000,0.009
lltp,ILL/petri-nets/MCC,,,DLCround_dlcro_06_b_20_1.p,classical,auto,1,false,,5,0,3,,unknown,recursion_limit,,focus,MELL,18582,14,2.278,0,0,0,0,0,0,2048,10.000,0.002
lltp,ILL/petri-nets/MCC,,,DLCround_dlcro_06_b_1_1.p,classical,auto,1,false,,5,0,3,,unknown,recursion_limit,,focus,MELL,18580,14,2.244,0,0,0,0,0,0,2048,0.000,0.002
lltp,ILL/petri-nets/MCC,,,DLCround_dlcro_06_b_10_1.p,classical,auto,1,false,,5,0,3,,unknown,recursion_limit,,focus,MELL,18590,14,2.233,0,0,0,0,0,0,2048,0.000,0.012
lltp,ILL/petri-nets/MCC,,,DLCround_dlcro_06_a_5_1.p,classical,auto,1,false,,5,0,3,,unknown,context_too_wide,,focus,MELL,10222,45,1.026,3,0,1,4,0,0,2048,0.000,0.000
lltp,ILL/petri-nets/MCC,,,DLCround_dlcro_06_a_50_1.p,classical,auto,1,false,,5,0,3,,unknown,context_too_wide,,focus,MELL,10222,45,20.177,49,0,46,9315,0,0,2048,20.000,0.023
lltp,ILL/petri-nets/MCC,,,DLCround_dlcro_06_a_20_1.p,classical,auto,1,false,,5,0,3,,unknown,context_too_wide,,focus,MELL,10222,45,1.049,3,0,1,4,0,0,2048,0.000,0.000
lltp,ILL/petri-nets/MCC,,,DLCround_dlcro_06_a_1_1.p,classical,auto,1,false,,5,0,3,,unknown,context_too_wide,,focus,MELL,10222,45,1.036,3,0,1,4,0,0,2048,0.000,0.000
lltp,ILL/petri-nets/MCC,,,DLCround_dlcro_05_b_5_1.p,classical,auto,1,false,,5,0,3,,unknown,recursion_limit,,focus,MELL,15308,13,1.927,0,0,0,0,0,0,2048,0.000,0.002
lltp,ILL/petri-nets/MCC,,,DLCround_dlcro_05_b_50_1.p,classical,auto,1,false,,5,0,3,,unknown,recursion_limit,,focus,MELL,15304,13,2.000,0,0,0,0,0,0,2048,0.000,0.009
lltp,ILL/petri-nets/MCC,,,DLCround_dlcro_05_b_20_1.p,classical,auto,1,false,,5,0,3,,unknown,recursion_limit,,focus,MELL,15304,13,1.904,0,0,0,0,0,0,2048,0.000,0.002
lltp,ILL/petri-nets/MCC,,,DLCround_dlcro_05_b_1_1.p,classical,auto,1,false,,5,0,3,,unknown,recursion_limit,,focus,MELL,15302,13,1.984,0,0,0,0,0,0,2048,0.000,0.001
lltp,ILL/petri-nets/MCC,,,DLCround_dlcro_05_b_10_1.p,classical,auto,1,false,,5,0,3,,unknown,recursion_limit,,focus,MELL,15314,13,1.956,0,0,0,0,0,0,2048,0.000,0.002
lltp,ILL/petri-nets/MCC,,,DLCround_dlcro_05_a_5_1.p,classical,auto,1,false,,5,0,3,,unknown,context_too_wide,,focus,MELL,8146,41,0.622,3,0,1,14,0,0,2048,0.000,0.002
lltp,ILL/petri-nets/MCC,,,DLCround_dlcro_05_a_20_1.p,classical,auto,1,false,,5,0,3,,unknown,context_too_wide,,focus,MELL,8146,41,11.694,45,0,42,7392,0,0,2048,10.000,0.014
lltp,ILL/petri-nets/MCC,,,DLCround_dlcro_05_a_1_1.p,classical,auto,1,false,,5,0,3,,unknown,context_too_wide,,focus,MELL,8146,41,0.627,3,0,1,14,0,0,2048,0.000,0.007
lltp,ILL/petri-nets/MCC,,,DLCround_dlcro_04_b_5_1.p,classical,auto,1,false,,5,0,3,,unknown,recursion_limit,,focus,MELL,12320,12,1.717,0,0,0,0,0,0,2048,0.000,0.002
lltp,ILL/petri-nets/MCC,,,DLCround_dlcro_04_b_50_1.p,classical,auto,1,false,,5,0,3,,unknown,recursion_limit,,focus,MELL,12414,12,1.656,0,0,0,0,0,0,2048,0.000,0.000
lltp,ILL/petri-nets/MCC,,,DLCround_dlcro_04_b_20_1.p,classical,auto,1,false,,5,0,3,,unknown,recursion_limit,,focus,MELL,12354,12,1.630,0,0,0,0,0,0,2048,0.000,0.000
lltp,ILL/petri-nets/MCC,,,DLCround_dlcro_04_b_1_1.p,classical,auto,1,false,,5,0,3,,unknown,recursion_limit,,focus,MELL,12316,12,1.676,0,0,0,0,0,0,2048,0.000,0.006
lltp,ILL/petri-nets/MCC,,,DLCround_dlcro_04_b_10_1.p,classical,auto,1,false,,5,0,3,,unknown,recursion_limit,,focus,MELL,12326,12,1.607,0,0,0,0,0,0,2048,0.000,0.002
lltp,ILL/petri-nets/MCC,,,DLCround_dlcro_04_b_100_1.p,classical,auto,1,false,,5,0,3,,unknown,recursion_limit,,focus,MELL,12436,12,1.684,0,0,0,0,0,0,2048,0.000,0.000
lltp,ILL/petri-nets/MCC,,,DLCround_dlcro_04_a_5_1.p,classical,auto,1,false,,5,0,3,,unknown,timeout,,focus,MELL,6286,37,5178.891,3,0,1,10551296,0,0,2048,5170.000,4.531
lltp,ILL/petri-nets/MCC,,,DLCround_dlcro_04_a_20_1.p,classical,auto,1,false,,5,0,3,,unknown,context_too_wide,,focus,MELL,6286,37,6.837,41,0,38,5677,0,0,2048,0.000,0.004
lltp,ILL/petri-nets/MCC,,,DLCround_dlcro_04_a_1_1.p,classical,auto,1,false,,5,0,3,,unknown,timeout,,focus,MELL,6286,37,5048.274,3,0,1,13733888,0,0,2048,5030.000,3.270
lltp,ILL/petri-nets/MCC,,,DLCround_dlcro_03_b_5_1.p,classical,auto,1,false,,5,0,3,,unknown,timeout,,focus,MELL,9626,11,5066.422,2097114,1824188,272260,3979543,0,0,2048,5050.000,3.059
lltp,ILL/petri-nets/MCC,,,DLCround_dlcro_03_b_50_1.p,classical,auto,1,false,,5,0,3,,unknown,timeout,,focus,MELL,9632,11,5067.704,2073077,1802601,269825,3964602,0,0,2048,5050.000,3.417
lltp,ILL/petri-nets/MCC,,,DLCround_dlcro_03_b_20_1.p,classical,auto,1,false,,5,0,3,,unknown,timeout,,focus,MELL,9632,11,5068.722,2079284,1808302,270329,3976021,0,0,2048,5050.000,3.335
lltp,ILL/petri-nets/MCC,,,DLCround_dlcro_03_b_1_1.p,classical,auto,1,false,,5,0,3,,proved,,ok,focus,MELL,9622,11,26.653,6289,3998,2288,11935,0,0,2048,30.000,0.039
lltp,ILL/petri-nets/MCC,,,DLCround_dlcro_03_b_10_1.p,classical,auto,1,false,,5,0,3,,unknown,timeout,,focus,MELL,9632,11,5081.964,2102860,1829472,272728,4017946,0,0,2048,5060.000,3.586
lltp,ILL/petri-nets/MCC,,,DLCround_dlcro_03_a_5_1.p,classical,auto,1,false,,5,0,3,,unknown,timeout,,focus,MELL,4642,33,5126.076,3,0,1,18186240,0,0,2048,5110.000,3.298
lltp,ILL/petri-nets/MCC,,,DLCround_dlcro_03_a_50_1.p,classical,auto,1,false,,5,0,3,,unknown,timeout,,focus,MELL,4642,33,5113.990,2519513,1,1048576,2523646,0,0,2048,5090.000,4.495
lltp,ILL/petri-nets/MCC,,,DLCround_dlcro_03_a_20_1.p,classical,auto,1,false,,5,0,3,,unknown,timeout,,focus,MELL,4642,33,5087.848,37,0,34,16789504,0,0,2048,5070.000,3.497
lltp,ILL/petri-nets/MCC,,,DLCround_dlcro_03_a_1_1.p,classical,auto,1,false,,5,0,3,,unknown,timeout,,focus,MELL,4642,33,5106.749,3,0,1,18186240,0,0,2048,5090.000,3.662
lltp,ILL/petri-nets/MCC,,,DES_des_60_b_5_1.p,classical,auto,1,false,,5,0,3,,unknown,timeout,,focus,MELL,3258,60,5005.989,1686784,1643431,39193,17492629,0,0,2048,4990.000,3.457
lltp,ILL/petri-nets/MCC,,,DES_des_60_b_50_1.p,classical,auto,1,false,,5,0,3,,unknown,timeout,,focus,MELL,3290,61,5007.359,1510138,1464322,42628,17587218,0,0,2048,4990.000,2.942
lltp,ILL/petri-nets/MCC,,,DES_des_60_b_20_1.p,classical,auto,1,false,,5,0,3,,unknown,timeout,,focus,MELL,3284,60,5005.227,1128305,1091185,34828,17956979,0,0,2048,4990.000,2.434
lltp,ILL/petri-nets/MCC,,,DES_des_60_b_1_1.p,classical,auto,1,false,,5,0,3,,proved,,ok,focus,MELL,3250,60,1.862,265,102,160,4179,0,0,2048,0.000,0.002
lltp,ILL/petri-nets/MCC,,,DES_des_60_b_10_1.p,classical,auto,1,false,,5,0,3,,unknown,timeout,,focus,MELL,3264,60,5004.961,2182763,2143747,34993,18330203,0,0,2048,4990.000,2.436
lltp,ILL/petri-nets/MCC,,,DES_des_60_b_100_1.p,classical,auto,1,false,,5,0,3,,unknown,timeout,,focus,MELL,3334,60,5002.604,106195,98093,7817,22109605,0,0,2048,4990.000,2.320
lltp,ILL/petri-nets/MCC,,,DES_des_60_a_5_1.p,classical,auto,1,false,,5,0,3,,unknown,timeout,,focus,MELL,3082,65,5030.595,3,0,1,30040064,0,0,2048,5010.000,2.320
lltp,ILL/petri-nets/MCC,,,DES_des_60_a_50_1.p,classical,auto,1,false,,5,0,3,,unknown,timeout,,focus,MELL,3082,65,5001.093,44085361,44077092,8265,45118533,0,0,2048,4980.000,3.508
lltp,ILL/petri-nets/MCC,,,DES_des_60_a_20_1.p,classical,auto,1,false,,5,0,3,,unknown,timeout,,focus,MELL,3082,65,5071.059,3,0,1,30285824,0,0,2048,5050.000,2.271
lltp,ILL/petri-nets/MCC,,,DES_des_60_a_1_1.p,classical,auto,1,false,,5,0,3,,unknown,timeout,,focus,MELL,3082,65,5007.746,3,0,1,30040064,0,0,2048,4990.000,2.393
lltp,ILL/petri-nets/MCC,,,DES_des_60_a_10_1.p,classical,auto,1,false,,5,0,3,,unknown,timeout,,focus,MELL,3082,65,5066.578,3,0,1,29900800,0,0,2048,5050.000,2.441
lltp,ILL/petri-nets/MCC,,,DES_des_60_a_100_1.p,classical,auto,1,false,,5,0,3,,unknown,timeout,,focus,MELL,3082,65,5000.815,44152928,44144659,8265,45187283,0,0,2048,4980.000,2.485
lltp,ILL/petri-nets/MCC,,,DES_des_50_b_5_1.p,classical,auto,1,false,,5,0,3,,unknown,timeout,,focus,MELL,2938,50,5006.021,2119762,2068902,46040,19459783,0,0,2048,4990.000,2.439
lltp,ILL/petri-nets/MCC,,,DES_des_50_b_50_1.p,classical,auto,1,false,,5,0,3,,unknown,timeout,,focus,MELL,2970,51,5006.938,1889468,1836825,48736,19379936,0,0,2048,4990.000,2.485
lltp,ILL/petri-nets/MCC,,,DES_des_50_b_20_1.p,classical,auto,1,false,,5,0,3,,unknown,timeout,,focus,MELL,2968,51,5005.493,1404990,1360762,41448,20164462,0,0,2048,4990.000,2.525
lltp,ILL/petri-nets/MCC,,,DES_des_50_b_1_1.p,classical,auto,1,false,,5,0,3,,proved,,ok,focus,MELL,2930,50,1.503,265,102,160,3699,0,0,2048,0.000,0.002
lltp,ILL/petri-nets/MCC,,,DES_des_50_b_10_1.p,classical,auto,1,false,,5,0,3,,unknown,timeout,,focus,MELL,2948,51,5005.617,1395579,1352884,39920,20077434,0,0,2048,4990.000,2.518
lltp,ILL/petri-nets/MCC,,,DES_des_50_b_100_1.p,classical,auto,1,false,,5,0,3,,unknown,timeout,,focus,MELL,3014,50,5001.509,123296,114688,8291,24398169,0,0,2048,4990.000,2.388
lltp,ILL/petri-nets/MCC,,,DES_des_50_a_5_1.p,classical,auto,1,false,,5,0,3,,unknown,timeout,,focus,MELL,2704,55,5030.762,3,0,1,30396416,0,0,2048,5020.000,2.571
lltp,ILL/petri-nets/MCC,,,DES_des_50_a_50_1.p,classical,auto,1,false,,5,0,3,,unknown,timeout,,focus,MELL,2702,55,5035.234,3,0,1,29347840,0,0,2048,5020.000,2.460
lltp,ILL/petri-nets/MCC,,,DES_des_50_a_20_1.p,classical,auto,1,false,,5,0,3,,unknown,timeout,,focus,MELL,2706,55,5016.230,3,0,1,30396416,0,0,2048,5000.000,2.509
lltp,ILL/petri-nets/MCC,,,DES_des_50_a_1_1.p,classical,auto,1,false,,5,0,3,,unknown,timeout,,focus,MELL,2702,55,5021.771,3,0,1,34054144,0,0,2048,5000.000,2.512
lltp,ILL/petri-nets/MCC,,,DES_des_50_a_10_1.p,classical,auto,1,false,,5,0,3,,unknown,timeout,,focus,MELL,2706,55,5022.665,3,0,1,30396416,0,0,2048,5010.000,3.468
lltp,ILL/petri-nets/MCC,,,DES_des_50_a_100_1.p,classical,auto,1,false,,5,0,3,,unknown,timeout,,focus,MELL,2702,55,5033.770,3,0,1,29609984,0,0,2048,5020.000,3.198
lltp,ILL/petri-nets/MCC,,,DES_des_40_b_5_1.p,classical,auto,1,false,,5,0,3,,unknown,timeout,,focus,MELL,2618,40,5007.132,2705988,2646727,53579,21561237,0,0,2048,4990.000,2.447
lltp,ILL/petri-nets/MCC,,,DES_des_40_b_50_1.p,classical,auto,1,false,,5,0,3,,unknown,timeout,,focus,MELL,2648,41,5006.717,2217259,2165105,47350,21320468,0,0,2048,4990.000,2.471
lltp,ILL/petri-nets/MCC,,,DES_des_40_b_20_1.p,classical,auto,1,false,,5,0,3,,unknown,timeout,,focus,MELL,2644,40,5003.213,639496,614442,23693,24414607,0,0,2048,4990.000,2.349
lltp,ILL/petri-nets/MCC,,,DES_des_40_b_1_1.p,classical,auto,1,false,,5,0,3,,proved,,ok,focus,MELL,2610,40,1.279,265,102,160,3219,0,0,2048,0.000,0.002
lltp,ILL/petri-nets/MCC,,,DES_des_40_b_10_1.p,classical,auto,1,false,,5,0,3,,unknown,timeout,,focus,MELL,2624,40,5007.184,3188061,3128297,54171,22496720,0,0,2048,4990.000,2.519
lltp,ILL/petri-nets/MCC,,,DES_des_40_b_100_1.p,classical,auto,1,false,,5,0,3,,unknown,timeout,,focus,MELL,2694,40,5003.487,84675,77492,6940,27355442,0,0,2048,4990.000,2.718
lltp,ILL/petri-nets/MCC,,,DES_des_40_a_5_1.p,classical,auto,1,false,,5,0,3,,unknown,timeout,,focus,MELL,2324,45,5013.894,3,0,1,34590720,0,0,2048,5000.000,2.365
lltp,ILL/petri-nets/MCC,,,DES_des_40_a_50_1.p,classical,auto,1,false,,5,0,3,,unknown,timeout,,focus,MELL,2322,45,5036.790,3,0,1,33280000,0,0,2048,5020.000,2.497
lltp,ILL/petri-nets/MCC,,,DES_des_40_a_20_1.p,classical,auto,1,false,,5,0,3,,unknown,timeout,,focus,MELL,2326,45,5036.686,3,0,1,34590720,0,0,2048,5030.000,2.587
lltp,ILL/petri-nets/MCC,,,DES_des_40_a_1_1.p,classical,auto,1,false,,5,0,3,,unknown,timeout,,focus,MELL,2322,45,5049.439,3,0,1,38420480,0,0,2048,5030.000,2.774
lltp,ILL/petri-nets/MCC,,,DES_des_40_a_10_1.p,classical,auto,1,false,,5,0,3,,unknown,timeout,,focus,MELL,2326,45,5003.088,3,0,1,34852864,0,0,2048,4990.000,2.955
lltp,ILL/petri-nets/MCC,,,DES_des_40_a_100_1.p,classical,auto,1,false,,5,0,3,,unknown,timeout,,focus,MELL,2322,45,5029.767,3,0,1,34328576,0,0,2048,5020.000,2.322
lltp,ILL/petri-nets/MCC,,,DES_des_30_b_5_1.p,classical,auto,1,false,,5,0,3,,unknown,timeout,,focus,MELL,2298,30,5008.810,3644120,3575304,61832,24525968,0,0,2048,5000.000,2.454
lltp,ILL/petri-nets/MCC,,,DES_des_30_b_50_1.p,classical,auto,1,false,,5,0,3,,unknown,copy_bound,,focus,MELL,2328,31,4614.550,2819904,2765302,48886,22618775,0,0,2048,4600.000,2.234
lltp,ILL/petri-nets/MCC,,,DES_des_30_b_20_1.p,classical,auto,1,false,,5,0,3,,unknown,timeout,,focus,MELL,2324,30,5003.643,476772,456324,19382,29285172,0,0,2048,4990.000,2.194
lltp,ILL/petri-nets/MCC,,,DES_des_30_b_1_1.p,classical,auto,1,false,,5,0,3,,proved,,ok,focus,MELL,2290,30,0.975,265,102,160,2739,0,0,2048,0.000,0.002
lltp,ILL/petri-nets/MCC,,,DES_des_30_b_10_1.p,classical,auto,1,false,,5,0,3,,unknown,timeout,,focus,MELL,2304,30,5009.398,4131123,4060478,63738,25579886,0,0,2048,4990.000,2.542
lltp,ILL/petri-nets/MCC,,,DES_des_30_b_100_1.p,classical,auto,1,false,,5,0,3,,unknown,timeout,,focus,MELL,2374,30,5024.747,70999,64527,6253,31995374,0,0,2048,5010.000,2.927
lltp,ILL/petri-nets/MCC,,,DES_des_30_a_5_1.p,classical,auto,1,false,,5,0,3,,unknown,timeout,,focus,MELL,1944,35,5050.678,3,0,1,42004480,0,0,2048,5040.000,2.634
lltp,ILL/petri-nets/MCC,,,DES_des_30_a_50_1.p,classical,auto,1,false,,5,0,3,,unknown,timeout,,focus,MELL,1942,35,5043.137,3,0,1,44118016,0,0,2048,5030.000,2.213
lltp,ILL/petri-nets/MCC,,,DES_des_30_a_20_1.p,classical,auto,1,false,,5,0,3,,unknown,timeout,,focus,MELL,1946,35,5042.936,3,0,1,43577344,0,0,2048,5030.000,2.072
lltp,ILL/petri-nets/MCC,,,DES_des_30_a_1_1.p,classical,auto,1,false,,5,0,3,,unknown,timeout,,focus,MELL,1942,35,5021.122,3,0,1,46960640,0,0,2048,5000.000,2.184
lltp,ILL/petri-nets/MCC,,,DES_des_30_a_10_1.p,classical,auto,1,false,,5,0,3,,unknown,timeout,,focus,MELL,1946,35,5031.784,3,0,1,43577344,0,0,2048,5020.000,3.306
lltp,ILL/petri-nets/MCC,,,DES_des_30_a_100_1.p,classical,auto,1,false,,5,0,3,,unknown,timeout,,focus,MELL,1942,35,5053.747,3,0,1,44118016,0,0,2048,5040.000,3.017
lltp,ILL/petri-nets/MCC,,,DES_des_20_b_5_1.p,classical,auto,1,false,,5,0,3,,unknown,timeout,,focus,MELL,1986,21,5008.915,5490079,5417773,63879,28724312,0,0,2048,4990.000,2.623
lltp,ILL/petri-nets/MCC,,,DES_des_20_b_50_1.p,classical,auto,1,false,,5,0,3,,unknown,copy_bound,,focus,MELL,2062,20,3727.983,3557318,3495017,56006,20358386,0,0,2048,3710.000,1.880
lltp,ILL/petri-nets/MCC,,,DES_des_20_b_20_1.p,classical,auto,1,false,,5,0,3,,unknown,timeout,,focus,MELL,2012,20,5002.442,297218,281882,14664,34377728,0,0,2048,4980.000,2.359
lltp,ILL/petri-nets/MCC,,,DES_des_20_b_1_1.p,classical,auto,1,false,,5,0,3,,proved,,ok,focus,MELL,1978,20,0.818,265,102,160,2271,0,0,2048,0.000,0.002
lltp,ILL/petri-nets/MCC,,,DES_des_20_b_10_1.p,classical,auto,1,false,,5,0,3,,unknown,timeout,,focus,MELL,1992,20,5009.992,5498116,5419464,70038,28708556,0,0,2048,4990.000,2.572
lltp,ILL/petri-nets/MCC,,,DES_des_20_b_100_1.p,classical,auto,1,false,,5,0,3,,unknown,timeout,,focus,MELL,2062,20,5013.771,57772,52292,5287,36146005,0,0,2048,5000.000,2.381
lltp,ILL/petri-nets/MCC,,,DES_des_20_a_5_1.p,classical,auto,1,false,,5,0,3,,unknown,timeout,,focus,MELL,1576,25,5008.847,3,0,1,51961856,0,0,2048,5000.000,2.448
lltp,ILL/petri-nets/MCC,,,DES_des_20_a_50_1.p,classical,auto,1,false,,5,0,3,,unknown,timeout,,focus,MELL,1578,25,5019.482,3,0,1,50319360,0,0,2048,5010.000,3.002
lltp,ILL/petri-nets/MCC,,,DES_des_20_a_20_1.p,classical,auto,1,false,,5,0,3,,unknown,timeout,,focus,MELL,1578,25,5031.687,3,0,1,52482048,0,0,2048,5020.000,1.997
lltp,ILL/petri-nets/MCC,,,DES_des_20_a_1_1.p,classical,auto,1,false,,5,0,3,,unknown,timeout,,focus,MELL,1574,25,5031.127,3,0,1,52482048,0,0,2048,5020.000,2.051
lltp,ILL/petri-nets/MCC,,,DES_des_20_a_10_1.p,classical,auto,1,false,,5,0,3,,unknown,timeout,,focus,MELL,1576,25,5028.822,3,0,1,52482048,0,0,2048,5020.000,2.061
lltp,ILL/petri-nets/MCC,,,DES_des_20_a_100_1.p,classical,auto,1,false,,5,0,3,,unknown,timeout,,focus,MELL,1578,25,5006.349,3,0,1,51961856,0,0,2048,4990.000,2.003
lltp,ILL/petri-nets/MCC,,,DES_des_10_b_5_1.p,classical,auto,1,false,,5,0,3,,unknown,timeout,,focus,MELL,1666,11,5009.608,11908974,11827864,72079,35794552,0,0,2048,4990.000,2.501
lltp,ILL/petri-nets/MCC,,,DES_des_10_b_50_1.p,classical,auto,1,false,,5,0,3,,unknown,copy_bound,,focus,MELL,1742,10,2667.673,3557318,3495017,56006,15927506,0,0,2048,2660.000,1.297
lltp,ILL/petri-nets/MCC,,,DES_des_10_b_20_1.p,classical,auto,1,false,,5,0,3,,unknown,timeout,,focus,MELL,1692,10,5004.341,1152458,1113949,36188,36771756,0,0,2048,4980.000,2.339
lltp,ILL/petri-nets/MCC,,,DES_des_10_b_1_1.p,classical,auto,1,false,,5,0,3,,proved,,ok,focus,MELL,1658,10,0.643,265,102,160,1791,0,0,2048,0.000,0.000
lltp,ILL/petri-nets/MCC,,,DES_des_10_b_10_1.p,classical,auto,1,false,,5,0,3,,unknown,timeout,,focus,MELL,1672,10,5009.907,10739718,10658117,72386,36608740,0,0,2048,4990.000,2.483
lltp,ILL/petri-nets/MCC,,,DES_des_10_b_100_1.p,classical,auto,1,false,,5,0,3,,unknown,copy_bound,,focus,MELL,1742,10,2835.172,3424688,3370086,48886,17351756,0,0,2048,2820.000,1.360
lltp,ILL/petri-nets/MCC,,,DES_des_10_a_5_1.p,classical,auto,1,false,,5,0,3,,unknown,timeout,,focus,MELL,1194,15,5038.629,3,0,1,66039808,0,0,2048,5030.000,2.539
lltp,ILL/petri-nets/MCC,,,DES_des_10_a_50_1.p,classical,auto,1,false,,5,0,3,,unknown,timeout,,focus,MELL,1196,15,5019.858,3,0,1,67407872,0,0,2048,5000.000,2.158
lltp,ILL/petri-nets/MCC,,,DES_des_10_a_20_1.p,classical,auto,1,false,,5,0,3,,unknown,timeout,,focus,MELL,1196,15,5034.698,3,0,1,66150400,0,0,2048,5020.000,2.995
lltp,ILL/petri-nets/MCC,,,DES_des_10_a_1_1.p,classical,auto,1,false,,5,0,3,,unknown,timeout,,focus,MELL,1194,15,5020.450,3,0,1,65228800,0,0,2048,5010.000,2.838
lltp,ILL/petri-nets/MCC,,,DES_des_10_a_10_1.p,classical,auto,1,false,,5,0,3,,unknown,timeout,,focus,MELL,1194,15,5042.520,3,0,1,67805184,0,0,2048,5030.000,2.940
lltp,ILL/petri-nets/MCC,,,DES_des_05_b_5_1.p,classical,auto,1,false,,5,0,3,,unknown,timeout,,focus,MELL,1506,6,5010.411,15586796,15500926,76461,39842500,0,0,2048,5000.000,2.482
lltp,ILL/petri-nets/MCC,,,DES_des_05_b_50_1.p,classical,auto,1,false,,5,0,3,,unknown,timeout,,focus,MELL,1570,6,5002.746,694367,669016,23954,40816752,0,0,2048,4990.000,2.198
lltp,ILL/petri-nets/MCC,,,DES_des_05_b_20_1.p,classical,auto,1,false,,5,0,3,,unknown,timeout,,focus,MELL,1532,6,5004.859,1270183,1228985,38658,39094463,0,0,2048,4990.000,2.291
lltp,ILL/petri-nets/MCC,,,DES_des_05_b_1_1.p,classical,auto,1,false,,5,0,3,,proved,,ok,focus,MELL,1498,6,0.563,265,102,160,1551,0,0,2048,0.000,0.000
lltp,ILL/petri-nets/MCC,,,DES_des_05_b_10_1.p,classical,auto,1,false,,5,0,3,,unknown,timeout,,focus,MELL,1512,6,5010.023,14019690,13936815,73600,41420526,0,0,2048,4990.000,2.455
lltp,ILL/petri-nets/MCC,,,DES_des_05_b_100_1.p,classical,auto,1,false,,5,0,3,,unknown,copy_bound,,focus,MELL,1582,6,2325.179,3424688,3370086,48886,15343996,0,0,2048,2310.000,1.200
lltp,ILL/petri-nets/MCC,,,DES_des_05_a_5_1.p,classical,auto,1,false,,5,0,3,,unknown,timeout,,focus,MELL,1006,10,5001.972,114,57,54,70574080,0,0,2048,4990.000,2.282
lltp,ILL/petri-nets/MCC,,,DES_des_05_a_50_1.p,classical,auto,1,false,,5,0,3,,unknown,timeout,,focus,MELL,1006,10,5208.367,3,0,1,76652544,0,0,2048,5190.000,2.300
lltp,ILL/petri-nets/MCC,,,DES_des_05_a_20_1.p,classical,auto,1,false,,5,0,3,,unknown,timeout,,focus,MELL,1006,10,5036.845,3,0,1,75952128,0,0,2048,5020.000,2.253
lltp,ILL/petri-nets/MCC,,,DES_des_05_a_1_1.p,classical,auto,1,false,,5,0,3,,unknown,timeout,,focus,MELL,1004,10,5015.731,3,0,1,75436032,0,0,2048,5000.000,3.288
lltp,ILL/petri-nets/MCC,,,DES_des_05_a_10_1.p,classical,auto,1,false,,5,0,3,,unknown,timeout,,focus,MELL,1008,10,5016.295,203,122,78,70995968,0,0,2048,5000.000,3.241
lltp,ILL/petri-nets/MCC,,,DES_des_02_b_5_1.p,classical,auto,1,false,,5,0,3,,unknown,timeout,,focus,MELL,1410,6,5009.146,17715480,17634093,72204,42342740,0,0,2048,4990.000,3.530
lltp,ILL/petri-nets/MCC,,,DES_des_02_b_50_1.p,classical,auto,1,false,,5,0,3,,unknown,timeout,,focus,MELL,1474,6,5005.156,693454,666891,24897,42688685,0,0,2048,4990.000,3.472
lltp,ILL/petri-nets/MCC,,,DES_des_02_b_20_1.p,classical,auto,1,false,,5,0,3,,unknown,timeout,,focus,MELL,1440,6,5006.915,2792270,2725103,61496,38179433,0,0,2048,4980.000,2.399
lltp,ILL/petri-nets/MCC,,,DES_des_02_b_1_1.p,classical,auto,1,false,,5,0,3,,proved,,ok,focus,MELL,1402,6,0.537,265,102,160,1407,0,0,2048,0.000,0.000
lltp,ILL/petri-nets/MCC,,,DES_des_02_b_10_1.p,classical,auto,1,false,,5,0,3,,unknown,timeout,,focus,MELL,1420,6,5006.878,2958264,2893098,59213,38035058,0,0,2048,4980.000,2.403
lltp,ILL/petri-nets/MCC,,,DES_des_02_b_100_1.p,classical,auto,1,false,,5,0,3,,unknown,copy_bound,,focus,MELL,1486,6,1719.216,2408370,2364292,39178,11534632,0,0,2048,1710.000,0.909
lltp,ILL/petri-nets/MCC,,,DES_des_02_a_5_1.p,classical,auto,1,false,,5,0,3,,unknown,timeout,,focus,MELL,890,7,5020.027,3,0,1,79077376,0,0,2048,5000.000,2.294
lltp,ILL/petri-nets/MCC,,,DES_des_02_a_50_1.p,classical,auto,1,false,,5,0,3,,unknown,timeout,,focus,MELL,888,7,5017.557,3,0,1,76435456,0,0,2048,5000.000,2.134
lltp,ILL/petri-nets/MCC,,,DES_des_02_a_20_1.p,classical,auto,1,false,,5,0,3,,unknown,timeout,,focus,MELL,892,7,5025.549,3,0,1,76869632,0,0,2048,5000.000,2.196
lltp,ILL/petri-nets/MCC,,,DES_des_02_a_1_1.p,classical,auto,1,false,,5,0,3,,unknown,timeout,,focus,MELL,890,7,5034.127,3,0,1,79585280,0,0,2048,5010.000,2.375
lltp,ILL/petri-nets/MCC,,,DES_des_02_a_10_1.p,classical,auto,1,false,,5,0,3,,unknown,timeout,,focus,MELL,892,7,5037.282,3,0,1,78721024,0,0,2048,5020.000,2.359
lltp,ILL/petri-nets/MCC,,,DES_des_01_b_5_1.p,classical,auto,1,false,,5,0,3,,unknown,copy_bound,,focus,MELL,1378,6,2096.537,2699257,2640975,52280,13974007,0,0,2048,2080.000,1.670
lltp,ILL/petri-nets/MCC,,,DES_des_01_b_50_1.p,classical,auto,1,false,,5,0,3,,unknown,timeout,,focus,MELL,1442,6,5005.477,78902,71167,7468,46167736,0,0,2048,4990.000,4.275
lltp,ILL/petri-nets/MCC,,,DES_des_01_b_20_1.p,classical,auto,1,false,,5,0,3,,unknown,timeout,,focus,MELL,1404,6,5004.298,634584,607600,25297,43364149,0,0,2048,4990.000,3.846
lltp,ILL/petri-nets/MCC,,,DES_des_01_b_1_1.p,classical,auto,1,false,,5,0,3,,proved,,ok,focus,MELL,1370,6,0.505,265,102,160,1369,0,0,2048,0.000,0.000
lltp,ILL/petri-nets/MCC,,,DES_des_01_b_10_1.p,classical,auto,1,false,,5,0,3,,unknown,timeout,,focus,MELL,1384,6,5008.762,17847944,17780994,59063,49041070,0,0,2048,4990.000,3.831
lltp,ILL/petri-nets/MCC,,,DES_des_01_b_100_1.p,classical,auto,1,false,,5,0,3,,unknown,copy_bound,,focus,MELL,1454,6,2135.270,2115732,2074832,36258,15243581,0,0,2048,2120.000,1.090
lltp,ILL/petri-nets/MCC,,,DES_des_01_a_5_1.p,classical,auto,1,false,,5,0,3,,unknown,timeout,,focus,MELL,850,6,5018.815,3,0,1,81465344,0,0,2048,5000.000,2.211
lltp,ILL/petri-nets/MCC,,,DES_des_01_a_50_1.p,classical,auto,1,false,,5,0,3,,unknown,timeout,,focus,MELL,844,6,5016.989,3,0,1,81915904,0,0,2048,5000.000,2.580
lltp,ILL/petri-nets/MCC,,,DES_des_01_a_20_1.p,classical,auto,1,false,,5,0,,,unknown,killed,,,,,,10500.461,,,,,,,,,
lltp,ILL/petri-nets/MCC,,,DES_des_01_a_1_1.p,classical,auto,1,false,,5,0,3,,unknown,timeout,,focus,MELL,852,6,5018.172,3,0,1,77684736,0,0,2048,5000.000,2.302
lltp,ILL/petri-nets/MCC,,,DES_des_01_a_10_1.p,classical,auto,1,false,,5,0,3,,unknown,timeout,,focus,MELL,850,6,5019.473,3,0,1,79650816,0,0,2048,5000.000,2.235
lltp,ILL/petri-nets/MCC,,,DES_des_00_b_5_1.p,classical,auto,1,false,,5,0,3,,unknown,copy_bound,,focus,MELL,1326,6,1697.714,2704019,2645568,52445,11055456,0,0,2048,1690.000,1.273
lltp,ILL/petri-nets/MCC,,,DES_des_00_b_50_1.p,classical,auto,1,false,,5,0,3,,unknown,timeout,,focus,MELL,1386,6,5003.156,713075,685544,25706,44139926,0,0,2048,4980.000,2.631
lltp,ILL/petri-nets/MCC,,,DES_des_00_b_20_1.p,classical,auto,1,false,,5,0,3,,unknown,copy_bound,,focus,MELL,1352,6,2939.885,2889259,2826965,55999,21237412,0,0,2048,2920.000,2.667
lltp,ILL/petri-nets/MCC,,,DES_des_00_b_1_1.p,classical,auto,1,false,,5,0,3,,proved,,ok,focus,MELL,1320,6,0.480,265,102,160,1309,0,0,2048,0.000,0.000
lltp,ILL/petri-nets/MCC,,,DES_des_00_b_10_1.p,classical,auto,1,false,,5,0,3,,unknown,copy_bound,,focus,MELL,1332,6,2764.817,2699133,2640858,52273,19972570,0,0,2048,2750.000,2.745
lltp,ILL/petri-nets/MCC,,,DES_des_00_b_100_1.p,classical,auto,1,false,,5,0,3,,unknown,copy_bound,,focus,MELL,1396,6,2678.388,1811903,1776891,30865,20880956,0,0,2048,2660.000,1.939
lltp,ILL/petri-nets/MCC,,,DES_des_00_a_5_1.p,classical,auto,1,false,,5,0,3,,unknown,timeout,,focus,MELL,830,7,5120.864,3,0,1,83865600,0,0,2048,5100.000,2.201
lltp,ILL/petri-nets/MCC,,,DES_des_00_a_50_1.p,classical,auto,1,false,,5,0,,,unknown,killed,,,,,,10500.398,,,,,,,,,
lltp,ILL/petri-nets/MCC,,,DES_des_00_a_20_1.p,classical,auto,1,false,,5,0,,,unknown,killed,,,,,,10501.908,,,,,,,,,
lltp,ILL/petri-nets/MCC,,,DES_des_00_a_1_1.p,classical,auto,1,false,,5,0,3,,unknown,timeout,,focus,MELL,828,6,5175.954,3,0,1,83451904,0,0,2048,5160.000,2.336
lltp,ILL/petri-nets/MCC,,,DES_des_00_a_10_1.p,classical,auto,1,false,,5,0,3,,unknown,timeout,,focus,MELL,830,6,5020.572,3,0,1,83734528,0,0,2048,5000.000,2.671
lltp,ILL/petri-nets/MCC,,,CloudReconfiguration_reconf_4_02_5_1.p,classical,auto,1,false,,5,0,3,,unknown,recursion_limit,,focus,MELL,17782,172,2.701,0,0,0,0,0,0,2048,0.000,0.002
lltp,ILL/petri-nets/MCC,,,CloudReconfiguration_reconf_4_02_50_1.p,classical,auto,1,false,,5,0,3,,unknown,recursion_limit,,focus,MELL,17792,172,2.082,0,0,0,0,0,0,2048,0.000,0.002
lltp,ILL/petri-nets/MCC,,,CloudReconfiguration_reconf_4_02_20_1.p,classical,auto,1,false,,5,0,3,,unknown,recursion_limit,,focus,MELL,17788,172,2.137,0,0,0,0,0,0,2048,0.000,0.008
lltp,ILL/petri-nets/MCC,,,CloudReconfiguration_reconf_4_02_1_1.p,classical,auto,1,false,,5,0,3,,unknown,recursion_limit,,focus,MELL,17782,172,2.906,0,0,0,0,0,0,2048,0.000,0.003
lltp,ILL/petri-nets/MCC,,,CloudReconfiguration_reconf_4_02_10_1.p,classical,auto,1,false,,5,0,3,,unknown,recursion_limit,,focus,MELL,17782,172,2.110,0,0,0,0,0,0,2048,0.000,0.002
lltp,ILL/petri-nets/MCC,,,CloudReconfiguration_reconf_4_02_100_1.p,classical,auto,1,false,,5,0,3,,unknown,recursion_limit,,focus,MELL,17792,172,1.959,0,0,0,0,0,0,2048,0.000,0.002
lltp,ILL/petri-nets/MCC,,,CloudReconfiguration_reconf_4_01_5_1.p,classical,auto,1,false,,5,0,3,,unknown,recursion_limit,,focus,MELL,17782,172,2.707,0,0,0,0,0,0,2048,10.000,0.014
lltp,ILL/petri-nets/MCC,,,CloudReconfiguration_reconf_4_01_50_1.p,classical,auto,1,false,,5,0,3,,unknown,recursion_limit,,focus,MELL,17792,172,1.979,0,0,0,0,0,0,2048,0.000,0.002
lltp,ILL/petri-nets/MCC,,,CloudReconfiguration_reconf_4_01_20_1.p,classical,auto,1,false,,5,0,3,,unknown,recursion_limit,,focus,MELL,17788,172,2.198,0,0,0,0,0,0,2048,0.000,0.023
lltp,ILL/petri-nets/MCC,,,CloudReconfiguration_reconf_4_01_1_1.p,classical,auto,1,false,,5,0,3,,unknown,recursion_limit,,focus,MELL,17782,172,2.110,0,0,0,0,0,0,2048,10.000,0.002
lltp,ILL/petri-nets/MCC,,,CloudReconfiguration_reconf_4_01_10_1.p,classical,auto,1,false,,5,0,3,,unknown,recursion_limit,,focus,MELL,17782,172,2.093,0,0,0,0,0,0,2048,10.000,0.002
lltp,ILL/petri-nets/MCC,,,CloudReconfiguration_reconf_4_01_100_1.p,classical,auto,1,false,,5,0,3,,unknown,recursion_limit,,focus,MELL,17788,172,2.070,0,0,0,0,0,0,2048,10.000,0.011
lltp,ILL/petri-nets/MCC,,,CloudReconfiguration_reconf_3_20_5_1.p,classical,auto,1,false,,5,0,3,,unknown,recursion_limit,,focus,MELL,12962,129,1.777,0,0,0,0,0,0,2048,0.000,0.002
lltp,ILL/petri-nets/MCC,,,CloudReconfiguration_reconf_3_20_50_1.p,classical,auto,1,false,,5,0,3,,unknown,recursion_limit,,focus,MELL,12970,129,1.668,0,0,0,0,0,0,2048,0.000,0.002
lltp,ILL/petri-nets/MCC,,,CloudReconfiguration_reconf_3_20_20_1.p,classical,auto,1,false,,5,0,3,,unknown,recursion_limit,,focus,MELL,12966,129,1.659,0,0,0,0,0,0,2048,0.000,0.002
lltp,ILL/petri-nets/MCC,,,CloudReconfiguration_reconf_3_20_1_1.p,classical,auto,1,false,,5,0,3,,unknown,recursion_limit,,focus,MELL,12962,129,1.701,0,0,0,0,0,0,2048,0.000,0.002
lltp,ILL/petri-nets/MCC,,,CloudReconfiguration_reconf_3_20_10_1.p,classical,auto,1,false,,5,0,3,,unknown,recursion_limit,,focus,MELL,12962,129,1.738,0,0,0,0,0,0,2048,0.000,0.002
lltp,ILL/petri-nets/MCC,,,CloudReconfiguration_reconf_3_20_100_1.p,classical,auto,1,false,,5,0,3,,unknown,recursion_limit,,focus,MELL,12970,129,1.692,0,0,0,0,0,0,2048,0.000,0.002
lltp,ILL/petri-nets/MCC,,,CloudReconfiguration_reconf_3_19_5_1.p,classical,auto,1,false,,5,0,3,,unknown,recursion_limit,,focus,MELL,12962,129,1.677,0,0,0,0,0,0,2048,0.000,0.002
lltp,ILL/petri-nets/MCC,,,CloudReconfiguration_reconf_3_19_50_1.p,classical,auto,1,false,,5,0,3,,unknown,recursion_limit,,focus,MELL,12970,129,1.674,0,0,0,0,0,0,2048,0.000,0.002
lltp,ILL/petri-nets/MCC,,,CloudReconfiguration_reconf_3_19_20_1.p,classical,auto,1,false,,5,0,3,,unknown,recursion_limit,,focus,MELL,12966,129,1.665,0,0,0,0,0,0,2048,0.000,0.002
lltp,ILL/petri-nets/MCC,,,CloudReconfiguration_reconf_3_19_1_1.p,classical,auto,1,false,,5,0,3,,unknown,recursion_limit,,focus,MELL,12962,129,1.621,0,0,0,0,0,0,2048,0.000,0.002
lltp,ILL/petri-nets/MCC,,,CloudReconfiguration_reconf_3_19_10_1.p,classical,auto,1,false,,5,0,3,,unknown,recursion_limit,,focus,MELL,12962,129,1.731,0,0,0,0,0,0,2048,0.000,0.002
lltp,ILL/petri-nets/MCC,,,CloudReconfiguration_reconf_3_19_100_1.p,classical,auto,1,false,,5,0,3,,unknown,recursion_limit,,focus,MELL,12968,129,1.695,0,0,0,0,0,0,2048,0.000,0.006
lltp,ILL/petri-nets/MCC,,,CloudReconfiguration_reconf_3_18_5_1.p,classical,auto,1,false,,5,0,3,,unknown,recursion_limit,,focus,MELL,12962,129,1.621,0,0,0,0,0,0,2048,0.000,0.006
lltp,ILL/petri-nets/MCC,,,CloudReconfiguration_reconf_3_18_50_1.p,classical,auto,1,false,,5,0,3,,unknown,recursion_limit,,focus,MELL,12970,129,1.692,0,0,0,0,0,0,2048,0.000,0.002
lltp,ILL/petri-nets/MCC,,,CloudReconfiguration_reconf_3_18_20_1.p,classical,auto,1,false,,5,0,3,,unknown,recursion_limit,,focus,MELL,12966,129,1.687,0,0,0,0,0,0,2048,0.000,0.002
lltp,ILL/petri-nets/MCC,,,CloudReconfiguration_reconf_3_18_1_1.p,classical,auto,1,false,,5,0,3,,unknown,recursion_limit,,focus,MELL,12962,129,1.627,0,0,0,0,0,0,2048,0.000,0.002
lltp,ILL/petri-nets/MCC,,,CloudReconfiguration_reconf_3_18_10_1.p,classical,auto,1,false,,5,0,3,,unknown,recursion_limit,,focus,MELL,12962,129,1.692,0,0,0,0,0,0,2048,0.000,0.002
lltp,ILL/petri-nets/MCC,,,CloudReconfiguration_reconf_3_18_100_1.p,classical,auto,1,false,,5,0,3,,unknown,recursion_limit,,focus,MELL,12970,129,1.622,0,0,0,0,0,0,2048,0.000,0.002
lltp,ILL/petri-nets/MCC,,,CloudReconfiguration_reconf_3_17_5_1.p,classical,auto,1,false,,5,0,3,,unknown,recursion_limit,,focus,MELL,12962,129,1.744,0,0,0,0,0,0,2048,0.000,0.007
lltp,ILL/petri-nets/MCC,,,CloudReconfiguration_reconf_3_17_50_1.p,classical,auto,1,false,,5,0,3,,unknown,recursion_limit,,focus,MELL,12970,129,1.704,0,0,0,0,0,0,2048,0.000,0.002
lltp,ILL/petri-nets/MCC,,,CloudReconfiguration_reconf_3_17_20_1.p,classical,auto,1,false,,5,0,3,,unknown,recursion_limit,,focus,MELL,12966,129,1.733,0,0,0,0,0,0,2048,0.000,0.002
lltp,ILL/petri-nets/MCC,,,CloudReconfiguration_reconf_3_17_1_1.p,classical,auto,1,false,,5,0,3,,unknown,recursion_limit,,focus,MELL,12962,129,1.634,0,0,0,0,0,0,2048,0.000,0.002
lltp,ILL/petri-nets/MCC,,,CloudReconfiguration_reconf_3_17_10_1.p,classical,auto,1,false,,5,0,3,,unknown,recursion_limit,,focus,MELL,12962,129,1.657,0,0,0,0,0,0,2048,0.000,0.002
lltp,ILL/petri-nets/MCC,,,CloudReconfiguration_reconf_3_17_100_1.p,classical,auto,1,false,,5,0,3,,unknown,recursion_limit,,focus,MELL,12970,129,1.620,0,0,0,0,0,0,2048,0.000,0.002
lltp,ILL/petri-nets/MCC,,,CloudReconfiguration_reconf_3_16_5_1.p,classical,auto,1,false,,5,0,3,,unknown,recursion_limit,,focus,MELL,12930,129,1.713,0,0,0,0,0,0,2048,0.000,0.002
lltp,ILL/petri-nets/MCC,,,CloudReconfiguration_reconf_3_16_50_1.p,classical,auto,1,false,,5,0,3,,unknown,recursion_limit,,focus,MELL,12938,129,1.670,0,0,0,0,0,0,2048,0.000,0.002
lltp,ILL/petri-nets/MCC,,,CloudReconfiguration_reconf_3_16_20_1.p,classical,auto,1,false,,5,0,3,,unknown,recursion_limit,,focus,MELL,12934,129,1.652,0,0,0,0,0,0,2048,0.000,0.002
lltp,ILL/petri-nets/MCC,,,CloudReconfiguration_reconf_3_16_1_1.p,classical,auto,1,false,,5,0,3,,unknown,recursion_limit,,focus,MELL,12930,129,1.643,0,0,0,0,0,0,2048,0.000,0.002
lltp,ILL/petri-nets/MCC,,,CloudReconfiguration_reconf_3_16_10_1.p,classical,auto,1,false,,5,0,3,,unknown,recursion_limit,,focus,MELL,12930,129,1.647,0,0,0,0,0,0,2048,0.000,0.002
lltp,ILL/petri-nets/MCC,,,CloudReconfiguration_reconf_3_16_100_1.p,classical,auto,1,false,,5,0,3,,unknown,recursion_limit,,focus,MELL,12938,129,1.644,0,0,0,0,0,0,2048,0.000,0.002
lltp,ILL/petri-nets/MCC,,,CloudReconfiguration_reconf_3_15_5_1.p,classical,auto,1,false,,5,0,3,,unknown,recursion_limit,,focus,MELL,12930,129,1.659,0,0,0,0,0,0,2048,0.000,0.002
lltp,ILL/petri-nets/MCC,,,CloudReconfiguration_reconf_3_15_50_1.p,classical,auto,1,false,,5,0,3,,unknown,recursion_limit,,focus,MELL,12938,129,1.632,0,0,0,0,0,0,2048,0.000,0.002
lltp,ILL/petri-nets/MCC,,,CloudReconfiguration_reconf_3_15_20_1.p,classical,auto,1,false,,5,0,3,,unknown,recursion_limit,,focus,MELL,12934,129,1.640,0,0,0,0,0,0,2048,0.000,0.002
lltp,ILL/petri-nets/MCC,,,CloudReconfiguration_reconf_3_15_1_1.p,classical,auto,1,false,,5,0,3,,unknown,recursion_limit,,focus,MELL,12930,129,1.629,0,0,0,0,0,0,2048,0.000,0.002
lltp,ILL/petri-nets/MCC,,,CloudReconfiguration_reconf_3_15_10_1.p,classical,auto,1,false,,5,0,3,,unknown,recursion_limit,,focus,MELL,12930,129,1.635,0,0,0,0,0,0,2048,0.000,0.002
lltp,ILL/petri-nets/MCC,,,CloudReconfiguration_reconf_3_15_100_1.p,classical,auto,1,false,,5,0,3,,unknown,recursion_limit,,focus,MELL,12936,129,1.651,0,0,0,0,0,0,2048,0.000,0.002
lltp,ILL/petri-nets/MCC,,,CloudReconfiguration_reconf_3_14_5_1.p,classical,auto,1,false,,5,0,3,,unknown,recursion_limit,,focus,MELL,12930,129,1.629,0,0,0,0,0,0,2048,0.000,0.002
lltp,ILL/petri-nets/MCC,,,CloudReconfiguration_reconf_3_14_50_1.p,classical,auto,1,false,,5,0,3,,unknown,recursion_limit,,focus,MELL,12938,129,1.701,0,0,0,0,0,0,2048,0.000,0.006
lltp,ILL/petri-nets/MCC,,,CloudReconfiguration_reconf_3_14_20_1.p,classical,auto,1,false,,5,0,3,,unknown,recursion_limit,,focus,MELL,12934,129,1.670,0,0,0,0,0,0,2048,0.000,0.007
lltp,ILL/petri-nets/MCC,,,CloudReconfiguration_reconf_3_14_1_1.p,classical,auto,1,false,,5,0,3,,unknown,recursion_limit,,focus,MELL,12930,129,1.627,0,0,0,0,0,0,2048,0.000,0.002
lltp,ILL/petri-nets/MCC,,,CloudReconfiguration_reconf_3_14_10_1.p,classical,auto,1,false,,5,0,3,,unknown,recursion_limit,,focus,MELL,12930,129,1.619,0,0,0,0,0,0,2048,0.000,0.002
lltp,ILL/petri-nets/MCC,,,CloudReconfiguration_reconf_3_14_100_1.p,classical,auto,1,false,,5,0,3,,unknown,recursion_limit,,focus,MELL,12938,129,1.666,0,0,0,0,0,0,2048,0.000,0.002
lltp,ILL/petri-nets/MCC,,,CloudReconfiguration_reconf_3_13_5_1.p,classical,auto,1,false,,5,0,3,,unknown,recursion_limit,,focus,MELL,12930,129,1.621,0,0,0,0,0,0,2048,0.000,0.002
lltp,ILL/petri-nets/MCC,,,CloudReconfiguration_reconf_3_13_50_1.p,classical,auto,1,false,,5,0,3,,unknown,recursion_limit,,focus,MELL,12938,129,1.671,0,0,0,0,0,0,2048,0.000,0.002
lltp,ILL/petri-nets/MCC,,,CloudReconfiguration_reconf_3_13_20_1.p,classical,auto,1,false,,5,0,3,,unknown,recursion_limit,,focus,MELL,12934,129,1.619,0,0,0,0,0,0,2048,0.000,0.002
lltp,ILL/petri-nets/MCC,,,CloudReconfiguration_reconf_3_13_1_1.p,classical,auto,1,false,,5,0,3,,unknown,recursion_limit,,focus,MELL,12930,129,1.650,0,0,0,0,0,0,2048,0.000,0.007
lltp,ILL/petri-nets/MCC,,,CloudReconfiguration_reconf_3_13_10_1.p,classical,auto,1,false,,5,0,3,,unknown,recursion_limit,,focus,MELL,12930,129,1.650,0,0,0,0,0,0,2048,0.000,0.002
lltp,ILL/petri-nets/MCC,,,CloudReconfiguration_reconf_3_13_100_1.p,classical,auto,1,false,,5,0,3,,unknown,recursion_limit,,focus,MELL,12938,129,1.646,0,0,0,0,0,0,2048,0.000,0.002
lltp,ILL/petri-nets/MCC,,,CloudReconfiguration_reconf_3_12_5_1.p,classical,auto,1,false,,5,0,3,,unknown,recursion_limit,,focus,MELL,12930,129,1.632,0,0,0,0,0,0,2048,0.000,0.002
lltp,ILL/petri-nets/MCC,,,CloudReconfiguration_reconf_3_12_50_1.p,classical,auto,1,false,,5,0,3,,unknown,recursion_limit,,focus,MELL,12938,129,1.628,0,0,0,0,0,0,2048,0.000,0.002
lltp,ILL/petri-nets/MCC,,,CloudReconfiguration_reconf_3_12_20_1.p,classical,auto,1,false,,5,0,3,,unknown,recursion_limit,,focus,MELL,12934,129,1.635,0,0,0,0,0,0,2048,0.000,0.002
lltp,ILL/petri-nets/MCC,,,CloudReconfiguration_reconf_3_12_1_1.p,classical,auto,1,false,,5,0,3,,unknown,recursion_limit,,focus,MELL,12930,129,1.620,0,0,0,0,0,0,2048,0.000,0.002
lltp,ILL/petri-nets/MCC,,,CloudReconfiguration_reconf_3_12_10_1.p,classical,auto,1,false,,5,0,3,,unknown,recursion_limit,,focus,MELL,12930,129,1.677,0,0,0,0,0,0,2048,0.000,0.002
lltp,ILL/petri-nets/MCC,,,CloudReconfiguration_reconf_3_12_100_1.p,classical,auto,1,false,,5,0,3,,unknown,recursion_limit,,focus,MELL,12938,129,1.635,0,0,0,0,0,0,2048,0.000,0.005
lltp,ILL/petri-nets/MCC,,,CloudReconfiguration_reconf_3_11_5_1.p,classical,auto,1,false,,5,0,3,,unknown,recursion_limit,,focus,MELL,12930,129,1.651,0,0,0,0,0,0,2048,0.000,0.006
lltp,ILL/petri-nets/MCC,,,CloudReconfiguration_reconf_3_11_50_1.p,classical,auto,1,false,,5,0,3,,unknown,recursion_limit,,focus,MELL,12938,129,1.603,0,0,0,0,0,0,2048,0.000,0.002
lltp,ILL/petri-nets/MCC,,,CloudReconfiguration_reconf_3_11_20_1.p,classical,auto,1,false,,5,0,3,,unknown,recursion_limit,,focus,MELL,12934,129,1.670,0,0,0,0,0,0,2048,0.000,0.002
lltp,ILL/petri-nets/MCC,,,CloudReconfiguration_reconf_3_11_1_1.p,classical,auto,1,false,,5,0,3,,unknown,recursion_limit,,focus,MELL,12930,129,1.620,0,0,0,0,0,0,2048,0.000,0.002
lltp,ILL/petri-nets/MCC,,,CloudReconfiguration_reconf_3_11_10_1.p,classical,auto,1,false,,5,0,3,,unknown,recursion_limit,,focus,MELL,12930,129,1.670,0,0,0,0,0,0,2048,0.000,0.005
lltp,ILL/petri-nets/MCC,,,CloudReconfiguration_reconf_3_11_100_1.p,classical,auto,1,false,,5,0,3,,unknown,recursion_limit,,focus,MELL,12936,129,1.661,0,0,0,0,0,0,2048,0.000,0.002
lltp,ILL/petri-nets/MCC,,,CloudReconfiguration_reconf_3_10_5_1.p,classical,auto,1,false,,5,0,3,,unknown,recursion_limit,,focus,MELL,12930,129,1.595,0,0,0,0,0,0,2048,0.000,0.002
lltp,ILL/petri-nets/MCC,,,CloudReconfiguration_reconf_3_10_50_1.p,classical,auto,1,false,,5,0,3,,unknown,recursion_limit,,focus,MELL,12938,129,1.641,0,0,0,0,0,0,2048,0.000,0.002
lltp,ILL/petri-nets/MCC,,,CloudReconfiguration_reconf_3_10_20_1.p,classical,auto,1,false,,5,0,3,,unknown,recursion_limit,,focus,MELL,12934,129,1.644,0,0,0,0,0,0,2048,0.000,0.002
lltp,ILL/petri-nets/MCC,,,CloudReconfiguration_reconf_3_10_1_1.p,classical,auto,1,false,,5,0,3,,unknown,recursion_limit,,focus,MELL,12930,129,1.615,0,0,0,0,0,0,2048,0.000,0.002
lltp,ILL/petri-nets/MCC,,,CloudReconfiguration_reconf_3_10_10_1.p,classical,auto,1,false,,5,0,3,,unknown,recursion_limit,,focus,MELL,12930,129,1.622,0,0,0,0,0,0,2048,0.000,0.002
lltp,ILL/petri-nets/MCC,,,CloudReconfiguration_reconf_3_10_100_1.p,classical,auto,1,false,,5,0,3,,unknown,recursion_limit,,focus,MELL,12936,129,1.638,0,0,0,0,0,0,2048,0.000,0.002
lltp,ILL/petri-nets/MCC,,,CloudReconfiguration_reconf_3_09_5_1.p,classical,auto,1,false,,5,0,3,,unknown,recursion_limit,,focus,MELL,12930,129,1.636,0,0,0,0,0,0,2048,0.000,0.006
lltp,ILL/petri-nets/MCC,,,CloudReconfiguration_reconf_3_09_50_1.p,classical,auto,1,false,,5,0,3,,unknown,recursion_limit,,focus,MELL,12938,129,1.645,0,0,0,0,0,0,2048,0.000,0.002
lltp,ILL/petri-nets/MCC,,,CloudReconfiguration_reconf_3_09_20_1.p,classical,auto,1,false,,5,0,3,,unknown,recursion_limit,,focus,MELL,12934,129,1.634,0,0,0,0,0,0,2048,0.000,0.002
lltp,ILL/petri-nets/MCC,,,CloudReconfiguration_reconf_3_09_1_1.p,classical,auto,1,false,,5,0,3,,unknown,recursion_limit,,focus,MELL,12930,129,1.618,0,0,0,0,0,0,2048,0.000,0.002
lltp,ILL/petri-nets/MCC,,,CloudReconfiguration_reconf_3_09_10_1.p,classical,auto,1,false,,5,0,3,,unknown,recursion_limit,,focus,MELL,12930,129,1.640,0,0,0,0,0,0,2048,0.000,0.002
lltp,ILL/petri-nets/MCC,,,CloudReconfiguration_reconf_3_09_100_1.p,classical,auto,1,false,,5,0,3,,unknown,recursion_limit,,focus,MELL,12936,129,1.632,0,0,0,0,0,0,2048,0.000,0.002
lltp,ILL/petri-nets/MCC,,,CloudReconfiguration_reconf_3_08_5_1.p,classical,auto,1,false,,5,0,3,,unknown,recursion_limit,,focus,MELL,12930,129,1.627,0,0,0,0,0,0,2048,0.000,0.002
lltp,ILL/petri-nets/MCC,,,CloudReconfiguration_reconf_3_08_50_1.p,classical,auto,1,false,,5,0,3,,unknown,recursion_limit,,focus,MELL,12938,129,1.646,0,0,0,0,0,0,2048,0.000,0.002
lltp,ILL/petri-nets/MCC,,,CloudReconfiguration_reconf_3_08_20_1.p,classical,auto,1,false,,5,0,3,,unknown,recursion_limit,,focus,MELL,12934,129,1.594,0,0,0,0,0,0,2048,0.000,0.002
lltp,ILL/petri-nets/MCC,,,CloudReconfiguration_reconf_3_08_1_1.p,classical,auto,1,false,,5,0,3,,unknown,recursion_limit,,focus,MELL,12930,129,1.643,0,0,0,0,0,0,2048,0.000,0.003
lltp,ILL/petri-nets/MCC,,,CloudReconfiguration_reconf_3_08_10_1.p,classical,auto,1,false,,5,0,3,,unknown,recursion_limit,,focus,MELL,12930,129,1.650,0,0,0,0,0,0,2048,0.000,0.002
lltp,ILL/petri-nets/MCC,,,CloudReconfiguration_reconf_3_08_100_1.p,classical,auto,1,false,,5,0,3,,unknown,recursion_limit,,focus,MELL,12936,129,1.628,0,0,0,0,0,0,2048,0.000,0.002
lltp,ILL/petri-nets/MCC,,,CloudReconfiguration_reconf_3_07_5_1.p,classical,auto,1,false,,5,0,3,,unknown,recursion_limit,,focus,MELL,12922,129,1.602,0,0,0,0,0,0,2048,0.000,0.002
lltp,ILL/petri-nets/MCC,,,CloudReconfiguration_reconf_3_07_50_1.p,classical,auto,1,false,,5,0,3,,unknown,recursion_limit,,focus,MELL,12930,129,1.670,0,0,0,0,0,0,2048,0.000,0.002
lltp,ILL/petri-nets/MCC,,,CloudReconfiguration_reconf_3_07_20_1.p,classical,auto,1,false,,5,0,3,,unknown,recursion_limit,,focus,MELL,12926,129,1.642,0,0,0,0,0,0,2048,0.000,0.002
lltp,ILL/petri-nets/MCC,,,CloudReconfiguration_reconf_3_07_1_1.p,classical,auto,1,false,,5,0,3,,unknown,recursion_limit,,focus,MELL,12922,129,1.629,0,0,0,0,0,0,2048,0.000,0.002
lltp,ILL/petri-nets/MCC,,,CloudReconfiguration_reconf_3_07_10_1.p,classical,auto,1,false,,5,0,3,,unknown,recursion_limit,,focus,MELL,12922,129,1.672,0,0,0,0,0,0,2048,0.000,0.002
lltp,ILL/petri-nets/MCC,,,CloudReconfiguration_reconf_3_07_100_1.p,classical,auto,1,false,,5,0,3,,unknown,recursion_limit,,focus,MELL,12928,129,1.623,0,0,0,0,0,0,2048,0.000,0.002
lltp,ILL/petri-nets/MCC,,,CloudReconfiguration_reconf_3_06_5_1.p,classical,auto,1,false,,5,0,3,,unknown,recursion_limit,,focus,MELL,12922,129,1.647,0,0,0,0,0,0,2048,0.000,0.006
lltp,ILL/petri-nets/MCC,,,CloudReconfiguration_reconf_3_06_50_1.p,classical,auto,1,false,,5,0,3,,unknown,recursion_limit,,focus,MELL,12930,129,1.664,0,0,0,0,0,0,2048,0.000,0.002
lltp,ILL/petri-nets/MCC,,,CloudReconfiguration_reconf_3_06_20_1.p,classical,auto,1,false,,5,0,3,,unknown,recursion_limit,,focus,MELL,12926,129,1.637,0,0,0,0,0,0,2048,0.000,0.002
lltp,ILL/petri-nets/MCC,,,CloudReconfiguration_reconf_3_06_1_1.p,classical,auto,1,false,,5,0,3,,unknown,recursion_limit,,focus,MELL,12922,129,1.625,0,0,0,0,0,0,2048,0.000,0.002
lltp,ILL/petri-nets/MCC,,,CloudReconfiguration_reconf_3_06_10_1.p,classical,auto,1,false,,5,0,3,,unknown,recursion_limit,,focus,MELL,12922,129,1.607,0,0,0,0,0,0,2048,0.000,0.002
lltp,ILL/petri-nets/MCC,,,CloudReconfiguration_reconf_3_06_100_1.p,classical,auto,1,false,,5,0,3,,unknown,recursion_limit,,focus,MELL,12930,129,1.643,0,0,0,0,0,0,2048,0.000,0.002
lltp,ILL/petri-nets/MCC,,,CloudReconfiguration_reconf_3_05_5_1.p,classical,auto,1,false,,5,0,3,,unknown,recursion_limit,,focus,MELL,12930,129,1.625,0,0,0,0,0,0,2048,0.000,0.002
lltp,ILL/petri-nets/MCC,,,CloudReconfiguration_reconf_3_05_50_1.p,classical,auto,1,false,,5,0,3,,unknown,recursion_limit,,focus,MELL,12938,129,1.645,0,0,0,0,0,0,2048,0.000,0.002
lltp,ILL/petri-nets/MCC,,,CloudReconfiguration_reconf_3_05_20_1.p,classical,auto,1,false,,5,0,3,,unknown,recursion_limit,,focus,MELL,12934,129,1.652,0,0,0,0,0,0,2048,0.000,0.002
lltp,ILL/petri-nets/MCC,,,CloudReconfiguration_reconf_3_05_1_1.p,classical,auto,1,false,,5,0,3,,unknown,recursion_limit,,focus,MELL,12930,129,1.684,0,0,0,0,0,0,2048,0.000,0.002
lltp,ILL/petri-nets/MCC,,,CloudReconfiguration_reconf_3_05_10_1.p,classical,auto,1,false,,5,0,3,,unknown,recursion_limit,,focus,MELL,12930,129,1.633,0,0,0,0,0,0,2048,0.000,0.002
lltp,ILL/petri-nets/MCC,,,CloudReconfiguration_reconf_3_05_100_1.p,classical,auto,1,false,,5,0,3,,unknown,recursion_limit,,focus,MELL,12936,129,1.673,0,0,0,0,0,0,2048,0.000,0.007
lltp,ILL/petri-nets/MCC,,,CloudReconfiguration_reconf_3_04_5_1.p,classical,auto,1,false,,5,0,3,,unknown,recursion_limit,,focus,MELL,12922,129,1.667,0,0,0,0,0,0,2048,0.000,0.002
lltp,ILL/petri-nets/MCC,,,CloudReconfiguration_reconf_3_04_50_1.p,classical,auto,1,false,,5,0,3,,unknown,recursion_limit,,focus,MELL,12930,129,1.680,0,0,0,0,0,0,2048,0.000,0.002
lltp,ILL/petri-nets/MCC,,,CloudReconfiguration_reconf_3_04_20_1.p,classical,auto,1,false,,5,0,3,,unknown,recursion_limit,,focus,MELL,12926,129,1.643,0,0,0,0,0,0,2048,0.000,0.002
lltp,ILL/petri-nets/MCC,,,CloudReconfiguration_reconf_3_04_1_1.p,classical,auto,1,false,,5,0,3,,unknown,recursion_limit,,focus,MELL,12922,129,1.617,0,0,0,0,0,0,2048,0.000,0.002
lltp,ILL/petri-nets/MCC,,,CloudReconfiguration_reconf_3_04_10_1.p,classical,auto,1,false,,5,0,3,,unknown,recursion_limit,,focus,MELL,12922,129,1.635,0,0,0,0,0,0,2048,0.000,0.004
lltp,ILL/petri-nets/MCC,,,CloudReconfiguration_reconf_3_04_100_1.p,classical,auto,1,false,,5,0,3,,unknown,recursion_limit,,focus,MELL,12930,129,1.624,0,0,0,0,0,0,2048,0.000,0.003
lltp,ILL/petri-nets/MCC,,,CloudReconfiguration_reconf_3_03_5_1.p,classical,auto,1,false,,5,0,3,,unknown,recursion_limit,,focus,MELL,12922,129,1.622,0,0,0,0,0,0,2048,0.000,0.002
lltp,ILL/petri-nets/MCC,,,CloudReconfiguration_reconf_3_03_50_1.p,classical,auto,1,false,,5,0,3,,unknown,recursion_limit,,focus,MELL,12930,129,1.657,0,0,0,0,0,0,2048,0.000,0.002
lltp,ILL/petri-nets/MCC,,,CloudReconfiguration_reconf_3_03_20_1.p,classical,auto,1,false,,5,0,3,,unknown,recursion_limit,,focus,MELL,12926,129,1.644,0,0,0,0,0,0,2048,0.000,0.005
lltp,ILL/petri-nets/MCC,,,CloudReconfiguration_reconf_3_03_1_1.p,classical,auto,1,false,,5,0,3,,unknown,recursion_limit,,focus,MELL,12922,129,1.627,0,0,0,0,0,0,2048,0.000,0.002
lltp,ILL/petri-nets/MCC,,,CloudReconfiguration_reconf_3_03_10_1.p,classical,auto,1,false,,5,0,3,,unknown,recursion_limit,,focus,MELL,12922,129,1.623,0,0,0,0,0,0,2048,0.000,0.002
lltp,ILL/petri-nets/MCC,,,CloudReconfiguration_reconf_3_03_100_1.p,classical,auto,1,false,,5,0,3,,unknown,recursion_limit,,focus,MELL,12928,129,1.662,0,0,0,0,0,0,2048,0.000,0.002
lltp,ILL/petri-nets/MCC,,,CloudReconfiguration_reconf_3_02_5_1.p,classical,auto,1,false,,5,0,3,,unknown,recursion_limit,,focus,MELL,12930,129,1.632,0,0,0,0,0,0,2048,0.000,0.002
lltp,ILL/petri-nets/MCC,,,CloudReconfiguration_reconf_3_02_50_1.p,classical,auto,1,false,,5,0,3,,unknown,recursion_limit,,focus,MELL,12938,129,1.654,0,0,0,0,0,0,2048,0.000,0.002
lltp,ILL/petri-nets/MCC,,,CloudReconfiguration_reconf_3_02_20_1.p,classical,auto,1,false,,5,0,3,,unknown,recursion_limit,,focus,MELL,12934,129,1.655,0,0,0,0,0,0,2048,0.000,0.002
lltp,ILL/petri-nets/MCC,,,CloudReconfiguration_reconf_3_02_1_1.p,classical,auto,1,false,,5,0,3,,unknown,recursion_limit,,focus,MELL,12930,129,1.649,0,0,0,0,0,0,2048,0.000,0.002
lltp,ILL/petri-nets/MCC,,,CloudReconfiguration_reconf_3_02_10_1.p,classical,auto,1,false,,5,0,3,,unknown,recursion_limit,,focus,MELL,12930,129,1.661,0,0,0,0,0,0,2048,0.000,0.002
lltp,ILL/petri-nets/MCC,,,CloudReconfiguration_reconf_3_02_100_1.p,classical,auto,1,false,,5,0,3,,unknown,recursion_limit,,focus,MELL,12936,129,1.631,0,0,0,0,0,0,2048,0.000,0.002
lltp,ILL/petri-nets/MCC,,,CloudReconfiguration_reconf_3_01_5_1.p,classical,auto,1,false,,5,0,3,,unknown,recursion_limit,,focus,MELL,12922,129,1.648,0,0,0,0,0,0,2048,0.000,0.002
lltp,ILL/petri-nets/MCC,,,CloudReconfiguration_reconf_3_01_50_1.p,classical,auto,1,false,,5,0,3,,unknown,recursion_limit,,focus,MELL,12930,129,1.674,0,0,0,0,0,0,2048,0.000,0.002
lltp,ILL/petri-nets/MCC,,,CloudReconfiguration_reconf_3_01_20_1.p,classical,auto,1,false,,5,0,3,,unknown,recursion_limit,,focus,MELL,12926,129,1.690,0,0,0,0,0,0,2048,0.000,0.002
lltp,ILL/petri-nets/MCC,,,CloudReconfiguration_reconf_3_01_1_1.p,classical,auto,1,false,,5,0,3,,unknown,recursion_limit,,focus,MELL,12922,129,1.671,0,0,0,0,0,0,2048,0.000,0.002
lltp,ILL/petri-nets/MCC,,,CloudReconfiguration_reconf_3_01_10_1.p,classical,auto,1,false,,5,0,3,,unknown,recursion_limit,,focus,MELL,12922,129,1.635,0,0,0,0,0,0,2048,0.000,0.006
lltp,ILL/petri-nets/MCC,,,CloudReconfiguration_reconf_3_01_100_1.p,classical,auto,1,false,,5,0,3,,unknown,recursion_limit,,focus,MELL,12928,129,1.640,0,0,0,0,0,0,2048,0.000,0.002
lltp,ILL/petri-nets/MCC,,,CloudDeployment_deploy_7_b_5_1.p,classical,auto,1,false,,5,0,3,,unknown,recursion_limit,,focus,MELL,812106,16384,121.253,0,0,0,0,0,0,2048,120.000,0.092
lltp,ILL/petri-nets/MCC,,,CloudDeployment_deploy_7_b_50_1.p,classical,auto,1,false,,5,0,3,,unknown,recursion_limit,,focus,MELL,812116,16384,119.951,0,0,0,0,0,0,2048,130.000,0.097
lltp,ILL/petri-nets/MCC,,,CloudDeployment_deploy_7_b_20_1.p,classical,auto,1,false,,5,0,3,,unknown,recursion_limit,,focus,MELL,812114,16384,118.620,0,0,0,0,0,0,2048,120.000,0.092
lltp,ILL/petri-nets/MCC,,,CloudDeployment_deploy_7_b_1_1.p,classical,auto,1,false,,5,0,3,,unknown,recursion_limit,,focus,MELL,812104,16384,121.136,0,0,0,0,0,0,2048,120.000,0.096
lltp,ILL/petri-nets/MCC,,,CloudDeployment_deploy_7_b_10_1.p,classical,auto,1,false,,5,0,3,,unknown,recursion_limit,,focus,MELL,812114,16384,120.814,0,0,0,0,0,0,2048,120.000,0.086
lltp,ILL/petri-nets/MCC,,,CloudDeployment_deploy_7_b_100_1.p,classical,auto,1,false,,5,0,3,,unknown,recursion_limit,,focus,MELL,812120,16384,118.798,0,0,0,0,0,0,2048,120.000,0.090
lltp,ILL/petri-nets/MCC,,,CloudDeployment_deploy_7_a_5_1.p,classical,auto,1,false,,5,0,3,,unknown,timeout,,focus,MELL,14722,464,5001.539,3107468,3105748,1715,19064842,0,0,2048,4980.000,4.177
lltp,ILL/petri-nets/MCC,,,CloudDeployment_deploy_7_a_1_1.p,classical,auto,1,false,,5,0,3,,unknown,timeout,,focus,MELL,14722,464,5001.021,3106956,3105236,1715,19060765,0,0,2048,4990.000,4.816
lltp,ILL/petri-nets/MCC,,,CloudDeployment_deploy_6_b_5_1.p,classical,auto,1,false,,5,0,3,,unknown,recursion_limit,,focus,MELL,191864,4096,27.245,0,0,0,0,0,0,2048,30.000,0.023
lltp,ILL/petri-nets/MCC,,,CloudDeployment_deploy_6_b_50_1.p,classical,auto,1,false,,5,0,3,,unknown,recursion_limit,,focus,MELL,191876,4096,26.907,0,0,0,0,0,0,2048,20.000,0.025
lltp,ILL/petri-nets/MCC,,,CloudDeployment_deploy_6_b_20_1.p,classical,auto,1,false,,5,0,3,,unknown,recursion_limit,,focus,MELL,191876,4096,26.505,0,0,0,0,0,0,2048,30.000,0.021
lltp,ILL/petri-nets/MCC,,,CloudDeployment_deploy_6_b_1_1.p,classical,auto,1,false,,5,0,3,,unknown,recursion_limit,,focus,MELL,191858,4096,27.053,0,0,0,0,0,0,2048,20.000,0.022
lltp,ILL/petri-nets/MCC,,,CloudDeployment_deploy_6_b_10_1.p,classical,auto,1,false,,5,0,3,,unknown,recursion_limit,,focus,MELL,191868,4096,26.694,0,0,0,0,0,0,2048,30.000,0.024
lltp,ILL/petri-nets/MCC,,,CloudDeployment_deploy_6_b_100_1.p,classical,auto,1,false,,5,0,3,,unknown,recursion_limit,,focus,MELL,191876,4096,27.653,0,0,0,0,0,0,2048,30.000,0.022
lltp,ILL/petri-nets/MCC,,,CloudDeployment_deploy_6_a_5_1.p,classical,auto,1,false,,5,0,3,,unknown,timeout,,focus,MELL,11086,344,5000.702,4929350,4928050,1295,24289504,0,0,2048,4990.000,4.087
lltp,ILL/petri-nets/MCC,,,CloudDeployment_deploy_6_a_1_1.p,classical,auto,1,false,,5,0,3,,unknown,timeout,,focus,MELL,11086,344,5000.732,4924679,4923379,1295,24267529,0,0,2048,4990.000,3.393
lltp,ILL/petri-nets/MCC,,,CloudDeployment_deploy_5_b_5_1.p,classical,auto,1,false,,5,0,3,,unknown,recursion_limit,,focus,MELL,51576,1024,8.251,0,0,0,0,0,0,2048,0.000,0.007
lltp,ILL/petri-nets/MCC,,,CloudDeployment_deploy_5_b_50_1.p,classical,auto,1,false,,5,0,3,,unknown,recursion_limit,,focus,MELL,51588,1024,8.176,0,0,0,0,0,0,2048,0.000,0.102
lltp,ILL/petri-nets/MCC,,,CloudDeployment_deploy_5_b_20_1.p,classical,auto,1,false,,5,0,3,,unknown,recursion_limit,,focus,MELL,51588,1024,7.250,0,0,0,0,0,0,2048,10.000,0.020
lltp,ILL/petri-nets/MCC,,,CloudDeployment_deploy_5_b_1_1.p,classical,auto,1,false,,5,0,3,,unknown,recursion_limit,,focus,MELL,51572,1024,6.863,0,0,0,0,0,0,2048,0.000,0.015
lltp,ILL/petri-nets/MCC,,,CloudDeployment_deploy_5_b_10_1.p,classical,auto,1,false,,5,0,3,,unknown,recursion_limit,,focus,MELL,51580,1024,7.544,0,0,0,0,0,0,2048,0.000,0.017
lltp,ILL/petri-nets/MCC,,,CloudDeployment_deploy_5_b_100_1.p,classical,auto,1,false,,5,0,3,,unknown,recursion_limit,,focus,MELL,51588,1024,6.454,0,0,0,0,0,0,2048,0.000,0.166
lltp,ILL/petri-nets/MCC,,,CloudDeployment_deploy_5_a_5_1.p,classical,auto,1,false,,5,0,3,,unknown,timeout,,focus,MELL,7962,242,5089.702,3,0,1,17207296,0,0,2048,5080.000,2.989
lltp,ILL/petri-nets/MCC,,,CloudDeployment_deploy_5_a_1_1.p,classical,auto,1,false,,5,0,3,,unknown,timeout,,focus,MELL,7962,242,5000.214,9250542,9249578,959,37222797,0,0,2048,4990.000,2.095
lltp,ILL/petri-nets/MCC,,,CloudDeployment_deploy_5_a_10_1.p,classical,auto,1,false,,5,0,3,,unknown,timeout,,focus,MELL,7962,242,5096.155,3,0,1,17207296,0,0,2048,5090.000,2.129
lltp,ILL/petri-nets/MCC,,,CloudDeployment_deploy_5_a_100_1.p,classical,auto,1,false,,5,0,3,,unknown,timeout,,focus,MELL,7954,242,5158.407,3,0,1,12521472,0,0,2048,5150.000,2.126
lltp,ILL/petri-nets/MCC,,,CloudDeployment_deploy_4_b_5_1.p,classical,auto,1,false,,5,0,3,,unknown,timeout,,focus,MELL,18000,256,5005.165,2832463,2820289,12163,12079459,0,0,2048,4990.000,2.132
lltp,ILL/petri-nets/MCC,,,CloudDeployment_deploy_4_b_50_1.p,classical,auto,1,false,,5,0,3,,unknown,timeout,,focus,MELL,18016,256,5004.872,2632410,2620822,11577,11663880,0,0,2048,4990.000,2.157
lltp,ILL/petri-nets/MCC,,,CloudDeployment_deploy_4_b_20_1.p,classical,auto,1,false,,5,0,3,,unknown,timeout,,focus,MELL,18016,256,5005.718,1960282,1950690,9585,10300284,0,0,2048,4990.000,2.131
lltp,ILL/petri-nets/MCC,,,CloudDeployment_deploy_4_b_1_1.p,classical,auto,1,false,,5,0,3,,proved,,ok,focus,MELL,17998,256,181.824,72313,69542,2768,375933,0,0,2048,180.000,0.094
lltp,ILL/petri-nets/MCC,,,CloudDeployment_deploy_4_b_10_1.p,classical,auto,1,false,,5,0,3,,unknown,timeout,,focus,MELL,18008,256,5004.826,2766853,2754780,12062,11942047,0,0,2048,4990.000,2.081
lltp,ILL/petri-nets/MCC,,,CloudDeployment_deploy_4_b_100_1.p,classical,auto,1,false,,5,0,3,,unknown,timeout,,focus,MELL,18010,256,5004.739,1959908,1950351,9550,10277198,0,0,2048,4990.000,2.221
lltp,ILL/petri-nets/MCC,,,CloudDeployment_deploy_4_a_5_1.p,classical,auto,1,false,,5,0,3,,unknown,timeout,,focus,MELL,5350,158,5000.240,16314660,16313921,734,45106480,0,0,2048,4990.000,2.881
lltp,ILL/petri-nets/MCC,,,CloudDeployment_deploy_4_a_1_1.p,classical,auto,1,false,,5,0,3,,unknown,timeout,,focus,MELL,5350,158,5000.180,16038509,16037770,734,44328041,0,0,2048,4990.000,2.495
lltp,ILL/petri-nets/MCC,,,CloudDeployment_deploy_4_a_10_1.p,classical,auto,1,false,,5,0,3,,unknown,timeout,,focus,MELL,5350,158,5000.133,16304103,16303364,734,45081763,0,0,2048,4990.000,2.012
lltp,ILL/petri-nets/MCC,,,CloudDeployment_deploy_4_a_100_1.p,classical,auto,1,false,,5,0,3,,unknown,timeout,,focus,MELL,5350,158,5107.256,3,0,1,18255872,0,0,2048,5100.000,2.141
lltp,ILL/petri-nets/MCC,,,CloudDeployment_deploy_3_b_5_1.p,classical,auto,1,false,,5,0,3,,unknown,timeout,,focus,MELL,8198,109,5009.017,6584107,6532408,51541,21911341,0,0,2048,5000.000,3.177
lltp,ILL/petri-nets/MCC,,,CloudDeployment_deploy_3_b_50_1.p,classical,auto,1,false,,5,0,3,,unknown,timeout,,focus,MELL,8212,110,5008.274,6404315,6354537,49625,21581240,0,0,2048,4990.000,2.201
lltp,ILL/petri-nets/MCC,,,CloudDeployment_deploy_3_b_20_1.p,classical,auto,1,false,,5,0,3,,unknown,timeout,,focus,MELL,8204,109,5007.967,6632323,6580177,51987,22072300,0,0,2048,4990.000,2.224
lltp,ILL/petri-nets/MCC,,,CloudDeployment_deploy_3_b_1_1.p,classical,auto,1,false,,5,0,3,,proved,,ok,focus,MELL,8192,110,21.150,16237,14906,1328,62909,0,0,2048,20.000,0.021
lltp,ILL/petri-nets/MCC,,,CloudDeployment_deploy_3_b_10_1.p,classical,auto,1,false,,5,0,3,,unknown,timeout,,focus,MELL,8200,109,5008.073,6686577,6634153,52265,22246755,0,0,2048,4990.000,2.225
lltp,ILL/petri-nets/MCC,,,CloudDeployment_deploy_3_b_100_1.p,classical,auto,1,false,,5,0,3,,unknown,timeout,,focus,MELL,8210,110,5021.152,4617588,4508067,108954,17923923,0,0,2048,5010.000,2.618
lltp,ILL/petri-nets/MCC,,,CloudDeployment_deploy_3_a_5_1.p,classical,auto,1,false,,5,0,3,,unknown,timeout,,focus,MELL,3250,92,5049.133,3,0,1,31363072,0,0,2048,5040.000,3.886
lltp,ILL/petri-nets/MCC,,,CloudDeployment_deploy_3_a_50_1.p,classical,auto,1,false,,5,0,3,,unknown,timeout,,focus,MELL,3250,92,5003.121,41283420,41264876,18540,47199739,0,0,2048,4990.000,3.438
lltp,ILL/petri-nets/MCC,,,CloudDeployment_deploy_3_a_20_1.p,classical,auto,1,false,,5,0,3,,unknown,timeout,,focus,MELL,3250,92,5050.278,3,0,1,31363072,0,0,2048,5040.000,3.290
lltp,ILL/petri-nets/MCC,,,CloudDeployment_deploy_3_a_1_1.p,classical,auto,1,false,,5,0,3,,unknown,timeout,,focus,MELL,3250,92,5000.255,26590047,26589467,575,57521457,0,0,2048,4980.000,2.718
lltp,ILL/petri-nets/MCC,,,CloudDeployment_deploy_3_a_10_1.p,classical,auto,1,false,,5,0,3,,unknown,timeout,,focus,MELL,3250,92,5048.514,3,0,1,31363072,0,0,2048,5040.000,2.323
lltp,ILL/petri-nets/MCC,,,CloudDeployment_deploy_3_a_100_1.p,classical,auto,1,false,,5,0,3,,unknown,timeout,,focus,MELL,3246,92,5002.964,32655048,32636584,18460,44265100,0,0,2048,4980.000,2.093
lltp,ILL/petri-nets/MCC,,,CloudDeployment_deploy_2_b_5_1.p,classical,auto,1,false,,5,0,3,,unknown,timeout,,focus,MELL,4014,49,5012.963,14203967,14121636,81484,32802552,0,0,2048,4990.000,2.289
lltp,ILL/petri-nets/MCC,,,CloudDeployment_deploy_2_b_50_1.p,classical,auto,1,false,,5,0,3,,unknown,timeout,,focus,MELL,4022,50,5011.531,11723525,11648202,74541,29509188,0,0,2048,4990.000,2.357
lltp,ILL/petri-nets/MCC,,,CloudDeployment_deploy_2_b_20_1.p,classical,auto,1,false,,5,0,3,,unknown,timeout,,focus,MELL,4022,49,5012.523,13328730,13248039,79859,31475016,0,0,2048,5000.000,2.427
lltp,ILL/petri-nets/MCC,,,CloudDeployment_deploy_2_b_1_1.p,classical,auto,1,false,,5,0,3,,proved,,ok,focus,MELL,4010,50,4.319,4345,3718,624,13041,0,0,2048,0.000,0.003
lltp,ILL/petri-nets/MCC,,,CloudDeployment_deploy_2_b_10_1.p,classical,auto,1,false,,5,0,3,,unknown,timeout,,focus,MELL,4018,49,5012.139,11678593,11603901,73903,29431001,0,0,2048,4990.000,2.361
lltp,ILL/petri-nets/MCC,,,CloudDeployment_deploy_2_b_100_1.p,classical,auto,1,false,,5,0,3,,unknown,timeout,,focus,MELL,4022,50,5012.616,14217268,14135836,80596,32805211,0,0,2048,4990.000,2.325
lltp,ILL/petri-nets/MCC,,,CloudDeployment_deploy_2_a_5_1.p,classical,auto,1,false,,5,0,3,,unknown,timeout,,focus,MELL,1662,44,5000.042,41166751,41166319,427,64518125,0,0,2048,4990.000,3.368
lltp,ILL/petri-nets/MCC,,,CloudDeployment_deploy_2_a_50_1.p,classical,auto,1,false,,5,0,3,,unknown,timeout,,focus,MELL,1662,44,5000.039,41238731,41238299,427,64623945,0,0,2048,4990.000,2.873
lltp,ILL/petri-nets/MCC,,,CloudDeployment_deploy_2_a_20_1.p,classical,auto,1,false,,5,0,3,,unknown,timeout,,focus,MELL,1662,44,5000.039,41767041,41766609,427,65477932,0,0,2048,4990.000,2.472
lltp,ILL/petri-nets/MCC,,,CloudDeployment_deploy_2_a_1_1.p,classical,auto,1,false,,5,0,3,,unknown,timeout,,focus,MELL,1662,44,5000.033,41526214,41525782,427,65080440,0,0,2048,4990.000,1.931
lltp,ILL/petri-nets/MCC,,,CloudDeployment_deploy_2_a_10_1.p,classical,auto,1,false,,5,0,3,,unknown,timeout,,focus,MELL,1662,44,5000.039,41809847,41809415,427,65539462,0,0,2048,4990.000,1.913
lltp,ILL/petri-nets/MCC,,,CloudDeployment_deploy_2_a_100_1.p,classical,auto,1,false,,5,0,3,,unknown,timeout,,focus,MELL,1662,44,5000.034,40836659,40836227,427,64069981,0,0,2048,4990.000,1.940
lltp,ILL/petri-nets/MCC,,,ClientsAndServers-1000-0_5_1.p,classical,auto,1,false,,5,0,3,,unknown,recursion_limit,,focus,MELL,68116,8001,17.430,1,0,0,2028,0,0,2048,10.000,0.013
lltp,ILL/petri-nets/MCC,,,ClientsAndServers-1000-0_50_1.p,classical,auto,1,false,,5,0,3,,unknown,recursion_limit,,focus,MELL,68206,8001,17.006,1,0,0,2028,0,0,2048,10.000,0.029
lltp,ILL/petri-nets/MCC,,,ClientsAndServers-1000-0_20_1.p,classical,auto,1,false,,5,0,3,,unknown,recursion_limit,,focus,MELL,68146,8001,17.584,1,0,0,2028,0,0,2048,20.000,0.030
lltp,ILL/petri-nets/MCC,,,ClientsAndServers-1000-0_1_1.p,classical,auto,1,false,,5,0,3,,unknown,recursion_limit,,focus,MELL,68108,8001,17.175,1,0,0,2028,0,0,2048,10.000,0.031
lltp,ILL/petri-nets/MCC,,,ClientsAndServers-1000-0_10_1.p,classical,auto,1,false,,5,0,3,,unknown,recursion_limit,,focus,MELL,68126,8001,16.974,1,0,0,2028,0,0,2048,10.000,0.030
lltp,ILL/petri-nets/MCC,,,ClientsAndServers-1000-0_100_1.p,classical,auto,1,false,,5,0,3,,unknown,recursion_limit,,focus,MELL,68106,8001,17.525,1,0,0,2028,0,0,2048,10.000,0.013
lltp,ILL/petri-nets/MCC,,,ClientsAndServers-0500-0_5_1.p,classical,auto,1,false,,5,0,3,,unknown,recursion_limit,,focus,MELL,34116,4001,8.021,1,0,0,2028,0,0,2048,0.000,0.007
lltp,ILL/petri-nets/MCC,,,ClientsAndServers-0500-0_50_1.p,classical,auto,1,false,,5,0,3,,unknown,recursion_limit,,focus,MELL,34206,4001,8.138,1,0,0,2028,0,0,2048,0.000,0.008
lltp,ILL/petri-nets/MCC,,,ClientsAndServers-0500-0_20_1.p,classical,auto,1,false,,5,0,3,,unknown,recursion_limit,,focus,MELL,34146,4001,7.994,1,0,0,2028,0,0,2048,10.000,0.006
lltp,ILL/petri-nets/MCC,,,ClientsAndServers-0500-0_1_1.p,classical,auto,1,false,,5,0,3,,unknown,recursion_limit,,focus,MELL,34108,4001,8.160,1,0,0,2028,0,0,2048,0.000,0.007
lltp,ILL/petri-nets/MCC,,,ClientsAndServers-0500-0_10_1.p,classical,auto,1,false,,5,0,3,,unknown,recursion_limit,,focus,MELL,34126,4001,7.916,1,0,0,2028,0,0,2048,0.000,0.006
lltp,ILL/petri-nets/MCC,,,ClientsAndServers-0500-0_100_1.p,classical,auto,1,false,,5,0,3,,unknown,context_too_wide,,focus,MELL,34106,4001,7.321,1,0,0,2000,0,0,2048,10.000,0.005
lltp,ILL/petri-nets/MCC,,,ClientsAndServers-0200-0_5_1.p,classical,auto,1,false,,5,0,3,,unknown,context_too_wide,,focus,MELL,13716,1601,3.029,1,0,0,1800,0,0,2048,0.000,0.004
lltp,ILL/petri-nets/MCC,,,ClientsAndServers-0200-0_50_1.p,classical,auto,1,false,,5,0,3,,unknown,context_too_wide,,focus,MELL,13806,1601,3.215,1,0,0,1800,0,0,2048,0.000,0.003
lltp,ILL/petri-nets/MCC,,,ClientsAndServers-0200-0_20_1.p,classical,auto,1,false,,5,0,3,,unknown,context_too_wide,,focus,MELL,13746,1601,3.048,1,0,0,1800,0,0,2048,0.000,0.010
lltp,ILL/petri-nets/MCC,,,ClientsAndServers-0200-0_1_1.p,classical,auto,1,false,,5,0,3,,unknown,context_too_wide,,focus,MELL,13708,1601,3.041,1,0,0,1800,0,0,2048,0.000,0.003
lltp,ILL/petri-nets/MCC,,,ClientsAndServers-0200-0_10_1.p,classical,auto,1,false,,5,0,3,,unknown,context_too_wide,,focus,MELL,13726,1601,3.022,1,0,0,1800,0,0,2048,0.000,0.009
lltp,ILL/petri-nets/MCC,,,ClientsAndServers-0200-0_100_1.p,classical,auto,1,false,,5,0,3,,unknown,context_too_wide,,focus,MELL,13706,1601,1.374,1,0,0,800,0,0,2048,0.000,0.002
lltp,ILL/petri-nets/MCC,,,ClientsAndServers-0100-0_5_1.p,classical,auto,1,false,,5,0,3,,unknown,context_too_wide,,focus,MELL,6916,801,0.881,1,0,0,900,0,0,2048,0.000,0.002
lltp,ILL/petri-nets/MCC,,,ClientsAndServers-0100-0_50_1.p,classical,auto,1,false,,5,0,3,,unknown,context_too_wide,,focus,MELL,7006,801,0.887,1,0,0,900,0,0,2048,0.000,0.002
lltp,ILL/petri-nets/MCC,,,ClientsAndServers-0100-0_20_1.p,classical,auto,1,false,,5,0,3,,unknown,context_too_wide,,focus,MELL,6946,801,0.873,1,0,0,900,0,0,2048,0.000,0.003
lltp,ILL/petri-nets/MCC,,,ClientsAndServers-0100-0_1_1.p,classical,auto,1,false,,5,0,3,,unknown,context_too_wide,,focus,MELL,6908,801,0.898,1,0,0,900,0,0,2048,0.000,0.010
lltp,ILL/petri-nets/MCC,,,ClientsAndServers-0100-0_10_1.p,classical,auto,1,false,,5,0,3,,unknown,context_too_wide,,focus,MELL,6926,801,0.897,1,0,0,900,0,0,2048,0.000,0.007
lltp,ILL/petri-nets/MCC,,,ClientsAndServers-0100-0_100_1.p,classical,auto,1,false,,5,0,3,,unknown,context_too_wide,,focus,MELL,6906,801,0.433,1,0,0,400,0,0,2048,0.000,0.002
lltp,ILL/petri-nets/MCC,,,ClientsAndServers-0050-0_5_1.p,classical,auto,1,false,,5,0,3,,unknown,context_too_wide,,focus,MELL,3516,401,0.287,1,0,0,450,0,0,2048,0.000,0.000
lltp,ILL/petri-nets/MCC,,,ClientsAndServers-0050-0_50_1.p,classical,auto,1,false,,5,0,3,,unknown,context_too_wide,,focus,MELL,3606,401,0.287,1,0,0,450,0,0,2048,0.000,0.000
lltp,ILL/petri-nets/MCC,,,ClientsAndServers-0050-0_20_1.p,classical,auto,1,false,,5,0,3,,unknown,context_too_wide,,focus,MELL,3546,401,0.296,1,0,0,450,0,0,2048,0.000,0.000
lltp,ILL/petri-nets/MCC,,,ClientsAndServers-0050-0_1_1.p,classical,auto,1,false,,5,0,3,,unknown,context_too_wide,,focus,MELL,3508,401,0.286,1,0,0,450,0,0,2048,0.000,0.000
lltp,ILL/petri-nets/MCC,,,ClientsAndServers-0050-0_10_1.p,classical,auto,1,false,,5,0,3,,unknown,context_too_wide,,focus,MELL,3526,401,0.287,1,0,0,450,0,0,2048,0.000,0.000
lltp,ILL/petri-nets/MCC,,,ClientsAndServers-0050-0_100_1.p,classical,auto,1,false,,5,0,3,,unknown,context_too_wide,,focus,MELL,3506,401,0.140,1,0,0,200,0,0,2048,0.000,0.000
lltp,ILL/petri-nets/MCC,,,ClientsAndServers-0020-4_5_1.p,classical,auto,1,false,,5,0,3,,unknown,context_too_wide,,focus,MELL,1556,161,0.102,1,0,0,200,0,0,2048,0.000,0.000
lltp,ILL/petri-nets/MCC,,,ClientsAndServers-0020-4_50_1.p,classical,auto,1,false,,5,0,3,,unknown,context_too_wide,,focus,MELL,1646,161,0.103,1,0,0,200,0,0,2048,0.000,0.000
lltp,ILL/petri-nets/MCC,,,ClientsAndServers-0020-4_20_1.p,classical,auto,1,false,,5,0,3,,unknown,context_too_wide,,focus,MELL,1586,161,0.105,1,0,0,200,0,0,2048,0.000,0.000
lltp,ILL/petri-nets/MCC,,,ClientsAndServers-0020-4_1_1.p,classical,auto,1,false,,5,0,3,,unknown,context_too_wide,,focus,MELL,1548,161,0.103,1,0,0,200,0,0,2048,0.000,0.000
lltp,ILL/petri-nets/MCC,,,ClientsAndServers-0020-4_10_1.p,classical,auto,1,false,,5,0,3,,unknown,context_too_wide,,focus,MELL,1566,161,0.102,1,0,0,200,0,0,2048,0.000,0.000
lltp,ILL/petri-nets/MCC,,,ClientsAndServers-0020-4_100_1.p,classical,auto,1,false,,5,0,3,,unknown,context_too_wide,,focus,MELL,1586,161,0.067,1,0,0,112,0,0,2048,0.000,0.000
lltp,ILL/petri-nets/MCC,,,ClientsAndServers-0020-3_5_1.p,classical,auto,1,false,,5,0,3,,unknown,context_too_wide,,focus,MELL,1536,161,0.101,1,0,0,195,0,0,2048,0.000,0.000
lltp,ILL/petri-nets/MCC,,,ClientsAndServers-0020-3_50_1.p,classical,auto,1,false,,5,0,3,,unknown,context_too_wide,,focus,MELL,1626,161,0.100,1,0,0,195,0,0,2048,0.000,0.000
lltp,ILL/petri-nets/MCC,,,ClientsAndServers-0020-3_20_1.p,classical,auto,1,false,,5,0,3,,unknown,context_too_wide,,focus,MELL,1566,161,0.098,1,0,0,195,0,0,2048,0.000,0.000
lltp,ILL/petri-nets/MCC,,,ClientsAndServers-0020-3_1_1.p,classical,auto,1,false,,5,0,3,,unknown,context_too_wide,,focus,MELL,1528,161,0.096,1,0,0,195,0,0,2048,0.000,0.000
lltp,ILL/petri-nets/MCC,,,ClientsAndServers-0020-3_10_1.p,classical,auto,1,false,,5,0,3,,unknown,context_too_wide,,focus,MELL,1546,161,0.102,1,0,0,195,0,0,2048,0.000,0.000
lltp,ILL/petri-nets/MCC,,,ClientsAndServers-0020-3_100_1.p,classical,auto,1,false,,5,0,3,,unknown,context_too_wide,,focus,MELL,1566,161,0.067,1,0,0,104,0,0,2048,0.000,0.000
lltp,ILL/petri-nets/MCC,,,ClientsAndServers-0020-2_5_1.p,classical,auto,1,false,,5,0,3,,unknown,context_too_wide,,focus,MELL,1516,161,0.093,1,0,0,190,0,0,2048,0.000,0.000
lltp,ILL/petri-nets/MCC,,,ClientsAndServers-0020-2_50_1.p,classical,auto,1,false,,5,0,3,,unknown,context_too_wide,,focus,MELL,1606,161,0.102,1,0,0,190,0,0,2048,0.000,0.000
lltp,ILL/petri-nets/MCC,,,ClientsAndServers-0020-2_20_1.p,classical,auto,1,false,,5,0,3,,unknown,context_too_wide,,focus,MELL,1546,161,0.100,1,0,0,190,0,0,2048,0.000,0.000
lltp,ILL/petri-nets/MCC,,,ClientsAndServers-0020-2_1_1.p,classical,auto,1,false,,5,0,3,,unknown,context_too_wide,,focus,MELL,1508,161,0.095,1,0,0,190,0,0,2048,0.000,0.000
lltp,ILL/petri-nets/MCC,,,ClientsAndServers-0020-2_10_1.p,classical,auto,1,false,,5,0,3,,unknown,context_too_wide,,focus,MELL,1526,161,0.093,1,0,0,190,0,0,2048,0.000,0.000
lltp,ILL/petri-nets/MCC,,,ClientsAndServers-0020-2_100_1.p,classical,auto,1,false,,5,0,3,,unknown,context_too_wide,,focus,MELL,1546,161,0.061,1,0,0,96,0,0,2048,0.000,0.000
lltp,ILL/petri-nets/MCC,,,ClientsAndServers-0020-1_5_1.p,classical,auto,1,false,,5,0,3,,unknown,context_too_wide,,focus,MELL,1496,161,0.099,1,0,0,185,0,0,2048,0.000,0.000
lltp,ILL/petri-nets/MCC,,,ClientsAndServers-0020-1_50_1.p,classical,auto,1,false,,5,0,3,,unknown,context_too_wide,,focus,MELL,1586,161,0.098,1,0,0,185,0,0,2048,0.000,0.000
lltp,ILL/petri-nets/MCC,,,ClientsAndServers-0020-1_20_1.p,classical,auto,1,false,,5,0,3,,unknown,context_too_wide,,focus,MELL,1526,161,0.092,1,0,0,185,0,0,2048,0.000,0.000
lltp,ILL/petri-nets/MCC,,,ClientsAndServers-0020-1_1_1.p,classical,auto,1,false,,5,0,3,,unknown,context_too_wide,,focus,MELL,1488,161,0.094,1,0,0,185,0,0,2048,0.000,0.000
lltp,ILL/petri-nets/MCC,,,ClientsAndServers-0020-1_10_1.p,classical,auto,1,false,,5,0,3,,unknown,context_too_wide,,focus,MELL,1506,161,0.108,1,0,0,185,0,0,2048,0.000,0.000
lltp,ILL/petri-nets/MCC,,,ClientsAndServers-0020-1_100_1.p,classical,auto,1,false,,5,0,3,,unknown,context_too_wide,,focus,MELL,1526,161,0.061,1,0,0,88,0,0,2048,0.000,0.000
lltp,ILL/petri-nets/MCC,,,ClientsAndServers-0020-0_5_1.p,classical,auto,1,false,,5,0,3,,unknown,context_too_wide,,focus,MELL,1476,161,0.093,1,0,0,180,0,0,2048,0.000,0.000
lltp,ILL/petri-nets/MCC,,,ClientsAndServers-0020-0_50_1.p,classical,auto,1,false,,5,0,3,,unknown,context_too_wide,,focus,MELL,1566,161,0.090,1,0,0,180,0,0,2048,0.000,0.000
lltp,ILL/petri-nets/MCC,,,ClientsAndServers-0020-0_20_1.p,classical,auto,1,false,,5,0,3,,unknown,context_too_wide,,focus,MELL,1506,161,0.094,1,0,0,180,0,0,2048,0.000,0.000
lltp,ILL/petri-nets/MCC,,,ClientsAndServers-0020-0_1_1.p,classical,auto,1,false,,5,0,3,,unknown,context_too_wide,,focus,MELL,1468,161,0.089,1,0,0,180,0,0,2048,0.000,0.000
lltp,ILL/petri-nets/MCC,,,ClientsAndServers-0020-0_10_1.p,classical,auto,1,false,,5,0,3,,unknown,context_too_wide,,focus,MELL,1486,161,0.094,1,0,0,180,0,0,2048,0.000,0.000
lltp,ILL/petri-nets/MCC,,,ClientsAndServers-0020-0_100_1.p,classical,auto,1,false,,5,0,3,,unknown,context_too_wide,,focus,MELL,1506,161,0.057,1,0,0,80,0,0,2048,0.000,0.000
lltp,ILL/petri-nets/MCC,,,ClientsAndServers-0010-2_5_1.p,classical,auto,1,false,,5,0,3,,unknown,context_too_wide,,focus,MELL,836,81,0.053,1,0,0,100,0,0,2048,0.000,0.000
lltp,ILL/petri-nets/MCC,,,ClientsAndServers-0010-2_50_1.p,classical,auto,1,false,,5,0,3,,unknown,context_too_wide,,focus,MELL,926,81,0.054,1,0,0,100,0,0,2048,0.000,0.000
lltp,ILL/petri-nets/MCC,,,ClientsAndServers-0010-2_20_1.p,classical,auto,1,false,,5,0,3,,unknown,context_too_wide,,focus,MELL,866,81,0.054,1,0,0,100,0,0,2048,0.000,0.000
lltp,ILL/petri-nets/MCC,,,ClientsAndServers-0010-2_1_1.p,classical,auto,1,false,,5,0,3,,unknown,context_too_wide,,focus,MELL,828,81,0.053,1,0,0,100,0,0,2048,0.000,0.000
lltp,ILL/petri-nets/MCC,,,ClientsAndServers-0010-2_10_1.p,classical,auto,1,false,,5,0,3,,unknown,context_too_wide,,focus,MELL,846,81,0.053,1,0,0,100,0,0,2048,0.000,0.000
lltp,ILL/petri-nets/MCC,,,ClientsAndServers-0010-2_100_1.p,classical,auto,1,false,,5,0,3,,unknown,context_too_wide,,focus,MELL,946,81,0.040,1,0,0,56,0,0,2048,0.000,0.000
lltp,ILL/petri-nets/MCC,,,ClientsAndServers-0010-1_5_1.p,classical,auto,1,false,,5,0,3,,unknown,context_too_wide,,focus,MELL,816,81,0.053,1,0,0,95,0,0,2048,0.000,0.000
lltp,ILL/petri-nets/MCC,,,ClientsAndServers-0010-1_50_1.p,classical,auto,1,false,,5,0,3,,unknown,context_too_wide,,focus,MELL,906,81,0.053,1,0,0,95,0,0,2048,0.000,0.000
lltp,ILL/petri-nets/MCC,,,ClientsAndServers-0010-1_20_1.p,classical,auto,1,false,,5,0,3,,unknown,context_too_wide,,focus,MELL,846,81,0.051,1,0,0,95,0,0,2048,0.000,0.000
lltp,ILL/petri-nets/MCC,,,ClientsAndServers-0010-1_1_1.p,classical,auto,1,false,,5,0,3,,unknown,context_too_wide,,focus,MELL,808,81,0.051,1,0,0,95,0,0,2048,0.000,0.000
lltp,ILL/petri-nets/MCC,,,ClientsAndServers-0010-1_10_1.p,classical,auto,1,false,,5,0,3,,unknown,context_too_wide,,focus,MELL,826,81,0.054,1,0,0,95,0,0,2048,0.000,0.000
lltp,ILL/petri-nets/MCC,,,ClientsAndServers-0010-1_100_1.p,classical,auto,1,false,,5,0,3,,unknown,context_too_wide,,focus,MELL,926,81,0.038,1,0,0,48,0,0,2048,0.000,0.000
lltp,ILL/petri-nets/MCC,,,ClientsAndServers-0010-0_5_1.p,classical,auto,1,false,,5,0,3,,unknown,context_too_wide,,focus,MELL,796,81,0.052,1,0,0,90,0,0,2048,0.000,0.000
lltp,ILL/petri-nets/MCC,,,ClientsAndServers-0010-0_50_1.p,classical,auto,1,false,,5,0,3,,unknown,context_too_wide,,focus,MELL,886,81,0.051,1,0,0,90,0,0,2048,0.000,0.000
lltp,ILL/petri-nets/MCC,,,ClientsAndServers-0010-0_20_1.p,classical,auto,1,false,,5,0,3,,unknown,context_too_wide,,focus,MELL,826,81,0.050,1,0,0,90,0,0,2048,0.000,0.000
lltp,ILL/petri-nets/MCC,,,ClientsAndServers-0010-0_1_1.p,classical,auto,1,false,,5,0,3,,unknown,context_too_wide,,focus,MELL,788,81,0.052,1,0,0,90,0,0,2048,0.000,0.000
lltp,ILL/petri-nets/MCC,,,ClientsAndServers-0010-0_10_1.p,classical,auto,1,false,,5,0,3,,unknown,context_too_wide,,focus,MELL,806,81,0.051,1,0,0,90,0,0,2048,0.000,0.000
lltp,ILL/petri-nets/MCC,,,ClientsAndServers-0010-0_100_1.p,classical,auto,1,false,,5,0,3,,unknown,context_too_wide,,focus,MELL,906,81,0.036,1,0,0,40,0,0,2048,0.000,0.000
lltp,ILL/petri-nets/MCC,,,ClientsAndServers-0005-1_5_1.p,classical,auto,1,false,,5,0,3,,unknown,timeout,,focus,MELL,476,41,5060.963,1,0,0,128167936,0,0,2048,5040.000,2.394
lltp,ILL/petri-nets/MCC,,,ClientsAndServers-0005-1_50_1.p,classical,auto,1,false,,5,0,3,,unknown,context_too_wide,,focus,MELL,538,41,0.031,1,0,0,26,0,0,2048,0.000,0.000
lltp,ILL/petri-nets/MCC,,,ClientsAndServers-0005-1_20_1.p,classical,auto,1,false,,5,0,3,,unknown,timeout,,focus,MELL,506,41,5046.968,1,0,0,136515584,0,0,2048,5020.000,3.209
lltp,ILL/petri-nets/MCC,,,ClientsAndServers-0005-1_1_1.p,classical,auto,1,false,,5,0,3,,unknown,timeout,,focus,MELL,468,41,5102.555,1,0,0,104566784,0,0,2048,5090.000,2.264
lltp,ILL/petri-nets/MCC,,,ClientsAndServers-0005-1_10_1.p,classical,auto,1,false,,5,0,3,,unknown,timeout,,focus,MELL,486,41,5015.095,1,0,0,137293824,0,0,2048,5000.000,2.640
lltp,ILL/petri-nets/MCC,,,ClientsAndServers-0005-1_100_1.p,classical,auto,1,false,,5,0,3,,unknown,context_too_wide,,focus,MELL,522,41,0.033,1,0,0,26,0,0,2048,0.000,0.000
lltp,ILL/petri-nets/MCC,,,ClientsAndServers-0005-0_5_1.p,classical,auto,1,false,,5,0,3,,unknown,timeout,,focus,MELL,456,41,5056.336,1,0,0,129060864,0,0,2048,5040.000,2.448
lltp,ILL/petri-nets/MCC,,,ClientsAndServers-0005-0_50_1.p,classical,auto,1,false,,5,0,3,,unknown,context_too_wide,,focus,MELL,518,41,0.029,1,0,0,18,0,0,2048,0.000,0.000
lltp,ILL/petri-nets/MCC,,,ClientsAndServers-0005-0_20_1.p,classical,auto,1,false,,5,0,3,,unknown,timeout,,focus,MELL,486,41,5039.361,1,0,0,135417856,0,0,2048,5020.000,4.087
lltp,ILL/petri-nets/MCC,,,ClientsAndServers-0005-0_1_1.p,classical,auto,1,false,,5,0,3,,unknown,timeout,,focus,MELL,448,41,9802.093,1,0,0,206655488,0,0,2048,9780.000,4.411
lltp,ILL/petri-nets/MCC,,,ClientsAndServers-0005-0_10_1.p,classical,auto,1,false,,5,0,3,,unknown,timeout,,focus,MELL,466,41,5007.871,1,0,0,137588736,0,0,2048,4990.000,2.308
lltp,ILL/petri-nets/MCC,,,ClientsAndServers-0005-0_100_1.p,classical,auto,1,false,,5,0,3,,unknown,context_too_wide,,focus,MELL,502,41,0.027,1,0,0,18,0,0,2048,0.000,0.000
lltp,ILL/petri-nets/MCC,,,ClientsAndServers-0002-1_5_1.p,classical,auto,1,false,,5,0,3,,unknown,timeout,,focus,MELL,272,17,5054.635,1,0,0,126324736,0,0,2048,5040.000,2.432
lltp,ILL/petri-nets/MCC,,,ClientsAndServers-0002-1_50_1.p,classical,auto,1,false,,5,0,3,,unknown,timeout,,focus,MELL,278,17,5000.096,19573728,19573698,28,116371466,0,0,2048,4980.000,4.465
lltp,ILL/petri-nets/MCC,,,ClientsAndServers-0002-1_20_1.p,classical,auto,1,false,,5,0,3,,unknown,timeout,,focus,MELL,290,17,5000.036,16983380,16983348,30,115390625,0,0,2048,4990.000,3.252
lltp,ILL/petri-nets/MCC,,,ClientsAndServers-0002-1_1_1.p,classical,auto,1,false,,5,0,,,unknown,killed,,,,,,10543.953,,,,,,,,,
lltp,ILL/petri-nets/MCC,,,ClientsAndServers-0002-1_10_1.p,classical,auto,1,false,,5,0,3,,unknown,timeout,,focus,MELL,282,17,5011.979,162,158,3,136433664,0,0,2048,5000.000,2.672
lltp,ILL/petri-nets/MCC,,,ClientsAndServers-0002-1_100_1.p,classical,auto,1,false,,5,0,3,,unknown,timeout,,focus,MELL,266,17,5005.314,1,0,0,158375936,0,0,2048,4990.000,2.296
lltp,ILL/petri-nets/MCC,,,ClientsAndServers-0002-0_5_1.p,classical,auto,1,false,,5,0,3,,unknown,timeout,,focus,MELL,252,17,5040.192,1,0,0,132648960,0,0,2048,5030.000,2.295
lltp,ILL/petri-nets/MCC,,,ClientsAndServers-0002-0_50_1.p,classical,auto,1,false,,5,0,3,,unknown,timeout,,focus,MELL,258,17,5002.552,16959033,16959000,31,122648954,0,0,2048,4990.000,3.419
lltp,ILL/petri-nets/MCC,,,ClientsAndServers-0002-0_20_1.p,classical,auto,1,false,,5,0,3,,unknown,timeout,,focus,MELL,270,17,5000.170,16765844,16765812,30,118280054,0,0,2048,4990.000,2.797
lltp,ILL/petri-nets/MCC,,,ClientsAndServers-0002-0_1_1.p,classical,auto,1,false,,5,0,,,unknown,killed,,,,,,10542.690,,,,,,,,,
lltp,ILL/petri-nets/MCC,,,ClientsAndServers-0002-0_10_1.p,classical,auto,1,false,,5,0,3,,unknown,timeout,,focus,MELL,262,17,5026.963,161,157,3,135745536,0,0,2048,5010.000,2.391
lltp,ILL/petri-nets/MCC,,,ClientsAndServers-0002-0_100_1.p,classical,auto,1,false,,5,0,3,,unknown,timeout,,focus,MELL,250,17,5004.076,1,0,0,150016000,0,0,2048,4980.000,2.414
lltp,ILL/petri-nets/MCC,,,ClientsAndServers-0001-0_5_1.p,classical,auto,1,false,,5,0,3,,unknown,timeout,,focus,MELL,184,9,5015.173,15482406,15351034,131226,122531831,0,0,2048,5000.000,2.329
lltp,ILL/petri-nets/MCC,,,ClientsAndServers-0001-0_50_1.p,classical,auto,1,false,,5,0,3,,unknown,timeout,,focus,MELL,178,9,5000.045,35557589,35557523,64,111803026,0,0,2048,4990.000,3.603
lltp,ILL/petri-nets/MCC,,,ClientsAndServers-0001-0_20_1.p,classical,auto,1,false,,5,0,3,,unknown,timeout,,focus,MELL,182,9,5000.045,39867083,39866969,112,110168149,0,0,2048,4990.000,3.672
lltp,ILL/petri-nets/MCC,,,ClientsAndServers-0001-0_1_1.p,classical,auto,1,false,,5,0,3,,proved,,ok,focus,MELL,176,9,23.532,25,15,7,528448,0,0,2048,20.000,0.013
lltp,ILL/petri-nets/MCC,,,ClientsAndServers-0001-0_10_1.p,classical,auto,1,false,,5,0,3,,unknown,timeout,,focus,MELL,190,9,5000.066,34708906,34708812,92,104819818,0,0,2048,4990.000,3.084
lltp,ILL/petri-nets/MCC,,,ClientsAndServers-0001-0_100_1.p,classical,auto,1,false,,5,0,3,,unknown,timeout,,focus,MELL,178,9,5000.080,35065879,35065789,88,108073251,0,0,2048,4990.000,3.151
lltp,ILL/petri-nets/MCC,,,CircularTrains_CircularTrain-768_5_1.p,classical,auto,1,false,,5,0,3,,unknown,context_too_wide,,focus,MELL,9214,3,1.009,1,0,0,252,0,0,2048,0.000,0.000
lltp,ILL/petri-nets/MCC,,,CircularTrains_CircularTrain-768_50_1.p,classical,auto,1,false,,5,0,3,,unknown,context_too_wide,,focus,MELL,9214,3,0.855,1,0,0,230,0,0,2048,0.000,0.002
lltp,ILL/petri-nets/MCC,,,CircularTrains_CircularTrain-768_20_1.p,classical,auto,1,false,,5,0,3,,unknown,context_too_wide,,focus,MELL,9214,3,0.884,1,0,0,244,0,0,2048,0.000,0.002
lltp,ILL/petri-nets/MCC,,,CircularTrains_CircularTrain-768_1_1.p,classical,auto,1,false,,5,0,3,,unknown,context_too_wide,,focus,MELL,9214,3,0.595,1,0,0,47,0,0,2048,0.000,0.002
lltp,ILL/petri-nets/MCC,,,CircularTrains_CircularTrain-768_100_1.p,classical,auto,1,false,,5,0,3,,unknown,context_too_wide,,focus,MELL,9214,3,0.830,1,0,0,206,0,0,2048,0.000,0.002
lltp,ILL/petri-nets/MCC,,,CircularTrains_CircularTrain-384_5_1.p,classical,auto,1,false,,5,0,3,,unknown,context_too_wide,,focus,MELL,4606,3,0.289,1,0,0,124,0,0,2048,0.000,0.000
lltp,ILL/petri-nets/MCC,,,CircularTrains_CircularTrain-384_50_1.p,classical,auto,1,false,,5,0,3,,unknown,context_too_wide,,focus,MELL,4606,3,0.273,1,0,0,102,0,0,2048,0.000,0.000
lltp,ILL/petri-nets/MCC,,,CircularTrains_CircularTrain-384_20_1.p,classical,auto,1,false,,5,0,3,,unknown,context_too_wide,,focus,MELL,4606,3,0.285,1,0,0,116,0,0,2048,0.000,0.000
lltp,ILL/petri-nets/MCC,,,CircularTrains_CircularTrain-384_1_1.p,classical,auto,1,false,,5,0,3,,unknown,context_too_wide,,focus,MELL,4606,3,0.280,1,0,0,97,0,0,2048,0.000,0.000
lltp,ILL/petri-nets/MCC,,,CircularTrains_CircularTrain-384_100_1.p,classical,auto,1,false,,5,0,3,,unknown,context_too_wide,,focus,MELL,4606,3,0.254,1,0,0,78,0,0,2048,0.000,0.000
lltp,ILL/petri-nets/MCC,,,CircularTrains_CircularTrain-192_5_1.p,classical,auto,1,false,,5,0,3,,unknown,context_too_wide,,focus,MELL,2302,3,0.106,1,0,0,60,0,0,2048,0.000,0.000
lltp,ILL/petri-nets/MCC,,,CircularTrains_CircularTrain-192_50_1.p,classical,auto,1,false,,5,0,3,,unknown,context_too_wide,,focus,MELL,2302,3,0.095,1,0,0,38,0,0,2048,0.000,0.000
lltp,ILL/petri-nets/MCC,,,CircularTrains_CircularTrain-192_20_1.p,classical,auto,1,false,,5,0,3,,unknown,context_too_wide,,focus,MELL,2302,3,0.103,1,0,0,52,0,0,2048,0.000,0.000
lltp,ILL/petri-nets/MCC,,,CircularTrains_CircularTrain-192_1_1.p,classical,auto,1,false,,5,0,3,,unknown,context_too_wide,,focus,MELL,2302,3,0.099,1,0,0,33,0,0,2048,0.000,0.000
lltp,ILL/petri-nets/MCC,,,CircularTrains_CircularTrain-192_100_1.p,classical,auto,1,false,,5,0,3,,unknown,context_too_wide,,focus,MELL,2302,3,0.090,1,0,0,14,0,0,2048,0.000,0.000
lltp,ILL/petri-nets/MCC,,,CircularTrains_CircularTrain-096_5_1.p,classical,auto,1,false,,5,0,3,,unknown,context_too_wide,,focus,MELL,1150,3,0.045,1,0,0,1,0,0,2048,0.000,0.000
lltp,ILL/petri-nets/MCC,,,CircularTrains_CircularTrain-096_50_1.p,classical,auto,1,false,,5,0,3,,unknown,context_too_wide,,focus,MELL,1150,3,0.047,1,0,0,6,0,0,2048,0.000,0.000
lltp,ILL/petri-nets/MCC,,,CircularTrains_CircularTrain-096_20_1.p,classical,auto,1,false,,5,0,3,,unknown,context_too_wide,,focus,MELL,1150,3,0.054,1,0,0,21,0,0,2048,0.000,0.000
lltp,ILL/petri-nets/MCC,,,CircularTrains_CircularTrain-096_1_1.p,classical,auto,1,false,,5,0,3,,unknown,context_too_wide,,focus,MELL,1150,3,0.044,1,0,0,1,0,0,2048,0.000,0.000
lltp,ILL/petri-nets/MCC,,,CircularTrains_CircularTrain-096_100_1.p,classical,auto,1,false,,5,0,3,,unknown,context_too_wide,,focus,MELL,1150,3,0.047,1,0,0,1,0,0,2048,0.000,0.000
lltp,ILL/petri-nets/MCC,,,CircularTrains_CircularTrain-048_5_1.p,classical,auto,1,false,,5,0,3,,unknown,timeout,,focus,MELL,574,3,5024.169,1,0,0,100081664,0,0,2048,5010.000,2.078
lltp,ILL/petri-nets/MCC,,,CircularTrains_CircularTrain-048_50_1.p,classical,auto,1,false,,5,0,3,,unknown,timeout,,focus,MELL,574,3,5025.285,1,0,0,94629888,0,0,2048,5000.000,2.217
lltp,ILL/petri-nets/MCC,,,CircularTrains_CircularTrain-048_20_1.p,classical,auto,1,false,,5,0,3,,unknown,timeout,,focus,MELL,574,3,5019.674,1,0,0,105033728,0,0,2048,5010.000,4.305
lltp,ILL/petri-nets/MCC,,,CircularTrains_CircularTrain-048_1_1.p,classical,auto,1,false,,5,0,3,,unknown,timeout,,focus,MELL,574,3,5046.482,1,0,0,95678464,0,0,2048,5030.000,2.203
lltp,ILL/petri-nets/MCC,,,CircularTrains_CircularTrain-048_10_1.p,classical,auto,1,false,,5,0,3,,unknown,timeout,,focus,MELL,574,3,5006.730,1,0,0,97513472,0,0,2048,4990.000,3.355
lltp,ILL/petri-nets/MCC,,,CircularTrains_CircularTrain-048_100_1.p,classical,auto,1,false,,5,0,3,,unknown,timeout,,focus,MELL,574,3,5027.627,1,0,0,103256064,0,0,2048,5010.000,2.397
lltp,ILL/petri-nets/MCC,,,CircularTrains_CircularTrain-024_5_1.p,classical,auto,1,false,,5,0,3,,unknown,timeout,,focus,MELL,286,3,5020.619,1,0,0,135491584,0,0,2048,5000.000,2.181
lltp,ILL/petri-nets/MCC,,,CircularTrains_CircularTrain-024_50_1.p,classical,auto,1,false,,5,0,3,,unknown,timeout,,focus,MELL,286,3,5185.716,1,0,0,145358848,0,0,2048,5170.000,3.289
lltp,ILL/petri-nets/MCC,,,CircularTrains_CircularTrain-024_20_1.p,classical,auto,1,false,,5,0,3,,unknown,timeout,,focus,MELL,286,3,5023.596,1,0,0,143368192,0,0,2048,5010.000,2.682
lltp,ILL/petri-nets/MCC,,,CircularTrains_CircularTrain-024_1_1.p,classical,auto,1,false,,5,0,3,,unknown,timeout,,focus,MELL,286,3,5031.279,32,19,12,135200768,0,0,2048,5010.000,2.257
lltp,ILL/petri-nets/MCC,,,CircularTrains_CircularTrain-024_10_1.p,classical,auto,1,false,,5,0,3,,unknown,timeout,,focus,MELL,286,3,5008.768,1,0,0,146100224,0,0,2048,4990.000,4.464
lltp,ILL/petri-nets/MCC,,,CircularTrains_CircularTrain-024_100_1.p,classical,auto,1,false,,5,0,3,,unknown,timeout,,focus,MELL,286,3,5023.619,1,0,0,140210176,0,0,2048,5010.000,2.358
lltp,ILL/petri-nets/MCC,,,CircularTrains_CircularTrain-012_5_1.p,classical,auto,1,false,,5,0,3,,unknown,copy_bound,,focus,MELL,142,3,2195.489,32964,7262,21563,71740370,0,0,2048,2180.000,0.996
lltp,ILL/petri-nets/MCC,,,CircularTrains_CircularTrain-012_50_1.p,classical,auto,1,false,,5,0,3,,unknown,timeout,,focus,MELL,142,3,5009.522,6986,6954,30,166688057,0,0,2048,5000.000,2.186
lltp,ILL/petri-nets/MCC,,,CircularTrains_CircularTrain-012_20_1.p,classical,auto,1,false,,5,0,3,,unknown,timeout,,focus,MELL,142,3,5020.849,1,0,0,167837696,0,0,2048,5000.000,2.616
lltp,ILL/petri-nets/MCC,,,CircularTrains_CircularTrain-012_1_1.p,classical,auto,1,false,,5,0,3,,proved,,ok,focus,MELL,142,3,0.280,101,64,25,6456,0,0,2048,0.000,0.000
lltp,ILL/petri-nets/MCC,,,CircularTrains_CircularTrain-012_10_1.p,classical,auto,1,false,,5,0,3,,unknown,timeout,,focus,MELL,142,2,5011.381,10492509,10445624,46763,152088576,0,0,2048,4990.000,2.494
lltp,ILL/petri-nets/MCC,,,CircularTrains_CircularTrain-012_100_1.p,classical,auto,1,false,,5,0,3,,unknown,timeout,,focus,MELL,142,3,5019.641,46061,45995,64,167156278,0,0,2048,5010.000,2.541
lltp,ILL/petri-nets/MCC,,,CircadianClock_circadian_clock-001000_5_1.p,classical,auto,1,false,,5,0,3,,unknown,context_too_wide,,focus,MELL,20122,1004,2.353,1,0,0,1000,0,0,2048,0.000,0.004
lltp,ILL/petri-nets/MCC,,,CircadianClock_circadian_clock-001000_50_1.p,classical,auto,1,false,,5,0,3,,unknown,context_too_wide,,focus,MELL,20122,1004,2.072,1,0,0,992,0,0,2048,0.000,0.002
lltp,ILL/petri-nets/MCC,,,CircadianClock_circadian_clock-001000_20_1.p,classical,auto,1,false,,5,0,3,,unknown,context_too_wide,,focus,MELL,20122,1004,2.175,1,0,0,1000,0,0,2048,0.000,0.002
lltp,ILL/petri-nets/MCC,,,CircadianClock_circadian_clock-001000_1_1.p,classical,auto,1,false,,5,0,3,,unknown,context_too_wide,,focus,MELL,20122,1004,2.014,1,0,0,1000,0,0,2048,0.000,0.002
lltp,ILL/petri-nets/MCC,,,CircadianClock_circadian_clock-001000_10_1.p,classical,auto,1,false,,5,0,3,,unknown,context_too_wide,,focus,MELL,20122,1004,2.168,1,0,0,1000,0,0,2048,0.000,0.002
lltp,ILL/petri-nets/MCC,,,CircadianClock_circadian_clock-001000_100_1.p,classical,auto,1,false,,5,0,3,,unknown,context_too_wide,,focus,MELL,20122,1004,2.121,1,0,0,983,0,0,2048,0.000,0.002
lltp,ILL/petri-nets/MCC,,,CircadianClock_circadian_clock-000100_5_1.p,classical,auto,1,false,,5,0,3,,unknown,context_too_wide,,focus,MELL,2122,104,0.073,1,0,0,100,0,0,2048,0.000,0.000
lltp,ILL/petri-nets/MCC,,,CircadianClock_circadian_clock-000100_50_1.p,classical,auto,1,false,,5,0,3,,unknown,context_too_wide,,focus,MELL,2122,104,0.068,1,0,0,92,0,0,2048,0.000,0.000
lltp,ILL/petri-nets/MCC,,,CircadianClock_circadian_clock-000100_20_1.p,classical,auto,1,false,,5,0,3,,unknown,context_too_wide,,focus,MELL,2122,104,0.072,1,0,0,100,0,0,2048,0.000,0.000
lltp,ILL/petri-nets/MCC,,,CircadianClock_circadian_clock-000100_1_1.p,classical,auto,1,false,,5,0,3,,unknown,context_too_wide,,focus,MELL,2122,104,0.071,1,0,0,100,0,0,2048,0.000,0.000
lltp,ILL/petri-nets/MCC,,,CircadianClock_circadian_clock-000100_10_1.p,classical,auto,1,false,,5,0,3,,unknown,context_too_wide,,focus,MELL,2122,104,0.072,1,0,0,100,0,0,2048,0.000,0.000
lltp,ILL/petri-nets/MCC,,,CircadianClock_circadian_clock-000100_100_1.p,classical,auto,1,false,,5,0,3,,unknown,context_too_wide,,focus,MELL,2122,104,0.066,1,0,0,83,0,0,2048,0.000,0.000
lltp,ILL/petri-nets/MCC,,,CircadianClock_circadian_clock-000010_5_1.p,classical,auto,1,false,,5,0,3,,unknown,timeout,,focus,MELL,322,14,5014.436,1,0,0,153341952,0,0,2048,5000.000,5.258
lltp,ILL/petri-nets/MCC,,,CircadianClock_circadian_clock-000010_50_1.p,classical,auto,1,false,,5,0,3,,unknown,timeout,,focus,MELL,322,14,5004.054,1,0,0,156971008,0,0,2048,4990.000,3.503
lltp,ILL/petri-nets/MCC,,,CircadianClock_circadian_clock-000010_20_1.p,classical,auto,1,false,,5,0,3,,unknown,timeout,,focus,MELL,322,14,5039.897,1,0,0,146456576,0,0,2048,5020.000,2.974
lltp,ILL/petri-nets/MCC,,,CircadianClock_circadian_clock-000010_1_1.p,classical,auto,1,false,,5,0,3,,unknown,timeout,,focus,MELL,322,14,5010.908,1,0,0,142962688,0,0,2048,5000.000,2.269
lltp,ILL/petri-nets/MCC,,,CircadianClock_circadian_clock-000010_10_1.p,classical,auto,1,false,,5,0,3,,unknown,timeout,,focus,MELL,322,14,5027.815,1,0,0,146456576,0,0,2048,5010.000,2.094
lltp,ILL/petri-nets/MCC,,,CircadianClock_circadian_clock-000010_100_1.p,classical,auto,1,false,,5,0,3,,unknown,timeout,,focus,MELL,322,14,5003.066,1,0,0,139087872,0,0,2048,4990.000,2.094
lltp,ILL/petri-nets/MCC,,,CircadianClock_circadian_clock-000001_5_1.p,classical,auto,1,false,,5,0,3,,proved,,ok,focus,MELL,142,5,0.048,4,0,3,449,0,0,2048,0.000,0.000
lltp,ILL/petri-nets/MCC,,,CircadianClock_circadian_clock-000001_50_1.p,classical,auto,1,false,,5,0,3,,proved,,ok,focus,MELL,142,5,0.675,675,14,654,15284,0,0,2048,0.000,0.000
lltp,ILL/petri-nets/MCC,,,CircadianClock_circadian_clock-000001_20_1.p,classical,auto,1,false,,5,0,3,,proved,,ok,focus,MELL,142,5,0.667,675,14,654,15284,0,0,2048,0.000,0.000
lltp,ILL/petri-nets/MCC,,,CircadianClock_circadian_clock-000001_1_1.p,classical,auto,1,false,,5,0,3,,proved,,ok,focus,MELL,142,5,0.045,4,0,3,449,0,0,2048,0.000,0.000
lltp,ILL/petri-nets/MCC,,,CircadianClock_circadian_clock-000001_10_1.p,classical,auto,1,false,,5,0,3,,proved,,ok,focus,MELL,142,5,0.670,675,14,654,15284,0,0,2048,0.000,0.000
lltp,ILL/petri-nets/MCC,,,CircadianClock_circadian_clock-000001_100_1.p,classical,auto,1,false,,5,0,3,,proved,,ok,focus,MELL,142,5,0.661,675,14,654,15284,0,0,2048,0.000,0.000
lltp,ILL/petri-nets/MCC,,,CSRepetitions_cs_repetitions-7-unfolded_5_1.p,classical,auto,1,false,,5,0,3,,proved,,ok,focus,MELL,6522,350,79.297,8144,6618,1514,151656,0,0,2048,80.000,0.052
lltp,ILL/petri-nets/MCC,,,CSRepetitions_cs_repetitions-7-unfolded_50_1.p,classical,auto,1,false,,5,0,3,,unknown,timeout,,focus,MELL,6522,350,6250.517,1,0,0,25911296,0,0,2048,6230.000,2.669
lltp,ILL/petri-nets/MCC,,,CSRepetitions_cs_repetitions-7-unfolded_20_1.p,classical,auto,1,false,,5,0,3,,unknown,timeout,,focus,MELL,6522,350,5111.670,1,0,0,18640896,0,0,2048,5100.000,2.272
lltp,ILL/petri-nets/MCC,,,CSRepetitions_cs_repetitions-7-unfolded_1_1.p,classical,auto,1,false,,5,0,3,,proved,,ok,focus,MELL,6522,350,2.093,4,0,2,125,0,0,2048,0.000,0.002
lltp,ILL/petri-nets/MCC,,,CSRepetitions_cs_repetitions-5-unfolded_5_1.p,classical,auto,1,false,,5,0,3,,unknown,timeout,,focus,MELL,2538,130,5114.312,1,0,0,42586112,0,0,2048,5100.000,2.330
lltp,ILL/petri-nets/MCC,,,CSRepetitions_cs_repetitions-5-unfolded_50_1.p,classical,auto,1,false,,5,0,3,,unknown,timeout,,focus,MELL,2538,130,5267.035,1,0,0,44793856,0,0,2048,5250.000,2.775
lltp,ILL/petri-nets/MCC,,,CSRepetitions_cs_repetitions-5-unfolded_20_1.p,classical,auto,1,false,,5,0,3,,unknown,timeout,,focus,MELL,2538,130,5111.329,1,0,0,39120896,0,0,2048,5090.000,2.514
lltp,ILL/petri-nets/MCC,,,CSRepetitions_cs_repetitions-5-unfolded_1_1.p,classical,auto,1,false,,5,0,3,,proved,,ok,focus,MELL,2538,130,0.507,4,0,2,69,0,0,2048,0.000,0.002
lltp,ILL/petri-nets/MCC,,,CSRepetitions_cs_repetitions-4-unfolded_5_1.p,classical,auto,1,false,,5,0,3,,unknown,timeout,,focus,MELL,1374,68,5077.516,3416525,6405,1048576,24978642,0,0,2048,5050.000,3.904
lltp,ILL/petri-nets/MCC,,,CSRepetitions_cs_repetitions-4-unfolded_50_1.p,classical,auto,1,false,,5,0,3,,unknown,timeout,,focus,MELL,1374,68,5252.453,3014794,5,1048576,29132037,0,0,2048,5230.000,4.200
lltp,ILL/petri-nets/MCC,,,CSRepetitions_cs_repetitions-4-unfolded_20_1.p,classical,auto,1,false,,5,0,3,,unknown,timeout,,focus,MELL,1374,68,5046.299,1,0,0,47816704,0,0,2048,5030.000,3.630
lltp,ILL/petri-nets/MCC,,,CSRepetitions_cs_repetitions-4-unfolded_1_1.p,classical,auto,1,false,,5,0,3,,proved,,ok,focus,MELL,1374,68,0.236,4,0,2,47,0,0,2048,0.000,0.000
lltp,ILL/petri-nets/MCC,,,CSRepetitions_cs_repetitions-3-unfolded_5_1.p,classical,auto,1,false,,5,0,3,,unknown,timeout,,focus,MELL,634,30,5041.596,44158,21259,22881,82882560,0,0,2048,5030.000,2.195
lltp,ILL/petri-nets/MCC,,,CSRepetitions_cs_repetitions-3-unfolded_50_1.p,classical,auto,1,false,,5,0,3,,unknown,timeout,,focus,MELL,634,30,5252.065,1444770,221077,1048576,67153920,0,0,2048,5240.000,3.077
lltp,ILL/petri-nets/MCC,,,CSRepetitions_cs_repetitions-3-unfolded_20_1.p,classical,auto,1,false,,5,0,3,,unknown,timeout,,focus,MELL,634,30,5033.390,56431,1408,55013,78368768,0,0,2048,5010.000,2.719
lltp,ILL/petri-nets/MCC,,,CSRepetitions_cs_repetitions-3-unfolded_1_1.p,classical,auto,1,false,,5,0,3,,proved,,ok,focus,MELL,634,30,0.101,4,0,2,29,0,0,2048,0.000,0.000
lltp,ILL/petri-nets/MCC,,,CSRepetitions_cs_repetitions-3-unfolded_10_1.p,classical,auto,1,false,,5,0,3,,unknown,timeout,,focus,MELL,634,30,5030.122,1,0,0,83836928,0,0,2048,5010.000,2.872
lltp,ILL/petri-nets/MCC,,,CSRepetitions_cs_repetitions-2-unfolded_5_1.p,classical,auto,1,false,,5,0,3,,proved,,ok,focus,MELL,222,10,46.170,270220,261190,8444,857266,0,0,2048,40.000,0.055
lltp,ILL/petri-nets/MCC,,,CSRepetitions_cs_repetitions-2-unfolded_50_1.p,classical,auto,1,false,,5,0,3,,unknown,timeout,,focus,MELL,222,10,5044.550,22812866,22767715,41300,156072787,0,0,2048,5020.000,2.980
lltp,ILL/petri-nets/MCC,,,CSRepetitions_cs_repetitions-2-unfolded_20_1.p,classical,auto,1,false,,5,0,3,,proved,,ok,focus,MELL,222,10,126.189,412164,402493,9010,3241609,0,0,2048,110.000,0.535
lltp,ILL/petri-nets/MCC,,,CSRepetitions_cs_repetitions-2-unfolded_1_1.p,classical,auto,1,false,,5,0,3,,proved,,ok,focus,MELL,222,10,0.041,4,0,2,23,0,0,2048,0.000,0.000
lltp,ILL/petri-nets/MCC,,,CSRepetitions_cs_repetitions-2-unfolded_10_1.p,classical,auto,1,false,,5,0,3,,unknown,timeout,,focus,MELL,222,10,5039.246,22361067,22316131,41113,153038591,0,0,2048,5020.000,2.456
lltp,ILL/petri-nets/MCC,,,CSRepetitions_cs_repetitions-2-unfolded_100_1.p,classical,auto,1,false,,5,0,3,,proved,,ok,focus,MELL,222,10,120.518,412164,402493,9010,3241609,0,0,2048,110.000,0.082
lltp,ILL/petri-nets/MCC,,,CSRepetitions_cs_repetitions-10-unfolded_5_1.p,classical,auto,1,false,,5,0,3,,unknown,recursion_limit,,focus,MELL,18078,1010,2.540,0,0,0,0,0,0,2048,0.000,0.004
lltp,ILL/petri-nets/MCC,,,CSRepetitions_cs_repetitions-10-unfolded_50_1.p,classical,auto,1,false,,5,0,3,,unknown,recursion_limit,,focus,MELL,18078,1010,2.067,0,0,0,0,0,0,2048,0.000,0.002
lltp,ILL/petri-nets/MCC,,,CSRepetitions_cs_repetitions-10-unfolded_20_1.p,classical,auto,1,false,,5,0,3,,unknown,recursion_limit,,focus,MELL,18078,1010,2.096,0,0,0,0,0,0,2048,10.000,0.002
lltp,ILL/petri-nets/MCC,,,CSRepetitions_cs_repetitions-10-unfolded_1_1.p,classical,auto,1,false,,5,0,3,,unknown,recursion_limit,,focus,MELL,18078,1010,2.007,0,0,0,0,0,0,2048,0.000,0.002
lltp,ILL/petri-nets/MCC,,,BridgeAndVehicles-V80-P50-N50-unfolded_5_1.p,classical,auto,1,false,,5,0,3,,unknown,recursion_limit,,focus,MELL,136184,8163,18.100,0,0,0,0,0,0,2048,10.000,0.016
lltp,ILL/petri-nets/MCC,,,BridgeAndVehicles-V80-P50-N50-unfolded_50_1.p,classical,auto,1,false,,5,0,3,,unknown,recursion_limit,,focus,MELL,136184,8163,17.872,0,0,0,0,0,0,2048,20.000,0.013
lltp,ILL/petri-nets/MCC,,,BridgeAndVehicles-V80-P50-N50-unfolded_20_1.p,classical,auto,1,false,,5,0,3,,unknown,recursion_limit,,focus,MELL,136184,8163,17.195,0,0,0,0,0,0,2048,20.000,0.013
lltp,ILL/petri-nets/MCC,,,BridgeAndVehicles-V80-P50-N50-unfolded_1_1.p,classical,auto,1,false,,5,0,3,,unknown,recursion_limit,,focus,MELL,136186,8163,17.894,0,0,0,0,0,0,2048,10.000,0.019
lltp,ILL/petri-nets/MCC,,,BridgeAndVehicles-V80-P50-N50-unfolded_10_1.p,classical,auto,1,false,,5,0,3,,unknown,recursion_limit,,focus,MELL,136184,8163,17.793,0,0,0,0,0,0,2048,20.000,0.014
lltp,ILL/petri-nets/MCC,,,BridgeAndVehicles-V80-P50-N50-unfolded_100_1.p,classical,auto,1,false,,5,0,3,,unknown,recursion_limit,,focus,MELL,136180,8163,17.319,0,0,0,0,0,0,2048,20.000,0.015
lltp,ILL/petri-nets/MCC,,,BridgeAndVehicles-V80-P50-N20-unfolded_5_1.p,classical,auto,1,false,,5,0,3,,unknown,recursion_limit,,focus,MELL,58906,3363,7.527,0,0,0,0,0,0,2048,0.000,0.010
lltp,ILL/petri-nets/MCC,,,BridgeAndVehicles-V80-P50-N20-unfolded_50_1.p,classical,auto,1,false,,5,0,3,,unknown,recursion_limit,,focus,MELL,58904,3363,6.782,0,0,0,0,0,0,2048,0.000,0.005
lltp,ILL/petri-nets/MCC,,,BridgeAndVehicles-V80-P50-N20-unfolded_20_1.p,classical,auto,1,false,,5,0,3,,unknown,recursion_limit,,focus,MELL,58904,3363,7.464,0,0,0,0,0,0,2048,0.000,0.006
lltp,ILL/petri-nets/MCC,,,BridgeAndVehicles-V80-P50-N20-unfolded_1_1.p,classical,auto,1,false,,5,0,3,,unknown,recursion_limit,,focus,MELL,58906,3363,7.192,0,0,0,0,0,0,2048,0.000,0.006
lltp,ILL/petri-nets/MCC,,,BridgeAndVehicles-V80-P50-N20-unfolded_10_1.p,classical,auto,1,false,,5,0,3,,unknown,recursion_limit,,focus,MELL,58906,3363,7.530,0,0,0,0,0,0,2048,0.000,0.008
lltp,ILL/petri-nets/MCC,,,BridgeAndVehicles-V80-P50-N20-unfolded_100_1.p,classical,auto,1,false,,5,0,3,,unknown,recursion_limit,,focus,MELL,58900,3363,7.626,0,0,0,0,0,0,2048,0.000,0.009
lltp,ILL/petri-nets/MCC,,,BridgeAndVehicles-V80-P50-N10-unfolded_5_1.p,classical,auto,1,false,,5,0,3,,unknown,recursion_limit,,focus,MELL,33146,1763,3.364,0,0,0,0,0,0,2048,0.000,0.006
lltp,ILL/petri-nets/MCC,,,BridgeAndVehicles-V80-P50-N10-unfolded_50_1.p,classical,auto,1,false,,5,0,3,,unknown,recursion_limit,,focus,MELL,33144,1763,4.750,0,0,0,0,0,0,2048,0.000,0.408
lltp,ILL/petri-nets/MCC,,,BridgeAndVehicles-V80-P50-N10-unfolded_20_1.p,classical,auto,1,false,,5,0,3,,unknown,recursion_limit,,focus,MELL,33144,1763,3.193,0,0,0,0,0,0,2048,0.000,0.004
lltp,ILL/petri-nets/MCC,,,BridgeAndVehicles-V80-P50-N10-unfolded_1_1.p,classical,auto,1,false,,5,0,3,,unknown,recursion_limit,,focus,MELL,33146,1763,3.555,0,0,0,0,0,0,2048,0.000,0.017
lltp,ILL/petri-nets/MCC,,,BridgeAndVehicles-V80-P50-N10-unfolded_10_1.p,classical,auto,1,false,,5,0,3,,unknown,recursion_limit,,focus,MELL,33146,1763,3.396,0,0,0,0,0,0,2048,0.000,0.004
lltp,ILL/petri-nets/MCC,,,BridgeAndVehicles-V80-P50-N10-unfolded_100_1.p,classical,auto,1,false,,5,0,3,,unknown,recursion_limit,,focus,MELL,33140,1763,3.356,0,0,0,0,0,0,2048,0.000,0.004
lltp,ILL/petri-nets/MCC,,,BridgeAndVehicles-V80-P20-N50-unfolded_5_1.p,classical,auto,1,false,,5,0,3,,unknown,recursion_limit,,focus,MELL,135824,8163,18.030,0,0,0,0,0,0,2048,20.000,0.014
lltp,ILL/petri-nets/MCC,,,BridgeAndVehicles-V80-P20-N50-unfolded_50_1.p,classical,auto,1,false,,5,0,3,,unknown,recursion_limit,,focus,MELL,135824,8163,18.510,0,0,0,0,0,0,2048,20.000,0.016
lltp,ILL/petri-nets/MCC,,,BridgeAndVehicles-V80-P20-N50-unfolded_20_1.p,classical,auto,1,false,,5,0,3,,unknown,recursion_limit,,focus,MELL,135824,8163,18.449,0,0,0,0,0,0,2048,30.000,0.016
lltp,ILL/petri-nets/MCC,,,BridgeAndVehicles-V80-P20-N50-unfolded_1_1.p,classical,auto,1,false,,5,0,3,,unknown,recursion_limit,,focus,MELL,135826,8163,18.852,0,0,0,0,0,0,2048,30.000,0.017
lltp,ILL/petri-nets/MCC,,,BridgeAndVehicles-V80-P20-N50-unfolded_10_1.p,classical,auto,1,false,,5,0,3,,unknown,recursion_limit,,focus,MELL,135824,8163,18.125,0,0,0,0,0,0,2048,20.000,0.016
lltp,ILL/petri-nets/MCC,,,BridgeAndVehicles-V80-P20-N50-unfolded_100_1.p,classical,auto,1,false,,5,0,3,,unknown,recursion_limit,,focus,MELL,135820,8163,18.678,0,0,0,0,0,0,2048,30.000,0.016
lltp,ILL/petri-nets/MCC,,,BridgeAndVehicles-V80-P20-N20-unfolded_5_1.p,classical,auto,1,false,,5,0,3,,unknown,recursion_limit,,focus,MELL,58546,3363,7.446,0,0,0,0,0,0,2048,0.000,0.007
lltp,ILL/petri-nets/MCC,,,BridgeAndVehicles-V80-P20-N20-unfolded_50_1.p,classical,auto,1,false,,5,0,3,,unknown,recursion_limit,,focus,MELL,58544,3363,7.326,0,0,0,0,0,0,2048,10.000,0.006
lltp,ILL/petri-nets/MCC,,,BridgeAndVehicles-V80-P20-N20-unfolded_20_1.p,classical,auto,1,false,,5,0,3,,unknown,recursion_limit,,focus,MELL,58544,3363,7.875,0,0,0,0,0,0,2048,0.000,0.008
lltp,ILL/petri-nets/MCC,,,BridgeAndVehicles-V80-P20-N20-unfolded_1_1.p,classical,auto,1,false,,5,0,3,,unknown,recursion_limit,,focus,MELL,58546,3363,8.416,0,0,0,0,0,0,2048,0.000,0.008
lltp,ILL/petri-nets/MCC,,,BridgeAndVehicles-V80-P20-N20-unfolded_10_1.p,classical,auto,1,false,,5,0,3,,unknown,recursion_limit,,focus,MELL,58546,3363,8.374,0,0,0,0,0,0,2048,0.000,0.008
lltp,ILL/petri-nets/MCC,,,BridgeAndVehicles-V80-P20-N20-unfolded_100_1.p,classical,auto,1,false,,5,0,3,,unknown,recursion_limit,,focus,MELL,58540,3363,7.451,0,0,0,0,0,0,2048,0.000,0.007
lltp,ILL/petri-nets/MCC,,,BridgeAndVehicles-V80-P20-N10-unfolded_5_1.p,classical,auto,1,false,,5,0,3,,unknown,recursion_limit,,focus,MELL,32784,1763,3.636,0,0,0,0,0,0,2048,0.000,0.003
lltp,ILL/petri-nets/MCC,,,BridgeAndVehicles-V80-P20-N10-unfolded_50_1.p,classical,auto,1,false,,5,0,3,,unknown,recursion_limit,,focus,MELL,32784,1763,4.455,0,0,0,0,0,0,2048,0.000,0.004
lltp,ILL/petri-nets/MCC,,,BridgeAndVehicles-V80-P20-N10-unfolded_20_1.p,classical,auto,1,false,,5,0,3,,unknown,recursion_limit,,focus,MELL,32786,1763,3.613,0,0,0,0,0,0,2048,0.000,0.003
lltp,ILL/petri-nets/MCC,,,BridgeAndVehicles-V80-P20-N10-unfolded_1_1.p,classical,auto,1,false,,5,0,3,,unknown,recursion_limit,,focus,MELL,32786,1763,3.530,0,0,0,0,0,0,2048,0.000,0.004
lltp,ILL/petri-nets/MCC,,,BridgeAndVehicles-V80-P20-N10-unfolded_10_1.p,classical,auto,1,false,,5,0,3,,unknown,recursion_limit,,focus,MELL,32786,1763,4.332,0,0,0,0,0,0,2048,0.000,0.003
lltp,ILL/petri-nets/MCC,,,BridgeAndVehicles-V80-P20-N10-unfolded_100_1.p,classical,auto,1,false,,5,0,3,,unknown,recursion_limit,,focus,MELL,32780,1763,3.467,0,0,0,0,0,0,2048,0.000,0.002
lltp,ILL/petri-nets/MCC,,,BridgeAndVehicles-V50-P50-N50-unfolded_5_1.p,classical,auto,1,false,,5,0,3,,unknown,recursion_limit,,focus,MELL,85664,5103,11.687,0,0,0,0,0,0,2048,10.000,0.008
lltp,ILL/petri-nets/MCC,,,BridgeAndVehicles-V50-P50-N50-unfolded_50_1.p,classical,auto,1,false,,5,0,3,,unknown,recursion_limit,,focus,MELL,85664,5103,12.468,0,0,0,0,0,0,2048,10.000,0.010
lltp,ILL/petri-nets/MCC,,,BridgeAndVehicles-V50-P50-N50-unfolded_20_1.p,classical,auto,1,false,,5,0,3,,unknown,recursion_limit,,focus,MELL,85654,5103,12.425,0,0,0,0,0,0,2048,20.000,0.011
lltp,ILL/petri-nets/MCC,,,BridgeAndVehicles-V50-P50-N50-unfolded_1_1.p,classical,auto,1,false,,5,0,3,,unknown,recursion_limit,,focus,MELL,85666,5103,12.387,0,0,0,0,0,0,2048,0.000,0.011
lltp,ILL/petri-nets/MCC,,,BridgeAndVehicles-V50-P50-N50-unfolded_10_1.p,classical,auto,1,false,,5,0,3,,unknown,recursion_limit,,focus,MELL,85660,5103,12.362,0,0,0,0,0,0,2048,10.000,0.013
lltp,ILL/petri-nets/MCC,,,BridgeAndVehicles-V50-P50-N50-unfolded_100_1.p,classical,auto,1,false,,5,0,3,,unknown,recursion_limit,,focus,MELL,85640,5103,12.332,0,0,0,0,0,0,2048,10.000,0.012
lltp,ILL/petri-nets/MCC,,,BridgeAndVehicles-V50-P50-N20-unfolded_5_1.p,classical,auto,1,false,,5,0,3,,unknown,recursion_limit,,focus,MELL,37186,2103,4.690,0,0,0,0,0,0,2048,0.000,0.004
lltp,ILL/petri-nets/MCC,,,BridgeAndVehicles-V50-P50-N20-unfolded_50_1.p,classical,auto,1,false,,5,0,3,,unknown,recursion_limit,,focus,MELL,37184,2103,4.075,0,0,0,0,0,0,2048,0.000,0.016
lltp,ILL/petri-nets/MCC,,,BridgeAndVehicles-V50-P50-N20-unfolded_20_1.p,classical,auto,1,false,,5,0,3,,unknown,recursion_limit,,focus,MELL,37186,2103,5.392,0,0,0,0,0,0,2048,0.000,0.003
lltp,ILL/petri-nets/MCC,,,BridgeAndVehicles-V50-P50-N20-unfolded_1_1.p,classical,auto,1,false,,5,0,3,,unknown,recursion_limit,,focus,MELL,37186,2103,4.497,0,0,0,0,0,0,2048,0.000,0.165
lltp,ILL/petri-nets/MCC,,,BridgeAndVehicles-V50-P50-N20-unfolded_10_1.p,classical,auto,1,false,,5,0,3,,unknown,recursion_limit,,focus,MELL,37186,2103,4.196,0,0,0,0,0,0,2048,0.000,0.003
lltp,ILL/petri-nets/MCC,,,BridgeAndVehicles-V50-P50-N20-unfolded_100_1.p,classical,auto,1,false,,5,0,3,,unknown,recursion_limit,,focus,MELL,37160,2103,4.110,0,0,0,0,0,0,2048,0.000,0.004
lltp,ILL/petri-nets/MCC,,,BridgeAndVehicles-V50-P50-N10-unfolded_5_1.p,classical,auto,1,false,,5,0,3,,unknown,context_too_wide,,focus,MELL,21026,1103,4.111,2,0,1,2,0,0,2048,0.000,0.004
lltp,ILL/petri-nets/MCC,,,BridgeAndVehicles-V50-P50-N10-unfolded_50_1.p,classical,auto,1,false,,5,0,3,,unknown,context_too_wide,,focus,MELL,21024,1103,3.402,2,0,1,2,0,0,2048,0.000,0.002
lltp,ILL/petri-nets/MCC,,,BridgeAndVehicles-V50-P50-N10-unfolded_20_1.p,classical,auto,1,false,,5,0,3,,unknown,context_too_wide,,focus,MELL,21026,1103,4.006,2,0,1,2,0,0,2048,0.000,0.003
lltp,ILL/petri-nets/MCC,,,BridgeAndVehicles-V50-P50-N10-unfolded_1_1.p,classical,auto,1,false,,5,0,3,,unknown,context_too_wide,,focus,MELL,21026,1103,2.071,1,0,0,0,0,0,2048,0.000,0.002
lltp,ILL/petri-nets/MCC,,,BridgeAndVehicles-V50-P50-N10-unfolded_10_1.p,classical,auto,1,false,,5,0,3,,unknown,context_too_wide,,focus,MELL,21026,1103,3.986,2,0,1,2,0,0,2048,10.000,0.003
lltp,ILL/petri-nets/MCC,,,BridgeAndVehicles-V50-P50-N10-unfolded_100_1.p,classical,auto,1,false,,5,0,3,,unknown,context_too_wide,,focus,MELL,21006,1103,2.906,2,0,1,2,0,0,2048,0.000,0.002
lltp,ILL/petri-nets/MCC,,,BridgeAndVehicles-V50-P20-N50-unfolded_5_1.p,classical,auto,1,false,,5,0,3,,unknown,recursion_limit,,focus,MELL,85304,5103,11.745,0,0,0,0,0,0,2048,20.000,0.012
lltp,ILL/petri-nets/MCC,,,BridgeAndVehicles-V50-P20-N50-unfolded_50_1.p,classical,auto,1,false,,5,0,3,,unknown,recursion_limit,,focus,MELL,85304,5103,12.539,0,0,0,0,0,0,2048,10.000,0.011
lltp,ILL/petri-nets/MCC,,,BridgeAndVehicles-V50-P20-N50-unfolded_20_1.p,classical,auto,1,false,,5,0,3,,unknown,recursion_limit,,focus,MELL,85294,5103,12.431,0,0,0,0,0,0,2048,10.000,0.010
lltp,ILL/petri-nets/MCC,,,BridgeAndVehicles-V50-P20-N50-unfolded_1_1.p,classical,auto,1,false,,5,0,3,,unknown,recursion_limit,,focus,MELL,85306,5103,12.488,0,0,0,0,0,0,2048,20.000,0.011
lltp,ILL/petri-nets/MCC,,,BridgeAndVehicles-V50-P20-N50-unfolded_10_1.p,classical,auto,1,false,,5,0,3,,unknown,recursion_limit,,focus,MELL,85300,5103,12.360,0,0,0,0,0,0,2048,20.000,0.014
lltp,ILL/petri-nets/MCC,,,BridgeAndVehicles-V50-P20-N50-unfolded_100_1.p,classical,auto,1,false,,5,0,3,,unknown,recursion_limit,,focus,MELL,85280,5103,12.337,0,0,0,0,0,0,2048,20.000,0.013
lltp,ILL/petri-nets/MCC,,,BridgeAndVehicles-V50-P20-N20-unfolded_5_1.p,classical,auto,1,false,,5,0,3,,unknown,recursion_limit,,focus,MELL,36826,2103,4.564,0,0,0,0,0,0,2048,0.000,0.004
lltp,ILL/petri-nets/MCC,,,BridgeAndVehicles-V50-P20-N20-unfolded_50_1.p,classical,auto,1,false,,5,0,3,,unknown,recursion_limit,,focus,MELL,36824,2103,4.094,0,0,0,0,0,0,2048,0.000,0.004
lltp,ILL/petri-nets/MCC,,,BridgeAndVehicles-V50-P20-N20-unfolded_20_1.p,classical,auto,1,false,,5,0,3,,unknown,recursion_limit,,focus,MELL,36826,2103,4.055,0,0,0,0,0,0,2048,0.000,0.003
lltp,ILL/petri-nets/MCC,,,BridgeAndVehicles-V50-P20-N20-unfolded_1_1.p,classical,auto,1,false,,5,0,3,,unknown,recursion_limit,,focus,MELL,36826,2103,4.052,0,0,0,0,0,0,2048,0.000,0.004
lltp,ILL/petri-nets/MCC,,,BridgeAndVehicles-V50-P20-N20-unfolded_10_1.p,classical,auto,1,false,,5,0,3,,unknown,recursion_limit,,focus,MELL,36826,2103,4.116,0,0,0,0,0,0,2048,0.000,0.003
lltp,ILL/petri-nets/MCC,,,BridgeAndVehicles-V50-P20-N20-unfolded_100_1.p,classical,auto,1,false,,5,0,3,,unknown,recursion_limit,,focus,MELL,36800,2103,5.491,0,0,0,0,0,0,2048,0.000,0.010
lltp,ILL/petri-nets/MCC,,,BridgeAndVehicles-V50-P20-N10-unfolded_5_1.p,classical,auto,1,false,,5,0,3,,unknown,context_too_wide,,focus,MELL,20666,1103,4.046,2,0,1,2,0,0,2048,10.000,0.005
lltp,ILL/petri-nets/MCC,,,BridgeAndVehicles-V50-P20-N10-unfolded_50_1.p,classical,auto,1,false,,5,0,3,,unknown,context_too_wide,,focus,MELL,20664,1103,2.790,2,0,1,2,0,0,2048,10.000,0.016
lltp,ILL/petri-nets/MCC,,,BridgeAndVehicles-V50-P20-N10-unfolded_20_1.p,classical,auto,1,false,,5,0,3,,unknown,context_too_wide,,focus,MELL,20666,1103,3.824,2,0,1,2,0,0,2048,0.000,0.002
lltp,ILL/petri-nets/MCC,,,BridgeAndVehicles-V50-P20-N10-unfolded_1_1.p,classical,auto,1,false,,5,0,3,,unknown,context_too_wide,,focus,MELL,20666,1103,2.043,1,0,0,0,0,0,2048,0.000,0.002
lltp,ILL/petri-nets/MCC,,,BridgeAndVehicles-V50-P20-N10-unfolded_10_1.p,classical,auto,1,false,,5,0,3,,unknown,context_too_wide,,focus,MELL,20666,1103,3.799,2,0,1,2,0,0,2048,0.000,0.002
lltp,ILL/petri-nets/MCC,,,BridgeAndVehicles-V50-P20-N10-unfolded_100_1.p,classical,auto,1,false,,5,0,3,,unknown,context_too_wide,,focus,MELL,20646,1103,3.086,2,0,1,2,0,0,2048,10.000,0.002
lltp,ILL/petri-nets/MCC,,,BridgeAndVehicles-V20-P20-N50-unfolded_5_1.p,classical,auto,1,false,,5,0,3,,unknown,recursion_limit,,focus,MELL,34786,2043,5.353,0,0,0,0,0,0,2048,0.000,0.025
lltp,ILL/petri-nets/MCC,,,BridgeAndVehicles-V20-P20-N50-unfolded_50_1.p,classical,auto,1,false,,5,0,3,,unknown,recursion_limit,,focus,MELL,34772,2043,4.141,0,0,0,0,0,0,2048,0.000,0.010
lltp,ILL/petri-nets/MCC,,,BridgeAndVehicles-V20-P20-N50-unfolded_20_1.p,classical,auto,1,false,,5,0,3,,unknown,recursion_limit,,focus,MELL,34786,2043,4.693,0,0,0,0,0,0,2048,0.000,0.005
lltp,ILL/petri-nets/MCC,,,BridgeAndVehicles-V20-P20-N50-unfolded_1_1.p,classical,auto,1,false,,5,0,3,,unknown,recursion_limit,,focus,MELL,34786,2043,4.824,0,0,0,0,0,0,2048,0.000,0.134
lltp,ILL/petri-nets/MCC,,,BridgeAndVehicles-V20-P20-N50-unfolded_10_1.p,classical,auto,1,false,,5,0,3,,unknown,recursion_limit,,focus,MELL,34786,2043,4.154,0,0,0,0,0,0,2048,0.000,0.124
lltp,ILL/petri-nets/MCC,,,BridgeAndVehicles-V20-P20-N50-unfolded_100_1.p,classical,auto,1,false,,5,0,3,,unknown,recursion_limit,,focus,MELL,34782,2043,3.799,0,0,0,0,0,0,2048,0.000,0.003
lltp,ILL/petri-nets/MCC,,,BridgeAndVehicles-V20-P20-N20-unfolded_5_1.p,classical,auto,1,false,,5,0,3,,unknown,context_too_wide,,focus,MELL,15106,843,1.965,2,0,1,2,0,0,2048,0.000,0.002
lltp,ILL/petri-nets/MCC,,,BridgeAndVehicles-V20-P20-N20-unfolded_50_1.p,classical,auto,1,false,,5,0,3,,unknown,context_too_wide,,focus,MELL,15104,843,1.938,2,0,1,2,0,0,2048,0.000,0.000
lltp,ILL/petri-nets/MCC,,,BridgeAndVehicles-V20-P20-N20-unfolded_20_1.p,classical,auto,1,false,,5,0,3,,unknown,context_too_wide,,focus,MELL,15106,843,1.894,2,0,1,2,0,0,2048,0.000,0.000
lltp,ILL/petri-nets/MCC,,,BridgeAndVehicles-V20-P20-N20-unfolded_1_1.p,classical,auto,1,false,,5,0,3,,unknown,context_too_wide,,focus,MELL,15106,843,0.896,1,0,0,0,0,0,2048,0.000,0.000
lltp,ILL/petri-nets/MCC,,,BridgeAndVehicles-V20-P20-N20-unfolded_10_1.p,classical,auto,1,false,,5,0,3,,unknown,context_too_wide,,focus,MELL,15106,843,1.935,2,0,1,2,0,0,2048,0.000,0.000
lltp,ILL/petri-nets/MCC,,,BridgeAndVehicles-V20-P20-N20-unfolded_100_1.p,classical,auto,1,false,,5,0,3,,unknown,context_too_wide,,focus,MELL,15104,843,1.312,2,0,1,2,0,0,2048,0.000,0.001
lltp,ILL/petri-nets/MCC,,,BridgeAndVehicles-V20-P20-N10-unfolded_5_1.p,classical,auto,1,false,,5,0,3,,unknown,context_too_wide,,focus,MELL,8546,443,0.999,2,0,1,2,0,0,2048,0.000,0.001
lltp,ILL/petri-nets/MCC,,,BridgeAndVehicles-V20-P20-N10-unfolded_50_1.p,classical,auto,1,false,,5,0,3,,unknown,context_too_wide,,focus,MELL,8544,443,1.016,2,0,1,2,0,0,2048,0.000,0.001
lltp,ILL/petri-nets/MCC,,,BridgeAndVehicles-V20-P20-N10-unfolded_20_1.p,classical,auto,1,false,,5,0,3,,unknown,context_too_wide,,focus,MELL,8546,443,0.329,1,0,0,0,0,0,2048,0.000,0.002
lltp,ILL/petri-nets/MCC,,,BridgeAndVehicles-V20-P20-N10-unfolded_1_1.p,classical,auto,1,false,,5,0,3,,unknown,context_too_wide,,focus,MELL,8546,443,0.319,1,0,0,0,0,0,2048,0.000,0.000
lltp,ILL/petri-nets/MCC,,,BridgeAndVehicles-V20-P20-N10-unfolded_10_1.p,classical,auto,1,false,,5,0,3,,unknown,context_too_wide,,focus,MELL,8546,443,0.999,2,0,1,2,0,0,2048,0.000,0.002
lltp,ILL/petri-nets/MCC,,,BridgeAndVehicles-V20-P20-N10-unfolded_100_1.p,classical,auto,1,false,,5,0,3,,unknown,context_too_wide,,focus,MELL,8540,443,0.572,2,0,1,2,0,0,2048,0.000,0.002
lltp,ILL/petri-nets/MCC,,,BridgeAndVehicles-V20-P10-N50-unfolded_5_1.p,classical,auto,1,false,,5,0,3,,unknown,recursion_limit,,focus,MELL,34666,2043,5.213,0,0,0,0,0,0,2048,0.000,0.005
lltp,ILL/petri-nets/MCC,,,BridgeAndVehicles-V20-P10-N50-unfolded_50_1.p,classical,auto,1,false,,5,0,3,,unknown,recursion_limit,,focus,MELL,34652,2043,4.056,0,0,0,0,0,0,2048,0.000,0.004
lltp,ILL/petri-nets/MCC,,,BridgeAndVehicles-V20-P10-N50-unfolded_20_1.p,classical,auto,1,false,,5,0,3,,unknown,recursion_limit,,focus,MELL,34666,2043,3.876,0,0,0,0,0,0,2048,0.000,0.004
lltp,ILL/petri-nets/MCC,,,BridgeAndVehicles-V20-P10-N50-unfolded_1_1.p,classical,auto,1,false,,5,0,3,,unknown,recursion_limit,,focus,MELL,34666,2043,4.537,0,0,0,0,0,0,2048,0.000,0.003
lltp,ILL/petri-nets/MCC,,,BridgeAndVehicles-V20-P10-N50-unfolded_10_1.p,classical,auto,1,false,,5,0,3,,unknown,recursion_limit,,focus,MELL,34666,2043,3.885,0,0,0,0,0,0,2048,0.000,0.003
lltp,ILL/petri-nets/MCC,,,BridgeAndVehicles-V20-P10-N50-unfolded_100_1.p,classical,auto,1,false,,5,0,3,,unknown,recursion_limit,,focus,MELL,34662,2043,4.821,0,0,0,0,0,0,2048,0.000,0.006
lltp,ILL/petri-nets/MCC,,,BridgeAndVehicles-V20-P10-N20-unfolded_5_1.p,classical,auto,1,false,,5,0,3,,unknown,timeout,,focus,MELL,14986,843,5179.337,2,0,1,8011776,0,0,2048,5170.000,2.668
lltp,ILL/petri-nets/MCC,,,BridgeAndVehicles-V20-P10-N20-unfolded_50_1.p,classical,auto,1,false,,5,0,3,,unknown,timeout,,focus,MELL,14984,843,5201.040,2,0,1,8011776,0,0,2048,5190.000,2.591
lltp,ILL/petri-nets/MCC,,,BridgeAndVehicles-V20-P10-N20-unfolded_20_1.p,classical,auto,1,false,,5,0,3,,unknown,timeout,,focus,MELL,14986,843,5194.464,2,0,1,8011776,0,0,2048,5190.000,2.594
lltp,ILL/petri-nets/MCC,,,BridgeAndVehicles-V20-P10-N20-unfolded_1_1.p,classical,auto,1,false,,5,0,3,,unknown,timeout,,focus,MELL,14986,843,5594.252,1,0,0,17588224,0,0,2048,5590.000,3.006
lltp,ILL/petri-nets/MCC,,,BridgeAndVehicles-V20-P10-N20-unfolded_10_1.p,classical,auto,1,false,,5,0,3,,unknown,timeout,,focus,MELL,14986,843,5180.344,2,0,1,8011776,0,0,2048,5170.000,2.483
lltp,ILL/petri-nets/MCC,,,BridgeAndVehicles-V20-P10-N20-unfolded_100_1.p,classical,auto,1,false,,5,0,3,,unknown,timeout,,focus,MELL,14984,843,5306.381,807286,0,807284,3711719,0,0,2048,5280.000,6.103
lltp,ILL/petri-nets/MCC,,,BridgeAndVehicles-V20-P10-N10-unfolded_5_1.p,classical,auto,1,false,,5,0,3,,unknown,timeout,,focus,MELL,8426,443,5000.362,20371550,20369691,1857,22473074,0,0,2048,4990.000,3.044
lltp,ILL/petri-nets/MCC,,,BridgeAndVehicles-V20-P10-N10-unfolded_50_1.p,classical,auto,1,false,,5,0,3,,unknown,timeout,,focus,MELL,8424,443,5000.348,20439438,20437579,1857,22546300,0,0,2048,4990.000,2.853
lltp,ILL/petri-nets/MCC,,,BridgeAndVehicles-V20-P10-N10-unfolded_20_1.p,classical,auto,1,false,,5,0,3,,unknown,timeout,,focus,MELL,8426,443,5000.122,2586294,2586280,12,33191566,0,0,2048,4990.000,3.319
lltp,ILL/petri-nets/MCC,,,BridgeAndVehicles-V20-P10-N10-unfolded_1_1.p,classical,auto,1,false,,5,0,3,,unknown,timeout,,focus,MELL,8426,443,5040.957,1,0,0,25763840,0,0,2048,5030.000,3.280
lltp,ILL/petri-nets/MCC,,,BridgeAndVehicles-V20-P10-N10-unfolded_10_1.p,classical,auto,1,false,,5,0,3,,unknown,timeout,,focus,MELL,8426,443,5000.493,21638503,21636580,1921,23825487,0,0,2048,4990.000,3.555
lltp,ILL/petri-nets/MCC,,,BridgeAndVehicles-V20-P10-N10-unfolded_100_1.p,classical,auto,1,false,,5,0,3,,unknown,timeout,,focus,MELL,8420,443,5138.363,1433258,0,1048576,4963646,0,0,2048,5120.000,4.393
lltp,ILL/petri-nets/MCC,,,BridgeAndVehicles-V10-P10-N10-unfolded_5_1.p,classical,auto,1,false,,5,0,3,,unknown,timeout,,focus,MELL,4386,223,5022.011,2,0,1,29863936,0,0,2048,5010.000,3.168
lltp,ILL/petri-nets/MCC,,,BridgeAndVehicles-V10-P10-N10-unfolded_50_1.p,classical,auto,1,false,,5,0,3,,unknown,timeout,,focus,MELL,4386,223,5167.607,1,0,0,46714880,0,0,2048,5150.000,4.473
lltp,ILL/petri-nets/MCC,,,BridgeAndVehicles-V10-P10-N10-unfolded_20_1.p,classical,auto,1,false,,5,0,3,,unknown,timeout,,focus,MELL,4386,223,5000.083,8855844,8855814,28,62383825,0,0,2048,4990.000,4.294
lltp,ILL/petri-nets/MCC,,,BridgeAndVehicles-V10-P10-N10-unfolded_1_1.p,classical,auto,1,false,,5,0,3,,unknown,timeout,,focus,MELL,4386,223,5080.514,1,0,0,43511808,0,0,2048,5070.000,3.500
lltp,ILL/petri-nets/MCC,,,BridgeAndVehicles-V10-P10-N10-unfolded_10_1.p,classical,auto,1,false,,5,0,3,,unknown,timeout,,focus,MELL,4384,223,5011.749,2,0,1,29863936,0,0,2048,5000.000,3.000
lltp,ILL/petri-nets/MCC,,,BridgeAndVehicles-V10-P10-N10-unfolded_100_1.p,classical,auto,1,false,,5,0,3,,unknown,timeout,,focus,MELL,4384,223,5000.819,2,0,1,29310976,0,0,2048,4990.000,2.535
lltp,ILL/petri-nets/MCC,,,BridgeAndVehicles-V04-P05-N02-unfolded_5_1.p,classical,auto,1,false,,5,0,3,,unknown,timeout,,focus,MELL,748,27,5017.545,14024012,13860165,163845,85964502,0,0,2048,5000.000,2.702
lltp,ILL/petri-nets/MCC,,,BridgeAndVehicles-V04-P05-N02-unfolded_50_1.p,classical,auto,1,false,,5,0,3,,unknown,timeout,,focus,MELL,750,27,5002.081,1,0,0,104755200,0,0,2048,4990.000,3.279
lltp,ILL/petri-nets/MCC,,,BridgeAndVehicles-V04-P05-N02-unfolded_20_1.p,classical,auto,1,false,,5,0,3,,unknown,timeout,,focus,MELL,748,27,5019.573,13941132,13777285,163845,85463552,0,0,2048,5010.000,2.680
lltp,ILL/petri-nets/MCC,,,BridgeAndVehicles-V04-P05-N02-unfolded_1_1.p,classical,auto,1,false,,5,0,3,,unknown,timeout,,focus,MELL,750,27,5023.127,1,0,0,103829504,0,0,2048,5010.000,3.108
lltp,ILL/petri-nets/MCC,,,BridgeAndVehicles-V04-P05-N02-unfolded_10_1.p,classical,auto,1,false,,5,0,3,,unknown,timeout,,focus,MELL,748,27,5019.347,13829132,13665285,163845,84791758,0,0,2048,5000.000,2.662
lltp,ILL/petri-nets/MCC,,,BART-060-unf_5_1.p,classical,auto,1,false,,5,0,3,,unknown,recursion_limit,,focus,MELL,848766,11701,125.784,0,0,0,0,0,0,2048,130.000,0.097
lltp,ILL/petri-nets/MCC,,,BART-060-unf_50_1.p,classical,auto,1,false,,5,0,3,,unknown,recursion_limit,,focus,MELL,848766,11701,126.609,0,0,0,0,0,0,2048,130.000,0.095
lltp,ILL/petri-nets/MCC,,,BART-060-unf_20_1.p,classical,auto,1,false,,5,0,3,,unknown,recursion_limit,,focus,MELL,848766,11701,125.904,0,0,0,0,0,0,2048,120.000,0.102
lltp,ILL/petri-nets/MCC,,,BART-060-unf_1_1.p,classical,auto,1,false,,5,0,3,,unknown,recursion_limit,,focus,MELL,848766,11701,128.836,0,0,0,0,0,0,2048,130.000,0.100
lltp,ILL/petri-nets/MCC,,,BART-060-unf_100_1.p,classical,auto,1,false,,5,0,3,,unknown,recursion_limit,,focus,MELL,848766,11701,125.780,0,0,0,0,0,0,2048,130.000,0.100
lltp,ILL/petri-nets/MCC,,,BART-050-unf_5_1.p,classical,auto,1,false,,5,0,3,,unknown,recursion_limit,,focus,MELL,707486,9751,104.238,0,0,0,0,0,0,2048,110.000,0.080
lltp,ILL/petri-nets/MCC,,,BART-050-unf_50_1.p,classical,auto,1,false,,5,0,3,,unknown,recursion_limit,,focus,MELL,707486,9751,104.356,0,0,0,0,0,0,2048,100.000,0.092
lltp,ILL/petri-nets/MCC,,,BART-050-unf_20_1.p,classical,auto,1,false,,5,0,3,,unknown,recursion_limit,,focus,MELL,707486,9751,105.236,0,0,0,0,0,0,2048,100.000,0.078
lltp,ILL/petri-nets/MCC,,,BART-050-unf_1_1.p,classical,auto,1,false,,5,0,3,,unknown,recursion_limit,,focus,MELL,707486,9751,106.838,0,0,0,0,0,0,2048,110.000,0.083
lltp,ILL/petri-nets/MCC,,,BART-050-unf_100_1.p,classical,auto,1,false,,5,0,3,,unknown,recursion_limit,,focus,MELL,707486,9751,105.206,0,0,0,0,0,0,2048,100.000,0.079
lltp,ILL/petri-nets/MCC,,,BART-040-unf_5_1.p,classical,auto,1,false,,5,0,3,,unknown,recursion_limit,,focus,MELL,566206,7801,81.681,0,0,0,0,0,0,2048,70.000,0.063
lltp,ILL/petri-nets/MCC,,,BART-040-unf_50_1.p,classical,auto,1,false,,5,0,3,,unknown,recursion_limit,,focus,MELL,566206,7801,81.897,0,0,0,0,0,0,2048,80.000,0.072
lltp,ILL/petri-nets/MCC,,,BART-040-unf_20_1.p,classical,auto,1,false,,5,0,3,,unknown,recursion_limit,,focus,MELL,566206,7801,81.909,0,0,0,0,0,0,2048,90.000,0.061
lltp,ILL/petri-nets/MCC,,,BART-040-unf_1_1.p,classical,auto,1,false,,5,0,3,,unknown,recursion_limit,,focus,MELL,566206,7801,84.577,0,0,0,0,0,0,2048,80.000,0.064
lltp,ILL/petri-nets/MCC,,,BART-040-unf_100_1.p,classical,auto,1,false,,5,0,3,,unknown,recursion_limit,,focus,MELL,566206,7801,82.121,0,0,0,0,0,0,2048,80.000,0.062
lltp,ILL/petri-nets/MCC,,,BART-030-unf_5_1.p,classical,auto,1,false,,5,0,3,,unknown,recursion_limit,,focus,MELL,424926,5851,60.780,0,0,0,0,0,0,2048,60.000,0.051
lltp,ILL/petri-nets/MCC,,,BART-030-unf_50_1.p,classical,auto,1,false,,5,0,3,,unknown,recursion_limit,,focus,MELL,424926,5851,60.579,0,0,0,0,0,0,2048,50.000,0.050
lltp,ILL/petri-nets/MCC,,,BART-030-unf_20_1.p,classical,auto,1,false,,5,0,3,,unknown,recursion_limit,,focus,MELL,424926,5851,60.799,0,0,0,0,0,0,2048,60.000,0.053
lltp,ILL/petri-nets/MCC,,,BART-030-unf_1_1.p,classical,auto,1,false,,5,0,3,,unknown,recursion_limit,,focus,MELL,424926,5851,63.110,0,0,0,0,0,0,2048,60.000,0.048
lltp,ILL/petri-nets/MCC,,,BART-030-unf_100_1.p,classical,auto,1,false,,5,0,3,,unknown,recursion_limit,,focus,MELL,424926,5851,60.864,0,0,0,0,0,0,2048,60.000,0.051
lltp,ILL/petri-nets/MCC,,,BART-020-unf_5_1.p,classical,auto,1,false,,5,0,3,,unknown,recursion_limit,,focus,MELL,283646,3901,40.109,0,0,0,0,0,0,2048,40.000,0.035
lltp,ILL/petri-nets/MCC,,,BART-020-unf_50_1.p,classical,auto,1,false,,5,0,3,,unknown,recursion_limit,,focus,MELL,283646,3901,40.127,0,0,0,0,0,0,2048,40.000,0.031
lltp,ILL/petri-nets/MCC,,,BART-020-unf_20_1.p,classical,auto,1,false,,5,0,3,,unknown,recursion_limit,,focus,MELL,283646,3901,39.948,0,0,0,0,0,0,2048,40.000,0.032
lltp,ILL/petri-nets/MCC,,,BART-020-unf_1_1.p,classical,auto,1,false,,5,0,3,,unknown,recursion_limit,,focus,MELL,283646,3901,40.801,0,0,0,0,0,0,2048,50.000,0.032
lltp,ILL/petri-nets/MCC,,,BART-020-unf_100_1.p,classical,auto,1,false,,5,0,3,,unknown,recursion_limit,,focus,MELL,283646,3901,39.957,0,0,0,0,0,0,2048,40.000,0.035
lltp,ILL/petri-nets/MCC,,,BART-010-unf_5_1.p,classical,auto,1,false,,5,0,3,,unknown,recursion_limit,,focus,MELL,142366,1951,20.740,0,0,0,0,0,0,2048,30.000,0.017
lltp,ILL/petri-nets/MCC,,,BART-010-unf_50_1.p,classical,auto,1,false,,5,0,3,,unknown,recursion_limit,,focus,MELL,142366,1951,20.916,0,0,0,0,0,0,2048,20.000,0.016
lltp,ILL/petri-nets/MCC,,,BART-010-unf_20_1.p,classical,auto,1,false,,5,0,3,,unknown,recursion_limit,,focus,MELL,142366,1951,19.934,0,0,0,0,0,0,2048,30.000,0.016
lltp,ILL/petri-nets/MCC,,,BART-010-unf_1_1.p,classical,auto,1,false,,5,0,3,,unknown,recursion_limit,,focus,MELL,142366,1951,21.257,0,0,0,0,0,0,2048,30.000,0.017
lltp,ILL/petri-nets/MCC,,,BART-010-unf_100_1.p,classical,auto,1,false,,5,0,3,,unknown,recursion_limit,,focus,MELL,142366,1951,20.915,0,0,0,0,0,0,2048,20.000,0.023
lltp,ILL/petri-nets/MCC,,,BART-005-unf_5_1.p,classical,auto,1,false,,5,0,3,,unknown,recursion_limit,,focus,MELL,71726,976,9.645,0,0,0,0,0,0,2048,20.000,0.009
lltp,ILL/petri-nets/MCC,,,BART-005-unf_50_1.p,classical,auto,1,false,,5,0,3,,unknown,recursion_limit,,focus,MELL,71726,976,9.679,0,0,0,0,0,0,2048,0.000,0.008
lltp,ILL/petri-nets/MCC,,,BART-005-unf_20_1.p,classical,auto,1,false,,5,0,3,,unknown,recursion_limit,,focus,MELL,71726,976,9.714,0,0,0,0,0,0,2048,10.000,0.011
lltp,ILL/petri-nets/MCC,,,BART-005-unf_1_1.p,classical,auto,1,false,,5,0,3,,unknown,recursion_limit,,focus,MELL,71726,976,9.603,0,0,0,0,0,0,2048,20.000,0.007
lltp,ILL/petri-nets/MCC,,,BART-002-unf_5_1.p,classical,auto,1,false,,5,0,3,,unknown,recursion_limit,,focus,MELL,29342,391,3.751,0,0,0,0,0,0,2048,0.000,0.004
lltp,ILL/petri-nets/MCC,,,BART-002-unf_20_1.p,classical,auto,1,false,,5,0,3,,unknown,recursion_limit,,focus,MELL,29342,391,3.312,0,0,0,0,0,0,2048,0.000,0.004
lltp,ILL/petri-nets/MCC,,,BART-002-unf_1_1.p,classical,auto,1,false,,5,0,3,,unknown,recursion_limit,,focus,MELL,29342,391,4.596,0,0,0,0,0,0,2048,0.000,0.004
lltp,ILL/petri-nets/MCC,,,AutoFlight_afcs_96_b_5_1.p,classical,auto,1,false,,5,0,3,,unknown,recursion_limit,,focus,MELL,36408,105,4.575,0,0,0,0,0,0,2048,10.000,0.108
lltp,ILL/petri-nets/MCC,,,AutoFlight_afcs_96_b_50_1.p,classical,auto,1,false,,5,0,3,,unknown,recursion_limit,,focus,MELL,36482,105,4.458,0,0,0,0,0,0,2048,0.000,0.003
lltp,ILL/petri-nets/MCC,,,AutoFlight_afcs_96_b_20_1.p,classical,auto,1,false,,5,0,3,,unknown,recursion_limit,,focus,MELL,36422,105,5.427,0,0,0,0,0,0,2048,0.000,0.004
lltp,ILL/petri-nets/MCC,,,AutoFlight_afcs_96_b_1_1.p,classical,auto,1,false,,5,0,3,,unknown,recursion_limit,,focus,MELL,36402,104,5.041,0,0,0,0,0,0,2048,0.000,0.009
lltp,ILL/petri-nets/MCC,,,AutoFlight_afcs_96_b_10_1.p,classical,auto,1,false,,5,0,3,,unknown,recursion_limit,,focus,MELL,36410,105,4.123,0,0,0,0,0,0,2048,0.000,0.003
lltp,ILL/petri-nets/MCC,,,AutoFlight_afcs_96_b_100_1.p,classical,auto,1,false,,5,0,3,,unknown,recursion_limit,,focus,MELL,36582,105,5.275,0,0,0,0,0,0,2048,0.000,0.003
lltp,ILL/petri-nets/MCC,,,AutoFlight_afcs_96_a_5_1.p,classical,auto,1,false,,5,0,3,,unknown,recursion_limit,,focus,MELL,14854,105,1.764,0,0,0,0,0,0,2048,0.000,0.002
lltp,ILL/petri-nets/MCC,,,AutoFlight_afcs_96_a_50_1.p,classical,auto,1,false,,5,0,3,,unknown,recursion_limit,,focus,MELL,14854,105,1.624,0,0,0,0,0,0,2048,0.000,0.002
lltp,ILL/petri-nets/MCC,,,AutoFlight_afcs_96_a_20_1.p,classical,auto,1,false,,5,0,3,,unknown,recursion_limit,,focus,MELL,14854,105,1.634,0,0,0,0,0,0,2048,0.000,0.002
lltp,ILL/petri-nets/MCC,,,AutoFlight_afcs_96_a_1_1.p,classical,auto,1,false,,5,0,3,,unknown,recursion_limit,,focus,MELL,14854,105,1.687,0,0,0,0,0,0,2048,0.000,0.002
lltp,ILL/petri-nets/MCC,,,AutoFlight_afcs_96_a_100_1.p,classical,auto,1,false,,5,0,3,,unknown,recursion_limit,,focus,MELL,14854,105,1.647,0,0,0,0,0,0,2048,0.000,0.003
lltp,ILL/petri-nets/MCC,,,AutoFlight_afcs_48_b_5_1.p,classical,auto,1,false,,5,0,3,,unknown,recursion_limit,,focus,MELL,18214,52,2.876,0,0,0,0,0,0,2048,10.000,0.003
lltp,ILL/petri-nets/MCC,,,AutoFlight_afcs_48_b_50_1.p,classical,auto,1,false,,5,0,3,,unknown,recursion_limit,,focus,MELL,18306,53,2.159,0,0,0,0,0,0,2048,0.000,0.002
lltp,ILL/petri-nets/MCC,,,AutoFlight_afcs_48_b_20_1.p,classical,auto,1,false,,5,0,3,,unknown,recursion_limit,,focus,MELL,18246,53,2.096,0,0,0,0,0,0,2048,0.000,0.002
lltp,ILL/petri-nets/MCC,,,AutoFlight_afcs_48_b_1_1.p,classical,auto,1,false,,5,0,3,,unknown,recursion_limit,,focus,MELL,18210,52,2.714,0,0,0,0,0,0,2048,0.000,0.003
lltp,ILL/petri-nets/MCC,,,AutoFlight_afcs_48_b_10_1.p,classical,auto,1,false,,5,0,3,,unknown,recursion_limit,,focus,MELL,18218,53,2.675,0,0,0,0,0,0,2048,10.000,0.004
lltp,ILL/petri-nets/MCC,,,AutoFlight_afcs_48_b_100_1.p,classical,auto,1,false,,5,0,3,,unknown,recursion_limit,,focus,MELL,18316,53,2.210,0,0,0,0,0,0,2048,0.000,0.011
lltp,ILL/petri-nets/MCC,,,AutoFlight_afcs_48_a_5_1.p,classical,auto,1,false,,5,0,3,,unknown,context_too_wide,,focus,MELL,7430,53,0.687,3,0,1,48,0,0,2048,0.000,0.002
lltp,ILL/petri-nets/MCC,,,AutoFlight_afcs_48_a_50_1.p,classical,auto,1,false,,5,0,3,,unknown,context_too_wide,,focus,MELL,7430,53,10.977,965,0,962,5739,0,0,2048,10.000,0.018
lltp,ILL/petri-nets/MCC,,,AutoFlight_afcs_48_a_20_1.p,classical,auto,1,false,,5,0,3,,unknown,context_too_wide,,focus,MELL,7430,53,11.028,965,0,962,5739,0,0,2048,10.000,0.013
lltp,ILL/petri-nets/MCC,,,AutoFlight_afcs_48_a_1_1.p,classical,auto,1,false,,5,0,3,,unknown,context_too_wide,,focus,MELL,7430,53,0.661,3,0,1,63,0,0,2048,0.000,0.002
lltp,ILL/petri-nets/MCC,,,AutoFlight_afcs_48_a_100_1.p,classical,auto,1,false,,5,0,3,,unknown,context_too_wide,,focus,MELL,7430,53,0.549,3,0,1,9,0,0,2048,0.000,0.000
lltp,ILL/petri-nets/MCC,,,AutoFlight_afcs_24_b_5_1.p,classical,auto,1,false,,5,0,3,,unknown,recursion_limit,,focus,MELL,10380,27,1.358,0,0,0,0,0,0,2048,0.000,0.002
lltp,ILL/petri-nets/MCC,,,AutoFlight_afcs_24_b_50_1.p,classical,auto,1,false,,5,0,3,,unknown,recursion_limit,,focus,MELL,10428,27,1.323,0,0,0,0,0,0,2048,0.000,0.002
lltp,ILL/petri-nets/MCC,,,AutoFlight_afcs_24_b_20_1.p,classical,auto,1,false,,5,0,3,,unknown,recursion_limit,,focus,MELL,10384,27,1.314,0,0,0,0,0,0,2048,0.000,0.002
lltp,ILL/petri-nets/MCC,,,AutoFlight_afcs_24_b_1_1.p,classical,auto,1,false,,5,0,3,,unknown,recursion_limit,,focus,MELL,10374,26,1.318,0,0,0,0,0,0,2048,0.000,0.002
lltp,ILL/petri-nets/MCC,,,AutoFlight_afcs_24_b_10_1.p,classical,auto,1,false,,5,0,3,,unknown,recursion_limit,,focus,MELL,10384,27,1.259,0,0,0,0,0,0,2048,0.000,0.002
lltp,ILL/petri-nets/MCC,,,AutoFlight_afcs_24_b_100_1.p,classical,auto,1,false,,5,0,3,,unknown,recursion_limit,,focus,MELL,10428,27,1.282,0,0,0,0,0,0,2048,0.000,0.002
lltp,ILL/petri-nets/MCC,,,AutoFlight_afcs_24_a_5_1.p,classical,auto,1,false,,5,0,3,,unknown,context_too_wide,,focus,MELL,4174,27,0.318,3,0,1,67,0,0,2048,0.000,0.000
lltp,ILL/petri-nets/MCC,,,AutoFlight_afcs_24_a_50_1.p,classical,auto,1,false,,5,0,3,,unknown,context_too_wide,,focus,MELL,4174,27,3.700,541,0,538,3325,0,0,2048,0.000,0.003
lltp,ILL/petri-nets/MCC,,,AutoFlight_afcs_24_a_20_1.p,classical,auto,1,false,,5,0,3,,unknown,context_too_wide,,focus,MELL,4174,27,3.817,581,0,578,3375,0,0,2048,0.000,0.008
lltp,ILL/petri-nets/MCC,,,AutoFlight_afcs_24_a_1_1.p,classical,auto,1,false,,5,0,3,,unknown,context_too_wide,,focus,MELL,4174,27,0.317,3,0,1,67,0,0,2048,0.000,0.000
lltp,ILL/petri-nets/MCC,,,AutoFlight_afcs_24_a_100_1.p,classical,auto,1,false,,5,0,3,,unknown,context_too_wide,,focus,MELL,4174,27,3.814,533,0,530,3433,0,0,2048,0.000,0.001
lltp,ILL/petri-nets/MCC,,,AutoFlight_afcs_12_b_5_1.p,classical,auto,1,false,,5,0,3,,unknown,timeout,,focus,MELL,5244,15,5018.996,1588849,1478975,108163,7172119,0,0,2048,5000.000,2.728
lltp,ILL/petri-nets/MCC,,,AutoFlight_afcs_12_b_50_1.p,classical,auto,1,false,,5,0,3,,unknown,timeout,,focus,MELL,5254,15,5009.559,6139553,6080151,58687,18172072,0,0,2048,5000.000,2.341
lltp,ILL/petri-nets/MCC,,,AutoFlight_afcs_12_b_20_1.p,classical,auto,1,false,,5,0,3,,unknown,timeout,,focus,MELL,5260,15,5008.724,5072919,5018252,54008,18519053,0,0,2048,4990.000,2.270
lltp,ILL/petri-nets/MCC,,,AutoFlight_afcs_12_b_1_1.p,classical,auto,1,false,,5,0,3,,proved,,ok,focus,MELL,5238,14,0.638,2,0,1,1,0,0,2048,0.000,0.000
lltp,ILL/petri-nets/MCC,,,AutoFlight_afcs_12_b_10_1.p,classical,auto,1,false,,5,0,3,,unknown,timeout,,focus,MELL,5252,15,5010.724,6613668,6545413,67430,18121497,0,0,2048,5000.000,2.472
lltp,ILL/petri-nets/MCC,,,AutoFlight_afcs_12_b_100_1.p,classical,auto,1,false,,5,0,3,,unknown,timeout,,focus,MELL,5266,15,5012.916,51026,39706,11241,11800947,0,0,2048,5000.000,3.058
lltp,ILL/petri-nets/MCC,,,AutoFlight_afcs_12_a_5_1.p,classical,auto,1,false,,5,0,3,,unknown,context_too_wide,,focus,MELL,2110,15,1.195,277,0,274,1689,0,0,2048,0.000,0.002
lltp,ILL/petri-nets/MCC,,,AutoFlight_afcs_12_a_50_1.p,classical,auto,1,false,,5,0,3,,unknown,context_too_wide,,focus,MELL,2110,15,0.124,3,0,1,4,0,0,2048,0.000,0.000
lltp,ILL/petri-nets/MCC,,,AutoFlight_afcs_12_a_20_1.p,classical,auto,1,false,,5,0,3,,unknown,context_too_wide,,focus,MELL,2110,15,0.121,3,0,1,4,0,0,2048,0.000,0.000
lltp,ILL/petri-nets/MCC,,,AutoFlight_afcs_12_a_1_1.p,classical,auto,1,false,,5,0,3,,unknown,context_too_wide,,focus,MELL,2110,15,0.157,3,0,1,4,0,0,2048,0.000,0.010
lltp,ILL/petri-nets/MCC,,,AutoFlight_afcs_12_a_100_1.p,classical,auto,1,false,,5,0,3,,unknown,context_too_wide,,focus,MELL,2110,15,0.129,3,0,1,4,0,0,2048,0.000,0.000
lltp,ILL/petri-nets/MCC,,,AutoFlight_afcs_06_b_5_1.p,classical,auto,1,false,,5,0,3,,unknown,timeout,,focus,MELL,2676,9,5024.851,3453648,3299362,146526,13388145,0,0,2048,5010.000,2.670
lltp,ILL/petri-nets/MCC,,,AutoFlight_afcs_06_b_50_1.p,classical,auto,1,false,,5,0,3,,unknown,timeout,,focus,MELL,2692,8,5027.778,3745827,3583461,156252,13569513,0,0,2048,5010.000,2.777
lltp,ILL/petri-nets/MCC,,,AutoFlight_afcs_06_b_20_1.p,classical,auto,1,false,,5,0,3,,unknown,timeout,,focus,MELL,2686,9,5023.889,5279617,5131265,141850,18049341,0,0,2048,5010.000,2.567
lltp,ILL/petri-nets/MCC,,,AutoFlight_afcs_06_b_1_1.p,classical,auto,1,false,,5,0,3,,proved,,ok,focus,MELL,2670,8,0.263,2,0,1,1,0,0,2048,0.000,0.002
lltp,ILL/petri-nets/MCC,,,AutoFlight_afcs_06_b_10_1.p,classical,auto,1,false,,5,0,3,,unknown,timeout,,focus,MELL,2682,9,5025.263,4274099,4117491,149306,15036342,0,0,2048,5010.000,2.661
lltp,ILL/petri-nets/MCC,,,AutoFlight_afcs_06_b_100_1.p,classical,auto,1,false,,5,0,3,,unknown,timeout,,focus,MELL,2694,8,5023.403,3196424,3058197,132589,13711571,0,0,2048,5010.000,2.576
lltp,ILL/petri-nets/MCC,,,AutoFlight_afcs_06_a_5_1.p,classical,auto,1,false,,5,0,3,,unknown,timeout,,focus,MELL,1078,9,5096.523,3,0,1,55525376,0,0,2048,5080.000,2.145
lltp,ILL/petri-nets/MCC,,,AutoFlight_afcs_06_a_50_1.p,classical,auto,1,false,,5,0,3,,unknown,timeout,,focus,MELL,1078,9,5010.563,137,0,134,64974848,0,0,2048,5000.000,2.203
lltp,ILL/petri-nets/MCC,,,AutoFlight_afcs_06_a_20_1.p,classical,auto,1,false,,5,0,3,,unknown,timeout,,focus,MELL,1078,9,5074.701,6604532,1,1048576,6605259,0,0,2048,5060.000,4.490
lltp,ILL/petri-nets/MCC,,,AutoFlight_afcs_06_a_1_1.p,classical,auto,1,false,,5,0,3,,unknown,timeout,,focus,MELL,1078,9,5026.951,3,0,1,53276672,0,0,2048,5000.000,3.447
lltp,ILL/petri-nets/MCC,,,AutoFlight_afcs_06_a_10_1.p,classical,auto,1,false,,5,0,3,,unknown,timeout,,focus,MELL,1078,9,5024.448,131,0,128,50319360,0,0,2048,5010.000,4.157
lltp,ILL/petri-nets/MCC,,,AutoFlight_afcs_06_a_100_1.p,classical,auto,1,false,,5,0,3,,unknown,timeout,,focus,MELL,1078,9,5020.822,137,0,134,63401984,0,0,2048,5000.000,2.714
lltp,ILL/petri-nets/MCC,,,AutoFlight_afcs_05_b_5_1.p,classical,auto,1,false,,5,0,3,,unknown,timeout,,focus,MELL,2248,8,5020.758,4339993,4201625,128184,16511492,0,0,2048,5010.000,3.163
lltp,ILL/petri-nets/MCC,,,AutoFlight_afcs_05_b_50_1.p,classical,auto,1,false,,5,0,3,,unknown,timeout,,focus,MELL,2262,7,5025.440,3991422,3836585,147240,16075717,0,0,2048,5000.000,2.804
lltp,ILL/petri-nets/MCC,,,AutoFlight_afcs_05_b_20_1.p,classical,auto,1,false,,5,0,3,,unknown,timeout,,focus,MELL,2262,8,5017.664,223621,203330,19657,25372481,0,0,2048,5000.000,3.269
lltp,ILL/petri-nets/MCC,,,AutoFlight_afcs_05_b_1_1.p,classical,auto,1,false,,5,0,3,,proved,,ok,focus,MELL,2242,7,0.192,2,0,1,1,0,0,2048,0.000,0.000
lltp,ILL/petri-nets/MCC,,,AutoFlight_afcs_05_b_10_1.p,classical,auto,1,false,,5,0,3,,unknown,timeout,,focus,MELL,2252,8,5022.173,4644669,4506576,128006,17006250,0,0,2048,5010.000,2.703
lltp,ILL/petri-nets/MCC,,,AutoFlight_afcs_05_b_100_1.p,classical,auto,1,false,,5,0,3,,unknown,timeout,,focus,MELL,2270,8,5017.106,2853706,2737871,110030,17012290,0,0,2048,5000.000,2.573
lltp,ILL/petri-nets/MCC,,,AutoFlight_afcs_05_a_5_1.p,classical,auto,1,false,,5,0,3,,unknown,timeout,,focus,MELL,906,8,5019.837,3,0,1,62287872,0,0,2048,5000.000,2.049
lltp,ILL/petri-nets/MCC,,,AutoFlight_afcs_05_a_50_1.p,classical,auto,1,false,,5,0,,,unknown,killed,,,,,,10516.282,,,,,,,,,
lltp,ILL/petri-nets/MCC,,,AutoFlight_afcs_05_a_20_1.p,classical,auto,1,false,,5,0,,,unknown,killed,,,,,,10501.047,,,,,,,,,
lltp,ILL/petri-nets/MCC,,,AutoFlight_afcs_05_a_1_1.p,classical,auto,1,false,,5,0,,,unknown,killed,,,,,,10504.361,,,,,,,,,
lltp,ILL/petri-nets/MCC,,,AutoFlight_afcs_05_a_10_1.p,classical,auto,1,false,,5,0,3,,unknown,timeout,,focus,MELL,906,8,5105.746,3,0,1,61566976,0,0,2048,4950.000,2.216
lltp,ILL/petri-nets/MCC,,,AutoFlight_afcs_04_b_5_1.p,classical,auto,1,false,,5,0,3,,unknown,timeout,,focus,MELL,1820,7,5015.560,5765489,5646498,106471,20733890,0,0,2048,4930.000,2.919
lltp,ILL/petri-nets/MCC,,,AutoFlight_afcs_04_b_50_1.p,classical,auto,1,false,,5,0,3,,unknown,copy_bound,,focus,MELL,1830,6,4284.823,4418089,4306270,102072,17421311,0,0,2048,4260.000,2.203
lltp,ILL/petri-nets/MCC,,,AutoFlight_afcs_04_b_20_1.p,classical,auto,1,false,,5,0,3,,unknown,timeout,,focus,MELL,1834,7,5020.554,7190546,7054886,124286,24883973,0,0,2048,4960.000,2.805
lltp,ILL/petri-nets/MCC,,,AutoFlight_afcs_04_b_1_1.p,classical,auto,1,false,,5,0,3,,proved,,ok,focus,MELL,1814,6,0.171,2,0,1,1,0,0,2048,0.000,0.000
lltp,ILL/petri-nets/MCC,,,AutoFlight_afcs_04_b_10_1.p,classical,auto,1,false,,5,0,3,,unknown,timeout,,focus,MELL,1826,7,5004.137,650116,615467,32951,27525578,0,0,2048,4930.000,2.831
lltp,ILL/petri-nets/MCC,,,AutoFlight_afcs_04_b_100_1.p,classical,auto,1,false,,5,0,3,,unknown,copy_bound,,focus,MELL,1852,7,5004.698,5232988,5101875,120226,19815050,0,0,2048,4830.000,2.773
lltp,ILL/petri-nets/MCC,,,AutoFlight_afcs_04_a_5_1.p,classical,auto,1,false,,5,0,3,,unknown,timeout,,focus,MELL,734,7,5063.809,3,0,1,69017600,0,0,2048,4970.000,2.490
lltp,ILL/petri-nets/MCC,,,AutoFlight_afcs_04_a_20_1.p,classical,auto,1,false,,5,0,3,,unknown,timeout,,focus,MELL,734,7,5002.387,83,0,80,63885312,0,0,2048,4960.000,3.460
lltp,ILL/petri-nets/MCC,,,AutoFlight_afcs_04_a_1_1.p,classical,auto,1,false,,5,0,3,,unknown,timeout,,focus,MELL,734,7,5021.072,3,0,1,70422528,0,0,2048,4940.000,3.238
lltp,ILL/petri-nets/MCC,,,AutoFlight_afcs_04_a_10_1.p,classical,auto,1,false,,5,0,3,,unknown,timeout,,focus,MELL,734,7,5106.394,3,0,1,71921664,0,0,2048,5060.000,3.724
lltp,ILL/petri-nets/MCC,,,AutoFlight_afcs_03_b_5_1.p,classical,auto,1,false,,5,0,3,,unknown,copy_bound,,focus,MELL,1392,6,1756.256,1852396,1802587,44274,9540220,0,0,2048,1740.000,2.304
lltp,ILL/petri-nets/MCC,,,AutoFlight_afcs_03_b_50_1.p,classical,auto,1,false,,5,0,3,,unknown,copy_bound,,focus,MELL,1398,6,1651.298,1712407,1666073,41074,8959548,0,0,2048,1620.000,1.505
lltp,ILL/petri-nets/MCC,,,AutoFlight_afcs_03_b_20_1.p,classical,auto,1,false,,5,0,3,,unknown,timeout,,focus,MELL,1402,6,5002.055,276025,259497,15583,38698842,0,0,2048,4980.000,6.223
lltp,ILL/petri-nets/MCC,,,AutoFlight_afcs_03_b_1_1.p,classical,auto,1,false,,5,0,3,,proved,,ok,focus,MELL,1386,5,0.128,2,0,1,1,0,0,2048,0.000,0.000
lltp,ILL/petri-nets/MCC,,,AutoFlight_afcs_03_b_10_1.p,classical,auto,1,false,,5,0,3,,unknown,timeout,,focus,MELL,1400,6,5006.278,457262,433693,22105,37516600,0,0,2048,4990.000,6.135
lltp,ILL/petri-nets/MCC,,,AutoFlight_afcs_03_b_100_1.p,classical,auto,1,false,,5,0,3,,unknown,timeout,,focus,MELL,1426,6,5003.495,461513,437265,22787,37583490,0,0,2048,4990.000,4.222
lltp,ILL/petri-nets/MCC,,,AutoFlight_afcs_03_a_5_1.p,classical,auto,1,false,,5,0,3,,unknown,timeout,,focus,MELL,562,6,5015.748,74,0,71,88305664,0,0,2048,4970.000,4.086
lltp,ILL/petri-nets/MCC,,,AutoFlight_afcs_03_a_50_1.p,classical,auto,1,false,,5,0,3,,unknown,timeout,,focus,MELL,562,6,5012.547,66,0,63,87810048,0,0,2048,4930.000,4.845
lltp,ILL/petri-nets/MCC,,,AutoFlight_afcs_03_a_20_1.p,classical,auto,1,false,,5,0,3,,unknown,timeout,,focus,MELL,562,6,5026.969,64,0,60,82186240,0,0,2048,5010.000,4.567
lltp,ILL/petri-nets/MCC,,,AutoFlight_afcs_03_a_1_1.p,classical,auto,1,false,,5,0,3,,proved,,ok,focus,MELL,562,6,25.024,25,12,12,418707,0,0,2048,20.000,0.024
lltp,ILL/petri-nets/MCC,,,AutoFlight_afcs_03_a_10_1.p,classical,auto,1,false,,5,0,3,,unknown,timeout,,focus,MELL,562,6,5012.933,2110656,1,1048576,55004983,0,0,2048,4860.000,4.961
lltp,ILL/petri-nets/MCC,,,AutoFlight_afcs_03_a_100_1.p,classical,auto,1,false,,5,0,3,,unknown,timeout,,focus,MELL,562,6,5028.597,64,0,60,81625088,0,0,2048,4900.000,4.941
lltp,ILL/petri-nets/MCC,,,AutoFlight_afcs_02_b_5_1.p,classical,auto,1,false,,5,0,3,,unknown,copy_bound,,focus,MELL,964,5,472.082,607864,589745,15422,3208060,0,0,2048,450.000,0.755
lltp,ILL/petri-nets/MCC,,,AutoFlight_afcs_02_b_50_1.p,classical,auto,1,false,,5,0,3,,unknown,copy_bound,,focus,MELL,976,5,689.334,607864,589745,15422,5110262,0,0,2048,660.000,1.457
lltp,ILL/petri-nets/MCC,,,AutoFlight_afcs_02_b_20_1.p,classical,auto,1,false,,5,0,3,,unknown,timeout,,focus,MELL,974,5,5004.669,413172,395271,16077,51635284,0,0,2048,4940.000,6.699
lltp,ILL/petri-nets/MCC,,,AutoFlight_afcs_02_b_1_1.p,classical,auto,1,false,,5,0,3,,proved,,ok,focus,MELL,958,4,0.094,2,0,1,1,0,0,2048,0.000,0.000
lltp,ILL/petri-nets/MCC,,,AutoFlight_afcs_02_b_10_1.p,classical,auto,1,false,,5,0,3,,unknown,copy_bound,,focus,MELL,968,5,663.581,607864,589745,15422,5110262,0,0,2048,650.000,0.400
lltp,ILL/petri-nets/MCC,,,AutoFlight_afcs_02_b_100_1.p,classical,auto,1,false,,5,0,3,,unknown,copy_bound,,focus,MELL,986,5,428.093,542671,526201,13960,2933538,0,0,2048,420.000,0.808
lltp,ILL/petri-nets/MCC,,,AutoFlight_afcs_02_a_5_1.p,classical,auto,1,false,,5,0,3,,unknown,timeout,,focus,MELL,390,5,5112.589,2503980,420121,1048576,75087872,0,0,2048,5090.000,4.485
lltp,ILL/petri-nets/MCC,,,AutoFlight_afcs_02_a_50_1.p,classical,auto,1,false,,5,0,3,,unknown,timeout,,focus,MELL,390,5,5069.687,2272051,501026,1048576,75288102,0,0,2048,5040.000,4.921
lltp,ILL/petri-nets/MCC,,,AutoFlight_afcs_02_a_20_1.p,classical,auto,1,false,,5,0,3,,unknown,timeout,,focus,MELL,390,5,5240.265,1691259,492355,1048576,83255296,0,0,2048,5210.000,5.174
lltp,ILL/petri-nets/MCC,,,AutoFlight_afcs_02_a_1_1.p,classical,auto,1,false,,5,0,3,,proved,,ok,focus,MELL,390,5,0.091,6,0,5,471,0,0,2048,0.000,0.000
lltp,ILL/petri-nets/MCC,,,AutoFlight_afcs_02_a_10_1.p,classical,auto,1,false,,5,0,3,,unknown,timeout,,focus,MELL,390,5,5164.729,2066348,361785,1048576,77074432,0,0,2048,5030.000,5.562
lltp,ILL/petri-nets/MCC,,,AutoFlight_afcs_02_a_100_1.p,classical,auto,1,false,,5,0,3,,unknown,timeout,,focus,MELL,390,5,5063.122,2201191,517136,1048576,75440128,0,0,2048,5010.000,5.039
lltp,ILL/petri-nets/MCC,,,AutoFlight_afcs_01_b_5_1.p,classical,auto,1,false,,5,0,3,,unknown,copy_bound,,focus,MELL,536,4,131.995,508443,501337,5351,1303413,0,0,2048,130.000,0.091
lltp,ILL/petri-nets/MCC,,,AutoFlight_afcs_01_b_50_1.p,classical,auto,1,false,,5,0,3,,unknown,copy_bound,,focus,MELL,546,4,384.314,101188,97335,2986,5509396,0,0,2048,380.000,1.054
lltp,ILL/petri-nets/MCC,,,AutoFlight_afcs_01_b_20_1.p,classical,auto,1,false,,5,0,3,,unknown,copy_bound,,focus,MELL,540,4,46.572,101188,97335,2986,403798,0,0,2048,40.000,0.036
lltp,ILL/petri-nets/MCC,,,AutoFlight_afcs_01_b_1_1.p,classical,auto,1,false,,5,0,3,,proved,,ok,focus,MELL,530,4,0.059,2,0,1,1,0,0,2048,0.000,0.000
lltp,ILL/petri-nets/MCC,,,AutoFlight_afcs_01_b_10_1.p,classical,auto,1,false,,5,0,3,,unknown,copy_bound,,focus,MELL,536,4,130.266,508443,501337,5351,1303413,0,0,2048,120.000,0.076
lltp,ILL/petri-nets/MCC,,,AutoFlight_afcs_01_b_100_1.p,classical,auto,1,false,,5,0,3,,unknown,copy_bound,,focus,MELL,546,4,33.992,65182,62498,2024,294342,0,0,2048,30.000,0.022
lltp,ILL/petri-nets/MCC,,,AutoFlight_afcs_01_a_5_1.p,classical,auto,1,false,,5,0,3,,unknown,copy_bound,,focus,MELL,218,5,749.264,1953978,1913276,36502,17503872,0,0,2048,740.000,1.216
lltp,ILL/petri-nets/MCC,,,AutoFlight_afcs_01_a_50_1.p,classical,auto,1,false,,5,0,3,,unknown,copy_bound,,focus,MELL,218,5,817.477,2275434,2229484,41238,18929048,0,0,2048,810.000,0.557
lltp,ILL/petri-nets/MCC,,,AutoFlight_afcs_01_a_20_1.p,classical,auto,1,false,,5,0,3,,unknown,copy_bound,,focus,MELL,218,5,746.895,1952954,1912764,35990,17502348,0,0,2048,730.000,0.887
lltp,ILL/petri-nets/MCC,,,AutoFlight_afcs_01_a_1_1.p,classical,auto,1,false,,5,0,3,,proved,,ok,focus,MELL,218,5,0.082,4,0,3,1106,0,0,2048,0.000,0.000
lltp,ILL/petri-nets/MCC,,,AutoFlight_afcs_01_a_10_1.p,classical,auto,1,false,,5,0,3,,unknown,copy_bound,,focus,MELL,218,5,815.435,2275434,2229484,41238,18929048,0,0,2048,810.000,1.331
lltp,ILL/petri-nets/MCC,,,AutoFlight_afcs_01_a_100_1.p,classical,auto,1,false,,5,0,3,,unknown,copy_bound,,focus,MELL,218,5,746.786,1952954,1912764,35990,17502348,0,0,2048,740.000,0.455
lltp,ILL/petri-nets/MCC,,,Angiogenesis_angiogenesis-50_5_1.p,classical,auto,1,false,,5,0,3,,unknown,context_too_wide,,focus,MELL,1958,59,0.168,1,0,0,195,0,0,2048,0.000,0.000
lltp,ILL/petri-nets/MCC,,,Angiogenesis_angiogenesis-50_50_1.p,classical,auto,1,false,,5,0,3,,unknown,context_too_wide,,focus,MELL,1868,59,0.068,1,0,0,34,0,0,2048,0.000,0.000
lltp,ILL/petri-nets/MCC,,,Angiogenesis_angiogenesis-50_20_1.p,classical,auto,1,false,,5,0,3,,unknown,context_too_wide,,focus,MELL,1928,59,0.150,1,0,0,180,0,0,2048,0.000,0.000
lltp,ILL/petri-nets/MCC,,,Angiogenesis_angiogenesis-50_1_1.p,classical,auto,1,false,,5,0,3,,unknown,context_too_wide,,focus,MELL,1966,59,0.166,1,0,0,199,0,0,2048,0.000,0.000
lltp,ILL/petri-nets/MCC,,,Angiogenesis_angiogenesis-50_10_1.p,classical,auto,1,false,,5,0,3,,unknown,context_too_wide,,focus,MELL,1948,59,0.160,1,0,0,190,0,0,2048,0.000,0.000
lltp,ILL/petri-nets/MCC,,,Angiogenesis_angiogenesis-50_100_1.p,classical,auto,1,false,,5,0,3,,unknown,context_too_wide,,focus,MELL,1768,59,0.044,1,0,0,0,0,0,2048,0.000,0.000
lltp,ILL/petri-nets/MCC,,,Angiogenesis_angiogenesis-25_5_1.p,classical,auto,1,false,,5,0,3,,unknown,context_too_wide,,focus,MELL,1158,34,0.078,1,0,0,95,0,0,2048,0.000,0.000
lltp,ILL/petri-nets/MCC,,,Angiogenesis_angiogenesis-25_50_1.p,classical,auto,1,false,,5,0,3,,unknown,context_too_wide,,focus,MELL,1068,34,0.038,1,0,0,0,0,0,2048,0.000,0.000
lltp,ILL/petri-nets/MCC,,,Angiogenesis_angiogenesis-25_20_1.p,classical,auto,1,false,,5,0,3,,unknown,context_too_wide,,focus,MELL,1128,34,0.073,1,0,0,80,0,0,2048,0.000,0.000
lltp,ILL/petri-nets/MCC,,,Angiogenesis_angiogenesis-25_1_1.p,classical,auto,1,false,,5,0,3,,unknown,context_too_wide,,focus,MELL,1166,34,0.081,1,0,0,99,0,0,2048,0.000,0.000
lltp,ILL/petri-nets/MCC,,,Angiogenesis_angiogenesis-25_10_1.p,classical,auto,1,false,,5,0,3,,unknown,context_too_wide,,focus,MELL,1148,34,0.078,1,0,0,90,0,0,2048,0.000,0.000
lltp,ILL/petri-nets/MCC,,,Angiogenesis_angiogenesis-25_100_1.p,classical,auto,1,false,,5,0,3,,unknown,context_too_wide,,focus,MELL,1042,34,0.040,1,0,0,0,0,0,2048,0.000,0.000
lltp,ILL/petri-nets/MCC,,,Angiogenesis_angiogenesis-20_5_1.p,classical,auto,1,false,,5,0,3,,unknown,context_too_wide,,focus,MELL,998,29,0.066,1,0,0,75,0,0,2048,0.000,0.000
lltp,ILL/petri-nets/MCC,,,Angiogenesis_angiogenesis-20_50_1.p,classical,auto,1,false,,5,0,3,,unknown,context_too_wide,,focus,MELL,922,29,0.035,1,0,0,0,0,0,2048,0.000,0.000
lltp,ILL/petri-nets/MCC,,,Angiogenesis_angiogenesis-20_20_1.p,classical,auto,1,false,,5,0,3,,unknown,context_too_wide,,focus,MELL,968,29,0.058,1,0,0,60,0,0,2048,0.000,0.000
lltp,ILL/petri-nets/MCC,,,Angiogenesis_angiogenesis-20_1_1.p,classical,auto,1,false,,5,0,3,,unknown,context_too_wide,,focus,MELL,1006,29,0.068,1,0,0,79,0,0,2048,0.000,0.000
lltp,ILL/petri-nets/MCC,,,Angiogenesis_angiogenesis-20_10_1.p,classical,auto,1,false,,5,0,3,,unknown,context_too_wide,,focus,MELL,988,29,0.063,1,0,0,70,0,0,2048,0.000,0.000
lltp,ILL/petri-nets/MCC,,,Angiogenesis_angiogenesis-20_100_1.p,classical,auto,1,false,,5,0,3,,unknown,context_too_wide,,focus,MELL,908,29,0.034,1,0,0,0,0,0,2048,0.000,0.000
lltp,ILL/petri-nets/MCC,,,Angiogenesis_angiogenesis-15_5_1.p,classical,auto,1,false,,5,0,3,,unknown,context_too_wide,,focus,MELL,838,24,0.054,1,0,0,55,0,0,2048,0.000,0.000
lltp,ILL/petri-nets/MCC,,,Angiogenesis_angiogenesis-15_50_1.p,classical,auto,1,false,,5,0,3,,unknown,context_too_wide,,focus,MELL,778,24,0.031,1,0,0,0,0,0,2048,0.000,0.000
lltp,ILL/petri-nets/MCC,,,Angiogenesis_angiogenesis-15_20_1.p,classical,auto,1,false,,5,0,3,,unknown,context_too_wide,,focus,MELL,818,24,0.050,1,0,0,45,0,0,2048,0.000,0.000
lltp,ILL/petri-nets/MCC,,,Angiogenesis_angiogenesis-15_1_1.p,classical,auto,1,false,,5,0,3,,unknown,timeout,,focus,MELL,846,24,5012.768,1,0,0,84406272,0,0,2048,4890.000,4.858
lltp,ILL/petri-nets/MCC,,,Angiogenesis_angiogenesis-15_10_1.p,classical,auto,1,false,,5,0,3,,unknown,context_too_wide,,focus,MELL,828,24,0.057,1,0,0,50,0,0,2048,0.000,0.000
lltp,ILL/petri-nets/MCC,,,Angiogenesis_angiogenesis-15_100_1.p,classical,auto,1,false,,5,0,3,,unknown,context_too_wide,,focus,MELL,768,24,0.033,1,0,0,1,0,0,2048,0.000,0.000
lltp,ILL/petri-nets/MCC,,,Angiogenesis_angiogenesis-10_5_1.p,classical,auto,1,false,,5,0,3,,unknown,timeout,,focus,MELL,678,19,5011.047,1,0,0,93417472,0,0,2048,4860.000,4.624
lltp,ILL/petri-nets/MCC,,,Angiogenesis_angiogenesis-10_50_1.p,classical,auto,1,false,,5,0,3,,unknown,context_too_wide,,focus,MELL,638,19,0.034,1,0,0,0,0,0,2048,0.000,0.000
lltp,ILL/petri-nets/MCC,,,Angiogenesis_angiogenesis-10_20_1.p,classical,auto,1,false,,5,0,3,,unknown,timeout,,focus,MELL,668,19,5044.266,1,0,0,96989184,0,0,2048,4980.000,5.761
lltp,ILL/petri-nets/MCC,,,Angiogenesis_angiogenesis-10_1_1.p,classical,auto,1,false,,5,0,3,,unknown,timeout,,focus,MELL,686,19,5005.857,1,0,0,85454848,0,0,2048,4910.000,4.613
lltp,ILL/petri-nets/MCC,,,Angiogenesis_angiogenesis-10_10_1.p,classical,auto,1,false,,5,0,3,,unknown,timeout,,focus,MELL,668,19,5035.414,1,0,0,97710080,0,0,2048,4980.000,4.403
lltp,ILL/petri-nets/MCC,,,Angiogenesis_angiogenesis-10_100_1.p,classical,auto,1,false,,5,0,3,,unknown,context_too_wide,,focus,MELL,636,19,0.036,1,0,0,5,0,0,2048,0.000,0.000
lltp,ILL/petri-nets/MCC,,,Angiogenesis_angiogenesis-05_5_1.p,classical,auto,1,false,,5,0,3,,unknown,timeout,,focus,MELL,518,14,5017.456,1,0,0,94638080,0,0,2048,4980.000,3.213
lltp,ILL/petri-nets/MCC,,,Angiogenesis_angiogenesis-05_50_1.p,classical,auto,1,false,,5,0,3,,unknown,timeout,,focus,MELL,500,14,5000.792,1,0,0,96755712,0,0,2048,4930.000,3.592
lltp,ILL/petri-nets/MCC,,,Angiogenesis_angiogenesis-05_20_1.p,classical,auto,1,false,,5,0,3,,unknown,timeout,,focus,MELL,514,14,5023.165,1,0,0,97673216,0,0,2048,5010.000,3.133
lltp,ILL/petri-nets/MCC,,,Angiogenesis_angiogenesis-05_1_1.p,classical,auto,1,false,,5,0,3,,proved,,ok,focus,MELL,526,14,709.292,8,0,6,11781716,0,0,2048,690.000,0.910
lltp,ILL/petri-nets/MCC,,,Angiogenesis_angiogenesis-05_10_1.p,classical,auto,1,false,,5,0,3,,unknown,timeout,,focus,MELL,518,14,5027.621,1,0,0,95719424,0,0,2048,4980.000,6.146
lltp,ILL/petri-nets/MCC,,,Angiogenesis_angiogenesis-01_5_1.p,classical,auto,1,false,,5,0,3,,unknown,timeout,,focus,MELL,396,10,5020.761,32284299,31974554,280802,67708886,0,0,2048,5000.000,5.223
lltp,ILL/petri-nets/MCC,,,Angiogenesis_angiogenesis-01_50_1.p,classical,auto,1,false,,5,0,3,,unknown,timeout,,focus,MELL,396,10,5019.999,31609642,31312369,277095,69762299,0,0,2048,4990.000,4.844
lltp,ILL/petri-nets/MCC,,,Angiogenesis_angiogenesis-01_20_1.p,classical,auto,1,false,,5,0,3,,unknown,timeout,,focus,MELL,396,10,5019.862,31392252,31096034,276131,69280436,0,0,2048,4990.000,5.335
lltp,ILL/petri-nets/MCC,,,Angiogenesis_angiogenesis-01_1_1.p,classical,auto,1,false,,5,0,3,,proved,,ok,focus,MELL,398,10,0.084,4,0,2,118,0,0,2048,0.000,0.000
lltp,ILL/petri-nets/MCC,,,Angiogenesis_angiogenesis-01_10_1.p,classical,auto,1,false,,5,0,3,,unknown,timeout,,focus,MELL,396,10,5020.151,31606507,31309253,277077,69752737,0,0,2048,5000.000,4.890
lltp,ILL/petri-nets/MCC,,,Angiogenesis_angiogenesis-01_100_1.p,classical,auto,1,false,,5,0,3,,unknown,timeout,,focus,MELL,396,10,5020.038,31564861,31267963,276739,69660387,0,0,2048,4990.000,5.446
lltp,ILL/petri-nets/MCC,,,AirplaneLD-pt-4000_5_1.p,classical,auto,1,false,,5,0,3,,unknown,recursion_limit,,focus,MELL,292086,10000,41.791,0,0,0,0,0,0,2048,40.000,0.041
lltp,ILL/petri-nets/MCC,,,AirplaneLD-pt-4000_20_1.p,classical,auto,1,false,,5,0,3,,unknown,recursion_limit,,focus,MELL,292082,10000,41.585,0,0,0,0,0,0,2048,50.000,0.039
lltp,ILL/petri-nets/MCC,,,AirplaneLD-pt-4000_1_1.p,classical,auto,1,false,,5,0,3,,unknown,recursion_limit,,focus,MELL,292086,10000,43.847,0,0,0,0,0,0,2048,40.000,0.053
lltp,ILL/petri-nets/MCC,,,AirplaneLD-pt-2000_5_1.p,classical,auto,1,false,,5,0,3,,unknown,recursion_limit,,focus,MELL,146086,5000,20.097,0,0,0,0,0,0,2048,20.000,0.021
lltp,ILL/petri-nets/MCC,,,AirplaneLD-pt-2000_20_1.p,classical,auto,1,false,,5,0,3,,unknown,recursion_limit,,focus,MELL,146082,5000,19.995,0,0,0,0,0,0,2048,20.000,0.019
lltp,ILL/petri-nets/MCC,,,AirplaneLD-pt-2000_1_1.p,classical,auto,1,false,,5,0,3,,unknown,recursion_limit,,focus,MELL,146086,5000,21.085,0,0,0,0,0,0,2048,30.000,0.018
lltp,ILL/petri-nets/MCC,,,AirplaneLD-pt-1000_5_1.p,classical,auto,1,false,,5,0,3,,unknown,recursion_limit,,focus,MELL,73086,2500,9.717,0,0,0,0,0,0,2048,10.000,0.010
lltp,ILL/petri-nets/MCC,,,AirplaneLD-pt-1000_20_1.p,classical,auto,1,false,,5,0,3,,unknown,recursion_limit,,focus,MELL,73082,2500,9.286,0,0,0,0,0,0,2048,0.000,0.008
lltp,ILL/petri-nets/MCC,,,AirplaneLD-pt-1000_1_1.p,classical,auto,1,false,,5,0,3,,unknown,recursion_limit,,focus,MELL,73086,2500,9.950,0,0,0,0,0,0,2048,10.000,0.009
lltp,ILL/petri-nets/MCC,,,AirplaneLD-pt-0500_5_1.p,classical,auto,1,false,,5,0,3,,unknown,recursion_limit,,focus,MELL,36586,1250,5.588,0,0,0,0,0,0,2048,0.000,0.005
lltp,ILL/petri-nets/MCC,,,AirplaneLD-pt-0500_20_1.p,classical,auto,1,false,,5,0,3,,unknown,recursion_limit,,focus,MELL,36582,1250,4.258,0,0,0,0,0,0,2048,0.000,0.005
lltp,ILL/petri-nets/MCC,,,AirplaneLD-pt-0500_1_1.p,classical,auto,1,false,,5,0,3,,unknown,recursion_limit,,focus,MELL,36586,1250,4.547,0,0,0,0,0,0,2048,0.000,0.006
lltp,ILL/petri-nets/MCC,,,AirplaneLD-pt-0200_5_1.p,classical,auto,1,false,,5,0,3,,unknown,context_too_wide,,focus,MELL,14686,500,1.367,1,0,0,0,0,0,2048,0.000,0.002
lltp,ILL/petri-nets/MCC,,,AirplaneLD-pt-0200_20_1.p,classical,auto,1,false,,5,0,3,,unknown,context_too_wide,,focus,MELL,14682,500,1.395,1,0,0,2,0,0,2048,0.000,0.002
lltp,ILL/petri-nets/MCC,,,AirplaneLD-pt-0200_1_1.p,classical,auto,1,false,,5,0,3,,unknown,context_too_wide,,focus,MELL,14686,500,1.352,1,0,0,0,0,0,2048,0.000,0.002
lltp,ILL/petri-nets/MCC,,,AirplaneLD-pt-0100_5_1.p,classical,auto,1,false,,5,0,3,,unknown,context_too_wide,,focus,MELL,7386,250,0.349,1,0,0,0,0,0,2048,0.000,0.002
lltp,ILL/petri-nets/MCC,,,AirplaneLD-pt-0100_20_1.p,classical,auto,1,false,,5,0,3,,unknown,context_too_wide,,focus,MELL,7382,250,0.341,1,0,0,2,0,0,2048,0.000,0.002
lltp,ILL/petri-nets/MCC,,,AirplaneLD-pt-0100_1_1.p,classical,auto,1,false,,5,0,3,,unknown,context_too_wide,,focus,MELL,7386,250,0.338,1,0,0,0,0,0,2048,0.000,0.002
lltp,ILL/petri-nets/MCC,,,AirplaneLD-pt-0050_5_1.p,classical,auto,1,false,,5,0,3,,unknown,context_too_wide,,focus,MELL,3736,125,0.146,1,0,0,0,0,0,2048,0.000,0.000
lltp,ILL/petri-nets/MCC,,,AirplaneLD-pt-0050_20_1.p,classical,auto,1,false,,5,0,3,,unknown,context_too_wide,,focus,MELL,3732,125,0.146,1,0,0,2,0,0,2048,0.000,0.000
lltp,ILL/petri-nets/MCC,,,AirplaneLD-pt-0050_1_1.p,classical,auto,1,false,,5,0,3,,unknown,context_too_wide,,focus,MELL,3736,125,0.146,1,0,0,0,0,0,2048,0.000,0.000
lltp,ILL/petri-nets/MCC,,,AirplaneLD-pt-0020_5_1.p,classical,auto,1,false,,5,0,3,,unknown,context_too_wide,,focus,MELL,1546,50,0.063,1,0,0,0,0,0,2048,0.000,0.000
lltp,ILL/petri-nets/MCC,,,AirplaneLD-pt-0020_20_1.p,classical,auto,1,false,,5,0,3,,unknown,context_too_wide,,focus,MELL,1542,50,0.065,1,0,0,2,0,0,2048,0.000,0.000
lltp,ILL/petri-nets/MCC,,,AirplaneLD-pt-0020_1_1.p,classical,auto,1,false,,5,0,3,,unknown,context_too_wide,,focus,MELL,1546,50,0.068,1,0,0,0,0,0,2048,0.000,0.000
lltp,ILL/petri-nets/MCC,,,AirplaneLD-pt-0020_10_1.p,classical,auto,1,false,,5,0,3,,unknown,context_too_wide,,focus,MELL,1538,50,0.308,2,0,1,46,0,0,2048,0.000,0.000
lltp,ILL/petri-nets/MCC,,,AirplaneLD-pt-0010_5_1.p,classical,auto,1,false,,5,0,3,,unknown,timeout,,focus,MELL,816,25,5013.377,1,0,0,77205504,0,0,2048,4980.000,7.224
lltp,ILL/petri-nets/MCC,,,AirplaneLD-pt-0010_20_1.p,classical,auto,1,false,,5,0,3,,unknown,timeout,,focus,MELL,812,25,5040.584,1,0,0,80175104,0,0,2048,5010.000,4.107
lltp,ILL/petri-nets/MCC,,,AirplaneLD-pt-0010_1_1.p,classical,auto,1,false,,5,0,3,,unknown,timeout,,focus,MELL,816,25,5013.126,1,0,0,79302656,0,0,2048,4950.000,5.708
lltp,ILL/petri-nets/MCC,,,AirplaneLD-pt-0010_10_1.p,classical,auto,1,false,,5,0,3,,unknown,timeout,,focus,MELL,808,25,5054.528,4712584,0,1048576,18850369,0,0,2048,5030.000,6.471
lltp,ILL/petri-nets/MCC,,,ARMCacheCoherence_5_1.p,classical,auto,1,false,,5,0,3,,unknown,recursion_limit,,focus,MELL,493894,14998,64.701,0,0,0,0,0,0,2048,70.000,0.054
lltp,ILL/petri-nets/MCC,,,ARMCacheCoherence_50_1.p,classical,auto,1,false,,5,0,3,,unknown,recursion_limit,,focus,MELL,493894,14998,64.995,0,0,0,0,0,0,2048,60.000,0.062
lltp,ILL/petri-nets/MCC,,,ARMCacheCoherence_20_1.p,classical,auto,1,false,,5,0,3,,unknown,recursion_limit,,focus,MELL,493894,14998,64.684,0,0,0,0,0,0,2048,60.000,0.053
lltp,ILL/petri-nets/MCC,,,ARMCacheCoherence_1_1.p,classical,auto,1,false,,5,0,3,,unknown,recursion_limit,,focus,MELL,493894,14998,64.870,0,0,0,0,0,0,2048,60.000,0.075
lltp,ILL/misc,,,ofcourse_weak.p,classical,auto,1,false,,5,0,3,,proved,,ok,focus,MELL,15,3,0.016,4,0,3,2,0,0,2048,0.000,0.000
lltp,ILL/misc,,,ofcourse_id.p,classical,auto,1,false,,5,0,3,,proved,,ok,focus,MELL,27,5,0.017,8,0,6,8,0,0,2048,0.000,0.000
lltp,ILL/misc,,,ofcourse_contr.p,classical,auto,1,false,,5,0,3,,proved,,ok,focus,MELL,41,8,0.044,83,29,52,70,0,0,2048,0.000,0.000
lltp,ILL/Non-theorems,,,ofcourse.p,classical,auto,1,false,,5,0,3,,unknown,copy_bound,,focus,MELL,28,5,0.025,26,3,11,29,0,0,2048,0.000,0.000
lltp,ILL/KLE-cbv,,,KLE088+1.p,classical,auto,1,false,,5,0,3,,unknown,copy_bound,,focus,LL,40,2,0.031,55,23,16,47,0,0,2048,0.000,0.000
lltp,ILL/KLE-cbv,,,KLE087+1.p,classical,auto,1,false,,5,0,3,,proved,,ok,focus,LL,21,2,0.019,16,0,9,5,0,0,2048,0.000,0.000
lltp,ILL/KLE-cbv,,,KLE086+1.p,classical,auto,1,false,,5,0,3,,unknown,copy_bound,,focus,LL,42,2,0.030,57,27,14,45,0,0,2048,0.000,0.000
lltp,ILL/KLE-cbv,,,KLE085+1.p,classical,auto,1,false,,5,0,3,,unprovable,,,focus,LL,33,2,0.011,7,1,4,2,0,0,2048,0.000,0.000
lltp,ILL/KLE-cbv,,,KLE084+1.p,classical,auto,1,false,,5,0,3,,unknown,copy_bound,,focus,LL,225,8,0.085,230,81,94,168,0,0,2048,0.000,0.000
lltp,ILL/KLE-cbv,,,KLE083+1.p,classical,auto,1,false,,5,0,3,,unknown,copy_bound,,focus,LL,211,8,0.073,226,124,58,262,0,0,2048,0.000,0.000
lltp,ILL/KLE-cbv,,,KLE082+1.p,classical,auto,1,false,,5,0,3,,unknown,copy_bound,,focus,LL,25,1,0.032,55,16,18,28,0,0,2048,0.000,0.000
lltp,ILL/KLE-cbv,,,KLE081+1.p,classical,auto,1,false,,5,0,3,,proved,,ok,focus,LL,19,1,0.032,45,11,16,20,0,0,2048,0.000,0.000
lltp,ILL/KLE-cbv,,,KLE080+1.p,classical,auto,1,false,,5,0,3,,proved,,ok,focus,LL,19,1,0.032,56,18,16,16,0,0,2048,0.000,0.000
lltp,ILL/KLE-cbv,,,KLE079+1.p,classical,auto,1,false,,5,0,3,,proved,,ok,focus,LL,22,2,0.032,50,16,15,30,0,0,2048,0.000,0.000
lltp,ILL/KLE-cbv,,,KLE078+1.p,classical,auto,1,false,,5,0,3,,unknown,copy_bound,,focus,LL,22,2,0.030,40,11,12,22,0,0,2048,0.000,0.000
lltp,ILL/KLE-cbv,,,KLE077+1.p,classical,auto,1,false,,5,0,3,,proved,,ok,focus,LL,16,2,0.019,21,2,10,7,0,0,2048,0.000,0.000
lltp,ILL/KLE-cbv,,,KLE076+1.p,classical,auto,1,false,,5,0,3,,unknown,copy_bound,,focus,LL,25,1,0.032,65,24,18,40,0,0,2048,0.000,0.000
lltp,ILL/KLE-cbv,,,KLE075+1.p,classical,auto,1,false,,5,0,3,,unknown,copy_bound,,focus,LL,78,4,0.088,282,146,83,286,0,0,2048,0.000,0.000
lltp,ILL/KLE-cbv,,,KLE074+1.p,classical,auto,1,false,,5,0,3,,unknown,copy_bound,,focus,LL,221,8,0.142,487,188,198,306,0,0,2048,0.000,0.000
lltp,ILL/KLE-cbv,,,KLE073+1.p,classical,auto,1,false,,5,0,3,,proved,,ok,focus,LL,19,1,0.029,48,16,14,20,0,0,2048,0.000,0.000
lltp,ILL/KLE-cbv,,,KLE072+1.p,classical,auto,1,false,,5,0,3,,proved,,ok,focus,LL,21,2,0.022,25,6,10,14,0,0,2048,0.000,0.000
lltp,ILL/KLE-cbv,,,KLE071+1.p,classical,auto,1,false,,5,0,3,,proved,,ok,focus,LL,21,2,0.022,24,5,10,11,0,0,2048,0.000,0.000
lltp,ILL/KLE-cbv,,,KLE070+1.p,classical,auto,1,false,,5,0,3,,proved,,ok,focus,LL,21,2,0.019,16,0,9,6,0,0,2048,0.000,0.000
lltp,ILL/KLE-cbv,,,KLE069+1.p,classical,auto,1,false,,5,0,3,,unknown,copy_bound,,focus,LL,21,2,0.029,55,28,11,52,0,0,2048,0.000,0.000
lltp,ILL/KLE-cbv,,,KLE068+1.p,classical,auto,1,false,,5,0,3,,unprovable,,,focus,LL,43,4,0.014,10,1,6,2,0,0,2048,0.000,0.000
lltp,ILL/KLE-cbv,,,KLE067+1.p,classical,auto,1,false,,5,0,3,,proved,,ok,focus,LL,43,4,0.030,40,6,23,19,0,0,2048,0.000,0.000
lltp,ILL/KLE-cbv,,,KLE066+1.p,classical,auto,1,false,,5,0,3,,proved,,ok,focus,LL,31,2,0.020,21,3,10,7,0,0,2048,0.000,0.000
lltp,ILL/KLE-cbv,,,KLE065+1.p,classical,auto,1,false,,5,0,3,,proved,,ok,focus,LL,15,1,0.012,8,0,5,0,0,0,2048,0.000,0.000
lltp,ILL/KLE-cbv,,,KLE064+1.p,classical,auto,1,false,,5,0,3,,proved,,ok,focus,LL,18,1,0.018,17,2,5,7,0,0,2048,0.000,0.000
lltp,ILL/KLE-cbv,,,KLE063+1.p,classical,auto,1,false,,5,0,3,,proved,,ok,focus,LL,14,1,0.019,22,5,6,12,0,0,2048,0.000,0.000
lltp,ILL/KLE-cbv,,,KLE062+1.p,classical,auto,1,false,,5,0,3,,unknown,copy_bound,,focus,LL,22,2,0.021,32,9,10,19,0,0,2048,0.000,0.000
lltp,ILL/KLE-cbv,,,KLE061+1.p,classical,auto,1,false,,5,0,3,,proved,,ok,focus,LL,11,1,0.014,11,1,4,3,0,0,2048,0.000,0.000
lltp,ILL/KLE-cbv,,,KLE060+1.p,classical,auto,1,false,,5,0,3,,proved,,ok,focus,LL,29,3,0.030,34,6,16,22,0,0,2048,0.000,0.000
lltp,ILL/KLE-cbv,,,KLE059+1.p,classical,auto,1,false,,5,0,3,,proved,,ok,focus,LL,22,2,0.024,25,1,12,7,0,0,2048,0.000,0.000
lltp,ILL/KLE-cbv,,,KLE058+1.p,classical,auto,1,false,,5,0,3,,unknown,copy_bound,,focus,LL,28,2,0.019,24,6,8,15,0,0,2048,0.000,0.000
lltp,ILL/KLE-cbv,,,KLE057+1.p,classical,auto,1,false,,5,0,3,,proved,,ok,focus,LL,12,1,0.016,15,1,6,3,0,0,2048,0.000,0.000
lltp,ILL/KLE-cbv,,,KLE056+1.p,classical,auto,1,false,,5,0,3,,proved,,ok,focus,LL,24,2,0.020,18,2,9,7,0,0,2048,0.000,0.000
lltp,ILL/KLE-cbv,,,KLE055+1.p,classical,auto,1,false,,5,0,3,,proved,,ok,focus,LL,24,3,0.020,17,2,8,9,0,0,2048,0.000,0.000
lltp,ILL/KLE-cbv,,,KLE054+1.p,classical,auto,1,false,,5,0,3,,proved,,ok,focus,LL,21,3,0.017,13,0,10,2,0,0,2048,0.000,0.000
lltp,ILL/KLE-cbv,,,KLE053+1.p,classical,auto,1,false,,5,0,3,,proved,,ok,focus,MELL,21,2,0.015,9,0,6,3,0,0,2048,0.000,0.000
lltp,ILL/KLE-cbv,,,KLE052+1.p,classical,auto,1,false,,5,0,3,,proved,,ok,focus,LL,32,2,0.031,48,11,19,30,0,0,2048,0.000,0.000
lltp,ILL/KLE-cbv,,,KLE051+1.p,classical,auto,1,false,,5,0,3,,proved,,ok,focus,LL,32,3,0.023,19,0,12,10,0,0,2048,0.000,0.000
lltp,ILL/KLE-cbv,,,KLE050+1.p,classical,auto,1,false,,5,0,3,,proved,,ok,focus,MELL,23,3,0.016,9,0,6,2,0,0,2048,0.000,0.000
lltp,ILL/KLE-cbv,,,KLE049+1.p,classical,auto,1,false,,5,0,3,,proved,,ok,focus,MELL,23,2,0.020,20,2,11,7,0,0,2048,0.000,0.000
lltp,ILL/KLE-cbv,,,KLE048+1.p,classical,auto,1,false,,5,0,3,,proved,,ok,focus,LL,25,3,0.016,10,0,7,2,0,0,2048,0.000,0.000
lltp,ILL/KLE-cbv,,,KLE047+1.p,classical,auto,1,false,,5,0,3,,proved,,ok,focus,LL,25,3,0.016,11,0,8,3,0,0,2048,0.000,0.000
lltp,ILL/KLE-cbv,,,KLE046+1.p,classical,auto,1,false,,5,0,3,,proved,,ok,focus,LL,19,3,0.014,10,0,7,2,0,0,2048,0.000,0.000
lltp,ILL/KLE-cbv,,,KLE045+1.p,classical,auto,1,false,,5,0,3,,proved,,ok,focus,MELL,19,3,0.014,9,0,6,3,0,0,2048,0.000,0.000
lltp,ILL/KLE-cbv,,,KLE044+1.p,classical,auto,1,false,,5,0,3,,proved,,ok,focus,LL,43,3,0.027,29,0,26,6,0,0,2048,0.000,0.000
lltp,ILL/KLE-cbv,,,KLE043+1.p,classical,auto,1,false,,5,0,3,,proved,,ok,focus,LL,43,3,0.024,24,0,21,9,0,0,2048,0.000,0.000
lltp,ILL/KLE-cbv,,,KLE042+1.p,classical,auto,1,false,,5,0,3,,proved,,ok,focus,LL,25,2,0.017,17,0,13,2,0,0,2048,0.000,0.000
lltp,ILL/KLE-cbv,,,KLE041+1.p,classical,auto,1,false,,5,0,3,,proved,,ok,focus,MELL,25,2,0.014,10,0,7,5,0,0,2048,0.000,0.000
lltp,ILL/KLE-cbv,,,KLE040+1.p,classical,auto,1,false,,5,0,3,,proved,,ok,focus,LL,37,2,0.022,30,0,27,2,0,0,2048,0.000,0.000
lltp,ILL/KLE-cbv,,,KLE039+1.p,classical,auto,1,false,,5,0,3,,proved,,ok,focus,MELL,37,2,0.016,12,0,9,7,0,0,2048,0.000,0.000
lltp,ILL/KLE-cbv,,,KLE038+1.p,classical,auto,1,false,,5,0,3,,unknown,copy_bound,,focus,LL,35,2,0.034,91,48,20,74,0,0,2048,0.000,0.000
lltp,ILL/KLE-cbv,,,KLE037+1.p,classical,auto,1,false,,5,0,3,,proved,,ok,focus,LL,38,2,0.037,64,16,36,29,0,0,2048,0.000,0.000
lltp,ILL/KLE-cbv,,,KLE036+1.p,classical,auto,1,false,,5,0,3,,proved,,ok,focus,LL,38,2,0.035,56,12,32,29,0,0,2048,0.000,0.000
lltp,ILL/KLE-cbv,,,KLE035+1.p,classical,auto,1,false,,5,0,3,,proved,,ok,focus,MELL,38,2,0.025,30,5,18,17,0,0,2048,0.000,0.000
lltp,ILL/KLE-cbv,,,KLE034+1.p,classical,auto,1,false,,5,0,3,,proved,,ok,focus,MELL,38,2,0.060,29,4,18,17,0,0,2048,0.000,0.029
lltp,ILL/KLE-cbv,,,KLE033+1.p,classical,auto,1,false,,5,0,3,,proved,,ok,focus,MELL,42,2,0.043,101,39,34,66,0,0,2048,0.000,0.000
lltp,ILL/KLE-cbv,,,KLE032+1.p,classical,auto,1,false,,5,0,3,,proved,,ok,focus,MELL,42,2,0.041,95,38,33,61,0,0,2048,0.000,0.000
lltp,ILL/KLE-cbv,,,KLE031+1.p,classical,auto,1,false,,5,0,3,,unknown,copy_bound,,focus,LL,87,4,0.043,94,50,16,116,0,0,2048,0.000,0.000
lltp,ILL/KLE-cbv,,,KLE030+1.p,classical,auto,1,false,,5,0,3,,unknown,copy_bound,,focus,LL,55,2,0.043,98,47,20,109,0,0,2048,0.000,0.000
lltp,ILL/KLE-cbv,,,KLE029+1.p,classical,auto,1,false,,5,0,3,,unknown,copy_bound,,focus,LL,36,1,0.051,143,69,40,117,0,0,2048,0.000,0.000
lltp,ILL/KLE-cbv,,,KLE028+1.p,classical,auto,1,false,,5,0,3,,unknown,copy_bound,,focus,LL,30,1,0.038,88,34,25,59,0,0,2048,0.000,0.000
lltp,ILL/KLE-cbv,,,KLE027+1.p,classical,auto,1,false,,5,0,3,,unknown,copy_bound,,focus,LL,34,1,0.051,158,73,49,123,0,0,2048,0.000,0.000
lltp,ILL/KLE-cbv,,,KLE026+1.p,classical,auto,1,false,,5,0,3,,proved,,ok,focus,MELL,39,2,0.047,114,54,35,81,0,0,2048,0.000,0.000
lltp,ILL/KLE-cbv,,,KLE025+1.p,classical,auto,1,false,,5,0,3,,proved,,ok,focus,MELL,26,2,0.021,23,2,14,11,0,0,2048,0.000,0.000
lltp,ILL/KLE-cbv,,,KLE024+1.p,classical,auto,1,false,,5,0,3,,proved,,ok,focus,MELL,13,2,0.013,8,0,5,2,0,0,2048,0.000,0.000
lltp,ILL/KLE-cbv,,,KLE023+1.p,classical,auto,1,false,,5,0,3,,proved,,ok,focus,MELL,17,2,0.015,14,2,7,5,0,0,2048,0.000,0.000
lltp,ILL/KLE-cbv,,,KLE022+1.p,classical,auto,1,false,,5,0,3,,proved,,ok,focus,MELL,17,2,0.015,14,2,7,5,0,0,2048,0.000,0.000
lltp,ILL/KLE-cbv,,,KLE021+1.p,classical,auto,1,false,,5,0,3,,proved,,ok,focus,MELL,19,2,0.019,19,2,10,7,0,0,2048,0.000,0.000
lltp,ILL/KLE-cbv,,,KLE020+1.p,classical,auto,1,false,,5,0,3,,proved,,ok,focus,MELL,19,2,0.019,19,2,10,7,0,0,2048,0.000,0.000
lltp,ILL/KLE-cbv,,,KLE019+1.p,classical,auto,1,false,,5,0,3,,proved,,ok,focus,MELL,25,2,0.021,23,2,14,11,0,0,2048,0.000,0.000
lltp,ILL/KLE-cbv,,,KLE018+1.p,classical,auto,1,false,,5,0,3,,unknown,copy_bound,,focus,LL,30,2,0.058,163,52,59,74,0,0,2048,0.000,0.000
lltp,ILL/KLE-cbv,,,KLE017+1.p,classical,auto,1,false,,5,0,3,,unknown,copy_bound,,focus,LL,24,2,0.032,59,24,13,35,0,0,2048,0.000,0.000
lltp,ILL/KLE-cbv,,,KLE016+1.p,classical,auto,1,false,,5,0,3,,proved,,ok,focus,LL,18,1,0.030,44,10,16,16,0,0,2048,0.000,0.000
lltp,ILL/KLE-cbv,,,KLE015+1.p,classical,auto,1,false,,5,0,3,,unknown,copy_bound,,focus,LL,18,2,0.015,26,10,5,18,0,0,2048,0.000,0.000
lltp,ILL/KLE-cbv,,,KLE014+1.p,classical,auto,1,false,,5,0,3,,proved,,ok,focus,MELL,8,1,0.011,6,0,3,0,0,0,2048,0.000,0.000
lltp,ILL/KLE-cbv,,,KLE013+1.p,classical,auto,1,false,,5,0,3,,unprovable,,,focus,LL,11,1,0.008,5,1,3,0,0,0,2048,0.000,0.000
lltp,ILL/KLE-cbv,,,KLE012+1.p,classical,auto,1,false,,5,0,3,,proved,,ok,focus,LL,11,1,0.016,15,1,7,4,0,0,2048,0.000,0.000
lltp,ILL/KLE-cbv,,,KLE011+1.p,classical,auto,1,false,,5,0,3,,proved,,ok,focus,LL,18,1,0.025,32,6,17,8,0,0,2048,0.000,0.000
lltp,ILL/KLE-cbv,,,KLE010+1.p,classical,auto,1,false,,5,0,3,,proved,,ok,focus,LL,18,1,0.023,28,3,16,8,0,0,2048,0.000,0.000
lltp,ILL/KLE-cbv,,,KLE009+1.p,classical,auto,1,false,,5,0,3,,proved,,ok,focus,MELL,18,1,0.020,22,4,11,9,0,0,2048,0.000,0.000
lltp,ILL/KLE-cbv,,,KLE008+1.p,classical,auto,1,false,,5,0,3,,proved,,ok,focus,MELL,18,1,0.019,21,3,11,9,0,0,2048,0.000,0.000
lltp,ILL/KLE-cbv,,,KLE007+1.p,classical,auto,1,false,,5,0,3,,proved,,ok,focus,MELL,20,1,0.033,63,21,21,31,0,0,2048,0.000,0.000
lltp,ILL/KLE-cbv,,,KLE006+1.p,classical,auto,1,false,,5,0,3,,proved,,ok,focus,MELL,20,1,0.037,63,21,21,31,0,0,2048,0.000,0.000
lltp,ILL/KLE-cbv,,,KLE005+1.p,classical,auto,1,false,,5,0,3,,proved,,ok,focus,MELL,19,1,0.023,28,5,14,18,0,0,2048,0.000,0.000
lltp,ILL/KLE-cbv,,,KLE004+1.p,classical,auto,1,false,,5,0,3,,proved,,ok,focus,MELL,19,1,0.031,56,18,20,18,0,0,2048,0.000,0.000
lltp,ILL/KLE-cbv,,,KLE003+1.p,classical,auto,1,false,,5,0,3,,proved,,ok,focus,MELL,20,1,0.035,67,20,24,22,0,0,2048,0.000,0.000
lltp,ILL/KLE-cbv,,,KLE002+1.p,classical,auto,1,false,,5,0,3,,proved,,ok,focus,MELL,18,1,0.030,56,20,19,28,0,0,2048,0.000,0.000
lltp,ILL/KLE-cbv,,,KLE001+1.p,classical,auto,1,false,,5,0,3,,proved,,ok,focus,MELL,6,1,0.011,6,0,3,0,0,0,2048,0.000,0.000
lltp,ILL/KLE-cbn,,,KLE088+1.p,classical,auto,1,false,,5,0,3,,unknown,copy_bound,,focus,LL,36,2,0.031,67,28,23,41,0,0,2048,0.000,0.000
lltp,ILL/KLE-cbn,,,KLE087+1.p,classical,auto,1,false,,5,0,3,,proved,,ok,focus,LL,19,2,0.016,11,0,7,2,0,0,2048,0.000,0.000
lltp,ILL/KLE-cbn,,,KLE086+1.p,classical,auto,1,false,,5,0,3,,unknown,copy_bound,,focus,LL,38,2,0.025,53,24,14,36,0,0,2048,0.000,0.000
lltp,ILL/KLE-cbn,,,KLE085+1.p,classical,auto,1,false,,5,0,3,,unprovable,,,focus,LL,29,2,0.006,1,0,1,0,0,0,2048,0.000,0.000
lltp,ILL/KLE-cbn,,,KLE084+1.p,classical,auto,1,false,,5,0,3,,unknown,copy_bound,,focus,LL,193,8,0.044,89,35,37,76,0,0,2048,0.000,0.000
lltp,ILL/KLE-cbn,,,KLE083+1.p,classical,auto,1,false,,5,0,3,,unknown,copy_bound,,focus,LL,187,8,0.049,149,73,49,135,0,0,2048,0.000,0.000
lltp,ILL/KLE-cbn,,,KLE082+1.p,classical,auto,1,false,,5,0,3,,proved,,ok,focus,LL,21,1,0.028,33,11,13,18,0,0,2048,0.000,0.000
lltp,ILL/KLE-cbn,,,KLE081+1.p,classical,auto,1,false,,5,0,3,,proved,,ok,focus,LL,15,1,0.025,38,14,14,18,0,0,2048,0.000,0.000
lltp,ILL/KLE-cbn,,,KLE080+1.p,classical,auto,1,false,,5,0,3,,proved,,ok,focus,LL,15,1,0.020,19,3,11,5,0,0,2048,0.000,0.000
lltp,ILL/KLE-cbn,,,KLE079+1.p,classical,auto,1,false,,5,0,3,,proved,,ok,focus,LL,20,2,0.021,30,10,9,17,0,0,2048,0.000,0.000
lltp,ILL/KLE-cbn,,,KLE078+1.p,classical,auto,1,false,,5,0,3,,unknown,copy_bound,,focus,LL,20,2,0.020,27,11,7,18,0,0,2048,0.000,0.000
lltp,ILL/KLE-cbn,,,KLE077+1.p,classical,auto,1,false,,5,0,3,,proved,,ok,focus,LL,14,2,0.014,9,0,5,2,0,0,2048,0.000,0.000
lltp,ILL/KLE-cbn,,,KLE076+1.p,classical,auto,1,false,,5,0,3,,proved,,ok,focus,LL,21,1,0.026,40,15,14,23,0,0,2048,0.000,0.000
lltp,ILL/KLE-cbn,,,KLE075+1.p,classical,auto,1,false,,5,0,3,,unknown,copy_bound,,focus,LL,65,4,0.052,143,66,52,122,0,0,2048,0.000,0.000
lltp,ILL/KLE-cbn,,,KLE074+1.p,classical,auto,1,false,,5,0,3,,unknown,copy_bound,,focus,LL,197,8,0.062,177,75,73,125,0,0,2048,0.000,0.000
lltp,ILL/KLE-cbn,,,KLE073+1.p,classical,auto,1,false,,5,0,3,,proved,,ok,focus,LL,15,1,0.020,21,6,10,9,0,0,2048,0.000,0.000
lltp,ILL/KLE-cbn,,,KLE072+1.p,classical,auto,1,false,,5,0,3,,proved,,ok,focus,LL,19,2,0.019,19,4,9,8,0,0,2048,0.000,0.000
lltp,ILL/KLE-cbn,,,KLE071+1.p,classical,auto,1,false,,5,0,3,,proved,,ok,focus,LL,19,2,0.021,19,3,10,4,0,0,2048,0.000,0.000
lltp,ILL/KLE-cbn,,,KLE070+1.p,classical,auto,1,false,,5,0,3,,proved,,ok,focus,LL,19,2,0.015,11,0,7,3,0,0,2048,0.000,0.000
lltp,ILL/KLE-cbn,,,KLE069+1.p,classical,auto,1,false,,5,0,3,,unknown,copy_bound,,focus,LL,19,2,0.021,31,8,12,10,0,0,2048,0.000,0.000
lltp,ILL/KLE-cbn,,,KLE068+1.p,classical,auto,1,false,,5,0,3,,unknown,copy_bound,,focus,LL,45,4,0.025,52,19,12,0,0,0,2048,0.000,0.000
lltp,ILL/KLE-cbn,,,KLE067+1.p,classical,auto,1,false,,5,0,3,,proved,,ok,focus,LL,33,4,0.026,36,4,25,8,0,0,2048,0.000,0.000
lltp,ILL/KLE-cbn,,,KLE066+1.p,classical,auto,1,false,,5,0,3,,proved,,ok,focus,LL,27,2,0.022,23,3,12,3,0,0,2048,0.000,0.000
lltp,ILL/KLE-cbn,,,KLE065+1.p,classical,auto,1,false,,5,0,3,,proved,,ok,focus,LL,13,1,0.008,3,0,2,0,0,0,2048,0.000,0.000
lltp,ILL/KLE-cbn,,,KLE064+1.p,classical,auto,1,false,,5,0,3,,proved,,ok,focus,LL,16,1,0.014,11,2,3,7,0,0,2048,0.000,0.000
lltp,ILL/KLE-cbn,,,KLE063+1.p,classical,auto,1,false,,5,0,3,,proved,,ok,focus,LL,14,1,0.019,22,4,7,8,0,0,2048,0.000,0.000
lltp,ILL/KLE-cbn,,,KLE062+1.p,classical,auto,1,false,,5,0,3,,unknown,copy_bound,,focus,LL,18,2,0.019,26,9,9,18,0,0,2048,0.000,0.000
lltp,ILL/KLE-cbn,,,KLE061+1.p,classical,auto,1,false,,5,0,3,,proved,,ok,focus,LL,9,1,0.014,10,1,5,3,0,0,2048,0.000,0.000
lltp,ILL/KLE-cbn,,,KLE060+1.p,classical,auto,1,false,,5,0,3,,proved,,ok,focus,LL,25,3,0.016,11,1,6,3,0,0,2048,0.000,0.000
lltp,ILL/KLE-cbn,,,KLE059+1.p,classical,auto,1,false,,5,0,3,,proved,,ok,focus,LL,20,2,0.015,10,1,5,3,0,0,2048,0.000,0.000
lltp,ILL/KLE-cbn,,,KLE058+1.p,classical,auto,1,false,,5,0,3,,unknown,copy_bound,,focus,LL,24,2,0.016,20,6,7,15,0,0,2048,0.000,0.000
lltp,ILL/KLE-cbn,,,KLE057+1.p,classical,auto,1,false,,5,0,3,,proved,,ok,focus,LL,10,1,0.012,8,1,3,3,0,0,2048,0.000,0.000
lltp,ILL/KLE-cbn,,,KLE056+1.p,classical,auto,1,false,,5,0,3,,proved,,ok,focus,LL,22,2,0.020,20,3,9,5,0,0,2048,0.000,0.000
lltp,ILL/KLE-cbn,,,KLE055+1.p,classical,auto,1,false,,5,0,3,,proved,,ok,focus,LL,18,3,0.014,9,1,5,2,0,0,2048,0.000,0.000
lltp,ILL/KLE-cbn,,,KLE054+1.p,classical,auto,1,false,,5,0,3,,proved,,ok,focus,LL,19,3,0.013,7,0,6,0,0,0,2048,0.000,0.000
lltp,ILL/KLE-cbn,,,KLE053+1.p,classical,auto,1,false,,5,0,3,,proved,,ok,focus,LL,15,2,0.011,5,0,4,0,0,0,2048,0.000,0.000
lltp,ILL/KLE-cbn,,,KLE052+1.p,classical,auto,1,false,,5,0,3,,proved,,ok,focus,LL,26,2,0.020,21,5,8,13,0,0,2048,0.000,0.000
lltp,ILL/KLE-cbn,,,KLE051+1.p,classical,auto,1,false,,5,0,3,,proved,,ok,focus,LL,26,3,0.014,8,0,5,4,0,0,2048,0.000,0.000
lltp,ILL/KLE-cbn,,,KLE050+1.p,classical,auto,1,false,,5,0,3,,proved,,ok,focus,LL,17,3,0.009,3,0,2,0,0,0,2048,0.000,0.000
lltp,ILL/KLE-cbn,,,KLE049+1.p,classical,auto,1,false,,5,0,3,,proved,,ok,focus,LL,17,2,0.013,8,0,5,2,0,0,2048,0.000,0.000
lltp,ILL/KLE-cbn,,,KLE048+1.p,classical,auto,1,false,,5,0,3,,proved,,ok,focus,LL,21,3,0.015,10,0,7,0,0,0,2048,0.000,0.000
lltp,ILL/KLE-cbn,,,KLE047+1.p,classical,auto,1,false,,5,0,3,,proved,,ok,focus,LL,21,3,0.013,6,0,5,0,0,0,2048,0.000,0.000
lltp,ILL/KLE-cbn,,,KLE046+1.p,classical,auto,1,false,,5,0,3,,proved,,ok,focus,LL,17,3,0.012,8,0,5,0,0,0,2048,0.000,0.000
lltp,ILL/KLE-cbn,,,KLE045+1.p,classical,auto,1,false,,5,0,3,,proved,,ok,focus,LL,13,3,0.010,5,0,4,0,0,0,2048,0.000,0.000
lltp,ILL/KLE-cbn,,,KLE044+1.p,classical,auto,1,false,,5,0,3,,proved,,ok,focus,LL,41,3,0.065,170,46,89,0,0,0,2048,0.000,0.000
lltp,ILL/KLE-cbn,,,KLE043+1.p,classical,auto,1,false,,5,0,3,,proved,,ok,focus,LL,37,3,0.044,82,8,58,0,0,0,2048,0.000,0.000
lltp,ILL/KLE-cbn,,,KLE042+1.p,classical,auto,1,false,,5,0,3,,proved,,ok,focus,LL,25,2,0.025,41,7,24,0,0,0,2048,0.000,0.000
lltp,ILL/KLE-cbn,,,KLE041+1.p,classical,auto,1,false,,5,0,3,,proved,,ok,focus,LL,17,2,0.015,11,0,10,0,0,0,2048,0.000,0.000
lltp,ILL/KLE-cbn,,,KLE040+1.p,classical,auto,1,false,,5,0,3,,proved,,ok,focus,LL,41,2,0.063,183,54,85,0,0,0,2048,0.000,0.000
lltp,ILL/KLE-cbn,,,KLE039+1.p,classical,auto,1,false,,5,0,3,,proved,,ok,focus,LL,25,2,0.018,19,0,18,0,0,0,2048,0.000,0.000
lltp,ILL/KLE-cbn,,,KLE038+1.p,classical,auto,1,false,,5,0,3,,unknown,copy_bound,,focus,LL,28,2,0.031,75,43,17,62,0,0,2048,0.000,0.000
lltp,ILL/KLE-cbn,,,KLE037+1.p,classical,auto,1,false,,5,0,3,,proved,,ok,focus,LL,35,2,0.063,185,81,64,82,0,0,2048,0.000,0.000
lltp,ILL/KLE-cbn,,,KLE036+1.p,classical,auto,1,false,,5,0,3,,proved,,ok,focus,LL,35,2,0.064,189,84,64,84,0,0,2048,0.000,0.000
lltp,ILL/KLE-cbn,,,KLE035+1.p,classical,auto,1,false,,5,0,3,,proved,,ok,focus,LL,27,2,0.023,30,5,20,11,0,0,2048,0.000,0.000
lltp,ILL/KLE-cbn,,,KLE034+1.p,classical,auto,1,false,,5,0,3,,proved,,ok,focus,LL,27,2,0.026,39,8,26,15,0,0,2048,0.000,0.000
lltp,ILL/KLE-cbn,,,KLE033+1.p,classical,auto,1,false,,5,0,3,,proved,,ok,focus,LL,31,2,0.030,62,22,21,39,0,0,2048,0.000,0.000
lltp,ILL/KLE-cbn,,,KLE032+1.p,classical,auto,1,false,,5,0,3,,proved,,ok,focus,LL,31,2,0.025,40,15,17,23,0,0,2048,0.000,0.000
lltp,ILL/KLE-cbn,,,KLE031+1.p,classical,auto,1,false,,5,0,3,,unknown,copy_bound,,focus,LL,71,4,0.025,28,11,9,23,0,0,2048,0.000,0.000
lltp,ILL/KLE-cbn,,,KLE030+1.p,classical,auto,1,false,,5,0,3,,unknown,copy_bound,,focus,LL,47,2,0.025,31,8,15,15,0,0,2048,0.000,0.000
lltp,ILL/KLE-cbn,,,KLE029+1.p,classical,auto,1,false,,5,0,3,,unknown,copy_bound,,focus,LL,32,1,0.032,78,36,24,68,0,0,2048,0.000,0.000
lltp,ILL/KLE-cbn,,,KLE028+1.p,classical,auto,1,false,,5,0,3,,unknown,copy_bound,,focus,LL,27,1,0.025,44,19,13,35,0,0,2048,0.000,0.000
lltp,ILL/KLE-cbn,,,KLE027+1.p,classical,auto,1,false,,5,0,3,,unknown,copy_bound,,focus,LL,31,1,0.041,96,51,24,80,0,0,2048,0.000,0.000
lltp,ILL/KLE-cbn,,,KLE026+1.p,classical,auto,1,false,,5,0,3,,proved,,ok,focus,LL,29,2,0.042,100,43,33,65,0,0,2048,0.000,0.000
lltp,ILL/KLE-cbn,,,KLE025+1.p,classical,auto,1,false,,5,0,3,,proved,,ok,focus,LL,19,2,0.019,15,2,9,7,0,0,2048,0.000,0.000
lltp,ILL/KLE-cbn,,,KLE024+1.p,classical,auto,1,false,,5,0,3,,proved,,ok,focus,LL,9,2,0.009,3,0,2,0,0,0,2048,0.000,0.000
lltp,ILL/KLE-cbn,,,KLE023+1.p,classical,auto,1,false,,5,0,3,,proved,,ok,focus,LL,13,2,0.015,11,2,5,6,0,0,2048,0.000,0.000
lltp,ILL/KLE-cbn,,,KLE022+1.p,classical,auto,1,false,,5,0,3,,proved,,ok,focus,LL,13,2,0.012,7,0,4,3,0,0,2048,0.000,0.000
lltp,ILL/KLE-cbn,,,KLE021+1.p,classical,auto,1,false,,5,0,3,,proved,,ok,focus,LL,14,2,0.016,11,2,5,6,0,0,2048,0.000,0.000
lltp,ILL/KLE-cbn,,,KLE020+1.p,classical,auto,1,false,,5,0,3,,proved,,ok,focus,LL,14,2,0.012,7,0,4,3,0,0,2048,0.000,0.000
lltp,ILL/KLE-cbn,,,KLE019+1.p,classical,auto,1,false,,5,0,3,,proved,,ok,focus,LL,19,2,0.016,11,0,8,4,0,0,2048,0.000,0.000
lltp,ILL/KLE-cbn,,,KLE018+1.p,classical,auto,1,false,,5,0,3,,unknown,copy_bound,,focus,LL,27,2,0.027,51,20,18,32,0,0,2048,0.000,0.000
lltp,ILL/KLE-cbn,,,KLE017+1.p,classical,auto,1,false,,5,0,3,,unknown,copy_bound,,focus,LL,21,2,0.018,25,10,6,18,0,0,2048,0.000,0.000
lltp,ILL/KLE-cbn,,,KLE016+1.p,classical,auto,1,false,,5,0,3,,proved,,ok,focus,LL,15,1,0.014,8,0,5,3,0,0,2048,0.000,0.000
lltp,ILL/KLE-cbn,,,KLE015+1.p,classical,auto,1,false,,5,0,3,,unknown,copy_bound,,focus,LL,15,2,0.014,18,8,3,14,0,0,2048,0.000,0.000
lltp,ILL/KLE-cbn,,,KLE014+1.p,classical,auto,1,false,,5,0,3,,proved,,ok,focus,MELL,6,1,0.009,2,0,1,0,0,0,2048,0.000,0.000
lltp,ILL/KLE-cbn,,,KLE013+1.p,classical,auto,1,false,,5,0,3,,unprovable,,,focus,LL,9,1,0.006,1,0,1,0,0,0,2048,0.000,0.000
lltp,ILL/KLE-cbn,,,KLE012+1.p,classical,auto,1,false,,5,0,3,,proved,,ok,focus,LL,9,1,0.012,6,0,3,2,0,0,2048,0.000,0.000
lltp,ILL/KLE-cbn,,,KLE011+1.p,classical,auto,1,false,,5,0,3,,proved,,ok,focus,LL,17,1,0.037,81,32,26,22,0,0,2048,0.000,0.000
lltp,ILL/KLE-cbn,,,KLE010+1.p,classical,auto,1,false,,5,0,3,,proved,,ok,focus,LL,17,1,0.037,78,31,25,22,0,0,2048,0.000,0.000
lltp,ILL/KLE-cbn,,,KLE009+1.p,classical,auto,1,false,,5,0,3,,proved,,ok,focus,LL,13,1,0.016,13,1,9,2,0,0,2048,0.000,0.000
lltp,ILL/KLE-cbn,,,KLE008+1.p,classical,auto,1,false,,5,0,3,,proved,,ok,focus,LL,13,1,0.018,16,1,12,3,0,0,2048,0.000,0.000
lltp,ILL/KLE-cbn,,,KLE007+1.p,classical,auto,1,false,,5,0,3,,proved,,ok,focus,MELL,15,1,0.020,25,8,10,12,0,0,2048,0.000,0.000
lltp,ILL/KLE-cbn,,,KLE006+1.p,classical,auto,1,false,,5,0,3,,proved,,ok,focus,MELL,15,1,0.022,25,8,10,12,0,0,2048,0.000,0.000
lltp,ILL/KLE-cbn,,,KLE005+1.p,classical,auto,1,false,,5,0,3,,proved,,ok,focus,LL,14,1,0.013,9,0,6,2,0,0,2048,0.000,0.000
lltp,ILL/KLE-cbn,,,KLE004+1.p,classical,auto,1,false,,5,0,3,,proved,,ok,focus,LL,14,1,0.018,12,0,9,3,0,0,2048,0.000,0.000
lltp,ILL/KLE-cbn,,,KLE003+1.p,classical,auto,1,false,,5,0,3,,proved,,ok,focus,MELL,15,1,0.015,9,0,6,3,0,0,2048,0.000,0.000
lltp,ILL/KLE-cbn,,,KLE002+1.p,classical,auto,1,false,,5,0,3,,proved,,ok,focus,MELL,14,1,0.019,25,8,10,12,0,0,2048,0.000,0.000
lltp,ILL/KLE-cbn,,,KLE001+1.p,classical,auto,1,false,,5,0,3,,proved,,ok,focus,MELL,4,1,0.008,2,0,1,0,0,0,2048,0.000,0.000
lltp,ILL/KLE-IMP-CONJ/NON-THEOREMS,,,KLE_59_MU.p,classical,auto,1,false,,5,0,3,,unprovable,,,focus,MLL,31,4,0.021,8,0,8,20,0,0,2048,0.000,0.000
lltp,ILL/KLE-IMP-CONJ/NON-THEOREMS,,,KLE_58_MU.p,classical,auto,1,false,,5,0,3,,unprovable,,,focus,MLL,31,4,0.016,3,0,3,14,0,0,2048,0.000,0.000
lltp,ILL/KLE-IMP-CONJ/NON-THEOREMS,,,KLE_57_MU.p,classical,auto,1,false,,5,0,3,,unprovable,,,focus,MLL,31,4,0.020,7,0,7,13,0,0,2048,0.000,0.000
lltp,ILL/KLE-IMP-CONJ/NON-THEOREMS,,,KLE_47_MU.p,classical,auto,1,false,,5,0,3,,unprovable,,,focus,MLL,27,4,0.008,1,0,1,1,0,0,2048,0.000,0.000
lltp,ILL/KLE-IMP-CONJ/NON-THEOREMS,,,KLE_46_MU.p,classical,auto,1,false,,5,0,3,,unprovable,,,net,MLL,11,2,0.009,1,0,0,0,0,0,2048,0.000,0.000
lltp,ILL/KLE-IMP-CONJ/NON-THEOREMS,,,KLE_45_MU.p,classical,auto,1,false,,5,0,3,,unprovable,,,net,MLL,13,2,0.002,0,0,0,0,0,0,2048,0.000,0.000
lltp,ILL/KLE-IMP-CONJ/NON-THEOREMS,,,KLE_41_MU.p,classical,auto,1,false,,5,0,3,,unprovable,,,focus,MLL,14,3,0.006,1,0,1,0,0,0,2048,0.000,0.000
lltp,ILL/KLE-IMP-CONJ/NON-THEOREMS,,,KLE_40_MU.p,classical,auto,1,false,,5,0,3,,unprovable,,,net,MLL,12,2,0.002,0,0,0,0,0,0,2048,0.000,0.000
lltp,ILL/KLE-IMP-CONJ/NON-THEOREMS,,,KLE_39_MU.p,classical,auto,1,false,,5,0,3,,unprovable,,,net,MLL,18,2,0.002,0,0,0,0,0,0,2048,0.000,0.000
lltp,ILL/KLE-IMP-CONJ/NON-THEOREMS,,,KLE_38_MU.p,classical,auto,1,false,,5,0,3,,unprovable,,,focus,MLL,18,3,0.009,1,0,1,0,0,0,2048,0.000,0.000
lltp,ILL/KLE-IMP-CONJ/NON-THEOREMS,,,KLE_37_MU.p,classical,auto,1,false,,5,0,3,,unprovable,,,focus,MLL,12,3,0.006,1,0,1,0,0,0,2048,0.000,0.000
lltp,ILL/KLE-IMP-CONJ/NON-THEOREMS,,,KLE_36_MU.p,classical,auto,1,false,,5,0,3,,unprovable,,,net,MLL,12,2,0.002,0,0,0,0,0,0,2048,0.000,0.000
lltp,ILL/KLE-IMP-CONJ/NON-THEOREMS,,,KLE_35_MU.p,classical,auto,1,false,,5,0,3,,unprovable,,,focus,MLL,11,3,0.006,1,0,1,1,0,0,2048,0.000,0.000
lltp,ILL/KLE-IMP-CONJ/NON-THEOREMS,,,KLE_27_MU.p,classical,auto,1,false,,5,0,3,,unprovable,,,focus,MLL,55,6,0.013,2,0,2,5,0,0,2048,0.000,0.000
lltp,ILL/KLE-IMP-CONJ/NON-THEOREMS,,,KLE_26_MU.p,classical,auto,1,false,,5,0,3,,unprovable,,,focus,MLL,39,6,0.011,2,0,2,5,0,0,2048,0.000,0.000
lltp,ILL/KLE-IMP-CONJ/NON-THEOREMS,,,KLE_19_MU.p,classical,auto,1,false,,5,0,3,,unprovable,,,net,MLL,9,2,0.002,0,0,0,0,0,0,2048,0.000,0.000
lltp,ILL/KLE-IMP-CONJ/NON-THEOREMS,,,KLE_18_MU.p,classical,auto,1,false,,5,0,3,,unprovable,,,net,MLL,9,2,0.002,0,0,0,0,0,0,2048,0.000,0.000
lltp,ILL/KLE-IMP-CONJ/NON-THEOREMS,,,KLE_17_MU.p,classical,auto,1,false,,5,0,3,,unprovable,,,net,MLL,10,2,0.002,0,0,0,0,0,0,2048,0.000,0.000
lltp,ILL/KLE-IMP-CONJ/NON-THEOREMS,,,KLE_16_MU.p,classical,auto,1,false,,5,0,3,,unprovable,,,net,MLL,10,2,0.002,0,0,0,0,0,0,2048,0.000,0.000
lltp,ILL/KLE-IMP-CONJ/NON-THEOREMS,,,KLE_12_MU.p,classical,auto,1,false,,5,0,3,,unprovable,,,net,MLL,4,1,0.001,0,0,0,0,0,0,2048,0.000,0.000
lltp,ILL/KLE-IMP-CONJ/NON-THEOREMS,,,KLE_11_MU.p,classical,auto,1,false,,5,0,3,,unprovable,,,net,MLL,6,1,0.002,0,0,0,0,0,0,2048,0.000,0.000
lltp,ILL/KLE-IMP-CONJ/NON-THEOREMS,,,KLE_10_MU.p,classical,auto,1,false,,5,0,3,,unprovable,,,net,MLL,6,1,0.002,0,0,0,0,0,0,2048,0.000,0.000
lltp,ILL/KLE-IMP-CONJ,,,KLE_9_MU.p,classical,auto,1,false,,5,0,3,,proved,,ok,net,MLL,10,1,0.013,3,0,0,0,3,3,2048,0.000,0.000
lltp,ILL/KLE-IMP-CONJ,,,KLE_9_CBV.p,classical,auto,1,false,,5,0,3,,proved,,ok,focus,MELL,18,1,0.021,22,4,11,9,0,0,2048,0.000,0.000
lltp,ILL/KLE-IMP-CONJ,,,KLE_9_CBN.p,classical,auto,1,false,,5,0,3,,proved,,ok,focus,LL,13,1,0.016,13,1,9,2,0,0,2048,0.000,0.000
lltp,ILL/KLE-IMP-CONJ,,,KLE_9_01.p,classical,auto,1,false,,5,0,3,,proved,,ok,focus,LL,18,1,0.036,67,22,25,15,0,0,2048,0.000,0.000
lltp,ILL/KLE-IMP-CONJ,,,KLE_8_MU.p,classical,auto,1,false,,5,0,3,,proved,,ok,net,MLL,10,1,0.012,3,0,0,0,3,3,2048,0.000,0.000
lltp,ILL/KLE-IMP-CONJ,,,KLE_8_CBV.p,classical,auto,1,false,,5,0,3,,proved,,ok,focus,MELL,18,1,0.021,21,3,11,9,0,0,2048,0.000,0.000
lltp,ILL/KLE-IMP-CONJ,,,KLE_8_CBN.p,classical,auto,1,false,,5,0,3,,proved,,ok,focus,LL,13,1,0.018,16,1,12,3,0,0,2048,0.000,0.000
lltp,ILL/KLE-IMP-CONJ,,,KLE_8_01.p,classical,auto,1,false,,5,0,3,,proved,,ok,focus,LL,18,1,0.034,58,19,21,13,0,0,2048,0.000,0.000
lltp,ILL/KLE-IMP-CONJ,,,KLE_7_MU.p,classical,auto,1,false,,5,0,3,,proved,,ok,net,MLL,10,1,0.012,3,0,0,0,3,3,2048,0.000,0.000
lltp,ILL/KLE-IMP-CONJ,,,KLE_7_CBV.p,classical,auto,1,false,,5,0,3,,proved,,ok,focus,MELL,20,1,0.033,63,21,21,31,0,0,2048,0.000,0.000
lltp,ILL/KLE-IMP-CONJ,,,KLE_7_CBN.p,classical,auto,1,false,,5,0,3,,proved,,ok,focus,MELL,15,1,0.022,25,8,10,12,0,0,2048,0.000,0.000
lltp,ILL/KLE-IMP-CONJ,,,KLE_7_01.p,classical,auto,1,false,,5,0,3,,proved,,ok,focus,MELL,19,1,0.029,44,11,16,23,0,0,2048,0.000,0.000
lltp,ILL/KLE-IMP-CONJ,,,KLE_6_MU.p,classical,auto,1,false,,5,0,3,,proved,,ok,net,MLL,10,1,0.013,3,0,0,0,3,3,2048,0.000,0.000
lltp,ILL/KLE-IMP-CONJ,,,KLE_6_CBV.p,classical,auto,1,false,,5,0,3,,proved,,ok,focus,MELL,20,1,0.035,63,21,21,31,0,0,2048,0.000,0.000
lltp,ILL/KLE-IMP-CONJ,,,KLE_6_CBN.p,classical,auto,1,false,,5,0,3,,proved,,ok,focus,MELL,15,1,0.021,25,8,10,12,0,0,2048,0.000,0.000
lltp,ILL/KLE-IMP-CONJ,,,KLE_6_01.p,classical,auto,1,false,,5,0,3,,proved,,ok,focus,MELL,19,1,0.030,44,11,16,23,0,0,2048,0.000,0.000
lltp,ILL/KLE-IMP-CONJ,,,KLE_61_MU.p,classical,auto,1,false,,5,0,3,,proved,,ok,focus,MLL,39,6,0.028,13,0,13,19,0,0,2048,0.000,0.000
lltp,ILL/KLE-IMP-CONJ,,,KLE_61_CBV.p,classical,auto,1,false,,5,0,3,,unknown,copy_bound,,focus,LL,65,2,0.041,88,33,25,64,0,0,2048,0.000,0.000
lltp,ILL/KLE-IMP-CONJ,,,KLE_61_CBN.p,classical,auto,1,false,,5,0,3,,unknown,copy_bound,,focus,LL,57,2,0.028,48,22,14,39,0,0,2048,0.000,0.000
lltp,ILL/KLE-IMP-CONJ,,,KLE_61_01.p,classical,auto,1,false,,5,0,3,,unknown,copy_bound,,focus,LL,76,2,0.055,130,48,34,75,0,0,2048,0.000,0.000
lltp,ILL/KLE-IMP-CONJ,,,KLE_60_MU.p,classical,auto,1,false,,5,0,3,,proved,,ok,focus,MLL,31,4,0.020,9,0,9,11,0,0,2048,0.000,0.000
lltp,ILL/KLE-IMP-CONJ,,,KLE_60_CBV.p,classical,auto,1,false,,5,0,3,,unknown,copy_bound,,focus,LL,51,2,0.056,126,57,38,114,0,0,2048,0.000,0.000
lltp,ILL/KLE-IMP-CONJ,,,KLE_60_CBN.p,classical,auto,1,false,,5,0,3,,proved,,ok,focus,LL,43,2,0.038,56,19,20,28,0,0,2048,0.000,0.000
lltp,ILL/KLE-IMP-CONJ,,,KLE_60_01.p,classical,auto,1,false,,5,0,3,,unknown,copy_bound,,focus,LL,59,2,0.084,177,45,82,65,0,0,2048,0.000,0.000
lltp,ILL/KLE-IMP-CONJ,,,KLE_5_MU.p,classical,auto,1,false,,5,0,3,,proved,,ok,net,MLL,10,1,0.012,3,0,0,0,3,3,2048,0.000,0.000
lltp,ILL/KLE-IMP-CONJ,,,KLE_5_CBV.p,classical,auto,1,false,,5,0,3,,proved,,ok,focus,MELL,19,1,0.025,28,5,14,18,0,0,2048,0.000,0.000
lltp,ILL/KLE-IMP-CONJ,,,KLE_5_CBN.p,classical,auto,1,false,,5,0,3,,proved,,ok,focus,LL,14,1,0.014,9,0,6,2,0,0,2048,0.000,0.000
lltp,ILL/KLE-IMP-CONJ,,,KLE_5_01.p,classical,auto,1,false,,5,0,3,,proved,,ok,focus,LL,18,1,0.023,22,0,14,4,0,0,2048,0.000,0.000
lltp,ILL/KLE-IMP-CONJ,,,KLE_59_CBV.p,classical,auto,1,false,,5,0,3,,unknown,copy_bound,,focus,LL,51,2,0.033,65,24,18,44,0,0,2048,0.000,0.000
lltp,ILL/KLE-IMP-CONJ,,,KLE_59_CBN.p,classical,auto,1,false,,5,0,3,,unknown,copy_bound,,focus,LL,43,2,0.034,59,19,24,35,0,0,2048,0.000,0.000
lltp,ILL/KLE-IMP-CONJ,,,KLE_59_01.p,classical,auto,1,false,,5,0,3,,unknown,copy_bound,,focus,LL,59,2,0.052,125,54,30,45,0,0,2048,0.000,0.000
lltp,ILL/KLE-IMP-CONJ,,,KLE_58_CBV.p,classical,auto,1,false,,5,0,3,,unknown,copy_bound,,focus,LL,51,2,0.038,82,39,19,81,0,0,2048,0.000,0.000
lltp,ILL/KLE-IMP-CONJ,,,KLE_58_CBN.p,classical,auto,1,false,,5,0,3,,unknown,copy_bound,,focus,LL,43,2,0.026,28,9,10,18,0,0,2048,0.000,0.000
lltp,ILL/KLE-IMP-CONJ,,,KLE_58_01.p,classical,auto,1,false,,5,0,3,,unknown,copy_bound,,focus,LL,59,2,0.041,90,26,25,41,0,0,2048,0.000,0.000
lltp,ILL/KLE-IMP-CONJ,,,KLE_57_CBV.p,classical,auto,1,false,,5,0,3,,unknown,copy_bound,,focus,LL,51,2,0.036,75,30,20,58,0,0,2048,0.000,0.000
lltp,ILL/KLE-IMP-CONJ,,,KLE_57_CBN.p,classical,auto,1,false,,5,0,3,,unknown,copy_bound,,focus,LL,43,2,0.026,46,23,10,36,0,0,2048,0.000,0.000
lltp,ILL/KLE-IMP-CONJ,,,KLE_57_01.p,classical,auto,1,false,,5,0,3,,unknown,copy_bound,,focus,LL,59,2,0.045,121,58,29,35,0,0,2048,0.000,0.000
lltp,ILL/KLE-IMP-CONJ,,,KLE_56_MU.p,classical,auto,1,false,,5,0,3,,proved,,ok,net,MLL,15,2,0.018,4,0,0,0,4,4,2048,0.000,0.000
lltp,ILL/KLE-IMP-CONJ,,,KLE_56_CBV.p,classical,auto,1,false,,5,0,3,,unknown,copy_bound,,focus,LL,25,1,0.036,71,24,21,36,0,0,2048,0.000,0.000
lltp,ILL/KLE-IMP-CONJ,,,KLE_56_CBN.p,classical,auto,1,false,,5,0,3,,proved,,ok,focus,LL,21,1,0.026,35,12,13,19,0,0,2048,0.000,0.000
lltp,ILL/KLE-IMP-CONJ,,,KLE_56_01.p,classical,auto,1,false,,5,0,3,,unknown,copy_bound,,focus,LL,29,1,0.043,115,55,29,26,0,0,2048,0.000,0.000
lltp,ILL/KLE-IMP-CONJ,,,KLE_55_MU.p,classical,auto,1,false,,5,0,3,,proved,,ok,net,MLL,11,1,0.013,3,0,0,0,3,3,2048,0.000,0.000
lltp,ILL/KLE-IMP-CONJ,,,KLE_55_CBV.p,classical,auto,1,false,,5,0,3,,proved,,ok,focus,LL,19,1,0.031,45,11,16,20,0,0,2048,0.000,0.000
lltp,ILL/KLE-IMP-CONJ,,,KLE_55_CBN.p,classical,auto,1,false,,5,0,3,,proved,,ok,focus,LL,15,1,0.025,38,14,14,18,0,0,2048,0.000,0.000
lltp,ILL/KLE-IMP-CONJ,,,KLE_55_01.p,classical,auto,1,false,,5,0,3,,unknown,copy_bound,,focus,LL,21,1,0.049,115,51,34,27,0,0,2048,0.000,0.000
lltp,ILL/KLE-IMP-CONJ,,,KLE_54_MU.p,classical,auto,1,false,,5,0,3,,proved,,ok,net,MLL,11,1,0.013,3,0,0,0,3,3,2048,0.000,0.000
lltp,ILL/KLE-IMP-CONJ,,,KLE_54_CBV.p,classical,auto,1,false,,5,0,3,,proved,,ok,focus,LL,19,1,0.032,56,18,16,16,0,0,2048,0.000,0.000
lltp,ILL/KLE-IMP-CONJ,,,KLE_54_CBN.p,classical,auto,1,false,,5,0,3,,proved,,ok,focus,LL,15,1,0.018,19,3,11,5,0,0,2048,0.000,0.000
lltp,ILL/KLE-IMP-CONJ,,,KLE_54_01.p,classical,auto,1,false,,5,0,3,,unknown,copy_bound,,focus,LL,21,1,0.043,114,49,34,22,0,0,2048,0.000,0.000
lltp,ILL/KLE-IMP-CONJ,,,KLE_53_MU.p,classical,auto,1,false,,5,0,3,,proved,,ok,net,MLL,15,2,0.016,4,0,0,0,4,4,2048,0.000,0.000
lltp,ILL/KLE-IMP-CONJ,,,KLE_53_CBV.p,classical,auto,1,false,,5,0,3,,proved,,ok,focus,LL,25,1,0.034,50,11,22,27,0,0,2048,0.000,0.000
lltp,ILL/KLE-IMP-CONJ,,,KLE_53_CBN.p,classical,auto,1,false,,5,0,3,,proved,,ok,focus,LL,21,1,0.030,49,20,18,26,0,0,2048,0.000,0.000
lltp,ILL/KLE-IMP-CONJ,,,KLE_53_01.p,classical,auto,1,false,,5,0,3,,unknown,copy_bound,,focus,LL,29,1,0.051,121,54,29,45,0,0,2048,0.000,0.000
lltp,ILL/KLE-IMP-CONJ,,,KLE_52_MU.p,classical,auto,1,false,,5,0,3,,proved,,ok,focus,MLL,30,3,0.025,10,0,10,18,0,0,2048,0.000,0.000
lltp,ILL/KLE-IMP-CONJ,,,KLE_52_CBV.p,classical,auto,1,false,,5,0,3,,unknown,copy_bound,,focus,LL,51,3,0.071,202,93,57,191,0,0,2048,0.000,0.000
lltp,ILL/KLE-IMP-CONJ,,,KLE_52_CBN.p,classical,auto,1,false,,5,0,3,,unknown,copy_bound,,focus,LL,42,3,0.046,92,38,36,52,0,0,2048,0.000,0.000
lltp,ILL/KLE-IMP-CONJ,,,KLE_52_01.p,classical,auto,1,false,,5,0,3,,unknown,copy_bound,,focus,LL,57,3,0.073,244,113,65,121,0,0,2048,0.000,0.000
lltp,ILL/KLE-IMP-CONJ,,,KLE_51_MU.p,classical,auto,1,false,,5,0,3,,proved,,ok,focus,MLL,30,3,0.026,12,0,12,22,0,0,2048,0.000,0.000
lltp,ILL/KLE-IMP-CONJ,,,KLE_51_CBV.p,classical,auto,1,false,,5,0,3,,unknown,copy_bound,,focus,LL,53,3,0.057,151,49,53,117,0,0,2048,0.000,0.000
lltp,ILL/KLE-IMP-CONJ,,,KLE_51_CBN.p,classical,auto,1,false,,5,0,3,,unknown,copy_bound,,focus,LL,44,3,0.045,94,35,32,72,0,0,2048,0.000,0.000
lltp,ILL/KLE-IMP-CONJ,,,KLE_51_01.p,classical,auto,1,false,,5,0,3,,unknown,copy_bound,,focus,LL,58,3,0.089,285,92,84,174,0,0,2048,0.000,0.000
lltp,ILL/KLE-IMP-CONJ,,,KLE_50_MU.p,classical,auto,1,false,,5,0,3,,proved,,ok,focus,MLL,31,4,0.023,9,0,9,25,0,0,2048,0.000,0.000
lltp,ILL/KLE-IMP-CONJ,,,KLE_50_CBV.p,classical,auto,1,false,,5,0,3,,proved,,ok,focus,LL,51,2,0.047,84,32,28,94,0,0,2048,0.000,0.000
lltp,ILL/KLE-IMP-CONJ,,,KLE_50_CBN.p,classical,auto,1,false,,5,0,3,,proved,,ok,focus,LL,43,2,0.029,40,10,17,23,0,0,2048,0.000,0.000
lltp,ILL/KLE-IMP-CONJ,,,KLE_50_01.p,classical,auto,1,false,,5,0,3,,unknown,copy_bound,,focus,LL,59,2,0.067,179,47,69,73,0,0,2048,0.000,0.000
lltp,ILL/KLE-IMP-CONJ,,,KLE_4_MU.p,classical,auto,1,false,,5,0,3,,proved,,ok,net,MLL,10,1,0.012,3,0,0,0,3,3,2048,0.000,0.000
lltp,ILL/KLE-IMP-CONJ,,,KLE_4_CBV.p,classical,auto,1,false,,5,0,3,,proved,,ok,focus,MELL,19,1,0.032,56,18,20,18,0,0,2048,0.000,0.000
lltp,ILL/KLE-IMP-CONJ,,,KLE_4_CBN.p,classical,auto,1,false,,5,0,3,,proved,,ok,focus,LL,14,1,0.015,12,0,9,3,0,0,2048,0.000,0.000
lltp,ILL/KLE-IMP-CONJ,,,KLE_4_01.p,classical,auto,1,false,,5,0,3,,unknown,copy_bound,,focus,LL,19,1,0.036,81,32,27,26,0,0,2048,0.000,0.000
lltp,ILL/KLE-IMP-CONJ,,,KLE_49_MU.p,classical,auto,1,false,,5,0,3,,proved,,ok,net,MLL,23,2,0.021,6,0,0,0,6,6,2048,0.000,0.000
lltp,ILL/KLE-IMP-CONJ,,,KLE_49_CBV.p,classical,auto,1,false,,5,0,3,,proved,,ok,focus,LL,39,2,0.032,42,8,18,18,0,0,2048,0.000,0.000
lltp,ILL/KLE-IMP-CONJ,,,KLE_49_CBN.p,classical,auto,1,false,,5,0,3,,proved,,ok,focus,LL,31,2,0.019,14,0,11,4,0,0,2048,0.000,0.000
lltp,ILL/KLE-IMP-CONJ,,,KLE_49_01.p,classical,auto,1,false,,5,0,3,,unknown,copy_bound,,focus,LL,43,2,0.044,89,32,29,26,0,0,2048,0.000,0.000
lltp,ILL/KLE-IMP-CONJ,,,KLE_48_MU.p,classical,auto,1,false,,5,0,3,,proved,,ok,net,MLL,11,1,0.012,3,0,0,0,3,3,2048,0.000,0.000
lltp,ILL/KLE-IMP-CONJ,,,KLE_48_CBV.p,classical,auto,1,false,,5,0,3,,proved,,ok,focus,LL,19,1,0.031,48,16,14,20,0,0,2048,0.000,0.000
lltp,ILL/KLE-IMP-CONJ,,,KLE_48_CBN.p,classical,auto,1,false,,5,0,3,,proved,,ok,focus,LL,15,1,0.019,21,6,10,9,0,0,2048,0.000,0.000
lltp,ILL/KLE-IMP-CONJ,,,KLE_48_01.p,classical,auto,1,false,,5,0,3,,unknown,copy_bound,,focus,LL,21,1,0.037,85,33,28,27,0,0,2048,0.000,0.000
lltp,ILL/KLE-IMP-CONJ,,,KLE_47_CBV.p,classical,auto,1,false,,5,0,3,,proved,,ok,focus,LL,43,4,0.031,40,6,23,19,0,0,2048,0.000,0.000
lltp,ILL/KLE-IMP-CONJ,,,KLE_47_CBN.p,classical,auto,1,false,,5,0,3,,proved,,ok,focus,LL,33,4,0.029,36,4,25,8,0,0,2048,0.000,0.000
lltp,ILL/KLE-IMP-CONJ,,,KLE_47_01.p,classical,auto,1,false,,5,0,3,,unknown,copy_bound,,focus,LL,49,4,0.065,179,73,58,4,0,0,2048,0.000,0.000
lltp,ILL/KLE-IMP-CONJ,,,KLE_46_CBV.p,classical,auto,1,false,,5,0,3,,unknown,copy_bound,,focus,LL,18,1,0.024,26,7,8,13,0,0,2048,0.000,0.000
lltp,ILL/KLE-IMP-CONJ,,,KLE_46_CBN.p,classical,auto,1,false,,5,0,3,,unknown,copy_bound,,focus,LL,16,1,0.016,14,3,5,9,0,0,2048,0.000,0.000
lltp,ILL/KLE-IMP-CONJ,,,KLE_46_01.p,classical,auto,1,false,,5,0,3,,unknown,copy_bound,,focus,LL,21,1,0.026,34,8,9,15,0,0,2048,0.000,0.000
lltp,ILL/KLE-IMP-CONJ,,,KLE_45_CBV.p,classical,auto,1,false,,5,0,3,,unknown,copy_bound,,focus,LL,22,2,0.023,32,9,10,19,0,0,2048,0.000,0.000
lltp,ILL/KLE-IMP-CONJ,,,KLE_45_CBN.p,classical,auto,1,false,,5,0,3,,unknown,copy_bound,,focus,LL,18,2,0.021,26,9,9,18,0,0,2048,0.000,0.000
lltp,ILL/KLE-IMP-CONJ,,,KLE_45_01.p,classical,auto,1,false,,5,0,3,,unknown,copy_bound,,focus,LL,25,2,0.026,44,17,12,9,0,0,2048,0.000,0.000
lltp,ILL/KLE-IMP-CONJ,,,KLE_44_MU.p,classical,auto,1,false,,5,0,3,,proved,,ok,net,MLL,7,1,0.017,2,0,0,0,2,2,2048,0.000,0.000
lltp,ILL/KLE-IMP-CONJ,,,KLE_44_CBV.p,classical,auto,1,false,,5,0,3,,proved,,ok,focus,LL,11,1,0.022,11,1,4,3,0,0,2048,0.000,0.000
lltp,ILL/KLE-IMP-CONJ,,,KLE_44_CBN.p,classical,auto,1,false,,5,0,3,,proved,,ok,focus,LL,9,1,0.021,10,1,5,3,0,0,2048,0.000,0.000
lltp,ILL/KLE-IMP-CONJ,,,KLE_44_01.p,classical,auto,1,false,,5,0,3,,unknown,copy_bound,,focus,LL,13,1,0.022,35,13,9,4,0,0,2048,0.000,0.000
lltp,ILL/KLE-IMP-CONJ,,,KLE_43_MU.p,classical,auto,1,false,,5,0,3,,proved,,ok,focus,MLL,23,4,0.028,9,0,9,8,0,0,2048,0.000,0.000
lltp,ILL/KLE-IMP-CONJ,,,KLE_43_CBV.p,classical,auto,1,false,,5,0,3,,proved,,ok,focus,LL,37,2,0.042,37,4,15,23,0,0,2048,0.000,0.000
lltp,ILL/KLE-IMP-CONJ,,,KLE_43_CBN.p,classical,auto,1,false,,5,0,3,,proved,,ok,focus,LL,33,2,0.031,24,3,10,15,0,0,2048,0.000,0.000
lltp,ILL/KLE-IMP-CONJ,,,KLE_43_01.p,classical,auto,1,false,,5,0,3,,proved,,ok,focus,LL,44,2,0.066,81,7,36,35,0,0,2048,0.000,0.000
lltp,ILL/KLE-IMP-CONJ,,,KLE_42_MU.p,classical,auto,1,false,,5,0,3,,proved,,ok,net,MLL,7,1,0.015,2,0,0,0,2,2,2048,0.000,0.000
lltp,ILL/KLE-IMP-CONJ,,,KLE_42_CBV.p,classical,auto,1,false,,5,0,3,,proved,,ok,focus,LL,12,1,0.021,15,1,6,3,0,0,2048,0.000,0.000
lltp,ILL/KLE-IMP-CONJ,,,KLE_42_CBN.p,classical,auto,1,false,,5,0,3,,proved,,ok,focus,LL,10,1,0.017,8,1,3,3,0,0,2048,0.000,0.000
lltp,ILL/KLE-IMP-CONJ,,,KLE_42_01.p,classical,auto,1,false,,5,0,3,,proved,,ok,focus,LL,13,1,0.029,18,1,9,4,0,0,2048,0.000,0.000
lltp,ILL/KLE-IMP-CONJ,,,KLE_41_CBV.p,classical,auto,1,false,,5,0,3,,proved,,ok,focus,LL,24,3,0.028,17,2,8,9,0,0,2048,0.000,0.000
lltp,ILL/KLE-IMP-CONJ,,,KLE_41_CBN.p,classical,auto,1,false,,5,0,3,,proved,,ok,focus,LL,18,3,0.019,9,1,5,2,0,0,2048,0.000,0.000
lltp,ILL/KLE-IMP-CONJ,,,KLE_41_01.p,classical,auto,1,false,,5,0,3,,proved,,ok,focus,LL,25,3,0.041,27,2,17,6,0,0,2048,0.000,0.000
lltp,ILL/KLE-IMP-CONJ,,,KLE_40_CBV.p,classical,auto,1,false,,5,0,3,,proved,,ok,focus,MELL,21,2,0.022,9,0,6,3,0,0,2048,0.000,0.000
lltp,ILL/KLE-IMP-CONJ,,,KLE_40_CBN.p,classical,auto,1,false,,5,0,3,,proved,,ok,focus,LL,15,2,0.013,5,0,4,0,0,0,2048,0.000,0.000
lltp,ILL/KLE-IMP-CONJ,,,KLE_40_01.p,classical,auto,1,false,,5,0,3,,proved,,ok,focus,LL,21,2,0.026,19,0,12,0,0,0,2048,0.000,0.000
lltp,ILL/KLE-IMP-CONJ,,,KLE_3_MU.p,classical,auto,1,false,,5,0,3,,proved,,ok,net,MLL,10,1,0.016,3,0,0,0,3,3,2048,0.000,0.000
lltp,ILL/KLE-IMP-CONJ,,,KLE_3_CBV.p,classical,auto,1,false,,5,0,3,,proved,,ok,focus,MELL,20,1,0.046,67,20,24,22,0,0,2048,0.000,0.000
lltp,ILL/KLE-IMP-CONJ,,,KLE_3_CBN.p,classical,auto,1,false,,5,0,3,,proved,,ok,focus,MELL,15,1,0.019,9,0,6,3,0,0,2048,0.000,0.000
lltp,ILL/KLE-IMP-CONJ,,,KLE_3_01.p,classical,auto,1,false,,5,0,3,,proved,,ok,focus,MELL,19,1,0.045,45,10,17,16,0,0,2048,0.000,0.000
lltp,ILL/KLE-IMP-CONJ,,,KLE_39_CBV.p,classical,auto,1,false,,5,0,3,,proved,,ok,focus,LL,32,2,0.045,48,11,19,30,0,0,2048,0.000,0.000
lltp,ILL/KLE-IMP-CONJ,,,KLE_39_CBN.p,classical,auto,1,false,,5,0,3,,proved,,ok,focus,LL,26,2,0.028,21,5,8,13,0,0,2048,0.000,0.000
lltp,ILL/KLE-IMP-CONJ,,,KLE_39_01.p,classical,auto,1,false,,5,0,3,,proved,,ok,focus,LL,34,2,0.054,66,13,27,35,0,0,2048,0.000,0.000
lltp,ILL/KLE-IMP-CONJ,,,KLE_38_CBV.p,classical,auto,1,false,,5,0,3,,proved,,ok,focus,LL,32,3,0.029,19,0,12,10,0,0,2048,0.000,0.000
lltp,ILL/KLE-IMP-CONJ,,,KLE_38_CBN.p,classical,auto,1,false,,5,0,3,,proved,,ok,focus,LL,26,3,0.019,8,0,5,4,0,0,2048,0.000,0.000
lltp,ILL/KLE-IMP-CONJ,,,KLE_38_01.p,classical,auto,1,false,,5,0,3,,proved,,ok,focus,LL,34,3,0.038,27,1,17,10,0,0,2048,0.000,0.000
lltp,ILL/KLE-IMP-CONJ,,,KLE_37_CBV.p,classical,auto,1,false,,5,0,3,,proved,,ok,focus,MELL,23,3,0.019,9,0,6,2,0,0,2048,0.000,0.000
lltp,ILL/KLE-IMP-CONJ,,,KLE_37_CBN.p,classical,auto,1,false,,5,0,3,,proved,,ok,focus,LL,17,3,0.013,3,0,2,0,0,0,2048,0.000,0.000
lltp,ILL/KLE-IMP-CONJ,,,KLE_37_01.p,classical,auto,1,false,,5,0,3,,proved,,ok,focus,LL,22,3,0.020,9,0,6,0,0,0,2048,0.000,0.000
lltp,ILL/KLE-IMP-CONJ,,,KLE_36_CBV.p,classical,auto,1,false,,5,0,3,,proved,,ok,focus,MELL,23,2,0.027,20,2,11,7,0,0,2048,0.000,0.000
lltp,ILL/KLE-IMP-CONJ,,,KLE_36_CBN.p,classical,auto,1,false,,5,0,3,,proved,,ok,focus,LL,17,2,0.019,8,0,5,2,0,0,2048,0.000,0.000
lltp,ILL/KLE-IMP-CONJ,,,KLE_36_01.p,classical,auto,1,false,,5,0,3,,proved,,ok,focus,LL,22,2,0.026,18,0,11,2,0,0,2048,0.000,0.000
lltp,ILL/KLE-IMP-CONJ,,,KLE_35_CBV.p,classical,auto,1,false,,5,0,3,,proved,,ok,focus,MELL,19,3,0.019,9,0,6,3,0,0,2048,0.000,0.000
lltp,ILL/KLE-IMP-CONJ,,,KLE_35_CBN.p,classical,auto,1,false,,5,0,3,,proved,,ok,focus,LL,13,3,0.015,5,0,4,0,0,0,2048,0.000,0.000
lltp,ILL/KLE-IMP-CONJ,,,KLE_35_01.p,classical,auto,1,false,,5,0,3,,proved,,ok,focus,LL,19,3,0.022,16,0,9,0,0,0,2048,0.000,0.000
lltp,ILL/KLE-IMP-CONJ,,,KLE_34_MU.p,classical,auto,1,false,,5,0,3,,proved,,ok,net,MLL,15,2,0.021,4,0,0,0,4,4,2048,0.000,0.000
lltp,ILL/KLE-IMP-CONJ,,,KLE_34_CBV.p,classical,auto,1,false,,5,0,3,,proved,,ok,focus,MELL,25,2,0.023,10,0,7,5,0,0,2048,0.000,0.000
lltp,ILL/KLE-IMP-CONJ,,,KLE_34_CBN.p,classical,auto,1,false,,5,0,3,,proved,,ok,focus,LL,17,2,0.019,11,0,10,0,0,0,2048,0.000,0.000
lltp,ILL/KLE-IMP-CONJ,,,KLE_34_01.p,classical,auto,1,false,,5,0,3,,proved,,ok,focus,LL,26,2,0.040,35,3,21,0,0,0,2048,0.000,0.000
lltp,ILL/KLE-IMP-CONJ,,,KLE_33_MU.p,classical,auto,1,false,,5,0,3,,proved,,ok,net,MLL,23,2,0.026,6,0,0,0,6,6,2048,0.000,0.000
lltp,ILL/KLE-IMP-CONJ,,,KLE_33_CBV.p,classical,auto,1,false,,5,0,3,,proved,,ok,focus,MELL,37,2,0.028,12,0,9,7,0,0,2048,0.000,0.000
lltp,ILL/KLE-IMP-CONJ,,,KLE_33_CBN.p,classical,auto,1,false,,5,0,3,,proved,,ok,focus,LL,25,2,0.024,19,0,18,0,0,0,2048,0.000,0.000
lltp,ILL/KLE-IMP-CONJ,,,KLE_33_01.p,classical,auto,1,false,,5,0,3,,proved,,ok,focus,LL,40,2,0.075,118,22,59,0,0,0,2048,0.000,0.000
lltp,ILL/KLE-IMP-CONJ,,,KLE_32_MU.p,classical,auto,1,false,,5,0,3,,proved,,ok,net,MLL,22,2,0.034,6,0,0,0,6,6,2048,0.000,0.000
lltp,ILL/KLE-IMP-CONJ,,,KLE_32_CBV.p,classical,auto,1,false,,5,0,3,,proved,,ok,focus,LL,38,2,0.084,133,47,55,82,0,0,2048,0.000,0.000
lltp,ILL/KLE-IMP-CONJ,,,KLE_32_CBN.p,classical,auto,1,false,,5,0,3,,proved,,ok,focus,LL,31,2,0.046,44,14,23,25,0,0,2048,0.000,0.000
lltp,ILL/KLE-IMP-CONJ,,,KLE_32_01.p,classical,auto,1,false,,5,0,3,,unknown,copy_bound,,focus,LL,42,2,0.087,229,127,50,69,0,0,2048,0.000,0.000
lltp,ILL/KLE-IMP-CONJ,,,KLE_31_MU.p,classical,auto,1,false,,5,0,3,,proved,,ok,net,MLL,22,2,0.031,6,0,0,0,6,6,2048,0.000,0.000
lltp,ILL/KLE-IMP-CONJ,,,KLE_31_CBV.p,classical,auto,1,false,,5,0,3,,proved,,ok,focus,MELL,38,2,0.037,30,5,18,17,0,0,2048,0.000,0.000
lltp,ILL/KLE-IMP-CONJ,,,KLE_31_CBN.p,classical,auto,1,false,,5,0,3,,proved,,ok,focus,LL,27,2,0.030,30,5,20,11,0,0,2048,0.000,0.000
lltp,ILL/KLE-IMP-CONJ,,,KLE_31_01.p,classical,auto,1,false,,5,0,3,,unknown,copy_bound,,focus,LL,40,2,0.108,359,204,84,42,0,0,2048,0.000,0.000
lltp,ILL/KLE-IMP-CONJ,,,KLE_30_MU.p,classical,auto,1,false,,5,0,3,,proved,,ok,net,MLL,22,2,0.031,6,0,0,0,6,6,2048,0.000,0.000
lltp,ILL/KLE-IMP-CONJ,,,KLE_30_CBV.p,classical,auto,1,false,,5,0,3,,proved,,ok,focus,MELL,38,2,0.033,29,4,18,17,0,0,2048,0.000,0.000
lltp,ILL/KLE-IMP-CONJ,,,KLE_30_CBN.p,classical,auto,1,false,,5,0,3,,proved,,ok,focus,LL,27,2,0.034,39,8,26,15,0,0,2048,0.000,0.000
lltp,ILL/KLE-IMP-CONJ,,,KLE_30_01.p,classical,auto,1,false,,5,0,3,,unknown,copy_bound,,focus,LL,40,2,0.110,312,188,66,36,0,0,2048,0.000,0.000
lltp,ILL/KLE-IMP-CONJ,,,KLE_2_MU.p,classical,auto,1,false,,5,0,3,,proved,,ok,net,MLL,9,1,0.015,3,0,0,0,3,3,2048,0.000,0.000
lltp,ILL/KLE-IMP-CONJ,,,KLE_2_CBV.p,classical,auto,1,false,,5,0,3,,proved,,ok,focus,MELL,18,1,0.041,56,20,19,28,0,0,2048,0.000,0.000
lltp,ILL/KLE-IMP-CONJ,,,KLE_2_CBN.p,classical,auto,1,false,,5,0,3,,proved,,ok,focus,MELL,14,1,0.029,25,8,10,12,0,0,2048,0.000,0.000
lltp,ILL/KLE-IMP-CONJ,,,KLE_2_01.p,classical,auto,1,false,,5,0,3,,proved,,ok,focus,MELL,17,1,0.032,37,10,14,20,0,0,2048,0.000,0.000
lltp,ILL/KLE-IMP-CONJ,,,KLE_29_MU.p,classical,auto,1,false,,5,0,3,,proved,,ok,net,MLL,22,2,0.031,6,0,0,0,6,6,2048,0.000,0.000
lltp,ILL/KLE-IMP-CONJ,,,KLE_29_CBV.p,classical,auto,1,false,,5,0,3,,proved,,ok,focus,MELL,42,2,0.058,101,39,34,66,0,0,2048,0.000,0.000
lltp,ILL/KLE-IMP-CONJ,,,KLE_29_CBN.p,classical,auto,1,false,,5,0,3,,proved,,ok,focus,LL,31,2,0.041,62,22,21,39,0,0,2048,0.000,0.000
lltp,ILL/KLE-IMP-CONJ,,,KLE_29_01.p,classical,auto,1,false,,5,0,3,,unknown,copy_bound,,focus,LL,42,2,0.091,245,132,58,70,0,0,2048,0.000,0.000
lltp,ILL/KLE-IMP-CONJ,,,KLE_28_MU.p,classical,auto,1,false,,5,0,3,,proved,,ok,net,MLL,22,2,0.028,6,0,0,0,6,6,2048,0.000,0.000
lltp,ILL/KLE-IMP-CONJ,,,KLE_28_CBV.p,classical,auto,1,false,,5,0,3,,proved,,ok,focus,MELL,42,2,0.053,95,38,33,61,0,0,2048,0.000,0.000
lltp,ILL/KLE-IMP-CONJ,,,KLE_28_CBN.p,classical,auto,1,false,,5,0,3,,proved,,ok,focus,LL,31,2,0.033,40,15,17,23,0,0,2048,0.000,0.000
lltp,ILL/KLE-IMP-CONJ,,,KLE_28_01.p,classical,auto,1,false,,5,0,3,,unknown,copy_bound,,focus,LL,42,2,0.087,228,126,50,69,0,0,2048,0.000,0.000
lltp,ILL/KLE-IMP-CONJ,,,KLE_27_CBV.p,classical,auto,1,false,,5,0,3,,unknown,copy_bound,,focus,LL,93,4,0.053,85,38,21,69,0,0,2048,0.000,0.000
lltp,ILL/KLE-IMP-CONJ,,,KLE_27_CBN.p,classical,auto,1,false,,5,0,3,,unknown,copy_bound,,focus,LL,77,4,0.033,44,20,12,36,0,0,2048,0.000,0.000
lltp,ILL/KLE-IMP-CONJ,,,KLE_27_01.p,classical,auto,1,false,,5,0,3,,unknown,copy_bound,,focus,LL,106,4,0.079,140,49,42,57,0,0,2048,0.000,0.000
lltp,ILL/KLE-IMP-CONJ,,,KLE_26_CBV.p,classical,auto,1,false,,5,0,3,,unknown,copy_bound,,focus,LL,61,2,0.072,131,43,40,121,0,0,2048,0.000,0.000
lltp,ILL/KLE-IMP-CONJ,,,KLE_26_CBN.p,classical,auto,1,false,,5,0,3,,unknown,copy_bound,,focus,LL,53,2,0.060,87,23,33,54,0,0,2048,0.000,0.000
lltp,ILL/KLE-IMP-CONJ,,,KLE_26_01.p,classical,auto,1,false,,5,0,3,,unknown,copy_bound,,focus,LL,74,2,0.052,100,36,27,39,0,0,2048,0.000,0.000
lltp,ILL/KLE-IMP-CONJ,,,KLE_25_MU.p,classical,auto,1,false,,5,0,3,,proved,,ok,focus,MLL,21,3,0.031,9,0,9,18,0,0,2048,0.000,0.000
lltp,ILL/KLE-IMP-CONJ,,,KLE_25_CBV.p,classical,auto,1,false,,5,0,3,,unknown,copy_bound,,focus,LL,36,1,0.067,143,69,40,117,0,0,2048,0.000,0.000
lltp,ILL/KLE-IMP-CONJ,,,KLE_25_CBN.p,classical,auto,1,false,,5,0,3,,unknown,copy_bound,,focus,LL,32,1,0.041,78,36,24,68,0,0,2048,0.000,0.000
lltp,ILL/KLE-IMP-CONJ,,,KLE_25_01.p,classical,auto,1,false,,5,0,3,,unknown,copy_bound,,focus,LL,41,1,0.089,257,118,60,171,0,0,2048,0.000,0.000
lltp,ILL/KLE-IMP-CONJ,,,KLE_24_MU.p,classical,auto,1,false,,5,0,3,,proved,,ok,focus,MLL,18,3,0.025,7,0,7,15,0,0,2048,0.000,0.000
lltp,ILL/KLE-IMP-CONJ,,,KLE_24_CBV.p,classical,auto,1,false,,5,0,3,,unknown,copy_bound,,focus,LL,30,1,0.060,108,48,28,87,0,0,2048,0.000,0.000
lltp,ILL/KLE-IMP-CONJ,,,KLE_24_CBN.p,classical,auto,1,false,,5,0,3,,unknown,copy_bound,,focus,LL,27,1,0.038,60,30,15,51,0,0,2048,0.000,0.000
lltp,ILL/KLE-IMP-CONJ,,,KLE_24_01.p,classical,auto,1,false,,5,0,3,,unknown,copy_bound,,focus,LL,35,1,0.078,210,91,45,135,0,0,2048,0.000,0.000
lltp,ILL/KLE-IMP-CONJ,,,KLE_23_MU.p,classical,auto,1,false,,5,0,3,,proved,,ok,focus,MLL,20,3,0.028,7,0,7,28,0,0,2048,0.000,0.000
lltp,ILL/KLE-IMP-CONJ,,,KLE_23_CBV.p,classical,auto,1,false,,5,0,3,,unknown,copy_bound,,focus,LL,34,1,0.066,158,73,49,123,0,0,2048,0.000,0.000
lltp,ILL/KLE-IMP-CONJ,,,KLE_23_CBN.p,classical,auto,1,false,,5,0,3,,unknown,copy_bound,,focus,LL,31,1,0.047,96,51,24,80,0,0,2048,0.000,0.000
lltp,ILL/KLE-IMP-CONJ,,,KLE_23_01.p,classical,auto,1,false,,5,0,3,,unknown,copy_bound,,focus,LL,39,1,0.098,278,129,73,179,0,0,2048,0.000,0.000
lltp,ILL/KLE-IMP-CONJ,,,KLE_22_MU.p,classical,auto,1,false,,5,0,3,,proved,,ok,net,MLL,21,2,0.066,6,0,0,0,7,7,2048,0.000,0.009
lltp,ILL/KLE-IMP-CONJ,,,KLE_22_CBV.p,classical,auto,1,false,,5,0,3,,proved,,ok,focus,MELL,39,2,0.062,114,54,35,81,0,0,2048,0.000,0.000
lltp,ILL/KLE-IMP-CONJ,,,KLE_22_CBN.p,classical,auto,1,false,,5,0,3,,proved,,ok,focus,LL,29,2,0.048,100,43,33,65,0,0,2048,0.000,0.000
lltp,ILL/KLE-IMP-CONJ,,,KLE_22_01.p,classical,auto,1,false,,5,0,3,,unknown,copy_bound,,focus,LL,40,2,0.112,424,260,98,72,0,0,2048,0.000,0.000
lltp,ILL/KLE-IMP-CONJ,,,KLE_21_MU.p,classical,auto,1,false,,5,0,3,,proved,,ok,net,MLL,14,2,0.019,4,0,0,0,4,4,2048,0.000,0.000
lltp,ILL/KLE-IMP-CONJ,,,KLE_21_CBV.p,classical,auto,1,false,,5,0,3,,proved,,ok,focus,MELL,26,2,0.027,23,2,14,11,0,0,2048,0.000,0.000
lltp,ILL/KLE-IMP-CONJ,,,KLE_21_CBN.p,classical,auto,1,false,,5,0,3,,proved,,ok,focus,LL,19,2,0.024,15,2,9,7,0,0,2048,0.000,0.000
lltp,ILL/KLE-IMP-CONJ,,,KLE_21_01.p,classical,auto,1,false,,5,0,3,,proved,,ok,focus,LL,26,2,0.054,92,34,33,15,0,0,2048,0.000,0.000
lltp,ILL/KLE-IMP-CONJ,,,KLE_20_MU.p,classical,auto,1,false,,5,0,3,,proved,,ok,net,MLL,7,2,0.013,2,0,0,0,2,2,2048,0.000,0.000
lltp,ILL/KLE-IMP-CONJ,,,KLE_20_CBV.p,classical,auto,1,false,,5,0,3,,proved,,ok,focus,MELL,13,2,0.017,8,0,5,2,0,0,2048,0.000,0.000
lltp,ILL/KLE-IMP-CONJ,,,KLE_20_CBN.p,classical,auto,1,false,,5,0,3,,proved,,ok,focus,LL,9,2,0.012,3,0,2,0,0,0,2048,0.000,0.000
lltp,ILL/KLE-IMP-CONJ,,,KLE_20_01.p,classical,auto,1,false,,5,0,3,,proved,,ok,focus,LL,12,2,0.021,8,0,5,0,0,0,2048,0.000,0.000
lltp,ILL/KLE-IMP-CONJ,,,KLE_1_MU.p,classical,auto,1,false,,5,0,3,,proved,,ok,net,MLL,3,1,0.010,1,0,0,0,1,1,2048,0.000,0.000
lltp,ILL/KLE-IMP-CONJ,,,KLE_1_CBV.p,classical,auto,1,false,,5,0,3,,proved,,ok,focus,MELL,6,1,0.013,6,0,3,0,0,0,2048,0.000,0.000
lltp,ILL/KLE-IMP-CONJ,,,KLE_1_CBN.p,classical,auto,1,false,,5,0,3,,proved,,ok,focus,MELL,4,1,0.011,2,0,1,0,0,0,2048,0.000,0.000
lltp,ILL/KLE-IMP-CONJ,,,KLE_1_01.p,classical,auto,1,false,,5,0,3,,proved,,ok,focus,MELL,5,1,0.013,4,0,2,0,0,0,2048,0.000,0.000
lltp,ILL/KLE-IMP-CONJ,,,KLE_19_CBV.p,classical,auto,1,false,,5,0,3,,proved,,ok,focus,MELL,17,2,0.023,14,2,7,5,0,0,2048,0.000,0.000
lltp,ILL/KLE-IMP-CONJ,,,KLE_19_CBN.p,classical,auto,1,false,,5,0,3,,proved,,ok,focus,LL,13,2,0.021,11,2,5,6,0,0,2048,0.000,0.000
lltp,ILL/KLE-IMP-CONJ,,,KLE_19_01.p,classical,auto,1,false,,5,0,3,,proved,,ok,focus,LL,17,2,0.036,42,16,14,8,0,0,2048,0.000,0.000
lltp,ILL/KLE-IMP-CONJ,,,KLE_18_CBV.p,classical,auto,1,false,,5,0,3,,proved,,ok,focus,MELL,17,2,0.023,14,2,7,5,0,0,2048,0.000,0.000
lltp,ILL/KLE-IMP-CONJ,,,KLE_18_CBN.p,classical,auto,1,false,,5,0,3,,proved,,ok,focus,LL,13,2,0.018,7,0,4,3,0,0,2048,0.000,0.000
lltp,ILL/KLE-IMP-CONJ,,,KLE_18_01.p,classical,auto,1,false,,5,0,3,,proved,,ok,focus,LL,17,2,0.031,30,8,13,5,0,0,2048,0.000,0.000
lltp,ILL/KLE-IMP-CONJ,,,KLE_17_CBV.p,classical,auto,1,false,,5,0,3,,proved,,ok,focus,MELL,19,2,0.027,19,2,10,7,0,0,2048,0.000,0.000
lltp,ILL/KLE-IMP-CONJ,,,KLE_17_CBN.p,classical,auto,1,false,,5,0,3,,proved,,ok,focus,LL,14,2,0.021,11,2,5,6,0,0,2048,0.000,0.000
lltp,ILL/KLE-IMP-CONJ,,,KLE_17_01.p,classical,auto,1,false,,5,0,3,,proved,,ok,focus,LL,19,2,0.045,61,24,20,10,0,0,2048,0.000,0.000
lltp,ILL/KLE-IMP-CONJ,,,KLE_16_CBV.p,classical,auto,1,false,,5,0,3,,proved,,ok,focus,MELL,19,2,0.029,19,2,10,7,0,0,2048,0.000,0.000
lltp,ILL/KLE-IMP-CONJ,,,KLE_16_CBN.p,classical,auto,1,false,,5,0,3,,proved,,ok,focus,LL,14,2,0.017,7,0,4,3,0,0,2048,0.000,0.000
lltp,ILL/KLE-IMP-CONJ,,,KLE_16_01.p,classical,auto,1,false,,5,0,3,,proved,,ok,focus,LL,19,2,0.041,49,16,19,7,0,0,2048,0.000,0.000
lltp,ILL/KLE-IMP-CONJ,,,KLE_15_MU.p,classical,auto,1,false,,5,0,3,,proved,,ok,net,MLL,13,2,0.020,4,0,0,0,4,4,2048,0.000,0.000
lltp,ILL/KLE-IMP-CONJ,,,KLE_15_CBV.p,classical,auto,1,false,,5,0,3,,proved,,ok,focus,MELL,25,2,0.030,23,2,14,11,0,0,2048,0.000,0.000
lltp,ILL/KLE-IMP-CONJ,,,KLE_15_CBN.p,classical,auto,1,false,,5,0,3,,proved,,ok,focus,LL,19,2,0.021,11,0,8,4,0,0,2048,0.000,0.000
lltp,ILL/KLE-IMP-CONJ,,,KLE_15_01.p,classical,auto,1,false,,5,0,3,,proved,,ok,focus,LL,24,2,0.030,22,2,13,8,0,0,2048,0.000,0.000
lltp,ILL/KLE-IMP-CONJ,,,KLE_14_MU.p,classical,auto,1,false,,5,0,3,,proved,,ok,net,MLL,14,2,0.019,4,0,0,0,4,4,2048,0.000,0.000
lltp,ILL/KLE-IMP-CONJ,,,KLE_14_CBV.p,classical,auto,1,false,,5,0,3,,unknown,copy_bound,,focus,LL,24,1,0.056,94,39,26,55,0,0,2048,0.000,0.000
lltp,ILL/KLE-IMP-CONJ,,,KLE_14_CBN.p,classical,auto,1,false,,5,0,3,,proved,,ok,focus,LL,21,1,0.036,34,13,10,24,0,0,2048,0.000,0.000
lltp,ILL/KLE-IMP-CONJ,,,KLE_14_01.p,classical,auto,1,false,,5,0,3,,unknown,copy_bound,,focus,LL,27,1,0.068,140,59,35,72,0,0,2048,0.000,0.000
lltp,ILL/KLE-IMP-CONJ,,,KLE_13_MU.p,classical,auto,1,false,,5,0,3,,proved,,ok,net,MLL,10,1,0.014,3,0,0,0,3,3,2048,0.000,0.000
lltp,ILL/KLE-IMP-CONJ,,,KLE_13_CBV.p,classical,auto,1,false,,5,0,3,,proved,,ok,focus,LL,18,1,0.044,51,16,16,26,0,0,2048,0.000,0.000
lltp,ILL/KLE-IMP-CONJ,,,KLE_13_CBN.p,classical,auto,1,false,,5,0,3,,proved,,ok,focus,LL,15,1,0.026,15,3,8,7,0,0,2048,0.000,0.000
lltp,ILL/KLE-IMP-CONJ,,,KLE_13_01.p,classical,auto,1,false,,5,0,3,,proved,,ok,focus,LL,19,1,0.047,55,16,20,28,0,0,2048,0.000,0.000
lltp,ILL/KLE-IMP-CONJ,,,KLE_12_CBV.p,classical,auto,1,false,,5,0,3,,proved,,ok,focus,MELL,8,1,0.015,6,0,3,0,0,0,2048,0.000,0.000
lltp,ILL/KLE-IMP-CONJ,,,KLE_12_CBN.p,classical,auto,1,false,,5,0,3,,proved,,ok,focus,MELL,6,1,0.012,2,0,1,0,0,0,2048,0.000,0.000
lltp,ILL/KLE-IMP-CONJ,,,KLE_12_01.p,classical,auto,1,false,,5,0,3,,proved,,ok,focus,MELL,7,1,0.013,4,0,2,0,0,0,2048,0.000,0.000
lltp,ILL/KLE-IMP-CONJ,,,KLE_11_CBV.p,classical,auto,1,false,,5,0,3,,proved,,ok,focus,LL,11,1,0.024,17,2,7,4,0,0,2048,0.000,0.000
lltp,ILL/KLE-IMP-CONJ,,,KLE_11_CBN.p,classical,auto,1,false,,5,0,3,,proved,,ok,focus,LL,9,1,0.017,8,1,3,3,0,0,2048,0.000,0.000
lltp,ILL/KLE-IMP-CONJ,,,KLE_11_01.p,classical,auto,1,false,,5,0,3,,proved,,ok,focus,LL,11,1,0.024,15,1,8,4,0,0,2048,0.000,0.000
lltp,ILL/KLE-IMP-CONJ,,,KLE_10_CBV.p,classical,auto,1,false,,5,0,3,,proved,,ok,focus,LL,11,1,0.023,15,1,7,4,0,0,2048,0.000,0.000
lltp,ILL/KLE-IMP-CONJ,,,KLE_10_CBN.p,classical,auto,1,false,,5,0,3,,proved,,ok,focus,LL,9,1,0.016,6,0,3,2,0,0,2048,0.000,0.000
lltp,ILL/KLE-IMP-CONJ,,,KLE_10_01.p,classical,auto,1,false,,5,0,3,,proved,,ok,focus,LL,11,1,0.023,12,0,7,4,0,0,2048,0.000,0.000
lltp,ILL/KLE-IMP-CONJ/ALT,,,KLE_ALT_9.p,classical,auto,1,false,,5,0,3,,proved,,ok,focus,MLL,19,3,0.029,6,0,6,14,0,0,2048,0.000,0.000
lltp,ILL/KLE-IMP-CONJ/ALT,,,KLE_ALT_8.p,classical,auto,1,false,,5,0,3,,proved,,ok,focus,MALL,19,3,0.028,11,0,11,10,0,0,2048,0.000,0.000
lltp,ILL/KLE-IMP-CONJ/ALT,,,KLE_ALT_7.p,classical,auto,1,false,,5,0,3,,proved,,ok,net,MLL,13,2,0.022,4,0,0,0,4,4,2048,0.000,0.000
lltp,ILL/KLE-IMP-CONJ/ALT,,,KLE_ALT_6.p,classical,auto,1,false,,5,0,3,,proved,,ok,net,MLL,13,2,0.026,4,0,0,0,4,4,2048,0.000,0.000
lltp,ILL/KLE-IMP-CONJ/ALT,,,KLE_ALT_5.p,classical,auto,1,false,,5,0,3,,proved,,ok,focus,MELL,11,2,0.010,1,0,1,1,0,0,2048,0.000,0.000
lltp,ILL/KLE-IMP-CONJ/ALT,,,KLE_ALT_4.p,classical,auto,1,false,,5,0,3,,proved,,ok,focus,MELL,11,2,0.010,1,0,1,1,0,0,2048,0.000,0.000
lltp,ILL/KLE-IMP-CONJ/ALT,,,KLE_ALT_3.p,classical,auto,1,false,,5,0,3,,proved,,ok,focus,MELL,5,1,0.010,1,0,1,0,0,0,2048,0.000,0.000
lltp,ILL/KLE-IMP-CONJ/ALT,,,KLE_ALT_27.p,classical,auto,1,false,,5,0,3,,proved,,ok,focus,LL,17,2,0.029,7,0,4,21,0,0,2048,0.000,0.000
lltp,ILL/KLE-IMP-CONJ/ALT,,,KLE_ALT_26.p,classical,auto,1,false,,5,0,3,,proved,,ok,net,MLL,15,2,0.023,4,0,0,0,4,4,2048,0.000,0.000
lltp,ILL/KLE-IMP-CONJ/ALT,,,KLE_ALT_25.p,classical,auto,1,false,,5,0,3,,proved,,ok,net,MLL,15,2,0.024,4,0,0,0,4,4,2048,0.000,0.000
lltp,ILL/KLE-IMP-CONJ/ALT,,,KLE_ALT_24.p,classical,auto,1,false,,5,0,3,,proved,,ok,focus,LL,17,2,0.028,7,0,4,21,0,0,2048,0.000,0.000
lltp,ILL/KLE-IMP-CONJ/ALT,,,KLE_ALT_23.p,classical,auto,1,false,,5,0,3,,proved,,ok,focus,LL,16,2,0.022,6,0,4,6,0,0,2048,0.000,0.000
lltp,ILL/KLE-IMP-CONJ/ALT,,,KLE_ALT_22.p,classical,auto,1,false,,5,0,3,,proved,,ok,net,MLL,15,2,0.023,4,0,0,0,4,4,2048,0.000,0.000
lltp,ILL/KLE-IMP-CONJ/ALT,,,KLE_ALT_21.p,classical,auto,1,false,,5,0,3,,proved,,ok,focus,MALL,27,4,0.019,3,0,3,3,0,0,2048,0.000,0.000
lltp,ILL/KLE-IMP-CONJ/ALT,,,KLE_ALT_20.p,classical,auto,1,false,,5,0,3,,proved,,ok,focus,LL,13,2,0.025,11,0,5,9,0,0,2048,0.000,0.000
lltp,ILL/KLE-IMP-CONJ/ALT,,,KLE_ALT_2.p,classical,auto,1,false,,5,0,3,,proved,,ok,focus,MALL,6,1,0.010,1,0,1,1,0,0,2048,0.000,0.000
lltp,ILL/KLE-IMP-CONJ/ALT,,,KLE_ALT_19.p,classical,auto,1,false,,5,0,3,,proved,,ok,focus,MELL,16,2,0.026,11,0,6,12,0,0,2048,0.000,0.000
lltp,ILL/KLE-IMP-CONJ/ALT,,,KLE_ALT_18.p,classical,auto,1,false,,5,0,3,,proved,,ok,focus,LL,15,3,0.022,4,0,4,6,0,0,2048,0.000,0.000
lltp,ILL/KLE-IMP-CONJ/ALT,,,KLE_ALT_17.p,classical,auto,1,false,,5,0,3,,proved,,ok,focus,MELL,13,2,0.015,3,0,3,2,0,0,2048,0.000,0.000
lltp,ILL/KLE-IMP-CONJ/ALT,,,KLE_ALT_16.p,classical,auto,1,false,,5,0,3,,proved,,ok,focus,MALL,18,2,0.022,6,0,6,12,0,0,2048,0.000,0.000
lltp,ILL/KLE-IMP-CONJ/ALT,,,KLE_ALT_15.p,classical,auto,1,false,,5,0,3,,proved,,ok,focus,LL,19,3,0.025,9,0,9,8,0,0,2048,0.000,0.000
lltp,ILL/KLE-IMP-CONJ/ALT,,,KLE_ALT_14.p,classical,auto,1,false,,5,0,3,,proved,,ok,focus,MELL,14,3,0.015,4,0,4,2,0,0,2048,0.000,0.000
lltp,ILL/KLE-IMP-CONJ/ALT,,,KLE_ALT_13.p,classical,auto,1,false,,5,0,3,,proved,,ok,focus,MELL,13,2,0.018,5,0,5,4,0,0,2048,0.000,0.000
lltp,ILL/KLE-IMP-CONJ/ALT,,,KLE_ALT_12.p,classical,auto,1,false,,5,0,3,,proved,,ok,focus,MELL,17,3,0.020,9,0,6,3,0,0,2048,0.000,0.000
lltp,ILL/KLE-IMP-CONJ/ALT,,,KLE_ALT_11.p,classical,auto,1,false,,5,0,3,,proved,,ok,focus,MLL,27,3,0.035,10,0,10,21,0,0,2048,0.000,0.000
lltp,ILL/KLE-IMP-CONJ/ALT,,,KLE_ALT_10.p,classical,auto,1,false,,5,0,3,,proved,,ok,focus,LL,29,3,0.034,17,0,14,22,0,0,2048,0.000,0.000
lltp,ILL/KLE-IMP-CONJ/ALT,,,KLE_ALT_1.p,classical,auto,1,false,,5,0,3,,proved,,ok,focus,MALL,6,1,0.012,1,0,1,1,0,0,2048,0.000,0.000
lltp,ILL/KLE-01,,,KLE088+1.p,classical,auto,1,false,,5,0,3,,unknown,copy_bound,,focus,LL,48,2,0.045,57,23,17,11,0,0,2048,0.000,0.000
lltp,ILL/KLE-01,,,KLE087+1.p,classical,auto,1,false,,5,0,3,,proved,,ok,focus,LL,25,2,0.054,80,19,33,17,0,0,2048,0.000,0.000
lltp,ILL/KLE-01,,,KLE086+1.p,classical,auto,1,false,,5,0,3,,unknown,copy_bound,,focus,LL,49,2,0.039,57,23,17,12,0,0,2048,0.000,0.000
lltp,ILL/KLE-01,,,KLE085+1.p,classical,auto,1,false,,5,0,3,,unprovable,,,focus,LL,36,2,0.025,27,8,7,0,0,0,2048,0.000,0.000
lltp,ILL/KLE-01,,,KLE084+1.p,classical,auto,1,false,,5,0,3,,unknown,copy_bound,,focus,LL,264,8,0.129,332,127,108,159,0,0,2048,0.000,0.000
lltp,ILL/KLE-01,,,KLE083+1.p,classical,auto,1,false,,5,0,3,,unknown,copy_bound,,focus,LL,254,8,0.076,227,108,70,43,0,0,2048,0.000,0.000
lltp,ILL/KLE-01,,,KLE082+1.p,classical,auto,1,false,,5,0,3,,unknown,copy_bound,,focus,LL,29,1,0.040,89,33,25,36,0,0,2048,0.000,0.000
lltp,ILL/KLE-01,,,KLE081+1.p,classical,auto,1,false,,5,0,3,,unknown,copy_bound,,focus,LL,21,1,0.050,115,51,34,27,0,0,2048,0.000,0.000
lltp,ILL/KLE-01,,,KLE080+1.p,classical,auto,1,false,,5,0,3,,unknown,copy_bound,,focus,LL,21,1,0.051,114,49,34,22,0,0,2048,0.000,0.000
lltp,ILL/KLE-01,,,KLE079+1.p,classical,auto,1,false,,5,0,3,,proved,,ok,focus,LL,25,2,0.049,71,15,25,29,0,0,2048,0.000,0.000
lltp,ILL/KLE-01,,,KLE078+1.p,classical,auto,1,false,,5,0,3,,unknown,copy_bound,,focus,LL,25,2,0.037,53,19,12,28,0,0,2048,0.000,0.000
lltp,ILL/KLE-01,,,KLE077+1.p,classical,auto,1,false,,5,0,3,,proved,,ok,focus,LL,17,2,0.039,22,0,14,4,0,0,2048,0.000,0.000
lltp,ILL/KLE-01,,,KLE076+1.p,classical,auto,1,false,,5,0,3,,unknown,copy_bound,,focus,LL,29,1,0.056,121,54,29,45,0,0,2048,0.000,0.000
lltp,ILL/KLE-01,,,KLE075+1.p,classical,auto,1,false,,5,0,3,,unknown,copy_bound,,focus,LL,89,4,0.268,826,414,246,274,0,0,2048,0.000,0.000
lltp,ILL/KLE-01,,,KLE074+1.p,classical,auto,1,false,,5,0,3,,unknown,copy_bound,,focus,LL,264,8,0.153,514,243,155,163,0,0,2048,0.000,0.000
lltp,ILL/KLE-01,,,KLE073+1.p,classical,auto,1,false,,5,0,3,,unknown,copy_bound,,focus,LL,21,1,0.042,85,33,28,27,0,0,2048,0.000,0.000
lltp,ILL/KLE-01,,,KLE072+1.p,classical,auto,1,false,,5,0,3,,proved,,ok,focus,LL,25,2,0.048,81,26,33,14,0,0,2048,0.000,0.000
lltp,ILL/KLE-01,,,KLE071+1.p,classical,auto,1,false,,5,0,3,,proved,,ok,focus,LL,25,2,0.053,94,29,40,12,0,0,2048,0.000,0.000
lltp,ILL/KLE-01,,,KLE070+1.p,classical,auto,1,false,,5,0,3,,proved,,ok,focus,LL,25,2,0.042,62,15,25,16,0,0,2048,0.000,0.000
lltp,ILL/KLE-01,,,KLE069+1.p,classical,auto,1,false,,5,0,3,,unknown,copy_bound,,focus,LL,24,2,0.045,68,21,21,14,0,0,2048,0.000,0.000
lltp,ILL/KLE-01,,,KLE068+1.p,classical,auto,1,false,,5,0,3,,unknown,copy_bound,,focus,LL,52,4,0.045,75,25,17,0,0,0,2048,0.000,0.000
lltp,ILL/KLE-01,,,KLE067+1.p,classical,auto,1,false,,5,0,3,,unknown,copy_bound,,focus,LL,49,4,0.072,179,73,58,4,0,0,2048,0.000,0.000
lltp,ILL/KLE-01,,,KLE066+1.p,classical,auto,1,false,,5,0,3,,unknown,copy_bound,,focus,LL,35,2,0.029,32,5,13,1,0,0,2048,0.000,0.000
lltp,ILL/KLE-01,,,KLE065+1.p,classical,auto,1,false,,5,0,3,,proved,,ok,focus,LL,17,1,0.015,9,0,4,0,0,0,2048,0.000,0.000
lltp,ILL/KLE-01,,,KLE064+1.p,classical,auto,1,false,,5,0,3,,proved,,ok,focus,LL,21,1,0.042,38,4,14,15,0,0,2048,0.000,0.000
lltp,ILL/KLE-01,,,KLE063+1.p,classical,auto,1,false,,5,0,3,,proved,,ok,focus,LL,17,1,0.037,42,5,15,12,0,0,2048,0.000,0.000
lltp,ILL/KLE-01,,,KLE062+1.p,classical,auto,1,false,,5,0,3,,unknown,copy_bound,,focus,LL,25,2,0.031,44,17,12,9,0,0,2048,0.000,0.000
lltp,ILL/KLE-01,,,KLE061+1.p,classical,auto,1,false,,5,0,3,,unknown,copy_bound,,focus,LL,13,1,0.026,35,13,9,4,0,0,2048,0.000,0.000
lltp,ILL/KLE-01,,,KLE060+1.p,classical,auto,1,false,,5,0,3,,proved,,ok,focus,LL,32,3,0.039,31,2,19,4,0,0,2048,0.000,0.000
lltp,ILL/KLE-01,,,KLE059+1.p,classical,auto,1,false,,5,0,3,,proved,,ok,focus,LL,25,2,0.032,25,2,14,4,0,0,2048,0.000,0.000
lltp,ILL/KLE-01,,,KLE058+1.p,classical,auto,1,false,,5,0,3,,unknown,copy_bound,,focus,LL,33,2,0.032,38,11,12,12,0,0,2048,0.000,0.000
lltp,ILL/KLE-01,,,KLE057+1.p,classical,auto,1,false,,5,0,3,,proved,,ok,focus,LL,13,1,0.028,18,1,9,4,0,0,2048,0.000,0.000
lltp,ILL/KLE-01,,,KLE056+1.p,classical,auto,1,false,,5,0,3,,proved,,ok,focus,LL,26,2,0.042,37,6,16,11,0,0,2048,0.000,0.000
lltp,ILL/KLE-01,,,KLE055+1.p,classical,auto,1,false,,5,0,3,,proved,,ok,focus,LL,25,3,0.035,27,2,17,6,0,0,2048,0.000,0.000
lltp,ILL/KLE-01,,,KLE054+1.p,classical,auto,1,false,,5,0,3,,proved,,ok,focus,LL,22,3,0.024,12,0,9,0,0,0,2048,0.000,0.000
lltp,ILL/KLE-01,,,KLE053+1.p,classical,auto,1,false,,5,0,3,,proved,,ok,focus,LL,21,2,0.025,19,0,12,0,0,0,2048,0.000,0.000
lltp,ILL/KLE-01,,,KLE052+1.p,classical,auto,1,false,,5,0,3,,proved,,ok,focus,LL,34,2,0.055,66,13,27,35,0,0,2048,0.000,0.000
lltp,ILL/KLE-01,,,KLE051+1.p,classical,auto,1,false,,5,0,3,,proved,,ok,focus,LL,34,3,0.036,27,1,17,10,0,0,2048,0.000,0.000
lltp,ILL/KLE-01,,,KLE050+1.p,classical,auto,1,false,,5,0,3,,proved,,ok,focus,LL,22,3,0.019,9,0,6,0,0,0,2048,0.000,0.000
lltp,ILL/KLE-01,,,KLE049+1.p,classical,auto,1,false,,5,0,3,,proved,,ok,focus,LL,22,2,0.024,18,0,11,2,0,0,2048,0.000,0.000
lltp,ILL/KLE-01,,,KLE048+1.p,classical,auto,1,false,,5,0,3,,proved,,ok,focus,LL,27,3,0.030,26,2,11,0,0,0,2048,0.000,0.000
lltp,ILL/KLE-01,,,KLE047+1.p,classical,auto,1,false,,5,0,3,,proved,,ok,focus,LL,27,3,0.025,17,0,10,0,0,0,2048,0.000,0.000
lltp,ILL/KLE-01,,,KLE046+1.p,classical,auto,1,false,,5,0,3,,proved,,ok,focus,LL,20,3,0.024,15,0,8,0,0,0,2048,0.000,0.000
lltp,ILL/KLE-01,,,KLE045+1.p,classical,auto,1,false,,5,0,3,,proved,,ok,focus,LL,19,3,0.023,16,0,9,0,0,0,2048,0.000,0.000
lltp,ILL/KLE-01,,,KLE044+1.p,classical,auto,1,false,,5,0,3,,unknown,copy_bound,,focus,LL,50,3,0.110,275,71,133,0,0,0,2048,0.000,0.000
lltp,ILL/KLE-01,,,KLE043+1.p,classical,auto,1,false,,5,0,3,,unknown,copy_bound,,focus,LL,49,3,0.090,243,112,64,0,0,0,2048,0.000,0.000
lltp,ILL/KLE-01,,,KLE042+1.p,classical,auto,1,false,,5,0,3,,proved,,ok,focus,LL,28,2,0.038,48,7,27,0,0,0,2048,0.000,0.000
lltp,ILL/KLE-01,,,KLE041+1.p,classical,auto,1,false,,5,0,3,,proved,,ok,focus,LL,26,2,0.034,35,3,21,0,0,0,2048,0.000,0.000
lltp,ILL/KLE-01,,,KLE040+1.p,classical,auto,1,false,,5,0,3,,proved,,ok,focus,LL,44,2,0.090,192,54,88,0,0,0,2048,0.000,0.000
lltp,ILL/KLE-01,,,KLE039+1.p,classical,auto,1,false,,5,0,3,,proved,,ok,focus,LL,40,2,0.066,118,22,59,0,0,0,2048,0.000,0.000
lltp,ILL/KLE-01,,,KLE038+1.p,classical,auto,1,false,,5,0,3,,unknown,copy_bound,,focus,LL,39,2,0.064,164,87,44,33,0,0,2048,0.000,0.000
lltp,ILL/KLE-01,,,KLE037+1.p,classical,auto,1,false,,5,0,3,,unknown,copy_bound,,focus,LL,42,2,0.103,331,180,81,42,0,0,2048,0.000,0.000
lltp,ILL/KLE-01,,,KLE036+1.p,classical,auto,1,false,,5,0,3,,unknown,copy_bound,,focus,LL,42,2,0.083,279,169,51,40,0,0,2048,0.000,0.000
lltp,ILL/KLE-01,,,KLE035+1.p,classical,auto,1,false,,5,0,3,,unknown,copy_bound,,focus,LL,40,2,0.095,359,204,84,42,0,0,2048,0.000,0.000
lltp,ILL/KLE-01,,,KLE034+1.p,classical,auto,1,false,,5,0,3,,unknown,copy_bound,,focus,LL,40,2,0.083,312,188,66,36,0,0,2048,0.000,0.000
lltp,ILL/KLE-01,,,KLE033+1.p,classical,auto,1,false,,5,0,3,,unknown,copy_bound,,focus,LL,42,2,0.077,245,132,58,70,0,0,2048,0.000,0.000
lltp,ILL/KLE-01,,,KLE032+1.p,classical,auto,1,false,,5,0,3,,unknown,copy_bound,,focus,LL,42,2,0.082,228,126,50,69,0,0,2048,0.000,0.000
lltp,ILL/KLE-01,,,KLE031+1.p,classical,auto,1,false,,5,0,3,,unknown,copy_bound,,focus,LL,98,4,0.065,131,47,40,37,0,0,2048,0.000,0.000
lltp,ILL/KLE-01,,,KLE030+1.p,classical,auto,1,false,,5,0,3,,unknown,copy_bound,,focus,LL,66,2,0.058,117,44,32,31,0,0,2048,0.000,0.000
lltp,ILL/KLE-01,,,KLE029+1.p,classical,auto,1,false,,5,0,3,,unknown,copy_bound,,focus,LL,41,1,0.083,257,118,60,171,0,0,2048,0.000,0.000
lltp,ILL/KLE-01,,,KLE028+1.p,classical,auto,1,false,,5,0,3,,unknown,copy_bound,,focus,LL,35,1,0.066,158,58,39,87,0,0,2048,0.000,0.000
lltp,ILL/KLE-01,,,KLE027+1.p,classical,auto,1,false,,5,0,3,,unknown,copy_bound,,focus,LL,39,1,0.095,278,129,73,179,0,0,2048,0.000,0.000
lltp,ILL/KLE-01,,,KLE026+1.p,classical,auto,1,false,,5,0,3,,unknown,copy_bound,,focus,LL,40,2,0.101,424,260,98,72,0,0,2048,0.000,0.000
lltp,ILL/KLE-01,,,KLE025+1.p,classical,auto,1,false,,5,0,3,,proved,,ok,focus,LL,26,2,0.050,92,34,33,15,0,0,2048,0.000,0.000
lltp,ILL/KLE-01,,,KLE024+1.p,classical,auto,1,false,,5,0,3,,proved,,ok,focus,LL,12,2,0.016,8,0,5,0,0,0,2048,0.000,0.000
lltp,ILL/KLE-01,,,KLE023+1.p,classical,auto,1,false,,5,0,3,,proved,,ok,focus,LL,17,2,0.029,42,16,14,8,0,0,2048,0.000,0.000
lltp,ILL/KLE-01,,,KLE022+1.p,classical,auto,1,false,,5,0,3,,proved,,ok,focus,LL,17,2,0.025,30,8,13,5,0,0,2048,0.000,0.000
lltp,ILL/KLE-01,,,KLE021+1.p,classical,auto,1,false,,5,0,3,,proved,,ok,focus,LL,19,2,0.041,61,24,20,10,0,0,2048,0.000,0.000
lltp,ILL/KLE-01,,,KLE020+1.p,classical,auto,1,false,,5,0,3,,proved,,ok,focus,LL,19,2,0.036,49,16,19,7,0,0,2048,0.000,0.000
lltp,ILL/KLE-01,,,KLE019+1.p,classical,auto,1,false,,5,0,3,,proved,,ok,focus,LL,24,2,0.027,22,2,13,8,0,0,2048,0.000,0.000
lltp,ILL/KLE-01,,,KLE018+1.p,classical,auto,1,false,,5,0,3,,unknown,copy_bound,,focus,LL,35,2,0.106,262,76,87,104,0,0,2048,0.000,0.000
lltp,ILL/KLE-01,,,KLE017+1.p,classical,auto,1,false,,5,0,3,,unknown,copy_bound,,focus,LL,27,2,0.038,61,20,13,33,0,0,2048,0.000,0.000
lltp,ILL/KLE-01,,,KLE016+1.p,classical,auto,1,false,,5,0,3,,proved,,ok,focus,LL,19,1,0.040,47,10,19,18,0,0,2048,0.000,0.000
lltp,ILL/KLE-01,,,KLE015+1.p,classical,auto,1,false,,5,0,3,,unknown,copy_bound,,focus,LL,19,2,0.020,26,10,5,18,0,0,2048,0.000,0.000
lltp,ILL/KLE-01,,,KLE014+1.p,classical,auto,1,false,,5,0,3,,proved,,ok,focus,MELL,7,1,0.012,4,0,2,0,0,0,2048,0.000,0.000
lltp,ILL/KLE-01,,,KLE013+1.p,classical,auto,1,false,,5,0,3,,unprovable,,,focus,LL,11,1,0.010,5,1,3,0,0,0,2048,0.000,0.000
lltp,ILL/KLE-01,,,KLE012+1.p,classical,auto,1,false,,5,0,3,,proved,,ok,focus,LL,11,1,0.023,12,0,7,4,0,0,2048,0.000,0.000
lltp,ILL/KLE-01,,,KLE011+1.p,classical,auto,1,false,,5,0,3,,proved,,ok,focus,LL,19,1,0.055,88,32,29,25,0,0,2048,0.000,0.000
lltp,ILL/KLE-01,,,KLE010+1.p,classical,auto,1,false,,5,0,3,,proved,,ok,focus,LL,19,1,0.050,85,31,28,25,0,0,2048,0.000,0.000
lltp,ILL/KLE-01,,,KLE009+1.p,classical,auto,1,false,,5,0,3,,proved,,ok,focus,LL,18,1,0.047,67,22,25,15,0,0,2048,0.000,0.000
lltp,ILL/KLE-01,,,KLE008+1.p,classical,auto,1,false,,5,0,3,,proved,,ok,focus,LL,18,1,0.042,58,19,21,13,0,0,2048,0.000,0.000
lltp,ILL/KLE-01,,,KLE007+1.p,classical,auto,1,false,,5,0,3,,proved,,ok,focus,MELL,19,1,0.035,44,11,16,23,0,0,2048,0.000,0.000
lltp,ILL/KLE-01,,,KLE006+1.p,classical,auto,1,false,,5,0,3,,proved,,ok,focus,MELL,19,1,0.037,44,11,16,23,0,0,2048,0.000,0.000
lltp,ILL/KLE-01,,,KLE005+1.p,classical,auto,1,false,,5,0,3,,proved,,ok,focus,LL,18,1,0.030,22,0,14,4,0,0,2048,0.000,0.000
lltp,ILL/KLE-01,,,KLE004+1.p,classical,auto,1,false,,5,0,3,,unknown,copy_bound,,focus,LL,19,1,0.044,81,32,27,26,0,0,2048,0.000,0.000
lltp,ILL/KLE-01,,,KLE003+1.p,classical,auto,1,false,,5,0,3,,proved,,ok,focus,MELL,19,1,0.039,45,10,17,16,0,0,2048,0.000,0.000
lltp,ILL/KLE-01,,,KLE002+1.p,classical,auto,1,false,,5,0,3,,proved,,ok,focus,MELL,17,1,0.029,37,10,14,20,0,0,2048,0.000,0.000
lltp,ILL/KLE-01,,,KLE001+1.p,classical,auto,1,false,,5,0,3,,proved,,ok,focus,MELL,5,1,0.012,4,0,2,0,0,0,2048,0.000,0.000
lltp,ILL/ILLTP-SYN-cbv,,,SYN978+1.p,classical,auto,1,false,,5,0,3,,proved,,ok,focus,MELL,20,2,0.019,10,0,6,2,0,0,2048,0.000,0.000
lltp,ILL/ILLTP-SYN-cbv,,,SYN977+1.p,classical,auto,1,false,,5,0,3,,unprovable,,,focus,LL,19,2,0.015,10,2,5,2,0,0,2048,0.000,0.000
lltp,ILL/ILLTP-SYN-cbv,,,SYN916+1.p,classical,auto,1,false,,5,0,3,,unprovable,,,focus,ALL,1,0,0.005,1,0,1,0,0,0,2048,0.000,0.000
lltp,ILL/ILLTP-SYN-cbv,,,SYN915+1.p,classical,auto,1,false,,5,0,3,,proved,,ok,focus,MLL with units,1,0,0.007,1,0,1,0,0,0,2048,0.000,0.000
lltp,ILL/ILLTP-SYN-cbv,,,SYN416+1.p,classical,auto,1,false,,5,0,3,,unprovable,,,focus,LL,13,1,0.019,14,0,9,0,0,0,2048,0.000,0.000
lltp,ILL/ILLTP-SYN-cbv,,,SYN393+1.p,classical,auto,1,false,,5,0,3,,unknown,copy_bound,,focus,MELL,145,8,0.146,386,203,88,426,0,0,2048,0.000,0.000
lltp,ILL/ILLTP-SYN-cbv,,,SYN392+1.p,classical,auto,1,false,,5,0,3,,unknown,copy_bound,,focus,LL,65,4,0.024,26,11,5,22,0,0,2048,0.000,0.000
lltp,ILL/ILLTP-SYN-cbv,,,SYN391+1.p,classical,auto,1,false,,5,0,3,,proved,,ok,focus,LL,39,2,0.055,60,9,39,49,0,0,2048,0.000,0.000
lltp,ILL/ILLTP-SYN-cbv,,,SYN390+1.p,classical,auto,1,false,,5,0,3,,proved,,ok,focus,MELL,13,2,0.014,8,0,5,2,0,0,2048,0.000,0.000
lltp,ILL/ILLTP-SYN-cbv,,,SYN389+1.p,classical,auto,1,false,,5,0,3,,unprovable,,,focus,MELL,14,2,0.028,31,9,7,12,0,0,2048,0.000,0.000
lltp,ILL/ILLTP-SYN-cbv,,,SYN388+1.p,classical,auto,1,false,,5,0,3,,unprovable,,,focus,LL,14,1,0.021,20,6,5,6,0,0,2048,0.000,0.000
lltp,ILL/ILLTP-SYN-cbv,,,SYN387+1.p,classical,auto,1,false,,5,0,3,,unprovable,,,focus,LL,8,1,0.009,3,0,3,0,0,0,2048,0.000,0.000
lltp,ILL/ILLTP-SYN-cbv,,,SYN047+1.p,classical,auto,1,false,,5,0,3,,unprovable,,,focus,LL,83,3,0.022,15,6,4,18,0,0,2048,0.000,0.000
lltp,ILL/ILLTP-SYN-cbv,,,SYN046+1.p,classical,auto,1,false,,5,0,3,,unprovable,,,focus,LL,33,2,0.017,12,3,4,6,0,0,2048,0.000,0.000
lltp,ILL/ILLTP-SYN-cbv,,,SYN045+1.p,classical,auto,1,false,,5,0,3,,proved,,ok,focus,LL,43,3,0.039,29,0,26,6,0,0,2048,0.000,0.000
lltp,ILL/ILLTP-SYN-cbv,,,SYN044+1.p,classical,auto,1,false,,5,0,3,,proved,,ok,focus,LL,37,3,0.062,102,42,38,63,0,0,2048,0.000,0.000
lltp,ILL/ILLTP-SYN-cbv,,,SYN041+1.p,classical,auto,1,false,,5,0,3,,unprovable,,,focus,LL,17,2,0.009,2,0,2,0,0,0,2048,0.000,0.000
lltp,ILL/ILLTP-SYN-cbv,,,SYN040+1.p,classical,auto,1,false,,5,0,3,,unknown,copy_bound,,focus,LL,41,2,0.030,30,10,6,22,0,0,2048,0.000,0.000
lltp,ILL/ILLTP-SYN-cbv,,,SYN001+1.p,classical,auto,1,false,,5,0,3,,proved,,ok,focus,LL,19,2,0.021,13,1,6,6,0,0,2048,0.000,0.000
lltp,ILL/ILLTP-SYN-cbn,,,SYN978+1.p,classical,auto,1,false,,5,0,3,,proved,,ok,focus,LL,14,2,0.017,6,0,5,0,0,0,2048,0.000,0.000
lltp,ILL/ILLTP-SYN-cbn,,,SYN977+1.p,classical,auto,1,false,,5,0,3,,unprovable,,,focus,LL,17,2,0.015,8,1,5,0,0,0,2048,0.000,0.000
lltp,ILL/ILLTP-SYN-cbn,,,SYN916+1.p,classical,auto,1,false,,5,0,3,,unprovable,,,focus,ALL,1,0,0.005,1,0,1,0,0,0,2048,0.000,0.000
lltp,ILL/ILLTP-SYN-cbn,,,SYN915+1.p,classical,auto,1,false,,5,0,3,,unprovable,,,net,MLL,1,1,0.002,0,0,0,0,0,0,2048,0.000,0.000
lltp,ILL/ILLTP-SYN-cbn,,,SYN416+1.p,classical,auto,1,false,,5,0,3,,unprovable,,,focus,LL,11,1,0.014,8,0,5,0,0,0,2048,0.000,0.000
lltp,ILL/ILLTP-SYN-cbn,,,SYN393+1.p,classical,auto,1,false,,5,0,3,,unknown,copy_bound,,focus,LL,105,8,0.051,85,40,28,64,0,0,2048,0.000,0.000
lltp,ILL/ILLTP-SYN-cbn,,,SYN392+1.p,classical,auto,1,false,,5,0,3,,unknown,copy_bound,,focus,LL,57,4,0.022,32,17,5,20,0,0,2048,0.000,0.000
lltp,ILL/ILLTP-SYN-cbn,,,SYN391+1.p,classical,auto,1,false,,5,0,3,,proved,,ok,focus,LL,39,2,0.057,93,28,47,26,0,0,2048,0.000,0.000
lltp,ILL/ILLTP-SYN-cbn,,,SYN390+1.p,classical,auto,1,false,,5,0,3,,proved,,ok,focus,LL,9,2,0.011,3,0,2,0,0,0,2048,0.000,0.000
lltp,ILL/ILLTP-SYN-cbn,,,SYN389+1.p,classical,auto,1,false,,5,0,3,,unprovable,,,focus,MELL,10,2,0.015,12,3,3,6,0,0,2048,0.000,0.000
lltp,ILL/ILLTP-SYN-cbn,,,SYN388+1.p,classical,auto,1,false,,5,0,3,,unprovable,,,focus,LL,14,1,0.020,20,6,5,6,0,0,2048,0.000,0.000
lltp,ILL/ILLTP-SYN-cbn,,,SYN387+1.p,classical,auto,1,false,,5,0,3,,unprovable,,,focus,LL,8,1,0.009,3,0,3,0,0,0,2048,0.000,0.000
lltp,ILL/ILLTP-SYN-cbn,,,SYN047+1.p,classical,auto,1,false,,5,0,3,,unprovable,,,focus,LL,79,3,0.013,1,0,1,0,0,0,2048,0.000,0.000
lltp,ILL/ILLTP-SYN-cbn,,,SYN046+1.p,classical,auto,1,false,,5,0,3,,unprovable,,,focus,LL,29,2,0.010,1,0,1,0,0,0,2048,0.000,0.000
lltp,ILL/ILLTP-SYN-cbn,,,SYN045+1.p,classical,auto,1,false,,5,0,3,,proved,,ok,focus,LL,41,3,0.084,170,46,89,0,0,0,2048,0.000,0.000
lltp,ILL/ILLTP-SYN-cbn,,,SYN044+1.p,classical,auto,1,false,,5,0,3,,proved,,ok,focus,LL,30,3,0.052,65,22,31,35,0,0,2048,0.000,0.000
lltp,ILL/ILLTP-SYN-cbn,,,SYN041+1.p,classical,auto,1,false,,5,0,3,,unprovable,,,focus,LL,13,2,0.007,1,0,1,0,0,0,2048,0.000,0.000
lltp,ILL/ILLTP-SYN-cbn,,,SYN040+1.p,classical,auto,1,false,,5,0,3,,unknown,copy_bound,,focus,LL,33,2,0.017,18,8,3,14,0,0,2048,0.000,0.000
lltp,ILL/ILLTP-SYN-cbn,,,SYN001+1.p,classical,auto,1,false,,5,0,3,,proved,,ok,focus,LL,15,2,0.015,6,0,3,2,0,0,2048,0.000,0.000
lltp,ILL/ILLTP-SYN-01,,,SYN978+1.p,classical,auto,1,false,,5,0,3,,proved,,ok,focus,LL,20,2,0.039,32,5,17,0,0,0,2048,0.000,0.000
lltp,ILL/ILLTP-SYN-01,,,SYN977+1.p,classical,auto,1,false,,5,0,3,,unprovable,,,focus,LL,20,2,0.016,12,1,7,0,0,0,2048,0.000,0.000
lltp,ILL/ILLTP-SYN-01,,,SYN916+1.p,classical,auto,1,false,,5,0,3,,unprovable,,,focus,ALL,1,0,0.005,1,0,1,0,0,0,2048,0.000,0.000
lltp,ILL/ILLTP-SYN-01,,,SYN915+1.p,classical,auto,1,false,,5,0,3,,proved,,ok,focus,MLL with units,1,0,0.006,1,0,1,0,0,0,2048,0.000,0.000
lltp,ILL/ILLTP-SYN-01,,,SYN416+1.p,classical,auto,1,false,,5,0,3,,unprovable,,,focus,LL,13,1,0.018,12,0,7,0,0,0,2048,0.000,0.000
lltp,ILL/ILLTP-SYN-01,,,SYN393+1.p,classical,auto,1,false,,5,0,3,,unknown,copy_bound,,focus,LL,150,8,0.158,385,170,119,61,0,0,2048,0.000,0.000
lltp,ILL/ILLTP-SYN-01,,,SYN392+1.p,classical,auto,1,false,,5,0,3,,unknown,copy_bound,,focus,LL,74,4,0.056,154,88,26,26,0,0,2048,0.000,0.000
lltp,ILL/ILLTP-SYN-01,,,SYN391+1.p,classical,auto,1,false,,5,0,3,,unknown,copy_bound,,focus,LL,49,2,0.094,277,143,74,37,0,0,2048,0.000,0.000
lltp,ILL/ILLTP-SYN-01,,,SYN390+1.p,classical,auto,1,false,,5,0,3,,proved,,ok,focus,LL,12,2,0.014,8,0,5,0,0,0,2048,0.000,0.000
lltp,ILL/ILLTP-SYN-01,,,SYN389+1.p,classical,auto,1,false,,5,0,3,,unknown,copy_bound,,focus,MELL,13,2,0.025,26,5,6,9,0,0,2048,0.000,0.000
lltp,ILL/ILLTP-SYN-01,,,SYN388+1.p,classical,auto,1,false,,5,0,3,,unknown,copy_bound,,focus,LL,17,1,0.031,34,8,8,9,0,0,2048,0.000,0.000
lltp,ILL/ILLTP-SYN-01,,,SYN387+1.p,classical,auto,1,false,,5,0,3,,unprovable,,,focus,LL,9,1,0.011,4,0,4,0,0,0,2048,0.000,0.000
lltp,ILL/ILLTP-SYN-01,,,SYN047+1.p,classical,auto,1,false,,5,0,3,,unprovable,,,focus,LL,98,3,0.033,23,6,7,6,0,0,2048,0.000,0.000
lltp,ILL/ILLTP-SYN-01,,,SYN046+1.p,classical,auto,1,false,,5,0,3,,unprovable,,,focus,LL,36,2,0.018,15,3,5,3,0,0,2048,0.000,0.000
lltp,ILL/ILLTP-SYN-01,,,SYN045+1.p,classical,auto,1,false,,5,0,3,,unknown,copy_bound,,focus,LL,50,3,0.112,275,71,133,0,0,0,2048,0.000,0.000
lltp,ILL/ILLTP-SYN-01,,,SYN044+1.p,classical,auto,1,false,,5,0,3,,unknown,copy_bound,,focus,LL,38,3,0.065,131,71,30,87,0,0,2048,0.000,0.000
lltp,ILL/ILLTP-SYN-01,,,SYN041+1.p,classical,auto,1,false,,5,0,3,,unprovable,,,focus,LL,17,2,0.008,2,0,2,0,0,0,2048,0.000,0.000
lltp,ILL/ILLTP-SYN-01,,,SYN040+1.p,classical,auto,1,false,,5,0,3,,unknown,copy_bound,,focus,LL,44,2,0.025,34,10,7,18,0,0,2048,0.000,0.000
lltp,ILL/ILLTP-SYN-01,,,SYN001+1.p,classical,auto,1,false,,5,0,3,,proved,,ok,focus,LL,20,2,0.031,18,0,11,3,0,0,2048,0.000,0.000
lltp,ILL/ILLTP-SYJ-cbv,,,SYJ212+1.020.p,classical,auto,1,false,,5,0,,,unknown,killed,,,,,,10541.617,,,,,,,,,
lltp,ILL/ILLTP-SYJ-cbv,,,SYJ212+1.019.p,classical,auto,1,false,,5,0,,,unknown,killed,,,,,,10578.344,,,,,,,,,
lltp,ILL/ILLTP-SYJ-cbv,,,SYJ212+1.018.p,classical,auto,1,false,,5,0,3,,unknown,timeout,,focus,LL,6946785,262144,5056.659,4608,2261,2240,2377,0,0,2048,5030.000,10.631
lltp,ILL/ILLTP-SYJ-cbv,,,SYJ212+1.017.p,classical,auto,1,false,,5,0,3,,unknown,timeout,,focus,LL,3473377,131072,5055.908,10560,5392,4865,6051,0,0,2048,5040.000,7.675
lltp,ILL/ILLTP-SYJ-cbv,,,SYJ212+1.016.p,classical,auto,1,false,,5,0,3,,unknown,timeout,,focus,LL,1736673,65536,5064.456,26944,15075,9156,13951,0,0,2048,5040.000,7.914
lltp,ILL/ILLTP-SYJ-cbv,,,SYJ212+1.015.p,classical,auto,1,false,,5,0,3,,unknown,timeout,,focus,LL,868321,32768,5060.216,66047,40297,18803,36145,0,0,2048,5040.000,7.157
lltp,ILL/ILLTP-SYJ-cbv,,,SYJ212+1.014.p,classical,auto,1,false,,5,0,3,,unknown,copy_bound,,focus,LL,434145,16384,3495.839,98845,62138,25930,59818,0,0,2048,3480.000,4.519
lltp,ILL/ILLTP-SYJ-cbv,,,SYJ212+1.013.p,classical,auto,1,false,,5,0,3,,unknown,copy_bound,,focus,LL,217057,8192,1369.008,75025,47243,19613,46612,0,0,2048,1360.000,1.339
lltp,ILL/ILLTP-SYJ-cbv,,,SYJ212+1.012.p,classical,auto,1,false,,5,0,3,,unknown,copy_bound,,focus,LL,108513,4096,527.178,55774,35181,14528,35693,0,0,2048,530.000,1.074
lltp,ILL/ILLTP-SYJ-cbv,,,SYJ212+1.011.p,classical,auto,1,false,,5,0,3,,unknown,copy_bound,,focus,LL,54241,2048,182.984,40471,25572,10503,26784,0,0,2048,180.000,0.160
lltp,ILL/ILLTP-SYJ-cbv,,,SYJ212+1.010.p,classical,auto,1,false,,5,0,3,,unknown,copy_bound,,focus,LL,27105,1024,70.380,28540,18063,7379,19626,0,0,2048,60.000,0.149
lltp,ILL/ILLTP-SYJ-cbv,,,SYJ212+1.009.p,classical,auto,1,false,,5,0,3,,unknown,copy_bound,,focus,LL,13537,512,24.334,19450,12328,5010,13978,0,0,2048,20.000,0.028
lltp,ILL/ILLTP-SYJ-cbv,,,SYJ212+1.008.p,classical,auto,1,false,,5,0,3,,unknown,copy_bound,,focus,LL,6753,256,7.893,12715,8068,3263,9617,0,0,2048,0.000,0.007
lltp,ILL/ILLTP-SYJ-cbv,,,SYJ212+1.007.p,classical,auto,1,false,,5,0,3,,unknown,copy_bound,,focus,LL,3361,128,3.455,7891,5009,2017,6332,0,0,2048,0.000,0.015
lltp,ILL/ILLTP-SYJ-cbv,,,SYJ212+1.006.p,classical,auto,1,false,,5,0,3,,unknown,copy_bound,,focus,LL,1665,64,1.542,4589,2911,1167,3952,0,0,2048,0.000,0.002
lltp,ILL/ILLTP-SYJ-cbv,,,SYJ212+1.005.p,classical,auto,1,false,,5,0,3,,unknown,copy_bound,,focus,LL,817,32,0.683,2432,1534,616,2251,0,0,2048,0.000,0.000
lltp,ILL/ILLTP-SYJ-cbv,,,SYJ212+1.004.p,classical,auto,1,false,,5,0,3,,unknown,copy_bound,,focus,LL,393,16,0.290,1102,681,278,1078,0,0,2048,0.000,0.000
lltp,ILL/ILLTP-SYJ-cbv,,,SYJ212+1.003.p,classical,auto,1,false,,5,0,3,,unknown,copy_bound,,focus,LL,181,8,0.114,345,172,107,264,0,0,2048,0.000,0.000
lltp,ILL/ILLTP-SYJ-cbv,,,SYJ212+1.002.p,classical,auto,1,false,,5,0,3,,unknown,copy_bound,,focus,LL,75,4,0.056,156,87,29,166,0,0,2048,0.000,0.000
lltp,ILL/ILLTP-SYJ-cbv,,,SYJ212+1.001.p,classical,auto,1,false,,5,0,3,,unknown,copy_bound,,focus,LL,22,2,0.023,31,8,10,19,0,0,2048,0.000,0.000
lltp,ILL/ILLTP-SYJ-cbv,,,SYJ211+1.020.p,classical,auto,1,false,,5,0,3,,unprovable,,,focus,LL,344,2,0.043,116,87,24,110,0,0,2048,0.000,0.000
lltp,ILL/ILLTP-SYJ-cbv,,,SYJ211+1.019.p,classical,auto,1,false,,5,0,3,,unprovable,,,focus,LL,328,2,0.040,111,83,23,105,0,0,2048,0.000,0.000
lltp,ILL/ILLTP-SYJ-cbv,,,SYJ211+1.018.p,classical,auto,1,false,,5,0,3,,unprovable,,,focus,LL,312,2,0.036,106,79,22,100,0,0,2048,0.000,0.000
lltp,ILL/ILLTP-SYJ-cbv,,,SYJ211+1.017.p,classical,auto,1,false,,5,0,3,,unprovable,,,focus,LL,296,2,0.036,101,75,21,95,0,0,2048,0.000,0.000
lltp,ILL/ILLTP-SYJ-cbv,,,SYJ211+1.016.p,classical,auto,1,false,,5,0,3,,unprovable,,,focus,LL,280,2,0.035,96,71,20,90,0,0,2048,0.000,0.000
lltp,ILL/ILLTP-SYJ-cbv,,,SYJ211+1.015.p,classical,auto,1,false,,5,0,3,,unprovable,,,focus,LL,264,2,0.034,91,67,19,85,0,0,2048,0.000,0.000
lltp,ILL/ILLTP-SYJ-cbv,,,SYJ211+1.014.p,classical,auto,1,false,,5,0,3,,unprovable,,,focus,LL,248,2,0.031,86,63,18,80,0,0,2048,0.000,0.000
lltp,ILL/ILLTP-SYJ-cbv,,,SYJ211+1.013.p,classical,auto,1,false,,5,0,3,,unprovable,,,focus,LL,232,2,0.034,81,59,17,75,0,0,2048,0.000,0.000
lltp,ILL/ILLTP-SYJ-cbv,,,SYJ211+1.012.p,classical,auto,1,false,,5,0,3,,unprovable,,,focus,LL,216,2,0.029,76,55,16,70,0,0,2048,0.000,0.000
lltp,ILL/ILLTP-SYJ-cbv,,,SYJ211+1.011.p,classical,auto,1,false,,5,0,3,,unprovable,,,focus,LL,200,2,0.028,71,51,15,65,0,0,2048,0.000,0.000
lltp,ILL/ILLTP-SYJ-cbv,,,SYJ211+1.010.p,classical,auto,1,false,,5,0,3,,unprovable,,,focus,LL,184,2,0.027,66,47,14,60,0,0,2048,0.000,0.000
lltp,ILL/ILLTP-SYJ-cbv,,,SYJ211+1.009.p,classical,auto,1,false,,5,0,3,,unprovable,,,focus,LL,168,2,0.025,61,43,13,55,0,0,2048,0.000,0.000
lltp,ILL/ILLTP-SYJ-cbv,,,SYJ211+1.008.p,classical,auto,1,false,,5,0,3,,unprovable,,,focus,LL,152,2,0.025,56,39,12,50,0,0,2048,0.000,0.000
lltp,ILL/ILLTP-SYJ-cbv,,,SYJ211+1.007.p,classical,auto,1,false,,5,0,3,,unprovable,,,focus,LL,136,2,0.026,51,35,11,45,0,0,2048,0.000,0.000
lltp,ILL/ILLTP-SYJ-cbv,,,SYJ211+1.006.p,classical,auto,1,false,,5,0,3,,unprovable,,,focus,LL,120,2,0.024,46,31,10,40,0,0,2048,0.000,0.000
lltp,ILL/ILLTP-SYJ-cbv,,,SYJ211+1.005.p,classical,auto,1,false,,5,0,3,,unprovable,,,focus,LL,104,2,0.020,41,27,9,35,0,0,2048,0.000,0.000
lltp,ILL/ILLTP-SYJ-cbv,,,SYJ211+1.004.p,classical,auto,1,false,,5,0,3,,unprovable,,,focus,LL,88,2,0.021,36,23,8,30,0,0,2048,0.000,0.000
lltp,ILL/ILLTP-SYJ-cbv,,,SYJ211+1.003.p,classical,auto,1,false,,5,0,3,,unprovable,,,focus,LL,72,2,0.018,31,19,7,25,0,0,2048,0.000,0.000
lltp,ILL/ILLTP-SYJ-cbv,,,SYJ211+1.002.p,classical,auto,1,false,,5,0,3,,unprovable,,,focus,LL,56,2,0.016,26,15,6,20,0,0,2048,0.000,0.000
lltp,ILL/ILLTP-SYJ-cbv,,,SYJ211+1.001.p,classical,auto,1,false,,5,0,3,,unprovable,,,focus,LL,40,2,0.016,21,11,5,15,0,0,2048,0.000,0.000
lltp,ILL/ILLTP-SYJ-cbv,,,SYJ210+1.020.p,classical,auto,1,false,,5,0,3,,unknown,copy_bound,,focus,LL,210,2,0.212,1438,1304,65,1429,0,0,2048,0.000,0.000
lltp,ILL/ILLTP-SYJ-cbv,,,SYJ210+1.019.p,classical,auto,1,false,,5,0,3,,unknown,copy_bound,,focus,LL,200,2,0.178,1310,1182,62,1301,0,0,2048,0.000,0.000
lltp,ILL/ILLTP-SYJ-cbv,,,SYJ210+1.018.p,classical,auto,1,false,,5,0,3,,unknown,copy_bound,,focus,LL,190,2,0.159,1188,1066,59,1179,0,0,2048,0.000,0.000
lltp,ILL/ILLTP-SYJ-cbv,,,SYJ210+1.017.p,classical,auto,1,false,,5,0,3,,unknown,copy_bound,,focus,LL,180,2,0.150,1072,956,56,1063,0,0,2048,0.000,0.000
lltp,ILL/ILLTP-SYJ-cbv,,,SYJ210+1.016.p,classical,auto,1,false,,5,0,3,,unknown,copy_bound,,focus,LL,170,2,0.130,962,852,53,953,0,0,2048,0.000,0.000
lltp,ILL/ILLTP-SYJ-cbv,,,SYJ210+1.015.p,classical,auto,1,false,,5,0,3,,unknown,copy_bound,,focus,LL,160,2,0.125,858,754,50,849,0,0,2048,0.000,0.000
lltp,ILL/ILLTP-SYJ-cbv,,,SYJ210+1.014.p,classical,auto,1,false,,5,0,3,,unknown,copy_bound,,focus,LL,150,2,0.110,760,662,47,751,0,0,2048,0.000,0.000
lltp,ILL/ILLTP-SYJ-cbv,,,SYJ210+1.013.p,classical,auto,1,false,,5,0,3,,unknown,copy_bound,,focus,LL,140,2,0.109,668,576,44,659,0,0,2048,0.000,0.000
lltp,ILL/ILLTP-SYJ-cbv,,,SYJ210+1.012.p,classical,auto,1,false,,5,0,3,,unknown,copy_bound,,focus,LL,130,2,0.103,582,496,41,573,0,0,2048,0.000,0.000
lltp,ILL/ILLTP-SYJ-cbv,,,SYJ210+1.011.p,classical,auto,1,false,,5,0,3,,unknown,copy_bound,,focus,LL,120,2,0.088,502,422,38,493,0,0,2048,0.000,0.000
lltp,ILL/ILLTP-SYJ-cbv,,,SYJ210+1.010.p,classical,auto,1,false,,5,0,3,,unknown,copy_bound,,focus,LL,110,2,0.085,428,354,35,419,0,0,2048,0.000,0.000
lltp,ILL/ILLTP-SYJ-cbv,,,SYJ210+1.009.p,classical,auto,1,false,,5,0,3,,unknown,copy_bound,,focus,LL,100,2,0.067,360,292,32,351,0,0,2048,0.000,0.000
lltp,ILL/ILLTP-SYJ-cbv,,,SYJ210+1.008.p,classical,auto,1,false,,5,0,3,,unknown,copy_bound,,focus,LL,90,2,0.063,298,236,29,289,0,0,2048,0.000,0.000
lltp,ILL/ILLTP-SYJ-cbv,,,SYJ210+1.007.p,classical,auto,1,false,,5,0,3,,unknown,copy_bound,,focus,LL,80,2,0.053,242,186,26,233,0,0,2048,0.000,0.000
lltp,ILL/ILLTP-SYJ-cbv,,,SYJ210+1.006.p,classical,auto,1,false,,5,0,3,,unknown,copy_bound,,focus,LL,70,2,0.048,192,142,23,183,0,0,2048,0.000,0.000
lltp,ILL/ILLTP-SYJ-cbv,,,SYJ210+1.005.p,classical,auto,1,false,,5,0,3,,unknown,copy_bound,,focus,LL,60,2,0.046,148,104,20,139,0,0,2048,0.000,0.000
lltp,ILL/ILLTP-SYJ-cbv,,,SYJ210+1.004.p,classical,auto,1,false,,5,0,3,,unknown,copy_bound,,focus,LL,50,2,0.033,110,72,17,101,0,0,2048,0.000,0.000
lltp,ILL/ILLTP-SYJ-cbv,,,SYJ210+1.003.p,classical,auto,1,false,,5,0,3,,unknown,copy_bound,,focus,LL,40,2,0.027,78,46,14,69,0,0,2048,0.000,0.000
lltp,ILL/ILLTP-SYJ-cbv,,,SYJ210+1.002.p,classical,auto,1,false,,5,0,3,,unknown,copy_bound,,focus,LL,30,2,0.026,52,26,11,43,0,0,2048,0.000,0.000
lltp,ILL/ILLTP-SYJ-cbv,,,SYJ210+1.001.p,classical,auto,1,false,,5,0,3,,unknown,copy_bound,,focus,LL,20,2,0.023,32,12,8,23,0,0,2048,0.000,0.000
lltp,ILL/ILLTP-SYJ-cbv,,,SYJ209+1.020.p,classical,auto,1,false,,5,0,3,,unknown,copy_bound,,focus,LL,211,20,3.966,24656,15429,8345,3680,0,0,2048,0.000,0.004
lltp,ILL/ILLTP-SYJ-cbv,,,SYJ209+1.019.p,classical,auto,1,false,,5,0,3,,unknown,copy_bound,,focus,LL,201,19,3.227,21362,13394,7168,3344,0,0,2048,0.000,0.011
lltp,ILL/ILLTP-SYJ-cbv,,,SYJ209+1.018.p,classical,auto,1,false,,5,0,3,,unknown,copy_bound,,focus,LL,191,18,2.531,18375,11546,6107,3024,0,0,2048,0.000,0.002
lltp,ILL/ILLTP-SYJ-cbv,,,SYJ209+1.017.p,classical,auto,1,false,,5,0,3,,unknown,copy_bound,,focus,LL,181,17,2.477,15680,9876,5156,2720,0,0,2048,0.000,0.017
lltp,ILL/ILLTP-SYJ-cbv,,,SYJ209+1.016.p,classical,auto,1,false,,5,0,3,,unknown,copy_bound,,focus,LL,171,16,1.881,13262,8375,4309,2432,0,0,2048,0.000,0.002
lltp,ILL/ILLTP-SYJ-cbv,,,SYJ209+1.015.p,classical,auto,1,false,,5,0,3,,unknown,copy_bound,,focus,LL,161,15,1.704,11106,7034,3560,2160,0,0,2048,0.000,0.031
lltp,ILL/ILLTP-SYJ-cbv,,,SYJ209+1.014.p,classical,auto,1,false,,5,0,3,,unknown,copy_bound,,focus,LL,151,14,1.316,9197,5844,2903,1904,0,0,2048,0.000,0.000
lltp,ILL/ILLTP-SYJ-cbv,,,SYJ209+1.013.p,classical,auto,1,false,,5,0,3,,unknown,copy_bound,,focus,LL,141,13,1.075,7520,4796,2332,1664,0,0,2048,0.000,0.000
lltp,ILL/ILLTP-SYJ-cbv,,,SYJ209+1.012.p,classical,auto,1,false,,5,0,3,,unknown,copy_bound,,focus,LL,131,12,0.948,6060,3881,1841,1440,0,0,2048,0.000,0.000
lltp,ILL/ILLTP-SYJ-cbv,,,SYJ209+1.011.p,classical,auto,1,false,,5,0,3,,unknown,copy_bound,,focus,LL,121,11,0.716,4802,3090,1424,1232,0,0,2048,0.000,0.000
lltp,ILL/ILLTP-SYJ-cbv,,,SYJ209+1.010.p,classical,auto,1,false,,5,0,3,,unknown,copy_bound,,focus,LL,111,10,0.582,3731,2414,1075,1040,0,0,2048,0.000,0.000
lltp,ILL/ILLTP-SYJ-cbv,,,SYJ209+1.009.p,classical,auto,1,false,,5,0,3,,unknown,copy_bound,,focus,LL,101,9,0.439,2832,1844,788,864,0,0,2048,0.000,0.000
lltp,ILL/ILLTP-SYJ-cbv,,,SYJ209+1.008.p,classical,auto,1,false,,5,0,3,,unknown,copy_bound,,focus,LL,91,8,0.325,2090,1371,557,704,0,0,2048,0.000,0.000
lltp,ILL/ILLTP-SYJ-cbv,,,SYJ209+1.007.p,classical,auto,1,false,,5,0,3,,unknown,copy_bound,,focus,LL,81,7,0.238,1490,986,376,560,0,0,2048,0.000,0.000
lltp,ILL/ILLTP-SYJ-cbv,,,SYJ209+1.006.p,classical,auto,1,false,,5,0,3,,unknown,copy_bound,,focus,LL,71,6,0.182,1017,680,239,432,0,0,2048,0.000,0.000
lltp,ILL/ILLTP-SYJ-cbv,,,SYJ209+1.005.p,classical,auto,1,false,,5,0,3,,unknown,copy_bound,,focus,LL,61,5,0.117,656,444,140,320,0,0,2048,0.000,0.000
lltp,ILL/ILLTP-SYJ-cbv,,,SYJ209+1.004.p,classical,auto,1,false,,5,0,3,,unknown,copy_bound,,focus,LL,51,4,0.077,392,269,73,224,0,0,2048,0.000,0.000
lltp,ILL/ILLTP-SYJ-cbv,,,SYJ209+1.003.p,classical,auto,1,false,,5,0,3,,unknown,copy_bound,,focus,LL,41,3,0.055,210,146,32,144,0,0,2048,0.000,0.000
lltp,ILL/ILLTP-SYJ-cbv,,,SYJ209+1.002.p,classical,auto,1,false,,5,0,3,,unknown,copy_bound,,focus,LL,31,2,0.033,95,66,11,80,0,0,2048,0.000,0.000
lltp,ILL/ILLTP-SYJ-cbv,,,SYJ209+1.001.p,classical,auto,1,false,,5,0,3,,unprovable,,,focus,LL,21,2,0.013,16,7,4,10,0,0,2048,0.000,0.000
lltp,ILL/ILLTP-SYJ-cbv,,,SYJ208+1.020.p,classical,auto,1,false,,5,0,3,,unknown,recursion_limit,,focus,LL,26564,40,10.415,2001,0,2000,2001,0,0,2048,0.000,0.014
lltp,ILL/ILLTP-SYJ-cbv,,,SYJ208+1.019.p,classical,auto,1,false,,5,0,3,,unknown,recursion_limit,,focus,LL,22899,38,8.763,2003,0,2002,2003,0,0,2048,10.000,0.017
lltp,ILL/ILLTP-SYJ-cbv,,,SYJ208+1.018.p,classical,auto,1,false,,5,0,3,,unknown,recursion_limit,,focus,LL,19588,36,6.669,2005,0,2004,2005,0,0,2048,10.000,0.020
lltp,ILL/ILLTP-SYJ-cbv,,,SYJ208+1.017.p,classical,auto,1,false,,5,0,3,,unknown,recursion_limit,,focus,LL,16613,34,5.838,2007,0,2006,2007,0,0,2048,10.000,0.005
lltp,ILL/ILLTP-SYJ-cbv,,,SYJ208+1.016.p,classical,auto,1,false,,5,0,3,,unknown,recursion_limit,,focus,LL,13956,32,4.970,2009,0,2008,2009,0,0,2048,10.000,0.003
lltp,ILL/ILLTP-SYJ-cbv,,,SYJ208+1.015.p,classical,auto,1,false,,5,0,3,,unknown,timeout,,focus,LL,11599,30,5112.566,2471168,0,1048576,824922,0,0,2048,5080.000,11.820
lltp,ILL/ILLTP-SYJ-cbv,,,SYJ208+1.014.p,classical,auto,1,false,,5,0,3,,unknown,timeout,,focus,LL,9524,28,5351.803,3145792,0,1048576,1049577,0,0,2048,5330.000,9.251
lltp,ILL/ILLTP-SYJ-cbv,,,SYJ208+1.013.p,classical,auto,1,false,,5,0,3,,unknown,timeout,,focus,LL,7713,26,5307.350,4151232,0,1048576,1384532,0,0,2048,5280.000,8.883
lltp,ILL/ILLTP-SYJ-cbv,,,SYJ208+1.012.p,classical,auto,1,false,,5,0,3,,unknown,timeout,,focus,LL,6148,24,5096.130,4533568,0,1048576,1511813,0,0,2048,5070.000,9.134
lltp,ILL/ILLTP-SYJ-cbv,,,SYJ208+1.011.p,classical,auto,1,false,,5,0,3,,unknown,timeout,,focus,LL,4811,22,5034.133,5242944,0,1048576,1748132,0,0,2048,5010.000,8.450
lltp,ILL/ILLTP-SYJ-cbv,,,SYJ208+1.010.p,classical,auto,1,false,,5,0,3,,unknown,timeout,,focus,LL,3684,10,5260.028,6157760,0,1048576,2052953,0,0,2048,5230.000,7.564
lltp,ILL/ILLTP-SYJ-cbv,,,SYJ208+1.009.p,classical,auto,1,false,,5,0,3,,unknown,timeout,,focus,LL,2749,9,5102.922,6657216,0,1048576,2219342,0,0,2048,5080.000,6.784
lltp,ILL/ILLTP-SYJ-cbv,,,SYJ208+1.008.p,classical,auto,1,false,,5,0,3,,unknown,timeout,,focus,LL,1988,8,5095.429,7340096,0,1048576,2584950,0,0,2048,5070.000,7.968
lltp,ILL/ILLTP-SYJ-cbv,,,SYJ208+1.007.p,classical,auto,1,false,,5,0,3,,unknown,copy_bound,,focus,LL,1383,7,3370.008,4664621,1045861,1048576,3229087,0,0,2048,3350.000,4.124
lltp,ILL/ILLTP-SYJ-cbv,,,SYJ208+1.006.p,classical,auto,1,false,,5,0,3,,unknown,copy_bound,,focus,LL,916,6,60.452,127886,44626,82998,71131,0,0,2048,60.000,0.113
lltp,ILL/ILLTP-SYJ-cbv,,,SYJ208+1.005.p,classical,auto,1,false,,5,0,3,,unknown,copy_bound,,focus,LL,569,5,4.015,11756,4089,7507,6682,0,0,2048,0.000,0.004
lltp,ILL/ILLTP-SYJ-cbv,,,SYJ208+1.004.p,classical,auto,1,false,,5,0,3,,unknown,copy_bound,,focus,LL,324,4,0.498,1662,654,918,1052,0,0,2048,0.000,0.000
lltp,ILL/ILLTP-SYJ-cbv,,,SYJ208+1.003.p,classical,auto,1,false,,5,0,3,,unknown,copy_bound,,focus,LL,163,3,0.104,376,178,152,272,0,0,2048,0.000,0.000
lltp,ILL/ILLTP-SYJ-cbv,,,SYJ208+1.002.p,classical,auto,1,false,,5,0,3,,unknown,copy_bound,,focus,LL,68,2,0.041,106,54,30,83,0,0,2048,0.000,0.000
lltp,ILL/ILLTP-SYJ-cbv,,,SYJ208+1.001.p,classical,auto,1,false,,5,0,3,,unknown,copy_bound,,focus,LL,21,1,0.029,54,24,13,34,0,0,2048,0.000,0.000
lltp,ILL/ILLTP-SYJ-cbv,,,SYJ207+1.020.p,classical,auto,1,false,,5,0,3,,unknown,copy_bound,,focus,LL,5488,42,217.706,317019,241564,72086,551844,0,0,2048,200.000,0.727
lltp,ILL/ILLTP-SYJ-cbv,,,SYJ207+1.019.p,classical,auto,1,false,,5,0,3,,unknown,copy_bound,,focus,LL,4986,40,183.327,273163,207940,62174,475004,0,0,2048,170.000,0.170
lltp,ILL/ILLTP-SYJ-cbv,,,SYJ207+1.018.p,classical,auto,1,false,,5,0,3,,unknown,copy_bound,,focus,LL,4508,38,133.697,233551,177592,53214,405652,0,0,2048,130.000,0.129
lltp,ILL/ILLTP-SYJ-cbv,,,SYJ207+1.017.p,classical,auto,1,false,,5,0,3,,unknown,copy_bound,,focus,LL,4054,36,108.474,197967,150352,45158,343404,0,0,2048,100.000,0.095
lltp,ILL/ILLTP-SYJ-cbv,,,SYJ207+1.016.p,classical,auto,1,false,,5,0,3,,unknown,copy_bound,,focus,LL,3624,34,84.481,166195,126052,37958,287876,0,0,2048,80.000,0.094
lltp,ILL/ILLTP-SYJ-cbv,,,SYJ207+1.015.p,classical,auto,1,false,,5,0,3,,unknown,copy_bound,,focus,LL,3218,32,65.319,138019,104524,31566,238684,0,0,2048,50.000,0.068
lltp,ILL/ILLTP-SYJ-cbv,,,SYJ207+1.014.p,classical,auto,1,false,,5,0,3,,unknown,copy_bound,,focus,LL,2836,30,45.979,113223,85600,25934,195444,0,0,2048,30.000,0.058
lltp,ILL/ILLTP-SYJ-cbv,,,SYJ207+1.013.p,classical,auto,1,false,,5,0,3,,unknown,copy_bound,,focus,LL,2478,28,35.342,91591,69112,21014,157772,0,0,2048,30.000,0.046
lltp,ILL/ILLTP-SYJ-cbv,,,SYJ207+1.012.p,classical,auto,1,false,,5,0,3,,unknown,copy_bound,,focus,LL,2144,26,26.324,72907,54892,16758,125284,0,0,2048,20.000,0.038
lltp,ILL/ILLTP-SYJ-cbv,,,SYJ207+1.011.p,classical,auto,1,false,,5,0,3,,unknown,copy_bound,,focus,LL,1834,24,19.167,56955,42772,13118,97596,0,0,2048,10.000,0.019
lltp,ILL/ILLTP-SYJ-cbv,,,SYJ207+1.010.p,classical,auto,1,false,,5,0,3,,unknown,copy_bound,,focus,LL,1548,22,13.775,43519,32584,10046,74324,0,0,2048,10.000,0.010
lltp,ILL/ILLTP-SYJ-cbv,,,SYJ207+1.009.p,classical,auto,1,false,,5,0,3,,unknown,copy_bound,,focus,LL,1286,20,9.712,32383,24160,7494,55084,0,0,2048,0.000,0.015
lltp,ILL/ILLTP-SYJ-cbv,,,SYJ207+1.008.p,classical,auto,1,false,,5,0,3,,unknown,copy_bound,,focus,LL,1048,18,6.267,23331,17332,5414,39492,0,0,2048,0.000,0.009
lltp,ILL/ILLTP-SYJ-cbv,,,SYJ207+1.007.p,classical,auto,1,false,,5,0,3,,unknown,copy_bound,,focus,LL,834,16,4.079,16147,11932,3758,27164,0,0,2048,0.000,0.003
lltp,ILL/ILLTP-SYJ-cbv,,,SYJ207+1.006.p,classical,auto,1,false,,5,0,3,,unknown,copy_bound,,focus,LL,644,14,2.378,10615,7792,2478,17716,0,0,2048,0.000,0.002
lltp,ILL/ILLTP-SYJ-cbv,,,SYJ207+1.005.p,classical,auto,1,false,,5,0,3,,unknown,copy_bound,,focus,LL,478,12,1.381,6519,4744,1526,10764,0,0,2048,0.000,0.000
lltp,ILL/ILLTP-SYJ-cbv,,,SYJ207+1.004.p,classical,auto,1,false,,5,0,3,,unknown,copy_bound,,focus,LL,336,10,0.735,3643,2620,854,5924,0,0,2048,0.000,0.000
lltp,ILL/ILLTP-SYJ-cbv,,,SYJ207+1.003.p,classical,auto,1,false,,5,0,3,,unknown,copy_bound,,focus,LL,218,8,0.345,1771,1252,414,2812,0,0,2048,0.000,0.000
lltp,ILL/ILLTP-SYJ-cbv,,,SYJ207+1.002.p,classical,auto,1,false,,5,0,3,,unknown,copy_bound,,focus,LL,124,6,0.160,687,472,158,1044,0,0,2048,0.000,0.000
lltp,ILL/ILLTP-SYJ-cbv,,,SYJ207+1.001.p,classical,auto,1,false,,5,0,3,,unknown,copy_bound,,focus,LL,54,4,0.058,172,111,36,236,0,0,2048,0.000,0.000
lltp,ILL/ILLTP-SYJ-cbv,,,SYJ206+1.020.p,classical,auto,1,false,,5,0,,,unknown,killed,,,,,,10547.714,,,,,,,,,
lltp,ILL/ILLTP-SYJ-cbv,,,SYJ206+1.019.p,classical,auto,1,false,,5,0,3,,unknown,timeout,,focus,MELL,11534305,524288,5115.318,2240,1000,1167,1112,0,0,2048,5100.000,11.125
lltp,ILL/ILLTP-SYJ-cbv,,,SYJ206+1.018.p,classical,auto,1,false,,5,0,3,,unknown,timeout,,focus,MELL,5767137,262144,5077.456,6144,3132,2874,3205,0,0,2048,5060.000,9.508
lltp,ILL/ILLTP-SYJ-cbv,,,SYJ206+1.017.p,classical,auto,1,false,,5,0,3,,unknown,timeout,,focus,MELL,2883553,131072,5029.051,14080,7385,5795,7275,0,0,2048,5020.000,7.702
lltp,ILL/ILLTP-SYJ-cbv,,,SYJ206+1.016.p,classical,auto,1,false,,5,0,3,,unknown,timeout,,focus,MELL,1441761,65536,5064.846,35071,20288,11274,18022,0,0,2048,5050.000,6.833
lltp,ILL/ILLTP-SYJ-cbv,,,SYJ206+1.015.p,classical,auto,1,false,,5,0,3,,unknown,timeout,,focus,MELL,720865,32768,5066.277,84735,52396,23014,46067,0,0,2048,5050.000,5.908
lltp,ILL/ILLTP-SYJ-cbv,,,SYJ206+1.014.p,classical,auto,1,false,,5,0,3,,unknown,copy_bound,,focus,MELL,360417,16384,3006.444,103325,65137,26676,61827,0,0,2048,2990.000,3.149
lltp,ILL/ILLTP-SYJ-cbv,,,SYJ206+1.013.p,classical,auto,1,false,,5,0,3,,unknown,copy_bound,,focus,MELL,180193,8192,1172.134,78867,49818,20251,48367,0,0,2048,1170.000,1.522
lltp,ILL/ILLTP-SYJ-cbv,,,SYJ206+1.012.p,classical,auto,1,false,,5,0,3,,unknown,copy_bound,,focus,MELL,90081,4096,455.623,59026,37364,15066,37210,0,0,2048,450.000,0.444
lltp,ILL/ILLTP-SYJ-cbv,,,SYJ206+1.011.p,classical,auto,1,false,,5,0,3,,unknown,copy_bound,,focus,MELL,45025,2048,160.594,43181,27395,10949,28079,0,0,2048,160.000,0.174
lltp,ILL/ILLTP-SYJ-cbv,,,SYJ206+1.010.p,classical,auto,1,false,,5,0,3,,unknown,copy_bound,,focus,MELL,22497,1024,62.462,30756,19558,7741,20715,0,0,2048,60.000,0.073
lltp,ILL/ILLTP-SYJ-cbv,,,SYJ206+1.009.p,classical,auto,1,false,,5,0,3,,unknown,copy_bound,,focus,MELL,11233,512,21.920,21220,13527,5296,14877,0,0,2048,20.000,0.038
lltp,ILL/ILLTP-SYJ-cbv,,,SYJ206+1.008.p,classical,auto,1,false,,5,0,3,,unknown,copy_bound,,focus,MELL,5601,256,7.420,14087,9003,3481,10342,0,0,2048,0.000,0.005
lltp,ILL/ILLTP-SYJ-cbv,,,SYJ206+1.007.p,classical,auto,1,false,,5,0,3,,unknown,copy_bound,,focus,MELL,2785,128,3.309,8916,5714,2176,6905,0,0,2048,0.000,0.011
lltp,ILL/ILLTP-SYJ-cbv,,,SYJ206+1.006.p,classical,auto,1,false,,5,0,3,,unknown,copy_bound,,focus,MELL,1377,64,1.581,5308,3413,1273,4373,0,0,2048,0.000,0.002
lltp,ILL/ILLTP-SYJ-cbv,,,SYJ206+1.005.p,classical,auto,1,false,,5,0,3,,unknown,copy_bound,,focus,MELL,673,32,0.757,2916,1884,680,2585,0,0,2048,0.000,0.000
lltp,ILL/ILLTP-SYJ-cbv,,,SYJ206+1.004.p,classical,auto,1,false,,5,0,3,,unknown,copy_bound,,focus,MELL,321,16,0.342,1421,931,308,1365,0,0,2048,0.000,0.000
lltp,ILL/ILLTP-SYJ-cbv,,,SYJ206+1.003.p,classical,auto,1,false,,5,0,3,,proved,,ok,focus,MELL,145,8,0.142,444,176,155,399,0,0,2048,0.000,0.000
lltp,ILL/ILLTP-SYJ-cbv,,,SYJ206+1.002.p,classical,auto,1,false,,5,0,3,,proved,,ok,focus,MELL,57,4,0.028,35,2,24,17,0,0,2048,0.000,0.000
lltp,ILL/ILLTP-SYJ-cbv,,,SYJ206+1.001.p,classical,auto,1,false,,5,0,3,,proved,,ok,focus,MELL,13,2,0.011,8,0,5,2,0,0,2048,0.000,0.000
lltp,ILL/ILLTP-SYJ-cbv,,,SYJ205+1.020.p,classical,auto,1,false,,5,0,3,,unknown,copy_bound,,focus,MELL,483,2,6.579,29090,17185,10883,22356,0,0,2048,0.000,0.010
lltp,ILL/ILLTP-SYJ-cbv,,,SYJ205+1.019.p,classical,auto,1,false,,5,0,3,,unknown,copy_bound,,focus,MELL,461,2,5.873,25406,14997,9475,19492,0,0,2048,0.000,0.016
lltp,ILL/ILLTP-SYJ-cbv,,,SYJ205+1.018.p,classical,auto,1,false,,5,0,3,,unknown,copy_bound,,focus,MELL,439,2,5.056,22047,13003,8194,16884,0,0,2048,0.000,0.007
lltp,ILL/ILLTP-SYJ-cbv,,,SYJ205+1.017.p,classical,auto,1,false,,5,0,3,,unknown,copy_bound,,focus,MELL,417,2,4.130,18998,11194,7034,14520,0,0,2048,0.000,0.015
lltp,ILL/ILLTP-SYJ-cbv,,,SYJ205+1.016.p,classical,auto,1,false,,5,0,3,,unknown,copy_bound,,focus,MELL,395,2,3.313,16244,9561,5989,12388,0,0,2048,0.000,0.002
lltp,ILL/ILLTP-SYJ-cbv,,,SYJ205+1.015.p,classical,auto,1,false,,5,0,3,,unknown,copy_bound,,focus,MELL,373,2,2.877,13770,8095,5053,10476,0,0,2048,0.000,0.002
lltp,ILL/ILLTP-SYJ-cbv,,,SYJ205+1.014.p,classical,auto,1,false,,5,0,3,,unknown,copy_bound,,focus,MELL,351,2,2.441,11561,6787,4220,8772,0,0,2048,0.000,0.002
lltp,ILL/ILLTP-SYJ-cbv,,,SYJ205+1.013.p,classical,auto,1,false,,5,0,3,,unknown,copy_bound,,focus,MELL,329,2,1.937,9602,5628,3484,7264,0,0,2048,0.000,0.002
lltp,ILL/ILLTP-SYJ-cbv,,,SYJ205+1.012.p,classical,auto,1,false,,5,0,3,,unknown,copy_bound,,focus,MELL,307,2,1.573,7878,4609,2839,5940,0,0,2048,0.000,0.000
lltp,ILL/ILLTP-SYJ-cbv,,,SYJ205+1.011.p,classical,auto,1,false,,5,0,3,,unknown,copy_bound,,focus,MELL,285,2,1.301,6374,3721,2279,4788,0,0,2048,0.000,0.000
lltp,ILL/ILLTP-SYJ-cbv,,,SYJ205+1.010.p,classical,auto,1,false,,5,0,3,,unknown,copy_bound,,focus,MELL,263,2,1.020,5075,2955,1798,3796,0,0,2048,0.000,0.000
lltp,ILL/ILLTP-SYJ-cbv,,,SYJ205+1.009.p,classical,auto,1,false,,5,0,3,,unknown,copy_bound,,focus,MELL,241,2,0.744,3966,2302,1390,2952,0,0,2048,0.000,0.000
lltp,ILL/ILLTP-SYJ-cbv,,,SYJ205+1.008.p,classical,auto,1,false,,5,0,3,,unknown,copy_bound,,focus,MELL,219,2,0.593,3032,1753,1049,2244,0,0,2048,0.000,0.000
lltp,ILL/ILLTP-SYJ-cbv,,,SYJ205+1.007.p,classical,auto,1,false,,5,0,3,,unknown,copy_bound,,focus,MELL,197,2,0.462,2258,1299,769,1660,0,0,2048,0.000,0.000
lltp,ILL/ILLTP-SYJ-cbv,,,SYJ205+1.006.p,classical,auto,1,false,,5,0,3,,unknown,copy_bound,,focus,MELL,175,2,0.349,1629,931,544,1188,0,0,2048,0.000,0.000
lltp,ILL/ILLTP-SYJ-cbv,,,SYJ205+1.005.p,classical,auto,1,false,,5,0,3,,unknown,copy_bound,,focus,MELL,153,2,0.260,1130,640,368,816,0,0,2048,0.000,0.000
lltp,ILL/ILLTP-SYJ-cbv,,,SYJ205+1.004.p,classical,auto,1,false,,5,0,3,,unknown,copy_bound,,focus,MELL,131,2,0.188,746,417,235,532,0,0,2048,0.000,0.000
lltp,ILL/ILLTP-SYJ-cbv,,,SYJ205+1.003.p,classical,auto,1,false,,5,0,3,,unknown,copy_bound,,focus,MELL,109,2,0.120,462,253,139,324,0,0,2048,0.000,0.000
lltp,ILL/ILLTP-SYJ-cbv,,,SYJ205+1.002.p,classical,auto,1,false,,5,0,3,,unknown,copy_bound,,focus,MELL,87,2,0.077,263,139,74,180,0,0,2048,0.000,0.000
lltp,ILL/ILLTP-SYJ-cbv,,,SYJ205+1.001.p,classical,auto,1,false,,5,0,3,,proved,,ok,focus,MELL,65,2,0.059,130,45,48,82,0,0,2048,0.000,0.000
lltp,ILL/ILLTP-SYJ-cbv,,,SYJ204+1.020.p,classical,auto,1,false,,5,0,3,,unknown,copy_bound,,focus,MELL,204,2,0.219,1443,1307,68,1405,0,0,2048,0.000,0.000
lltp,ILL/ILLTP-SYJ-cbv,,,SYJ204+1.019.p,classical,auto,1,false,,5,0,3,,unknown,copy_bound,,focus,MELL,194,2,0.188,1315,1185,65,1278,0,0,2048,0.000,0.000
lltp,ILL/ILLTP-SYJ-cbv,,,SYJ204+1.018.p,classical,auto,1,false,,5,0,3,,unknown,copy_bound,,focus,MELL,184,2,0.170,1193,1069,62,1157,0,0,2048,0.000,0.000
lltp,ILL/ILLTP-SYJ-cbv,,,SYJ204+1.017.p,classical,auto,1,false,,5,0,3,,unknown,copy_bound,,focus,MELL,174,2,0.146,1077,959,59,1042,0,0,2048,0.000,0.000
lltp,ILL/ILLTP-SYJ-cbv,,,SYJ204+1.016.p,classical,auto,1,false,,5,0,3,,unknown,copy_bound,,focus,MELL,164,2,0.131,967,855,56,933,0,0,2048,0.000,0.000
lltp,ILL/ILLTP-SYJ-cbv,,,SYJ204+1.015.p,classical,auto,1,false,,5,0,3,,unknown,copy_bound,,focus,MELL,154,2,0.125,863,757,53,830,0,0,2048,0.000,0.000
lltp,ILL/ILLTP-SYJ-cbv,,,SYJ204+1.014.p,classical,auto,1,false,,5,0,3,,unknown,copy_bound,,focus,MELL,144,2,0.113,765,665,50,733,0,0,2048,0.000,0.000
lltp,ILL/ILLTP-SYJ-cbv,,,SYJ204+1.013.p,classical,auto,1,false,,5,0,3,,unknown,copy_bound,,focus,MELL,134,2,0.104,673,579,47,642,0,0,2048,0.000,0.000
lltp,ILL/ILLTP-SYJ-cbv,,,SYJ204+1.012.p,classical,auto,1,false,,5,0,3,,unknown,copy_bound,,focus,MELL,124,2,0.096,587,499,44,557,0,0,2048,0.000,0.000
lltp,ILL/ILLTP-SYJ-cbv,,,SYJ204+1.011.p,classical,auto,1,false,,5,0,3,,unknown,copy_bound,,focus,MELL,114,2,0.092,507,425,41,478,0,0,2048,0.000,0.000
lltp,ILL/ILLTP-SYJ-cbv,,,SYJ204+1.010.p,classical,auto,1,false,,5,0,3,,unknown,copy_bound,,focus,MELL,104,2,0.077,433,357,38,405,0,0,2048,0.000,0.000
lltp,ILL/ILLTP-SYJ-cbv,,,SYJ204+1.009.p,classical,auto,1,false,,5,0,3,,unknown,copy_bound,,focus,MELL,94,2,0.071,365,295,35,338,0,0,2048,0.000,0.000
lltp,ILL/ILLTP-SYJ-cbv,,,SYJ204+1.008.p,classical,auto,1,false,,5,0,3,,unknown,copy_bound,,focus,MELL,84,2,0.064,303,239,32,277,0,0,2048,0.000,0.000
lltp,ILL/ILLTP-SYJ-cbv,,,SYJ204+1.007.p,classical,auto,1,false,,5,0,3,,unknown,copy_bound,,focus,MELL,74,2,0.058,247,189,29,222,0,0,2048,0.000,0.000
lltp,ILL/ILLTP-SYJ-cbv,,,SYJ204+1.006.p,classical,auto,1,false,,5,0,3,,unknown,copy_bound,,focus,MELL,64,2,0.051,197,145,26,173,0,0,2048,0.000,0.000
lltp,ILL/ILLTP-SYJ-cbv,,,SYJ204+1.005.p,classical,auto,1,false,,5,0,3,,unknown,copy_bound,,focus,MELL,54,2,0.045,153,107,23,130,0,0,2048,0.000,0.000
lltp,ILL/ILLTP-SYJ-cbv,,,SYJ204+1.004.p,classical,auto,1,false,,5,0,3,,unknown,copy_bound,,focus,MELL,44,2,0.038,115,75,20,93,0,0,2048,0.000,0.000
lltp,ILL/ILLTP-SYJ-cbv,,,SYJ204+1.003.p,classical,auto,1,false,,5,0,3,,unknown,copy_bound,,focus,MELL,34,2,0.035,83,49,17,62,0,0,2048,0.000,0.000
lltp,ILL/ILLTP-SYJ-cbv,,,SYJ204+1.002.p,classical,auto,1,false,,5,0,3,,unknown,copy_bound,,focus,MELL,24,2,0.029,57,29,14,37,0,0,2048,0.000,0.000
lltp,ILL/ILLTP-SYJ-cbv,,,SYJ204+1.001.p,classical,auto,1,false,,5,0,3,,proved,,ok,focus,MELL,14,2,0.023,25,7,8,11,0,0,2048,0.000,0.000
lltp,ILL/ILLTP-SYJ-cbv,,,SYJ203+1.020.p,classical,auto,1,false,,5,0,3,,unknown,copy_bound,,focus,LL,205,21,4.376,27324,16917,9434,4052,0,0,2048,0.000,0.018
lltp,ILL/ILLTP-SYJ-cbv,,,SYJ203+1.019.p,classical,auto,1,false,,5,0,3,,unknown,copy_bound,,focus,LL,195,20,3.703,23794,14752,8155,3700,0,0,2048,0.000,0.004
lltp,ILL/ILLTP-SYJ-cbv,,,SYJ203+1.018.p,classical,auto,1,false,,5,0,3,,unknown,copy_bound,,focus,LL,185,19,3.128,20582,12780,6997,3364,0,0,2048,0.000,0.002
lltp,ILL/ILLTP-SYJ-cbv,,,SYJ203+1.017.p,classical,auto,1,false,,5,0,3,,unknown,copy_bound,,focus,LL,175,18,2.598,17673,10992,5954,3044,0,0,2048,0.000,0.002
lltp,ILL/ILLTP-SYJ-cbv,,,SYJ203+1.016.p,classical,auto,1,false,,5,0,3,,unknown,copy_bound,,focus,LL,165,17,2.399,15052,9379,5020,2740,0,0,2048,0.000,0.002
lltp,ILL/ILLTP-SYJ-cbv,,,SYJ203+1.015.p,classical,auto,1,false,,5,0,3,,unknown,copy_bound,,focus,LL,155,16,1.962,12704,7932,4189,2452,0,0,2048,0.000,0.002
lltp,ILL/ILLTP-SYJ-cbv,,,SYJ203+1.014.p,classical,auto,1,false,,5,0,3,,unknown,copy_bound,,focus,LL,145,15,1.567,10614,6642,3455,2180,0,0,2048,0.000,0.000
lltp,ILL/ILLTP-SYJ-cbv,,,SYJ203+1.013.p,classical,auto,1,false,,5,0,3,,unknown,copy_bound,,focus,LL,135,14,1.377,8767,5500,2812,1924,0,0,2048,0.000,0.000
lltp,ILL/ILLTP-SYJ-cbv,,,SYJ203+1.012.p,classical,auto,1,false,,5,0,3,,unknown,copy_bound,,focus,LL,125,13,1.042,7148,4497,2254,1684,0,0,2048,0.000,0.000
lltp,ILL/ILLTP-SYJ-cbv,,,SYJ203+1.011.p,classical,auto,1,false,,5,0,3,,unknown,copy_bound,,focus,LL,115,12,0.801,5742,3624,1775,1460,0,0,2048,0.000,0.000
lltp,ILL/ILLTP-SYJ-cbv,,,SYJ203+1.010.p,classical,auto,1,false,,5,0,3,,unknown,copy_bound,,focus,LL,105,11,0.670,4534,2872,1369,1252,0,0,2048,0.000,0.000
lltp,ILL/ILLTP-SYJ-cbv,,,SYJ203+1.009.p,classical,auto,1,false,,5,0,3,,unknown,copy_bound,,focus,LL,95,10,0.525,3509,2232,1030,1060,0,0,2048,0.000,0.000
lltp,ILL/ILLTP-SYJ-cbv,,,SYJ203+1.008.p,classical,auto,1,false,,5,0,3,,unknown,copy_bound,,focus,LL,85,9,0.391,2652,1695,752,884,0,0,2048,0.000,0.000
lltp,ILL/ILLTP-SYJ-cbv,,,SYJ203+1.007.p,classical,auto,1,false,,5,0,3,,unknown,copy_bound,,focus,LL,75,8,0.317,1948,1252,529,724,0,0,2048,0.000,0.000
lltp,ILL/ILLTP-SYJ-cbv,,,SYJ203+1.006.p,classical,auto,1,false,,5,0,3,,unknown,copy_bound,,focus,LL,65,7,0.245,1382,894,355,580,0,0,2048,0.000,0.000
lltp,ILL/ILLTP-SYJ-cbv,,,SYJ203+1.005.p,classical,auto,1,false,,5,0,3,,unknown,copy_bound,,focus,LL,55,6,0.160,939,612,224,452,0,0,2048,0.000,0.000
lltp,ILL/ILLTP-SYJ-cbv,,,SYJ203+1.004.p,classical,auto,1,false,,5,0,3,,unknown,copy_bound,,focus,LL,45,5,0.118,604,397,130,340,0,0,2048,0.000,0.000
lltp,ILL/ILLTP-SYJ-cbv,,,SYJ203+1.003.p,classical,auto,1,false,,5,0,3,,unknown,copy_bound,,focus,LL,35,4,0.078,362,240,67,244,0,0,2048,0.000,0.000
lltp,ILL/ILLTP-SYJ-cbv,,,SYJ203+1.002.p,classical,auto,1,false,,5,0,3,,unknown,copy_bound,,focus,LL,25,3,0.055,174,113,29,136,0,0,2048,0.000,0.000
lltp,ILL/ILLTP-SYJ-cbv,,,SYJ203+1.001.p,classical,auto,1,false,,5,0,3,,proved,,ok,focus,LL,15,2,0.025,34,11,10,18,0,0,2048,0.000,0.000
lltp,ILL/ILLTP-SYJ-cbv,,,SYJ202+1.020.p,classical,auto,1,false,,5,0,3,,unknown,recursion_limit,,focus,LL,26438,40,10.047,2001,0,2000,2001,0,0,2048,10.000,0.026
lltp,ILL/ILLTP-SYJ-cbv,,,SYJ202+1.019.p,classical,auto,1,false,,5,0,3,,unknown,recursion_limit,,focus,LL,22779,38,7.664,2003,0,2002,2003,0,0,2048,10.000,0.006
lltp,ILL/ILLTP-SYJ-cbv,,,SYJ202+1.018.p,classical,auto,1,false,,5,0,3,,unknown,recursion_limit,,focus,LL,19474,36,7.567,2005,0,2004,2005,0,0,2048,10.000,0.024
lltp,ILL/ILLTP-SYJ-cbv,,,SYJ202+1.017.p,classical,auto,1,false,,5,0,3,,unknown,recursion_limit,,focus,LL,16505,34,6.422,2007,0,2006,2007,0,0,2048,0.000,0.007
lltp,ILL/ILLTP-SYJ-cbv,,,SYJ202+1.016.p,classical,auto,1,false,,5,0,3,,unknown,recursion_limit,,focus,LL,13854,32,5.003,2009,0,2008,2009,0,0,2048,0.000,0.003
lltp,ILL/ILLTP-SYJ-cbv,,,SYJ202+1.015.p,classical,auto,1,false,,5,0,3,,unknown,timeout,,focus,LL,11503,30,5175.847,2517696,0,1048576,840432,0,0,2048,5160.000,8.741
lltp,ILL/ILLTP-SYJ-cbv,,,SYJ202+1.014.p,classical,auto,1,false,,5,0,3,,unknown,timeout,,focus,LL,9434,28,5291.667,3145792,0,1048576,1049577,0,0,2048,5270.000,10.182
lltp,ILL/ILLTP-SYJ-cbv,,,SYJ202+1.013.p,classical,auto,1,false,,5,0,3,,unknown,timeout,,focus,LL,7629,26,5313.831,4194368,0,1048576,1398911,0,0,2048,5290.000,9.874
lltp,ILL/ILLTP-SYJ-cbv,,,SYJ202+1.012.p,classical,auto,1,false,,5,0,3,,unknown,timeout,,focus,LL,6070,24,5181.847,4802048,0,1048576,1601306,0,0,2048,5160.000,7.744
lltp,ILL/ILLTP-SYJ-cbv,,,SYJ202+1.011.p,classical,auto,1,false,,5,0,3,,unknown,timeout,,focus,LL,4739,22,5051.273,5242944,0,1048576,1748132,0,0,2048,5030.000,7.208
lltp,ILL/ILLTP-SYJ-cbv,,,SYJ202+1.010.p,classical,auto,1,false,,5,0,3,,unknown,timeout,,focus,LL,3618,10,5259.157,6159040,0,1048576,2053380,0,0,2048,5230.000,7.794
lltp,ILL/ILLTP-SYJ-cbv,,,SYJ202+1.009.p,classical,auto,1,false,,5,0,3,,unknown,timeout,,focus,LL,2689,9,5121.864,6717056,0,1048576,2239288,0,0,2048,5100.000,7.394
lltp,ILL/ILLTP-SYJ-cbv,,,SYJ202+1.008.p,classical,auto,1,false,,5,0,3,,unknown,timeout,,focus,LL,1934,8,5294.835,7289856,0,1048576,2496684,0,0,2048,5270.000,6.904
lltp,ILL/ILLTP-SYJ-cbv,,,SYJ202+1.007.p,classical,auto,1,false,,5,0,3,,unknown,timeout,,focus,LL,1335,7,5130.677,5242944,0,1048576,3831216,0,0,2048,5110.000,6.591
lltp,ILL/ILLTP-SYJ-cbv,,,SYJ202+1.006.p,classical,auto,1,false,,5,0,3,,unknown,timeout,,focus,LL,874,6,5053.531,4649280,0,1048576,3852469,0,0,2048,5030.000,5.634
lltp,ILL/ILLTP-SYJ-cbv,,,SYJ202+1.005.p,classical,auto,1,false,,5,0,3,,proved,,ok,focus,LL,533,5,512.794,493891,0,493889,413100,0,0,2048,500.000,1.079
lltp,ILL/ILLTP-SYJ-cbv,,,SYJ202+1.004.p,classical,auto,1,false,,5,0,3,,proved,,ok,focus,LL,294,4,9.693,20545,0,20543,16174,0,0,2048,0.000,0.008
lltp,ILL/ILLTP-SYJ-cbv,,,SYJ202+1.003.p,classical,auto,1,false,,5,0,3,,proved,,ok,focus,LL,139,3,0.379,949,0,947,672,0,0,2048,0.000,0.000
lltp,ILL/ILLTP-SYJ-cbv,,,SYJ202+1.002.p,classical,auto,1,false,,5,0,3,,proved,,ok,focus,LL,50,2,0.033,54,0,52,32,0,0,2048,0.000,0.000
lltp,ILL/ILLTP-SYJ-cbv,,,SYJ202+1.001.p,classical,auto,1,false,,5,0,3,,proved,,ok,focus,LL,9,1,0.009,5,0,3,0,0,0,2048,0.000,0.000
lltp,ILL/ILLTP-SYJ-cbv,,,SYJ201+1.020.p,classical,auto,1,false,,5,0,3,,unknown,copy_bound,,focus,MELL,5739,43,239.030,340352,259408,77412,592700,0,0,2048,230.000,0.254
lltp,ILL/ILLTP-SYJ-cbv,,,SYJ201+1.019.p,classical,auto,1,false,,5,0,3,,unknown,copy_bound,,focus,MELL,5225,41,200.396,294305,224095,67006,511996,0,0,2048,190.000,0.192
lltp,ILL/ILLTP-SYJ-cbv,,,SYJ201+1.018.p,classical,auto,1,false,,5,0,3,,unknown,copy_bound,,focus,MELL,4735,39,166.858,252610,192142,57576,438972,0,0,2048,160.000,0.169
lltp,ILL/ILLTP-SYJ-cbv,,,SYJ201+1.017.p,classical,auto,1,false,,5,0,3,,unknown,copy_bound,,focus,MELL,4269,37,120.510,215051,163381,49074,373244,0,0,2048,110.000,0.347
lltp,ILL/ILLTP-SYJ-cbv,,,SYJ201+1.016.p,classical,auto,1,false,,5,0,3,,unknown,copy_bound,,focus,MELL,3827,35,94.600,181412,137644,41452,314428,0,0,2048,90.000,0.097
lltp,ILL/ILLTP-SYJ-cbv,,,SYJ201+1.015.p,classical,auto,1,false,,5,0,3,,unknown,copy_bound,,focus,MELL,3409,33,74.871,151477,114763,34662,262140,0,0,2048,60.000,0.083
lltp,ILL/ILLTP-SYJ-cbv,,,SYJ201+1.014.p,classical,auto,1,false,,5,0,3,,unknown,copy_bound,,focus,MELL,3015,31,53.950,125030,94570,28656,215996,0,0,2048,40.000,0.053
lltp,ILL/ILLTP-SYJ-cbv,,,SYJ201+1.013.p,classical,auto,1,false,,5,0,3,,unknown,copy_bound,,focus,MELL,2645,29,39.800,101855,76897,23386,175612,0,0,2048,30.000,0.049
lltp,ILL/ILLTP-SYJ-cbv,,,SYJ201+1.012.p,classical,auto,1,false,,5,0,3,,unknown,copy_bound,,focus,MELL,2299,27,31.109,81736,61576,18804,140604,0,0,2048,20.000,0.075
lltp,ILL/ILLTP-SYJ-cbv,,,SYJ201+1.011.p,classical,auto,1,false,,5,0,3,,unknown,copy_bound,,focus,MELL,1977,25,23.044,64457,48439,14862,110588,0,0,2048,20.000,0.032
lltp,ILL/ILLTP-SYJ-cbv,,,SYJ201+1.010.p,classical,auto,1,false,,5,0,3,,unknown,copy_bound,,focus,MELL,1679,23,16.246,49802,37318,11512,85180,0,0,2048,10.000,0.012
lltp,ILL/ILLTP-SYJ-cbv,,,SYJ201+1.009.p,classical,auto,1,false,,5,0,3,,unknown,copy_bound,,focus,MELL,1405,21,11.761,37555,28045,8706,63996,0,0,2048,10.000,0.009
lltp,ILL/ILLTP-SYJ-cbv,,,SYJ201+1.008.p,classical,auto,1,false,,5,0,3,,unknown,copy_bound,,focus,MELL,1155,19,7.527,27500,20452,6396,46652,0,0,2048,0.000,0.006
lltp,ILL/ILLTP-SYJ-cbv,,,SYJ201+1.007.p,classical,auto,1,false,,5,0,3,,unknown,copy_bound,,focus,MELL,929,17,4.906,19421,14371,4534,32764,0,0,2048,0.000,0.004
lltp,ILL/ILLTP-SYJ-cbv,,,SYJ201+1.006.p,classical,auto,1,false,,5,0,3,,unknown,copy_bound,,focus,MELL,727,15,3.038,13102,9634,3072,21948,0,0,2048,0.000,0.002
lltp,ILL/ILLTP-SYJ-cbv,,,SYJ201+1.005.p,classical,auto,1,false,,5,0,3,,unknown,copy_bound,,focus,MELL,549,13,1.876,8327,6073,1962,13820,0,0,2048,0.000,0.002
lltp,ILL/ILLTP-SYJ-cbv,,,SYJ201+1.004.p,classical,auto,1,false,,5,0,3,,unknown,copy_bound,,focus,MELL,395,11,0.998,4880,3520,1156,7996,0,0,2048,0.000,0.000
lltp,ILL/ILLTP-SYJ-cbv,,,SYJ201+1.003.p,classical,auto,1,false,,5,0,3,,unknown,copy_bound,,focus,MELL,265,9,0.523,2545,1807,606,4092,0,0,2048,0.000,0.000
lltp,ILL/ILLTP-SYJ-cbv,,,SYJ201+1.002.p,classical,auto,1,false,,5,0,3,,unknown,copy_bound,,focus,MELL,159,7,0.243,1106,766,264,1724,0,0,2048,0.000,0.000
lltp,ILL/ILLTP-SYJ-cbv,,,SYJ201+1.001.p,classical,auto,1,false,,5,0,3,,unknown,copy_bound,,focus,MELL,77,5,0.093,347,229,82,508,0,0,2048,0.000,0.000
lltp,ILL/ILLTP-SYJ-cbv,,,SYJ107+1.004.p,classical,auto,1,false,,5,0,3,,unknown,copy_bound,,focus,LL,72,2,0.152,746,489,161,421,0,0,2048,0.000,0.000
lltp,ILL/ILLTP-SYJ-cbv,,,SYJ107+1.003.p,classical,auto,1,false,,5,0,3,,proved,,ok,focus,LL,54,2,0.310,1376,654,609,574,0,0,2048,0.000,0.000
lltp,ILL/ILLTP-SYJ-cbv,,,SYJ107+1.002.p,classical,auto,1,false,,5,0,3,,proved,,ok,focus,LL,36,2,0.072,199,61,119,72,0,0,2048,0.000,0.000
lltp,ILL/ILLTP-SYJ-cbv,,,SYJ107+1.001.p,classical,auto,1,false,,5,0,3,,proved,,ok,focus,LL,18,2,0.020,17,0,14,3,0,0,2048,0.000,0.000
lltp,ILL/ILLTP-SYJ-cbv,,,SYJ106+1.p,classical,auto,1,false,,5,0,3,,unknown,copy_bound,,focus,LL,47,2,0.057,132,62,36,139,0,0,2048,0.000,0.000
lltp,ILL/ILLTP-SYJ-cbv,,,SYJ105+1.004.p,classical,auto,1,false,,5,0,3,,unknown,copy_bound,,focus,LL,32,2,0.027,54,28,8,54,0,0,2048,0.000,0.000
lltp,ILL/ILLTP-SYJ-cbv,,,SYJ105+1.003.p,classical,auto,1,false,,5,0,3,,unknown,copy_bound,,focus,LL,23,2,0.025,43,21,8,40,0,0,2048,0.000,0.000
lltp,ILL/ILLTP-SYJ-cbv,,,SYJ105+1.002.p,classical,auto,1,false,,5,0,3,,proved,,ok,focus,LL,14,1,0.018,22,5,6,12,0,0,2048,0.000,0.000
lltp,ILL/ILLTP-SYJ-cbv,,,SYJ104+1.p,classical,auto,1,false,,5,0,3,,proved,,ok,focus,MELL,12,1,0.017,16,1,8,4,0,0,2048,0.000,0.000
lltp,ILL/ILLTP-SYJ-cbv,,,SYJ103+1.p,classical,auto,1,false,,5,0,3,,unknown,copy_bound,,focus,LL,22,2,0.032,68,29,17,56,0,0,2048,0.000,0.000
lltp,ILL/ILLTP-SYJ-cbv,,,SYJ102+1.p,classical,auto,1,false,,5,0,3,,proved,,ok,focus,LL,10,1,0.014,12,1,5,3,0,0,2048,0.000,0.000
lltp,ILL/ILLTP-SYJ-cbv,,,SYJ101+1.p,classical,auto,1,false,,5,0,3,,proved,,ok,focus,MELL,4,1,0.009,4,0,2,0,0,0,2048,0.000,0.000
lltp,ILL/ILLTP-SYJ-cbn,,,SYJ212+1.020.p,classical,auto,1,false,,5,0,,,unknown,killed,,,,,,10563.882,,,,,,,,,
lltp,ILL/ILLTP-SYJ-cbn,,,SYJ212+1.019.p,classical,auto,1,false,,5,0,3,,unknown,timeout,,focus,LL,10747881,524288,5120.540,4480,3266,1186,775,0,0,2048,5090.000,10.472
lltp,ILL/ILLTP-SYJ-cbn,,,SYJ212+1.018.p,classical,auto,1,false,,5,0,3,,unknown,timeout,,focus,LL,5373929,262144,5109.082,11072,8453,2553,2017,0,0,2048,5090.000,8.694
lltp,ILL/ILLTP-SYJ-cbn,,,SYJ212+1.017.p,classical,auto,1,false,,5,0,3,,unknown,timeout,,focus,LL,2686953,131072,5054.740,26304,20476,5660,5097,0,0,2048,5040.000,7.740
lltp,ILL/ILLTP-SYJ-cbn,,,SYJ212+1.016.p,classical,auto,1,false,,5,0,3,,unknown,timeout,,focus,LL,1343465,65536,5070.039,55808,43285,12113,11841,0,0,2048,5060.000,6.761
lltp,ILL/ILLTP-SYJ-cbn,,,SYJ212+1.015.p,classical,auto,1,false,,5,0,3,,unknown,copy_bound,,focus,LL,671721,32768,2387.774,59449,48193,10762,13376,0,0,2048,2380.000,3.045
lltp,ILL/ILLTP-SYJ-cbn,,,SYJ212+1.014.p,classical,auto,1,false,,5,0,3,,unknown,copy_bound,,focus,LL,335849,16384,923.703,45557,36483,8641,10860,0,0,2048,920.000,1.463
lltp,ILL/ILLTP-SYJ-cbn,,,SYJ212+1.013.p,classical,auto,1,false,,5,0,3,,unknown,copy_bound,,focus,LL,167913,8192,330.875,34249,27053,6820,8680,0,0,2048,330.000,0.314
lltp,ILL/ILLTP-SYJ-cbn,,,SYJ212+1.012.p,classical,auto,1,false,,5,0,3,,unknown,copy_bound,,focus,LL,83945,4096,127.642,25184,19585,5276,6812,0,0,2048,130.000,0.118
lltp,ILL/ILLTP-SYJ-cbn,,,SYJ212+1.011.p,classical,auto,1,false,,5,0,3,,unknown,copy_bound,,focus,LL,41961,2048,47.714,18045,13785,3986,5232,0,0,2048,40.000,0.046
lltp,ILL/ILLTP-SYJ-cbn,,,SYJ212+1.010.p,classical,auto,1,false,,5,0,3,,unknown,copy_bound,,focus,LL,20969,1024,16.723,12539,9383,2927,3916,0,0,2048,10.000,0.015
lltp,ILL/ILLTP-SYJ-cbn,,,SYJ212+1.009.p,classical,auto,1,false,,5,0,3,,unknown,copy_bound,,focus,LL,10473,512,6.424,8397,6133,2076,2840,0,0,2048,0.000,0.010
lltp,ILL/ILLTP-SYJ-cbn,,,SYJ212+1.008.p,classical,auto,1,false,,5,0,3,,unknown,copy_bound,,focus,LL,5225,256,2.292,5374,3813,1410,1980,0,0,2048,0.000,0.002
lltp,ILL/ILLTP-SYJ-cbn,,,SYJ212+1.007.p,classical,auto,1,false,,5,0,3,,unknown,copy_bound,,focus,LL,2601,128,1.086,3249,2225,906,1312,0,0,2048,0.000,0.002
lltp,ILL/ILLTP-SYJ-cbn,,,SYJ212+1.006.p,classical,auto,1,false,,5,0,3,,unknown,copy_bound,,focus,LL,1289,64,0.515,1825,1195,541,812,0,0,2048,0.000,0.000
lltp,ILL/ILLTP-SYJ-cbn,,,SYJ212+1.005.p,classical,auto,1,false,,5,0,3,,unknown,copy_bound,,focus,LL,633,32,0.223,929,573,292,456,0,0,2048,0.000,0.000
lltp,ILL/ILLTP-SYJ-cbn,,,SYJ212+1.004.p,classical,auto,1,false,,5,0,3,,unknown,copy_bound,,focus,LL,305,16,0.108,412,233,136,220,0,0,2048,0.000,0.000
lltp,ILL/ILLTP-SYJ-cbn,,,SYJ212+1.003.p,classical,auto,1,false,,5,0,3,,unknown,copy_bound,,focus,LL,141,8,0.054,149,75,49,80,0,0,2048,0.000,0.000
lltp,ILL/ILLTP-SYJ-cbn,,,SYJ212+1.002.p,classical,auto,1,false,,5,0,3,,unknown,copy_bound,,focus,LL,59,4,0.024,37,15,11,10,0,0,2048,0.000,0.000
lltp,ILL/ILLTP-SYJ-cbn,,,SYJ212+1.001.p,classical,auto,1,false,,5,0,3,,proved,,ok,focus,LL,18,2,0.024,30,10,12,20,0,0,2048,0.000,0.000
lltp,ILL/ILLTP-SYJ-cbn,,,SYJ211+1.020.p,classical,auto,1,false,,5,0,3,,unprovable,,,focus,LL,300,2,0.036,69,43,23,66,0,0,2048,0.000,0.000
lltp,ILL/ILLTP-SYJ-cbn,,,SYJ211+1.019.p,classical,auto,1,false,,5,0,3,,unprovable,,,focus,LL,286,2,0.034,66,41,22,63,0,0,2048,0.000,0.000
lltp,ILL/ILLTP-SYJ-cbn,,,SYJ211+1.018.p,classical,auto,1,false,,5,0,3,,unprovable,,,focus,LL,272,2,0.030,63,39,21,60,0,0,2048,0.000,0.000
lltp,ILL/ILLTP-SYJ-cbn,,,SYJ211+1.017.p,classical,auto,1,false,,5,0,3,,unprovable,,,focus,LL,258,2,0.028,60,37,20,57,0,0,2048,0.000,0.000
lltp,ILL/ILLTP-SYJ-cbn,,,SYJ211+1.016.p,classical,auto,1,false,,5,0,3,,unprovable,,,focus,LL,244,2,0.028,57,35,19,54,0,0,2048,0.000,0.000
lltp,ILL/ILLTP-SYJ-cbn,,,SYJ211+1.015.p,classical,auto,1,false,,5,0,3,,unprovable,,,focus,LL,230,2,0.028,54,33,18,51,0,0,2048,0.000,0.000
lltp,ILL/ILLTP-SYJ-cbn,,,SYJ211+1.014.p,classical,auto,1,false,,5,0,3,,unprovable,,,focus,LL,216,2,0.027,51,31,17,48,0,0,2048,0.000,0.000
lltp,ILL/ILLTP-SYJ-cbn,,,SYJ211+1.013.p,classical,auto,1,false,,5,0,3,,unprovable,,,focus,LL,202,2,0.025,48,29,16,45,0,0,2048,0.000,0.000
lltp,ILL/ILLTP-SYJ-cbn,,,SYJ211+1.012.p,classical,auto,1,false,,5,0,3,,unprovable,,,focus,LL,188,2,0.023,45,27,15,42,0,0,2048,0.000,0.000
lltp,ILL/ILLTP-SYJ-cbn,,,SYJ211+1.011.p,classical,auto,1,false,,5,0,3,,unprovable,,,focus,LL,174,2,0.025,42,25,14,39,0,0,2048,0.000,0.000
lltp,ILL/ILLTP-SYJ-cbn,,,SYJ211+1.010.p,classical,auto,1,false,,5,0,3,,unprovable,,,focus,LL,160,2,0.021,39,23,13,36,0,0,2048,0.000,0.000
lltp,ILL/ILLTP-SYJ-cbn,,,SYJ211+1.009.p,classical,auto,1,false,,5,0,3,,unprovable,,,focus,LL,146,2,0.021,36,21,12,33,0,0,2048,0.000,0.000
lltp,ILL/ILLTP-SYJ-cbn,,,SYJ211+1.008.p,classical,auto,1,false,,5,0,3,,unprovable,,,focus,LL,132,2,0.020,33,19,11,30,0,0,2048,0.000,0.000
lltp,ILL/ILLTP-SYJ-cbn,,,SYJ211+1.007.p,classical,auto,1,false,,5,0,3,,unprovable,,,focus,LL,118,2,0.019,30,17,10,27,0,0,2048,0.000,0.000
lltp,ILL/ILLTP-SYJ-cbn,,,SYJ211+1.006.p,classical,auto,1,false,,5,0,3,,unprovable,,,focus,LL,104,2,0.018,27,15,9,24,0,0,2048,0.000,0.000
lltp,ILL/ILLTP-SYJ-cbn,,,SYJ211+1.005.p,classical,auto,1,false,,5,0,3,,unprovable,,,focus,LL,90,2,0.017,24,13,8,21,0,0,2048,0.000,0.000
lltp,ILL/ILLTP-SYJ-cbn,,,SYJ211+1.004.p,classical,auto,1,false,,5,0,3,,unprovable,,,focus,LL,76,2,0.016,21,11,7,18,0,0,2048,0.000,0.000
lltp,ILL/ILLTP-SYJ-cbn,,,SYJ211+1.003.p,classical,auto,1,false,,5,0,3,,unprovable,,,focus,LL,62,2,0.016,18,9,6,15,0,0,2048,0.000,0.000
lltp,ILL/ILLTP-SYJ-cbn,,,SYJ211+1.002.p,classical,auto,1,false,,5,0,3,,unprovable,,,focus,LL,48,2,0.015,15,7,5,12,0,0,2048,0.000,0.000
lltp,ILL/ILLTP-SYJ-cbn,,,SYJ211+1.001.p,classical,auto,1,false,,5,0,3,,unprovable,,,focus,LL,34,2,0.013,12,5,4,9,0,0,2048,0.000,0.000
lltp,ILL/ILLTP-SYJ-cbn,,,SYJ210+1.020.p,classical,auto,1,false,,5,0,3,,unknown,copy_bound,,focus,LL,169,2,0.202,1349,1241,43,1345,0,0,2048,0.000,0.000
lltp,ILL/ILLTP-SYJ-cbn,,,SYJ210+1.019.p,classical,auto,1,false,,5,0,3,,unknown,copy_bound,,focus,LL,161,2,0.158,1225,1122,41,1221,0,0,2048,0.000,0.000
lltp,ILL/ILLTP-SYJ-cbn,,,SYJ210+1.018.p,classical,auto,1,false,,5,0,3,,unknown,copy_bound,,focus,LL,153,2,0.133,1107,1009,39,1103,0,0,2048,0.000,0.000
lltp,ILL/ILLTP-SYJ-cbn,,,SYJ210+1.017.p,classical,auto,1,false,,5,0,3,,unknown,copy_bound,,focus,LL,145,2,0.125,995,902,37,991,0,0,2048,0.000,0.000
lltp,ILL/ILLTP-SYJ-cbn,,,SYJ210+1.016.p,classical,auto,1,false,,5,0,3,,unknown,copy_bound,,focus,LL,137,2,0.120,889,801,35,885,0,0,2048,0.000,0.000
lltp,ILL/ILLTP-SYJ-cbn,,,SYJ210+1.015.p,classical,auto,1,false,,5,0,3,,unknown,copy_bound,,focus,LL,129,2,0.107,789,706,33,785,0,0,2048,0.000,0.000
lltp,ILL/ILLTP-SYJ-cbn,,,SYJ210+1.014.p,classical,auto,1,false,,5,0,3,,unknown,copy_bound,,focus,LL,121,2,0.094,695,617,31,691,0,0,2048,0.000,0.000
lltp,ILL/ILLTP-SYJ-cbn,,,SYJ210+1.013.p,classical,auto,1,false,,5,0,3,,unknown,copy_bound,,focus,LL,113,2,0.085,607,534,29,603,0,0,2048,0.000,0.000
lltp,ILL/ILLTP-SYJ-cbn,,,SYJ210+1.012.p,classical,auto,1,false,,5,0,3,,unknown,copy_bound,,focus,LL,105,2,0.075,525,457,27,521,0,0,2048,0.000,0.000
lltp,ILL/ILLTP-SYJ-cbn,,,SYJ210+1.011.p,classical,auto,1,false,,5,0,3,,unknown,copy_bound,,focus,LL,97,2,0.067,449,386,25,445,0,0,2048,0.000,0.000
lltp,ILL/ILLTP-SYJ-cbn,,,SYJ210+1.010.p,classical,auto,1,false,,5,0,3,,unknown,copy_bound,,focus,LL,89,2,0.060,379,321,23,375,0,0,2048,0.000,0.000
lltp,ILL/ILLTP-SYJ-cbn,,,SYJ210+1.009.p,classical,auto,1,false,,5,0,3,,unknown,copy_bound,,focus,LL,81,2,0.058,315,262,21,311,0,0,2048,0.000,0.000
lltp,ILL/ILLTP-SYJ-cbn,,,SYJ210+1.008.p,classical,auto,1,false,,5,0,3,,unknown,copy_bound,,focus,LL,73,2,0.050,257,209,19,253,0,0,2048,0.000,0.000
lltp,ILL/ILLTP-SYJ-cbn,,,SYJ210+1.007.p,classical,auto,1,false,,5,0,3,,unknown,copy_bound,,focus,LL,65,2,0.044,205,162,17,201,0,0,2048,0.000,0.000
lltp,ILL/ILLTP-SYJ-cbn,,,SYJ210+1.006.p,classical,auto,1,false,,5,0,3,,unknown,copy_bound,,focus,LL,57,2,0.039,159,121,15,155,0,0,2048,0.000,0.000
lltp,ILL/ILLTP-SYJ-cbn,,,SYJ210+1.005.p,classical,auto,1,false,,5,0,3,,unknown,copy_bound,,focus,LL,49,2,0.033,119,86,13,115,0,0,2048,0.000,0.000
lltp,ILL/ILLTP-SYJ-cbn,,,SYJ210+1.004.p,classical,auto,1,false,,5,0,3,,unknown,copy_bound,,focus,LL,41,2,0.028,85,57,11,81,0,0,2048,0.000,0.000
lltp,ILL/ILLTP-SYJ-cbn,,,SYJ210+1.003.p,classical,auto,1,false,,5,0,3,,unknown,copy_bound,,focus,LL,33,2,0.025,57,34,9,53,0,0,2048,0.000,0.000
lltp,ILL/ILLTP-SYJ-cbn,,,SYJ210+1.002.p,classical,auto,1,false,,5,0,3,,unknown,copy_bound,,focus,LL,25,2,0.020,35,17,7,31,0,0,2048,0.000,0.000
lltp,ILL/ILLTP-SYJ-cbn,,,SYJ210+1.001.p,classical,auto,1,false,,5,0,3,,unknown,copy_bound,,focus,LL,17,2,0.019,24,9,6,18,0,0,2048,0.000,0.000
lltp,ILL/ILLTP-SYJ-cbn,,,SYJ209+1.020.p,classical,auto,1,false,,5,0,3,,unknown,copy_bound,,focus,LL,190,20,4.401,16110,3464,6864,843,0,0,2048,0.000,0.020
lltp,ILL/ILLTP-SYJ-cbn,,,SYJ209+1.019.p,classical,auto,1,false,,5,0,3,,unknown,copy_bound,,focus,LL,181,19,3.259,13937,3006,5894,763,0,0,2048,0.000,0.014
lltp,ILL/ILLTP-SYJ-cbn,,,SYJ209+1.018.p,classical,auto,1,false,,5,0,3,,unknown,copy_bound,,focus,LL,172,18,2.792,11968,2590,5020,687,0,0,2048,0.000,0.020
lltp,ILL/ILLTP-SYJ-cbn,,,SYJ209+1.017.p,classical,auto,1,false,,5,0,3,,unknown,copy_bound,,focus,LL,163,17,2.698,10193,2214,4237,615,0,0,2048,0.000,0.002
lltp,ILL/ILLTP-SYJ-cbn,,,SYJ209+1.016.p,classical,auto,1,false,,5,0,3,,unknown,copy_bound,,focus,LL,154,16,2.150,8602,1876,3540,547,0,0,2048,0.000,0.006
lltp,ILL/ILLTP-SYJ-cbn,,,SYJ209+1.015.p,classical,auto,1,false,,5,0,3,,unknown,copy_bound,,focus,LL,145,15,1.518,7185,1574,2924,483,0,0,2048,0.000,0.000
lltp,ILL/ILLTP-SYJ-cbn,,,SYJ209+1.014.p,classical,auto,1,false,,5,0,3,,unknown,copy_bound,,focus,LL,136,14,1.443,5932,1306,2384,423,0,0,2048,0.000,0.000
lltp,ILL/ILLTP-SYJ-cbn,,,SYJ209+1.013.p,classical,auto,1,false,,5,0,3,,unknown,copy_bound,,focus,LL,127,13,1.144,4833,1070,1915,367,0,0,2048,0.000,0.000
lltp,ILL/ILLTP-SYJ-cbn,,,SYJ209+1.012.p,classical,auto,1,false,,5,0,3,,unknown,copy_bound,,focus,LL,118,12,0.833,3878,864,1512,315,0,0,2048,0.000,0.000
lltp,ILL/ILLTP-SYJ-cbn,,,SYJ209+1.011.p,classical,auto,1,false,,5,0,3,,unknown,copy_bound,,focus,LL,109,11,0.699,3057,686,1170,267,0,0,2048,0.000,0.000
lltp,ILL/ILLTP-SYJ-cbn,,,SYJ209+1.010.p,classical,auto,1,false,,5,0,3,,unknown,copy_bound,,focus,LL,100,10,0.546,2360,534,884,223,0,0,2048,0.000,0.000
lltp,ILL/ILLTP-SYJ-cbn,,,SYJ209+1.009.p,classical,auto,1,false,,5,0,3,,unknown,copy_bound,,focus,LL,91,9,0.397,1777,406,649,183,0,0,2048,0.000,0.000
lltp,ILL/ILLTP-SYJ-cbn,,,SYJ209+1.008.p,classical,auto,1,false,,5,0,3,,unknown,copy_bound,,focus,LL,82,8,0.318,1298,300,460,147,0,0,2048,0.000,0.000
lltp,ILL/ILLTP-SYJ-cbn,,,SYJ209+1.007.p,classical,auto,1,false,,5,0,3,,unknown,copy_bound,,focus,LL,73,7,0.212,913,214,312,115,0,0,2048,0.000,0.000
lltp,ILL/ILLTP-SYJ-cbn,,,SYJ209+1.006.p,classical,auto,1,false,,5,0,3,,unknown,copy_bound,,focus,LL,64,6,0.154,612,146,200,87,0,0,2048,0.000,0.000
lltp,ILL/ILLTP-SYJ-cbn,,,SYJ209+1.005.p,classical,auto,1,false,,5,0,3,,unknown,copy_bound,,focus,LL,55,5,0.111,385,94,119,63,0,0,2048,0.000,0.000
lltp,ILL/ILLTP-SYJ-cbn,,,SYJ209+1.004.p,classical,auto,1,false,,5,0,3,,unknown,copy_bound,,focus,LL,46,4,0.071,222,56,64,43,0,0,2048,0.000,0.000
lltp,ILL/ILLTP-SYJ-cbn,,,SYJ209+1.003.p,classical,auto,1,false,,5,0,3,,unknown,copy_bound,,focus,LL,37,3,0.045,113,30,30,27,0,0,2048,0.000,0.000
lltp,ILL/ILLTP-SYJ-cbn,,,SYJ209+1.002.p,classical,auto,1,false,,5,0,3,,unknown,copy_bound,,focus,LL,28,2,0.027,48,14,12,15,0,0,2048,0.000,0.000
lltp,ILL/ILLTP-SYJ-cbn,,,SYJ209+1.001.p,classical,auto,1,false,,5,0,3,,unprovable,,,focus,LL,19,2,0.013,11,3,4,4,0,0,2048,0.000,0.000
lltp,ILL/ILLTP-SYJ-cbn,,,SYJ208+1.020.p,classical,auto,1,false,,5,0,3,,unknown,recursion_limit,,focus,LL,26961,40,55.284,1013,0,506,0,0,0,2048,50.000,0.039
lltp,ILL/ILLTP-SYJ-cbn,,,SYJ208+1.019.p,classical,auto,1,false,,5,0,3,,unknown,recursion_limit,,focus,LL,23257,38,43.137,1013,0,506,0,0,0,2048,40.000,0.023
lltp,ILL/ILLTP-SYJ-cbn,,,SYJ208+1.018.p,classical,auto,1,false,,5,0,3,,unknown,recursion_limit,,focus,LL,19909,36,33.481,1013,0,506,0,0,0,2048,30.000,0.018
lltp,ILL/ILLTP-SYJ-cbn,,,SYJ208+1.017.p,classical,auto,1,false,,5,0,3,,unknown,recursion_limit,,focus,LL,16899,34,26.177,1013,0,506,0,0,0,2048,30.000,0.038
lltp,ILL/ILLTP-SYJ-cbn,,,SYJ208+1.016.p,classical,auto,1,false,,5,0,3,,unknown,recursion_limit,,focus,LL,14209,32,20.383,1015,0,507,0,0,0,2048,20.000,0.020
lltp,ILL/ILLTP-SYJ-cbn,,,SYJ208+1.015.p,classical,auto,1,false,,5,0,3,,unknown,recursion_limit,,focus,LL,11821,30,16.064,1015,0,507,0,0,0,2048,20.000,0.022
lltp,ILL/ILLTP-SYJ-cbn,,,SYJ208+1.014.p,classical,auto,1,false,,5,0,3,,unknown,recursion_limit,,focus,LL,9717,28,12.320,1015,0,507,0,0,0,2048,10.000,0.013
lltp,ILL/ILLTP-SYJ-cbn,,,SYJ208+1.013.p,classical,auto,1,false,,5,0,3,,unknown,recursion_limit,,focus,LL,7879,26,9.430,1015,0,507,0,0,0,2048,0.000,0.010
lltp,ILL/ILLTP-SYJ-cbn,,,SYJ208+1.012.p,classical,auto,1,false,,5,0,3,,unknown,recursion_limit,,focus,LL,6289,24,7.418,1017,0,508,0,0,0,2048,10.000,0.012
lltp,ILL/ILLTP-SYJ-cbn,,,SYJ208+1.011.p,classical,auto,1,false,,5,0,3,,unknown,recursion_limit,,focus,LL,4929,22,5.862,1017,0,508,0,0,0,2048,0.000,0.004
lltp,ILL/ILLTP-SYJ-cbn,,,SYJ208+1.010.p,classical,auto,1,false,,5,0,3,,unknown,recursion_limit,,focus,LL,3781,10,4.796,1017,0,508,0,0,0,2048,0.000,0.013
lltp,ILL/ILLTP-SYJ-cbn,,,SYJ208+1.009.p,classical,auto,1,false,,5,0,3,,unknown,copy_bound,,focus,LL,2827,9,2152.313,2047485,1262287,656791,0,0,0,2048,2130.000,2.556
lltp,ILL/ILLTP-SYJ-cbn,,,SYJ208+1.008.p,classical,auto,1,false,,5,0,3,,unknown,copy_bound,,focus,LL,2049,8,835.497,1079903,658182,347114,0,0,0,2048,820.000,1.362
lltp,ILL/ILLTP-SYJ-cbn,,,SYJ208+1.007.p,classical,auto,1,false,,5,0,3,,unknown,copy_bound,,focus,LL,1429,7,297.364,527428,316980,169867,0,0,0,2048,280.000,0.337
lltp,ILL/ILLTP-SYJ-cbn,,,SYJ208+1.006.p,classical,auto,1,false,,5,0,3,,unknown,copy_bound,,focus,LL,949,6,86.958,233523,137893,75340,0,0,0,2048,80.000,0.088
lltp,ILL/ILLTP-SYJ-cbn,,,SYJ208+1.005.p,classical,auto,1,false,,5,0,3,,unknown,copy_bound,,focus,LL,591,5,26.737,90807,52403,29329,0,0,0,2048,20.000,0.031
lltp,ILL/ILLTP-SYJ-cbn,,,SYJ208+1.004.p,classical,auto,1,false,,5,0,3,,unknown,copy_bound,,focus,LL,337,4,6.629,29478,16481,9520,0,0,0,2048,0.000,0.005
lltp,ILL/ILLTP-SYJ-cbn,,,SYJ208+1.003.p,classical,auto,1,false,,5,0,3,,unknown,copy_bound,,focus,LL,169,3,1.468,7296,3886,2353,0,0,0,2048,0.000,0.000
lltp,ILL/ILLTP-SYJ-cbn,,,SYJ208+1.002.p,classical,auto,1,false,,5,0,3,,unknown,copy_bound,,focus,LL,69,2,0.236,1062,549,298,74,0,0,2048,0.000,0.000
lltp,ILL/ILLTP-SYJ-cbn,,,SYJ208+1.001.p,classical,auto,1,false,,5,0,3,,unknown,copy_bound,,focus,LL,21,1,0.026,54,24,13,34,0,0,2048,0.000,0.000
lltp,ILL/ILLTP-SYJ-cbn,,,SYJ207+1.020.p,classical,auto,1,false,,5,0,3,,unknown,copy_bound,,focus,LL,3730,42,66.619,70981,33243,36046,67680,0,0,2048,60.000,0.086
lltp,ILL/ILLTP-SYJ-cbn,,,SYJ207+1.019.p,classical,auto,1,false,,5,0,3,,unknown,copy_bound,,focus,LL,3392,40,54.764,61201,28579,31090,58216,0,0,2048,40.000,0.079
lltp,ILL/ILLTP-SYJ-cbn,,,SYJ207+1.018.p,classical,auto,1,false,,5,0,3,,unknown,copy_bound,,focus,LL,3070,38,37.985,52365,24375,26610,49680,0,0,2048,30.000,0.040
lltp,ILL/ILLTP-SYJ-cbn,,,SYJ207+1.017.p,classical,auto,1,false,,5,0,3,,unknown,copy_bound,,focus,LL,2764,36,30.956,44425,20607,22582,42024,0,0,2048,20.000,0.054
lltp,ILL/ILLTP-SYJ-cbn,,,SYJ207+1.016.p,classical,auto,1,false,,5,0,3,,unknown,copy_bound,,focus,LL,2474,34,24.797,37333,17251,18982,35200,0,0,2048,20.000,0.030
lltp,ILL/ILLTP-SYJ-cbn,,,SYJ207+1.015.p,classical,auto,1,false,,5,0,3,,unknown,copy_bound,,focus,LL,2200,32,19.863,31041,14283,15786,29160,0,0,2048,10.000,0.035
lltp,ILL/ILLTP-SYJ-cbn,,,SYJ207+1.014.p,classical,auto,1,false,,5,0,3,,unknown,copy_bound,,focus,LL,1942,30,14.796,25501,11679,12970,23856,0,0,2048,10.000,0.024
lltp,ILL/ILLTP-SYJ-cbn,,,SYJ207+1.013.p,classical,auto,1,false,,5,0,3,,unknown,copy_bound,,focus,LL,1700,28,11.528,20665,9415,10510,19240,0,0,2048,10.000,0.010
lltp,ILL/ILLTP-SYJ-cbn,,,SYJ207+1.012.p,classical,auto,1,false,,5,0,3,,unknown,copy_bound,,focus,LL,1474,26,8.847,16485,7467,8382,15264,0,0,2048,0.000,0.013
lltp,ILL/ILLTP-SYJ-cbn,,,SYJ207+1.011.p,classical,auto,1,false,,5,0,3,,unknown,copy_bound,,focus,LL,1264,24,6.327,12913,5811,6562,11880,0,0,2048,0.000,0.005
lltp,ILL/ILLTP-SYJ-cbn,,,SYJ207+1.010.p,classical,auto,1,false,,5,0,3,,unknown,copy_bound,,focus,LL,1070,22,4.772,9901,4423,5026,9040,0,0,2048,0.000,0.008
lltp,ILL/ILLTP-SYJ-cbn,,,SYJ207+1.009.p,classical,auto,1,false,,5,0,3,,unknown,copy_bound,,focus,LL,892,20,2.861,7401,3279,3750,6696,0,0,2048,0.000,0.003
lltp,ILL/ILLTP-SYJ-cbn,,,SYJ207+1.008.p,classical,auto,1,false,,5,0,3,,unknown,copy_bound,,focus,LL,730,18,1.919,5365,2355,2710,4800,0,0,2048,0.000,0.002
lltp,ILL/ILLTP-SYJ-cbn,,,SYJ207+1.007.p,classical,auto,1,false,,5,0,3,,unknown,copy_bound,,focus,LL,584,16,1.300,3745,1627,1882,3304,0,0,2048,0.000,0.000
lltp,ILL/ILLTP-SYJ-cbn,,,SYJ207+1.006.p,classical,auto,1,false,,5,0,3,,unknown,copy_bound,,focus,LL,454,14,0.740,2493,1071,1242,2160,0,0,2048,0.000,0.000
lltp,ILL/ILLTP-SYJ-cbn,,,SYJ207+1.005.p,classical,auto,1,false,,5,0,3,,unknown,copy_bound,,focus,LL,340,12,0.478,1561,663,766,1320,0,0,2048,0.000,0.000
lltp,ILL/ILLTP-SYJ-cbn,,,SYJ207+1.004.p,classical,auto,1,false,,5,0,3,,unknown,copy_bound,,focus,LL,242,10,0.257,901,379,430,736,0,0,2048,0.000,0.000
lltp,ILL/ILLTP-SYJ-cbn,,,SYJ207+1.003.p,classical,auto,1,false,,5,0,3,,unknown,copy_bound,,focus,LL,160,8,0.146,465,195,210,360,0,0,2048,0.000,0.000
lltp,ILL/ILLTP-SYJ-cbn,,,SYJ207+1.002.p,classical,auto,1,false,,5,0,3,,unknown,copy_bound,,focus,LL,94,6,0.074,205,87,82,144,0,0,2048,0.000,0.000
lltp,ILL/ILLTP-SYJ-cbn,,,SYJ207+1.001.p,classical,auto,1,false,,5,0,3,,unknown,copy_bound,,focus,LL,44,4,0.037,72,31,21,40,0,0,2048,0.000,0.000
lltp,ILL/ILLTP-SYJ-cbn,,,SYJ206+1.020.p,classical,auto,1,false,,5,0,,,unknown,killed,,,,,,10592.083,,,,,,,,,
lltp,ILL/ILLTP-SYJ-cbn,,,SYJ206+1.019.p,classical,auto,1,false,,5,0,3,,unknown,timeout,,focus,LL,8388585,524288,5113.998,4352,2170,2172,750,0,0,2048,5100.000,8.806
lltp,ILL/ILLTP-SYJ-cbn,,,SYJ206+1.018.p,classical,auto,1,false,,5,0,3,,unknown,timeout,,focus,LL,4194281,262144,5083.141,12160,8035,4072,2441,0,0,2048,5060.000,7.799
lltp,ILL/ILLTP-SYJ-cbn,,,SYJ206+1.017.p,classical,auto,1,false,,5,0,3,,unknown,timeout,,focus,LL,2097129,131072,5055.492,32512,24405,7909,7221,0,0,2048,5040.000,7.628
lltp,ILL/ILLTP-SYJ-cbn,,,SYJ206+1.016.p,classical,auto,1,false,,5,0,3,,unknown,timeout,,focus,LL,1048553,65536,5050.331,66432,49930,15899,16388,0,0,2048,5030.000,6.585
lltp,ILL/ILLTP-SYJ-cbn,,,SYJ206+1.015.p,classical,auto,1,false,,5,0,3,,unknown,copy_bound,,focus,LL,524265,32768,2673.071,78016,59749,17375,21243,0,0,2048,2670.000,3.472
lltp,ILL/ILLTP-SYJ-cbn,,,SYJ206+1.014.p,classical,auto,1,false,,5,0,3,,unknown,copy_bound,,focus,LL,262121,16384,1000.121,58689,44165,13753,17125,0,0,2048,990.000,1.414
lltp,ILL/ILLTP-SYJ-cbn,,,SYJ206+1.013.p,classical,auto,1,false,,5,0,3,,unknown,copy_bound,,focus,LL,131049,8192,384.955,43204,31868,10677,13575,0,0,2048,380.000,0.379
lltp,ILL/ILLTP-SYJ-cbn,,,SYJ206+1.012.p,classical,auto,1,false,,5,0,3,,unknown,copy_bound,,focus,LL,65513,4096,145.246,31014,22356,8102,10551,0,0,2048,140.000,0.148
lltp,ILL/ILLTP-SYJ-cbn,,,SYJ206+1.011.p,classical,auto,1,false,,5,0,3,,unknown,copy_bound,,focus,LL,32745,2048,49.263,21614,15169,5983,8011,0,0,2048,40.000,0.065
lltp,ILL/ILLTP-SYJ-cbn,,,SYJ206+1.010.p,classical,auto,1,false,,5,0,3,,unknown,copy_bound,,focus,LL,16361,1024,19.213,14541,9889,4275,5913,0,0,2048,10.000,0.026
lltp,ILL/ILLTP-SYJ-cbn,,,SYJ206+1.009.p,classical,auto,1,false,,5,0,3,,unknown,copy_bound,,focus,LL,8169,512,5.900,9374,6140,2933,4215,0,0,2048,0.000,0.005
lltp,ILL/ILLTP-SYJ-cbn,,,SYJ206+1.008.p,classical,auto,1,false,,5,0,3,,unknown,copy_bound,,focus,LL,4073,256,2.472,5734,3588,1912,2875,0,0,2048,0.000,0.014
lltp,ILL/ILLTP-SYJ-cbn,,,SYJ206+1.007.p,classical,auto,1,false,,5,0,3,,unknown,copy_bound,,focus,LL,2025,128,1.057,3284,1941,1167,1851,0,0,2048,0.000,0.002
lltp,ILL/ILLTP-SYJ-cbn,,,SYJ206+1.006.p,classical,auto,1,false,,5,0,3,,unknown,copy_bound,,focus,LL,1001,64,0.468,1729,949,653,1101,0,0,2048,0.000,0.000
lltp,ILL/ILLTP-SYJ-cbn,,,SYJ206+1.005.p,classical,auto,1,false,,5,0,3,,unknown,copy_bound,,focus,LL,489,32,0.204,816,405,323,583,0,0,2048,0.000,0.000
lltp,ILL/ILLTP-SYJ-cbn,,,SYJ206+1.004.p,classical,auto,1,false,,5,0,3,,unknown,copy_bound,,focus,LL,233,16,0.097,330,140,135,251,0,0,2048,0.000,0.000
lltp,ILL/ILLTP-SYJ-cbn,,,SYJ206+1.003.p,classical,auto,1,false,,5,0,3,,proved,,ok,focus,LL,105,8,0.073,196,64,94,124,0,0,2048,0.000,0.000
lltp,ILL/ILLTP-SYJ-cbn,,,SYJ206+1.002.p,classical,auto,1,false,,5,0,3,,proved,,ok,focus,LL,41,4,0.022,25,2,17,12,0,0,2048,0.000,0.000
lltp,ILL/ILLTP-SYJ-cbn,,,SYJ206+1.001.p,classical,auto,1,false,,5,0,3,,proved,,ok,focus,LL,9,2,0.009,3,0,2,0,0,0,2048,0.000,0.000
lltp,ILL/ILLTP-SYJ-cbn,,,SYJ205+1.020.p,classical,auto,1,false,,5,0,3,,unknown,copy_bound,,focus,LL,351,2,2.338,12107,6051,5546,11198,0,0,2048,0.000,0.002
lltp,ILL/ILLTP-SYJ-cbn,,,SYJ205+1.019.p,classical,auto,1,false,,5,0,3,,unknown,copy_bound,,focus,LL,335,2,2.106,10591,5293,4832,9765,0,0,2048,0.000,0.002
lltp,ILL/ILLTP-SYJ-cbn,,,SYJ205+1.018.p,classical,auto,1,false,,5,0,3,,unknown,copy_bound,,focus,LL,319,2,1.902,9207,4601,4182,8460,0,0,2048,0.000,0.002
lltp,ILL/ILLTP-SYJ-cbn,,,SYJ205+1.017.p,classical,auto,1,false,,5,0,3,,unknown,copy_bound,,focus,LL,303,2,1.614,7949,3972,3593,7277,0,0,2048,0.000,0.002
lltp,ILL/ILLTP-SYJ-cbn,,,SYJ205+1.016.p,classical,auto,1,false,,5,0,3,,unknown,copy_bound,,focus,LL,287,2,1.256,6811,3403,3062,6210,0,0,2048,0.000,0.000
lltp,ILL/ILLTP-SYJ-cbn,,,SYJ205+1.015.p,classical,auto,1,false,,5,0,3,,unknown,copy_bound,,focus,LL,271,2,1.109,5787,2891,2586,5253,0,0,2048,0.000,0.000
lltp,ILL/ILLTP-SYJ-cbn,,,SYJ205+1.014.p,classical,auto,1,false,,5,0,3,,unknown,copy_bound,,focus,LL,255,2,0.873,4871,2433,2162,4400,0,0,2048,0.000,0.000
lltp,ILL/ILLTP-SYJ-cbn,,,SYJ205+1.013.p,classical,auto,1,false,,5,0,3,,unknown,copy_bound,,focus,LL,239,2,0.661,4057,2026,1787,3645,0,0,2048,0.000,0.000
lltp,ILL/ILLTP-SYJ-cbn,,,SYJ205+1.012.p,classical,auto,1,false,,5,0,3,,unknown,copy_bound,,focus,LL,223,2,0.587,3339,1667,1458,2982,0,0,2048,0.000,0.000
lltp,ILL/ILLTP-SYJ-cbn,,,SYJ205+1.011.p,classical,auto,1,false,,5,0,3,,unknown,copy_bound,,focus,LL,207,2,0.492,2711,1353,1172,2405,0,0,2048,0.000,0.000
lltp,ILL/ILLTP-SYJ-cbn,,,SYJ205+1.010.p,classical,auto,1,false,,5,0,3,,unknown,copy_bound,,focus,LL,191,2,0.410,2167,1081,926,1908,0,0,2048,0.000,0.000
lltp,ILL/ILLTP-SYJ-cbn,,,SYJ205+1.009.p,classical,auto,1,false,,5,0,3,,unknown,copy_bound,,focus,LL,175,2,0.305,1701,848,717,1485,0,0,2048,0.000,0.000
lltp,ILL/ILLTP-SYJ-cbn,,,SYJ205+1.008.p,classical,auto,1,false,,5,0,3,,unknown,copy_bound,,focus,LL,159,2,0.246,1307,651,542,1130,0,0,2048,0.000,0.000
lltp,ILL/ILLTP-SYJ-cbn,,,SYJ205+1.007.p,classical,auto,1,false,,5,0,3,,unknown,copy_bound,,focus,LL,143,2,0.177,979,487,398,837,0,0,2048,0.000,0.000
lltp,ILL/ILLTP-SYJ-cbn,,,SYJ205+1.006.p,classical,auto,1,false,,5,0,3,,unknown,copy_bound,,focus,LL,127,2,0.187,711,353,282,600,0,0,2048,0.000,0.015
lltp,ILL/ILLTP-SYJ-cbn,,,SYJ205+1.005.p,classical,auto,1,false,,5,0,3,,unknown,copy_bound,,focus,LL,111,2,0.105,497,246,191,413,0,0,2048,0.000,0.000
lltp,ILL/ILLTP-SYJ-cbn,,,SYJ205+1.004.p,classical,auto,1,false,,5,0,3,,unknown,copy_bound,,focus,LL,95,2,0.079,331,163,122,270,0,0,2048,0.000,0.000
lltp,ILL/ILLTP-SYJ-cbn,,,SYJ205+1.003.p,classical,auto,1,false,,5,0,3,,unknown,copy_bound,,focus,LL,79,2,0.057,207,101,72,165,0,0,2048,0.000,0.000
lltp,ILL/ILLTP-SYJ-cbn,,,SYJ205+1.002.p,classical,auto,1,false,,5,0,3,,unknown,copy_bound,,focus,LL,63,2,0.040,119,57,38,92,0,0,2048,0.000,0.000
lltp,ILL/ILLTP-SYJ-cbn,,,SYJ205+1.001.p,classical,auto,1,false,,5,0,3,,unknown,copy_bound,,focus,LL,47,2,0.028,59,26,19,44,0,0,2048,0.000,0.000
lltp,ILL/ILLTP-SYJ-cbn,,,SYJ204+1.020.p,classical,auto,1,false,,5,0,3,,unknown,copy_bound,,focus,MELL,163,2,0.130,829,764,23,825,0,0,2048,0.000,0.000
lltp,ILL/ILLTP-SYJ-cbn,,,SYJ204+1.019.p,classical,auto,1,false,,5,0,3,,unknown,copy_bound,,focus,MELL,155,2,0.100,750,688,22,746,0,0,2048,0.000,0.000
lltp,ILL/ILLTP-SYJ-cbn,,,SYJ204+1.018.p,classical,auto,1,false,,5,0,3,,unknown,copy_bound,,focus,MELL,147,2,0.097,675,616,21,671,0,0,2048,0.000,0.000
lltp,ILL/ILLTP-SYJ-cbn,,,SYJ204+1.017.p,classical,auto,1,false,,5,0,3,,unknown,copy_bound,,focus,MELL,139,2,0.084,604,548,20,600,0,0,2048,0.000,0.000
lltp,ILL/ILLTP-SYJ-cbn,,,SYJ204+1.016.p,classical,auto,1,false,,5,0,3,,unknown,copy_bound,,focus,MELL,131,2,0.079,537,484,19,533,0,0,2048,0.000,0.000
lltp,ILL/ILLTP-SYJ-cbn,,,SYJ204+1.015.p,classical,auto,1,false,,5,0,3,,unknown,copy_bound,,focus,MELL,123,2,0.074,474,424,18,470,0,0,2048,0.000,0.000
lltp,ILL/ILLTP-SYJ-cbn,,,SYJ204+1.014.p,classical,auto,1,false,,5,0,3,,unknown,copy_bound,,focus,MELL,115,2,0.064,415,368,17,411,0,0,2048,0.000,0.000
lltp,ILL/ILLTP-SYJ-cbn,,,SYJ204+1.013.p,classical,auto,1,false,,5,0,3,,unknown,copy_bound,,focus,MELL,107,2,0.068,360,316,16,356,0,0,2048,0.000,0.000
lltp,ILL/ILLTP-SYJ-cbn,,,SYJ204+1.012.p,classical,auto,1,false,,5,0,3,,unknown,copy_bound,,focus,MELL,99,2,0.053,309,268,15,305,0,0,2048,0.000,0.000
lltp,ILL/ILLTP-SYJ-cbn,,,SYJ204+1.011.p,classical,auto,1,false,,5,0,3,,unknown,copy_bound,,focus,MELL,91,2,0.048,262,224,14,258,0,0,2048,0.000,0.000
lltp,ILL/ILLTP-SYJ-cbn,,,SYJ204+1.010.p,classical,auto,1,false,,5,0,3,,unknown,copy_bound,,focus,MELL,83,2,0.048,219,184,13,215,0,0,2048,0.000,0.000
lltp,ILL/ILLTP-SYJ-cbn,,,SYJ204+1.009.p,classical,auto,1,false,,5,0,3,,unknown,copy_bound,,focus,MELL,75,2,0.040,180,148,12,176,0,0,2048,0.000,0.000
lltp,ILL/ILLTP-SYJ-cbn,,,SYJ204+1.008.p,classical,auto,1,false,,5,0,3,,unknown,copy_bound,,focus,MELL,67,2,0.034,145,116,11,141,0,0,2048,0.000,0.000
lltp,ILL/ILLTP-SYJ-cbn,,,SYJ204+1.007.p,classical,auto,1,false,,5,0,3,,unknown,copy_bound,,focus,MELL,59,2,0.032,114,88,10,110,0,0,2048,0.000,0.000
lltp,ILL/ILLTP-SYJ-cbn,,,SYJ204+1.006.p,classical,auto,1,false,,5,0,3,,unknown,copy_bound,,focus,MELL,51,2,0.027,87,64,9,83,0,0,2048,0.000,0.000
lltp,ILL/ILLTP-SYJ-cbn,,,SYJ204+1.005.p,classical,auto,1,false,,5,0,3,,unknown,copy_bound,,focus,MELL,43,2,0.025,64,44,8,60,0,0,2048,0.000,0.000
lltp,ILL/ILLTP-SYJ-cbn,,,SYJ204+1.004.p,classical,auto,1,false,,5,0,3,,unknown,copy_bound,,focus,MELL,35,2,0.023,45,28,7,41,0,0,2048,0.000,0.000
lltp,ILL/ILLTP-SYJ-cbn,,,SYJ204+1.003.p,classical,auto,1,false,,5,0,3,,unknown,copy_bound,,focus,MELL,27,2,0.017,30,16,6,26,0,0,2048,0.000,0.000
lltp,ILL/ILLTP-SYJ-cbn,,,SYJ204+1.002.p,classical,auto,1,false,,5,0,3,,proved,,ok,focus,MELL,19,2,0.018,18,6,6,13,0,0,2048,0.000,0.000
lltp,ILL/ILLTP-SYJ-cbn,,,SYJ204+1.001.p,classical,auto,1,false,,5,0,3,,proved,,ok,focus,MELL,11,2,0.012,7,0,4,3,0,0,2048,0.000,0.000
lltp,ILL/ILLTP-SYJ-cbn,,,SYJ203+1.020.p,classical,auto,1,false,,5,0,3,,unknown,copy_bound,,focus,LL,184,21,4.498,17571,3732,7704,905,0,0,2048,0.000,0.003
lltp,ILL/ILLTP-SYJ-cbn,,,SYJ203+1.019.p,classical,auto,1,false,,5,0,3,,unknown,copy_bound,,focus,LL,175,20,3.564,15268,3251,6654,822,0,0,2048,0.000,0.022
lltp,ILL/ILLTP-SYJ-cbn,,,SYJ203+1.018.p,classical,auto,1,false,,5,0,3,,unknown,copy_bound,,focus,LL,166,19,3.031,13175,2813,5704,743,0,0,2048,0.000,0.022
lltp,ILL/ILLTP-SYJ-cbn,,,SYJ203+1.017.p,classical,auto,1,false,,5,0,3,,unknown,copy_bound,,focus,LL,157,18,2.992,11282,2416,4849,668,0,0,2048,0.000,0.002
lltp,ILL/ILLTP-SYJ-cbn,,,SYJ203+1.016.p,classical,auto,1,false,,5,0,3,,unknown,copy_bound,,focus,LL,148,17,2.257,9579,2058,4084,597,0,0,2048,0.000,0.002
lltp,ILL/ILLTP-SYJ-cbn,,,SYJ203+1.015.p,classical,auto,1,false,,5,0,3,,unknown,copy_bound,,focus,LL,139,16,1.797,8056,1737,3404,530,0,0,2048,0.000,0.002
lltp,ILL/ILLTP-SYJ-cbn,,,SYJ203+1.014.p,classical,auto,1,false,,5,0,3,,unknown,copy_bound,,focus,LL,130,15,1.611,6703,1451,2804,467,0,0,2048,0.000,0.004
lltp,ILL/ILLTP-SYJ-cbn,,,SYJ203+1.013.p,classical,auto,1,false,,5,0,3,,unknown,copy_bound,,focus,LL,121,14,1.203,5510,1198,2279,408,0,0,2048,0.000,0.000
lltp,ILL/ILLTP-SYJ-cbn,,,SYJ203+1.012.p,classical,auto,1,false,,5,0,3,,unknown,copy_bound,,focus,LL,112,13,1.064,4467,976,1824,353,0,0,2048,0.000,0.000
lltp,ILL/ILLTP-SYJ-cbn,,,SYJ203+1.011.p,classical,auto,1,false,,5,0,3,,unknown,copy_bound,,focus,LL,103,12,0.820,3564,783,1434,302,0,0,2048,0.000,0.008
lltp,ILL/ILLTP-SYJ-cbn,,,SYJ203+1.010.p,classical,auto,1,false,,5,0,3,,unknown,copy_bound,,focus,LL,94,11,0.650,2791,617,1104,255,0,0,2048,0.000,0.000
lltp,ILL/ILLTP-SYJ-cbn,,,SYJ203+1.009.p,classical,auto,1,false,,5,0,3,,unknown,copy_bound,,focus,LL,85,10,0.479,2138,476,829,212,0,0,2048,0.000,0.000
lltp,ILL/ILLTP-SYJ-cbn,,,SYJ203+1.008.p,classical,auto,1,false,,5,0,3,,unknown,copy_bound,,focus,LL,76,9,0.365,1595,358,604,173,0,0,2048,0.000,0.000
lltp,ILL/ILLTP-SYJ-cbn,,,SYJ203+1.007.p,classical,auto,1,false,,5,0,3,,unknown,copy_bound,,focus,LL,67,8,0.271,1152,261,424,138,0,0,2048,0.000,0.000
lltp,ILL/ILLTP-SYJ-cbn,,,SYJ203+1.006.p,classical,auto,1,false,,5,0,3,,unknown,copy_bound,,focus,LL,58,7,0.194,799,183,284,107,0,0,2048,0.000,0.000
lltp,ILL/ILLTP-SYJ-cbn,,,SYJ203+1.005.p,classical,auto,1,false,,5,0,3,,unknown,copy_bound,,focus,LL,49,6,0.138,526,122,179,80,0,0,2048,0.000,0.000
lltp,ILL/ILLTP-SYJ-cbn,,,SYJ203+1.004.p,classical,auto,1,false,,5,0,3,,unknown,copy_bound,,focus,LL,40,5,0.097,323,76,104,57,0,0,2048,0.000,0.000
lltp,ILL/ILLTP-SYJ-cbn,,,SYJ203+1.003.p,classical,auto,1,false,,5,0,3,,unknown,copy_bound,,focus,LL,31,4,0.060,180,43,54,38,0,0,2048,0.000,0.000
lltp,ILL/ILLTP-SYJ-cbn,,,SYJ203+1.002.p,classical,auto,1,false,,5,0,3,,unknown,copy_bound,,focus,LL,22,3,0.038,87,21,24,23,0,0,2048,0.000,0.000
lltp,ILL/ILLTP-SYJ-cbn,,,SYJ203+1.001.p,classical,auto,1,false,,5,0,3,,proved,,ok,focus,LL,13,2,0.021,22,4,7,8,0,0,2048,0.000,0.000
lltp,ILL/ILLTP-SYJ-cbn,,,SYJ202+1.020.p,classical,auto,1,false,,5,0,3,,unknown,recursion_limit,,focus,LL,26835,40,54.868,1013,0,506,0,0,0,2048,50.000,0.029
lltp,ILL/ILLTP-SYJ-cbn,,,SYJ202+1.019.p,classical,auto,1,false,,5,0,3,,unknown,recursion_limit,,focus,LL,23137,38,43.267,1013,0,506,0,0,0,2048,40.000,0.022
lltp,ILL/ILLTP-SYJ-cbn,,,SYJ202+1.018.p,classical,auto,1,false,,5,0,3,,unknown,recursion_limit,,focus,LL,19795,36,33.722,1013,0,506,0,0,0,2048,40.000,0.029
lltp,ILL/ILLTP-SYJ-cbn,,,SYJ202+1.017.p,classical,auto,1,false,,5,0,3,,unknown,recursion_limit,,focus,LL,16791,34,26.054,1013,0,506,0,0,0,2048,20.000,0.015
lltp,ILL/ILLTP-SYJ-cbn,,,SYJ202+1.016.p,classical,auto,1,false,,5,0,3,,unknown,recursion_limit,,focus,LL,14107,32,20.765,1015,0,507,0,0,0,2048,20.000,0.021
lltp,ILL/ILLTP-SYJ-cbn,,,SYJ202+1.015.p,classical,auto,1,false,,5,0,3,,unknown,recursion_limit,,focus,LL,11725,30,15.884,1015,0,507,0,0,0,2048,20.000,0.024
lltp,ILL/ILLTP-SYJ-cbn,,,SYJ202+1.014.p,classical,auto,1,false,,5,0,3,,unknown,recursion_limit,,focus,LL,9627,28,12.393,1015,0,507,0,0,0,2048,10.000,0.076
lltp,ILL/ILLTP-SYJ-cbn,,,SYJ202+1.013.p,classical,auto,1,false,,5,0,3,,unknown,recursion_limit,,focus,LL,7795,26,9.233,1015,0,507,0,0,0,2048,10.000,0.012
lltp,ILL/ILLTP-SYJ-cbn,,,SYJ202+1.012.p,classical,auto,1,false,,5,0,3,,unknown,recursion_limit,,focus,LL,6211,24,7.280,1017,0,508,0,0,0,2048,10.000,0.005
lltp,ILL/ILLTP-SYJ-cbn,,,SYJ202+1.011.p,classical,auto,1,false,,5,0,3,,unknown,recursion_limit,,focus,LL,4857,22,6.295,1017,0,508,0,0,0,2048,0.000,0.010
lltp,ILL/ILLTP-SYJ-cbn,,,SYJ202+1.010.p,classical,auto,1,false,,5,0,3,,unknown,recursion_limit,,focus,LL,3715,10,4.653,1017,0,508,0,0,0,2048,0.000,0.003
lltp,ILL/ILLTP-SYJ-cbn,,,SYJ202+1.009.p,classical,auto,1,false,,5,0,3,,unknown,copy_bound,,focus,LL,2767,9,2098.759,2047485,1262287,656791,0,0,0,2048,2090.000,2.614
lltp,ILL/ILLTP-SYJ-cbn,,,SYJ202+1.008.p,classical,auto,1,false,,5,0,3,,unknown,copy_bound,,focus,LL,1995,8,803.679,1079903,658182,347114,0,0,0,2048,790.000,1.303
lltp,ILL/ILLTP-SYJ-cbn,,,SYJ202+1.007.p,classical,auto,1,false,,5,0,3,,unknown,copy_bound,,focus,LL,1381,7,299.476,527428,316980,169867,0,0,0,2048,290.000,0.345
lltp,ILL/ILLTP-SYJ-cbn,,,SYJ202+1.006.p,classical,auto,1,false,,5,0,3,,unknown,copy_bound,,focus,LL,907,6,84.835,233523,137893,75340,0,0,0,2048,70.000,0.096
lltp,ILL/ILLTP-SYJ-cbn,,,SYJ202+1.005.p,classical,auto,1,false,,5,0,3,,unknown,copy_bound,,focus,LL,555,5,26.223,90807,52403,29329,0,0,0,2048,20.000,0.035
lltp,ILL/ILLTP-SYJ-cbn,,,SYJ202+1.004.p,classical,auto,1,false,,5,0,3,,unknown,copy_bound,,focus,LL,307,4,6.513,29478,16481,9520,0,0,0,2048,0.000,0.005
lltp,ILL/ILLTP-SYJ-cbn,,,SYJ202+1.003.p,classical,auto,1,false,,5,0,3,,unknown,copy_bound,,focus,LL,145,3,1.482,7296,3886,2353,0,0,0,2048,0.000,0.000
lltp,ILL/ILLTP-SYJ-cbn,,,SYJ202+1.002.p,classical,auto,1,false,,5,0,3,,unknown,copy_bound,,focus,LL,51,2,0.221,988,472,303,0,0,0,2048,0.000,0.000
lltp,ILL/ILLTP-SYJ-cbn,,,SYJ202+1.001.p,classical,auto,1,false,,5,0,3,,proved,,ok,focus,LL,9,1,0.010,5,0,3,0,0,0,2048,0.000,0.000
lltp,ILL/ILLTP-SYJ-cbn,,,SYJ201+1.020.p,classical,auto,1,false,,5,0,3,,unknown,copy_bound,,focus,LL,3894,43,73.373,75855,35383,38706,72406,0,0,2048,70.000,0.103
lltp,ILL/ILLTP-SYJ-cbn,,,SYJ201+1.019.p,classical,auto,1,false,,5,0,3,,unknown,copy_bound,,focus,LL,3548,41,60.817,65603,30498,33503,62478,0,0,2048,50.000,0.535
lltp,ILL/ILLTP-SYJ-cbn,,,SYJ201+1.018.p,classical,auto,1,false,,5,0,3,,unknown,copy_bound,,focus,LL,3218,39,48.676,56319,26085,28788,53502,0,0,2048,40.000,0.066
lltp,ILL/ILLTP-SYJ-cbn,,,SYJ201+1.017.p,classical,auto,1,false,,5,0,3,,unknown,copy_bound,,focus,LL,2904,37,34.327,47955,22120,24537,45430,0,0,2048,20.000,0.048
lltp,ILL/ILLTP-SYJ-cbn,,,SYJ201+1.016.p,classical,auto,1,false,,5,0,3,,unknown,copy_bound,,focus,LL,2606,35,27.370,40463,18579,20726,38214,0,0,2048,20.000,0.034
lltp,ILL/ILLTP-SYJ-cbn,,,SYJ201+1.015.p,classical,auto,1,false,,5,0,3,,unknown,copy_bound,,focus,LL,2324,33,21.876,33795,15438,17331,31806,0,0,2048,20.000,0.039
lltp,ILL/ILLTP-SYJ-cbn,,,SYJ201+1.014.p,classical,auto,1,false,,5,0,3,,unknown,copy_bound,,focus,LL,2058,31,16.304,27903,12673,14328,26158,0,0,2048,10.000,0.031
lltp,ILL/ILLTP-SYJ-cbn,,,SYJ201+1.013.p,classical,auto,1,false,,5,0,3,,unknown,copy_bound,,focus,LL,1808,29,13.024,22739,10260,11693,21222,0,0,2048,10.000,0.010
lltp,ILL/ILLTP-SYJ-cbn,,,SYJ201+1.012.p,classical,auto,1,false,,5,0,3,,unknown,copy_bound,,focus,LL,1574,27,10.038,18255,8175,9402,16950,0,0,2048,10.000,0.008
lltp,ILL/ILLTP-SYJ-cbn,,,SYJ201+1.011.p,classical,auto,1,false,,5,0,3,,unknown,copy_bound,,focus,LL,1356,25,7.796,14403,6394,7431,13294,0,0,2048,0.000,0.007
lltp,ILL/ILLTP-SYJ-cbn,,,SYJ201+1.010.p,classical,auto,1,false,,5,0,3,,unknown,copy_bound,,focus,LL,1154,23,5.427,11135,4893,5756,10206,0,0,2048,0.000,0.011
lltp,ILL/ILLTP-SYJ-cbn,,,SYJ201+1.009.p,classical,auto,1,false,,5,0,3,,unknown,copy_bound,,focus,LL,968,21,3.897,8403,3648,4353,7638,0,0,2048,0.000,0.004
lltp,ILL/ILLTP-SYJ-cbn,,,SYJ201+1.008.p,classical,auto,1,false,,5,0,3,,unknown,copy_bound,,focus,LL,798,19,2.216,6159,2635,3198,5542,0,0,2048,0.000,0.002
lltp,ILL/ILLTP-SYJ-cbn,,,SYJ201+1.007.p,classical,auto,1,false,,5,0,3,,unknown,copy_bound,,focus,LL,644,17,1.573,4355,1830,2267,3870,0,0,2048,0.000,0.002
lltp,ILL/ILLTP-SYJ-cbn,,,SYJ201+1.006.p,classical,auto,1,false,,5,0,3,,unknown,copy_bound,,focus,LL,506,15,0.928,2943,1209,1536,2574,0,0,2048,0.000,0.000
lltp,ILL/ILLTP-SYJ-cbn,,,SYJ201+1.005.p,classical,auto,1,false,,5,0,3,,unknown,copy_bound,,focus,LL,384,13,0.603,1875,748,981,1606,0,0,2048,0.000,0.000
lltp,ILL/ILLTP-SYJ-cbn,,,SYJ201+1.004.p,classical,auto,1,false,,5,0,3,,unknown,copy_bound,,focus,LL,278,11,0.354,1103,423,578,918,0,0,2048,0.000,0.000
lltp,ILL/ILLTP-SYJ-cbn,,,SYJ201+1.003.p,classical,auto,1,false,,5,0,3,,unknown,copy_bound,,focus,LL,188,9,0.185,579,210,303,462,0,0,2048,0.000,0.000
lltp,ILL/ILLTP-SYJ-cbn,,,SYJ201+1.002.p,classical,auto,1,false,,5,0,3,,unknown,copy_bound,,focus,LL,114,7,0.096,255,85,132,190,0,0,2048,0.000,0.000
lltp,ILL/ILLTP-SYJ-cbn,,,SYJ201+1.001.p,classical,auto,1,false,,5,0,3,,unknown,copy_bound,,focus,LL,56,5,0.042,83,24,41,54,0,0,2048,0.000,0.000
lltp,ILL/ILLTP-SYJ-cbn,,,SYJ107+1.004.p,classical,auto,1,false,,5,0,3,,unknown,copy_bound,,focus,LL,76,2,0.128,568,385,87,282,0,0,2048,0.000,0.000
lltp,ILL/ILLTP-SYJ-cbn,,,SYJ107+1.003.p,classical,auto,1,false,,5,0,3,,unknown,copy_bound,,focus,LL,57,2,0.086,364,223,67,144,0,0,2048,0.000,0.000
lltp,ILL/ILLTP-SYJ-cbn,,,SYJ107+1.002.p,classical,auto,1,false,,5,0,3,,unknown,copy_bound,,focus,LL,38,2,0.061,204,105,47,50,0,0,2048,0.000,0.000
lltp,ILL/ILLTP-SYJ-cbn,,,SYJ107+1.001.p,classical,auto,1,false,,5,0,3,,proved,,ok,focus,LL,19,2,0.046,97,31,37,0,0,0,2048,0.000,0.000
lltp,ILL/ILLTP-SYJ-cbn,,,SYJ106+1.p,classical,auto,1,false,,5,0,3,,unknown,copy_bound,,focus,LL,38,2,0.033,41,10,19,30,0,0,2048,0.000,0.000
lltp,ILL/ILLTP-SYJ-cbn,,,SYJ105+1.004.p,classical,auto,1,false,,5,0,3,,unknown,copy_bound,,focus,LL,32,2,0.025,34,10,9,12,0,0,2048,0.000,0.000
lltp,ILL/ILLTP-SYJ-cbn,,,SYJ105+1.003.p,classical,auto,1,false,,5,0,3,,unknown,copy_bound,,focus,LL,23,2,0.024,34,10,9,12,0,0,2048,0.000,0.000
lltp,ILL/ILLTP-SYJ-cbn,,,SYJ105+1.002.p,classical,auto,1,false,,5,0,3,,proved,,ok,focus,LL,14,1,0.019,22,4,7,8,0,0,2048,0.000,0.000
lltp,ILL/ILLTP-SYJ-cbn,,,SYJ104+1.p,classical,auto,1,false,,5,0,3,,proved,,ok,focus,MELL,9,1,0.012,7,0,4,2,0,0,2048,0.000,0.000
lltp,ILL/ILLTP-SYJ-cbn,,,SYJ103+1.p,classical,auto,1,false,,5,0,3,,unknown,copy_bound,,focus,LL,23,2,0.033,68,27,19,18,0,0,2048,0.000,0.000
lltp,ILL/ILLTP-SYJ-cbn,,,SYJ102+1.p,classical,auto,1,false,,5,0,3,,proved,,ok,focus,LL,9,1,0.011,8,1,3,3,0,0,2048,0.000,0.000
lltp,ILL/ILLTP-SYJ-cbn,,,SYJ101+1.p,classical,auto,1,false,,5,0,3,,proved,,ok,focus,MELL,3,1,0.007,2,0,1,0,0,0,2048,0.000,0.000
lltp,ILL/ILLTP-SYJ-01,,,SYJ212+1.020.p,classical,auto,1,false,,5,0,,,unknown,killed,,,,,,10551.908,,,,,,,,,
lltp,ILL/ILLTP-SYJ-01,,,SYJ212+1.019.p,classical,auto,1,false,,5,0,,,unknown,killed,,,,,,10579.893,,,,,,,,,
lltp,ILL/ILLTP-SYJ-01,,,SYJ212+1.018.p,classical,auto,1,false,,5,0,3,,unknown,timeout,,focus,LL,7602142,262144,5123.395,3520,1474,1795,22,0,0,2048,5090.000,10.866
lltp,ILL/ILLTP-SYJ-01,,,SYJ212+1.017.p,classical,auto,1,false,,5,0,3,,unknown,timeout,,focus,LL,3801054,131072,5109.512,8704,3953,4082,141,0,0,2048,5080.000,7.670
lltp,ILL/ILLTP-SYJ-01,,,SYJ212+1.016.p,classical,auto,1,false,,5,0,3,,unknown,timeout,,focus,LL,1900510,65536,5066.532,22016,11234,9207,469,0,0,2048,5050.000,6.117
lltp,ILL/ILLTP-SYJ-01,,,SYJ212+1.015.p,classical,auto,1,false,,5,0,3,,unknown,copy_bound,,focus,LL,950238,32768,2648.552,25119,12734,10236,818,0,0,2048,2630.000,3.529
lltp,ILL/ILLTP-SYJ-01,,,SYJ212+1.014.p,classical,auto,1,false,,5,0,3,,unknown,copy_bound,,focus,LL,475102,16384,1071.590,20044,10044,8179,721,0,0,2048,1070.000,1.013
lltp,ILL/ILLTP-SYJ-01,,,SYJ212+1.013.p,classical,auto,1,false,,5,0,3,,unknown,copy_bound,,focus,LL,237534,8192,402.807,15788,7816,6444,630,0,0,2048,400.000,0.410
lltp,ILL/ILLTP-SYJ-01,,,SYJ212+1.012.p,classical,auto,1,false,,5,0,3,,unknown,copy_bound,,focus,LL,118750,4096,160.504,12256,5992,4996,545,0,0,2048,150.000,0.926
lltp,ILL/ILLTP-SYJ-01,,,SYJ212+1.011.p,classical,auto,1,false,,5,0,3,,unknown,copy_bound,,focus,LL,59358,2048,63.497,9359,4518,3802,466,0,0,2048,60.000,0.064
lltp,ILL/ILLTP-SYJ-01,,,SYJ212+1.010.p,classical,auto,1,false,,5,0,3,,unknown,copy_bound,,focus,LL,29662,1024,22.833,7014,3344,2831,393,0,0,2048,10.000,0.017
lltp,ILL/ILLTP-SYJ-01,,,SYJ212+1.009.p,classical,auto,1,false,,5,0,3,,unknown,copy_bound,,focus,LL,14814,512,8.896,5144,2424,2054,326,0,0,2048,10.000,0.029
lltp,ILL/ILLTP-SYJ-01,,,SYJ212+1.008.p,classical,auto,1,false,,5,0,3,,unknown,copy_bound,,focus,LL,7390,256,3.198,3678,1716,1444,265,0,0,2048,0.000,0.003
lltp,ILL/ILLTP-SYJ-01,,,SYJ212+1.007.p,classical,auto,1,false,,5,0,3,,unknown,copy_bound,,focus,LL,3678,128,1.447,2551,1182,976,210,0,0,2048,0.000,0.002
lltp,ILL/ILLTP-SYJ-01,,,SYJ212+1.006.p,classical,auto,1,false,,5,0,3,,unknown,copy_bound,,focus,LL,1822,64,0.764,1704,788,627,161,0,0,2048,0.000,0.011
lltp,ILL/ILLTP-SYJ-01,,,SYJ212+1.005.p,classical,auto,1,false,,5,0,3,,unknown,copy_bound,,focus,LL,894,32,0.342,1084,504,376,118,0,0,2048,0.000,0.000
lltp,ILL/ILLTP-SYJ-01,,,SYJ212+1.004.p,classical,auto,1,false,,5,0,3,,unknown,copy_bound,,focus,LL,430,16,0.175,645,304,205,82,0,0,2048,0.000,0.000
lltp,ILL/ILLTP-SYJ-01,,,SYJ212+1.003.p,classical,auto,1,false,,5,0,3,,unknown,copy_bound,,focus,LL,198,8,0.094,328,161,89,51,0,0,2048,0.000,0.000
lltp,ILL/ILLTP-SYJ-01,,,SYJ212+1.002.p,classical,auto,1,false,,5,0,3,,unknown,copy_bound,,focus,LL,82,4,0.058,139,38,45,45,0,0,2048,0.000,0.000
lltp,ILL/ILLTP-SYJ-01,,,SYJ212+1.001.p,classical,auto,1,false,,5,0,3,,unknown,copy_bound,,focus,LL,25,2,0.025,44,17,12,9,0,0,2048,0.000,0.000
lltp,ILL/ILLTP-SYJ-01,,,SYJ211+1.020.p,classical,auto,1,false,,5,0,3,,unknown,copy_bound,,focus,LL,385,2,0.132,1101,1010,44,1034,0,0,2048,0.000,0.000
lltp,ILL/ILLTP-SYJ-01,,,SYJ211+1.019.p,classical,auto,1,false,,5,0,3,,unknown,copy_bound,,focus,LL,367,2,0.128,1009,922,42,945,0,0,2048,0.000,0.000
lltp,ILL/ILLTP-SYJ-01,,,SYJ211+1.018.p,classical,auto,1,false,,5,0,3,,unknown,copy_bound,,focus,LL,349,2,0.113,921,838,40,860,0,0,2048,0.000,0.000
lltp,ILL/ILLTP-SYJ-01,,,SYJ211+1.017.p,classical,auto,1,false,,5,0,3,,unknown,copy_bound,,focus,LL,331,2,0.106,837,758,38,779,0,0,2048,0.000,0.000
lltp,ILL/ILLTP-SYJ-01,,,SYJ211+1.016.p,classical,auto,1,false,,5,0,3,,unknown,copy_bound,,focus,LL,313,2,0.099,757,682,36,702,0,0,2048,0.000,0.000
lltp,ILL/ILLTP-SYJ-01,,,SYJ211+1.015.p,classical,auto,1,false,,5,0,3,,unknown,copy_bound,,focus,LL,295,2,0.088,681,610,34,629,0,0,2048,0.000,0.000
lltp,ILL/ILLTP-SYJ-01,,,SYJ211+1.014.p,classical,auto,1,false,,5,0,3,,unknown,copy_bound,,focus,LL,277,2,0.099,609,542,32,560,0,0,2048,0.000,0.000
lltp,ILL/ILLTP-SYJ-01,,,SYJ211+1.013.p,classical,auto,1,false,,5,0,3,,unknown,copy_bound,,focus,LL,259,2,0.074,541,478,30,495,0,0,2048,0.000,0.000
lltp,ILL/ILLTP-SYJ-01,,,SYJ211+1.012.p,classical,auto,1,false,,5,0,3,,unknown,copy_bound,,focus,LL,241,2,0.064,477,418,28,434,0,0,2048,0.000,0.000
lltp,ILL/ILLTP-SYJ-01,,,SYJ211+1.011.p,classical,auto,1,false,,5,0,3,,unknown,copy_bound,,focus,LL,223,2,0.058,417,362,26,377,0,0,2048,0.000,0.000
lltp,ILL/ILLTP-SYJ-01,,,SYJ211+1.010.p,classical,auto,1,false,,5,0,3,,unknown,copy_bound,,focus,LL,205,2,0.055,361,310,24,324,0,0,2048,0.000,0.000
lltp,ILL/ILLTP-SYJ-01,,,SYJ211+1.009.p,classical,auto,1,false,,5,0,3,,unknown,copy_bound,,focus,LL,187,2,0.053,309,262,22,275,0,0,2048,0.000,0.000
lltp,ILL/ILLTP-SYJ-01,,,SYJ211+1.008.p,classical,auto,1,false,,5,0,3,,unknown,copy_bound,,focus,LL,169,2,0.044,261,218,20,230,0,0,2048,0.000,0.000
lltp,ILL/ILLTP-SYJ-01,,,SYJ211+1.007.p,classical,auto,1,false,,5,0,3,,unknown,copy_bound,,focus,LL,151,2,0.039,217,178,18,189,0,0,2048,0.000,0.000
lltp,ILL/ILLTP-SYJ-01,,,SYJ211+1.006.p,classical,auto,1,false,,5,0,3,,unknown,copy_bound,,focus,LL,133,2,0.036,177,142,16,152,0,0,2048,0.000,0.000
lltp,ILL/ILLTP-SYJ-01,,,SYJ211+1.005.p,classical,auto,1,false,,5,0,3,,unknown,copy_bound,,focus,LL,115,2,0.031,141,110,14,119,0,0,2048,0.000,0.000
lltp,ILL/ILLTP-SYJ-01,,,SYJ211+1.004.p,classical,auto,1,false,,5,0,3,,unknown,copy_bound,,focus,LL,97,2,0.026,109,82,12,90,0,0,2048,0.000,0.000
lltp,ILL/ILLTP-SYJ-01,,,SYJ211+1.003.p,classical,auto,1,false,,5,0,3,,unknown,copy_bound,,focus,LL,79,2,0.023,81,58,10,65,0,0,2048,0.000,0.000
lltp,ILL/ILLTP-SYJ-01,,,SYJ211+1.002.p,classical,auto,1,false,,5,0,3,,unknown,copy_bound,,focus,LL,61,2,0.020,57,38,8,44,0,0,2048,0.000,0.000
lltp,ILL/ILLTP-SYJ-01,,,SYJ211+1.001.p,classical,auto,1,false,,5,0,3,,unknown,copy_bound,,focus,LL,43,2,0.019,37,22,6,27,0,0,2048,0.000,0.000
lltp,ILL/ILLTP-SYJ-01,,,SYJ210+1.020.p,classical,auto,1,false,,5,0,3,,unknown,copy_bound,,focus,LL,211,2,0.206,1459,1303,65,1429,0,0,2048,0.000,0.000
lltp,ILL/ILLTP-SYJ-01,,,SYJ210+1.019.p,classical,auto,1,false,,5,0,3,,unknown,copy_bound,,focus,LL,201,2,0.169,1330,1181,62,1301,0,0,2048,0.000,0.000
lltp,ILL/ILLTP-SYJ-01,,,SYJ210+1.018.p,classical,auto,1,false,,5,0,3,,unknown,copy_bound,,focus,LL,191,2,0.167,1207,1065,59,1179,0,0,2048,0.000,0.000
lltp,ILL/ILLTP-SYJ-01,,,SYJ210+1.017.p,classical,auto,1,false,,5,0,3,,unknown,copy_bound,,focus,LL,181,2,0.142,1090,955,56,1063,0,0,2048,0.000,0.000
lltp,ILL/ILLTP-SYJ-01,,,SYJ210+1.016.p,classical,auto,1,false,,5,0,3,,unknown,copy_bound,,focus,LL,171,2,0.132,979,851,53,953,0,0,2048,0.000,0.000
lltp,ILL/ILLTP-SYJ-01,,,SYJ210+1.015.p,classical,auto,1,false,,5,0,3,,unknown,copy_bound,,focus,LL,161,2,0.116,874,753,50,849,0,0,2048,0.000,0.000
lltp,ILL/ILLTP-SYJ-01,,,SYJ210+1.014.p,classical,auto,1,false,,5,0,3,,unknown,copy_bound,,focus,LL,151,2,0.115,775,661,47,751,0,0,2048,0.000,0.000
lltp,ILL/ILLTP-SYJ-01,,,SYJ210+1.013.p,classical,auto,1,false,,5,0,3,,unknown,copy_bound,,focus,LL,141,2,0.104,682,575,44,659,0,0,2048,0.000,0.000
lltp,ILL/ILLTP-SYJ-01,,,SYJ210+1.012.p,classical,auto,1,false,,5,0,3,,unknown,copy_bound,,focus,LL,131,2,0.094,595,495,41,573,0,0,2048,0.000,0.000
lltp,ILL/ILLTP-SYJ-01,,,SYJ210+1.011.p,classical,auto,1,false,,5,0,3,,unknown,copy_bound,,focus,LL,121,2,0.088,514,421,38,493,0,0,2048,0.000,0.000
lltp,ILL/ILLTP-SYJ-01,,,SYJ210+1.010.p,classical,auto,1,false,,5,0,3,,unknown,copy_bound,,focus,LL,111,2,0.075,439,353,35,419,0,0,2048,0.000,0.000
lltp,ILL/ILLTP-SYJ-01,,,SYJ210+1.009.p,classical,auto,1,false,,5,0,3,,unknown,copy_bound,,focus,LL,101,2,0.069,370,291,32,351,0,0,2048,0.000,0.000
lltp,ILL/ILLTP-SYJ-01,,,SYJ210+1.008.p,classical,auto,1,false,,5,0,3,,unknown,copy_bound,,focus,LL,91,2,0.061,307,235,29,289,0,0,2048,0.000,0.000
lltp,ILL/ILLTP-SYJ-01,,,SYJ210+1.007.p,classical,auto,1,false,,5,0,3,,unknown,copy_bound,,focus,LL,81,2,0.055,250,185,26,233,0,0,2048,0.000,0.000
lltp,ILL/ILLTP-SYJ-01,,,SYJ210+1.006.p,classical,auto,1,false,,5,0,3,,unknown,copy_bound,,focus,LL,71,2,0.050,199,141,23,183,0,0,2048,0.000,0.000
lltp,ILL/ILLTP-SYJ-01,,,SYJ210+1.005.p,classical,auto,1,false,,5,0,3,,unknown,copy_bound,,focus,LL,61,2,0.044,154,103,20,139,0,0,2048,0.000,0.000
lltp,ILL/ILLTP-SYJ-01,,,SYJ210+1.004.p,classical,auto,1,false,,5,0,3,,unknown,copy_bound,,focus,LL,51,2,0.038,115,71,17,101,0,0,2048,0.000,0.000
lltp,ILL/ILLTP-SYJ-01,,,SYJ210+1.003.p,classical,auto,1,false,,5,0,3,,unknown,copy_bound,,focus,LL,41,2,0.034,82,45,14,69,0,0,2048,0.000,0.000
lltp,ILL/ILLTP-SYJ-01,,,SYJ210+1.002.p,classical,auto,1,false,,5,0,3,,unknown,copy_bound,,focus,LL,31,2,0.029,55,25,11,43,0,0,2048,0.000,0.000
lltp,ILL/ILLTP-SYJ-01,,,SYJ210+1.001.p,classical,auto,1,false,,5,0,3,,unknown,copy_bound,,focus,LL,21,2,0.023,34,11,8,23,0,0,2048,0.000,0.000
lltp,ILL/ILLTP-SYJ-01,,,SYJ209+1.020.p,classical,auto,1,false,,5,0,3,,unknown,copy_bound,,focus,LL,232,20,5.656,21592,3506,12737,1284,0,0,2048,0.000,0.009
lltp,ILL/ILLTP-SYJ-01,,,SYJ209+1.019.p,classical,auto,1,false,,5,0,3,,unknown,copy_bound,,focus,LL,221,19,4.834,18708,3046,10951,1163,0,0,2048,0.000,0.004
lltp,ILL/ILLTP-SYJ-01,,,SYJ209+1.018.p,classical,auto,1,false,,5,0,3,,unknown,copy_bound,,focus,LL,210,18,4.212,16092,2628,9340,1048,0,0,2048,0.000,0.022
lltp,ILL/ILLTP-SYJ-01,,,SYJ209+1.017.p,classical,auto,1,false,,5,0,3,,unknown,copy_bound,,focus,LL,199,17,3.625,13731,2250,7895,939,0,0,2048,0.000,0.008
lltp,ILL/ILLTP-SYJ-01,,,SYJ209+1.016.p,classical,auto,1,false,,5,0,3,,unknown,copy_bound,,focus,LL,188,16,2.778,11612,1910,6607,836,0,0,2048,0.000,0.006
lltp,ILL/ILLTP-SYJ-01,,,SYJ209+1.015.p,classical,auto,1,false,,5,0,3,,unknown,copy_bound,,focus,LL,177,15,2.638,9722,1606,5467,739,0,0,2048,0.000,0.002
lltp,ILL/ILLTP-SYJ-01,,,SYJ209+1.014.p,classical,auto,1,false,,5,0,3,,unknown,copy_bound,,focus,LL,166,14,2.014,8048,1336,4466,648,0,0,2048,0.000,0.007
lltp,ILL/ILLTP-SYJ-01,,,SYJ209+1.013.p,classical,auto,1,false,,5,0,3,,unknown,copy_bound,,focus,LL,155,13,1.656,6577,1098,3595,563,0,0,2048,0.000,0.002
lltp,ILL/ILLTP-SYJ-01,,,SYJ209+1.012.p,classical,auto,1,false,,5,0,3,,unknown,copy_bound,,focus,LL,144,12,1.414,5296,890,2845,484,0,0,2048,0.000,0.005
lltp,ILL/ILLTP-SYJ-01,,,SYJ209+1.011.p,classical,auto,1,false,,5,0,3,,unknown,copy_bound,,focus,LL,133,11,1.100,4192,710,2207,411,0,0,2048,0.000,0.000
lltp,ILL/ILLTP-SYJ-01,,,SYJ209+1.010.p,classical,auto,1,false,,5,0,3,,unknown,copy_bound,,focus,LL,122,10,0.841,3252,556,1672,344,0,0,2048,0.000,0.006
lltp,ILL/ILLTP-SYJ-01,,,SYJ209+1.009.p,classical,auto,1,false,,5,0,3,,unknown,copy_bound,,focus,LL,111,9,0.617,2463,426,1231,283,0,0,2048,0.000,0.000
lltp,ILL/ILLTP-SYJ-01,,,SYJ209+1.008.p,classical,auto,1,false,,5,0,3,,unknown,copy_bound,,focus,LL,100,8,0.446,1812,318,875,228,0,0,2048,0.000,0.000
lltp,ILL/ILLTP-SYJ-01,,,SYJ209+1.007.p,classical,auto,1,false,,5,0,3,,unknown,copy_bound,,focus,LL,89,7,0.333,1286,230,595,179,0,0,2048,0.000,0.000
lltp,ILL/ILLTP-SYJ-01,,,SYJ209+1.006.p,classical,auto,1,false,,5,0,3,,unknown,copy_bound,,focus,LL,78,6,0.226,872,160,382,136,0,0,2048,0.000,0.000
lltp,ILL/ILLTP-SYJ-01,,,SYJ209+1.005.p,classical,auto,1,false,,5,0,3,,unknown,copy_bound,,focus,LL,67,5,0.158,557,106,227,99,0,0,2048,0.000,0.000
lltp,ILL/ILLTP-SYJ-01,,,SYJ209+1.004.p,classical,auto,1,false,,5,0,3,,unknown,copy_bound,,focus,LL,56,4,0.102,328,66,121,68,0,0,2048,0.000,0.000
lltp,ILL/ILLTP-SYJ-01,,,SYJ209+1.003.p,classical,auto,1,false,,5,0,3,,unknown,copy_bound,,focus,LL,45,3,0.062,172,38,55,43,0,0,2048,0.000,0.000
lltp,ILL/ILLTP-SYJ-01,,,SYJ209+1.002.p,classical,auto,1,false,,5,0,3,,unknown,copy_bound,,focus,LL,34,2,0.034,76,20,20,24,0,0,2048,0.000,0.000
lltp,ILL/ILLTP-SYJ-01,,,SYJ209+1.001.p,classical,auto,1,false,,5,0,3,,unprovable,,,focus,LL,23,2,0.014,14,4,5,5,0,0,2048,0.000,0.000
lltp,ILL/ILLTP-SYJ-01,,,SYJ208+1.020.p,classical,auto,1,false,,5,0,3,,unknown,recursion_limit,,focus,LL,31203,40,73.669,1517,0,1010,0,0,0,2048,70.000,0.040
lltp,ILL/ILLTP-SYJ-01,,,SYJ208+1.019.p,classical,auto,1,false,,5,0,3,,unknown,recursion_limit,,focus,LL,26907,38,58.766,1517,0,1010,0,0,0,2048,50.000,0.047
lltp,ILL/ILLTP-SYJ-01,,,SYJ208+1.018.p,classical,auto,1,false,,5,0,3,,unknown,recursion_limit,,focus,LL,23025,36,46.218,1517,0,1010,0,0,0,2048,40.000,0.060
lltp,ILL/ILLTP-SYJ-01,,,SYJ208+1.017.p,classical,auto,1,false,,5,0,3,,unknown,recursion_limit,,focus,LL,19536,34,36.575,1520,0,1012,0,0,0,2048,40.000,0.027
lltp,ILL/ILLTP-SYJ-01,,,SYJ208+1.016.p,classical,auto,1,false,,5,0,3,,unknown,recursion_limit,,focus,LL,16419,32,28.925,1520,0,1012,0,0,0,2048,30.000,0.021
lltp,ILL/ILLTP-SYJ-01,,,SYJ208+1.015.p,classical,auto,1,false,,5,0,3,,unknown,recursion_limit,,focus,LL,13653,30,23.132,1520,0,1012,0,0,0,2048,20.000,0.032
lltp,ILL/ILLTP-SYJ-01,,,SYJ208+1.014.p,classical,auto,1,false,,5,0,3,,unknown,recursion_limit,,focus,LL,11217,28,17.880,1520,0,1012,0,0,0,2048,20.000,0.037
lltp,ILL/ILLTP-SYJ-01,,,SYJ208+1.013.p,classical,auto,1,false,,5,0,3,,unknown,recursion_limit,,focus,LL,9090,26,14.285,1523,0,1014,0,0,0,2048,10.000,0.019
lltp,ILL/ILLTP-SYJ-01,,,SYJ208+1.012.p,classical,auto,1,false,,5,0,3,,unknown,recursion_limit,,focus,LL,7251,24,11.038,1523,0,1014,0,0,0,2048,10.000,0.008
lltp,ILL/ILLTP-SYJ-01,,,SYJ208+1.011.p,classical,auto,1,false,,5,0,3,,unknown,recursion_limit,,focus,LL,5679,22,8.886,1523,0,1014,0,0,0,2048,0.000,0.013
lltp,ILL/ILLTP-SYJ-01,,,SYJ208+1.010.p,classical,auto,1,false,,5,0,3,,unknown,recursion_limit,,focus,LL,4353,10,7.207,1523,0,1014,0,0,0,2048,0.000,0.010
lltp,ILL/ILLTP-SYJ-01,,,SYJ208+1.009.p,classical,auto,1,false,,5,0,3,,unknown,copy_bound,,focus,LL,3252,9,3587.941,3077445,1901827,983221,0,0,0,2048,3570.000,4.877
lltp,ILL/ILLTP-SYJ-01,,,SYJ208+1.008.p,classical,auto,1,false,,5,0,3,,unknown,copy_bound,,focus,LL,2355,8,1452.124,1623395,992298,519338,0,0,0,2048,1440.000,2.072
lltp,ILL/ILLTP-SYJ-01,,,SYJ208+1.007.p,classical,auto,1,false,,5,0,3,,unknown,copy_bound,,focus,LL,1641,7,518.817,793036,478316,253951,0,0,0,2048,510.000,0.532
lltp,ILL/ILLTP-SYJ-01,,,SYJ208+1.006.p,classical,auto,1,false,,5,0,3,,unknown,copy_bound,,focus,LL,1089,6,149.436,351228,208348,112510,0,0,0,2048,140.000,0.165
lltp,ILL/ILLTP-SYJ-01,,,SYJ208+1.005.p,classical,auto,1,false,,5,0,3,,unknown,copy_bound,,focus,LL,678,5,38.853,136647,79343,43729,0,0,0,2048,30.000,0.039
lltp,ILL/ILLTP-SYJ-01,,,SYJ208+1.004.p,classical,auto,1,false,,5,0,3,,unknown,copy_bound,,focus,LL,387,4,9.692,44408,25051,14160,0,0,0,2048,0.000,0.008
lltp,ILL/ILLTP-SYJ-01,,,SYJ208+1.003.p,classical,auto,1,false,,5,0,3,,unknown,copy_bound,,focus,LL,195,3,2.065,11028,5962,3487,0,0,0,2048,0.000,0.002
lltp,ILL/ILLTP-SYJ-01,,,SYJ208+1.002.p,classical,auto,1,false,,5,0,3,,unknown,copy_bound,,focus,LL,81,2,0.348,1651,878,446,112,0,0,2048,0.000,0.000
lltp,ILL/ILLTP-SYJ-01,,,SYJ208+1.001.p,classical,auto,1,false,,5,0,3,,unknown,copy_bound,,focus,LL,25,1,0.037,95,38,23,50,0,0,2048,0.000,0.000
lltp,ILL/ILLTP-SYJ-01,,,SYJ207+1.020.p,classical,auto,1,false,,5,0,3,,unknown,copy_bound,,focus,LL,7050,42,286.551,288870,167763,107969,202320,0,0,2048,280.000,0.361
lltp,ILL/ILLTP-SYJ-01,,,SYJ207+1.019.p,classical,auto,1,false,,5,0,3,,unknown,copy_bound,,focus,LL,6394,40,237.841,249196,144213,93109,173964,0,0,2048,230.000,0.249
lltp,ILL/ILLTP-SYJ-01,,,SYJ207+1.018.p,classical,auto,1,false,,5,0,3,,unknown,copy_bound,,focus,LL,5770,38,195.244,213330,122979,79677,148392,0,0,2048,190.000,0.189
lltp,ILL/ILLTP-SYJ-01,,,SYJ207+1.017.p,classical,auto,1,false,,5,0,3,,unknown,copy_bound,,focus,LL,5178,36,159.898,181080,103941,67601,125460,0,0,2048,150.000,0.161
lltp,ILL/ILLTP-SYJ-01,,,SYJ207+1.016.p,classical,auto,1,false,,5,0,3,,unknown,copy_bound,,focus,LL,4618,34,112.715,152254,86979,56809,105024,0,0,2048,110.000,0.127
lltp,ILL/ILLTP-SYJ-01,,,SYJ207+1.015.p,classical,auto,1,false,,5,0,3,,unknown,copy_bound,,focus,LL,4090,32,88.241,126660,71973,47229,86940,0,0,2048,80.000,0.123
lltp,ILL/ILLTP-SYJ-01,,,SYJ207+1.014.p,classical,auto,1,false,,5,0,3,,unknown,copy_bound,,focus,LL,3594,30,66.365,104106,58803,38789,71064,0,0,2048,50.000,0.075
lltp,ILL/ILLTP-SYJ-01,,,SYJ207+1.013.p,classical,auto,1,false,,5,0,3,,unknown,copy_bound,,focus,LL,3130,28,49.768,84400,47349,31417,57252,0,0,2048,40.000,0.062
lltp,ILL/ILLTP-SYJ-01,,,SYJ207+1.012.p,classical,auto,1,false,,5,0,3,,unknown,copy_bound,,focus,LL,2698,26,33.248,67350,37491,25041,45360,0,0,2048,20.000,0.803
lltp,ILL/ILLTP-SYJ-01,,,SYJ207+1.011.p,classical,auto,1,false,,5,0,3,,unknown,copy_bound,,focus,LL,2298,24,24.019,52764,29109,19589,35244,0,0,2048,20.000,0.030
lltp,ILL/ILLTP-SYJ-01,,,SYJ207+1.010.p,classical,auto,1,false,,5,0,3,,unknown,copy_bound,,focus,LL,1930,22,17.502,40450,22083,14989,26760,0,0,2048,10.000,0.032
lltp,ILL/ILLTP-SYJ-01,,,SYJ207+1.009.p,classical,auto,1,false,,5,0,3,,unknown,copy_bound,,focus,LL,1594,20,10.741,30216,16293,11169,19764,0,0,2048,10.000,0.015
lltp,ILL/ILLTP-SYJ-01,,,SYJ207+1.008.p,classical,auto,1,false,,5,0,3,,unknown,copy_bound,,focus,LL,1290,18,7.565,21870,11619,8057,14112,0,0,2048,0.000,0.013
lltp,ILL/ILLTP-SYJ-01,,,SYJ207+1.007.p,classical,auto,1,false,,5,0,3,,unknown,copy_bound,,focus,LL,1018,16,4.499,15220,7941,5581,9660,0,0,2048,0.000,0.004
lltp,ILL/ILLTP-SYJ-01,,,SYJ207+1.006.p,classical,auto,1,false,,5,0,3,,unknown,copy_bound,,focus,LL,778,14,2.854,10074,5139,3669,6264,0,0,2048,0.000,0.002
lltp,ILL/ILLTP-SYJ-01,,,SYJ207+1.005.p,classical,auto,1,false,,5,0,3,,unknown,copy_bound,,focus,LL,570,12,1.549,6240,3093,2249,3780,0,0,2048,0.000,0.002
lltp,ILL/ILLTP-SYJ-01,,,SYJ207+1.004.p,classical,auto,1,false,,5,0,3,,unknown,copy_bound,,focus,LL,394,10,0.783,3526,1683,1249,2064,0,0,2048,0.000,0.000
lltp,ILL/ILLTP-SYJ-01,,,SYJ207+1.003.p,classical,auto,1,false,,5,0,3,,unknown,copy_bound,,focus,LL,250,8,0.377,1740,789,597,972,0,0,2048,0.000,0.000
lltp,ILL/ILLTP-SYJ-01,,,SYJ207+1.002.p,classical,auto,1,false,,5,0,3,,unknown,copy_bound,,focus,LL,138,6,0.178,690,291,221,360,0,0,2048,0.000,0.000
lltp,ILL/ILLTP-SYJ-01,,,SYJ207+1.001.p,classical,auto,1,false,,5,0,3,,unknown,copy_bound,,focus,LL,58,4,0.063,180,69,47,84,0,0,2048,0.000,0.000
lltp,ILL/ILLTP-SYJ-01,,,SYJ206+1.020.p,classical,auto,1,false,,5,0,,,unknown,killed,,,,,,10543.225,,,,,,,,,
lltp,ILL/ILLTP-SYJ-01,,,SYJ206+1.019.p,classical,auto,1,false,,5,0,3,,unknown,timeout,,focus,LL,12058590,524288,5102.730,1728,614,977,6,0,0,2048,5070.000,10.320
lltp,ILL/ILLTP-SYJ-01,,,SYJ206+1.018.p,classical,auto,1,false,,5,0,,,error,not an LLTP problem: clause `con1` is not closed,,,,,,,,,,,,,,,
lltp,ILL/ILLTP-SYJ-01,,,SYJ206+1.017.p,classical,auto,1,false,,5,0,3,,unknown,timeout,,focus,LL,3014622,131072,5036.410,12672,5985,5816,235,0,0,2048,5020.000,6.697
lltp,ILL/ILLTP-SYJ-01,,,SYJ206+1.016.p,classical,auto,1,false,,5,0,3,,unknown,timeout,,focus,LL,1507294,65536,5066.676,30720,15685,12604,856,0,0,2048,5050.000,6.368
lltp,ILL/ILLTP-SYJ-01,,,SYJ206+1.015.p,classical,auto,1,false,,5,0,3,,unknown,copy_bound,,focus,LL,753630,32768,2047.999,25180,12737,10292,819,0,0,2048,2040.000,2.428
lltp,ILL/ILLTP-SYJ-01,,,SYJ206+1.014.p,classical,auto,1,false,,5,0,3,,unknown,copy_bound,,focus,LL,376798,16384,856.450,20101,10047,8231,722,0,0,2048,850.000,1.292
lltp,ILL/ILLTP-SYJ-01,,,SYJ206+1.013.p,classical,auto,1,false,,5,0,3,,unknown,copy_bound,,focus,LL,188382,8192,321.722,15841,7819,6492,631,0,0,2048,320.000,0.282
lltp,ILL/ILLTP-SYJ-01,,,SYJ206+1.012.p,classical,auto,1,false,,5,0,3,,unknown,copy_bound,,focus,LL,94174,4096,124.906,12305,5995,5040,546,0,0,2048,120.000,0.149
lltp,ILL/ILLTP-SYJ-01,,,SYJ206+1.011.p,classical,auto,1,false,,5,0,3,,unknown,copy_bound,,focus,LL,47070,2048,50.433,9404,4521,3842,467,0,0,2048,50.000,0.059
lltp,ILL/ILLTP-SYJ-01,,,SYJ206+1.010.p,classical,auto,1,false,,5,0,3,,unknown,copy_bound,,focus,LL,23518,1024,17.634,7055,3347,2867,394,0,0,2048,10.000,0.025
lltp,ILL/ILLTP-SYJ-01,,,SYJ206+1.009.p,classical,auto,1,false,,5,0,3,,unknown,copy_bound,,focus,LL,11742,512,6.925,5181,2427,2086,327,0,0,2048,0.000,0.015
lltp,ILL/ILLTP-SYJ-01,,,SYJ206+1.008.p,classical,auto,1,false,,5,0,3,,unknown,copy_bound,,focus,LL,5854,256,2.671,3711,1719,1472,266,0,0,2048,0.000,0.002
lltp,ILL/ILLTP-SYJ-01,,,SYJ206+1.007.p,classical,auto,1,false,,5,0,3,,unknown,copy_bound,,focus,LL,2910,128,1.293,2580,1185,1000,211,0,0,2048,0.000,0.002
lltp,ILL/ILLTP-SYJ-01,,,SYJ206+1.006.p,classical,auto,1,false,,5,0,3,,unknown,copy_bound,,focus,LL,1438,64,0.650,1729,791,647,162,0,0,2048,0.000,0.000
lltp,ILL/ILLTP-SYJ-01,,,SYJ206+1.005.p,classical,auto,1,false,,5,0,3,,unknown,copy_bound,,focus,LL,702,32,0.355,1105,507,392,119,0,0,2048,0.000,0.015
lltp,ILL/ILLTP-SYJ-01,,,SYJ206+1.004.p,classical,auto,1,false,,5,0,3,,unknown,copy_bound,,focus,LL,334,16,0.179,661,307,216,82,0,0,2048,0.000,0.000
lltp,ILL/ILLTP-SYJ-01,,,SYJ206+1.003.p,classical,auto,1,false,,5,0,3,,unknown,copy_bound,,focus,LL,150,8,0.104,355,169,101,51,0,0,2048,0.000,0.000
lltp,ILL/ILLTP-SYJ-01,,,SYJ206+1.002.p,classical,auto,1,false,,5,0,3,,proved,,ok,focus,LL,58,4,0.056,138,38,59,24,0,0,2048,0.000,0.000
lltp,ILL/ILLTP-SYJ-01,,,SYJ206+1.001.p,classical,auto,1,false,,5,0,3,,proved,,ok,focus,LL,12,2,0.012,8,0,5,0,0,0,2048,0.000,0.000
lltp,ILL/ILLTP-SYJ-01,,,SYJ205+1.020.p,classical,auto,1,false,,5,0,3,,unknown,copy_bound,,focus,LL,524,2,0.041,52,18,17,5,0,0,2048,0.000,0.000
lltp,ILL/ILLTP-SYJ-01,,,SYJ205+1.019.p,classical,auto,1,false,,5,0,3,,unknown,copy_bound,,focus,LL,500,2,0.041,52,18,17,5,0,0,2048,0.000,0.000
lltp,ILL/ILLTP-SYJ-01,,,SYJ205+1.018.p,classical,auto,1,false,,5,0,3,,unknown,copy_bound,,focus,LL,476,2,0.041,52,18,17,5,0,0,2048,0.000,0.000
lltp,ILL/ILLTP-SYJ-01,,,SYJ205+1.017.p,classical,auto,1,false,,5,0,3,,unknown,copy_bound,,focus,LL,452,2,0.040,52,18,17,5,0,0,2048,0.000,0.000
lltp,ILL/ILLTP-SYJ-01,,,SYJ205+1.016.p,classical,auto,1,false,,5,0,3,,unknown,copy_bound,,focus,LL,428,2,0.037,52,18,17,5,0,0,2048,0.000,0.000
lltp,ILL/ILLTP-SYJ-01,,,SYJ205+1.015.p,classical,auto,1,false,,5,0,3,,unknown,copy_bound,,focus,LL,404,2,0.039,52,18,17,5,0,0,2048,0.000,0.000
lltp,ILL/ILLTP-SYJ-01,,,SYJ205+1.014.p,classical,auto,1,false,,5,0,3,,unknown,copy_bound,,focus,LL,380,2,0.038,52,18,17,5,0,0,2048,0.000,0.000
lltp,ILL/ILLTP-SYJ-01,,,SYJ205+1.013.p,classical,auto,1,false,,5,0,3,,unknown,copy_bound,,focus,LL,356,2,0.036,52,18,17,5,0,0,2048,0.000,0.000
lltp,ILL/ILLTP-SYJ-01,,,SYJ205+1.012.p,classical,auto,1,false,,5,0,3,,unknown,copy_bound,,focus,LL,332,2,0.036,52,18,17,5,0,0,2048,0.000,0.000
lltp,ILL/ILLTP-SYJ-01,,,SYJ205+1.011.p,classical,auto,1,false,,5,0,3,,unknown,copy_bound,,focus,LL,308,2,0.049,52,18,17,5,0,0,2048,0.000,0.000
lltp,ILL/ILLTP-SYJ-01,,,SYJ205+1.010.p,classical,auto,1,false,,5,0,3,,unknown,copy_bound,,focus,LL,284,2,0.034,52,18,17,5,0,0,2048,0.000,0.000
lltp,ILL/ILLTP-SYJ-01,,,SYJ205+1.009.p,classical,auto,1,false,,5,0,3,,unknown,copy_bound,,focus,LL,260,2,0.034,52,18,17,5,0,0,2048,0.000,0.000
lltp,ILL/ILLTP-SYJ-01,,,SYJ205+1.008.p,classical,auto,1,false,,5,0,3,,unknown,copy_bound,,focus,LL,236,2,0.032,52,18,17,5,0,0,2048,0.000,0.000
lltp,ILL/ILLTP-SYJ-01,,,SYJ205+1.007.p,classical,auto,1,false,,5,0,3,,unknown,copy_bound,,focus,LL,212,2,0.031,52,18,17,5,0,0,2048,0.000,0.000
lltp,ILL/ILLTP-SYJ-01,,,SYJ205+1.006.p,classical,auto,1,false,,5,0,3,,unknown,copy_bound,,focus,LL,188,2,0.033,52,18,17,5,0,0,2048,0.000,0.000
lltp,ILL/ILLTP-SYJ-01,,,SYJ205+1.005.p,classical,auto,1,false,,5,0,3,,unknown,copy_bound,,focus,LL,164,2,0.031,52,18,17,5,0,0,2048,0.000,0.000
lltp,ILL/ILLTP-SYJ-01,,,SYJ205+1.004.p,classical,auto,1,false,,5,0,3,,unknown,copy_bound,,focus,LL,140,2,0.031,52,18,17,5,0,0,2048,0.000,0.000
lltp,ILL/ILLTP-SYJ-01,,,SYJ205+1.003.p,classical,auto,1,false,,5,0,3,,unknown,copy_bound,,focus,LL,116,2,0.063,52,18,17,5,0,0,2048,0.000,0.008
lltp,ILL/ILLTP-SYJ-01,,,SYJ205+1.002.p,classical,auto,1,false,,5,0,3,,unknown,copy_bound,,focus,LL,92,2,0.029,52,18,17,5,0,0,2048,0.000,0.000
lltp,ILL/ILLTP-SYJ-01,,,SYJ205+1.001.p,classical,auto,1,false,,5,0,3,,unknown,copy_bound,,focus,LL,68,2,0.029,52,18,17,6,0,0,2048,0.000,0.000
lltp,ILL/ILLTP-SYJ-01,,,SYJ204+1.020.p,classical,auto,1,false,,5,0,3,,unknown,copy_bound,,focus,MELL,203,2,0.198,1309,1180,65,1282,0,0,2048,0.000,0.000
lltp,ILL/ILLTP-SYJ-01,,,SYJ204+1.019.p,classical,auto,1,false,,5,0,3,,unknown,copy_bound,,focus,MELL,193,2,0.174,1187,1064,62,1161,0,0,2048,0.000,0.000
lltp,ILL/ILLTP-SYJ-01,,,SYJ204+1.018.p,classical,auto,1,false,,5,0,3,,unknown,copy_bound,,focus,MELL,183,2,0.151,1071,954,59,1046,0,0,2048,0.000,0.000
lltp,ILL/ILLTP-SYJ-01,,,SYJ204+1.017.p,classical,auto,1,false,,5,0,3,,unknown,copy_bound,,focus,MELL,173,2,0.127,961,850,56,937,0,0,2048,0.000,0.000
lltp,ILL/ILLTP-SYJ-01,,,SYJ204+1.016.p,classical,auto,1,false,,5,0,3,,unknown,copy_bound,,focus,MELL,163,2,0.130,857,752,53,834,0,0,2048,0.000,0.000
lltp,ILL/ILLTP-SYJ-01,,,SYJ204+1.015.p,classical,auto,1,false,,5,0,3,,unknown,copy_bound,,focus,MELL,153,2,0.113,759,660,50,737,0,0,2048,0.000,0.000
lltp,ILL/ILLTP-SYJ-01,,,SYJ204+1.014.p,classical,auto,1,false,,5,0,3,,unknown,copy_bound,,focus,MELL,143,2,0.098,667,574,47,646,0,0,2048,0.000,0.000
lltp,ILL/ILLTP-SYJ-01,,,SYJ204+1.013.p,classical,auto,1,false,,5,0,3,,unknown,copy_bound,,focus,MELL,133,2,0.099,581,494,44,561,0,0,2048,0.000,0.000
lltp,ILL/ILLTP-SYJ-01,,,SYJ204+1.012.p,classical,auto,1,false,,5,0,3,,unknown,copy_bound,,focus,MELL,123,2,0.083,501,420,41,482,0,0,2048,0.000,0.000
lltp,ILL/ILLTP-SYJ-01,,,SYJ204+1.011.p,classical,auto,1,false,,5,0,3,,unknown,copy_bound,,focus,MELL,113,2,0.075,427,352,38,409,0,0,2048,0.000,0.000
lltp,ILL/ILLTP-SYJ-01,,,SYJ204+1.010.p,classical,auto,1,false,,5,0,3,,unknown,copy_bound,,focus,MELL,103,2,0.066,359,290,35,342,0,0,2048,0.000,0.000
lltp,ILL/ILLTP-SYJ-01,,,SYJ204+1.009.p,classical,auto,1,false,,5,0,3,,unknown,copy_bound,,focus,MELL,93,2,0.057,297,234,32,281,0,0,2048,0.000,0.000
lltp,ILL/ILLTP-SYJ-01,,,SYJ204+1.008.p,classical,auto,1,false,,5,0,3,,unknown,copy_bound,,focus,MELL,83,2,0.052,241,184,29,226,0,0,2048,0.000,0.000
lltp,ILL/ILLTP-SYJ-01,,,SYJ204+1.007.p,classical,auto,1,false,,5,0,3,,unknown,copy_bound,,focus,MELL,73,2,0.045,191,140,26,177,0,0,2048,0.000,0.000
lltp,ILL/ILLTP-SYJ-01,,,SYJ204+1.006.p,classical,auto,1,false,,5,0,3,,unknown,copy_bound,,focus,MELL,63,2,0.040,147,102,23,134,0,0,2048,0.000,0.000
lltp,ILL/ILLTP-SYJ-01,,,SYJ204+1.005.p,classical,auto,1,false,,5,0,3,,unknown,copy_bound,,focus,MELL,53,2,0.036,109,70,20,97,0,0,2048,0.000,0.000
lltp,ILL/ILLTP-SYJ-01,,,SYJ204+1.004.p,classical,auto,1,false,,5,0,3,,unknown,copy_bound,,focus,MELL,43,2,0.029,77,44,17,66,0,0,2048,0.000,0.000
lltp,ILL/ILLTP-SYJ-01,,,SYJ204+1.003.p,classical,auto,1,false,,5,0,3,,unknown,copy_bound,,focus,MELL,33,2,0.026,51,24,14,41,0,0,2048,0.000,0.000
lltp,ILL/ILLTP-SYJ-01,,,SYJ204+1.002.p,classical,auto,1,false,,5,0,3,,unknown,copy_bound,,focus,MELL,23,2,0.022,31,10,11,22,0,0,2048,0.000,0.000
lltp,ILL/ILLTP-SYJ-01,,,SYJ204+1.001.p,classical,auto,1,false,,5,0,3,,proved,,ok,focus,MELL,13,2,0.017,15,2,6,7,0,0,2048,0.000,0.000
lltp,ILL/ILLTP-SYJ-01,,,SYJ203+1.020.p,classical,auto,1,false,,5,0,3,,unknown,copy_bound,,focus,LL,224,21,6.284,23558,3774,14055,1368,0,0,2048,0.000,0.018
lltp,ILL/ILLTP-SYJ-01,,,SYJ203+1.019.p,classical,auto,1,false,,5,0,3,,unknown,copy_bound,,focus,LL,213,20,5.262,20500,3291,12146,1243,0,0,2048,0.000,0.008
lltp,ILL/ILLTP-SYJ-01,,,SYJ203+1.018.p,classical,auto,1,false,,5,0,3,,unknown,copy_bound,,focus,LL,202,19,4.619,17718,2851,10418,1124,0,0,2048,0.000,0.004
lltp,ILL/ILLTP-SYJ-01,,,SYJ203+1.017.p,classical,auto,1,false,,5,0,3,,unknown,copy_bound,,focus,LL,191,18,4.536,15199,2452,8862,1011,0,0,2048,0.000,0.013
lltp,ILL/ILLTP-SYJ-01,,,SYJ203+1.016.p,classical,auto,1,false,,5,0,3,,unknown,copy_bound,,focus,LL,180,17,3.584,12930,2092,7469,904,0,0,2048,0.000,0.002
lltp,ILL/ILLTP-SYJ-01,,,SYJ203+1.015.p,classical,auto,1,false,,5,0,3,,unknown,copy_bound,,focus,LL,169,16,2.639,10898,1769,6230,803,0,0,2048,0.000,0.003
lltp,ILL/ILLTP-SYJ-01,,,SYJ203+1.014.p,classical,auto,1,false,,5,0,3,,unknown,copy_bound,,focus,LL,158,15,2.553,9090,1481,5136,708,0,0,2048,0.000,0.002
lltp,ILL/ILLTP-SYJ-01,,,SYJ203+1.013.p,classical,auto,1,false,,5,0,3,,unknown,copy_bound,,focus,LL,147,14,2.007,7493,1226,4178,619,0,0,2048,0.000,0.002
lltp,ILL/ILLTP-SYJ-01,,,SYJ203+1.012.p,classical,auto,1,false,,5,0,3,,unknown,copy_bound,,focus,LL,136,13,1.582,6094,1002,3347,536,0,0,2048,0.000,0.000
lltp,ILL/ILLTP-SYJ-01,,,SYJ203+1.011.p,classical,auto,1,false,,5,0,3,,unknown,copy_bound,,focus,LL,125,12,1.268,4880,807,2634,459,0,0,2048,0.000,0.000
lltp,ILL/ILLTP-SYJ-01,,,SYJ203+1.010.p,classical,auto,1,false,,5,0,3,,unknown,copy_bound,,focus,LL,114,11,0.973,3838,639,2030,388,0,0,2048,0.000,0.000
lltp,ILL/ILLTP-SYJ-01,,,SYJ203+1.009.p,classical,auto,1,false,,5,0,3,,unknown,copy_bound,,focus,LL,103,10,0.714,2955,496,1526,323,0,0,2048,0.000,0.000
lltp,ILL/ILLTP-SYJ-01,,,SYJ203+1.008.p,classical,auto,1,false,,5,0,3,,unknown,copy_bound,,focus,LL,92,9,0.522,2218,376,1113,264,0,0,2048,0.000,0.000
lltp,ILL/ILLTP-SYJ-01,,,SYJ203+1.007.p,classical,auto,1,false,,5,0,3,,unknown,copy_bound,,focus,LL,81,8,0.399,1614,277,782,211,0,0,2048,0.000,0.000
lltp,ILL/ILLTP-SYJ-01,,,SYJ203+1.006.p,classical,auto,1,false,,5,0,3,,unknown,copy_bound,,focus,LL,70,7,0.287,1130,197,524,164,0,0,2048,0.000,0.000
lltp,ILL/ILLTP-SYJ-01,,,SYJ203+1.005.p,classical,auto,1,false,,5,0,3,,unknown,copy_bound,,focus,LL,59,6,0.193,753,134,330,123,0,0,2048,0.000,0.000
lltp,ILL/ILLTP-SYJ-01,,,SYJ203+1.004.p,classical,auto,1,false,,5,0,3,,unknown,copy_bound,,focus,LL,48,5,0.133,470,86,191,88,0,0,2048,0.000,0.000
lltp,ILL/ILLTP-SYJ-01,,,SYJ203+1.003.p,classical,auto,1,false,,5,0,3,,unknown,copy_bound,,focus,LL,37,4,0.085,268,51,98,59,0,0,2048,0.000,0.000
lltp,ILL/ILLTP-SYJ-01,,,SYJ203+1.002.p,classical,auto,1,false,,5,0,3,,unknown,copy_bound,,focus,LL,26,3,0.051,131,27,41,35,0,0,2048,0.000,0.000
lltp,ILL/ILLTP-SYJ-01,,,SYJ203+1.001.p,classical,auto,1,false,,5,0,3,,proved,,ok,focus,LL,15,2,0.024,29,5,10,9,0,0,2048,0.000,0.000
lltp,ILL/ILLTP-SYJ-01,,,SYJ202+1.020.p,classical,auto,1,false,,5,0,3,,unknown,recursion_limit,,focus,LL,31035,40,73.817,1517,0,1010,0,0,0,2048,70.000,0.047
lltp,ILL/ILLTP-SYJ-01,,,SYJ202+1.019.p,classical,auto,1,false,,5,0,3,,unknown,recursion_limit,,focus,LL,26747,38,58.297,1517,0,1010,0,0,0,2048,60.000,0.036
lltp,ILL/ILLTP-SYJ-01,,,SYJ202+1.018.p,classical,auto,1,false,,5,0,3,,unknown,recursion_limit,,focus,LL,22873,36,46.144,1517,0,1010,0,0,0,2048,40.000,0.037
lltp,ILL/ILLTP-SYJ-01,,,SYJ202+1.017.p,classical,auto,1,false,,5,0,3,,unknown,recursion_limit,,focus,LL,19392,34,36.218,1520,0,1012,0,0,0,2048,30.000,0.023
lltp,ILL/ILLTP-SYJ-01,,,SYJ202+1.016.p,classical,auto,1,false,,5,0,3,,unknown,recursion_limit,,focus,LL,16283,32,29.336,1520,0,1012,0,0,0,2048,30.000,0.026
lltp,ILL/ILLTP-SYJ-01,,,SYJ202+1.015.p,classical,auto,1,false,,5,0,3,,unknown,recursion_limit,,focus,LL,13525,30,22.479,1520,0,1012,0,0,0,2048,20.000,0.032
lltp,ILL/ILLTP-SYJ-01,,,SYJ202+1.014.p,classical,auto,1,false,,5,0,3,,unknown,recursion_limit,,focus,LL,11097,28,18.046,1520,0,1012,0,0,0,2048,20.000,0.021
lltp,ILL/ILLTP-SYJ-01,,,SYJ202+1.013.p,classical,auto,1,false,,5,0,3,,unknown,recursion_limit,,focus,LL,8978,26,14.223,1523,0,1014,0,0,0,2048,10.000,0.021
lltp,ILL/ILLTP-SYJ-01,,,SYJ202+1.012.p,classical,auto,1,false,,5,0,3,,unknown,recursion_limit,,focus,LL,7147,24,10.703,1523,0,1014,0,0,0,2048,10.000,0.020
lltp,ILL/ILLTP-SYJ-01,,,SYJ202+1.011.p,classical,auto,1,false,,5,0,3,,unknown,recursion_limit,,focus,LL,5583,22,8.608,1523,0,1014,0,0,0,2048,10.000,0.005
lltp,ILL/ILLTP-SYJ-01,,,SYJ202+1.010.p,classical,auto,1,false,,5,0,3,,unknown,recursion_limit,,focus,LL,4265,10,7.097,1523,0,1014,0,0,0,2048,0.000,0.013
lltp,ILL/ILLTP-SYJ-01,,,SYJ202+1.009.p,classical,auto,1,false,,5,0,3,,unknown,copy_bound,,focus,LL,3172,9,3534.170,3077445,1901827,983221,0,0,0,2048,3510.000,4.798
lltp,ILL/ILLTP-SYJ-01,,,SYJ202+1.008.p,classical,auto,1,false,,5,0,3,,unknown,copy_bound,,focus,LL,2283,8,1397.509,1623395,992298,519338,0,0,0,2048,1390.000,1.905
lltp,ILL/ILLTP-SYJ-01,,,SYJ202+1.007.p,classical,auto,1,false,,5,0,3,,unknown,copy_bound,,focus,LL,1577,7,507.782,793036,478316,253951,0,0,0,2048,500.000,0.548
lltp,ILL/ILLTP-SYJ-01,,,SYJ202+1.006.p,classical,auto,1,false,,5,0,3,,unknown,copy_bound,,focus,LL,1033,6,145.888,351228,208348,112510,0,0,0,2048,140.000,0.165
lltp,ILL/ILLTP-SYJ-01,,,SYJ202+1.005.p,classical,auto,1,false,,5,0,3,,unknown,copy_bound,,focus,LL,630,5,37.460,136647,79343,43729,0,0,0,2048,30.000,0.048
lltp,ILL/ILLTP-SYJ-01,,,SYJ202+1.004.p,classical,auto,1,false,,5,0,3,,unknown,copy_bound,,focus,LL,347,4,9.459,44408,25051,14160,0,0,0,2048,0.000,0.013
lltp,ILL/ILLTP-SYJ-01,,,SYJ202+1.003.p,classical,auto,1,false,,5,0,3,,unknown,copy_bound,,focus,LL,163,3,2.203,11028,5962,3487,0,0,0,2048,0.000,0.002
lltp,ILL/ILLTP-SYJ-01,,,SYJ202+1.002.p,classical,auto,1,false,,5,0,3,,unknown,copy_bound,,focus,LL,57,2,0.314,1519,757,441,0,0,0,2048,0.000,0.000
lltp,ILL/ILLTP-SYJ-01,,,SYJ202+1.001.p,classical,auto,1,false,,5,0,3,,proved,,ok,focus,LL,9,1,0.010,5,0,3,0,0,0,2048,0.000,0.000
lltp,ILL/ILLTP-SYJ-01,,,SYJ201+1.020.p,classical,auto,1,false,,5,0,3,,unknown,copy_bound,,focus,LL,7378,43,363.729,309683,179949,115952,217095,0,0,2048,350.000,0.410
lltp,ILL/ILLTP-SYJ-01,,,SYJ201+1.019.p,classical,auto,1,false,,5,0,3,,unknown,copy_bound,,focus,LL,6706,41,264.503,268057,155220,100351,187317,0,0,2048,260.000,0.283
lltp,ILL/ILLTP-SYJ-01,,,SYJ201+1.018.p,classical,auto,1,false,,5,0,3,,unknown,copy_bound,,focus,LL,6066,39,215.989,230335,132867,86214,160395,0,0,2048,200.000,0.731
lltp,ILL/ILLTP-SYJ-01,,,SYJ201+1.017.p,classical,auto,1,false,,5,0,3,,unknown,copy_bound,,focus,LL,5458,37,178.483,196325,112770,73469,136185,0,0,2048,170.000,0.176
lltp,ILL/ILLTP-SYJ-01,,,SYJ201+1.016.p,classical,auto,1,false,,5,0,3,,unknown,copy_bound,,focus,LL,4882,35,144.841,165835,94809,62044,114543,0,0,2048,130.000,0.145
lltp,ILL/ILLTP-SYJ-01,,,SYJ201+1.015.p,classical,auto,1,false,,5,0,3,,unknown,copy_bound,,focus,LL,4338,33,99.424,138673,78864,51867,95325,0,0,2048,100.000,0.099
lltp,ILL/ILLTP-SYJ-01,,,SYJ201+1.014.p,classical,auto,1,false,,5,0,3,,unknown,copy_bound,,focus,LL,3826,31,77.309,114647,64815,42866,78387,0,0,2048,70.000,0.096
lltp,ILL/ILLTP-SYJ-01,,,SYJ201+1.013.p,classical,auto,1,false,,5,0,3,,unknown,copy_bound,,focus,LL,3346,29,58.268,93565,52542,34969,63585,0,0,2048,50.000,0.066
lltp,ILL/ILLTP-SYJ-01,,,SYJ201+1.012.p,classical,auto,1,false,,5,0,3,,unknown,copy_bound,,focus,LL,2898,27,38.213,75235,41925,28104,50775,0,0,2048,30.000,0.048
lltp,ILL/ILLTP-SYJ-01,,,SYJ201+1.011.p,classical,auto,1,false,,5,0,3,,unknown,copy_bound,,focus,LL,2482,25,27.496,59465,32844,22199,39813,0,0,2048,20.000,0.045
lltp,ILL/ILLTP-SYJ-01,,,SYJ201+1.010.p,classical,auto,1,false,,5,0,3,,unknown,copy_bound,,focus,LL,2098,23,20.072,46063,25179,17182,30555,0,0,2048,10.000,0.037
lltp,ILL/ILLTP-SYJ-01,,,SYJ201+1.009.p,classical,auto,1,false,,5,0,3,,unknown,copy_bound,,focus,LL,1746,21,13.557,34837,18810,12981,22857,0,0,2048,10.000,0.012
lltp,ILL/ILLTP-SYJ-01,,,SYJ201+1.008.p,classical,auto,1,false,,5,0,3,,unknown,copy_bound,,focus,LL,1426,19,8.922,25595,13617,9524,16575,0,0,2048,0.000,0.007
lltp,ILL/ILLTP-SYJ-01,,,SYJ201+1.007.p,classical,auto,1,false,,5,0,3,,unknown,copy_bound,,focus,LL,1138,17,5.711,18145,9480,6739,11565,0,0,2048,0.000,0.005
lltp,ILL/ILLTP-SYJ-01,,,SYJ201+1.006.p,classical,auto,1,false,,5,0,3,,unknown,copy_bound,,focus,LL,882,15,3.504,12295,6279,4554,7683,0,0,2048,0.000,0.004
lltp,ILL/ILLTP-SYJ-01,,,SYJ201+1.005.p,classical,auto,1,false,,5,0,3,,unknown,copy_bound,,focus,LL,658,13,2.049,7853,3894,2897,4785,0,0,2048,0.000,0.009
lltp,ILL/ILLTP-SYJ-01,,,SYJ201+1.004.p,classical,auto,1,false,,5,0,3,,unknown,copy_bound,,focus,LL,466,11,1.022,4627,2205,1696,2727,0,0,2048,0.000,0.000
lltp,ILL/ILLTP-SYJ-01,,,SYJ201+1.003.p,classical,auto,1,false,,5,0,3,,unknown,copy_bound,,focus,LL,306,9,0.514,2425,1092,879,1365,0,0,2048,0.000,0.000
lltp,ILL/ILLTP-SYJ-01,,,SYJ201+1.002.p,classical,auto,1,false,,5,0,3,,unknown,copy_bound,,focus,LL,178,7,0.262,1055,435,374,555,0,0,2048,0.000,0.000
lltp,ILL/ILLTP-SYJ-01,,,SYJ201+1.001.p,classical,auto,1,false,,5,0,3,,unknown,copy_bound,,focus,LL,82,5,0.096,325,114,109,153,0,0,2048,0.000,0.000
lltp,ILL/ILLTP-SYJ-01,,,SYJ107+1.004.p,classical,auto,1,false,,5,0,3,,unknown,copy_bound,,focus,LL,83,2,0.153,792,545,115,390,0,0,2048,0.000,0.000
lltp,ILL/ILLTP-SYJ-01,,,SYJ107+1.003.p,classical,auto,1,false,,5,0,3,,unknown,copy_bound,,focus,LL,62,2,0.112,505,316,88,198,0,0,2048,0.000,0.000
lltp,ILL/ILLTP-SYJ-01,,,SYJ107+1.002.p,classical,auto,1,false,,5,0,3,,unknown,copy_bound,,focus,LL,41,2,0.082,280,149,61,68,0,0,2048,0.000,0.000
lltp,ILL/ILLTP-SYJ-01,,,SYJ107+1.001.p,classical,auto,1,false,,5,0,3,,proved,,ok,focus,LL,20,2,0.055,130,43,48,0,0,0,2048,0.000,0.000
lltp,ILL/ILLTP-SYJ-01,,,SYJ106+1.p,classical,auto,1,false,,5,0,3,,unknown,copy_bound,,focus,LL,50,2,0.063,134,42,42,71,0,0,2048,0.000,0.000
lltp,ILL/ILLTP-SYJ-01,,,SYJ105+1.004.p,classical,auto,1,false,,5,0,3,,unknown,copy_bound,,focus,LL,39,2,0.030,58,16,15,18,0,0,2048,0.000,0.000
lltp,ILL/ILLTP-SYJ-01,,,SYJ105+1.003.p,classical,auto,1,false,,5,0,3,,unknown,copy_bound,,focus,LL,28,2,0.029,58,16,15,18,0,0,2048,0.000,0.000
lltp,ILL/ILLTP-SYJ-01,,,SYJ105+1.002.p,classical,auto,1,false,,5,0,3,,proved,,ok,focus,LL,17,1,0.029,42,5,15,12,0,0,2048,0.000,0.000
lltp,ILL/ILLTP-SYJ-01,,,SYJ104+1.p,classical,auto,1,false,,5,0,3,,proved,,ok,focus,MELL,11,1,0.015,11,0,6,3,0,0,2048,0.000,0.000
lltp,ILL/ILLTP-SYJ-01,,,SYJ103+1.p,classical,auto,1,false,,5,0,3,,unknown,copy_bound,,focus,LL,27,2,0.047,129,44,34,37,0,0,2048,0.000,0.000
lltp,ILL/ILLTP-SYJ-01,,,SYJ102+1.p,classical,auto,1,false,,5,0,3,,proved,,ok,focus,LL,11,1,0.017,15,1,8,4,0,0,2048,0.000,0.000
lltp,ILL/ILLTP-SYJ-01,,,SYJ101+1.p,classical,auto,1,false,,5,0,3,,proved,,ok,focus,MELL,3,1,0.008,2,0,1,0,0,0,2048,0.000,0.000
lltp,ILL/ILLTP-LCL-cbv,,,LCL230+1.p,classical,auto,1,false,,5,0,3,,unknown,copy_bound,,focus,LL,23,2,0.044,107,51,23,74,0,0,2048,0.000,0.000
lltp,ILL/ILLTP-LCL-cbv,,,LCL181+1.p,classical,auto,1,false,,5,0,3,,unknown,copy_bound,,focus,LL,41,2,0.030,63,24,14,39,0,0,2048,0.000,0.000
lltp,ILL/ILLTP-LCL-cbn,,,LCL230+1.p,classical,auto,1,false,,5,0,3,,unprovable,,,focus,LL,22,2,0.027,52,16,16,17,0,0,2048,0.000,0.000
lltp,ILL/ILLTP-LCL-cbn,,,LCL181+1.p,classical,auto,1,false,,5,0,3,,unknown,copy_bound,,focus,LL,33,2,0.020,25,10,6,18,0,0,2048,0.000,0.000
lltp,ILL/ILLTP-LCL-01,,,LCL230+1.p,classical,auto,1,false,,5,0,3,,unknown,copy_bound,,focus,LL,25,2,0.037,75,23,24,22,0,0,2048,0.000,0.000
lltp,ILL/ILLTP-LCL-01,,,LCL181+1.p,classical,auto,1,false,,5,0,3,,unknown,copy_bound,,focus,LL,44,2,0.034,69,20,15,33,0,0,2048,0.000,0.000
lltp,CLL/misc,,,th3.p,classical,auto,1,false,,5,0,3,provable,unknown,copy_bound,,focus,LL,38,4,0.024,27,8,13,13,0,0,2048,0.000,0.000
lltp,CLL/misc,,,th2.p,classical,auto,1,false,,5,0,3,provable,proved,,ok,focus,LL,8,3,0.015,8,0,5,1,0,0,2048,0.000,0.000
lltp,CLL/misc,,,th1.p,classical,auto,1,false,,5,0,3,provable,unknown,copy_bound,,focus,MELL,10,2,0.015,12,1,5,3,0,0,2048,0.000,0.000
lltp,CLL/misc,,,nonconserv5.p,classical,auto,1,false,,5,0,3,provable,proved,,ok,focus,MALL,17,1,0.025,19,4,15,22,0,0,2048,0.000,0.000
lltp,CLL/misc,,,nonconserv4.p,classical,auto,1,false,,5,0,3,provable,proved,,ok,focus,MALL,11,0,0.013,7,0,7,6,0,0,2048,0.000,0.000
lltp,CLL/misc,,,nonconserv3.p,classical,auto,1,false,,5,0,3,provable,proved,,ok,focus,MALL,9,1,0.010,2,0,2,4,0,0,2048,0.000,0.000
lltp,CLL/misc,,,nonconserv2.p,classical,auto,1,false,,5,0,3,provable,proved,,ok,focus,MALL,11,1,0.011,2,0,2,4,0,0,2048,0.000,0.000
lltp,CLL/misc,,,nonconserv.p,classical,auto,1,false,,5,0,3,provable,proved,,ok,focus,MALL,15,1,0.014,4,0,4,10,0,0,2048,0.000,0.000
lltp,CLL/misc,,,lindistr.p,classical,auto,1,false,,5,0,3,provable,proved,,ok,net,MLL,11,1,0.017,3,0,0,0,3,3,2048,0.000,0.000
lltp,CLL/misc,,,lcm_7_13.p,classical,auto,1,false,,5,0,3,provable,unknown,timeout,,focus,MELL,51,13,5047.283,41040669,37585812,1048576,41040226,0,0,2048,5030.000,4.715
lltp,CLL/misc,,,lcm_2_3.p,classical,auto,1,false,,5,0,3,provable,unknown,copy_bound,,focus,MELL,21,3,0.095,415,280,104,317,0,0,2048,0.000,0.000
lltp,CLL/misc,,,lcm_2_2.p,classical,auto,1,false,,5,0,3,provable,unknown,copy_bound,,focus,MELL,19,2,0.064,267,178,62,183,0,0,2048,0.000,0.000
lltp,CLL/misc,,,lcm_1_2.p,classical,auto,1,false,,5,0,3,provable,unknown,copy_bound,,focus,MELL,17,2,0.041,130,82,30,91,0,0,2048,0.000,0.000
lltp,CLL/misc,,,ax.p,classical,auto,1,false,,5,0,3,provable,proved,,ok,net,MLL,3,1,0.010,1,0,0,0,1,1,2048,0.000,0.000
lltp,CLL/Non-theorems,,,nth3.p,classical,auto,1,false,,5,0,3,unprovable,unprovable,,,focus,MALL,15,2,0.014,13,4,9,6,0,0,2048,0.000,0.000
lltp,CLL/Non-theorems,,,nth2.p,classical,auto,1,false,,5,0,3,unprovable,unprovable,,,focus,MALL,41,4,0.009,1,0,1,0,0,0,2048,0.000,0.000
lltp,CLL/Non-theorems,,,nth1.p,classical,auto,1,false,,5,0,3,unprovable,unprovable,,,focus,MALL,41,4,0.063,105,38,67,365,0,0,2048,0.000,0.000
