source,family,size,index,problem,mode,engine_requested,jobs,portfolio,test_period,timeout_s,run,copies,expected,verdict,reason,checked,engine,fragment,occurrences,multiplicity,time_ms,nodes,memo_hits,memo_entries,splits,links,tests,recursion_limit,cpu_ms,wait_ms
lltp,ILL/ILLTP-LCL-01,,,LCL181+1.p,intuitionistic,auto,1,false,,5,0,10,unprovable,unknown,copy_bound,,two-sided,ILL,44,2,0.092,401,118,15,251,0,0,2048,0.000,0.000
lltp,ILL/ILLTP-LCL-01,,,LCL230+1.p,intuitionistic,auto,1,false,,5,0,10,unprovable,unprovable,,,two-sided,ILL,25,2,0.044,102,39,24,30,0,0,2048,0.000,0.000
lltp,ILL/ILLTP-LCL-cbn,,,LCL181+1.p,intuitionistic,auto,1,false,,5,0,10,unprovable,unprovable,,,two-sided,ILL,33,2,0.028,63,29,6,48,0,0,2048,0.000,0.000
lltp,ILL/ILLTP-LCL-cbn,,,LCL230+1.p,intuitionistic,auto,1,false,,5,0,10,unprovable,unprovable,,,two-sided,ILL,22,2,0.030,52,16,16,17,0,0,2048,0.000,0.000
lltp,ILL/ILLTP-LCL-cbv,,,LCL181+1.p,intuitionistic,auto,1,false,,5,0,10,unprovable,unprovable,,,two-sided,ILL,41,2,0.044,137,60,14,95,0,0,2048,0.000,0.000
lltp,ILL/ILLTP-LCL-cbv,,,LCL230+1.p,intuitionistic,auto,1,false,,5,0,10,unprovable,unknown,copy_bound,,two-sided,ILL,23,2,0.087,330,196,28,137,0,0,2048,0.000,0.000
lltp,ILL/ILLTP-SYJ-01,,,SYJ103+1.p,intuitionistic,auto,1,false,,5,0,10,provable,unknown,copy_bound,,two-sided,ILL,27,2,0.183,1057,533,44,353,0,0,2048,0.000,0.000
lltp,ILL/ILLTP-SYJ-01,,,SYJ105+1.003.p,intuitionistic,auto,1,false,,5,0,10,provable,unknown,copy_bound,,two-sided,ILL,28,2,0.170,951,467,37,416,0,0,2048,0.000,0.000
lltp,ILL/ILLTP-SYJ-01,,,SYJ105+1.004.p,intuitionistic,auto,1,false,,5,0,10,provable,unknown,copy_bound,,two-sided,ILL,39,2,0.925,5477,2558,106,2515,0,0,2048,0.000,0.000
lltp,ILL/ILLTP-SYJ-01,,,SYJ106+1.p,intuitionistic,auto,1,false,,5,0,10,provable,proved,,ok,two-sided,ILL,50,2,0.175,487,134,186,248,0,0,2048,0.000,0.000
lltp,ILL/ILLTP-SYJ-01,,,SYJ107+1.002.p,intuitionistic,auto,1,false,,5,0,10,provable,proved,,ok,two-sided,ILL,41,2,0.821,4030,2149,820,713,0,0,2048,0.000,0.000
lltp,ILL/ILLTP-SYJ-01,,,SYJ107+1.003.p,intuitionistic,auto,1,false,,5,0,10,provable,proved,,ok,two-sided,ILL,62,2,9.716,56661,30862,7774,12458,0,0,2048,0.000,0.036
lltp,ILL/ILLTP-SYJ-01,,,SYJ107+1.004.p,intuitionistic,auto,1,false,,5,0,10,provable,unknown,copy_bound,,two-sided,ILL,83,2,5.005,32473,27097,1360,10833,0,0,2048,0.000,0.004
lltp,ILL/ILLTP-SYJ-01,,,SYJ201+1.001.p,intuitionistic,auto,1,false,,5,0,10,provable,proved,,ok,two-sided,ILL,82,5,2.274,12608,6418,1981,5949,0,0,2048,0.000,0.002
lltp,ILL/ILLTP-SYJ-01,,,SYJ201+1.002.p,intuitionistic,auto,1,false,,5,0,10,provable,proved,,ok,two-sided,ILL,178,7,1308.616,8825328,6082838,137959,5609707,0,0,2048,1300.000,0.716
lltp,ILL/ILLTP-SYJ-01,,,SYJ201+1.003.p,intuitionistic,auto,1,false,,5,0,10,provable,unknown,timeout,,two-sided,ILL,306,9,5048.832,34593728,25768248,300728,24010543,0,0,2048,5030.000,2.803
lltp,ILL/ILLTP-SYJ-01,,,SYJ201+1.004.p,intuitionistic,auto,1,false,,5,0,10,provable,unknown,timeout,,two-sided,ILL,466,11,5079.453,31883200,24790092,311911,23585671,0,0,2048,5060.000,2.685
lltp,ILL/ILLTP-SYJ-01,,,SYJ201+1.005.p,intuitionistic,auto,1,false,,5,0,10,provable,unknown,timeout,,two-sided,ILL,658,13,5094.985,27052800,21790416,328549,20707830,0,0,2048,5070.000,2.900
lltp,ILL/ILLTP-SYJ-01,,,SYJ201+1.006.p,intuitionistic,auto,1,false,,5,0,10,provable,unknown,timeout,,two-sided,ILL,882,15,5157.503,24588224,20213234,471917,19305128,0,0,2048,5140.000,3.123
lltp,ILL/ILLTP-SYJ-01,,,SYJ201+1.007.p,intuitionistic,auto,1,false,,5,0,10,provable,unknown,timeout,,two-sided,ILL,1138,17,5112.444,21618368,18078042,478174,17355414,0,0,2048,5090.000,3.147
lltp,ILL/ILLTP-SYJ-01,,,SYJ201+1.008.p,intuitionistic,auto,1,false,,5,0,10,provable,unknown,timeout,,two-sided,ILL,1426,19,5135.945,19383296,16386027,574260,15789728,0,0,2048,5120.000,3.249
lltp,ILL/ILLTP-SYJ-01,,,SYJ201+1.009.p,intuitionistic,auto,1,false,,5,0,10,provable,unknown,timeout,,two-sided,ILL,1746,21,5181.606,17897088,15159431,710298,14740048,0,0,2048,5170.000,3.473
lltp,ILL/ILLTP-SYJ-01,,,SYJ201+1.010.p,intuitionistic,auto,1,false,,5,0,10,provable,unknown,timeout,,two-sided,ILL,2098,23,5225.467,15566208,13142135,847192,12891454,0,0,2048,5210.000,3.917
lltp,ILL/ILLTP-SYJ-01,,,SYJ201+1.011.p,intuitionistic,auto,1,false,,5,0,10,provable,unknown,timeout,,two-sided,ILL,2482,25,5261.858,14100352,11895206,904962,11747227,0,0,2048,5230.000,5.356
lltp,ILL/ILLTP-SYJ-01,,,SYJ201+1.012.p,intuitionistic,auto,1,false,,5,0,10,provable,unknown,timeout,,two-sided,ILL,2898,27,5287.255,12883456,10875897,912792,10796401,0,0,2048,5250.000,6.004
lltp,ILL/ILLTP-SYJ-01,,,SYJ201+1.013.p,intuitionistic,auto,1,false,,5,0,10,provable,unknown,timeout,,two-sided,ILL,3346,29,5242.629,11526144,9712153,909907,9695813,0,0,2048,5210.000,6.435
lltp,ILL/ILLTP-SYJ-01,,,SYJ201+1.014.p,intuitionistic,auto,1,false,,5,0,10,provable,unknown,timeout,,two-sided,ILL,3826,31,5483.857,10136192,8487668,917553,8533743,0,0,2048,5470.000,4.373
lltp,ILL/ILLTP-SYJ-01,,,SYJ201+1.015.p,intuitionistic,auto,1,false,,5,0,10,provable,unknown,timeout,,two-sided,ILL,4338,33,5399.004,9026112,7506559,917526,7597550,0,0,2048,5380.000,4.464
lltp,ILL/ILLTP-SYJ-01,,,SYJ201+1.016.p,intuitionistic,auto,1,false,,5,0,10,provable,unknown,timeout,,two-sided,ILL,4882,35,5232.881,9050816,7584927,894691,7682678,0,0,2048,5210.000,3.808
lltp,ILL/ILLTP-SYJ-01,,,SYJ201+1.017.p,intuitionistic,auto,1,false,,5,0,10,provable,unknown,timeout,,two-sided,ILL,5458,37,5283.950,7416640,6035463,959655,6208515,0,0,2048,5260.000,4.523
lltp,ILL/ILLTP-SYJ-01,,,SYJ201+1.018.p,intuitionistic,auto,1,false,,5,0,10,provable,unknown,timeout,,two-sided,ILL,6066,39,5313.054,6815808,5432896,1025462,5648275,0,0,2048,5290.000,4.869
lltp,ILL/ILLTP-SYJ-01,,,SYJ201+1.019.p,intuitionistic,auto,1,false,,5,0,10,provable,unknown,timeout,,two-sided,ILL,6706,41,5305.787,6183936,4853494,1026887,5087630,0,0,2048,5280.000,4.709
lltp,ILL/ILLTP-SYJ-01,,,SYJ201+1.020.p,intuitionistic,auto,1,false,,5,0,10,provable,unknown,timeout,,two-sided,ILL,7378,43,5340.022,5704704,4421854,1019103,4667283,0,0,2048,5310.000,5.501
lltp,ILL/ILLTP-SYJ-01,,,SYJ202+1.002.p,intuitionistic,auto,1,false,,5,0,10,provable,proved,,ok,two-sided,ILL,57,2,0.687,3317,1870,694,0,0,0,2048,0.000,0.000
lltp,ILL/ILLTP-SYJ-01,,,SYJ202+1.003.p,intuitionistic,auto,1,false,,5,0,10,provable,proved,,ok,two-sided,ILL,163,3,207.822,879132,602094,111616,0,0,0,2048,190.000,0.222
lltp,ILL/ILLTP-SYJ-01,,,SYJ202+1.004.p,intuitionistic,auto,1,false,,5,0,10,provable,unknown,timeout,,two-sided,ILL,347,4,5300.200,14849152,10098019,1048576,0,0,0,2048,5280.000,4.991
lltp,ILL/ILLTP-SYJ-01,,,SYJ202+1.005.p,intuitionistic,auto,1,false,,5,0,10,provable,unknown,timeout,,two-sided,ILL,630,5,5343.926,10830336,6953918,1048576,0,0,0,2048,5320.000,7.799
lltp,ILL/ILLTP-SYJ-01,,,SYJ202+1.006.p,intuitionistic,auto,1,false,,5,0,10,provable,unknown,timeout,,two-sided,ILL,1033,6,5185.795,9320320,5917863,1048576,0,0,0,2048,5160.000,7.543
lltp,ILL/ILLTP-SYJ-01,,,SYJ202+1.007.p,intuitionistic,auto,1,false,,5,0,10,provable,unknown,timeout,,two-sided,ILL,1577,7,5181.376,7432128,4552080,1048576,0,0,0,2048,5160.000,6.086
lltp,ILL/ILLTP-SYJ-01,,,SYJ202+1.008.p,intuitionistic,auto,1,false,,5,0,10,provable,unknown,timeout,,two-sided,ILL,2283,8,5145.022,6038976,3895648,1048576,0,0,0,2048,5120.000,4.827
lltp,ILL/ILLTP-SYJ-01,,,SYJ202+1.009.p,intuitionistic,auto,1,false,,5,0,10,provable,unknown,timeout,,two-sided,ILL,3172,9,5078.178,4867328,3026896,1048576,0,0,0,2048,5060.000,4.718
lltp,ILL/ILLTP-SYJ-01,,,SYJ203+1.002.p,intuitionistic,auto,1,false,,5,0,10,provable,proved,,ok,two-sided,ILL,26,3,0.072,165,31,47,46,0,0,2048,0.000,0.000
lltp,ILL/ILLTP-SYJ-01,,,SYJ203+1.003.p,intuitionistic,auto,1,false,,5,0,10,provable,proved,,ok,two-sided,ILL,37,4,0.220,874,269,188,251,0,0,2048,0.000,0.000
lltp,ILL/ILLTP-SYJ-01,,,SYJ203+1.004.p,intuitionistic,auto,1,false,,5,0,10,provable,proved,,ok,two-sided,ILL,48,5,1.005,5415,2567,709,1537,0,0,2048,0.000,0.000
lltp,ILL/ILLTP-SYJ-01,,,SYJ203+1.005.p,intuitionistic,auto,1,false,,5,0,10,provable,proved,,ok,two-sided,ILL,59,6,6.272,35605,20239,2521,9905,0,0,2048,0.000,0.024
lltp,ILL/ILLTP-SYJ-01,,,SYJ203+1.006.p,intuitionistic,auto,1,false,,5,0,10,provable,proved,,ok,two-sided,ILL,70,7,45.469,237913,147060,8681,63914,0,0,2048,40.000,0.042
lltp,ILL/ILLTP-SYJ-01,,,SYJ203+1.007.p,intuitionistic,auto,1,false,,5,0,10,provable,proved,,ok,two-sided,ILL,81,8,293.666,1621729,1052944,29279,419877,0,0,2048,290.000,0.200
lltp,ILL/ILLTP-SYJ-01,,,SYJ203+1.008.p,intuitionistic,auto,1,false,,5,0,10,provable,proved,,ok,two-sided,ILL,92,9,2309.751,11286723,7578277,97433,2810855,0,0,2048,2290.000,2.121
lltp,ILL/ILLTP-SYJ-01,,,SYJ203+1.009.p,intuitionistic,auto,1,false,,5,0,10,provable,unknown,timeout,,two-sided,ILL,103,10,5011.936,24744128,17180462,254020,5799538,0,0,2048,4990.000,4.359
lltp,ILL/ILLTP-SYJ-01,,,SYJ203+1.010.p,intuitionistic,auto,1,false,,5,0,10,provable,unknown,timeout,,two-sided,ILL,114,11,5027.303,22880000,16319796,429868,5014472,0,0,2048,5000.000,3.641
lltp,ILL/ILLTP-SYJ-01,,,SYJ203+1.011.p,intuitionistic,auto,1,false,,5,0,10,provable,unknown,timeout,,two-sided,ILL,125,12,5175.303,22778816,16157513,706592,4885782,0,0,2048,5150.000,3.196
lltp,ILL/ILLTP-SYJ-01,,,SYJ203+1.012.p,intuitionistic,auto,1,false,,5,0,10,provable,unknown,timeout,,two-sided,ILL,136,13,5267.055,20053120,14218500,952993,4109780,0,0,2048,5250.000,3.579
lltp,ILL/ILLTP-SYJ-01,,,SYJ203+1.013.p,intuitionistic,auto,1,false,,5,0,10,provable,unknown,timeout,,two-sided,ILL,147,14,5277.830,17006784,11316215,1048576,3266217,0,0,2048,5260.000,3.919
lltp,ILL/ILLTP-SYJ-01,,,SYJ203+1.014.p,intuitionistic,auto,1,false,,5,0,10,provable,unknown,timeout,,two-sided,ILL,158,15,5232.618,14116608,8751934,1048576,2598406,0,0,2048,5210.000,4.080
lltp,ILL/ILLTP-SYJ-01,,,SYJ203+1.015.p,intuitionistic,auto,1,false,,5,0,10,provable,unknown,timeout,,two-sided,ILL,169,16,5312.815,13997120,8299769,1048576,2466463,0,0,2048,5290.000,6.309
lltp,ILL/ILLTP-SYJ-01,,,SYJ203+1.016.p,intuitionistic,auto,1,false,,5,0,10,provable,unknown,timeout,,two-sided,ILL,180,17,5249.500,12567424,7150100,1048576,2164787,0,0,2048,5220.000,5.327
lltp,ILL/ILLTP-SYJ-01,,,SYJ203+1.017.p,intuitionistic,auto,1,false,,5,0,10,provable,unknown,timeout,,two-sided,ILL,191,18,5287.365,11046848,5394843,1048576,1757035,0,0,2048,5270.000,3.936
lltp,ILL/ILLTP-SYJ-01,,,SYJ203+1.018.p,intuitionistic,auto,1,false,,5,0,10,provable,unknown,timeout,,two-sided,ILL,202,19,5248.023,11626432,5228943,1048576,1704491,0,0,2048,5230.000,4.163
lltp,ILL/ILLTP-SYJ-01,,,SYJ203+1.019.p,intuitionistic,auto,1,false,,5,0,10,provable,unknown,timeout,,two-sided,ILL,213,20,5308.243,11036480,4693634,1048576,1524655,0,0,2048,5290.000,4.112
lltp,ILL/ILLTP-SYJ-01,,,SYJ203+1.020.p,intuitionistic,auto,1,false,,5,0,10,provable,unknown,timeout,,two-sided,ILL,224,21,5312.841,10525696,4112047,1048576,1344611,0,0,2048,5290.000,4.287
lltp,ILL/ILLTP-SYJ-01,,,SYJ204+1.002.p,intuitionistic,auto,1,false,,5,0,10,provable,proved,,ok,two-sided,IMELL,23,2,0.056,107,45,26,70,0,0,2048,0.000,0.000
lltp,ILL/ILLTP-SYJ-01,,,SYJ204+1.003.p,intuitionistic,auto,1,false,,5,0,10,provable,proved,,ok,two-sided,IMELL,33,2,0.068,214,120,37,158,0,0,2048,0.000,0.000
lltp,ILL/ILLTP-SYJ-01,,,SYJ204+1.004.p,intuitionistic,auto,1,false,,5,0,10,provable,proved,,ok,two-sided,IMELL,43,2,0.414,2188,1406,230,1709,0,0,2048,0.000,0.000
lltp,ILL/ILLTP-SYJ-01,,,SYJ204+1.005.p,intuitionistic,auto,1,false,,5,0,10,provable,proved,,ok,two-sided,IMELL,53,2,0.630,3945,2827,267,3190,0,0,2048,0.000,0.000
lltp,ILL/ILLTP-SYJ-01,,,SYJ204+1.006.p,intuitionistic,auto,1,false,,5,0,10,provable,proved,,ok,two-sided,IMELL,63,2,0.996,6624,5011,311,5495,0,0,2048,0.000,0.000
lltp,ILL/ILLTP-SYJ-01,,,SYJ204+1.007.p,intuitionistic,auto,1,false,,5,0,10,provable,proved,,ok,two-sided,IMELL,73,2,1.795,13334,10364,527,11189,0,0,2048,0.000,0.002
lltp,ILL/ILLTP-SYJ-01,,,SYJ204+1.008.p,intuitionistic,auto,1,false,,5,0,10,provable,proved,,ok,two-sided,IMELL,83,2,59.456,449974,357869,7650,380637,0,0,2048,50.000,0.089
lltp,ILL/ILLTP-SYJ-01,,,SYJ204+1.009.p,intuitionistic,auto,1,false,,5,0,10,provable,proved,,ok,two-sided,IMELL,93,2,106.906,816293,661228,8258,695882,0,0,2048,100.000,0.071
lltp,ILL/ILLTP-SYJ-01,,,SYJ204+1.010.p,intuitionistic,auto,1,false,,5,0,10,provable,proved,,ok,two-sided,IMELL,103,2,195.513,1479078,1216158,8873,1269065,0,0,2048,190.000,0.110
lltp,ILL/ILLTP-SYJ-01,,,SYJ204+1.011.p,intuitionistic,auto,1,false,,5,0,10,provable,proved,,ok,two-sided,IMELL,113,2,345.235,2667411,2224705,9500,2299821,0,0,2048,330.000,0.217
lltp,ILL/ILLTP-SYJ-01,,,SYJ204+1.012.p,intuitionistic,auto,1,false,,5,0,10,provable,proved,,ok,two-sided,IMELL,123,2,614.419,4821844,4079462,10724,4169329,0,0,2048,600.000,0.449
lltp,ILL/ILLTP-SYJ-01,,,SYJ204+1.013.p,intuitionistic,auto,1,false,,5,0,10,provable,proved,,ok,two-sided,IMELL,133,2,1083.284,8981581,7713867,15306,7753773,0,0,2048,1070.000,0.637
lltp,ILL/ILLTP-SYJ-01,,,SYJ204+1.014.p,intuitionistic,auto,1,false,,5,0,10,provable,proved,,ok,two-sided,IMELL,143,2,2293.917,15708917,13665616,16194,13569645,0,0,2048,2280.000,1.325
lltp,ILL/ILLTP-SYJ-01,,,SYJ204+1.015.p,intuitionistic,auto,1,false,,5,0,10,provable,proved,,ok,two-sided,IMELL,153,2,3384.577,26509747,23337572,17952,22939276,0,0,2048,3370.000,1.888
lltp,ILL/ILLTP-SYJ-01,,,SYJ204+1.016.p,intuitionistic,auto,1,false,,5,0,10,provable,unknown,timeout,,two-sided,IMELL,163,2,5004.348,41968960,37336268,16031,36492309,0,0,2048,4990.000,2.802
lltp,ILL/ILLTP-SYJ-01,,,SYJ204+1.017.p,intuitionistic,auto,1,false,,5,0,10,provable,unknown,timeout,,two-sided,IMELL,173,2,5002.847,39026240,34968993,8738,34264745,0,0,2048,4990.000,2.869
lltp,ILL/ILLTP-SYJ-01,,,SYJ204+1.018.p,intuitionistic,auto,1,false,,5,0,10,provable,unknown,timeout,,two-sided,IMELL,183,2,5002.668,39243264,35364896,6337,34761670,0,0,2048,4980.000,3.026
lltp,ILL/ILLTP-SYJ-01,,,SYJ204+1.019.p,intuitionistic,auto,1,false,,5,0,10,provable,unknown,timeout,,two-sided,IMELL,193,2,5002.968,37476544,34218224,3758,32971763,0,0,2048,4980.000,3.994
lltp,ILL/ILLTP-SYJ-01,,,SYJ204+1.020.p,intuitionistic,auto,1,false,,5,0,10,provable,unknown,timeout,,two-sided,IMELL,203,2,5002.504,36574400,33216018,3923,33072897,0,0,2048,4980.000,4.250
lltp,ILL/ILLTP-SYJ-01,,,SYJ205+1.001.p,intuitionistic,auto,1,false,,5,0,10,provable,proved,,ok,two-sided,ILL,68,2,0.218,958,504,171,226,0,0,2048,0.000,0.000
lltp,ILL/ILLTP-SYJ-01,,,SYJ205+1.002.p,intuitionistic,auto,1,false,,5,0,10,provable,proved,,ok,two-sided,ILL,92,2,1.405,8599,6455,631,2095,0,0,2048,0.000,0.000
lltp,ILL/ILLTP-SYJ-01,,,SYJ205+1.003.p,intuitionistic,auto,1,false,,5,0,10,provable,proved,,ok,two-sided,ILL,116,2,8.073,50389,36436,2764,11540,0,0,2048,0.000,0.019
lltp,ILL/ILLTP-SYJ-01,,,SYJ205+1.004.p,intuitionistic,auto,1,false,,5,0,10,provable,unknown,copy_bound,,two-sided,ILL,140,2,6.079,36136,29979,2468,6817,0,0,2048,0.000,0.015
lltp,ILL/ILLTP-SYJ-01,,,SYJ205+1.005.p,intuitionistic,auto,1,false,,5,0,10,provable,unknown,copy_bound,,two-sided,ILL,164,2,6.425,39298,32467,2976,6828,0,0,2048,0.000,0.005
lltp,ILL/ILLTP-SYJ-01,,,SYJ205+1.006.p,intuitionistic,auto,1,false,,5,0,10,provable,unknown,copy_bound,,two-sided,ILL,188,2,6.723,40026,33028,3138,6717,0,0,2048,0.000,0.025
lltp,ILL/ILLTP-SYJ-01,,,SYJ205+1.007.p,intuitionistic,auto,1,false,,5,0,10,provable,unknown,copy_bound,,two-sided,ILL,212,2,6.264,40128,33111,3169,6670,0,0,2048,0.000,0.006
lltp,ILL/ILLTP-SYJ-01,,,SYJ205+1.008.p,intuitionistic,auto,1,false,,5,0,10,provable,unknown,copy_bound,,two-sided,ILL,236,2,6.392,40132,33112,3173,6660,0,0,2048,0.000,0.017
lltp,ILL/ILLTP-SYJ-01,,,SYJ205+1.009.p,intuitionistic,auto,1,false,,5,0,10,provable,unknown,copy_bound,,two-sided,ILL,260,2,6.763,40132,33112,3173,6659,0,0,2048,0.000,0.015
lltp,ILL/ILLTP-SYJ-01,,,SYJ205+1.010.p,intuitionistic,auto,1,false,,5,0,10,provable,unknown,copy_bound,,two-sided,ILL,284,2,6.887,40132,33112,3173,6659,0,0,2048,0.000,0.005
lltp,ILL/ILLTP-SYJ-01,,,SYJ205+1.011.p,intuitionistic,auto,1,false,,5,0,10,provable,unknown,copy_bound,,two-sided,ILL,308,2,7.121,40132,33112,3173,6659,0,0,2048,0.000,0.018
lltp,ILL/ILLTP-SYJ-01,,,SYJ205+1.012.p,intuitionistic,auto,1,false,,5,0,10,provable,unknown,copy_bound,,two-sided,ILL,332,2,7.233,40132,33112,3173,6659,0,0,2048,0.000,0.012
lltp,ILL/ILLTP-SYJ-01,,,SYJ205+1.013.p,intuitionistic,auto,1,false,,5,0,10,provable,unknown,copy_bound,,two-sided,ILL,356,2,7.507,40132,33112,3173,6659,0,0,2048,0.000,0.017
lltp,ILL/ILLTP-SYJ-01,,,SYJ205+1.014.p,intuitionistic,auto,1,false,,5,0,10,provable,unknown,copy_bound,,two-sided,ILL,380,2,7.630,40132,33112,3173,6659,0,0,2048,0.000,0.014
lltp,ILL/ILLTP-SYJ-01,,,SYJ205+1.015.p,intuitionistic,auto,1,false,,5,0,10,provable,unknown,copy_bound,,two-sided,ILL,404,2,7.719,40132,33112,3173,6659,0,0,2048,0.000,0.018
lltp,ILL/ILLTP-SYJ-01,,,SYJ205+1.016.p,intuitionistic,auto,1,false,,5,0,10,provable,unknown,copy_bound,,two-sided,ILL,428,2,8.020,40132,33112,3173,6659,0,0,2048,0.000,0.017
lltp,ILL/ILLTP-SYJ-01,,,SYJ205+1.017.p,intuitionistic,auto,1,false,,5,0,10,provable,unknown,copy_bound,,two-sided,ILL,452,2,7.966,40132,33112,3173,6659,0,0,2048,0.000,0.018
lltp,ILL/ILLTP-SYJ-01,,,SYJ205+1.018.p,intuitionistic,auto,1,false,,5,0,10,provable,unknown,copy_bound,,two-sided,ILL,476,2,8.153,40132,33112,3173,6659,0,0,2048,0.000,0.018
lltp,ILL/ILLTP-SYJ-01,,,SYJ205+1.019.p,intuitionistic,auto,1,false,,5,0,10,provable,unknown,copy_bound,,two-sided,ILL,500,2,8.338,40132,33112,3173,6659,0,0,2048,0.000,0.007
lltp,ILL/ILLTP-SYJ-01,,,SYJ205+1.020.p,intuitionistic,auto,1,false,,5,0,10,provable,unknown,copy_bound,,two-sided,ILL,524,2,8.888,40132,33112,3173,6659,0,0,2048,0.000,0.018
lltp,ILL/ILLTP-SYJ-01,,,SYJ206+1.003.p,intuitionistic,auto,1,false,,5,0,10,provable,proved,,ok,two-sided,ILL,150,8,0.758,3515,1569,768,827,0,0,2048,0.000,0.000
lltp,ILL/ILLTP-SYJ-01,,,SYJ206+1.004.p,intuitionistic,auto,1,false,,5,0,10,provable,proved,,ok,two-sided,ILL,334,16,28.411,167286,104528,14451,36511,0,0,2048,20.000,0.045
lltp,ILL/ILLTP-SYJ-01,,,SYJ206+1.005.p,intuitionistic,auto,1,false,,5,0,10,provable,proved,,ok,two-sided,ILL,702,32,2862.070,16143830,11706568,378477,2920667,0,0,2048,2840.000,2.062
lltp,ILL/ILLTP-SYJ-01,,,SYJ206+1.006.p,intuitionistic,auto,1,false,,5,0,10,provable,unknown,timeout,,two-sided,ILL,1438,64,5014.233,26314688,22513553,86510,3000284,0,0,2048,4990.000,3.148
lltp,ILL/ILLTP-SYJ-01,,,SYJ206+1.007.p,intuitionistic,auto,1,false,,5,0,10,provable,unknown,timeout,,two-sided,ILL,2910,128,5022.470,20919232,18408030,113467,1945625,0,0,2048,5000.000,3.336
lltp,ILL/ILLTP-SYJ-01,,,SYJ206+1.008.p,intuitionistic,auto,1,false,,5,0,10,provable,unknown,timeout,,two-sided,ILL,5854,256,5075.115,13514496,11904008,229383,1244871,0,0,2048,5060.000,3.872
lltp,ILL/ILLTP-SYJ-01,,,SYJ206+1.009.p,intuitionistic,auto,1,false,,5,0,10,provable,unknown,timeout,,two-sided,ILL,11742,512,5054.921,6862336,6078898,208926,496660,0,0,2048,5030.000,4.315
lltp,ILL/ILLTP-SYJ-01,,,SYJ206+1.010.p,intuitionistic,auto,1,false,,5,0,10,provable,unknown,timeout,,two-sided,ILL,23518,1024,5085.201,3637632,3139265,204229,242214,0,0,2048,5080.000,4.464
lltp,ILL/ILLTP-SYJ-01,,,SYJ206+1.011.p,intuitionistic,auto,1,false,,5,0,10,provable,unknown,timeout,,two-sided,ILL,47070,2048,5086.458,1612096,1332666,164580,97721,0,0,2048,5070.000,4.842
lltp,ILL/ILLTP-SYJ-01,,,SYJ206+1.012.p,intuitionistic,auto,1,false,,5,0,10,provable,unknown,timeout,,two-sided,ILL,94174,4096,5080.396,657024,491375,117831,36619,0,0,2048,5060.000,5.294
lltp,ILL/ILLTP-SYJ-01,,,SYJ206+1.013.p,intuitionistic,auto,1,false,,5,0,10,provable,unknown,timeout,,two-sided,ILL,188382,8192,5085.821,287040,194341,72975,14315,0,0,2048,5070.000,5.610
lltp,ILL/ILLTP-SYJ-01,,,SYJ206+1.014.p,intuitionistic,auto,1,false,,5,0,10,provable,unknown,timeout,,two-sided,ILL,376798,16384,5119.565,131904,74086,47801,5767,0,0,2048,5100.000,5.266
lltp,ILL/ILLTP-SYJ-01,,,SYJ206+1.015.p,intuitionistic,auto,1,false,,5,0,10,provable,unknown,timeout,,two-sided,ILL,753630,32768,5065.564,60800,32011,24435,2163,0,0,2048,5050.000,5.232
lltp,ILL/ILLTP-SYJ-01,,,SYJ207+1.001.p,intuitionistic,auto,1,false,,5,0,10,unprovable,unknown,copy_bound,,two-sided,ILL,58,4,3.940,29951,11886,79,18300,0,0,2048,0.000,0.003
lltp,ILL/ILLTP-SYJ-01,,,SYJ207+1.002.p,intuitionistic,auto,1,false,,5,0,10,unprovable,unknown,copy_bound,,two-sided,ILL,138,6,2234.526,13487847,8314619,6745,9205639,0,0,2048,2230.000,2.169
lltp,ILL/ILLTP-SYJ-01,,,SYJ207+1.003.p,intuitionistic,auto,1,false,,5,0,10,unprovable,unknown,timeout,,two-sided,ILL,250,8,5052.223,35029632,25168502,283359,23897883,0,0,2048,5030.000,4.923
lltp,ILL/ILLTP-SYJ-01,,,SYJ207+1.004.p,intuitionistic,auto,1,false,,5,0,10,unprovable,unknown,timeout,,two-sided,ILL,394,10,5069.982,32182208,24558895,285109,23386139,0,0,2048,5050.000,3.781
lltp,ILL/ILLTP-SYJ-01,,,SYJ207+1.005.p,intuitionistic,auto,1,false,,5,0,10,unprovable,unknown,timeout,,two-sided,ILL,570,12,5089.416,28026944,22184544,303847,20939204,0,0,2048,5070.000,3.495
lltp,ILL/ILLTP-SYJ-01,,,SYJ207+1.006.p,intuitionistic,auto,1,false,,5,0,10,unprovable,unknown,timeout,,two-sided,ILL,778,14,5143.889,25407744,20684365,420121,19705624,0,0,2048,5120.000,3.452
lltp,ILL/ILLTP-SYJ-01,,,SYJ207+1.007.p,intuitionistic,auto,1,false,,5,0,10,unprovable,unknown,timeout,,two-sided,ILL,1018,16,5125.689,23581632,19552090,514678,18717892,0,0,2048,5110.000,3.508
lltp,ILL/ILLTP-SYJ-01,,,SYJ207+1.008.p,intuitionistic,auto,1,false,,5,0,10,,unknown,timeout,,two-sided,ILL,1290,18,5146.457,19933504,16724050,578170,16097589,0,0,2048,5130.000,3.608
lltp,ILL/ILLTP-SYJ-01,,,SYJ207+1.009.p,intuitionistic,auto,1,false,,5,0,10,,unknown,timeout,,two-sided,ILL,1594,20,5144.226,18361024,15562319,583177,15060406,0,0,2048,5120.000,3.661
lltp,ILL/ILLTP-SYJ-01,,,SYJ207+1.010.p,intuitionistic,auto,1,false,,5,0,10,,unknown,timeout,,two-sided,ILL,1930,22,5217.387,16590016,14022495,795773,13699845,0,0,2048,5200.000,4.021
lltp,ILL/ILLTP-SYJ-01,,,SYJ207+1.011.p,intuitionistic,auto,1,false,,5,0,10,,unknown,timeout,,two-sided,ILL,2298,24,5227.840,14361664,12107495,870922,11923382,0,0,2048,5210.000,3.965
lltp,ILL/ILLTP-SYJ-01,,,SYJ207+1.012.p,intuitionistic,auto,1,false,,5,0,10,,unknown,timeout,,two-sided,ILL,2698,26,5243.714,13707328,11594766,894784,11471362,0,0,2048,5220.000,4.046
lltp,ILL/ILLTP-SYJ-01,,,SYJ207+1.013.p,intuitionistic,auto,1,false,,5,0,10,,unknown,timeout,,two-sided,ILL,3130,28,5426.205,12013568,10119235,917540,10080729,0,0,2048,5400.000,4.629
lltp,ILL/ILLTP-SYJ-01,,,SYJ207+1.014.p,intuitionistic,auto,1,false,,5,0,10,,unknown,timeout,,two-sided,ILL,3594,30,5240.411,11480064,9724675,877849,9711914,0,0,2048,5220.000,4.019
lltp,ILL/ILLTP-SYJ-01,,,SYJ207+1.015.p,intuitionistic,auto,1,false,,5,0,10,,unknown,timeout,,two-sided,ILL,4090,32,5270.302,9046720,7508233,917515,7591097,0,0,2048,5250.000,4.070
lltp,ILL/ILLTP-SYJ-01,,,SYJ207+1.016.p,intuitionistic,auto,1,false,,5,0,10,,unknown,timeout,,two-sided,ILL,4618,34,5489.960,8944448,7449068,917522,7549626,0,0,2048,5470.000,4.242
lltp,ILL/ILLTP-SYJ-01,,,SYJ207+1.017.p,intuitionistic,auto,1,false,,5,0,10,,unknown,timeout,,two-sided,ILL,5178,36,5238.068,8700800,7257879,912029,7380625,0,0,2048,5220.000,3.751
lltp,ILL/ILLTP-SYJ-01,,,SYJ207+1.018.p,intuitionistic,auto,1,false,,5,0,10,,unknown,timeout,,two-sided,ILL,5770,38,5282.755,7060288,5685973,988793,5880138,0,0,2048,5260.000,4.267
lltp,ILL/ILLTP-SYJ-01,,,SYJ207+1.019.p,intuitionistic,auto,1,false,,5,0,10,,unknown,timeout,,two-sided,ILL,6394,40,5296.030,6370048,5034099,1013619,5257321,0,0,2048,5270.000,4.704
lltp,ILL/ILLTP-SYJ-01,,,SYJ207+1.020.p,intuitionistic,auto,1,false,,5,0,10,,unknown,timeout,,two-sided,ILL,7050,42,5314.169,6064192,4747033,1027605,4986133,0,0,2048,5290.000,4.920
lltp,ILL/ILLTP-SYJ-01,,,SYJ208+1.001.p,intuitionistic,auto,1,false,,5,0,10,unprovable,unknown,copy_bound,,two-sided,ILL,25,1,0.240,1585,604,31,1026,0,0,2048,0.000,0.000
lltp,ILL/ILLTP-SYJ-01,,,SYJ208+1.002.p,intuitionistic,auto,1,false,,5,0,10,unprovable,unknown,copy_bound,,two-sided,ILL,81,2,3.992,23951,18286,913,5354,0,0,2048,0.000,0.013
lltp,ILL/ILLTP-SYJ-01,,,SYJ208+1.003.p,intuitionistic,auto,1,false,,5,0,10,unprovable,unknown,copy_bound,,two-sided,ILL,195,3,376.761,1798682,1453420,107845,114694,0,0,2048,360.000,0.508
lltp,ILL/ILLTP-SYJ-01,,,SYJ208+1.004.p,intuitionistic,auto,1,false,,5,0,10,unprovable,unknown,timeout,,two-sided,ILL,387,4,5149.810,14981056,10142400,1048576,2649,0,0,2048,5130.000,3.829
lltp,ILL/ILLTP-SYJ-01,,,SYJ208+1.005.p,intuitionistic,auto,1,false,,5,0,10,unprovable,unknown,timeout,,two-sided,ILL,678,5,5346.073,12256384,7637315,1048576,0,0,0,2048,5320.000,4.383
lltp,ILL/ILLTP-SYJ-01,,,SYJ208+1.006.p,intuitionistic,auto,1,false,,5,0,10,unprovable,unknown,timeout,,two-sided,ILL,1089,6,5046.987,9799488,6158736,1048576,0,0,0,2048,5020.000,4.206
lltp,ILL/ILLTP-SYJ-01,,,SYJ208+1.007.p,intuitionistic,auto,1,false,,5,0,10,unprovable,unknown,timeout,,two-sided,ILL,1641,7,5020.563,7448064,4557808,1048576,0,0,0,2048,4990.000,4.368
lltp,ILL/ILLTP-SYJ-01,,,SYJ208+1.008.p,intuitionistic,auto,1,false,,5,0,10,unprovable,unknown,timeout,,two-sided,ILL,2355,8,5127.431,5834880,3779566,1048576,0,0,0,2048,5110.000,4.460
lltp,ILL/ILLTP-SYJ-01,,,SYJ208+1.009.p,intuitionistic,auto,1,false,,5,0,10,unprovable,unknown,timeout,,two-sided,ILL,3252,9,5077.283,4851264,3016174,1048576,0,0,0,2048,5060.000,4.484
lltp,ILL/ILLTP-SYJ-01,,,SYJ209+1.002.p,intuitionistic,auto,1,false,,5,0,10,unprovable,unprovable,,,two-sided,ILL,34,2,0.062,206,48,20,84,0,0,2048,0.000,0.000
lltp,ILL/ILLTP-SYJ-01,,,SYJ209+1.003.p,intuitionistic,auto,1,false,,5,0,10,unprovable,unknown,copy_bound,,two-sided,ILL,45,3,0.809,5526,1067,81,2470,0,0,2048,0.000,0.000
lltp,ILL/ILLTP-SYJ-01,,,SYJ209+1.004.p,intuitionistic,auto,1,false,,5,0,10,unprovable,unknown,copy_bound,,two-sided,ILL,56,4,9.099,55278,18169,319,22702,0,0,2048,0.000,0.005
lltp,ILL/ILLTP-SYJ-01,,,SYJ209+1.005.p,intuitionistic,auto,1,false,,5,0,10,unprovable,unknown,copy_bound,,two-sided,ILL,67,5,64.423,364194,170233,1184,128830,0,0,2048,60.000,0.349
lltp,ILL/ILLTP-SYJ-01,,,SYJ209+1.006.p,intuitionistic,auto,1,false,,5,0,10,unprovable,unknown,copy_bound,,two-sided,ILL,78,6,306.343,1614557,888619,4202,508421,0,0,2048,300.000,0.195
lltp,ILL/ILLTP-SYJ-01,,,SYJ209+1.007.p,intuitionistic,auto,1,false,,5,0,10,unprovable,unknown,copy_bound,,two-sided,ILL,89,7,1056.576,5478672,3305163,14117,1577884,0,0,2048,1050.000,0.744
lltp,ILL/ILLTP-SYJ-01,,,SYJ209+1.008.p,intuitionistic,auto,1,false,,5,0,10,unprovable,unknown,copy_bound,,two-sided,ILL,100,8,3188.487,15456942,9891177,43979,4145614,0,0,2048,3170.000,2.151
lltp,ILL/ILLTP-SYJ-01,,,SYJ209+1.009.p,intuitionistic,auto,1,false,,5,0,10,unprovable,unknown,timeout,,two-sided,ILL,111,9,5005.186,22913216,15698775,118753,5553776,0,0,2048,4990.000,4.396
lltp,ILL/ILLTP-SYJ-01,,,SYJ209+1.010.p,intuitionistic,auto,1,false,,5,0,10,unprovable,unknown,timeout,,two-sided,ILL,122,10,5014.765,24323072,16773503,241474,5785847,0,0,2048,4990.000,4.226
lltp,ILL/ILLTP-SYJ-01,,,SYJ209+1.011.p,intuitionistic,auto,1,false,,5,0,10,,unknown,timeout,,two-sided,ILL,133,11,5026.587,21577472,15412332,441186,4697405,0,0,2048,5010.000,4.185
lltp,ILL/ILLTP-SYJ-01,,,SYJ209+1.012.p,intuitionistic,auto,1,false,,5,0,10,,unknown,timeout,,two-sided,ILL,144,12,5042.572,19233408,13580572,620644,4166946,0,0,2048,5020.000,2.943
lltp,ILL/ILLTP-SYJ-01,,,SYJ209+1.013.p,intuitionistic,auto,1,false,,5,0,10,,unknown,timeout,,two-sided,ILL,155,13,5076.107,18510784,13107391,939550,3767469,0,0,2048,5050.000,3.183
lltp,ILL/ILLTP-SYJ-01,,,SYJ209+1.014.p,intuitionistic,auto,1,false,,5,0,10,,unknown,timeout,,two-sided,ILL,166,14,5043.564,17130176,11379589,1048576,3316760,0,0,2048,5020.000,3.263
lltp,ILL/ILLTP-SYJ-01,,,SYJ209+1.015.p,intuitionistic,auto,1,false,,5,0,10,,unknown,timeout,,two-sided,ILL,177,15,5105.277,15654592,9578021,1048576,2865391,0,0,2048,5090.000,3.840
lltp,ILL/ILLTP-SYJ-01,,,SYJ209+1.016.p,intuitionistic,auto,1,false,,5,0,10,,unknown,timeout,,two-sided,ILL,188,16,5045.203,13950464,8146377,1048576,2429173,0,0,2048,5030.000,3.336
lltp,ILL/ILLTP-SYJ-01,,,SYJ209+1.017.p,intuitionistic,auto,1,false,,5,0,10,,unknown,timeout,,two-sided,ILL,199,17,5045.925,14419840,7951861,1048576,2419834,0,0,2048,5030.000,3.420
lltp,ILL/ILLTP-SYJ-01,,,SYJ209+1.018.p,intuitionistic,auto,1,false,,5,0,10,,unknown,timeout,,two-sided,ILL,210,18,5094.719,12997440,6245421,1048576,2041983,0,0,2048,5070.000,3.462
lltp,ILL/ILLTP-SYJ-01,,,SYJ209+1.019.p,intuitionistic,auto,1,false,,5,0,10,,unknown,timeout,,two-sided,ILL,221,19,5028.467,11930944,5320834,1048576,1731961,0,0,2048,5000.000,3.456
lltp,ILL/ILLTP-SYJ-01,,,SYJ209+1.020.p,intuitionistic,auto,1,false,,5,0,10,,unknown,timeout,,two-sided,ILL,232,20,5035.378,11284864,4799929,1048576,1551824,0,0,2048,5010.000,3.519
lltp,ILL/ILLTP-SYJ-01,,,SYJ210+1.001.p,intuitionistic,auto,1,false,,5,0,10,unprovable,unknown,copy_bound,,two-sided,ILL,21,2,0.076,350,227,15,207,0,0,2048,0.000,0.000
lltp,ILL/ILLTP-SYJ-01,,,SYJ210+1.002.p,intuitionistic,auto,1,false,,5,0,10,unprovable,unknown,copy_bound,,two-sided,ILL,31,2,0.235,1443,1051,61,888,0,0,2048,0.000,0.000
lltp,ILL/ILLTP-SYJ-01,,,SYJ210+1.003.p,intuitionistic,auto,1,false,,5,0,10,unprovable,unknown,copy_bound,,two-sided,ILL,41,2,0.949,6626,4920,233,4454,0,0,2048,0.000,0.000
lltp,ILL/ILLTP-SYJ-01,,,SYJ210+1.004.p,intuitionistic,auto,1,false,,5,0,10,unprovable,unknown,copy_bound,,two-sided,ILL,51,2,5.513,39923,30047,859,28746,0,0,2048,0.000,0.004
lltp,ILL/ILLTP-SYJ-01,,,SYJ210+1.005.p,intuitionistic,auto,1,false,,5,0,10,unprovable,unknown,copy_bound,,two-sided,ILL,61,2,26.056,191856,147648,2911,145958,0,0,2048,20.000,0.036
lltp,ILL/ILLTP-SYJ-01,,,SYJ210+1.006.p,intuitionistic,auto,1,false,,5,0,10,unprovable,unknown,copy_bound,,two-sided,ILL,71,2,98.503,746602,585321,8121,590325,0,0,2048,90.000,0.060
lltp,ILL/ILLTP-SYJ-01,,,SYJ210+1.007.p,intuitionistic,auto,1,false,,5,0,10,unprovable,unknown,copy_bound,,two-sided,ILL,81,2,331.435,2585377,2063017,18978,2080283,0,0,2048,320.000,0.216
lltp,ILL/ILLTP-SYJ-01,,,SYJ210+1.008.p,intuitionistic,auto,1,false,,5,0,10,unprovable,unknown,copy_bound,,two-sided,ILL,91,2,1052.254,8168779,6613919,37857,6612404,0,0,2048,1040.000,0.838
lltp,ILL/ILLTP-SYJ-01,,,SYJ210+1.009.p,intuitionistic,auto,1,false,,5,0,10,unprovable,unknown,copy_bound,,two-sided,ILL,101,2,1960.410,15660945,12866231,54579,12706976,0,0,2048,1950.000,1.080
lltp,ILL/ILLTP-SYJ-01,,,SYJ210+1.010.p,intuitionistic,auto,1,false,,5,0,10,unprovable,unknown,copy_bound,,two-sided,ILL,111,2,4130.019,31848377,26506738,72577,25745513,0,0,2048,4120.000,2.823
lltp,ILL/ILLTP-SYJ-01,,,SYJ210+1.011.p,intuitionistic,auto,1,false,,5,0,10,unprovable,unknown,timeout,,two-sided,ILL,121,2,5006.785,42712448,35871492,49502,34618162,0,0,2048,4990.000,2.731
lltp,ILL/ILLTP-SYJ-01,,,SYJ210+1.012.p,intuitionistic,auto,1,false,,5,0,10,unprovable,unknown,timeout,,two-sided,ILL,131,2,5005.570,39373056,33292808,28153,31819246,0,0,2048,4990.000,2.626
lltp,ILL/ILLTP-SYJ-01,,,SYJ210+1.013.p,intuitionistic,auto,1,false,,5,0,10,unprovable,unknown,timeout,,two-sided,ILL,141,2,5005.796,41488704,35056358,6365,33043789,0,0,2048,4980.000,2.595
lltp,ILL/ILLTP-SYJ-01,,,SYJ210+1.014.p,intuitionistic,auto,1,false,,5,0,10,unprovable,unknown,timeout,,two-sided,ILL,151,2,5005.840,39609856,33971022,2532,31288712,0,0,2048,4980.000,2.688
lltp,ILL/ILLTP-SYJ-01,,,SYJ210+1.015.p,intuitionistic,auto,1,false,,5,0,10,unprovable,unknown,timeout,,two-sided,ILL,161,2,5005.232,40503936,35257415,2666,32523453,0,0,2048,4990.000,2.675
lltp,ILL/ILLTP-SYJ-01,,,SYJ210+1.016.p,intuitionistic,auto,1,false,,5,0,10,unprovable,unknown,timeout,,two-sided,ILL,171,2,5004.603,41305344,36508502,1779,33399096,0,0,2048,4980.000,2.632
lltp,ILL/ILLTP-SYJ-01,,,SYJ210+1.017.p,intuitionistic,auto,1,false,,5,0,10,unprovable,unknown,timeout,,two-sided,ILL,181,2,5004.032,41228224,36718844,695,34031329,0,0,2048,4980.000,2.629
lltp,ILL/ILLTP-SYJ-01,,,SYJ210+1.018.p,intuitionistic,auto,1,false,,5,0,10,unprovable,unknown,timeout,,two-sided,ILL,191,2,5003.868,42868288,38409810,728,36170997,0,0,2048,4980.000,2.624
lltp,ILL/ILLTP-SYJ-01,,,SYJ210+1.019.p,intuitionistic,auto,1,false,,5,0,10,unprovable,unknown,timeout,,two-sided,ILL,201,2,5002.534,38428032,34577312,755,33487880,0,0,2048,4990.000,2.534
lltp,ILL/ILLTP-SYJ-01,,,SYJ210+1.020.p,intuitionistic,auto,1,false,,5,0,10,unprovable,unknown,timeout,,two-sided,ILL,211,2,5002.146,38205632,34636417,446,33817766,0,0,2048,4980.000,2.511
lltp,ILL/ILLTP-SYJ-01,,,SYJ211+1.001.p,intuitionistic,auto,1,false,,5,0,10,unprovable,unknown,copy_bound,,two-sided,ILL,43,2,0.035,142,99,6,111,0,0,2048,0.000,0.000
lltp,ILL/ILLTP-SYJ-01,,,SYJ211+1.002.p,intuitionistic,auto,1,false,,5,0,10,unprovable,unknown,copy_bound,,two-sided,ILL,61,2,0.047,225,171,8,184,0,0,2048,0.000,0.000
lltp,ILL/ILLTP-SYJ-01,,,SYJ211+1.003.p,intuitionistic,auto,1,false,,5,0,10,unprovable,unknown,copy_bound,,two-sided,ILL,79,2,0.051,326,261,10,275,0,0,2048,0.000,0.000
lltp,ILL/ILLTP-SYJ-01,,,SYJ211+1.004.p,intuitionistic,auto,1,false,,5,0,10,unprovable,unknown,copy_bound,,two-sided,ILL,97,2,0.059,445,369,12,384,0,0,2048,0.000,0.000
lltp,ILL/ILLTP-SYJ-01,,,SYJ211+1.005.p,intuitionistic,auto,1,false,,5,0,10,unprovable,unknown,copy_bound,,two-sided,ILL,115,2,0.081,582,495,14,511,0,0,2048,0.000,0.000
lltp,ILL/ILLTP-SYJ-01,,,SYJ211+1.006.p,intuitionistic,auto,1,false,,5,0,10,unprovable,unknown,copy_bound,,two-sided,ILL,133,2,0.098,737,639,16,656,0,0,2048,0.000,0.000
lltp,ILL/ILLTP-SYJ-01,,,SYJ211+1.007.p,intuitionistic,auto,1,false,,5,0,10,unprovable,unknown,copy_bound,,two-sided,ILL,151,2,0.119,910,801,18,819,0,0,2048,0.000,0.000
lltp,ILL/ILLTP-SYJ-01,,,SYJ211+1.008.p,intuitionistic,auto,1,false,,5,0,10,unprovable,unknown,copy_bound,,two-sided,ILL,169,2,0.128,1101,981,20,1000,0,0,2048,0.000,0.000
lltp,ILL/ILLTP-SYJ-01,,,SYJ211+1.009.p,intuitionistic,auto,1,false,,5,0,10,unprovable,unknown,copy_bound,,two-sided,ILL,187,2,0.143,1310,1179,22,1199,0,0,2048,0.000,0.000
lltp,ILL/ILLTP-SYJ-01,,,SYJ211+1.010.p,intuitionistic,auto,1,false,,5,0,10,unprovable,unknown,copy_bound,,two-sided,ILL,205,2,0.164,1537,1395,24,1416,0,0,2048,0.000,0.000
lltp,ILL/ILLTP-SYJ-01,,,SYJ211+1.011.p,intuitionistic,auto,1,false,,5,0,10,unprovable,unknown,copy_bound,,two-sided,ILL,223,2,0.192,1782,1629,26,1651,0,0,2048,0.000,0.000
lltp,ILL/ILLTP-SYJ-01,,,SYJ211+1.012.p,intuitionistic,auto,1,false,,5,0,10,unprovable,unknown,copy_bound,,two-sided,ILL,241,2,0.206,2045,1881,28,1904,0,0,2048,0.000,0.000
lltp,ILL/ILLTP-SYJ-01,,,SYJ211+1.013.p,intuitionistic,auto,1,false,,5,0,10,unprovable,unknown,copy_bound,,two-sided,ILL,259,2,0.247,2326,2151,30,2175,0,0,2048,0.000,0.000
lltp,ILL/ILLTP-SYJ-01,,,SYJ211+1.014.p,intuitionistic,auto,1,false,,5,0,10,unprovable,unknown,copy_bound,,two-sided,ILL,277,2,0.278,2625,2439,32,2464,0,0,2048,0.000,0.000
lltp,ILL/ILLTP-SYJ-01,,,SYJ211+1.015.p,intuitionistic,auto,1,false,,5,0,10,unprovable,unknown,copy_bound,,two-sided,ILL,295,2,0.314,2942,2745,34,2771,0,0,2048,0.000,0.000
lltp,ILL/ILLTP-SYJ-01,,,SYJ211+1.016.p,intuitionistic,auto,1,false,,5,0,10,unprovable,unknown,copy_bound,,two-sided,ILL,313,2,0.354,3277,3069,36,3096,0,0,2048,0.000,0.000
lltp,ILL/ILLTP-SYJ-01,,,SYJ211+1.017.p,intuitionistic,auto,1,false,,5,0,10,unprovable,unknown,copy_bound,,two-sided,ILL,331,2,0.377,3630,3411,38,3439,0,0,2048,0.000,0.000
lltp,ILL/ILLTP-SYJ-01,,,SYJ211+1.018.p,intuitionistic,auto,1,false,,5,0,10,unprovable,unknown,copy_bound,,two-sided,ILL,349,2,0.414,4001,3771,40,3800,0,0,2048,0.000,0.000
lltp,ILL/ILLTP-SYJ-01,,,SYJ211+1.019.p,intuitionistic,auto,1,false,,5,0,10,unprovable,unknown,copy_bound,,two-sided,ILL,367,2,0.472,4390,4149,42,4179,0,0,2048,0.000,0.000
lltp,ILL/ILLTP-SYJ-01,,,SYJ211+1.020.p,intuitionistic,auto,1,false,,5,0,10,unprovable,unknown,copy_bound,,two-sided,ILL,385,2,0.511,4797,4545,44,4576,0,0,2048,0.000,0.000
lltp,ILL/ILLTP-SYJ-01,,,SYJ212+1.001.p,intuitionistic,auto,1,false,,5,0,10,unprovable,proved,,ok,two-sided,ILL,25,2,0.089,318,140,53,102,0,0,2048,0.000,0.000
lltp,ILL/ILLTP-SYJ-01,,,SYJ212+1.002.p,intuitionistic,auto,1,false,,5,0,10,unprovable,unprovable,,,two-sided,ILL,82,4,0.946,6224,1867,60,2655,0,0,2048,0.000,0.008
lltp,ILL/ILLTP-SYJ-01,,,SYJ212+1.003.p,intuitionistic,auto,1,false,,5,0,10,unprovable,unknown,copy_bound,,two-sided,ILL,198,8,23.944,173824,124661,7474,52993,0,0,2048,20.000,0.028
lltp,ILL/ILLTP-SYJ-01,,,SYJ212+1.004.p,intuitionistic,auto,1,false,,5,0,10,unprovable,unknown,copy_bound,,two-sided,ILL,430,16,108.600,707973,537885,24430,176261,0,0,2048,100.000,0.074
lltp,ILL/ILLTP-SYJ-01,,,SYJ212+1.005.p,intuitionistic,auto,1,false,,5,0,10,unprovable,unknown,copy_bound,,two-sided,ILL,894,32,1892.358,11071527,8597659,98809,1961139,0,0,2048,1880.000,1.068
lltp,ILL/ILLTP-SYJ-01,,,SYJ212+1.006.p,intuitionistic,auto,1,false,,5,0,10,unprovable,unknown,timeout,,two-sided,ILL,1822,64,5026.556,24340480,20611369,148928,2973344,0,0,2048,5010.000,2.823
lltp,ILL/ILLTP-SYJ-01,,,SYJ212+1.007.p,intuitionistic,auto,1,false,,5,0,10,unprovable,unknown,timeout,,two-sided,ILL,3678,128,5038.085,18491328,16147865,175994,1825426,0,0,2048,5020.000,3.011
lltp,ILL/ILLTP-SYJ-01,,,SYJ212+1.008.p,intuitionistic,auto,1,false,,5,0,10,unprovable,unknown,timeout,,two-sided,ILL,7390,256,5056.550,10939392,9559966,232537,1068671,0,0,2048,5040.000,3.686
lltp,ILL/ILLTP-SYJ-01,,,SYJ212+1.009.p,intuitionistic,auto,1,false,,5,0,10,unprovable,unknown,timeout,,two-sided,ILL,14814,512,5057.468,5602944,4919680,219786,420602,0,0,2048,5040.000,3.847
lltp,ILL/ILLTP-SYJ-01,,,SYJ212+1.010.p,intuitionistic,auto,1,false,,5,0,10,unprovable,unknown,timeout,,two-sided,ILL,29662,1024,5070.205,2852352,2442111,180035,190173,0,0,2048,5050.000,4.438
lltp,ILL/ILLTP-SYJ-01,,,SYJ212+1.011.p,intuitionistic,auto,1,false,,5,0,10,unprovable,unknown,timeout,,two-sided,ILL,59358,2048,5058.197,1186112,939937,160536,77067,0,0,2048,5030.000,4.145
lltp,ILL/ILLTP-SYJ-01,,,SYJ212+1.012.p,intuitionistic,auto,1,false,,5,0,10,unprovable,unknown,timeout,,two-sided,ILL,118750,4096,5076.679,532544,387312,106071,31196,0,0,2048,5060.000,4.270
lltp,ILL/ILLTP-SYJ-01,,,SYJ212+1.013.p,intuitionistic,auto,1,false,,5,0,10,unprovable,unknown,timeout,,two-sided,ILL,237534,8192,5059.043,203136,124344,63956,10804,0,0,2048,5050.000,5.452
lltp,ILL/ILLTP-SYJ-01,,,SYJ212+1.014.p,intuitionistic,auto,1,false,,5,0,10,unprovable,unknown,timeout,,two-sided,ILL,475102,16384,5094.559,99136,54795,36985,4111,0,0,2048,5080.000,4.714
lltp,ILL/ILLTP-SYJ-01,,,SYJ212+1.015.p,intuitionistic,auto,1,false,,5,0,10,unprovable,unknown,timeout,,two-sided,ILL,950238,32768,5071.593,42432,20503,18803,1504,0,0,2048,5050.000,4.676
lltp,ILL/ILLTP-SYJ-cbn,,,SYJ103+1.p,intuitionistic,auto,1,false,,5,0,10,provable,unknown,copy_bound,,two-sided,ILL,23,2,0.130,693,374,26,224,0,0,2048,0.000,0.000
lltp,ILL/ILLTP-SYJ-cbn,,,SYJ105+1.003.p,intuitionistic,auto,1,false,,5,0,10,provable,unknown,copy_bound,,two-sided,ILL,23,2,0.121,573,271,22,256,0,0,2048,0.000,0.000
lltp,ILL/ILLTP-SYJ-cbn,,,SYJ105+1.004.p,intuitionistic,auto,1,false,,5,0,10,provable,unknown,copy_bound,,two-sided,ILL,32,2,0.460,2681,1299,62,1238,0,0,2048,0.000,0.000
lltp,ILL/ILLTP-SYJ-cbn,,,SYJ106+1.p,intuitionistic,auto,1,false,,5,0,10,provable,proved,,ok,two-sided,ILL,38,2,0.040,53,12,25,37,0,0,2048,0.000,0.000
lltp,ILL/ILLTP-SYJ-cbn,,,SYJ107+1.002.p,intuitionistic,auto,1,false,,5,0,10,provable,proved,,ok,two-sided,ILL,38,2,0.354,1556,789,406,304,0,0,2048,0.000,0.000
lltp,ILL/ILLTP-SYJ-cbn,,,SYJ107+1.003.p,intuitionistic,auto,1,false,,5,0,10,provable,proved,,ok,two-sided,ILL,57,2,3.191,17431,9918,3307,4480,0,0,2048,0.000,0.008
lltp,ILL/ILLTP-SYJ-cbn,,,SYJ107+1.004.p,intuitionistic,auto,1,false,,5,0,10,provable,proved,,ok,two-sided,ILL,76,2,32.331,179095,107478,25975,49660,0,0,2048,30.000,0.028
lltp,ILL/ILLTP-SYJ-cbn,,,SYJ201+1.001.p,intuitionistic,auto,1,false,,5,0,10,provable,proved,,ok,two-sided,ILL,56,5,0.138,436,229,162,195,0,0,2048,0.000,0.000
lltp,ILL/ILLTP-SYJ-cbn,,,SYJ201+1.002.p,intuitionistic,auto,1,false,,5,0,10,provable,proved,,ok,two-sided,ILL,114,7,1.872,8463,5871,2086,3817,0,0,2048,0.000,0.002
lltp,ILL/ILLTP-SYJ-cbn,,,SYJ201+1.003.p,intuitionistic,auto,1,false,,5,0,10,provable,proved,,ok,two-sided,ILL,188,9,8.689,41050,30210,9211,19010,0,0,2048,0.000,0.015
lltp,ILL/ILLTP-SYJ-cbn,,,SYJ201+1.004.p,intuitionistic,auto,1,false,,5,0,10,provable,proved,,ok,two-sided,ILL,278,11,369.219,1714295,1386063,285584,346815,0,0,2048,360.000,0.898
lltp,ILL/ILLTP-SYJ-cbn,,,SYJ201+1.005.p,intuitionistic,auto,1,false,,5,0,10,provable,proved,,ok,two-sided,ILL,384,13,1712.480,5960214,4846100,1001621,1133127,0,0,2048,1700.000,1.591
lltp,ILL/ILLTP-SYJ-cbn,,,SYJ201+1.006.p,intuitionistic,auto,1,false,,5,0,10,provable,unknown,timeout,,two-sided,ILL,506,15,5307.659,13910976,9384259,1048576,2380676,0,0,2048,5290.000,4.644
lltp,ILL/ILLTP-SYJ-cbn,,,SYJ201+1.007.p,intuitionistic,auto,1,false,,5,0,10,provable,unknown,timeout,,two-sided,ILL,644,17,5125.594,12940928,8591466,1048576,2672792,0,0,2048,5110.000,4.369
lltp,ILL/ILLTP-SYJ-cbn,,,SYJ201+1.008.p,intuitionistic,auto,1,false,,5,0,10,provable,unknown,timeout,,two-sided,ILL,798,19,5369.129,13982208,11030462,1048576,5221617,0,0,2048,5340.000,4.505
lltp,ILL/ILLTP-SYJ-cbn,,,SYJ201+1.009.p,intuitionistic,auto,1,false,,5,0,10,provable,unknown,timeout,,two-sided,ILL,968,21,5159.556,12944128,9835594,1048576,5677180,0,0,2048,5140.000,4.305
lltp,ILL/ILLTP-SYJ-cbn,,,SYJ201+1.010.p,intuitionistic,auto,1,false,,5,0,10,provable,unknown,timeout,,two-sided,ILL,1154,23,5233.606,11310848,8011849,1048576,5641049,0,0,2048,5210.000,4.454
lltp,ILL/ILLTP-SYJ-cbn,,,SYJ201+1.011.p,intuitionistic,auto,1,false,,5,0,10,provable,unknown,timeout,,two-sided,ILL,1356,25,5017.795,9679232,6267120,1048576,4891228,0,0,2048,5000.000,4.349
lltp,ILL/ILLTP-SYJ-cbn,,,SYJ201+1.012.p,intuitionistic,auto,1,false,,5,0,10,provable,unknown,timeout,,two-sided,ILL,1574,27,5211.113,8429888,5293271,1048576,5703243,0,0,2048,5190.000,4.410
lltp,ILL/ILLTP-SYJ-cbn,,,SYJ201+1.013.p,intuitionistic,auto,1,false,,5,0,10,provable,unknown,timeout,,two-sided,ILL,1808,29,5168.878,7481088,4543934,1048576,5485261,0,0,2048,5150.000,4.290
lltp,ILL/ILLTP-SYJ-cbn,,,SYJ201+1.014.p,intuitionistic,auto,1,false,,5,0,10,provable,unknown,timeout,,two-sided,ILL,2058,31,5120.475,6890816,4152194,1048576,5325057,0,0,2048,5100.000,4.278
lltp,ILL/ILLTP-SYJ-cbn,,,SYJ201+1.015.p,intuitionistic,auto,1,false,,5,0,10,provable,unknown,timeout,,two-sided,ILL,2324,33,5060.945,6197376,3715390,1048576,4925934,0,0,2048,5040.000,4.542
lltp,ILL/ILLTP-SYJ-cbn,,,SYJ201+1.016.p,intuitionistic,auto,1,false,,5,0,10,provable,unknown,timeout,,two-sided,ILL,2606,35,5015.622,5657216,3358993,1048576,4662070,0,0,2048,4990.000,4.464
lltp,ILL/ILLTP-SYJ-cbn,,,SYJ201+1.017.p,intuitionistic,auto,1,false,,5,0,10,provable,unknown,timeout,,two-sided,ILL,2904,37,5115.700,5575744,3340493,1048576,4581836,0,0,2048,5090.000,4.426
lltp,ILL/ILLTP-SYJ-cbn,,,SYJ201+1.018.p,intuitionistic,auto,1,false,,5,0,10,provable,unknown,timeout,,two-sided,ILL,3218,39,5292.225,5464640,3301265,1048576,4510237,0,0,2048,5260.000,4.573
lltp,ILL/ILLTP-SYJ-cbn,,,SYJ201+1.019.p,intuitionistic,auto,1,false,,5,0,10,provable,unknown,timeout,,two-sided,ILL,3548,41,5296.550,5092416,2947674,1048576,4306160,0,0,2048,5270.000,4.622
lltp,ILL/ILLTP-SYJ-cbn,,,SYJ201+1.020.p,intuitionistic,auto,1,false,,5,0,10,provable,unknown,timeout,,two-sided,ILL,3894,43,5229.729,4771328,2845184,1048576,4045718,0,0,2048,5210.000,4.645
lltp,ILL/ILLTP-SYJ-cbn,,,SYJ202+1.002.p,intuitionistic,auto,1,false,,5,0,10,provable,proved,,ok,two-sided,ILL,51,2,0.459,2057,1129,446,0,0,0,2048,0.000,0.000
lltp,ILL/ILLTP-SYJ-cbn,,,SYJ202+1.003.p,intuitionistic,auto,1,false,,5,0,10,provable,proved,,ok,two-sided,ILL,145,3,133.131,563331,382020,74183,0,0,0,2048,120.000,0.098
lltp,ILL/ILLTP-SYJ-cbn,,,SYJ202+1.004.p,intuitionistic,auto,1,false,,5,0,10,provable,unknown,timeout,,two-sided,ILL,307,4,5290.954,15560832,10014848,1048576,0,0,0,2048,5270.000,3.711
lltp,ILL/ILLTP-SYJ-cbn,,,SYJ202+1.005.p,intuitionistic,auto,1,false,,5,0,10,provable,unknown,timeout,,two-sided,ILL,555,5,5320.004,12380160,7847522,1048576,0,0,0,2048,5300.000,4.124
lltp,ILL/ILLTP-SYJ-cbn,,,SYJ202+1.006.p,intuitionistic,auto,1,false,,5,0,10,provable,unknown,timeout,,two-sided,ILL,907,6,5262.927,9700288,6039810,1048576,0,0,0,2048,5240.000,4.604
lltp,ILL/ILLTP-SYJ-cbn,,,SYJ202+1.007.p,intuitionistic,auto,1,false,,5,0,10,provable,unknown,timeout,,two-sided,ILL,1381,7,5234.614,8320640,5199218,1048576,0,0,0,2048,5210.000,4.152
lltp,ILL/ILLTP-SYJ-cbn,,,SYJ202+1.008.p,intuitionistic,auto,1,false,,5,0,10,provable,unknown,timeout,,two-sided,ILL,1995,8,5202.691,6559616,4135389,1048576,0,0,0,2048,5180.000,4.258
lltp,ILL/ILLTP-SYJ-cbn,,,SYJ202+1.009.p,intuitionistic,auto,1,false,,5,0,10,provable,unknown,timeout,,two-sided,ILL,2767,9,5023.644,4789056,3281707,1048576,0,0,0,2048,5010.000,3.999
lltp,ILL/ILLTP-SYJ-cbn,,,SYJ203+1.002.p,intuitionistic,auto,1,false,,5,0,10,provable,proved,,ok,two-sided,ILL,22,3,0.062,105,24,28,29,0,0,2048,0.000,0.000
lltp,ILL/ILLTP-SYJ-cbn,,,SYJ203+1.003.p,intuitionistic,auto,1,false,,5,0,10,provable,proved,,ok,two-sided,ILL,31,4,0.153,556,179,108,140,0,0,2048,0.000,0.000
lltp,ILL/ILLTP-SYJ-cbn,,,SYJ203+1.004.p,intuitionistic,auto,1,false,,5,0,10,provable,proved,,ok,two-sided,ILL,40,5,0.593,3168,1455,412,812,0,0,2048,0.000,0.000
lltp,ILL/ILLTP-SYJ-cbn,,,SYJ203+1.005.p,intuitionistic,auto,1,false,,5,0,10,provable,proved,,ok,two-sided,ILL,49,6,3.088,19397,10895,1477,5057,0,0,2048,0.000,0.002
lltp,ILL/ILLTP-SYJ-cbn,,,SYJ203+1.006.p,intuitionistic,auto,1,false,,5,0,10,provable,proved,,ok,two-sided,ILL,58,7,21.036,124267,77107,5125,31929,0,0,2048,20.000,0.024
lltp,ILL/ILLTP-SYJ-cbn,,,SYJ203+1.007.p,intuitionistic,auto,1,false,,5,0,10,provable,proved,,ok,two-sided,ILL,67,8,147.648,825027,540091,17405,206938,0,0,2048,140.000,0.086
lltp,ILL/ILLTP-SYJ-cbn,,,SYJ203+1.008.p,intuitionistic,auto,1,false,,5,0,10,provable,proved,,ok,two-sided,ILL,76,9,1053.162,5646602,3821160,58253,1374392,0,0,2048,1040.000,0.807
lltp,ILL/ILLTP-SYJ-cbn,,,SYJ203+1.009.p,intuitionistic,auto,1,false,,5,0,10,provable,unknown,timeout,,two-sided,ILL,85,10,5006.571,26740544,18976990,185512,6024460,0,0,2048,4990.000,3.659
lltp,ILL/ILLTP-SYJ-cbn,,,SYJ203+1.010.p,intuitionistic,auto,1,false,,5,0,10,provable,unknown,timeout,,two-sided,ILL,94,11,5019.045,24814592,17697913,349462,5430535,0,0,2048,5000.000,4.532
lltp,ILL/ILLTP-SYJ-cbn,,,SYJ203+1.011.p,intuitionistic,auto,1,false,,5,0,10,provable,unknown,timeout,,two-sided,ILL,103,12,5122.222,23530048,17069464,588733,4802176,0,0,2048,5100.000,3.533
lltp,ILL/ILLTP-SYJ-cbn,,,SYJ203+1.012.p,intuitionistic,auto,1,false,,5,0,10,provable,unknown,timeout,,two-sided,ILL,112,13,5204.728,22042240,15804431,853659,4375684,0,0,2048,5180.000,3.021
lltp,ILL/ILLTP-SYJ-cbn,,,SYJ203+1.013.p,intuitionistic,auto,1,false,,5,0,10,provable,unknown,timeout,,two-sided,ILL,121,14,5040.309,18723136,12940850,1048576,3429487,0,0,2048,5020.000,3.200
lltp,ILL/ILLTP-SYJ-cbn,,,SYJ203+1.014.p,intuitionistic,auto,1,false,,5,0,10,provable,unknown,timeout,,two-sided,ILL,130,15,5128.253,16463040,10433918,1048576,2707573,0,0,2048,5110.000,3.343
lltp,ILL/ILLTP-SYJ-cbn,,,SYJ203+1.015.p,intuitionistic,auto,1,false,,5,0,10,provable,unknown,timeout,,two-sided,ILL,139,16,5227.488,15658816,9044176,1048576,2401849,0,0,2048,5210.000,3.288
lltp,ILL/ILLTP-SYJ-cbn,,,SYJ203+1.016.p,intuitionistic,auto,1,false,,5,0,10,provable,unknown,timeout,,two-sided,ILL,148,17,5281.872,14584064,8004678,1048576,2062454,0,0,2048,5260.000,3.631
lltp,ILL/ILLTP-SYJ-cbn,,,SYJ203+1.017.p,intuitionistic,auto,1,false,,5,0,10,provable,unknown,timeout,,two-sided,ILL,157,18,5261.294,14383104,7421444,1048576,1840282,0,0,2048,5240.000,3.550
lltp,ILL/ILLTP-SYJ-cbn,,,SYJ203+1.018.p,intuitionistic,auto,1,false,,5,0,10,provable,unknown,timeout,,two-sided,ILL,166,19,5096.900,12010688,5856928,1048576,1498996,0,0,2048,5080.000,3.445
lltp,ILL/ILLTP-SYJ-cbn,,,SYJ203+1.019.p,intuitionistic,auto,1,false,,5,0,10,provable,unknown,timeout,,two-sided,ILL,175,20,5144.255,12121024,5459444,1048576,1331863,0,0,2048,5120.000,3.405
lltp,ILL/ILLTP-SYJ-cbn,,,SYJ203+1.020.p,intuitionistic,auto,1,false,,5,0,10,provable,unknown,timeout,,two-sided,ILL,184,21,5176.546,11753728,5074440,1048576,1198109,0,0,2048,5150.000,3.396
lltp,ILL/ILLTP-SYJ-cbn,,,SYJ204+1.002.p,intuitionistic,auto,1,false,,5,0,10,provable,proved,,ok,two-sided,IMELL,19,2,0.023,18,6,6,13,0,0,2048,0.000,0.000
lltp,ILL/ILLTP-SYJ-cbn,,,SYJ204+1.003.p,intuitionistic,auto,1,false,,5,0,10,provable,proved,,ok,two-sided,IMELL,27,2,0.025,38,20,8,32,0,0,2048,0.000,0.000
lltp,ILL/ILLTP-SYJ-cbn,,,SYJ204+1.004.p,intuitionistic,auto,1,false,,5,0,10,provable,proved,,ok,two-sided,IMELL,35,2,0.032,71,46,10,64,0,0,2048,0.000,0.000
lltp,ILL/ILLTP-SYJ-cbn,,,SYJ204+1.005.p,intuitionistic,auto,1,false,,5,0,10,provable,proved,,ok,two-sided,IMELL,43,2,0.040,121,88,12,113,0,0,2048,0.000,0.000
lltp,ILL/ILLTP-SYJ-cbn,,,SYJ204+1.006.p,intuitionistic,auto,1,false,,5,0,10,provable,proved,,ok,two-sided,IMELL,51,2,0.050,192,150,14,183,0,0,2048,0.000,0.000
lltp,ILL/ILLTP-SYJ-cbn,,,SYJ204+1.007.p,intuitionistic,auto,1,false,,5,0,10,provable,proved,,ok,two-sided,IMELL,59,2,0.071,288,236,16,278,0,0,2048,0.000,0.000
lltp,ILL/ILLTP-SYJ-cbn,,,SYJ204+1.008.p,intuitionistic,auto,1,false,,5,0,10,provable,proved,,ok,two-sided,IMELL,67,2,0.081,413,350,18,402,0,0,2048,0.000,0.000
lltp,ILL/ILLTP-SYJ-cbn,,,SYJ204+1.009.p,intuitionistic,auto,1,false,,5,0,10,provable,proved,,ok,two-sided,IMELL,75,2,0.108,571,496,20,559,0,0,2048,0.000,0.000
lltp,ILL/ILLTP-SYJ-cbn,,,SYJ204+1.010.p,intuitionistic,auto,1,false,,5,0,10,provable,unknown,copy_bound,,two-sided,IMELL,83,2,0.113,758,674,20,747,0,0,2048,0.000,0.000
lltp,ILL/ILLTP-SYJ-cbn,,,SYJ204+1.011.p,intuitionistic,auto,1,false,,5,0,10,provable,unknown,copy_bound,,two-sided,IMELL,91,2,0.136,948,854,21,937,0,0,2048,0.000,0.000
lltp,ILL/ILLTP-SYJ-cbn,,,SYJ204+1.012.p,intuitionistic,auto,1,false,,5,0,10,provable,unknown,copy_bound,,two-sided,IMELL,99,2,0.156,1156,1052,22,1145,0,0,2048,0.000,0.000
lltp,ILL/ILLTP-SYJ-cbn,,,SYJ204+1.013.p,intuitionistic,auto,1,false,,5,0,10,provable,unknown,copy_bound,,two-sided,IMELL,107,2,0.180,1382,1268,23,1371,0,0,2048,0.000,0.000
lltp,ILL/ILLTP-SYJ-cbn,,,SYJ204+1.014.p,intuitionistic,auto,1,false,,5,0,10,provable,unknown,copy_bound,,two-sided,IMELL,115,2,0.207,1626,1502,24,1615,0,0,2048,0.000,0.000
lltp,ILL/ILLTP-SYJ-cbn,,,SYJ204+1.015.p,intuitionistic,auto,1,false,,5,0,10,provable,unknown,copy_bound,,two-sided,IMELL,123,2,0.231,1888,1754,25,1877,0,0,2048,0.000,0.000
lltp,ILL/ILLTP-SYJ-cbn,,,SYJ204+1.016.p,intuitionistic,auto,1,false,,5,0,10,provable,unknown,copy_bound,,two-sided,IMELL,131,2,0.270,2168,2024,26,2157,0,0,2048,0.000,0.000
lltp,ILL/ILLTP-SYJ-cbn,,,SYJ204+1.017.p,intuitionistic,auto,1,false,,5,0,10,provable,unknown,copy_bound,,two-sided,IMELL,139,2,0.292,2466,2312,27,2455,0,0,2048,0.000,0.000
lltp,ILL/ILLTP-SYJ-cbn,,,SYJ204+1.018.p,intuitionistic,auto,1,false,,5,0,10,provable,unknown,copy_bound,,two-sided,IMELL,147,2,0.344,2782,2618,28,2771,0,0,2048,0.000,0.000
lltp,ILL/ILLTP-SYJ-cbn,,,SYJ204+1.019.p,intuitionistic,auto,1,false,,5,0,10,provable,unknown,copy_bound,,two-sided,IMELL,155,2,0.367,3116,2942,29,3105,0,0,2048,0.000,0.000
lltp,ILL/ILLTP-SYJ-cbn,,,SYJ204+1.020.p,intuitionistic,auto,1,false,,5,0,10,provable,unknown,copy_bound,,two-sided,IMELL,163,2,0.510,3468,3284,30,3457,0,0,2048,0.000,0.000
lltp,ILL/ILLTP-SYJ-cbn,,,SYJ205+1.001.p,intuitionistic,auto,1,false,,5,0,10,provable,proved,,ok,two-sided,ILL,47,2,0.066,204,111,56,126,0,0,2048,0.000,0.000
lltp,ILL/ILLTP-SYJ-cbn,,,SYJ205+1.002.p,intuitionistic,auto,1,false,,5,0,10,provable,proved,,ok,two-sided,ILL,63,2,0.255,1439,977,204,911,0,0,2048,0.000,0.000
lltp,ILL/ILLTP-SYJ-cbn,,,SYJ205+1.003.p,intuitionistic,auto,1,false,,5,0,10,provable,proved,,ok,two-sided,ILL,79,2,2.092,13766,10418,1015,8609,0,0,2048,0.000,0.002
lltp,ILL/ILLTP-SYJ-cbn,,,SYJ205+1.004.p,intuitionistic,auto,1,false,,5,0,10,provable,proved,,ok,two-sided,ILL,95,2,18.765,154569,126061,4693,94709,0,0,2048,10.000,0.017
lltp,ILL/ILLTP-SYJ-cbn,,,SYJ205+1.005.p,intuitionistic,auto,1,false,,5,0,10,provable,proved,,ok,two-sided,ILL,111,2,248.825,2191628,1864533,22527,1288942,0,0,2048,240.000,0.159
lltp,ILL/ILLTP-SYJ-cbn,,,SYJ205+1.006.p,intuitionistic,auto,1,false,,5,0,10,provable,proved,,ok,two-sided,ILL,127,2,4733.358,39456766,34372849,113177,22191355,0,0,2048,4720.000,2.748
lltp,ILL/ILLTP-SYJ-cbn,,,SYJ205+1.007.p,intuitionistic,auto,1,false,,5,0,10,provable,unknown,timeout,,two-sided,ILL,143,2,5031.852,43488896,40449043,200632,24243137,0,0,2048,5010.000,3.208
lltp,ILL/ILLTP-SYJ-cbn,,,SYJ205+1.008.p,intuitionistic,auto,1,false,,5,0,10,provable,unknown,timeout,,two-sided,ILL,159,2,5041.760,42982400,40031667,276510,25399453,0,0,2048,5020.000,3.111
lltp,ILL/ILLTP-SYJ-cbn,,,SYJ205+1.009.p,intuitionistic,auto,1,false,,5,0,10,provable,unknown,timeout,,two-sided,ILL,175,2,5046.365,42521280,39596787,379617,26666774,0,0,2048,5030.000,3.378
lltp,ILL/ILLTP-SYJ-cbn,,,SYJ205+1.010.p,intuitionistic,auto,1,false,,5,0,10,provable,unknown,timeout,,two-sided,ILL,191,2,5058.355,44607872,41577208,478631,29178462,0,0,2048,5040.000,3.018
lltp,ILL/ILLTP-SYJ-cbn,,,SYJ205+1.011.p,intuitionistic,auto,1,false,,5,0,10,provable,unknown,timeout,,two-sided,ILL,207,2,5076.956,44047872,40899692,708518,30186496,0,0,2048,5060.000,2.957
lltp,ILL/ILLTP-SYJ-cbn,,,SYJ205+1.012.p,intuitionistic,auto,1,false,,5,0,10,provable,unknown,timeout,,two-sided,ILL,223,2,5100.900,42749696,39465448,972374,30788894,0,0,2048,5080.000,3.060
lltp,ILL/ILLTP-SYJ-cbn,,,SYJ205+1.013.p,intuitionistic,auto,1,false,,5,0,10,provable,unknown,timeout,,two-sided,ILL,239,2,5254.619,39448896,36103091,1048576,29202136,0,0,2048,5230.000,3.298
lltp,ILL/ILLTP-SYJ-cbn,,,SYJ205+1.014.p,intuitionistic,auto,1,false,,5,0,10,provable,unknown,timeout,,two-sided,ILL,255,2,5158.407,35646400,32049576,1048576,27749385,0,0,2048,5140.000,3.281
lltp,ILL/ILLTP-SYJ-cbn,,,SYJ205+1.015.p,intuitionistic,auto,1,false,,5,0,10,provable,unknown,timeout,,two-sided,ILL,271,2,5092.890,30445440,26837122,1048576,24497738,0,0,2048,5070.000,3.367
lltp,ILL/ILLTP-SYJ-cbn,,,SYJ205+1.016.p,intuitionistic,auto,1,false,,5,0,10,provable,unknown,timeout,,two-sided,ILL,287,2,5045.458,27357696,23694365,1048576,22159310,0,0,2048,5030.000,3.557
lltp,ILL/ILLTP-SYJ-cbn,,,SYJ205+1.017.p,intuitionistic,auto,1,false,,5,0,10,provable,unknown,timeout,,two-sided,ILL,303,2,5044.192,27121280,23375918,1048576,22020501,0,0,2048,5020.000,3.504
lltp,ILL/ILLTP-SYJ-cbn,,,SYJ205+1.018.p,intuitionistic,auto,1,false,,5,0,10,provable,unknown,timeout,,two-sided,ILL,319,2,5054.356,25576576,21831757,1048576,20968341,0,0,2048,5040.000,3.389
lltp,ILL/ILLTP-SYJ-cbn,,,SYJ205+1.019.p,intuitionistic,auto,1,false,,5,0,10,provable,unknown,timeout,,two-sided,ILL,335,2,5048.751,23426240,19894278,1048576,19576108,0,0,2048,5030.000,3.566
lltp,ILL/ILLTP-SYJ-cbn,,,SYJ205+1.020.p,intuitionistic,auto,1,false,,5,0,10,provable,unknown,timeout,,two-sided,ILL,351,2,5362.403,20472448,16612210,1048576,17494049,0,0,2048,5340.000,4.339
lltp,ILL/ILLTP-SYJ-cbn,,,SYJ206+1.003.p,intuitionistic,auto,1,false,,5,0,10,provable,proved,,ok,two-sided,ILL,105,8,0.084,196,64,94,124,0,0,2048,0.000,0.000
lltp,ILL/ILLTP-SYJ-cbn,,,SYJ206+1.004.p,intuitionistic,auto,1,false,,5,0,10,provable,proved,,ok,two-sided,ILL,233,16,0.463,2127,1237,580,1356,0,0,2048,0.000,0.000
lltp,ILL/ILLTP-SYJ-cbn,,,SYJ206+1.005.p,intuitionistic,auto,1,false,,5,0,10,provable,proved,,ok,two-sided,ILL,489,32,6.491,38650,29146,5724,21095,0,0,2048,0.000,0.005
lltp,ILL/ILLTP-SYJ-cbn,,,SYJ206+1.006.p,intuitionistic,auto,1,false,,5,0,10,provable,proved,,ok,two-sided,ILL,1001,64,155.117,893785,780360,50226,402817,0,0,2048,140.000,0.115
lltp,ILL/ILLTP-SYJ-cbn,,,SYJ206+1.007.p,intuitionistic,auto,1,false,,5,0,10,provable,unknown,timeout,,two-sided,ILL,2025,128,5191.660,29183424,27102706,598163,11143928,0,0,2048,5170.000,3.246
lltp,ILL/ILLTP-SYJ-cbn,,,SYJ206+1.008.p,intuitionistic,auto,1,false,,5,0,10,provable,unknown,timeout,,two-sided,ILL,4073,256,5281.817,18644928,17155494,916919,7440956,0,0,2048,5270.000,3.946
lltp,ILL/ILLTP-SYJ-cbn,,,SYJ206+1.009.p,intuitionistic,auto,1,false,,5,0,10,provable,unknown,timeout,,two-sided,ILL,8169,512,5228.076,12283904,11177283,705999,4549472,0,0,2048,5210.000,4.014
lltp,ILL/ILLTP-SYJ-cbn,,,SYJ206+1.010.p,intuitionistic,auto,1,false,,5,0,10,provable,unknown,timeout,,two-sided,ILL,16361,1024,5375.454,5888320,5247363,458783,2595563,0,0,2048,5350.000,4.581
lltp,ILL/ILLTP-SYJ-cbn,,,SYJ206+1.011.p,intuitionistic,auto,1,false,,5,0,10,provable,unknown,timeout,,two-sided,ILL,32745,2048,5101.020,3212288,2814333,308178,1286405,0,0,2048,5080.000,4.396
lltp,ILL/ILLTP-SYJ-cbn,,,SYJ206+1.012.p,intuitionistic,auto,1,false,,5,0,10,provable,unknown,timeout,,two-sided,ILL,65513,4096,5048.814,1745792,1564828,146754,669937,0,0,2048,5030.000,3.741
lltp,ILL/ILLTP-SYJ-cbn,,,SYJ206+1.013.p,intuitionistic,auto,1,false,,5,0,10,provable,unknown,timeout,,two-sided,ILL,131049,8192,5080.695,763776,649359,99987,260386,0,0,2048,5060.000,4.148
lltp,ILL/ILLTP-SYJ-cbn,,,SYJ206+1.014.p,intuitionistic,auto,1,false,,5,0,10,provable,unknown,timeout,,two-sided,ILL,262121,16384,5039.296,364800,307827,52702,108317,0,0,2048,5040.000,4.202
lltp,ILL/ILLTP-SYJ-cbn,,,SYJ206+1.015.p,intuitionistic,auto,1,false,,5,0,10,provable,unknown,timeout,,two-sided,ILL,524265,32768,5007.238,146496,116051,28892,39860,0,0,2048,4990.000,5.071
lltp,ILL/ILLTP-SYJ-cbn,,,SYJ207+1.001.p,intuitionistic,auto,1,false,,5,0,10,unprovable,unprovable,,,two-sided,ILL,44,4,0.159,886,564,29,464,0,0,2048,0.000,0.000
lltp,ILL/ILLTP-SYJ-cbn,,,SYJ207+1.002.p,intuitionistic,auto,1,false,,5,0,10,unprovable,unknown,copy_bound,,two-sided,ILL,94,6,7.949,59856,49063,609,33300,0,0,2048,0.000,0.006
lltp,ILL/ILLTP-SYJ-cbn,,,SYJ207+1.003.p,intuitionistic,auto,1,false,,5,0,10,unprovable,unknown,copy_bound,,two-sided,ILL,160,8,134.440,926919,819344,11215,519460,0,0,2048,130.000,0.077
lltp,ILL/ILLTP-SYJ-cbn,,,SYJ207+1.004.p,intuitionistic,auto,1,false,,5,0,10,unprovable,unknown,copy_bound,,two-sided,ILL,242,10,1122.565,7517386,6811942,144359,4209533,0,0,2048,1110.000,0.921
lltp,ILL/ILLTP-SYJ-cbn,,,SYJ207+1.005.p,intuitionistic,auto,1,false,,5,0,10,unprovable,unknown,timeout,,two-sided,ILL,340,12,5239.104,19265088,16164033,1048576,4662255,0,0,2048,5220.000,4.174
lltp,ILL/ILLTP-SYJ-cbn,,,SYJ207+1.006.p,intuitionistic,auto,1,false,,5,0,10,unprovable,unknown,timeout,,two-sided,ILL,454,14,5175.320,15725632,11402435,1048576,3806003,0,0,2048,5160.000,4.280
lltp,ILL/ILLTP-SYJ-cbn,,,SYJ207+1.007.p,intuitionistic,auto,1,false,,5,0,10,unprovable,unknown,timeout,,two-sided,ILL,584,16,5126.557,13054976,8681203,1048576,3099344,0,0,2048,5110.000,4.366
lltp,ILL/ILLTP-SYJ-cbn,,,SYJ207+1.008.p,intuitionistic,auto,1,false,,5,0,10,,unknown,timeout,,two-sided,ILL,730,18,5118.401,14043648,10507732,1048576,4456029,0,0,2048,5090.000,4.259
lltp,ILL/ILLTP-SYJ-cbn,,,SYJ207+1.009.p,intuitionistic,auto,1,false,,5,0,10,,unknown,timeout,,two-sided,ILL,892,20,5090.111,12135936,8750929,1048576,4408561,0,0,2048,5060.000,4.235
lltp,ILL/ILLTP-SYJ-cbn,,,SYJ207+1.010.p,intuitionistic,auto,1,false,,5,0,10,,unknown,timeout,,two-sided,ILL,1070,22,5185.796,11903296,8749635,1048576,5486844,0,0,2048,5160.000,4.134
lltp,ILL/ILLTP-SYJ-cbn,,,SYJ207+1.011.p,intuitionistic,auto,1,false,,5,0,10,,unknown,timeout,,two-sided,ILL,1264,24,5275.148,9986944,6530355,1048576,6213072,0,0,2048,5260.000,4.395
lltp,ILL/ILLTP-SYJ-cbn,,,SYJ207+1.012.p,intuitionistic,auto,1,false,,5,0,10,,unknown,timeout,,two-sided,ILL,1474,26,5238.219,9140032,5871291,1048576,5857579,0,0,2048,5220.000,4.406
lltp,ILL/ILLTP-SYJ-cbn,,,SYJ207+1.013.p,intuitionistic,auto,1,false,,5,0,10,,unknown,timeout,,two-sided,ILL,1700,28,5196.761,8009856,4942286,1048576,5662168,0,0,2048,5180.000,4.271
lltp,ILL/ILLTP-SYJ-cbn,,,SYJ207+1.014.p,intuitionistic,auto,1,false,,5,0,10,,unknown,timeout,,two-sided,ILL,1942,30,5152.769,7241152,4372549,1048576,5421671,0,0,2048,5130.000,4.377
lltp,ILL/ILLTP-SYJ-cbn,,,SYJ207+1.015.p,intuitionistic,auto,1,false,,5,0,10,,unknown,timeout,,two-sided,ILL,2200,32,5107.630,6554752,3881407,1048576,5170885,0,0,2048,5080.000,4.359
lltp,ILL/ILLTP-SYJ-cbn,,,SYJ207+1.016.p,intuitionistic,auto,1,false,,5,0,10,,unknown,timeout,,two-sided,ILL,2474,34,5047.332,5968000,3540434,1048576,4841510,0,0,2048,5020.000,4.330
lltp,ILL/ILLTP-SYJ-cbn,,,SYJ207+1.017.p,intuitionistic,auto,1,false,,5,0,10,,unknown,timeout,,two-sided,ILL,2764,36,5017.759,5569024,3280533,1048576,4554261,0,0,2048,5000.000,4.393
lltp,ILL/ILLTP-SYJ-cbn,,,SYJ207+1.018.p,intuitionistic,auto,1,false,,5,0,10,,unknown,timeout,,two-sided,ILL,3070,38,5304.016,5664768,3447664,1048576,4701602,0,0,2048,5270.000,4.622
lltp,ILL/ILLTP-SYJ-cbn,,,SYJ207+1.019.p,intuitionistic,auto,1,false,,5,0,10,,unknown,timeout,,two-sided,ILL,3392,40,5280.127,5292672,3195551,1048576,4427302,0,0,2048,5250.000,4.649
lltp,ILL/ILLTP-SYJ-cbn,,,SYJ207+1.020.p,intuitionistic,auto,1,false,,5,0,10,,unknown,timeout,,two-sided,ILL,3730,42,5277.092,5036224,2953374,1048576,4248348,0,0,2048,5260.000,4.533
lltp,ILL/ILLTP-SYJ-cbn,,,SYJ208+1.001.p,intuitionistic,auto,1,false,,5,0,10,unprovable,unknown,copy_bound,,two-sided,ILL,21,1,0.081,375,228,15,264,0,0,2048,0.000,0.000
lltp,ILL/ILLTP-SYJ-cbn,,,SYJ208+1.002.p,intuitionistic,auto,1,false,,5,0,10,unprovable,unknown,copy_bound,,two-sided,ILL,69,2,1.793,10567,8030,552,2354,0,0,2048,0.000,0.003
lltp,ILL/ILLTP-SYJ-cbn,,,SYJ208+1.003.p,intuitionistic,auto,1,false,,5,0,10,unprovable,unknown,copy_bound,,two-sided,ILL,169,3,248.373,1115577,895078,69928,69528,0,0,2048,240.000,0.163
lltp,ILL/ILLTP-SYJ-cbn,,,SYJ208+1.004.p,intuitionistic,auto,1,false,,5,0,10,unprovable,unknown,timeout,,two-sided,ILL,337,4,5303.452,15331968,9882355,1048576,6333,0,0,2048,5280.000,3.716
lltp,ILL/ILLTP-SYJ-cbn,,,SYJ208+1.005.p,intuitionistic,auto,1,false,,5,0,10,unprovable,unknown,timeout,,two-sided,ILL,591,5,5330.507,12594880,7953742,1048576,0,0,0,2048,5310.000,4.188
lltp,ILL/ILLTP-SYJ-cbn,,,SYJ208+1.006.p,intuitionistic,auto,1,false,,5,0,10,unprovable,unknown,timeout,,two-sided,ILL,949,6,5212.406,9700288,6039810,1048576,0,0,0,2048,5190.000,4.847
lltp,ILL/ILLTP-SYJ-cbn,,,SYJ208+1.007.p,intuitionistic,auto,1,false,,5,0,10,unprovable,unknown,timeout,,two-sided,ILL,1429,7,5218.691,8155328,5108267,1048576,0,0,0,2048,5200.000,4.343
lltp,ILL/ILLTP-SYJ-cbn,,,SYJ208+1.008.p,intuitionistic,auto,1,false,,5,0,10,unprovable,unknown,timeout,,two-sided,ILL,2049,8,5169.880,6114496,3877367,1048576,0,0,0,2048,5150.000,4.165
lltp,ILL/ILLTP-SYJ-cbn,,,SYJ208+1.009.p,intuitionistic,auto,1,false,,5,0,10,unprovable,unknown,timeout,,two-sided,ILL,2827,9,5025.570,4714816,3235581,1048576,0,0,0,2048,5000.000,4.126
lltp,ILL/ILLTP-SYJ-cbn,,,SYJ209+1.002.p,intuitionistic,auto,1,false,,5,0,10,unprovable,unprovable,,,two-sided,ILL,28,2,0.048,121,33,12,48,0,0,2048,0.000,0.000
lltp,ILL/ILLTP-SYJ-cbn,,,SYJ209+1.003.p,intuitionistic,auto,1,false,,5,0,10,unprovable,unknown,copy_bound,,two-sided,ILL,37,3,0.468,3021,499,44,1292,0,0,2048,0.000,0.000
lltp,ILL/ILLTP-SYJ-cbn,,,SYJ209+1.004.p,intuitionistic,auto,1,false,,5,0,10,unprovable,unknown,copy_bound,,two-sided,ILL,46,4,4.123,28863,9719,183,11589,0,0,2048,0.000,0.019
lltp,ILL/ILLTP-SYJ-cbn,,,SYJ209+1.005.p,intuitionistic,auto,1,false,,5,0,10,unprovable,unknown,copy_bound,,two-sided,ILL,55,5,32.875,187873,89333,697,65370,0,0,2048,30.000,0.026
lltp,ILL/ILLTP-SYJ-cbn,,,SYJ209+1.006.p,intuitionistic,auto,1,false,,5,0,10,unprovable,unknown,copy_bound,,two-sided,ILL,64,6,141.011,830400,462892,2507,257480,0,0,2048,140.000,0.076
lltp,ILL/ILLTP-SYJ-cbn,,,SYJ209+1.007.p,intuitionistic,auto,1,false,,5,0,10,unprovable,unknown,copy_bound,,two-sided,ILL,73,7,557.887,2816423,1716973,8508,798486,0,0,2048,550.000,0.526
lltp,ILL/ILLTP-SYJ-cbn,,,SYJ209+1.008.p,intuitionistic,auto,1,false,,5,0,10,unprovable,unknown,copy_bound,,two-sided,ILL,82,8,1554.206,7948967,5133158,26761,2097279,0,0,2048,1550.000,0.877
lltp,ILL/ILLTP-SYJ-cbn,,,SYJ209+1.009.p,intuitionistic,auto,1,false,,5,0,10,unprovable,unknown,copy_bound,,two-sided,ILL,91,9,4088.038,19627073,13196207,77177,4878558,0,0,2048,4070.000,2.760
lltp,ILL/ILLTP-SYJ-cbn,,,SYJ209+1.010.p,intuitionistic,auto,1,false,,5,0,10,unprovable,unknown,timeout,,two-sided,ILL,100,10,5007.151,24805120,17592563,185821,5595098,0,0,2048,4990.000,3.509
lltp,ILL/ILLTP-SYJ-cbn,,,SYJ209+1.011.p,intuitionistic,auto,1,false,,5,0,10,,unknown,timeout,,two-sided,ILL,109,11,5017.424,22559680,16096510,336382,4933862,0,0,2048,4990.000,3.821
lltp,ILL/ILLTP-SYJ-cbn,,,SYJ209+1.012.p,intuitionistic,auto,1,false,,5,0,10,,unknown,timeout,,two-sided,ILL,118,12,5038.790,21773824,15739639,555833,4470021,0,0,2048,5020.000,3.109
lltp,ILL/ILLTP-SYJ-cbn,,,SYJ209+1.013.p,intuitionistic,auto,1,false,,5,0,10,,unknown,timeout,,two-sided,ILL,127,13,5057.487,20903296,14883732,840505,4183029,0,0,2048,5040.000,2.877
lltp,ILL/ILLTP-SYJ-cbn,,,SYJ209+1.014.p,intuitionistic,auto,1,false,,5,0,10,,unknown,timeout,,two-sided,ILL,136,14,5024.573,18720768,12925471,1048576,3445781,0,0,2048,5000.000,2.971
lltp,ILL/ILLTP-SYJ-cbn,,,SYJ209+1.015.p,intuitionistic,auto,1,false,,5,0,10,,unknown,timeout,,two-sided,ILL,145,15,5049.090,17403840,10925680,1048576,2853919,0,0,2048,5030.000,3.097
lltp,ILL/ILLTP-SYJ-cbn,,,SYJ209+1.016.p,intuitionistic,auto,1,false,,5,0,10,,unknown,timeout,,two-sided,ILL,154,16,5119.082,14996800,8650364,1048576,2268875,0,0,2048,5100.000,3.192
lltp,ILL/ILLTP-SYJ-cbn,,,SYJ209+1.017.p,intuitionistic,auto,1,false,,5,0,10,,unknown,timeout,,two-sided,ILL,163,17,5074.344,14561600,8003159,1048576,2037177,0,0,2048,5060.000,3.232
lltp,ILL/ILLTP-SYJ-cbn,,,SYJ209+1.018.p,intuitionistic,auto,1,false,,5,0,10,,unknown,timeout,,two-sided,ILL,172,18,5080.708,13358848,7020844,1048576,1751098,0,0,2048,5070.000,3.171
lltp,ILL/ILLTP-SYJ-cbn,,,SYJ209+1.019.p,intuitionistic,auto,1,false,,5,0,10,,unknown,timeout,,two-sided,ILL,181,19,5043.006,12734784,6097642,1048576,1555407,0,0,2048,5020.000,3.324
lltp,ILL/ILLTP-SYJ-cbn,,,SYJ209+1.020.p,intuitionistic,auto,1,false,,5,0,10,,unknown,timeout,,two-sided,ILL,190,20,5072.093,12189120,5445382,1048576,1305939,0,0,2048,5050.000,3.261
lltp,ILL/ILLTP-SYJ-cbn,,,SYJ210+1.001.p,intuitionistic,auto,1,false,,5,0,10,unprovable,unknown,copy_bound,,two-sided,ILL,17,2,0.079,227,149,13,172,0,0,2048,0.000,0.000
lltp,ILL/ILLTP-SYJ-cbn,,,SYJ210+1.002.p,intuitionistic,auto,1,false,,5,0,10,unprovable,unknown,copy_bound,,two-sided,ILL,25,2,0.095,361,271,15,308,0,0,2048,0.000,0.000
lltp,ILL/ILLTP-SYJ-cbn,,,SYJ210+1.003.p,intuitionistic,auto,1,false,,5,0,10,unprovable,unknown,copy_bound,,two-sided,ILL,33,2,0.114,520,416,18,467,0,0,2048,0.000,0.000
lltp,ILL/ILLTP-SYJ-cbn,,,SYJ210+1.004.p,intuitionistic,auto,1,false,,5,0,10,unprovable,unknown,copy_bound,,two-sided,ILL,41,2,0.140,690,572,20,640,0,0,2048,0.000,0.000
lltp,ILL/ILLTP-SYJ-cbn,,,SYJ210+1.005.p,intuitionistic,auto,1,false,,5,0,10,unprovable,unknown,copy_bound,,two-sided,ILL,49,2,0.155,894,761,23,844,0,0,2048,0.000,0.000
lltp,ILL/ILLTP-SYJ-cbn,,,SYJ210+1.006.p,intuitionistic,auto,1,false,,5,0,10,unprovable,unknown,copy_bound,,two-sided,ILL,57,2,0.196,1147,995,26,1097,0,0,2048,0.000,0.000
lltp,ILL/ILLTP-SYJ-cbn,,,SYJ210+1.007.p,intuitionistic,auto,1,false,,5,0,10,unprovable,unknown,copy_bound,,two-sided,ILL,65,2,0.216,1408,1240,29,1358,0,0,2048,0.000,0.000
lltp,ILL/ILLTP-SYJ-cbn,,,SYJ210+1.008.p,intuitionistic,auto,1,false,,5,0,10,unprovable,unknown,copy_bound,,two-sided,ILL,73,2,0.265,1741,1552,32,1691,0,0,2048,0.000,0.000
lltp,ILL/ILLTP-SYJ-cbn,,,SYJ210+1.009.p,intuitionistic,auto,1,false,,5,0,10,unprovable,unknown,copy_bound,,two-sided,ILL,81,2,0.315,2067,1861,35,2017,0,0,2048,0.000,0.000
lltp,ILL/ILLTP-SYJ-cbn,,,SYJ210+1.010.p,intuitionistic,auto,1,false,,5,0,10,unprovable,unknown,copy_bound,,two-sided,ILL,89,2,0.342,2480,2249,37,2434,0,0,2048,0.000,0.000
lltp,ILL/ILLTP-SYJ-cbn,,,SYJ210+1.011.p,intuitionistic,auto,1,false,,5,0,10,unprovable,unknown,copy_bound,,two-sided,ILL,97,2,0.376,2879,2630,40,2833,0,0,2048,0.000,0.000
lltp,ILL/ILLTP-SYJ-cbn,,,SYJ210+1.012.p,intuitionistic,auto,1,false,,5,0,10,unprovable,unknown,copy_bound,,two-sided,ILL,105,2,0.425,3432,3157,43,3386,0,0,2048,0.000,0.000
lltp,ILL/ILLTP-SYJ-cbn,,,SYJ210+1.013.p,intuitionistic,auto,1,false,,5,0,10,unprovable,unknown,copy_bound,,two-sided,ILL,113,2,0.485,3914,3620,46,3868,0,0,2048,0.000,0.000
lltp,ILL/ILLTP-SYJ-cbn,,,SYJ210+1.014.p,intuitionistic,auto,1,false,,5,0,10,unprovable,unknown,copy_bound,,two-sided,ILL,121,2,0.558,4665,4338,49,4619,0,0,2048,0.000,0.000
lltp,ILL/ILLTP-SYJ-cbn,,,SYJ210+1.015.p,intuitionistic,auto,1,false,,5,0,10,unprovable,unknown,copy_bound,,two-sided,ILL,129,2,0.644,5244,4897,52,5198,0,0,2048,0.000,0.000
lltp,ILL/ILLTP-SYJ-cbn,,,SYJ210+1.016.p,intuitionistic,auto,1,false,,5,0,10,unprovable,unknown,copy_bound,,two-sided,ILL,137,2,0.812,6093,5715,55,6047,0,0,2048,0.000,0.021
lltp,ILL/ILLTP-SYJ-cbn,,,SYJ210+1.017.p,intuitionistic,auto,1,false,,5,0,10,unprovable,unknown,copy_bound,,two-sided,ILL,145,2,0.813,6773,6374,58,6727,0,0,2048,0.000,0.000
lltp,ILL/ILLTP-SYJ-cbn,,,SYJ210+1.018.p,intuitionistic,auto,1,false,,5,0,10,unprovable,unknown,copy_bound,,two-sided,ILL,153,2,0.964,7904,7466,61,7858,0,0,2048,0.000,0.019
lltp,ILL/ILLTP-SYJ-cbn,,,SYJ210+1.019.p,intuitionistic,auto,1,false,,5,0,10,unprovable,unknown,copy_bound,,two-sided,ILL,161,2,1.103,8701,8241,64,8655,0,0,2048,0.000,0.000
lltp,ILL/ILLTP-SYJ-cbn,,,SYJ210+1.020.p,intuitionistic,auto,1,false,,5,0,10,unprovable,unknown,copy_bound,,two-sided,ILL,169,2,1.373,9918,9422,67,9872,0,0,2048,0.000,0.000
lltp,ILL/ILLTP-SYJ-cbn,,,SYJ211+1.001.p,intuitionistic,auto,1,false,,5,0,10,unprovable,unprovable,,,two-sided,ILL,34,2,0.014,12,5,4,9,0,0,2048,0.000,0.000
lltp,ILL/ILLTP-SYJ-cbn,,,SYJ211+1.002.p,intuitionistic,auto,1,false,,5,0,10,unprovable,unprovable,,,two-sided,ILL,48,2,0.017,15,7,5,12,0,0,2048,0.000,0.000
lltp,ILL/ILLTP-SYJ-cbn,,,SYJ211+1.003.p,intuitionistic,auto,1,false,,5,0,10,unprovable,unprovable,,,two-sided,ILL,62,2,0.018,18,9,6,15,0,0,2048,0.000,0.000
lltp,ILL/ILLTP-SYJ-cbn,,,SYJ211+1.004.p,intuitionistic,auto,1,false,,5,0,10,unprovable,unprovable,,,two-sided,ILL,76,2,0.018,21,11,7,18,0,0,2048,0.000,0.000
lltp,ILL/ILLTP-SYJ-cbn,,,SYJ211+1.005.p,intuitionistic,auto,1,false,,5,0,10,unprovable,unprovable,,,two-sided,ILL,90,2,0.021,24,13,8,21,0,0,2048,0.000,0.000
lltp,ILL/ILLTP-SYJ-cbn,,,SYJ211+1.006.p,intuitionistic,auto,1,false,,5,0,10,unprovable,unprovable,,,two-sided,ILL,104,2,0.022,27,15,9,24,0,0,2048,0.000,0.000
lltp,ILL/ILLTP-SYJ-cbn,,,SYJ211+1.007.p,intuitionistic,auto,1,false,,5,0,10,unprovable,unprovable,,,two-sided,ILL,118,2,0.023,30,17,10,27,0,0,2048,0.000,0.000
lltp,ILL/ILLTP-SYJ-cbn,,,SYJ211+1.008.p,intuitionistic,auto,1,false,,5,0,10,unprovable,unprovable,,,two-sided,ILL,132,2,0.024,33,19,11,30,0,0,2048,0.000,0.000
lltp,ILL/ILLTP-SYJ-cbn,,,SYJ211+1.009.p,intuitionistic,auto,1,false,,5,0,10,unprovable,unprovable,,,two-sided,ILL,146,2,0.023,36,21,12,33,0,0,2048,0.000,0.000
lltp,ILL/ILLTP-SYJ-cbn,,,SYJ211+1.010.p,intuitionistic,auto,1,false,,5,0,10,unprovable,unprovable,,,two-sided,ILL,160,2,0.024,39,23,13,36,0,0,2048,0.000,0.000
lltp,ILL/ILLTP-SYJ-cbn,,,SYJ211+1.011.p,intuitionistic,auto,1,false,,5,0,10,unprovable,unprovable,,,two-sided,ILL,174,2,0.027,42,25,14,39,0,0,2048,0.000,0.000
lltp,ILL/ILLTP-SYJ-cbn,,,SYJ211+1.012.p,intuitionistic,auto,1,false,,5,0,10,unprovable,unprovable,,,two-sided,ILL,188,2,0.027,45,27,15,42,0,0,2048,0.000,0.000
lltp,ILL/ILLTP-SYJ-cbn,,,SYJ211+1.013.p,intuitionistic,auto,1,false,,5,0,10,unprovable,unprovable,,,two-sided,ILL,202,2,0.032,48,29,16,45,0,0,2048,0.000,0.000
lltp,ILL/ILLTP-SYJ-cbn,,,SYJ211+1.014.p,intuitionistic,auto,1,false,,5,0,10,unprovable,unprovable,,,two-sided,ILL,216,2,0.030,51,31,17,48,0,0,2048,0.000,0.000
lltp,ILL/ILLTP-SYJ-cbn,,,SYJ211+1.015.p,intuitionistic,auto,1,false,,5,0,10,unprovable,unprovable,,,two-sided,ILL,230,2,0.031,54,33,18,51,0,0,2048,0.000,0.000
lltp,ILL/ILLTP-SYJ-cbn,,,SYJ211+1.016.p,intuitionistic,auto,1,false,,5,0,10,unprovable,unprovable,,,two-sided,ILL,244,2,0.033,57,35,19,54,0,0,2048,0.000,0.000
lltp,ILL/ILLTP-SYJ-cbn,,,SYJ211+1.017.p,intuitionistic,auto,1,false,,5,0,10,unprovable,unprovable,,,two-sided,ILL,258,2,0.033,60,37,20,57,0,0,2048,0.000,0.000
lltp,ILL/ILLTP-SYJ-cbn,,,SYJ211+1.018.p,intuitionistic,auto,1,false,,5,0,10,unprovable,unprovable,,,two-sided,ILL,272,2,0.035,63,39,21,60,0,0,2048,0.000,0.000
lltp,ILL/ILLTP-SYJ-cbn,,,SYJ211+1.019.p,intuitionistic,auto,1,false,,5,0,10,unprovable,unprovable,,,two-sided,ILL,286,2,0.038,66,41,22,63,0,0,2048,0.000,0.000
lltp,ILL/ILLTP-SYJ-cbn,,,SYJ211+1.020.p,intuitionistic,auto,1,false,,5,0,10,unprovable,unprovable,,,two-sided,ILL,300,2,0.040,69,43,23,66,0,0,2048,0.000,0.000
lltp,ILL/ILLTP-SYJ-cbn,,,SYJ212+1.001.p,intuitionistic,auto,1,false,,5,0,10,unprovable,proved,,ok,two-sided,ILL,18,2,0.025,30,10,12,20,0,0,2048,0.000,0.000
lltp,ILL/ILLTP-SYJ-cbn,,,SYJ212+1.002.p,intuitionistic,auto,1,false,,5,0,10,unprovable,unprovable,,,two-sided,ILL,59,4,0.044,131,78,12,40,0,0,2048,0.000,0.000
lltp,ILL/ILLTP-SYJ-cbn,,,SYJ212+1.003.p,intuitionistic,auto,1,false,,5,0,10,unprovable,unknown,copy_bound,,two-sided,ILL,141,8,10.033,84516,69993,206,42978,0,0,2048,0.000,0.014
lltp,ILL/ILLTP-SYJ-cbn,,,SYJ212+1.004.p,intuitionistic,auto,1,false,,5,0,10,unprovable,unknown,copy_bound,,two-sided,ILL,305,16,762.828,6637955,6008728,1640,3138137,0,0,2048,750.000,0.417
lltp,ILL/ILLTP-SYJ-cbn,,,SYJ212+1.005.p,intuitionistic,auto,1,false,,5,0,10,unprovable,unknown,timeout,,two-sided,ILL,633,32,5037.092,39887680,37492918,8682,16703253,0,0,2048,5020.000,2.688
lltp,ILL/ILLTP-SYJ-cbn,,,SYJ212+1.006.p,intuitionistic,auto,1,false,,5,0,10,unprovable,unknown,timeout,,two-sided,ILL,1289,64,5034.355,33554368,32138495,23457,12533502,0,0,2048,5010.000,2.690
lltp,ILL/ILLTP-SYJ-cbn,,,SYJ212+1.007.p,intuitionistic,auto,1,false,,5,0,10,unprovable,unknown,timeout,,two-sided,ILL,2601,128,5040.620,28973504,28033085,46387,9838058,0,0,2048,5020.000,3.022
lltp,ILL/ILLTP-SYJ-cbn,,,SYJ212+1.008.p,intuitionistic,auto,1,false,,5,0,10,unprovable,unknown,timeout,,two-sided,ILL,5225,256,5035.008,21961984,21372802,59733,6889689,0,0,2048,5020.000,3.100
lltp,ILL/ILLTP-SYJ-cbn,,,SYJ212+1.009.p,intuitionistic,auto,1,false,,5,0,10,unprovable,unknown,timeout,,two-sided,ILL,10473,512,5101.022,11186816,10855796,114690,3256531,0,0,2048,5080.000,3.582
lltp,ILL/ILLTP-SYJ-cbn,,,SYJ212+1.010.p,intuitionistic,auto,1,false,,5,0,10,unprovable,unknown,timeout,,two-sided,ILL,20969,1024,5033.988,6757696,6551762,98903,1837902,0,0,2048,5030.000,3.831
lltp,ILL/ILLTP-SYJ-cbn,,,SYJ212+1.011.p,intuitionistic,auto,1,false,,5,0,10,unprovable,unknown,timeout,,two-sided,ILL,41961,2048,5047.527,3259072,3082134,133731,848659,0,0,2048,5030.000,3.935
lltp,ILL/ILLTP-SYJ-cbn,,,SYJ212+1.012.p,intuitionistic,auto,1,false,,5,0,10,unprovable,unknown,timeout,,two-sided,ILL,83945,4096,5032.245,1498944,1384353,98735,373167,0,0,2048,5010.000,3.870
lltp,ILL/ILLTP-SYJ-cbn,,,SYJ212+1.013.p,intuitionistic,auto,1,false,,5,0,10,unprovable,unknown,timeout,,two-sided,ILL,167913,8192,5028.315,563520,481903,77840,143332,0,0,2048,5010.000,4.099
lltp,ILL/ILLTP-SYJ-cbn,,,SYJ212+1.014.p,intuitionistic,auto,1,false,,5,0,10,unprovable,unknown,timeout,,two-sided,ILL,335849,16384,5062.888,255488,206412,47143,60546,0,0,2048,5040.000,4.488
lltp,ILL/ILLTP-SYJ-cbn,,,SYJ212+1.015.p,intuitionistic,auto,1,false,,5,0,10,unprovable,unknown,timeout,,two-sided,ILL,671721,32768,5059.194,113472,89406,23161,25138,0,0,2048,5040.000,4.686
lltp,ILL/ILLTP-SYJ-cbv,,,SYJ103+1.p,intuitionistic,auto,1,false,,5,0,10,provable,unprovable,,,two-sided,ILL,22,2,0.090,420,213,18,280,0,0,2048,0.000,0.000
lltp,ILL/ILLTP-SYJ-cbv,,,SYJ105+1.003.p,intuitionistic,auto,1,false,,5,0,10,provable,unprovable,,,two-sided,ILL,23,2,0.039,95,49,8,64,0,0,2048,0.000,0.000
lltp,ILL/ILLTP-SYJ-cbv,,,SYJ105+1.004.p,intuitionistic,auto,1,false,,5,0,10,provable,unprovable,,,two-sided,ILL,32,2,0.041,114,63,8,96,0,0,2048,0.000,0.000
lltp,ILL/ILLTP-SYJ-cbv,,,SYJ106+1.p,intuitionistic,auto,1,false,,5,0,10,provable,proved,,ok,two-sided,ILL,47,2,0.122,284,113,84,241,0,0,2048,0.000,0.000
lltp,ILL/ILLTP-SYJ-cbv,,,SYJ107+1.002.p,intuitionistic,auto,1,false,,5,0,10,provable,proved,,ok,two-sided,ILL,36,2,0.082,199,61,119,72,0,0,2048,0.000,0.000
lltp,ILL/ILLTP-SYJ-cbv,,,SYJ107+1.003.p,intuitionistic,auto,1,false,,5,0,10,provable,proved,,ok,two-sided,ILL,54,2,0.318,1376,654,609,574,0,0,2048,0.000,0.000
lltp,ILL/ILLTP-SYJ-cbv,,,SYJ107+1.004.p,intuitionistic,auto,1,false,,5,0,10,provable,proved,,ok,two-sided,ILL,72,2,1.534,7705,4405,2645,3352,0,0,2048,0.000,0.008
lltp,ILL/ILLTP-SYJ-cbv,,,SYJ201+1.001.p,intuitionistic,auto,1,false,,5,0,10,provable,proved,,ok,two-sided,IMELL,77,5,0.145,364,153,140,384,0,0,2048,0.000,0.000
lltp,ILL/ILLTP-SYJ-cbv,,,SYJ201+1.002.p,intuitionistic,auto,1,false,,5,0,10,provable,proved,,ok,two-sided,IMELL,159,7,1.351,5284,3289,1364,6513,0,0,2048,0.000,0.000
lltp,ILL/ILLTP-SYJ-cbv,,,SYJ201+1.003.p,intuitionistic,auto,1,false,,5,0,10,provable,proved,,ok,two-sided,IMELL,265,9,5.835,22237,14641,5556,29161,0,0,2048,0.000,0.009
lltp,ILL/ILLTP-SYJ-cbv,,,SYJ201+1.004.p,intuitionistic,auto,1,false,,5,0,10,provable,proved,,ok,two-sided,IMELL,395,11,65.258,251715,187262,46861,348218,0,0,2048,60.000,0.065
lltp,ILL/ILLTP-SYJ-cbv,,,SYJ201+1.005.p,intuitionistic,auto,1,false,,5,0,10,provable,proved,,ok,two-sided,IMELL,549,13,233.888,743851,560989,140059,1054532,0,0,2048,230.000,0.382
lltp,ILL/ILLTP-SYJ-cbv,,,SYJ201+1.006.p,intuitionistic,auto,1,false,,5,0,10,provable,proved,,ok,two-sided,IMELL,727,15,652.751,1720765,1301826,333511,2490308,0,0,2048,640.000,0.537
lltp,ILL/ILLTP-SYJ-cbv,,,SYJ201+1.007.p,intuitionistic,auto,1,false,,5,0,10,provable,proved,,ok,two-sided,IMELL,929,17,1511.895,3474796,2621955,700263,5116580,0,0,2048,1500.000,1.551
lltp,ILL/ILLTP-SYJ-cbv,,,SYJ201+1.008.p,intuitionistic,auto,1,false,,5,0,10,provable,unknown,timeout,,two-sided,IMELL,1155,19,5054.569,11624439,8866158,1048576,17260353,0,0,2048,5030.000,3.835
lltp,ILL/ILLTP-SYJ-cbv,,,SYJ201+1.009.p,intuitionistic,auto,1,false,,5,0,10,provable,unknown,timeout,,two-sided,IMELL,1405,21,5009.672,10087739,7607020,1048576,15296495,0,0,2048,4990.000,3.864
lltp,ILL/ILLTP-SYJ-cbv,,,SYJ201+1.010.p,intuitionistic,auto,1,false,,5,0,10,provable,unknown,timeout,,two-sided,IMELL,1679,23,5042.809,8982890,6397845,1048576,13847736,0,0,2048,5020.000,3.940
lltp,ILL/ILLTP-SYJ-cbv,,,SYJ201+1.011.p,intuitionistic,auto,1,false,,5,0,10,provable,unknown,timeout,,two-sided,IMELL,1977,25,5044.802,8231019,5722779,1048576,12679410,0,0,2048,5020.000,4.130
lltp,ILL/ILLTP-SYJ-cbv,,,SYJ201+1.012.p,intuitionistic,auto,1,false,,5,0,10,provable,unknown,timeout,,two-sided,IMELL,2299,27,5054.837,7427751,5114149,1048576,11491740,0,0,2048,5030.000,4.329
lltp,ILL/ILLTP-SYJ-cbv,,,SYJ201+1.013.p,intuitionistic,auto,1,false,,5,0,10,provable,unknown,timeout,,two-sided,IMELL,2645,29,5225.824,7285212,4990705,1048576,11330312,0,0,2048,5200.000,4.348
lltp,ILL/ILLTP-SYJ-cbv,,,SYJ201+1.014.p,intuitionistic,auto,1,false,,5,0,10,provable,unknown,timeout,,two-sided,IMELL,3015,31,5266.796,6816725,4641620,1048576,10650580,0,0,2048,5250.000,4.279
lltp,ILL/ILLTP-SYJ-cbv,,,SYJ201+1.015.p,intuitionistic,auto,1,false,,5,0,10,provable,unknown,timeout,,two-sided,IMELL,3409,33,5248.979,6424386,4350634,1048576,10083758,0,0,2048,5230.000,4.276
lltp,ILL/ILLTP-SYJ-cbv,,,SYJ201+1.016.p,intuitionistic,auto,1,false,,5,0,10,provable,unknown,timeout,,two-sided,IMELL,3827,35,5227.987,5996418,4038645,1048576,9449760,0,0,2048,5210.000,4.418
lltp,ILL/ILLTP-SYJ-cbv,,,SYJ201+1.017.p,intuitionistic,auto,1,false,,5,0,10,provable,unknown,timeout,,two-sided,IMELL,4269,37,5194.995,5582267,3714244,1048576,8808214,0,0,2048,5170.000,4.484
lltp,ILL/ILLTP-SYJ-cbv,,,SYJ201+1.018.p,intuitionistic,auto,1,false,,5,0,10,provable,unknown,timeout,,two-sided,IMELL,4735,39,5181.672,5235752,3433126,1048576,8265116,0,0,2048,5160.000,4.215
lltp,ILL/ILLTP-SYJ-cbv,,,SYJ201+1.019.p,intuitionistic,auto,1,false,,5,0,10,provable,unknown,timeout,,two-sided,IMELL,5225,41,5159.967,4826380,3097155,1048576,7634441,0,0,2048,5140.000,4.704
lltp,ILL/ILLTP-SYJ-cbv,,,SYJ201+1.020.p,intuitionistic,auto,1,false,,5,0,10,provable,unknown,timeout,,two-sided,IMELL,5739,43,5180.072,4440491,2747876,1048576,6937407,0,0,2048,5160.000,4.830
lltp,ILL/ILLTP-SYJ-cbv,,,SYJ202+1.002.p,intuitionistic,auto,1,false,,5,0,10,provable,proved,,ok,two-sided,ILL,50,2,0.040,54,0,52,32,0,0,2048,0.000,0.000
lltp,ILL/ILLTP-SYJ-cbv,,,SYJ202+1.003.p,intuitionistic,auto,1,false,,5,0,10,provable,proved,,ok,two-sided,ILL,139,3,0.417,949,0,947,672,0,0,2048,0.000,0.000
lltp,ILL/ILLTP-SYJ-cbv,,,SYJ202+1.004.p,intuitionistic,auto,1,false,,5,0,10,provable,proved,,ok,two-sided,ILL,294,4,10.651,20545,0,20543,16174,0,0,2048,0.000,0.015
lltp,ILL/ILLTP-SYJ-cbv,,,SYJ202+1.005.p,intuitionistic,auto,1,false,,5,0,10,provable,proved,,ok,two-sided,ILL,533,5,543.874,493891,0,493889,413100,0,0,2048,530.000,0.512
lltp,ILL/ILLTP-SYJ-cbv,,,SYJ202+1.006.p,intuitionistic,auto,1,false,,5,0,10,provable,unknown,timeout,,two-sided,ILL,874,6,5045.973,4532928,0,1048576,3749688,0,0,2048,5020.000,4.119
lltp,ILL/ILLTP-SYJ-cbv,,,SYJ202+1.007.p,intuitionistic,auto,1,false,,5,0,10,provable,unknown,timeout,,two-sided,ILL,1335,7,5193.365,4923520,0,1048576,3582193,0,0,2048,5170.000,4.693
lltp,ILL/ILLTP-SYJ-cbv,,,SYJ202+1.008.p,intuitionistic,auto,1,false,,5,0,10,provable,unknown,timeout,,two-sided,ILL,1934,8,5180.494,6894912,0,1048576,2338707,0,0,2048,5150.000,5.252
lltp,ILL/ILLTP-SYJ-cbv,,,SYJ202+1.009.p,intuitionistic,auto,1,false,,5,0,10,provable,unknown,timeout,,two-sided,ILL,2689,9,5076.885,6291520,0,1048576,2097443,0,0,2048,5060.000,5.418
lltp,ILL/ILLTP-SYJ-cbv,,,SYJ203+1.002.p,intuitionistic,auto,1,false,,5,0,10,provable,proved,,ok,two-sided,ILL,25,3,0.062,160,86,33,78,0,0,2048,0.000,0.000
lltp,ILL/ILLTP-SYJ-cbv,,,SYJ203+1.003.p,intuitionistic,auto,1,false,,5,0,10,provable,proved,,ok,two-sided,ILL,35,4,0.194,947,665,114,467,0,0,2048,0.000,0.000
lltp,ILL/ILLTP-SYJ-cbv,,,SYJ203+1.004.p,intuitionistic,auto,1,false,,5,0,10,provable,proved,,ok,two-sided,ILL,45,5,0.826,6120,4890,394,3112,0,0,2048,0.000,0.000
lltp,ILL/ILLTP-SYJ-cbv,,,SYJ203+1.005.p,intuitionistic,auto,1,false,,5,0,10,provable,proved,,ok,two-sided,ILL,55,6,4.804,40856,34797,1352,20513,0,0,2048,0.000,0.014
lltp,ILL/ILLTP-SYJ-cbv,,,SYJ203+1.006.p,intuitionistic,auto,1,false,,5,0,10,provable,proved,,ok,two-sided,ILL,65,7,32.399,282884,249547,4588,143714,0,0,2048,20.000,0.040
lltp,ILL/ILLTP-SYJ-cbv,,,SYJ203+1.007.p,intuitionistic,auto,1,false,,5,0,10,provable,proved,,ok,two-sided,ILL,75,8,226.546,2066681,1860709,15396,1041071,0,0,2048,210.000,0.142
lltp,ILL/ILLTP-SYJ-cbv,,,SYJ203+1.008.p,intuitionistic,auto,1,false,,5,0,10,provable,proved,,ok,two-sided,ILL,85,9,1747.277,15995098,14584289,51137,8153684,0,0,2048,1740.000,1.052
lltp,ILL/ILLTP-SYJ-cbv,,,SYJ203+1.009.p,intuitionistic,auto,1,false,,5,0,10,provable,unknown,timeout,,two-sided,ILL,95,10,5013.610,44967162,41725395,142464,23510447,0,0,2048,5000.000,3.603
lltp,ILL/ILLTP-SYJ-cbv,,,SYJ203+1.010.p,intuitionistic,auto,1,false,,5,0,10,provable,unknown,timeout,,two-sided,ILL,105,11,5019.242,43978615,40699860,282407,19395094,0,0,2048,5000.000,2.975
lltp,ILL/ILLTP-SYJ-cbv,,,SYJ203+1.011.p,intuitionistic,auto,1,false,,5,0,10,provable,unknown,timeout,,two-sided,ILL,115,12,5037.001,41375197,38445081,482567,17549502,0,0,2048,5020.000,2.821
lltp,ILL/ILLTP-SYJ-cbv,,,SYJ203+1.012.p,intuitionistic,auto,1,false,,5,0,10,provable,unknown,timeout,,two-sided,ILL,125,13,5055.204,41388926,38243915,769547,15274158,0,0,2048,5040.000,2.812
lltp,ILL/ILLTP-SYJ-cbv,,,SYJ203+1.013.p,intuitionistic,auto,1,false,,5,0,10,provable,unknown,timeout,,two-sided,ILL,135,14,5222.007,37810292,34575989,1048576,11469688,0,0,2048,5200.000,3.141
lltp,ILL/ILLTP-SYJ-cbv,,,SYJ203+1.014.p,intuitionistic,auto,1,false,,5,0,10,provable,unknown,timeout,,two-sided,ILL,145,15,5199.547,34624482,31460394,1048576,9266413,0,0,2048,5180.000,3.159
lltp,ILL/ILLTP-SYJ-cbv,,,SYJ203+1.015.p,intuitionistic,auto,1,false,,5,0,10,provable,unknown,timeout,,two-sided,ILL,155,16,5290.528,31801827,28306911,1048576,6368024,0,0,2048,5270.000,3.369
lltp,ILL/ILLTP-SYJ-cbv,,,SYJ203+1.016.p,intuitionistic,auto,1,false,,5,0,10,provable,unknown,timeout,,two-sided,ILL,165,17,5078.296,31708576,28152542,1048576,5985768,0,0,2048,5050.000,3.260
lltp,ILL/ILLTP-SYJ-cbv,,,SYJ203+1.017.p,intuitionistic,auto,1,false,,5,0,10,provable,unknown,timeout,,two-sided,ILL,175,18,5014.324,29840676,26327573,1048576,5646166,0,0,2048,5000.000,3.300
lltp,ILL/ILLTP-SYJ-cbv,,,SYJ203+1.018.p,intuitionistic,auto,1,false,,5,0,10,provable,unknown,timeout,,two-sided,ILL,185,19,5191.596,27560793,23489582,1048576,3864516,0,0,2048,5170.000,3.512
lltp,ILL/ILLTP-SYJ-cbv,,,SYJ203+1.019.p,intuitionistic,auto,1,false,,5,0,10,provable,unknown,timeout,,two-sided,ILL,195,20,5303.607,26170201,21928487,1048576,3285140,0,0,2048,5280.000,3.575
lltp,ILL/ILLTP-SYJ-cbv,,,SYJ203+1.020.p,intuitionistic,auto,1,false,,5,0,10,provable,unknown,timeout,,two-sided,ILL,205,21,5093.277,25168216,20943613,1048576,2966880,0,0,2048,5080.000,3.477
lltp,ILL/ILLTP-SYJ-cbv,,,SYJ204+1.002.p,intuitionistic,auto,1,false,,5,0,10,provable,proved,,ok,two-sided,IMELL,24,2,0.074,170,93,32,104,0,0,2048,0.000,0.000
lltp,ILL/ILLTP-SYJ-cbv,,,SYJ204+1.003.p,intuitionistic,auto,1,false,,5,0,10,provable,proved,,ok,two-sided,IMELL,34,2,0.083,289,180,43,204,0,0,2048,0.000,0.000
lltp,ILL/ILLTP-SYJ-cbv,,,SYJ204+1.004.p,intuitionistic,auto,1,false,,5,0,10,provable,proved,,ok,two-sided,IMELL,44,2,0.462,2710,1847,262,2031,0,0,2048,0.000,0.000
lltp,ILL/ILLTP-SYJ-cbv,,,SYJ204+1.005.p,intuitionistic,auto,1,false,,5,0,10,provable,proved,,ok,two-sided,IMELL,54,2,0.731,4523,3324,299,3568,0,0,2048,0.000,0.000
lltp,ILL/ILLTP-SYJ-cbv,,,SYJ204+1.006.p,intuitionistic,auto,1,false,,5,0,10,provable,proved,,ok,two-sided,IMELL,64,2,1.015,7258,5564,343,5929,0,0,2048,0.000,0.000
lltp,ILL/ILLTP-SYJ-cbv,,,SYJ204+1.007.p,intuitionistic,auto,1,false,,5,0,10,provable,proved,,ok,two-sided,IMELL,74,2,1.961,14024,10973,559,11679,0,0,2048,0.000,0.002
lltp,ILL/ILLTP-SYJ-cbv,,,SYJ204+1.008.p,intuitionistic,auto,1,false,,5,0,10,provable,proved,,ok,two-sided,IMELL,84,2,64.579,462679,369060,8253,389682,0,0,2048,60.000,0.077
lltp,ILL/ILLTP-SYJ-cbv,,,SYJ204+1.009.p,intuitionistic,auto,1,false,,5,0,10,provable,proved,,ok,two-sided,IMELL,94,2,112.318,829790,673211,8861,705719,0,0,2048,100.000,0.518
lltp,ILL/ILLTP-SYJ-cbv,,,SYJ204+1.010.p,intuitionistic,auto,1,false,,5,0,10,provable,proved,,ok,two-sided,IMELL,104,2,205.808,1493367,1228933,9476,1279694,0,0,2048,200.000,0.132
lltp,ILL/ILLTP-SYJ-cbv,,,SYJ204+1.011.p,intuitionistic,auto,1,false,,5,0,10,provable,proved,,ok,two-sided,IMELL,114,2,321.113,2682492,2238272,10103,2311242,0,0,2048,310.000,0.180
lltp,ILL/ILLTP-SYJ-cbv,,,SYJ204+1.012.p,intuitionistic,auto,1,false,,5,0,10,provable,proved,,ok,two-sided,IMELL,124,2,607.872,4837717,4093821,11327,4181542,0,0,2048,590.000,0.488
lltp,ILL/ILLTP-SYJ-cbv,,,SYJ204+1.013.p,intuitionistic,auto,1,false,,5,0,10,provable,proved,,ok,two-sided,IMELL,134,2,1123.819,8998246,7729018,15909,7766778,0,0,2048,1110.000,0.632
lltp,ILL/ILLTP-SYJ-cbv,,,SYJ204+1.014.p,intuitionistic,auto,1,false,,5,0,10,provable,proved,,ok,two-sided,IMELL,144,2,2098.759,15726374,13681559,16797,13583442,0,0,2048,2090.000,1.228
lltp,ILL/ILLTP-SYJ-cbv,,,SYJ204+1.015.p,intuitionistic,auto,1,false,,5,0,10,provable,proved,,ok,two-sided,IMELL,154,2,3192.728,26527996,23354307,18555,22953865,0,0,2048,3180.000,1.655
lltp,ILL/ILLTP-SYJ-cbv,,,SYJ204+1.016.p,intuitionistic,auto,1,false,,5,0,10,provable,unknown,timeout,,two-sided,IMELL,164,2,5004.928,38437504,34162885,10985,33564070,0,0,2048,4990.000,2.703
lltp,ILL/ILLTP-SYJ-cbv,,,SYJ204+1.017.p,intuitionistic,auto,1,false,,5,0,10,provable,unknown,timeout,,two-sided,IMELL,174,2,5004.777,41431488,37098417,8991,36437016,0,0,2048,4990.000,2.513
lltp,ILL/ILLTP-SYJ-cbv,,,SYJ204+1.018.p,intuitionistic,auto,1,false,,5,0,10,provable,unknown,timeout,,two-sided,IMELL,184,2,5004.565,37940352,34199202,6344,33573313,0,0,2048,4980.000,2.619
lltp,ILL/ILLTP-SYJ-cbv,,,SYJ204+1.019.p,intuitionistic,auto,1,false,,5,0,10,provable,unknown,timeout,,two-sided,IMELL,194,2,5004.229,37113984,33881091,3891,32669672,0,0,2048,4990.000,2.434
lltp,ILL/ILLTP-SYJ-cbv,,,SYJ204+1.020.p,intuitionistic,auto,1,false,,5,0,10,provable,unknown,timeout,,two-sided,IMELL,204,2,5003.731,37123392,33733283,4056,33534242,0,0,2048,4980.000,2.433
lltp,ILL/ILLTP-SYJ-cbv,,,SYJ205+1.001.p,intuitionistic,auto,1,false,,5,0,10,provable,proved,,ok,two-sided,IMELL,65,2,0.071,130,45,48,82,0,0,2048,0.000,0.000
lltp,ILL/ILLTP-SYJ-cbv,,,SYJ205+1.002.p,intuitionistic,auto,1,false,,5,0,10,provable,proved,,ok,two-sided,IMELL,87,2,0.230,852,461,205,569,0,0,2048,0.000,0.000
lltp,ILL/ILLTP-SYJ-cbv,,,SYJ205+1.003.p,intuitionistic,auto,1,false,,5,0,10,provable,proved,,ok,two-sided,IMELL,109,2,0.512,2094,1240,507,1430,0,0,2048,0.000,0.000
lltp,ILL/ILLTP-SYJ-cbv,,,SYJ205+1.004.p,intuitionistic,auto,1,false,,5,0,10,provable,proved,,ok,two-sided,IMELL,131,2,2.974,14534,10137,2379,9940,0,0,2048,0.000,0.002
lltp,ILL/ILLTP-SYJ-cbv,,,SYJ205+1.005.p,intuitionistic,auto,1,false,,5,0,10,provable,proved,,ok,two-sided,IMELL,153,2,6.101,29253,20917,4880,20566,0,0,2048,0.000,0.044
lltp,ILL/ILLTP-SYJ-cbv,,,SYJ205+1.006.p,intuitionistic,auto,1,false,,5,0,10,provable,proved,,ok,two-sided,IMELL,175,2,10.932,52340,37706,9212,37580,0,0,2048,0.000,0.008
lltp,ILL/ILLTP-SYJ-cbv,,,SYJ205+1.007.p,intuitionistic,auto,1,false,,5,0,10,provable,proved,,ok,two-sided,IMELL,197,2,17.559,88487,63785,16489,64480,0,0,2048,10.000,0.016
lltp,ILL/ILLTP-SYJ-cbv,,,SYJ205+1.008.p,intuitionistic,auto,1,false,,5,0,10,provable,proved,,ok,two-sided,IMELL,219,2,117.221,614017,483491,80233,446077,0,0,2048,110.000,0.086
lltp,ILL/ILLTP-SYJ-cbv,,,SYJ205+1.009.p,intuitionistic,auto,1,false,,5,0,10,provable,proved,,ok,two-sided,IMELL,241,2,197.297,1002917,790915,136981,739703,0,0,2048,190.000,0.160
lltp,ILL/ILLTP-SYJ-cbv,,,SYJ205+1.010.p,intuitionistic,auto,1,false,,5,0,10,provable,proved,,ok,two-sided,IMELL,263,2,316.719,1539277,1217988,215353,1152912,0,0,2048,310.000,0.230
lltp,ILL/ILLTP-SYJ-cbv,,,SYJ205+1.011.p,intuitionistic,auto,1,false,,5,0,10,provable,proved,,ok,two-sided,IMELL,285,2,509.637,2282344,1810929,325923,1732578,0,0,2048,500.000,0.402
lltp,ILL/ILLTP-SYJ-cbv,,,SYJ205+1.012.p,intuitionistic,auto,1,false,,5,0,10,provable,proved,,ok,two-sided,IMELL,307,2,831.750,3321544,2634780,489204,2547265,0,0,2048,820.000,0.610
lltp,ILL/ILLTP-SYJ-cbv,,,SYJ205+1.013.p,intuitionistic,auto,1,false,,5,0,10,provable,proved,,ok,two-sided,IMELL,329,2,1231.869,4763919,3773172,725195,3682040,0,0,2048,1220.000,0.904
lltp,ILL/ILLTP-SYJ-cbv,,,SYJ205+1.014.p,intuitionistic,auto,1,false,,5,0,10,provable,proved,,ok,two-sided,IMELL,351,2,1884.235,6655261,5268270,1038046,5182829,0,0,2048,1870.000,1.515
lltp,ILL/ILLTP-SYJ-cbv,,,SYJ205+1.015.p,intuitionistic,auto,1,false,,5,0,10,provable,proved,,ok,two-sided,IMELL,373,2,3720.584,14429265,11703676,1048576,11410440,0,0,2048,3700.000,2.694
lltp,ILL/ILLTP-SYJ-cbv,,,SYJ205+1.016.p,intuitionistic,auto,1,false,,5,0,10,provable,unknown,timeout,,two-sided,IMELL,395,2,5336.869,19569536,15993927,1048576,15626625,0,0,2048,5310.000,3.731
lltp,ILL/ILLTP-SYJ-cbv,,,SYJ205+1.017.p,intuitionistic,auto,1,false,,5,0,10,provable,unknown,timeout,,two-sided,IMELL,417,2,5357.706,18130944,14382547,1048576,14265095,0,0,2048,5340.000,3.968
lltp,ILL/ILLTP-SYJ-cbv,,,SYJ205+1.018.p,intuitionistic,auto,1,false,,5,0,10,provable,unknown,timeout,,two-sided,IMELL,439,2,5360.925,18410112,14562232,1048576,14551612,0,0,2048,5340.000,3.800
lltp,ILL/ILLTP-SYJ-cbv,,,SYJ205+1.019.p,intuitionistic,auto,1,false,,5,0,10,provable,unknown,timeout,,two-sided,IMELL,461,2,5031.015,15856960,11859345,1048576,12167473,0,0,2048,5010.000,3.681
lltp,ILL/ILLTP-SYJ-cbv,,,SYJ205+1.020.p,intuitionistic,auto,1,false,,5,0,10,provable,unknown,timeout,,two-sided,IMELL,483,2,5294.697,15971392,12197453,1048576,12489472,0,0,2048,5270.000,4.034
lltp,ILL/ILLTP-SYJ-cbv,,,SYJ206+1.003.p,intuitionistic,auto,1,false,,5,0,10,provable,proved,,ok,two-sided,IMELL,145,8,0.154,371,124,155,255,0,0,2048,0.000,0.000
lltp,ILL/ILLTP-SYJ-cbv,,,SYJ206+1.004.p,intuitionistic,auto,1,false,,5,0,10,provable,proved,,ok,two-sided,IMELL,321,16,1.514,6494,3805,1311,5110,0,0,2048,0.000,0.000
lltp,ILL/ILLTP-SYJ-cbv,,,SYJ206+1.005.p,intuitionistic,auto,1,false,,5,0,10,provable,proved,,ok,two-sided,IMELL,673,32,28.440,133809,95327,13416,110349,0,0,2048,20.000,0.043
lltp,ILL/ILLTP-SYJ-cbv,,,SYJ206+1.006.p,intuitionistic,auto,1,false,,5,0,10,provable,proved,,ok,two-sided,IMELL,1377,64,872.247,3557862,2796554,161969,3004870,0,0,2048,860.000,0.565
lltp,ILL/ILLTP-SYJ-cbv,,,SYJ206+1.007.p,intuitionistic,auto,1,false,,5,0,10,provable,unknown,timeout,,two-sided,IMELL,2785,128,5060.878,21675847,19181276,168207,20686916,0,0,2048,5050.000,2.865
lltp,ILL/ILLTP-SYJ-cbv,,,SYJ206+1.008.p,intuitionistic,auto,1,false,,5,0,10,provable,unknown,timeout,,two-sided,IMELL,5601,256,5086.800,14147566,12005195,312898,10918196,0,0,2048,5070.000,3.617
lltp,ILL/ILLTP-SYJ-cbv,,,SYJ206+1.009.p,intuitionistic,auto,1,false,,5,0,10,provable,unknown,timeout,,two-sided,IMELL,11233,512,5051.945,7906926,6714859,188735,5114890,0,0,2048,5040.000,3.463
lltp,ILL/ILLTP-SYJ-cbv,,,SYJ206+1.010.p,intuitionistic,auto,1,false,,5,0,10,provable,unknown,timeout,,two-sided,IMELL,22497,1024,5085.958,4028811,3250140,219003,2195635,0,0,2048,5070.000,3.814
lltp,ILL/ILLTP-SYJ-cbv,,,SYJ206+1.011.p,intuitionistic,auto,1,false,,5,0,10,provable,unknown,timeout,,two-sided,IMELL,45025,2048,5041.812,2026767,1626024,120592,952415,0,0,2048,5030.000,3.906
lltp,ILL/ILLTP-SYJ-cbv,,,SYJ206+1.012.p,intuitionistic,auto,1,false,,5,0,10,provable,unknown,timeout,,two-sided,IMELL,90081,4096,5334.616,860016,631378,114693,420506,0,0,2048,5310.000,4.210
lltp,ILL/ILLTP-SYJ-cbv,,,SYJ206+1.013.p,intuitionistic,auto,1,false,,5,0,10,provable,unknown,timeout,,two-sided,IMELL,180193,8192,5051.278,400828,286559,62464,175810,0,0,2048,5040.000,4.408
lltp,ILL/ILLTP-SYJ-cbv,,,SYJ206+1.014.p,intuitionistic,auto,1,false,,5,0,10,provable,unknown,timeout,,two-sided,IMELL,360417,16384,5036.066,170176,112745,34894,71711,0,0,2048,5020.000,4.322
lltp,ILL/ILLTP-SYJ-cbv,,,SYJ206+1.015.p,intuitionistic,auto,1,false,,5,0,10,provable,unknown,timeout,,two-sided,IMELL,720865,32768,5071.679,73856,44057,21431,33986,0,0,2048,5070.000,4.406
lltp,ILL/ILLTP-SYJ-cbv,,,SYJ207+1.001.p,intuitionistic,auto,1,false,,5,0,10,unprovable,unprovable,,,two-sided,ILL,54,4,1.226,8505,6323,52,11537,0,0,2048,0.000,0.000
lltp,ILL/ILLTP-SYJ-cbv,,,SYJ207+1.002.p,intuitionistic,auto,1,false,,5,0,10,unprovable,unknown,copy_bound,,two-sided,ILL,124,6,187.940,1278464,1160256,1053,2064739,0,0,2048,180.000,0.131
lltp,ILL/ILLTP-SYJ-cbv,,,SYJ207+1.003.p,intuitionistic,auto,1,false,,5,0,10,unprovable,unknown,copy_bound,,two-sided,ILL,218,8,2365.192,17147608,16315756,14672,28585185,0,0,2048,2350.000,1.756
lltp,ILL/ILLTP-SYJ-cbv,,,SYJ207+1.004.p,intuitionistic,auto,1,false,,5,0,10,unprovable,unknown,timeout,,two-sided,ILL,336,10,5033.479,33066737,31851128,129381,54938057,0,0,2048,5020.000,2.727
lltp,ILL/ILLTP-SYJ-cbv,,,SYJ207+1.005.p,intuitionistic,auto,1,false,,5,0,10,unprovable,unknown,timeout,,two-sided,ILL,478,12,5069.830,27359648,25909245,600005,43727092,0,0,2048,5050.000,2.976
lltp,ILL/ILLTP-SYJ-cbv,,,SYJ207+1.006.p,intuitionistic,auto,1,false,,5,0,10,unprovable,unknown,timeout,,two-sided,ILL,644,14,5055.785,19042345,16773430,1048576,27805887,0,0,2048,5040.000,3.366
lltp,ILL/ILLTP-SYJ-cbv,,,SYJ207+1.007.p,intuitionistic,auto,1,false,,5,0,10,unprovable,unknown,timeout,,two-sided,ILL,834,16,5324.269,13764206,10962377,1048576,19986152,0,0,2048,5300.000,4.188
lltp,ILL/ILLTP-SYJ-cbv,,,SYJ207+1.008.p,intuitionistic,auto,1,false,,5,0,10,,unknown,timeout,,two-sided,ILL,1048,18,5032.998,12084024,9378485,1048576,17833720,0,0,2048,5010.000,3.772
lltp,ILL/ILLTP-SYJ-cbv,,,SYJ207+1.009.p,intuitionistic,auto,1,false,,5,0,10,,unknown,timeout,,two-sided,ILL,1286,20,5006.786,10304107,7819262,1048576,15475330,0,0,2048,4980.000,4.057
lltp,ILL/ILLTP-SYJ-cbv,,,SYJ207+1.010.p,intuitionistic,auto,1,false,,5,0,10,,unknown,timeout,,two-sided,ILL,1548,22,5029.322,9289820,6731582,1048576,14341730,0,0,2048,5000.000,4.168
lltp,ILL/ILLTP-SYJ-cbv,,,SYJ207+1.011.p,intuitionistic,auto,1,false,,5,0,10,,unknown,timeout,,two-sided,ILL,1834,24,5039.526,8363988,5874646,1048576,12880331,0,0,2048,5020.000,4.007
lltp,ILL/ILLTP-SYJ-cbv,,,SYJ207+1.012.p,intuitionistic,auto,1,false,,5,0,10,,unknown,timeout,,two-sided,ILL,2144,26,5011.280,7676987,5312235,1048576,11852813,0,0,2048,4990.000,4.081
lltp,ILL/ILLTP-SYJ-cbv,,,SYJ207+1.013.p,intuitionistic,auto,1,false,,5,0,10,,unknown,timeout,,two-sided,ILL,2478,28,5144.286,7360740,5056452,1048576,11423115,0,0,2048,5120.000,4.517
lltp,ILL/ILLTP-SYJ-cbv,,,SYJ207+1.014.p,intuitionistic,auto,1,false,,5,0,10,,unknown,timeout,,two-sided,ILL,2836,30,5287.364,7112534,4855460,1048576,11089521,0,0,2048,5260.000,4.382
lltp,ILL/ILLTP-SYJ-cbv,,,SYJ207+1.015.p,intuitionistic,auto,1,false,,5,0,10,,unknown,timeout,,two-sided,ILL,3218,32,5262.021,6694159,4557039,1048576,10491587,0,0,2048,5240.000,4.347
lltp,ILL/ILLTP-SYJ-cbv,,,SYJ207+1.016.p,intuitionistic,auto,1,false,,5,0,10,,unknown,timeout,,two-sided,ILL,3624,34,5237.257,6241662,4214264,1048576,9821711,0,0,2048,5220.000,4.427
lltp,ILL/ILLTP-SYJ-cbv,,,SYJ207+1.017.p,intuitionistic,auto,1,false,,5,0,10,,unknown,timeout,,two-sided,ILL,4054,36,5192.526,5650425,3776935,1048576,8906773,0,0,2048,5170.000,4.267
lltp,ILL/ILLTP-SYJ-cbv,,,SYJ207+1.018.p,intuitionistic,auto,1,false,,5,0,10,,unknown,timeout,,two-sided,ILL,4508,38,5184.892,5400549,3564732,1048576,8521377,0,0,2048,5160.000,4.455
lltp,ILL/ILLTP-SYJ-cbv,,,SYJ207+1.019.p,intuitionistic,auto,1,false,,5,0,10,,unknown,timeout,,two-sided,ILL,4986,40,5157.883,5058258,3335032,1048576,8024605,0,0,2048,5130.000,4.423
lltp,ILL/ILLTP-SYJ-cbv,,,SYJ207+1.020.p,intuitionistic,auto,1,false,,5,0,10,,unknown,timeout,,two-sided,ILL,5488,42,5170.549,4710464,2955241,1048576,7391788,0,0,2048,5150.000,4.656
lltp,ILL/ILLTP-SYJ-cbv,,,SYJ208+1.001.p,intuitionistic,auto,1,false,,5,0,10,unprovable,unknown,copy_bound,,two-sided,ILL,21,1,0.078,375,228,15,264,0,0,2048,0.000,0.000
lltp,ILL/ILLTP-SYJ-cbv,,,SYJ208+1.002.p,intuitionistic,auto,1,false,,5,0,10,unprovable,unknown,copy_bound,,two-sided,ILL,68,2,0.077,344,215,30,279,0,0,2048,0.000,0.000
lltp,ILL/ILLTP-SYJ-cbv,,,SYJ208+1.003.p,intuitionistic,auto,1,false,,5,0,10,unprovable,unknown,copy_bound,,two-sided,ILL,163,3,0.198,985,626,152,720,0,0,2048,0.000,0.000
lltp,ILL/ILLTP-SYJ-cbv,,,SYJ208+1.004.p,intuitionistic,auto,1,false,,5,0,10,unprovable,unknown,copy_bound,,two-sided,ILL,324,4,0.803,3419,2096,918,1962,0,0,2048,0.000,0.000
lltp,ILL/ILLTP-SYJ-cbv,,,SYJ208+1.005.p,intuitionistic,auto,1,false,,5,0,10,unprovable,unknown,copy_bound,,two-sided,ILL,569,5,5.826,20324,12097,7507,8327,0,0,2048,0.000,0.025
lltp,ILL/ILLTP-SYJ-cbv,,,SYJ208+1.006.p,intuitionistic,auto,1,false,,5,0,10,unprovable,unknown,copy_bound,,two-sided,ILL,916,6,78.538,209114,124937,82998,73847,0,0,2048,70.000,0.312
lltp,ILL/ILLTP-SYJ-cbv,,,SYJ208+1.007.p,intuitionistic,auto,1,false,,5,0,10,unprovable,unknown,timeout,,two-sided,ILL,1383,7,5102.540,6860928,1435909,1048576,4642782,0,0,2048,5080.000,4.667
lltp,ILL/ILLTP-SYJ-cbv,,,SYJ208+1.008.p,intuitionistic,auto,1,false,,5,0,10,unprovable,unknown,timeout,,two-sided,ILL,1988,8,5279.022,7274048,0,1048576,2554886,0,0,2048,5260.000,5.435
lltp,ILL/ILLTP-SYJ-cbv,,,SYJ208+1.009.p,intuitionistic,auto,1,false,,5,0,10,unprovable,unknown,timeout,,two-sided,ILL,2749,9,5091.371,6291520,0,1048576,2097443,0,0,2048,5070.000,4.926
lltp,ILL/ILLTP-SYJ-cbv,,,SYJ209+1.002.p,intuitionistic,auto,1,false,,5,0,10,unprovable,unprovable,,,two-sided,ILL,31,2,0.058,214,138,11,134,0,0,2048,0.000,0.000
lltp,ILL/ILLTP-SYJ-cbv,,,SYJ209+1.003.p,intuitionistic,auto,1,false,,5,0,10,unprovable,unknown,copy_bound,,two-sided,ILL,41,3,1.053,9208,5484,39,6714,0,0,2048,0.000,0.000
lltp,ILL/ILLTP-SYJ-cbv,,,SYJ209+1.004.p,intuitionistic,auto,1,false,,5,0,10,unprovable,unknown,copy_bound,,two-sided,ILL,51,4,16.062,130955,95789,145,97210,0,0,2048,10.000,0.046
lltp,ILL/ILLTP-SYJ-cbv,,,SYJ209+1.005.p,intuitionistic,auto,1,false,,5,0,10,unprovable,unknown,copy_bound,,two-sided,ILL,61,5,91.229,817300,657844,531,519354,0,0,2048,90.000,0.049
lltp,ILL/ILLTP-SYJ-cbv,,,SYJ209+1.006.p,intuitionistic,auto,1,false,,5,0,10,unprovable,unknown,copy_bound,,two-sided,ILL,71,6,417.684,3246305,2743180,1896,1816058,0,0,2048,410.000,1.156
lltp,ILL/ILLTP-SYJ-cbv,,,SYJ209+1.007.p,intuitionistic,auto,1,false,,5,0,10,unprovable,unknown,copy_bound,,two-sided,ILL,81,7,1136.662,9896222,8613742,6515,4992058,0,0,2048,1130.000,1.371
lltp,ILL/ILLTP-SYJ-cbv,,,SYJ209+1.008.p,intuitionistic,auto,1,false,,5,0,10,unprovable,unknown,copy_bound,,two-sided,ILL,91,8,3294.325,25370467,22530063,20971,11726906,0,0,2048,3280.000,2.523
lltp,ILL/ILLTP-SYJ-cbv,,,SYJ209+1.009.p,intuitionistic,auto,1,false,,5,0,10,unprovable,unknown,timeout,,two-sided,ILL,101,9,5003.490,39559168,35861289,61091,16584092,0,0,2048,4980.000,6.035
lltp,ILL/ILLTP-SYJ-cbv,,,SYJ209+1.010.p,intuitionistic,auto,1,false,,5,0,10,unprovable,unknown,timeout,,two-sided,ILL,111,10,5006.765,40068096,36662313,142495,15182642,0,0,2048,4990.000,4.436
lltp,ILL/ILLTP-SYJ-cbv,,,SYJ209+1.011.p,intuitionistic,auto,1,false,,5,0,10,,unknown,timeout,,two-sided,ILL,121,11,5015.267,39638784,36473072,282118,13504208,0,0,2048,4990.000,5.126
lltp,ILL/ILLTP-SYJ-cbv,,,SYJ209+1.012.p,intuitionistic,auto,1,false,,5,0,10,,unknown,timeout,,two-sided,ILL,131,12,5036.900,43655552,40253702,512268,13603030,0,0,2048,5020.000,2.904
lltp,ILL/ILLTP-SYJ-cbv,,,SYJ209+1.013.p,intuitionistic,auto,1,false,,5,0,10,,unknown,timeout,,two-sided,ILL,141,13,5052.934,36378496,33403210,749579,9956992,0,0,2048,5040.000,2.910
lltp,ILL/ILLTP-SYJ-cbv,,,SYJ209+1.014.p,intuitionistic,auto,1,false,,5,0,10,,unknown,timeout,,two-sided,ILL,151,14,5210.456,34700864,31705482,1048576,8565294,0,0,2048,5190.000,3.145
lltp,ILL/ILLTP-SYJ-cbv,,,SYJ209+1.015.p,intuitionistic,auto,1,false,,5,0,10,,unknown,timeout,,two-sided,ILL,161,15,5255.206,34607552,31340298,1048576,6611220,0,0,2048,5230.000,3.175
lltp,ILL/ILLTP-SYJ-cbv,,,SYJ209+1.016.p,intuitionistic,auto,1,false,,5,0,10,,unknown,timeout,,two-sided,ILL,171,16,5077.968,37066624,33160835,1048576,6246166,0,0,2048,5060.000,3.066
lltp,ILL/ILLTP-SYJ-cbv,,,SYJ209+1.017.p,intuitionistic,auto,1,false,,5,0,10,,unknown,timeout,,two-sided,ILL,181,17,5025.089,35179712,31230836,1048576,5298828,0,0,2048,5000.000,3.048
lltp,ILL/ILLTP-SYJ-cbv,,,SYJ209+1.018.p,intuitionistic,auto,1,false,,5,0,10,,unknown,timeout,,two-sided,ILL,191,18,5042.955,34122816,30068505,1048576,4620198,0,0,2048,5020.000,3.125
lltp,ILL/ILLTP-SYJ-cbv,,,SYJ209+1.019.p,intuitionistic,auto,1,false,,5,0,10,,unknown,timeout,,two-sided,ILL,201,19,5078.294,28373568,24143918,1048576,3495550,0,0,2048,5060.000,3.447
lltp,ILL/ILLTP-SYJ-cbv,,,SYJ209+1.020.p,intuitionistic,auto,1,false,,5,0,10,,unknown,timeout,,two-sided,ILL,211,20,5013.945,26843072,22560766,1048576,2998480,0,0,2048,5000.000,3.400
lltp,ILL/ILLTP-SYJ-cbv,,,SYJ210+1.001.p,intuitionistic,auto,1,false,,5,0,10,unprovable,unprovable,,,two-sided,ILL,20,2,0.045,87,43,12,60,0,0,2048,0.000,0.000
lltp,ILL/ILLTP-SYJ-cbv,,,SYJ210+1.002.p,intuitionistic,auto,1,false,,5,0,10,unprovable,unknown,copy_bound,,two-sided,ILL,30,2,0.150,786,546,49,513,0,0,2048,0.000,0.000
lltp,ILL/ILLTP-SYJ-cbv,,,SYJ210+1.003.p,intuitionistic,auto,1,false,,5,0,10,unprovable,unknown,copy_bound,,two-sided,ILL,40,2,0.595,3570,2600,195,2445,0,0,2048,0.000,0.000
lltp,ILL/ILLTP-SYJ-cbv,,,SYJ210+1.004.p,intuitionistic,auto,1,false,,5,0,10,unprovable,unknown,copy_bound,,two-sided,ILL,50,2,3.196,21522,16007,752,15756,0,0,2048,0.000,0.002
lltp,ILL/ILLTP-SYJ-cbv,,,SYJ210+1.005.p,intuitionistic,auto,1,false,,5,0,10,unprovable,unknown,copy_bound,,two-sided,ILL,60,2,16.604,114927,88682,2614,88555,0,0,2048,10.000,0.046
lltp,ILL/ILLTP-SYJ-cbv,,,SYJ210+1.006.p,intuitionistic,auto,1,false,,5,0,10,unprovable,unknown,copy_bound,,two-sided,ILL,70,2,66.543,466860,368407,7467,374142,0,0,2048,60.000,0.042
lltp,ILL/ILLTP-SYJ-cbv,,,SYJ210+1.007.p,intuitionistic,auto,1,false,,5,0,10,unprovable,unknown,copy_bound,,two-sided,ILL,80,2,228.671,1643255,1324434,18822,1346543,0,0,2048,220.000,0.123
lltp,ILL/ILLTP-SYJ-cbv,,,SYJ210+1.008.p,intuitionistic,auto,1,false,,5,0,10,unprovable,unknown,copy_bound,,two-sided,ILL,90,2,665.879,5025075,4106960,39301,4166257,0,0,2048,650.000,0.343
lltp,ILL/ILLTP-SYJ-cbv,,,SYJ210+1.009.p,intuitionistic,auto,1,false,,5,0,10,unprovable,unknown,copy_bound,,two-sided,ILL,100,2,1216.145,9186969,7610894,59084,7650633,0,0,2048,1210.000,0.658
lltp,ILL/ILLTP-SYJ-cbv,,,SYJ210+1.010.p,intuitionistic,auto,1,false,,5,0,10,unprovable,unknown,copy_bound,,two-sided,ILL,110,2,2159.725,17703236,14830995,80062,14722400,0,0,2048,2150.000,1.089
lltp,ILL/ILLTP-SYJ-cbv,,,SYJ210+1.011.p,intuitionistic,auto,1,false,,5,0,10,unprovable,unknown,copy_bound,,two-sided,ILL,120,2,3968.350,33400890,28276107,93554,27767611,0,0,2048,3950.000,2.010
lltp,ILL/ILLTP-SYJ-cbv,,,SYJ210+1.012.p,intuitionistic,auto,1,false,,5,0,10,unprovable,unknown,timeout,,two-sided,ILL,130,2,5008.328,41540928,35418042,61871,34620383,0,0,2048,4990.000,2.418
lltp,ILL/ILLTP-SYJ-cbv,,,SYJ210+1.013.p,intuitionistic,auto,1,false,,5,0,10,unprovable,unknown,timeout,,two-sided,ILL,140,2,5007.130,41706944,35806732,33272,34722125,0,0,2048,4980.000,2.411
lltp,ILL/ILLTP-SYJ-cbv,,,SYJ210+1.014.p,intuitionistic,auto,1,false,,5,0,10,unprovable,unknown,timeout,,two-sided,ILL,150,2,5006.127,39877504,34710491,5497,32767708,0,0,2048,4990.000,2.441
lltp,ILL/ILLTP-SYJ-cbv,,,SYJ210+1.015.p,intuitionistic,auto,1,false,,5,0,10,unprovable,unknown,timeout,,two-sided,ILL,160,2,5006.272,38822592,34988839,2534,31726953,0,0,2048,4990.000,2.430
lltp,ILL/ILLTP-SYJ-cbv,,,SYJ210+1.016.p,intuitionistic,auto,1,false,,5,0,10,unprovable,unknown,timeout,,two-sided,ILL,170,2,5006.451,43979904,40215000,2668,36461171,0,0,2048,4990.000,2.405
lltp,ILL/ILLTP-SYJ-cbv,,,SYJ210+1.017.p,intuitionistic,auto,1,false,,5,0,10,unprovable,unknown,timeout,,two-sided,ILL,180,2,5005.666,42025280,38920424,1612,35266682,0,0,2048,4990.000,2.371
lltp,ILL/ILLTP-SYJ-cbv,,,SYJ210+1.018.p,intuitionistic,auto,1,false,,5,0,10,unprovable,unknown,timeout,,two-sided,ILL,190,2,5005.164,41684608,38850002,697,35660016,0,0,2048,4990.000,2.418
lltp,ILL/ILLTP-SYJ-cbv,,,SYJ210+1.019.p,intuitionistic,auto,1,false,,5,0,10,unprovable,unknown,timeout,,two-sided,ILL,200,2,5004.213,37940736,35515751,730,33310259,0,0,2048,4990.000,2.367
lltp,ILL/ILLTP-SYJ-cbv,,,SYJ210+1.020.p,intuitionistic,auto,1,false,,5,0,10,unprovable,unknown,timeout,,two-sided,ILL,210,2,5003.601,37771008,35479835,763,34025719,0,0,2048,4990.000,2.280
lltp,ILL/ILLTP-SYJ-cbv,,,SYJ211+1.001.p,intuitionistic,auto,1,false,,5,0,10,unprovable,unprovable,,,two-sided,ILL,40,2,0.021,21,11,5,15,0,0,2048,0.000,0.000
lltp,ILL/ILLTP-SYJ-cbv,,,SYJ211+1.002.p,intuitionistic,auto,1,false,,5,0,10,unprovable,unprovable,,,two-sided,ILL,56,2,0.020,26,15,6,20,0,0,2048,0.000,0.000
lltp,ILL/ILLTP-SYJ-cbv,,,SYJ211+1.003.p,intuitionistic,auto,1,false,,5,0,10,unprovable,unprovable,,,two-sided,ILL,72,2,0.025,31,19,7,25,0,0,2048,0.000,0.000
lltp,ILL/ILLTP-SYJ-cbv,,,SYJ211+1.004.p,intuitionistic,auto,1,false,,5,0,10,unprovable,unprovable,,,two-sided,ILL,88,2,0.025,36,23,8,30,0,0,2048,0.000,0.000
lltp,ILL/ILLTP-SYJ-cbv,,,SYJ211+1.005.p,intuitionistic,auto,1,false,,5,0,10,unprovable,unprovable,,,two-sided,ILL,104,2,0.024,41,27,9,35,0,0,2048,0.000,0.000
lltp,ILL/ILLTP-SYJ-cbv,,,SYJ211+1.006.p,intuitionistic,auto,1,false,,5,0,10,unprovable,unprovable,,,two-sided,ILL,120,2,0.028,46,31,10,40,0,0,2048,0.000,0.000
lltp,ILL/ILLTP-SYJ-cbv,,,SYJ211+1.007.p,intuitionistic,auto,1,false,,5,0,10,unprovable,unprovable,,,two-sided,ILL,136,2,0.028,51,35,11,45,0,0,2048,0.000,0.000
lltp,ILL/ILLTP-SYJ-cbv,,,SYJ211+1.008.p,intuitionistic,auto,1,false,,5,0,10,unprovable,unprovable,,,two-sided,ILL,152,2,0.031,56,39,12,50,0,0,2048,0.000,0.000
lltp,ILL/ILLTP-SYJ-cbv,,,SYJ211+1.009.p,intuitionistic,auto,1,false,,5,0,10,unprovable,unprovable,,,two-sided,ILL,168,2,0.032,61,43,13,55,0,0,2048,0.000,0.000
lltp,ILL/ILLTP-SYJ-cbv,,,SYJ211+1.010.p,intuitionistic,auto,1,false,,5,0,10,unprovable,unprovable,,,two-sided,ILL,184,2,0.038,66,47,14,60,0,0,2048,0.000,0.000
lltp,ILL/ILLTP-SYJ-cbv,,,SYJ211+1.011.p,intuitionistic,auto,1,false,,5,0,10,unprovable,unprovable,,,two-sided,ILL,200,2,0.035,71,51,15,65,0,0,2048,0.000,0.000
lltp,ILL/ILLTP-SYJ-cbv,,,SYJ211+1.012.p,intuitionistic,auto,1,false,,5,0,10,unprovable,unprovable,,,two-sided,ILL,216,2,0.036,76,55,16,70,0,0,2048,0.000,0.000
lltp,ILL/ILLTP-SYJ-cbv,,,SYJ211+1.013.p,intuitionistic,auto,1,false,,5,0,10,unprovable,unprovable,,,two-sided,ILL,232,2,0.037,81,59,17,75,0,0,2048,0.000,0.000
lltp,ILL/ILLTP-SYJ-cbv,,,SYJ211+1.014.p,intuitionistic,auto,1,false,,5,0,10,unprovable,unprovable,,,two-sided,ILL,248,2,0.037,86,63,18,80,0,0,2048,0.000,0.000
lltp,ILL/ILLTP-SYJ-cbv,,,SYJ211+1.015.p,intuitionistic,auto,1,false,,5,0,10,unprovable,unprovable,,,two-sided,ILL,264,2,0.042,91,67,19,85,0,0,2048,0.000,0.000
lltp,ILL/ILLTP-SYJ-cbv,,,SYJ211+1.016.p,intuitionistic,auto,1,false,,5,0,10,unprovable,unprovable,,,two-sided,ILL,280,2,0.046,96,71,20,90,0,0,2048,0.000,0.000
lltp,ILL/ILLTP-SYJ-cbv,,,SYJ211+1.017.p,intuitionistic,auto,1,false,,5,0,10,unprovable,unprovable,,,two-sided,ILL,296,2,0.045,101,75,21,95,0,0,2048,0.000,0.000
lltp,ILL/ILLTP-SYJ-cbv,,,SYJ211+1.018.p,intuitionistic,auto,1,false,,5,0,10,unprovable,unprovable,,,two-sided,ILL,312,2,0.046,106,79,22,100,0,0,2048,0.000,0.000
lltp,ILL/ILLTP-SYJ-cbv,,,SYJ211+1.019.p,intuitionistic,auto,1,false,,5,0,10,unprovable,unprovable,,,two-sided,ILL,328,2,0.050,111,83,23,105,0,0,2048,0.000,0.000
lltp,ILL/ILLTP-SYJ-cbv,,,SYJ211+1.020.p,intuitionistic,auto,1,false,,5,0,10,unprovable,unprovable,,,two-sided,ILL,344,2,0.050,116,87,24,110,0,0,2048,0.000,0.000
lltp,ILL/ILLTP-SYJ-cbv,,,SYJ212+1.001.p,intuitionistic,auto,1,false,,5,0,10,unprovable,proved,,ok,two-sided,ILL,22,2,0.050,81,25,25,49,0,0,2048,0.000,0.000
lltp,ILL/ILLTP-SYJ-cbv,,,SYJ212+1.002.p,intuitionistic,auto,1,false,,5,0,10,unprovable,unprovable,,,two-sided,ILL,75,4,0.860,5755,4043,34,7338,0,0,2048,0.000,0.000
lltp,ILL/ILLTP-SYJ-cbv,,,SYJ212+1.003.p,intuitionistic,auto,1,false,,5,0,10,unprovable,unknown,copy_bound,,two-sided,ILL,181,8,16.595,120583,99920,2041,138139,0,0,2048,10.000,0.048
lltp,ILL/ILLTP-SYJ-cbv,,,SYJ212+1.004.p,intuitionistic,auto,1,false,,5,0,10,unprovable,unknown,copy_bound,,two-sided,ILL,393,16,204.555,1324718,1155402,47749,1297171,0,0,2048,190.000,0.134
lltp,ILL/ILLTP-SYJ-cbv,,,SYJ212+1.005.p,intuitionistic,auto,1,false,,5,0,10,unprovable,unknown,timeout,,two-sided,ILL,817,32,5076.502,26308892,23549549,616020,25356235,0,0,2048,5060.000,3.140
lltp,ILL/ILLTP-SYJ-cbv,,,SYJ212+1.006.p,intuitionistic,auto,1,false,,5,0,10,unprovable,unknown,timeout,,two-sided,ILL,1665,64,5086.199,24221569,22025309,250876,27001989,0,0,2048,5070.000,3.066
lltp,ILL/ILLTP-SYJ-cbv,,,SYJ212+1.007.p,intuitionistic,auto,1,false,,5,0,10,unprovable,unknown,timeout,,two-sided,ILL,3361,128,5096.645,18610579,16622475,310910,17934109,0,0,2048,5080.000,3.353
lltp,ILL/ILLTP-SYJ-cbv,,,SYJ212+1.008.p,intuitionistic,auto,1,false,,5,0,10,unprovable,unknown,timeout,,two-sided,ILL,6753,256,5096.114,12805595,11175452,331191,10868306,0,0,2048,5070.000,3.549
lltp,ILL/ILLTP-SYJ-cbv,,,SYJ212+1.009.p,intuitionistic,auto,1,false,,5,0,10,unprovable,unknown,timeout,,two-sided,ILL,13537,512,5057.988,6574068,5599285,223705,4306742,0,0,2048,5050.000,3.590
lltp,ILL/ILLTP-SYJ-cbv,,,SYJ212+1.010.p,intuitionistic,auto,1,false,,5,0,10,unprovable,unknown,timeout,,two-sided,ILL,27105,1024,5082.212,3312856,2683196,214961,1914397,0,0,2048,5060.000,3.842
lltp,ILL/ILLTP-SYJ-cbv,,,SYJ212+1.011.p,intuitionistic,auto,1,false,,5,0,10,unprovable,unknown,timeout,,two-sided,ILL,54241,2048,5070.230,1654806,1313628,125678,801246,0,0,2048,5060.000,3.902
lltp,ILL/ILLTP-SYJ-cbv,,,SYJ212+1.012.p,intuitionistic,auto,1,false,,5,0,10,unprovable,unknown,timeout,,two-sided,ILL,108513,4096,5080.486,705784,512098,101385,347937,0,0,2048,5070.000,3.918
lltp,ILL/ILLTP-SYJ-cbv,,,SYJ212+1.013.p,intuitionistic,auto,1,false,,5,0,10,unprovable,unknown,timeout,,two-sided,ILL,217057,8192,5064.046,327995,232789,55513,149154,0,0,2048,5050.000,4.142
lltp,ILL/ILLTP-SYJ-cbv,,,SYJ212+1.014.p,intuitionistic,auto,1,false,,5,0,10,unprovable,unknown,timeout,,two-sided,ILL,434145,16384,5035.159,126719,78775,33082,58766,0,0,2048,5030.000,4.610
lltp,ILL/ILLTP-SYJ-cbv,,,SYJ212+1.015.p,intuitionistic,auto,1,false,,5,0,10,unprovable,unknown,timeout,,two-sided,ILL,868321,32768,5067.051,57471,33676,17487,26476,0,0,2048,5050.000,4.599
lltp,ILL/ILLTP-SYN-01,,,SYN040+1.p,intuitionistic,auto,1,false,,5,0,10,unprovable,unknown,copy_bound,,two-sided,ILL,44,2,0.035,111,45,7,67,0,0,2048,0.000,0.000
lltp,ILL/ILLTP-SYN-01,,,SYN044+1.p,intuitionistic,auto,1,false,,5,0,10,provable,proved,,ok,two-sided,ILL,38,3,0.109,354,182,88,197,0,0,2048,0.000,0.000
lltp,ILL/ILLTP-SYN-01,,,SYN045+1.p,intuitionistic,auto,1,false,,5,0,10,provable,proved,,ok,two-sided,ILL,50,3,0.184,815,402,209,0,0,0,2048,0.000,0.000
lltp,ILL/ILLTP-SYN-01,,,SYN388+1.p,intuitionistic,auto,1,false,,5,0,10,unprovable,unprovable,,,two-sided,ILL,17,1,0.030,69,17,8,24,0,0,2048,0.000,0.000
lltp,ILL/ILLTP-SYN-01,,,SYN389+1.p,intuitionistic,auto,1,false,,5,0,10,unprovable,unprovable,,,two-sided,IMELL,13,2,0.026,57,12,6,24,0,0,2048,0.000,0.000
lltp,ILL/ILLTP-SYN-01,,,SYN391+1.p,intuitionistic,auto,1,false,,5,0,10,provable,proved,,ok,two-sided,ILL,49,2,0.363,1872,1168,343,292,0,0,2048,0.000,0.000
lltp,ILL/ILLTP-SYN-01,,,SYN392+1.p,intuitionistic,auto,1,false,,5,0,10,unprovable,unknown,copy_bound,,two-sided,ILL,74,4,0.108,721,501,26,180,0,0,2048,0.000,0.000
lltp,ILL/ILLTP-SYN-01,,,SYN393+1.p,intuitionistic,auto,1,false,,5,0,10,unprovable,unknown,copy_bound,,two-sided,ILL,150,8,1.263,8475,6160,420,2672,0,0,2048,0.000,0.000
lltp,ILL/ILLTP-SYN-cbn,,,SYN040+1.p,intuitionistic,auto,1,false,,5,0,10,unprovable,unknown,copy_bound,,two-sided,ILL,33,2,0.020,67,36,3,56,0,0,2048,0.000,0.000
lltp,ILL/ILLTP-SYN-cbn,,,SYN044+1.p,intuitionistic,auto,1,false,,5,0,10,provable,proved,,ok,two-sided,ILL,30,3,0.039,65,22,31,35,0,0,2048,0.000,0.000
lltp,ILL/ILLTP-SYN-cbn,,,SYN045+1.p,intuitionistic,auto,1,false,,5,0,10,provable,proved,,ok,two-sided,ILL,41,3,0.065,170,46,89,0,0,0,2048,0.000,0.000
lltp,ILL/ILLTP-SYN-cbn,,,SYN388+1.p,intuitionistic,auto,1,false,,5,0,10,unprovable,unprovable,,,two-sided,ILL,14,1,0.016,20,6,5,6,0,0,2048,0.000,0.000
lltp,ILL/ILLTP-SYN-cbn,,,SYN389+1.p,intuitionistic,auto,1,false,,5,0,10,unprovable,unprovable,,,two-sided,IMELL,10,2,0.013,12,3,3,6,0,0,2048,0.000,0.000
lltp,ILL/ILLTP-SYN-cbn,,,SYN391+1.p,intuitionistic,auto,1,false,,5,0,10,provable,proved,,ok,two-sided,ILL,39,2,0.047,93,28,47,26,0,0,2048,0.000,0.000
lltp,ILL/ILLTP-SYN-cbn,,,SYN392+1.p,intuitionistic,auto,1,false,,5,0,10,unprovable,unknown,copy_bound,,two-sided,ILL,57,4,0.027,109,66,5,76,0,0,2048,0.000,0.000
lltp,ILL/ILLTP-SYN-cbn,,,SYN393+1.p,intuitionistic,auto,1,false,,5,0,10,unprovable,unknown,copy_bound,,two-sided,ILL,105,8,0.341,2888,1258,28,2516,0,0,2048,0.000,0.000
lltp,ILL/ILLTP-SYN-cbv,,,SYN040+1.p,intuitionistic,auto,1,false,,5,0,10,unprovable,unknown,copy_bound,,two-sided,ILL,41,2,0.029,100,45,6,78,0,0,2048,0.000,0.000
lltp,ILL/ILLTP-SYN-cbv,,,SYN044+1.p,intuitionistic,auto,1,false,,5,0,10,provable,proved,,ok,two-sided,ILL,37,3,0.050,102,42,38,63,0,0,2048,0.000,0.000
lltp,ILL/ILLTP-SYN-cbv,,,SYN045+1.p,intuitionistic,auto,1,false,,5,0,10,provable,proved,,ok,two-sided,ILL,43,3,0.028,29,0,26,6,0,0,2048,0.000,0.000
lltp,ILL/ILLTP-SYN-cbv,,,SYN388+1.p,intuitionistic,auto,1,false,,5,0,10,unprovable,unprovable,,,two-sided,ILL,14,1,0.016,20,6,5,6,0,0,2048,0.000,0.000
lltp,ILL/ILLTP-SYN-cbv,,,SYN389+1.p,intuitionistic,auto,1,false,,5,0,10,unprovable,unprovable,,,two-sided,IMELL,14,2,0.022,31,9,7,12,0,0,2048,0.000,0.000
lltp,ILL/ILLTP-SYN-cbv,,,SYN391+1.p,intuitionistic,auto,1,false,,5,0,10,provable,proved,,ok,two-sided,ILL,39,2,0.045,60,9,39,28,0,0,2048,0.000,0.000
lltp,ILL/ILLTP-SYN-cbv,,,SYN392+1.p,intuitionistic,auto,1,false,,5,0,10,unprovable,unknown,copy_bound,,two-sided,ILL,65,4,0.027,89,46,5,78,0,0,2048,0.000,0.000
lltp,ILL/ILLTP-SYN-cbv,,,SYN393+1.p,intuitionistic,auto,1,false,,5,0,10,unprovable,unknown,copy_bound,,two-sided,IMELL,145,8,0.921,6427,3063,88,7446,0,0,2048,0.000,0.000
lltp,ILL/KLE-01,,,KLE004+1.p,intuitionistic,auto,1,false,,5,0,10,provable,proved,,ok,two-sided,ILL,19,1,0.046,98,38,30,31,0,0,2048,0.000,0.000
lltp,ILL/KLE-01,,,KLE015+1.p,intuitionistic,auto,1,false,,5,0,10,provable,unknown,copy_bound,,two-sided,ILL,19,2,0.023,89,45,5,67,0,0,2048,0.000,0.000
lltp,ILL/KLE-01,,,KLE017+1.p,intuitionistic,auto,1,false,,5,0,10,provable,unknown,copy_bound,,two-sided,ILL,27,2,0.072,379,118,13,251,0,0,2048,0.000,0.000
lltp,ILL/KLE-01,,,KLE018+1.p,intuitionistic,auto,1,false,,5,0,10,provable,proved,,ok,two-sided,ILL,35,2,0.127,448,146,136,179,0,0,2048,0.000,0.000
lltp,ILL/KLE-01,,,KLE026+1.p,intuitionistic,auto,1,false,,5,0,10,provable,proved,,ok,two-sided,ILL,40,2,0.286,1565,977,255,398,0,0,2048,0.000,0.000
lltp,ILL/KLE-01,,,KLE027+1.p,intuitionistic,auto,1,false,,5,0,10,provable,proved,,ok,two-sided,ILL,39,1,0.460,2890,1795,252,1866,0,0,2048,0.000,0.000
lltp,ILL/KLE-01,,,KLE028+1.p,intuitionistic,auto,1,false,,5,0,10,provable,proved,,ok,two-sided,ILL,35,1,0.155,672,307,113,402,0,0,2048,0.000,0.000
lltp,ILL/KLE-01,,,KLE029+1.p,intuitionistic,auto,1,false,,5,0,10,provable,proved,,ok,two-sided,ILL,41,1,0.365,2293,1256,201,1698,0,0,2048,0.000,0.000
lltp,ILL/KLE-01,,,KLE030+1.p,intuitionistic,auto,1,false,,5,0,10,provable,proved,,ok,two-sided,ILL,66,2,2.364,11794,7476,2194,4362,0,0,2048,0.000,0.002
lltp,ILL/KLE-01,,,KLE031+1.p,intuitionistic,auto,1,false,,5,0,10,provable,proved,,ok,two-sided,ILL,98,4,16.427,84988,59741,10463,37277,0,0,2048,10.000,0.055
lltp,ILL/KLE-01,,,KLE032+1.p,intuitionistic,auto,1,false,,5,0,10,provable,proved,,ok,two-sided,ILL,42,2,0.084,271,141,64,83,0,0,2048,0.000,0.000
lltp,ILL/KLE-01,,,KLE033+1.p,intuitionistic,auto,1,false,,5,0,10,provable,proved,,ok,two-sided,ILL,42,2,0.097,382,186,99,120,0,0,2048,0.000,0.000
lltp,ILL/KLE-01,,,KLE034+1.p,intuitionistic,auto,1,false,,5,0,10,provable,proved,,ok,two-sided,ILL,40,2,0.107,459,240,113,67,0,0,2048,0.000,0.000
lltp,ILL/KLE-01,,,KLE035+1.p,intuitionistic,auto,1,false,,5,0,10,provable,proved,,ok,two-sided,ILL,40,2,0.118,515,262,132,75,0,0,2048,0.000,0.000
lltp,ILL/KLE-01,,,KLE036+1.p,intuitionistic,auto,1,false,,5,0,10,provable,proved,,ok,two-sided,ILL,42,2,0.155,725,376,168,127,0,0,2048,0.000,0.000
lltp,ILL/KLE-01,,,KLE037+1.p,intuitionistic,auto,1,false,,5,0,10,provable,proved,,ok,two-sided,ILL,42,2,0.180,748,379,190,124,0,0,2048,0.000,0.000
lltp,ILL/KLE-01,,,KLE038+1.p,intuitionistic,auto,1,false,,5,0,10,provable,proved,,ok,two-sided,ILL,39,2,0.963,5989,4028,643,1807,0,0,2048,0.000,0.000
lltp,ILL/KLE-01,,,KLE043+1.p,intuitionistic,auto,1,false,,5,0,10,provable,proved,,ok,two-sided,ILL,49,3,0.139,541,230,151,0,0,0,2048,0.000,0.000
lltp,ILL/KLE-01,,,KLE044+1.p,intuitionistic,auto,1,false,,5,0,10,provable,proved,,ok,two-sided,ILL,50,3,0.190,815,402,209,0,0,0,2048,0.000,0.000
lltp,ILL/KLE-01,,,KLE058+1.p,intuitionistic,auto,1,false,,5,0,10,provable,proved,,ok,two-sided,ILL,33,2,0.136,600,319,81,246,0,0,2048,0.000,0.000
lltp,ILL/KLE-01,,,KLE061+1.p,intuitionistic,auto,1,false,,5,0,10,provable,proved,,ok,two-sided,ILL,13,1,0.028,52,19,12,7,0,0,2048,0.000,0.000
lltp,ILL/KLE-01,,,KLE062+1.p,intuitionistic,auto,1,false,,5,0,10,provable,proved,,ok,two-sided,ILL,25,2,0.070,220,107,33,64,0,0,2048,0.000,0.000
lltp,ILL/KLE-01,,,KLE066+1.p,intuitionistic,auto,1,false,,5,0,10,provable,proved,,ok,two-sided,ILL,35,2,0.045,94,32,26,7,0,0,2048,0.000,0.000
lltp,ILL/KLE-01,,,KLE067+1.p,intuitionistic,auto,1,false,,5,0,10,provable,proved,,ok,two-sided,ILL,49,4,0.092,306,122,97,14,0,0,2048,0.000,0.000
lltp,ILL/KLE-01,,,KLE068+1.p,intuitionistic,auto,1,false,,5,0,10,unprovable,unprovable,,,two-sided,ILL,52,4,0.045,101,39,17,0,0,0,2048,0.000,0.000
lltp,ILL/KLE-01,,,KLE069+1.p,intuitionistic,auto,1,false,,5,0,10,provable,unknown,copy_bound,,two-sided,ILL,24,2,0.547,3302,1577,63,900,0,0,2048,0.000,0.000
lltp,ILL/KLE-01,,,KLE073+1.p,intuitionistic,auto,1,false,,5,0,10,provable,proved,,ok,two-sided,ILL,21,1,0.055,142,63,39,43,0,0,2048,0.000,0.000
lltp,ILL/KLE-01,,,KLE074+1.p,intuitionistic,auto,1,false,,5,0,10,provable,unknown,copy_bound,,two-sided,ILL,264,8,24.449,137785,100599,15182,60253,0,0,2048,20.000,0.050
lltp,ILL/KLE-01,,,KLE075+1.p,intuitionistic,auto,1,false,,5,0,10,provable,unknown,copy_bound,,two-sided,ILL,89,4,21.489,140585,103003,6373,72690,0,0,2048,20.000,0.019
lltp,ILL/KLE-01,,,KLE076+1.p,intuitionistic,auto,1,false,,5,0,10,provable,proved,,ok,two-sided,ILL,29,1,0.123,442,233,80,177,0,0,2048,0.000,0.000
lltp,ILL/KLE-01,,,KLE078+1.p,intuitionistic,auto,1,false,,5,0,10,provable,unknown,copy_bound,,two-sided,ILL,25,2,0.271,1555,1043,60,675,0,0,2048,0.000,0.000
lltp,ILL/KLE-01,,,KLE080+1.p,intuitionistic,auto,1,false,,5,0,10,provable,proved,,ok,two-sided,ILL,21,1,0.066,193,94,46,45,0,0,2048,0.000,0.000
lltp,ILL/KLE-01,,,KLE081+1.p,intuitionistic,auto,1,false,,5,0,10,provable,proved,,ok,two-sided,ILL,21,1,0.060,182,89,43,46,0,0,2048,0.000,0.000
lltp,ILL/KLE-01,,,KLE082+1.p,intuitionistic,auto,1,false,,5,0,10,provable,proved,,ok,two-sided,ILL,29,1,0.109,421,221,77,168,0,0,2048,0.000,0.000
lltp,ILL/KLE-01,,,KLE083+1.p,intuitionistic,auto,1,false,,5,0,10,provable,unknown,copy_bound,,two-sided,ILL,254,8,7.405,53315,43252,2240,20748,0,0,2048,0.000,0.011
lltp,ILL/KLE-01,,,KLE084+1.p,intuitionistic,auto,1,false,,5,0,10,provable,proved,,ok,two-sided,ILL,264,8,8.536,42840,26130,7765,18227,0,0,2048,0.000,0.024
lltp,ILL/KLE-01,,,KLE086+1.p,intuitionistic,auto,1,false,,5,0,10,provable,unknown,copy_bound,,two-sided,ILL,49,2,1.356,7855,4410,746,3046,0,0,2048,0.000,0.000
lltp,ILL/KLE-01,,,KLE088+1.p,intuitionistic,auto,1,false,,5,0,10,provable,unknown,copy_bound,,two-sided,ILL,48,2,1.430,7925,5019,963,2348,0,0,2048,0.000,0.004
lltp,ILL/KLE-IMP-CONJ,,,KLE_14_01.p,intuitionistic,auto,1,false,,5,0,10,provable,proved,,ok,two-sided,ILL,27,1,0.076,177,72,46,93,0,0,2048,0.000,0.000
lltp,ILL/KLE-IMP-CONJ,,,KLE_14_CBV.p,intuitionistic,auto,1,false,,5,0,10,provable,proved,,ok,two-sided,ILL,24,1,0.048,115,51,26,67,0,0,2048,0.000,0.000
lltp,ILL/KLE-IMP-CONJ,,,KLE_22_01.p,intuitionistic,auto,1,false,,5,0,10,provable,proved,,ok,two-sided,ILL,40,2,0.318,1565,977,255,398,0,0,2048,0.000,0.000
lltp,ILL/KLE-IMP-CONJ,,,KLE_23_01.p,intuitionistic,auto,1,false,,5,0,10,provable,proved,,ok,two-sided,ILL,39,1,0.461,2890,1795,252,1866,0,0,2048,0.000,0.000
lltp,ILL/KLE-IMP-CONJ,,,KLE_23_CBN.p,intuitionistic,auto,1,false,,5,0,10,provable,proved,,ok,two-sided,ILL,31,1,0.058,175,108,30,142,0,0,2048,0.000,0.000
lltp,ILL/KLE-IMP-CONJ,,,KLE_23_CBV.p,intuitionistic,auto,1,false,,5,0,10,provable,proved,,ok,two-sided,ILL,34,1,0.209,1205,842,104,853,0,0,2048,0.000,0.000
lltp,ILL/KLE-IMP-CONJ,,,KLE_24_01.p,intuitionistic,auto,1,false,,5,0,10,provable,proved,,ok,two-sided,ILL,35,1,0.174,806,396,111,547,0,0,2048,0.000,0.000
lltp,ILL/KLE-IMP-CONJ,,,KLE_24_CBN.p,intuitionistic,auto,1,false,,5,0,10,provable,proved,,ok,two-sided,ILL,27,1,0.042,93,50,18,77,0,0,2048,0.000,0.000
lltp,ILL/KLE-IMP-CONJ,,,KLE_24_CBV.p,intuitionistic,auto,1,false,,5,0,10,provable,proved,,ok,two-sided,ILL,30,1,0.081,280,150,45,217,0,0,2048,0.000,0.000
lltp,ILL/KLE-IMP-CONJ,,,KLE_25_01.p,intuitionistic,auto,1,false,,5,0,10,provable,proved,,ok,two-sided,ILL,41,1,0.372,2293,1256,201,1698,0,0,2048,0.000,0.000
lltp,ILL/KLE-IMP-CONJ,,,KLE_25_CBN.p,intuitionistic,auto,1,false,,5,0,10,provable,proved,,ok,two-sided,ILL,32,1,0.117,531,352,53,446,0,0,2048,0.000,0.000
lltp,ILL/KLE-IMP-CONJ,,,KLE_25_CBV.p,intuitionistic,auto,1,false,,5,0,10,provable,proved,,ok,two-sided,ILL,36,1,0.169,835,551,76,688,0,0,2048,0.000,0.000
lltp,ILL/KLE-IMP-CONJ,,,KLE_26_01.p,intuitionistic,auto,1,false,,5,0,10,provable,proved,,ok,two-sided,ILL,74,2,0.249,1173,558,200,426,0,0,2048,0.000,0.000
lltp,ILL/KLE-IMP-CONJ,,,KLE_26_CBN.p,intuitionistic,auto,1,false,,5,0,10,provable,proved,,ok,two-sided,ILL,53,2,0.051,107,35,35,66,0,0,2048,0.000,0.000
lltp,ILL/KLE-IMP-CONJ,,,KLE_26_CBV.p,intuitionistic,auto,1,false,,5,0,10,provable,proved,,ok,two-sided,ILL,61,2,0.063,148,50,42,121,0,0,2048,0.000,0.000
lltp,ILL/KLE-IMP-CONJ,,,KLE_27_01.p,intuitionistic,auto,1,false,,5,0,10,provable,proved,,ok,two-sided,ILL,106,4,0.719,4026,2144,517,1780,0,0,2048,0.000,0.000
lltp,ILL/KLE-IMP-CONJ,,,KLE_27_CBN.p,intuitionistic,auto,1,false,,5,0,10,provable,proved,,ok,two-sided,ILL,77,4,0.095,306,136,75,255,0,0,2048,0.000,0.000
lltp,ILL/KLE-IMP-CONJ,,,KLE_27_CBV.p,intuitionistic,auto,1,false,,5,0,10,provable,proved,,ok,two-sided,ILL,93,4,0.165,570,273,123,517,0,0,2048,0.000,0.000
lltp,ILL/KLE-IMP-CONJ,,,KLE_28_01.p,intuitionistic,auto,1,false,,5,0,10,provable,proved,,ok,two-sided,ILL,42,2,0.081,271,141,64,83,0,0,2048,0.000,0.000
lltp,ILL/KLE-IMP-CONJ,,,KLE_29_01.p,intuitionistic,auto,1,false,,5,0,10,provable,proved,,ok,two-sided,ILL,42,2,0.099,382,186,99,120,0,0,2048,0.000,0.000
lltp,ILL/KLE-IMP-CONJ,,,KLE_30_01.p,intuitionistic,auto,1,false,,5,0,10,provable,proved,,ok,two-sided,ILL,40,2,0.111,459,240,113,67,0,0,2048,0.000,0.000
lltp,ILL/KLE-IMP-CONJ,,,KLE_31_01.p,intuitionistic,auto,1,false,,5,0,10,provable,proved,,ok,two-sided,ILL,40,2,0.120,515,262,132,75,0,0,2048,0.000,0.000
lltp,ILL/KLE-IMP-CONJ,,,KLE_32_01.p,intuitionistic,auto,1,false,,5,0,10,provable,proved,,ok,two-sided,ILL,42,2,0.103,377,195,91,125,0,0,2048,0.000,0.000
lltp,ILL/KLE-IMP-CONJ,,,KLE_44_01.p,intuitionistic,auto,1,false,,5,0,10,provable,proved,,ok,two-sided,ILL,13,1,0.030,52,19,12,7,0,0,2048,0.000,0.000
lltp,ILL/KLE-IMP-CONJ,,,KLE_45_01.p,intuitionistic,auto,1,false,,5,0,10,provable,proved,,ok,two-sided,ILL,25,2,0.071,220,107,33,64,0,0,2048,0.000,0.000
lltp,ILL/KLE-IMP-CONJ,,,KLE_45_CBN.p,intuitionistic,auto,1,false,,5,0,10,provable,proved,,ok,two-sided,ILL,18,2,0.026,36,13,12,25,0,0,2048,0.000,0.000
lltp,ILL/KLE-IMP-CONJ,,,KLE_45_CBV.p,intuitionistic,auto,1,false,,5,0,10,provable,proved,,ok,two-sided,ILL,22,2,0.035,49,13,15,29,0,0,2048,0.000,0.000
lltp,ILL/KLE-IMP-CONJ,,,KLE_46_01.p,intuitionistic,auto,1,false,,5,0,10,provable,proved,,ok,two-sided,ILL,21,1,0.042,80,15,26,35,0,0,2048,0.000,0.000
lltp,ILL/KLE-IMP-CONJ,,,KLE_46_CBN.p,intuitionistic,auto,1,false,,5,0,10,provable,proved,,ok,two-sided,ILL,16,1,0.020,19,4,5,13,0,0,2048,0.000,0.000
lltp,ILL/KLE-IMP-CONJ,,,KLE_46_CBV.p,intuitionistic,auto,1,false,,5,0,10,provable,proved,,ok,two-sided,ILL,18,1,0.030,34,8,8,17,0,0,2048,0.000,0.000
lltp,ILL/KLE-IMP-CONJ,,,KLE_47_01.p,intuitionistic,auto,1,false,,5,0,10,provable,proved,,ok,two-sided,ILL,49,4,0.094,306,122,97,14,0,0,2048,0.000,0.000
lltp,ILL/KLE-IMP-CONJ,,,KLE_48_01.p,intuitionistic,auto,1,false,,5,0,10,provable,proved,,ok,two-sided,ILL,21,1,0.055,142,63,39,43,0,0,2048,0.000,0.000
lltp,ILL/KLE-IMP-CONJ,,,KLE_49_01.p,intuitionistic,auto,1,false,,5,0,10,provable,proved,,ok,two-sided,ILL,43,2,0.060,133,41,49,39,0,0,2048,0.000,0.000
lltp,ILL/KLE-IMP-CONJ,,,KLE_4_01.p,intuitionistic,auto,1,false,,5,0,10,provable,proved,,ok,two-sided,ILL,19,1,0.045,98,38,30,31,0,0,2048,0.000,0.000
lltp,ILL/KLE-IMP-CONJ,,,KLE_50_01.p,intuitionistic,auto,1,false,,5,0,10,provable,proved,,ok,two-sided,ILL,59,2,0.104,304,85,111,126,0,0,2048,0.000,0.000
lltp,ILL/KLE-IMP-CONJ,,,KLE_51_01.p,intuitionistic,auto,1,false,,5,0,10,provable,proved,,ok,two-sided,ILL,58,3,0.189,812,371,130,554,0,0,2048,0.000,0.000
lltp,ILL/KLE-IMP-CONJ,,,KLE_51_CBN.p,intuitionistic,auto,1,false,,5,0,10,provable,proved,,ok,two-sided,ILL,44,3,0.078,247,132,47,179,0,0,2048,0.000,0.000
lltp,ILL/KLE-IMP-CONJ,,,KLE_51_CBV.p,intuitionistic,auto,1,false,,5,0,10,provable,proved,,ok,two-sided,ILL,53,3,0.101,312,146,63,243,0,0,2048,0.000,0.000
lltp,ILL/KLE-IMP-CONJ,,,KLE_52_01.p,intuitionistic,auto,1,false,,5,0,10,provable,proved,,ok,two-sided,ILL,57,3,0.163,601,241,196,282,0,0,2048,0.000,0.000
lltp,ILL/KLE-IMP-CONJ,,,KLE_52_CBN.p,intuitionistic,auto,1,false,,5,0,10,provable,proved,,ok,two-sided,ILL,42,3,0.050,111,49,37,64,0,0,2048,0.000,0.000
lltp,ILL/KLE-IMP-CONJ,,,KLE_52_CBV.p,intuitionistic,auto,1,false,,5,0,10,provable,proved,,ok,two-sided,ILL,51,3,0.080,199,82,58,159,0,0,2048,0.000,0.000
lltp,ILL/KLE-IMP-CONJ,,,KLE_53_01.p,intuitionistic,auto,1,false,,5,0,10,provable,proved,,ok,two-sided,ILL,29,1,0.083,260,101,77,93,0,0,2048,0.000,0.000
lltp,ILL/KLE-IMP-CONJ,,,KLE_54_01.p,intuitionistic,auto,1,false,,5,0,10,provable,proved,,ok,two-sided,ILL,21,1,0.068,193,94,46,45,0,0,2048,0.000,0.000
lltp,ILL/KLE-IMP-CONJ,,,KLE_55_01.p,intuitionistic,auto,1,false,,5,0,10,provable,proved,,ok,two-sided,ILL,21,1,0.065,182,89,43,46,0,0,2048,0.000,0.000
lltp,ILL/KLE-IMP-CONJ,,,KLE_56_01.p,intuitionistic,auto,1,false,,5,0,10,provable,proved,,ok,two-sided,ILL,29,1,0.134,606,353,76,178,0,0,2048,0.000,0.000
lltp,ILL/KLE-IMP-CONJ,,,KLE_56_CBV.p,intuitionistic,auto,1,false,,5,0,10,provable,proved,,ok,two-sided,ILL,25,1,0.046,108,47,22,56,0,0,2048,0.000,0.000
lltp,ILL/KLE-IMP-CONJ,,,KLE_57_01.p,intuitionistic,auto,1,false,,5,0,10,provable,proved,,ok,two-sided,ILL,59,2,0.152,633,335,105,222,0,0,2048,0.000,0.000
lltp,ILL/KLE-IMP-CONJ,,,KLE_57_CBN.p,intuitionistic,auto,1,false,,5,0,10,provable,proved,,ok,two-sided,ILL,43,2,0.039,59,25,17,44,0,0,2048,0.000,0.000
lltp,ILL/KLE-IMP-CONJ,,,KLE_57_CBV.p,intuitionistic,auto,1,false,,5,0,10,provable,proved,,ok,two-sided,ILL,51,2,0.053,107,42,30,77,0,0,2048,0.000,0.000
lltp,ILL/KLE-IMP-CONJ,,,KLE_58_01.p,intuitionistic,auto,1,false,,5,0,10,provable,proved,,ok,two-sided,ILL,59,2,0.146,475,186,125,191,0,0,2048,0.000,0.000
lltp,ILL/KLE-IMP-CONJ,,,KLE_58_CBN.p,intuitionistic,auto,1,false,,5,0,10,provable,proved,,ok,two-sided,ILL,43,2,0.042,56,15,20,34,0,0,2048,0.000,0.000
lltp,ILL/KLE-IMP-CONJ,,,KLE_58_CBV.p,intuitionistic,auto,1,false,,5,0,10,provable,proved,,ok,two-sided,ILL,51,2,0.056,98,29,30,71,0,0,2048,0.000,0.000
lltp,ILL/KLE-IMP-CONJ,,,KLE_59_01.p,intuitionistic,auto,1,false,,5,0,10,provable,proved,,ok,two-sided,ILL,59,2,0.167,584,253,162,223,0,0,2048,0.000,0.000
lltp,ILL/KLE-IMP-CONJ,,,KLE_59_CBN.p,intuitionistic,auto,1,false,,5,0,10,provable,proved,,ok,two-sided,ILL,43,2,0.042,75,27,25,44,0,0,2048,0.000,0.000
lltp,ILL/KLE-IMP-CONJ,,,KLE_59_CBV.p,intuitionistic,auto,1,false,,5,0,10,provable,proved,,ok,two-sided,ILL,51,2,0.064,129,51,32,92,0,0,2048,0.000,0.000
lltp,ILL/KLE-IMP-CONJ,,,KLE_60_01.p,intuitionistic,auto,1,false,,5,0,10,provable,proved,,ok,two-sided,ILL,59,2,0.135,456,200,128,166,0,0,2048,0.000,0.000
lltp,ILL/KLE-IMP-CONJ,,,KLE_60_CBV.p,intuitionistic,auto,1,false,,5,0,10,provable,proved,,ok,two-sided,ILL,51,2,0.064,132,53,39,89,0,0,2048,0.000,0.000
lltp,ILL/KLE-IMP-CONJ,,,KLE_61_01.p,intuitionistic,auto,1,false,,5,0,10,provable,proved,,ok,two-sided,ILL,76,2,0.170,554,206,158,297,0,0,2048,0.000,0.000
lltp,ILL/KLE-IMP-CONJ,,,KLE_61_CBN.p,intuitionistic,auto,1,false,,5,0,10,provable,proved,,ok,two-sided,ILL,57,2,0.047,89,40,25,71,0,0,2048,0.000,0.000
lltp,ILL/KLE-IMP-CONJ,,,KLE_61_CBV.p,intuitionistic,auto,1,false,,5,0,10,provable,proved,,ok,two-sided,ILL,65,2,0.082,247,120,51,171,0,0,2048,0.000,0.000
lltp,ILL/KLE-cbn,,,KLE004+1.p,intuitionistic,auto,1,false,,5,0,10,provable,proved,,ok,two-sided,ILL,14,1,0.017,12,0,9,3,0,0,2048,0.000,0.000
lltp,ILL/KLE-cbn,,,KLE015+1.p,intuitionistic,auto,1,false,,5,0,10,provable,unknown,copy_bound,,two-sided,ILL,15,2,0.022,67,36,3,56,0,0,2048,0.000,0.000
lltp,ILL/KLE-cbn,,,KLE017+1.p,intuitionistic,auto,1,false,,5,0,10,provable,unprovable,,,two-sided,ILL,21,2,0.027,63,29,6,48,0,0,2048,0.000,0.000
lltp,ILL/KLE-cbn,,,KLE018+1.p,intuitionistic,auto,1,false,,5,0,10,provable,proved,,ok,two-sided,ILL,27,2,0.042,88,43,21,55,0,0,2048,0.000,0.000
lltp,ILL/KLE-cbn,,,KLE026+1.p,intuitionistic,auto,1,false,,5,0,10,provable,proved,,ok,two-sided,ILL,29,2,0.041,100,43,33,65,0,0,2048,0.000,0.000
lltp,ILL/KLE-cbn,,,KLE027+1.p,intuitionistic,auto,1,false,,5,0,10,provable,proved,,ok,two-sided,ILL,31,1,0.061,175,108,30,142,0,0,2048,0.000,0.000
lltp,ILL/KLE-cbn,,,KLE028+1.p,intuitionistic,auto,1,false,,5,0,10,provable,proved,,ok,two-sided,ILL,27,1,0.037,72,35,16,56,0,0,2048,0.000,0.000
lltp,ILL/KLE-cbn,,,KLE029+1.p,intuitionistic,auto,1,false,,5,0,10,provable,proved,,ok,two-sided,ILL,32,1,0.118,531,352,53,446,0,0,2048,0.000,0.000
lltp,ILL/KLE-cbn,,,KLE030+1.p,intuitionistic,auto,1,false,,5,0,10,provable,proved,,ok,two-sided,ILL,47,2,0.215,869,514,186,451,0,0,2048,0.000,0.000
lltp,ILL/KLE-cbn,,,KLE031+1.p,intuitionistic,auto,1,false,,5,0,10,provable,proved,,ok,two-sided,ILL,71,4,0.959,5808,4421,593,3669,0,0,2048,0.000,0.000
lltp,ILL/KLE-cbn,,,KLE032+1.p,intuitionistic,auto,1,false,,5,0,10,provable,proved,,ok,two-sided,ILL,31,2,0.027,40,15,17,23,0,0,2048,0.000,0.000
lltp,ILL/KLE-cbn,,,KLE033+1.p,intuitionistic,auto,1,false,,5,0,10,provable,proved,,ok,two-sided,ILL,31,2,0.033,62,22,21,39,0,0,2048,0.000,0.000
lltp,ILL/KLE-cbn,,,KLE034+1.p,intuitionistic,auto,1,false,,5,0,10,provable,proved,,ok,two-sided,ILL,27,2,0.030,39,8,26,15,0,0,2048,0.000,0.000
lltp,ILL/KLE-cbn,,,KLE035+1.p,intuitionistic,auto,1,false,,5,0,10,provable,proved,,ok,two-sided,ILL,27,2,0.027,30,5,20,11,0,0,2048,0.000,0.000
lltp,ILL/KLE-cbn,,,KLE036+1.p,intuitionistic,auto,1,false,,5,0,10,provable,proved,,ok,two-sided,ILL,35,2,0.067,189,84,64,84,0,0,2048,0.000,0.000
lltp,ILL/KLE-cbn,,,KLE037+1.p,intuitionistic,auto,1,false,,5,0,10,provable,proved,,ok,two-sided,ILL,35,2,0.063,185,81,64,82,0,0,2048,0.000,0.000
lltp,ILL/KLE-cbn,,,KLE038+1.p,intuitionistic,auto,1,false,,5,0,10,provable,proved,,ok,two-sided,ILL,28,2,0.075,229,148,58,154,0,0,2048,0.000,0.000
lltp,ILL/KLE-cbn,,,KLE043+1.p,intuitionistic,auto,1,false,,5,0,10,provable,proved,,ok,two-sided,ILL,37,3,0.045,82,8,58,0,0,0,2048,0.000,0.000
lltp,ILL/KLE-cbn,,,KLE044+1.p,intuitionistic,auto,1,false,,5,0,10,provable,proved,,ok,two-sided,ILL,41,3,0.066,170,46,89,0,0,0,2048,0.000,0.000
lltp,ILL/KLE-cbn,,,KLE058+1.p,intuitionistic,auto,1,false,,5,0,10,provable,proved,,ok,two-sided,ILL,24,2,0.032,48,19,13,38,0,0,2048,0.000,0.000
lltp,ILL/KLE-cbn,,,KLE061+1.p,intuitionistic,auto,1,false,,5,0,10,provable,proved,,ok,two-sided,ILL,9,1,0.015,10,1,5,3,0,0,2048,0.000,0.000
lltp,ILL/KLE-cbn,,,KLE062+1.p,intuitionistic,auto,1,false,,5,0,10,provable,proved,,ok,two-sided,ILL,18,2,0.025,36,13,12,25,0,0,2048,0.000,0.000
lltp,ILL/KLE-cbn,,,KLE066+1.p,intuitionistic,auto,1,false,,5,0,10,provable,proved,,ok,two-sided,ILL,27,2,0.023,23,3,12,3,0,0,2048,0.000,0.000
lltp,ILL/KLE-cbn,,,KLE067+1.p,intuitionistic,auto,1,false,,5,0,10,provable,proved,,ok,two-sided,ILL,33,4,0.027,36,4,25,8,0,0,2048,0.000,0.000
lltp,ILL/KLE-cbn,,,KLE068+1.p,intuitionistic,auto,1,false,,5,0,10,unprovable,unprovable,,,two-sided,ILL,45,4,0.033,71,30,12,0,0,0,2048,0.000,0.000
lltp,ILL/KLE-cbn,,,KLE069+1.p,intuitionistic,auto,1,false,,5,0,10,provable,unprovable,,,two-sided,ILL,19,2,0.082,338,205,24,94,0,0,2048,0.000,0.000
lltp,ILL/KLE-cbn,,,KLE073+1.p,intuitionistic,auto,1,false,,5,0,10,provable,proved,,ok,two-sided,ILL,15,1,0.021,21,6,10,9,0,0,2048,0.000,0.000
lltp,ILL/KLE-cbn,,,KLE074+1.p,intuitionistic,auto,1,false,,5,0,10,provable,unknown,copy_bound,,two-sided,ILL,197,8,2.585,21296,15639,545,16461,0,0,2048,0.000,0.012
lltp,ILL/KLE-cbn,,,KLE075+1.p,intuitionistic,auto,1,false,,5,0,10,provable,unknown,copy_bound,,two-sided,ILL,65,4,40.010,335679,302391,1492,212132,0,0,2048,30.000,0.057
lltp,ILL/KLE-cbn,,,KLE076+1.p,intuitionistic,auto,1,false,,5,0,10,provable,proved,,ok,two-sided,ILL,21,1,0.031,40,15,14,23,0,0,2048,0.000,0.000
lltp,ILL/KLE-cbn,,,KLE078+1.p,intuitionistic,auto,1,false,,5,0,10,provable,unknown,copy_bound,,two-sided,ILL,20,2,0.237,1344,853,57,630,0,0,2048,0.000,0.000
lltp,ILL/KLE-cbn,,,KLE080+1.p,intuitionistic,auto,1,false,,5,0,10,provable,proved,,ok,two-sided,ILL,15,1,0.020,19,3,11,5,0,0,2048,0.000,0.000
lltp,ILL/KLE-cbn,,,KLE081+1.p,intuitionistic,auto,1,false,,5,0,10,provable,proved,,ok,two-sided,ILL,15,1,0.030,38,14,14,18,0,0,2048,0.000,0.000
lltp,ILL/KLE-cbn,,,KLE082+1.p,intuitionistic,auto,1,false,,5,0,10,provable,proved,,ok,two-sided,ILL,21,1,0.028,33,11,13,18,0,0,2048,0.000,0.000
lltp,ILL/KLE-cbn,,,KLE083+1.p,intuitionistic,auto,1,false,,5,0,10,provable,unknown,copy_bound,,two-sided,ILL,187,8,9.804,67996,55624,1409,43338,0,0,2048,0.000,0.467
lltp,ILL/KLE-cbn,,,KLE084+1.p,intuitionistic,auto,1,false,,5,0,10,provable,proved,,ok,two-sided,ILL,193,8,0.721,2903,1595,855,2228,0,0,2048,0.000,0.000
lltp,ILL/KLE-cbn,,,KLE086+1.p,intuitionistic,auto,1,false,,5,0,10,provable,unknown,copy_bound,,two-sided,ILL,38,2,0.381,2348,1618,185,1517,0,0,2048,0.000,0.000
lltp,ILL/KLE-cbn,,,KLE088+1.p,intuitionistic,auto,1,false,,5,0,10,provable,unprovable,,,two-sided,ILL,36,2,0.165,791,470,148,426,0,0,2048,0.000,0.000
lltp,ILL/KLE-cbv,,,KLE004+1.p,intuitionistic,auto,1,false,,5,0,10,provable,proved,,ok,two-sided,IMELL,19,1,0.034,56,18,20,18,0,0,2048,0.000,0.000
lltp,ILL/KLE-cbv,,,KLE015+1.p,intuitionistic,auto,1,false,,5,0,10,provable,unknown,copy_bound,,two-sided,ILL,18,2,0.024,89,45,5,67,0,0,2048,0.000,0.000
lltp,ILL/KLE-cbv,,,KLE017+1.p,intuitionistic,auto,1,false,,5,0,10,provable,unprovable,,,two-sided,ILL,24,2,0.045,131,60,13,89,0,0,2048,0.000,0.000
lltp,ILL/KLE-cbv,,,KLE018+1.p,intuitionistic,auto,1,false,,5,0,10,provable,proved,,ok,two-sided,ILL,30,2,0.083,240,91,69,113,0,0,2048,0.000,0.000
lltp,ILL/KLE-cbv,,,KLE026+1.p,intuitionistic,auto,1,false,,5,0,10,provable,proved,,ok,two-sided,IMELL,39,2,0.049,114,54,35,81,0,0,2048,0.000,0.000
lltp,ILL/KLE-cbv,,,KLE027+1.p,intuitionistic,auto,1,false,,5,0,10,provable,proved,,ok,two-sided,ILL,34,1,0.233,1205,842,104,853,0,0,2048,0.000,0.000
lltp,ILL/KLE-cbv,,,KLE028+1.p,intuitionistic,auto,1,false,,5,0,10,provable,proved,,ok,two-sided,ILL,30,1,0.088,273,142,46,181,0,0,2048,0.000,0.000
lltp,ILL/KLE-cbv,,,KLE029+1.p,intuitionistic,auto,1,false,,5,0,10,provable,proved,,ok,two-sided,ILL,36,1,0.172,835,551,76,688,0,0,2048,0.000,0.000
lltp,ILL/KLE-cbv,,,KLE030+1.p,intuitionistic,auto,1,false,,5,0,10,provable,proved,,ok,two-sided,ILL,55,2,0.285,1260,797,193,1218,0,0,2048,0.000,0.000
lltp,ILL/KLE-cbv,,,KLE031+1.p,intuitionistic,auto,1,false,,5,0,10,provable,proved,,ok,two-sided,ILL,87,4,2.021,9894,6409,1664,9307,0,0,2048,0.000,0.011
lltp,ILL/KLE-cbv,,,KLE032+1.p,intuitionistic,auto,1,false,,5,0,10,provable,proved,,ok,two-sided,IMELL,42,2,0.044,95,38,33,61,0,0,2048,0.000,0.000
lltp,ILL/KLE-cbv,,,KLE033+1.p,intuitionistic,auto,1,false,,5,0,10,provable,proved,,ok,two-sided,IMELL,42,2,0.047,101,39,34,66,0,0,2048,0.000,0.000
lltp,ILL/KLE-cbv,,,KLE034+1.p,intuitionistic,auto,1,false,,5,0,10,provable,proved,,ok,two-sided,IMELL,38,2,0.029,29,4,18,17,0,0,2048,0.000,0.000
lltp,ILL/KLE-cbv,,,KLE035+1.p,intuitionistic,auto,1,false,,5,0,10,provable,proved,,ok,two-sided,IMELL,38,2,0.027,30,5,18,17,0,0,2048,0.000,0.000
lltp,ILL/KLE-cbv,,,KLE036+1.p,intuitionistic,auto,1,false,,5,0,10,provable,proved,,ok,two-sided,ILL,38,2,0.037,56,12,32,29,0,0,2048,0.000,0.000
lltp,ILL/KLE-cbv,,,KLE037+1.p,intuitionistic,auto,1,false,,5,0,10,provable,proved,,ok,two-sided,ILL,38,2,0.042,64,16,36,29,0,0,2048,0.000,0.000
lltp,ILL/KLE-cbv,,,KLE038+1.p,intuitionistic,auto,1,false,,5,0,10,provable,proved,,ok,two-sided,ILL,35,2,0.125,428,185,154,281,0,0,2048,0.000,0.000
lltp,ILL/KLE-cbv,,,KLE043+1.p,intuitionistic,auto,1,false,,5,0,10,provable,proved,,ok,two-sided,ILL,43,3,0.026,24,0,21,9,0,0,2048,0.000,0.000
lltp,ILL/KLE-cbv,,,KLE044+1.p,intuitionistic,auto,1,false,,5,0,10,provable,proved,,ok,two-sided,ILL,43,3,0.029,29,0,26,6,0,0,2048,0.000,0.000
lltp,ILL/KLE-cbv,,,KLE058+1.p,intuitionistic,auto,1,false,,5,0,10,provable,proved,,ok,two-sided,ILL,28,2,0.047,89,33,20,62,0,0,2048,0.000,0.000
lltp,ILL/KLE-cbv,,,KLE061+1.p,intuitionistic,auto,1,false,,5,0,10,provable,proved,,ok,two-sided,ILL,11,1,0.015,11,1,4,3,0,0,2048,0.000,0.000
lltp,ILL/KLE-cbv,,,KLE062+1.p,intuitionistic,auto,1,false,,5,0,10,provable,proved,,ok,two-sided,ILL,22,2,0.032,49,13,15,29,0,0,2048,0.000,0.000
lltp,ILL/KLE-cbv,,,KLE066+1.p,intuitionistic,auto,1,false,,5,0,10,provable,proved,,ok,two-sided,ILL,31,2,0.023,21,3,10,7,0,0,2048,0.000,0.000
lltp,ILL/KLE-cbv,,,KLE067+1.p,intuitionistic,auto,1,false,,5,0,10,provable,proved,,ok,two-sided,ILL,43,4,0.033,40,6,23,19,0,0,2048,0.000,0.000
lltp,ILL/KLE-cbv,,,KLE068+1.p,intuitionistic,auto,1,false,,5,0,10,unprovable,unprovable,,,two-sided,ILL,43,4,0.015,10,1,6,2,0,0,2048,0.000,0.000
lltp,ILL/KLE-cbv,,,KLE069+1.p,intuitionistic,auto,1,false,,5,0,10,provable,unprovable,,,two-sided,ILL,21,2,0.037,84,44,11,64,0,0,2048,0.000,0.000
lltp,ILL/KLE-cbv,,,KLE073+1.p,intuitionistic,auto,1,false,,5,0,10,provable,proved,,ok,two-sided,ILL,19,1,0.031,48,16,14,20,0,0,2048,0.000,0.000
lltp,ILL/KLE-cbv,,,KLE074+1.p,intuitionistic,auto,1,false,,5,0,10,provable,unknown,copy_bound,,two-sided,ILL,221,8,8.930,62485,41227,2875,37379,0,0,2048,0.000,0.021
lltp,ILL/KLE-cbv,,,KLE075+1.p,intuitionistic,auto,1,false,,5,0,10,provable,unknown,copy_bound,,two-sided,ILL,78,4,5.999,41660,34489,1792,33496,0,0,2048,0.000,0.005
lltp,ILL/KLE-cbv,,,KLE076+1.p,intuitionistic,auto,1,false,,5,0,10,provable,proved,,ok,two-sided,ILL,25,1,0.044,88,37,19,52,0,0,2048,0.000,0.000
lltp,ILL/KLE-cbv,,,KLE078+1.p,intuitionistic,auto,1,false,,5,0,10,provable,unprovable,,,two-sided,ILL,22,2,0.045,121,62,13,67,0,0,2048,0.000,0.000
lltp,ILL/KLE-cbv,,,KLE080+1.p,intuitionistic,auto,1,false,,5,0,10,provable,proved,,ok,two-sided,ILL,19,1,0.037,56,18,16,16,0,0,2048,0.000,0.000
lltp,ILL/KLE-cbv,,,KLE081+1.p,intuitionistic,auto,1,false,,5,0,10,provable,proved,,ok,two-sided,ILL,19,1,0.033,45,11,16,20,0,0,2048,0.000,0.000
lltp,ILL/KLE-cbv,,,KLE082+1.p,intuitionistic,auto,1,false,,5,0,10,provable,proved,,ok,two-sided,ILL,25,1,0.042,92,39,19,48,0,0,2048,0.000,0.000
lltp,ILL/KLE-cbv,,,KLE083+1.p,intuitionistic,auto,1,false,,5,0,10,provable,unknown,copy_bound,,two-sided,ILL,211,8,11.694,91093,79649,615,94853,0,0,2048,10.000,0.016
lltp,ILL/KLE-cbv,,,KLE084+1.p,intuitionistic,auto,1,false,,5,0,10,provable,proved,,ok,two-sided,ILL,225,8,2.775,11737,6656,3062,9786,0,0,2048,0.000,0.008
lltp,ILL/KLE-cbv,,,KLE086+1.p,intuitionistic,auto,1,false,,5,0,10,provable,unknown,copy_bound,,two-sided,ILL,42,2,0.436,2319,1434,184,1550,0,0,2048,0.000,0.000
lltp,ILL/KLE-cbv,,,KLE088+1.p,intuitionistic,auto,1,false,,5,0,10,provable,unknown,copy_bound,,two-sided,ILL,40,2,0.338,1694,1165,154,1459,0,0,2048,0.000,0.000
lltp,ILL/Non-theorems,,,ofcourse.p,intuitionistic,auto,1,false,,5,0,10,unprovable,unknown,copy_bound,,two-sided,IMELL,28,5,0.108,269,101,25,265,0,0,2048,0.000,0.000
lltp,ILL/petri-nets/MCC,,,Angiogenesis_angiogenesis-01_100_1.p,intuitionistic,auto,1,false,,5,0,10,provable,proved,,ok,two-sided,IMELL,396,10,2718.860,15229525,15166201,37356,33949446,0,0,2048,2700.000,2.524
lltp,ILL/petri-nets/MCC,,,Angiogenesis_angiogenesis-01_10_1.p,intuitionistic,auto,1,false,,5,0,10,provable,proved,,ok,two-sided,IMELL,396,10,2721.138,15229525,15166201,37356,33949446,0,0,2048,2710.000,2.687
lltp,ILL/petri-nets/MCC,,,Angiogenesis_angiogenesis-01_20_1.p,intuitionistic,auto,1,false,,5,0,10,provable,proved,,ok,two-sided,IMELL,396,10,2708.667,15229525,15166201,37356,33949446,0,0,2048,2690.000,3.044
lltp,ILL/petri-nets/MCC,,,Angiogenesis_angiogenesis-01_50_1.p,intuitionistic,auto,1,false,,5,0,10,provable,proved,,ok,two-sided,IMELL,396,10,2699.576,15229525,15166201,37356,33949446,0,0,2048,2690.000,2.116
lltp,ILL/petri-nets/MCC,,,AutoFlight_afcs_01_a_100_1.p,intuitionistic,auto,1,false,,5,0,10,provable,proved,,ok,two-sided,IMELL,218,5,158.154,345339,330414,12847,3065052,0,0,2048,150.000,0.658
lltp,ILL/petri-nets/MCC,,,AutoFlight_afcs_01_a_10_1.p,intuitionistic,auto,1,false,,5,0,10,provable,unknown,timeout,,two-sided,IMELL,218,5,5010.267,12162047,12044293,65244,100944396,0,0,2048,4990.000,3.011
lltp,ILL/petri-nets/MCC,,,AutoFlight_afcs_01_a_20_1.p,intuitionistic,auto,1,false,,5,0,10,provable,proved,,ok,two-sided,IMELL,218,5,157.690,345339,330414,12847,3065052,0,0,2048,150.000,0.102
lltp,ILL/petri-nets/MCC,,,AutoFlight_afcs_01_a_50_1.p,intuitionistic,auto,1,false,,5,0,10,provable,unknown,timeout,,two-sided,IMELL,218,5,5009.054,12125543,12007914,65244,100644820,0,0,2048,4990.000,2.724
lltp,ILL/petri-nets/MCC,,,AutoFlight_afcs_01_a_5_1.p,intuitionistic,auto,1,false,,5,0,10,provable,proved,,ok,two-sided,IMELL,218,5,1313.589,2967308,2916305,35818,25935328,0,0,2048,1300.000,0.725
lltp,ILL/petri-nets/MCC,,,AutoFlight_afcs_01_b_100_1.p,intuitionistic,auto,1,false,,5,0,10,provable,unknown,copy_bound,,two-sided,IMELL,546,4,2170.427,4211665,4146527,39776,17381668,0,0,2048,2160.000,1.485
lltp,ILL/petri-nets/MCC,,,AutoFlight_afcs_01_b_10_1.p,intuitionistic,auto,1,false,,5,0,10,provable,proved,,ok,two-sided,IMELL,536,4,3723.491,9242769,9140881,63117,29416802,0,0,2048,3710.000,2.362
lltp,ILL/petri-nets/MCC,,,AutoFlight_afcs_01_b_20_1.p,intuitionistic,auto,1,false,,5,0,10,provable,unknown,copy_bound,,two-sided,IMELL,540,4,3121.445,6593738,6504106,55643,23986794,0,0,2048,3100.000,1.633
lltp,ILL/petri-nets/MCC,,,AutoFlight_afcs_01_b_50_1.p,intuitionistic,auto,1,false,,5,0,10,provable,unknown,timeout,,two-sided,IMELL,546,4,5002.595,655138,639730,10038,61620224,0,0,2048,4990.000,3.053
lltp,ILL/petri-nets/MCC,,,AutoFlight_afcs_01_b_5_1.p,intuitionistic,auto,1,false,,5,0,10,provable,proved,,ok,two-sided,IMELL,536,4,8.901,9168,8532,347,50051,0,0,2048,0.000,0.018
lltp,ILL/petri-nets/MCC,,,AutoFlight_afcs_02_b_100_1.p,intuitionistic,auto,1,false,,5,0,10,provable,unknown,timeout,,two-sided,IMELL,986,5,5005.464,7525776,7444465,54574,28920499,0,0,2048,4990.000,2.508
lltp,ILL/petri-nets/MCC,,,AutoFlight_afcs_02_b_10_1.p,intuitionistic,auto,1,false,,5,0,10,provable,proved,,ok,two-sided,IMELL,968,5,4184.936,5800034,5734432,43239,24966693,0,0,2048,4170.000,2.137
lltp,ILL/petri-nets/MCC,,,AutoFlight_afcs_02_b_20_1.p,intuitionistic,auto,1,false,,5,0,10,provable,unknown,timeout,,two-sided,IMELL,974,5,5047.356,1026517,1010108,11068,42790912,0,0,2048,5030.000,2.909
lltp,ILL/petri-nets/MCC,,,AutoFlight_afcs_02_b_50_1.p,intuitionistic,auto,1,false,,5,0,10,provable,unknown,timeout,,two-sided,IMELL,976,5,5005.462,7024210,6949187,50165,30166381,0,0,2048,4990.000,2.524
lltp,ILL/petri-nets/MCC,,,AutoFlight_afcs_02_b_5_1.p,intuitionistic,auto,1,false,,5,0,10,provable,proved,,ok,two-sided,IMELL,964,5,16.471,10905,10459,197,70835,0,0,2048,10.000,0.022
lltp,ILL/petri-nets/MCC,,,AutoFlight_afcs_03_b_100_1.p,intuitionistic,auto,1,false,,5,0,10,provable,unknown,timeout,,two-sided,IMELL,1426,6,5002.750,2513727,2486236,18798,28649388,0,0,2048,4990.000,2.374
lltp,ILL/petri-nets/MCC,,,AutoFlight_afcs_03_b_10_1.p,intuitionistic,auto,1,false,,5,0,10,provable,unknown,timeout,,two-sided,IMELL,1400,6,5002.841,3376247,3346723,20006,28193504,0,0,2048,4990.000,2.524
lltp,ILL/petri-nets/MCC,,,AutoFlight_afcs_03_b_20_1.p,intuitionistic,auto,1,false,,5,0,10,provable,unknown,timeout,,two-sided,IMELL,1402,6,5002.702,2186995,2169937,12161,31734425,0,0,2048,4990.000,2.352
lltp,ILL/petri-nets/MCC,,,AutoFlight_afcs_03_b_50_1.p,intuitionistic,auto,1,false,,5,0,10,provable,unknown,timeout,,two-sided,IMELL,1398,6,5005.040,6118553,6060575,40555,23325236,0,0,2048,4990.000,2.555
lltp,ILL/petri-nets/MCC,,,AutoFlight_afcs_03_b_5_1.p,intuitionistic,auto,1,false,,5,0,10,provable,proved,,ok,two-sided,IMELL,1392,6,43.189,22761,22123,281,147059,0,0,2048,40.000,0.037
lltp,ILL/petri-nets/MCC,,,AutoFlight_afcs_04_b_100_1.p,intuitionistic,auto,1,false,,5,0,10,provable,unknown,timeout,,two-sided,IMELL,1852,7,5003.625,4878851,4837270,28036,18035948,0,0,2048,4980.000,2.556
lltp,ILL/petri-nets/MCC,,,AutoFlight_afcs_04_b_10_1.p,intuitionistic,auto,1,false,,5,0,10,provable,unknown,timeout,,two-sided,IMELL,1826,7,5002.756,3898326,3866162,21968,19749186,0,0,2048,4990.000,2.513
lltp,ILL/petri-nets/MCC,,,AutoFlight_afcs_04_b_20_1.p,intuitionistic,auto,1,false,,5,0,10,provable,unknown,timeout,,two-sided,IMELL,1834,7,5002.358,13136123,13111345,17923,31904235,0,0,2048,4990.000,2.453
lltp,ILL/petri-nets/MCC,,,AutoFlight_afcs_04_b_50_1.p,intuitionistic,auto,1,false,,5,0,10,provable,unknown,timeout,,two-sided,IMELL,1830,6,5003.448,4676230,4635613,27309,17940808,0,0,2048,4980.000,2.450
lltp,ILL/petri-nets/MCC,,,AutoFlight_afcs_04_b_5_1.p,intuitionistic,auto,1,false,,5,0,10,provable,proved,,ok,two-sided,IMELL,1820,7,175.744,84450,82562,1027,497597,0,0,2048,170.000,0.099
lltp,ILL/petri-nets/MCC,,,AutoFlight_afcs_05_b_100_1.p,intuitionistic,auto,1,false,,5,0,10,provable,unknown,timeout,,two-sided,IMELL,2270,8,5002.576,3570586,3538347,22862,14277710,0,0,2048,4990.000,2.556
lltp,ILL/petri-nets/MCC,,,AutoFlight_afcs_05_b_10_1.p,intuitionistic,auto,1,false,,5,0,10,provable,unknown,timeout,,two-sided,IMELL,2252,8,5002.603,4093422,4062819,21010,15024246,0,0,2048,4990.000,2.532
lltp,ILL/petri-nets/MCC,,,AutoFlight_afcs_05_b_20_1.p,intuitionistic,auto,1,false,,5,0,10,provable,unknown,timeout,,two-sided,IMELL,2262,8,5133.379,1664605,1648519,10211,18505728,0,0,2048,5120.000,2.465
lltp,ILL/petri-nets/MCC,,,AutoFlight_afcs_05_b_50_1.p,intuitionistic,auto,1,false,,5,0,10,provable,unknown,timeout,,two-sided,IMELL,2262,7,5002.740,3798755,3768151,21164,14427473,0,0,2048,4980.000,2.482
lltp,ILL/petri-nets/MCC,,,AutoFlight_afcs_05_b_5_1.p,intuitionistic,auto,1,false,,5,0,10,provable,proved,,ok,two-sided,IMELL,2248,8,320.631,127266,124953,1256,753623,0,0,2048,320.000,0.185
lltp,ILL/petri-nets/MCC,,,AutoFlight_afcs_06_b_100_1.p,intuitionistic,auto,1,false,,5,0,10,provable,unknown,timeout,,two-sided,IMELL,2694,8,5002.407,2788587,2760057,20773,11841189,0,0,2048,4980.000,2.486
lltp,ILL/petri-nets/MCC,,,AutoFlight_afcs_06_b_10_1.p,intuitionistic,auto,1,false,,5,0,10,provable,unknown,timeout,,two-sided,IMELL,2682,9,5002.314,3723866,3697885,18286,13028863,0,0,2048,4980.000,2.435
lltp,ILL/petri-nets/MCC,,,AutoFlight_afcs_06_b_20_1.p,intuitionistic,auto,1,false,,5,0,10,provable,unknown,timeout,,two-sided,IMELL,2686,9,5001.860,5477523,5458168,12294,15838875,0,0,2048,4990.000,2.434
lltp,ILL/petri-nets/MCC,,,AutoFlight_afcs_06_b_50_1.p,intuitionistic,auto,1,false,,5,0,10,provable,unknown,timeout,,two-sided,IMELL,2692,8,5002.577,2946721,2916289,22484,11892998,0,0,2048,4980.000,2.467
lltp,ILL/petri-nets/MCC,,,AutoFlight_afcs_06_b_5_1.p,intuitionistic,auto,1,false,,5,0,10,provable,proved,,ok,two-sided,IMELL,2676,9,530.966,178386,175653,1484,1059619,0,0,2048,530.000,0.296
lltp,ILL/petri-nets/MCC,,,AutoFlight_afcs_12_b_100_1.p,intuitionistic,auto,1,false,,5,0,10,provable,unknown,timeout,,two-sided,IMELL,5266,15,5000.843,831749,823160,5933,5868242,0,0,2048,4990.000,2.352
lltp,ILL/petri-nets/MCC,,,AutoFlight_afcs_12_b_10_1.p,intuitionistic,auto,1,false,,5,0,10,provable,unknown,timeout,,two-sided,IMELL,5252,15,5000.759,1004227,995112,6065,5480769,0,0,2048,4990.000,2.387
lltp,ILL/petri-nets/MCC,,,AutoFlight_afcs_12_b_20_1.p,intuitionistic,auto,1,false,,5,0,10,provable,unknown,timeout,,two-sided,IMELL,5260,15,5000.745,1064809,1055531,6225,5614255,0,0,2048,4980.000,2.346
lltp,ILL/petri-nets/MCC,,,AutoFlight_afcs_12_b_50_1.p,intuitionistic,auto,1,false,,5,0,10,provable,unknown,timeout,,two-sided,IMELL,5254,15,5001.090,973608,964682,5945,5363537,0,0,2048,4980.000,2.354
lltp,ILL/petri-nets/MCC,,,AutoFlight_afcs_12_b_5_1.p,intuitionistic,auto,1,false,,5,0,10,provable,proved,,ok,two-sided,IMELL,5244,15,1998.226,323876,321507,1040,2076931,0,0,2048,1990.000,0.959
lltp,ILL/petri-nets/MCC,,,CircularTrains_CircularTrain-012_5_1.p,intuitionistic,auto,1,false,,5,0,10,provable,proved,,ok,two-sided,IMELL,142,3,3278.581,69793,26828,30947,95357877,0,0,2048,3260.000,1.651
lltp,ILL/petri-nets/MCC,,,CloudDeployment_deploy_2_b_100_1.p,intuitionistic,auto,1,false,,5,0,10,provable,unknown,timeout,,two-sided,IMELL,4022,50,5000.665,8800132,8790759,6228,24340351,0,0,2048,4980.000,4.730
lltp,ILL/petri-nets/MCC,,,CloudDeployment_deploy_2_b_10_1.p,intuitionistic,auto,1,false,,5,0,10,provable,unknown,timeout,,two-sided,IMELL,4018,49,5001.038,8636491,8628413,5088,23828017,0,0,2048,4990.000,5.120
lltp,ILL/petri-nets/MCC,,,CloudDeployment_deploy_2_b_20_1.p,intuitionistic,auto,1,false,,5,0,10,provable,unknown,timeout,,two-sided,IMELL,4022,49,5000.840,8620289,8612232,5101,23759431,0,0,2048,4990.000,3.853
lltp,ILL/petri-nets/MCC,,,CloudDeployment_deploy_2_b_50_1.p,intuitionistic,auto,1,false,,5,0,10,provable,unknown,timeout,,two-sided,IMELL,4022,50,5001.116,8806828,8798550,5038,24500485,0,0,2048,4980.000,2.978
lltp,ILL/petri-nets/MCC,,,CloudDeployment_deploy_2_b_5_1.p,intuitionistic,auto,1,false,,5,0,10,provable,unknown,timeout,,two-sided,IMELL,4014,49,5000.559,8568788,8560759,5075,23643882,0,0,2048,4980.000,2.402
lltp,ILL/petri-nets/MCC,,,DES_des_00_b_100_1.p,intuitionistic,auto,1,false,,5,0,10,provable,unknown,timeout,,two-sided,IMELL,1396,6,5004.477,4776889,4726446,38172,31892732,0,0,2048,4990.000,2.488
lltp,ILL/petri-nets/MCC,,,DES_des_00_b_10_1.p,intuitionistic,auto,1,false,,5,0,10,provable,unknown,timeout,,two-sided,IMELL,1332,6,5006.252,6272770,6208731,48959,29865280,0,0,2048,4990.000,2.560
lltp,ILL/petri-nets/MCC,,,DES_des_00_b_20_1.p,intuitionistic,auto,1,false,,5,0,10,provable,unknown,timeout,,two-sided,IMELL,1352,6,5005.342,7011130,6945203,49833,29412536,0,0,2048,4990.000,2.543
lltp,ILL/petri-nets/MCC,,,DES_des_00_b_50_1.p,intuitionistic,auto,1,false,,5,0,10,provable,unknown,timeout,,two-sided,IMELL,1386,6,5018.940,866100,852179,10182,40034304,0,0,2048,5000.000,2.409
lltp,ILL/petri-nets/MCC,,,DES_des_00_b_5_1.p,intuitionistic,auto,1,false,,5,0,10,provable,proved,,ok,two-sided,IMELL,1326,6,143.105,143259,139489,2737,693339,0,0,2048,140.000,0.092
lltp,ILL/petri-nets/MCC,,,DES_des_01_b_100_1.p,intuitionistic,auto,1,false,,5,0,10,provable,unknown,timeout,,two-sided,IMELL,1454,6,5005.795,6906309,6847062,45139,30358119,0,0,2048,4980.000,2.738
lltp,ILL/petri-nets/MCC,,,DES_des_01_b_10_1.p,intuitionistic,auto,1,false,,5,0,10,provable,unknown,timeout,,two-sided,IMELL,1384,6,5004.249,14145403,14099273,34071,36396762,0,0,2048,4980.000,2.610
lltp,ILL/petri-nets/MCC,,,DES_des_01_b_20_1.p,intuitionistic,auto,1,false,,5,0,10,provable,unknown,timeout,,two-sided,IMELL,1404,6,5068.910,1852666,1831901,14992,36130816,0,0,2048,5050.000,2.625
lltp,ILL/petri-nets/MCC,,,DES_des_01_b_50_1.p,intuitionistic,auto,1,false,,5,0,10,provable,unknown,timeout,,two-sided,IMELL,1442,6,5075.861,137054,132689,3376,41107456,0,0,2048,5060.000,2.363
lltp,ILL/petri-nets/MCC,,,DES_des_01_b_5_1.p,intuitionistic,auto,1,false,,5,0,10,provable,proved,,ok,two-sided,IMELL,1378,6,149.846,141190,137601,2574,716646,0,0,2048,150.000,0.088
lltp,ILL/petri-nets/MCC,,,DES_des_02_b_100_1.p,intuitionistic,auto,1,false,,5,0,10,provable,unknown,timeout,,two-sided,IMELL,1486,6,5005.906,8169581,8107446,47087,29643811,0,0,2048,4980.000,2.465
lltp,ILL/petri-nets/MCC,,,DES_des_02_b_10_1.p,intuitionistic,auto,1,false,,5,0,10,provable,unknown,timeout,,two-sided,IMELL,1420,6,5003.340,9333654,9289520,32934,33184569,0,0,2048,4990.000,2.458
lltp,ILL/petri-nets/MCC,,,DES_des_02_b_20_1.p,intuitionistic,auto,1,false,,5,0,10,provable,unknown,timeout,,two-sided,IMELL,1440,6,5003.672,7605680,7561103,33495,33888580,0,0,2048,4980.000,2.482
lltp,ILL/petri-nets/MCC,,,DES_des_02_b_50_1.p,intuitionistic,auto,1,false,,5,0,10,provable,unknown,timeout,,two-sided,IMELL,1474,6,5032.857,1435669,1415035,16078,35672064,0,0,2048,5020.000,2.397
lltp,ILL/petri-nets/MCC,,,DES_des_02_b_5_1.p,intuitionistic,auto,1,false,,5,0,10,provable,proved,,ok,two-sided,IMELL,1410,6,807.367,1000605,987222,9639,4226356,0,0,2048,800.000,0.431
lltp,ILL/petri-nets/MCC,,,DES_des_05_b_100_1.p,intuitionistic,auto,1,false,,5,0,10,provable,unknown,timeout,,two-sided,IMELL,1582,6,5005.626,8107358,8048297,45051,28761524,0,0,2048,4990.000,2.503
lltp,ILL/petri-nets/MCC,,,DES_des_05_b_10_1.p,intuitionistic,auto,1,false,,5,0,10,provable,unknown,timeout,,two-sided,IMELL,1512,6,5002.269,14220276,14179406,30621,35878655,0,0,2048,4980.000,2.470
lltp,ILL/petri-nets/MCC,,,DES_des_05_b_20_1.p,intuitionistic,auto,1,false,,5,0,10,provable,unknown,timeout,,two-sided,IMELL,1532,6,5004.052,4265038,4232862,23345,31191291,0,0,2048,4990.000,2.472
lltp,ILL/petri-nets/MCC,,,DES_des_05_b_50_1.p,intuitionistic,auto,1,false,,5,0,10,provable,unknown,timeout,,two-sided,IMELL,1570,6,5002.104,1819238,1797126,17251,33964628,0,0,2048,4990.000,2.367
lltp,ILL/petri-nets/MCC,,,DES_des_05_b_5_1.p,intuitionistic,auto,1,false,,5,0,10,provable,proved,,ok,two-sided,IMELL,1506,6,956.008,1155787,1141706,10163,4931365,0,0,2048,950.000,0.502
lltp,ILL/petri-nets/MCC,,,DES_des_10_b_100_1.p,intuitionistic,auto,1,false,,5,0,10,provable,unknown,timeout,,two-sided,IMELL,1742,10,5004.399,6506004,6461328,32749,27221486,0,0,2048,4980.000,2.477
lltp,ILL/petri-nets/MCC,,,DES_des_10_b_10_1.p,intuitionistic,auto,1,false,,5,0,10,provable,unknown,timeout,,two-sided,IMELL,1672,10,5002.560,13251124,13220570,22070,34777200,0,0,2048,4990.000,2.391
lltp,ILL/petri-nets/MCC,,,DES_des_10_b_20_1.p,intuitionistic,auto,1,false,,5,0,10,provable,unknown,timeout,,two-sided,IMELL,1692,10,5002.320,3938305,3909111,21189,29229747,0,0,2048,4990.000,2.435
lltp,ILL/petri-nets/MCC,,,DES_des_10_b_50_1.p,intuitionistic,auto,1,false,,5,0,10,provable,unknown,timeout,,two-sided,IMELL,1742,10,5004.411,6132190,6086023,34127,26936617,0,0,2048,4990.000,2.520
lltp,ILL/petri-nets/MCC,,,DES_des_10_b_5_1.p,intuitionistic,auto,1,false,,5,0,10,provable,proved,,ok,two-sided,IMELL,1666,11,1117.638,1115372,1101338,10116,5635693,0,0,2048,1110.000,0.573
lltp,ILL/petri-nets/MCC,,,DES_des_20_b_100_1.p,intuitionistic,auto,1,false,,5,0,10,provable,unknown,timeout,,two-sided,IMELL,2062,20,5045.111,141496,138210,2342,31993856,0,0,2048,5030.000,2.608
lltp,ILL/petri-nets/MCC,,,DES_des_20_b_10_1.p,intuitionistic,auto,1,false,,5,0,10,provable,unknown,timeout,,two-sided,IMELL,1992,20,5002.496,12000065,11975516,17668,33291061,0,0,2048,4980.000,2.420
lltp,ILL/petri-nets/MCC,,,DES_des_20_b_20_1.p,intuitionistic,auto,1,false,,5,0,10,provable,unknown,timeout,,two-sided,IMELL,2012,20,5087.900,1191056,1176650,10380,29380608,0,0,2048,5070.000,2.402
lltp,ILL/petri-nets/MCC,,,DES_des_20_b_50_1.p,intuitionistic,auto,1,false,,5,0,10,provable,unknown,timeout,,two-sided,IMELL,2062,20,5003.797,4400182,4358814,32451,24751279,0,0,2048,4980.000,2.461
lltp,ILL/petri-nets/MCC,,,DES_des_20_b_5_1.p,intuitionistic,auto,1,false,,5,0,10,provable,proved,,ok,two-sided,IMELL,1986,21,1511.176,1116906,1102856,10129,7155864,0,0,2048,1500.000,0.785
lltp,ILL/petri-nets/MCC,,,DES_des_30_b_100_1.p,intuitionistic,auto,1,false,,5,0,10,provable,unknown,timeout,,two-sided,IMELL,2374,30,5048.926,154641,151182,2467,28299264,0,0,2048,5030.000,2.482
lltp,ILL/petri-nets/MCC,,,DES_des_30_b_10_1.p,intuitionistic,auto,1,false,,5,0,10,provable,unknown,timeout,,two-sided,IMELL,2304,30,5001.414,11215752,11197415,12949,30744159,0,0,2048,4980.000,2.368
lltp,ILL/petri-nets/MCC,,,DES_des_30_b_20_1.p,intuitionistic,auto,1,false,,5,0,10,provable,unknown,timeout,,two-sided,IMELL,2324,30,5043.994,1807810,1791011,11801,24322048,0,0,2048,5030.000,2.481
lltp,ILL/petri-nets/MCC,,,DES_des_30_b_50_1.p,intuitionistic,auto,1,false,,5,0,10,provable,unknown,timeout,,two-sided,IMELL,2328,31,5003.166,2867738,2834934,25696,22319683,0,0,2048,4990.000,2.480
lltp,ILL/petri-nets/MCC,,,DES_des_30_b_5_1.p,intuitionistic,auto,1,false,,5,0,10,provable,proved,,ok,two-sided,IMELL,2298,30,2074.723,1274459,1260030,10405,8949866,0,0,2048,2060.000,1.135
lltp,ILL/petri-nets/MCC,,,DES_des_40_b_100_1.p,intuitionistic,auto,1,false,,5,0,10,provable,unknown,timeout,,two-sided,IMELL,2694,40,5004.260,157972,153597,3382,25042944,0,0,2048,4990.000,2.441
lltp,ILL/petri-nets/MCC,,,DES_des_40_b_10_1.p,intuitionistic,auto,1,false,,5,0,10,provable,unknown,timeout,,two-sided,IMELL,2624,40,5001.407,10646235,10630508,11312,28510477,0,0,2048,4990.000,2.316
lltp,ILL/petri-nets/MCC,,,DES_des_40_b_20_1.p,intuitionistic,auto,1,false,,5,0,10,provable,unknown,timeout,,two-sided,IMELL,2644,40,5016.570,1832483,1814109,13356,21147648,0,0,2048,5000.000,2.460
lltp,ILL/petri-nets/MCC,,,DES_des_40_b_50_1.p,intuitionistic,auto,1,false,,5,0,10,provable,unknown,timeout,,two-sided,IMELL,2648,41,5003.065,2216886,2190151,21015,20482651,0,0,2048,4990.000,2.456
lltp,ILL/petri-nets/MCC,,,DES_des_40_b_5_1.p,intuitionistic,auto,1,false,,5,0,10,provable,proved,,ok,two-sided,IMELL,2618,40,2653.231,1268104,1253641,10410,10579992,0,0,2048,2640.000,1.390
lltp,ILL/petri-nets/MCC,,,DES_des_50_b_100_1.p,intuitionistic,auto,1,false,,5,0,10,provable,unknown,timeout,,two-sided,IMELL,3014,50,5147.861,334561,328295,4814,22040576,0,0,2048,5130.000,2.545
lltp,ILL/petri-nets/MCC,,,DES_des_50_b_10_1.p,intuitionistic,auto,1,false,,5,0,10,provable,unknown,timeout,,two-sided,IMELL,2948,51,5002.053,1891642,1871740,14803,18523415,0,0,2048,4990.000,2.515
lltp,ILL/petri-nets/MCC,,,DES_des_50_b_20_1.p,intuitionistic,auto,1,false,,5,0,10,provable,unknown,timeout,,two-sided,IMELL,2968,51,5001.655,1892613,1873914,13569,18303321,0,0,2048,4980.000,2.744
lltp,ILL/petri-nets/MCC,,,DES_des_50_b_50_1.p,intuitionistic,auto,1,false,,5,0,10,provable,unknown,timeout,,two-sided,IMELL,2970,51,5003.515,1844373,1818361,20955,18493457,0,0,2048,4990.000,3.514
lltp,ILL/petri-nets/MCC,,,DES_des_50_b_5_1.p,intuitionistic,auto,1,false,,5,0,10,provable,proved,,ok,two-sided,IMELL,2938,50,3325.516,1287117,1272673,10399,12145028,0,0,2048,3310.000,2.667
lltp,ILL/petri-nets/MCC,,,DES_des_60_b_100_1.p,intuitionistic,auto,1,false,,5,0,10,provable,unknown,timeout,,two-sided,IMELL,3334,60,5063.439,334559,328295,4812,19673088,0,0,2048,5050.000,2.428
lltp,ILL/petri-nets/MCC,,,DES_des_60_b_10_1.p,intuitionistic,auto,1,false,,5,0,10,provable,unknown,timeout,,two-sided,IMELL,3264,60,5001.014,3818811,3804048,10633,18897817,0,0,2048,4990.000,2.453
lltp,ILL/petri-nets/MCC,,,DES_des_60_b_20_1.p,intuitionistic,auto,1,false,,5,0,10,provable,unknown,timeout,,two-sided,IMELL,3284,60,5001.848,1431174,1415121,11649,16315051,0,0,2048,4980.000,2.455
lltp,ILL/petri-nets/MCC,,,DES_des_60_b_50_1.p,intuitionistic,auto,1,false,,5,0,10,provable,unknown,timeout,,two-sided,IMELL,3290,61,5002.754,1409637,1388402,16824,16498767,0,0,2048,4980.000,2.388
lltp,ILL/petri-nets/MCC,,,DES_des_60_b_5_1.p,intuitionistic,auto,1,false,,5,0,10,provable,proved,,ok,two-sided,IMELL,3258,60,4188.900,1287117,1272673,10399,13709588,0,0,2048,4180.000,2.034
lltp,ILL/petri-nets/MCC,,,DatabaseWithMutex_database2UNFOLD_100_1.p,intuitionistic,auto,1,false,,5,0,10,provable,proved,,ok,two-sided,IMELL,198,3,14.272,11597,10261,652,217414,0,0,2048,10.000,0.027
lltp,ILL/petri-nets/MCC,,,DatabaseWithMutex_database2UNFOLD_20_1.p,intuitionistic,auto,1,false,,5,0,10,provable,proved,,ok,two-sided,IMELL,198,3,14.336,11597,10261,652,217414,0,0,2048,10.000,0.010
lltp,ILL/petri-nets/MCC,,,DatabaseWithMutex_database2UNFOLD_5_1.p,intuitionistic,auto,1,false,,5,0,10,provable,proved,,ok,two-sided,IMELL,198,3,11.032,4518,3467,478,166600,0,0,2048,10.000,0.007
lltp,ILL/petri-nets/MCC,,,Eratosthenes_eratosthenes-010_5_1.p,intuitionistic,auto,1,false,,5,0,10,provable,proved,,ok,two-sided,IMELL,72,5,54.206,143524,137232,2255,1343074,0,0,2048,50.000,0.035
lltp,ILL/petri-nets/MCC,,,FlexibleBarrier_flexbar_04_a_100_1.p,intuitionistic,auto,1,false,,5,0,10,provable,proved,,ok,two-sided,IMELL,630,27,270.222,670539,646855,21592,2828372,0,0,2048,260.000,0.155
lltp,ILL/petri-nets/MCC,,,FlexibleBarrier_flexbar_04_a_10_1.p,intuitionistic,auto,1,false,,5,0,10,provable,proved,,ok,two-sided,IMELL,630,27,270.219,670539,646855,21592,2828372,0,0,2048,260.000,0.161
lltp,ILL/petri-nets/MCC,,,FlexibleBarrier_flexbar_04_a_20_1.p,intuitionistic,auto,1,false,,5,0,10,provable,proved,,ok,two-sided,IMELL,630,27,250.646,611064,589300,19800,2622788,0,0,2048,240.000,0.147
lltp,ILL/petri-nets/MCC,,,FlexibleBarrier_flexbar_04_a_50_1.p,intuitionistic,auto,1,false,,5,0,10,provable,proved,,ok,two-sided,IMELL,630,27,250.715,611064,589300,19800,2622788,0,0,2048,240.000,0.145
lltp,ILL/petri-nets/MCC,,,FlexibleBarrier_flexbar_04_a_5_1.p,intuitionistic,auto,1,false,,5,0,10,provable,proved,,ok,two-sided,IMELL,630,27,252.370,611064,589300,19800,2622788,0,0,2048,250.000,0.145
lltp,ILL/petri-nets/MCC,,,FlexibleBarrier_flexbar_04_b_10_1.p,intuitionistic,auto,1,false,,5,0,10,provable,proved,,ok,two-sided,IMELL,1492,17,4054.890,4245249,4216761,17294,20300352,0,0,2048,4040.000,1.990
lltp,ILL/petri-nets/MCC,,,FlexibleBarrier_flexbar_04_b_20_1.p,intuitionistic,auto,1,false,,5,0,10,provable,unknown,timeout,,two-sided,IMELL,1496,17,5002.310,6048401,6014630,20918,25994832,0,0,2048,4990.000,2.503
lltp,ILL/petri-nets/MCC,,,FlexibleBarrier_flexbar_04_b_50_1.p,intuitionistic,auto,1,false,,5,0,10,provable,unknown,timeout,,two-sided,IMELL,1498,17,5002.001,8650123,8617211,20051,26964445,0,0,2048,4990.000,2.456
lltp,ILL/petri-nets/MCC,,,FlexibleBarrier_flexbar_04_b_5_1.p,intuitionistic,auto,1,false,,5,0,10,provable,proved,,ok,two-sided,IMELL,1492,17,260.987,232192,228202,2682,1116532,0,0,2048,260.000,0.139
lltp,ILL/petri-nets/MCC,,,FlexibleBarrier_flexbar_06_b_100_1.p,intuitionistic,auto,1,false,,5,0,10,provable,unknown,timeout,,two-sided,IMELL,3082,37,5001.323,3101960,3086053,10758,13779897,0,0,2048,4980.000,3.065
lltp,ILL/petri-nets/MCC,,,FlexibleBarrier_flexbar_06_b_10_1.p,intuitionistic,auto,1,false,,5,0,10,provable,unknown,timeout,,two-sided,IMELL,3080,37,5001.830,2459367,2441255,13365,13485568,0,0,2048,4980.000,2.496
lltp,ILL/petri-nets/MCC,,,FlexibleBarrier_flexbar_06_b_20_1.p,intuitionistic,auto,1,false,,5,0,10,provable,unknown,timeout,,two-sided,IMELL,3082,37,5002.075,2323802,2306126,13007,13520897,0,0,2048,4980.000,2.452
lltp,ILL/petri-nets/MCC,,,FlexibleBarrier_flexbar_06_b_50_1.p,intuitionistic,auto,1,false,,5,0,10,provable,unknown,timeout,,two-sided,IMELL,3082,37,5001.586,2916459,2900317,11042,13577860,0,0,2048,4980.000,2.359
lltp,ILL/petri-nets/MCC,,,FlexibleBarrier_flexbar_06_b_5_1.p,intuitionistic,auto,1,false,,5,0,10,provable,proved,,ok,two-sided,IMELL,3074,37,1841.008,814187,806665,5079,4501385,0,0,2048,1830.000,0.896
lltp,ILL/petri-nets/MCC,,,FlexibleBarrier_flexbar_08_b_100_1.p,intuitionistic,auto,1,false,,5,0,10,provable,unknown,timeout,,two-sided,IMELL,5274,65,5001.460,1345326,1334660,8236,7495448,0,0,2048,4980.000,2.360
lltp,ILL/petri-nets/MCC,,,FlexibleBarrier_flexbar_08_b_10_1.p,intuitionistic,auto,1,false,,5,0,10,provable,unknown,timeout,,two-sided,IMELL,5264,65,5000.826,1208343,1198252,7663,7364984,0,0,2048,4980.000,2.386
lltp,ILL/petri-nets/MCC,,,FlexibleBarrier_flexbar_08_b_20_1.p,intuitionistic,auto,1,false,,5,0,10,provable,unknown,timeout,,two-sided,IMELL,5268,65,5001.693,1277404,1266737,8342,7480230,0,0,2048,4990.000,2.519
lltp,ILL/petri-nets/MCC,,,FlexibleBarrier_flexbar_08_b_50_1.p,intuitionistic,auto,1,false,,5,0,10,provable,unknown,timeout,,two-sided,IMELL,5274,65,5001.211,1364862,1354023,8397,7509087,0,0,2048,4990.000,2.570
lltp,ILL/petri-nets/MCC,,,FlexibleBarrier_flexbar_08_b_5_1.p,intuitionistic,auto,1,false,,5,0,10,provable,unknown,timeout,,two-sided,IMELL,5260,65,5000.756,1189094,1178404,8281,7293782,0,0,2048,4990.000,2.338
lltp,ILL/petri-nets/MCC,,,HouseConstruction-002_10_1.p,intuitionistic,auto,1,false,,5,0,10,provable,unknown,timeout,,two-sided,IMELL,116,2,5000.343,54530614,54520506,6366,63760855,0,0,2048,4990.000,2.278
lltp,ILL/petri-nets/MCC,,,HouseConstruction-002_20_1.p,intuitionistic,auto,1,false,,5,0,10,provable,unknown,timeout,,two-sided,IMELL,118,3,5000.178,48365566,48357685,4040,58879927,0,0,2048,4990.000,2.316
lltp,ILL/petri-nets/MCC,,,HouseConstruction-002_50_1.p,intuitionistic,auto,1,false,,5,0,10,provable,unknown,copy_bound,,two-sided,IMELL,110,2,9.794,560,248,97,245052,0,0,2048,0.000,0.014
lltp,ILL/petri-nets/MCC,,,HouseConstruction-005_100_1.p,intuitionistic,auto,1,false,,5,0,10,provable,unknown,copy_bound,,two-sided,IMELL,122,5,112.884,1308,681,233,2935492,0,0,2048,110.000,0.074
lltp,ILL/petri-nets/MCC,,,IBM319_100_1.p,intuitionistic,auto,1,false,,5,0,10,provable,unknown,timeout,,two-sided,IMELL,1056,4,5000.580,8295028,8272315,6415,36182619,0,0,2048,4990.000,2.568
lltp,ILL/petri-nets/MCC,,,IBM319_10_1.p,intuitionistic,auto,1,false,,5,0,10,provable,unknown,timeout,,two-sided,IMELL,1056,4,5000.351,8104085,8081374,4767,36147142,0,0,2048,4980.000,2.543
lltp,ILL/petri-nets/MCC,,,IBM319_20_1.p,intuitionistic,auto,1,false,,5,0,10,provable,unknown,timeout,,two-sided,IMELL,1056,4,5000.605,7237677,7214836,6406,35803605,0,0,2048,4990.000,2.406
lltp,ILL/petri-nets/MCC,,,IBM319_50_1.p,intuitionistic,auto,1,false,,5,0,10,provable,unknown,timeout,,two-sided,IMELL,1064,4,5000.510,9757916,9735820,6634,36676929,0,0,2048,4980.000,2.465
lltp,ILL/petri-nets/MCC,,,IBM319_5_1.p,intuitionistic,auto,1,false,,5,0,10,provable,proved,,ok,two-sided,IMELL,1056,4,1066.635,1560726,1552171,4187,7523363,0,0,2048,1060.000,0.545
lltp,ILL/petri-nets/MCC,,,IBM703_100_1.p,intuitionistic,auto,1,false,,5,0,10,provable,unknown,timeout,,two-sided,IMELL,1148,5,5000.163,5136473,5080759,1544,16462902,0,0,2048,4990.000,2.372
lltp,ILL/petri-nets/MCC,,,IBM703_10_1.p,intuitionistic,auto,1,false,,5,0,10,provable,proved,,ok,two-sided,IMELL,1146,5,282.193,275719,271731,1234,906460,0,0,2048,280.000,0.146
lltp,ILL/petri-nets/MCC,,,IBM703_20_1.p,intuitionistic,auto,1,false,,5,0,10,provable,unknown,timeout,,two-sided,IMELL,1146,5,5000.188,5235017,5179338,1573,16514353,0,0,2048,4990.000,2.263
lltp,ILL/petri-nets/MCC,,,IBM703_50_1.p,intuitionistic,auto,1,false,,5,0,10,provable,unknown,timeout,,two-sided,IMELL,1146,5,5000.178,5209087,5153670,1573,16432700,0,0,2048,4990.000,2.310
lltp,ILL/petri-nets/MCC,,,IBM703_5_1.p,intuitionistic,auto,1,false,,5,0,10,provable,proved,,ok,two-sided,IMELL,1146,5,49.385,42684,41924,269,155085,0,0,2048,50.000,0.035
lltp,ILL/petri-nets/MCC,,,LamportFastMutEx_lamport_fmea-2_100_1.p,intuitionistic,auto,1,false,,5,0,10,provable,unknown,timeout,,two-sided,IMELL,826,22,5002.490,24731136,24697566,16550,56177046,0,0,2048,4990.000,2.438
lltp,ILL/petri-nets/MCC,,,LamportFastMutEx_lamport_fmea-2_10_1.p,intuitionistic,auto,1,false,,5,0,10,provable,unknown,timeout,,two-sided,IMELL,826,22,5002.620,25636150,25603181,16015,56567023,0,0,2048,4990.000,2.406
lltp,ILL/petri-nets/MCC,,,LamportFastMutEx_lamport_fmea-2_20_1.p,intuitionistic,auto,1,false,,5,0,10,provable,unknown,timeout,,two-sided,IMELL,830,22,5001.886,22191464,22161478,14488,57686081,0,0,2048,4980.000,2.364
lltp,ILL/petri-nets/MCC,,,LamportFastMutEx_lamport_fmea-2_50_1.p,intuitionistic,auto,1,false,,5,0,10,provable,unknown,timeout,,two-sided,IMELL,826,22,5002.346,24799272,24765673,16550,56320820,0,0,2048,4980.000,2.476
lltp,ILL/petri-nets/MCC,,,LamportFastMutEx_lamport_fmea-2_5_1.p,intuitionistic,auto,1,false,,5,0,10,provable,proved,,ok,two-sided,IMELL,826,22,4596.493,22493267,22463001,13598,51725642,0,0,2048,4580.000,2.188
lltp,ILL/petri-nets/MCC,,,Referendum_referendum-unfolded-10_10_1.p,intuitionistic,auto,1,false,,5,0,10,provable,unknown,timeout,,two-sided,IMELL,122,3,5033.545,54849680,54456714,353128,55320931,0,0,2048,5020.000,3.258
lltp,ILL/petri-nets/MCC,,,Referendum_referendum-unfolded-10_20_1.p,intuitionistic,auto,1,false,,5,0,10,provable,unknown,timeout,,two-sided,IMELL,122,2,5016.963,56136298,55738673,356852,55787997,0,0,2048,4990.000,3.401
lltp,ILL/petri-nets/MCC,,,ResAllocation_RAS-C-3_10_1.p,intuitionistic,auto,1,false,,5,0,10,provable,proved,,ok,two-sided,IMELL,124,3,57.630,112724,106582,3322,1389156,0,0,2048,50.000,0.042
lltp,ILL/petri-nets/MCC,,,ResAllocation_RAS-C-3_50_1.p,intuitionistic,auto,1,false,,5,0,10,provable,proved,,ok,two-sided,IMELL,124,3,58.733,112724,106582,3322,1389156,0,0,2048,50.000,0.043
lltp,ILL/petri-nets/MCC,,,ResAllocation_RAS-C-3_5_1.p,intuitionistic,auto,1,false,,5,0,10,provable,proved,,ok,two-sided,IMELL,126,3,118.368,186673,177917,4418,2946250,0,0,2048,110.000,0.067
lltp,ILL/petri-nets/MCC,,,ResAllocation_RAS-R-5_100_1.p,intuitionistic,auto,1,false,,5,0,10,provable,proved,,ok,two-sided,IMELL,130,3,2155.456,2510800,2489502,9951,59687865,0,0,2048,2150.000,1.080
lltp,ILL/petri-nets/MCC,,,ResAllocation_RAS-R-5_10_1.p,intuitionistic,auto,1,false,,5,0,10,provable,proved,,ok,two-sided,IMELL,130,3,2160.143,2510800,2489502,9951,59687865,0,0,2048,2150.000,1.253
lltp,ILL/petri-nets/MCC,,,ResAllocation_RAS-R-5_20_1.p,intuitionistic,auto,1,false,,5,0,10,provable,proved,,ok,two-sided,IMELL,132,3,703.023,60701,51462,4599,20188064,0,0,2048,690.000,0.726
lltp,ILL/petri-nets/MCC,,,ResAllocation_RAS-R-5_50_1.p,intuitionistic,auto,1,false,,5,0,10,provable,proved,,ok,two-sided,IMELL,132,3,704.181,60701,51462,4599,20188064,0,0,2048,690.000,0.373
lltp,ILL/petri-nets/MCC,,,ResAllocation_RAS-R-5_5_1.p,intuitionistic,auto,1,false,,5,0,10,provable,proved,,ok,two-sided,IMELL,134,3,120.312,6683,4257,1390,3485431,0,0,2048,110.000,0.077
lltp,ILL/petri-nets/MCC,,,RobotManipulation_robot-manipulation-1_100_1.p,intuitionistic,auto,1,false,,5,0,10,provable,proved,,ok,two-sided,IMELL,92,4,12.667,14514,13001,855,315126,0,0,2048,10.000,0.015
lltp,ILL/petri-nets/MCC,,,RobotManipulation_robot-manipulation-1_10_1.p,intuitionistic,auto,1,false,,5,0,10,provable,proved,,ok,two-sided,IMELL,92,4,12.583,14514,13001,855,315126,0,0,2048,10.000,0.008
lltp,ILL/petri-nets/MCC,,,RobotManipulation_robot-manipulation-1_20_1.p,intuitionistic,auto,1,false,,5,0,10,provable,proved,,ok,two-sided,IMELL,92,4,287.744,508753,493849,6038,7109284,0,0,2048,280.000,0.151
lltp,ILL/petri-nets/MCC,,,RobotManipulation_robot-manipulation-1_50_1.p,intuitionistic,auto,1,false,,5,0,10,provable,proved,,ok,two-sided,IMELL,92,4,287.934,508753,493849,6038,7109284,0,0,2048,270.000,0.170
lltp,ILL/petri-nets/MCC,,,RobotManipulation_robot-manipulation-1_5_1.p,intuitionistic,auto,1,false,,5,0,10,provable,proved,,ok,two-sided,IMELL,94,4,98.150,857925,854651,1636,1899846,0,0,2048,90.000,0.060
lltp,ILL/petri-nets/MCC,,,RobotManipulation_robot-manipulation-2_100_1.p,intuitionistic,auto,1,false,,5,0,10,provable,proved,,ok,two-sided,IMELL,116,6,4109.742,7644267,7561250,53923,106911003,0,0,2048,4090.000,2.080
lltp,ILL/petri-nets/MCC,,,RobotManipulation_robot-manipulation-2_10_1.p,intuitionistic,auto,1,false,,5,0,10,provable,proved,,ok,two-sided,IMELL,116,6,4082.224,7644267,7561250,53923,106911003,0,0,2048,4060.000,2.035
lltp,ILL/petri-nets/MCC,,,RobotManipulation_robot-manipulation-2_20_1.p,intuitionistic,auto,1,false,,5,0,10,provable,unknown,timeout,,two-sided,IMELL,116,6,5015.177,9265159,9158849,70392,132698493,0,0,2048,5000.000,2.515
lltp,ILL/petri-nets/MCC,,,RobotManipulation_robot-manipulation-2_50_1.p,intuitionistic,auto,1,false,,5,0,10,provable,unknown,timeout,,two-sided,IMELL,116,6,5014.622,9169484,9063512,70392,131642858,0,0,2048,5000.000,2.491
lltp,ILL/petri-nets/MCC,,,SimpleLoadBal_simple_lbs-2_100_1.p,intuitionistic,auto,1,false,,5,0,10,provable,unknown,timeout,,two-sided,IMELL,532,24,5001.470,25910966,25899418,8138,81768161,0,0,2048,4980.000,3.727
lltp,ILL/petri-nets/MCC,,,SimpleLoadBal_simple_lbs-2_10_1.p,intuitionistic,auto,1,false,,5,0,10,provable,unknown,timeout,,two-sided,IMELL,532,24,5002.815,25821598,25810051,8138,81520011,0,0,2048,4990.000,4.986
lltp,ILL/petri-nets/MCC,,,SimpleLoadBal_simple_lbs-2_20_1.p,intuitionistic,auto,1,false,,5,0,10,provable,unknown,timeout,,two-sided,IMELL,534,24,5000.992,25957744,25946196,8138,81910633,0,0,2048,4980.000,4.482
lltp,ILL/petri-nets/MCC,,,SimpleLoadBal_simple_lbs-2_50_1.p,intuitionistic,auto,1,false,,5,0,10,provable,unknown,timeout,,two-sided,IMELL,530,24,5000.668,25982384,25970834,8138,81985867,0,0,2048,4980.000,2.638
lltp,ILL/petri-nets/MCC,,,SimpleLoadBal_simple_lbs-2_5_1.p,intuitionistic,auto,1,false,,5,0,10,provable,unknown,timeout,,two-sided,IMELL,530,24,5000.890,26111281,26099723,8138,82402103,0,0,2048,4980.000,2.406
lltp,ILL/petri-nets/MCC,,,TokenRing-5-unfolded_100_1.p,intuitionistic,auto,1,false,,5,0,10,provable,unknown,timeout,,two-sided,IMELL,1270,11,5002.898,704180,680131,12649,41235296,0,0,2048,4990.000,2.640
lltp,ILL/petri-nets/MCC,,,TokenRing-5-unfolded_10_1.p,intuitionistic,auto,1,false,,5,0,10,provable,unknown,timeout,,two-sided,IMELL,1270,11,5002.852,1180350,1158940,11578,42819324,0,0,2048,4980.000,2.575
lltp,ILL/petri-nets/MCC,,,TokenRing-5-unfolded_20_1.p,intuitionistic,auto,1,false,,5,0,10,provable,unknown,timeout,,two-sided,IMELL,1270,11,5002.282,9053209,9032201,12279,45934931,0,0,2048,4980.000,2.470
lltp,ILL/petri-nets/MCC,,,TokenRing-5-unfolded_50_1.p,intuitionistic,auto,1,false,,5,0,10,provable,unknown,timeout,,two-sided,IMELL,1270,11,5003.078,676376,653909,11720,42200361,0,0,2048,4990.000,2.413
lltp,ILL/petri-nets/MCC,,,TokenRing-5-unfolded_5_1.p,intuitionistic,auto,1,false,,5,0,10,provable,proved,,ok,two-sided,IMELL,1270,11,3971.073,820504,800802,10910,34047333,0,0,2048,3960.000,1.908
