source,family,size,index,problem,mode,engine_requested,jobs,portfolio,test_period,timeout_s,run,copies,expected,verdict,reason,checked,engine,fragment,occurrences,multiplicity,time_ms,nodes,memo_hits,memo_entries,splits,links,tests,recursion_limit,cpu_ms,wait_ms,bias,forward_copies
lltp,ILL/ILLTP-SYJ-01,,,SYJ202+1.010.p,intuitionistic,auto,1,false,,5,0,3,,unknown,timeout,,two-sided,ILL,4265,10,5354.653,6449792,3899213,1048576,0,0,0,16384,5340.000,4.782,auto,30
lltp,ILL/ILLTP-SYJ-01,,,SYJ202+1.011.p,intuitionistic,auto,1,false,,5,0,3,,unknown,timeout,,two-sided,ILL,5583,22,5177.635,5651584,3641360,1048576,0,0,0,16384,5160.000,4.808,auto,30
lltp,ILL/ILLTP-SYJ-01,,,SYJ202+1.012.p,intuitionistic,auto,1,false,,5,0,3,,unknown,timeout,,two-sided,ILL,7147,24,5274.365,5062144,3721125,1048576,0,0,0,16384,5250.000,5.109,auto,30
lltp,ILL/ILLTP-SYJ-01,,,SYJ202+1.013.p,intuitionistic,auto,1,false,,5,0,3,,unknown,timeout,,two-sided,ILL,8978,26,5308.011,3708800,2576930,920268,0,0,0,16384,5290.000,5.199,auto,30
lltp,ILL/ILLTP-SYJ-01,,,SYJ202+1.014.p,intuitionistic,auto,1,false,,5,0,3,,unknown,timeout,,two-sided,ILL,11097,28,5796.694,3395008,2305035,917517,0,0,0,16384,5770.000,6.330,auto,30
lltp,ILL/ILLTP-SYJ-01,,,SYJ202+1.015.p,intuitionistic,auto,1,false,,5,0,3,,unknown,timeout,,two-sided,ILL,13525,30,5299.604,2847872,1861678,863036,0,0,0,16384,5280.000,5.073,auto,30
lltp,ILL/ILLTP-SYJ-01,,,SYJ202+1.016.p,intuitionistic,auto,1,false,,5,0,3,,unknown,timeout,,two-sided,ILL,16283,32,5452.766,2154048,1290799,769255,0,0,0,16384,5430.000,5.729,auto,30
lltp,ILL/ILLTP-SYJ-01,,,SYJ202+1.017.p,intuitionistic,auto,1,false,,5,0,3,,unknown,timeout,,two-sided,ILL,19392,34,5414.861,1857664,1068634,710249,0,0,0,16384,5400.000,6.199,auto,30
lltp,ILL/ILLTP-SYJ-01,,,SYJ202+1.018.p,intuitionistic,auto,1,false,,5,0,3,,unknown,timeout,,two-sided,ILL,22873,36,5382.612,1582528,895507,625578,0,0,0,16384,5360.000,6.340,auto,30
lltp,ILL/ILLTP-SYJ-01,,,SYJ202+1.019.p,intuitionistic,auto,1,false,,5,0,3,,unknown,timeout,,two-sided,ILL,26747,38,5330.645,1304512,718476,540495,0,0,0,16384,5310.000,7.360,auto,30
lltp,ILL/ILLTP-SYJ-01,,,SYJ202+1.020.p,intuitionistic,auto,1,false,,5,0,3,,unknown,recursion_limit,,two-sided,ILL,31035,40,167.395,12284,0,8188,0,0,0,16384,160.000,0.170,auto,30
lltp,ILL/ILLTP-SYJ-01,,,SYJ208+1.010.p,intuitionistic,auto,1,false,,5,0,3,unprovable,unknown,timeout,,two-sided,ILL,4353,10,5312.334,6044864,3653288,1048576,0,0,0,16384,5290.000,5.627,auto,30
lltp,ILL/ILLTP-SYJ-01,,,SYJ208+1.011.p,intuitionistic,auto,1,false,,5,0,3,unprovable,unknown,timeout,,two-sided,ILL,5679,22,5229.678,5417152,3493863,1048576,0,0,0,16384,5210.000,5.736,auto,30
lltp,ILL/ILLTP-SYJ-01,,,SYJ208+1.012.p,intuitionistic,auto,1,false,,5,0,3,unprovable,unknown,timeout,,two-sided,ILL,7251,24,5346.389,5062144,3721125,1048576,0,0,0,16384,5320.000,5.396,auto,30
lltp,ILL/ILLTP-SYJ-01,,,SYJ208+1.013.p,intuitionistic,auto,1,false,,5,0,3,unprovable,unknown,timeout,,two-sided,ILL,9090,26,5324.185,3696064,2567726,917526,0,0,0,16384,5300.000,5.219,auto,30
lltp,ILL/ILLTP-SYJ-01,,,SYJ208+1.014.p,intuitionistic,auto,1,false,,5,0,3,unprovable,unknown,timeout,,two-sided,ILL,11217,28,5847.272,3395008,2305035,917517,0,0,0,16384,5820.000,6.731,auto,30
lltp,ILL/ILLTP-SYJ-01,,,SYJ208+1.015.p,intuitionistic,auto,1,false,,5,0,3,unprovable,unknown,timeout,,two-sided,ILL,13653,30,5338.375,2782720,1817226,846043,0,0,0,16384,5310.000,5.496,auto,30
lltp,ILL/ILLTP-SYJ-01,,,SYJ208+1.016.p,intuitionistic,auto,1,false,,5,0,3,unprovable,unknown,timeout,,two-sided,ILL,16419,32,5411.479,2109504,1257384,759364,0,0,0,16384,5390.000,6.143,auto,30
lltp,ILL/ILLTP-SYJ-01,,,SYJ208+1.017.p,intuitionistic,auto,1,false,,5,0,3,unprovable,unknown,timeout,,two-sided,ILL,19536,34,5435.904,1836992,1056261,702891,0,0,0,16384,5410.000,5.930,auto,30
lltp,ILL/ILLTP-SYJ-01,,,SYJ208+1.018.p,intuitionistic,auto,1,false,,5,0,3,,unknown,timeout,,two-sided,ILL,23025,36,5382.105,1528512,863204,606188,0,0,0,16384,5370.000,7.291,auto,30
lltp,ILL/ILLTP-SYJ-01,,,SYJ208+1.019.p,intuitionistic,auto,1,false,,5,0,3,,unknown,timeout,,two-sided,ILL,26907,38,5351.411,1268736,697075,527581,0,0,0,16384,5330.000,7.777,auto,30
lltp,ILL/ILLTP-SYJ-01,,,SYJ208+1.020.p,intuitionistic,auto,1,false,,5,0,3,,unknown,recursion_limit,,two-sided,ILL,31203,40,167.118,12284,0,8188,0,0,0,16384,160.000,0.145,auto,30
lltp,ILL/ILLTP-SYJ-cbn,,,SYJ202+1.010.p,intuitionistic,auto,1,false,,5,0,3,,unknown,timeout,,two-sided,ILL,3715,10,5295.853,5849600,3463518,1048576,0,0,0,16384,5270.000,6.224,auto,30
lltp,ILL/ILLTP-SYJ-cbn,,,SYJ202+1.011.p,intuitionistic,auto,1,false,,5,0,3,,unknown,timeout,,two-sided,ILL,4857,22,5237.665,5340032,3308248,1048576,0,0,0,16384,5210.000,5.730,auto,30
lltp,ILL/ILLTP-SYJ-cbn,,,SYJ202+1.012.p,intuitionistic,auto,1,false,,5,0,3,,unknown,timeout,,two-sided,ILL,6211,24,5070.693,4579200,3068196,1048576,0,0,0,16384,5050.000,5.588,auto,30
lltp,ILL/ILLTP-SYJ-cbn,,,SYJ202+1.013.p,intuitionistic,auto,1,false,,5,0,3,,unknown,timeout,,two-sided,ILL,7795,26,5316.614,4355456,3150011,962434,0,0,0,16384,5290.000,5.574,auto,30
lltp,ILL/ILLTP-SYJ-cbn,,,SYJ202+1.014.p,intuitionistic,auto,1,false,,5,0,3,,unknown,timeout,,two-sided,ILL,9627,28,5578.289,3334080,2218783,917508,0,0,0,16384,5550.000,5.366,auto,30
lltp,ILL/ILLTP-SYJ-cbn,,,SYJ202+1.015.p,intuitionistic,auto,1,false,,5,0,3,,unknown,timeout,,two-sided,ILL,11725,30,5390.296,3123264,2058578,902088,0,0,0,16384,5360.000,5.902,auto,30
lltp,ILL/ILLTP-SYJ-cbn,,,SYJ202+1.016.p,intuitionistic,auto,1,false,,5,0,3,,unknown,timeout,,two-sided,ILL,14107,32,5274.354,2552896,1648596,796269,0,0,0,16384,5250.000,4.925,auto,30
lltp,ILL/ILLTP-SYJ-cbn,,,SYJ202+1.017.p,intuitionistic,auto,1,false,,5,0,3,,unknown,timeout,,two-sided,ILL,16791,34,5397.371,1935360,1167042,688914,0,0,0,16384,5380.000,5.358,auto,30
lltp,ILL/ILLTP-SYJ-cbn,,,SYJ202+1.018.p,intuitionistic,auto,1,false,,5,0,3,,unknown,timeout,,two-sided,ILL,19795,36,5387.160,1524672,774871,676451,0,0,0,16384,5360.000,6.263,auto,30
lltp,ILL/ILLTP-SYJ-cbn,,,SYJ202+1.019.p,intuitionistic,auto,1,false,,5,0,3,,unknown,timeout,,two-sided,ILL,23137,38,5389.105,1326976,649433,616969,0,0,0,16384,5370.000,7.168,auto,30
lltp,ILL/ILLTP-SYJ-cbn,,,SYJ202+1.020.p,intuitionistic,auto,1,false,,5,0,3,,unknown,recursion_limit,,two-sided,ILL,26835,40,120.132,8191,0,4095,0,0,0,16384,120.000,0.101,auto,30
lltp,ILL/ILLTP-SYJ-cbn,,,SYJ208+1.010.p,intuitionistic,auto,1,false,,5,0,3,unprovable,unknown,timeout,,two-sided,ILL,3781,10,5297.963,5892672,3491778,1048576,0,0,0,16384,5270.000,5.876,auto,30
lltp,ILL/ILLTP-SYJ-cbn,,,SYJ208+1.011.p,intuitionistic,auto,1,false,,5,0,3,unprovable,unknown,timeout,,two-sided,ILL,4929,22,5213.923,5275456,3269356,1048576,0,0,0,16384,5190.000,5.394,auto,30
lltp,ILL/ILLTP-SYJ-cbn,,,SYJ208+1.012.p,intuitionistic,auto,1,false,,5,0,3,unprovable,unknown,timeout,,two-sided,ILL,6289,24,5065.893,4580288,3068940,1048576,0,0,0,16384,5050.000,5.485,auto,30
lltp,ILL/ILLTP-SYJ-cbn,,,SYJ208+1.013.p,intuitionistic,auto,1,false,,5,0,3,unprovable,unknown,timeout,,two-sided,ILL,7879,26,5314.082,4253888,3068127,947152,0,0,0,16384,5280.000,6.000,auto,30
lltp,ILL/ILLTP-SYJ-cbn,,,SYJ208+1.014.p,intuitionistic,auto,1,false,,5,0,3,unprovable,unknown,timeout,,two-sided,ILL,9717,28,5667.696,3334080,2218783,917508,0,0,0,16384,5630.000,6.030,auto,30
lltp,ILL/ILLTP-SYJ-cbn,,,SYJ208+1.015.p,intuitionistic,auto,1,false,,5,0,3,unprovable,unknown,timeout,,two-sided,ILL,11821,30,5383.571,3101056,2043413,896444,0,0,0,16384,5360.000,5.563,auto,30
lltp,ILL/ILLTP-SYJ-cbn,,,SYJ208+1.016.p,intuitionistic,auto,1,false,,5,0,3,unprovable,unknown,timeout,,two-sided,ILL,14209,32,5385.742,2558720,1652591,797752,0,0,0,16384,5370.000,4.899,auto,30
lltp,ILL/ILLTP-SYJ-cbn,,,SYJ208+1.017.p,intuitionistic,auto,1,false,,5,0,3,unprovable,unknown,timeout,,two-sided,ILL,16899,34,5327.364,1951552,1179197,692525,0,0,0,16384,5310.000,5.419,auto,30
lltp,ILL/ILLTP-SYJ-cbn,,,SYJ208+1.018.p,intuitionistic,auto,1,false,,5,0,3,,unknown,timeout,,two-sided,ILL,19909,36,5361.346,1507200,761766,672521,0,0,0,16384,5330.000,6.088,auto,30
lltp,ILL/ILLTP-SYJ-cbn,,,SYJ208+1.019.p,intuitionistic,auto,1,false,,5,0,3,,unknown,timeout,,two-sided,ILL,23257,38,5392.116,1299264,635606,604530,0,0,0,16384,5380.000,6.356,auto,30
lltp,ILL/ILLTP-SYJ-cbn,,,SYJ208+1.020.p,intuitionistic,auto,1,false,,5,0,3,,unknown,recursion_limit,,two-sided,ILL,26961,40,127.492,8191,0,4095,0,0,0,16384,130.000,0.132,auto,30
lltp,ILL/ILLTP-SYJ-cbv,,,SYJ202+1.010.p,intuitionistic,auto,1,false,,5,0,3,,unknown,timeout,,two-sided,ILL,3618,10,5271.975,5242944,0,1048576,1748014,0,0,16384,5240.000,7.282,auto,30
lltp,ILL/ILLTP-SYJ-cbv,,,SYJ202+1.011.p,intuitionistic,auto,1,false,,5,0,3,,unknown,timeout,,two-sided,ILL,4739,22,5062.546,4348736,0,1048576,1450062,0,0,16384,5040.000,6.168,auto,30
lltp,ILL/ILLTP-SYJ-cbv,,,SYJ202+1.012.p,intuitionistic,auto,1,false,,5,0,3,,unknown,timeout,,two-sided,ILL,6070,24,5270.054,3975872,0,1048576,1325914,0,0,16384,5250.000,6.296,auto,30
lltp,ILL/ILLTP-SYJ-cbv,,,SYJ202+1.013.p,intuitionistic,auto,1,false,,5,0,3,,unknown,timeout,,two-sided,ILL,7629,26,5127.476,3145792,0,1048576,1049386,0,0,16384,5100.000,7.763,auto,30
lltp,ILL/ILLTP-SYJ-cbv,,,SYJ202+1.014.p,intuitionistic,auto,1,false,,5,0,3,,unknown,timeout,,two-sided,ILL,9434,28,5234.482,2432192,0,1048576,811710,0,0,16384,5210.000,8.269,auto,30
lltp,ILL/ILLTP-SYJ-cbv,,,SYJ202+1.015.p,intuitionistic,auto,1,false,,5,0,3,,unknown,timeout,,two-sided,ILL,11503,30,5392.754,2097216,0,1048576,700272,0,0,16384,5370.000,8.606,auto,30
lltp,ILL/ILLTP-SYJ-cbv,,,SYJ202+1.016.p,intuitionistic,auto,1,false,,5,0,3,,unknown,timeout,,two-sided,ILL,13854,32,5287.632,1590592,0,1048576,531648,0,0,16384,5270.000,10.608,auto,30
lltp,ILL/ILLTP-SYJ-cbv,,,SYJ202+1.017.p,intuitionistic,auto,1,false,,5,0,3,,unknown,timeout,,two-sided,ILL,16505,34,5182.409,1131392,0,1048576,378864,0,0,16384,5160.000,9.936,auto,30
lltp,ILL/ILLTP-SYJ-cbv,,,SYJ202+1.018.p,intuitionistic,auto,1,false,,5,0,3,,unknown,timeout,,two-sided,ILL,19474,36,5582.170,1029312,0,1029308,345156,0,0,16384,5550.000,13.535,auto,30
lltp,ILL/ILLTP-SYJ-cbv,,,SYJ202+1.019.p,intuitionistic,auto,1,false,,5,0,3,,unknown,timeout,,two-sided,ILL,22779,38,5732.166,917568,0,917565,308262,0,0,16384,5700.000,13.221,auto,30
lltp,ILL/ILLTP-SYJ-cbv,,,SYJ202+1.020.p,intuitionistic,auto,1,false,,5,0,3,,unknown,timeout,,two-sided,ILL,26438,40,6529.422,917568,0,917564,308656,0,0,16384,6510.000,11.737,auto,30
lltp,ILL/ILLTP-SYJ-cbv,,,SYJ208+1.010.p,intuitionistic,auto,1,false,,5,0,3,unprovable,unknown,timeout,,two-sided,ILL,3684,10,5300.053,5151232,0,1048576,1717444,0,0,16384,5270.000,6.658,auto,30
lltp,ILL/ILLTP-SYJ-cbv,,,SYJ208+1.011.p,intuitionistic,auto,1,false,,5,0,3,unprovable,unknown,timeout,,two-sided,ILL,4811,22,5033.132,4238208,0,1048576,1413220,0,0,16384,5010.000,6.873,auto,30
lltp,ILL/ILLTP-SYJ-cbv,,,SYJ208+1.012.p,intuitionistic,auto,1,false,,5,0,3,unprovable,unknown,timeout,,two-sided,ILL,6148,24,5247.426,3904000,0,1048576,1301957,0,0,16384,5220.000,7.070,auto,30
lltp,ILL/ILLTP-SYJ-cbv,,,SYJ208+1.013.p,intuitionistic,auto,1,false,,5,0,3,unprovable,unknown,timeout,,two-sided,ILL,7713,26,5123.308,3145792,0,1048576,1049386,0,0,16384,5100.000,7.350,auto,30
lltp,ILL/ILLTP-SYJ-cbv,,,SYJ208+1.014.p,intuitionistic,auto,1,false,,5,0,3,unprovable,unknown,timeout,,two-sided,ILL,9524,28,5219.269,2382272,0,1048576,795070,0,0,16384,5190.000,7.229,auto,30
lltp,ILL/ILLTP-SYJ-cbv,,,SYJ208+1.015.p,intuitionistic,auto,1,false,,5,0,3,unprovable,unknown,timeout,,two-sided,ILL,11599,30,5372.097,2090432,0,1048576,698010,0,0,16384,5350.000,8.181,auto,30
lltp,ILL/ILLTP-SYJ-cbv,,,SYJ208+1.016.p,intuitionistic,auto,1,false,,5,0,3,unprovable,unknown,timeout,,two-sided,ILL,13956,32,5225.492,1608000,0,1048576,537450,0,0,16384,5200.000,10.424,auto,30
lltp,ILL/ILLTP-SYJ-cbv,,,SYJ208+1.017.p,intuitionistic,auto,1,false,,5,0,3,unprovable,unknown,timeout,,two-sided,ILL,16613,34,5084.960,1166144,0,1048576,390448,0,0,16384,5070.000,9.048,auto,30
lltp,ILL/ILLTP-SYJ-cbv,,,SYJ208+1.018.p,intuitionistic,auto,1,false,,5,0,3,,unknown,timeout,,two-sided,ILL,19588,36,5495.997,994048,0,994044,333401,0,0,16384,5470.000,12.077,auto,30
lltp,ILL/ILLTP-SYJ-cbv,,,SYJ208+1.019.p,intuitionistic,auto,1,false,,5,0,3,,unknown,timeout,,two-sided,ILL,22899,38,5905.789,917568,0,917565,308262,0,0,16384,5880.000,13.038,auto,30
lltp,ILL/ILLTP-SYJ-cbv,,,SYJ208+1.020.p,intuitionistic,auto,1,false,,5,0,3,,unknown,timeout,,two-sided,ILL,26564,40,6461.829,917568,0,917564,308656,0,0,16384,6430.000,11.113,auto,30
lltp,ILL/petri-nets/MCC,,,ARMCacheCoherence_1_1.p,intuitionistic,auto,1,false,,5,0,3,provable,proved,,ok,two-sided,IMELL,493894,14998,42.202,6,0,3,5589,0,0,16384,40.000,0.672,auto,30
lltp,ILL/petri-nets/MCC,,,ARMCacheCoherence_20_1.p,intuitionistic,auto,1,false,,5,0,3,provable,unknown,timeout,,two-sided,IMELL,493894,14998,5207.395,451,0,445,2561616,0,0,16384,5200.000,109.458,auto,30
lltp,ILL/petri-nets/MCC,,,ARMCacheCoherence_50_1.p,intuitionistic,auto,1,false,,5,0,3,provable,unknown,timeout,,two-sided,IMELL,493894,14998,5062.735,148858,138476,10374,381392,0,0,16384,5040.000,531.490,auto,30
lltp,ILL/petri-nets/MCC,,,ARMCacheCoherence_5_1.p,intuitionistic,auto,1,false,,5,0,3,provable,unknown,timeout,,two-sided,IMELL,493894,14998,5032.451,162164,154911,7245,412694,0,0,16384,5020.000,452.144,auto,30
lltp,ILL/petri-nets/MCC,,,AirplaneLD-pt-0500_1_1.p,intuitionistic,auto,1,false,,5,0,3,provable,proved,,ok,two-sided,IMELL,36586,1250,14.808,4,0,2,12439,0,0,16384,20.000,0.976,auto,30
lltp,ILL/petri-nets/MCC,,,AirplaneLD-pt-0500_20_1.p,intuitionistic,auto,1,false,,5,0,3,provable,unknown,timeout,,two-sided,IMELL,36582,1250,5049.366,2007,0,2005,38403392,0,0,16384,5040.000,505.505,auto,30
lltp,ILL/petri-nets/MCC,,,AirplaneLD-pt-0500_5_1.p,intuitionistic,auto,1,false,,5,0,3,provable,unknown,timeout,,two-sided,IMELL,36586,1250,5013.950,2007,0,2005,136285719,0,0,16384,5000.000,1230.105,auto,30
lltp,ILL/petri-nets/MCC,,,AirplaneLD-pt-1000_1_1.p,intuitionistic,auto,1,false,,5,0,3,provable,proved,,ok,two-sided,IMELL,73086,2500,48.024,4,0,2,13671,0,0,16384,50.000,1.429,auto,30
lltp,ILL/petri-nets/MCC,,,AirplaneLD-pt-1000_20_1.p,intuitionistic,auto,1,false,,5,0,3,provable,unknown,timeout,,two-sided,IMELL,73082,2500,5077.943,4007,0,4005,16686704,0,0,16384,5070.000,395.996,auto,30
lltp,ILL/petri-nets/MCC,,,AirplaneLD-pt-1000_5_1.p,intuitionistic,auto,1,false,,5,0,3,provable,unknown,timeout,,two-sided,IMELL,73086,2500,5011.487,4007,0,4005,73608996,0,0,16384,5000.000,606.160,auto,30
lltp,ILL/petri-nets/MCC,,,AirplaneLD-pt-2000_1_1.p,intuitionistic,auto,1,false,,5,0,3,provable,proved,,ok,two-sided,IMELL,146086,5000,179.204,4,0,2,15200,0,0,16384,180.000,1.895,auto,30
lltp,ILL/petri-nets/MCC,,,AirplaneLD-pt-2000_20_1.p,intuitionistic,auto,1,false,,5,0,3,provable,unknown,timeout,,two-sided,IMELL,146082,5000,5039.869,1878,0,1875,5769453,0,0,16384,5040.000,204.034,auto,30
lltp,ILL/petri-nets/MCC,,,AirplaneLD-pt-2000_5_1.p,intuitionistic,auto,1,false,,5,0,3,provable,unknown,timeout,,two-sided,IMELL,146086,5000,5026.737,6998,0,6995,20787980,0,0,16384,5020.000,490.622,auto,30
lltp,ILL/petri-nets/MCC,,,AirplaneLD-pt-4000_1_1.p,intuitionistic,auto,1,false,,5,0,,,unknown,crash (signal: 6 (SIGABRT) (core dumped)): note: run with `RUST_BACKTRACE=1` environment variable to display a backtrace,,,,,,5163.082,,,,,,,,,,auto,30
lltp,ILL/petri-nets/MCC,,,AirplaneLD-pt-4000_20_1.p,intuitionistic,auto,1,false,,5,0,3,provable,unknown,timeout,,two-sided,IMELL,292082,10000,5264.477,448,0,445,2748744,0,0,16384,5260.000,85.712,auto,30
lltp,ILL/petri-nets/MCC,,,AirplaneLD-pt-4000_5_1.p,intuitionistic,auto,1,false,,5,0,3,provable,unknown,timeout,,two-sided,IMELL,292086,10000,5027.758,1504,0,1501,8910938,0,0,16384,5020.000,254.623,auto,30
lltp,ILL/petri-nets/MCC,,,AutoFlight_afcs_24_b_100_1.p,intuitionistic,auto,1,false,,5,0,3,provable,unknown,timeout,,two-sided,IMELL,10428,27,5006.541,5684686,5650684,22093,41643370,0,0,16384,4990.000,177.246,auto,30
lltp,ILL/petri-nets/MCC,,,AutoFlight_afcs_24_b_10_1.p,intuitionistic,auto,1,false,,5,0,3,provable,unknown,timeout,,two-sided,IMELL,10384,27,5005.297,5339871,5307336,21174,39571279,0,0,16384,4990.000,178.673,auto,30
lltp,ILL/petri-nets/MCC,,,AutoFlight_afcs_24_b_1_1.p,intuitionistic,auto,1,false,,5,0,3,provable,proved,,ok,two-sided,IMELL,10374,26,0.759,2,0,1,1,0,0,16384,0.000,0.017,auto,30
lltp,ILL/petri-nets/MCC,,,AutoFlight_afcs_24_b_20_1.p,intuitionistic,auto,1,false,,5,0,3,provable,unknown,timeout,,two-sided,IMELL,10384,27,5004.910,5325158,5292652,21170,39483985,0,0,16384,4990.000,176.798,auto,30
lltp,ILL/petri-nets/MCC,,,AutoFlight_afcs_24_b_50_1.p,intuitionistic,auto,1,false,,5,0,3,provable,unknown,timeout,,two-sided,IMELL,10428,27,5005.062,5674837,5640871,22075,41572457,0,0,16384,4990.000,179.162,auto,30
lltp,ILL/petri-nets/MCC,,,AutoFlight_afcs_24_b_5_1.p,intuitionistic,auto,1,false,,5,0,3,provable,proved,,ok,two-sided,IMELL,10380,27,1120.048,993048,987657,2394,8376285,0,0,16384,1110.000,186.292,auto,30
lltp,ILL/petri-nets/MCC,,,AutoFlight_afcs_48_b_100_1.p,intuitionistic,auto,1,false,,5,0,3,provable,unknown,timeout,,two-sided,IMELL,18316,53,5001.750,3255876,3243398,6851,27974527,0,0,16384,4990.000,634.960,auto,30
lltp,ILL/petri-nets/MCC,,,AutoFlight_afcs_48_b_10_1.p,intuitionistic,auto,1,false,,5,0,3,provable,unknown,timeout,,two-sided,IMELL,18218,53,5001.926,2995753,2983372,6697,27970737,0,0,16384,4980.000,656.693,auto,30
lltp,ILL/petri-nets/MCC,,,AutoFlight_afcs_48_b_1_1.p,intuitionistic,auto,1,false,,5,0,3,provable,proved,,ok,two-sided,IMELL,18210,52,1.420,2,0,1,1,0,0,16384,0.000,0.022,auto,30
lltp,ILL/petri-nets/MCC,,,AutoFlight_afcs_48_b_20_1.p,intuitionistic,auto,1,false,,5,0,3,provable,unknown,timeout,,two-sided,IMELL,18246,53,5001.899,3161946,3149302,6757,29030335,0,0,16384,4990.000,638.200,auto,30
lltp,ILL/petri-nets/MCC,,,AutoFlight_afcs_48_b_50_1.p,intuitionistic,auto,1,false,,5,0,3,provable,unknown,timeout,,two-sided,IMELL,18306,53,5001.944,3244038,3231503,6877,28110250,0,0,16384,4990.000,648.997,auto,30
lltp,ILL/petri-nets/MCC,,,AutoFlight_afcs_48_b_5_1.p,intuitionistic,auto,1,false,,5,0,3,provable,proved,,ok,two-sided,IMELL,18214,52,4289.950,2543602,2535088,3710,23378137,0,0,16384,4280.000,664.317,auto,30
lltp,ILL/petri-nets/MCC,,,AutoFlight_afcs_96_a_100_1.p,intuitionistic,auto,1,false,,5,0,3,provable,unknown,timeout,,two-sided,IMELL,14854,105,5118.306,245108,1,245100,104113496,0,0,16384,5090.000,1400.219,auto,30
lltp,ILL/petri-nets/MCC,,,AutoFlight_afcs_96_a_1_1.p,intuitionistic,auto,1,false,,5,0,3,provable,proved,,ok,two-sided,IMELL,14854,105,1.008,3,0,2,515,0,0,16384,0.000,0.015,auto,30
lltp,ILL/petri-nets/MCC,,,AutoFlight_afcs_96_a_20_1.p,intuitionistic,auto,1,false,,5,0,3,provable,unknown,timeout,,two-sided,IMELL,14854,105,5121.909,251434,1,251426,106915568,0,0,16384,5110.000,1454.406,auto,30
lltp,ILL/petri-nets/MCC,,,AutoFlight_afcs_96_a_50_1.p,intuitionistic,auto,1,false,,5,0,3,provable,unknown,timeout,,two-sided,IMELL,14854,105,5118.909,246536,1,246528,104792225,0,0,16384,5100.000,1386.386,auto,30
lltp,ILL/petri-nets/MCC,,,AutoFlight_afcs_96_a_5_1.p,intuitionistic,auto,1,false,,5,0,3,provable,unknown,timeout,,two-sided,IMELL,14854,105,5113.803,240433,1,240425,102254852,0,0,16384,5100.000,1205.133,auto,30
lltp,ILL/petri-nets/MCC,,,AutoFlight_afcs_96_b_100_1.p,intuitionistic,auto,1,false,,5,0,3,provable,unknown,timeout,,two-sided,IMELL,36582,105,5004.815,1726392,1719348,5074,17255123,0,0,16384,4990.000,735.393,auto,30
lltp,ILL/petri-nets/MCC,,,AutoFlight_afcs_96_b_10_1.p,intuitionistic,auto,1,false,,5,0,3,provable,unknown,timeout,,two-sided,IMELL,36410,105,5004.576,1648130,1641365,4839,17036530,0,0,16384,4990.000,806.015,auto,30
lltp,ILL/petri-nets/MCC,,,AutoFlight_afcs_96_b_1_1.p,intuitionistic,auto,1,false,,5,0,3,provable,proved,,ok,two-sided,IMELL,36402,104,2.795,2,0,1,1,0,0,16384,10.000,0.045,auto,30
lltp,ILL/petri-nets/MCC,,,AutoFlight_afcs_96_b_20_1.p,intuitionistic,auto,1,false,,5,0,3,provable,unknown,timeout,,two-sided,IMELL,36422,105,5005.238,1651926,1645159,4834,17089240,0,0,16384,4990.000,751.930,auto,30
lltp,ILL/petri-nets/MCC,,,AutoFlight_afcs_96_b_50_1.p,intuitionistic,auto,1,false,,5,0,3,provable,unknown,timeout,,two-sided,IMELL,36482,105,5004.973,1703864,1696978,4924,17324110,0,0,16384,5000.000,743.205,auto,30
lltp,ILL/petri-nets/MCC,,,AutoFlight_afcs_96_b_5_1.p,intuitionistic,auto,1,false,,5,0,3,provable,unknown,timeout,,two-sided,IMELL,36408,105,5004.379,1659642,1652868,4839,17134581,0,0,16384,4990.000,813.069,auto,30
lltp,ILL/petri-nets/MCC,,,BART-002-unf_1_1.p,intuitionistic,auto,1,false,,5,0,3,provable,proved,,ok,two-sided,IMELL,29342,391,2.496,3,0,2,835,0,0,16384,0.000,0.025,auto,30
lltp,ILL/petri-nets/MCC,,,BART-002-unf_20_1.p,intuitionistic,auto,1,false,,5,0,3,provable,proved,,ok,two-sided,IMELL,29342,391,171.462,3141,1296,1769,2673788,0,0,16384,160.000,38.440,auto,30
lltp,ILL/petri-nets/MCC,,,BART-002-unf_5_1.p,intuitionistic,auto,1,false,,5,0,3,provable,proved,,ok,two-sided,IMELL,29342,391,332.066,3183,1333,1770,2918926,0,0,16384,330.000,54.744,auto,30
lltp,ILL/petri-nets/MCC,,,BART-005-unf_1_1.p,intuitionistic,auto,1,false,,5,0,3,provable,proved,,ok,two-sided,IMELL,71726,976,6.588,4,0,2,9313,0,0,16384,0.000,0.963,auto,30
lltp,ILL/petri-nets/MCC,,,BART-005-unf_20_1.p,intuitionistic,auto,1,false,,5,0,3,provable,unknown,timeout,,two-sided,IMELL,71726,976,5033.289,64280,29406,34372,36300983,0,0,16384,5020.000,672.398,auto,30
lltp,ILL/petri-nets/MCC,,,BART-005-unf_50_1.p,intuitionistic,auto,1,false,,5,0,3,provable,unknown,timeout,,two-sided,IMELL,71726,976,5029.713,70253,30959,38740,56795091,0,0,16384,5020.000,772.148,auto,30
lltp,ILL/petri-nets/MCC,,,BART-005-unf_5_1.p,intuitionistic,auto,1,false,,5,0,3,provable,unknown,timeout,,two-sided,IMELL,71726,976,5033.845,64337,29418,34416,36344180,0,0,16384,5030.000,642.732,auto,30
lltp,ILL/petri-nets/MCC,,,BART-010-unf_100_1.p,intuitionistic,auto,1,false,,5,0,3,provable,unknown,timeout,,two-sided,IMELL,142366,1951,5042.160,17061,900,16107,38208992,0,0,16384,5030.000,426.481,auto,30
lltp,ILL/petri-nets/MCC,,,BART-010-unf_1_1.p,intuitionistic,auto,1,false,,5,0,3,provable,proved,,ok,two-sided,IMELL,142366,1951,13.330,4,0,2,4507,0,0,16384,20.000,1.158,auto,30
lltp,ILL/petri-nets/MCC,,,BART-010-unf_20_1.p,intuitionistic,auto,1,false,,5,0,3,provable,unknown,timeout,,two-sided,IMELL,142366,1951,5037.213,18035,1035,16943,27689699,0,0,16384,5020.000,356.965,auto,30
lltp,ILL/petri-nets/MCC,,,BART-010-unf_50_1.p,intuitionistic,auto,1,false,,5,0,3,provable,unknown,timeout,,two-sided,IMELL,142366,1951,5042.721,18196,1035,17104,35784288,0,0,16384,5030.000,412.209,auto,30
lltp,ILL/petri-nets/MCC,,,BART-010-unf_5_1.p,intuitionistic,auto,1,false,,5,0,3,provable,unknown,timeout,,two-sided,IMELL,142366,1951,5039.673,18179,1035,17087,27946088,0,0,16384,5030.000,352.776,auto,30
lltp,ILL/petri-nets/MCC,,,BART-020-unf_100_1.p,intuitionistic,auto,1,false,,5,0,3,provable,unknown,timeout,,two-sided,IMELL,283646,3901,5043.912,5035,0,5024,15601730,0,0,16384,5040.000,479.430,auto,30
lltp,ILL/petri-nets/MCC,,,BART-020-unf_1_1.p,intuitionistic,auto,1,false,,5,0,3,provable,proved,,ok,two-sided,IMELL,283646,3901,28.134,4,0,2,4453,0,0,16384,20.000,2.704,auto,30
lltp,ILL/petri-nets/MCC,,,BART-020-unf_20_1.p,intuitionistic,auto,1,false,,5,0,3,provable,unknown,timeout,,two-sided,IMELL,283646,3901,5053.015,8278,0,8263,17515915,0,0,16384,5040.000,427.167,auto,30
lltp,ILL/petri-nets/MCC,,,BART-020-unf_50_1.p,intuitionistic,auto,1,false,,5,0,3,provable,unknown,timeout,,two-sided,IMELL,283646,3901,5051.066,8235,0,8220,17428177,0,0,16384,5040.000,457.644,auto,30
lltp,ILL/petri-nets/MCC,,,BART-020-unf_5_1.p,intuitionistic,auto,1,false,,5,0,3,provable,unknown,timeout,,two-sided,IMELL,283646,3901,5051.785,8278,0,8263,17554149,0,0,16384,5050.000,411.807,auto,30
lltp,ILL/petri-nets/MCC,,,BART-030-unf_100_1.p,intuitionistic,auto,1,false,,5,0,3,provable,unknown,timeout,,two-sided,IMELL,424926,5851,5058.371,3299,3,3289,13761634,0,0,16384,5050.000,425.374,auto,30
lltp,ILL/petri-nets/MCC,,,BART-030-unf_1_1.p,intuitionistic,auto,1,false,,5,0,3,provable,proved,,ok,two-sided,IMELL,424926,5851,45.901,4,0,2,8589,0,0,16384,50.000,0.121,auto,30
lltp,ILL/petri-nets/MCC,,,BART-030-unf_20_1.p,intuitionistic,auto,1,false,,5,0,3,provable,unknown,timeout,,two-sided,IMELL,424926,5851,5045.683,3267,3,3257,13653633,0,0,16384,5040.000,448.345,auto,30
lltp,ILL/petri-nets/MCC,,,BART-030-unf_50_1.p,intuitionistic,auto,1,false,,5,0,3,provable,unknown,timeout,,two-sided,IMELL,424926,5851,5038.000,3267,3,3257,13628571,0,0,16384,5030.000,433.184,auto,30
lltp,ILL/petri-nets/MCC,,,BART-030-unf_5_1.p,intuitionistic,auto,1,false,,5,0,3,provable,unknown,timeout,,two-sided,IMELL,424926,5851,5047.081,3267,3,3257,13665008,0,0,16384,5030.000,442.481,auto,30
lltp,ILL/petri-nets/MCC,,,BART-040-unf_100_1.p,intuitionistic,auto,1,false,,5,0,3,provable,unknown,timeout,,two-sided,IMELL,566206,7801,5066.639,2337,0,2332,9730622,0,0,16384,5050.000,560.794,auto,30
lltp,ILL/petri-nets/MCC,,,BART-040-unf_1_1.p,intuitionistic,auto,1,false,,5,0,,,unknown,crash (signal: 6 (SIGABRT) (core dumped)): note: run with `RUST_BACKTRACE=1` environment variable to display a backtrace,,,,,,4399.770,,,,,,,,,,auto,30
lltp,ILL/petri-nets/MCC,,,BART-040-unf_20_1.p,intuitionistic,auto,1,false,,5,0,3,provable,unknown,timeout,,two-sided,IMELL,566206,7801,5069.380,2337,0,2332,9765005,0,0,16384,5060.000,557.857,auto,30
lltp,ILL/petri-nets/MCC,,,BART-040-unf_50_1.p,intuitionistic,auto,1,false,,5,0,3,provable,unknown,timeout,,two-sided,IMELL,566206,7801,5036.069,2337,0,2332,9730624,0,0,16384,5020.000,541.022,auto,30
lltp,ILL/petri-nets/MCC,,,BART-040-unf_5_1.p,intuitionistic,auto,1,false,,5,0,3,provable,unknown,timeout,,two-sided,IMELL,566206,7801,5053.108,2337,0,2332,9774490,0,0,16384,5040.000,568.814,auto,30
lltp,ILL/petri-nets/MCC,,,BART-050-unf_100_1.p,intuitionistic,auto,1,false,,5,0,3,provable,unknown,timeout,,two-sided,IMELL,707486,9751,5030.997,1729,0,1726,7113793,0,0,16384,5020.000,600.141,auto,30
lltp,ILL/petri-nets/MCC,,,BART-050-unf_1_1.p,intuitionistic,auto,1,false,,5,0,,,unknown,crash (signal: 6 (SIGABRT) (core dumped)): note: run with `RUST_BACKTRACE=1` environment variable to display a backtrace,,,,,,4602.454,,,,,,,,,,auto,30
lltp,ILL/petri-nets/MCC,,,BART-050-unf_20_1.p,intuitionistic,auto,1,false,,5,0,3,provable,unknown,timeout,,two-sided,IMELL,707486,9751,5104.493,1761,0,1758,7282163,0,0,16384,5100.000,587.874,auto,30
lltp,ILL/petri-nets/MCC,,,BART-050-unf_50_1.p,intuitionistic,auto,1,false,,5,0,3,provable,unknown,timeout,,two-sided,IMELL,707486,9751,5027.182,1729,0,1726,7113794,0,0,16384,5020.000,596.202,auto,30
lltp,ILL/petri-nets/MCC,,,BART-050-unf_5_1.p,intuitionistic,auto,1,false,,5,0,3,provable,unknown,timeout,,two-sided,IMELL,707486,9751,5063.390,1729,0,1726,7155942,0,0,16384,5050.000,613.596,auto,30
lltp,ILL/petri-nets/MCC,,,BART-060-unf_100_1.p,intuitionistic,auto,1,false,,5,0,3,provable,unknown,timeout,,two-sided,IMELL,848766,11701,5092.618,1345,0,1342,5565018,0,0,16384,5070.000,499.921,auto,30
lltp,ILL/petri-nets/MCC,,,BART-060-unf_1_1.p,intuitionistic,auto,1,false,,5,0,,,unknown,crash (signal: 6 (SIGABRT) (core dumped)): note: run with `RUST_BACKTRACE=1` environment variable to display a backtrace,,,,,,4797.745,,,,,,,,,,auto,30
lltp,ILL/petri-nets/MCC,,,BART-060-unf_20_1.p,intuitionistic,auto,1,false,,5,0,3,provable,unknown,timeout,,two-sided,IMELL,848766,11701,5079.928,1345,0,1342,5600470,0,0,16384,5070.000,503.376,auto,30
lltp,ILL/petri-nets/MCC,,,BART-060-unf_50_1.p,intuitionistic,auto,1,false,,5,0,3,provable,unknown,timeout,,two-sided,IMELL,848766,11701,5110.128,1345,0,1342,5577199,0,0,16384,5100.000,527.956,auto,30
lltp,ILL/petri-nets/MCC,,,BART-060-unf_5_1.p,intuitionistic,auto,1,false,,5,0,3,provable,unknown,timeout,,two-sided,IMELL,848766,11701,5086.040,1345,0,1342,5604619,0,0,16384,5080.000,503.607,auto,30
lltp,ILL/petri-nets/MCC,,,BridgeAndVehicles-V20-P10-N50-unfolded_100_1.p,intuitionistic,auto,1,false,,5,0,3,provable,unknown,timeout,,two-sided,IMELL,34662,2043,5022.068,44259,7929,31785,10562378,0,0,16384,5010.000,281.513,auto,30
lltp,ILL/petri-nets/MCC,,,BridgeAndVehicles-V20-P10-N50-unfolded_10_1.p,intuitionistic,auto,1,false,,5,0,3,provable,proved,,ok,two-sided,IMELL,34666,2043,1299.592,3045,1397,713,3096571,0,0,16384,1290.000,129.559,auto,30
lltp,ILL/petri-nets/MCC,,,BridgeAndVehicles-V20-P10-N50-unfolded_1_1.p,intuitionistic,auto,1,false,,5,0,3,provable,proved,,ok,two-sided,IMELL,34666,2043,2.021,3,0,2,300,0,0,16384,0.000,0.025,auto,30
lltp,ILL/petri-nets/MCC,,,BridgeAndVehicles-V20-P10-N50-unfolded_20_1.p,intuitionistic,auto,1,false,,5,0,3,provable,unknown,timeout,,two-sided,IMELL,34666,2043,5012.255,12773,6407,2620,12099345,0,0,16384,4990.000,558.607,auto,30
lltp,ILL/petri-nets/MCC,,,BridgeAndVehicles-V20-P10-N50-unfolded_50_1.p,intuitionistic,auto,1,false,,5,0,3,provable,unknown,timeout,,two-sided,IMELL,34652,2043,5028.864,44209,7919,31751,10552554,0,0,16384,5010.000,303.105,auto,30
lltp,ILL/petri-nets/MCC,,,BridgeAndVehicles-V20-P10-N50-unfolded_5_1.p,intuitionistic,auto,1,false,,5,0,3,provable,proved,,ok,two-sided,IMELL,34666,2043,45.658,106,31,37,114808,0,0,16384,40.000,6.935,auto,30
lltp,ILL/petri-nets/MCC,,,BridgeAndVehicles-V20-P20-N50-unfolded_100_1.p,intuitionistic,auto,1,false,,5,0,3,provable,unknown,timeout,,two-sided,IMELL,34782,2043,5018.582,41906,7092,30751,9490961,0,0,16384,5000.000,284.223,auto,30
lltp,ILL/petri-nets/MCC,,,BridgeAndVehicles-V20-P20-N50-unfolded_10_1.p,intuitionistic,auto,1,false,,5,0,3,provable,proved,,ok,two-sided,IMELL,34786,2043,1429.546,3045,1397,713,3179607,0,0,16384,1420.000,138.512,auto,30
lltp,ILL/petri-nets/MCC,,,BridgeAndVehicles-V20-P20-N50-unfolded_1_1.p,intuitionistic,auto,1,false,,5,0,3,provable,proved,,ok,two-sided,IMELL,34786,2043,2.064,3,0,2,310,0,0,16384,0.000,0.045,auto,30
lltp,ILL/petri-nets/MCC,,,BridgeAndVehicles-V20-P20-N50-unfolded_20_1.p,intuitionistic,auto,1,false,,5,0,3,provable,unknown,timeout,,two-sided,IMELL,34786,2043,5030.463,11566,5768,2385,11280443,0,0,16384,5020.000,560.504,auto,30
lltp,ILL/petri-nets/MCC,,,BridgeAndVehicles-V20-P20-N50-unfolded_50_1.p,intuitionistic,auto,1,false,,5,0,3,provable,unknown,timeout,,two-sided,IMELL,34772,2043,5022.201,42025,7108,30841,9510089,0,0,16384,5010.000,285.502,auto,30
lltp,ILL/petri-nets/MCC,,,BridgeAndVehicles-V20-P20-N50-unfolded_5_1.p,intuitionistic,auto,1,false,,5,0,3,provable,proved,,ok,two-sided,IMELL,34786,2043,48.739,106,31,37,114795,0,0,16384,50.000,8.660,auto,30
lltp,ILL/petri-nets/MCC,,,BridgeAndVehicles-V50-P20-N20-unfolded_100_1.p,intuitionistic,auto,1,false,,5,0,3,provable,unknown,timeout,,two-sided,IMELL,36800,2103,5016.996,32879,4431,25789,6983902,0,0,16384,5010.000,260.813,auto,30
lltp,ILL/petri-nets/MCC,,,BridgeAndVehicles-V50-P20-N20-unfolded_10_1.p,intuitionistic,auto,1,false,,5,0,3,provable,proved,,ok,two-sided,IMELL,36826,2103,2141.982,3049,1396,717,3759253,0,0,16384,2130.000,225.033,auto,30
lltp,ILL/petri-nets/MCC,,,BridgeAndVehicles-V50-P20-N20-unfolded_1_1.p,intuitionistic,auto,1,false,,5,0,3,provable,proved,,ok,two-sided,IMELL,36826,2103,2.490,3,0,2,1444,0,0,16384,0.000,0.041,auto,30
lltp,ILL/petri-nets/MCC,,,BridgeAndVehicles-V50-P20-N20-unfolded_20_1.p,intuitionistic,auto,1,false,,5,0,3,provable,unknown,timeout,,two-sided,IMELL,36826,2103,5021.214,7228,3513,1572,8299144,0,0,16384,5010.000,485.005,auto,30
lltp,ILL/petri-nets/MCC,,,BridgeAndVehicles-V50-P20-N20-unfolded_50_1.p,intuitionistic,auto,1,false,,5,0,3,provable,unknown,timeout,,two-sided,IMELL,36824,2103,5025.929,32808,4420,25735,7068352,0,0,16384,5020.000,263.085,auto,30
lltp,ILL/petri-nets/MCC,,,BridgeAndVehicles-V50-P20-N20-unfolded_5_1.p,intuitionistic,auto,1,false,,5,0,3,provable,proved,,ok,two-sided,IMELL,36826,2103,75.067,106,31,37,146510,0,0,16384,70.000,12.415,auto,30
lltp,ILL/petri-nets/MCC,,,BridgeAndVehicles-V50-P20-N50-unfolded_100_1.p,intuitionistic,auto,1,false,,5,0,3,provable,unknown,timeout,,two-sided,IMELL,85280,5103,5015.480,11271,1355,9005,5124034,0,0,16384,5000.000,206.999,auto,30
lltp,ILL/petri-nets/MCC,,,BridgeAndVehicles-V50-P20-N50-unfolded_10_1.p,intuitionistic,auto,1,false,,5,0,3,provable,unknown,timeout,,two-sided,IMELL,85300,5103,5018.253,2653,1213,634,12022335,0,0,16384,5010.000,352.049,auto,30
lltp,ILL/petri-nets/MCC,,,BridgeAndVehicles-V50-P20-N50-unfolded_1_1.p,intuitionistic,auto,1,false,,5,0,3,provable,proved,,ok,two-sided,IMELL,85306,5103,10.083,4,0,2,5775,0,0,16384,10.000,0.080,auto,30
lltp,ILL/petri-nets/MCC,,,BridgeAndVehicles-V50-P20-N50-unfolded_20_1.p,intuitionistic,auto,1,false,,5,0,3,provable,unknown,timeout,,two-sided,IMELL,85294,5103,5014.407,2653,1213,634,12021939,0,0,16384,5010.000,352.233,auto,30
lltp,ILL/petri-nets/MCC,,,BridgeAndVehicles-V50-P20-N50-unfolded_50_1.p,intuitionistic,auto,1,false,,5,0,3,provable,unknown,timeout,,two-sided,IMELL,85304,5103,5037.991,11271,1355,9005,5153100,0,0,16384,5020.000,191.894,auto,30
lltp,ILL/petri-nets/MCC,,,BridgeAndVehicles-V50-P20-N50-unfolded_5_1.p,intuitionistic,auto,1,false,,5,0,3,provable,proved,,ok,two-sided,IMELL,85304,5103,189.854,107,31,38,530077,0,0,16384,190.000,13.685,auto,30
lltp,ILL/petri-nets/MCC,,,BridgeAndVehicles-V50-P50-N20-unfolded_100_1.p,intuitionistic,auto,1,false,,5,0,3,provable,unknown,timeout,,two-sided,IMELL,37160,2103,5015.710,29226,3365,23789,5822364,0,0,16384,5000.000,237.890,auto,30
lltp,ILL/petri-nets/MCC,,,BridgeAndVehicles-V50-P50-N20-unfolded_10_1.p,intuitionistic,auto,1,false,,5,0,3,provable,proved,,ok,two-sided,IMELL,37186,2103,2638.570,3049,1396,717,3949415,0,0,16384,2630.000,241.201,auto,30
lltp,ILL/petri-nets/MCC,,,BridgeAndVehicles-V50-P50-N20-unfolded_1_1.p,intuitionistic,auto,1,false,,5,0,3,provable,proved,,ok,two-sided,IMELL,37186,2103,2.690,3,0,2,1474,0,0,16384,0.000,0.055,auto,30
lltp,ILL/petri-nets/MCC,,,BridgeAndVehicles-V50-P50-N20-unfolded_20_1.p,intuitionistic,auto,1,false,,5,0,3,provable,unknown,timeout,,two-sided,IMELL,37186,2103,5008.016,5867,2801,1307,7198161,0,0,16384,4990.000,444.782,auto,30
lltp,ILL/petri-nets/MCC,,,BridgeAndVehicles-V50-P50-N20-unfolded_50_1.p,intuitionistic,auto,1,false,,5,0,3,provable,unknown,timeout,,two-sided,IMELL,37184,2103,5020.740,29299,3377,23845,5915764,0,0,16384,5010.000,244.177,auto,30
lltp,ILL/petri-nets/MCC,,,BridgeAndVehicles-V50-P50-N20-unfolded_5_1.p,intuitionistic,auto,1,false,,5,0,3,provable,proved,,ok,two-sided,IMELL,37186,2103,90.822,106,31,37,154680,0,0,16384,80.000,6.514,auto,30
lltp,ILL/petri-nets/MCC,,,BridgeAndVehicles-V50-P50-N50-unfolded_100_1.p,intuitionistic,auto,1,false,,5,0,3,provable,unknown,timeout,,two-sided,IMELL,85640,5103,5012.420,9641,1108,7785,4423993,0,0,16384,5010.000,183.427,auto,30
lltp,ILL/petri-nets/MCC,,,BridgeAndVehicles-V50-P50-N50-unfolded_10_1.p,intuitionistic,auto,1,false,,5,0,3,provable,unknown,timeout,,two-sided,IMELL,85660,5103,5043.164,2280,1016,569,10806860,0,0,16384,5030.000,294.006,auto,30
lltp,ILL/petri-nets/MCC,,,BridgeAndVehicles-V50-P50-N50-unfolded_1_1.p,intuitionistic,auto,1,false,,5,0,3,provable,proved,,ok,two-sided,IMELL,85666,5103,10.106,4,0,2,5805,0,0,16384,0.000,0.079,auto,30
lltp,ILL/petri-nets/MCC,,,BridgeAndVehicles-V50-P50-N50-unfolded_20_1.p,intuitionistic,auto,1,false,,5,0,3,provable,unknown,timeout,,two-sided,IMELL,85654,5103,5026.318,2280,1016,569,10806662,0,0,16384,5010.000,312.735,auto,30
lltp,ILL/petri-nets/MCC,,,BridgeAndVehicles-V50-P50-N50-unfolded_50_1.p,intuitionistic,auto,1,false,,5,0,3,provable,unknown,timeout,,two-sided,IMELL,85664,5103,5017.027,9641,1108,7785,4451010,0,0,16384,5010.000,188.893,auto,30
lltp,ILL/petri-nets/MCC,,,BridgeAndVehicles-V50-P50-N50-unfolded_5_1.p,intuitionistic,auto,1,false,,5,0,3,provable,proved,,ok,two-sided,IMELL,85664,5103,218.735,107,31,38,543835,0,0,16384,210.000,14.335,auto,30
lltp,ILL/petri-nets/MCC,,,BridgeAndVehicles-V80-P20-N10-unfolded_100_1.p,intuitionistic,auto,1,false,,5,0,3,provable,unknown,timeout,,two-sided,IMELL,32780,1763,5033.067,34949,3775,28902,6144452,0,0,16384,5010.000,274.049,auto,30
lltp,ILL/petri-nets/MCC,,,BridgeAndVehicles-V80-P20-N10-unfolded_10_1.p,intuitionistic,auto,1,false,,5,0,3,provable,proved,,ok,two-sided,IMELL,32786,1763,2422.243,3049,1395,718,3593095,0,0,16384,2410.000,221.570,auto,30
lltp,ILL/petri-nets/MCC,,,BridgeAndVehicles-V80-P20-N10-unfolded_1_1.p,intuitionistic,auto,1,false,,5,0,3,provable,proved,,ok,two-sided,IMELL,32786,1763,2.228,3,0,2,1514,0,0,16384,0.000,0.035,auto,30
lltp,ILL/petri-nets/MCC,,,BridgeAndVehicles-V80-P20-N10-unfolded_20_1.p,intuitionistic,auto,1,false,,5,0,3,provable,unknown,timeout,,two-sided,IMELL,32786,1763,5010.021,6435,3109,1409,7361914,0,0,16384,4990.000,505.010,auto,30
lltp,ILL/petri-nets/MCC,,,BridgeAndVehicles-V80-P20-N10-unfolded_50_1.p,intuitionistic,auto,1,false,,5,0,3,provable,unknown,timeout,,two-sided,IMELL,32784,1763,5033.945,34949,3775,28902,6339954,0,0,16384,5010.000,278.057,auto,30
lltp,ILL/petri-nets/MCC,,,BridgeAndVehicles-V80-P20-N10-unfolded_5_1.p,intuitionistic,auto,1,false,,5,0,3,provable,proved,,ok,two-sided,IMELL,32784,1763,66.011,107,31,38,595521,0,0,16384,60.000,4.510,auto,30
lltp,ILL/petri-nets/MCC,,,BridgeAndVehicles-V80-P20-N20-unfolded_100_1.p,intuitionistic,auto,1,false,,5,0,3,provable,unknown,timeout,,two-sided,IMELL,58540,3363,5037.668,15814,1718,12962,4769466,0,0,16384,5020.000,214.624,auto,30
lltp,ILL/petri-nets/MCC,,,BridgeAndVehicles-V80-P20-N20-unfolded_10_1.p,intuitionistic,auto,1,false,,5,0,3,provable,unknown,timeout,,two-sided,IMELL,58546,3363,5017.112,2947,1337,707,5980041,0,0,16384,5000.000,255.297,auto,30
lltp,ILL/petri-nets/MCC,,,BridgeAndVehicles-V80-P20-N20-unfolded_1_1.p,intuitionistic,auto,1,false,,5,0,3,provable,proved,,ok,two-sided,IMELL,58546,3363,4.201,3,0,2,2098,0,0,16384,0.000,0.027,auto,30
lltp,ILL/petri-nets/MCC,,,BridgeAndVehicles-V80-P20-N20-unfolded_20_1.p,intuitionistic,auto,1,false,,5,0,3,provable,unknown,timeout,,two-sided,IMELL,58544,3363,5003.963,144151,141233,1812,6833712,0,0,16384,4990.000,268.088,auto,30
lltp,ILL/petri-nets/MCC,,,BridgeAndVehicles-V80-P20-N20-unfolded_50_1.p,intuitionistic,auto,1,false,,5,0,3,provable,unknown,timeout,,two-sided,IMELL,58544,3363,5034.970,15814,1718,12962,4854739,0,0,16384,5020.000,210.972,auto,30
lltp,ILL/petri-nets/MCC,,,BridgeAndVehicles-V80-P20-N20-unfolded_5_1.p,intuitionistic,auto,1,false,,5,0,3,provable,proved,,ok,two-sided,IMELL,58546,3363,178.010,106,31,37,239139,0,0,16384,170.000,13.859,auto,30
lltp,ILL/petri-nets/MCC,,,BridgeAndVehicles-V80-P20-N50-unfolded_100_1.p,intuitionistic,auto,1,false,,5,0,3,provable,unknown,timeout,,two-sided,IMELL,135820,8163,5060.451,4010,507,3124,3545863,0,0,16384,5060.000,120.393,auto,30
lltp,ILL/petri-nets/MCC,,,BridgeAndVehicles-V80-P20-N50-unfolded_10_1.p,intuitionistic,auto,1,false,,5,0,3,provable,unknown,timeout,,two-sided,IMELL,135824,8163,5127.831,1201,499,331,7464291,0,0,16384,5120.000,203.075,auto,30
lltp,ILL/petri-nets/MCC,,,BridgeAndVehicles-V80-P20-N50-unfolded_1_1.p,intuitionistic,auto,1,false,,5,0,3,provable,proved,,ok,two-sided,IMELL,135826,8163,19.967,4,0,2,7985,0,0,16384,10.000,2.985,auto,30
lltp,ILL/petri-nets/MCC,,,BridgeAndVehicles-V80-P20-N50-unfolded_20_1.p,intuitionistic,auto,1,false,,5,0,3,provable,unknown,timeout,,two-sided,IMELL,135824,8163,5128.093,1201,499,331,7461921,0,0,16384,5110.000,196.587,auto,30
lltp,ILL/petri-nets/MCC,,,BridgeAndVehicles-V80-P20-N50-unfolded_50_1.p,intuitionistic,auto,1,false,,5,0,3,provable,unknown,timeout,,two-sided,IMELL,135824,8163,5054.879,4010,507,3124,3571029,0,0,16384,5040.000,125.262,auto,30
lltp,ILL/petri-nets/MCC,,,BridgeAndVehicles-V80-P20-N50-unfolded_5_1.p,intuitionistic,auto,1,false,,5,0,3,provable,proved,,ok,two-sided,IMELL,135824,8163,436.119,107,31,38,701587,0,0,16384,430.000,29.221,auto,30
lltp,ILL/petri-nets/MCC,,,BridgeAndVehicles-V80-P50-N10-unfolded_100_1.p,intuitionistic,auto,1,false,,5,0,3,provable,unknown,timeout,,two-sided,IMELL,33140,1763,5021.419,35516,3288,30196,5678465,0,0,16384,5010.000,278.796,auto,30
lltp,ILL/petri-nets/MCC,,,BridgeAndVehicles-V80-P50-N10-unfolded_10_1.p,intuitionistic,auto,1,false,,5,0,3,provable,proved,,ok,two-sided,IMELL,33146,1763,2672.445,3050,1397,717,19662848,0,0,16384,2660.000,321.497,auto,30
lltp,ILL/petri-nets/MCC,,,BridgeAndVehicles-V80-P50-N10-unfolded_1_1.p,intuitionistic,auto,1,false,,5,0,3,provable,proved,,ok,two-sided,IMELL,33146,1763,2.222,3,0,2,695,0,0,16384,0.000,0.025,auto,30
lltp,ILL/petri-nets/MCC,,,BridgeAndVehicles-V80-P50-N10-unfolded_20_1.p,intuitionistic,auto,1,false,,5,0,3,provable,unknown,timeout,,two-sided,IMELL,33144,1763,5008.841,5802,2777,1284,36578115,0,0,16384,4990.000,546.431,auto,30
lltp,ILL/petri-nets/MCC,,,BridgeAndVehicles-V80-P50-N10-unfolded_50_1.p,intuitionistic,auto,1,false,,5,0,3,provable,unknown,timeout,,two-sided,IMELL,33144,1763,5053.412,35585,3294,30256,5851103,0,0,16384,5040.000,282.525,auto,30
lltp,ILL/petri-nets/MCC,,,BridgeAndVehicles-V80-P50-N10-unfolded_5_1.p,intuitionistic,auto,1,false,,5,0,3,provable,proved,,ok,two-sided,IMELL,33146,1763,92.163,106,31,37,155072,0,0,16384,90.000,8.899,auto,30
lltp,ILL/petri-nets/MCC,,,BridgeAndVehicles-V80-P50-N20-unfolded_100_1.p,intuitionistic,auto,1,false,,5,0,3,provable,unknown,timeout,,two-sided,IMELL,58900,3363,5035.130,16344,1540,13772,4850150,0,0,16384,5020.000,239.473,auto,30
lltp,ILL/petri-nets/MCC,,,BridgeAndVehicles-V80-P50-N20-unfolded_10_1.p,intuitionistic,auto,1,false,,5,0,3,provable,unknown,timeout,,two-sided,IMELL,58906,3363,5086.371,2582,1144,638,5751966,0,0,16384,5070.000,281.660,auto,30
lltp,ILL/petri-nets/MCC,,,BridgeAndVehicles-V80-P50-N20-unfolded_1_1.p,intuitionistic,auto,1,false,,5,0,3,provable,proved,,ok,two-sided,IMELL,58906,3363,8.010,4,0,2,6249,0,0,16384,0.000,0.220,auto,30
lltp,ILL/petri-nets/MCC,,,BridgeAndVehicles-V80-P50-N20-unfolded_20_1.p,intuitionistic,auto,1,false,,5,0,3,provable,unknown,timeout,,two-sided,IMELL,58904,3363,5004.872,154932,152146,1785,6689651,0,0,16384,4990.000,306.094,auto,30
lltp,ILL/petri-nets/MCC,,,BridgeAndVehicles-V80-P50-N20-unfolded_50_1.p,intuitionistic,auto,1,false,,5,0,3,provable,unknown,timeout,,two-sided,IMELL,58904,3363,5023.870,16344,1540,13772,4921750,0,0,16384,5010.000,236.835,auto,30
lltp,ILL/petri-nets/MCC,,,BridgeAndVehicles-V80-P50-N20-unfolded_5_1.p,intuitionistic,auto,1,false,,5,0,3,provable,proved,,ok,two-sided,IMELL,58906,3363,202.668,106,31,37,259934,0,0,16384,190.000,22.891,auto,30
lltp,ILL/petri-nets/MCC,,,BridgeAndVehicles-V80-P50-N50-unfolded_100_1.p,intuitionistic,auto,1,false,,5,0,3,provable,unknown,timeout,,two-sided,IMELL,136180,8163,5083.092,3467,468,2644,3780949,0,0,16384,5070.000,128.238,auto,30
lltp,ILL/petri-nets/MCC,,,BridgeAndVehicles-V80-P50-N50-unfolded_10_1.p,intuitionistic,auto,1,false,,5,0,3,provable,unknown,timeout,,two-sided,IMELL,136184,8163,5125.370,1120,462,308,7043792,0,0,16384,5110.000,211.755,auto,30
lltp,ILL/petri-nets/MCC,,,BridgeAndVehicles-V80-P50-N50-unfolded_1_1.p,intuitionistic,auto,1,false,,5,0,3,provable,proved,,ok,two-sided,IMELL,136186,8163,20.110,4,0,2,8014,0,0,16384,10.000,3.240,auto,30
lltp,ILL/petri-nets/MCC,,,BridgeAndVehicles-V80-P50-N50-unfolded_20_1.p,intuitionistic,auto,1,false,,5,0,3,provable,unknown,timeout,,two-sided,IMELL,136184,8163,5130.509,1120,462,308,7041682,0,0,16384,5110.000,173.551,auto,30
lltp,ILL/petri-nets/MCC,,,BridgeAndVehicles-V80-P50-N50-unfolded_50_1.p,intuitionistic,auto,1,false,,5,0,3,provable,unknown,timeout,,two-sided,IMELL,136184,8163,5016.964,3405,455,2600,3742218,0,0,16384,5020.000,135.682,auto,30
lltp,ILL/petri-nets/MCC,,,BridgeAndVehicles-V80-P50-N50-unfolded_5_1.p,intuitionistic,auto,1,false,,5,0,3,provable,proved,,ok,two-sided,IMELL,136184,8163,461.573,107,31,38,701645,0,0,16384,460.000,30.037,auto,30
lltp,ILL/petri-nets/MCC,,,CSRepetitions_cs_repetitions-10-unfolded_1_1.p,intuitionistic,auto,1,false,,5,0,3,provable,proved,,ok,two-sided,IMELL,18078,1010,1.739,3,0,2,359,0,0,16384,10.000,0.037,auto,30
lltp,ILL/petri-nets/MCC,,,CSRepetitions_cs_repetitions-10-unfolded_20_1.p,intuitionistic,auto,1,false,,5,0,3,provable,unknown,timeout,,two-sided,IMELL,18078,1010,5017.786,36638,16898,19370,19717658,0,0,16384,5010.000,356.760,auto,30
lltp,ILL/petri-nets/MCC,,,CSRepetitions_cs_repetitions-10-unfolded_50_1.p,intuitionistic,auto,1,false,,5,0,3,provable,unknown,timeout,,two-sided,IMELL,18078,1010,5029.495,126012,64333,60418,62117951,0,0,16384,5020.000,726.822,auto,30
lltp,ILL/petri-nets/MCC,,,CSRepetitions_cs_repetitions-10-unfolded_5_1.p,intuitionistic,auto,1,false,,5,0,3,provable,unknown,timeout,,two-sided,IMELL,18078,1010,5028.818,125614,64262,60095,61860159,0,0,16384,5020.000,713.325,auto,30
lltp,ILL/petri-nets/MCC,,,ClientsAndServers-0500-0_10_1.p,intuitionistic,auto,1,false,,5,0,3,provable,proved,,ok,two-sided,IMELL,34126,4001,503.585,500,204,98,1343252,0,0,16384,500.000,115.555,auto,30
lltp,ILL/petri-nets/MCC,,,ClientsAndServers-0500-0_1_1.p,intuitionistic,auto,1,false,,5,0,3,provable,proved,,ok,two-sided,IMELL,34108,4001,7.276,3,0,2,17504,0,0,16384,10.000,0.055,auto,30
lltp,ILL/petri-nets/MCC,,,ClientsAndServers-0500-0_20_1.p,intuitionistic,auto,1,false,,5,0,3,provable,unknown,timeout,,two-sided,IMELL,34146,4001,5032.328,7978,4693,906,12258109,0,0,16384,5020.000,902.915,auto,30
lltp,ILL/petri-nets/MCC,,,ClientsAndServers-0500-0_50_1.p,intuitionistic,auto,1,false,,5,0,3,provable,unknown,timeout,,two-sided,IMELL,34206,4001,5019.472,9091,5341,1042,13399662,0,0,16384,5010.000,377.249,auto,30
lltp,ILL/petri-nets/MCC,,,ClientsAndServers-0500-0_5_1.p,intuitionistic,auto,1,false,,5,0,3,provable,proved,,ok,two-sided,IMELL,34116,4001,69.195,37,4,13,217101,0,0,16384,70.000,9.459,auto,30
lltp,ILL/petri-nets/MCC,,,ClientsAndServers-1000-0_100_1.p,intuitionistic,auto,1,false,,5,0,3,provable,unknown,timeout,,two-sided,IMELL,68106,8001,5056.584,3021,1600,428,8174258,0,0,16384,5040.000,76.898,auto,30
lltp,ILL/petri-nets/MCC,,,ClientsAndServers-1000-0_10_1.p,intuitionistic,auto,1,false,,5,0,3,provable,proved,,ok,two-sided,IMELL,68126,8001,1708.992,500,204,98,2595909,0,0,16384,1700.000,214.292,auto,30
lltp,ILL/petri-nets/MCC,,,ClientsAndServers-1000-0_1_1.p,intuitionistic,auto,1,false,,5,0,3,provable,proved,,ok,two-sided,IMELL,68108,8001,23.965,3,0,2,35004,0,0,16384,20.000,0.098,auto,30
lltp,ILL/petri-nets/MCC,,,ClientsAndServers-1000-0_20_1.p,intuitionistic,auto,1,false,,5,0,3,provable,unknown,timeout,,two-sided,IMELL,68146,8001,5012.848,1924,967,295,7405602,0,0,16384,5000.000,742.191,auto,30
lltp,ILL/petri-nets/MCC,,,ClientsAndServers-1000-0_50_1.p,intuitionistic,auto,1,false,,5,0,3,provable,unknown,timeout,,two-sided,IMELL,68206,8001,5026.902,2368,1234,352,8347347,0,0,16384,5010.000,863.322,auto,30
lltp,ILL/petri-nets/MCC,,,ClientsAndServers-1000-0_5_1.p,intuitionistic,auto,1,false,,5,0,3,provable,proved,,ok,two-sided,IMELL,68116,8001,201.788,37,4,13,371843,0,0,16384,200.000,28.032,auto,30
lltp,ILL/petri-nets/MCC,,,CloudDeployment_deploy_5_b_100_1.p,intuitionistic,auto,1,false,,5,0,3,provable,unknown,timeout,,two-sided,IMELL,51588,1024,5014.184,1106651,1092026,13033,10007049,0,0,16384,5000.000,949.432,auto,30
lltp,ILL/petri-nets/MCC,,,CloudDeployment_deploy_5_b_10_1.p,intuitionistic,auto,1,false,,5,0,3,provable,unknown,timeout,,two-sided,IMELL,51580,1024,5012.422,1092102,1077545,13052,9674311,0,0,16384,5000.000,980.007,auto,30
lltp,ILL/petri-nets/MCC,,,CloudDeployment_deploy_5_b_1_1.p,intuitionistic,auto,1,false,,5,0,3,provable,proved,,ok,two-sided,IMELL,51572,1024,3.331,3,0,2,4,0,0,16384,0.000,0.022,auto,30
lltp,ILL/petri-nets/MCC,,,CloudDeployment_deploy_5_b_20_1.p,intuitionistic,auto,1,false,,5,0,3,provable,unknown,timeout,,two-sided,IMELL,51588,1024,5010.347,1102681,1088058,13035,9972973,0,0,16384,5000.000,936.137,auto,30
lltp,ILL/petri-nets/MCC,,,CloudDeployment_deploy_5_b_50_1.p,intuitionistic,auto,1,false,,5,0,3,provable,unknown,timeout,,two-sided,IMELL,51588,1024,5009.900,1109296,1094674,13028,10027877,0,0,16384,4990.000,973.344,auto,30
lltp,ILL/petri-nets/MCC,,,CloudDeployment_deploy_5_b_5_1.p,intuitionistic,auto,1,false,,5,0,3,provable,unknown,timeout,,two-sided,IMELL,51576,1024,5011.850,1099708,1085154,13042,9735708,0,0,16384,5000.000,944.807,auto,30
lltp,ILL/petri-nets/MCC,,,CloudDeployment_deploy_6_b_100_1.p,intuitionistic,auto,1,false,,5,0,3,provable,unknown,timeout,,two-sided,IMELL,191876,4096,5025.146,196918,186387,10124,3771987,0,0,16384,5030.000,911.655,auto,30
lltp,ILL/petri-nets/MCC,,,CloudDeployment_deploy_6_b_10_1.p,intuitionistic,auto,1,false,,5,0,3,provable,unknown,timeout,,two-sided,IMELL,191868,4096,5028.447,193474,182322,10744,3711816,0,0,16384,5020.000,1103.600,auto,30
lltp,ILL/petri-nets/MCC,,,CloudDeployment_deploy_6_b_1_1.p,intuitionistic,auto,1,false,,5,0,3,provable,proved,,ok,two-sided,IMELL,191858,4096,12.151,3,0,2,4,0,0,16384,20.000,0.040,auto,30
lltp,ILL/petri-nets/MCC,,,CloudDeployment_deploy_6_b_20_1.p,intuitionistic,auto,1,false,,5,0,3,provable,unknown,timeout,,two-sided,IMELL,191876,4096,5027.467,196978,186444,10126,3777806,0,0,16384,5020.000,895.398,auto,30
lltp,ILL/petri-nets/MCC,,,CloudDeployment_deploy_6_b_50_1.p,intuitionistic,auto,1,false,,5,0,3,provable,unknown,timeout,,two-sided,IMELL,191876,4096,5030.104,196978,186444,10126,3777943,0,0,16384,5020.000,882.350,auto,30
lltp,ILL/petri-nets/MCC,,,CloudDeployment_deploy_6_b_5_1.p,intuitionistic,auto,1,false,,5,0,3,provable,unknown,timeout,,two-sided,IMELL,191864,4096,5027.563,193410,182262,10741,3710185,0,0,16384,5030.000,1090.532,auto,30
lltp,ILL/petri-nets/MCC,,,CloudDeployment_deploy_7_b_100_1.p,intuitionistic,auto,1,false,,5,0,3,provable,unknown,timeout,,two-sided,IMELL,812120,16384,5032.005,26010,23743,2214,1103267,0,0,16384,5010.000,500.708,auto,30
lltp,ILL/petri-nets/MCC,,,CloudDeployment_deploy_7_b_10_1.p,intuitionistic,auto,1,false,,5,0,3,provable,unknown,timeout,,two-sided,IMELL,812114,16384,5035.099,25753,23712,1990,1081425,0,0,16384,5020.000,911.309,auto,30
lltp,ILL/petri-nets/MCC,,,CloudDeployment_deploy_7_b_1_1.p,intuitionistic,auto,1,false,,5,0,3,provable,proved,,ok,two-sided,IMELL,812104,16384,55.204,7,0,5,7,0,0,16384,60.000,0.112,auto,30
lltp,ILL/petri-nets/MCC,,,CloudDeployment_deploy_7_b_20_1.p,intuitionistic,auto,1,false,,5,0,3,provable,unknown,timeout,,two-sided,IMELL,812114,16384,5107.773,18854,13665,5137,1013231,0,0,16384,5090.000,494.989,auto,30
lltp,ILL/petri-nets/MCC,,,CloudDeployment_deploy_7_b_50_1.p,intuitionistic,auto,1,false,,5,0,3,provable,unknown,timeout,,two-sided,IMELL,812116,16384,5047.847,26141,23864,2224,1104191,0,0,16384,5040.000,523.156,auto,30
lltp,ILL/petri-nets/MCC,,,CloudDeployment_deploy_7_b_5_1.p,intuitionistic,auto,1,false,,5,0,3,provable,unknown,timeout,,two-sided,IMELL,812106,16384,5032.431,25689,23650,1988,1077223,0,0,16384,5020.000,886.787,auto,30
lltp,ILL/petri-nets/MCC,,,CloudReconfiguration_reconf_3_01_100_1.p,intuitionistic,auto,1,false,,5,0,3,provable,unknown,timeout,,two-sided,IMELL,12928,129,5001.407,4249106,4235250,4231,34506309,0,0,16384,4980.000,878.291,auto,30
lltp,ILL/petri-nets/MCC,,,CloudReconfiguration_reconf_3_01_10_1.p,intuitionistic,auto,1,false,,5,0,3,provable,unknown,timeout,,two-sided,IMELL,12922,129,5001.546,4106763,4093428,4124,33096541,0,0,16384,4990.000,853.198,auto,30
lltp,ILL/petri-nets/MCC,,,CloudReconfiguration_reconf_3_01_1_1.p,intuitionistic,auto,1,false,,5,0,3,provable,proved,,ok,two-sided,IMELL,12922,129,0.992,2,0,1,1,0,0,16384,0.000,0.017,auto,30
lltp,ILL/petri-nets/MCC,,,CloudReconfiguration_reconf_3_01_20_1.p,intuitionistic,auto,1,false,,5,0,3,provable,unknown,timeout,,two-sided,IMELL,12926,129,5002.085,4112186,4098627,4126,33567470,0,0,16384,4990.000,917.725,auto,30
lltp,ILL/petri-nets/MCC,,,CloudReconfiguration_reconf_3_01_50_1.p,intuitionistic,auto,1,false,,5,0,3,provable,unknown,timeout,,two-sided,IMELL,12930,129,5001.642,4042406,4029058,4090,33164148,0,0,16384,4990.000,886.063,auto,30
lltp,ILL/petri-nets/MCC,,,CloudReconfiguration_reconf_3_01_5_1.p,intuitionistic,auto,1,false,,5,0,3,provable,proved,,ok,two-sided,IMELL,12922,129,859.760,653593,649344,2611,5707342,0,0,16384,860.000,155.646,auto,30
lltp,ILL/petri-nets/MCC,,,CloudReconfiguration_reconf_3_02_100_1.p,intuitionistic,auto,1,false,,5,0,3,provable,unknown,timeout,,two-sided,IMELL,12936,129,5001.573,4181297,4167713,4118,33957259,0,0,16384,4990.000,897.532,auto,30
lltp,ILL/petri-nets/MCC,,,CloudReconfiguration_reconf_3_02_10_1.p,intuitionistic,auto,1,false,,5,0,3,provable,unknown,timeout,,two-sided,IMELL,12930,129,5001.740,4063660,4050429,4124,32720106,0,0,16384,4990.000,836.692,auto,30
lltp,ILL/petri-nets/MCC,,,CloudReconfiguration_reconf_3_02_1_1.p,intuitionistic,auto,1,false,,5,0,3,provable,proved,,ok,two-sided,IMELL,12930,129,1.006,2,0,1,1,0,0,16384,0.000,0.020,auto,30
lltp,ILL/petri-nets/MCC,,,CloudReconfiguration_reconf_3_02_20_1.p,intuitionistic,auto,1,false,,5,0,3,provable,unknown,timeout,,two-sided,IMELL,12934,129,5001.448,4057599,4044153,4126,33125715,0,0,16384,4990.000,949.789,auto,30
lltp,ILL/petri-nets/MCC,,,CloudReconfiguration_reconf_3_02_50_1.p,intuitionistic,auto,1,false,,5,0,3,provable,unknown,timeout,,two-sided,IMELL,12938,129,5001.188,4005688,3992435,4090,32824720,0,0,16384,4990.000,856.230,auto,30
lltp,ILL/petri-nets/MCC,,,CloudReconfiguration_reconf_3_02_5_1.p,intuitionistic,auto,1,false,,5,0,3,provable,proved,,ok,two-sided,IMELL,12930,129,876.229,654853,650603,2611,5711230,0,0,16384,870.000,149.194,auto,30
lltp,ILL/petri-nets/MCC,,,CloudReconfiguration_reconf_3_03_100_1.p,intuitionistic,auto,1,false,,5,0,3,provable,unknown,timeout,,two-sided,IMELL,12928,129,5001.436,4152505,4138999,4118,33692595,0,0,16384,4990.000,864.252,auto,30
lltp,ILL/petri-nets/MCC,,,CloudReconfiguration_reconf_3_03_10_1.p,intuitionistic,auto,1,false,,5,0,3,provable,unknown,timeout,,two-sided,IMELL,12922,129,5001.337,4089664,4076369,4124,32951504,0,0,16384,4990.000,866.378,auto,30
lltp,ILL/petri-nets/MCC,,,CloudReconfiguration_reconf_3_03_1_1.p,intuitionistic,auto,1,false,,5,0,3,provable,proved,,ok,two-sided,IMELL,12922,129,1.001,2,0,1,1,0,0,16384,0.000,0.016,auto,30
lltp,ILL/petri-nets/MCC,,,CloudReconfiguration_reconf_3_03_20_1.p,intuitionistic,auto,1,false,,5,0,3,provable,unknown,timeout,,two-sided,IMELL,12926,129,5001.839,4093446,4079933,4126,33400384,0,0,16384,4990.000,912.654,auto,30
lltp,ILL/petri-nets/MCC,,,CloudReconfiguration_reconf_3_03_50_1.p,intuitionistic,auto,1,false,,5,0,3,provable,unknown,timeout,,two-sided,IMELL,12930,129,5001.229,4039545,4026312,4112,32711725,0,0,16384,4990.000,832.314,auto,30
lltp,ILL/petri-nets/MCC,,,CloudReconfiguration_reconf_3_03_5_1.p,intuitionistic,auto,1,false,,5,0,3,provable,proved,,ok,two-sided,IMELL,12922,129,864.683,653578,649329,2611,5707281,0,0,16384,860.000,154.048,auto,30
lltp,ILL/petri-nets/MCC,,,CloudReconfiguration_reconf_3_04_100_1.p,intuitionistic,auto,1,false,,5,0,3,provable,unknown,timeout,,two-sided,IMELL,12930,129,5001.509,4152825,4139320,4122,33676300,0,0,16384,4980.000,881.279,auto,30
lltp,ILL/petri-nets/MCC,,,CloudReconfiguration_reconf_3_04_10_1.p,intuitionistic,auto,1,false,,5,0,3,provable,unknown,timeout,,two-sided,IMELL,12922,129,5001.609,4047976,4034773,4124,32624883,0,0,16384,4990.000,876.285,auto,30
lltp,ILL/petri-nets/MCC,,,CloudReconfiguration_reconf_3_04_1_1.p,intuitionistic,auto,1,false,,5,0,3,provable,proved,,ok,two-sided,IMELL,12922,129,1.019,2,0,1,1,0,0,16384,0.000,0.020,auto,30
lltp,ILL/petri-nets/MCC,,,CloudReconfiguration_reconf_3_04_20_1.p,intuitionistic,auto,1,false,,5,0,3,provable,unknown,timeout,,two-sided,IMELL,12926,129,5001.517,4087907,4074405,4126,33355915,0,0,16384,4980.000,907.887,auto,30
lltp,ILL/petri-nets/MCC,,,CloudReconfiguration_reconf_3_04_50_1.p,intuitionistic,auto,1,false,,5,0,3,provable,unknown,timeout,,two-sided,IMELL,12930,129,5001.746,4049449,4036200,4117,32798028,0,0,16384,4990.000,865.261,auto,30
lltp,ILL/petri-nets/MCC,,,CloudReconfiguration_reconf_3_04_5_1.p,intuitionistic,auto,1,false,,5,0,3,provable,proved,,ok,two-sided,IMELL,12922,129,862.296,653593,649344,2611,5707342,0,0,16384,850.000,151.868,auto,30
lltp,ILL/petri-nets/MCC,,,CloudReconfiguration_reconf_3_05_100_1.p,intuitionistic,auto,1,false,,5,0,3,provable,unknown,timeout,,two-sided,IMELL,12936,129,5002.013,4131708,4118249,4118,33517853,0,0,16384,4990.000,884.019,auto,30
lltp,ILL/petri-nets/MCC,,,CloudReconfiguration_reconf_3_05_10_1.p,intuitionistic,auto,1,false,,5,0,3,provable,unknown,timeout,,two-sided,IMELL,12930,129,5001.584,4046471,4033278,4124,32584153,0,0,16384,4990.000,879.966,auto,30
lltp,ILL/petri-nets/MCC,,,CloudReconfiguration_reconf_3_05_1_1.p,intuitionistic,auto,1,false,,5,0,3,provable,proved,,ok,two-sided,IMELL,12930,129,1.003,2,0,1,1,0,0,16384,0.000,0.018,auto,30
lltp,ILL/petri-nets/MCC,,,CloudReconfiguration_reconf_3_05_20_1.p,intuitionistic,auto,1,false,,5,0,3,provable,unknown,timeout,,two-sided,IMELL,12934,129,5001.540,4005013,3991686,4126,32694834,0,0,16384,4990.000,899.850,auto,30
lltp,ILL/petri-nets/MCC,,,CloudReconfiguration_reconf_3_05_50_1.p,intuitionistic,auto,1,false,,5,0,3,provable,unknown,timeout,,two-sided,IMELL,12938,129,5001.346,4017805,4004576,4108,32692565,0,0,16384,4990.000,863.421,auto,30
lltp,ILL/petri-nets/MCC,,,CloudReconfiguration_reconf_3_05_5_1.p,intuitionistic,auto,1,false,,5,0,3,provable,proved,,ok,two-sided,IMELL,12930,129,869.257,654853,650603,2611,5711231,0,0,16384,860.000,148.591,auto,30
lltp,ILL/petri-nets/MCC,,,CloudReconfiguration_reconf_3_06_100_1.p,intuitionistic,auto,1,false,,5,0,3,provable,unknown,timeout,,two-sided,IMELL,12930,129,5001.437,4121156,4107731,4122,33407805,0,0,16384,4990.000,868.096,auto,30
lltp,ILL/petri-nets/MCC,,,CloudReconfiguration_reconf_3_06_10_1.p,intuitionistic,auto,1,false,,5,0,3,provable,unknown,timeout,,two-sided,IMELL,12922,129,5001.842,4061440,4048208,4124,32731045,0,0,16384,4990.000,855.053,auto,30
lltp,ILL/petri-nets/MCC,,,CloudReconfiguration_reconf_3_06_1_1.p,intuitionistic,auto,1,false,,5,0,3,provable,proved,,ok,two-sided,IMELL,12922,129,1.018,2,0,1,1,0,0,16384,0.000,0.017,auto,30
lltp,ILL/petri-nets/MCC,,,CloudReconfiguration_reconf_3_06_20_1.p,intuitionistic,auto,1,false,,5,0,3,provable,unknown,timeout,,two-sided,IMELL,12926,129,5001.869,4053204,4039784,4126,33058689,0,0,16384,4980.000,900.854,auto,30
lltp,ILL/petri-nets/MCC,,,CloudReconfiguration_reconf_3_06_50_1.p,intuitionistic,auto,1,false,,5,0,3,provable,unknown,timeout,,two-sided,IMELL,12930,129,5001.218,4011100,3997935,4114,32463318,0,0,16384,4990.000,830.396,auto,30
lltp,ILL/petri-nets/MCC,,,CloudReconfiguration_reconf_3_06_5_1.p,intuitionistic,auto,1,false,,5,0,3,provable,proved,,ok,two-sided,IMELL,12922,129,865.518,653578,649329,2611,5707281,0,0,16384,860.000,155.545,auto,30
lltp,ILL/petri-nets/MCC,,,CloudReconfiguration_reconf_3_07_100_1.p,intuitionistic,auto,1,false,,5,0,3,provable,unknown,timeout,,two-sided,IMELL,12928,129,5001.455,4091599,4078245,4118,33169569,0,0,16384,4990.000,861.276,auto,30
lltp,ILL/petri-nets/MCC,,,CloudReconfiguration_reconf_3_07_10_1.p,intuitionistic,auto,1,false,,5,0,3,provable,unknown,timeout,,two-sided,IMELL,12922,129,5001.136,4025067,4011916,4124,32445468,0,0,16384,4990.000,867.063,auto,30
lltp,ILL/petri-nets/MCC,,,CloudReconfiguration_reconf_3_07_1_1.p,intuitionistic,auto,1,false,,5,0,3,provable,proved,,ok,two-sided,IMELL,12922,129,1.012,2,0,1,1,0,0,16384,0.000,0.020,auto,30
lltp,ILL/petri-nets/MCC,,,CloudReconfiguration_reconf_3_07_20_1.p,intuitionistic,auto,1,false,,5,0,3,provable,unknown,timeout,,two-sided,IMELL,12926,129,5002.056,4112520,4098961,4126,33568737,0,0,16384,4990.000,931.463,auto,30
lltp,ILL/petri-nets/MCC,,,CloudReconfiguration_reconf_3_07_50_1.p,intuitionistic,auto,1,false,,5,0,3,provable,unknown,timeout,,two-sided,IMELL,12930,129,5001.122,4109064,4095669,4122,33304121,0,0,16384,4990.000,880.345,auto,30
lltp,ILL/petri-nets/MCC,,,CloudReconfiguration_reconf_3_07_5_1.p,intuitionistic,auto,1,false,,5,0,3,provable,proved,,ok,two-sided,IMELL,12922,129,848.825,653578,649329,2611,5707281,0,0,16384,850.000,149.015,auto,30
lltp,ILL/petri-nets/MCC,,,CloudReconfiguration_reconf_3_08_100_1.p,intuitionistic,auto,1,false,,5,0,3,provable,unknown,timeout,,two-sided,IMELL,12936,129,5001.473,4178866,4165290,4118,33933778,0,0,16384,4980.000,909.844,auto,30
lltp,ILL/petri-nets/MCC,,,CloudReconfiguration_reconf_3_08_10_1.p,intuitionistic,auto,1,false,,5,0,3,provable,unknown,timeout,,two-sided,IMELL,12930,129,5001.152,4119498,4106138,4124,33176857,0,0,16384,4990.000,897.358,auto,30
lltp,ILL/petri-nets/MCC,,,CloudReconfiguration_reconf_3_08_1_1.p,intuitionistic,auto,1,false,,5,0,3,provable,proved,,ok,two-sided,IMELL,12930,129,1.026,2,0,1,1,0,0,16384,0.000,0.034,auto,30
lltp,ILL/petri-nets/MCC,,,CloudReconfiguration_reconf_3_08_20_1.p,intuitionistic,auto,1,false,,5,0,3,provable,unknown,timeout,,two-sided,IMELL,12934,129,5001.475,4072057,4058582,4126,33241108,0,0,16384,4980.000,898.579,auto,30
lltp,ILL/petri-nets/MCC,,,CloudReconfiguration_reconf_3_08_50_1.p,intuitionistic,auto,1,false,,5,0,3,provable,unknown,timeout,,two-sided,IMELL,12938,129,5001.500,4065299,4051893,4090,33360489,0,0,16384,4990.000,899.521,auto,30
lltp,ILL/petri-nets/MCC,,,CloudReconfiguration_reconf_3_08_5_1.p,intuitionistic,auto,1,false,,5,0,3,provable,proved,,ok,two-sided,IMELL,12930,129,864.199,654853,650603,2611,5711230,0,0,16384,860.000,166.859,auto,30
lltp,ILL/petri-nets/MCC,,,CloudReconfiguration_reconf_3_09_100_1.p,intuitionistic,auto,1,false,,5,0,3,provable,unknown,timeout,,two-sided,IMELL,12936,129,5001.523,4169397,4155846,4118,33848137,0,0,16384,4990.000,889.305,auto,30
lltp,ILL/petri-nets/MCC,,,CloudReconfiguration_reconf_3_09_10_1.p,intuitionistic,auto,1,false,,5,0,3,provable,unknown,timeout,,two-sided,IMELL,12930,129,5001.155,4102750,4089434,4124,33026838,0,0,16384,4990.000,886.770,auto,30
lltp,ILL/petri-nets/MCC,,,CloudReconfiguration_reconf_3_09_1_1.p,intuitionistic,auto,1,false,,5,0,3,provable,proved,,ok,two-sided,IMELL,12930,129,1.083,2,0,1,1,0,0,16384,0.000,0.017,auto,30
lltp,ILL/petri-nets/MCC,,,CloudReconfiguration_reconf_3_09_20_1.p,intuitionistic,auto,1,false,,5,0,3,provable,unknown,timeout,,two-sided,IMELL,12934,129,5001.778,4036708,4023318,4126,32937130,0,0,16384,4990.000,919.304,auto,30
lltp,ILL/petri-nets/MCC,,,CloudReconfiguration_reconf_3_09_50_1.p,intuitionistic,auto,1,false,,5,0,3,provable,unknown,timeout,,two-sided,IMELL,12938,129,5001.247,4043429,4030082,4094,33168393,0,0,16384,4990.000,873.927,auto,30
lltp,ILL/petri-nets/MCC,,,CloudReconfiguration_reconf_3_09_5_1.p,intuitionistic,auto,1,false,,5,0,3,provable,proved,,ok,two-sided,IMELL,12930,129,876.103,654853,650603,2611,5711230,0,0,16384,880.000,151.396,auto,30
lltp,ILL/petri-nets/MCC,,,CloudReconfiguration_reconf_3_10_100_1.p,intuitionistic,auto,1,false,,5,0,3,provable,unknown,timeout,,two-sided,IMELL,12936,129,5001.487,4129541,4116089,4118,33499712,0,0,16384,4990.000,876.403,auto,30
lltp,ILL/petri-nets/MCC,,,CloudReconfiguration_reconf_3_10_10_1.p,intuitionistic,auto,1,false,,5,0,3,provable,unknown,timeout,,two-sided,IMELL,12930,129,5001.148,4042964,4029778,4124,32558371,0,0,16384,4990.000,886.001,auto,30
lltp,ILL/petri-nets/MCC,,,CloudReconfiguration_reconf_3_10_1_1.p,intuitionistic,auto,1,false,,5,0,3,provable,proved,,ok,two-sided,IMELL,12930,129,1.044,2,0,1,1,0,0,16384,0.000,0.022,auto,30
lltp,ILL/petri-nets/MCC,,,CloudReconfiguration_reconf_3_10_20_1.p,intuitionistic,auto,1,false,,5,0,3,provable,unknown,timeout,,two-sided,IMELL,12934,129,5002.175,4017124,4003770,4126,32784940,0,0,16384,4990.000,913.167,auto,30
lltp,ILL/petri-nets/MCC,,,CloudReconfiguration_reconf_3_10_50_1.p,intuitionistic,auto,1,false,,5,0,3,provable,unknown,timeout,,two-sided,IMELL,12938,129,5001.212,4029873,4016615,4108,32800409,0,0,16384,4990.000,873.499,auto,30
lltp,ILL/petri-nets/MCC,,,CloudReconfiguration_reconf_3_10_5_1.p,intuitionistic,auto,1,false,,5,0,3,provable,proved,,ok,two-sided,IMELL,12930,129,874.865,654853,650603,2611,5711231,0,0,16384,880.000,151.784,auto,30
lltp,ILL/petri-nets/MCC,,,CloudReconfiguration_reconf_3_11_100_1.p,intuitionistic,auto,1,false,,5,0,3,provable,unknown,timeout,,two-sided,IMELL,12936,129,5002.501,4155489,4141974,4118,33711638,0,0,16384,4990.000,908.883,auto,30
lltp,ILL/petri-nets/MCC,,,CloudReconfiguration_reconf_3_11_10_1.p,intuitionistic,auto,1,false,,5,0,3,provable,unknown,timeout,,two-sided,IMELL,12930,129,5001.514,4062360,4049130,4124,32709078,0,0,16384,4990.000,883.149,auto,30
lltp,ILL/petri-nets/MCC,,,CloudReconfiguration_reconf_3_11_1_1.p,intuitionistic,auto,1,false,,5,0,3,provable,proved,,ok,two-sided,IMELL,12930,129,1.065,2,0,1,1,0,0,16384,0.000,0.020,auto,30
lltp,ILL/petri-nets/MCC,,,CloudReconfiguration_reconf_3_11_20_1.p,intuitionistic,auto,1,false,,5,0,3,provable,unknown,timeout,,two-sided,IMELL,12934,129,5001.511,4029771,4016395,4126,32883163,0,0,16384,4990.000,937.847,auto,30
lltp,ILL/petri-nets/MCC,,,CloudReconfiguration_reconf_3_11_50_1.p,intuitionistic,auto,1,false,,5,0,3,provable,unknown,timeout,,two-sided,IMELL,12938,129,5001.202,4033584,4020363,4112,32658017,0,0,16384,4990.000,861.443,auto,30
lltp,ILL/petri-nets/MCC,,,CloudReconfiguration_reconf_3_11_5_1.p,intuitionistic,auto,1,false,,5,0,3,provable,proved,,ok,two-sided,IMELL,12930,129,880.205,654853,650603,2611,5711231,0,0,16384,870.000,162.987,auto,30
lltp,ILL/petri-nets/MCC,,,CloudReconfiguration_reconf_3_12_100_1.p,intuitionistic,auto,1,false,,5,0,3,provable,unknown,timeout,,two-sided,IMELL,12938,129,5001.598,4165407,4151868,4122,33780283,0,0,16384,4990.000,868.301,auto,30
lltp,ILL/petri-nets/MCC,,,CloudReconfiguration_reconf_3_12_10_1.p,intuitionistic,auto,1,false,,5,0,3,provable,unknown,timeout,,two-sided,IMELL,12930,129,5000.978,4032237,4019073,4124,32476028,0,0,16384,4990.000,861.951,auto,30
lltp,ILL/petri-nets/MCC,,,CloudReconfiguration_reconf_3_12_1_1.p,intuitionistic,auto,1,false,,5,0,3,provable,proved,,ok,two-sided,IMELL,12930,129,1.024,2,0,1,1,0,0,16384,0.000,0.017,auto,30
lltp,ILL/petri-nets/MCC,,,CloudReconfiguration_reconf_3_12_20_1.p,intuitionistic,auto,1,false,,5,0,3,provable,unknown,timeout,,two-sided,IMELL,12934,129,5001.374,3997552,3984239,4126,32635045,0,0,16384,4980.000,898.699,auto,30
lltp,ILL/petri-nets/MCC,,,CloudReconfiguration_reconf_3_12_50_1.p,intuitionistic,auto,1,false,,5,0,3,provable,unknown,timeout,,two-sided,IMELL,12938,129,5001.184,3999801,3986618,4108,32552367,0,0,16384,4990.000,871.959,auto,30
lltp,ILL/petri-nets/MCC,,,CloudReconfiguration_reconf_3_12_5_1.p,intuitionistic,auto,1,false,,5,0,3,provable,proved,,ok,two-sided,IMELL,12930,129,871.105,654853,650603,2611,5711230,0,0,16384,870.000,151.599,auto,30
lltp,ILL/petri-nets/MCC,,,CloudReconfiguration_reconf_3_13_100_1.p,intuitionistic,auto,1,false,,5,0,3,provable,unknown,timeout,,two-sided,IMELL,12938,129,5001.369,4116755,4103325,4117,33397389,0,0,16384,4980.000,836.799,auto,30
lltp,ILL/petri-nets/MCC,,,CloudReconfiguration_reconf_3_13_10_1.p,intuitionistic,auto,1,false,,5,0,3,provable,unknown,timeout,,two-sided,IMELL,12930,129,5001.199,4007716,3994607,4124,32282115,0,0,16384,4990.000,850.939,auto,30
lltp,ILL/petri-nets/MCC,,,CloudReconfiguration_reconf_3_13_1_1.p,intuitionistic,auto,1,false,,5,0,3,provable,proved,,ok,two-sided,IMELL,12930,129,0.999,2,0,1,1,0,0,16384,0.000,0.032,auto,30
lltp,ILL/petri-nets/MCC,,,CloudReconfiguration_reconf_3_13_20_1.p,intuitionistic,auto,1,false,,5,0,3,provable,unknown,timeout,,two-sided,IMELL,12934,129,5001.497,3994160,3980855,4126,32611664,0,0,16384,4990.000,904.224,auto,30
lltp,ILL/petri-nets/MCC,,,CloudReconfiguration_reconf_3_13_50_1.p,intuitionistic,auto,1,false,,5,0,3,provable,unknown,timeout,,two-sided,IMELL,12938,129,5001.002,4012471,3999300,4117,32492200,0,0,16384,4990.000,871.098,auto,30
lltp,ILL/petri-nets/MCC,,,CloudReconfiguration_reconf_3_13_5_1.p,intuitionistic,auto,1,false,,5,0,3,provable,proved,,ok,two-sided,IMELL,12930,129,866.041,654853,650603,2611,5711230,0,0,16384,860.000,157.860,auto,30
lltp,ILL/petri-nets/MCC,,,CloudReconfiguration_reconf_3_14_100_1.p,intuitionistic,auto,1,false,,5,0,3,provable,unknown,timeout,,two-sided,IMELL,12938,129,5001.491,4137270,4123799,4122,33550022,0,0,16384,4990.000,849.323,auto,30
lltp,ILL/petri-nets/MCC,,,CloudReconfiguration_reconf_3_14_10_1.p,intuitionistic,auto,1,false,,5,0,3,provable,unknown,timeout,,two-sided,IMELL,12930,129,5001.228,4045403,4032212,4124,32577204,0,0,16384,4990.000,856.940,auto,30
lltp,ILL/petri-nets/MCC,,,CloudReconfiguration_reconf_3_14_1_1.p,intuitionistic,auto,1,false,,5,0,3,provable,proved,,ok,two-sided,IMELL,12930,129,1.027,2,0,1,1,0,0,16384,0.000,0.018,auto,30
lltp,ILL/petri-nets/MCC,,,CloudReconfiguration_reconf_3_14_20_1.p,intuitionistic,auto,1,false,,5,0,3,provable,unknown,timeout,,two-sided,IMELL,12934,129,5001.771,4013568,4000224,4126,32758570,0,0,16384,4990.000,893.172,auto,30
lltp,ILL/petri-nets/MCC,,,CloudReconfiguration_reconf_3_14_50_1.p,intuitionistic,auto,1,false,,5,0,3,provable,unknown,timeout,,two-sided,IMELL,12938,129,5001.110,4024573,4011376,4114,32566674,0,0,16384,4990.000,817.179,auto,30
lltp,ILL/petri-nets/MCC,,,CloudReconfiguration_reconf_3_14_5_1.p,intuitionistic,auto,1,false,,5,0,3,provable,proved,,ok,two-sided,IMELL,12930,129,869.056,654853,650603,2611,5711231,0,0,16384,860.000,146.053,auto,30
lltp,ILL/petri-nets/MCC,,,CloudReconfiguration_reconf_3_15_100_1.p,intuitionistic,auto,1,false,,5,0,3,provable,unknown,timeout,,two-sided,IMELL,12936,129,5001.941,4111442,4098038,4118,33332894,0,0,16384,4990.000,901.230,auto,30
lltp,ILL/petri-nets/MCC,,,CloudReconfiguration_reconf_3_15_10_1.p,intuitionistic,auto,1,false,,5,0,3,provable,unknown,timeout,,two-sided,IMELL,12930,129,5000.963,4019889,4006753,4124,32377186,0,0,16384,4980.000,849.452,auto,30
lltp,ILL/petri-nets/MCC,,,CloudReconfiguration_reconf_3_15_1_1.p,intuitionistic,auto,1,false,,5,0,3,provable,proved,,ok,two-sided,IMELL,12930,129,1.013,2,0,1,1,0,0,16384,0.000,0.018,auto,30
lltp,ILL/petri-nets/MCC,,,CloudReconfiguration_reconf_3_15_20_1.p,intuitionistic,auto,1,false,,5,0,3,provable,unknown,timeout,,two-sided,IMELL,12934,129,5001.068,3992987,3979683,4126,32605976,0,0,16384,4990.000,916.371,auto,30
lltp,ILL/petri-nets/MCC,,,CloudReconfiguration_reconf_3_15_50_1.p,intuitionistic,auto,1,false,,5,0,3,provable,unknown,timeout,,two-sided,IMELL,12938,129,5000.918,3977221,3964134,4114,32196675,0,0,16384,4990.000,879.501,auto,30
lltp,ILL/petri-nets/MCC,,,CloudReconfiguration_reconf_3_15_5_1.p,intuitionistic,auto,1,false,,5,0,3,provable,proved,,ok,two-sided,IMELL,12930,129,863.526,654853,650603,2611,5711231,0,0,16384,860.000,147.892,auto,30
lltp,ILL/petri-nets/MCC,,,CloudReconfiguration_reconf_3_16_100_1.p,intuitionistic,auto,1,false,,5,0,3,provable,unknown,timeout,,two-sided,IMELL,12938,129,5000.971,4139275,4125795,4118,33589768,0,0,16384,4990.000,853.212,auto,30
lltp,ILL/petri-nets/MCC,,,CloudReconfiguration_reconf_3_16_10_1.p,intuitionistic,auto,1,false,,5,0,3,provable,unknown,timeout,,two-sided,IMELL,12930,129,5000.925,4035755,4022584,4124,32502022,0,0,16384,4980.000,861.348,auto,30
lltp,ILL/petri-nets/MCC,,,CloudReconfiguration_reconf_3_16_1_1.p,intuitionistic,auto,1,false,,5,0,3,provable,proved,,ok,two-sided,IMELL,12930,129,1.008,2,0,1,1,0,0,16384,0.000,0.017,auto,30
lltp,ILL/petri-nets/MCC,,,CloudReconfiguration_reconf_3_16_20_1.p,intuitionistic,auto,1,false,,5,0,3,provable,unknown,timeout,,two-sided,IMELL,12934,129,5001.915,4001298,3987978,4126,32666213,0,0,16384,4980.000,886.406,auto,30
lltp,ILL/petri-nets/MCC,,,CloudReconfiguration_reconf_3_16_50_1.p,intuitionistic,auto,1,false,,5,0,3,provable,unknown,timeout,,two-sided,IMELL,12938,129,5001.275,3993247,3980122,4118,32304284,0,0,16384,4990.000,858.550,auto,30
lltp,ILL/petri-nets/MCC,,,CloudReconfiguration_reconf_3_16_5_1.p,intuitionistic,auto,1,false,,5,0,3,provable,proved,,ok,two-sided,IMELL,12930,129,874.004,654853,650603,2611,5711231,0,0,16384,870.000,144.878,auto,30
lltp,ILL/petri-nets/MCC,,,CloudReconfiguration_reconf_3_17_100_1.p,intuitionistic,auto,1,false,,5,0,3,provable,unknown,timeout,,two-sided,IMELL,12970,129,5001.373,4090651,4077298,4118,33229106,0,0,16384,4990.000,897.772,auto,30
lltp,ILL/petri-nets/MCC,,,CloudReconfiguration_reconf_3_17_10_1.p,intuitionistic,auto,1,false,,5,0,3,provable,unknown,timeout,,two-sided,IMELL,12962,129,5001.561,4005707,3992603,4124,32364690,0,0,16384,4990.000,859.627,auto,30
lltp,ILL/petri-nets/MCC,,,CloudReconfiguration_reconf_3_17_1_1.p,intuitionistic,auto,1,false,,5,0,3,provable,proved,,ok,two-sided,IMELL,12962,129,1.019,2,0,1,1,0,0,16384,0.000,0.015,auto,30
lltp,ILL/petri-nets/MCC,,,CloudReconfiguration_reconf_3_17_20_1.p,intuitionistic,auto,1,false,,5,0,3,provable,unknown,timeout,,two-sided,IMELL,12966,129,5001.093,3993550,3980248,4126,32705469,0,0,16384,4990.000,937.695,auto,30
lltp,ILL/petri-nets/MCC,,,CloudReconfiguration_reconf_3_17_50_1.p,intuitionistic,auto,1,false,,5,0,3,provable,unknown,timeout,,two-sided,IMELL,12970,129,5001.060,3992616,3979493,4114,32436906,0,0,16384,4990.000,876.220,auto,30
lltp,ILL/petri-nets/MCC,,,CloudReconfiguration_reconf_3_17_5_1.p,intuitionistic,auto,1,false,,5,0,3,provable,proved,,ok,two-sided,IMELL,12962,129,889.749,654272,650023,2611,5725272,0,0,16384,890.000,156.726,auto,30
lltp,ILL/petri-nets/MCC,,,CloudReconfiguration_reconf_3_18_100_1.p,intuitionistic,auto,1,false,,5,0,3,provable,unknown,timeout,,two-sided,IMELL,12970,129,5001.023,4082589,4069261,4118,33165711,0,0,16384,4990.000,849.389,auto,30
lltp,ILL/petri-nets/MCC,,,CloudReconfiguration_reconf_3_18_10_1.p,intuitionistic,auto,1,false,,5,0,3,provable,unknown,timeout,,two-sided,IMELL,12962,129,5001.322,3992393,3979317,4124,32260061,0,0,16384,4990.000,822.317,auto,30
lltp,ILL/petri-nets/MCC,,,CloudReconfiguration_reconf_3_18_1_1.p,intuitionistic,auto,1,false,,5,0,3,provable,proved,,ok,two-sided,IMELL,12962,129,1.062,2,0,1,1,0,0,16384,0.000,0.036,auto,30
lltp,ILL/petri-nets/MCC,,,CloudReconfiguration_reconf_3_18_20_1.p,intuitionistic,auto,1,false,,5,0,3,provable,unknown,timeout,,two-sided,IMELL,12966,129,5001.371,3995828,3982521,4126,32720231,0,0,16384,4990.000,904.819,auto,30
lltp,ILL/petri-nets/MCC,,,CloudReconfiguration_reconf_3_18_50_1.p,intuitionistic,auto,1,false,,5,0,3,provable,unknown,timeout,,two-sided,IMELL,12970,129,5001.159,3973588,3960509,4114,32304389,0,0,16384,4990.000,865.902,auto,30
lltp,ILL/petri-nets/MCC,,,CloudReconfiguration_reconf_3_18_5_1.p,intuitionistic,auto,1,false,,5,0,3,provable,proved,,ok,two-sided,IMELL,12962,129,880.751,655073,650822,2611,5729321,0,0,16384,880.000,171.095,auto,30
lltp,ILL/petri-nets/MCC,,,CloudReconfiguration_reconf_3_19_100_1.p,intuitionistic,auto,1,false,,5,0,3,provable,unknown,timeout,,two-sided,IMELL,12968,129,5000.917,4064531,4051242,4118,33016986,0,0,16384,4990.000,854.784,auto,30
lltp,ILL/petri-nets/MCC,,,CloudReconfiguration_reconf_3_19_10_1.p,intuitionistic,auto,1,false,,5,0,3,provable,unknown,timeout,,two-sided,IMELL,12962,129,5001.564,3971627,3958594,4124,32097041,0,0,16384,4990.000,873.739,auto,30
lltp,ILL/petri-nets/MCC,,,CloudReconfiguration_reconf_3_19_1_1.p,intuitionistic,auto,1,false,,5,0,3,provable,proved,,ok,two-sided,IMELL,12962,129,1.075,2,0,1,1,0,0,16384,0.000,0.038,auto,30
lltp,ILL/petri-nets/MCC,,,CloudReconfiguration_reconf_3_19_20_1.p,intuitionistic,auto,1,false,,5,0,3,provable,unknown,timeout,,two-sided,IMELL,12966,129,5000.940,3980115,3966839,4126,32604033,0,0,16384,4990.000,941.051,auto,30
lltp,ILL/petri-nets/MCC,,,CloudReconfiguration_reconf_3_19_50_1.p,intuitionistic,auto,1,false,,5,0,3,provable,unknown,timeout,,two-sided,IMELL,12970,129,5000.768,3964667,3951605,4112,32231101,0,0,16384,4990.000,860.552,auto,30
lltp,ILL/petri-nets/MCC,,,CloudReconfiguration_reconf_3_19_5_1.p,intuitionistic,auto,1,false,,5,0,3,provable,proved,,ok,two-sided,IMELL,12962,129,884.044,654272,650023,2611,5725272,0,0,16384,880.000,167.273,auto,30
lltp,ILL/petri-nets/MCC,,,CloudReconfiguration_reconf_3_20_100_1.p,intuitionistic,auto,1,false,,5,0,3,provable,unknown,timeout,,two-sided,IMELL,12970,129,5001.032,4042587,4029355,4117,32795914,0,0,16384,4990.000,888.879,auto,30
lltp,ILL/petri-nets/MCC,,,CloudReconfiguration_reconf_3_20_10_1.p,intuitionistic,auto,1,false,,5,0,3,provable,unknown,timeout,,two-sided,IMELL,12962,129,5000.799,3967775,3954755,4124,32035130,0,0,16384,4980.000,855.459,auto,30
lltp,ILL/petri-nets/MCC,,,CloudReconfiguration_reconf_3_20_1_1.p,intuitionistic,auto,1,false,,5,0,3,provable,proved,,ok,two-sided,IMELL,12962,129,1.009,2,0,1,1,0,0,16384,0.000,0.017,auto,30
lltp,ILL/petri-nets/MCC,,,CloudReconfiguration_reconf_3_20_20_1.p,intuitionistic,auto,1,false,,5,0,3,provable,unknown,timeout,,two-sided,IMELL,12966,129,5000.930,3945194,3931993,4126,32303425,0,0,16384,4990.000,884.948,auto,30
lltp,ILL/petri-nets/MCC,,,CloudReconfiguration_reconf_3_20_50_1.p,intuitionistic,auto,1,false,,5,0,3,provable,unknown,timeout,,two-sided,IMELL,12970,129,5000.903,3932555,3919570,4118,31917845,0,0,16384,4990.000,891.246,auto,30
lltp,ILL/petri-nets/MCC,,,CloudReconfiguration_reconf_3_20_5_1.p,intuitionistic,auto,1,false,,5,0,3,provable,proved,,ok,two-sided,IMELL,12962,129,865.794,654794,650544,2611,5724384,0,0,16384,860.000,163.018,auto,30
lltp,ILL/petri-nets/MCC,,,CloudReconfiguration_reconf_4_01_100_1.p,intuitionistic,auto,1,false,,5,0,3,provable,unknown,timeout,,two-sided,IMELL,17788,172,5001.300,3144716,3135188,4189,25939698,0,0,16384,4990.000,919.028,auto,30
lltp,ILL/petri-nets/MCC,,,CloudReconfiguration_reconf_4_01_10_1.p,intuitionistic,auto,1,false,,5,0,3,provable,unknown,timeout,,two-sided,IMELL,17782,172,5001.697,3105641,3096219,4201,25388713,0,0,16384,4990.000,919.704,auto,30
lltp,ILL/petri-nets/MCC,,,CloudReconfiguration_reconf_4_01_1_1.p,intuitionistic,auto,1,false,,5,0,3,provable,proved,,ok,two-sided,IMELL,17782,172,1.249,2,0,1,1,0,0,16384,0.000,0.013,auto,30
lltp,ILL/petri-nets/MCC,,,CloudReconfiguration_reconf_4_01_20_1.p,intuitionistic,auto,1,false,,5,0,3,provable,unknown,timeout,,two-sided,IMELL,17788,172,5001.751,3114048,3104567,4206,25582058,0,0,16384,4990.000,887.395,auto,30
lltp,ILL/petri-nets/MCC,,,CloudReconfiguration_reconf_4_01_50_1.p,intuitionistic,auto,1,false,,5,0,3,provable,unknown,timeout,,two-sided,IMELL,17792,172,5001.252,3094537,3085118,4201,25370708,0,0,16384,4980.000,868.775,auto,30
lltp,ILL/petri-nets/MCC,,,CloudReconfiguration_reconf_4_01_5_1.p,intuitionistic,auto,1,false,,5,0,3,provable,proved,,ok,two-sided,IMELL,17782,172,2184.104,1302480,1296484,3681,11127945,0,0,16384,2180.000,397.823,auto,30
lltp,ILL/petri-nets/MCC,,,CloudReconfiguration_reconf_4_02_100_1.p,intuitionistic,auto,1,false,,5,0,3,provable,unknown,timeout,,two-sided,IMELL,17792,172,5001.851,3154028,3144494,4204,25908157,0,0,16384,4980.000,900.266,auto,30
lltp,ILL/petri-nets/MCC,,,CloudReconfiguration_reconf_4_02_10_1.p,intuitionistic,auto,1,false,,5,0,3,provable,unknown,timeout,,two-sided,IMELL,17782,172,5001.172,3101389,3091978,4199,25347174,0,0,16384,4990.000,872.955,auto,30
lltp,ILL/petri-nets/MCC,,,CloudReconfiguration_reconf_4_02_1_1.p,intuitionistic,auto,1,false,,5,0,3,provable,proved,,ok,two-sided,IMELL,17782,172,1.276,2,0,1,1,0,0,16384,10.000,0.014,auto,30
lltp,ILL/petri-nets/MCC,,,CloudReconfiguration_reconf_4_02_20_1.p,intuitionistic,auto,1,false,,5,0,3,provable,unknown,timeout,,two-sided,IMELL,17788,172,5001.078,3098132,3088680,4206,25448160,0,0,16384,4990.000,900.696,auto,30
lltp,ILL/petri-nets/MCC,,,CloudReconfiguration_reconf_4_02_50_1.p,intuitionistic,auto,1,false,,5,0,3,provable,unknown,timeout,,two-sided,IMELL,17792,172,5001.068,3063939,3054572,4201,25116050,0,0,16384,4980.000,897.306,auto,30
lltp,ILL/petri-nets/MCC,,,CloudReconfiguration_reconf_4_02_5_1.p,intuitionistic,auto,1,false,,5,0,3,provable,proved,,ok,two-sided,IMELL,17782,172,2188.371,1303156,1297160,3681,11130537,0,0,16384,2180.000,392.451,auto,30
lltp,ILL/petri-nets/MCC,,,DLCround_dlcro_04_b_100_1.p,intuitionistic,auto,1,false,,5,0,3,provable,unknown,timeout,,two-sided,IMELL,12436,12,5003.254,4049135,4030240,14539,24890469,0,0,16384,4990.000,645.354,auto,30
lltp,ILL/petri-nets/MCC,,,DLCround_dlcro_04_b_10_1.p,intuitionistic,auto,1,false,,5,0,3,provable,unknown,timeout,,two-sided,IMELL,12326,12,5004.710,4821433,4792929,22986,20326998,0,0,16384,4990.000,716.664,auto,30
lltp,ILL/petri-nets/MCC,,,DLCround_dlcro_04_b_1_1.p,intuitionistic,auto,1,false,,5,0,3,provable,proved,,ok,two-sided,IMELL,12316,12,1.015,3,0,2,4,0,0,16384,0.000,0.018,auto,30
lltp,ILL/petri-nets/MCC,,,DLCround_dlcro_04_b_20_1.p,intuitionistic,auto,1,false,,5,0,3,provable,unknown,timeout,,two-sided,IMELL,12354,12,5005.809,5101796,5072131,23940,21346309,0,0,16384,4990.000,690.774,auto,30
lltp,ILL/petri-nets/MCC,,,DLCround_dlcro_04_b_50_1.p,intuitionistic,auto,1,false,,5,0,3,provable,unknown,timeout,,two-sided,IMELL,12414,12,5004.310,4821906,4802269,14665,22764257,0,0,16384,4980.000,662.548,auto,30
lltp,ILL/petri-nets/MCC,,,DLCround_dlcro_04_b_5_1.p,intuitionistic,auto,1,false,,5,0,3,provable,unknown,timeout,,two-sided,IMELL,12320,12,5006.354,4963935,4934656,23664,20860116,0,0,16384,4990.000,684.020,auto,30
lltp,ILL/petri-nets/MCC,,,DLCround_dlcro_05_b_10_1.p,intuitionistic,auto,1,false,,5,0,3,provable,unknown,timeout,,two-sided,IMELL,15314,13,5004.193,4512946,4494319,14529,18915211,0,0,16384,4990.000,689.762,auto,30
lltp,ILL/petri-nets/MCC,,,DLCround_dlcro_05_b_1_1.p,intuitionistic,auto,1,false,,5,0,3,provable,proved,,ok,two-sided,IMELL,15302,13,1.196,3,0,2,4,0,0,16384,0.000,0.016,auto,30
lltp,ILL/petri-nets/MCC,,,DLCround_dlcro_05_b_20_1.p,intuitionistic,auto,1,false,,5,0,3,provable,unknown,timeout,,two-sided,IMELL,15304,13,5004.456,4733413,4714676,14503,19744085,0,0,16384,4990.000,677.894,auto,30
lltp,ILL/petri-nets/MCC,,,DLCround_dlcro_05_b_50_1.p,intuitionistic,auto,1,false,,5,0,3,provable,unknown,timeout,,two-sided,IMELL,15304,13,5004.229,4711046,4692322,14503,19664894,0,0,16384,4990.000,663.759,auto,30
lltp,ILL/petri-nets/MCC,,,DLCround_dlcro_05_b_5_1.p,intuitionistic,auto,1,false,,5,0,3,provable,unknown,timeout,,two-sided,IMELL,15308,13,5004.528,4502909,4484302,14514,18892719,0,0,16384,4990.000,678.786,auto,30
lltp,ILL/petri-nets/MCC,,,DLCround_dlcro_06_b_10_1.p,intuitionistic,auto,1,false,,5,0,3,provable,unknown,timeout,,two-sided,IMELL,18590,14,5006.321,3438366,3417838,17112,15947059,0,0,16384,5000.000,631.058,auto,30
lltp,ILL/petri-nets/MCC,,,DLCround_dlcro_06_b_1_1.p,intuitionistic,auto,1,false,,5,0,3,provable,proved,,ok,two-sided,IMELL,18580,14,1.467,3,0,2,4,0,0,16384,10.000,0.015,auto,30
lltp,ILL/petri-nets/MCC,,,DLCround_dlcro_06_b_20_1.p,intuitionistic,auto,1,false,,5,0,3,provable,unknown,timeout,,two-sided,IMELL,18582,14,5006.630,3635084,3614481,17085,16671843,0,0,16384,5000.000,633.898,auto,30
lltp,ILL/petri-nets/MCC,,,DLCround_dlcro_06_b_50_1.p,intuitionistic,auto,1,false,,5,0,3,provable,unknown,timeout,,two-sided,IMELL,18582,14,5006.121,3643213,3622606,17085,16700887,0,0,16384,5000.000,651.935,auto,30
lltp,ILL/petri-nets/MCC,,,DLCround_dlcro_06_b_5_1.p,intuitionistic,auto,1,false,,5,0,3,provable,unknown,timeout,,two-sided,IMELL,18586,14,5006.117,3444111,3423592,17102,15972962,0,0,16384,4990.000,653.975,auto,30
lltp,ILL/petri-nets/MCC,,,DLCround_dlcro_07_b_10_1.p,intuitionistic,auto,1,false,,5,0,3,provable,unknown,timeout,,two-sided,IMELL,22156,15,5003.391,2950589,2939408,8443,13979112,0,0,16384,4990.000,658.507,auto,30
lltp,ILL/petri-nets/MCC,,,DLCround_dlcro_07_b_1_1.p,intuitionistic,auto,1,false,,5,0,3,provable,proved,,ok,two-sided,IMELL,22150,15,1.619,3,0,2,4,0,0,16384,0.000,0.017,auto,30
lltp,ILL/petri-nets/MCC,,,DLCround_dlcro_07_b_20_1.p,intuitionistic,auto,1,false,,5,0,3,provable,unknown,timeout,,two-sided,IMELL,22152,15,5004.246,3101887,3090580,8438,14669534,0,0,16384,4990.000,587.564,auto,30
lltp,ILL/petri-nets/MCC,,,DLCround_dlcro_07_b_50_1.p,intuitionistic,auto,1,false,,5,0,3,provable,unknown,timeout,,two-sided,IMELL,22152,15,5003.655,3117435,3106113,8438,14745598,0,0,16384,4990.000,610.557,auto,30
lltp,ILL/petri-nets/MCC,,,DLCround_dlcro_07_b_5_1.p,intuitionistic,auto,1,false,,5,0,3,provable,unknown,timeout,,two-sided,IMELL,22152,15,5003.892,2998312,2987093,8439,14203150,0,0,16384,4980.000,634.925,auto,30
lltp,ILL/petri-nets/MCC,,,DLCround_dlcro_08_b_10_1.p,intuitionistic,auto,1,false,,5,0,3,provable,unknown,timeout,,two-sided,IMELL,26024,16,5005.682,2449917,2437875,10013,11859369,0,0,16384,4990.000,673.671,auto,30
lltp,ILL/petri-nets/MCC,,,DLCround_dlcro_08_b_1_1.p,intuitionistic,auto,1,false,,5,0,3,provable,proved,,ok,two-sided,IMELL,26012,16,2.109,3,0,2,4,0,0,16384,10.000,0.037,auto,30
lltp,ILL/petri-nets/MCC,,,DLCround_dlcro_08_b_20_1.p,intuitionistic,auto,1,false,,5,0,3,provable,unknown,timeout,,two-sided,IMELL,26014,16,5005.016,2507459,2495380,10006,12130424,0,0,16384,5000.000,633.283,auto,30
lltp,ILL/petri-nets/MCC,,,DLCround_dlcro_08_b_50_1.p,intuitionistic,auto,1,false,,5,0,3,provable,unknown,timeout,,two-sided,IMELL,26014,16,5005.713,2485457,2473393,10006,12034659,0,0,16384,4990.000,676.683,auto,30
lltp,ILL/petri-nets/MCC,,,DLCround_dlcro_08_b_5_1.p,intuitionistic,auto,1,false,,5,0,3,provable,unknown,timeout,,two-sided,IMELL,26016,16,5005.483,2375535,2363552,10005,11541587,0,0,16384,4990.000,742.129,auto,30
lltp,ILL/petri-nets/MCC,,,DLCround_dlcro_09_a_1_1.p,intuitionistic,auto,1,false,,5,0,3,provable,proved,,ok,two-sided,IMELL,17746,57,0.971,3,0,2,186,0,0,16384,0.000,0.030,auto,30
lltp,ILL/petri-nets/MCC,,,DLCround_dlcro_09_a_20_1.p,intuitionistic,auto,1,false,,5,0,3,provable,unknown,timeout,,two-sided,IMELL,17746,57,5034.408,129453,50386,78660,73260641,0,0,16384,5030.000,400.881,auto,30
lltp,ILL/petri-nets/MCC,,,DLCround_dlcro_09_a_50_1.p,intuitionistic,auto,1,false,,5,0,3,provable,unknown,timeout,,two-sided,IMELL,17746,57,5181.927,530226,98732,430745,2447518,0,0,16384,5160.000,700.210,auto,30
lltp,ILL/petri-nets/MCC,,,DLCround_dlcro_09_a_5_1.p,intuitionistic,auto,1,false,,5,0,3,provable,proved,,ok,two-sided,IMELL,17746,57,24.988,330,0,322,281396,0,0,16384,30.000,2.342,auto,30
lltp,ILL/petri-nets/MCC,,,DLCround_dlcro_09_b_10_1.p,intuitionistic,auto,1,false,,5,0,3,provable,unknown,timeout,,two-sided,IMELL,30174,17,5011.806,2061559,2042024,18231,9930584,0,0,16384,4990.000,721.157,auto,30
lltp,ILL/petri-nets/MCC,,,DLCround_dlcro_09_b_1_1.p,intuitionistic,auto,1,false,,5,0,3,provable,proved,,ok,two-sided,IMELL,30166,17,2.297,3,0,2,4,0,0,16384,0.000,0.023,auto,30
lltp,ILL/petri-nets/MCC,,,DLCround_dlcro_09_b_20_1.p,intuitionistic,auto,1,false,,5,0,3,provable,unknown,timeout,,two-sided,IMELL,30168,17,5007.590,1998942,1985715,11674,10161278,0,0,16384,4990.000,695.339,auto,30
lltp,ILL/petri-nets/MCC,,,DLCround_dlcro_09_b_50_1.p,intuitionistic,auto,1,false,,5,0,3,provable,unknown,timeout,,two-sided,IMELL,30168,17,5008.072,2111137,2097836,11680,10653012,0,0,16384,4990.000,663.153,auto,30
lltp,ILL/petri-nets/MCC,,,DLCround_dlcro_09_b_5_1.p,intuitionistic,auto,1,false,,5,0,3,provable,unknown,timeout,,two-sided,IMELL,30174,17,5006.411,2082757,2069464,11690,10518687,0,0,16384,4990.000,660.860,auto,30
lltp,ILL/petri-nets/MCC,,,DLCround_dlcro_10_a_1_1.p,intuitionistic,auto,1,false,,5,0,3,provable,proved,,ok,two-sided,IMELL,20686,61,1.172,3,0,2,215,0,0,16384,0.000,0.013,auto,30
lltp,ILL/petri-nets/MCC,,,DLCround_dlcro_10_a_20_1.p,intuitionistic,auto,1,false,,5,0,3,provable,unknown,timeout,,two-sided,IMELL,20686,61,5023.993,90058,28169,61633,66083668,0,0,16384,5020.000,366.319,auto,30
lltp,ILL/petri-nets/MCC,,,DLCround_dlcro_10_a_50_1.p,intuitionistic,auto,1,false,,5,0,3,provable,unknown,timeout,,two-sided,IMELL,20686,61,5182.430,449750,75376,373833,2070232,0,0,16384,5170.000,658.477,auto,30
lltp,ILL/petri-nets/MCC,,,DLCround_dlcro_10_a_5_1.p,intuitionistic,auto,1,false,,5,0,3,provable,proved,,ok,two-sided,IMELL,20686,61,2.061,6,0,3,2591,0,0,16384,0.000,0.016,auto,30
lltp,ILL/petri-nets/MCC,,,DLCround_dlcro_10_b_10_1.p,intuitionistic,auto,1,false,,5,0,3,provable,unknown,timeout,,two-sided,IMELL,34618,18,5007.083,1830654,1821655,7625,10014781,0,0,16384,4990.000,719.561,auto,30
lltp,ILL/petri-nets/MCC,,,DLCround_dlcro_10_b_1_1.p,intuitionistic,auto,1,false,,5,0,3,provable,proved,,ok,two-sided,IMELL,34612,18,2.727,3,0,2,4,0,0,16384,0.000,0.016,auto,30
lltp,ILL/petri-nets/MCC,,,DLCround_dlcro_10_b_20_1.p,intuitionistic,auto,1,false,,5,0,3,provable,unknown,timeout,,two-sided,IMELL,34614,18,5006.393,1894094,1885082,7591,10360782,0,0,16384,4990.000,710.830,auto,30
lltp,ILL/petri-nets/MCC,,,DLCround_dlcro_10_b_50_1.p,intuitionistic,auto,1,false,,5,0,3,provable,unknown,timeout,,two-sided,IMELL,34614,18,5006.503,1889707,1880698,7591,10337789,0,0,16384,4990.000,744.463,auto,30
lltp,ILL/petri-nets/MCC,,,DLCround_dlcro_10_b_5_1.p,intuitionistic,auto,1,false,,5,0,3,provable,unknown,timeout,,two-sided,IMELL,34618,18,5006.648,1834499,1825497,7625,10036652,0,0,16384,4990.000,704.784,auto,30
lltp,ILL/petri-nets/MCC,,,DLCround_dlcro_11_a_1_1.p,intuitionistic,auto,1,false,,5,0,3,provable,proved,,ok,two-sided,IMELL,23842,65,1.440,3,0,2,246,0,0,16384,10.000,0.025,auto,30
lltp,ILL/petri-nets/MCC,,,DLCround_dlcro_11_a_20_1.p,intuitionistic,auto,1,false,,5,0,3,provable,unknown,timeout,,two-sided,IMELL,23842,65,5028.659,64820,11283,53375,61403923,0,0,16384,5020.000,459.587,auto,30
lltp,ILL/petri-nets/MCC,,,DLCround_dlcro_11_a_50_1.p,intuitionistic,auto,1,false,,5,0,3,provable,unknown,timeout,,two-sided,IMELL,23842,65,5192.501,418321,77855,339993,2010831,0,0,16384,5170.000,707.179,auto,30
lltp,ILL/petri-nets/MCC,,,DLCround_dlcro_11_a_5_1.p,intuitionistic,auto,1,false,,5,0,3,provable,unknown,timeout,,two-sided,IMELL,23842,65,5019.234,68731,12869,55686,61887932,0,0,16384,5010.000,440.222,auto,30
lltp,ILL/petri-nets/MCC,,,DLCround_dlcro_11_b_10_1.p,intuitionistic,auto,1,false,,5,0,3,provable,unknown,timeout,,two-sided,IMELL,39360,19,5009.058,1572562,1562796,8732,8522376,0,0,16384,5000.000,721.414,auto,30
lltp,ILL/petri-nets/MCC,,,DLCround_dlcro_11_b_1_1.p,intuitionistic,auto,1,false,,5,0,3,provable,proved,,ok,two-sided,IMELL,39350,19,3.087,3,0,2,4,0,0,16384,10.000,0.016,auto,30
lltp,ILL/petri-nets/MCC,,,DLCround_dlcro_11_b_20_1.p,intuitionistic,auto,1,false,,5,0,3,provable,unknown,timeout,,two-sided,IMELL,39352,19,5007.692,1639239,1629466,8695,8888434,0,0,16384,5000.000,712.552,auto,30
lltp,ILL/petri-nets/MCC,,,DLCround_dlcro_11_b_50_1.p,intuitionistic,auto,1,false,,5,0,3,provable,unknown,timeout,,two-sided,IMELL,39352,19,5006.592,1636601,1626830,8695,8873128,0,0,16384,4990.000,702.736,auto,30
lltp,ILL/petri-nets/MCC,,,DLCround_dlcro_11_b_5_1.p,intuitionistic,auto,1,false,,5,0,3,provable,unknown,timeout,,two-sided,IMELL,39352,19,5005.962,1590886,1581114,8726,8627566,0,0,16384,5000.000,725.488,auto,30
lltp,ILL/petri-nets/MCC,,,DLCround_dlcro_12_a_1_1.p,intuitionistic,auto,1,false,,5,0,3,provable,proved,,ok,two-sided,IMELL,27214,69,1.567,3,0,2,279,0,0,16384,10.000,0.033,auto,30
lltp,ILL/petri-nets/MCC,,,DLCround_dlcro_12_a_20_1.p,intuitionistic,auto,1,false,,5,0,3,provable,unknown,timeout,,two-sided,IMELL,27214,69,5019.394,46593,4380,42110,58445406,0,0,16384,5010.000,388.948,auto,30
lltp,ILL/petri-nets/MCC,,,DLCround_dlcro_12_a_50_1.p,intuitionistic,auto,1,false,,5,0,3,provable,unknown,timeout,,two-sided,IMELL,27214,69,5209.882,357990,47145,310515,1663772,0,0,16384,5200.000,576.284,auto,30
lltp,ILL/petri-nets/MCC,,,DLCround_dlcro_12_a_5_1.p,intuitionistic,auto,1,false,,5,0,3,provable,proved,,ok,two-sided,IMELL,27214,69,3.778,9,0,4,8676,0,0,16384,0.000,0.062,auto,30
lltp,ILL/petri-nets/MCC,,,DLCround_dlcro_12_b_10_1.p,intuitionistic,auto,1,false,,5,0,3,provable,unknown,timeout,,two-sided,IMELL,44394,20,5010.912,1394694,1383979,9900,7534149,0,0,16384,5000.000,731.250,auto,30
lltp,ILL/petri-nets/MCC,,,DLCround_dlcro_12_b_1_1.p,intuitionistic,auto,1,false,,5,0,3,provable,proved,,ok,two-sided,IMELL,44380,20,3.204,3,0,2,4,0,0,16384,10.000,0.050,auto,30
lltp,ILL/petri-nets/MCC,,,DLCround_dlcro_12_b_20_1.p,intuitionistic,auto,1,false,,5,0,3,provable,unknown,timeout,,two-sided,IMELL,44382,20,5010.949,1459564,1448862,9849,7886684,0,0,16384,5000.000,673.476,auto,30
lltp,ILL/petri-nets/MCC,,,DLCround_dlcro_12_b_50_1.p,intuitionistic,auto,1,false,,5,0,3,provable,unknown,timeout,,two-sided,IMELL,44382,20,5009.879,1458778,1448076,9849,7884233,0,0,16384,5000.000,678.868,auto,30
lltp,ILL/petri-nets/MCC,,,DLCround_dlcro_12_b_5_1.p,intuitionistic,auto,1,false,,5,0,3,provable,unknown,timeout,,two-sided,IMELL,44384,20,5007.507,1381182,1370485,9889,7466689,0,0,16384,4990.000,731.269,auto,30
lltp,ILL/petri-nets/MCC,,,DLCround_dlcro_13_a_1_1.p,intuitionistic,auto,1,false,,5,0,3,provable,proved,,ok,two-sided,IMELL,30802,73,1.644,3,0,2,314,0,0,16384,0.000,0.026,auto,30
lltp,ILL/petri-nets/MCC,,,DLCround_dlcro_13_a_20_1.p,intuitionistic,auto,1,false,,5,0,3,provable,unknown,timeout,,two-sided,IMELL,30802,73,5027.019,56586,5347,51126,49506925,0,0,16384,5010.000,369.297,auto,30
lltp,ILL/petri-nets/MCC,,,DLCround_dlcro_13_a_50_1.p,intuitionistic,auto,1,false,,5,0,3,provable,unknown,timeout,,two-sided,IMELL,30802,73,5191.315,306603,22772,283602,1365805,0,0,16384,5180.000,480.700,auto,30
lltp,ILL/petri-nets/MCC,,,DLCround_dlcro_13_a_5_1.p,intuitionistic,auto,1,false,,5,0,3,provable,unknown,timeout,,two-sided,IMELL,30802,73,5044.762,78437,10907,67369,53885801,0,0,16384,5030.000,424.296,auto,30
lltp,ILL/petri-nets/MCC,,,DLCround_dlcro_13_b_10_1.p,intuitionistic,auto,1,false,,5,0,3,provable,unknown,timeout,,two-sided,IMELL,49710,21,5012.855,1197066,1185315,11129,6407789,0,0,16384,4990.000,734.297,auto,30
lltp,ILL/petri-nets/MCC,,,DLCround_dlcro_13_b_1_1.p,intuitionistic,auto,1,false,,5,0,3,provable,proved,,ok,two-sided,IMELL,49702,21,3.987,3,0,2,4,0,0,16384,0.000,0.020,auto,30
lltp,ILL/petri-nets/MCC,,,DLCround_dlcro_13_b_20_1.p,intuitionistic,auto,1,false,,5,0,3,provable,unknown,timeout,,two-sided,IMELL,49706,21,5012.082,1284588,1272837,11085,6869842,0,0,16384,5000.000,680.924,auto,30
lltp,ILL/petri-nets/MCC,,,DLCround_dlcro_13_b_50_1.p,intuitionistic,auto,1,false,,5,0,3,provable,unknown,timeout,,two-sided,IMELL,49706,21,5009.367,1283429,1271678,11085,6867453,0,0,16384,4990.000,695.107,auto,30
lltp,ILL/petri-nets/MCC,,,DLCround_dlcro_13_b_5_1.p,intuitionistic,auto,1,false,,5,0,3,provable,unknown,timeout,,two-sided,IMELL,49706,21,5009.641,1205199,1193448,11125,6451663,0,0,16384,5000.000,703.183,auto,30
lltp,ILL/petri-nets/MCC,,,DLCshifumi_dlcsh_2_b_10_1.p,intuitionistic,auto,1,false,,5,0,3,provable,unknown,timeout,,two-sided,IMELL,15520,20,5004.726,4364012,4346250,13233,20965098,0,0,16384,5000.000,738.359,auto,30
lltp,ILL/petri-nets/MCC,,,DLCshifumi_dlcsh_2_b_1_1.p,intuitionistic,auto,1,false,,5,0,3,provable,proved,,ok,two-sided,IMELL,15516,20,1.189,3,0,2,4,0,0,16384,0.000,0.013,auto,30
lltp,ILL/petri-nets/MCC,,,DLCshifumi_dlcsh_2_b_20_1.p,intuitionistic,auto,1,false,,5,0,3,provable,unknown,timeout,,two-sided,IMELL,15518,20,5004.008,4543900,4525925,13228,21875602,0,0,16384,4990.000,697.775,auto,30
lltp,ILL/petri-nets/MCC,,,DLCshifumi_dlcsh_2_b_50_1.p,intuitionistic,auto,1,false,,5,0,3,provable,unknown,timeout,,two-sided,IMELL,15518,20,5004.629,4481750,4463846,13228,21570605,0,0,16384,5000.000,663.164,auto,30
lltp,ILL/petri-nets/MCC,,,DLCshifumi_dlcsh_2_b_5_1.p,intuitionistic,auto,1,false,,5,0,3,provable,unknown,timeout,,two-sided,IMELL,15520,20,5004.938,4374356,4356583,13233,21013798,0,0,16384,4990.000,689.859,auto,30
lltp,ILL/petri-nets/MCC,,,DLCshifumi_dlcsh_3_a_100_1.p,intuitionistic,auto,1,false,,5,0,3,provable,unknown,timeout,,two-sided,IMELL,23654,169,5189.060,367180,15544,351444,1206736,0,0,16384,5180.000,464.989,auto,30
lltp,ILL/petri-nets/MCC,,,DLCshifumi_dlcsh_3_a_1_1.p,intuitionistic,auto,1,false,,5,0,3,provable,proved,,ok,two-sided,IMELL,23654,169,1.417,3,0,2,284,0,0,16384,10.000,0.040,auto,30
lltp,ILL/petri-nets/MCC,,,DLCshifumi_dlcsh_3_a_20_1.p,intuitionistic,auto,1,false,,5,0,3,provable,unknown,timeout,,two-sided,IMELL,23654,169,5039.349,86324,6924,79270,116613274,0,0,16384,5030.000,457.045,auto,30
lltp,ILL/petri-nets/MCC,,,DLCshifumi_dlcsh_3_a_50_1.p,intuitionistic,auto,1,false,,5,0,3,provable,unknown,timeout,,two-sided,IMELL,23654,169,5039.077,86164,6924,79110,116048973,0,0,16384,5030.000,457.836,auto,30
lltp,ILL/petri-nets/MCC,,,DLCshifumi_dlcsh_3_a_5_1.p,intuitionistic,auto,1,false,,5,0,3,provable,proved,,ok,two-sided,IMELL,23654,169,1.395,3,0,2,284,0,0,16384,0.000,0.015,auto,30
lltp,ILL/petri-nets/MCC,,,DLCshifumi_dlcsh_3_b_10_1.p,intuitionistic,auto,1,false,,5,0,3,provable,unknown,timeout,,two-sided,IMELL,49164,45,5011.312,1187871,1177884,9322,7428752,0,0,16384,4990.000,724.321,auto,30
lltp,ILL/petri-nets/MCC,,,DLCshifumi_dlcsh_3_b_1_1.p,intuitionistic,auto,1,false,,5,0,3,provable,proved,,ok,two-sided,IMELL,49150,45,3.800,3,0,2,4,0,0,16384,0.000,0.020,auto,30
lltp,ILL/petri-nets/MCC,,,DLCshifumi_dlcsh_3_b_20_1.p,intuitionistic,auto,1,false,,5,0,3,provable,unknown,timeout,,two-sided,IMELL,49158,45,5016.861,1315670,1297064,17945,8122391,0,0,16384,5000.000,834.834,auto,30
lltp,ILL/petri-nets/MCC,,,DLCshifumi_dlcsh_3_b_50_1.p,intuitionistic,auto,1,false,,5,0,3,provable,unknown,timeout,,two-sided,IMELL,49158,45,5008.276,1272475,1262474,9288,7975054,0,0,16384,4990.000,713.014,auto,30
lltp,ILL/petri-nets/MCC,,,DLCshifumi_dlcsh_3_b_5_1.p,intuitionistic,auto,1,false,,5,0,3,provable,unknown,timeout,,two-sided,IMELL,49158,45,5008.012,1189332,1179350,9316,7440397,0,0,16384,4990.000,739.102,auto,30
lltp,ILL/petri-nets/MCC,,,DLCshifumi_dlcsh_4_a_100_1.p,intuitionistic,auto,1,false,,5,0,3,provable,unknown,timeout,,two-sided,IMELL,58602,317,5165.909,151951,726,151184,3774471,0,0,16384,5140.000,610.899,auto,30
lltp,ILL/petri-nets/MCC,,,DLCshifumi_dlcsh_4_a_1_1.p,intuitionistic,auto,1,false,,5,0,3,provable,proved,,ok,two-sided,IMELL,58602,317,3.333,3,0,2,693,0,0,16384,10.000,0.036,auto,30
lltp,ILL/petri-nets/MCC,,,DLCshifumi_dlcsh_4_a_20_1.p,intuitionistic,auto,1,false,,5,0,3,provable,unknown,timeout,,two-sided,IMELL,58602,317,5056.835,52403,703,51662,86527095,0,0,16384,5040.000,596.283,auto,30
lltp,ILL/petri-nets/MCC,,,DLCshifumi_dlcsh_4_a_50_1.p,intuitionistic,auto,1,false,,5,0,3,provable,unknown,timeout,,two-sided,IMELL,58602,317,5165.908,152847,726,152080,3796493,0,0,16384,5150.000,517.196,auto,30
lltp,ILL/petri-nets/MCC,,,DLCshifumi_dlcsh_4_a_5_1.p,intuitionistic,auto,1,false,,5,0,3,provable,proved,,ok,two-sided,IMELL,58602,317,1844.800,18908,364,18526,31120002,0,0,16384,1840.000,225.628,auto,30
lltp,ILL/petri-nets/MCC,,,DLCshifumi_dlcsh_4_b_10_1.p,intuitionistic,auto,1,false,,5,0,3,provable,unknown,timeout,,two-sided,IMELL,112582,82,5041.900,386517,364172,22248,2369602,0,0,16384,5040.000,722.216,auto,30
lltp,ILL/petri-nets/MCC,,,DLCshifumi_dlcsh_4_b_1_1.p,intuitionistic,auto,1,false,,5,0,3,provable,proved,,ok,two-sided,IMELL,112572,82,9.860,7,0,5,7,0,0,16384,0.000,0.032,auto,30
lltp,ILL/petri-nets/MCC,,,DLCshifumi_dlcsh_4_b_20_1.p,intuitionistic,auto,1,false,,5,0,3,provable,unknown,timeout,,two-sided,IMELL,112586,82,5032.696,431204,408852,22244,2640520,0,0,16384,5020.000,683.723,auto,30
lltp,ILL/petri-nets/MCC,,,DLCshifumi_dlcsh_4_b_50_1.p,intuitionistic,auto,1,false,,5,0,3,provable,unknown,timeout,,two-sided,IMELL,112586,82,5033.497,427195,404847,22240,2629903,0,0,16384,5030.000,657.476,auto,30
lltp,ILL/petri-nets/MCC,,,DLCshifumi_dlcsh_4_b_5_1.p,intuitionistic,auto,1,false,,5,0,3,provable,unknown,timeout,,two-sided,IMELL,112580,82,5034.041,386611,364265,22248,2369950,0,0,16384,5020.000,695.169,auto,30
lltp,ILL/petri-nets/MCC,,,DLCshifumi_dlcsh_5_a_100_1.p,intuitionistic,auto,1,false,,5,0,3,provable,unknown,timeout,,two-sided,IMELL,117670,513,5043.704,23328,399,22915,49260696,0,0,16384,5040.000,386.929,auto,30
lltp,ILL/petri-nets/MCC,,,DLCshifumi_dlcsh_5_a_1_1.p,intuitionistic,auto,1,false,,5,0,3,provable,proved,,ok,two-sided,IMELL,117670,513,6.699,3,0,2,1380,0,0,16384,0.000,0.040,auto,30
lltp,ILL/petri-nets/MCC,,,DLCshifumi_dlcsh_5_a_20_1.p,intuitionistic,auto,1,false,,5,0,3,provable,unknown,timeout,,two-sided,IMELL,117670,513,5044.361,23328,399,22915,49260696,0,0,16384,5030.000,377.854,auto,30
lltp,ILL/petri-nets/MCC,,,DLCshifumi_dlcsh_5_a_50_1.p,intuitionistic,auto,1,false,,5,0,3,provable,unknown,timeout,,two-sided,IMELL,117670,513,5058.506,23522,409,23098,49660008,0,0,16384,5040.000,353.874,auto,30
lltp,ILL/petri-nets/MCC,,,DLCshifumi_dlcsh_5_a_5_1.p,intuitionistic,auto,1,false,,5,0,3,provable,unknown,timeout,,two-sided,IMELL,117670,513,5056.241,23522,409,23098,49704888,0,0,16384,5050.000,334.875,auto,30
lltp,ILL/petri-nets/MCC,,,DLCshifumi_dlcsh_5_b_10_1.p,intuitionistic,auto,1,false,,5,0,3,provable,unknown,timeout,,two-sided,IMELL,214862,131,5120.612,48299,15927,32364,198034,0,0,16384,5110.000,314.309,auto,30
lltp,ILL/petri-nets/MCC,,,DLCshifumi_dlcsh_5_b_1_1.p,intuitionistic,auto,1,false,,5,0,3,provable,proved,,ok,two-sided,IMELL,214854,131,21.008,8,0,5,9,0,0,16384,10.000,0.056,auto,30
lltp,ILL/petri-nets/MCC,,,DLCshifumi_dlcsh_5_b_20_1.p,intuitionistic,auto,1,false,,5,0,3,provable,unknown,timeout,,two-sided,IMELL,214856,131,5102.983,53929,19187,34734,209841,0,0,16384,5080.000,305.988,auto,30
lltp,ILL/petri-nets/MCC,,,DLCshifumi_dlcsh_5_b_50_1.p,intuitionistic,auto,1,false,,5,0,3,provable,unknown,timeout,,two-sided,IMELL,214856,131,5103.168,54376,19451,34917,210916,0,0,16384,5090.000,303.517,auto,30
lltp,ILL/petri-nets/MCC,,,DLCshifumi_dlcsh_5_b_5_1.p,intuitionistic,auto,1,false,,5,0,3,provable,unknown,timeout,,two-sided,IMELL,214862,131,5115.220,48360,15961,32391,198246,0,0,16384,5100.000,312.420,auto,30
lltp,ILL/petri-nets/MCC,,,DLCshifumi_dlcsh_6_a_100_1.p,intuitionistic,auto,1,false,,5,0,3,provable,unknown,timeout,,two-sided,IMELL,207194,757,5094.575,1282,0,1276,4773357,0,0,16384,5070.000,170.883,auto,30
lltp,ILL/petri-nets/MCC,,,DLCshifumi_dlcsh_6_a_1_1.p,intuitionistic,auto,1,false,,5,0,3,provable,proved,,ok,two-sided,IMELL,207194,757,27.226,4,0,2,6565,0,0,16384,30.000,1.026,auto,30
lltp,ILL/petri-nets/MCC,,,DLCshifumi_dlcsh_6_a_20_1.p,intuitionistic,auto,1,false,,5,0,3,provable,unknown,timeout,,two-sided,IMELL,207194,757,5100.099,1282,0,1276,4791946,0,0,16384,5090.000,174.168,auto,30
lltp,ILL/petri-nets/MCC,,,DLCshifumi_dlcsh_6_a_50_1.p,intuitionistic,auto,1,false,,5,0,3,provable,unknown,timeout,,two-sided,IMELL,207194,757,5107.245,1282,0,1276,4786241,0,0,16384,5090.000,168.693,auto,30
lltp,ILL/petri-nets/MCC,,,DLCshifumi_dlcsh_6_a_5_1.p,intuitionistic,auto,1,false,,5,0,3,provable,unknown,timeout,,two-sided,IMELL,207194,757,5088.916,1282,0,1276,4794315,0,0,16384,5070.000,167.711,auto,30
lltp,ILL/petri-nets/MCC,,,DLCshifumi_dlcsh_6_b_10_1.p,intuitionistic,auto,1,false,,5,0,3,provable,unknown,timeout,,two-sided,IMELL,365082,192,5126.181,19512,7,19500,109954,0,0,16384,5110.000,1093.218,auto,30
lltp,ILL/petri-nets/MCC,,,DLCshifumi_dlcsh_6_b_1_1.p,intuitionistic,auto,1,false,,5,0,,,unknown,crash (signal: 6 (SIGABRT) (core dumped)): note: run with `RUST_BACKTRACE=1` environment variable to display a backtrace,,,,,,3961.729,,,,,,,,,,auto,30
lltp,ILL/petri-nets/MCC,,,DLCshifumi_dlcsh_6_b_20_1.p,intuitionistic,auto,1,false,,5,0,3,provable,unknown,timeout,,two-sided,IMELL,365070,192,5132.999,21560,1,21554,115325,0,0,16384,5120.000,982.435,auto,30
lltp,ILL/petri-nets/MCC,,,DLCshifumi_dlcsh_6_b_50_1.p,intuitionistic,auto,1,false,,5,0,3,provable,unknown,timeout,,two-sided,IMELL,365070,192,5129.285,21496,1,21490,114896,0,0,16384,5110.000,1102.367,auto,30
lltp,ILL/petri-nets/MCC,,,DLCshifumi_dlcsh_6_b_5_1.p,intuitionistic,auto,1,false,,5,0,3,provable,unknown,timeout,,two-sided,IMELL,365076,192,5122.870,19512,4,19503,109937,0,0,16384,5120.000,1114.336,auto,30
lltp,ILL/petri-nets/MCC,,,DNAwalker_dnawalk-18_1_1.p,intuitionistic,auto,1,false,,5,0,3,provable,proved,,ok,two-sided,IMELL,36602,169,2.932,3,0,2,276,0,0,16384,0.000,0.030,auto,30
lltp,ILL/petri-nets/MCC,,,DNAwalker_dnawalk-18_20_1.p,intuitionistic,auto,1,false,,5,0,3,provable,unknown,timeout,,two-sided,IMELL,36562,168,5007.060,45043,20098,24597,14164116,0,0,16384,4990.000,530.298,auto,30
lltp,ILL/petri-nets/MCC,,,DNAwalker_dnawalk-18_50_1.p,intuitionistic,auto,1,false,,5,0,3,provable,unknown,timeout,,two-sided,IMELL,36538,168,5011.821,46446,20928,25160,14601783,0,0,16384,5000.000,568.600,auto,30
lltp,ILL/petri-nets/MCC,,,DNAwalker_dnawalk-18_5_1.p,intuitionistic,auto,1,false,,5,0,3,provable,unknown,timeout,,two-sided,IMELL,36592,168,5005.673,44438,19780,24315,13913812,0,0,16384,4990.000,515.927,auto,30
lltp,ILL/petri-nets/MCC,,,DatabaseWithMutex_database20UNFOLD_100_1.p,intuitionistic,auto,1,false,,5,0,3,provable,unknown,timeout,,two-sided,IMELL,46636,21,5033.305,44572,6359,38093,20562623,0,0,16384,5020.000,481.316,auto,30
lltp,ILL/petri-nets/MCC,,,DatabaseWithMutex_database20UNFOLD_1_1.p,intuitionistic,auto,1,false,,5,0,3,provable,proved,,ok,two-sided,IMELL,46638,21,4.213,3,0,2,140,0,0,16384,10.000,0.048,auto,30
lltp,ILL/petri-nets/MCC,,,DatabaseWithMutex_database20UNFOLD_20_1.p,intuitionistic,auto,1,false,,5,0,3,provable,unknown,timeout,,two-sided,IMELL,46658,21,5053.588,83709,22572,60914,37076980,0,0,16384,5050.000,483.597,auto,30
lltp,ILL/petri-nets/MCC,,,DatabaseWithMutex_database20UNFOLD_50_1.p,intuitionistic,auto,1,false,,5,0,3,provable,unknown,timeout,,two-sided,IMELL,46636,21,5033.052,45047,6472,38454,19723425,0,0,16384,5020.000,441.574,auto,30
lltp,ILL/petri-nets/MCC,,,DatabaseWithMutex_database20UNFOLD_5_1.p,intuitionistic,auto,1,false,,5,0,3,provable,unknown,timeout,,two-sided,IMELL,46672,21,5066.428,166391,76632,89316,69452114,0,0,16384,5060.000,624.049,auto,30
lltp,ILL/petri-nets/MCC,,,DatabaseWithMutex_database40UNFOLD_100_1.p,intuitionistic,auto,1,false,,5,0,3,provable,unknown,timeout,,two-sided,IMELL,314076,41,5021.020,1585,0,1582,2353372,0,0,16384,5010.000,140.793,auto,30
lltp,ILL/petri-nets/MCC,,,DatabaseWithMutex_database40UNFOLD_1_1.p,intuitionistic,auto,1,false,,5,0,3,provable,proved,,ok,two-sided,IMELL,314078,41,52.778,7,0,4,519,0,0,16384,50.000,2.927,auto,30
lltp,ILL/petri-nets/MCC,,,DatabaseWithMutex_database40UNFOLD_20_1.p,intuitionistic,auto,1,false,,5,0,3,provable,unknown,timeout,,two-sided,IMELL,314138,41,5092.817,3216,1,3209,5972698,0,0,16384,5080.000,254.692,auto,30
lltp,ILL/petri-nets/MCC,,,DatabaseWithMutex_database40UNFOLD_50_1.p,intuitionistic,auto,1,false,,5,0,3,provable,unknown,timeout,,two-sided,IMELL,314108,41,5056.457,1824,0,1819,2890831,0,0,16384,5050.000,152.003,auto,30
lltp,ILL/petri-nets/MCC,,,DatabaseWithMutex_database40UNFOLD_5_1.p,intuitionistic,auto,1,false,,5,0,3,provable,unknown,timeout,,two-sided,IMELL,314152,41,5020.902,3744,1,3737,7698789,0,0,16384,5010.000,321.257,auto,30
lltp,ILL/petri-nets/MCC,,,Dekker_dekker-100_100_1.p,intuitionistic,auto,1,false,,5,0,3,provable,unknown,timeout,,two-sided,IMELL,161198,200,5022.563,28853,20418,8289,2819325,0,0,16384,5010.000,441.665,auto,30
lltp,ILL/petri-nets/MCC,,,Dekker_dekker-100_1_1.p,intuitionistic,auto,1,false,,5,0,3,provable,proved,,ok,two-sided,IMELL,161198,200,20.668,4,0,2,8198,0,0,16384,20.000,1.549,auto,30
lltp,ILL/petri-nets/MCC,,,Dekker_dekker-100_20_1.p,intuitionistic,auto,1,false,,5,0,3,provable,unknown,timeout,,two-sided,IMELL,161198,200,5072.399,3955,714,3198,5746412,0,0,16384,5060.000,266.381,auto,30
lltp,ILL/petri-nets/MCC,,,Dekker_dekker-100_50_1.p,intuitionistic,auto,1,false,,5,0,3,provable,unknown,timeout,,two-sided,IMELL,161198,200,5059.401,3177,465,2677,4358935,0,0,16384,5050.000,211.328,auto,30
lltp,ILL/petri-nets/MCC,,,Dekker_dekker-100_5_1.p,intuitionistic,auto,1,false,,5,0,3,provable,unknown,timeout,,two-sided,IMELL,161198,200,5023.617,10656,4956,5589,13720640,0,0,16384,5010.000,458.038,auto,30
lltp,ILL/petri-nets/MCC,,,Dekker_dekker-200_100_1.p,intuitionistic,auto,1,false,,5,0,3,provable,unknown,timeout,,two-sided,IMELL,642398,400,5344.058,193,0,190,804779,0,0,16384,5340.000,68.477,auto,30
lltp,ILL/petri-nets/MCC,,,Dekker_dekker-200_1_1.p,intuitionistic,auto,1,false,,5,0,3,provable,proved,,ok,two-sided,IMELL,642398,400,137.629,4,0,2,12495,0,0,16384,130.000,4.122,auto,30
lltp,ILL/petri-nets/MCC,,,Dekker_dekker-200_20_1.p,intuitionistic,auto,1,false,,5,0,3,provable,unknown,timeout,,two-sided,IMELL,642398,400,5471.513,321,0,316,1571806,0,0,16384,5460.000,97.037,auto,30
lltp,ILL/petri-nets/MCC,,,Dekker_dekker-200_50_1.p,intuitionistic,auto,1,false,,5,0,3,provable,unknown,timeout,,two-sided,IMELL,642398,400,5345.482,225,0,220,1007433,0,0,16384,5340.000,70.423,auto,30
lltp,ILL/petri-nets/MCC,,,Dekker_dekker-200_5_1.p,intuitionistic,auto,1,false,,5,0,3,provable,unknown,timeout,,two-sided,IMELL,642398,400,5063.415,675,3,665,4049698,0,0,16384,5060.000,174.887,auto,30
lltp,ILL/petri-nets/MCC,,,Dekker_dekker-50_100_1.p,intuitionistic,auto,1,false,,5,0,3,provable,proved,,ok,two-sided,IMELL,40598,100,38.440,524,45,466,279530,0,0,16384,30.000,6.677,auto,30
lltp,ILL/petri-nets/MCC,,,Dekker_dekker-50_1_1.p,intuitionistic,auto,1,false,,5,0,3,provable,proved,,ok,two-sided,IMELL,40598,100,3.444,3,0,2,104,0,0,16384,0.000,0.044,auto,30
lltp,ILL/petri-nets/MCC,,,Dekker_dekker-50_20_1.p,intuitionistic,auto,1,false,,5,0,3,provable,unknown,timeout,,two-sided,IMELL,40598,100,5015.583,63080,37123,24693,15876769,0,0,16384,5000.000,1059.132,auto,30
lltp,ILL/petri-nets/MCC,,,Dekker_dekker-50_50_1.p,intuitionistic,auto,1,false,,5,0,3,provable,unknown,timeout,,two-sided,IMELL,40598,100,5008.890,224897,191972,31338,9209092,0,0,16384,5000.000,1016.652,auto,30
lltp,ILL/petri-nets/MCC,,,Dekker_dekker-50_5_1.p,intuitionistic,auto,1,false,,5,0,3,provable,unknown,timeout,,two-sided,IMELL,40598,100,5012.694,92493,52943,37718,27916362,0,0,16384,5000.000,934.123,auto,30
lltp,ILL/petri-nets/MCC,,,Diffusion2D_2D8_gradient_20x20_100_1_1.p,intuitionistic,auto,1,false,,5,0,3,provable,proved,,ok,two-sided,IMELL,12254,108,1.196,3,0,2,102,0,0,16384,0.000,0.033,auto,30
lltp,ILL/petri-nets/MCC,,,Diffusion2D_2D8_gradient_20x20_100_20_1.p,intuitionistic,auto,1,false,,5,0,3,provable,proved,,ok,two-sided,IMELL,12254,108,1.222,4,0,3,398,0,0,16384,0.000,0.028,auto,30
lltp,ILL/petri-nets/MCC,,,Diffusion2D_2D8_gradient_20x20_100_5_1.p,intuitionistic,auto,1,false,,5,0,3,provable,proved,,ok,two-sided,IMELL,12254,108,1901.802,21036,13232,6798,64207524,0,0,16384,1890.000,348.544,auto,30
lltp,ILL/petri-nets/MCC,,,Diffusion2D_2D8_gradient_20x20_10_1_1.p,intuitionistic,auto,1,false,,5,0,3,provable,proved,,ok,two-sided,IMELL,11894,18,0.738,3,0,2,12,0,0,16384,0.000,0.012,auto,30
lltp,ILL/petri-nets/MCC,,,Diffusion2D_2D8_gradient_20x20_10_20_1.p,intuitionistic,auto,1,false,,5,0,3,provable,proved,,ok,two-sided,IMELL,11894,18,0.720,4,0,3,38,0,0,16384,0.000,0.011,auto,30
lltp,ILL/petri-nets/MCC,,,Diffusion2D_2D8_gradient_20x20_10_5_1.p,intuitionistic,auto,1,false,,5,0,3,provable,proved,,ok,two-sided,IMELL,11894,18,2.851,247,199,41,24108,0,0,16384,0.000,0.004,auto,30
lltp,ILL/petri-nets/MCC,,,Diffusion2D_2D8_gradient_20x20_150_1_1.p,intuitionistic,auto,1,false,,5,0,3,provable,proved,,ok,two-sided,IMELL,12454,158,1.557,3,0,2,152,0,0,16384,0.000,0.030,auto,30
lltp,ILL/petri-nets/MCC,,,Diffusion2D_2D8_gradient_20x20_150_20_1.p,intuitionistic,auto,1,false,,5,0,3,provable,proved,,ok,two-sided,IMELL,12454,158,1.581,4,0,3,598,0,0,16384,0.000,0.036,auto,30
lltp,ILL/petri-nets/MCC,,,Diffusion2D_2D8_gradient_20x20_150_5_1.p,intuitionistic,auto,1,false,,5,0,3,provable,proved,,ok,two-sided,IMELL,12454,158,2477.618,21036,13232,6798,69347917,0,0,16384,2470.000,501.655,auto,30
lltp,ILL/petri-nets/MCC,,,Diffusion2D_2D8_gradient_20x20_50_1_1.p,intuitionistic,auto,1,false,,5,0,3,provable,proved,,ok,two-sided,IMELL,12054,58,0.941,3,0,2,52,0,0,16384,0.000,0.012,auto,30
lltp,ILL/petri-nets/MCC,,,Diffusion2D_2D8_gradient_20x20_50_20_1.p,intuitionistic,auto,1,false,,5,0,3,provable,proved,,ok,two-sided,IMELL,12054,58,0.919,4,0,3,198,0,0,16384,0.000,0.013,auto,30
lltp,ILL/petri-nets/MCC,,,Diffusion2D_2D8_gradient_20x20_50_5_1.p,intuitionistic,auto,1,false,,5,0,3,provable,proved,,ok,two-sided,IMELL,12054,58,230.274,3320,1699,1450,8384664,0,0,16384,230.000,32.418,auto,30
lltp,ILL/petri-nets/MCC,,,Diffusion2D_2D8_gradient_30x30_100_1_1.p,intuitionistic,auto,1,false,,5,0,3,provable,proved,,ok,two-sided,IMELL,27774,108,4.093,7,0,3,207,0,0,16384,0.000,1.512,auto,30
lltp,ILL/petri-nets/MCC,,,Diffusion2D_2D8_gradient_30x30_100_20_1.p,intuitionistic,auto,1,false,,5,0,3,provable,unknown,timeout,,two-sided,IMELL,27774,108,5016.056,409955,375340,32111,30570952,0,0,16384,5000.000,822.831,auto,30
lltp,ILL/petri-nets/MCC,,,Diffusion2D_2D8_gradient_30x30_100_5_1.p,intuitionistic,auto,1,false,,5,0,3,provable,proved,,ok,two-sided,IMELL,27774,108,3488.698,21036,13233,6797,82622525,0,0,16384,3480.000,710.873,auto,30
lltp,ILL/petri-nets/MCC,,,Diffusion2D_2D8_gradient_30x30_10_1_1.p,intuitionistic,auto,1,false,,5,0,3,provable,proved,,ok,two-sided,IMELL,27414,18,1.709,3,0,2,12,0,0,16384,0.000,0.030,auto,30
lltp,ILL/petri-nets/MCC,,,Diffusion2D_2D8_gradient_30x30_10_20_1.p,intuitionistic,auto,1,false,,5,0,3,provable,unknown,timeout,,two-sided,IMELL,27414,18,5005.192,206135,162018,38884,36344374,0,0,16384,4990.000,314.865,auto,30
lltp,ILL/petri-nets/MCC,,,Diffusion2D_2D8_gradient_30x30_10_5_1.p,intuitionistic,auto,1,false,,5,0,3,provable,proved,,ok,two-sided,IMELL,27414,18,7.321,245,199,39,43522,0,0,16384,10.000,1.283,auto,30
lltp,ILL/petri-nets/MCC,,,Diffusion2D_2D8_gradient_30x30_150_1_1.p,intuitionistic,auto,1,false,,5,0,3,provable,proved,,ok,two-sided,IMELL,27974,158,5.899,7,0,3,307,0,0,16384,0.000,0.668,auto,30
lltp,ILL/petri-nets/MCC,,,Diffusion2D_2D8_gradient_30x30_150_20_1.p,intuitionistic,auto,1,false,,5,0,3,provable,unknown,timeout,,two-sided,IMELL,27974,158,5009.447,426071,404144,20132,33339344,0,0,16384,5000.000,822.931,auto,30
lltp,ILL/petri-nets/MCC,,,Diffusion2D_2D8_gradient_30x30_150_5_1.p,intuitionistic,auto,1,false,,5,0,3,provable,proved,,ok,two-sided,IMELL,27974,158,4528.640,21036,13233,6797,87751049,0,0,16384,4510.000,836.395,auto,30
lltp,ILL/petri-nets/MCC,,,Diffusion2D_2D8_gradient_30x30_50_1_1.p,intuitionistic,auto,1,false,,5,0,3,provable,proved,,ok,two-sided,IMELL,27574,58,2.083,3,0,2,52,0,0,16384,0.000,0.029,auto,30
lltp,ILL/petri-nets/MCC,,,Diffusion2D_2D8_gradient_30x30_50_20_1.p,intuitionistic,auto,1,false,,5,0,3,provable,unknown,timeout,,two-sided,IMELL,27574,58,5011.857,549652,512410,33815,30207177,0,0,16384,5000.000,837.563,auto,30
lltp,ILL/petri-nets/MCC,,,Diffusion2D_2D8_gradient_30x30_50_5_1.p,intuitionistic,auto,1,false,,5,0,3,provable,proved,,ok,two-sided,IMELL,27574,58,369.028,2828,1482,1196,8888469,0,0,16384,370.000,72.931,auto,30
lltp,ILL/petri-nets/MCC,,,Diffusion2D_2D8_gradient_40x40_100_1_1.p,intuitionistic,auto,1,false,,5,0,3,provable,proved,,ok,two-sided,IMELL,49694,108,7.286,7,0,4,300,0,0,16384,10.000,1.461,auto,30
lltp,ILL/petri-nets/MCC,,,Diffusion2D_2D8_gradient_40x40_100_20_1.p,intuitionistic,auto,1,false,,5,0,3,provable,unknown,timeout,,two-sided,IMELL,49694,108,5017.115,248170,233004,13838,24485355,0,0,16384,5010.000,711.782,auto,30
lltp,ILL/petri-nets/MCC,,,Diffusion2D_2D8_gradient_40x40_100_5_1.p,intuitionistic,auto,1,false,,5,0,3,provable,unknown,timeout,,two-sided,IMELL,49694,108,5005.235,19673,12154,6587,84460589,0,0,16384,4990.000,781.834,auto,30
lltp,ILL/petri-nets/MCC,,,Diffusion2D_2D8_gradient_40x40_10_1_1.p,intuitionistic,auto,1,false,,5,0,3,provable,proved,,ok,two-sided,IMELL,49334,18,3.095,3,0,2,12,0,0,16384,0.000,0.018,auto,30
lltp,ILL/petri-nets/MCC,,,Diffusion2D_2D8_gradient_40x40_10_20_1.p,intuitionistic,auto,1,false,,5,0,3,provable,unknown,timeout,,two-sided,IMELL,49334,18,5005.030,138423,115006,20852,31940292,0,0,16384,4990.000,561.992,auto,30
lltp,ILL/petri-nets/MCC,,,Diffusion2D_2D8_gradient_40x40_10_5_1.p,intuitionistic,auto,1,false,,5,0,3,provable,proved,,ok,two-sided,IMELL,49334,18,14.113,246,199,40,70899,0,0,16384,10.000,0.017,auto,30
lltp,ILL/petri-nets/MCC,,,Diffusion2D_2D8_gradient_40x40_150_1_1.p,intuitionistic,auto,1,false,,5,0,3,provable,proved,,ok,two-sided,IMELL,49894,158,10.330,7,0,4,450,0,0,16384,10.000,3.595,auto,30
lltp,ILL/petri-nets/MCC,,,Diffusion2D_2D8_gradient_40x40_150_20_1.p,intuitionistic,auto,1,false,,5,0,3,provable,unknown,timeout,,two-sided,IMELL,49894,158,5017.973,109190,90490,17796,16054066,0,0,16384,5010.000,492.463,auto,30
lltp,ILL/petri-nets/MCC,,,Diffusion2D_2D8_gradient_40x40_150_5_1.p,intuitionistic,auto,1,false,,5,0,3,provable,unknown,timeout,,two-sided,IMELL,49894,158,5004.005,14736,8598,5434,65588246,0,0,16384,5000.000,629.973,auto,30
lltp,ILL/petri-nets/MCC,,,Diffusion2D_2D8_gradient_40x40_50_1_1.p,intuitionistic,auto,1,false,,5,0,3,provable,proved,,ok,two-sided,IMELL,49494,58,5.453,7,0,3,102,0,0,16384,10.000,0.009,auto,30
lltp,ILL/petri-nets/MCC,,,Diffusion2D_2D8_gradient_40x40_50_20_1.p,intuitionistic,auto,1,false,,5,0,3,provable,unknown,timeout,,two-sided,IMELL,49494,58,5020.360,182988,159587,21599,24748521,0,0,16384,5010.000,696.779,auto,30
lltp,ILL/petri-nets/MCC,,,Diffusion2D_2D8_gradient_40x40_50_5_1.p,intuitionistic,auto,1,false,,5,0,3,provable,proved,,ok,two-sided,IMELL,49494,58,572.648,2701,1399,1156,9639160,0,0,16384,570.000,96.603,auto,30
lltp,ILL/petri-nets/MCC,,,Diffusion2D_2D8_gradient_50x50_100_1_1.p,intuitionistic,auto,1,false,,5,0,3,provable,proved,,ok,two-sided,IMELL,78014,108,11.432,7,0,4,300,0,0,16384,10.000,3.611,auto,30
lltp,ILL/petri-nets/MCC,,,Diffusion2D_2D8_gradient_50x50_100_20_1.p,intuitionistic,auto,1,false,,5,0,3,provable,unknown,timeout,,two-sided,IMELL,78014,108,5033.772,95018,81843,12425,17420339,0,0,16384,5020.000,492.248,auto,30
lltp,ILL/petri-nets/MCC,,,Diffusion2D_2D8_gradient_50x50_100_5_1.p,intuitionistic,auto,1,false,,5,0,3,provable,proved,,ok,two-sided,IMELL,78014,108,29.850,71,24,40,79055,0,0,16384,30.000,4.554,auto,30
lltp,ILL/petri-nets/MCC,,,Diffusion2D_2D8_gradient_50x50_10_1_1.p,intuitionistic,auto,1,false,,5,0,3,provable,proved,,ok,two-sided,IMELL,77654,18,5.738,7,0,4,30,0,0,16384,10.000,0.029,auto,30
lltp,ILL/petri-nets/MCC,,,Diffusion2D_2D8_gradient_50x50_10_20_1.p,intuitionistic,auto,1,false,,5,0,3,provable,unknown,timeout,,two-sided,IMELL,77654,18,5016.642,87011,72182,13431,27205249,0,0,16384,5010.000,669.695,auto,30
lltp,ILL/petri-nets/MCC,,,Diffusion2D_2D8_gradient_50x50_10_5_1.p,intuitionistic,auto,1,false,,5,0,3,provable,proved,,ok,two-sided,IMELL,77654,18,17.923,71,24,40,58535,0,0,16384,10.000,2.052,auto,30
lltp,ILL/petri-nets/MCC,,,Diffusion2D_2D8_gradient_50x50_150_1_1.p,intuitionistic,auto,1,false,,5,0,3,provable,proved,,ok,two-sided,IMELL,78214,158,16.306,7,0,4,450,0,0,16384,10.000,0.628,auto,30
lltp,ILL/petri-nets/MCC,,,Diffusion2D_2D8_gradient_50x50_150_20_1.p,intuitionistic,auto,1,false,,5,0,3,provable,unknown,timeout,,two-sided,IMELL,78214,158,5019.095,25706,11951,13229,11331454,0,0,16384,5020.000,358.884,auto,30
lltp,ILL/petri-nets/MCC,,,Diffusion2D_2D8_gradient_50x50_150_5_1.p,intuitionistic,auto,1,false,,5,0,3,provable,proved,,ok,two-sided,IMELL,78214,158,40.200,71,24,40,104455,0,0,16384,40.000,3.082,auto,30
lltp,ILL/petri-nets/MCC,,,Diffusion2D_2D8_gradient_50x50_50_1_1.p,intuitionistic,auto,1,false,,5,0,3,provable,proved,,ok,two-sided,IMELL,77814,58,8.274,7,0,4,150,0,0,16384,0.000,2.078,auto,30
lltp,ILL/petri-nets/MCC,,,Diffusion2D_2D8_gradient_50x50_50_20_1.p,intuitionistic,auto,1,false,,5,0,3,provable,unknown,timeout,,two-sided,IMELL,77814,58,5012.259,112562,101248,10242,22495970,0,0,16384,5000.000,569.654,auto,30
lltp,ILL/petri-nets/MCC,,,Diffusion2D_2D8_gradient_50x50_50_5_1.p,intuitionistic,auto,1,false,,5,0,3,provable,proved,,ok,two-sided,IMELL,77814,58,23.427,71,24,40,63655,0,0,16384,20.000,2.157,auto,30
lltp,ILL/petri-nets/MCC,,,DrinkVendingMachine_distributeur-01-unfolded-10_100_1.p,intuitionistic,auto,1,false,,5,0,3,provable,unknown,timeout,,two-sided,IMELL,2173278,32101,5752.806,97,0,94,471293,0,0,16384,5740.000,57.229,auto,30
lltp,ILL/petri-nets/MCC,,,DrinkVendingMachine_distributeur-01-unfolded-10_1_1.p,intuitionistic,auto,1,false,,5,0,,,unknown,crash (signal: 6 (SIGABRT) (core dumped)): note: run with `RUST_BACKTRACE=1` environment variable to display a backtrace,,,,,,5857.757,,,,,,,,,,auto,30
lltp,ILL/petri-nets/MCC,,,DrinkVendingMachine_distributeur-01-unfolded-10_20_1.p,intuitionistic,auto,1,false,,5,0,3,provable,unknown,timeout,,two-sided,IMELL,2173278,32101,5491.975,65,0,62,279775,0,0,16384,5470.000,35.736,auto,30
lltp,ILL/petri-nets/MCC,,,DrinkVendingMachine_distributeur-01-unfolded-10_50_1.p,intuitionistic,auto,1,false,,5,0,3,provable,unknown,timeout,,two-sided,IMELL,2173278,32101,7446.696,97,0,94,441576,0,0,16384,7430.000,55.809,auto,30
lltp,ILL/petri-nets/MCC,,,DrinkVendingMachine_distributeur-01-unfolded-10_5_1.p,intuitionistic,auto,1,false,,5,0,3,provable,unknown,timeout,,two-sided,IMELL,2173278,32101,5775.507,65,0,62,274580,0,0,16384,5760.000,34.395,auto,30
lltp,ILL/petri-nets/MCC,,,Echo_echo-d2r19_100_1.p,intuitionistic,auto,1,false,,5,0,3,provable,unknown,timeout,,two-sided,IMELL,33708,5,5010.085,14559,7855,5419,10357035,0,0,16384,4990.000,607.481,auto,30
lltp,ILL/petri-nets/MCC,,,Echo_echo-d2r19_1_1.p,intuitionistic,auto,1,false,,5,0,3,provable,proved,,ok,two-sided,IMELL,33330,5,13.336,10,4,3,3776,0,0,16384,0.000,3.234,auto,30
lltp,ILL/petri-nets/MCC,,,Echo_echo-d2r19_20_1.p,intuitionistic,auto,1,false,,5,0,3,provable,unknown,timeout,,two-sided,IMELL,33404,5,5006.866,14559,7855,5419,10357035,0,0,16384,4990.000,593.429,auto,30
lltp,ILL/petri-nets/MCC,,,Echo_echo-d2r19_50_1.p,intuitionistic,auto,1,false,,5,0,3,provable,unknown,timeout,,two-sided,IMELL,33518,5,5010.979,13379,7155,5038,8922972,0,0,16384,4990.000,737.799,auto,30
lltp,ILL/petri-nets/MCC,,,Echo_echo-d2r19_5_1.p,intuitionistic,auto,1,false,,5,0,3,provable,proved,,ok,two-sided,IMELL,33346,5,143.422,220,68,113,297402,0,0,16384,140.000,16.845,auto,30
lltp,ILL/petri-nets/MCC,,,Echo_echo-d3r7_100_1.p,intuitionistic,auto,1,false,,5,0,3,provable,unknown,timeout,,two-sided,IMELL,53124,7,5018.903,10195,4711,4888,5963918,0,0,16384,5010.000,716.800,auto,30
lltp,ILL/petri-nets/MCC,,,Echo_echo-d3r7_1_1.p,intuitionistic,auto,1,false,,5,0,3,provable,proved,,ok,two-sided,IMELL,52462,7,16.465,8,2,3,3456,0,0,16384,10.000,1.219,auto,30
lltp,ILL/petri-nets/MCC,,,Echo_echo-d3r7_20_1.p,intuitionistic,auto,1,false,,5,0,3,provable,unknown,timeout,,two-sided,IMELL,52604,7,5009.396,10195,4711,4888,5963389,0,0,16384,5000.000,709.680,auto,30
lltp,ILL/petri-nets/MCC,,,Echo_echo-d3r7_50_1.p,intuitionistic,auto,1,false,,5,0,3,provable,unknown,timeout,,two-sided,IMELL,52814,7,5026.207,10314,4779,4934,6020839,0,0,16384,5010.000,688.370,auto,30
lltp,ILL/petri-nets/MCC,,,Echo_echo-d3r7_5_1.p,intuitionistic,auto,1,false,,5,0,3,provable,proved,,ok,two-sided,IMELL,52494,7,421.601,1389,882,436,355313,0,0,16384,420.000,47.239,auto,30
lltp,ILL/petri-nets/MCC,,,Echo_echo-d5r3_100_1.p,intuitionistic,auto,1,false,,5,0,3,provable,unknown,timeout,,two-sided,IMELL,58806,10,5015.008,29287,14031,14201,16556896,0,0,16384,5010.000,422.640,auto,30
lltp,ILL/petri-nets/MCC,,,Echo_echo-d5r3_1_1.p,intuitionistic,auto,1,false,,5,0,3,provable,proved,,ok,two-sided,IMELL,57798,10,6.706,3,0,2,1713,0,0,16384,10.000,0.035,auto,30
lltp,ILL/petri-nets/MCC,,,Echo_echo-d5r3_20_1.p,intuitionistic,auto,1,false,,5,0,3,provable,unknown,timeout,,two-sided,IMELL,58030,10,5015.878,29287,14031,14201,16556896,0,0,16384,5010.000,421.302,auto,30
lltp,ILL/petri-nets/MCC,,,Echo_echo-d5r3_50_1.p,intuitionistic,auto,1,false,,5,0,3,provable,unknown,timeout,,two-sided,IMELL,58336,10,5019.606,29525,14140,14321,16695322,0,0,16384,5010.000,388.024,auto,30
lltp,ILL/petri-nets/MCC,,,Echo_echo-d5r3_5_1.p,intuitionistic,auto,1,false,,5,0,3,provable,proved,,ok,two-sided,IMELL,57846,10,734.421,3307,1330,1819,2242261,0,0,16384,730.000,56.619,auto,30
lltp,ILL/petri-nets/MCC,,,EnergyBus_100_1.p,intuitionistic,auto,1,false,,5,0,3,provable,unknown,timeout,,two-sided,IMELL,126820,4188,5095.999,42839,3,42830,40642727,0,0,16384,5080.000,479.010,auto,30
lltp,ILL/petri-nets/MCC,,,EnergyBus_1_1.p,intuitionistic,auto,1,false,,5,0,3,provable,proved,,ok,two-sided,IMELL,126820,4188,6.595,3,0,2,23,0,0,16384,10.000,0.022,auto,30
lltp,ILL/petri-nets/MCC,,,EnergyBus_20_1.p,intuitionistic,auto,1,false,,5,0,3,provable,unknown,timeout,,two-sided,IMELL,126820,4188,5098.249,43118,3,43109,40894172,0,0,16384,5090.000,498.661,auto,30
lltp,ILL/petri-nets/MCC,,,EnergyBus_5_1.p,intuitionistic,auto,1,false,,5,0,3,provable,unknown,timeout,,two-sided,IMELL,126822,4188,5048.176,23943,3,23934,20453195,0,0,16384,5050.000,537.408,auto,30
lltp,ILL/petri-nets/MCC,,,Eratosthenes_eratosthenes-500_100_1.p,intuitionistic,auto,1,false,,5,0,3,provable,unknown,timeout,,two-sided,IMELL,14940,250,5044.004,102946,1038,101857,154234911,0,0,16384,5030.000,636.357,auto,30
lltp,ILL/petri-nets/MCC,,,Eratosthenes_eratosthenes-500_1_1.p,intuitionistic,auto,1,false,,5,0,3,provable,proved,,ok,two-sided,IMELL,15138,250,2.640,4,0,2,29750,0,0,16384,0.000,0.003,auto,30
lltp,ILL/petri-nets/MCC,,,Eratosthenes_eratosthenes-500_20_1.p,intuitionistic,auto,1,false,,5,0,3,provable,unknown,timeout,,two-sided,IMELL,15100,250,5040.681,103625,1038,102536,152434749,0,0,16384,5030.000,520.156,auto,30
lltp,ILL/petri-nets/MCC,,,Eratosthenes_eratosthenes-500_50_1.p,intuitionistic,auto,1,false,,5,0,3,provable,unknown,timeout,,two-sided,IMELL,15040,250,5041.152,104521,1038,103432,153712392,0,0,16384,5030.000,491.261,auto,30
lltp,ILL/petri-nets/MCC,,,Eratosthenes_eratosthenes-500_5_1.p,intuitionistic,auto,1,false,,5,0,3,provable,unknown,timeout,,two-sided,IMELL,15130,250,5039.635,102729,1038,101640,151034945,0,0,16384,5030.000,580.148,auto,30
lltp,ILL/petri-nets/MCC,,,FlexibleBarrier_flexbar_12_b_100_1.p,intuitionistic,auto,1,false,,5,0,3,provable,unknown,timeout,,two-sided,IMELL,11482,145,5005.179,5937476,5906409,22316,36291670,0,0,16384,4990.000,377.758,auto,30
lltp,ILL/petri-nets/MCC,,,FlexibleBarrier_flexbar_12_b_10_1.p,intuitionistic,auto,1,false,,5,0,3,provable,unknown,timeout,,two-sided,IMELL,11464,145,5005.558,5562295,5529980,23983,34417314,0,0,16384,5000.000,332.437,auto,30
lltp,ILL/petri-nets/MCC,,,FlexibleBarrier_flexbar_12_b_1_1.p,intuitionistic,auto,1,false,,5,0,3,provable,proved,,ok,two-sided,IMELL,11458,145,0.760,3,0,2,4,0,0,16384,0.000,0.016,auto,30
lltp,ILL/petri-nets/MCC,,,FlexibleBarrier_flexbar_12_b_20_1.p,intuitionistic,auto,1,false,,5,0,3,provable,unknown,timeout,,two-sided,IMELL,11464,145,5004.396,5992616,5961459,22238,36550383,0,0,16384,4990.000,335.036,auto,30
lltp,ILL/petri-nets/MCC,,,FlexibleBarrier_flexbar_12_b_50_1.p,intuitionistic,auto,1,false,,5,0,3,provable,unknown,timeout,,two-sided,IMELL,11476,145,5003.984,5981166,5949986,22292,36431875,0,0,16384,4990.000,348.333,auto,30
lltp,ILL/petri-nets/MCC,,,FlexibleBarrier_flexbar_12_b_5_1.p,intuitionistic,auto,1,false,,5,0,3,provable,proved,,ok,two-sided,IMELL,11462,145,3752.660,3826657,3805598,14431,26962979,0,0,16384,3750.000,337.173,auto,30
lltp,ILL/petri-nets/MCC,,,FlexibleBarrier_flexbar_14_b_100_1.p,intuitionistic,auto,1,false,,5,0,3,provable,unknown,timeout,,two-sided,IMELL,15498,197,5004.403,4260942,4240117,15455,32042360,0,0,16384,4990.000,687.058,auto,30
lltp,ILL/petri-nets/MCC,,,FlexibleBarrier_flexbar_14_b_10_1.p,intuitionistic,auto,1,false,,5,0,3,provable,unknown,timeout,,two-sided,IMELL,15486,197,5005.369,4005478,3982898,17406,30752409,0,0,16384,4990.000,632.428,auto,30
lltp,ILL/petri-nets/MCC,,,FlexibleBarrier_flexbar_14_b_1_1.p,intuitionistic,auto,1,false,,5,0,3,provable,proved,,ok,two-sided,IMELL,15470,197,1.079,3,0,2,4,0,0,16384,0.000,0.015,auto,30
lltp,ILL/petri-nets/MCC,,,FlexibleBarrier_flexbar_14_b_20_1.p,intuitionistic,auto,1,false,,5,0,3,provable,unknown,timeout,,two-sided,IMELL,15476,197,5004.389,4234685,4213831,15424,32505486,0,0,16384,4990.000,654.652,auto,30
lltp,ILL/petri-nets/MCC,,,FlexibleBarrier_flexbar_14_b_50_1.p,intuitionistic,auto,1,false,,5,0,3,provable,unknown,timeout,,two-sided,IMELL,15484,197,5005.061,4187428,4166632,15425,31987334,0,0,16384,4990.000,683.584,auto,30
lltp,ILL/petri-nets/MCC,,,FlexibleBarrier_flexbar_14_b_5_1.p,intuitionistic,auto,1,false,,5,0,3,provable,unknown,timeout,,two-sided,IMELL,15478,197,5004.765,4015584,3993050,17338,30979967,0,0,16384,4990.000,685.684,auto,30
lltp,ILL/petri-nets/MCC,,,FlexibleBarrier_flexbar_16_b_100_1.p,intuitionistic,auto,1,false,,5,0,3,provable,unknown,timeout,,two-sided,IMELL,20122,257,5005.388,3082617,3062711,15760,25473856,0,0,16384,5000.000,761.041,auto,30
lltp,ILL/petri-nets/MCC,,,FlexibleBarrier_flexbar_16_b_10_1.p,intuitionistic,auto,1,false,,5,0,3,provable,unknown,timeout,,two-sided,IMELL,20098,257,5005.196,2974690,2956096,14888,24805656,0,0,16384,5000.000,728.355,auto,30
lltp,ILL/petri-nets/MCC,,,FlexibleBarrier_flexbar_16_b_1_1.p,intuitionistic,auto,1,false,,5,0,3,provable,proved,,ok,two-sided,IMELL,20090,257,1.348,3,0,2,4,0,0,16384,10.000,0.011,auto,30
lltp,ILL/petri-nets/MCC,,,FlexibleBarrier_flexbar_16_b_20_1.p,intuitionistic,auto,1,false,,5,0,3,provable,unknown,timeout,,two-sided,IMELL,20098,257,5006.462,3135580,3115273,16485,26144092,0,0,16384,5000.000,694.109,auto,30
lltp,ILL/petri-nets/MCC,,,FlexibleBarrier_flexbar_16_b_50_1.p,intuitionistic,auto,1,false,,5,0,3,provable,unknown,timeout,,two-sided,IMELL,20104,257,5005.610,3012883,2993918,14866,25066367,0,0,16384,4990.000,735.022,auto,30
lltp,ILL/petri-nets/MCC,,,FlexibleBarrier_flexbar_16_b_5_1.p,intuitionistic,auto,1,false,,5,0,3,provable,unknown,timeout,,two-sided,IMELL,20094,257,5005.470,2990901,2972309,14872,24971504,0,0,16384,5000.000,754.994,auto,30
lltp,ILL/petri-nets/MCC,,,FlexibleBarrier_flexbar_18_b_100_1.p,intuitionistic,auto,1,false,,5,0,3,provable,unknown,timeout,,two-sided,IMELL,25354,325,5004.386,2606986,2594356,9853,21467143,0,0,16384,4990.000,642.353,auto,30
lltp,ILL/petri-nets/MCC,,,FlexibleBarrier_flexbar_18_b_10_1.p,intuitionistic,auto,1,false,,5,0,3,provable,unknown,timeout,,two-sided,IMELL,25326,325,5004.724,2492923,2480363,9851,20746950,0,0,16384,5000.000,703.501,auto,30
lltp,ILL/petri-nets/MCC,,,FlexibleBarrier_flexbar_18_b_1_1.p,intuitionistic,auto,1,false,,5,0,3,provable,proved,,ok,two-sided,IMELL,25318,325,1.882,3,0,2,4,0,0,16384,0.000,0.015,auto,30
lltp,ILL/petri-nets/MCC,,,FlexibleBarrier_flexbar_18_b_20_1.p,intuitionistic,auto,1,false,,5,0,3,provable,unknown,timeout,,two-sided,IMELL,25326,325,5006.622,2581874,2564949,14138,21370005,0,0,16384,4990.000,619.472,auto,30
lltp,ILL/petri-nets/MCC,,,FlexibleBarrier_flexbar_18_b_50_1.p,intuitionistic,auto,1,false,,5,0,3,provable,unknown,timeout,,two-sided,IMELL,25332,325,5004.498,2551861,2539283,9813,21240828,0,0,16384,4990.000,621.501,auto,30
lltp,ILL/petri-nets/MCC,,,FlexibleBarrier_flexbar_18_b_5_1.p,intuitionistic,auto,1,false,,5,0,3,provable,unknown,timeout,,two-sided,IMELL,25322,325,5004.679,2481972,2469442,9837,20685730,0,0,16384,4990.000,634.341,auto,30
lltp,ILL/petri-nets/MCC,,,FlexibleBarrier_flexbar_20_b_100_1.p,intuitionistic,auto,1,false,,5,0,3,provable,unknown,timeout,,two-sided,IMELL,31192,401,5006.430,2049389,2035210,11997,18212898,0,0,16384,5000.000,611.908,auto,30
lltp,ILL/petri-nets/MCC,,,FlexibleBarrier_flexbar_20_b_10_1.p,intuitionistic,auto,1,false,,5,0,3,provable,unknown,timeout,,two-sided,IMELL,31160,401,5006.294,1945794,1931700,11974,17495516,0,0,16384,4990.000,629.725,auto,30
lltp,ILL/petri-nets/MCC,,,FlexibleBarrier_flexbar_20_b_1_1.p,intuitionistic,auto,1,false,,5,0,3,provable,proved,,ok,two-sided,IMELL,31154,401,2.336,3,0,2,4,0,0,16384,0.000,0.026,auto,30
lltp,ILL/petri-nets/MCC,,,FlexibleBarrier_flexbar_20_b_20_1.p,intuitionistic,auto,1,false,,5,0,3,provable,unknown,timeout,,two-sided,IMELL,31160,401,5006.855,2031423,2017286,11964,18193656,0,0,16384,5000.000,618.576,auto,30
lltp,ILL/petri-nets/MCC,,,FlexibleBarrier_flexbar_20_b_50_1.p,intuitionistic,auto,1,false,,5,0,3,provable,unknown,timeout,,two-sided,IMELL,31168,401,5005.548,2030056,2015924,11960,18165216,0,0,16384,4990.000,606.957,auto,30
lltp,ILL/petri-nets/MCC,,,FlexibleBarrier_flexbar_20_b_5_1.p,intuitionistic,auto,1,false,,5,0,3,provable,unknown,timeout,,two-sided,IMELL,31156,401,5005.710,1951751,1937661,11966,17562760,0,0,16384,4990.000,640.206,auto,30
lltp,ILL/petri-nets/MCC,,,FlexibleBarrier_flexbar_22_b_100_1.p,intuitionistic,auto,1,false,,5,0,3,provable,unknown,timeout,,two-sided,IMELL,37634,485,5003.550,1664863,1658317,4781,15540132,0,0,16384,4990.000,677.956,auto,30
lltp,ILL/petri-nets/MCC,,,FlexibleBarrier_flexbar_22_b_10_1.p,intuitionistic,auto,1,false,,5,0,3,provable,unknown,timeout,,two-sided,IMELL,37608,485,5004.767,1628132,1618686,8012,15032175,0,0,16384,4990.000,707.469,auto,30
lltp,ILL/petri-nets/MCC,,,FlexibleBarrier_flexbar_22_b_1_1.p,intuitionistic,auto,1,false,,5,0,3,provable,proved,,ok,two-sided,IMELL,37598,485,2.491,3,0,2,4,0,0,16384,0.000,0.016,auto,30
lltp,ILL/petri-nets/MCC,,,FlexibleBarrier_flexbar_22_b_20_1.p,intuitionistic,auto,1,false,,5,0,3,provable,unknown,timeout,,two-sided,IMELL,37606,485,5006.764,1685466,1676050,7953,15510868,0,0,16384,4990.000,687.338,auto,30
lltp,ILL/petri-nets/MCC,,,FlexibleBarrier_flexbar_22_b_50_1.p,intuitionistic,auto,1,false,,5,0,3,provable,unknown,timeout,,two-sided,IMELL,37612,485,5003.901,1679625,1673077,4771,15695232,0,0,16384,4990.000,698.485,auto,30
lltp,ILL/petri-nets/MCC,,,FlexibleBarrier_flexbar_22_b_5_1.p,intuitionistic,auto,1,false,,5,0,3,provable,unknown,timeout,,two-sided,IMELL,37606,485,5003.148,1604435,1597912,4821,14989183,0,0,16384,5000.000,720.851,auto,30
lltp,ILL/petri-nets/MCC,,,GlobalResAllocation_galloc_res-3_100_1.p,intuitionistic,auto,1,false,,5,0,3,provable,unknown,timeout,,two-sided,IMELL,119494,5910,5062.471,545576,512007,32360,6819621,0,0,16384,5050.000,960.331,auto,30
lltp,ILL/petri-nets/MCC,,,GlobalResAllocation_galloc_res-3_10_1.p,intuitionistic,auto,1,false,,5,0,3,provable,unknown,timeout,,two-sided,IMELL,119494,5910,5068.861,619296,583366,34803,6536043,0,0,16384,5060.000,1081.988,auto,30
lltp,ILL/petri-nets/MCC,,,GlobalResAllocation_galloc_res-3_1_1.p,intuitionistic,auto,1,false,,5,0,3,provable,proved,,ok,two-sided,IMELL,119482,5910,6.516,3,0,2,20,0,0,16384,10.000,0.034,auto,30
lltp,ILL/petri-nets/MCC,,,GlobalResAllocation_galloc_res-3_20_1.p,intuitionistic,auto,1,false,,5,0,3,provable,unknown,timeout,,two-sided,IMELL,119494,5910,5068.325,617788,581941,34724,6513704,0,0,16384,5060.000,1115.910,auto,30
lltp,ILL/petri-nets/MCC,,,GlobalResAllocation_galloc_res-3_50_1.p,intuitionistic,auto,1,false,,5,0,3,provable,unknown,timeout,,two-sided,IMELL,119494,5910,5063.839,544994,511459,32327,6813851,0,0,16384,5060.000,966.240,auto,30
lltp,ILL/petri-nets/MCC,,,GlobalResAllocation_galloc_res-3_5_1.p,intuitionistic,auto,1,false,,5,0,3,provable,unknown,timeout,,two-sided,IMELL,119494,5910,5068.468,618368,582489,34754,6520988,0,0,16384,5060.000,1085.540,auto,30
lltp,ILL/petri-nets/MCC,,,GlobalResAllocation_galloc_res-5_100_1.p,intuitionistic,auto,1,false,,5,0,,,unknown,crash (signal: 6 (SIGABRT) (core dumped)): note: run with `RUST_BACKTRACE=1` environment variable to display a backtrace,,,,,,5377.795,,,,,,,,,,auto,30
lltp,ILL/petri-nets/MCC,,,GlobalResAllocation_galloc_res-5_1_1.p,intuitionistic,auto,1,false,,5,0,,,unknown,crash (signal: 6 (SIGABRT) (core dumped)): note: run with `RUST_BACKTRACE=1` environment variable to display a backtrace,,,,,,5328.875,,,,,,,,,,auto,30
lltp,ILL/petri-nets/MCC,,,GlobalResAllocation_galloc_res-5_20_1.p,intuitionistic,auto,1,false,,5,0,3,provable,unknown,timeout,,two-sided,IMELL,1428232,43210,5110.721,47659,42804,4851,139072,0,0,16384,5100.000,1119.497,auto,30
lltp,ILL/petri-nets/MCC,,,GlobalResAllocation_galloc_res-5_50_1.p,intuitionistic,auto,1,false,,5,0,3,provable,unknown,timeout,,two-sided,IMELL,1428232,43210,5106.355,47079,42280,4795,137385,0,0,16384,5090.000,1105.526,auto,30
lltp,ILL/petri-nets/MCC,,,GlobalResAllocation_galloc_res-5_5_1.p,intuitionistic,auto,1,false,,5,0,3,provable,unknown,timeout,,two-sided,IMELL,1428238,43210,5109.442,47336,42513,4819,138103,0,0,16384,5090.000,1122.971,auto,30
lltp,ILL/petri-nets/MCC,,,HexagonalGrid_hxg_516_100_1.p,intuitionistic,auto,1,false,,5,0,3,provable,unknown,timeout,,two-sided,IMELL,22606,38,5027.974,65275,15282,49813,22704610,0,0,16384,5020.000,501.229,auto,30
lltp,ILL/petri-nets/MCC,,,HexagonalGrid_hxg_516_1_1.p,intuitionistic,auto,1,false,,5,0,3,provable,proved,,ok,two-sided,IMELL,22606,37,8.211,4,0,2,6520,0,0,16384,0.000,1.441,auto,30
lltp,ILL/petri-nets/MCC,,,HexagonalGrid_hxg_516_20_1.p,intuitionistic,auto,1,false,,5,0,3,provable,unknown,timeout,,two-sided,IMELL,22606,37,5031.972,98126,34716,63142,35069306,0,0,16384,5020.000,557.704,auto,30
lltp,ILL/petri-nets/MCC,,,HexagonalGrid_hxg_516_50_1.p,intuitionistic,auto,1,false,,5,0,3,provable,unknown,timeout,,two-sided,IMELL,22606,37,5024.526,73613,19503,53908,26259153,0,0,16384,5020.000,564.508,auto,30
lltp,ILL/petri-nets/MCC,,,HexagonalGrid_hxg_516_5_1.p,intuitionistic,auto,1,false,,5,0,3,provable,unknown,timeout,,two-sided,IMELL,22606,37,5032.918,113394,46406,66678,82181751,0,0,16384,5020.000,620.527,auto,30
lltp,ILL/petri-nets/MCC,,,HexagonalGrid_hxg_816_100_1.p,intuitionistic,auto,1,false,,5,0,3,provable,unknown,timeout,,two-sided,IMELL,61918,37,5009.268,11043,45,10984,13242862,0,0,16384,5000.000,481.170,auto,30
lltp,ILL/petri-nets/MCC,,,HexagonalGrid_hxg_816_1_1.p,intuitionistic,auto,1,false,,5,0,3,provable,proved,,ok,two-sided,IMELL,61918,37,10.816,4,0,2,18584,0,0,16384,10.000,0.691,auto,30
lltp,ILL/petri-nets/MCC,,,HexagonalGrid_hxg_816_20_1.p,intuitionistic,auto,1,false,,5,0,3,provable,unknown,timeout,,two-sided,IMELL,61918,37,5035.880,14889,91,14780,20080706,0,0,16384,5020.000,527.920,auto,30
lltp,ILL/petri-nets/MCC,,,HexagonalGrid_hxg_816_50_1.p,intuitionistic,auto,1,false,,5,0,3,provable,unknown,timeout,,two-sided,IMELL,61918,37,5013.888,11791,55,11721,14734949,0,0,16384,5000.000,505.918,auto,30
lltp,ILL/petri-nets/MCC,,,HexagonalGrid_hxg_816_5_1.p,intuitionistic,auto,1,false,,5,0,3,provable,unknown,timeout,,two-sided,IMELL,61918,37,5034.957,35331,561,34732,57595916,0,0,16384,5030.000,630.648,auto,30
lltp,ILL/petri-nets/MCC,,,HypercubeGrid_hc3k4p4b12_100_1.p,intuitionistic,auto,1,false,,5,0,3,provable,unknown,timeout,,two-sided,IMELL,30334,44,5021.512,29734,2850,26804,17149196,0,0,16384,5010.000,663.712,auto,30
lltp,ILL/petri-nets/MCC,,,HypercubeGrid_hc3k4p4b12_1_1.p,intuitionistic,auto,1,false,,5,0,3,provable,proved,,ok,two-sided,IMELL,30334,43,23.888,4,0,2,12426,0,0,16384,20.000,3.802,auto,30
lltp,ILL/petri-nets/MCC,,,HypercubeGrid_hc3k4p4b12_20_1.p,intuitionistic,auto,1,false,,5,0,3,provable,unknown,timeout,,two-sided,IMELL,30334,43,5022.746,37666,4560,33006,23814186,0,0,16384,5000.000,561.440,auto,30
lltp,ILL/petri-nets/MCC,,,HypercubeGrid_hc3k4p4b12_50_1.p,intuitionistic,auto,1,false,,5,0,3,provable,unknown,timeout,,two-sided,IMELL,30334,43,5019.407,30791,3081,27627,18108835,0,0,16384,5000.000,665.622,auto,30
lltp,ILL/petri-nets/MCC,,,HypercubeGrid_hc3k4p4b12_5_1.p,intuitionistic,auto,1,false,,5,0,3,provable,unknown,timeout,,two-sided,IMELL,30334,43,5026.529,59079,11430,47493,44633403,0,0,16384,5010.000,948.977,auto,30
lltp,ILL/petri-nets/MCC,,,HypercubeGrid_hc4k3p3b12_100_1.p,intuitionistic,auto,1,false,,5,0,3,provable,unknown,timeout,,two-sided,IMELL,58318,70,5019.952,10679,120,10539,12116306,0,0,16384,5010.000,518.818,auto,30
lltp,ILL/petri-nets/MCC,,,HypercubeGrid_hc4k3p3b12_1_1.p,intuitionistic,auto,1,false,,5,0,3,provable,proved,,ok,two-sided,IMELL,58318,69,50.794,4,0,2,10477,0,0,16384,50.000,1.687,auto,30
lltp,ILL/petri-nets/MCC,,,HypercubeGrid_hc4k3p3b12_20_1.p,intuitionistic,auto,1,false,,5,0,3,provable,unknown,timeout,,two-sided,IMELL,58318,69,5027.195,13892,210,13657,17774237,0,0,16384,5010.000,532.542,auto,30
lltp,ILL/petri-nets/MCC,,,HypercubeGrid_hc4k3p3b12_50_1.p,intuitionistic,auto,1,false,,5,0,3,provable,unknown,timeout,,two-sided,IMELL,58318,69,5028.287,11268,136,11111,13263307,0,0,16384,5020.000,534.262,auto,30
lltp,ILL/petri-nets/MCC,,,HypercubeGrid_hc4k3p3b12_5_1.p,intuitionistic,auto,1,false,,5,0,3,provable,unknown,timeout,,two-sided,IMELL,58318,69,5032.640,28397,903,27447,43723303,0,0,16384,5020.000,694.742,auto,30
lltp,ILL/petri-nets/MCC,,,HypercubeGrid_hc5k3p3b15_100_1.p,intuitionistic,auto,1,false,,5,0,3,provable,unknown,timeout,,two-sided,IMELL,257578,106,5005.885,480,0,477,2761851,0,0,16384,5000.000,114.497,auto,30
lltp,ILL/petri-nets/MCC,,,HypercubeGrid_hc5k3p3b15_1_1.p,intuitionistic,auto,1,false,,5,0,3,provable,proved,,ok,two-sided,IMELL,257578,106,466.176,4,0,2,47434,0,0,16384,460.000,0.264,auto,30
lltp,ILL/petri-nets/MCC,,,HypercubeGrid_hc5k3p3b15_20_1.p,intuitionistic,auto,1,false,,5,0,3,provable,unknown,timeout,,two-sided,IMELL,257578,106,5174.395,768,0,765,4812680,0,0,16384,5170.000,170.661,auto,30
lltp,ILL/petri-nets/MCC,,,HypercubeGrid_hc5k3p3b15_50_1.p,intuitionistic,auto,1,false,,5,0,3,provable,unknown,timeout,,two-sided,IMELL,257578,106,5157.388,608,0,605,3573753,0,0,16384,5140.000,138.601,auto,30
lltp,ILL/petri-nets/MCC,,,HypercubeGrid_hc5k3p3b15_5_1.p,intuitionistic,auto,1,false,,5,0,3,provable,unknown,timeout,,two-sided,IMELL,257578,106,5061.001,1888,0,1885,14221965,0,0,16384,5050.000,393.712,auto,30
lltp,ILL/petri-nets/MCC,,,HypertorusGrid_ht_d4k3p2b08_100_1.p,intuitionistic,auto,1,false,,5,0,3,provable,unknown,timeout,,two-sided,IMELL,51838,66,5014.850,12393,153,12218,13002637,0,0,16384,5010.000,484.490,auto,30
lltp,ILL/petri-nets/MCC,,,HypertorusGrid_ht_d4k3p2b08_1_1.p,intuitionistic,auto,1,false,,5,0,3,provable,proved,,ok,two-sided,IMELL,51838,65,34.619,4,0,2,8642,0,0,16384,30.000,0.812,auto,30
lltp,ILL/petri-nets/MCC,,,HypertorusGrid_ht_d4k3p2b08_20_1.p,intuitionistic,auto,1,false,,5,0,3,provable,unknown,timeout,,two-sided,IMELL,51838,65,5022.749,16415,300,16086,19592745,0,0,16384,5010.000,513.080,auto,30
lltp,ILL/petri-nets/MCC,,,HypertorusGrid_ht_d4k3p2b08_50_1.p,intuitionistic,auto,1,false,,5,0,3,provable,unknown,timeout,,two-sided,IMELL,51838,65,5028.831,13089,171,12895,14279310,0,0,16384,5020.000,496.480,auto,30
lltp,ILL/petri-nets/MCC,,,HypertorusGrid_ht_d4k3p2b08_5_1.p,intuitionistic,auto,1,false,,5,0,3,provable,unknown,timeout,,two-sided,IMELL,51838,65,5029.538,34653,1326,33271,50028744,0,0,16384,5010.000,574.618,auto,30
lltp,ILL/petri-nets/MCC,,,HypertorusGrid_ht_d5k3p2b10_100_1.p,intuitionistic,auto,1,false,,5,0,3,provable,unknown,timeout,,two-sided,IMELL,233278,101,5086.659,1109,0,1106,3462752,0,0,16384,5080.000,177.729,auto,30
lltp,ILL/petri-nets/MCC,,,HypertorusGrid_ht_d5k3p2b10_1_1.p,intuitionistic,auto,1,false,,5,0,3,provable,proved,,ok,two-sided,IMELL,233278,101,308.323,4,0,2,29427,0,0,16384,310.000,2.433,auto,30
lltp,ILL/petri-nets/MCC,,,HypertorusGrid_ht_d5k3p2b10_20_1.p,intuitionistic,auto,1,false,,5,0,3,provable,unknown,timeout,,two-sided,IMELL,233278,101,5077.419,1664,0,1661,5601221,0,0,16384,5060.000,252.424,auto,30
lltp,ILL/petri-nets/MCC,,,HypertorusGrid_ht_d5k3p2b10_50_1.p,intuitionistic,auto,1,false,,5,0,3,provable,unknown,timeout,,two-sided,IMELL,233278,101,5049.180,1322,0,1319,4225075,0,0,16384,5040.000,201.570,auto,30
lltp,ILL/petri-nets/MCC,,,HypertorusGrid_ht_d5k3p2b10_5_1.p,intuitionistic,auto,1,false,,5,0,3,provable,unknown,timeout,,two-sided,IMELL,233278,101,5064.199,3498,0,3493,14341823,0,0,16384,5060.000,512.811,auto,30
lltp,ILL/petri-nets/MCC,,,JoinFreeModules_joinFree-100_20_1.p,intuitionistic,auto,1,false,,5,0,3,provable,unknown,timeout,,two-sided,IMELL,91206,203,5008.421,15658,2851,12726,116612770,0,0,16384,4990.000,417.817,auto,30
lltp,ILL/petri-nets/MCC,,,JoinFreeModules_joinFree-100_5_1.p,intuitionistic,auto,1,false,,5,0,3,provable,unknown,timeout,,two-sided,IMELL,91206,203,5014.618,12990,1954,10968,123777369,0,0,16384,5010.000,704.557,auto,30
lltp,ILL/petri-nets/MCC,,,JoinFreeModules_joinFree-50_5_1.p,intuitionistic,auto,1,false,,5,0,3,provable,unknown,timeout,,two-sided,IMELL,25606,103,5009.793,56078,26316,29202,164255186,0,0,16384,5000.000,878.588,auto,30
lltp,ILL/petri-nets/MCC,,,NeighborGrid_z_5d_4n_1m_t_3_5_1_1.p,intuitionistic,auto,1,false,,5,0,,,unknown,crash (signal: 6 (SIGABRT) (core dumped)): note: run with `RUST_BACKTRACE=1` environment variable to display a backtrace,,,,,,4702.855,,,,,,,,,,auto,30
lltp,ILL/petri-nets/MCC,,,NeighborGrid_z_5d_4n_1m_t_3_5_20_1.p,intuitionistic,auto,1,false,,5,0,3,provable,unknown,timeout,,two-sided,IMELL,790526,197,5044.920,12178,10206,1968,2290050,0,0,16384,5040.000,622.589,auto,30
lltp,ILL/petri-nets/MCC,,,NeighborGrid_z_5d_4n_1m_t_3_5_5_1.p,intuitionistic,auto,1,false,,5,0,3,provable,unknown,timeout,,two-sided,IMELL,790526,195,5050.019,513,0,510,3365486,0,0,16384,5040.000,199.649,auto,30
lltp,ILL/petri-nets/MCC,,,NeoElection_neoelection-4.unf_100_1.p,intuitionistic,auto,1,false,,5,0,3,provable,unknown,timeout,,two-sided,IMELL,27302,515,5046.245,77134,0,77131,67502799,0,0,16384,5030.000,329.914,auto,30
lltp,ILL/petri-nets/MCC,,,NeoElection_neoelection-4.unf_10_1.p,intuitionistic,auto,1,false,,5,0,3,provable,unknown,timeout,,two-sided,IMELL,27296,515,5057.358,97257,0,97254,36944147,0,0,16384,5040.000,283.169,auto,30
lltp,ILL/petri-nets/MCC,,,NeoElection_neoelection-4.unf_1_1.p,intuitionistic,auto,1,false,,5,0,3,provable,proved,,ok,two-sided,IMELL,27288,515,1.863,3,0,2,96,0,0,16384,0.000,0.027,auto,30
lltp,ILL/petri-nets/MCC,,,NeoElection_neoelection-4.unf_20_1.p,intuitionistic,auto,1,false,,5,0,3,provable,unknown,timeout,,two-sided,IMELL,27304,515,5068.546,112788,0,112785,98748223,0,0,16384,5050.000,398.580,auto,30
lltp,ILL/petri-nets/MCC,,,NeoElection_neoelection-4.unf_50_1.p,intuitionistic,auto,1,false,,5,0,3,provable,unknown,timeout,,two-sided,IMELL,27310,515,5042.226,77078,0,77075,67453595,0,0,16384,5030.000,347.829,auto,30
lltp,ILL/petri-nets/MCC,,,NeoElection_neoelection-4.unf_5_1.p,intuitionistic,auto,1,false,,5,0,3,provable,unknown,timeout,,two-sided,IMELL,27292,515,5063.191,106042,0,106039,41868432,0,0,16384,5050.000,308.780,auto,30
lltp,ILL/petri-nets/MCC,,,NeoElection_neoelection-5.unf_100_1.p,intuitionistic,auto,1,false,,5,0,3,provable,unknown,timeout,,two-sided,IMELL,54596,882,5028.572,47021,0,47018,41125145,0,0,16384,5020.000,276.324,auto,30
lltp,ILL/petri-nets/MCC,,,NeoElection_neoelection-5.unf_10_1.p,intuitionistic,auto,1,false,,5,0,3,provable,unknown,timeout,,two-sided,IMELL,54572,882,5030.133,27821,0,27818,20220688,0,0,16384,5020.000,365.900,auto,30
lltp,ILL/petri-nets/MCC,,,NeoElection_neoelection-5.unf_1_1.p,intuitionistic,auto,1,false,,5,0,3,provable,proved,,ok,two-sided,IMELL,54562,882,4.121,3,0,2,132,0,0,16384,0.000,0.020,auto,30
lltp,ILL/petri-nets/MCC,,,NeoElection_neoelection-5.unf_20_1.p,intuitionistic,auto,1,false,,5,0,3,provable,unknown,timeout,,two-sided,IMELL,54582,882,5081.708,81166,0,81163,71016034,0,0,16384,5070.000,391.035,auto,30
lltp,ILL/petri-nets/MCC,,,NeoElection_neoelection-5.unf_50_1.p,intuitionistic,auto,1,false,,5,0,3,provable,unknown,timeout,,two-sided,IMELL,54602,882,5042.989,47580,0,47577,41616441,0,0,16384,5030.000,244.427,auto,30
lltp,ILL/petri-nets/MCC,,,NeoElection_neoelection-5.unf_5_1.p,intuitionistic,auto,1,false,,5,0,3,provable,unknown,timeout,,two-sided,IMELL,54564,882,5033.004,32802,0,32799,25115125,0,0,16384,5020.000,353.580,auto,30
lltp,ILL/petri-nets/MCC,,,NeoElection_neoelection-6.unf_100_1.p,intuitionistic,auto,1,false,,5,0,3,provable,unknown,timeout,,two-sided,IMELL,98446,1393,5027.856,18119,0,18116,27687243,0,0,16384,5020.000,406.127,auto,30
lltp,ILL/petri-nets/MCC,,,NeoElection_neoelection-6.unf_10_1.p,intuitionistic,auto,1,false,,5,0,3,provable,unknown,timeout,,two-sided,IMELL,98402,1393,5027.220,9162,0,9159,11501217,0,0,16384,5020.000,336.292,auto,30
lltp,ILL/petri-nets/MCC,,,NeoElection_neoelection-6.unf_1_1.p,intuitionistic,auto,1,false,,5,0,3,provable,proved,,ok,two-sided,IMELL,98390,1393,10.206,4,0,2,5328,0,0,16384,10.000,1.962,auto,30
lltp,ILL/petri-nets/MCC,,,NeoElection_neoelection-6.unf_20_1.p,intuitionistic,auto,1,false,,5,0,3,provable,unknown,timeout,,two-sided,IMELL,98422,1393,5070.581,40894,0,40891,62900020,0,0,16384,5070.000,321.951,auto,30
lltp,ILL/petri-nets/MCC,,,NeoElection_neoelection-6.unf_50_1.p,intuitionistic,auto,1,false,,5,0,3,provable,unknown,timeout,,two-sided,IMELL,98450,1393,5040.679,18170,0,18167,27766988,0,0,16384,5030.000,393.059,auto,30
lltp,ILL/petri-nets/MCC,,,NeoElection_neoelection-6.unf_5_1.p,intuitionistic,auto,1,false,,5,0,3,provable,unknown,timeout,,two-sided,IMELL,98394,1393,5042.952,11363,0,11360,15145280,0,0,16384,5030.000,392.271,auto,30
lltp,ILL/petri-nets/MCC,,,NeoElection_neoelection-7.unf_100_1.p,intuitionistic,auto,1,false,,5,0,3,provable,unknown,timeout,,two-sided,IMELL,164464,2072,5019.161,7967,0,7964,16216887,0,0,16384,5010.000,426.051,auto,30
lltp,ILL/petri-nets/MCC,,,NeoElection_neoelection-7.unf_10_1.p,intuitionistic,auto,1,false,,5,0,3,provable,unknown,timeout,,two-sided,IMELL,164394,2072,5063.761,3984,0,3981,6562876,0,0,16384,5050.000,239.607,auto,30
lltp,ILL/petri-nets/MCC,,,NeoElection_neoelection-7.unf_1_1.p,intuitionistic,auto,1,false,,5,0,3,provable,proved,,ok,two-sided,IMELL,164382,2072,19.143,4,0,2,5319,0,0,16384,20.000,2.911,auto,30
lltp,ILL/petri-nets/MCC,,,NeoElection_neoelection-7.unf_20_1.p,intuitionistic,auto,1,false,,5,0,3,provable,unknown,timeout,,two-sided,IMELL,164416,2072,5035.512,12141,0,12138,24896547,0,0,16384,5030.000,305.336,auto,30
lltp,ILL/petri-nets/MCC,,,NeoElection_neoelection-7.unf_50_1.p,intuitionistic,auto,1,false,,5,0,3,provable,unknown,timeout,,two-sided,IMELL,164466,2072,5015.950,7967,0,7964,16216887,0,0,16384,5000.000,427.779,auto,30
lltp,ILL/petri-nets/MCC,,,NeoElection_neoelection-7.unf_5_1.p,intuitionistic,auto,1,false,,5,0,3,provable,unknown,timeout,,two-sided,IMELL,164384,2072,5050.651,4799,0,4796,8363165,0,0,16384,5040.000,289.411,auto,30
lltp,ILL/petri-nets/MCC,,,NeoElection_neoelection-8.unf_100_1.p,intuitionistic,auto,1,false,,5,0,3,provable,unknown,timeout,,two-sided,IMELL,259076,2943,5035.705,3371,0,3368,10293792,0,0,16384,5020.000,295.690,auto,30
lltp,ILL/petri-nets/MCC,,,NeoElection_neoelection-8.unf_10_1.p,intuitionistic,auto,1,false,,5,0,3,provable,unknown,timeout,,two-sided,IMELL,258972,2943,5048.645,1708,0,1705,4163471,0,0,16384,5040.000,158.976,auto,30
lltp,ILL/petri-nets/MCC,,,NeoElection_neoelection-8.unf_1_1.p,intuitionistic,auto,1,false,,5,0,3,provable,proved,,ok,two-sided,IMELL,258964,2943,34.700,4,0,2,5289,0,0,16384,30.000,0.056,auto,30
lltp,ILL/petri-nets/MCC,,,NeoElection_neoelection-8.unf_20_1.p,intuitionistic,auto,1,false,,5,0,3,provable,unknown,timeout,,two-sided,IMELL,258998,2943,5066.947,3499,0,3496,10768302,0,0,16384,5050.000,327.732,auto,30
lltp,ILL/petri-nets/MCC,,,NeoElection_neoelection-8.unf_50_1.p,intuitionistic,auto,1,false,,5,0,3,provable,unknown,timeout,,two-sided,IMELL,259050,2943,5045.605,3456,0,3453,10639194,0,0,16384,5040.000,299.294,auto,30
lltp,ILL/petri-nets/MCC,,,NeoElection_neoelection-8.unf_5_1.p,intuitionistic,auto,1,false,,5,0,3,provable,unknown,timeout,,two-sided,IMELL,258964,2943,5044.591,2048,0,2045,5283687,0,0,16384,5030.000,195.685,auto,30
lltp,ILL/petri-nets/MCC,,,Peterson-6_1_1.p,intuitionistic,auto,1,false,,5,0,3,provable,proved,,ok,two-sided,IMELL,12622,38,0.996,3,0,2,33,0,0,16384,0.000,0.012,auto,30
lltp,ILL/petri-nets/MCC,,,Peterson-7_100_1.p,intuitionistic,auto,1,false,,5,0,3,provable,unknown,timeout,,two-sided,IMELL,19258,51,5009.233,57650,34731,15710,52266917,0,0,16384,5000.000,996.635,auto,30
lltp,ILL/petri-nets/MCC,,,Peterson-7_10_1.p,intuitionistic,auto,1,false,,5,0,3,provable,unknown,timeout,,two-sided,IMELL,19258,51,5008.491,60280,35960,16779,57854462,0,0,16384,5000.000,873.631,auto,30
lltp,ILL/petri-nets/MCC,,,Peterson-7_1_1.p,intuitionistic,auto,1,false,,5,0,3,provable,proved,,ok,two-sided,IMELL,19258,51,1.504,3,0,2,26,0,0,16384,0.000,0.025,auto,30
lltp,ILL/petri-nets/MCC,,,Peterson-7_20_1.p,intuitionistic,auto,1,false,,5,0,3,provable,unknown,timeout,,two-sided,IMELL,19258,51,5008.783,57592,34692,15698,52210772,0,0,16384,5000.000,1002.277,auto,30
lltp,ILL/petri-nets/MCC,,,Peterson-7_50_1.p,intuitionistic,auto,1,false,,5,0,3,provable,unknown,timeout,,two-sided,IMELL,19258,51,5009.821,56514,33906,15540,51372428,0,0,16384,4990.000,1029.462,auto,30
lltp,ILL/petri-nets/MCC,,,Peterson-7_5_1.p,intuitionistic,auto,1,false,,5,0,3,provable,proved,,ok,two-sided,IMELL,19258,51,146.009,1772,1022,524,1728832,0,0,16384,150.000,21.730,auto,30
lltp,ILL/petri-nets/MCC,,,PhaseVariation_10-100_phaseVariation_100_1.p,intuitionistic,auto,1,false,,5,0,3,provable,unknown,timeout,,two-sided,IMELL,45312,3237,5019.981,93543,10064,81833,60501890,0,0,16384,5010.000,1361.709,auto,30
lltp,ILL/petri-nets/MCC,,,PhaseVariation_10-100_phaseVariation_1_1.p,intuitionistic,auto,1,false,,5,0,3,provable,proved,,ok,two-sided,IMELL,45114,3237,2.356,3,0,2,271,0,0,16384,0.000,0.024,auto,30
lltp,ILL/petri-nets/MCC,,,PhaseVariation_10-100_phaseVariation_20_1.p,intuitionistic,auto,1,false,,5,0,3,provable,unknown,timeout,,two-sided,IMELL,45152,3237,5021.865,93889,10064,82172,60752206,0,0,16384,5010.000,1366.244,auto,30
lltp,ILL/petri-nets/MCC,,,PhaseVariation_10-100_phaseVariation_50_1.p,intuitionistic,auto,1,false,,5,0,3,provable,unknown,timeout,,two-sided,IMELL,45212,3237,5022.695,93715,10064,82000,60634960,0,0,16384,5010.000,1390.071,auto,30
lltp,ILL/petri-nets/MCC,,,PhaseVariation_10-100_phaseVariation_5_1.p,intuitionistic,auto,1,false,,5,0,3,provable,unknown,timeout,,two-sided,IMELL,45122,3237,5021.682,87582,7883,78174,57446732,0,0,16384,5010.000,1316.954,auto,30
lltp,ILL/petri-nets/MCC,,,PhaseVariation_10-10_phaseVariation_100_1.p,intuitionistic,auto,1,false,,5,0,3,provable,unknown,timeout,,two-sided,IMELL,44476,3147,5012.814,21880,1354,19962,17559739,0,0,16384,5000.000,522.967,auto,30
lltp,ILL/petri-nets/MCC,,,PhaseVariation_10-10_phaseVariation_1_1.p,intuitionistic,auto,1,false,,5,0,3,provable,proved,,ok,two-sided,IMELL,44354,3147,2.220,3,0,2,171,0,0,16384,0.000,0.026,auto,30
lltp,ILL/petri-nets/MCC,,,PhaseVariation_10-10_phaseVariation_20_1.p,intuitionistic,auto,1,false,,5,0,3,provable,unknown,timeout,,two-sided,IMELL,44392,3147,5048.425,97662,15432,80071,61291996,0,0,16384,5030.000,1280.422,auto,30
lltp,ILL/petri-nets/MCC,,,PhaseVariation_10-10_phaseVariation_50_1.p,intuitionistic,auto,1,false,,5,0,3,provable,unknown,timeout,,two-sided,IMELL,44452,3147,5064.051,97239,15240,79848,61109349,0,0,16384,5050.000,1324.997,auto,30
lltp,ILL/petri-nets/MCC,,,PhaseVariation_10-10_phaseVariation_5_1.p,intuitionistic,auto,1,false,,5,0,3,provable,unknown,timeout,,two-sided,IMELL,44362,3147,5065.213,91511,14152,75348,57681701,0,0,16384,5050.000,1311.827,auto,30
lltp,ILL/petri-nets/MCC,,,PhaseVariation_20-100_phaseVariation_100_1.p,intuitionistic,auto,1,false,,5,0,3,provable,unknown,timeout,,two-sided,IMELL,190592,13557,5033.061,7859,252,7390,19114607,0,0,16384,5020.000,929.060,auto,30
lltp,ILL/petri-nets/MCC,,,PhaseVariation_20-100_phaseVariation_1_1.p,intuitionistic,auto,1,false,,5,0,3,provable,proved,,ok,two-sided,IMELL,190394,13557,15.417,5,0,3,6472,0,0,16384,10.000,3.115,auto,30
lltp,ILL/petri-nets/MCC,,,PhaseVariation_20-100_phaseVariation_20_1.p,intuitionistic,auto,1,false,,5,0,3,provable,unknown,timeout,,two-sided,IMELL,190432,13557,5049.992,7716,252,7251,18764246,0,0,16384,5030.000,937.198,auto,30
lltp,ILL/petri-nets/MCC,,,PhaseVariation_20-100_phaseVariation_50_1.p,intuitionistic,auto,1,false,,5,0,3,provable,unknown,timeout,,two-sided,IMELL,190492,13557,5018.569,7668,252,7204,18651587,0,0,16384,5010.000,957.176,auto,30
lltp,ILL/petri-nets/MCC,,,PhaseVariation_20-100_phaseVariation_5_1.p,intuitionistic,auto,1,false,,5,0,3,provable,unknown,timeout,,two-sided,IMELL,190402,13557,5038.030,7763,240,7310,18871653,0,0,16384,5030.000,977.507,auto,30
lltp,ILL/petri-nets/MCC,,,PhaseVariation_20-10_phaseVariation_100_1.p,intuitionistic,auto,1,false,,5,0,3,provable,unknown,timeout,,two-sided,IMELL,190232,13467,5025.355,7668,252,7204,18651587,0,0,16384,5020.000,942.920,auto,30
lltp,ILL/petri-nets/MCC,,,PhaseVariation_20-10_phaseVariation_1_1.p,intuitionistic,auto,1,false,,5,0,3,provable,proved,,ok,two-sided,IMELL,190034,13467,15.554,5,0,3,6472,0,0,16384,20.000,1.542,auto,30
lltp,ILL/petri-nets/MCC,,,PhaseVariation_20-10_phaseVariation_20_1.p,intuitionistic,auto,1,false,,5,0,3,provable,unknown,timeout,,two-sided,IMELL,190072,13467,5036.071,7906,252,7436,19238088,0,0,16384,5030.000,928.502,auto,30
lltp,ILL/petri-nets/MCC,,,PhaseVariation_20-10_phaseVariation_50_1.p,intuitionistic,auto,1,false,,5,0,3,provable,unknown,timeout,,two-sided,IMELL,190132,13467,5034.304,7906,252,7436,19238088,0,0,16384,5030.000,938.237,auto,30
lltp,ILL/petri-nets/MCC,,,PhaseVariation_20-10_phaseVariation_5_1.p,intuitionistic,auto,1,false,,5,0,3,provable,unknown,timeout,,two-sided,IMELL,190042,13467,5017.051,7909,252,7440,19205796,0,0,16384,5010.000,938.427,auto,30
lltp,ILL/petri-nets/MCC,,,PhaseVariation_30-100_phaseVariation_100_1.p,intuitionistic,auto,1,false,,5,0,3,provable,unknown,timeout,,two-sided,IMELL,437872,31077,5082.874,1186,0,1146,8378494,0,0,16384,5060.000,392.907,auto,30
lltp,ILL/petri-nets/MCC,,,PhaseVariation_30-100_phaseVariation_1_1.p,intuitionistic,auto,1,false,,5,0,3,provable,proved,,ok,two-sided,IMELL,437674,31077,55.405,5,0,3,15554,0,0,16384,60.000,0.075,auto,30
lltp,ILL/petri-nets/MCC,,,PhaseVariation_30-100_phaseVariation_20_1.p,intuitionistic,auto,1,false,,5,0,3,provable,unknown,timeout,,two-sided,IMELL,437712,31077,5067.179,1154,0,1115,8163068,0,0,16384,5060.000,402.152,auto,30
lltp,ILL/petri-nets/MCC,,,PhaseVariation_30-100_phaseVariation_50_1.p,intuitionistic,auto,1,false,,5,0,3,provable,unknown,timeout,,two-sided,IMELL,437772,31077,5041.700,1154,0,1115,8163068,0,0,16384,5030.000,399.015,auto,30
lltp,ILL/petri-nets/MCC,,,PhaseVariation_30-100_phaseVariation_5_1.p,intuitionistic,auto,1,false,,5,0,3,provable,unknown,timeout,,two-sided,IMELL,437682,31077,5116.282,1250,0,1208,8833079,0,0,16384,5100.000,418.297,auto,30
lltp,ILL/petri-nets/MCC,,,PhaseVariation_30-10_phaseVariation_100_1.p,intuitionistic,auto,1,false,,5,0,3,provable,unknown,timeout,,two-sided,IMELL,437512,30987,5030.562,1154,0,1115,8163068,0,0,16384,5020.000,390.349,auto,30
lltp,ILL/petri-nets/MCC,,,PhaseVariation_30-10_phaseVariation_1_1.p,intuitionistic,auto,1,false,,5,0,3,provable,proved,,ok,two-sided,IMELL,437314,30987,56.314,5,0,3,15554,0,0,16384,50.000,6.573,auto,30
lltp,ILL/petri-nets/MCC,,,PhaseVariation_30-10_phaseVariation_20_1.p,intuitionistic,auto,1,false,,5,0,3,provable,unknown,timeout,,two-sided,IMELL,437352,30987,5017.765,1186,0,1146,8378494,0,0,16384,5010.000,404.209,auto,30
lltp,ILL/petri-nets/MCC,,,PhaseVariation_30-10_phaseVariation_50_1.p,intuitionistic,auto,1,false,,5,0,3,provable,unknown,timeout,,two-sided,IMELL,437412,30987,5020.412,1186,0,1146,8378494,0,0,16384,5010.000,404.799,auto,30
lltp,ILL/petri-nets/MCC,,,PhaseVariation_30-10_phaseVariation_5_1.p,intuitionistic,auto,1,false,,5,0,3,provable,unknown,timeout,,two-sided,IMELL,437322,30987,5046.740,1186,0,1146,8378494,0,0,16384,5040.000,411.651,auto,30
lltp,ILL/petri-nets/MCC,,,Philosophers-10000_100_1.p,intuitionistic,auto,1,false,,5,0,,,unknown,crash (signal: 6 (SIGABRT) (core dumped)): note: run with `RUST_BACKTRACE=1` environment variable to display a backtrace,,,,,,2190.929,,,,,,,,,,auto,30
lltp,ILL/petri-nets/MCC,,,Philosophers-10000_1_1.p,intuitionistic,auto,1,false,,5,0,,,unknown,crash (signal: 6 (SIGABRT) (core dumped)): note: run with `RUST_BACKTRACE=1` environment variable to display a backtrace,,,,,,5517.547,,,,,,,,,,auto,30
lltp,ILL/petri-nets/MCC,,,Philosophers-10000_20_1.p,intuitionistic,auto,1,false,,5,0,,,unknown,crash (signal: 6 (SIGABRT) (core dumped)): note: run with `RUST_BACKTRACE=1` environment variable to display a backtrace,,,,,,2190.724,,,,,,,,,,auto,30
lltp,ILL/petri-nets/MCC,,,Philosophers-10000_50_1.p,intuitionistic,auto,1,false,,5,0,,,unknown,crash (signal: 6 (SIGABRT) (core dumped)): note: run with `RUST_BACKTRACE=1` environment variable to display a backtrace,,,,,,2183.018,,,,,,,,,,auto,30
lltp,ILL/petri-nets/MCC,,,Philosophers-10000_5_1.p,intuitionistic,auto,1,false,,5,0,,,unknown,crash (signal: 6 (SIGABRT) (core dumped)): note: run with `RUST_BACKTRACE=1` environment variable to display a backtrace,,,,,,2171.698,,,,,,,,,,auto,30
lltp,ILL/petri-nets/MCC,,,Philosophers-1000_100_1.p,intuitionistic,auto,1,false,,5,0,3,provable,unknown,timeout,,two-sided,IMELL,39798,5,5030.099,36082,8366,27712,9628003,0,0,16384,5010.000,371.564,auto,30
lltp,ILL/petri-nets/MCC,,,Philosophers-1000_1_1.p,intuitionistic,auto,1,false,,5,0,3,provable,proved,,ok,two-sided,IMELL,39996,5,64.740,5,0,2,9995,0,0,16384,60.000,0.487,auto,30
lltp,ILL/petri-nets/MCC,,,Philosophers-1000_20_1.p,intuitionistic,auto,1,false,,5,0,3,provable,unknown,timeout,,two-sided,IMELL,39958,5,5026.930,36297,8156,28137,9401168,0,0,16384,5000.000,385.254,auto,30
lltp,ILL/petri-nets/MCC,,,Philosophers-1000_50_1.p,intuitionistic,auto,1,false,,5,0,3,provable,unknown,timeout,,two-sided,IMELL,39898,5,5036.208,35850,8183,27663,9450643,0,0,16384,5010.000,371.927,auto,30
lltp,ILL/petri-nets/MCC,,,Philosophers-1000_5_1.p,intuitionistic,auto,1,false,,5,0,3,provable,unknown,timeout,,two-sided,IMELL,39988,5,5029.533,36235,8142,28089,9362860,0,0,16384,5000.000,379.574,auto,30
lltp,ILL/petri-nets/MCC,,,Philosophers-2000_100_1.p,intuitionistic,auto,1,false,,5,0,3,provable,unknown,timeout,,two-sided,IMELL,79798,5,5077.270,4470,837,3629,6785313,0,0,16384,5060.000,262.242,auto,30
lltp,ILL/petri-nets/MCC,,,Philosophers-2000_1_1.p,intuitionistic,auto,1,false,,5,0,3,provable,proved,,ok,two-sided,IMELL,79996,5,165.199,5,0,2,19998,0,0,16384,160.000,3.727,auto,30
lltp,ILL/petri-nets/MCC,,,Philosophers-2000_20_1.p,intuitionistic,auto,1,false,,5,0,3,provable,unknown,timeout,,two-sided,IMELL,79958,5,5092.215,4407,815,3588,6440372,0,0,16384,5070.000,254.488,auto,30
lltp,ILL/petri-nets/MCC,,,Philosophers-2000_50_1.p,intuitionistic,auto,1,false,,5,0,3,provable,unknown,timeout,,two-sided,IMELL,79898,5,5073.759,4412,816,3592,6537806,0,0,16384,5050.000,249.728,auto,30
lltp,ILL/petri-nets/MCC,,,Philosophers-2000_5_1.p,intuitionistic,auto,1,false,,5,0,3,provable,unknown,timeout,,two-sided,IMELL,79988,5,5037.531,4350,802,3545,6295338,0,0,16384,5020.000,247.054,auto,30
lltp,ILL/petri-nets/MCC,,,Philosophers-5000_100_1.p,intuitionistic,auto,1,false,,5,0,3,provable,unknown,timeout,,two-sided,IMELL,199798,5,5186.731,871,114,753,3596568,0,0,16384,5160.000,126.033,auto,30
lltp,ILL/petri-nets/MCC,,,Philosophers-5000_1_1.p,intuitionistic,auto,1,false,,5,0,3,provable,proved,,ok,two-sided,IMELL,199996,5,422.084,4,0,2,42285,0,0,16384,420.000,3.298,auto,30
lltp,ILL/petri-nets/MCC,,,Philosophers-5000_20_1.p,intuitionistic,auto,1,false,,5,0,3,provable,unknown,timeout,,two-sided,IMELL,199958,5,5216.335,871,114,754,3600448,0,0,16384,5200.000,131.670,auto,30
lltp,ILL/petri-nets/MCC,,,Philosophers-5000_50_1.p,intuitionistic,auto,1,false,,5,0,3,provable,unknown,timeout,,two-sided,IMELL,199898,5,5203.581,871,114,754,3596232,0,0,16384,5180.000,125.592,auto,30
lltp,ILL/petri-nets/MCC,,,Philosophers-5000_5_1.p,intuitionistic,auto,1,false,,5,0,3,provable,unknown,timeout,,two-sided,IMELL,199988,5,5217.979,870,114,753,3600176,0,0,16384,5200.000,129.922,auto,30
lltp,ILL/petri-nets/MCC,,,Philosophers-500_100_1.p,intuitionistic,auto,1,false,,5,0,3,provable,unknown,timeout,,two-sided,IMELL,19798,5,5031.211,98132,37597,60531,17301139,0,0,16384,5010.000,325.896,auto,30
lltp,ILL/petri-nets/MCC,,,Philosophers-500_1_1.p,intuitionistic,auto,1,false,,5,0,3,provable,proved,,ok,two-sided,IMELL,19996,5,23.749,7,2,3,7098,0,0,16384,20.000,2.944,auto,30
lltp,ILL/petri-nets/MCC,,,Philosophers-500_20_1.p,intuitionistic,auto,1,false,,5,0,3,provable,unknown,timeout,,two-sided,IMELL,19958,5,5027.885,92461,33589,58868,16869482,0,0,16384,5010.000,308.291,auto,30
lltp,ILL/petri-nets/MCC,,,Philosophers-500_50_1.p,intuitionistic,auto,1,false,,5,0,3,provable,unknown,timeout,,two-sided,IMELL,19898,5,5031.542,94237,34943,59290,16960755,0,0,16384,5010.000,309.392,auto,30
lltp,ILL/petri-nets/MCC,,,Philosophers-500_5_1.p,intuitionistic,auto,1,false,,5,0,3,provable,unknown,timeout,,two-sided,IMELL,19988,5,5031.879,92614,32910,59700,16775692,0,0,16384,5020.000,333.886,auto,30
lltp,ILL/petri-nets/MCC,,,PhilosophersDyn_philo_dyn-10-unfolded_1_1.p,intuitionistic,auto,1,false,,5,0,3,provable,proved,,ok,two-sided,IMELL,36886,312,1.997,3,0,2,34,0,0,16384,0.000,0.037,auto,30
lltp,ILL/petri-nets/MCC,,,PhilosophersDyn_philo_dyn-10-unfolded_20_1.p,intuitionistic,auto,1,false,,5,0,3,provable,unknown,timeout,,two-sided,IMELL,36886,311,5012.021,51072,11321,34210,29665839,0,0,16384,5000.000,1030.017,auto,30
lltp,ILL/petri-nets/MCC,,,PhilosophersDyn_philo_dyn-10-unfolded_5_1.p,intuitionistic,auto,1,false,,5,0,3,provable,unknown,timeout,,two-sided,IMELL,36888,312,5024.579,591792,545894,39160,27947048,0,0,16384,5010.000,873.297,auto,30
lltp,ILL/petri-nets/MCC,,,PhilosophersDyn_philo_dyn-20-unfolded_1_1.p,intuitionistic,auto,1,false,,5,0,3,provable,proved,,ok,two-sided,IMELL,283366,1222,21.455,5,0,3,6122,0,0,16384,20.000,0.021,auto,30
lltp,ILL/petri-nets/MCC,,,PhilosophersDyn_philo_dyn-20-unfolded_20_1.p,intuitionistic,auto,1,false,,5,0,3,provable,unknown,timeout,,two-sided,IMELL,283366,1221,5058.599,1366,0,1338,3698230,0,0,16384,5040.000,254.614,auto,30
lltp,ILL/petri-nets/MCC,,,PhilosophersDyn_philo_dyn-20-unfolded_5_1.p,intuitionistic,auto,1,false,,5,0,3,provable,unknown,timeout,,two-sided,IMELL,283362,1221,5032.167,3671,0,3586,12596954,0,0,16384,5020.000,687.397,auto,30
lltp,ILL/petri-nets/MCC,,,PolyORBLF_PolyORB-LF-S04-J04-T06-unfolded_100_1.p,intuitionistic,auto,1,false,,5,0,3,provable,unknown,timeout,,two-sided,IMELL,86634,12892,5020.606,14081,5370,6655,13113289,0,0,16384,5010.000,589.682,auto,30
lltp,ILL/petri-nets/MCC,,,PolyORBLF_PolyORB-LF-S04-J04-T06-unfolded_10_1.p,intuitionistic,auto,1,false,,5,0,3,provable,unknown,timeout,,two-sided,IMELL,86636,12892,5028.652,10343,3831,4488,11250097,0,0,16384,5020.000,531.885,auto,30
lltp,ILL/petri-nets/MCC,,,PolyORBLF_PolyORB-LF-S04-J04-T06-unfolded_1_1.p,intuitionistic,auto,1,false,,5,0,3,provable,proved,,ok,two-sided,IMELL,86654,12901,4.909,3,0,2,477,0,0,16384,10.000,0.018,auto,30
lltp,ILL/petri-nets/MCC,,,PolyORBLF_PolyORB-LF-S04-J04-T06-unfolded_20_1.p,intuitionistic,auto,1,false,,5,0,3,provable,unknown,timeout,,two-sided,IMELL,86642,12892,5012.742,13600,5150,6430,12891595,0,0,16384,5000.000,628.253,auto,30
lltp,ILL/petri-nets/MCC,,,PolyORBLF_PolyORB-LF-S04-J04-T06-unfolded_50_1.p,intuitionistic,auto,1,false,,5,0,3,provable,unknown,timeout,,two-sided,IMELL,86648,12902,5013.305,11981,4460,5622,11093589,0,0,16384,5000.000,576.180,auto,30
lltp,ILL/petri-nets/MCC,,,PolyORBLF_PolyORB-LF-S04-J04-T06-unfolded_5_1.p,intuitionistic,auto,1,false,,5,0,3,provable,proved,,ok,two-sided,IMELL,86632,12892,117.643,244,80,82,375160,0,0,16384,120.000,17.697,auto,30
lltp,ILL/petri-nets/MCC,,,PolyORBLF_PolyORB-LF-S04-J04-T08-unfolded_100_1.p,intuitionistic,auto,1,false,,5,0,3,provable,unknown,timeout,,two-sided,IMELL,115598,17188,5019.794,8254,2906,3845,11210140,0,0,16384,5010.000,465.292,auto,30
lltp,ILL/petri-nets/MCC,,,PolyORBLF_PolyORB-LF-S04-J04-T08-unfolded_10_1.p,intuitionistic,auto,1,false,,5,0,3,provable,unknown,timeout,,two-sided,IMELL,115600,17188,5017.175,7849,2736,3704,10529183,0,0,16384,5000.000,562.338,auto,30
lltp,ILL/petri-nets/MCC,,,PolyORBLF_PolyORB-LF-S04-J04-T08-unfolded_1_1.p,intuitionistic,auto,1,false,,5,0,3,provable,proved,,ok,two-sided,IMELL,115618,17197,6.104,3,0,2,752,0,0,16384,10.000,0.041,auto,30
lltp,ILL/petri-nets/MCC,,,PolyORBLF_PolyORB-LF-S04-J04-T08-unfolded_20_1.p,intuitionistic,auto,1,false,,5,0,3,provable,unknown,timeout,,two-sided,IMELL,115606,17188,5051.937,8312,2942,3851,11363812,0,0,16384,5040.000,465.551,auto,30
lltp,ILL/petri-nets/MCC,,,PolyORBLF_PolyORB-LF-S04-J04-T08-unfolded_50_1.p,intuitionistic,auto,1,false,,5,0,3,provable,unknown,timeout,,two-sided,IMELL,115612,17198,5011.131,7679,2677,3610,10277445,0,0,16384,5000.000,535.340,auto,30
lltp,ILL/petri-nets/MCC,,,PolyORBLF_PolyORB-LF-S04-J04-T08-unfolded_5_1.p,intuitionistic,auto,1,false,,5,0,3,provable,proved,,ok,two-sided,IMELL,115596,17188,183.950,244,80,82,499614,0,0,16384,180.000,21.101,auto,30
lltp,ILL/petri-nets/MCC,,,PolyORBLF_PolyORB-LF-S04-J04-T10-unfolded_100_1.p,intuitionistic,auto,1,false,,5,0,3,provable,unknown,timeout,,two-sided,IMELL,144642,21484,5077.824,5376,1751,2626,9730850,0,0,16384,5070.000,477.381,auto,30
lltp,ILL/petri-nets/MCC,,,PolyORBLF_PolyORB-LF-S04-J04-T10-unfolded_10_1.p,intuitionistic,auto,1,false,,5,0,3,provable,unknown,timeout,,two-sided,IMELL,144644,21484,5038.729,4872,1547,2441,8614706,0,0,16384,5030.000,471.414,auto,30
lltp,ILL/petri-nets/MCC,,,PolyORBLF_PolyORB-LF-S04-J04-T10-unfolded_1_1.p,intuitionistic,auto,1,false,,5,0,3,provable,proved,,ok,two-sided,IMELL,144662,21493,8.618,3,0,2,525,0,0,16384,10.000,0.048,auto,30
lltp,ILL/petri-nets/MCC,,,PolyORBLF_PolyORB-LF-S04-J04-T10-unfolded_20_1.p,intuitionistic,auto,1,false,,5,0,3,provable,unknown,timeout,,two-sided,IMELL,144650,21484,5079.686,5376,1751,2626,9763462,0,0,16384,5060.000,458.843,auto,30
lltp,ILL/petri-nets/MCC,,,PolyORBLF_PolyORB-LF-S04-J04-T10-unfolded_50_1.p,intuitionistic,auto,1,false,,5,0,3,provable,unknown,timeout,,two-sided,IMELL,144656,21494,5013.126,4762,1506,2383,8364044,0,0,16384,5010.000,537.326,auto,30
lltp,ILL/petri-nets/MCC,,,PolyORBLF_PolyORB-LF-S04-J04-T10-unfolded_5_1.p,intuitionistic,auto,1,false,,5,0,3,provable,proved,,ok,two-sided,IMELL,144640,21484,317.695,244,80,82,637567,0,0,16384,320.000,51.077,auto,30
lltp,ILL/petri-nets/MCC,,,PolyORBLF_PolyORB-LF-S04-J06-T06-unfolded_100_1.p,intuitionistic,auto,1,false,,5,0,3,provable,unknown,timeout,,two-sided,IMELL,88274,12892,5057.377,13717,5194,6610,13322001,0,0,16384,5040.000,591.111,auto,30
lltp,ILL/petri-nets/MCC,,,PolyORBLF_PolyORB-LF-S04-J06-T06-unfolded_10_1.p,intuitionistic,auto,1,false,,5,0,3,provable,unknown,timeout,,two-sided,IMELL,88276,12892,5017.784,12236,4553,5922,11688086,0,0,16384,5000.000,629.677,auto,30
lltp,ILL/petri-nets/MCC,,,PolyORBLF_PolyORB-LF-S04-J06-T06-unfolded_1_1.p,intuitionistic,auto,1,false,,5,0,3,provable,proved,,ok,two-sided,IMELL,88294,12901,5.200,3,0,2,604,0,0,16384,10.000,0.038,auto,30
lltp,ILL/petri-nets/MCC,,,PolyORBLF_PolyORB-LF-S04-J06-T06-unfolded_20_1.p,intuitionistic,auto,1,false,,5,0,3,provable,unknown,timeout,,two-sided,IMELL,88282,12892,5013.573,13423,5060,6511,13047654,0,0,16384,5000.000,579.911,auto,30
lltp,ILL/petri-nets/MCC,,,PolyORBLF_PolyORB-LF-S04-J06-T06-unfolded_50_1.p,intuitionistic,auto,1,false,,5,0,3,provable,unknown,timeout,,two-sided,IMELL,88288,12902,5011.547,11876,4417,5723,11173216,0,0,16384,5000.000,591.895,auto,30
lltp,ILL/petri-nets/MCC,,,PolyORBLF_PolyORB-LF-S04-J06-T06-unfolded_5_1.p,intuitionistic,auto,1,false,,5,0,3,provable,proved,,ok,two-sided,IMELL,88272,12892,133.392,244,80,82,411948,0,0,16384,130.000,23.982,auto,30
lltp,ILL/petri-nets/MCC,,,PolyORBLF_PolyORB-LF-S04-J06-T08-unfolded_100_1.p,intuitionistic,auto,1,false,,5,0,3,provable,unknown,timeout,,two-sided,IMELL,117782,17188,5016.672,9494,3374,4777,11839911,0,0,16384,5000.000,532.112,auto,30
lltp,ILL/petri-nets/MCC,,,PolyORBLF_PolyORB-LF-S04-J06-T08-unfolded_10_1.p,intuitionistic,auto,1,false,,5,0,3,provable,unknown,timeout,,two-sided,IMELL,117784,17188,5027.940,8623,3004,4374,10856949,0,0,16384,5020.000,585.550,auto,30
lltp,ILL/petri-nets/MCC,,,PolyORBLF_PolyORB-LF-S04-J06-T08-unfolded_1_1.p,intuitionistic,auto,1,false,,5,0,3,provable,proved,,ok,two-sided,IMELL,117802,17197,6.031,3,0,2,780,0,0,16384,0.000,0.022,auto,30
lltp,ILL/petri-nets/MCC,,,PolyORBLF_PolyORB-LF-S04-J06-T08-unfolded_20_1.p,intuitionistic,auto,1,false,,5,0,3,provable,unknown,timeout,,two-sided,IMELL,117790,17188,5022.473,9494,3374,4777,11894980,0,0,16384,5010.000,540.671,auto,30
lltp,ILL/petri-nets/MCC,,,PolyORBLF_PolyORB-LF-S04-J06-T08-unfolded_50_1.p,intuitionistic,auto,1,false,,5,0,3,provable,unknown,timeout,,two-sided,IMELL,117796,17198,5026.358,8570,2992,4348,10638979,0,0,16384,5010.000,635.722,auto,30
lltp,ILL/petri-nets/MCC,,,PolyORBLF_PolyORB-LF-S04-J06-T08-unfolded_5_1.p,intuitionistic,auto,1,false,,5,0,3,provable,proved,,ok,two-sided,IMELL,117780,17188,202.903,244,80,82,535269,0,0,16384,200.000,28.745,auto,30
lltp,ILL/petri-nets/MCC,,,PolyORBLF_PolyORB-LF-S04-J06-T10-unfolded_100_1.p,intuitionistic,auto,1,false,,5,0,3,provable,unknown,timeout,,two-sided,IMELL,147370,21484,5012.129,5373,1880,2570,9651379,0,0,16384,5000.000,468.022,auto,30
lltp,ILL/petri-nets/MCC,,,PolyORBLF_PolyORB-LF-S04-J06-T10-unfolded_10_1.p,intuitionistic,auto,1,false,,5,0,3,provable,unknown,timeout,,two-sided,IMELL,147372,21484,5032.885,4225,1377,1987,8411874,0,0,16384,5020.000,401.547,auto,30
lltp,ILL/petri-nets/MCC,,,PolyORBLF_PolyORB-LF-S04-J06-T10-unfolded_1_1.p,intuitionistic,auto,1,false,,5,0,3,provable,proved,,ok,two-sided,IMELL,147390,21493,9.157,3,0,2,943,0,0,16384,10.000,0.052,auto,30
lltp,ILL/petri-nets/MCC,,,PolyORBLF_PolyORB-LF-S04-J06-T10-unfolded_20_1.p,intuitionistic,auto,1,false,,5,0,3,provable,unknown,timeout,,two-sided,IMELL,147378,21484,5016.881,5373,1880,2570,9682798,0,0,16384,5010.000,508.220,auto,30
lltp,ILL/petri-nets/MCC,,,PolyORBLF_PolyORB-LF-S04-J06-T10-unfolded_50_1.p,intuitionistic,auto,1,false,,5,0,3,provable,unknown,timeout,,two-sided,IMELL,147384,21494,5037.156,4285,1403,2041,8260629,0,0,16384,5020.000,339.368,auto,30
lltp,ILL/petri-nets/MCC,,,PolyORBLF_PolyORB-LF-S04-J06-T10-unfolded_5_1.p,intuitionistic,auto,1,false,,5,0,3,provable,proved,,ok,two-sided,IMELL,147368,21484,340.271,244,80,82,671083,0,0,16384,340.000,63.115,auto,30
lltp,ILL/petri-nets/MCC,,,PolyORBLF_PolyORB-LF-S06-J04-T04-unfolded_10_1.p,intuitionistic,auto,1,false,,5,0,3,provable,unknown,timeout,,two-sided,IMELL,241326,38526,5064.735,2787,1402,709,7295718,0,0,16384,5060.000,685.298,auto,30
lltp,ILL/petri-nets/MCC,,,PolyORBLF_PolyORB-LF-S06-J04-T04-unfolded_1_1.p,intuitionistic,auto,1,false,,5,0,3,provable,proved,,ok,two-sided,IMELL,241346,38535,11.734,3,0,2,594,0,0,16384,20.000,0.067,auto,30
lltp,ILL/petri-nets/MCC,,,PolyORBLF_PolyORB-LF-S06-J04-T04-unfolded_20_1.p,intuitionistic,auto,1,false,,5,0,3,provable,unknown,timeout,,two-sided,IMELL,241322,38530,5018.499,3332,1672,852,9057045,0,0,16384,5000.000,318.317,auto,30
lltp,ILL/petri-nets/MCC,,,PolyORBLF_PolyORB-LF-S06-J04-T04-unfolded_5_1.p,intuitionistic,auto,1,false,,5,0,3,provable,proved,,ok,two-sided,IMELL,241334,38533,1429.103,912,420,296,2211806,0,0,16384,1420.000,198.339,auto,30
lltp,ILL/petri-nets/MCC,,,PolyORBLF_PolyORB-LF-S06-J04-T06-unfolded_10_1.p,intuitionistic,auto,1,false,,5,0,3,provable,unknown,timeout,,two-sided,IMELL,361980,57786,5157.111,1193,528,391,4676602,0,0,16384,5140.000,612.121,auto,30
lltp,ILL/petri-nets/MCC,,,PolyORBLF_PolyORB-LF-S06-J04-T06-unfolded_1_1.p,intuitionistic,auto,1,false,,5,0,3,provable,proved,,ok,two-sided,IMELL,361998,57795,29.733,4,0,2,6160,0,0,16384,30.000,3.657,auto,30
lltp,ILL/petri-nets/MCC,,,PolyORBLF_PolyORB-LF-S06-J04-T06-unfolded_20_1.p,intuitionistic,auto,1,false,,5,0,3,provable,unknown,timeout,,two-sided,IMELL,361974,57790,5053.154,1393,642,425,5783792,0,0,16384,5040.000,568.826,auto,30
lltp,ILL/petri-nets/MCC,,,PolyORBLF_PolyORB-LF-S06-J04-T06-unfolded_5_1.p,intuitionistic,auto,1,false,,5,0,3,provable,proved,,ok,two-sided,IMELL,361976,57786,3860.778,912,420,296,3374237,0,0,16384,3860.000,368.258,auto,30
lltp,ILL/petri-nets/MCC,,,PolyORBLF_PolyORB-LF-S06-J04-T08-unfolded_10_1.p,intuitionistic,auto,1,false,,5,0,3,provable,unknown,timeout,,two-sided,IMELL,482712,77046,5282.235,776,320,290,3604523,0,0,16384,5270.000,483.874,auto,30
lltp,ILL/petri-nets/MCC,,,PolyORBLF_PolyORB-LF-S06-J04-T08-unfolded_1_1.p,intuitionistic,auto,1,false,,5,0,3,provable,proved,,ok,two-sided,IMELL,482730,77055,38.631,4,0,2,7978,0,0,16384,40.000,0.796,auto,30
lltp,ILL/petri-nets/MCC,,,PolyORBLF_PolyORB-LF-S06-J04-T08-unfolded_20_1.p,intuitionistic,auto,1,false,,5,0,3,provable,unknown,timeout,,two-sided,IMELL,482706,77050,5059.965,675,258,274,3060158,0,0,16384,5060.000,420.389,auto,30
lltp,ILL/petri-nets/MCC,,,PolyORBLF_PolyORB-LF-S06-J04-T08-unfolded_5_1.p,intuitionistic,auto,1,false,,5,0,3,provable,unknown,timeout,,two-sided,IMELL,482708,77046,5076.995,725,289,281,3369409,0,0,16384,5060.000,416.954,auto,30
lltp,ILL/petri-nets/MCC,,,PolyORBLF_PolyORB-LF-S06-J06-T04-unfolded_10_1.p,intuitionistic,auto,1,false,,5,0,3,provable,unknown,timeout,,two-sided,IMELL,242680,38526,5079.775,2609,1284,688,7024705,0,0,16384,5070.000,610.554,auto,30
lltp,ILL/petri-nets/MCC,,,PolyORBLF_PolyORB-LF-S06-J06-T04-unfolded_1_1.p,intuitionistic,auto,1,false,,5,0,3,provable,proved,,ok,two-sided,IMELL,242698,38535,13.664,3,0,2,763,0,0,16384,20.000,0.079,auto,30
lltp,ILL/petri-nets/MCC,,,PolyORBLF_PolyORB-LF-S06-J06-T04-unfolded_20_1.p,intuitionistic,auto,1,false,,5,0,3,provable,unknown,timeout,,two-sided,IMELL,242674,38530,5023.576,3096,1500,849,8636976,0,0,16384,5020.000,350.248,auto,30
lltp,ILL/petri-nets/MCC,,,PolyORBLF_PolyORB-LF-S06-J06-T04-unfolded_5_1.p,intuitionistic,auto,1,false,,5,0,3,provable,proved,,ok,two-sided,IMELL,242676,38526,1672.976,912,420,296,2217290,0,0,16384,1670.000,214.329,auto,30
lltp,ILL/petri-nets/MCC,,,PolyORBLF_PolyORB-LF-S06-J06-T06-unfolded_10_1.p,intuitionistic,auto,1,false,,5,0,3,provable,unknown,timeout,,two-sided,IMELL,364002,57786,5082.668,1171,522,383,4836798,0,0,16384,5060.000,276.004,auto,30
lltp,ILL/petri-nets/MCC,,,PolyORBLF_PolyORB-LF-S06-J06-T06-unfolded_1_1.p,intuitionistic,auto,1,false,,5,0,3,provable,proved,,ok,two-sided,IMELL,364022,57795,29.911,4,0,2,5506,0,0,16384,30.000,2.977,auto,30
lltp,ILL/petri-nets/MCC,,,PolyORBLF_PolyORB-LF-S06-J06-T06-unfolded_20_1.p,intuitionistic,auto,1,false,,5,0,3,provable,unknown,timeout,,two-sided,IMELL,363998,57790,5162.062,1369,633,419,5896898,0,0,16384,5140.000,603.992,auto,30
lltp,ILL/petri-nets/MCC,,,PolyORBLF_PolyORB-LF-S06-J06-T06-unfolded_5_1.p,intuitionistic,auto,1,false,,5,0,3,provable,proved,,ok,two-sided,IMELL,364000,57786,4087.431,912,420,296,3536821,0,0,16384,4070.000,341.159,auto,30
lltp,ILL/petri-nets/MCC,,,PolyORBLF_PolyORB-LF-S06-J06-T08-unfolded_10_1.p,intuitionistic,auto,1,false,,5,0,3,provable,unknown,timeout,,two-sided,IMELL,485408,77046,5144.382,725,289,281,3431664,0,0,16384,5130.000,315.056,auto,30
lltp,ILL/petri-nets/MCC,,,PolyORBLF_PolyORB-LF-S06-J06-T08-unfolded_1_1.p,intuitionistic,auto,1,false,,5,0,3,provable,proved,,ok,two-sided,IMELL,485426,77055,39.745,4,0,2,5710,0,0,16384,30.000,3.653,auto,30
lltp,ILL/petri-nets/MCC,,,PolyORBLF_PolyORB-LF-S06-J06-T08-unfolded_20_1.p,intuitionistic,auto,1,false,,5,0,3,provable,unknown,timeout,,two-sided,IMELL,485402,77050,5260.350,675,258,274,3122604,0,0,16384,5250.000,397.308,auto,30
lltp,ILL/petri-nets/MCC,,,PolyORBLF_PolyORB-LF-S06-J06-T08-unfolded_5_1.p,intuitionistic,auto,1,false,,5,0,3,provable,unknown,timeout,,two-sided,IMELL,485404,77046,5261.692,725,289,281,3417919,0,0,16384,5250.000,376.513,auto,30
lltp,ILL/petri-nets/MCC,,,PolyORBNT_PolyORB-NT-S05-J80-unfolded_10_1.p,intuitionistic,auto,1,false,,5,0,3,provable,unknown,timeout,,two-sided,IMELL,44878,4880,5044.163,52332,0,52329,20568052,0,0,16384,5030.000,416.186,auto,30
lltp,ILL/petri-nets/MCC,,,PolyORBNT_PolyORB-NT-S05-J80-unfolded_1_1.p,intuitionistic,auto,1,false,,5,0,3,provable,proved,,ok,two-sided,IMELL,44894,4884,3.245,3,0,2,243,0,0,16384,0.000,0.029,auto,30
lltp,ILL/petri-nets/MCC,,,PolyORBNT_PolyORB-NT-S05-J80-unfolded_20_1.p,intuitionistic,auto,1,false,,5,0,3,provable,unknown,timeout,,two-sided,IMELL,44876,4880,5126.101,123374,0,123371,58522275,0,0,16384,5110.000,449.393,auto,30
lltp,ILL/petri-nets/MCC,,,PolyORBNT_PolyORB-NT-S05-J80-unfolded_5_1.p,intuitionistic,auto,1,false,,5,0,3,provable,unknown,timeout,,two-sided,IMELL,44882,4881,5126.980,125275,0,125272,59423072,0,0,16384,5110.000,480.639,auto,30
lltp,ILL/petri-nets/MCC,,,PolyORBNT_PolyORB-NT-S10-J20-unfolded_10_1.p,intuitionistic,auto,1,false,,5,0,3,provable,unknown,timeout,,two-sided,IMELL,423980,67903,5059.786,1968,0,1965,3393421,0,0,16384,5050.000,198.769,auto,30
lltp,ILL/petri-nets/MCC,,,PolyORBNT_PolyORB-NT-S10-J20-unfolded_1_1.p,intuitionistic,auto,1,false,,5,0,3,provable,proved,,ok,two-sided,IMELL,424004,67909,38.410,4,0,2,5228,0,0,16384,40.000,3.157,auto,30
lltp,ILL/petri-nets/MCC,,,PolyORBNT_PolyORB-NT-S10-J20-unfolded_20_1.p,intuitionistic,auto,1,false,,5,0,3,provable,unknown,timeout,,two-sided,IMELL,423966,67900,5036.462,4222,0,4219,7686736,0,0,16384,5030.000,379.964,auto,30
lltp,ILL/petri-nets/MCC,,,PolyORBNT_PolyORB-NT-S10-J20-unfolded_5_1.p,intuitionistic,auto,1,false,,5,0,3,provable,unknown,timeout,,two-sided,IMELL,423988,67905,5203.130,1325,500,677,3412762,0,0,16384,5190.000,591.820,auto,30
lltp,ILL/petri-nets/MCC,,,PolyORBNT_PolyORB-NT-S10-J30-unfolded_10_1.p,intuitionistic,auto,1,false,,5,0,3,provable,unknown,timeout,,two-sided,IMELL,426904,67904,5116.053,1729,0,1726,2921467,0,0,16384,5110.000,180.292,auto,30
lltp,ILL/petri-nets/MCC,,,PolyORBNT_PolyORB-NT-S10-J30-unfolded_1_1.p,intuitionistic,auto,1,false,,5,0,3,provable,proved,,ok,two-sided,IMELL,426924,67909,38.581,4,0,2,5247,0,0,16384,40.000,3.014,auto,30
lltp,ILL/petri-nets/MCC,,,PolyORBNT_PolyORB-NT-S10-J30-unfolded_20_1.p,intuitionistic,auto,1,false,,5,0,3,provable,unknown,timeout,,two-sided,IMELL,426886,67900,5052.746,2976,0,2973,6087798,0,0,16384,5030.000,286.431,auto,30
lltp,ILL/petri-nets/MCC,,,PolyORBNT_PolyORB-NT-S10-J30-unfolded_5_1.p,intuitionistic,auto,1,false,,5,0,3,provable,unknown,timeout,,two-sided,IMELL,426908,67905,5232.892,1276,494,640,3288831,0,0,16384,5220.000,532.401,auto,30
lltp,ILL/petri-nets/MCC,,,PolyORBNT_PolyORB-NT-S10-J40-unfolded_10_1.p,intuitionistic,auto,1,false,,5,0,3,provable,unknown,timeout,,two-sided,IMELL,429816,67902,5075.343,3551,0,3548,7689401,0,0,16384,5060.000,334.829,auto,30
lltp,ILL/petri-nets/MCC,,,PolyORBNT_PolyORB-NT-S10-J40-unfolded_1_1.p,intuitionistic,auto,1,false,,5,0,3,provable,proved,,ok,two-sided,IMELL,429844,67909,42.628,4,0,2,7269,0,0,16384,40.000,1.112,auto,30
lltp,ILL/petri-nets/MCC,,,PolyORBNT_PolyORB-NT-S10-J40-unfolded_20_1.p,intuitionistic,auto,1,false,,5,0,3,provable,unknown,timeout,,two-sided,IMELL,429806,67900,5080.160,3551,0,3548,7683574,0,0,16384,5080.000,345.661,auto,30
lltp,ILL/petri-nets/MCC,,,PolyORBNT_PolyORB-NT-S10-J40-unfolded_5_1.p,intuitionistic,auto,1,false,,5,0,3,provable,unknown,timeout,,two-sided,IMELL,429828,67905,5145.443,1230,480,614,3173146,0,0,16384,5130.000,569.893,auto,30
lltp,ILL/petri-nets/MCC,,,PolyORBNT_PolyORB-NT-S10-J60-unfolded_10_1.p,intuitionistic,auto,1,false,,5,0,3,provable,unknown,timeout,,two-sided,IMELL,435664,67904,5134.309,1681,0,1678,2838980,0,0,16384,5120.000,170.667,auto,30
lltp,ILL/petri-nets/MCC,,,PolyORBNT_PolyORB-NT-S10-J60-unfolded_1_1.p,intuitionistic,auto,1,false,,5,0,3,provable,proved,,ok,two-sided,IMELL,435684,67909,41.123,4,0,2,5301,0,0,16384,40.000,3.434,auto,30
lltp,ILL/petri-nets/MCC,,,PolyORBNT_PolyORB-NT-S10-J60-unfolded_20_1.p,intuitionistic,auto,1,false,,5,0,3,provable,unknown,timeout,,two-sided,IMELL,435646,67900,5053.998,2880,0,2877,5904100,0,0,16384,5040.000,298.665,auto,30
lltp,ILL/petri-nets/MCC,,,PolyORBNT_PolyORB-NT-S10-J60-unfolded_5_1.p,intuitionistic,auto,1,false,,5,0,3,provable,unknown,timeout,,two-sided,IMELL,435668,67905,5074.983,1122,425,574,2979749,0,0,16384,5060.000,548.135,auto,30
lltp,ILL/petri-nets/MCC,,,PolyORBNT_PolyORB-NT-S10-J80-unfolded_10_1.p,intuitionistic,auto,1,false,,5,0,3,provable,unknown,timeout,,two-sided,IMELL,441496,67902,5050.588,2688,0,2685,5506924,0,0,16384,5040.000,274.220,auto,30
lltp,ILL/petri-nets/MCC,,,PolyORBNT_PolyORB-NT-S10-J80-unfolded_1_1.p,intuitionistic,auto,1,false,,5,0,3,provable,proved,,ok,two-sided,IMELL,441524,67909,42.517,4,0,2,5330,0,0,16384,40.000,3.021,auto,30
lltp,ILL/petri-nets/MCC,,,PolyORBNT_PolyORB-NT-S10-J80-unfolded_20_1.p,intuitionistic,auto,1,false,,5,0,3,provable,unknown,timeout,,two-sided,IMELL,441486,67900,5042.636,2688,0,2685,5499086,0,0,16384,5030.000,269.322,auto,30
lltp,ILL/petri-nets/MCC,,,PolyORBNT_PolyORB-NT-S10-J80-unfolded_5_1.p,intuitionistic,auto,1,false,,5,0,3,provable,unknown,timeout,,two-sided,IMELL,441508,67905,5092.292,1065,383,566,2924708,0,0,16384,5080.000,550.003,auto,30
lltp,ILL/petri-nets/MCC,,,Railroad_railroad-050-pt_100_1.p,intuitionistic,auto,1,false,,5,0,3,provable,proved,,ok,two-sided,IMELL,33170,2600,60.939,176,0,108,425966,0,0,16384,60.000,4.853,auto,30
lltp,ILL/petri-nets/MCC,,,Railroad_railroad-050-pt_10_1.p,intuitionistic,auto,1,false,,5,0,3,provable,unknown,timeout,,two-sided,IMELL,33166,2601,5015.847,30978,1596,24743,37645544,0,0,16384,5010.000,554.475,auto,30
lltp,ILL/petri-nets/MCC,,,Railroad_railroad-050-pt_1_1.p,intuitionistic,auto,1,false,,5,0,3,provable,proved,,ok,two-sided,IMELL,33172,2601,1.881,3,0,2,167,0,0,16384,0.000,0.033,auto,30
lltp,ILL/petri-nets/MCC,,,Railroad_railroad-050-pt_20_1.p,intuitionistic,auto,1,false,,5,0,3,provable,proved,,ok,two-sided,IMELL,33172,2600,198.143,334,0,158,1016548,0,0,16384,190.000,11.861,auto,30
lltp,ILL/petri-nets/MCC,,,Railroad_railroad-050-pt_50_1.p,intuitionistic,auto,1,false,,5,0,3,provable,proved,,ok,two-sided,IMELL,33174,2601,1444.149,4554,21,3406,7491956,0,0,16384,1430.000,105.389,auto,30
lltp,ILL/petri-nets/MCC,,,Railroad_railroad-050-pt_5_1.p,intuitionistic,auto,1,false,,5,0,3,provable,proved,,ok,two-sided,IMELL,33172,2601,384.966,512,0,202,1740964,0,0,16384,380.000,20.810,auto,30
lltp,ILL/petri-nets/MCC,,,Railroad_railroad-100-pt_100_1.p,intuitionistic,auto,1,false,,5,0,3,provable,unknown,timeout,,two-sided,IMELL,126182,10201,5310.177,909,0,376,9590461,0,0,16384,5290.000,189.733,auto,30
lltp,ILL/petri-nets/MCC,,,Railroad_railroad-100-pt_1_1.p,intuitionistic,auto,1,false,,5,0,3,provable,proved,,ok,two-sided,IMELL,126272,10201,9.811,4,0,2,8254,0,0,16384,0.000,0.784,auto,30
lltp,ILL/petri-nets/MCC,,,Railroad_railroad-100-pt_20_1.p,intuitionistic,auto,1,false,,5,0,3,provable,unknown,timeout,,two-sided,IMELL,126262,10201,5058.865,872,0,367,8978858,0,0,16384,5040.000,204.417,auto,30
lltp,ILL/petri-nets/MCC,,,Railroad_railroad-100-pt_50_1.p,intuitionistic,auto,1,false,,5,0,3,provable,unknown,timeout,,two-sided,IMELL,126232,10201,5074.385,872,0,367,9328427,0,0,16384,5060.000,210.485,auto,30
lltp,ILL/petri-nets/MCC,,,Railroad_railroad-100-pt_5_1.p,intuitionistic,auto,1,false,,5,0,3,provable,unknown,timeout,,two-sided,IMELL,126272,10201,5166.731,909,0,376,9574612,0,0,16384,5150.000,190.600,auto,30
lltp,ILL/petri-nets/MCC,,,Referendum_referendum-unfolded-1000_100_1.p,intuitionistic,auto,1,false,,5,0,3,provable,unknown,timeout,,two-sided,IMELL,12002,3,5017.751,38679,19127,19145,32521637,0,0,16384,5000.000,809.970,auto,30
lltp,ILL/petri-nets/MCC,,,Referendum_referendum-unfolded-1000_1_1.p,intuitionistic,auto,1,false,,5,0,3,provable,proved,,ok,two-sided,IMELL,12002,3,0.898,3,0,2,1002,0,0,16384,0.000,0.012,auto,30
lltp,ILL/petri-nets/MCC,,,Referendum_referendum-unfolded-1000_20_1.p,intuitionistic,auto,1,false,,5,0,3,provable,unknown,timeout,,two-sided,IMELL,12002,3,5007.455,11678,7533,3425,11667213,0,0,16384,4990.000,416.919,auto,30
lltp,ILL/petri-nets/MCC,,,Referendum_referendum-unfolded-1000_50_1.p,intuitionistic,auto,1,false,,5,0,3,provable,unknown,timeout,,two-sided,IMELL,12002,3,5018.933,26109,13836,11711,22783353,0,0,16384,5010.000,798.859,auto,30
lltp,ILL/petri-nets/MCC,,,Referendum_referendum-unfolded-1000_5_1.p,intuitionistic,auto,1,false,,5,0,3,provable,proved,,ok,two-sided,IMELL,12002,3,151.698,64,20,17,252262,0,0,16384,150.000,14.578,auto,30
lltp,ILL/petri-nets/MCC,,,RobotManipulation_robot-manipulation-2000_100_1.p,intuitionistic,auto,1,false,,5,0,3,provable,unknown,timeout,,two-sided,IMELL,48020,4002,5037.846,4268,2367,614,9631019,0,0,16384,5020.000,202.497,auto,30
lltp,ILL/petri-nets/MCC,,,RobotManipulation_robot-manipulation-2000_10_1.p,intuitionistic,auto,1,false,,5,0,3,provable,proved,,ok,two-sided,IMELL,48068,4002,53.695,21,1,8,527298,0,0,16384,50.000,4.998,auto,30
lltp,ILL/petri-nets/MCC,,,RobotManipulation_robot-manipulation-2000_1_1.p,intuitionistic,auto,1,false,,5,0,3,provable,proved,,ok,two-sided,IMELL,48072,4002,12.622,3,0,2,20006,0,0,16384,20.000,0.048,auto,30
lltp,ILL/petri-nets/MCC,,,RobotManipulation_robot-manipulation-2000_20_1.p,intuitionistic,auto,1,false,,5,0,3,provable,proved,,ok,two-sided,IMELL,48068,4002,351.307,225,74,57,4986477,0,0,16384,350.000,18.751,auto,30
lltp,ILL/petri-nets/MCC,,,RobotManipulation_robot-manipulation-2000_50_1.p,intuitionistic,auto,1,false,,5,0,3,provable,proved,,ok,two-sided,IMELL,48068,4002,353.710,225,74,57,4986477,0,0,16384,350.000,18.631,auto,30
lltp,ILL/petri-nets/MCC,,,RobotManipulation_robot-manipulation-2000_5_1.p,intuitionistic,auto,1,false,,5,0,3,provable,proved,,ok,two-sided,IMELL,48070,4002,100.868,38,4,14,719027,0,0,16384,90.000,12.930,auto,30
lltp,ILL/petri-nets/MCC,,,RwMutex_rwmutex-r1000w10_100_1.p,intuitionistic,auto,1,false,,5,0,3,provable,unknown,timeout,,two-sided,IMELL,59918,12,5061.315,62118,1851,60191,70079355,0,0,16384,5050.000,912.808,auto,30
lltp,ILL/petri-nets/MCC,,,RwMutex_rwmutex-r1000w10_1_1.p,intuitionistic,auto,1,false,,5,0,3,provable,proved,,ok,two-sided,IMELL,60116,12,46.591,7,0,4,10014,0,0,16384,50.000,3.056,auto,30
lltp,ILL/petri-nets/MCC,,,RwMutex_rwmutex-r1000w10_20_1.p,intuitionistic,auto,1,false,,5,0,3,provable,unknown,timeout,,two-sided,IMELL,60078,12,5070.728,62118,1851,60191,69837061,0,0,16384,5060.000,874.378,auto,30
lltp,ILL/petri-nets/MCC,,,RwMutex_rwmutex-r1000w10_50_1.p,intuitionistic,auto,1,false,,5,0,3,provable,unknown,timeout,,two-sided,IMELL,60018,12,5068.658,62356,1891,60389,70302564,0,0,16384,5050.000,873.476,auto,30
lltp,ILL/petri-nets/MCC,,,RwMutex_rwmutex-r1000w10_5_1.p,intuitionistic,auto,1,false,,5,0,3,provable,unknown,timeout,,two-sided,IMELL,60108,12,5062.956,61237,1830,59332,74465328,0,0,16384,5050.000,902.123,auto,30
lltp,ILL/petri-nets/MCC,,,RwMutex_rwmutex-r10w1000_10_1.p,intuitionistic,auto,1,false,,5,0,3,provable,proved,,ok,two-sided,IMELL,52194,1002,81.013,1016,0,1012,1063184,0,0,16384,80.000,11.806,auto,30
lltp,ILL/petri-nets/MCC,,,RwMutex_rwmutex-r10w1000_1_1.p,intuitionistic,auto,1,false,,5,0,3,provable,proved,,ok,two-sided,IMELL,52196,1002,22.490,7,0,4,5064,0,0,16384,20.000,2.859,auto,30
lltp,ILL/petri-nets/MCC,,,RwMutex_rwmutex-r10w1000_20_1.p,intuitionistic,auto,1,false,,5,0,3,provable,proved,,ok,two-sided,IMELL,52194,1002,80.599,1016,0,1012,1063184,0,0,16384,80.000,12.911,auto,30
lltp,ILL/petri-nets/MCC,,,RwMutex_rwmutex-r10w1000_50_1.p,intuitionistic,auto,1,false,,5,0,3,provable,proved,,ok,two-sided,IMELL,52194,1002,80.875,1016,0,1012,1063184,0,0,16384,70.000,15.978,auto,30
lltp,ILL/petri-nets/MCC,,,RwMutex_rwmutex-r10w1000_5_1.p,intuitionistic,auto,1,false,,5,0,3,provable,unknown,timeout,,two-sided,IMELL,52192,1002,5027.908,1567,1,1295,3645623,0,0,16384,5010.000,72.717,auto,30
lltp,ILL/petri-nets/MCC,,,RwMutex_rwmutex-r10w2000_10_1.p,intuitionistic,auto,1,false,,5,0,3,provable,proved,,ok,two-sided,IMELL,104198,2002,4.509,1,0,1,2019,0,0,16384,10.000,0.003,auto,30
lltp,ILL/petri-nets/MCC,,,RwMutex_rwmutex-r10w2000_1_1.p,intuitionistic,auto,1,false,,5,0,3,provable,proved,,ok,two-sided,IMELL,104178,2002,87.474,7,0,4,7558,0,0,16384,90.000,0.434,auto,30
lltp,ILL/petri-nets/MCC,,,RwMutex_rwmutex-r10w2000_20_1.p,intuitionistic,auto,1,false,,5,0,3,provable,unknown,timeout,,two-sided,IMELL,104178,2002,5968.385,2233,1,2128,4397588,0,0,16384,5960.000,68.636,auto,30
lltp,ILL/petri-nets/MCC,,,RwMutex_rwmutex-r10w2000_5_1.p,intuitionistic,auto,1,false,,5,0,3,provable,proved,,ok,two-sided,IMELL,104178,2002,87.451,7,0,4,7558,0,0,16384,90.000,0.405,auto,30
lltp,ILL/petri-nets/MCC,,,RwMutex_rwmutex-r2000w10_100_1.p,intuitionistic,auto,1,false,,5,0,3,provable,unknown,timeout,,two-sided,IMELL,119918,12,5103.956,12067,15,12042,24408264,0,0,16384,5090.000,567.583,auto,30
lltp,ILL/petri-nets/MCC,,,RwMutex_rwmutex-r2000w10_1_1.p,intuitionistic,auto,1,false,,5,0,3,provable,proved,,ok,two-sided,IMELL,120116,12,178.137,7,0,4,17546,0,0,16384,180.000,0.121,auto,30
lltp,ILL/petri-nets/MCC,,,RwMutex_rwmutex-r2000w10_20_1.p,intuitionistic,auto,1,false,,5,0,3,provable,unknown,timeout,,two-sided,IMELL,120078,12,5031.966,14975,21,14943,30852772,0,0,16384,5020.000,592.866,auto,30
lltp,ILL/petri-nets/MCC,,,RwMutex_rwmutex-r2000w10_50_1.p,intuitionistic,auto,1,false,,5,0,3,provable,unknown,timeout,,two-sided,IMELL,120018,12,5109.266,22053,55,21983,46809852,0,0,16384,5090.000,601.586,auto,30
lltp,ILL/petri-nets/MCC,,,RwMutex_rwmutex-r2000w10_5_1.p,intuitionistic,auto,1,false,,5,0,3,provable,unknown,timeout,,two-sided,IMELL,120108,12,5048.498,25291,66,25209,53738417,0,0,16384,5040.000,675.129,auto,30
lltp,ILL/petri-nets/MCC,,,SafeBus-15-unfolded_100_1.p,intuitionistic,auto,1,false,,5,0,3,provable,unknown,timeout,,two-sided,IMELL,69238,3811,5016.242,18037,2024,14768,18601605,0,0,16384,5000.000,998.134,auto,30
lltp,ILL/petri-nets/MCC,,,SafeBus-15-unfolded_1_1.p,intuitionistic,auto,1,false,,5,0,3,provable,proved,,ok,two-sided,IMELL,69238,3811,3.911,3,0,2,155,0,0,16384,10.000,0.021,auto,30
lltp,ILL/petri-nets/MCC,,,SafeBus-15-unfolded_20_1.p,intuitionistic,auto,1,false,,5,0,3,provable,unknown,timeout,,two-sided,IMELL,69266,3811,5020.723,765072,731530,31350,11987097,0,0,16384,5000.000,1048.586,auto,30
lltp,ILL/petri-nets/MCC,,,SafeBus-15-unfolded_50_1.p,intuitionistic,auto,1,false,,5,0,3,provable,unknown,timeout,,two-sided,IMELL,69238,3810,5013.078,18037,2024,14768,18601605,0,0,16384,5000.000,974.797,auto,30
lltp,ILL/petri-nets/MCC,,,SafeBus-15-unfolded_5_1.p,intuitionistic,auto,1,false,,5,0,3,provable,unknown,timeout,,two-sided,IMELL,69246,3811,5018.780,26622,2966,21797,30933106,0,0,16384,5010.000,1098.011,auto,30
lltp,ILL/petri-nets/MCC,,,SafeBus-20-unfolded_100_1.p,intuitionistic,auto,1,false,,5,0,3,provable,unknown,timeout,,two-sided,IMELL,154906,8780,5069.893,3472,136,3159,7385492,0,0,16384,5060.000,404.058,auto,30
lltp,ILL/petri-nets/MCC,,,SafeBus-20-unfolded_1_1.p,intuitionistic,auto,1,false,,5,0,3,provable,proved,,ok,two-sided,IMELL,154908,8781,12.197,5,0,3,6250,0,0,16384,10.000,2.856,auto,30
lltp,ILL/petri-nets/MCC,,,SafeBus-20-unfolded_20_1.p,intuitionistic,auto,1,false,,5,0,3,provable,unknown,timeout,,two-sided,IMELL,154944,8781,5013.598,280745,267259,12927,6378293,0,0,16384,5000.000,629.655,auto,30
lltp,ILL/petri-nets/MCC,,,SafeBus-20-unfolded_50_1.p,intuitionistic,auto,1,false,,5,0,3,provable,unknown,timeout,,two-sided,IMELL,154924,8781,5040.461,4244,171,3857,9586266,0,0,16384,5030.000,520.665,auto,30
lltp,ILL/petri-nets/MCC,,,SafeBus-20-unfolded_5_1.p,intuitionistic,auto,1,false,,5,0,3,provable,unknown,timeout,,two-sided,IMELL,154916,8781,5021.836,6583,277,5974,16870205,0,0,16384,5010.000,910.875,auto,30
lltp,ILL/petri-nets/MCC,,,SharedMemory_shared_memory-pt-100_100_1.p,intuitionistic,auto,1,false,,5,0,3,provable,unknown,timeout,,two-sided,IMELL,160798,9901,5054.329,2190,45,2131,5090659,0,0,16384,5050.000,177.490,auto,30
lltp,ILL/petri-nets/MCC,,,SharedMemory_shared_memory-pt-100_1_1.p,intuitionistic,auto,1,false,,5,0,3,provable,proved,,ok,two-sided,IMELL,160802,9901,28.198,7,0,4,661,0,0,16384,40.000,1.366,auto,30
lltp,ILL/petri-nets/MCC,,,SharedMemory_shared_memory-pt-100_20_1.p,intuitionistic,auto,1,false,,5,0,3,provable,unknown,timeout,,two-sided,IMELL,160798,9901,5038.149,5350,325,4995,15161137,0,0,16384,5030.000,338.459,auto,30
lltp,ILL/petri-nets/MCC,,,SharedMemory_shared_memory-pt-100_50_1.p,intuitionistic,auto,1,false,,5,0,3,provable,unknown,timeout,,two-sided,IMELL,160798,9901,5051.129,2798,78,2703,7100520,0,0,16384,5040.000,220.653,auto,30
lltp,ILL/petri-nets/MCC,,,SharedMemory_shared_memory-pt-100_5_1.p,intuitionistic,auto,1,false,,5,0,3,provable,unknown,timeout,,two-sided,IMELL,160798,9901,5016.355,9147,990,8108,26130990,0,0,16384,5000.000,377.194,auto,30
lltp,ILL/petri-nets/MCC,,,SharedMemory_shared_memory-pt-200_100_1.p,intuitionistic,auto,1,false,,5,0,3,provable,unknown,timeout,,two-sided,IMELL,641598,39801,5461.629,289,0,286,1329861,0,0,16384,5450.000,91.746,auto,30
lltp,ILL/petri-nets/MCC,,,SharedMemory_shared_memory-pt-200_1_1.p,intuitionistic,auto,1,false,,5,0,,,unknown,crash (signal: 6 (SIGABRT) (core dumped)): note: run with `RUST_BACKTRACE=1` environment variable to display a backtrace,,,,,,4443.347,,,,,,,,,,auto,30
lltp,ILL/petri-nets/MCC,,,SharedMemory_shared_memory-pt-200_20_1.p,intuitionistic,auto,1,false,,5,0,3,provable,unknown,timeout,,two-sided,IMELL,641598,39801,5129.108,609,0,604,3641466,0,0,16384,5110.000,201.751,auto,30
lltp,ILL/petri-nets/MCC,,,SharedMemory_shared_memory-pt-200_50_1.p,intuitionistic,auto,1,false,,5,0,3,provable,unknown,timeout,,two-sided,IMELL,641598,39801,5173.528,353,0,350,1766583,0,0,16384,5170.000,102.198,auto,30
lltp,ILL/petri-nets/MCC,,,SharedMemory_shared_memory-pt-200_5_1.p,intuitionistic,auto,1,false,,5,0,3,provable,unknown,timeout,,two-sided,IMELL,641598,39801,5019.981,1025,0,1019,6486180,0,0,16384,5010.000,327.879,auto,30
lltp,ILL/petri-nets/MCC,,,SharedMemory_shared_memory-pt-50_100_1.p,intuitionistic,auto,1,false,,5,0,3,provable,unknown,timeout,,two-sided,IMELL,40398,2451,5022.430,37669,14572,22782,17566664,0,0,16384,5010.000,521.441,auto,30
lltp,ILL/petri-nets/MCC,,,SharedMemory_shared_memory-pt-50_1_1.p,intuitionistic,auto,1,false,,5,0,3,provable,proved,,ok,two-sided,IMELL,40402,2451,3.600,3,0,2,137,0,0,16384,0.000,0.015,auto,30
lltp,ILL/petri-nets/MCC,,,SharedMemory_shared_memory-pt-50_20_1.p,intuitionistic,auto,1,false,,5,0,3,provable,unknown,timeout,,two-sided,IMELL,40398,2451,5038.739,77506,29985,46882,45018349,0,0,16384,5030.000,707.651,auto,30
lltp,ILL/petri-nets/MCC,,,SharedMemory_shared_memory-pt-50_50_1.p,intuitionistic,auto,1,false,,5,0,3,provable,unknown,timeout,,two-sided,IMELL,40398,2451,5029.454,45897,17037,28484,23819069,0,0,16384,5020.000,549.168,auto,30
lltp,ILL/petri-nets/MCC,,,SharedMemory_shared_memory-pt-50_5_1.p,intuitionistic,auto,1,false,,5,0,3,provable,proved,,ok,two-sided,IMELL,40398,2451,4013.535,77338,29940,46761,47397981,0,0,16384,4000.000,626.424,auto,30
lltp,ILL/petri-nets/MCC,,,SimpleLoadBal_simple_lbs-20_100_1.p,intuitionistic,auto,1,false,,5,0,3,provable,unknown,timeout,,two-sided,IMELL,31494,2022,5019.023,107515,75135,26876,47196473,0,0,16384,5000.000,951.625,auto,30
lltp,ILL/petri-nets/MCC,,,SimpleLoadBal_simple_lbs-20_1_1.p,intuitionistic,auto,1,false,,5,0,3,provable,proved,,ok,two-sided,IMELL,31456,2022,1.831,3,0,2,46,0,0,16384,0.000,0.024,auto,30
lltp,ILL/petri-nets/MCC,,,SimpleLoadBal_simple_lbs-20_20_1.p,intuitionistic,auto,1,false,,5,0,3,provable,unknown,timeout,,two-sided,IMELL,31462,2022,5012.179,108173,75504,27131,47554701,0,0,16384,5000.000,910.381,auto,30
lltp,ILL/petri-nets/MCC,,,SimpleLoadBal_simple_lbs-20_50_1.p,intuitionistic,auto,1,false,,5,0,3,provable,unknown,timeout,,two-sided,IMELL,31482,2022,5016.789,108055,75447,27076,47479716,0,0,16384,5000.000,946.510,auto,30
lltp,ILL/petri-nets/MCC,,,SimpleLoadBal_simple_lbs-20_5_1.p,intuitionistic,auto,1,false,,5,0,3,provable,proved,,ok,two-sided,IMELL,31460,2022,1917.151,40112,27645,10437,10247783,0,0,16384,1910.000,357.781,auto,30
lltp,ILL/petri-nets/MCC,,,SmallOperatingSystem-MT2048DC0512_10_1.p,intuitionistic,auto,1,false,,5,0,3,provable,unknown,timeout,,two-sided,IMELL,22540,2050,5032.053,68202,0,68199,49436826,0,0,16384,5020.000,483.841,auto,30
lltp,ILL/petri-nets/MCC,,,SmallOperatingSystem-MT2048DC0512_1_1.p,intuitionistic,auto,1,false,,5,0,3,provable,proved,,ok,two-sided,IMELL,22576,2050,3.581,3,0,2,9728,0,0,16384,10.000,0.030,auto,30
lltp,ILL/petri-nets/MCC,,,SmallOperatingSystem-MT2048DC0512_5_1.p,intuitionistic,auto,1,false,,5,0,3,provable,unknown,timeout,,two-sided,IMELL,22560,2050,5034.026,64587,0,64584,68094961,0,0,16384,5020.000,468.773,auto,30
lltp,ILL/petri-nets/MCC,,,SmallOperatingSystem-MT2048DC1024_10_1.p,intuitionistic,auto,1,false,,5,0,3,provable,unknown,timeout,,two-sided,IMELL,28684,2050,5026.403,41919,0,41916,56936048,0,0,16384,5020.000,486.187,auto,30
lltp,ILL/petri-nets/MCC,,,SmallOperatingSystem-MT2048DC1024_1_1.p,intuitionistic,auto,1,false,,5,0,3,provable,proved,,ok,two-sided,IMELL,28720,2050,4.305,3,0,2,11264,0,0,16384,10.000,0.034,auto,30
lltp,ILL/petri-nets/MCC,,,SmallOperatingSystem-MT2048DC1024_5_1.p,intuitionistic,auto,1,false,,5,0,3,provable,unknown,timeout,,two-sided,IMELL,28704,2050,5024.759,43344,0,43341,78800201,0,0,16384,5010.000,478.108,auto,30
lltp,ILL/petri-nets/MCC,,,SmallOperatingSystem-MT4096DC1024_100_1.p,intuitionistic,auto,1,false,,5,0,3,provable,unknown,timeout,,two-sided,IMELL,44708,4098,5041.759,55951,0,55948,65795063,0,0,16384,5030.000,698.750,auto,30
lltp,ILL/petri-nets/MCC,,,SmallOperatingSystem-MT4096DC1024_10_1.p,intuitionistic,auto,1,false,,5,0,3,provable,unknown,timeout,,two-sided,IMELL,45068,4098,5025.398,35466,0,35463,43458326,0,0,16384,5010.000,451.304,auto,30
lltp,ILL/petri-nets/MCC,,,SmallOperatingSystem-MT4096DC1024_1_1.p,intuitionistic,auto,1,false,,5,0,3,provable,proved,,ok,two-sided,IMELL,45104,4098,11.342,3,0,2,19456,0,0,16384,10.000,0.037,auto,30
lltp,ILL/petri-nets/MCC,,,SmallOperatingSystem-MT4096DC1024_20_1.p,intuitionistic,auto,1,false,,5,0,3,provable,unknown,timeout,,two-sided,IMELL,45028,4098,5021.349,38790,0,38788,46826096,0,0,16384,5010.000,493.429,auto,30
lltp,ILL/petri-nets/MCC,,,SmallOperatingSystem-MT4096DC1024_50_1.p,intuitionistic,auto,1,false,,5,0,3,provable,unknown,timeout,,two-sided,IMELL,44908,4098,5040.491,49564,0,49561,58729761,0,0,16384,5030.000,692.299,auto,30
lltp,ILL/petri-nets/MCC,,,SmallOperatingSystem-MT4096DC1024_5_1.p,intuitionistic,auto,1,false,,5,0,3,provable,unknown,timeout,,two-sided,IMELL,45088,4098,5013.715,30611,0,30608,48553814,0,0,16384,5000.000,439.038,auto,30
lltp,ILL/petri-nets/MCC,,,SmallOperatingSystem-MT4096DC2048_100_1.p,intuitionistic,auto,1,false,,5,0,3,provable,unknown,timeout,,two-sided,IMELL,56996,4098,5023.781,28188,0,28185,64925099,0,0,16384,5010.000,677.617,auto,30
lltp,ILL/petri-nets/MCC,,,SmallOperatingSystem-MT4096DC2048_10_1.p,intuitionistic,auto,1,false,,5,0,3,provable,unknown,timeout,,two-sided,IMELL,57356,4098,5018.098,21425,0,21423,49817263,0,0,16384,5010.000,461.405,auto,30
lltp,ILL/petri-nets/MCC,,,SmallOperatingSystem-MT4096DC2048_1_1.p,intuitionistic,auto,1,false,,5,0,3,provable,proved,,ok,two-sided,IMELL,57392,4098,13.394,3,0,2,22528,0,0,16384,10.000,0.045,auto,30
lltp,ILL/petri-nets/MCC,,,SmallOperatingSystem-MT4096DC2048_20_1.p,intuitionistic,auto,1,false,,5,0,3,provable,unknown,timeout,,two-sided,IMELL,57316,4098,5022.725,20958,0,20955,49046384,0,0,16384,5010.000,441.452,auto,30
lltp,ILL/petri-nets/MCC,,,SmallOperatingSystem-MT4096DC2048_50_1.p,intuitionistic,auto,1,false,,5,0,3,provable,unknown,timeout,,two-sided,IMELL,57196,4098,5021.796,25613,0,25610,58463652,0,0,16384,5010.000,580.058,auto,30
lltp,ILL/petri-nets/MCC,,,SmallOperatingSystem-MT4096DC2048_5_1.p,intuitionistic,auto,1,false,,5,0,3,provable,unknown,timeout,,two-sided,IMELL,57376,4098,5023.109,20337,0,20335,58367056,0,0,16384,5010.000,459.602,auto,30
lltp,ILL/petri-nets/MCC,,,SmallOperatingSystem-MT8192DC2048_10_1.p,intuitionistic,auto,1,false,,5,0,3,provable,unknown,timeout,,two-sided,IMELL,90124,8194,5014.706,11219,0,11216,25420814,0,0,16384,5000.000,294.439,auto,30
lltp,ILL/petri-nets/MCC,,,SmallOperatingSystem-MT8192DC2048_1_1.p,intuitionistic,auto,1,false,,5,0,3,provable,proved,,ok,two-sided,IMELL,90160,8194,38.801,3,0,2,38912,0,0,16384,40.000,0.072,auto,30
lltp,ILL/petri-nets/MCC,,,SmallOperatingSystem-MT8192DC2048_20_1.p,intuitionistic,auto,1,false,,5,0,3,provable,unknown,timeout,,two-sided,IMELL,90084,8194,5021.322,11559,0,11556,26489966,0,0,16384,5010.000,290.362,auto,30
lltp,ILL/petri-nets/MCC,,,SmallOperatingSystem-MT8192DC2048_50_1.p,intuitionistic,auto,1,false,,5,0,3,provable,unknown,timeout,,two-sided,IMELL,89964,8194,5013.111,15326,0,15323,34607173,0,0,16384,5010.000,405.971,auto,30
lltp,ILL/petri-nets/MCC,,,SmallOperatingSystem-MT8192DC2048_5_1.p,intuitionistic,auto,1,false,,5,0,3,provable,unknown,timeout,,two-sided,IMELL,90144,8194,5023.724,14133,0,14130,35030240,0,0,16384,5010.000,375.242,auto,30
lltp,ILL/petri-nets/MCC,,,SquareGrid_sg-13-6-13_100_1.p,intuitionistic,auto,1,false,,5,0,3,provable,unknown,timeout,,two-sided,IMELL,49970,26,5051.099,8121,55,8051,5693602,0,0,16384,5030.000,477.884,auto,30
lltp,ILL/petri-nets/MCC,,,SquareGrid_sg-13-6-13_1_1.p,intuitionistic,auto,1,false,,5,0,3,provable,proved,,ok,two-sided,IMELL,49970,26,51.982,4,0,2,19362,0,0,16384,50.000,3.779,auto,30
lltp,ILL/petri-nets/MCC,,,SquareGrid_sg-13-6-13_20_1.p,intuitionistic,auto,1,false,,5,0,3,provable,unknown,timeout,,two-sided,IMELL,49970,26,5059.838,8176,66,8094,5731808,0,0,16384,5040.000,510.576,auto,30
lltp,ILL/petri-nets/MCC,,,SquareGrid_sg-13-6-13_50_1.p,intuitionistic,auto,1,false,,5,0,3,provable,unknown,timeout,,two-sided,IMELL,49970,26,5025.369,8121,55,8051,5693614,0,0,16384,5000.000,508.314,auto,30
lltp,ILL/petri-nets/MCC,,,SquareGrid_sg-13-6-13_5_1.p,intuitionistic,auto,1,false,,5,0,3,provable,unknown,timeout,,two-sided,IMELL,49970,26,5064.032,8176,66,8094,6575048,0,0,16384,5040.000,501.166,auto,30
lltp,ILL/petri-nets/MCC,,,TokenRing-15-unfolded_100_1.p,intuitionistic,auto,1,false,,5,0,3,provable,unknown,timeout,,two-sided,IMELL,28990,31,5010.258,69762,45340,18522,56898784,0,0,16384,4990.000,956.838,auto,30
lltp,ILL/petri-nets/MCC,,,TokenRing-15-unfolded_1_1.p,intuitionistic,auto,1,false,,5,0,3,provable,proved,,ok,two-sided,IMELL,28990,31,1.478,3,0,2,130,0,0,16384,0.000,0.014,auto,30
lltp,ILL/petri-nets/MCC,,,TokenRing-15-unfolded_20_1.p,intuitionistic,auto,1,false,,5,0,3,provable,unknown,timeout,,two-sided,IMELL,28990,31,5009.460,191624,167872,18021,33494802,0,0,16384,4990.000,959.237,auto,30
lltp,ILL/petri-nets/MCC,,,TokenRing-15-unfolded_50_1.p,intuitionistic,auto,1,false,,5,0,3,provable,unknown,timeout,,two-sided,IMELL,28990,31,5010.047,608738,583732,18967,32407883,0,0,16384,4990.000,911.148,auto,30
lltp,ILL/petri-nets/MCC,,,TokenRing-15-unfolded_5_1.p,intuitionistic,auto,1,false,,5,0,3,provable,proved,,ok,two-sided,IMELL,28990,31,856.835,12014,7333,3724,11066427,0,0,16384,850.000,169.144,auto,30
lltp,ILL/petri-nets/MCC,,,TokenRing-20-unfolded_100_1.p,intuitionistic,auto,1,false,,5,0,3,provable,unknown,timeout,,two-sided,IMELL,67450,41,5011.633,31618,19924,9880,34170053,0,0,16384,5000.000,950.124,auto,30
lltp,ILL/petri-nets/MCC,,,TokenRing-20-unfolded_1_1.p,intuitionistic,auto,1,false,,5,0,3,provable,proved,,ok,two-sided,IMELL,67450,41,3.491,3,0,2,91,0,0,16384,0.000,0.034,auto,30
lltp,ILL/petri-nets/MCC,,,TokenRing-20-unfolded_20_1.p,intuitionistic,auto,1,false,,5,0,3,provable,unknown,timeout,,two-sided,IMELL,67450,41,5004.836,72363,61809,8976,19642216,0,0,16384,5000.000,958.756,auto,30
lltp,ILL/petri-nets/MCC,,,TokenRing-20-unfolded_50_1.p,intuitionistic,auto,1,false,,5,0,3,provable,unknown,timeout,,two-sided,IMELL,67450,41,5017.795,24289,14730,8167,25924024,0,0,16384,5000.000,1045.192,auto,30
lltp,ILL/petri-nets/MCC,,,TokenRing-20-unfolded_5_1.p,intuitionistic,auto,1,false,,5,0,3,provable,unknown,timeout,,two-sided,IMELL,67450,41,5009.510,33997,21781,10268,39405466,0,0,16384,5000.000,848.698,auto,30
lltp,ILL/petri-nets/MCC,,,TokenRing-30-unfolded_100_1.p,intuitionistic,auto,1,false,,5,0,3,provable,unknown,timeout,,two-sided,IMELL,223570,61,5061.358,3102,1320,1669,8537394,0,0,16384,5050.000,449.110,auto,30
lltp,ILL/petri-nets/MCC,,,TokenRing-30-unfolded_1_1.p,intuitionistic,auto,1,false,,5,0,3,provable,proved,,ok,two-sided,IMELL,223570,61,18.167,7,0,4,144,0,0,16384,30.000,2.967,auto,30
lltp,ILL/petri-nets/MCC,,,TokenRing-30-unfolded_20_1.p,intuitionistic,auto,1,false,,5,0,3,provable,unknown,timeout,,two-sided,IMELL,223570,61,5027.856,13282,10540,2557,7542061,0,0,16384,5030.000,431.394,auto,30
lltp,ILL/petri-nets/MCC,,,TokenRing-30-unfolded_50_1.p,intuitionistic,auto,1,false,,5,0,3,provable,unknown,timeout,,two-sided,IMELL,223570,61,5019.062,7936,5428,2342,5956047,0,0,16384,5010.000,390.287,auto,30
lltp,ILL/petri-nets/MCC,,,TokenRing-30-unfolded_5_1.p,intuitionistic,auto,1,false,,5,0,3,provable,unknown,timeout,,two-sided,IMELL,223570,61,5017.383,4458,2018,2279,14118978,0,0,16384,5010.000,485.889,auto,30
lltp,ILL/petri-nets/MCC,,,TokenRing-40-unfolded_100_1.p,intuitionistic,auto,1,false,,5,0,3,provable,unknown,timeout,,two-sided,IMELL,525290,81,5257.031,335,27,296,1916020,0,0,16384,5260.000,128.335,auto,30
lltp,ILL/petri-nets/MCC,,,TokenRing-40-unfolded_1_1.p,intuitionistic,auto,1,false,,5,0,,,unknown,crash (signal: 6 (SIGABRT) (core dumped)): note: run with `RUST_BACKTRACE=1` environment variable to display a backtrace,,,,,,4197.831,,,,,,,,,,auto,30
lltp,ILL/petri-nets/MCC,,,TokenRing-40-unfolded_20_1.p,intuitionistic,auto,1,false,,5,0,3,provable,unknown,timeout,,two-sided,IMELL,525290,81,5049.128,1121,382,710,6022633,0,0,16384,5040.000,293.189,auto,30
lltp,ILL/petri-nets/MCC,,,TokenRing-40-unfolded_50_1.p,intuitionistic,auto,1,false,,5,0,3,provable,unknown,timeout,,two-sided,IMELL,525290,81,5165.488,299,20,268,1689986,0,0,16384,5150.000,113.834,auto,30
lltp,ILL/petri-nets/MCC,,,TokenRing-40-unfolded_5_1.p,intuitionistic,auto,1,false,,5,0,3,provable,unknown,timeout,,two-sided,IMELL,525290,81,5105.348,2446,922,1477,3228047,0,0,16384,5100.000,161.775,auto,30
lltp,ILL/petri-nets/MCC,,,TokenRing-50-unfolded_100_1.p,intuitionistic,auto,1,false,,5,0,3,provable,unknown,timeout,,two-sided,IMELL,1020610,101,5446.406,130,1,123,813256,0,0,16384,5440.000,74.437,auto,30
lltp,ILL/petri-nets/MCC,,,TokenRing-50-unfolded_1_1.p,intuitionistic,auto,1,false,,5,0,,,unknown,crash (signal: 6 (SIGABRT) (core dumped)): note: run with `RUST_BACKTRACE=1` environment variable to display a backtrace,,,,,,4862.591,,,,,,,,,,auto,30
lltp,ILL/petri-nets/MCC,,,TokenRing-50-unfolded_20_1.p,intuitionistic,auto,1,false,,5,0,3,provable,unknown,timeout,,two-sided,IMELL,1020610,101,5038.429,997,573,411,1557537,0,0,16384,5020.000,177.808,auto,30
lltp,ILL/petri-nets/MCC,,,TokenRing-50-unfolded_50_1.p,intuitionistic,auto,1,false,,5,0,3,provable,unknown,timeout,,two-sided,IMELL,1020610,101,5779.096,130,1,123,804377,0,0,16384,5760.000,79.499,auto,30
lltp,ILL/petri-nets/MCC,,,TokenRing-50-unfolded_5_1.p,intuitionistic,auto,1,false,,5,0,3,provable,unknown,timeout,,two-sided,IMELL,1020610,101,5616.136,566,412,136,1879982,0,0,16384,5610.000,42.962,auto,30
