source,family,size,index,problem,mode,engine_requested,jobs,portfolio,test_period,timeout_s,run,copies,expected,verdict,reason,checked,engine,fragment,occurrences,multiplicity,time_ms,nodes,memo_hits,memo_entries,splits,links,tests,recursion_limit,cpu_ms,wait_ms,bias,forward_copies
lltp,ILL/ILLTP-LCL-01,,,LCL181+1.p,intuitionistic,auto,1,false,,5,0,3,unprovable,unknown,copy_bound,,two-sided,ILL,44,2,0.050,69,20,15,33,0,0,2048,0.000,0.000,auto,30
lltp,ILL/ILLTP-LCL-01,,,LCL230+1.p,intuitionistic,auto,1,false,,5,0,3,unprovable,unknown,copy_bound,,two-sided,ILL,25,2,0.043,75,23,24,22,0,0,2048,0.000,0.000,auto,30
lltp,ILL/ILLTP-LCL-cbn,,,LCL181+1.p,intuitionistic,auto,1,false,,5,0,3,unprovable,unprovable,,,two-sided,ILL,33,2,0.062,20,8,5,16,0,0,2048,0.000,0.011,auto,30
lltp,ILL/ILLTP-LCL-cbn,,,LCL230+1.p,intuitionistic,auto,1,false,,5,0,3,unprovable,unprovable,,,two-sided,ILL,22,2,0.033,52,16,16,17,0,0,2048,0.000,0.000,auto,30
lltp,ILL/ILLTP-LCL-cbv,,,LCL181+1.p,intuitionistic,auto,1,false,,5,0,3,unprovable,unknown,copy_bound,,two-sided,ILL,41,2,0.039,63,24,14,39,0,0,2048,0.000,0.000,auto,30
lltp,ILL/ILLTP-LCL-cbv,,,LCL230+1.p,intuitionistic,auto,1,false,,5,0,3,unprovable,unknown,copy_bound,,two-sided,ILL,23,2,0.057,107,51,23,44,0,0,2048,0.000,0.000,auto,30
lltp,ILL/ILLTP-SYJ-01,,,SYJ101+1.p,intuitionistic,auto,1,false,,5,0,3,provable,proved,,ok,two-sided,IMELL,3,1,0.010,2,0,1,0,0,0,2048,0.000,0.000,auto,30
lltp,ILL/ILLTP-SYJ-01,,,SYJ102+1.p,intuitionistic,auto,1,false,,5,0,3,provable,proved,,ok,two-sided,ILL,11,1,0.022,15,1,8,4,0,0,2048,0.000,0.000,auto,30
lltp,ILL/ILLTP-SYJ-01,,,SYJ103+1.p,intuitionistic,auto,1,false,,5,0,3,provable,unknown,copy_bound,,two-sided,ILL,27,2,0.058,128,44,33,37,0,0,2048,0.000,0.000,auto,30
lltp,ILL/ILLTP-SYJ-01,,,SYJ104+1.p,intuitionistic,auto,1,false,,5,0,3,provable,proved,,ok,two-sided,IMELL,11,1,0.022,11,0,6,3,0,0,2048,0.000,0.000,auto,30
lltp,ILL/ILLTP-SYJ-01,,,SYJ105+1.002.p,intuitionistic,auto,1,false,,5,0,3,provable,proved,,ok,two-sided,ILL,17,1,0.040,42,5,15,12,0,0,2048,0.000,0.004,auto,30
lltp,ILL/ILLTP-SYJ-01,,,SYJ105+1.003.p,intuitionistic,auto,1,false,,5,0,3,provable,unknown,copy_bound,,two-sided,ILL,28,2,0.038,58,16,15,18,0,0,2048,0.000,0.000,auto,30
lltp,ILL/ILLTP-SYJ-01,,,SYJ105+1.004.p,intuitionistic,auto,1,false,,5,0,3,provable,unknown,copy_bound,,two-sided,ILL,39,2,0.042,58,16,15,18,0,0,2048,0.000,0.000,auto,30
lltp,ILL/ILLTP-SYJ-01,,,SYJ106+1.p,intuitionistic,auto,1,false,,5,0,3,provable,unknown,copy_bound,,two-sided,ILL,50,2,0.066,134,42,42,71,0,0,2048,0.000,0.000,auto,30
lltp,ILL/ILLTP-SYJ-01,,,SYJ107+1.001.p,intuitionistic,auto,1,false,,5,0,3,provable,proved,,ok,two-sided,ILL,20,2,0.062,130,43,48,0,0,0,2048,0.000,0.000,auto,30
lltp,ILL/ILLTP-SYJ-01,,,SYJ107+1.002.p,intuitionistic,auto,1,false,,5,0,3,provable,unknown,copy_bound,,two-sided,ILL,41,2,0.086,280,149,61,68,0,0,2048,0.000,0.000,auto,30
lltp,ILL/ILLTP-SYJ-01,,,SYJ107+1.003.p,intuitionistic,auto,1,false,,5,0,3,provable,unknown,copy_bound,,two-sided,ILL,62,2,0.120,505,316,88,198,0,0,2048,0.000,0.000,auto,30
lltp,ILL/ILLTP-SYJ-01,,,SYJ107+1.004.p,intuitionistic,auto,1,false,,5,0,3,provable,unknown,copy_bound,,two-sided,ILL,83,2,0.169,792,545,115,390,0,0,2048,0.000,0.000,auto,30
lltp,ILL/ILLTP-SYJ-01,,,SYJ201+1.001.p,intuitionistic,auto,1,false,,5,0,3,provable,unknown,copy_bound,,two-sided,ILL,82,5,0.106,322,114,106,153,0,0,2048,0.000,0.000,auto,30
lltp,ILL/ILLTP-SYJ-01,,,SYJ201+1.002.p,intuitionistic,auto,1,false,,5,0,3,provable,unknown,copy_bound,,two-sided,ILL,178,7,0.284,1050,435,369,555,0,0,2048,0.000,0.000,auto,30
lltp,ILL/ILLTP-SYJ-01,,,SYJ201+1.003.p,intuitionistic,auto,1,false,,5,0,3,provable,unknown,copy_bound,,two-sided,ILL,306,9,0.621,2418,1092,872,1365,0,0,2048,0.000,0.000,auto,30
lltp,ILL/ILLTP-SYJ-01,,,SYJ201+1.004.p,intuitionistic,auto,1,false,,5,0,3,provable,unknown,copy_bound,,two-sided,ILL,466,11,1.196,4618,2205,1687,2727,0,0,2048,0.000,0.000,auto,30
lltp,ILL/ILLTP-SYJ-01,,,SYJ201+1.005.p,intuitionistic,auto,1,false,,5,0,3,provable,unknown,copy_bound,,two-sided,ILL,658,13,2.171,7842,3894,2886,4785,0,0,2048,0.000,0.003,auto,30
lltp,ILL/ILLTP-SYJ-01,,,SYJ201+1.006.p,intuitionistic,auto,1,false,,5,0,3,provable,unknown,copy_bound,,two-sided,ILL,882,15,3.786,12282,6279,4541,7683,0,0,2048,0.000,0.004,auto,30
lltp,ILL/ILLTP-SYJ-01,,,SYJ201+1.007.p,intuitionistic,auto,1,false,,5,0,3,provable,unknown,copy_bound,,two-sided,ILL,1138,17,6.221,18130,9480,6724,11565,0,0,2048,0.000,0.020,auto,30
lltp,ILL/ILLTP-SYJ-01,,,SYJ201+1.008.p,intuitionistic,auto,1,false,,5,0,3,provable,unknown,copy_bound,,two-sided,ILL,1426,19,9.743,25578,13617,9507,16575,0,0,2048,0.000,0.014,auto,30
lltp,ILL/ILLTP-SYJ-01,,,SYJ201+1.009.p,intuitionistic,auto,1,false,,5,0,3,provable,unknown,copy_bound,,two-sided,ILL,1746,21,15.076,34818,18810,12962,22857,0,0,2048,10.000,0.027,auto,30
lltp,ILL/ILLTP-SYJ-01,,,SYJ201+1.010.p,intuitionistic,auto,1,false,,5,0,3,provable,unknown,copy_bound,,two-sided,ILL,2098,23,22.873,46042,25179,17161,30555,0,0,2048,20.000,0.028,auto,30
lltp,ILL/ILLTP-SYJ-01,,,SYJ201+1.011.p,intuitionistic,auto,1,false,,5,0,3,provable,unknown,copy_bound,,two-sided,ILL,2482,25,33.215,59442,32844,22176,39813,0,0,2048,30.000,0.042,auto,30
lltp,ILL/ILLTP-SYJ-01,,,SYJ201+1.012.p,intuitionistic,auto,1,false,,5,0,3,provable,unknown,copy_bound,,two-sided,ILL,2898,27,46.256,75210,41925,28079,50775,0,0,2048,40.000,0.050,auto,30
lltp,ILL/ILLTP-SYJ-01,,,SYJ201+1.013.p,intuitionistic,auto,1,false,,5,0,3,provable,unknown,copy_bound,,two-sided,ILL,3346,29,70.191,93538,52542,34942,63585,0,0,2048,60.000,0.085,auto,30
lltp,ILL/ILLTP-SYJ-01,,,SYJ201+1.014.p,intuitionistic,auto,1,false,,5,0,3,provable,unknown,copy_bound,,two-sided,ILL,3826,31,90.951,114618,64815,42837,78387,0,0,2048,80.000,0.105,auto,30
lltp,ILL/ILLTP-SYJ-01,,,SYJ201+1.015.p,intuitionistic,auto,1,false,,5,0,3,provable,unknown,copy_bound,,two-sided,ILL,4338,33,115.665,138642,78864,51836,95325,0,0,2048,100.000,0.101,auto,30
lltp,ILL/ILLTP-SYJ-01,,,SYJ201+1.016.p,intuitionistic,auto,1,false,,5,0,3,provable,unknown,copy_bound,,two-sided,ILL,4882,35,167.478,165802,94809,62011,114543,0,0,2048,160.000,0.173,auto,30
lltp,ILL/ILLTP-SYJ-01,,,SYJ201+1.017.p,intuitionistic,auto,1,false,,5,0,3,provable,unknown,copy_bound,,two-sided,ILL,5458,37,205.647,196290,112770,73434,136185,0,0,2048,200.000,0.218,auto,30
lltp,ILL/ILLTP-SYJ-01,,,SYJ201+1.018.p,intuitionistic,auto,1,false,,5,0,3,provable,unknown,copy_bound,,two-sided,ILL,6066,39,249.338,230298,132867,86177,160395,0,0,2048,240.000,0.274,auto,30
lltp,ILL/ILLTP-SYJ-01,,,SYJ201+1.019.p,intuitionistic,auto,1,false,,5,0,3,provable,unknown,copy_bound,,two-sided,ILL,6706,41,303.086,268018,155220,100312,187317,0,0,2048,300.000,0.286,auto,30
lltp,ILL/ILLTP-SYJ-01,,,SYJ201+1.020.p,intuitionistic,auto,1,false,,5,0,3,provable,unknown,copy_bound,,two-sided,ILL,7378,43,416.227,309642,179949,115911,217095,0,0,2048,410.000,0.439,auto,30
lltp,ILL/ILLTP-SYJ-01,,,SYJ202+1.001.p,intuitionistic,auto,1,false,,5,0,3,provable,proved,,ok,two-sided,ILL,9,1,0.015,5,0,3,0,0,0,2048,0.000,0.000,auto,30
lltp,ILL/ILLTP-SYJ-01,,,SYJ202+1.002.p,intuitionistic,auto,1,false,,5,0,3,provable,unknown,copy_bound,,two-sided,ILL,57,2,0.354,1519,757,441,0,0,0,2048,0.000,0.000,auto,30
lltp,ILL/ILLTP-SYJ-01,,,SYJ202+1.003.p,intuitionistic,auto,1,false,,5,0,3,provable,unknown,copy_bound,,two-sided,ILL,163,3,2.222,11028,5962,3487,0,0,0,2048,0.000,0.002,auto,30
lltp,ILL/ILLTP-SYJ-01,,,SYJ202+1.004.p,intuitionistic,auto,1,false,,5,0,3,provable,unknown,copy_bound,,two-sided,ILL,347,4,9.808,44408,25051,14160,0,0,0,2048,10.000,0.025,auto,30
lltp,ILL/ILLTP-SYJ-01,,,SYJ202+1.005.p,intuitionistic,auto,1,false,,5,0,3,provable,unknown,copy_bound,,two-sided,ILL,630,5,37.685,136647,79343,43729,0,0,0,2048,30.000,0.308,auto,30
lltp,ILL/ILLTP-SYJ-01,,,SYJ202+1.006.p,intuitionistic,auto,1,false,,5,0,3,provable,unknown,copy_bound,,two-sided,ILL,1033,6,140.107,351228,208348,112510,0,0,0,2048,130.000,0.169,auto,30
lltp,ILL/ILLTP-SYJ-01,,,SYJ202+1.007.p,intuitionistic,auto,1,false,,5,0,3,provable,unknown,copy_bound,,two-sided,ILL,1577,7,462.066,793036,478316,253951,0,0,0,2048,450.000,0.567,auto,30
lltp,ILL/ILLTP-SYJ-01,,,SYJ202+1.008.p,intuitionistic,auto,1,false,,5,0,3,provable,unknown,copy_bound,,two-sided,ILL,2283,8,1209.301,1623395,992298,519338,0,0,0,2048,1190.000,1.417,auto,30
lltp,ILL/ILLTP-SYJ-01,,,SYJ202+1.009.p,intuitionistic,auto,1,false,,5,0,3,provable,unknown,copy_bound,,two-sided,ILL,3172,9,2906.308,3077445,1901827,983221,0,0,0,2048,2880.000,3.477,auto,30
lltp,ILL/ILLTP-SYJ-01,,,SYJ202+1.010.p,intuitionistic,auto,1,false,,5,0,3,,unknown,recursion_limit,,two-sided,ILL,4265,10,3.544,1532,0,1020,0,0,0,2048,0.000,0.005,auto,30
lltp,ILL/ILLTP-SYJ-01,,,SYJ202+1.011.p,intuitionistic,auto,1,false,,5,0,3,,unknown,recursion_limit,,two-sided,ILL,5583,22,4.235,1532,0,1020,0,0,0,2048,0.000,0.010,auto,30
lltp,ILL/ILLTP-SYJ-01,,,SYJ202+1.012.p,intuitionistic,auto,1,false,,5,0,3,,unknown,recursion_limit,,two-sided,ILL,7147,24,5.783,1532,0,1020,0,0,0,2048,0.000,0.003,auto,30
lltp,ILL/ILLTP-SYJ-01,,,SYJ202+1.013.p,intuitionistic,auto,1,false,,5,0,3,,unknown,recursion_limit,,two-sided,ILL,8978,26,8.098,1532,0,1020,0,0,0,2048,0.000,0.006,auto,30
lltp,ILL/ILLTP-SYJ-01,,,SYJ202+1.014.p,intuitionistic,auto,1,false,,5,0,3,,unknown,recursion_limit,,two-sided,ILL,11097,28,10.979,1532,0,1020,0,0,0,2048,10.000,0.007,auto,30
lltp,ILL/ILLTP-SYJ-01,,,SYJ202+1.015.p,intuitionistic,auto,1,false,,5,0,3,,unknown,recursion_limit,,two-sided,ILL,13525,30,14.640,1532,0,1020,0,0,0,2048,10.000,0.023,auto,30
lltp,ILL/ILLTP-SYJ-01,,,SYJ202+1.016.p,intuitionistic,auto,1,false,,5,0,3,,unknown,recursion_limit,,two-sided,ILL,16283,32,19.652,1532,0,1020,0,0,0,2048,20.000,0.023,auto,30
lltp,ILL/ILLTP-SYJ-01,,,SYJ202+1.017.p,intuitionistic,auto,1,false,,5,0,3,,unknown,recursion_limit,,two-sided,ILL,19392,34,25.680,1532,0,1020,0,0,0,2048,30.000,0.458,auto,30
lltp,ILL/ILLTP-SYJ-01,,,SYJ202+1.018.p,intuitionistic,auto,1,false,,5,0,3,,unknown,recursion_limit,,two-sided,ILL,22873,36,32.315,1532,0,1020,0,0,0,2048,40.000,0.024,auto,30
lltp,ILL/ILLTP-SYJ-01,,,SYJ202+1.019.p,intuitionistic,auto,1,false,,5,0,3,,unknown,recursion_limit,,two-sided,ILL,26747,38,42.823,1532,0,1020,0,0,0,2048,40.000,0.036,auto,30
lltp,ILL/ILLTP-SYJ-01,,,SYJ202+1.020.p,intuitionistic,auto,1,false,,5,0,3,,unknown,recursion_limit,,two-sided,ILL,31035,40,54.817,1532,0,1020,0,0,0,2048,60.000,0.033,auto,30
lltp,ILL/ILLTP-SYJ-01,,,SYJ203+1.001.p,intuitionistic,auto,1,false,,5,0,3,provable,proved,,ok,two-sided,ILL,15,2,0.035,29,5,10,9,0,0,2048,0.000,0.000,auto,30
lltp,ILL/ILLTP-SYJ-01,,,SYJ203+1.002.p,intuitionistic,auto,1,false,,5,0,3,provable,unknown,copy_bound,,two-sided,ILL,26,3,0.065,131,27,41,35,0,0,2048,0.000,0.000,auto,30
lltp,ILL/ILLTP-SYJ-01,,,SYJ203+1.003.p,intuitionistic,auto,1,false,,5,0,3,provable,unknown,copy_bound,,two-sided,ILL,37,4,0.099,268,51,98,59,0,0,2048,0.000,0.000,auto,30
lltp,ILL/ILLTP-SYJ-01,,,SYJ203+1.004.p,intuitionistic,auto,1,false,,5,0,3,provable,unknown,copy_bound,,two-sided,ILL,48,5,0.154,470,86,191,88,0,0,2048,0.000,0.000,auto,30
lltp,ILL/ILLTP-SYJ-01,,,SYJ203+1.005.p,intuitionistic,auto,1,false,,5,0,3,provable,unknown,copy_bound,,two-sided,ILL,59,6,0.200,753,134,330,123,0,0,2048,0.000,0.000,auto,30
lltp,ILL/ILLTP-SYJ-01,,,SYJ203+1.006.p,intuitionistic,auto,1,false,,5,0,3,provable,unknown,copy_bound,,two-sided,ILL,70,7,0.300,1130,197,524,164,0,0,2048,0.000,0.000,auto,30
lltp,ILL/ILLTP-SYJ-01,,,SYJ203+1.007.p,intuitionistic,auto,1,false,,5,0,3,provable,unknown,copy_bound,,two-sided,ILL,81,8,0.398,1614,277,782,211,0,0,2048,0.000,0.000,auto,30
lltp,ILL/ILLTP-SYJ-01,,,SYJ203+1.008.p,intuitionistic,auto,1,false,,5,0,3,provable,unknown,copy_bound,,two-sided,ILL,92,9,0.537,2218,376,1113,264,0,0,2048,0.000,0.000,auto,30
lltp,ILL/ILLTP-SYJ-01,,,SYJ203+1.009.p,intuitionistic,auto,1,false,,5,0,3,provable,unknown,copy_bound,,two-sided,ILL,103,10,0.678,2955,496,1526,323,0,0,2048,0.000,0.000,auto,30
lltp,ILL/ILLTP-SYJ-01,,,SYJ203+1.010.p,intuitionistic,auto,1,false,,5,0,3,provable,unknown,copy_bound,,two-sided,ILL,114,11,0.958,3838,639,2030,388,0,0,2048,0.000,0.000,auto,30
lltp,ILL/ILLTP-SYJ-01,,,SYJ203+1.011.p,intuitionistic,auto,1,false,,5,0,3,provable,unknown,copy_bound,,two-sided,ILL,125,12,1.081,4880,807,2634,459,0,0,2048,0.000,0.000,auto,30
lltp,ILL/ILLTP-SYJ-01,,,SYJ203+1.012.p,intuitionistic,auto,1,false,,5,0,3,provable,unknown,copy_bound,,two-sided,ILL,136,13,1.397,6094,1002,3347,536,0,0,2048,0.000,0.000,auto,30
lltp,ILL/ILLTP-SYJ-01,,,SYJ203+1.013.p,intuitionistic,auto,1,false,,5,0,3,provable,unknown,copy_bound,,two-sided,ILL,147,14,1.957,7493,1226,4178,619,0,0,2048,0.000,0.004,auto,30
lltp,ILL/ILLTP-SYJ-01,,,SYJ203+1.014.p,intuitionistic,auto,1,false,,5,0,3,provable,unknown,copy_bound,,two-sided,ILL,158,15,2.261,9090,1481,5136,708,0,0,2048,0.000,0.005,auto,30
lltp,ILL/ILLTP-SYJ-01,,,SYJ203+1.015.p,intuitionistic,auto,1,false,,5,0,3,provable,unknown,copy_bound,,two-sided,ILL,169,16,2.567,10898,1769,6230,803,0,0,2048,0.000,0.003,auto,30
lltp,ILL/ILLTP-SYJ-01,,,SYJ203+1.016.p,intuitionistic,auto,1,false,,5,0,3,provable,unknown,copy_bound,,two-sided,ILL,180,17,3.386,12930,2092,7469,904,0,0,2048,0.000,0.011,auto,30
lltp,ILL/ILLTP-SYJ-01,,,SYJ203+1.017.p,intuitionistic,auto,1,false,,5,0,3,provable,unknown,copy_bound,,two-sided,ILL,191,18,3.758,15199,2452,8862,1011,0,0,2048,0.000,0.005,auto,30
lltp,ILL/ILLTP-SYJ-01,,,SYJ203+1.018.p,intuitionistic,auto,1,false,,5,0,3,provable,unknown,copy_bound,,two-sided,ILL,202,19,4.492,17718,2851,10418,1124,0,0,2048,0.000,0.005,auto,30
lltp,ILL/ILLTP-SYJ-01,,,SYJ203+1.019.p,intuitionistic,auto,1,false,,5,0,3,provable,unknown,copy_bound,,two-sided,ILL,213,20,5.087,20500,3291,12146,1243,0,0,2048,0.000,0.004,auto,30
lltp,ILL/ILLTP-SYJ-01,,,SYJ203+1.020.p,intuitionistic,auto,1,false,,5,0,3,provable,unknown,copy_bound,,two-sided,ILL,224,21,5.920,23558,3774,14055,1368,0,0,2048,0.000,0.005,auto,30
lltp,ILL/ILLTP-SYJ-01,,,SYJ204+1.001.p,intuitionistic,auto,1,false,,5,0,3,provable,proved,,ok,two-sided,IMELL,13,2,0.025,15,2,6,7,0,0,2048,0.000,0.000,auto,30
lltp,ILL/ILLTP-SYJ-01,,,SYJ204+1.002.p,intuitionistic,auto,1,false,,5,0,3,provable,unknown,copy_bound,,two-sided,IMELL,23,2,0.028,31,10,11,22,0,0,2048,0.000,0.000,auto,30
lltp,ILL/ILLTP-SYJ-01,,,SYJ204+1.003.p,intuitionistic,auto,1,false,,5,0,3,provable,unknown,copy_bound,,two-sided,IMELL,33,2,0.032,51,24,14,41,0,0,2048,0.000,0.000,auto,30
lltp,ILL/ILLTP-SYJ-01,,,SYJ204+1.004.p,intuitionistic,auto,1,false,,5,0,3,provable,unknown,copy_bound,,two-sided,IMELL,43,2,0.035,77,44,17,66,0,0,2048,0.000,0.000,auto,30
lltp,ILL/ILLTP-SYJ-01,,,SYJ204+1.005.p,intuitionistic,auto,1,false,,5,0,3,provable,unknown,copy_bound,,two-sided,IMELL,53,2,0.041,109,70,20,97,0,0,2048,0.000,0.000,auto,30
lltp,ILL/ILLTP-SYJ-01,,,SYJ204+1.006.p,intuitionistic,auto,1,false,,5,0,3,provable,unknown,copy_bound,,two-sided,IMELL,63,2,0.044,147,102,23,134,0,0,2048,0.000,0.000,auto,30
lltp,ILL/ILLTP-SYJ-01,,,SYJ204+1.007.p,intuitionistic,auto,1,false,,5,0,3,provable,unknown,copy_bound,,two-sided,IMELL,73,2,0.049,191,140,26,177,0,0,2048,0.000,0.000,auto,30
lltp,ILL/ILLTP-SYJ-01,,,SYJ204+1.008.p,intuitionistic,auto,1,false,,5,0,3,provable,unknown,copy_bound,,two-sided,IMELL,83,2,0.063,241,184,29,226,0,0,2048,0.000,0.000,auto,30
lltp,ILL/ILLTP-SYJ-01,,,SYJ204+1.009.p,intuitionistic,auto,1,false,,5,0,3,provable,unknown,copy_bound,,two-sided,IMELL,93,2,0.065,297,234,32,281,0,0,2048,0.000,0.000,auto,30
lltp,ILL/ILLTP-SYJ-01,,,SYJ204+1.010.p,intuitionistic,auto,1,false,,5,0,3,provable,unknown,copy_bound,,two-sided,IMELL,103,2,0.071,359,290,35,342,0,0,2048,0.000,0.000,auto,30
lltp,ILL/ILLTP-SYJ-01,,,SYJ204+1.011.p,intuitionistic,auto,1,false,,5,0,3,provable,unknown,copy_bound,,two-sided,IMELL,113,2,0.076,427,352,38,409,0,0,2048,0.000,0.000,auto,30
lltp,ILL/ILLTP-SYJ-01,,,SYJ204+1.012.p,intuitionistic,auto,1,false,,5,0,3,provable,unknown,copy_bound,,two-sided,IMELL,123,2,0.084,501,420,41,482,0,0,2048,0.000,0.000,auto,30
lltp,ILL/ILLTP-SYJ-01,,,SYJ204+1.013.p,intuitionistic,auto,1,false,,5,0,3,provable,unknown,copy_bound,,two-sided,IMELL,133,2,0.102,581,494,44,561,0,0,2048,0.000,0.000,auto,30
lltp,ILL/ILLTP-SYJ-01,,,SYJ204+1.014.p,intuitionistic,auto,1,false,,5,0,3,provable,unknown,copy_bound,,two-sided,IMELL,143,2,0.104,667,574,47,646,0,0,2048,0.000,0.000,auto,30
lltp,ILL/ILLTP-SYJ-01,,,SYJ204+1.015.p,intuitionistic,auto,1,false,,5,0,3,provable,unknown,copy_bound,,two-sided,IMELL,153,2,0.111,759,660,50,737,0,0,2048,0.000,0.000,auto,30
lltp,ILL/ILLTP-SYJ-01,,,SYJ204+1.016.p,intuitionistic,auto,1,false,,5,0,3,provable,unknown,copy_bound,,two-sided,IMELL,163,2,0.124,857,752,53,834,0,0,2048,0.000,0.000,auto,30
lltp,ILL/ILLTP-SYJ-01,,,SYJ204+1.017.p,intuitionistic,auto,1,false,,5,0,3,provable,unknown,copy_bound,,two-sided,IMELL,173,2,0.139,961,850,56,937,0,0,2048,0.000,0.000,auto,30
lltp,ILL/ILLTP-SYJ-01,,,SYJ204+1.018.p,intuitionistic,auto,1,false,,5,0,3,provable,unknown,copy_bound,,two-sided,IMELL,183,2,0.155,1071,954,59,1046,0,0,2048,0.000,0.000,auto,30
lltp,ILL/ILLTP-SYJ-01,,,SYJ204+1.019.p,intuitionistic,auto,1,false,,5,0,3,provable,unknown,copy_bound,,two-sided,IMELL,193,2,0.160,1187,1064,62,1161,0,0,2048,0.000,0.000,auto,30
lltp,ILL/ILLTP-SYJ-01,,,SYJ204+1.020.p,intuitionistic,auto,1,false,,5,0,3,provable,unknown,copy_bound,,two-sided,IMELL,203,2,0.182,1309,1180,65,1282,0,0,2048,0.000,0.000,auto,30
lltp,ILL/ILLTP-SYJ-01,,,SYJ205+1.001.p,intuitionistic,auto,1,false,,5,0,3,provable,unknown,copy_bound,,two-sided,ILL,68,2,0.039,52,18,17,6,0,0,2048,0.000,0.000,auto,30
lltp,ILL/ILLTP-SYJ-01,,,SYJ205+1.002.p,intuitionistic,auto,1,false,,5,0,3,provable,unknown,copy_bound,,two-sided,ILL,92,2,0.037,52,18,17,5,0,0,2048,0.000,0.000,auto,30
lltp,ILL/ILLTP-SYJ-01,,,SYJ205+1.003.p,intuitionistic,auto,1,false,,5,0,3,provable,unknown,copy_bound,,two-sided,ILL,116,2,0.036,52,18,17,5,0,0,2048,0.000,0.000,auto,30
lltp,ILL/ILLTP-SYJ-01,,,SYJ205+1.004.p,intuitionistic,auto,1,false,,5,0,3,provable,unknown,copy_bound,,two-sided,ILL,140,2,0.039,52,18,17,5,0,0,2048,0.000,0.000,auto,30
lltp,ILL/ILLTP-SYJ-01,,,SYJ205+1.005.p,intuitionistic,auto,1,false,,5,0,3,provable,unknown,copy_bound,,two-sided,ILL,164,2,0.039,52,18,17,5,0,0,2048,0.000,0.000,auto,30
lltp,ILL/ILLTP-SYJ-01,,,SYJ205+1.006.p,intuitionistic,auto,1,false,,5,0,3,provable,unknown,copy_bound,,two-sided,ILL,188,2,0.043,52,18,17,5,0,0,2048,0.000,0.000,auto,30
lltp,ILL/ILLTP-SYJ-01,,,SYJ205+1.007.p,intuitionistic,auto,1,false,,5,0,3,provable,unknown,copy_bound,,two-sided,ILL,212,2,0.042,52,18,17,5,0,0,2048,0.000,0.000,auto,30
lltp,ILL/ILLTP-SYJ-01,,,SYJ205+1.008.p,intuitionistic,auto,1,false,,5,0,3,provable,unknown,copy_bound,,two-sided,ILL,236,2,0.041,52,18,17,5,0,0,2048,0.000,0.000,auto,30
lltp,ILL/ILLTP-SYJ-01,,,SYJ205+1.009.p,intuitionistic,auto,1,false,,5,0,3,provable,unknown,copy_bound,,two-sided,ILL,260,2,0.045,52,18,17,5,0,0,2048,0.000,0.000,auto,30
lltp,ILL/ILLTP-SYJ-01,,,SYJ205+1.010.p,intuitionistic,auto,1,false,,5,0,3,provable,unknown,copy_bound,,two-sided,ILL,284,2,0.044,52,18,17,5,0,0,2048,0.000,0.000,auto,30
lltp,ILL/ILLTP-SYJ-01,,,SYJ205+1.011.p,intuitionistic,auto,1,false,,5,0,3,provable,unknown,copy_bound,,two-sided,ILL,308,2,0.046,52,18,17,5,0,0,2048,0.000,0.000,auto,30
lltp,ILL/ILLTP-SYJ-01,,,SYJ205+1.012.p,intuitionistic,auto,1,false,,5,0,3,provable,unknown,copy_bound,,two-sided,ILL,332,2,0.048,52,18,17,5,0,0,2048,0.000,0.000,auto,30
lltp,ILL/ILLTP-SYJ-01,,,SYJ205+1.013.p,intuitionistic,auto,1,false,,5,0,3,provable,unknown,copy_bound,,two-sided,ILL,356,2,0.049,52,18,17,5,0,0,2048,0.000,0.000,auto,30
lltp,ILL/ILLTP-SYJ-01,,,SYJ205+1.014.p,intuitionistic,auto,1,false,,5,0,3,provable,unknown,copy_bound,,two-sided,ILL,380,2,0.049,52,18,17,5,0,0,2048,0.000,0.000,auto,30
lltp,ILL/ILLTP-SYJ-01,,,SYJ205+1.015.p,intuitionistic,auto,1,false,,5,0,3,provable,unknown,copy_bound,,two-sided,ILL,404,2,0.046,52,18,17,5,0,0,2048,0.000,0.000,auto,30
lltp,ILL/ILLTP-SYJ-01,,,SYJ205+1.016.p,intuitionistic,auto,1,false,,5,0,3,provable,unknown,copy_bound,,two-sided,ILL,428,2,0.047,52,18,17,5,0,0,2048,0.000,0.000,auto,30
lltp,ILL/ILLTP-SYJ-01,,,SYJ205+1.017.p,intuitionistic,auto,1,false,,5,0,3,provable,unknown,copy_bound,,two-sided,ILL,452,2,0.048,52,18,17,5,0,0,2048,0.000,0.000,auto,30
lltp,ILL/ILLTP-SYJ-01,,,SYJ205+1.018.p,intuitionistic,auto,1,false,,5,0,3,provable,unknown,copy_bound,,two-sided,ILL,476,2,0.049,52,18,17,5,0,0,2048,0.000,0.000,auto,30
lltp,ILL/ILLTP-SYJ-01,,,SYJ205+1.019.p,intuitionistic,auto,1,false,,5,0,3,provable,unknown,copy_bound,,two-sided,ILL,500,2,0.048,52,18,17,5,0,0,2048,0.000,0.000,auto,30
lltp,ILL/ILLTP-SYJ-01,,,SYJ205+1.020.p,intuitionistic,auto,1,false,,5,0,3,provable,unknown,copy_bound,,two-sided,ILL,524,2,0.052,52,18,17,5,0,0,2048,0.000,0.000,auto,30
lltp,ILL/ILLTP-SYJ-01,,,SYJ206+1.001.p,intuitionistic,auto,1,false,,5,0,3,provable,proved,,ok,two-sided,ILL,12,2,0.018,8,0,5,0,0,0,2048,0.000,0.000,auto,30
lltp,ILL/ILLTP-SYJ-01,,,SYJ206+1.002.p,intuitionistic,auto,1,false,,5,0,3,provable,proved,,ok,two-sided,ILL,58,4,0.069,138,38,59,24,0,0,2048,0.000,0.000,auto,30
lltp,ILL/ILLTP-SYJ-01,,,SYJ206+1.003.p,intuitionistic,auto,1,false,,5,0,3,provable,unknown,copy_bound,,two-sided,ILL,150,8,0.118,354,169,100,51,0,0,2048,0.000,0.000,auto,30
lltp,ILL/ILLTP-SYJ-01,,,SYJ206+1.004.p,intuitionistic,auto,1,false,,5,0,3,provable,unknown,copy_bound,,two-sided,ILL,334,16,0.215,654,307,209,82,0,0,2048,0.000,0.000,auto,30
lltp,ILL/ILLTP-SYJ-01,,,SYJ206+1.005.p,intuitionistic,auto,1,false,,5,0,3,provable,unknown,copy_bound,,two-sided,ILL,702,32,0.392,1085,507,372,119,0,0,2048,0.000,0.000,auto,30
lltp,ILL/ILLTP-SYJ-01,,,SYJ206+1.006.p,intuitionistic,auto,1,false,,5,0,3,provable,unknown,copy_bound,,two-sided,ILL,1438,64,0.841,1687,791,605,162,0,0,2048,0.000,0.000,auto,30
lltp,ILL/ILLTP-SYJ-01,,,SYJ206+1.007.p,intuitionistic,auto,1,false,,5,0,3,provable,unknown,copy_bound,,two-sided,ILL,2910,128,1.655,2505,1185,925,211,0,0,2048,0.000,0.002,auto,30
lltp,ILL/ILLTP-SYJ-01,,,SYJ206+1.008.p,intuitionistic,auto,1,false,,5,0,3,provable,unknown,copy_bound,,two-sided,ILL,5854,256,3.459,3590,1719,1351,266,0,0,2048,0.000,0.005,auto,30
lltp,ILL/ILLTP-SYJ-01,,,SYJ206+1.009.p,intuitionistic,auto,1,false,,5,0,3,provable,unknown,copy_bound,,two-sided,ILL,11742,512,8.391,4999,2427,1904,327,0,0,2048,0.000,0.012,auto,30
lltp,ILL/ILLTP-SYJ-01,,,SYJ206+1.010.p,intuitionistic,auto,1,false,,5,0,3,provable,unknown,copy_bound,,two-sided,ILL,23518,1024,20.344,6795,3347,2607,394,0,0,2048,20.000,0.016,auto,30
lltp,ILL/ILLTP-SYJ-01,,,SYJ206+1.011.p,intuitionistic,auto,1,false,,5,0,3,provable,unknown,copy_bound,,two-sided,ILL,47070,2048,52.315,9047,4521,3485,467,0,0,2048,50.000,0.045,auto,30
lltp,ILL/ILLTP-SYJ-01,,,SYJ206+1.012.p,intuitionistic,auto,1,false,,5,0,3,provable,unknown,copy_bound,,two-sided,ILL,94174,4096,142.158,11830,5995,4565,546,0,0,2048,140.000,0.128,auto,30
lltp,ILL/ILLTP-SYJ-01,,,SYJ206+1.013.p,intuitionistic,auto,1,false,,5,0,3,provable,unknown,copy_bound,,two-sided,ILL,188382,8192,358.694,15225,7819,5876,631,0,0,2048,360.000,0.377,auto,30
lltp,ILL/ILLTP-SYJ-01,,,SYJ206+1.014.p,intuitionistic,auto,1,false,,5,0,3,provable,unknown,copy_bound,,two-sided,ILL,376798,16384,942.795,19319,10047,7449,722,0,0,2048,940.000,0.931,auto,30
lltp,ILL/ILLTP-SYJ-01,,,SYJ206+1.015.p,intuitionistic,auto,1,false,,5,0,3,provable,unknown,copy_bound,,two-sided,ILL,753630,32768,2254.855,24205,12737,9317,819,0,0,2048,2250.000,2.548,auto,30
lltp,ILL/ILLTP-SYJ-01,,,SYJ206+1.016.p,intuitionistic,auto,1,false,,5,0,3,provable,unknown,timeout,,two-sided,ILL,1507294,65536,5100.744,27520,14648,10711,717,0,0,2048,5080.000,6.824,auto,30
lltp,ILL/ILLTP-SYJ-01,,,SYJ206+1.017.p,intuitionistic,auto,1,false,,5,0,3,provable,unknown,timeout,,two-sided,ILL,3014622,131072,5051.074,11456,5572,5057,204,0,0,2048,5030.000,8.303,auto,30
lltp,ILL/ILLTP-SYJ-01,,,SYJ206+1.018.p,intuitionistic,auto,1,false,,5,0,3,provable,unknown,timeout,,two-sided,ILL,6029278,262144,5137.839,4544,1962,2250,36,0,0,2048,5120.000,9.007,auto,30
lltp,ILL/ILLTP-SYJ-01,,,SYJ206+1.019.p,intuitionistic,auto,1,false,,5,0,3,provable,unknown,timeout,,two-sided,ILL,12058590,524288,5248.446,1536,483,926,6,0,0,2048,5230.000,10.764,auto,30
lltp,ILL/ILLTP-SYJ-01,,,SYJ206+1.020.p,intuitionistic,auto,1,false,,5,0,,,unknown,killed,,,,,,10590.208,,,,,,,,,,auto,30
lltp,ILL/ILLTP-SYJ-01,,,SYJ207+1.001.p,intuitionistic,auto,1,false,,5,0,3,unprovable,unknown,copy_bound,,two-sided,ILL,58,4,0.074,178,69,45,84,0,0,2048,0.000,0.000,auto,30
lltp,ILL/ILLTP-SYJ-01,,,SYJ207+1.002.p,intuitionistic,auto,1,false,,5,0,3,unprovable,unknown,copy_bound,,two-sided,ILL,138,6,0.192,686,291,217,360,0,0,2048,0.000,0.000,auto,30
lltp,ILL/ILLTP-SYJ-01,,,SYJ207+1.003.p,intuitionistic,auto,1,false,,5,0,3,unprovable,unknown,copy_bound,,two-sided,ILL,250,8,0.431,1734,789,591,972,0,0,2048,0.000,0.000,auto,30
lltp,ILL/ILLTP-SYJ-01,,,SYJ207+1.004.p,intuitionistic,auto,1,false,,5,0,3,unprovable,unknown,copy_bound,,two-sided,ILL,394,10,0.862,3518,1683,1241,2064,0,0,2048,0.000,0.000,auto,30
lltp,ILL/ILLTP-SYJ-01,,,SYJ207+1.005.p,intuitionistic,auto,1,false,,5,0,3,unprovable,unknown,copy_bound,,two-sided,ILL,570,12,1.698,6230,3093,2239,3780,0,0,2048,0.000,0.002,auto,30
lltp,ILL/ILLTP-SYJ-01,,,SYJ207+1.006.p,intuitionistic,auto,1,false,,5,0,3,unprovable,unknown,copy_bound,,two-sided,ILL,778,14,3.277,10062,5139,3657,6264,0,0,2048,0.000,0.008,auto,30
lltp,ILL/ILLTP-SYJ-01,,,SYJ207+1.007.p,intuitionistic,auto,1,false,,5,0,3,unprovable,unknown,copy_bound,,two-sided,ILL,1018,16,4.885,15206,7941,5567,9660,0,0,2048,0.000,0.025,auto,30
lltp,ILL/ILLTP-SYJ-01,,,SYJ207+1.008.p,intuitionistic,auto,1,false,,5,0,3,,unknown,copy_bound,,two-sided,ILL,1290,18,8.433,21854,11619,8041,14112,0,0,2048,0.000,0.017,auto,30
lltp,ILL/ILLTP-SYJ-01,,,SYJ207+1.009.p,intuitionistic,auto,1,false,,5,0,3,,unknown,copy_bound,,two-sided,ILL,1594,20,12.595,30198,16293,11151,19764,0,0,2048,10.000,0.022,auto,30
lltp,ILL/ILLTP-SYJ-01,,,SYJ207+1.010.p,intuitionistic,auto,1,false,,5,0,3,,unknown,copy_bound,,two-sided,ILL,1930,22,21.173,40430,22083,14969,26760,0,0,2048,10.000,0.043,auto,30
lltp,ILL/ILLTP-SYJ-01,,,SYJ207+1.011.p,intuitionistic,auto,1,false,,5,0,3,,unknown,copy_bound,,two-sided,ILL,2298,24,29.983,52742,29109,19567,35244,0,0,2048,20.000,0.045,auto,30
lltp,ILL/ILLTP-SYJ-01,,,SYJ207+1.012.p,intuitionistic,auto,1,false,,5,0,3,,unknown,copy_bound,,two-sided,ILL,2698,26,42.175,67326,37491,25017,45360,0,0,2048,30.000,0.059,auto,30
lltp,ILL/ILLTP-SYJ-01,,,SYJ207+1.013.p,intuitionistic,auto,1,false,,5,0,3,,unknown,copy_bound,,two-sided,ILL,3130,28,65.037,84374,47349,31391,57252,0,0,2048,60.000,0.094,auto,30
lltp,ILL/ILLTP-SYJ-01,,,SYJ207+1.014.p,intuitionistic,auto,1,false,,5,0,3,,unknown,copy_bound,,two-sided,ILL,3594,30,83.678,104078,58803,38761,71064,0,0,2048,80.000,0.183,auto,30
lltp,ILL/ILLTP-SYJ-01,,,SYJ207+1.015.p,intuitionistic,auto,1,false,,5,0,3,,unknown,copy_bound,,two-sided,ILL,4090,32,104.685,126630,71973,47199,86940,0,0,2048,90.000,0.145,auto,30
lltp,ILL/ILLTP-SYJ-01,,,SYJ207+1.016.p,intuitionistic,auto,1,false,,5,0,3,,unknown,copy_bound,,two-sided,ILL,4618,34,132.239,152222,86979,56777,105024,0,0,2048,130.000,0.188,auto,30
lltp,ILL/ILLTP-SYJ-01,,,SYJ207+1.017.p,intuitionistic,auto,1,false,,5,0,3,,unknown,copy_bound,,two-sided,ILL,5178,36,185.223,181046,103941,67567,125460,0,0,2048,180.000,0.204,auto,30
lltp,ILL/ILLTP-SYJ-01,,,SYJ207+1.018.p,intuitionistic,auto,1,false,,5,0,3,,unknown,copy_bound,,two-sided,ILL,5770,38,227.023,213294,122979,79641,148392,0,0,2048,220.000,0.242,auto,30
lltp,ILL/ILLTP-SYJ-01,,,SYJ207+1.019.p,intuitionistic,auto,1,false,,5,0,3,,unknown,copy_bound,,two-sided,ILL,6394,40,275.942,249158,144213,93071,173964,0,0,2048,270.000,0.290,auto,30
lltp,ILL/ILLTP-SYJ-01,,,SYJ207+1.020.p,intuitionistic,auto,1,false,,5,0,3,,unknown,copy_bound,,two-sided,ILL,7050,42,334.043,288830,167763,107929,202320,0,0,2048,330.000,0.344,auto,30
lltp,ILL/ILLTP-SYJ-01,,,SYJ208+1.001.p,intuitionistic,auto,1,false,,5,0,3,unprovable,unknown,copy_bound,,two-sided,ILL,25,1,0.052,95,38,23,50,0,0,2048,0.000,0.000,auto,30
lltp,ILL/ILLTP-SYJ-01,,,SYJ208+1.002.p,intuitionistic,auto,1,false,,5,0,3,unprovable,unknown,copy_bound,,two-sided,ILL,81,2,0.368,1651,878,446,112,0,0,2048,0.000,0.000,auto,30
lltp,ILL/ILLTP-SYJ-01,,,SYJ208+1.003.p,intuitionistic,auto,1,false,,5,0,3,unprovable,unknown,copy_bound,,two-sided,ILL,195,3,2.261,11028,5962,3487,0,0,0,2048,0.000,0.003,auto,30
lltp,ILL/ILLTP-SYJ-01,,,SYJ208+1.004.p,intuitionistic,auto,1,false,,5,0,3,unprovable,unknown,copy_bound,,two-sided,ILL,387,4,10.127,44408,25051,14160,0,0,0,2048,0.000,0.017,auto,30
lltp,ILL/ILLTP-SYJ-01,,,SYJ208+1.005.p,intuitionistic,auto,1,false,,5,0,3,unprovable,unknown,copy_bound,,two-sided,ILL,678,5,39.356,136647,79343,43729,0,0,0,2048,30.000,0.049,auto,30
lltp,ILL/ILLTP-SYJ-01,,,SYJ208+1.006.p,intuitionistic,auto,1,false,,5,0,3,unprovable,unknown,copy_bound,,two-sided,ILL,1089,6,145.533,351228,208348,112510,0,0,0,2048,140.000,0.186,auto,30
lltp,ILL/ILLTP-SYJ-01,,,SYJ208+1.007.p,intuitionistic,auto,1,false,,5,0,3,unprovable,unknown,copy_bound,,two-sided,ILL,1641,7,469.196,793036,478316,253951,0,0,0,2048,450.000,0.563,auto,30
lltp,ILL/ILLTP-SYJ-01,,,SYJ208+1.008.p,intuitionistic,auto,1,false,,5,0,3,unprovable,unknown,copy_bound,,two-sided,ILL,2355,8,1255.654,1623395,992298,519338,0,0,0,2048,1240.000,1.502,auto,30
lltp,ILL/ILLTP-SYJ-01,,,SYJ208+1.009.p,intuitionistic,auto,1,false,,5,0,3,unprovable,unknown,copy_bound,,two-sided,ILL,3252,9,2980.018,3077445,1901827,983221,0,0,0,2048,2960.000,3.689,auto,30
lltp,ILL/ILLTP-SYJ-01,,,SYJ208+1.010.p,intuitionistic,auto,1,false,,5,0,3,unprovable,unknown,recursion_limit,,two-sided,ILL,4353,10,3.713,1532,0,1020,0,0,0,2048,0.000,0.016,auto,30
lltp,ILL/ILLTP-SYJ-01,,,SYJ208+1.011.p,intuitionistic,auto,1,false,,5,0,3,unprovable,unknown,recursion_limit,,two-sided,ILL,5679,22,4.468,1532,0,1020,0,0,0,2048,0.000,0.004,auto,30
lltp,ILL/ILLTP-SYJ-01,,,SYJ208+1.012.p,intuitionistic,auto,1,false,,5,0,3,unprovable,unknown,recursion_limit,,two-sided,ILL,7251,24,6.146,1532,0,1020,0,0,0,2048,0.000,0.015,auto,30
lltp,ILL/ILLTP-SYJ-01,,,SYJ208+1.013.p,intuitionistic,auto,1,false,,5,0,3,unprovable,unknown,recursion_limit,,two-sided,ILL,9090,26,8.509,1532,0,1020,0,0,0,2048,10.000,0.006,auto,30
lltp,ILL/ILLTP-SYJ-01,,,SYJ208+1.014.p,intuitionistic,auto,1,false,,5,0,3,unprovable,unknown,recursion_limit,,two-sided,ILL,11217,28,11.099,1532,0,1020,0,0,0,2048,10.000,0.017,auto,30
lltp,ILL/ILLTP-SYJ-01,,,SYJ208+1.015.p,intuitionistic,auto,1,false,,5,0,3,unprovable,unknown,recursion_limit,,two-sided,ILL,13653,30,15.406,1532,0,1020,0,0,0,2048,10.000,0.021,auto,30
lltp,ILL/ILLTP-SYJ-01,,,SYJ208+1.016.p,intuitionistic,auto,1,false,,5,0,3,unprovable,unknown,recursion_limit,,two-sided,ILL,16419,32,19.554,1532,0,1020,0,0,0,2048,20.000,0.026,auto,30
lltp,ILL/ILLTP-SYJ-01,,,SYJ208+1.017.p,intuitionistic,auto,1,false,,5,0,3,unprovable,unknown,recursion_limit,,two-sided,ILL,19536,34,25.817,1532,0,1020,0,0,0,2048,20.000,0.027,auto,30
lltp,ILL/ILLTP-SYJ-01,,,SYJ208+1.018.p,intuitionistic,auto,1,false,,5,0,3,,unknown,recursion_limit,,two-sided,ILL,23025,36,34.356,1532,0,1020,0,0,0,2048,30.000,0.023,auto,30
lltp,ILL/ILLTP-SYJ-01,,,SYJ208+1.019.p,intuitionistic,auto,1,false,,5,0,3,,unknown,recursion_limit,,two-sided,ILL,26907,38,44.236,1532,0,1020,0,0,0,2048,40.000,0.036,auto,30
lltp,ILL/ILLTP-SYJ-01,,,SYJ208+1.020.p,intuitionistic,auto,1,false,,5,0,3,,unknown,recursion_limit,,two-sided,ILL,31203,40,57.806,1532,0,1020,0,0,0,2048,60.000,0.034,auto,30
lltp,ILL/ILLTP-SYJ-01,,,SYJ209+1.001.p,intuitionistic,auto,1,false,,5,0,3,unprovable,unprovable,,,two-sided,ILL,23,2,0.020,14,4,5,5,0,0,2048,0.000,0.000,auto,30
lltp,ILL/ILLTP-SYJ-01,,,SYJ209+1.002.p,intuitionistic,auto,1,false,,5,0,3,unprovable,unknown,copy_bound,,two-sided,ILL,34,2,0.045,76,20,20,24,0,0,2048,0.000,0.000,auto,30
lltp,ILL/ILLTP-SYJ-01,,,SYJ209+1.003.p,intuitionistic,auto,1,false,,5,0,3,unprovable,unknown,copy_bound,,two-sided,ILL,45,3,0.077,172,38,55,43,0,0,2048,0.000,0.000,auto,30
lltp,ILL/ILLTP-SYJ-01,,,SYJ209+1.004.p,intuitionistic,auto,1,false,,5,0,3,unprovable,unknown,copy_bound,,two-sided,ILL,56,4,0.118,328,66,121,68,0,0,2048,0.000,0.000,auto,30
lltp,ILL/ILLTP-SYJ-01,,,SYJ209+1.005.p,intuitionistic,auto,1,false,,5,0,3,unprovable,unknown,copy_bound,,two-sided,ILL,67,5,0.176,557,106,227,99,0,0,2048,0.000,0.000,auto,30
lltp,ILL/ILLTP-SYJ-01,,,SYJ209+1.006.p,intuitionistic,auto,1,false,,5,0,3,unprovable,unknown,copy_bound,,two-sided,ILL,78,6,0.241,872,160,382,136,0,0,2048,0.000,0.000,auto,30
lltp,ILL/ILLTP-SYJ-01,,,SYJ209+1.007.p,intuitionistic,auto,1,false,,5,0,3,unprovable,unknown,copy_bound,,two-sided,ILL,89,7,0.341,1286,230,595,179,0,0,2048,0.000,0.000,auto,30
lltp,ILL/ILLTP-SYJ-01,,,SYJ209+1.008.p,intuitionistic,auto,1,false,,5,0,3,unprovable,unknown,copy_bound,,two-sided,ILL,100,8,0.452,1812,318,875,228,0,0,2048,0.000,0.000,auto,30
lltp,ILL/ILLTP-SYJ-01,,,SYJ209+1.009.p,intuitionistic,auto,1,false,,5,0,3,unprovable,unknown,copy_bound,,two-sided,ILL,111,9,0.597,2463,426,1231,283,0,0,2048,0.000,0.000,auto,30
lltp,ILL/ILLTP-SYJ-01,,,SYJ209+1.010.p,intuitionistic,auto,1,false,,5,0,3,unprovable,unknown,copy_bound,,two-sided,ILL,122,10,0.727,3252,556,1672,344,0,0,2048,0.000,0.000,auto,30
lltp,ILL/ILLTP-SYJ-01,,,SYJ209+1.011.p,intuitionistic,auto,1,false,,5,0,3,,unknown,copy_bound,,two-sided,ILL,133,11,1.074,4192,710,2207,411,0,0,2048,0.000,0.000,auto,30
lltp,ILL/ILLTP-SYJ-01,,,SYJ209+1.012.p,intuitionistic,auto,1,false,,5,0,3,,unknown,copy_bound,,two-sided,ILL,144,12,1.263,5296,890,2845,484,0,0,2048,0.000,0.000,auto,30
lltp,ILL/ILLTP-SYJ-01,,,SYJ209+1.013.p,intuitionistic,auto,1,false,,5,0,3,,unknown,copy_bound,,two-sided,ILL,155,13,1.706,6577,1098,3595,563,0,0,2048,0.000,0.003,auto,30
lltp,ILL/ILLTP-SYJ-01,,,SYJ209+1.014.p,intuitionistic,auto,1,false,,5,0,3,,unknown,copy_bound,,two-sided,ILL,166,14,1.947,8048,1336,4466,648,0,0,2048,0.000,0.003,auto,30
lltp,ILL/ILLTP-SYJ-01,,,SYJ209+1.015.p,intuitionistic,auto,1,false,,5,0,3,,unknown,copy_bound,,two-sided,ILL,177,15,2.367,9722,1606,5467,739,0,0,2048,0.000,0.032,auto,30
lltp,ILL/ILLTP-SYJ-01,,,SYJ209+1.016.p,intuitionistic,auto,1,false,,5,0,3,,unknown,copy_bound,,two-sided,ILL,188,16,2.739,11612,1910,6607,836,0,0,2048,0.000,0.003,auto,30
lltp,ILL/ILLTP-SYJ-01,,,SYJ209+1.017.p,intuitionistic,auto,1,false,,5,0,3,,unknown,copy_bound,,two-sided,ILL,199,17,3.739,13731,2250,7895,939,0,0,2048,0.000,0.004,auto,30
lltp,ILL/ILLTP-SYJ-01,,,SYJ209+1.018.p,intuitionistic,auto,1,false,,5,0,3,,unknown,copy_bound,,two-sided,ILL,210,18,4.163,16092,2628,9340,1048,0,0,2048,0.000,0.004,auto,30
lltp,ILL/ILLTP-SYJ-01,,,SYJ209+1.019.p,intuitionistic,auto,1,false,,5,0,3,,unknown,copy_bound,,two-sided,ILL,221,19,4.842,18708,3046,10951,1163,0,0,2048,0.000,0.010,auto,30
lltp,ILL/ILLTP-SYJ-01,,,SYJ209+1.020.p,intuitionistic,auto,1,false,,5,0,3,,unknown,copy_bound,,two-sided,ILL,232,20,5.493,21592,3506,12737,1284,0,0,2048,0.000,0.010,auto,30
lltp,ILL/ILLTP-SYJ-01,,,SYJ210+1.001.p,intuitionistic,auto,1,false,,5,0,3,unprovable,unknown,copy_bound,,two-sided,ILL,21,2,0.030,34,11,8,23,0,0,2048,0.000,0.000,auto,30
lltp,ILL/ILLTP-SYJ-01,,,SYJ210+1.002.p,intuitionistic,auto,1,false,,5,0,3,unprovable,unknown,copy_bound,,two-sided,ILL,31,2,0.034,55,25,11,43,0,0,2048,0.000,0.000,auto,30
lltp,ILL/ILLTP-SYJ-01,,,SYJ210+1.003.p,intuitionistic,auto,1,false,,5,0,3,unprovable,unknown,copy_bound,,two-sided,ILL,41,2,0.036,82,45,14,69,0,0,2048,0.000,0.000,auto,30
lltp,ILL/ILLTP-SYJ-01,,,SYJ210+1.004.p,intuitionistic,auto,1,false,,5,0,3,unprovable,unknown,copy_bound,,two-sided,ILL,51,2,0.041,115,71,17,101,0,0,2048,0.000,0.000,auto,30
lltp,ILL/ILLTP-SYJ-01,,,SYJ210+1.005.p,intuitionistic,auto,1,false,,5,0,3,unprovable,unknown,copy_bound,,two-sided,ILL,61,2,0.049,154,103,20,139,0,0,2048,0.000,0.000,auto,30
lltp,ILL/ILLTP-SYJ-01,,,SYJ210+1.006.p,intuitionistic,auto,1,false,,5,0,3,unprovable,unknown,copy_bound,,two-sided,ILL,71,2,0.052,199,141,23,183,0,0,2048,0.000,0.000,auto,30
lltp,ILL/ILLTP-SYJ-01,,,SYJ210+1.007.p,intuitionistic,auto,1,false,,5,0,3,unprovable,unknown,copy_bound,,two-sided,ILL,81,2,0.059,250,185,26,233,0,0,2048,0.000,0.000,auto,30
lltp,ILL/ILLTP-SYJ-01,,,SYJ210+1.008.p,intuitionistic,auto,1,false,,5,0,3,unprovable,unknown,copy_bound,,two-sided,ILL,91,2,0.067,307,235,29,289,0,0,2048,0.000,0.000,auto,30
lltp,ILL/ILLTP-SYJ-01,,,SYJ210+1.009.p,intuitionistic,auto,1,false,,5,0,3,unprovable,unknown,copy_bound,,two-sided,ILL,101,2,0.073,370,291,32,351,0,0,2048,0.000,0.000,auto,30
lltp,ILL/ILLTP-SYJ-01,,,SYJ210+1.010.p,intuitionistic,auto,1,false,,5,0,3,unprovable,unknown,copy_bound,,two-sided,ILL,111,2,0.082,439,353,35,419,0,0,2048,0.000,0.000,auto,30
lltp,ILL/ILLTP-SYJ-01,,,SYJ210+1.011.p,intuitionistic,auto,1,false,,5,0,3,unprovable,unknown,copy_bound,,two-sided,ILL,121,2,0.090,514,421,38,493,0,0,2048,0.000,0.000,auto,30
lltp,ILL/ILLTP-SYJ-01,,,SYJ210+1.012.p,intuitionistic,auto,1,false,,5,0,3,unprovable,unknown,copy_bound,,two-sided,ILL,131,2,0.103,595,495,41,573,0,0,2048,0.000,0.000,auto,30
lltp,ILL/ILLTP-SYJ-01,,,SYJ210+1.013.p,intuitionistic,auto,1,false,,5,0,3,unprovable,unknown,copy_bound,,two-sided,ILL,141,2,0.108,682,575,44,659,0,0,2048,0.000,0.000,auto,30
lltp,ILL/ILLTP-SYJ-01,,,SYJ210+1.014.p,intuitionistic,auto,1,false,,5,0,3,unprovable,unknown,copy_bound,,two-sided,ILL,151,2,0.120,775,661,47,751,0,0,2048,0.000,0.000,auto,30
lltp,ILL/ILLTP-SYJ-01,,,SYJ210+1.015.p,intuitionistic,auto,1,false,,5,0,3,unprovable,unknown,copy_bound,,two-sided,ILL,161,2,0.126,874,753,50,849,0,0,2048,0.000,0.000,auto,30
lltp,ILL/ILLTP-SYJ-01,,,SYJ210+1.016.p,intuitionistic,auto,1,false,,5,0,3,unprovable,unknown,copy_bound,,two-sided,ILL,171,2,0.143,979,851,53,953,0,0,2048,0.000,0.000,auto,30
lltp,ILL/ILLTP-SYJ-01,,,SYJ210+1.017.p,intuitionistic,auto,1,false,,5,0,3,unprovable,unknown,copy_bound,,two-sided,ILL,181,2,0.148,1090,955,56,1063,0,0,2048,0.000,0.000,auto,30
lltp,ILL/ILLTP-SYJ-01,,,SYJ210+1.018.p,intuitionistic,auto,1,false,,5,0,3,unprovable,unknown,copy_bound,,two-sided,ILL,191,2,0.171,1207,1065,59,1179,0,0,2048,0.000,0.000,auto,30
lltp,ILL/ILLTP-SYJ-01,,,SYJ210+1.019.p,intuitionistic,auto,1,false,,5,0,3,unprovable,unknown,copy_bound,,two-sided,ILL,201,2,0.180,1330,1181,62,1301,0,0,2048,0.000,0.000,auto,30
lltp,ILL/ILLTP-SYJ-01,,,SYJ210+1.020.p,intuitionistic,auto,1,false,,5,0,3,unprovable,unknown,copy_bound,,two-sided,ILL,211,2,0.214,1459,1303,65,1429,0,0,2048,0.000,0.000,auto,30
lltp,ILL/ILLTP-SYJ-01,,,SYJ211+1.001.p,intuitionistic,auto,1,false,,5,0,3,unprovable,unknown,copy_bound,,two-sided,ILL,43,2,0.026,37,22,6,27,0,0,2048,0.000,0.000,auto,30
lltp,ILL/ILLTP-SYJ-01,,,SYJ211+1.002.p,intuitionistic,auto,1,false,,5,0,3,unprovable,unknown,copy_bound,,two-sided,ILL,61,2,0.026,57,38,8,44,0,0,2048,0.000,0.000,auto,30
lltp,ILL/ILLTP-SYJ-01,,,SYJ211+1.003.p,intuitionistic,auto,1,false,,5,0,3,unprovable,unknown,copy_bound,,two-sided,ILL,79,2,0.030,81,58,10,65,0,0,2048,0.000,0.000,auto,30
lltp,ILL/ILLTP-SYJ-01,,,SYJ211+1.004.p,intuitionistic,auto,1,false,,5,0,3,unprovable,unknown,copy_bound,,two-sided,ILL,97,2,0.033,109,82,12,90,0,0,2048,0.000,0.000,auto,30
lltp,ILL/ILLTP-SYJ-01,,,SYJ211+1.005.p,intuitionistic,auto,1,false,,5,0,3,unprovable,unknown,copy_bound,,two-sided,ILL,115,2,0.039,141,110,14,119,0,0,2048,0.000,0.000,auto,30
lltp,ILL/ILLTP-SYJ-01,,,SYJ211+1.006.p,intuitionistic,auto,1,false,,5,0,3,unprovable,unknown,copy_bound,,two-sided,ILL,133,2,0.046,177,142,16,152,0,0,2048,0.000,0.000,auto,30
lltp,ILL/ILLTP-SYJ-01,,,SYJ211+1.007.p,intuitionistic,auto,1,false,,5,0,3,unprovable,unknown,copy_bound,,two-sided,ILL,151,2,0.049,217,178,18,189,0,0,2048,0.000,0.000,auto,30
lltp,ILL/ILLTP-SYJ-01,,,SYJ211+1.008.p,intuitionistic,auto,1,false,,5,0,3,unprovable,unknown,copy_bound,,two-sided,ILL,169,2,0.056,261,218,20,230,0,0,2048,0.000,0.000,auto,30
lltp,ILL/ILLTP-SYJ-01,,,SYJ211+1.009.p,intuitionistic,auto,1,false,,5,0,3,unprovable,unknown,copy_bound,,two-sided,ILL,187,2,0.059,309,262,22,275,0,0,2048,0.000,0.000,auto,30
lltp,ILL/ILLTP-SYJ-01,,,SYJ211+1.010.p,intuitionistic,auto,1,false,,5,0,3,unprovable,unknown,copy_bound,,two-sided,ILL,205,2,0.063,361,310,24,324,0,0,2048,0.000,0.000,auto,30
lltp,ILL/ILLTP-SYJ-01,,,SYJ211+1.011.p,intuitionistic,auto,1,false,,5,0,3,unprovable,unknown,copy_bound,,two-sided,ILL,223,2,0.070,417,362,26,377,0,0,2048,0.000,0.000,auto,30
lltp,ILL/ILLTP-SYJ-01,,,SYJ211+1.012.p,intuitionistic,auto,1,false,,5,0,3,unprovable,unknown,copy_bound,,two-sided,ILL,241,2,0.080,477,418,28,434,0,0,2048,0.000,0.000,auto,30
lltp,ILL/ILLTP-SYJ-01,,,SYJ211+1.013.p,intuitionistic,auto,1,false,,5,0,3,unprovable,unknown,copy_bound,,two-sided,ILL,259,2,0.090,541,478,30,495,0,0,2048,0.000,0.000,auto,30
lltp,ILL/ILLTP-SYJ-01,,,SYJ211+1.014.p,intuitionistic,auto,1,false,,5,0,3,unprovable,unknown,copy_bound,,two-sided,ILL,277,2,0.093,609,542,32,560,0,0,2048,0.000,0.000,auto,30
lltp,ILL/ILLTP-SYJ-01,,,SYJ211+1.015.p,intuitionistic,auto,1,false,,5,0,3,unprovable,unknown,copy_bound,,two-sided,ILL,295,2,0.142,681,610,34,629,0,0,2048,0.000,0.007,auto,30
lltp,ILL/ILLTP-SYJ-01,,,SYJ211+1.016.p,intuitionistic,auto,1,false,,5,0,3,unprovable,unknown,copy_bound,,two-sided,ILL,313,2,0.114,757,682,36,702,0,0,2048,0.000,0.000,auto,30
lltp,ILL/ILLTP-SYJ-01,,,SYJ211+1.017.p,intuitionistic,auto,1,false,,5,0,3,unprovable,unknown,copy_bound,,two-sided,ILL,331,2,0.123,837,758,38,779,0,0,2048,0.000,0.000,auto,30
lltp,ILL/ILLTP-SYJ-01,,,SYJ211+1.018.p,intuitionistic,auto,1,false,,5,0,3,unprovable,unknown,copy_bound,,two-sided,ILL,349,2,0.132,921,838,40,860,0,0,2048,0.000,0.000,auto,30
lltp,ILL/ILLTP-SYJ-01,,,SYJ211+1.019.p,intuitionistic,auto,1,false,,5,0,3,unprovable,unknown,copy_bound,,two-sided,ILL,367,2,0.144,1009,922,42,945,0,0,2048,0.000,0.000,auto,30
lltp,ILL/ILLTP-SYJ-01,,,SYJ211+1.020.p,intuitionistic,auto,1,false,,5,0,3,unprovable,unknown,copy_bound,,two-sided,ILL,385,2,0.149,1101,1010,44,1034,0,0,2048,0.000,0.000,auto,30
lltp,ILL/ILLTP-SYJ-01,,,SYJ212+1.001.p,intuitionistic,auto,1,false,,5,0,3,unprovable,unknown,copy_bound,,two-sided,ILL,25,2,0.030,44,17,12,9,0,0,2048,0.000,0.000,auto,30
lltp,ILL/ILLTP-SYJ-01,,,SYJ212+1.002.p,intuitionistic,auto,1,false,,5,0,3,unprovable,unknown,copy_bound,,two-sided,ILL,82,4,0.065,124,33,37,43,0,0,2048,0.000,0.000,auto,30
lltp,ILL/ILLTP-SYJ-01,,,SYJ212+1.003.p,intuitionistic,auto,1,false,,5,0,3,unprovable,unknown,copy_bound,,two-sided,ILL,198,8,0.115,328,161,89,51,0,0,2048,0.000,0.000,auto,30
lltp,ILL/ILLTP-SYJ-01,,,SYJ212+1.004.p,intuitionistic,auto,1,false,,5,0,3,unprovable,unknown,copy_bound,,two-sided,ILL,430,16,0.211,641,304,201,82,0,0,2048,0.000,0.000,auto,30
lltp,ILL/ILLTP-SYJ-01,,,SYJ212+1.005.p,intuitionistic,auto,1,false,,5,0,3,unprovable,unknown,copy_bound,,two-sided,ILL,894,32,0.414,1069,504,361,118,0,0,2048,0.000,0.000,auto,30
lltp,ILL/ILLTP-SYJ-01,,,SYJ212+1.006.p,intuitionistic,auto,1,false,,5,0,3,unprovable,unknown,copy_bound,,two-sided,ILL,1822,64,0.906,1669,788,592,161,0,0,2048,0.000,0.000,auto,30
lltp,ILL/ILLTP-SYJ-01,,,SYJ212+1.007.p,intuitionistic,auto,1,false,,5,0,3,unprovable,unknown,copy_bound,,two-sided,ILL,3678,128,1.762,2485,1182,910,210,0,0,2048,0.000,0.003,auto,30
lltp,ILL/ILLTP-SYJ-01,,,SYJ212+1.008.p,intuitionistic,auto,1,false,,5,0,3,unprovable,unknown,copy_bound,,two-sided,ILL,7390,256,3.924,3568,1716,1334,265,0,0,2048,0.000,0.003,auto,30
lltp,ILL/ILLTP-SYJ-01,,,SYJ212+1.009.p,intuitionistic,auto,1,false,,5,0,3,unprovable,unknown,copy_bound,,two-sided,ILL,14814,512,10.327,4975,2424,1885,326,0,0,2048,10.000,0.013,auto,30
lltp,ILL/ILLTP-SYJ-01,,,SYJ212+1.010.p,intuitionistic,auto,1,false,,5,0,3,unprovable,unknown,copy_bound,,two-sided,ILL,29662,1024,25.955,6769,3344,2586,393,0,0,2048,20.000,0.031,auto,30
lltp,ILL/ILLTP-SYJ-01,,,SYJ212+1.011.p,intuitionistic,auto,1,false,,5,0,3,unprovable,unknown,copy_bound,,two-sided,ILL,59358,2048,67.191,9019,4518,3462,466,0,0,2048,60.000,0.059,auto,30
lltp,ILL/ILLTP-SYJ-01,,,SYJ212+1.012.p,intuitionistic,auto,1,false,,5,0,3,unprovable,unknown,copy_bound,,two-sided,ILL,118750,4096,182.432,11800,5992,4540,545,0,0,2048,180.000,0.190,auto,30
lltp,ILL/ILLTP-SYJ-01,,,SYJ212+1.013.p,intuitionistic,auto,1,false,,5,0,3,unprovable,unknown,copy_bound,,two-sided,ILL,237534,8192,450.085,15193,7816,5849,630,0,0,2048,450.000,0.448,auto,30
lltp,ILL/ILLTP-SYJ-01,,,SYJ212+1.014.p,intuitionistic,auto,1,false,,5,0,3,unprovable,unknown,copy_bound,,two-sided,ILL,475102,16384,1221.786,19285,10044,7420,721,0,0,2048,1220.000,1.160,auto,30
lltp,ILL/ILLTP-SYJ-01,,,SYJ212+1.015.p,intuitionistic,auto,1,false,,5,0,3,unprovable,unknown,copy_bound,,two-sided,ILL,950238,32768,2935.209,24169,12734,9286,818,0,0,2048,2930.000,3.649,auto,30
lltp,ILL/ILLTP-SYJ-01,,,SYJ212+1.016.p,intuitionistic,auto,1,false,,5,0,3,unprovable,unknown,timeout,,two-sided,ILL,1900510,65536,5087.570,20800,10981,8282,468,0,0,2048,5070.000,7.364,auto,30
lltp,ILL/ILLTP-SYJ-01,,,SYJ212+1.017.p,intuitionistic,auto,1,false,,5,0,3,unprovable,unknown,timeout,,two-sided,ILL,3801054,131072,5118.199,7680,3450,3631,133,0,0,2048,5090.000,9.071,auto,30
lltp,ILL/ILLTP-SYJ-01,,,SYJ212+1.018.p,intuitionistic,auto,1,false,,5,0,3,unprovable,unknown,timeout,,two-sided,ILL,7602142,262144,5171.923,3264,1343,1688,20,0,0,2048,5130.000,10.220,auto,30
lltp,ILL/ILLTP-SYJ-01,,,SYJ212+1.019.p,intuitionistic,auto,1,false,,5,0,,,unknown,killed,,,,,,10635.132,,,,,,,,,,auto,30
lltp,ILL/ILLTP-SYJ-01,,,SYJ212+1.020.p,intuitionistic,auto,1,false,,5,0,,,unknown,killed,,,,,,10591.004,,,,,,,,,,auto,30
lltp,ILL/ILLTP-SYJ-cbn,,,SYJ101+1.p,intuitionistic,auto,1,false,,5,0,3,provable,proved,,ok,two-sided,IMELL,3,1,0.011,2,0,1,0,0,0,2048,0.000,0.000,auto,30
lltp,ILL/ILLTP-SYJ-cbn,,,SYJ102+1.p,intuitionistic,auto,1,false,,5,0,3,provable,proved,,ok,two-sided,ILL,9,1,0.018,8,1,3,3,0,0,2048,0.000,0.000,auto,30
lltp,ILL/ILLTP-SYJ-cbn,,,SYJ103+1.p,intuitionistic,auto,1,false,,5,0,3,provable,unknown,copy_bound,,two-sided,ILL,23,2,0.039,67,27,18,18,0,0,2048,0.000,0.000,auto,30
lltp,ILL/ILLTP-SYJ-cbn,,,SYJ104+1.p,intuitionistic,auto,1,false,,5,0,3,provable,proved,,ok,two-sided,IMELL,9,1,0.063,6,0,3,2,0,0,2048,0.000,0.012,auto,30
lltp,ILL/ILLTP-SYJ-cbn,,,SYJ105+1.002.p,intuitionistic,auto,1,false,,5,0,3,provable,proved,,ok,two-sided,ILL,14,1,0.025,22,4,7,8,0,0,2048,0.000,0.000,auto,30
lltp,ILL/ILLTP-SYJ-cbn,,,SYJ105+1.003.p,intuitionistic,auto,1,false,,5,0,3,provable,unknown,copy_bound,,two-sided,ILL,23,2,0.031,34,10,9,12,0,0,2048,0.000,0.000,auto,30
lltp,ILL/ILLTP-SYJ-cbn,,,SYJ105+1.004.p,intuitionistic,auto,1,false,,5,0,3,provable,unknown,copy_bound,,two-sided,ILL,32,2,0.034,34,10,9,12,0,0,2048,0.000,0.000,auto,30
lltp,ILL/ILLTP-SYJ-cbn,,,SYJ106+1.p,intuitionistic,auto,1,false,,5,0,3,provable,unknown,copy_bound,,two-sided,ILL,38,2,0.101,82,20,38,60,0,0,2048,0.000,0.012,auto,30
lltp,ILL/ILLTP-SYJ-cbn,,,SYJ107+1.001.p,intuitionistic,auto,1,false,,5,0,3,provable,proved,,ok,two-sided,ILL,19,2,0.055,97,31,37,0,0,0,2048,0.000,0.000,auto,30
lltp,ILL/ILLTP-SYJ-cbn,,,SYJ107+1.002.p,intuitionistic,auto,1,false,,5,0,3,provable,unknown,copy_bound,,two-sided,ILL,38,2,0.071,204,105,47,50,0,0,2048,0.000,0.000,auto,30
lltp,ILL/ILLTP-SYJ-cbn,,,SYJ107+1.003.p,intuitionistic,auto,1,false,,5,0,3,provable,unknown,copy_bound,,two-sided,ILL,57,2,0.099,364,223,67,144,0,0,2048,0.000,0.000,auto,30
lltp,ILL/ILLTP-SYJ-cbn,,,SYJ107+1.004.p,intuitionistic,auto,1,false,,5,0,3,provable,unknown,copy_bound,,two-sided,ILL,76,2,0.133,568,385,87,282,0,0,2048,0.000,0.000,auto,30
lltp,ILL/ILLTP-SYJ-cbn,,,SYJ201+1.001.p,intuitionistic,auto,1,false,,5,0,3,provable,unknown,copy_bound,,two-sided,ILL,56,5,0.046,80,24,38,54,0,0,2048,0.000,0.000,auto,30
lltp,ILL/ILLTP-SYJ-cbn,,,SYJ201+1.002.p,intuitionistic,auto,1,false,,5,0,3,provable,unknown,copy_bound,,two-sided,ILL,114,7,0.105,250,85,127,190,0,0,2048,0.000,0.000,auto,30
lltp,ILL/ILLTP-SYJ-cbn,,,SYJ201+1.003.p,intuitionistic,auto,1,false,,5,0,3,provable,unknown,copy_bound,,two-sided,ILL,188,9,0.204,572,210,296,462,0,0,2048,0.000,0.000,auto,30
lltp,ILL/ILLTP-SYJ-cbn,,,SYJ201+1.004.p,intuitionistic,auto,1,false,,5,0,3,provable,unknown,copy_bound,,two-sided,ILL,278,11,0.392,1094,423,569,918,0,0,2048,0.000,0.000,auto,30
lltp,ILL/ILLTP-SYJ-cbn,,,SYJ201+1.005.p,intuitionistic,auto,1,false,,5,0,3,provable,unknown,copy_bound,,two-sided,ILL,384,13,0.645,1864,748,970,1606,0,0,2048,0.000,0.000,auto,30
lltp,ILL/ILLTP-SYJ-cbn,,,SYJ201+1.006.p,intuitionistic,auto,1,false,,5,0,3,provable,unknown,copy_bound,,two-sided,ILL,506,15,0.982,2930,1209,1523,2574,0,0,2048,0.000,0.007,auto,30
lltp,ILL/ILLTP-SYJ-cbn,,,SYJ201+1.007.p,intuitionistic,auto,1,false,,5,0,3,provable,unknown,copy_bound,,two-sided,ILL,644,17,1.623,4340,1830,2252,3870,0,0,2048,0.000,0.002,auto,30
lltp,ILL/ILLTP-SYJ-cbn,,,SYJ201+1.008.p,intuitionistic,auto,1,false,,5,0,3,provable,unknown,copy_bound,,two-sided,ILL,798,19,2.335,6142,2635,3181,5542,0,0,2048,0.000,0.005,auto,30
lltp,ILL/ILLTP-SYJ-cbn,,,SYJ201+1.009.p,intuitionistic,auto,1,false,,5,0,3,provable,unknown,copy_bound,,two-sided,ILL,968,21,3.957,8384,3648,4334,7638,0,0,2048,0.000,0.013,auto,30
lltp,ILL/ILLTP-SYJ-cbn,,,SYJ201+1.010.p,intuitionistic,auto,1,false,,5,0,3,provable,unknown,copy_bound,,two-sided,ILL,1154,23,5.587,11114,4893,5735,10206,0,0,2048,0.000,0.007,auto,30
lltp,ILL/ILLTP-SYJ-cbn,,,SYJ201+1.011.p,intuitionistic,auto,1,false,,5,0,3,provable,unknown,copy_bound,,two-sided,ILL,1356,25,8.450,14380,6394,7408,13294,0,0,2048,0.000,0.022,auto,30
lltp,ILL/ILLTP-SYJ-cbn,,,SYJ201+1.012.p,intuitionistic,auto,1,false,,5,0,3,provable,unknown,copy_bound,,two-sided,ILL,1574,27,11.047,18230,8175,9377,16950,0,0,2048,10.000,0.012,auto,30
lltp,ILL/ILLTP-SYJ-cbn,,,SYJ201+1.013.p,intuitionistic,auto,1,false,,5,0,3,provable,unknown,copy_bound,,two-sided,ILL,1808,29,15.447,22712,10260,11666,21222,0,0,2048,10.000,0.041,auto,30
lltp,ILL/ILLTP-SYJ-cbn,,,SYJ201+1.014.p,intuitionistic,auto,1,false,,5,0,3,provable,unknown,copy_bound,,two-sided,ILL,2058,31,18.752,27874,12673,14299,26158,0,0,2048,10.000,0.028,auto,30
lltp,ILL/ILLTP-SYJ-cbn,,,SYJ201+1.015.p,intuitionistic,auto,1,false,,5,0,3,provable,unknown,copy_bound,,two-sided,ILL,2324,33,27.108,33764,15438,17300,31806,0,0,2048,20.000,0.518,auto,30
lltp,ILL/ILLTP-SYJ-cbn,,,SYJ201+1.016.p,intuitionistic,auto,1,false,,5,0,3,provable,unknown,copy_bound,,two-sided,ILL,2606,35,32.831,40430,18579,20693,38214,0,0,2048,20.000,0.043,auto,30
lltp,ILL/ILLTP-SYJ-cbn,,,SYJ201+1.017.p,intuitionistic,auto,1,false,,5,0,3,provable,unknown,copy_bound,,two-sided,ILL,2904,37,43.880,47920,22120,24502,45430,0,0,2048,30.000,0.065,auto,30
lltp,ILL/ILLTP-SYJ-cbn,,,SYJ201+1.018.p,intuitionistic,auto,1,false,,5,0,3,provable,unknown,copy_bound,,two-sided,ILL,3218,39,62.676,56282,26085,28751,53502,0,0,2048,50.000,0.096,auto,30
lltp,ILL/ILLTP-SYJ-cbn,,,SYJ201+1.019.p,intuitionistic,auto,1,false,,5,0,3,provable,unknown,copy_bound,,two-sided,ILL,3548,41,73.508,65564,30498,33464,62478,0,0,2048,70.000,0.098,auto,30
lltp,ILL/ILLTP-SYJ-cbn,,,SYJ201+1.020.p,intuitionistic,auto,1,false,,5,0,3,provable,unknown,copy_bound,,two-sided,ILL,3894,43,87.362,75814,35383,38665,72406,0,0,2048,80.000,0.113,auto,30
lltp,ILL/ILLTP-SYJ-cbn,,,SYJ202+1.001.p,intuitionistic,auto,1,false,,5,0,3,provable,proved,,ok,two-sided,ILL,9,1,0.013,5,0,3,0,0,0,2048,0.000,0.000,auto,30
lltp,ILL/ILLTP-SYJ-cbn,,,SYJ202+1.002.p,intuitionistic,auto,1,false,,5,0,3,provable,unknown,copy_bound,,two-sided,ILL,51,2,0.244,988,472,303,0,0,0,2048,0.000,0.000,auto,30
lltp,ILL/ILLTP-SYJ-cbn,,,SYJ202+1.003.p,intuitionistic,auto,1,false,,5,0,3,provable,unknown,copy_bound,,two-sided,ILL,145,3,1.535,7296,3886,2353,0,0,0,2048,0.000,0.000,auto,30
lltp,ILL/ILLTP-SYJ-cbn,,,SYJ202+1.004.p,intuitionistic,auto,1,false,,5,0,3,provable,unknown,copy_bound,,two-sided,ILL,307,4,6.682,29478,16481,9520,0,0,0,2048,0.000,0.014,auto,30
lltp,ILL/ILLTP-SYJ-cbn,,,SYJ202+1.005.p,intuitionistic,auto,1,false,,5,0,3,provable,unknown,copy_bound,,two-sided,ILL,555,5,26.544,90807,52403,29329,0,0,0,2048,20.000,0.039,auto,30
lltp,ILL/ILLTP-SYJ-cbn,,,SYJ202+1.006.p,intuitionistic,auto,1,false,,5,0,3,provable,unknown,copy_bound,,two-sided,ILL,907,6,85.538,233523,137893,75340,0,0,0,2048,70.000,0.122,auto,30
lltp,ILL/ILLTP-SYJ-cbn,,,SYJ202+1.007.p,intuitionistic,auto,1,false,,5,0,3,provable,unknown,copy_bound,,two-sided,ILL,1381,7,271.169,527428,316980,169867,0,0,0,2048,260.000,0.320,auto,30
lltp,ILL/ILLTP-SYJ-cbn,,,SYJ202+1.008.p,intuitionistic,auto,1,false,,5,0,3,provable,unknown,copy_bound,,two-sided,ILL,1995,8,683.722,1079903,658182,347114,0,0,0,2048,670.000,0.991,auto,30
lltp,ILL/ILLTP-SYJ-cbn,,,SYJ202+1.009.p,intuitionistic,auto,1,false,,5,0,3,provable,unknown,copy_bound,,two-sided,ILL,2767,9,1692.865,2047485,1262287,656791,0,0,0,2048,1680.000,1.992,auto,30
lltp,ILL/ILLTP-SYJ-cbn,,,SYJ202+1.010.p,intuitionistic,auto,1,false,,5,0,3,,unknown,recursion_limit,,two-sided,ILL,3715,10,2.710,1023,0,511,0,0,0,2048,0.000,0.006,auto,30
lltp,ILL/ILLTP-SYJ-cbn,,,SYJ202+1.011.p,intuitionistic,auto,1,false,,5,0,3,,unknown,recursion_limit,,two-sided,ILL,4857,22,3.531,1023,0,511,0,0,0,2048,0.000,0.004,auto,30
lltp,ILL/ILLTP-SYJ-cbn,,,SYJ202+1.012.p,intuitionistic,auto,1,false,,5,0,3,,unknown,recursion_limit,,two-sided,ILL,6211,24,4.799,1023,0,511,0,0,0,2048,0.000,0.014,auto,30
lltp,ILL/ILLTP-SYJ-cbn,,,SYJ202+1.013.p,intuitionistic,auto,1,false,,5,0,3,,unknown,recursion_limit,,two-sided,ILL,7795,26,6.512,1023,0,511,0,0,0,2048,0.000,0.005,auto,30
lltp,ILL/ILLTP-SYJ-cbn,,,SYJ202+1.014.p,intuitionistic,auto,1,false,,5,0,3,,unknown,recursion_limit,,two-sided,ILL,9627,28,9.006,1023,0,511,0,0,0,2048,10.000,0.016,auto,30
lltp,ILL/ILLTP-SYJ-cbn,,,SYJ202+1.015.p,intuitionistic,auto,1,false,,5,0,3,,unknown,recursion_limit,,two-sided,ILL,11725,30,11.700,1023,0,511,0,0,0,2048,10.000,0.019,auto,30
lltp,ILL/ILLTP-SYJ-cbn,,,SYJ202+1.016.p,intuitionistic,auto,1,false,,5,0,3,,unknown,recursion_limit,,two-sided,ILL,14107,32,15.584,1023,0,511,0,0,0,2048,20.000,0.023,auto,30
lltp,ILL/ILLTP-SYJ-cbn,,,SYJ202+1.017.p,intuitionistic,auto,1,false,,5,0,3,,unknown,recursion_limit,,two-sided,ILL,16791,34,21.254,1023,0,511,0,0,0,2048,20.000,0.025,auto,30
lltp,ILL/ILLTP-SYJ-cbn,,,SYJ202+1.018.p,intuitionistic,auto,1,false,,5,0,3,,unknown,recursion_limit,,two-sided,ILL,19795,36,27.650,1023,0,511,0,0,0,2048,30.000,0.033,auto,30
lltp,ILL/ILLTP-SYJ-cbn,,,SYJ202+1.019.p,intuitionistic,auto,1,false,,5,0,3,,unknown,recursion_limit,,two-sided,ILL,23137,38,35.401,1023,0,511,0,0,0,2048,40.000,0.025,auto,30
lltp,ILL/ILLTP-SYJ-cbn,,,SYJ202+1.020.p,intuitionistic,auto,1,false,,5,0,3,,unknown,recursion_limit,,two-sided,ILL,26835,40,45.836,1023,0,511,0,0,0,2048,40.000,0.030,auto,30
lltp,ILL/ILLTP-SYJ-cbn,,,SYJ203+1.001.p,intuitionistic,auto,1,false,,5,0,3,provable,proved,,ok,two-sided,ILL,13,2,0.035,22,4,7,8,0,0,2048,0.000,0.000,auto,30
lltp,ILL/ILLTP-SYJ-cbn,,,SYJ203+1.002.p,intuitionistic,auto,1,false,,5,0,3,provable,unknown,copy_bound,,two-sided,ILL,22,3,0.051,87,21,24,23,0,0,2048,0.000,0.000,auto,30
lltp,ILL/ILLTP-SYJ-cbn,,,SYJ203+1.003.p,intuitionistic,auto,1,false,,5,0,3,provable,unknown,copy_bound,,two-sided,ILL,31,4,0.079,180,43,54,38,0,0,2048,0.000,0.000,auto,30
lltp,ILL/ILLTP-SYJ-cbn,,,SYJ203+1.004.p,intuitionistic,auto,1,false,,5,0,3,provable,unknown,copy_bound,,two-sided,ILL,40,5,0.107,323,76,104,57,0,0,2048,0.000,0.000,auto,30
lltp,ILL/ILLTP-SYJ-cbn,,,SYJ203+1.005.p,intuitionistic,auto,1,false,,5,0,3,provable,unknown,copy_bound,,two-sided,ILL,49,6,0.153,526,122,179,80,0,0,2048,0.000,0.000,auto,30
lltp,ILL/ILLTP-SYJ-cbn,,,SYJ203+1.006.p,intuitionistic,auto,1,false,,5,0,3,provable,unknown,copy_bound,,two-sided,ILL,58,7,0.213,799,183,284,107,0,0,2048,0.000,0.000,auto,30
lltp,ILL/ILLTP-SYJ-cbn,,,SYJ203+1.007.p,intuitionistic,auto,1,false,,5,0,3,provable,unknown,copy_bound,,two-sided,ILL,67,8,0.271,1152,261,424,138,0,0,2048,0.000,0.000,auto,30
lltp,ILL/ILLTP-SYJ-cbn,,,SYJ203+1.008.p,intuitionistic,auto,1,false,,5,0,3,provable,unknown,copy_bound,,two-sided,ILL,76,9,0.385,1595,358,604,173,0,0,2048,0.000,0.000,auto,30
lltp,ILL/ILLTP-SYJ-cbn,,,SYJ203+1.009.p,intuitionistic,auto,1,false,,5,0,3,provable,unknown,copy_bound,,two-sided,ILL,85,10,0.492,2138,476,829,212,0,0,2048,0.000,0.000,auto,30
lltp,ILL/ILLTP-SYJ-cbn,,,SYJ203+1.010.p,intuitionistic,auto,1,false,,5,0,3,provable,unknown,copy_bound,,two-sided,ILL,94,11,0.646,2791,617,1104,255,0,0,2048,0.000,0.000,auto,30
lltp,ILL/ILLTP-SYJ-cbn,,,SYJ203+1.011.p,intuitionistic,auto,1,false,,5,0,3,provable,unknown,copy_bound,,two-sided,ILL,103,12,0.814,3564,783,1434,302,0,0,2048,0.000,0.000,auto,30
lltp,ILL/ILLTP-SYJ-cbn,,,SYJ203+1.012.p,intuitionistic,auto,1,false,,5,0,3,provable,unknown,copy_bound,,two-sided,ILL,112,13,1.050,4467,976,1824,353,0,0,2048,0.000,0.000,auto,30
lltp,ILL/ILLTP-SYJ-cbn,,,SYJ203+1.013.p,intuitionistic,auto,1,false,,5,0,3,provable,unknown,copy_bound,,two-sided,ILL,121,14,1.260,5510,1198,2279,408,0,0,2048,0.000,0.034,auto,30
lltp,ILL/ILLTP-SYJ-cbn,,,SYJ203+1.014.p,intuitionistic,auto,1,false,,5,0,3,provable,unknown,copy_bound,,two-sided,ILL,130,15,1.511,6703,1451,2804,467,0,0,2048,0.000,0.000,auto,30
lltp,ILL/ILLTP-SYJ-cbn,,,SYJ203+1.015.p,intuitionistic,auto,1,false,,5,0,3,provable,unknown,copy_bound,,two-sided,ILL,139,16,1.796,8056,1737,3404,530,0,0,2048,0.000,0.003,auto,30
lltp,ILL/ILLTP-SYJ-cbn,,,SYJ203+1.016.p,intuitionistic,auto,1,false,,5,0,3,provable,unknown,copy_bound,,two-sided,ILL,148,17,2.268,9579,2058,4084,597,0,0,2048,0.000,0.003,auto,30
lltp,ILL/ILLTP-SYJ-cbn,,,SYJ203+1.017.p,intuitionistic,auto,1,false,,5,0,3,provable,unknown,copy_bound,,two-sided,ILL,157,18,2.588,11282,2416,4849,668,0,0,2048,0.000,0.003,auto,30
lltp,ILL/ILLTP-SYJ-cbn,,,SYJ203+1.018.p,intuitionistic,auto,1,false,,5,0,3,provable,unknown,copy_bound,,two-sided,ILL,166,19,2.954,13175,2813,5704,743,0,0,2048,0.000,0.003,auto,30
lltp,ILL/ILLTP-SYJ-cbn,,,SYJ203+1.019.p,intuitionistic,auto,1,false,,5,0,3,provable,unknown,copy_bound,,two-sided,ILL,175,20,3.473,15268,3251,6654,822,0,0,2048,0.000,0.003,auto,30
lltp,ILL/ILLTP-SYJ-cbn,,,SYJ203+1.020.p,intuitionistic,auto,1,false,,5,0,3,provable,unknown,copy_bound,,two-sided,ILL,184,21,4.481,17571,3732,7704,905,0,0,2048,0.000,0.005,auto,30
lltp,ILL/ILLTP-SYJ-cbn,,,SYJ204+1.001.p,intuitionistic,auto,1,false,,5,0,3,provable,proved,,ok,two-sided,IMELL,11,2,0.064,6,0,3,3,0,0,2048,0.000,0.013,auto,30
lltp,ILL/ILLTP-SYJ-cbn,,,SYJ204+1.002.p,intuitionistic,auto,1,false,,5,0,3,provable,proved,,ok,two-sided,IMELL,19,2,0.064,17,6,5,13,0,0,2048,0.000,0.013,auto,30
lltp,ILL/ILLTP-SYJ-cbn,,,SYJ204+1.003.p,intuitionistic,auto,1,false,,5,0,3,provable,unknown,copy_bound,,two-sided,IMELL,27,2,0.078,60,32,12,52,0,0,2048,0.000,0.012,auto,30
lltp,ILL/ILLTP-SYJ-cbn,,,SYJ204+1.004.p,intuitionistic,auto,1,false,,5,0,3,provable,unknown,copy_bound,,two-sided,IMELL,35,2,0.080,90,56,14,82,0,0,2048,0.000,0.012,auto,30
lltp,ILL/ILLTP-SYJ-cbn,,,SYJ204+1.005.p,intuitionistic,auto,1,false,,5,0,3,provable,unknown,copy_bound,,two-sided,IMELL,43,2,0.085,128,88,16,120,0,0,2048,0.000,0.012,auto,30
lltp,ILL/ILLTP-SYJ-cbn,,,SYJ204+1.006.p,intuitionistic,auto,1,false,,5,0,3,provable,unknown,copy_bound,,two-sided,IMELL,51,2,0.092,174,128,18,166,0,0,2048,0.000,0.012,auto,30
lltp,ILL/ILLTP-SYJ-cbn,,,SYJ204+1.007.p,intuitionistic,auto,1,false,,5,0,3,provable,unknown,copy_bound,,two-sided,IMELL,59,2,0.100,228,176,20,220,0,0,2048,0.000,0.013,auto,30
lltp,ILL/ILLTP-SYJ-cbn,,,SYJ204+1.008.p,intuitionistic,auto,1,false,,5,0,3,provable,unknown,copy_bound,,two-sided,IMELL,67,2,0.110,290,232,22,282,0,0,2048,0.000,0.013,auto,30
lltp,ILL/ILLTP-SYJ-cbn,,,SYJ204+1.009.p,intuitionistic,auto,1,false,,5,0,3,provable,unknown,copy_bound,,two-sided,IMELL,75,2,0.115,360,296,24,352,0,0,2048,0.000,0.013,auto,30
lltp,ILL/ILLTP-SYJ-cbn,,,SYJ204+1.010.p,intuitionistic,auto,1,false,,5,0,3,provable,unknown,copy_bound,,two-sided,IMELL,83,2,0.128,438,368,26,430,0,0,2048,0.000,0.012,auto,30
lltp,ILL/ILLTP-SYJ-cbn,,,SYJ204+1.011.p,intuitionistic,auto,1,false,,5,0,3,provable,unknown,copy_bound,,two-sided,IMELL,91,2,0.132,524,448,28,516,0,0,2048,0.000,0.012,auto,30
lltp,ILL/ILLTP-SYJ-cbn,,,SYJ204+1.012.p,intuitionistic,auto,1,false,,5,0,3,provable,unknown,copy_bound,,two-sided,IMELL,99,2,0.148,618,536,30,610,0,0,2048,0.000,0.014,auto,30
lltp,ILL/ILLTP-SYJ-cbn,,,SYJ204+1.013.p,intuitionistic,auto,1,false,,5,0,3,provable,unknown,copy_bound,,two-sided,IMELL,107,2,0.155,720,632,32,712,0,0,2048,0.000,0.013,auto,30
lltp,ILL/ILLTP-SYJ-cbn,,,SYJ204+1.014.p,intuitionistic,auto,1,false,,5,0,3,provable,unknown,copy_bound,,two-sided,IMELL,115,2,0.168,830,736,34,822,0,0,2048,0.000,0.012,auto,30
lltp,ILL/ILLTP-SYJ-cbn,,,SYJ204+1.015.p,intuitionistic,auto,1,false,,5,0,3,provable,unknown,copy_bound,,two-sided,IMELL,123,2,0.185,948,848,36,940,0,0,2048,0.000,0.013,auto,30
lltp,ILL/ILLTP-SYJ-cbn,,,SYJ204+1.016.p,intuitionistic,auto,1,false,,5,0,3,provable,unknown,copy_bound,,two-sided,IMELL,131,2,0.208,1074,968,38,1066,0,0,2048,0.000,0.012,auto,30
lltp,ILL/ILLTP-SYJ-cbn,,,SYJ204+1.017.p,intuitionistic,auto,1,false,,5,0,3,provable,unknown,copy_bound,,two-sided,IMELL,139,2,0.210,1208,1096,40,1200,0,0,2048,0.000,0.013,auto,30
lltp,ILL/ILLTP-SYJ-cbn,,,SYJ204+1.018.p,intuitionistic,auto,1,false,,5,0,3,provable,unknown,copy_bound,,two-sided,IMELL,147,2,0.227,1350,1232,42,1342,0,0,2048,0.000,0.012,auto,30
lltp,ILL/ILLTP-SYJ-cbn,,,SYJ204+1.019.p,intuitionistic,auto,1,false,,5,0,3,provable,unknown,copy_bound,,two-sided,IMELL,155,2,0.245,1500,1376,44,1492,0,0,2048,0.000,0.016,auto,30
lltp,ILL/ILLTP-SYJ-cbn,,,SYJ204+1.020.p,intuitionistic,auto,1,false,,5,0,3,provable,unknown,copy_bound,,two-sided,IMELL,163,2,0.265,1658,1528,46,1650,0,0,2048,0.000,0.012,auto,30
lltp,ILL/ILLTP-SYJ-cbn,,,SYJ205+1.001.p,intuitionistic,auto,1,false,,5,0,3,provable,unknown,copy_bound,,two-sided,ILL,47,2,0.105,108,46,34,82,0,0,2048,0.000,0.013,auto,30
lltp,ILL/ILLTP-SYJ-cbn,,,SYJ205+1.002.p,intuitionistic,auto,1,false,,5,0,3,provable,unknown,copy_bound,,two-sided,ILL,63,2,0.129,230,109,74,180,0,0,2048,0.000,0.014,auto,30
lltp,ILL/ILLTP-SYJ-cbn,,,SYJ205+1.003.p,intuitionistic,auto,1,false,,5,0,3,provable,unknown,copy_bound,,two-sided,ILL,79,2,0.169,405,196,142,325,0,0,2048,0.000,0.014,auto,30
lltp,ILL/ILLTP-SYJ-cbn,,,SYJ205+1.004.p,intuitionistic,auto,1,false,,5,0,3,provable,unknown,copy_bound,,two-sided,ILL,95,2,0.221,652,319,242,534,0,0,2048,0.000,0.015,auto,30
lltp,ILL/ILLTP-SYJ-cbn,,,SYJ205+1.005.p,intuitionistic,auto,1,false,,5,0,3,provable,unknown,copy_bound,,two-sided,ILL,111,2,0.278,983,484,380,819,0,0,2048,0.000,0.014,auto,30
lltp,ILL/ILLTP-SYJ-cbn,,,SYJ205+1.006.p,intuitionistic,auto,1,false,,5,0,3,provable,unknown,copy_bound,,two-sided,ILL,127,2,0.370,1410,697,562,1192,0,0,2048,0.000,0.014,auto,30
lltp,ILL/ILLTP-SYJ-cbn,,,SYJ205+1.007.p,intuitionistic,auto,1,false,,5,0,3,provable,unknown,copy_bound,,two-sided,ILL,143,2,0.505,1945,964,794,1665,0,0,2048,0.000,0.044,auto,30
lltp,ILL/ILLTP-SYJ-cbn,,,SYJ205+1.008.p,intuitionistic,auto,1,false,,5,0,3,provable,unknown,copy_bound,,two-sided,ILL,159,2,0.630,2600,1291,1082,2250,0,0,2048,0.000,0.014,auto,30
lltp,ILL/ILLTP-SYJ-cbn,,,SYJ205+1.009.p,intuitionistic,auto,1,false,,5,0,3,provable,unknown,copy_bound,,two-sided,ILL,175,2,0.754,3387,1684,1432,2959,0,0,2048,0.000,0.015,auto,30
lltp,ILL/ILLTP-SYJ-cbn,,,SYJ205+1.010.p,intuitionistic,auto,1,false,,5,0,3,provable,unknown,copy_bound,,two-sided,ILL,191,2,0.995,4318,2149,1850,3804,0,0,2048,0.000,0.015,auto,30
lltp,ILL/ILLTP-SYJ-cbn,,,SYJ205+1.011.p,intuitionistic,auto,1,false,,5,0,3,provable,unknown,copy_bound,,two-sided,ILL,207,2,1.155,5405,2692,2342,4797,0,0,2048,0.000,0.013,auto,30
lltp,ILL/ILLTP-SYJ-cbn,,,SYJ205+1.012.p,intuitionistic,auto,1,false,,5,0,3,provable,unknown,copy_bound,,two-sided,ILL,223,2,1.389,6660,3319,2914,5950,0,0,2048,0.000,0.005,auto,30
lltp,ILL/ILLTP-SYJ-cbn,,,SYJ205+1.013.p,intuitionistic,auto,1,false,,5,0,3,provable,unknown,copy_bound,,two-sided,ILL,239,2,1.760,8095,4036,3572,7275,0,0,2048,0.000,0.060,auto,30
lltp,ILL/ILLTP-SYJ-cbn,,,SYJ205+1.014.p,intuitionistic,auto,1,false,,5,0,3,provable,unknown,copy_bound,,two-sided,ILL,255,2,2.136,9722,4849,4322,8784,0,0,2048,0.000,0.011,auto,30
lltp,ILL/ILLTP-SYJ-cbn,,,SYJ205+1.015.p,intuitionistic,auto,1,false,,5,0,3,provable,unknown,copy_bound,,two-sided,ILL,271,2,2.695,11553,5764,5170,10489,0,0,2048,0.000,0.011,auto,30
lltp,ILL/ILLTP-SYJ-cbn,,,SYJ205+1.016.p,intuitionistic,auto,1,false,,5,0,3,provable,unknown,copy_bound,,two-sided,ILL,287,2,2.957,13600,6787,6122,12402,0,0,2048,0.000,0.014,auto,30
lltp,ILL/ILLTP-SYJ-cbn,,,SYJ205+1.017.p,intuitionistic,auto,1,false,,5,0,3,provable,unknown,copy_bound,,two-sided,ILL,303,2,3.813,15875,7924,7184,14535,0,0,2048,0.000,0.006,auto,30
lltp,ILL/ILLTP-SYJ-cbn,,,SYJ205+1.018.p,intuitionistic,auto,1,false,,5,0,3,provable,unknown,copy_bound,,two-sided,ILL,319,2,4.400,18390,9181,8362,16900,0,0,2048,0.000,0.295,auto,30
lltp,ILL/ILLTP-SYJ-cbn,,,SYJ205+1.019.p,intuitionistic,auto,1,false,,5,0,3,provable,unknown,copy_bound,,two-sided,ILL,335,2,4.910,21157,10564,9662,19509,0,0,2048,0.000,0.006,auto,30
lltp,ILL/ILLTP-SYJ-cbn,,,SYJ205+1.020.p,intuitionistic,auto,1,false,,5,0,3,provable,unknown,copy_bound,,two-sided,ILL,351,2,5.665,24188,12079,11090,22374,0,0,2048,0.000,0.023,auto,30
lltp,ILL/ILLTP-SYJ-cbn,,,SYJ206+1.001.p,intuitionistic,auto,1,false,,5,0,3,provable,proved,,ok,two-sided,ILL,9,2,0.015,3,0,2,0,0,0,2048,0.000,0.000,auto,30
lltp,ILL/ILLTP-SYJ-cbn,,,SYJ206+1.002.p,intuitionistic,auto,1,false,,5,0,3,provable,proved,,ok,two-sided,ILL,41,4,0.065,18,2,10,12,0,0,2048,0.000,0.012,auto,30
lltp,ILL/ILLTP-SYJ-cbn,,,SYJ206+1.003.p,intuitionistic,auto,1,false,,5,0,3,provable,proved,,ok,two-sided,ILL,105,8,0.105,120,38,45,102,0,0,2048,0.000,0.012,auto,30
lltp,ILL/ILLTP-SYJ-cbn,,,SYJ206+1.004.p,intuitionistic,auto,1,false,,5,0,3,provable,unknown,copy_bound,,two-sided,ILL,233,16,0.237,576,262,206,484,0,0,2048,0.000,0.012,auto,30
lltp,ILL/ILLTP-SYJ-cbn,,,SYJ206+1.005.p,intuitionistic,auto,1,false,,5,0,3,provable,unknown,copy_bound,,two-sided,ILL,489,32,0.453,1284,664,459,1030,0,0,2048,0.000,0.013,auto,30
lltp,ILL/ILLTP-SYJ-cbn,,,SYJ206+1.006.p,intuitionistic,auto,1,false,,5,0,3,provable,unknown,copy_bound,,two-sided,ILL,1001,64,0.927,2459,1394,851,1792,0,0,2048,0.000,0.014,auto,30
lltp,ILL/ILLTP-SYJ-cbn,,,SYJ206+1.007.p,intuitionistic,auto,1,false,,5,0,3,provable,unknown,copy_bound,,two-sided,ILL,2025,128,1.800,4288,2606,1407,2804,0,0,2048,0.000,1.133,auto,30
lltp,ILL/ILLTP-SYJ-cbn,,,SYJ206+1.008.p,intuitionistic,auto,1,false,,5,0,3,provable,unknown,copy_bound,,two-sided,ILL,4073,256,4.102,6984,4480,2162,4096,0,0,2048,0.000,1.341,auto,30
lltp,ILL/ILLTP-SYJ-cbn,,,SYJ206+1.009.p,intuitionistic,auto,1,false,,5,0,3,provable,unknown,copy_bound,,two-sided,ILL,8169,512,9.421,10790,7228,3147,5698,0,0,2048,0.000,1.153,auto,30
lltp,ILL/ILLTP-SYJ-cbn,,,SYJ206+1.010.p,intuitionistic,auto,1,false,,5,0,3,provable,unknown,copy_bound,,two-sided,ILL,16361,1024,26.637,15979,11092,4393,7640,0,0,2048,20.000,4.433,auto,30
lltp,ILL/ILLTP-SYJ-cbn,,,SYJ206+1.011.p,intuitionistic,auto,1,false,,5,0,3,provable,unknown,copy_bound,,two-sided,ILL,32745,2048,69.495,22854,16344,5931,9952,0,0,2048,60.000,13.399,auto,30
lltp,ILL/ILLTP-SYJ-cbn,,,SYJ206+1.012.p,intuitionistic,auto,1,false,,5,0,3,provable,unknown,copy_bound,,two-sided,ILL,65513,4096,186.772,31748,23286,7792,12664,0,0,2048,180.000,18.671,auto,30
lltp,ILL/ILLTP-SYJ-cbn,,,SYJ206+1.013.p,intuitionistic,auto,1,false,,5,0,3,provable,unknown,copy_bound,,two-sided,ILL,131049,8192,521.052,43024,32250,10007,15806,0,0,2048,520.000,58.819,auto,30
lltp,ILL/ILLTP-SYJ-cbn,,,SYJ206+1.014.p,intuitionistic,auto,1,false,,5,0,3,provable,unknown,copy_bound,,two-sided,ILL,262121,16384,1348.140,57075,43598,12607,19408,0,0,2048,1340.000,150.315,auto,30
lltp,ILL/ILLTP-SYJ-cbn,,,SYJ206+1.015.p,intuitionistic,auto,1,false,,5,0,3,provable,unknown,copy_bound,,two-sided,ILL,524265,32768,3540.177,74324,57722,15623,23500,0,0,2048,3530.000,339.045,auto,30
lltp,ILL/ILLTP-SYJ-cbn,,,SYJ206+1.016.p,intuitionistic,auto,1,false,,5,0,3,provable,unknown,timeout,,two-sided,ILL,1048553,65536,5147.541,51528,39472,11514,15744,0,0,2048,5130.000,808.046,auto,30
lltp,ILL/ILLTP-SYJ-cbn,,,SYJ206+1.017.p,intuitionistic,auto,1,false,,5,0,3,provable,unknown,timeout,,two-sided,ILL,2097129,131072,5109.098,22656,16832,5646,6248,0,0,2048,5080.000,697.968,auto,30
lltp,ILL/ILLTP-SYJ-cbn,,,SYJ206+1.018.p,intuitionistic,auto,1,false,,5,0,3,provable,unknown,timeout,,two-sided,ILL,4194281,262144,5133.044,7554,4376,3137,1915,0,0,2048,5120.000,657.934,auto,30
lltp,ILL/ILLTP-SYJ-cbn,,,SYJ206+1.019.p,intuitionistic,auto,1,false,,5,0,3,provable,unknown,timeout,,two-sided,ILL,8388585,524288,5227.662,2112,374,1720,407,0,0,2048,5210.000,317.233,auto,30
lltp,ILL/ILLTP-SYJ-cbn,,,SYJ206+1.020.p,intuitionistic,auto,1,false,,5,0,,,unknown,killed,,,,,,10667.875,,,,,,,,,,auto,30
lltp,ILL/ILLTP-SYJ-cbn,,,SYJ207+1.001.p,intuitionistic,auto,1,false,,5,0,3,unprovable,unknown,copy_bound,,two-sided,ILL,44,4,0.046,70,31,19,40,0,0,2048,0.000,0.000,auto,30
lltp,ILL/ILLTP-SYJ-cbn,,,SYJ207+1.002.p,intuitionistic,auto,1,false,,5,0,3,unprovable,unknown,copy_bound,,two-sided,ILL,94,6,0.083,201,87,78,144,0,0,2048,0.000,0.000,auto,30
lltp,ILL/ILLTP-SYJ-cbn,,,SYJ207+1.003.p,intuitionistic,auto,1,false,,5,0,3,unprovable,unknown,copy_bound,,two-sided,ILL,160,8,0.157,459,195,204,360,0,0,2048,0.000,0.000,auto,30
lltp,ILL/ILLTP-SYJ-cbn,,,SYJ207+1.004.p,intuitionistic,auto,1,false,,5,0,3,unprovable,unknown,copy_bound,,two-sided,ILL,242,10,0.282,893,379,422,736,0,0,2048,0.000,0.000,auto,30
lltp,ILL/ILLTP-SYJ-cbn,,,SYJ207+1.005.p,intuitionistic,auto,1,false,,5,0,3,unprovable,unknown,copy_bound,,two-sided,ILL,340,12,0.505,1551,663,756,1320,0,0,2048,0.000,0.000,auto,30
lltp,ILL/ILLTP-SYJ-cbn,,,SYJ207+1.006.p,intuitionistic,auto,1,false,,5,0,3,unprovable,unknown,copy_bound,,two-sided,ILL,454,14,0.831,2481,1071,1230,2160,0,0,2048,0.000,0.000,auto,30
lltp,ILL/ILLTP-SYJ-cbn,,,SYJ207+1.007.p,intuitionistic,auto,1,false,,5,0,3,unprovable,unknown,copy_bound,,two-sided,ILL,584,16,1.437,3731,1627,1868,3304,0,0,2048,0.000,0.004,auto,30
lltp,ILL/ILLTP-SYJ-cbn,,,SYJ207+1.008.p,intuitionistic,auto,1,false,,5,0,3,,unknown,copy_bound,,two-sided,ILL,730,18,1.984,5349,2355,2694,4800,0,0,2048,0.000,0.003,auto,30
lltp,ILL/ILLTP-SYJ-cbn,,,SYJ207+1.009.p,intuitionistic,auto,1,false,,5,0,3,,unknown,copy_bound,,two-sided,ILL,892,20,3.295,7383,3279,3732,6696,0,0,2048,0.000,0.004,auto,30
lltp,ILL/ILLTP-SYJ-cbn,,,SYJ207+1.010.p,intuitionistic,auto,1,false,,5,0,3,,unknown,copy_bound,,two-sided,ILL,1070,22,4.846,9881,4423,5006,9040,0,0,2048,0.000,0.005,auto,30
lltp,ILL/ILLTP-SYJ-cbn,,,SYJ207+1.011.p,intuitionistic,auto,1,false,,5,0,3,,unknown,copy_bound,,two-sided,ILL,1264,24,6.793,12891,5811,6540,11880,0,0,2048,0.000,0.022,auto,30
lltp,ILL/ILLTP-SYJ-cbn,,,SYJ207+1.012.p,intuitionistic,auto,1,false,,5,0,3,,unknown,copy_bound,,two-sided,ILL,1474,26,9.820,16461,7467,8358,15264,0,0,2048,0.000,0.010,auto,30
lltp,ILL/ILLTP-SYJ-cbn,,,SYJ207+1.013.p,intuitionistic,auto,1,false,,5,0,3,,unknown,copy_bound,,two-sided,ILL,1700,28,12.717,20639,9415,10484,19240,0,0,2048,10.000,0.023,auto,30
lltp,ILL/ILLTP-SYJ-cbn,,,SYJ207+1.014.p,intuitionistic,auto,1,false,,5,0,3,,unknown,copy_bound,,two-sided,ILL,1942,30,16.605,25473,11679,12942,23856,0,0,2048,10.000,0.027,auto,30
lltp,ILL/ILLTP-SYJ-cbn,,,SYJ207+1.015.p,intuitionistic,auto,1,false,,5,0,3,,unknown,copy_bound,,two-sided,ILL,2200,32,23.962,31011,14283,15756,29160,0,0,2048,20.000,0.044,auto,30
lltp,ILL/ILLTP-SYJ-cbn,,,SYJ207+1.016.p,intuitionistic,auto,1,false,,5,0,3,,unknown,copy_bound,,two-sided,ILL,2474,34,30.638,37301,17251,18950,35200,0,0,2048,20.000,0.055,auto,30
lltp,ILL/ILLTP-SYJ-cbn,,,SYJ207+1.017.p,intuitionistic,auto,1,false,,5,0,3,,unknown,copy_bound,,two-sided,ILL,2764,36,37.587,44391,20607,22548,42024,0,0,2048,30.000,0.065,auto,30
lltp,ILL/ILLTP-SYJ-cbn,,,SYJ207+1.018.p,intuitionistic,auto,1,false,,5,0,3,,unknown,copy_bound,,two-sided,ILL,3070,38,45.463,52329,24375,26574,49680,0,0,2048,30.000,0.061,auto,30
lltp,ILL/ILLTP-SYJ-cbn,,,SYJ207+1.019.p,intuitionistic,auto,1,false,,5,0,3,,unknown,copy_bound,,two-sided,ILL,3392,40,62.311,61163,28579,31052,58216,0,0,2048,60.000,0.074,auto,30
lltp,ILL/ILLTP-SYJ-cbn,,,SYJ207+1.020.p,intuitionistic,auto,1,false,,5,0,3,,unknown,copy_bound,,two-sided,ILL,3730,42,74.206,70941,33243,36006,67680,0,0,2048,70.000,0.084,auto,30
lltp,ILL/ILLTP-SYJ-cbn,,,SYJ208+1.001.p,intuitionistic,auto,1,false,,5,0,3,unprovable,unknown,copy_bound,,two-sided,ILL,21,1,0.035,54,24,13,34,0,0,2048,0.000,0.000,auto,30
lltp,ILL/ILLTP-SYJ-cbn,,,SYJ208+1.002.p,intuitionistic,auto,1,false,,5,0,3,unprovable,unknown,copy_bound,,two-sided,ILL,69,2,0.254,1062,549,298,74,0,0,2048,0.000,0.000,auto,30
lltp,ILL/ILLTP-SYJ-cbn,,,SYJ208+1.003.p,intuitionistic,auto,1,false,,5,0,3,unprovable,unknown,copy_bound,,two-sided,ILL,169,3,1.559,7296,3886,2353,0,0,0,2048,0.000,0.000,auto,30
lltp,ILL/ILLTP-SYJ-cbn,,,SYJ208+1.004.p,intuitionistic,auto,1,false,,5,0,3,unprovable,unknown,copy_bound,,two-sided,ILL,337,4,7.094,29478,16481,9520,0,0,0,2048,0.000,0.020,auto,30
lltp,ILL/ILLTP-SYJ-cbn,,,SYJ208+1.005.p,intuitionistic,auto,1,false,,5,0,3,unprovable,unknown,copy_bound,,two-sided,ILL,591,5,26.692,90807,52403,29329,0,0,0,2048,20.000,0.033,auto,30
lltp,ILL/ILLTP-SYJ-cbn,,,SYJ208+1.006.p,intuitionistic,auto,1,false,,5,0,3,unprovable,unknown,copy_bound,,two-sided,ILL,949,6,88.542,233523,137893,75340,0,0,0,2048,80.000,0.401,auto,30
lltp,ILL/ILLTP-SYJ-cbn,,,SYJ208+1.007.p,intuitionistic,auto,1,false,,5,0,3,unprovable,unknown,copy_bound,,two-sided,ILL,1429,7,279.451,527428,316980,169867,0,0,0,2048,260.000,0.400,auto,30
lltp,ILL/ILLTP-SYJ-cbn,,,SYJ208+1.008.p,intuitionistic,auto,1,false,,5,0,3,unprovable,unknown,copy_bound,,two-sided,ILL,2049,8,714.419,1079903,658182,347114,0,0,0,2048,710.000,0.829,auto,30
lltp,ILL/ILLTP-SYJ-cbn,,,SYJ208+1.009.p,intuitionistic,auto,1,false,,5,0,3,unprovable,unknown,copy_bound,,two-sided,ILL,2827,9,1700.227,2047485,1262287,656791,0,0,0,2048,1680.000,1.807,auto,30
lltp,ILL/ILLTP-SYJ-cbn,,,SYJ208+1.010.p,intuitionistic,auto,1,false,,5,0,3,unprovable,unknown,recursion_limit,,two-sided,ILL,3781,10,2.734,1023,0,511,0,0,0,2048,0.000,0.002,auto,30
lltp,ILL/ILLTP-SYJ-cbn,,,SYJ208+1.011.p,intuitionistic,auto,1,false,,5,0,3,unprovable,unknown,recursion_limit,,two-sided,ILL,4929,22,3.407,1023,0,511,0,0,0,2048,0.000,0.004,auto,30
lltp,ILL/ILLTP-SYJ-cbn,,,SYJ208+1.012.p,intuitionistic,auto,1,false,,5,0,3,unprovable,unknown,recursion_limit,,two-sided,ILL,6289,24,4.889,1023,0,511,0,0,0,2048,0.000,0.014,auto,30
lltp,ILL/ILLTP-SYJ-cbn,,,SYJ208+1.013.p,intuitionistic,auto,1,false,,5,0,3,unprovable,unknown,recursion_limit,,two-sided,ILL,7879,26,6.584,1023,0,511,0,0,0,2048,0.000,0.014,auto,30
lltp,ILL/ILLTP-SYJ-cbn,,,SYJ208+1.014.p,intuitionistic,auto,1,false,,5,0,3,unprovable,unknown,recursion_limit,,two-sided,ILL,9717,28,9.080,1023,0,511,0,0,0,2048,10.000,0.009,auto,30
lltp,ILL/ILLTP-SYJ-cbn,,,SYJ208+1.015.p,intuitionistic,auto,1,false,,5,0,3,unprovable,unknown,recursion_limit,,two-sided,ILL,11821,30,11.807,1023,0,511,0,0,0,2048,10.000,0.012,auto,30
lltp,ILL/ILLTP-SYJ-cbn,,,SYJ208+1.016.p,intuitionistic,auto,1,false,,5,0,3,unprovable,unknown,recursion_limit,,two-sided,ILL,14209,32,16.275,1023,0,511,0,0,0,2048,10.000,0.026,auto,30
lltp,ILL/ILLTP-SYJ-cbn,,,SYJ208+1.017.p,intuitionistic,auto,1,false,,5,0,3,unprovable,unknown,recursion_limit,,two-sided,ILL,16899,34,21.007,1023,0,511,0,0,0,2048,20.000,0.017,auto,30
lltp,ILL/ILLTP-SYJ-cbn,,,SYJ208+1.018.p,intuitionistic,auto,1,false,,5,0,3,,unknown,recursion_limit,,two-sided,ILL,19909,36,27.781,1023,0,511,0,0,0,2048,30.000,0.034,auto,30
lltp,ILL/ILLTP-SYJ-cbn,,,SYJ208+1.019.p,intuitionistic,auto,1,false,,5,0,3,,unknown,recursion_limit,,two-sided,ILL,23257,38,36.080,1023,0,511,0,0,0,2048,40.000,0.025,auto,30
lltp,ILL/ILLTP-SYJ-cbn,,,SYJ208+1.020.p,intuitionistic,auto,1,false,,5,0,3,,unknown,recursion_limit,,two-sided,ILL,26961,40,47.970,1023,0,511,0,0,0,2048,40.000,0.032,auto,30
lltp,ILL/ILLTP-SYJ-cbn,,,SYJ209+1.001.p,intuitionistic,auto,1,false,,5,0,3,unprovable,unprovable,,,two-sided,ILL,19,2,0.061,11,3,4,4,0,0,2048,0.000,0.011,auto,30
lltp,ILL/ILLTP-SYJ-cbn,,,SYJ209+1.002.p,intuitionistic,auto,1,false,,5,0,3,unprovable,unknown,copy_bound,,two-sided,ILL,28,2,0.104,96,28,24,30,0,0,2048,0.000,0.013,auto,30
lltp,ILL/ILLTP-SYJ-cbn,,,SYJ209+1.003.p,intuitionistic,auto,1,false,,5,0,3,unprovable,unknown,copy_bound,,two-sided,ILL,37,3,0.057,113,30,30,27,0,0,2048,0.000,0.000,auto,30
lltp,ILL/ILLTP-SYJ-cbn,,,SYJ209+1.004.p,intuitionistic,auto,1,false,,5,0,3,unprovable,unknown,copy_bound,,two-sided,ILL,46,4,0.087,222,56,64,43,0,0,2048,0.000,0.000,auto,30
lltp,ILL/ILLTP-SYJ-cbn,,,SYJ209+1.005.p,intuitionistic,auto,1,false,,5,0,3,unprovable,unknown,copy_bound,,two-sided,ILL,55,5,0.129,385,94,119,63,0,0,2048,0.000,0.000,auto,30
lltp,ILL/ILLTP-SYJ-cbn,,,SYJ209+1.006.p,intuitionistic,auto,1,false,,5,0,3,unprovable,unknown,copy_bound,,two-sided,ILL,64,6,0.171,612,146,200,87,0,0,2048,0.000,0.000,auto,30
lltp,ILL/ILLTP-SYJ-cbn,,,SYJ209+1.007.p,intuitionistic,auto,1,false,,5,0,3,unprovable,unknown,copy_bound,,two-sided,ILL,73,7,0.234,913,214,312,115,0,0,2048,0.000,0.000,auto,30
lltp,ILL/ILLTP-SYJ-cbn,,,SYJ209+1.008.p,intuitionistic,auto,1,false,,5,0,3,unprovable,unknown,copy_bound,,two-sided,ILL,82,8,0.326,1298,300,460,147,0,0,2048,0.000,0.000,auto,30
lltp,ILL/ILLTP-SYJ-cbn,,,SYJ209+1.009.p,intuitionistic,auto,1,false,,5,0,3,unprovable,unknown,copy_bound,,two-sided,ILL,91,9,0.402,1777,406,649,183,0,0,2048,0.000,0.000,auto,30
lltp,ILL/ILLTP-SYJ-cbn,,,SYJ209+1.010.p,intuitionistic,auto,1,false,,5,0,3,unprovable,unknown,copy_bound,,two-sided,ILL,100,10,0.530,2360,534,884,223,0,0,2048,0.000,0.000,auto,30
lltp,ILL/ILLTP-SYJ-cbn,,,SYJ209+1.011.p,intuitionistic,auto,1,false,,5,0,3,,unknown,copy_bound,,two-sided,ILL,109,11,0.705,3057,686,1170,267,0,0,2048,0.000,0.000,auto,30
lltp,ILL/ILLTP-SYJ-cbn,,,SYJ209+1.012.p,intuitionistic,auto,1,false,,5,0,3,,unknown,copy_bound,,two-sided,ILL,118,12,0.803,3878,864,1512,315,0,0,2048,0.000,0.000,auto,30
lltp,ILL/ILLTP-SYJ-cbn,,,SYJ209+1.013.p,intuitionistic,auto,1,false,,5,0,3,,unknown,copy_bound,,two-sided,ILL,127,13,1.090,4833,1070,1915,367,0,0,2048,0.000,0.000,auto,30
lltp,ILL/ILLTP-SYJ-cbn,,,SYJ209+1.014.p,intuitionistic,auto,1,false,,5,0,3,,unknown,copy_bound,,two-sided,ILL,136,14,1.383,5932,1306,2384,423,0,0,2048,0.000,0.009,auto,30
lltp,ILL/ILLTP-SYJ-cbn,,,SYJ209+1.015.p,intuitionistic,auto,1,false,,5,0,3,,unknown,copy_bound,,two-sided,ILL,145,15,1.555,7185,1574,2924,483,0,0,2048,0.000,0.000,auto,30
lltp,ILL/ILLTP-SYJ-cbn,,,SYJ209+1.016.p,intuitionistic,auto,1,false,,5,0,3,,unknown,copy_bound,,two-sided,ILL,154,16,1.875,8602,1876,3540,547,0,0,2048,0.000,0.003,auto,30
lltp,ILL/ILLTP-SYJ-cbn,,,SYJ209+1.017.p,intuitionistic,auto,1,false,,5,0,3,,unknown,copy_bound,,two-sided,ILL,163,17,2.400,10193,2214,4237,615,0,0,2048,0.000,0.003,auto,30
lltp,ILL/ILLTP-SYJ-cbn,,,SYJ209+1.018.p,intuitionistic,auto,1,false,,5,0,3,,unknown,copy_bound,,two-sided,ILL,172,18,2.714,11968,2590,5020,687,0,0,2048,0.000,0.003,auto,30
lltp,ILL/ILLTP-SYJ-cbn,,,SYJ209+1.019.p,intuitionistic,auto,1,false,,5,0,3,,unknown,copy_bound,,two-sided,ILL,181,19,3.158,13937,3006,5894,763,0,0,2048,0.000,0.015,auto,30
lltp,ILL/ILLTP-SYJ-cbn,,,SYJ209+1.020.p,intuitionistic,auto,1,false,,5,0,3,,unknown,copy_bound,,two-sided,ILL,190,20,3.548,16110,3464,6864,843,0,0,2048,0.000,0.003,auto,30
lltp,ILL/ILLTP-SYJ-cbn,,,SYJ210+1.001.p,intuitionistic,auto,1,false,,5,0,3,unprovable,unknown,copy_bound,,two-sided,ILL,17,2,0.082,43,15,11,33,0,0,2048,0.000,0.015,auto,30
lltp,ILL/ILLTP-SYJ-cbn,,,SYJ210+1.002.p,intuitionistic,auto,1,false,,5,0,3,unprovable,unknown,copy_bound,,two-sided,ILL,25,2,0.085,70,34,14,62,0,0,2048,0.000,0.015,auto,30
lltp,ILL/ILLTP-SYJ-cbn,,,SYJ210+1.003.p,intuitionistic,auto,1,false,,5,0,3,unprovable,unknown,copy_bound,,two-sided,ILL,33,2,0.095,114,68,18,106,0,0,2048,0.000,0.014,auto,30
lltp,ILL/ILLTP-SYJ-cbn,,,SYJ210+1.004.p,intuitionistic,auto,1,false,,5,0,3,unprovable,unknown,copy_bound,,two-sided,ILL,41,2,0.106,170,114,22,162,0,0,2048,0.000,0.015,auto,30
lltp,ILL/ILLTP-SYJ-cbn,,,SYJ210+1.005.p,intuitionistic,auto,1,false,,5,0,3,unprovable,unknown,copy_bound,,two-sided,ILL,49,2,0.103,238,172,26,230,0,0,2048,0.000,0.014,auto,30
lltp,ILL/ILLTP-SYJ-cbn,,,SYJ210+1.006.p,intuitionistic,auto,1,false,,5,0,3,unprovable,unknown,copy_bound,,two-sided,ILL,57,2,0.124,318,242,30,310,0,0,2048,0.000,0.014,auto,30
lltp,ILL/ILLTP-SYJ-cbn,,,SYJ210+1.007.p,intuitionistic,auto,1,false,,5,0,3,unprovable,unknown,copy_bound,,two-sided,ILL,65,2,0.134,410,324,34,402,0,0,2048,0.000,0.013,auto,30
lltp,ILL/ILLTP-SYJ-cbn,,,SYJ210+1.008.p,intuitionistic,auto,1,false,,5,0,3,unprovable,unknown,copy_bound,,two-sided,ILL,73,2,0.141,514,418,38,506,0,0,2048,0.000,0.014,auto,30
lltp,ILL/ILLTP-SYJ-cbn,,,SYJ210+1.009.p,intuitionistic,auto,1,false,,5,0,3,unprovable,unknown,copy_bound,,two-sided,ILL,81,2,0.154,630,524,42,622,0,0,2048,0.000,0.013,auto,30
lltp,ILL/ILLTP-SYJ-cbn,,,SYJ210+1.010.p,intuitionistic,auto,1,false,,5,0,3,unprovable,unknown,copy_bound,,two-sided,ILL,89,2,0.172,758,642,46,750,0,0,2048,0.000,0.014,auto,30
lltp,ILL/ILLTP-SYJ-cbn,,,SYJ210+1.011.p,intuitionistic,auto,1,false,,5,0,3,unprovable,unknown,copy_bound,,two-sided,ILL,97,2,0.184,898,772,50,890,0,0,2048,0.000,0.013,auto,30
lltp,ILL/ILLTP-SYJ-cbn,,,SYJ210+1.012.p,intuitionistic,auto,1,false,,5,0,3,unprovable,unknown,copy_bound,,two-sided,ILL,105,2,0.191,1050,914,54,1042,0,0,2048,0.000,0.013,auto,30
lltp,ILL/ILLTP-SYJ-cbn,,,SYJ210+1.013.p,intuitionistic,auto,1,false,,5,0,3,unprovable,unknown,copy_bound,,two-sided,ILL,113,2,0.213,1214,1068,58,1206,0,0,2048,0.000,0.012,auto,30
lltp,ILL/ILLTP-SYJ-cbn,,,SYJ210+1.014.p,intuitionistic,auto,1,false,,5,0,3,unprovable,unknown,copy_bound,,two-sided,ILL,121,2,0.238,1390,1234,62,1382,0,0,2048,0.000,0.015,auto,30
lltp,ILL/ILLTP-SYJ-cbn,,,SYJ210+1.015.p,intuitionistic,auto,1,false,,5,0,3,unprovable,unknown,copy_bound,,two-sided,ILL,129,2,0.262,1578,1412,66,1570,0,0,2048,0.000,0.014,auto,30
lltp,ILL/ILLTP-SYJ-cbn,,,SYJ210+1.016.p,intuitionistic,auto,1,false,,5,0,3,unprovable,unknown,copy_bound,,two-sided,ILL,137,2,0.283,1778,1602,70,1770,0,0,2048,0.000,0.014,auto,30
lltp,ILL/ILLTP-SYJ-cbn,,,SYJ210+1.017.p,intuitionistic,auto,1,false,,5,0,3,unprovable,unknown,copy_bound,,two-sided,ILL,145,2,0.304,1990,1804,74,1982,0,0,2048,0.000,0.015,auto,30
lltp,ILL/ILLTP-SYJ-cbn,,,SYJ210+1.018.p,intuitionistic,auto,1,false,,5,0,3,unprovable,unknown,copy_bound,,two-sided,ILL,153,2,0.325,2214,2018,78,2206,0,0,2048,0.000,0.014,auto,30
lltp,ILL/ILLTP-SYJ-cbn,,,SYJ210+1.019.p,intuitionistic,auto,1,false,,5,0,3,unprovable,unknown,copy_bound,,two-sided,ILL,161,2,0.351,2450,2244,82,2442,0,0,2048,0.000,0.015,auto,30
lltp,ILL/ILLTP-SYJ-cbn,,,SYJ210+1.020.p,intuitionistic,auto,1,false,,5,0,3,unprovable,unknown,copy_bound,,two-sided,ILL,169,2,0.365,2698,2482,86,2690,0,0,2048,0.000,0.014,auto,30
lltp,ILL/ILLTP-SYJ-cbn,,,SYJ211+1.001.p,intuitionistic,auto,1,false,,5,0,3,unprovable,unprovable,,,two-sided,ILL,34,2,0.058,12,5,4,9,0,0,2048,0.000,0.013,auto,30
lltp,ILL/ILLTP-SYJ-cbn,,,SYJ211+1.002.p,intuitionistic,auto,1,false,,5,0,3,unprovable,unprovable,,,two-sided,ILL,48,2,0.067,15,7,5,12,0,0,2048,0.000,0.013,auto,30
lltp,ILL/ILLTP-SYJ-cbn,,,SYJ211+1.003.p,intuitionistic,auto,1,false,,5,0,3,unprovable,unprovable,,,two-sided,ILL,62,2,0.063,18,9,6,15,0,0,2048,0.000,0.012,auto,30
lltp,ILL/ILLTP-SYJ-cbn,,,SYJ211+1.004.p,intuitionistic,auto,1,false,,5,0,3,unprovable,unprovable,,,two-sided,ILL,76,2,0.068,21,11,7,18,0,0,2048,0.000,0.013,auto,30
lltp,ILL/ILLTP-SYJ-cbn,,,SYJ211+1.005.p,intuitionistic,auto,1,false,,5,0,3,unprovable,unprovable,,,two-sided,ILL,90,2,0.067,24,13,8,21,0,0,2048,0.000,0.012,auto,30
lltp,ILL/ILLTP-SYJ-cbn,,,SYJ211+1.006.p,intuitionistic,auto,1,false,,5,0,3,unprovable,unprovable,,,two-sided,ILL,104,2,0.072,27,15,9,24,0,0,2048,0.000,0.013,auto,30
lltp,ILL/ILLTP-SYJ-cbn,,,SYJ211+1.007.p,intuitionistic,auto,1,false,,5,0,3,unprovable,unprovable,,,two-sided,ILL,118,2,0.069,30,17,10,27,0,0,2048,0.000,0.013,auto,30
lltp,ILL/ILLTP-SYJ-cbn,,,SYJ211+1.008.p,intuitionistic,auto,1,false,,5,0,3,unprovable,unprovable,,,two-sided,ILL,132,2,0.073,33,19,11,30,0,0,2048,0.000,0.013,auto,30
lltp,ILL/ILLTP-SYJ-cbn,,,SYJ211+1.009.p,intuitionistic,auto,1,false,,5,0,3,unprovable,unprovable,,,two-sided,ILL,146,2,0.072,36,21,12,33,0,0,2048,0.000,0.016,auto,30
lltp,ILL/ILLTP-SYJ-cbn,,,SYJ211+1.010.p,intuitionistic,auto,1,false,,5,0,3,unprovable,unprovable,,,two-sided,ILL,160,2,0.069,39,23,13,36,0,0,2048,0.000,0.012,auto,30
lltp,ILL/ILLTP-SYJ-cbn,,,SYJ211+1.011.p,intuitionistic,auto,1,false,,5,0,3,unprovable,unprovable,,,two-sided,ILL,174,2,0.069,42,25,14,39,0,0,2048,0.000,0.012,auto,30
lltp,ILL/ILLTP-SYJ-cbn,,,SYJ211+1.012.p,intuitionistic,auto,1,false,,5,0,3,unprovable,unprovable,,,two-sided,ILL,188,2,0.070,45,27,15,42,0,0,2048,0.000,0.012,auto,30
lltp,ILL/ILLTP-SYJ-cbn,,,SYJ211+1.013.p,intuitionistic,auto,1,false,,5,0,3,unprovable,unprovable,,,two-sided,ILL,202,2,0.088,48,29,16,45,0,0,2048,0.000,0.013,auto,30
lltp,ILL/ILLTP-SYJ-cbn,,,SYJ211+1.014.p,intuitionistic,auto,1,false,,5,0,3,unprovable,unprovable,,,two-sided,ILL,216,2,0.073,51,31,17,48,0,0,2048,0.000,0.012,auto,30
lltp,ILL/ILLTP-SYJ-cbn,,,SYJ211+1.015.p,intuitionistic,auto,1,false,,5,0,3,unprovable,unprovable,,,two-sided,ILL,230,2,0.074,54,33,18,51,0,0,2048,0.000,0.012,auto,30
lltp,ILL/ILLTP-SYJ-cbn,,,SYJ211+1.016.p,intuitionistic,auto,1,false,,5,0,3,unprovable,unprovable,,,two-sided,ILL,244,2,0.080,57,35,19,54,0,0,2048,0.000,0.012,auto,30
lltp,ILL/ILLTP-SYJ-cbn,,,SYJ211+1.017.p,intuitionistic,auto,1,false,,5,0,3,unprovable,unprovable,,,two-sided,ILL,258,2,0.083,60,37,20,57,0,0,2048,0.000,0.013,auto,30
lltp,ILL/ILLTP-SYJ-cbn,,,SYJ211+1.018.p,intuitionistic,auto,1,false,,5,0,3,unprovable,unprovable,,,two-sided,ILL,272,2,0.081,63,39,21,60,0,0,2048,0.000,0.013,auto,30
lltp,ILL/ILLTP-SYJ-cbn,,,SYJ211+1.019.p,intuitionistic,auto,1,false,,5,0,3,unprovable,unprovable,,,two-sided,ILL,286,2,0.079,66,41,22,63,0,0,2048,0.000,0.012,auto,30
lltp,ILL/ILLTP-SYJ-cbn,,,SYJ211+1.020.p,intuitionistic,auto,1,false,,5,0,3,unprovable,unprovable,,,two-sided,ILL,300,2,0.083,69,43,23,66,0,0,2048,0.000,0.012,auto,30
lltp,ILL/ILLTP-SYJ-cbn,,,SYJ212+1.001.p,intuitionistic,auto,1,false,,5,0,3,unprovable,proved,,ok,two-sided,ILL,18,2,0.063,20,6,6,16,0,0,2048,0.000,0.011,auto,30
lltp,ILL/ILLTP-SYJ-cbn,,,SYJ212+1.002.p,intuitionistic,auto,1,false,,5,0,3,unprovable,unprovable,,,two-sided,ILL,59,4,0.065,12,2,5,5,0,0,2048,0.000,0.012,auto,30
lltp,ILL/ILLTP-SYJ-cbn,,,SYJ212+1.003.p,intuitionistic,auto,1,false,,5,0,3,unprovable,unknown,copy_bound,,two-sided,ILL,141,8,0.128,186,85,63,118,0,0,2048,0.000,0.012,auto,30
lltp,ILL/ILLTP-SYJ-cbn,,,SYJ212+1.004.p,intuitionistic,auto,1,false,,5,0,3,unprovable,unknown,copy_bound,,two-sided,ILL,305,16,0.246,474,246,165,294,0,0,2048,0.000,0.013,auto,30
lltp,ILL/ILLTP-SYJ-cbn,,,SYJ212+1.005.p,intuitionistic,auto,1,false,,5,0,3,unprovable,unknown,copy_bound,,two-sided,ILL,633,32,0.398,991,573,329,564,0,0,2048,0.000,0.015,auto,30
lltp,ILL/ILLTP-SYJ-cbn,,,SYJ212+1.006.p,intuitionistic,auto,1,false,,5,0,3,unprovable,unknown,copy_bound,,two-sided,ILL,1289,64,0.809,1836,1145,573,946,0,0,2048,0.000,0.003,auto,30
lltp,ILL/ILLTP-SYJ-cbn,,,SYJ212+1.007.p,intuitionistic,auto,1,false,,5,0,3,unprovable,unknown,copy_bound,,two-sided,ILL,2601,128,1.553,3126,2063,913,1458,0,0,2048,0.000,1.113,auto,30
lltp,ILL/ILLTP-SYJ-cbn,,,SYJ212+1.008.p,intuitionistic,auto,1,false,,5,0,3,unprovable,unknown,copy_bound,,two-sided,ILL,5225,256,3.527,4996,3446,1365,2118,0,0,2048,0.000,0.398,auto,30
lltp,ILL/ILLTP-SYJ-cbn,,,SYJ212+1.009.p,intuitionistic,auto,1,false,,5,0,3,unprovable,unknown,copy_bound,,two-sided,ILL,10473,512,9.005,7599,5431,1945,2944,0,0,2048,0.000,1.660,auto,30
lltp,ILL/ILLTP-SYJ-cbn,,,SYJ212+1.010.p,intuitionistic,auto,1,false,,5,0,3,unprovable,unknown,copy_bound,,two-sided,ILL,20969,1024,22.353,11106,8173,2669,3954,0,0,2048,20.000,1.536,auto,30
lltp,ILL/ILLTP-SYJ-cbn,,,SYJ212+1.011.p,intuitionistic,auto,1,false,,5,0,3,unprovable,unknown,copy_bound,,two-sided,ILL,41961,2048,57.090,15706,11845,3553,5166,0,0,2048,50.000,4.930,auto,30
lltp,ILL/ILLTP-SYJ-cbn,,,SYJ212+1.012.p,intuitionistic,auto,1,false,,5,0,3,unprovable,unknown,copy_bound,,two-sided,ILL,83945,4096,153.061,21606,16638,4613,6598,0,0,2048,150.000,16.868,auto,30
lltp,ILL/ILLTP-SYJ-cbn,,,SYJ212+1.013.p,intuitionistic,auto,1,false,,5,0,3,unprovable,unknown,copy_bound,,two-sided,ILL,167913,8192,411.317,29031,22761,5865,8268,0,0,2048,410.000,29.504,auto,30
lltp,ILL/ILLTP-SYJ-cbn,,,SYJ212+1.014.p,intuitionistic,auto,1,false,,5,0,3,unprovable,unknown,copy_bound,,two-sided,ILL,335849,16384,1095.320,38224,30441,7325,10194,0,0,2048,1090.000,62.819,auto,30
lltp,ILL/ILLTP-SYJ-cbn,,,SYJ212+1.015.p,intuitionistic,auto,1,false,,5,0,3,unprovable,unknown,copy_bound,,two-sided,ILL,671721,32768,2868.225,49446,39923,9009,12394,0,0,2048,2850.000,166.876,auto,30
lltp,ILL/ILLTP-SYJ-cbn,,,SYJ212+1.016.p,intuitionistic,auto,1,false,,5,0,3,unprovable,unknown,timeout,,two-sided,ILL,1343465,65536,5141.973,39043,29546,9103,9653,0,0,2048,5120.000,369.270,auto,30
lltp,ILL/ILLTP-SYJ-cbn,,,SYJ212+1.017.p,intuitionistic,auto,1,false,,5,0,3,unprovable,unknown,timeout,,two-sided,ILL,2686953,131072,5141.634,14336,9722,4439,3891,0,0,2048,5130.000,760.588,auto,30
lltp,ILL/ILLTP-SYJ-cbn,,,SYJ212+1.018.p,intuitionistic,auto,1,false,,5,0,3,unprovable,unknown,timeout,,two-sided,ILL,5373929,262144,5132.486,5504,3495,1946,1369,0,0,2048,5110.000,562.358,auto,30
lltp,ILL/ILLTP-SYJ-cbn,,,SYJ212+1.019.p,intuitionistic,auto,1,false,,5,0,3,unprovable,unknown,timeout,,two-sided,ILL,10747881,524288,5314.520,1473,372,1083,376,0,0,2048,5280.000,621.712,auto,30
lltp,ILL/ILLTP-SYJ-cbn,,,SYJ212+1.020.p,intuitionistic,auto,1,false,,5,0,,,unknown,killed,,,,,,10616.093,,,,,,,,,,auto,30
lltp,ILL/ILLTP-SYJ-cbv,,,SYJ101+1.p,intuitionistic,auto,1,false,,5,0,3,provable,proved,,ok,two-sided,IMELL,4,1,0.018,4,0,2,0,0,0,2048,0.000,0.000,auto,30
lltp,ILL/ILLTP-SYJ-cbv,,,SYJ102+1.p,intuitionistic,auto,1,false,,5,0,3,provable,proved,,ok,two-sided,ILL,10,1,0.024,12,1,5,3,0,0,2048,0.000,0.000,auto,30
lltp,ILL/ILLTP-SYJ-cbv,,,SYJ103+1.p,intuitionistic,auto,1,false,,5,0,3,provable,unknown,copy_bound,,two-sided,ILL,22,2,0.042,62,26,15,31,0,0,2048,0.000,0.000,auto,30
lltp,ILL/ILLTP-SYJ-cbv,,,SYJ104+1.p,intuitionistic,auto,1,false,,5,0,3,provable,proved,,ok,two-sided,IMELL,12,1,0.026,16,1,8,4,0,0,2048,0.000,0.000,auto,30
lltp,ILL/ILLTP-SYJ-cbv,,,SYJ105+1.002.p,intuitionistic,auto,1,false,,5,0,3,provable,proved,,ok,two-sided,ILL,14,1,0.030,22,5,6,7,0,0,2048,0.000,0.000,auto,30
lltp,ILL/ILLTP-SYJ-cbv,,,SYJ105+1.003.p,intuitionistic,auto,1,false,,5,0,3,provable,unknown,copy_bound,,two-sided,ILL,23,2,0.036,33,11,8,21,0,0,2048,0.000,0.000,auto,30
lltp,ILL/ILLTP-SYJ-cbv,,,SYJ105+1.004.p,intuitionistic,auto,1,false,,5,0,3,provable,unknown,copy_bound,,two-sided,ILL,32,2,0.037,34,12,8,25,0,0,2048,0.000,0.000,auto,30
lltp,ILL/ILLTP-SYJ-cbv,,,SYJ106+1.p,intuitionistic,auto,1,false,,5,0,3,provable,unknown,copy_bound,,two-sided,ILL,47,2,0.070,109,41,36,95,0,0,2048,0.000,0.000,auto,30
lltp,ILL/ILLTP-SYJ-cbv,,,SYJ107+1.001.p,intuitionistic,auto,1,false,,5,0,3,provable,proved,,ok,two-sided,ILL,18,2,0.026,17,0,14,3,0,0,2048,0.000,0.000,auto,30
lltp,ILL/ILLTP-SYJ-cbv,,,SYJ107+1.002.p,intuitionistic,auto,1,false,,5,0,3,provable,proved,,ok,two-sided,ILL,36,2,0.091,199,61,119,72,0,0,2048,0.000,0.000,auto,30
lltp,ILL/ILLTP-SYJ-cbv,,,SYJ107+1.003.p,intuitionistic,auto,1,false,,5,0,3,provable,proved,,ok,two-sided,ILL,54,2,0.357,1368,646,609,574,0,0,2048,0.000,0.000,auto,30
lltp,ILL/ILLTP-SYJ-cbv,,,SYJ107+1.004.p,intuitionistic,auto,1,false,,5,0,3,provable,unknown,copy_bound,,two-sided,ILL,72,2,0.165,746,489,161,421,0,0,2048,0.000,0.000,auto,30
lltp,ILL/ILLTP-SYJ-cbv,,,SYJ201+1.001.p,intuitionistic,auto,1,false,,5,0,3,provable,unknown,copy_bound,,two-sided,IMELL,77,5,0.098,215,103,76,274,0,0,2048,0.000,0.000,auto,30
lltp,ILL/ILLTP-SYJ-cbv,,,SYJ201+1.002.p,intuitionistic,auto,1,false,,5,0,3,provable,unknown,copy_bound,,two-sided,IMELL,159,7,0.238,666,336,254,914,0,0,2048,0.000,0.000,auto,30
lltp,ILL/ILLTP-SYJ-cbv,,,SYJ201+1.003.p,intuitionistic,auto,1,false,,5,0,3,provable,unknown,copy_bound,,two-sided,IMELL,265,9,0.502,1509,785,592,2146,0,0,2048,0.000,0.000,auto,30
lltp,ILL/ILLTP-SYJ-cbv,,,SYJ201+1.004.p,intuitionistic,auto,1,false,,5,0,3,provable,unknown,copy_bound,,two-sided,IMELL,395,11,0.957,2864,1522,1138,4162,0,0,2048,0.000,0.000,auto,30
lltp,ILL/ILLTP-SYJ-cbv,,,SYJ201+1.005.p,intuitionistic,auto,1,false,,5,0,3,provable,unknown,copy_bound,,two-sided,IMELL,549,13,1.758,4851,2619,1940,7154,0,0,2048,0.000,0.003,auto,30
lltp,ILL/ILLTP-SYJ-cbv,,,SYJ201+1.006.p,intuitionistic,auto,1,false,,5,0,3,provable,unknown,copy_bound,,two-sided,IMELL,727,15,2.844,7590,4148,3046,11314,0,0,2048,0.000,0.015,auto,30
lltp,ILL/ILLTP-SYJ-cbv,,,SYJ201+1.007.p,intuitionistic,auto,1,false,,5,0,3,provable,unknown,copy_bound,,two-sided,IMELL,929,17,4.509,11201,6181,4504,16834,0,0,2048,0.000,0.005,auto,30
lltp,ILL/ILLTP-SYJ-cbv,,,SYJ201+1.008.p,intuitionistic,auto,1,false,,5,0,3,provable,unknown,copy_bound,,two-sided,IMELL,1155,19,6.951,15804,8790,6362,23906,0,0,2048,0.000,0.022,auto,30
lltp,ILL/ILLTP-SYJ-cbv,,,SYJ201+1.009.p,intuitionistic,auto,1,false,,5,0,3,provable,unknown,copy_bound,,two-sided,IMELL,1405,21,11.074,21519,12047,8668,32722,0,0,2048,0.000,0.010,auto,30
lltp,ILL/ILLTP-SYJ-cbv,,,SYJ201+1.010.p,intuitionistic,auto,1,false,,5,0,3,provable,unknown,copy_bound,,two-sided,IMELL,1679,23,15.543,28466,16024,11470,43474,0,0,2048,10.000,0.034,auto,30
lltp,ILL/ILLTP-SYJ-cbv,,,SYJ201+1.011.p,intuitionistic,auto,1,false,,5,0,3,provable,unknown,copy_bound,,two-sided,IMELL,1977,25,23.433,36765,20793,14816,56354,0,0,2048,20.000,0.036,auto,30
lltp,ILL/ILLTP-SYJ-cbv,,,SYJ201+1.012.p,intuitionistic,auto,1,false,,5,0,3,provable,unknown,copy_bound,,two-sided,IMELL,2299,27,31.361,46536,26426,18754,71554,0,0,2048,20.000,0.039,auto,30
lltp,ILL/ILLTP-SYJ-cbv,,,SYJ201+1.013.p,intuitionistic,auto,1,false,,5,0,3,provable,unknown,copy_bound,,two-sided,IMELL,2645,29,41.778,57899,32995,23332,89266,0,0,2048,30.000,0.055,auto,30
lltp,ILL/ILLTP-SYJ-cbv,,,SYJ201+1.014.p,intuitionistic,auto,1,false,,5,0,3,provable,unknown,copy_bound,,two-sided,IMELL,3015,31,53.443,70974,40572,28598,109682,0,0,2048,50.000,0.062,auto,30
lltp,ILL/ILLTP-SYJ-cbv,,,SYJ201+1.015.p,intuitionistic,auto,1,false,,5,0,3,provable,unknown,copy_bound,,two-sided,IMELL,3409,33,76.839,85881,49229,34600,132994,0,0,2048,60.000,0.339,auto,30
lltp,ILL/ILLTP-SYJ-cbv,,,SYJ201+1.016.p,intuitionistic,auto,1,false,,5,0,3,provable,unknown,copy_bound,,two-sided,IMELL,3827,35,96.282,102740,59038,41386,159394,0,0,2048,90.000,0.115,auto,30
lltp,ILL/ILLTP-SYJ-cbv,,,SYJ201+1.017.p,intuitionistic,auto,1,false,,5,0,3,provable,unknown,copy_bound,,two-sided,IMELL,4269,37,123.690,121671,70071,49004,189074,0,0,2048,120.000,0.173,auto,30
lltp,ILL/ILLTP-SYJ-cbv,,,SYJ201+1.018.p,intuitionistic,auto,1,false,,5,0,3,provable,unknown,copy_bound,,two-sided,IMELL,4735,39,167.393,142794,82400,57502,222226,0,0,2048,160.000,0.198,auto,30
lltp,ILL/ILLTP-SYJ-cbv,,,SYJ201+1.019.p,intuitionistic,auto,1,false,,5,0,3,provable,unknown,copy_bound,,two-sided,IMELL,5225,41,199.838,166229,96097,66928,259042,0,0,2048,190.000,0.230,auto,30
lltp,ILL/ILLTP-SYJ-cbv,,,SYJ201+1.020.p,intuitionistic,auto,1,false,,5,0,3,provable,unknown,copy_bound,,two-sided,IMELL,5739,43,235.313,192096,111234,77330,299714,0,0,2048,230.000,0.232,auto,30
lltp,ILL/ILLTP-SYJ-cbv,,,SYJ202+1.001.p,intuitionistic,auto,1,false,,5,0,3,provable,proved,,ok,two-sided,ILL,9,1,0.017,5,0,3,0,0,0,2048,0.000,0.000,auto,30
lltp,ILL/ILLTP-SYJ-cbv,,,SYJ202+1.002.p,intuitionistic,auto,1,false,,5,0,3,provable,proved,,ok,two-sided,ILL,50,2,0.040,54,6,46,32,0,0,2048,0.000,0.000,auto,30
lltp,ILL/ILLTP-SYJ-cbv,,,SYJ202+1.003.p,intuitionistic,auto,1,false,,5,0,3,provable,proved,,ok,two-sided,ILL,139,3,0.333,949,282,665,672,0,0,2048,0.000,0.000,auto,30
lltp,ILL/ILLTP-SYJ-cbv,,,SYJ202+1.004.p,intuitionistic,auto,1,false,,5,0,3,provable,proved,,ok,two-sided,ILL,294,4,6.809,20545,8922,11621,16174,0,0,2048,0.000,0.007,auto,30
lltp,ILL/ILLTP-SYJ-cbv,,,SYJ202+1.005.p,intuitionistic,auto,1,false,,5,0,3,provable,proved,,ok,two-sided,ILL,533,5,268.584,493891,261120,232769,413100,0,0,2048,260.000,0.570,auto,30
lltp,ILL/ILLTP-SYJ-cbv,,,SYJ202+1.006.p,intuitionistic,auto,1,false,,5,0,3,provable,unknown,timeout,,two-sided,ILL,874,6,5409.045,9791680,5738437,1048576,8403536,0,0,2048,5380.000,5.349,auto,30
lltp,ILL/ILLTP-SYJ-cbv,,,SYJ202+1.007.p,intuitionistic,auto,1,false,,5,0,3,provable,unknown,timeout,,two-sided,ILL,1335,7,5155.980,9523200,4793688,1048576,7251586,0,0,2048,5130.000,5.198,auto,30
lltp,ILL/ILLTP-SYJ-cbv,,,SYJ202+1.008.p,intuitionistic,auto,1,false,,5,0,3,provable,unknown,timeout,,two-sided,ILL,1934,8,5292.292,6291520,0,1048576,2097365,0,0,2048,5260.000,5.791,auto,30
lltp,ILL/ILLTP-SYJ-cbv,,,SYJ202+1.009.p,intuitionistic,auto,1,false,,5,0,3,provable,unknown,timeout,,two-sided,ILL,2689,9,5081.419,5400512,0,1048576,1800440,0,0,2048,5060.000,5.864,auto,30
lltp,ILL/ILLTP-SYJ-cbv,,,SYJ202+1.010.p,intuitionistic,auto,1,false,,5,0,3,,unknown,timeout,,two-sided,ILL,3618,10,5277.468,5083456,0,1048576,1694852,0,0,2048,5250.000,6.605,auto,30
lltp,ILL/ILLTP-SYJ-cbv,,,SYJ202+1.011.p,intuitionistic,auto,1,false,,5,0,3,,unknown,timeout,,two-sided,ILL,4739,22,5041.116,4194368,0,1048576,1398606,0,0,2048,5020.000,7.288,auto,30
lltp,ILL/ILLTP-SYJ-cbv,,,SYJ202+1.012.p,intuitionistic,auto,1,false,,5,0,3,,unknown,timeout,,two-sided,ILL,6070,24,5207.477,3717056,0,1048576,1239642,0,0,2048,5180.000,7.486,auto,30
lltp,ILL/ILLTP-SYJ-cbv,,,SYJ202+1.013.p,intuitionistic,auto,1,false,,5,0,3,,unknown,timeout,,two-sided,ILL,7629,26,5206.546,3145792,0,1048576,1049386,0,0,2048,5180.000,9.566,auto,30
lltp,ILL/ILLTP-SYJ-cbv,,,SYJ202+1.014.p,intuitionistic,auto,1,false,,5,0,3,,unknown,timeout,,two-sided,ILL,9434,28,5178.383,2408000,0,1048576,803646,0,0,2048,5160.000,10.407,auto,30
lltp,ILL/ILLTP-SYJ-cbv,,,SYJ202+1.015.p,intuitionistic,auto,1,false,,5,0,3,,unknown,timeout,,two-sided,ILL,11503,30,5256.195,2097216,0,1048576,700272,0,0,2048,5240.000,8.229,auto,30
lltp,ILL/ILLTP-SYJ-cbv,,,SYJ202+1.016.p,intuitionistic,auto,1,false,,5,0,3,,unknown,recursion_limit,,two-sided,ILL,13854,32,6.653,2026,0,2025,2026,0,0,2048,10.000,0.018,auto,30
lltp,ILL/ILLTP-SYJ-cbv,,,SYJ202+1.017.p,intuitionistic,auto,1,false,,5,0,3,,unknown,recursion_limit,,two-sided,ILL,16505,34,7.962,2025,0,2024,2025,0,0,2048,10.000,0.019,auto,30
lltp,ILL/ILLTP-SYJ-cbv,,,SYJ202+1.018.p,intuitionistic,auto,1,false,,5,0,3,,unknown,recursion_limit,,two-sided,ILL,19474,36,9.039,2024,0,2023,2024,0,0,2048,10.000,0.025,auto,30
lltp,ILL/ILLTP-SYJ-cbv,,,SYJ202+1.019.p,intuitionistic,auto,1,false,,5,0,3,,unknown,recursion_limit,,two-sided,ILL,22779,38,10.691,2023,0,2022,2023,0,0,2048,10.000,0.023,auto,30
lltp,ILL/ILLTP-SYJ-cbv,,,SYJ202+1.020.p,intuitionistic,auto,1,false,,5,0,3,,unknown,recursion_limit,,two-sided,ILL,26438,40,12.476,2022,0,2021,2022,0,0,2048,10.000,0.042,auto,30
lltp,ILL/ILLTP-SYJ-cbv,,,SYJ203+1.001.p,intuitionistic,auto,1,false,,5,0,3,provable,proved,,ok,two-sided,ILL,15,2,0.038,34,11,10,10,0,0,2048,0.000,0.000,auto,30
lltp,ILL/ILLTP-SYJ-cbv,,,SYJ203+1.002.p,intuitionistic,auto,1,false,,5,0,3,provable,unknown,copy_bound,,two-sided,ILL,25,3,0.059,132,73,29,68,0,0,2048,0.000,0.000,auto,30
lltp,ILL/ILLTP-SYJ-cbv,,,SYJ203+1.003.p,intuitionistic,auto,1,false,,5,0,3,provable,unknown,copy_bound,,two-sided,ILL,35,4,0.083,264,151,67,114,0,0,2048,0.000,0.000,auto,30
lltp,ILL/ILLTP-SYJ-cbv,,,SYJ203+1.004.p,intuitionistic,auto,1,false,,5,0,3,provable,unknown,copy_bound,,two-sided,ILL,45,5,0.126,464,268,130,160,0,0,2048,0.000,0.000,auto,30
lltp,ILL/ILLTP-SYJ-cbv,,,SYJ203+1.005.p,intuitionistic,auto,1,false,,5,0,3,provable,unknown,copy_bound,,two-sided,ILL,55,6,0.166,749,435,224,214,0,0,2048,0.000,0.000,auto,30
lltp,ILL/ILLTP-SYJ-cbv,,,SYJ203+1.006.p,intuitionistic,auto,1,false,,5,0,3,provable,unknown,copy_bound,,two-sided,ILL,65,7,0.236,1134,661,355,276,0,0,2048,0.000,0.000,auto,30
lltp,ILL/ILLTP-SYJ-cbv,,,SYJ203+1.007.p,intuitionistic,auto,1,false,,5,0,3,provable,unknown,copy_bound,,two-sided,ILL,75,8,0.347,1634,955,529,346,0,0,2048,0.000,0.000,auto,30
lltp,ILL/ILLTP-SYJ-cbv,,,SYJ203+1.008.p,intuitionistic,auto,1,false,,5,0,3,provable,unknown,copy_bound,,two-sided,ILL,85,9,0.425,2264,1326,752,424,0,0,2048,0.000,0.000,auto,30
lltp,ILL/ILLTP-SYJ-cbv,,,SYJ203+1.009.p,intuitionistic,auto,1,false,,5,0,3,provable,unknown,copy_bound,,two-sided,ILL,95,10,0.601,3039,1783,1030,510,0,0,2048,0.000,0.000,auto,30
lltp,ILL/ILLTP-SYJ-cbv,,,SYJ203+1.010.p,intuitionistic,auto,1,false,,5,0,3,provable,unknown,copy_bound,,two-sided,ILL,105,11,0.714,3974,2335,1369,604,0,0,2048,0.000,0.000,auto,30
lltp,ILL/ILLTP-SYJ-cbv,,,SYJ203+1.011.p,intuitionistic,auto,1,false,,5,0,3,provable,unknown,copy_bound,,two-sided,ILL,115,12,0.914,5084,2991,1775,706,0,0,2048,0.000,0.000,auto,30
lltp,ILL/ILLTP-SYJ-cbv,,,SYJ203+1.012.p,intuitionistic,auto,1,false,,5,0,3,provable,unknown,copy_bound,,two-sided,ILL,125,13,1.149,6384,3760,2254,816,0,0,2048,0.000,0.000,auto,30
lltp,ILL/ILLTP-SYJ-cbv,,,SYJ203+1.013.p,intuitionistic,auto,1,false,,5,0,3,provable,unknown,copy_bound,,two-sided,ILL,135,14,1.546,7889,4651,2812,934,0,0,2048,0.000,0.006,auto,30
lltp,ILL/ILLTP-SYJ-cbv,,,SYJ203+1.014.p,intuitionistic,auto,1,false,,5,0,3,provable,unknown,copy_bound,,two-sided,ILL,145,15,1.713,9614,5673,3455,1060,0,0,2048,0.000,0.003,auto,30
lltp,ILL/ILLTP-SYJ-cbv,,,SYJ203+1.015.p,intuitionistic,auto,1,false,,5,0,3,provable,unknown,copy_bound,,two-sided,ILL,155,16,2.260,11574,6835,4189,1194,0,0,2048,0.000,0.003,auto,30
lltp,ILL/ILLTP-SYJ-cbv,,,SYJ203+1.016.p,intuitionistic,auto,1,false,,5,0,3,provable,unknown,copy_bound,,two-sided,ILL,165,17,2.557,13784,8146,5020,1336,0,0,2048,0.000,0.003,auto,30
lltp,ILL/ILLTP-SYJ-cbv,,,SYJ203+1.017.p,intuitionistic,auto,1,false,,5,0,3,provable,unknown,copy_bound,,two-sided,ILL,175,18,2.888,16259,9615,5954,1486,0,0,2048,0.000,0.003,auto,30
lltp,ILL/ILLTP-SYJ-cbv,,,SYJ203+1.018.p,intuitionistic,auto,1,false,,5,0,3,provable,unknown,copy_bound,,two-sided,ILL,185,19,3.541,19014,11251,6997,1644,0,0,2048,0.000,0.010,auto,30
lltp,ILL/ILLTP-SYJ-cbv,,,SYJ203+1.019.p,intuitionistic,auto,1,false,,5,0,3,provable,unknown,copy_bound,,two-sided,ILL,195,20,4.602,22064,13063,8155,1810,0,0,2048,0.000,0.015,auto,30
lltp,ILL/ILLTP-SYJ-cbv,,,SYJ203+1.020.p,intuitionistic,auto,1,false,,5,0,3,provable,unknown,copy_bound,,two-sided,ILL,205,21,5.123,25424,15060,9434,1984,0,0,2048,0.000,0.018,auto,30
lltp,ILL/ILLTP-SYJ-cbv,,,SYJ204+1.001.p,intuitionistic,auto,1,false,,5,0,3,provable,proved,,ok,two-sided,IMELL,14,2,0.031,25,7,8,11,0,0,2048,0.000,0.000,auto,30
lltp,ILL/ILLTP-SYJ-cbv,,,SYJ204+1.002.p,intuitionistic,auto,1,false,,5,0,3,provable,unknown,copy_bound,,two-sided,IMELL,24,2,0.037,57,29,14,37,0,0,2048,0.000,0.000,auto,30
lltp,ILL/ILLTP-SYJ-cbv,,,SYJ204+1.003.p,intuitionistic,auto,1,false,,5,0,3,provable,unknown,copy_bound,,two-sided,IMELL,34,2,0.041,83,49,17,62,0,0,2048,0.000,0.000,auto,30
lltp,ILL/ILLTP-SYJ-cbv,,,SYJ204+1.004.p,intuitionistic,auto,1,false,,5,0,3,provable,unknown,copy_bound,,two-sided,IMELL,44,2,0.045,115,75,20,93,0,0,2048,0.000,0.000,auto,30
lltp,ILL/ILLTP-SYJ-cbv,,,SYJ204+1.005.p,intuitionistic,auto,1,false,,5,0,3,provable,unknown,copy_bound,,two-sided,IMELL,54,2,0.048,153,107,23,130,0,0,2048,0.000,0.000,auto,30
lltp,ILL/ILLTP-SYJ-cbv,,,SYJ204+1.006.p,intuitionistic,auto,1,false,,5,0,3,provable,unknown,copy_bound,,two-sided,IMELL,64,2,0.055,197,145,26,173,0,0,2048,0.000,0.000,auto,30
lltp,ILL/ILLTP-SYJ-cbv,,,SYJ204+1.007.p,intuitionistic,auto,1,false,,5,0,3,provable,unknown,copy_bound,,two-sided,IMELL,74,2,0.064,247,189,29,222,0,0,2048,0.000,0.000,auto,30
lltp,ILL/ILLTP-SYJ-cbv,,,SYJ204+1.008.p,intuitionistic,auto,1,false,,5,0,3,provable,unknown,copy_bound,,two-sided,IMELL,84,2,0.071,303,239,32,277,0,0,2048,0.000,0.000,auto,30
lltp,ILL/ILLTP-SYJ-cbv,,,SYJ204+1.009.p,intuitionistic,auto,1,false,,5,0,3,provable,unknown,copy_bound,,two-sided,IMELL,94,2,0.077,365,295,35,338,0,0,2048,0.000,0.000,auto,30
lltp,ILL/ILLTP-SYJ-cbv,,,SYJ204+1.010.p,intuitionistic,auto,1,false,,5,0,3,provable,unknown,copy_bound,,two-sided,IMELL,104,2,0.081,433,357,38,405,0,0,2048,0.000,0.000,auto,30
lltp,ILL/ILLTP-SYJ-cbv,,,SYJ204+1.011.p,intuitionistic,auto,1,false,,5,0,3,provable,unknown,copy_bound,,two-sided,IMELL,114,2,0.093,507,425,41,478,0,0,2048,0.000,0.000,auto,30
lltp,ILL/ILLTP-SYJ-cbv,,,SYJ204+1.012.p,intuitionistic,auto,1,false,,5,0,3,provable,unknown,copy_bound,,two-sided,IMELL,124,2,0.098,587,499,44,557,0,0,2048,0.000,0.000,auto,30
lltp,ILL/ILLTP-SYJ-cbv,,,SYJ204+1.013.p,intuitionistic,auto,1,false,,5,0,3,provable,unknown,copy_bound,,two-sided,IMELL,134,2,0.113,673,579,47,642,0,0,2048,0.000,0.000,auto,30
lltp,ILL/ILLTP-SYJ-cbv,,,SYJ204+1.014.p,intuitionistic,auto,1,false,,5,0,3,provable,unknown,copy_bound,,two-sided,IMELL,144,2,0.125,765,665,50,733,0,0,2048,0.000,0.000,auto,30
lltp,ILL/ILLTP-SYJ-cbv,,,SYJ204+1.015.p,intuitionistic,auto,1,false,,5,0,3,provable,unknown,copy_bound,,two-sided,IMELL,154,2,0.134,863,757,53,830,0,0,2048,0.000,0.000,auto,30
lltp,ILL/ILLTP-SYJ-cbv,,,SYJ204+1.016.p,intuitionistic,auto,1,false,,5,0,3,provable,unknown,copy_bound,,two-sided,IMELL,164,2,0.139,967,855,56,933,0,0,2048,0.000,0.000,auto,30
lltp,ILL/ILLTP-SYJ-cbv,,,SYJ204+1.017.p,intuitionistic,auto,1,false,,5,0,3,provable,unknown,copy_bound,,two-sided,IMELL,174,2,0.163,1077,959,59,1042,0,0,2048,0.000,0.000,auto,30
lltp,ILL/ILLTP-SYJ-cbv,,,SYJ204+1.018.p,intuitionistic,auto,1,false,,5,0,3,provable,unknown,copy_bound,,two-sided,IMELL,184,2,0.163,1193,1069,62,1157,0,0,2048,0.000,0.000,auto,30
lltp,ILL/ILLTP-SYJ-cbv,,,SYJ204+1.019.p,intuitionistic,auto,1,false,,5,0,3,provable,unknown,copy_bound,,two-sided,IMELL,194,2,0.172,1315,1185,65,1278,0,0,2048,0.000,0.000,auto,30
lltp,ILL/ILLTP-SYJ-cbv,,,SYJ204+1.020.p,intuitionistic,auto,1,false,,5,0,3,provable,unknown,copy_bound,,two-sided,IMELL,204,2,0.188,1443,1307,68,1405,0,0,2048,0.000,0.000,auto,30
lltp,ILL/ILLTP-SYJ-cbv,,,SYJ205+1.001.p,intuitionistic,auto,1,false,,5,0,3,provable,proved,,ok,two-sided,IMELL,65,2,0.068,130,45,48,82,0,0,2048,0.000,0.000,auto,30
lltp,ILL/ILLTP-SYJ-cbv,,,SYJ205+1.002.p,intuitionistic,auto,1,false,,5,0,3,provable,unknown,copy_bound,,two-sided,IMELL,87,2,0.085,263,139,74,180,0,0,2048,0.000,0.000,auto,30
lltp,ILL/ILLTP-SYJ-cbv,,,SYJ205+1.003.p,intuitionistic,auto,1,false,,5,0,3,provable,unknown,copy_bound,,two-sided,IMELL,109,2,0.126,462,253,139,324,0,0,2048,0.000,0.000,auto,30
lltp,ILL/ILLTP-SYJ-cbv,,,SYJ205+1.004.p,intuitionistic,auto,1,false,,5,0,3,provable,unknown,copy_bound,,two-sided,IMELL,131,2,0.193,746,417,235,532,0,0,2048,0.000,0.000,auto,30
lltp,ILL/ILLTP-SYJ-cbv,,,SYJ205+1.005.p,intuitionistic,auto,1,false,,5,0,3,provable,unknown,copy_bound,,two-sided,IMELL,153,2,0.257,1130,640,368,816,0,0,2048,0.000,0.000,auto,30
lltp,ILL/ILLTP-SYJ-cbv,,,SYJ205+1.006.p,intuitionistic,auto,1,false,,5,0,3,provable,unknown,copy_bound,,two-sided,IMELL,175,2,0.358,1629,931,544,1188,0,0,2048,0.000,0.000,auto,30
lltp,ILL/ILLTP-SYJ-cbv,,,SYJ205+1.007.p,intuitionistic,auto,1,false,,5,0,3,provable,unknown,copy_bound,,two-sided,IMELL,197,2,0.455,2258,1299,769,1660,0,0,2048,0.000,0.000,auto,30
lltp,ILL/ILLTP-SYJ-cbv,,,SYJ205+1.008.p,intuitionistic,auto,1,false,,5,0,3,provable,unknown,copy_bound,,two-sided,IMELL,219,2,0.618,3032,1753,1049,2244,0,0,2048,0.000,0.000,auto,30
lltp,ILL/ILLTP-SYJ-cbv,,,SYJ205+1.009.p,intuitionistic,auto,1,false,,5,0,3,provable,unknown,copy_bound,,two-sided,IMELL,241,2,0.755,3966,2302,1390,2952,0,0,2048,0.000,0.000,auto,30
lltp,ILL/ILLTP-SYJ-cbv,,,SYJ205+1.010.p,intuitionistic,auto,1,false,,5,0,3,provable,unknown,copy_bound,,two-sided,IMELL,263,2,1.095,5075,2955,1798,3796,0,0,2048,0.000,0.000,auto,30
lltp,ILL/ILLTP-SYJ-cbv,,,SYJ205+1.011.p,intuitionistic,auto,1,false,,5,0,3,provable,unknown,copy_bound,,two-sided,IMELL,285,2,1.307,6374,3721,2279,4788,0,0,2048,0.000,0.000,auto,30
lltp,ILL/ILLTP-SYJ-cbv,,,SYJ205+1.012.p,intuitionistic,auto,1,false,,5,0,3,provable,unknown,copy_bound,,two-sided,IMELL,307,2,1.599,7878,4609,2839,5940,0,0,2048,0.000,0.002,auto,30
lltp,ILL/ILLTP-SYJ-cbv,,,SYJ205+1.013.p,intuitionistic,auto,1,false,,5,0,3,provable,unknown,copy_bound,,two-sided,IMELL,329,2,1.983,9602,5628,3484,7264,0,0,2048,0.000,0.002,auto,30
lltp,ILL/ILLTP-SYJ-cbv,,,SYJ205+1.014.p,intuitionistic,auto,1,false,,5,0,3,provable,unknown,copy_bound,,two-sided,IMELL,351,2,2.555,11561,6787,4220,8772,0,0,2048,0.000,0.002,auto,30
lltp,ILL/ILLTP-SYJ-cbv,,,SYJ205+1.015.p,intuitionistic,auto,1,false,,5,0,3,provable,unknown,copy_bound,,two-sided,IMELL,373,2,2.935,13770,8095,5053,10476,0,0,2048,0.000,0.003,auto,30
lltp,ILL/ILLTP-SYJ-cbv,,,SYJ205+1.016.p,intuitionistic,auto,1,false,,5,0,3,provable,unknown,copy_bound,,two-sided,IMELL,395,2,3.530,16244,9561,5989,12388,0,0,2048,0.000,0.003,auto,30
lltp,ILL/ILLTP-SYJ-cbv,,,SYJ205+1.017.p,intuitionistic,auto,1,false,,5,0,3,provable,unknown,copy_bound,,two-sided,IMELL,417,2,4.176,18998,11194,7034,14520,0,0,2048,0.000,0.019,auto,30
lltp,ILL/ILLTP-SYJ-cbv,,,SYJ205+1.018.p,intuitionistic,auto,1,false,,5,0,3,provable,unknown,copy_bound,,two-sided,IMELL,439,2,5.276,22047,13003,8194,16884,0,0,2048,0.000,0.016,auto,30
lltp,ILL/ILLTP-SYJ-cbv,,,SYJ205+1.019.p,intuitionistic,auto,1,false,,5,0,3,provable,unknown,copy_bound,,two-sided,IMELL,461,2,6.179,25406,14997,9475,19492,0,0,2048,0.000,0.007,auto,30
lltp,ILL/ILLTP-SYJ-cbv,,,SYJ205+1.020.p,intuitionistic,auto,1,false,,5,0,3,provable,unknown,copy_bound,,two-sided,IMELL,483,2,6.902,29090,17185,10883,22356,0,0,2048,0.000,0.026,auto,30
lltp,ILL/ILLTP-SYJ-cbv,,,SYJ206+1.001.p,intuitionistic,auto,1,false,,5,0,3,provable,proved,,ok,two-sided,IMELL,13,2,0.020,8,0,5,2,0,0,2048,0.000,0.000,auto,30
lltp,ILL/ILLTP-SYJ-cbv,,,SYJ206+1.002.p,intuitionistic,auto,1,false,,5,0,3,provable,proved,,ok,two-sided,IMELL,57,4,0.037,35,2,24,17,0,0,2048,0.000,0.000,auto,30
lltp,ILL/ILLTP-SYJ-cbv,,,SYJ206+1.003.p,intuitionistic,auto,1,false,,5,0,3,provable,proved,,ok,two-sided,IMELL,145,8,0.155,331,102,145,248,0,0,2048,0.000,0.000,auto,30
lltp,ILL/ILLTP-SYJ-cbv,,,SYJ206+1.004.p,intuitionistic,auto,1,false,,5,0,3,provable,unknown,copy_bound,,two-sided,IMELL,321,16,0.309,1027,590,271,868,0,0,2048,0.000,0.000,auto,30
lltp,ILL/ILLTP-SYJ-cbv,,,SYJ206+1.005.p,intuitionistic,auto,1,false,,5,0,3,provable,unknown,copy_bound,,two-sided,IMELL,673,32,0.655,2012,1149,562,1605,0,0,2048,0.000,0.000,auto,30
lltp,ILL/ILLTP-SYJ-cbv,,,SYJ206+1.006.p,intuitionistic,auto,1,false,,5,0,3,provable,unknown,copy_bound,,two-sided,IMELL,1377,64,1.476,3535,2038,993,2675,0,0,2048,0.000,0.002,auto,30
lltp,ILL/ILLTP-SYJ-cbv,,,SYJ206+1.007.p,intuitionistic,auto,1,false,,5,0,3,provable,unknown,copy_bound,,two-sided,IMELL,2785,128,2.890,5770,3357,1617,4167,0,0,2048,0.000,0.019,auto,30
lltp,ILL/ILLTP-SYJ-cbv,,,SYJ206+1.008.p,intuitionistic,auto,1,false,,5,0,3,provable,unknown,copy_bound,,two-sided,IMELL,5601,256,6.490,8914,5229,2484,6177,0,0,2048,0.000,0.006,auto,30
lltp,ILL/ILLTP-SYJ-cbv,,,SYJ206+1.009.p,intuitionistic,auto,1,false,,5,0,3,provable,unknown,copy_bound,,two-sided,IMELL,11233,512,18.107,13190,7790,3654,8813,0,0,2048,10.000,0.025,auto,30
lltp,ILL/ILLTP-SYJ-cbv,,,SYJ206+1.010.p,intuitionistic,auto,1,false,,5,0,3,provable,unknown,copy_bound,,two-sided,IMELL,22497,1024,45.925,18845,11191,5193,12191,0,0,2048,40.000,0.053,auto,30
lltp,ILL/ILLTP-SYJ-cbv,,,SYJ206+1.011.p,intuitionistic,auto,1,false,,5,0,3,provable,unknown,copy_bound,,two-sided,IMELL,45025,2048,130.647,26151,15598,7174,16437,0,0,2048,130.000,0.149,auto,30
lltp,ILL/ILLTP-SYJ-cbv,,,SYJ206+1.012.p,intuitionistic,auto,1,false,,5,0,3,provable,unknown,copy_bound,,two-sided,IMELL,90081,4096,333.213,35405,21192,9677,21687,0,0,2048,330.000,0.308,auto,30
lltp,ILL/ILLTP-SYJ-cbv,,,SYJ206+1.013.p,intuitionistic,auto,1,false,,5,0,3,provable,unknown,copy_bound,,two-sided,IMELL,180193,8192,843.018,46929,28169,12789,28087,0,0,2048,850.000,1.647,auto,30
lltp,ILL/ILLTP-SYJ-cbv,,,SYJ206+1.014.p,intuitionistic,auto,1,false,,5,0,3,provable,unknown,copy_bound,,two-sided,IMELL,360417,16384,2335.036,61070,36740,16604,35793,0,0,2048,2320.000,2.702,auto,30
lltp,ILL/ILLTP-SYJ-cbv,,,SYJ206+1.015.p,intuitionistic,auto,1,false,,5,0,3,provable,unknown,timeout,,two-sided,IMELL,720865,32768,5116.159,67902,40843,18604,37683,0,0,2048,5100.000,6.178,auto,30
lltp,ILL/ILLTP-SYJ-cbv,,,SYJ206+1.016.p,intuitionistic,auto,1,false,,5,0,3,provable,unknown,timeout,,two-sided,IMELL,1441761,65536,5144.326,30080,17498,9263,15350,0,0,2048,5120.000,7.383,auto,30
lltp,ILL/ILLTP-SYJ-cbv,,,SYJ206+1.017.p,intuitionistic,auto,1,false,,5,0,3,provable,unknown,timeout,,two-sided,IMELL,2883553,131072,5045.663,11840,6072,4709,5889,0,0,2048,5030.000,8.136,auto,30
lltp,ILL/ILLTP-SYJ-cbv,,,SYJ206+1.018.p,intuitionistic,auto,1,false,,5,0,3,provable,unknown,timeout,,two-sided,IMELL,5767137,262144,5143.383,4608,2228,2259,2192,0,0,2048,5120.000,9.404,auto,30
lltp,ILL/ILLTP-SYJ-cbv,,,SYJ206+1.019.p,intuitionistic,auto,1,false,,5,0,3,provable,unknown,timeout,,two-sided,IMELL,11534305,524288,5198.365,1664,701,898,760,0,0,2048,5180.000,10.477,auto,30
lltp,ILL/ILLTP-SYJ-cbv,,,SYJ206+1.020.p,intuitionistic,auto,1,false,,5,0,,,unknown,killed,,,,,,10591.003,,,,,,,,,,auto,30
lltp,ILL/ILLTP-SYJ-cbv,,,SYJ207+1.001.p,intuitionistic,auto,1,false,,5,0,3,unprovable,unknown,copy_bound,,two-sided,ILL,54,4,0.071,110,53,32,128,0,0,2048,0.000,0.000,auto,30
lltp,ILL/ILLTP-SYJ-cbv,,,SYJ207+1.002.p,intuitionistic,auto,1,false,,5,0,3,unprovable,unknown,copy_bound,,two-sided,ILL,124,6,0.157,419,212,150,556,0,0,2048,0.000,0.000,auto,30
lltp,ILL/ILLTP-SYJ-cbv,,,SYJ207+1.003.p,intuitionistic,auto,1,false,,5,0,3,unprovable,unknown,copy_bound,,two-sided,ILL,218,8,0.335,1057,550,402,1480,0,0,2048,0.000,0.000,auto,30
lltp,ILL/ILLTP-SYJ-cbv,,,SYJ207+1.004.p,intuitionistic,auto,1,false,,5,0,3,unprovable,unknown,copy_bound,,two-sided,ILL,336,10,0.694,2147,1140,838,3092,0,0,2048,0.000,0.000,auto,30
lltp,ILL/ILLTP-SYJ-cbv,,,SYJ207+1.005.p,intuitionistic,auto,1,false,,5,0,3,unprovable,unknown,copy_bound,,two-sided,ILL,478,12,1.226,3809,2054,1506,5584,0,0,2048,0.000,0.000,auto,30
lltp,ILL/ILLTP-SYJ-cbv,,,SYJ207+1.006.p,intuitionistic,auto,1,false,,5,0,3,unprovable,unknown,copy_bound,,two-sided,ILL,644,14,2.230,6163,3364,2454,9148,0,0,2048,0.000,0.003,auto,30
lltp,ILL/ILLTP-SYJ-cbv,,,SYJ207+1.007.p,intuitionistic,auto,1,false,,5,0,3,unprovable,unknown,copy_bound,,two-sided,ILL,834,16,3.776,9329,5142,3730,13976,0,0,2048,0.000,0.004,auto,30
lltp,ILL/ILLTP-SYJ-cbv,,,SYJ207+1.008.p,intuitionistic,auto,1,false,,5,0,3,,unknown,copy_bound,,two-sided,ILL,1048,18,5.771,13427,7460,5382,20260,0,0,2048,0.000,0.035,auto,30
lltp,ILL/ILLTP-SYJ-cbv,,,SYJ207+1.009.p,intuitionistic,auto,1,false,,5,0,3,,unknown,copy_bound,,two-sided,ILL,1286,20,9.232,18577,10390,7458,28192,0,0,2048,0.000,0.007,auto,30
lltp,ILL/ILLTP-SYJ-cbv,,,SYJ207+1.010.p,intuitionistic,auto,1,false,,5,0,3,,unknown,copy_bound,,two-sided,ILL,1548,22,13.165,24899,14004,10006,37964,0,0,2048,10.000,0.010,auto,30
lltp,ILL/ILLTP-SYJ-cbv,,,SYJ207+1.011.p,intuitionistic,auto,1,false,,5,0,3,,unknown,copy_bound,,two-sided,ILL,1834,24,18.167,32513,18374,13074,49768,0,0,2048,10.000,0.024,auto,30
lltp,ILL/ILLTP-SYJ-cbv,,,SYJ207+1.012.p,intuitionistic,auto,1,false,,5,0,3,,unknown,copy_bound,,two-sided,ILL,2144,26,26.106,41539,23572,16710,63796,0,0,2048,20.000,0.034,auto,30
lltp,ILL/ILLTP-SYJ-cbv,,,SYJ207+1.013.p,intuitionistic,auto,1,false,,5,0,3,,unknown,copy_bound,,two-sided,ILL,2478,28,35.074,52097,29670,20962,80240,0,0,2048,30.000,0.038,auto,30
lltp,ILL/ILLTP-SYJ-cbv,,,SYJ207+1.014.p,intuitionistic,auto,1,false,,5,0,3,,unknown,copy_bound,,two-sided,ILL,2836,30,45.812,64307,36740,25878,99292,0,0,2048,40.000,0.052,auto,30
lltp,ILL/ILLTP-SYJ-cbv,,,SYJ207+1.015.p,intuitionistic,auto,1,false,,5,0,3,,unknown,copy_bound,,two-sided,ILL,3218,32,66.116,78289,44854,31506,121144,0,0,2048,60.000,0.071,auto,30
lltp,ILL/ILLTP-SYJ-cbv,,,SYJ207+1.016.p,intuitionistic,auto,1,false,,5,0,3,,unknown,copy_bound,,two-sided,ILL,3624,34,83.427,94163,54084,37894,145988,0,0,2048,70.000,0.088,auto,30
lltp,ILL/ILLTP-SYJ-cbv,,,SYJ207+1.017.p,intuitionistic,auto,1,false,,5,0,3,,unknown,copy_bound,,two-sided,ILL,4054,36,107.449,112049,64502,45090,174016,0,0,2048,100.000,0.130,auto,30
lltp,ILL/ILLTP-SYJ-cbv,,,SYJ207+1.018.p,intuitionistic,auto,1,false,,5,0,3,,unknown,copy_bound,,two-sided,ILL,4508,38,135.892,132067,76180,53142,205420,0,0,2048,130.000,0.175,auto,30
lltp,ILL/ILLTP-SYJ-cbv,,,SYJ207+1.019.p,intuitionistic,auto,1,false,,5,0,3,,unknown,copy_bound,,two-sided,ILL,4986,40,181.799,154337,89190,62098,240392,0,0,2048,170.000,0.185,auto,30
lltp,ILL/ILLTP-SYJ-cbv,,,SYJ207+1.020.p,intuitionistic,auto,1,false,,5,0,3,,unknown,copy_bound,,two-sided,ILL,5488,42,220.005,178979,103604,72006,279124,0,0,2048,210.000,0.547,auto,30
lltp,ILL/ILLTP-SYJ-cbv,,,SYJ208+1.001.p,intuitionistic,auto,1,false,,5,0,3,unprovable,unknown,copy_bound,,two-sided,ILL,21,1,0.038,54,24,13,34,0,0,2048,0.000,0.000,auto,30
lltp,ILL/ILLTP-SYJ-cbv,,,SYJ208+1.002.p,intuitionistic,auto,1,false,,5,0,3,unprovable,unknown,copy_bound,,two-sided,ILL,68,2,0.053,106,54,30,83,0,0,2048,0.000,0.000,auto,30
lltp,ILL/ILLTP-SYJ-cbv,,,SYJ208+1.003.p,intuitionistic,auto,1,false,,5,0,3,unprovable,unknown,copy_bound,,two-sided,ILL,163,3,0.128,376,183,147,272,0,0,2048,0.000,0.000,auto,30
lltp,ILL/ILLTP-SYJ-cbv,,,SYJ208+1.004.p,intuitionistic,auto,1,false,,5,0,3,unprovable,unknown,copy_bound,,two-sided,ILL,324,4,0.504,1662,734,838,1052,0,0,2048,0.000,0.000,auto,30
lltp,ILL/ILLTP-SYJ-cbv,,,SYJ208+1.005.p,intuitionistic,auto,1,false,,5,0,3,unprovable,unknown,copy_bound,,two-sided,ILL,569,5,4.065,11756,4961,6635,6682,0,0,2048,0.000,0.017,auto,30
lltp,ILL/ILLTP-SYJ-cbv,,,SYJ208+1.006.p,intuitionistic,auto,1,false,,5,0,3,unprovable,unknown,copy_bound,,two-sided,ILL,916,6,71.041,127886,54773,72851,71131,0,0,2048,60.000,0.109,auto,30
lltp,ILL/ILLTP-SYJ-cbv,,,SYJ208+1.007.p,intuitionistic,auto,1,false,,5,0,3,unprovable,unknown,copy_bound,,two-sided,ILL,1383,7,1599.839,1834295,808277,1025616,1035465,0,0,2048,1590.000,2.045,auto,30
lltp,ILL/ILLTP-SYJ-cbv,,,SYJ208+1.008.p,intuitionistic,auto,1,false,,5,0,3,unprovable,unknown,timeout,,two-sided,ILL,1988,8,5119.704,6291520,0,1048576,2097365,0,0,2048,5100.000,6.648,auto,30
lltp,ILL/ILLTP-SYJ-cbv,,,SYJ208+1.009.p,intuitionistic,auto,1,false,,5,0,3,unprovable,unknown,timeout,,two-sided,ILL,2749,9,5064.998,5385664,0,1048576,1795491,0,0,2048,5050.000,5.892,auto,30
lltp,ILL/ILLTP-SYJ-cbv,,,SYJ208+1.010.p,intuitionistic,auto,1,false,,5,0,3,unprovable,unknown,timeout,,two-sided,ILL,3684,10,5225.763,4889536,0,1048576,1630212,0,0,2048,5200.000,6.869,auto,30
lltp,ILL/ILLTP-SYJ-cbv,,,SYJ208+1.011.p,intuitionistic,auto,1,false,,5,0,3,unprovable,unknown,timeout,,two-sided,ILL,4811,22,5126.663,4194368,0,1048576,1398606,0,0,2048,5100.000,8.231,auto,30
lltp,ILL/ILLTP-SYJ-cbv,,,SYJ208+1.012.p,intuitionistic,auto,1,false,,5,0,3,unprovable,unknown,timeout,,two-sided,ILL,6148,24,5181.997,3690304,0,1048576,1230725,0,0,2048,5160.000,7.045,auto,30
lltp,ILL/ILLTP-SYJ-cbv,,,SYJ208+1.013.p,intuitionistic,auto,1,false,,5,0,3,unprovable,unknown,timeout,,two-sided,ILL,7713,26,5263.875,3145792,0,1048576,1049386,0,0,2048,5240.000,9.320,auto,30
lltp,ILL/ILLTP-SYJ-cbv,,,SYJ208+1.014.p,intuitionistic,auto,1,false,,5,0,3,unprovable,unknown,timeout,,two-sided,ILL,9524,28,5118.310,2303744,0,1048576,768894,0,0,2048,5090.000,9.162,auto,30
lltp,ILL/ILLTP-SYJ-cbv,,,SYJ208+1.015.p,intuitionistic,auto,1,false,,5,0,3,unprovable,unknown,timeout,,two-sided,ILL,11599,30,5361.149,2082560,0,1048576,695386,0,0,2048,5310.000,25.181,auto,30
lltp,ILL/ILLTP-SYJ-cbv,,,SYJ208+1.016.p,intuitionistic,auto,1,false,,5,0,3,unprovable,unknown,recursion_limit,,two-sided,ILL,13956,32,7.059,2026,0,2025,2026,0,0,2048,0.000,0.024,auto,30
lltp,ILL/ILLTP-SYJ-cbv,,,SYJ208+1.017.p,intuitionistic,auto,1,false,,5,0,3,unprovable,unknown,recursion_limit,,two-sided,ILL,16613,34,8.312,2025,0,2024,2025,0,0,2048,10.000,0.016,auto,30
lltp,ILL/ILLTP-SYJ-cbv,,,SYJ208+1.018.p,intuitionistic,auto,1,false,,5,0,3,,unknown,recursion_limit,,two-sided,ILL,19588,36,9.248,2024,0,2023,2024,0,0,2048,10.000,0.012,auto,30
lltp,ILL/ILLTP-SYJ-cbv,,,SYJ208+1.019.p,intuitionistic,auto,1,false,,5,0,3,,unknown,recursion_limit,,two-sided,ILL,22899,38,10.669,2023,0,2022,2023,0,0,2048,20.000,0.026,auto,30
lltp,ILL/ILLTP-SYJ-cbv,,,SYJ208+1.020.p,intuitionistic,auto,1,false,,5,0,3,,unknown,recursion_limit,,two-sided,ILL,26564,40,12.725,2022,0,2021,2022,0,0,2048,10.000,0.016,auto,30
lltp,ILL/ILLTP-SYJ-cbv,,,SYJ209+1.001.p,intuitionistic,auto,1,false,,5,0,3,unprovable,unprovable,,,two-sided,ILL,21,2,0.026,16,7,4,5,0,0,2048,0.000,0.000,auto,30
lltp,ILL/ILLTP-SYJ-cbv,,,SYJ209+1.002.p,intuitionistic,auto,1,false,,5,0,3,unprovable,unknown,copy_bound,,two-sided,ILL,31,2,0.043,67,40,11,38,0,0,2048,0.000,0.000,auto,30
lltp,ILL/ILLTP-SYJ-cbv,,,SYJ209+1.003.p,intuitionistic,auto,1,false,,5,0,3,unprovable,unknown,copy_bound,,two-sided,ILL,41,3,0.063,154,94,32,68,0,0,2048,0.000,0.000,auto,30
lltp,ILL/ILLTP-SYJ-cbv,,,SYJ209+1.004.p,intuitionistic,auto,1,false,,5,0,3,unprovable,unknown,copy_bound,,two-sided,ILL,51,4,0.090,300,183,73,106,0,0,2048,0.000,0.000,auto,30
lltp,ILL/ILLTP-SYJ-cbv,,,SYJ209+1.005.p,intuitionistic,auto,1,false,,5,0,3,unprovable,unknown,copy_bound,,two-sided,ILL,61,5,0.139,520,316,140,152,0,0,2048,0.000,0.000,auto,30
lltp,ILL/ILLTP-SYJ-cbv,,,SYJ209+1.006.p,intuitionistic,auto,1,false,,5,0,3,unprovable,unknown,copy_bound,,two-sided,ILL,71,6,0.191,829,502,239,206,0,0,2048,0.000,0.000,auto,30
lltp,ILL/ILLTP-SYJ-cbv,,,SYJ209+1.007.p,intuitionistic,auto,1,false,,5,0,3,unprovable,unknown,copy_bound,,two-sided,ILL,81,7,0.254,1242,750,376,268,0,0,2048,0.000,0.000,auto,30
lltp,ILL/ILLTP-SYJ-cbv,,,SYJ209+1.008.p,intuitionistic,auto,1,false,,5,0,3,unprovable,unknown,copy_bound,,two-sided,ILL,91,8,0.367,1774,1069,557,338,0,0,2048,0.000,0.000,auto,30
lltp,ILL/ILLTP-SYJ-cbv,,,SYJ209+1.009.p,intuitionistic,auto,1,false,,5,0,3,unprovable,unknown,copy_bound,,two-sided,ILL,101,9,0.505,2440,1468,788,416,0,0,2048,0.000,0.016,auto,30
lltp,ILL/ILLTP-SYJ-cbv,,,SYJ209+1.010.p,intuitionistic,auto,1,false,,5,0,3,unprovable,unknown,copy_bound,,two-sided,ILL,111,10,0.604,3255,1956,1075,502,0,0,2048,0.000,0.000,auto,30
lltp,ILL/ILLTP-SYJ-cbv,,,SYJ209+1.011.p,intuitionistic,auto,1,false,,5,0,3,,unknown,copy_bound,,two-sided,ILL,121,11,0.733,4234,2542,1424,596,0,0,2048,0.000,0.000,auto,30
lltp,ILL/ILLTP-SYJ-cbv,,,SYJ209+1.012.p,intuitionistic,auto,1,false,,5,0,3,,unknown,copy_bound,,two-sided,ILL,131,12,1.046,5392,3235,1841,698,0,0,2048,0.000,0.000,auto,30
lltp,ILL/ILLTP-SYJ-cbv,,,SYJ209+1.013.p,intuitionistic,auto,1,false,,5,0,3,,unknown,copy_bound,,two-sided,ILL,141,13,1.203,6744,4044,2332,808,0,0,2048,0.000,0.000,auto,30
lltp,ILL/ILLTP-SYJ-cbv,,,SYJ209+1.014.p,intuitionistic,auto,1,false,,5,0,3,,unknown,copy_bound,,two-sided,ILL,151,14,1.474,8305,4978,2903,926,0,0,2048,0.000,0.000,auto,30
lltp,ILL/ILLTP-SYJ-cbv,,,SYJ209+1.015.p,intuitionistic,auto,1,false,,5,0,3,,unknown,copy_bound,,two-sided,ILL,161,15,1.779,10090,6046,3560,1052,0,0,2048,0.000,0.003,auto,30
lltp,ILL/ILLTP-SYJ-cbv,,,SYJ209+1.016.p,intuitionistic,auto,1,false,,5,0,3,,unknown,copy_bound,,two-sided,ILL,171,16,2.265,12114,7257,4309,1186,0,0,2048,0.000,0.002,auto,30
lltp,ILL/ILLTP-SYJ-cbv,,,SYJ209+1.017.p,intuitionistic,auto,1,false,,5,0,3,,unknown,copy_bound,,two-sided,ILL,181,17,2.639,14392,8620,5156,1328,0,0,2048,0.000,0.012,auto,30
lltp,ILL/ILLTP-SYJ-cbv,,,SYJ209+1.018.p,intuitionistic,auto,1,false,,5,0,3,,unknown,copy_bound,,two-sided,ILL,191,18,3.033,16939,10144,6107,1478,0,0,2048,0.000,0.003,auto,30
lltp,ILL/ILLTP-SYJ-cbv,,,SYJ209+1.019.p,intuitionistic,auto,1,false,,5,0,3,,unknown,copy_bound,,two-sided,ILL,201,19,3.842,19770,11838,7168,1636,0,0,2048,0.000,0.005,auto,30
lltp,ILL/ILLTP-SYJ-cbv,,,SYJ209+1.020.p,intuitionistic,auto,1,false,,5,0,3,,unknown,copy_bound,,two-sided,ILL,211,20,4.730,22900,13711,8345,1802,0,0,2048,0.000,0.016,auto,30
lltp,ILL/ILLTP-SYJ-cbv,,,SYJ210+1.001.p,intuitionistic,auto,1,false,,5,0,3,unprovable,unknown,copy_bound,,two-sided,ILL,20,2,0.031,32,12,8,23,0,0,2048,0.000,0.000,auto,30
lltp,ILL/ILLTP-SYJ-cbv,,,SYJ210+1.002.p,intuitionistic,auto,1,false,,5,0,3,unprovable,unknown,copy_bound,,two-sided,ILL,30,2,0.032,52,26,11,43,0,0,2048,0.000,0.000,auto,30
lltp,ILL/ILLTP-SYJ-cbv,,,SYJ210+1.003.p,intuitionistic,auto,1,false,,5,0,3,unprovable,unknown,copy_bound,,two-sided,ILL,40,2,0.039,78,46,14,69,0,0,2048,0.000,0.000,auto,30
lltp,ILL/ILLTP-SYJ-cbv,,,SYJ210+1.004.p,intuitionistic,auto,1,false,,5,0,3,unprovable,unknown,copy_bound,,two-sided,ILL,50,2,0.041,110,72,17,101,0,0,2048,0.000,0.000,auto,30
lltp,ILL/ILLTP-SYJ-cbv,,,SYJ210+1.005.p,intuitionistic,auto,1,false,,5,0,3,unprovable,unknown,copy_bound,,two-sided,ILL,60,2,0.047,148,104,20,139,0,0,2048,0.000,0.000,auto,30
lltp,ILL/ILLTP-SYJ-cbv,,,SYJ210+1.006.p,intuitionistic,auto,1,false,,5,0,3,unprovable,unknown,copy_bound,,two-sided,ILL,70,2,0.052,192,142,23,183,0,0,2048,0.000,0.000,auto,30
lltp,ILL/ILLTP-SYJ-cbv,,,SYJ210+1.007.p,intuitionistic,auto,1,false,,5,0,3,unprovable,unknown,copy_bound,,two-sided,ILL,80,2,0.057,242,186,26,233,0,0,2048,0.000,0.000,auto,30
lltp,ILL/ILLTP-SYJ-cbv,,,SYJ210+1.008.p,intuitionistic,auto,1,false,,5,0,3,unprovable,unknown,copy_bound,,two-sided,ILL,90,2,0.067,298,236,29,289,0,0,2048,0.000,0.000,auto,30
lltp,ILL/ILLTP-SYJ-cbv,,,SYJ210+1.009.p,intuitionistic,auto,1,false,,5,0,3,unprovable,unknown,copy_bound,,two-sided,ILL,100,2,0.072,360,292,32,351,0,0,2048,0.000,0.000,auto,30
lltp,ILL/ILLTP-SYJ-cbv,,,SYJ210+1.010.p,intuitionistic,auto,1,false,,5,0,3,unprovable,unknown,copy_bound,,two-sided,ILL,110,2,0.080,428,354,35,419,0,0,2048,0.000,0.000,auto,30
lltp,ILL/ILLTP-SYJ-cbv,,,SYJ210+1.011.p,intuitionistic,auto,1,false,,5,0,3,unprovable,unknown,copy_bound,,two-sided,ILL,120,2,0.089,502,422,38,493,0,0,2048,0.000,0.000,auto,30
lltp,ILL/ILLTP-SYJ-cbv,,,SYJ210+1.012.p,intuitionistic,auto,1,false,,5,0,3,unprovable,unknown,copy_bound,,two-sided,ILL,130,2,0.102,582,496,41,573,0,0,2048,0.000,0.000,auto,30
lltp,ILL/ILLTP-SYJ-cbv,,,SYJ210+1.013.p,intuitionistic,auto,1,false,,5,0,3,unprovable,unknown,copy_bound,,two-sided,ILL,140,2,0.108,668,576,44,659,0,0,2048,0.000,0.000,auto,30
lltp,ILL/ILLTP-SYJ-cbv,,,SYJ210+1.014.p,intuitionistic,auto,1,false,,5,0,3,unprovable,unknown,copy_bound,,two-sided,ILL,150,2,0.115,760,662,47,751,0,0,2048,0.000,0.000,auto,30
lltp,ILL/ILLTP-SYJ-cbv,,,SYJ210+1.015.p,intuitionistic,auto,1,false,,5,0,3,unprovable,unknown,copy_bound,,two-sided,ILL,160,2,0.126,858,754,50,849,0,0,2048,0.000,0.000,auto,30
lltp,ILL/ILLTP-SYJ-cbv,,,SYJ210+1.016.p,intuitionistic,auto,1,false,,5,0,3,unprovable,unknown,copy_bound,,two-sided,ILL,170,2,0.138,962,852,53,953,0,0,2048,0.000,0.000,auto,30
lltp,ILL/ILLTP-SYJ-cbv,,,SYJ210+1.017.p,intuitionistic,auto,1,false,,5,0,3,unprovable,unknown,copy_bound,,two-sided,ILL,180,2,0.163,1072,956,56,1063,0,0,2048,0.000,0.000,auto,30
lltp,ILL/ILLTP-SYJ-cbv,,,SYJ210+1.018.p,intuitionistic,auto,1,false,,5,0,3,unprovable,unknown,copy_bound,,two-sided,ILL,190,2,0.168,1188,1066,59,1179,0,0,2048,0.000,0.000,auto,30
lltp,ILL/ILLTP-SYJ-cbv,,,SYJ210+1.019.p,intuitionistic,auto,1,false,,5,0,3,unprovable,unknown,copy_bound,,two-sided,ILL,200,2,0.174,1310,1182,62,1301,0,0,2048,0.000,0.000,auto,30
lltp,ILL/ILLTP-SYJ-cbv,,,SYJ210+1.020.p,intuitionistic,auto,1,false,,5,0,3,unprovable,unknown,copy_bound,,two-sided,ILL,210,2,0.183,1438,1304,65,1429,0,0,2048,0.000,0.000,auto,30
lltp,ILL/ILLTP-SYJ-cbv,,,SYJ211+1.001.p,intuitionistic,auto,1,false,,5,0,3,unprovable,unprovable,,,two-sided,ILL,40,2,0.022,21,11,5,15,0,0,2048,0.000,0.000,auto,30
lltp,ILL/ILLTP-SYJ-cbv,,,SYJ211+1.002.p,intuitionistic,auto,1,false,,5,0,3,unprovable,unprovable,,,two-sided,ILL,56,2,0.024,26,15,6,20,0,0,2048,0.000,0.000,auto,30
lltp,ILL/ILLTP-SYJ-cbv,,,SYJ211+1.003.p,intuitionistic,auto,1,false,,5,0,3,unprovable,unprovable,,,two-sided,ILL,72,2,0.023,31,19,7,25,0,0,2048,0.000,0.000,auto,30
lltp,ILL/ILLTP-SYJ-cbv,,,SYJ211+1.004.p,intuitionistic,auto,1,false,,5,0,3,unprovable,unprovable,,,two-sided,ILL,88,2,0.025,36,23,8,30,0,0,2048,0.000,0.000,auto,30
lltp,ILL/ILLTP-SYJ-cbv,,,SYJ211+1.005.p,intuitionistic,auto,1,false,,5,0,3,unprovable,unprovable,,,two-sided,ILL,104,2,0.028,41,27,9,35,0,0,2048,0.000,0.000,auto,30
lltp,ILL/ILLTP-SYJ-cbv,,,SYJ211+1.006.p,intuitionistic,auto,1,false,,5,0,3,unprovable,unprovable,,,two-sided,ILL,120,2,0.029,46,31,10,40,0,0,2048,0.000,0.000,auto,30
lltp,ILL/ILLTP-SYJ-cbv,,,SYJ211+1.007.p,intuitionistic,auto,1,false,,5,0,3,unprovable,unprovable,,,two-sided,ILL,136,2,0.032,51,35,11,45,0,0,2048,0.000,0.000,auto,30
lltp,ILL/ILLTP-SYJ-cbv,,,SYJ211+1.008.p,intuitionistic,auto,1,false,,5,0,3,unprovable,unprovable,,,two-sided,ILL,152,2,0.032,56,39,12,50,0,0,2048,0.000,0.000,auto,30
lltp,ILL/ILLTP-SYJ-cbv,,,SYJ211+1.009.p,intuitionistic,auto,1,false,,5,0,3,unprovable,unprovable,,,two-sided,ILL,168,2,0.032,61,43,13,55,0,0,2048,0.000,0.000,auto,30
lltp,ILL/ILLTP-SYJ-cbv,,,SYJ211+1.010.p,intuitionistic,auto,1,false,,5,0,3,unprovable,unprovable,,,two-sided,ILL,184,2,0.038,66,47,14,60,0,0,2048,0.000,0.000,auto,30
lltp,ILL/ILLTP-SYJ-cbv,,,SYJ211+1.011.p,intuitionistic,auto,1,false,,5,0,3,unprovable,unprovable,,,two-sided,ILL,200,2,0.036,71,51,15,65,0,0,2048,0.000,0.000,auto,30
lltp,ILL/ILLTP-SYJ-cbv,,,SYJ211+1.012.p,intuitionistic,auto,1,false,,5,0,3,unprovable,unprovable,,,two-sided,ILL,216,2,0.037,76,55,16,70,0,0,2048,0.000,0.000,auto,30
lltp,ILL/ILLTP-SYJ-cbv,,,SYJ211+1.013.p,intuitionistic,auto,1,false,,5,0,3,unprovable,unprovable,,,two-sided,ILL,232,2,0.039,81,59,17,75,0,0,2048,0.000,0.000,auto,30
lltp,ILL/ILLTP-SYJ-cbv,,,SYJ211+1.014.p,intuitionistic,auto,1,false,,5,0,3,unprovable,unprovable,,,two-sided,ILL,248,2,0.038,86,63,18,80,0,0,2048,0.000,0.000,auto,30
lltp,ILL/ILLTP-SYJ-cbv,,,SYJ211+1.015.p,intuitionistic,auto,1,false,,5,0,3,unprovable,unprovable,,,two-sided,ILL,264,2,0.042,91,67,19,85,0,0,2048,0.000,0.000,auto,30
lltp,ILL/ILLTP-SYJ-cbv,,,SYJ211+1.016.p,intuitionistic,auto,1,false,,5,0,3,unprovable,unprovable,,,two-sided,ILL,280,2,0.042,96,71,20,90,0,0,2048,0.000,0.000,auto,30
lltp,ILL/ILLTP-SYJ-cbv,,,SYJ211+1.017.p,intuitionistic,auto,1,false,,5,0,3,unprovable,unprovable,,,two-sided,ILL,296,2,0.043,101,75,21,95,0,0,2048,0.000,0.000,auto,30
lltp,ILL/ILLTP-SYJ-cbv,,,SYJ211+1.018.p,intuitionistic,auto,1,false,,5,0,3,unprovable,unprovable,,,two-sided,ILL,312,2,0.045,106,79,22,100,0,0,2048,0.000,0.000,auto,30
lltp,ILL/ILLTP-SYJ-cbv,,,SYJ211+1.019.p,intuitionistic,auto,1,false,,5,0,3,unprovable,unprovable,,,two-sided,ILL,328,2,0.046,111,83,23,105,0,0,2048,0.000,0.000,auto,30
lltp,ILL/ILLTP-SYJ-cbv,,,SYJ211+1.020.p,intuitionistic,auto,1,false,,5,0,3,unprovable,unprovable,,,two-sided,ILL,344,2,0.046,116,87,24,110,0,0,2048,0.000,0.000,auto,30
lltp,ILL/ILLTP-SYJ-cbv,,,SYJ212+1.001.p,intuitionistic,auto,1,false,,5,0,3,unprovable,unknown,copy_bound,,two-sided,ILL,22,2,0.026,31,8,10,19,0,0,2048,0.000,0.000,auto,30
lltp,ILL/ILLTP-SYJ-cbv,,,SYJ212+1.002.p,intuitionistic,auto,1,false,,5,0,3,unprovable,unknown,copy_bound,,two-sided,ILL,75,4,0.060,102,40,25,89,0,0,2048,0.000,0.000,auto,30
lltp,ILL/ILLTP-SYJ-cbv,,,SYJ212+1.003.p,intuitionistic,auto,1,false,,5,0,3,unprovable,unknown,copy_bound,,two-sided,ILL,181,8,0.137,321,150,105,225,0,0,2048,0.000,0.000,auto,30
lltp,ILL/ILLTP-SYJ-cbv,,,SYJ212+1.004.p,intuitionistic,auto,1,false,,5,0,3,unprovable,unknown,copy_bound,,two-sided,ILL,393,16,0.293,838,443,258,710,0,0,2048,0.000,0.000,auto,30
lltp,ILL/ILLTP-SYJ-cbv,,,SYJ212+1.005.p,intuitionistic,auto,1,false,,5,0,3,unprovable,unknown,copy_bound,,two-sided,ILL,817,32,0.660,1740,955,532,1428,0,0,2048,0.000,0.000,auto,30
lltp,ILL/ILLTP-SYJ-cbv,,,SYJ212+1.006.p,intuitionistic,auto,1,false,,5,0,3,unprovable,unknown,copy_bound,,two-sided,ILL,1665,64,1.578,3146,1770,945,2452,0,0,2048,0.000,0.050,auto,30
lltp,ILL/ILLTP-SYJ-cbv,,,SYJ212+1.007.p,intuitionistic,auto,1,false,,5,0,3,unprovable,unknown,copy_bound,,two-sided,ILL,3361,128,3.018,5240,3001,1546,3877,0,0,2048,0.000,0.005,auto,30
lltp,ILL/ILLTP-SYJ-cbv,,,SYJ212+1.008.p,intuitionistic,auto,1,false,,5,0,3,unprovable,unknown,copy_bound,,two-sided,ILL,6753,256,7.362,8226,4772,2390,5818,0,0,2048,0.000,0.044,auto,30
lltp,ILL/ILLTP-SYJ-cbv,,,SYJ212+1.009.p,intuitionistic,auto,1,false,,5,0,3,unprovable,unknown,copy_bound,,two-sided,ILL,13537,512,20.199,12325,7220,3534,8377,0,0,2048,20.000,0.051,auto,30
lltp,ILL/ILLTP-SYJ-cbv,,,SYJ212+1.010.p,intuitionistic,auto,1,false,,5,0,3,unprovable,unknown,copy_bound,,two-sided,ILL,27105,1024,53.957,17785,10496,5045,11672,0,0,2048,60.000,0.074,auto,30
lltp,ILL/ILLTP-SYJ-cbv,,,SYJ212+1.011.p,intuitionistic,auto,1,false,,5,0,3,unprovable,unknown,copy_bound,,two-sided,ILL,54241,2048,140.803,24878,14766,6996,15829,0,0,2048,140.000,0.138,auto,30
lltp,ILL/ILLTP-SYJ-cbv,,,SYJ212+1.012.p,intuitionistic,auto,1,false,,5,0,3,unprovable,unknown,copy_bound,,two-sided,ILL,108513,4096,395.797,33901,20211,9467,20984,0,0,2048,390.000,0.396,auto,30
lltp,ILL/ILLTP-SYJ-cbv,,,SYJ212+1.013.p,intuitionistic,auto,1,false,,5,0,3,unprovable,unknown,copy_bound,,two-sided,ILL,217057,8192,1002.459,45176,27027,12545,27283,0,0,2048,990.000,1.642,auto,30
lltp,ILL/ILLTP-SYJ-cbv,,,SYJ212+1.014.p,intuitionistic,auto,1,false,,5,0,3,unprovable,unknown,copy_bound,,two-sided,ILL,434145,16384,2733.370,59050,35425,16324,34882,0,0,2048,2730.000,3.606,auto,30
lltp,ILL/ILLTP-SYJ-cbv,,,SYJ212+1.015.p,intuitionistic,auto,1,false,,5,0,3,unprovable,unknown,timeout,,two-sided,ILL,868321,32768,5105.736,52799,31554,15067,28974,0,0,2048,5090.000,7.795,auto,30
lltp,ILL/ILLTP-SYJ-cbv,,,SYJ212+1.016.p,intuitionistic,auto,1,false,,5,0,3,unprovable,unknown,timeout,,two-sided,ILL,1736673,65536,5132.300,22848,12934,7697,11833,0,0,2048,5110.000,8.698,auto,30
lltp,ILL/ILLTP-SYJ-cbv,,,SYJ212+1.017.p,intuitionistic,auto,1,false,,5,0,3,unprovable,unknown,timeout,,two-sided,ILL,3473377,131072,5018.973,8576,4237,3973,4491,0,0,2048,5000.000,9.422,auto,30
lltp,ILL/ILLTP-SYJ-cbv,,,SYJ212+1.018.p,intuitionistic,auto,1,false,,5,0,3,unprovable,unknown,timeout,,two-sided,ILL,6946785,262144,5176.541,3520,1644,1774,1632,0,0,2048,5150.000,12.787,auto,30
lltp,ILL/ILLTP-SYJ-cbv,,,SYJ212+1.019.p,intuitionistic,auto,1,false,,5,0,,,unknown,killed,,,,,,10672.391,,,,,,,,,,auto,30
lltp,ILL/ILLTP-SYJ-cbv,,,SYJ212+1.020.p,intuitionistic,auto,1,false,,5,0,,,unknown,killed,,,,,,10606.803,,,,,,,,,,auto,30
lltp,ILL/ILLTP-SYN-01,,,SYN001+1.p,intuitionistic,auto,1,false,,5,0,3,unprovable,proved,,ok,two-sided,ILL,20,2,0.029,18,0,11,3,0,0,2048,0.000,0.000,auto,30
lltp,ILL/ILLTP-SYN-01,,,SYN040+1.p,intuitionistic,auto,1,false,,5,0,3,unprovable,unknown,copy_bound,,two-sided,ILL,44,2,0.026,34,10,7,18,0,0,2048,0.000,0.000,auto,30
lltp,ILL/ILLTP-SYN-01,,,SYN041+1.p,intuitionistic,auto,1,false,,5,0,3,provable,unprovable,,,two-sided,ILL,17,2,0.010,2,0,2,0,0,0,2048,0.000,0.000,auto,30
lltp,ILL/ILLTP-SYN-01,,,SYN044+1.p,intuitionistic,auto,1,false,,5,0,3,provable,unknown,copy_bound,,two-sided,ILL,38,3,0.055,131,71,30,87,0,0,2048,0.000,0.000,auto,30
lltp,ILL/ILLTP-SYN-01,,,SYN045+1.p,intuitionistic,auto,1,false,,5,0,3,provable,unknown,copy_bound,,two-sided,ILL,50,3,0.097,275,71,133,0,0,0,2048,0.000,0.000,auto,30
lltp,ILL/ILLTP-SYN-01,,,SYN046+1.p,intuitionistic,auto,1,false,,5,0,3,unprovable,unprovable,,,two-sided,ILL,36,2,0.020,15,3,5,3,0,0,2048,0.000,0.000,auto,30
lltp,ILL/ILLTP-SYN-01,,,SYN047+1.p,intuitionistic,auto,1,false,,5,0,3,unprovable,unprovable,,,two-sided,ILL,98,3,0.029,23,6,7,6,0,0,2048,0.000,0.000,auto,30
lltp,ILL/ILLTP-SYN-01,,,SYN387+1.p,intuitionistic,auto,1,false,,5,0,3,unprovable,unprovable,,,two-sided,ILL,9,1,0.010,4,0,4,0,0,0,2048,0.000,0.000,auto,30
lltp,ILL/ILLTP-SYN-01,,,SYN388+1.p,intuitionistic,auto,1,false,,5,0,3,unprovable,unknown,copy_bound,,two-sided,ILL,17,1,0.030,34,8,8,9,0,0,2048,0.000,0.000,auto,30
lltp,ILL/ILLTP-SYN-01,,,SYN389+1.p,intuitionistic,auto,1,false,,5,0,3,unprovable,unknown,copy_bound,,two-sided,IMELL,13,2,0.023,26,5,6,9,0,0,2048,0.000,0.000,auto,30
lltp,ILL/ILLTP-SYN-01,,,SYN390+1.p,intuitionistic,auto,1,false,,5,0,3,provable,proved,,ok,two-sided,ILL,12,2,0.016,8,0,5,0,0,0,2048,0.000,0.000,auto,30
lltp,ILL/ILLTP-SYN-01,,,SYN391+1.p,intuitionistic,auto,1,false,,5,0,3,provable,unknown,copy_bound,,two-sided,ILL,49,2,0.086,277,143,74,37,0,0,2048,0.000,0.000,auto,30
lltp,ILL/ILLTP-SYN-01,,,SYN392+1.p,intuitionistic,auto,1,false,,5,0,3,unprovable,unknown,copy_bound,,two-sided,ILL,74,4,0.052,154,88,26,26,0,0,2048,0.000,0.000,auto,30
lltp,ILL/ILLTP-SYN-01,,,SYN393+1.p,intuitionistic,auto,1,false,,5,0,3,unprovable,unknown,copy_bound,,two-sided,ILL,150,8,0.135,383,170,117,61,0,0,2048,0.000,0.000,auto,30
lltp,ILL/ILLTP-SYN-01,,,SYN416+1.p,intuitionistic,auto,1,false,,5,0,3,unprovable,unprovable,,,two-sided,ILL,13,1,0.016,12,0,7,0,0,0,2048,0.000,0.000,auto,30
lltp,ILL/ILLTP-SYN-01,,,SYN915+1.p,intuitionistic,auto,1,false,,5,0,3,provable,proved,,ok,two-sided,IMLL with units,1,0,0.008,1,0,1,0,0,0,2048,0.000,0.000,auto,30
lltp,ILL/ILLTP-SYN-01,,,SYN916+1.p,intuitionistic,auto,1,false,,5,0,3,unprovable,unprovable,,,two-sided,IALL,1,0,0.006,1,0,1,0,0,0,2048,0.000,0.000,auto,30
lltp,ILL/ILLTP-SYN-01,,,SYN977+1.p,intuitionistic,auto,1,false,,5,0,3,unprovable,unprovable,,,two-sided,ILL,20,2,0.016,12,1,7,0,0,0,2048,0.000,0.000,auto,30
lltp,ILL/ILLTP-SYN-01,,,SYN978+1.p,intuitionistic,auto,1,false,,5,0,3,provable,proved,,ok,two-sided,ILL,20,2,0.036,31,5,16,0,0,0,2048,0.000,0.000,auto,30
lltp,ILL/ILLTP-SYN-cbn,,,SYN001+1.p,intuitionistic,auto,1,false,,5,0,3,unprovable,proved,,ok,two-sided,ILL,15,2,0.017,6,0,3,2,0,0,2048,0.000,0.000,auto,30
lltp,ILL/ILLTP-SYN-cbn,,,SYN040+1.p,intuitionistic,auto,1,false,,5,0,3,unprovable,unknown,copy_bound,,two-sided,ILL,33,2,0.067,36,16,6,28,0,0,2048,0.000,0.012,auto,30
lltp,ILL/ILLTP-SYN-cbn,,,SYN041+1.p,intuitionistic,auto,1,false,,5,0,3,provable,unprovable,,,two-sided,ILL,13,2,0.048,1,0,1,0,0,0,2048,0.000,0.012,auto,30
lltp,ILL/ILLTP-SYN-cbn,,,SYN044+1.p,intuitionistic,auto,1,false,,5,0,3,provable,proved,,ok,two-sided,ILL,30,3,0.089,62,22,28,35,0,0,2048,0.000,0.018,auto,30
lltp,ILL/ILLTP-SYN-cbn,,,SYN045+1.p,intuitionistic,auto,1,false,,5,0,3,provable,proved,,ok,two-sided,ILL,41,3,0.083,169,45,89,0,0,0,2048,0.000,0.000,auto,30
lltp,ILL/ILLTP-SYN-cbn,,,SYN046+1.p,intuitionistic,auto,1,false,,5,0,3,unprovable,unprovable,,,two-sided,ILL,29,2,0.057,1,0,1,0,0,0,2048,0.000,0.013,auto,30
lltp,ILL/ILLTP-SYN-cbn,,,SYN047+1.p,intuitionistic,auto,1,false,,5,0,3,unprovable,unprovable,,,two-sided,ILL,79,3,0.059,1,0,1,0,0,0,2048,0.000,0.014,auto,30
lltp,ILL/ILLTP-SYN-cbn,,,SYN387+1.p,intuitionistic,auto,1,false,,5,0,3,unprovable,unprovable,,,two-sided,ILL,8,1,0.011,3,0,3,0,0,0,2048,0.000,0.000,auto,30
lltp,ILL/ILLTP-SYN-cbn,,,SYN388+1.p,intuitionistic,auto,1,false,,5,0,3,unprovable,unprovable,,,two-sided,ILL,14,1,0.023,20,6,6,6,0,0,2048,0.000,0.000,auto,30
lltp,ILL/ILLTP-SYN-cbn,,,SYN389+1.p,intuitionistic,auto,1,false,,5,0,3,unprovable,unprovable,,,two-sided,IMELL,10,2,0.060,6,1,2,3,0,0,2048,0.000,0.013,auto,30
lltp,ILL/ILLTP-SYN-cbn,,,SYN390+1.p,intuitionistic,auto,1,false,,5,0,3,provable,proved,,ok,two-sided,ILL,9,2,0.012,3,0,2,0,0,0,2048,0.000,0.000,auto,30
lltp,ILL/ILLTP-SYN-cbn,,,SYN391+1.p,intuitionistic,auto,1,false,,5,0,3,provable,proved,,ok,two-sided,ILL,39,2,0.052,93,28,47,26,0,0,2048,0.000,0.000,auto,30
lltp,ILL/ILLTP-SYN-cbn,,,SYN392+1.p,intuitionistic,auto,1,false,,5,0,3,unprovable,unknown,copy_bound,,two-sided,ILL,57,4,0.078,64,34,10,40,0,0,2048,0.000,0.012,auto,30
lltp,ILL/ILLTP-SYN-cbn,,,SYN393+1.p,intuitionistic,auto,1,false,,5,0,3,unprovable,unknown,copy_bound,,two-sided,ILL,105,8,0.219,153,76,44,124,0,0,2048,0.000,0.011,auto,30
lltp,ILL/ILLTP-SYN-cbn,,,SYN416+1.p,intuitionistic,auto,1,false,,5,0,3,unprovable,unprovable,,,two-sided,ILL,11,1,0.014,8,0,5,0,0,0,2048,0.000,0.000,auto,30
lltp,ILL/ILLTP-SYN-cbn,,,SYN915+1.p,intuitionistic,auto,1,false,,5,0,3,provable,unprovable,,,net,IMLL,1,1,0.002,0,0,0,0,0,0,2048,0.000,0.000,auto,30
lltp,ILL/ILLTP-SYN-cbn,,,SYN916+1.p,intuitionistic,auto,1,false,,5,0,3,unprovable,unprovable,,,two-sided,IALL,1,0,0.005,1,0,1,0,0,0,2048,0.000,0.000,auto,30
lltp,ILL/ILLTP-SYN-cbn,,,SYN977+1.p,intuitionistic,auto,1,false,,5,0,3,unprovable,unprovable,,,two-sided,ILL,17,2,0.101,8,1,5,0,0,0,2048,0.000,0.036,auto,30
lltp,ILL/ILLTP-SYN-cbn,,,SYN978+1.p,intuitionistic,auto,1,false,,5,0,3,provable,proved,,ok,two-sided,ILL,14,2,0.017,6,0,5,0,0,0,2048,0.000,0.000,auto,30
lltp,ILL/ILLTP-SYN-cbv,,,SYN001+1.p,intuitionistic,auto,1,false,,5,0,3,unprovable,proved,,ok,two-sided,ILL,19,2,0.023,12,0,6,4,0,0,2048,0.000,0.000,auto,30
lltp,ILL/ILLTP-SYN-cbv,,,SYN040+1.p,intuitionistic,auto,1,false,,5,0,3,unprovable,unknown,copy_bound,,two-sided,ILL,41,2,0.024,30,10,6,22,0,0,2048,0.000,0.000,auto,30
lltp,ILL/ILLTP-SYN-cbv,,,SYN041+1.p,intuitionistic,auto,1,false,,5,0,3,provable,unprovable,,,two-sided,ILL,17,2,0.011,2,0,2,0,0,0,2048,0.000,0.000,auto,30
lltp,ILL/ILLTP-SYN-cbv,,,SYN044+1.p,intuitionistic,auto,1,false,,5,0,3,provable,proved,,ok,two-sided,ILL,37,3,0.057,102,42,38,63,0,0,2048,0.000,0.000,auto,30
lltp,ILL/ILLTP-SYN-cbv,,,SYN045+1.p,intuitionistic,auto,1,false,,5,0,3,provable,proved,,ok,two-sided,ILL,43,3,0.037,29,0,26,6,0,0,2048,0.000,0.000,auto,30
lltp,ILL/ILLTP-SYN-cbv,,,SYN046+1.p,intuitionistic,auto,1,false,,5,0,3,unprovable,unprovable,,,two-sided,ILL,33,2,0.017,12,3,4,6,0,0,2048,0.000,0.000,auto,30
lltp,ILL/ILLTP-SYN-cbv,,,SYN047+1.p,intuitionistic,auto,1,false,,5,0,3,unprovable,unprovable,,,two-sided,ILL,83,3,0.026,12,3,4,12,0,0,2048,0.000,0.000,auto,30
lltp,ILL/ILLTP-SYN-cbv,,,SYN387+1.p,intuitionistic,auto,1,false,,5,0,3,unprovable,unprovable,,,two-sided,ILL,8,1,0.010,3,0,3,0,0,0,2048,0.000,0.000,auto,30
lltp,ILL/ILLTP-SYN-cbv,,,SYN388+1.p,intuitionistic,auto,1,false,,5,0,3,unprovable,unprovable,,,two-sided,ILL,14,1,0.022,20,6,6,6,0,0,2048,0.000,0.000,auto,30
lltp,ILL/ILLTP-SYN-cbv,,,SYN389+1.p,intuitionistic,auto,1,false,,5,0,3,unprovable,unprovable,,,two-sided,IMELL,14,2,0.024,31,9,7,12,0,0,2048,0.000,0.000,auto,30
lltp,ILL/ILLTP-SYN-cbv,,,SYN390+1.p,intuitionistic,auto,1,false,,5,0,3,provable,proved,,ok,two-sided,IMELL,13,2,0.016,8,0,5,2,0,0,2048,0.000,0.000,auto,30
lltp,ILL/ILLTP-SYN-cbv,,,SYN391+1.p,intuitionistic,auto,1,false,,5,0,3,provable,proved,,ok,two-sided,ILL,39,2,0.051,58,9,37,36,0,0,2048,0.000,0.000,auto,30
lltp,ILL/ILLTP-SYN-cbv,,,SYN392+1.p,intuitionistic,auto,1,false,,5,0,3,unprovable,unknown,copy_bound,,two-sided,ILL,65,4,0.024,26,11,5,22,0,0,2048,0.000,0.000,auto,30
lltp,ILL/ILLTP-SYN-cbv,,,SYN393+1.p,intuitionistic,auto,1,false,,5,0,3,unprovable,unknown,copy_bound,,two-sided,IMELL,145,8,0.112,288,129,80,277,0,0,2048,0.000,0.000,auto,30
lltp,ILL/ILLTP-SYN-cbv,,,SYN416+1.p,intuitionistic,auto,1,false,,5,0,3,unprovable,unprovable,,,two-sided,ILL,13,1,0.017,14,0,9,0,0,0,2048,0.000,0.000,auto,30
lltp,ILL/ILLTP-SYN-cbv,,,SYN915+1.p,intuitionistic,auto,1,false,,5,0,3,provable,proved,,ok,two-sided,IMLL with units,1,0,0.008,1,0,1,0,0,0,2048,0.000,0.000,auto,30
lltp,ILL/ILLTP-SYN-cbv,,,SYN916+1.p,intuitionistic,auto,1,false,,5,0,3,unprovable,unprovable,,,two-sided,IALL,1,0,0.006,1,0,1,0,0,0,2048,0.000,0.000,auto,30
lltp,ILL/ILLTP-SYN-cbv,,,SYN977+1.p,intuitionistic,auto,1,false,,5,0,3,unprovable,unprovable,,,two-sided,ILL,19,2,0.015,10,2,5,2,0,0,2048,0.000,0.000,auto,30
lltp,ILL/ILLTP-SYN-cbv,,,SYN978+1.p,intuitionistic,auto,1,false,,5,0,3,provable,proved,,ok,two-sided,IMELL,20,2,0.020,10,0,6,2,0,0,2048,0.000,0.000,auto,30
lltp,ILL/KLE-01,,,KLE001+1.p,intuitionistic,auto,1,false,,5,0,3,provable,proved,,ok,two-sided,IMELL,5,1,0.013,4,0,2,0,0,0,2048,0.000,0.000,auto,30
lltp,ILL/KLE-01,,,KLE002+1.p,intuitionistic,auto,1,false,,5,0,3,provable,proved,,ok,two-sided,IMELL,17,1,0.030,37,10,14,20,0,0,2048,0.000,0.000,auto,30
lltp,ILL/KLE-01,,,KLE003+1.p,intuitionistic,auto,1,false,,5,0,3,provable,proved,,ok,two-sided,IMELL,19,1,0.035,45,10,17,16,0,0,2048,0.000,0.000,auto,30
lltp,ILL/KLE-01,,,KLE004+1.p,intuitionistic,auto,1,false,,5,0,3,provable,unknown,copy_bound,,two-sided,ILL,19,1,0.039,81,32,27,26,0,0,2048,0.000,0.000,auto,30
lltp,ILL/KLE-01,,,KLE005+1.p,intuitionistic,auto,1,false,,5,0,3,provable,proved,,ok,two-sided,ILL,18,1,0.030,22,0,14,4,0,0,2048,0.000,0.000,auto,30
lltp,ILL/KLE-01,,,KLE006+1.p,intuitionistic,auto,1,false,,5,0,3,provable,proved,,ok,two-sided,IMELL,19,1,0.034,44,11,16,23,0,0,2048,0.000,0.000,auto,30
lltp,ILL/KLE-01,,,KLE007+1.p,intuitionistic,auto,1,false,,5,0,3,provable,proved,,ok,two-sided,IMELL,19,1,0.033,44,11,16,23,0,0,2048,0.000,0.000,auto,30
lltp,ILL/KLE-01,,,KLE008+1.p,intuitionistic,auto,1,false,,5,0,3,provable,proved,,ok,two-sided,ILL,18,1,0.040,58,19,21,13,0,0,2048,0.000,0.000,auto,30
lltp,ILL/KLE-01,,,KLE009+1.p,intuitionistic,auto,1,false,,5,0,3,provable,proved,,ok,two-sided,ILL,18,1,0.038,67,22,25,15,0,0,2048,0.000,0.000,auto,30
lltp,ILL/KLE-01,,,KLE010+1.p,intuitionistic,auto,1,false,,5,0,3,provable,proved,,ok,two-sided,ILL,19,1,0.045,85,31,28,25,0,0,2048,0.000,0.000,auto,30
lltp,ILL/KLE-01,,,KLE011+1.p,intuitionistic,auto,1,false,,5,0,3,provable,proved,,ok,two-sided,ILL,19,1,0.047,88,32,29,25,0,0,2048,0.000,0.000,auto,30
lltp,ILL/KLE-01,,,KLE012+1.p,intuitionistic,auto,1,false,,5,0,3,provable,proved,,ok,two-sided,ILL,11,1,0.021,12,0,7,4,0,0,2048,0.000,0.000,auto,30
lltp,ILL/KLE-01,,,KLE013+1.p,intuitionistic,auto,1,false,,5,0,3,provable,unprovable,,,two-sided,ILL,11,1,0.011,5,1,3,0,0,0,2048,0.000,0.000,auto,30
lltp,ILL/KLE-01,,,KLE014+1.p,intuitionistic,auto,1,false,,5,0,3,provable,proved,,ok,two-sided,IMELL,7,1,0.014,4,0,2,0,0,0,2048,0.000,0.000,auto,30
lltp,ILL/KLE-01,,,KLE015+1.p,intuitionistic,auto,1,false,,5,0,3,provable,unknown,copy_bound,,two-sided,ILL,19,2,0.021,26,10,5,18,0,0,2048,0.000,0.000,auto,30
lltp,ILL/KLE-01,,,KLE016+1.p,intuitionistic,auto,1,false,,5,0,3,provable,proved,,ok,two-sided,ILL,19,1,0.038,47,10,19,18,0,0,2048,0.000,0.000,auto,30
lltp,ILL/KLE-01,,,KLE017+1.p,intuitionistic,auto,1,false,,5,0,3,provable,unknown,copy_bound,,two-sided,ILL,27,2,0.035,61,20,13,33,0,0,2048,0.000,0.000,auto,30
lltp,ILL/KLE-01,,,KLE018+1.p,intuitionistic,auto,1,false,,5,0,3,provable,unknown,copy_bound,,two-sided,ILL,35,2,0.093,258,76,83,104,0,0,2048,0.000,0.000,auto,30
lltp,ILL/KLE-01,,,KLE019+1.p,intuitionistic,auto,1,false,,5,0,3,provable,proved,,ok,two-sided,ILL,24,2,0.028,22,2,13,8,0,0,2048,0.000,0.000,auto,30
lltp,ILL/KLE-01,,,KLE020+1.p,intuitionistic,auto,1,false,,5,0,3,provable,proved,,ok,two-sided,ILL,19,2,0.033,49,16,19,7,0,0,2048,0.000,0.000,auto,30
lltp,ILL/KLE-01,,,KLE021+1.p,intuitionistic,auto,1,false,,5,0,3,provable,proved,,ok,two-sided,ILL,19,2,0.039,61,24,20,10,0,0,2048,0.000,0.000,auto,30
lltp,ILL/KLE-01,,,KLE022+1.p,intuitionistic,auto,1,false,,5,0,3,provable,proved,,ok,two-sided,ILL,17,2,0.028,30,8,13,5,0,0,2048,0.000,0.000,auto,30
lltp,ILL/KLE-01,,,KLE023+1.p,intuitionistic,auto,1,false,,5,0,3,provable,proved,,ok,two-sided,ILL,17,2,0.030,42,16,14,8,0,0,2048,0.000,0.000,auto,30
lltp,ILL/KLE-01,,,KLE024+1.p,intuitionistic,auto,1,false,,5,0,3,provable,proved,,ok,two-sided,ILL,12,2,0.017,8,0,5,0,0,0,2048,0.000,0.000,auto,30
lltp,ILL/KLE-01,,,KLE025+1.p,intuitionistic,auto,1,false,,5,0,3,provable,proved,,ok,two-sided,ILL,26,2,0.054,92,34,33,15,0,0,2048,0.000,0.000,auto,30
lltp,ILL/KLE-01,,,KLE026+1.p,intuitionistic,auto,1,false,,5,0,3,provable,unknown,copy_bound,,two-sided,ILL,40,2,0.097,424,260,98,72,0,0,2048,0.000,0.000,auto,30
lltp,ILL/KLE-01,,,KLE027+1.p,intuitionistic,auto,1,false,,5,0,3,provable,unknown,copy_bound,,two-sided,ILL,39,1,0.088,278,129,73,179,0,0,2048,0.000,0.000,auto,30
lltp,ILL/KLE-01,,,KLE028+1.p,intuitionistic,auto,1,false,,5,0,3,provable,unknown,copy_bound,,two-sided,ILL,35,1,0.063,158,58,39,87,0,0,2048,0.000,0.000,auto,30
lltp,ILL/KLE-01,,,KLE029+1.p,intuitionistic,auto,1,false,,5,0,3,provable,unknown,copy_bound,,two-sided,ILL,41,1,0.077,257,118,60,171,0,0,2048,0.000,0.000,auto,30
lltp,ILL/KLE-01,,,KLE030+1.p,intuitionistic,auto,1,false,,5,0,3,provable,unknown,copy_bound,,two-sided,ILL,66,2,0.058,117,44,32,31,0,0,2048,0.000,0.000,auto,30
lltp,ILL/KLE-01,,,KLE031+1.p,intuitionistic,auto,1,false,,5,0,3,provable,unknown,copy_bound,,two-sided,ILL,98,4,0.070,131,47,40,37,0,0,2048,0.000,0.000,auto,30
lltp,ILL/KLE-01,,,KLE032+1.p,intuitionistic,auto,1,false,,5,0,3,provable,unknown,copy_bound,,two-sided,ILL,42,2,0.073,228,126,50,69,0,0,2048,0.000,0.000,auto,30
lltp,ILL/KLE-01,,,KLE033+1.p,intuitionistic,auto,1,false,,5,0,3,provable,unknown,copy_bound,,two-sided,ILL,42,2,0.076,245,132,58,70,0,0,2048,0.000,0.000,auto,30
lltp,ILL/KLE-01,,,KLE034+1.p,intuitionistic,auto,1,false,,5,0,3,provable,unknown,copy_bound,,two-sided,ILL,40,2,0.083,312,188,66,36,0,0,2048,0.000,0.000,auto,30
lltp,ILL/KLE-01,,,KLE035+1.p,intuitionistic,auto,1,false,,5,0,3,provable,unknown,copy_bound,,two-sided,ILL,40,2,0.097,359,204,84,42,0,0,2048,0.000,0.000,auto,30
lltp,ILL/KLE-01,,,KLE036+1.p,intuitionistic,auto,1,false,,5,0,3,provable,unknown,copy_bound,,two-sided,ILL,42,2,0.075,279,169,51,40,0,0,2048,0.000,0.000,auto,30
lltp,ILL/KLE-01,,,KLE037+1.p,intuitionistic,auto,1,false,,5,0,3,provable,unknown,copy_bound,,two-sided,ILL,42,2,0.091,331,180,81,42,0,0,2048,0.000,0.000,auto,30
lltp,ILL/KLE-01,,,KLE038+1.p,intuitionistic,auto,1,false,,5,0,3,provable,unknown,copy_bound,,two-sided,ILL,39,2,0.057,164,87,44,33,0,0,2048,0.000,0.000,auto,30
lltp,ILL/KLE-01,,,KLE039+1.p,intuitionistic,auto,1,false,,5,0,3,provable,proved,,ok,two-sided,ILL,40,2,0.059,118,22,59,0,0,0,2048,0.000,0.000,auto,30
lltp,ILL/KLE-01,,,KLE040+1.p,intuitionistic,auto,1,false,,5,0,3,provable,proved,,ok,two-sided,ILL,44,2,0.082,192,54,88,0,0,0,2048,0.000,0.000,auto,30
lltp,ILL/KLE-01,,,KLE041+1.p,intuitionistic,auto,1,false,,5,0,3,provable,proved,,ok,two-sided,ILL,26,2,0.034,35,3,21,0,0,0,2048,0.000,0.000,auto,30
lltp,ILL/KLE-01,,,KLE042+1.p,intuitionistic,auto,1,false,,5,0,3,provable,proved,,ok,two-sided,ILL,28,2,0.038,48,7,27,0,0,0,2048,0.000,0.000,auto,30
lltp,ILL/KLE-01,,,KLE043+1.p,intuitionistic,auto,1,false,,5,0,3,provable,unknown,copy_bound,,two-sided,ILL,49,3,0.081,243,112,64,0,0,0,2048,0.000,0.000,auto,30
lltp,ILL/KLE-01,,,KLE044+1.p,intuitionistic,auto,1,false,,5,0,3,provable,unknown,copy_bound,,two-sided,ILL,50,3,0.102,275,71,133,0,0,0,2048,0.000,0.000,auto,30
lltp,ILL/KLE-01,,,KLE045+1.p,intuitionistic,auto,1,false,,5,0,3,provable,proved,,ok,two-sided,ILL,19,3,0.023,16,0,9,0,0,0,2048,0.000,0.000,auto,30
lltp,ILL/KLE-01,,,KLE046+1.p,intuitionistic,auto,1,false,,5,0,3,provable,proved,,ok,two-sided,ILL,20,3,0.023,15,0,8,0,0,0,2048,0.000,0.000,auto,30
lltp,ILL/KLE-01,,,KLE047+1.p,intuitionistic,auto,1,false,,5,0,3,provable,proved,,ok,two-sided,ILL,27,3,0.025,17,0,10,0,0,0,2048,0.000,0.000,auto,30
lltp,ILL/KLE-01,,,KLE048+1.p,intuitionistic,auto,1,false,,5,0,3,provable,proved,,ok,two-sided,ILL,27,3,0.029,26,2,11,0,0,0,2048,0.000,0.000,auto,30
lltp,ILL/KLE-01,,,KLE049+1.p,intuitionistic,auto,1,false,,5,0,3,provable,proved,,ok,two-sided,ILL,22,2,0.025,18,0,11,2,0,0,2048,0.000,0.000,auto,30
lltp,ILL/KLE-01,,,KLE050+1.p,intuitionistic,auto,1,false,,5,0,3,provable,proved,,ok,two-sided,ILL,22,3,0.019,9,0,6,0,0,0,2048,0.000,0.000,auto,30
lltp,ILL/KLE-01,,,KLE051+1.p,intuitionistic,auto,1,false,,5,0,3,provable,proved,,ok,two-sided,ILL,34,3,0.032,27,1,17,10,0,0,2048,0.000,0.000,auto,30
lltp,ILL/KLE-01,,,KLE052+1.p,intuitionistic,auto,1,false,,5,0,3,provable,proved,,ok,two-sided,ILL,34,2,0.051,66,13,27,35,0,0,2048,0.000,0.000,auto,30
lltp,ILL/KLE-01,,,KLE053+1.p,intuitionistic,auto,1,false,,5,0,3,provable,proved,,ok,two-sided,ILL,21,2,0.026,19,0,12,0,0,0,2048,0.000,0.000,auto,30
lltp,ILL/KLE-01,,,KLE054+1.p,intuitionistic,auto,1,false,,5,0,3,provable,proved,,ok,two-sided,ILL,22,3,0.022,11,0,8,0,0,0,2048,0.000,0.000,auto,30
lltp,ILL/KLE-01,,,KLE055+1.p,intuitionistic,auto,1,false,,5,0,3,provable,proved,,ok,two-sided,ILL,25,3,0.035,27,2,17,6,0,0,2048,0.000,0.000,auto,30
lltp,ILL/KLE-01,,,KLE056+1.p,intuitionistic,auto,1,false,,5,0,3,provable,proved,,ok,two-sided,ILL,26,2,0.037,37,6,16,11,0,0,2048,0.000,0.000,auto,30
lltp,ILL/KLE-01,,,KLE057+1.p,intuitionistic,auto,1,false,,5,0,3,provable,proved,,ok,two-sided,ILL,13,1,0.025,18,1,9,4,0,0,2048,0.000,0.000,auto,30
lltp,ILL/KLE-01,,,KLE058+1.p,intuitionistic,auto,1,false,,5,0,3,provable,unknown,copy_bound,,two-sided,ILL,33,2,0.031,38,11,12,12,0,0,2048,0.000,0.000,auto,30
lltp,ILL/KLE-01,,,KLE059+1.p,intuitionistic,auto,1,false,,5,0,3,provable,proved,,ok,two-sided,ILL,25,2,0.033,25,2,14,4,0,0,2048,0.000,0.000,auto,30
lltp,ILL/KLE-01,,,KLE060+1.p,intuitionistic,auto,1,false,,5,0,3,provable,proved,,ok,two-sided,ILL,32,3,0.037,31,2,19,4,0,0,2048,0.000,0.000,auto,30
lltp,ILL/KLE-01,,,KLE061+1.p,intuitionistic,auto,1,false,,5,0,3,provable,unknown,copy_bound,,two-sided,ILL,13,1,0.024,35,13,9,4,0,0,2048,0.000,0.000,auto,30
lltp,ILL/KLE-01,,,KLE062+1.p,intuitionistic,auto,1,false,,5,0,3,provable,unknown,copy_bound,,two-sided,ILL,25,2,0.032,44,17,12,9,0,0,2048,0.000,0.000,auto,30
lltp,ILL/KLE-01,,,KLE063+1.p,intuitionistic,auto,1,false,,5,0,3,provable,proved,,ok,two-sided,ILL,17,1,0.040,42,5,15,12,0,0,2048,0.000,0.000,auto,30
lltp,ILL/KLE-01,,,KLE064+1.p,intuitionistic,auto,1,false,,5,0,3,provable,proved,,ok,two-sided,ILL,21,1,0.036,38,4,14,15,0,0,2048,0.000,0.000,auto,30
lltp,ILL/KLE-01,,,KLE065+1.p,intuitionistic,auto,1,false,,5,0,3,unprovable,proved,,ok,two-sided,ILL,17,1,0.017,9,0,4,0,0,0,2048,0.000,0.000,auto,30
lltp,ILL/KLE-01,,,KLE066+1.p,intuitionistic,auto,1,false,,5,0,3,provable,unknown,copy_bound,,two-sided,ILL,35,2,0.030,32,5,13,1,0,0,2048,0.000,0.000,auto,30
lltp,ILL/KLE-01,,,KLE067+1.p,intuitionistic,auto,1,false,,5,0,3,provable,unknown,copy_bound,,two-sided,ILL,49,4,0.066,178,72,58,4,0,0,2048,0.000,0.000,auto,30
lltp,ILL/KLE-01,,,KLE068+1.p,intuitionistic,auto,1,false,,5,0,3,unprovable,unknown,copy_bound,,two-sided,ILL,52,4,0.043,75,25,20,0,0,0,2048,0.000,0.000,auto,30
lltp,ILL/KLE-01,,,KLE069+1.p,intuitionistic,auto,1,false,,5,0,3,provable,unknown,copy_bound,,two-sided,ILL,24,2,0.046,68,21,21,14,0,0,2048,0.000,0.000,auto,30
lltp,ILL/KLE-01,,,KLE070+1.p,intuitionistic,auto,1,false,,5,0,3,provable,proved,,ok,two-sided,ILL,25,2,0.041,62,15,25,16,0,0,2048,0.000,0.000,auto,30
lltp,ILL/KLE-01,,,KLE071+1.p,intuitionistic,auto,1,false,,5,0,3,provable,proved,,ok,two-sided,ILL,25,2,0.054,94,29,40,12,0,0,2048,0.000,0.000,auto,30
lltp,ILL/KLE-01,,,KLE072+1.p,intuitionistic,auto,1,false,,5,0,3,provable,proved,,ok,two-sided,ILL,25,2,0.049,81,26,33,14,0,0,2048,0.000,0.000,auto,30
lltp,ILL/KLE-01,,,KLE073+1.p,intuitionistic,auto,1,false,,5,0,3,provable,unknown,copy_bound,,two-sided,ILL,21,1,0.040,85,33,28,27,0,0,2048,0.000,0.000,auto,30
lltp,ILL/KLE-01,,,KLE074+1.p,intuitionistic,auto,1,false,,5,0,3,provable,unknown,copy_bound,,two-sided,ILL,264,8,0.169,514,243,155,163,0,0,2048,0.000,0.000,auto,30
lltp,ILL/KLE-01,,,KLE075+1.p,intuitionistic,auto,1,false,,5,0,3,provable,unknown,copy_bound,,two-sided,ILL,89,4,0.213,825,413,246,274,0,0,2048,0.000,0.000,auto,30
lltp,ILL/KLE-01,,,KLE076+1.p,intuitionistic,auto,1,false,,5,0,3,provable,unknown,copy_bound,,two-sided,ILL,29,1,0.051,121,54,29,45,0,0,2048,0.000,0.000,auto,30
lltp,ILL/KLE-01,,,KLE077+1.p,intuitionistic,auto,1,false,,5,0,3,provable,proved,,ok,two-sided,ILL,17,2,0.028,22,0,14,4,0,0,2048,0.000,0.000,auto,30
lltp,ILL/KLE-01,,,KLE078+1.p,intuitionistic,auto,1,false,,5,0,3,provable,unknown,copy_bound,,two-sided,ILL,25,2,0.035,53,19,12,28,0,0,2048,0.000,0.000,auto,30
lltp,ILL/KLE-01,,,KLE079+1.p,intuitionistic,auto,1,false,,5,0,3,provable,proved,,ok,two-sided,ILL,25,2,0.045,71,15,25,29,0,0,2048,0.000,0.000,auto,30
lltp,ILL/KLE-01,,,KLE080+1.p,intuitionistic,auto,1,false,,5,0,3,provable,unknown,copy_bound,,two-sided,ILL,21,1,0.047,114,49,34,22,0,0,2048,0.000,0.000,auto,30
lltp,ILL/KLE-01,,,KLE081+1.p,intuitionistic,auto,1,false,,5,0,3,provable,unknown,copy_bound,,two-sided,ILL,21,1,0.047,115,51,34,27,0,0,2048,0.000,0.000,auto,30
lltp,ILL/KLE-01,,,KLE082+1.p,intuitionistic,auto,1,false,,5,0,3,provable,unknown,copy_bound,,two-sided,ILL,29,1,0.043,89,33,25,36,0,0,2048,0.000,0.000,auto,30
lltp,ILL/KLE-01,,,KLE083+1.p,intuitionistic,auto,1,false,,5,0,3,provable,unknown,copy_bound,,two-sided,ILL,254,8,0.097,227,108,70,43,0,0,2048,0.000,0.000,auto,30
lltp,ILL/KLE-01,,,KLE084+1.p,intuitionistic,auto,1,false,,5,0,3,provable,unknown,copy_bound,,two-sided,ILL,264,8,0.128,332,127,108,159,0,0,2048,0.000,0.000,auto,30
lltp,ILL/KLE-01,,,KLE085+1.p,intuitionistic,auto,1,false,,5,0,3,unprovable,unprovable,,,two-sided,ILL,36,2,0.025,27,8,7,0,0,0,2048,0.000,0.000,auto,30
lltp,ILL/KLE-01,,,KLE086+1.p,intuitionistic,auto,1,false,,5,0,3,provable,unknown,copy_bound,,two-sided,ILL,49,2,0.038,57,23,17,12,0,0,2048,0.000,0.000,auto,30
lltp,ILL/KLE-01,,,KLE087+1.p,intuitionistic,auto,1,false,,5,0,3,provable,proved,,ok,two-sided,ILL,25,2,0.051,80,19,33,17,0,0,2048,0.000,0.000,auto,30
lltp,ILL/KLE-01,,,KLE088+1.p,intuitionistic,auto,1,false,,5,0,3,provable,unknown,copy_bound,,two-sided,ILL,48,2,0.036,57,23,17,11,0,0,2048,0.000,0.000,auto,30
lltp,ILL/KLE-IMP-CONJ/ALT,,,KLE_ALT_1.p,intuitionistic,auto,1,false,,5,0,3,provable,proved,,ok,two-sided,IMALL,6,1,0.011,1,0,1,1,0,0,2048,0.000,0.000,auto,30
lltp,ILL/KLE-IMP-CONJ/ALT,,,KLE_ALT_10.p,intuitionistic,auto,1,false,,5,0,3,provable,proved,,ok,two-sided,ILL,29,3,0.077,12,0,9,10,0,0,2048,0.000,0.011,auto,30
lltp,ILL/KLE-IMP-CONJ/ALT,,,KLE_ALT_11.p,intuitionistic,auto,1,false,,5,0,3,provable,proved,,ok,two-sided,IMLL,27,3,0.027,7,0,7,12,0,0,2048,0.000,0.000,auto,30
lltp,ILL/KLE-IMP-CONJ/ALT,,,KLE_ALT_12.p,intuitionistic,auto,1,false,,5,0,3,provable,proved,,ok,two-sided,IMELL,17,3,0.020,9,0,6,3,0,0,2048,0.000,0.000,auto,30
lltp,ILL/KLE-IMP-CONJ/ALT,,,KLE_ALT_13.p,intuitionistic,auto,1,false,,5,0,3,provable,proved,,ok,two-sided,IMELL,13,2,0.066,4,0,4,5,0,0,2048,0.000,0.012,auto,30
lltp,ILL/KLE-IMP-CONJ/ALT,,,KLE_ALT_14.p,intuitionistic,auto,1,false,,5,0,3,provable,proved,,ok,two-sided,IMELL,14,3,0.052,4,0,4,3,0,0,2048,0.000,0.011,auto,30
lltp,ILL/KLE-IMP-CONJ/ALT,,,KLE_ALT_15.p,intuitionistic,auto,1,false,,5,0,3,provable,proved,,ok,two-sided,ILL,19,3,0.055,3,0,3,6,0,0,2048,0.000,0.011,auto,30
lltp,ILL/KLE-IMP-CONJ/ALT,,,KLE_ALT_16.p,intuitionistic,auto,1,false,,5,0,3,provable,proved,,ok,two-sided,IMALL,18,2,0.021,4,0,4,12,0,0,2048,0.000,0.000,auto,30
lltp,ILL/KLE-IMP-CONJ/ALT,,,KLE_ALT_17.p,intuitionistic,auto,1,false,,5,0,3,provable,proved,,ok,two-sided,IMELL,13,2,0.017,3,0,3,3,0,0,2048,0.000,0.000,auto,30
lltp,ILL/KLE-IMP-CONJ/ALT,,,KLE_ALT_18.p,intuitionistic,auto,1,false,,5,0,3,provable,proved,,ok,two-sided,ILL,15,3,0.063,3,0,3,4,0,0,2048,0.000,0.013,auto,30
lltp,ILL/KLE-IMP-CONJ/ALT,,,KLE_ALT_19.p,intuitionistic,auto,1,false,,5,0,3,provable,proved,,ok,two-sided,IMELL,16,2,0.022,8,0,4,9,0,0,2048,0.000,0.000,auto,30
lltp,ILL/KLE-IMP-CONJ/ALT,,,KLE_ALT_2.p,intuitionistic,auto,1,false,,5,0,3,provable,proved,,ok,two-sided,IMALL,6,1,0.010,1,0,1,1,0,0,2048,0.000,0.000,auto,30
lltp,ILL/KLE-IMP-CONJ/ALT,,,KLE_ALT_20.p,intuitionistic,auto,1,false,,5,0,3,provable,proved,,ok,two-sided,ILL,13,2,0.021,10,0,4,8,0,0,2048,0.000,0.000,auto,30
lltp,ILL/KLE-IMP-CONJ/ALT,,,KLE_ALT_21.p,intuitionistic,auto,1,false,,5,0,3,provable,proved,,ok,two-sided,IMALL,27,4,0.021,3,0,3,3,0,0,2048,0.000,0.000,auto,30
lltp,ILL/KLE-IMP-CONJ/ALT,,,KLE_ALT_22.p,intuitionistic,auto,1,false,,5,0,3,provable,proved,,ok,net,IMLL,15,2,0.021,4,0,0,0,4,4,2048,0.000,0.000,auto,30
lltp,ILL/KLE-IMP-CONJ/ALT,,,KLE_ALT_23.p,intuitionistic,auto,1,false,,5,0,3,provable,proved,,ok,two-sided,ILL,16,2,0.021,6,0,4,6,0,0,2048,0.000,0.000,auto,30
lltp,ILL/KLE-IMP-CONJ/ALT,,,KLE_ALT_24.p,intuitionistic,auto,1,false,,5,0,3,provable,proved,,ok,two-sided,ILL,17,2,0.024,7,0,4,13,0,0,2048,0.000,0.000,auto,30
lltp,ILL/KLE-IMP-CONJ/ALT,,,KLE_ALT_25.p,intuitionistic,auto,1,false,,5,0,3,provable,proved,,ok,net,IMLL,15,2,0.021,4,0,0,0,4,4,2048,0.000,0.000,auto,30
lltp,ILL/KLE-IMP-CONJ/ALT,,,KLE_ALT_26.p,intuitionistic,auto,1,false,,5,0,3,provable,proved,,ok,net,IMLL,15,2,0.019,4,0,0,0,4,4,2048,0.000,0.000,auto,30
lltp,ILL/KLE-IMP-CONJ/ALT,,,KLE_ALT_27.p,intuitionistic,auto,1,false,,5,0,3,provable,proved,,ok,two-sided,ILL,17,2,0.027,7,0,4,13,0,0,2048,0.000,0.000,auto,30
lltp,ILL/KLE-IMP-CONJ/ALT,,,KLE_ALT_3.p,intuitionistic,auto,1,false,,5,0,3,provable,proved,,ok,two-sided,IMELL,5,1,0.012,1,0,1,0,0,0,2048,0.000,0.000,auto,30
lltp,ILL/KLE-IMP-CONJ/ALT,,,KLE_ALT_4.p,intuitionistic,auto,1,false,,5,0,3,provable,proved,,ok,two-sided,IMELL,11,2,0.012,1,0,1,1,0,0,2048,0.000,0.000,auto,30
lltp,ILL/KLE-IMP-CONJ/ALT,,,KLE_ALT_5.p,intuitionistic,auto,1,false,,5,0,3,provable,proved,,ok,two-sided,IMELL,11,2,0.011,1,0,1,1,0,0,2048,0.000,0.000,auto,30
lltp,ILL/KLE-IMP-CONJ/ALT,,,KLE_ALT_6.p,intuitionistic,auto,1,false,,5,0,3,provable,proved,,ok,net,IMLL,13,2,0.020,4,0,0,0,4,4,2048,0.000,0.000,auto,30
lltp,ILL/KLE-IMP-CONJ/ALT,,,KLE_ALT_7.p,intuitionistic,auto,1,false,,5,0,3,provable,proved,,ok,net,IMLL,13,2,0.019,4,0,0,0,4,4,2048,0.000,0.000,auto,30
lltp,ILL/KLE-IMP-CONJ/ALT,,,KLE_ALT_8.p,intuitionistic,auto,1,false,,5,0,3,provable,proved,,ok,two-sided,IMALL,19,3,0.026,7,0,7,6,0,0,2048,0.000,0.000,auto,30
lltp,ILL/KLE-IMP-CONJ/ALT,,,KLE_ALT_9.p,intuitionistic,auto,1,false,,5,0,3,provable,proved,,ok,two-sided,IMLL,19,3,0.020,3,0,3,4,0,0,2048,0.000,0.000,auto,30
lltp,ILL/KLE-IMP-CONJ,,,KLE_10_01.p,intuitionistic,auto,1,false,,5,0,3,provable,proved,,ok,two-sided,ILL,11,1,0.022,12,0,7,4,0,0,2048,0.000,0.000,auto,30
lltp,ILL/KLE-IMP-CONJ,,,KLE_10_CBN.p,intuitionistic,auto,1,false,,5,0,3,provable,proved,,ok,two-sided,ILL,9,1,0.017,6,0,3,2,0,0,2048,0.000,0.000,auto,30
lltp,ILL/KLE-IMP-CONJ,,,KLE_10_CBV.p,intuitionistic,auto,1,false,,5,0,3,provable,proved,,ok,two-sided,ILL,11,1,0.022,15,1,7,4,0,0,2048,0.000,0.000,auto,30
lltp,ILL/KLE-IMP-CONJ,,,KLE_11_01.p,intuitionistic,auto,1,false,,5,0,3,provable,proved,,ok,two-sided,ILL,11,1,0.023,15,1,8,4,0,0,2048,0.000,0.000,auto,30
lltp,ILL/KLE-IMP-CONJ,,,KLE_11_CBN.p,intuitionistic,auto,1,false,,5,0,3,provable,proved,,ok,two-sided,ILL,9,1,0.018,8,1,3,3,0,0,2048,0.000,0.000,auto,30
lltp,ILL/KLE-IMP-CONJ,,,KLE_11_CBV.p,intuitionistic,auto,1,false,,5,0,3,provable,proved,,ok,two-sided,ILL,11,1,0.021,17,2,7,4,0,0,2048,0.000,0.000,auto,30
lltp,ILL/KLE-IMP-CONJ,,,KLE_12_01.p,intuitionistic,auto,1,false,,5,0,3,provable,proved,,ok,two-sided,IMELL,7,1,0.014,4,0,2,0,0,0,2048,0.000,0.000,auto,30
lltp,ILL/KLE-IMP-CONJ,,,KLE_12_CBN.p,intuitionistic,auto,1,false,,5,0,3,provable,proved,,ok,two-sided,IMELL,6,1,0.012,2,0,1,0,0,0,2048,0.000,0.000,auto,30
lltp,ILL/KLE-IMP-CONJ,,,KLE_12_CBV.p,intuitionistic,auto,1,false,,5,0,3,provable,proved,,ok,two-sided,IMELL,8,1,0.016,6,0,3,0,0,0,2048,0.000,0.000,auto,30
lltp,ILL/KLE-IMP-CONJ,,,KLE_13_01.p,intuitionistic,auto,1,false,,5,0,3,provable,proved,,ok,two-sided,ILL,19,1,0.042,55,16,20,28,0,0,2048,0.000,0.000,auto,30
lltp,ILL/KLE-IMP-CONJ,,,KLE_13_CBN.p,intuitionistic,auto,1,false,,5,0,3,provable,proved,,ok,two-sided,ILL,15,1,0.060,9,1,4,5,0,0,2048,0.000,0.013,auto,30
lltp,ILL/KLE-IMP-CONJ,,,KLE_13_CBV.p,intuitionistic,auto,1,false,,5,0,3,provable,proved,,ok,two-sided,ILL,18,1,0.041,51,16,16,26,0,0,2048,0.000,0.000,auto,30
lltp,ILL/KLE-IMP-CONJ,,,KLE_13_MU.p,intuitionistic,auto,1,false,,5,0,3,provable,proved,,ok,net,IMLL,10,1,0.016,3,0,0,0,3,3,2048,0.000,0.000,auto,30
lltp,ILL/KLE-IMP-CONJ,,,KLE_14_01.p,intuitionistic,auto,1,false,,5,0,3,provable,unknown,copy_bound,,two-sided,ILL,27,1,0.058,140,59,35,72,0,0,2048,0.000,0.000,auto,30
lltp,ILL/KLE-IMP-CONJ,,,KLE_14_CBN.p,intuitionistic,auto,1,false,,5,0,3,provable,proved,,ok,two-sided,ILL,21,1,0.032,34,13,10,24,0,0,2048,0.000,0.000,auto,30
lltp,ILL/KLE-IMP-CONJ,,,KLE_14_CBV.p,intuitionistic,auto,1,false,,5,0,3,provable,unknown,copy_bound,,two-sided,ILL,24,1,0.046,94,39,26,55,0,0,2048,0.000,0.000,auto,30
lltp,ILL/KLE-IMP-CONJ,,,KLE_14_MU.p,intuitionistic,auto,1,false,,5,0,3,provable,proved,,ok,net,IMLL,14,2,0.017,4,0,0,0,4,4,2048,0.000,0.000,auto,30
lltp,ILL/KLE-IMP-CONJ,,,KLE_15_01.p,intuitionistic,auto,1,false,,5,0,3,provable,proved,,ok,two-sided,ILL,24,2,0.027,22,2,13,8,0,0,2048,0.000,0.000,auto,30
lltp,ILL/KLE-IMP-CONJ,,,KLE_15_CBN.p,intuitionistic,auto,1,false,,5,0,3,provable,proved,,ok,two-sided,ILL,19,2,0.059,8,0,5,4,0,0,2048,0.000,0.011,auto,30
lltp,ILL/KLE-IMP-CONJ,,,KLE_15_CBV.p,intuitionistic,auto,1,false,,5,0,3,provable,proved,,ok,two-sided,IMELL,25,2,0.030,23,2,14,11,0,0,2048,0.000,0.000,auto,30
lltp,ILL/KLE-IMP-CONJ,,,KLE_15_MU.p,intuitionistic,auto,1,false,,5,0,3,provable,proved,,ok,net,IMLL,13,2,0.015,4,0,0,0,4,4,2048,0.000,0.000,auto,30
lltp,ILL/KLE-IMP-CONJ,,,KLE_16_01.p,intuitionistic,auto,1,false,,5,0,3,provable,proved,,ok,two-sided,ILL,19,2,0.037,49,16,19,7,0,0,2048,0.000,0.000,auto,30
lltp,ILL/KLE-IMP-CONJ,,,KLE_16_CBN.p,intuitionistic,auto,1,false,,5,0,3,provable,proved,,ok,two-sided,ILL,14,2,0.055,6,0,3,3,0,0,2048,0.000,0.011,auto,30
lltp,ILL/KLE-IMP-CONJ,,,KLE_16_CBV.p,intuitionistic,auto,1,false,,5,0,3,provable,proved,,ok,two-sided,IMELL,19,2,0.024,19,2,10,7,0,0,2048,0.000,0.000,auto,30
lltp,ILL/KLE-IMP-CONJ,,,KLE_17_01.p,intuitionistic,auto,1,false,,5,0,3,provable,proved,,ok,two-sided,ILL,19,2,0.041,61,24,20,10,0,0,2048,0.000,0.000,auto,30
lltp,ILL/KLE-IMP-CONJ,,,KLE_17_CBN.p,intuitionistic,auto,1,false,,5,0,3,provable,proved,,ok,two-sided,ILL,14,2,0.052,9,2,3,6,0,0,2048,0.000,0.011,auto,30
lltp,ILL/KLE-IMP-CONJ,,,KLE_17_CBV.p,intuitionistic,auto,1,false,,5,0,3,provable,proved,,ok,two-sided,IMELL,19,2,0.025,19,2,10,7,0,0,2048,0.000,0.000,auto,30
lltp,ILL/KLE-IMP-CONJ,,,KLE_18_01.p,intuitionistic,auto,1,false,,5,0,3,provable,proved,,ok,two-sided,ILL,17,2,0.030,30,8,13,5,0,0,2048,0.000,0.000,auto,30
lltp,ILL/KLE-IMP-CONJ,,,KLE_18_CBN.p,intuitionistic,auto,1,false,,5,0,3,provable,proved,,ok,two-sided,ILL,13,2,0.052,6,0,3,3,0,0,2048,0.000,0.011,auto,30
lltp,ILL/KLE-IMP-CONJ,,,KLE_18_CBV.p,intuitionistic,auto,1,false,,5,0,3,provable,proved,,ok,two-sided,IMELL,17,2,0.022,14,2,7,5,0,0,2048,0.000,0.000,auto,30
lltp,ILL/KLE-IMP-CONJ,,,KLE_19_01.p,intuitionistic,auto,1,false,,5,0,3,provable,proved,,ok,two-sided,ILL,17,2,0.031,42,16,14,8,0,0,2048,0.000,0.000,auto,30
lltp,ILL/KLE-IMP-CONJ,,,KLE_19_CBN.p,intuitionistic,auto,1,false,,5,0,3,provable,proved,,ok,two-sided,ILL,13,2,0.053,9,2,3,6,0,0,2048,0.000,0.011,auto,30
lltp,ILL/KLE-IMP-CONJ,,,KLE_19_CBV.p,intuitionistic,auto,1,false,,5,0,3,provable,proved,,ok,two-sided,IMELL,17,2,0.025,14,2,7,5,0,0,2048,0.000,0.000,auto,30
lltp,ILL/KLE-IMP-CONJ,,,KLE_1_01.p,intuitionistic,auto,1,false,,5,0,3,provable,proved,,ok,two-sided,IMELL,5,1,0.012,4,0,2,0,0,0,2048,0.000,0.000,auto,30
lltp,ILL/KLE-IMP-CONJ,,,KLE_1_CBN.p,intuitionistic,auto,1,false,,5,0,3,provable,proved,,ok,two-sided,IMELL,4,1,0.011,2,0,1,0,0,0,2048,0.000,0.000,auto,30
lltp,ILL/KLE-IMP-CONJ,,,KLE_1_CBV.p,intuitionistic,auto,1,false,,5,0,3,provable,proved,,ok,two-sided,IMELL,6,1,0.015,6,0,3,0,0,0,2048,0.000,0.000,auto,30
lltp,ILL/KLE-IMP-CONJ,,,KLE_1_MU.p,intuitionistic,auto,1,false,,5,0,3,provable,proved,,ok,net,IMLL,3,1,0.010,1,0,0,0,1,1,2048,0.000,0.000,auto,30
lltp,ILL/KLE-IMP-CONJ,,,KLE_20_01.p,intuitionistic,auto,1,false,,5,0,3,provable,proved,,ok,two-sided,ILL,12,2,0.019,8,0,5,0,0,0,2048,0.000,0.000,auto,30
lltp,ILL/KLE-IMP-CONJ,,,KLE_20_CBN.p,intuitionistic,auto,1,false,,5,0,3,provable,proved,,ok,two-sided,ILL,9,2,0.012,3,0,2,0,0,0,2048,0.000,0.000,auto,30
lltp,ILL/KLE-IMP-CONJ,,,KLE_20_CBV.p,intuitionistic,auto,1,false,,5,0,3,provable,proved,,ok,two-sided,IMELL,13,2,0.019,8,0,5,2,0,0,2048,0.000,0.000,auto,30
lltp,ILL/KLE-IMP-CONJ,,,KLE_20_MU.p,intuitionistic,auto,1,false,,5,0,3,provable,proved,,ok,net,IMLL,7,2,0.012,2,0,0,0,2,2,2048,0.000,0.000,auto,30
lltp,ILL/KLE-IMP-CONJ,,,KLE_21_01.p,intuitionistic,auto,1,false,,5,0,3,provable,proved,,ok,two-sided,ILL,26,2,0.049,92,34,33,15,0,0,2048,0.000,0.000,auto,30
lltp,ILL/KLE-IMP-CONJ,,,KLE_21_CBN.p,intuitionistic,auto,1,false,,5,0,3,provable,proved,,ok,two-sided,ILL,19,2,0.055,11,2,5,7,0,0,2048,0.000,0.011,auto,30
lltp,ILL/KLE-IMP-CONJ,,,KLE_21_CBV.p,intuitionistic,auto,1,false,,5,0,3,provable,proved,,ok,two-sided,IMELL,26,2,0.028,23,2,14,11,0,0,2048,0.000,0.000,auto,30
lltp,ILL/KLE-IMP-CONJ,,,KLE_21_MU.p,intuitionistic,auto,1,false,,5,0,3,provable,proved,,ok,net,IMLL,14,2,0.017,4,0,0,0,4,4,2048,0.000,0.000,auto,30
lltp,ILL/KLE-IMP-CONJ,,,KLE_22_01.p,intuitionistic,auto,1,false,,5,0,3,provable,unknown,copy_bound,,two-sided,ILL,40,2,0.101,424,260,98,72,0,0,2048,0.000,0.000,auto,30
lltp,ILL/KLE-IMP-CONJ,,,KLE_22_CBN.p,intuitionistic,auto,1,false,,5,0,3,provable,proved,,ok,two-sided,ILL,29,2,0.068,46,18,10,41,0,0,2048,0.000,0.011,auto,30
lltp,ILL/KLE-IMP-CONJ,,,KLE_22_CBV.p,intuitionistic,auto,1,false,,5,0,3,provable,proved,,ok,two-sided,IMELL,39,2,0.055,114,54,35,81,0,0,2048,0.000,0.000,auto,30
lltp,ILL/KLE-IMP-CONJ,,,KLE_22_MU.p,intuitionistic,auto,1,false,,5,0,3,provable,proved,,ok,net,IMLL,21,2,0.025,6,0,0,0,7,7,2048,0.000,0.000,auto,30
lltp,ILL/KLE-IMP-CONJ,,,KLE_23_01.p,intuitionistic,auto,1,false,,5,0,3,provable,unknown,copy_bound,,two-sided,ILL,39,1,0.085,278,129,73,179,0,0,2048,0.000,0.000,auto,30
lltp,ILL/KLE-IMP-CONJ,,,KLE_23_CBN.p,intuitionistic,auto,1,false,,5,0,3,provable,unknown,copy_bound,,two-sided,ILL,31,1,0.109,192,102,48,160,0,0,2048,0.000,0.012,auto,30
lltp,ILL/KLE-IMP-CONJ,,,KLE_23_CBV.p,intuitionistic,auto,1,false,,5,0,3,provable,unknown,copy_bound,,two-sided,ILL,34,1,0.058,158,73,49,123,0,0,2048,0.000,0.000,auto,30
lltp,ILL/KLE-IMP-CONJ,,,KLE_23_MU.p,intuitionistic,auto,1,false,,5,0,3,provable,proved,,ok,two-sided,IMLL,20,3,0.022,4,0,4,8,0,0,2048,0.000,0.000,auto,30
lltp,ILL/KLE-IMP-CONJ,,,KLE_24_01.p,intuitionistic,auto,1,false,,5,0,3,provable,unknown,copy_bound,,two-sided,ILL,35,1,0.067,210,91,45,135,0,0,2048,0.000,0.000,auto,30
lltp,ILL/KLE-IMP-CONJ,,,KLE_24_CBN.p,intuitionistic,auto,1,false,,5,0,3,provable,unknown,copy_bound,,two-sided,ILL,27,1,0.095,120,60,30,102,0,0,2048,0.000,0.012,auto,30
lltp,ILL/KLE-IMP-CONJ,,,KLE_24_CBV.p,intuitionistic,auto,1,false,,5,0,3,provable,unknown,copy_bound,,two-sided,ILL,30,1,0.046,108,48,28,87,0,0,2048,0.000,0.000,auto,30
lltp,ILL/KLE-IMP-CONJ,,,KLE_24_MU.p,intuitionistic,auto,1,false,,5,0,3,provable,proved,,ok,two-sided,IMLL,18,3,0.021,4,0,4,5,0,0,2048,0.000,0.000,auto,30
lltp,ILL/KLE-IMP-CONJ,,,KLE_25_01.p,intuitionistic,auto,1,false,,5,0,3,provable,unknown,copy_bound,,two-sided,ILL,41,1,0.080,257,118,60,171,0,0,2048,0.000,0.000,auto,30
lltp,ILL/KLE-IMP-CONJ,,,KLE_25_CBN.p,intuitionistic,auto,1,false,,5,0,3,provable,unknown,copy_bound,,two-sided,ILL,32,1,0.104,156,72,48,136,0,0,2048,0.000,0.013,auto,30
lltp,ILL/KLE-IMP-CONJ,,,KLE_25_CBV.p,intuitionistic,auto,1,false,,5,0,3,provable,unknown,copy_bound,,two-sided,ILL,36,1,0.060,143,69,40,117,0,0,2048,0.000,0.000,auto,30
lltp,ILL/KLE-IMP-CONJ,,,KLE_25_MU.p,intuitionistic,auto,1,false,,5,0,3,provable,proved,,ok,two-sided,IMLL,21,3,0.024,5,0,5,8,0,0,2048,0.000,0.000,auto,30
lltp,ILL/KLE-IMP-CONJ,,,KLE_26_01.p,intuitionistic,auto,1,false,,5,0,3,provable,unknown,copy_bound,,two-sided,ILL,74,2,0.052,100,36,27,39,0,0,2048,0.000,0.000,auto,30
lltp,ILL/KLE-IMP-CONJ,,,KLE_26_CBN.p,intuitionistic,auto,1,false,,5,0,3,provable,unknown,copy_bound,,two-sided,ILL,53,2,0.051,87,23,33,54,0,0,2048,0.000,0.000,auto,30
lltp,ILL/KLE-IMP-CONJ,,,KLE_26_CBV.p,intuitionistic,auto,1,false,,5,0,3,provable,unknown,copy_bound,,two-sided,ILL,61,2,0.062,114,29,40,93,0,0,2048,0.000,0.000,auto,30
lltp,ILL/KLE-IMP-CONJ,,,KLE_27_01.p,intuitionistic,auto,1,false,,5,0,3,provable,unknown,copy_bound,,two-sided,ILL,106,4,0.068,140,49,42,57,0,0,2048,0.000,0.000,auto,30
lltp,ILL/KLE-IMP-CONJ,,,KLE_27_CBN.p,intuitionistic,auto,1,false,,5,0,3,provable,unknown,copy_bound,,two-sided,ILL,77,4,0.100,82,38,21,70,0,0,2048,0.000,0.013,auto,30
lltp,ILL/KLE-IMP-CONJ,,,KLE_27_CBV.p,intuitionistic,auto,1,false,,5,0,3,provable,unknown,copy_bound,,two-sided,ILL,93,4,0.050,85,38,21,69,0,0,2048,0.000,0.000,auto,30
lltp,ILL/KLE-IMP-CONJ,,,KLE_28_01.p,intuitionistic,auto,1,false,,5,0,3,provable,unknown,copy_bound,,two-sided,ILL,42,2,0.072,228,126,50,69,0,0,2048,0.000,0.000,auto,30
lltp,ILL/KLE-IMP-CONJ,,,KLE_28_CBN.p,intuitionistic,auto,1,false,,5,0,3,provable,proved,,ok,two-sided,ILL,31,2,0.065,22,8,7,17,0,0,2048,0.000,0.014,auto,30
lltp,ILL/KLE-IMP-CONJ,,,KLE_28_CBV.p,intuitionistic,auto,1,false,,5,0,3,provable,proved,,ok,two-sided,IMELL,42,2,0.051,95,38,33,61,0,0,2048,0.000,0.000,auto,30
lltp,ILL/KLE-IMP-CONJ,,,KLE_28_MU.p,intuitionistic,auto,1,false,,5,0,3,provable,proved,,ok,net,IMLL,22,2,0.027,6,0,0,0,6,6,2048,0.000,0.000,auto,30
lltp,ILL/KLE-IMP-CONJ,,,KLE_29_01.p,intuitionistic,auto,1,false,,5,0,3,provable,unknown,copy_bound,,two-sided,ILL,42,2,0.076,245,132,58,70,0,0,2048,0.000,0.000,auto,30
lltp,ILL/KLE-IMP-CONJ,,,KLE_29_CBN.p,intuitionistic,auto,1,false,,5,0,3,provable,proved,,ok,two-sided,ILL,31,2,0.072,44,15,12,33,0,0,2048,0.000,0.012,auto,30
lltp,ILL/KLE-IMP-CONJ,,,KLE_29_CBV.p,intuitionistic,auto,1,false,,5,0,3,provable,proved,,ok,two-sided,IMELL,42,2,0.057,101,39,34,66,0,0,2048,0.000,0.000,auto,30
lltp,ILL/KLE-IMP-CONJ,,,KLE_29_MU.p,intuitionistic,auto,1,false,,5,0,3,provable,proved,,ok,net,IMLL,22,2,0.026,6,0,0,0,6,6,2048,0.000,0.000,auto,30
lltp,ILL/KLE-IMP-CONJ,,,KLE_2_01.p,intuitionistic,auto,1,false,,5,0,3,provable,proved,,ok,two-sided,IMELL,17,1,0.028,37,10,14,20,0,0,2048,0.000,0.000,auto,30
lltp,ILL/KLE-IMP-CONJ,,,KLE_2_CBN.p,intuitionistic,auto,1,false,,5,0,3,provable,proved,,ok,two-sided,IMELL,14,1,0.056,17,5,5,10,0,0,2048,0.000,0.011,auto,30
lltp,ILL/KLE-IMP-CONJ,,,KLE_2_CBV.p,intuitionistic,auto,1,false,,5,0,3,provable,proved,,ok,two-sided,IMELL,18,1,0.041,56,20,19,28,0,0,2048,0.000,0.000,auto,30
lltp,ILL/KLE-IMP-CONJ,,,KLE_2_MU.p,intuitionistic,auto,1,false,,5,0,3,provable,proved,,ok,net,IMLL,9,1,0.012,3,0,0,0,3,3,2048,0.000,0.000,auto,30
lltp,ILL/KLE-IMP-CONJ,,,KLE_30_01.p,intuitionistic,auto,1,false,,5,0,3,provable,unknown,copy_bound,,two-sided,ILL,40,2,0.085,312,188,66,36,0,0,2048,0.000,0.000,auto,30
lltp,ILL/KLE-IMP-CONJ,,,KLE_30_CBN.p,intuitionistic,auto,1,false,,5,0,3,provable,proved,,ok,two-sided,ILL,27,2,0.065,21,4,12,11,0,0,2048,0.000,0.012,auto,30
lltp,ILL/KLE-IMP-CONJ,,,KLE_30_CBV.p,intuitionistic,auto,1,false,,5,0,3,provable,proved,,ok,two-sided,IMELL,38,2,0.032,29,4,18,17,0,0,2048,0.000,0.000,auto,30
lltp,ILL/KLE-IMP-CONJ,,,KLE_30_MU.p,intuitionistic,auto,1,false,,5,0,3,provable,proved,,ok,net,IMLL,22,2,0.025,6,0,0,0,6,6,2048,0.000,0.000,auto,30
lltp,ILL/KLE-IMP-CONJ,,,KLE_31_01.p,intuitionistic,auto,1,false,,5,0,3,provable,unknown,copy_bound,,two-sided,ILL,40,2,0.093,359,204,84,42,0,0,2048,0.000,0.000,auto,30
lltp,ILL/KLE-IMP-CONJ,,,KLE_31_CBN.p,intuitionistic,auto,1,false,,5,0,3,provable,proved,,ok,two-sided,ILL,27,2,0.069,24,5,14,11,0,0,2048,0.000,0.011,auto,30
lltp,ILL/KLE-IMP-CONJ,,,KLE_31_CBV.p,intuitionistic,auto,1,false,,5,0,3,provable,proved,,ok,two-sided,IMELL,38,2,0.032,30,5,18,17,0,0,2048,0.000,0.000,auto,30
lltp,ILL/KLE-IMP-CONJ,,,KLE_31_MU.p,intuitionistic,auto,1,false,,5,0,3,provable,proved,,ok,net,IMLL,22,2,0.028,6,0,0,0,6,6,2048,0.000,0.000,auto,30
lltp,ILL/KLE-IMP-CONJ,,,KLE_32_01.p,intuitionistic,auto,1,false,,5,0,3,provable,unknown,copy_bound,,two-sided,ILL,42,2,0.070,229,127,50,69,0,0,2048,0.000,0.000,auto,30
lltp,ILL/KLE-IMP-CONJ,,,KLE_32_CBN.p,intuitionistic,auto,1,false,,5,0,3,provable,proved,,ok,two-sided,ILL,31,2,0.062,20,7,8,16,0,0,2048,0.000,0.011,auto,30
lltp,ILL/KLE-IMP-CONJ,,,KLE_32_CBV.p,intuitionistic,auto,1,false,,5,0,3,provable,proved,,ok,two-sided,ILL,38,2,0.066,123,42,50,79,0,0,2048,0.000,0.000,auto,30
lltp,ILL/KLE-IMP-CONJ,,,KLE_32_MU.p,intuitionistic,auto,1,false,,5,0,3,provable,proved,,ok,net,IMLL,22,2,0.024,6,0,0,0,6,6,2048,0.000,0.000,auto,30
lltp,ILL/KLE-IMP-CONJ,,,KLE_33_01.p,intuitionistic,auto,1,false,,5,0,3,provable,proved,,ok,two-sided,ILL,40,2,0.066,118,22,59,0,0,0,2048,0.000,0.000,auto,30
lltp,ILL/KLE-IMP-CONJ,,,KLE_33_CBN.p,intuitionistic,auto,1,false,,5,0,3,provable,proved,,ok,two-sided,ILL,25,2,0.026,19,0,18,0,0,0,2048,0.000,0.000,auto,30
lltp,ILL/KLE-IMP-CONJ,,,KLE_33_CBV.p,intuitionistic,auto,1,false,,5,0,3,provable,proved,,ok,two-sided,IMELL,37,2,0.023,12,0,9,7,0,0,2048,0.000,0.000,auto,30
lltp,ILL/KLE-IMP-CONJ,,,KLE_33_MU.p,intuitionistic,auto,1,false,,5,0,3,provable,proved,,ok,net,IMLL,23,2,0.022,6,0,0,0,6,6,2048,0.000,0.000,auto,30
lltp,ILL/KLE-IMP-CONJ,,,KLE_34_01.p,intuitionistic,auto,1,false,,5,0,3,provable,proved,,ok,two-sided,ILL,26,2,0.035,35,3,21,0,0,0,2048,0.000,0.000,auto,30
lltp,ILL/KLE-IMP-CONJ,,,KLE_34_CBN.p,intuitionistic,auto,1,false,,5,0,3,provable,proved,,ok,two-sided,ILL,17,2,0.019,11,0,10,0,0,0,2048,0.000,0.000,auto,30
lltp,ILL/KLE-IMP-CONJ,,,KLE_34_CBV.p,intuitionistic,auto,1,false,,5,0,3,provable,proved,,ok,two-sided,IMELL,25,2,0.021,10,0,7,5,0,0,2048,0.000,0.000,auto,30
lltp,ILL/KLE-IMP-CONJ,,,KLE_34_MU.p,intuitionistic,auto,1,false,,5,0,3,provable,proved,,ok,net,IMLL,15,2,0.018,4,0,0,0,4,4,2048,0.000,0.000,auto,30
lltp,ILL/KLE-IMP-CONJ,,,KLE_35_01.p,intuitionistic,auto,1,false,,5,0,3,provable,proved,,ok,two-sided,ILL,19,3,0.023,16,0,9,0,0,0,2048,0.000,0.000,auto,30
lltp,ILL/KLE-IMP-CONJ,,,KLE_35_CBN.p,intuitionistic,auto,1,false,,5,0,3,provable,proved,,ok,two-sided,ILL,13,3,0.017,5,0,4,0,0,0,2048,0.000,0.000,auto,30
lltp,ILL/KLE-IMP-CONJ,,,KLE_35_CBV.p,intuitionistic,auto,1,false,,5,0,3,provable,proved,,ok,two-sided,IMELL,19,3,0.019,9,0,6,3,0,0,2048,0.000,0.000,auto,30
lltp,ILL/KLE-IMP-CONJ,,,KLE_36_01.p,intuitionistic,auto,1,false,,5,0,3,provable,proved,,ok,two-sided,ILL,22,2,0.025,18,0,11,2,0,0,2048,0.000,0.000,auto,30
lltp,ILL/KLE-IMP-CONJ,,,KLE_36_CBN.p,intuitionistic,auto,1,false,,5,0,3,provable,proved,,ok,two-sided,ILL,17,2,0.060,7,0,4,2,0,0,2048,0.000,0.012,auto,30
lltp,ILL/KLE-IMP-CONJ,,,KLE_36_CBV.p,intuitionistic,auto,1,false,,5,0,3,provable,proved,,ok,two-sided,IMELL,23,2,0.025,20,2,11,7,0,0,2048,0.000,0.000,auto,30
lltp,ILL/KLE-IMP-CONJ,,,KLE_37_01.p,intuitionistic,auto,1,false,,5,0,3,provable,proved,,ok,two-sided,ILL,22,3,0.020,9,0,6,0,0,0,2048,0.000,0.000,auto,30
lltp,ILL/KLE-IMP-CONJ,,,KLE_37_CBN.p,intuitionistic,auto,1,false,,5,0,3,provable,proved,,ok,two-sided,ILL,17,3,0.048,3,0,2,0,0,0,2048,0.000,0.011,auto,30
lltp,ILL/KLE-IMP-CONJ,,,KLE_37_CBV.p,intuitionistic,auto,1,false,,5,0,3,provable,proved,,ok,two-sided,IMELL,23,3,0.020,9,0,6,2,0,0,2048,0.000,0.000,auto,30
lltp,ILL/KLE-IMP-CONJ,,,KLE_38_01.p,intuitionistic,auto,1,false,,5,0,3,provable,proved,,ok,two-sided,ILL,34,3,0.034,27,1,17,10,0,0,2048,0.000,0.000,auto,30
lltp,ILL/KLE-IMP-CONJ,,,KLE_38_CBN.p,intuitionistic,auto,1,false,,5,0,3,provable,proved,,ok,two-sided,ILL,26,3,0.060,8,0,5,4,0,0,2048,0.000,0.012,auto,30
lltp,ILL/KLE-IMP-CONJ,,,KLE_38_CBV.p,intuitionistic,auto,1,false,,5,0,3,provable,proved,,ok,two-sided,ILL,32,3,0.028,19,0,12,10,0,0,2048,0.000,0.000,auto,30
lltp,ILL/KLE-IMP-CONJ,,,KLE_39_01.p,intuitionistic,auto,1,false,,5,0,3,provable,proved,,ok,two-sided,ILL,34,2,0.048,66,13,27,35,0,0,2048,0.000,0.000,auto,30
lltp,ILL/KLE-IMP-CONJ,,,KLE_39_CBN.p,intuitionistic,auto,1,false,,5,0,3,provable,proved,,ok,two-sided,ILL,26,2,0.030,21,5,8,13,0,0,2048,0.000,0.000,auto,30
lltp,ILL/KLE-IMP-CONJ,,,KLE_39_CBV.p,intuitionistic,auto,1,false,,5,0,3,provable,proved,,ok,two-sided,ILL,32,2,0.040,48,11,19,30,0,0,2048,0.000,0.000,auto,30
lltp,ILL/KLE-IMP-CONJ,,,KLE_3_01.p,intuitionistic,auto,1,false,,5,0,3,provable,proved,,ok,two-sided,IMELL,19,1,0.036,45,10,17,16,0,0,2048,0.000,0.000,auto,30
lltp,ILL/KLE-IMP-CONJ,,,KLE_3_CBN.p,intuitionistic,auto,1,false,,5,0,3,provable,proved,,ok,two-sided,IMELL,15,1,0.054,8,0,5,3,0,0,2048,0.000,0.011,auto,30
lltp,ILL/KLE-IMP-CONJ,,,KLE_3_CBV.p,intuitionistic,auto,1,false,,5,0,3,provable,proved,,ok,two-sided,IMELL,20,1,0.040,67,20,24,22,0,0,2048,0.000,0.000,auto,30
lltp,ILL/KLE-IMP-CONJ,,,KLE_3_MU.p,intuitionistic,auto,1,false,,5,0,3,provable,proved,,ok,net,IMLL,10,1,0.014,3,0,0,0,3,3,2048,0.000,0.000,auto,30
lltp,ILL/KLE-IMP-CONJ,,,KLE_40_01.p,intuitionistic,auto,1,false,,5,0,3,provable,proved,,ok,two-sided,ILL,21,2,0.025,19,0,12,0,0,0,2048,0.000,0.000,auto,30
lltp,ILL/KLE-IMP-CONJ,,,KLE_40_CBN.p,intuitionistic,auto,1,false,,5,0,3,provable,proved,,ok,two-sided,ILL,15,2,0.015,5,0,4,0,0,0,2048,0.000,0.000,auto,30
lltp,ILL/KLE-IMP-CONJ,,,KLE_40_CBV.p,intuitionistic,auto,1,false,,5,0,3,provable,proved,,ok,two-sided,IMELL,21,2,0.021,9,0,6,3,0,0,2048,0.000,0.000,auto,30
lltp,ILL/KLE-IMP-CONJ,,,KLE_41_01.p,intuitionistic,auto,1,false,,5,0,3,provable,proved,,ok,two-sided,ILL,25,3,0.037,27,2,17,6,0,0,2048,0.000,0.000,auto,30
lltp,ILL/KLE-IMP-CONJ,,,KLE_41_CBN.p,intuitionistic,auto,1,false,,5,0,3,provable,proved,,ok,two-sided,ILL,18,3,0.021,9,1,5,2,0,0,2048,0.000,0.000,auto,30
lltp,ILL/KLE-IMP-CONJ,,,KLE_41_CBV.p,intuitionistic,auto,1,false,,5,0,3,provable,proved,,ok,two-sided,ILL,24,3,0.029,17,2,8,9,0,0,2048,0.000,0.000,auto,30
lltp,ILL/KLE-IMP-CONJ,,,KLE_42_01.p,intuitionistic,auto,1,false,,5,0,3,provable,proved,,ok,two-sided,ILL,13,1,0.026,18,1,9,4,0,0,2048,0.000,0.000,auto,30
lltp,ILL/KLE-IMP-CONJ,,,KLE_42_CBN.p,intuitionistic,auto,1,false,,5,0,3,provable,proved,,ok,two-sided,ILL,10,1,0.018,8,1,3,3,0,0,2048,0.000,0.000,auto,30
lltp,ILL/KLE-IMP-CONJ,,,KLE_42_CBV.p,intuitionistic,auto,1,false,,5,0,3,provable,proved,,ok,two-sided,ILL,12,1,0.023,15,1,6,3,0,0,2048,0.000,0.000,auto,30
lltp,ILL/KLE-IMP-CONJ,,,KLE_42_MU.p,intuitionistic,auto,1,false,,5,0,3,provable,proved,,ok,net,IMLL,7,1,0.013,2,0,0,0,2,2,2048,0.000,0.000,auto,30
lltp,ILL/KLE-IMP-CONJ,,,KLE_43_01.p,intuitionistic,auto,1,false,,5,0,3,provable,proved,,ok,two-sided,ILL,44,2,0.056,81,7,36,35,0,0,2048,0.000,0.000,auto,30
lltp,ILL/KLE-IMP-CONJ,,,KLE_43_CBN.p,intuitionistic,auto,1,false,,5,0,3,provable,proved,,ok,two-sided,ILL,33,2,0.030,24,3,10,15,0,0,2048,0.000,0.000,auto,30
lltp,ILL/KLE-IMP-CONJ,,,KLE_43_CBV.p,intuitionistic,auto,1,false,,5,0,3,provable,proved,,ok,two-sided,ILL,37,2,0.036,37,4,15,23,0,0,2048,0.000,0.000,auto,30
lltp,ILL/KLE-IMP-CONJ,,,KLE_43_MU.p,intuitionistic,auto,1,false,,5,0,3,provable,proved,,ok,two-sided,IMLL,23,4,0.021,5,0,5,6,0,0,2048,0.000,0.000,auto,30
lltp,ILL/KLE-IMP-CONJ,,,KLE_44_01.p,intuitionistic,auto,1,false,,5,0,3,provable,unknown,copy_bound,,two-sided,ILL,13,1,0.026,35,13,9,4,0,0,2048,0.000,0.000,auto,30
lltp,ILL/KLE-IMP-CONJ,,,KLE_44_CBN.p,intuitionistic,auto,1,false,,5,0,3,provable,proved,,ok,two-sided,ILL,9,1,0.019,10,1,5,3,0,0,2048,0.000,0.000,auto,30
lltp,ILL/KLE-IMP-CONJ,,,KLE_44_CBV.p,intuitionistic,auto,1,false,,5,0,3,provable,proved,,ok,two-sided,ILL,11,1,0.020,11,1,4,3,0,0,2048,0.000,0.000,auto,30
lltp,ILL/KLE-IMP-CONJ,,,KLE_44_MU.p,intuitionistic,auto,1,false,,5,0,3,provable,proved,,ok,net,IMLL,7,1,0.013,2,0,0,0,2,2,2048,0.000,0.000,auto,30
lltp,ILL/KLE-IMP-CONJ,,,KLE_45_01.p,intuitionistic,auto,1,false,,5,0,3,provable,unknown,copy_bound,,two-sided,ILL,25,2,0.035,44,17,12,9,0,0,2048,0.000,0.000,auto,30
lltp,ILL/KLE-IMP-CONJ,,,KLE_45_CBN.p,intuitionistic,auto,1,false,,5,0,3,provable,unknown,copy_bound,,two-sided,ILL,18,2,0.078,44,14,14,32,0,0,2048,0.000,0.013,auto,30
lltp,ILL/KLE-IMP-CONJ,,,KLE_45_CBV.p,intuitionistic,auto,1,false,,5,0,3,provable,unknown,copy_bound,,two-sided,ILL,22,2,0.027,32,9,10,19,0,0,2048,0.000,0.000,auto,30
lltp,ILL/KLE-IMP-CONJ,,,KLE_46_01.p,intuitionistic,auto,1,false,,5,0,3,provable,unknown,copy_bound,,two-sided,ILL,21,1,0.032,34,8,9,15,0,0,2048,0.000,0.000,auto,30
lltp,ILL/KLE-IMP-CONJ,,,KLE_46_CBN.p,intuitionistic,auto,1,false,,5,0,3,provable,unknown,copy_bound,,two-sided,ILL,16,1,0.019,14,3,5,9,0,0,2048,0.000,0.000,auto,30
lltp,ILL/KLE-IMP-CONJ,,,KLE_46_CBV.p,intuitionistic,auto,1,false,,5,0,3,provable,unknown,copy_bound,,two-sided,ILL,18,1,0.029,26,7,8,13,0,0,2048,0.000,0.000,auto,30
lltp,ILL/KLE-IMP-CONJ,,,KLE_47_01.p,intuitionistic,auto,1,false,,5,0,3,provable,unknown,copy_bound,,two-sided,ILL,49,4,0.069,178,72,58,4,0,0,2048,0.000,0.000,auto,30
lltp,ILL/KLE-IMP-CONJ,,,KLE_47_CBN.p,intuitionistic,auto,1,false,,5,0,3,provable,proved,,ok,two-sided,ILL,33,4,0.038,36,4,25,8,0,0,2048,0.000,0.000,auto,30
lltp,ILL/KLE-IMP-CONJ,,,KLE_47_CBV.p,intuitionistic,auto,1,false,,5,0,3,provable,proved,,ok,two-sided,ILL,43,4,0.039,38,6,21,19,0,0,2048,0.000,0.000,auto,30
lltp,ILL/KLE-IMP-CONJ,,,KLE_48_01.p,intuitionistic,auto,1,false,,5,0,3,provable,unknown,copy_bound,,two-sided,ILL,21,1,0.041,85,33,28,27,0,0,2048,0.000,0.000,auto,30
lltp,ILL/KLE-IMP-CONJ,,,KLE_48_CBN.p,intuitionistic,auto,1,false,,5,0,3,provable,proved,,ok,two-sided,ILL,15,1,0.056,14,3,6,7,0,0,2048,0.000,0.011,auto,30
lltp,ILL/KLE-IMP-CONJ,,,KLE_48_CBV.p,intuitionistic,auto,1,false,,5,0,3,provable,proved,,ok,two-sided,ILL,19,1,0.033,48,16,14,20,0,0,2048,0.000,0.000,auto,30
lltp,ILL/KLE-IMP-CONJ,,,KLE_48_MU.p,intuitionistic,auto,1,false,,5,0,3,provable,proved,,ok,net,IMLL,11,1,0.016,3,0,0,0,3,3,2048,0.000,0.000,auto,30
lltp,ILL/KLE-IMP-CONJ,,,KLE_49_01.p,intuitionistic,auto,1,false,,5,0,3,provable,unknown,copy_bound,,two-sided,ILL,43,2,0.049,89,32,29,26,0,0,2048,0.000,0.000,auto,30
lltp,ILL/KLE-IMP-CONJ,,,KLE_49_CBN.p,intuitionistic,auto,1,false,,5,0,3,provable,proved,,ok,two-sided,ILL,31,2,0.026,14,0,11,4,0,0,2048,0.000,0.000,auto,30
lltp,ILL/KLE-IMP-CONJ,,,KLE_49_CBV.p,intuitionistic,auto,1,false,,5,0,3,provable,proved,,ok,two-sided,ILL,39,2,0.045,42,8,18,18,0,0,2048,0.000,0.000,auto,30
lltp,ILL/KLE-IMP-CONJ,,,KLE_49_MU.p,intuitionistic,auto,1,false,,5,0,3,provable,proved,,ok,net,IMLL,23,2,0.022,6,0,0,0,6,6,2048,0.000,0.000,auto,30
lltp,ILL/KLE-IMP-CONJ,,,KLE_4_01.p,intuitionistic,auto,1,false,,5,0,3,provable,unknown,copy_bound,,two-sided,ILL,19,1,0.039,81,32,27,26,0,0,2048,0.000,0.000,auto,30
lltp,ILL/KLE-IMP-CONJ,,,KLE_4_CBN.p,intuitionistic,auto,1,false,,5,0,3,provable,proved,,ok,two-sided,ILL,14,1,0.056,11,0,8,3,0,0,2048,0.000,0.011,auto,30
lltp,ILL/KLE-IMP-CONJ,,,KLE_4_CBV.p,intuitionistic,auto,1,false,,5,0,3,provable,proved,,ok,two-sided,IMELL,19,1,0.037,56,18,20,18,0,0,2048,0.000,0.000,auto,30
lltp,ILL/KLE-IMP-CONJ,,,KLE_4_MU.p,intuitionistic,auto,1,false,,5,0,3,provable,proved,,ok,net,IMLL,10,1,0.013,3,0,0,0,3,3,2048,0.000,0.000,auto,30
lltp,ILL/KLE-IMP-CONJ,,,KLE_50_01.p,intuitionistic,auto,1,false,,5,0,3,provable,unknown,copy_bound,,two-sided,ILL,59,2,0.080,179,47,69,73,0,0,2048,0.000,0.000,auto,30
lltp,ILL/KLE-IMP-CONJ,,,KLE_50_CBN.p,intuitionistic,auto,1,false,,5,0,3,provable,proved,,ok,two-sided,ILL,43,2,0.043,40,10,17,23,0,0,2048,0.000,0.000,auto,30
lltp,ILL/KLE-IMP-CONJ,,,KLE_50_CBV.p,intuitionistic,auto,1,false,,5,0,3,provable,proved,,ok,two-sided,ILL,51,2,0.057,67,15,28,62,0,0,2048,0.000,0.000,auto,30
lltp,ILL/KLE-IMP-CONJ,,,KLE_50_MU.p,intuitionistic,auto,1,false,,5,0,3,provable,proved,,ok,two-sided,IMLL,31,4,0.023,5,0,5,9,0,0,2048,0.000,0.000,auto,30
lltp,ILL/KLE-IMP-CONJ,,,KLE_51_01.p,intuitionistic,auto,1,false,,5,0,3,provable,unknown,copy_bound,,two-sided,ILL,58,3,0.099,285,92,84,174,0,0,2048,0.000,0.000,auto,30
lltp,ILL/KLE-IMP-CONJ,,,KLE_51_CBN.p,intuitionistic,auto,1,false,,5,0,3,provable,unknown,copy_bound,,two-sided,ILL,44,3,0.126,180,66,61,141,0,0,2048,0.000,0.012,auto,30
lltp,ILL/KLE-IMP-CONJ,,,KLE_51_CBV.p,intuitionistic,auto,1,false,,5,0,3,provable,unknown,copy_bound,,two-sided,ILL,53,3,0.069,151,49,53,117,0,0,2048,0.000,0.000,auto,30
lltp,ILL/KLE-IMP-CONJ,,,KLE_51_MU.p,intuitionistic,auto,1,false,,5,0,3,provable,proved,,ok,two-sided,IMLL,30,3,0.030,8,0,8,13,0,0,2048,0.000,0.000,auto,30
lltp,ILL/KLE-IMP-CONJ,,,KLE_52_01.p,intuitionistic,auto,1,false,,5,0,3,provable,unknown,copy_bound,,two-sided,ILL,57,3,0.084,243,113,64,120,0,0,2048,0.000,0.000,auto,30
lltp,ILL/KLE-IMP-CONJ,,,KLE_52_CBN.p,intuitionistic,auto,1,false,,5,0,3,provable,unknown,copy_bound,,two-sided,ILL,42,3,0.125,167,68,64,99,0,0,2048,0.000,0.013,auto,30
lltp,ILL/KLE-IMP-CONJ,,,KLE_52_CBV.p,intuitionistic,auto,1,false,,5,0,3,provable,unknown,copy_bound,,two-sided,ILL,51,3,0.078,165,63,54,137,0,0,2048,0.000,0.000,auto,30
lltp,ILL/KLE-IMP-CONJ,,,KLE_52_MU.p,intuitionistic,auto,1,false,,5,0,3,provable,proved,,ok,two-sided,IMLL,30,3,0.027,7,0,7,15,0,0,2048,0.000,0.000,auto,30
lltp,ILL/KLE-IMP-CONJ,,,KLE_53_01.p,intuitionistic,auto,1,false,,5,0,3,provable,unknown,copy_bound,,two-sided,ILL,29,1,0.052,121,54,29,45,0,0,2048,0.000,0.000,auto,30
lltp,ILL/KLE-IMP-CONJ,,,KLE_53_CBN.p,intuitionistic,auto,1,false,,5,0,3,provable,proved,,ok,two-sided,ILL,21,1,0.068,33,11,11,20,0,0,2048,0.000,0.011,auto,30
lltp,ILL/KLE-IMP-CONJ,,,KLE_53_CBV.p,intuitionistic,auto,1,false,,5,0,3,provable,proved,,ok,two-sided,ILL,25,1,0.040,50,11,22,27,0,0,2048,0.000,0.000,auto,30
lltp,ILL/KLE-IMP-CONJ,,,KLE_53_MU.p,intuitionistic,auto,1,false,,5,0,3,provable,proved,,ok,net,IMLL,15,2,0.019,4,0,0,0,4,4,2048,0.000,0.000,auto,30
lltp,ILL/KLE-IMP-CONJ,,,KLE_54_01.p,intuitionistic,auto,1,false,,5,0,3,provable,unknown,copy_bound,,two-sided,ILL,21,1,0.051,114,49,34,22,0,0,2048,0.000,0.000,auto,30
lltp,ILL/KLE-IMP-CONJ,,,KLE_54_CBN.p,intuitionistic,auto,1,false,,5,0,3,provable,proved,,ok,two-sided,ILL,15,1,0.026,19,3,11,5,0,0,2048,0.000,0.000,auto,30
lltp,ILL/KLE-IMP-CONJ,,,KLE_54_CBV.p,intuitionistic,auto,1,false,,5,0,3,provable,proved,,ok,two-sided,ILL,19,1,0.037,56,18,16,16,0,0,2048,0.000,0.000,auto,30
lltp,ILL/KLE-IMP-CONJ,,,KLE_54_MU.p,intuitionistic,auto,1,false,,5,0,3,provable,proved,,ok,net,IMLL,11,1,0.015,3,0,0,0,3,3,2048,0.000,0.000,auto,30
lltp,ILL/KLE-IMP-CONJ,,,KLE_55_01.p,intuitionistic,auto,1,false,,5,0,3,provable,unknown,copy_bound,,two-sided,ILL,21,1,0.045,115,51,34,27,0,0,2048,0.000,0.000,auto,30
lltp,ILL/KLE-IMP-CONJ,,,KLE_55_CBN.p,intuitionistic,auto,1,false,,5,0,3,provable,proved,,ok,two-sided,ILL,15,1,0.067,26,9,8,14,0,0,2048,0.000,0.013,auto,30
lltp,ILL/KLE-IMP-CONJ,,,KLE_55_CBV.p,intuitionistic,auto,1,false,,5,0,3,provable,proved,,ok,two-sided,ILL,19,1,0.035,45,11,16,20,0,0,2048,0.000,0.000,auto,30
lltp,ILL/KLE-IMP-CONJ,,,KLE_55_MU.p,intuitionistic,auto,1,false,,5,0,3,provable,proved,,ok,net,IMLL,11,1,0.015,3,0,0,0,3,3,2048,0.000,0.000,auto,30
lltp,ILL/KLE-IMP-CONJ,,,KLE_56_01.p,intuitionistic,auto,1,false,,5,0,3,provable,unknown,copy_bound,,two-sided,ILL,29,1,0.051,115,55,29,26,0,0,2048,0.000,0.000,auto,30
lltp,ILL/KLE-IMP-CONJ,,,KLE_56_CBN.p,intuitionistic,auto,1,false,,5,0,3,provable,proved,,ok,two-sided,ILL,21,1,0.033,35,12,13,19,0,0,2048,0.000,0.000,auto,30
lltp,ILL/KLE-IMP-CONJ,,,KLE_56_CBV.p,intuitionistic,auto,1,false,,5,0,3,provable,unknown,copy_bound,,two-sided,ILL,25,1,0.041,71,24,21,36,0,0,2048,0.000,0.000,auto,30
lltp,ILL/KLE-IMP-CONJ,,,KLE_56_MU.p,intuitionistic,auto,1,false,,5,0,3,provable,proved,,ok,net,IMLL,15,2,0.018,4,0,0,0,4,4,2048,0.000,0.000,auto,30
lltp,ILL/KLE-IMP-CONJ,,,KLE_57_01.p,intuitionistic,auto,1,false,,5,0,3,provable,unknown,copy_bound,,two-sided,ILL,59,2,0.055,121,58,29,35,0,0,2048,0.000,0.000,auto,30
lltp,ILL/KLE-IMP-CONJ,,,KLE_57_CBN.p,intuitionistic,auto,1,false,,5,0,3,provable,unknown,copy_bound,,two-sided,ILL,43,2,0.091,86,43,18,69,0,0,2048,0.000,0.011,auto,30
lltp,ILL/KLE-IMP-CONJ,,,KLE_57_CBV.p,intuitionistic,auto,1,false,,5,0,3,provable,unknown,copy_bound,,two-sided,ILL,51,2,0.043,75,30,20,58,0,0,2048,0.000,0.000,auto,30
lltp,ILL/KLE-IMP-CONJ,,,KLE_58_01.p,intuitionistic,auto,1,false,,5,0,3,provable,unknown,copy_bound,,two-sided,ILL,59,2,0.052,90,26,25,41,0,0,2048,0.000,0.000,auto,30
lltp,ILL/KLE-IMP-CONJ,,,KLE_58_CBN.p,intuitionistic,auto,1,false,,5,0,3,provable,unknown,copy_bound,,two-sided,ILL,43,2,0.081,55,18,19,36,0,0,2048,0.000,0.012,auto,30
lltp,ILL/KLE-IMP-CONJ,,,KLE_58_CBV.p,intuitionistic,auto,1,false,,5,0,3,provable,unknown,copy_bound,,two-sided,ILL,51,2,0.049,68,25,19,55,0,0,2048,0.000,0.000,auto,30
lltp,ILL/KLE-IMP-CONJ,,,KLE_59_01.p,intuitionistic,auto,1,false,,5,0,3,provable,unknown,copy_bound,,two-sided,ILL,59,2,0.055,125,54,30,45,0,0,2048,0.000,0.000,auto,30
lltp,ILL/KLE-IMP-CONJ,,,KLE_59_CBN.p,intuitionistic,auto,1,false,,5,0,3,provable,unknown,copy_bound,,two-sided,ILL,43,2,0.102,109,34,44,67,0,0,2048,0.000,0.012,auto,30
lltp,ILL/KLE-IMP-CONJ,,,KLE_59_CBV.p,intuitionistic,auto,1,false,,5,0,3,provable,unknown,copy_bound,,two-sided,ILL,51,2,0.041,65,24,18,44,0,0,2048,0.000,0.000,auto,30
lltp,ILL/KLE-IMP-CONJ,,,KLE_5_01.p,intuitionistic,auto,1,false,,5,0,3,provable,proved,,ok,two-sided,ILL,18,1,0.034,22,0,14,4,0,0,2048,0.000,0.000,auto,30
lltp,ILL/KLE-IMP-CONJ,,,KLE_5_CBN.p,intuitionistic,auto,1,false,,5,0,3,provable,proved,,ok,two-sided,ILL,14,1,0.057,8,0,5,2,0,0,2048,0.000,0.011,auto,30
lltp,ILL/KLE-IMP-CONJ,,,KLE_5_CBV.p,intuitionistic,auto,1,false,,5,0,3,provable,proved,,ok,two-sided,IMELL,19,1,0.030,24,1,14,10,0,0,2048,0.000,0.000,auto,30
lltp,ILL/KLE-IMP-CONJ,,,KLE_5_MU.p,intuitionistic,auto,1,false,,5,0,3,provable,proved,,ok,net,IMLL,10,1,0.014,3,0,0,0,3,3,2048,0.000,0.000,auto,30
lltp,ILL/KLE-IMP-CONJ,,,KLE_60_01.p,intuitionistic,auto,1,false,,5,0,3,provable,unknown,copy_bound,,two-sided,ILL,59,2,0.083,177,45,82,65,0,0,2048,0.000,0.000,auto,30
lltp,ILL/KLE-IMP-CONJ,,,KLE_60_CBN.p,intuitionistic,auto,1,false,,5,0,3,provable,proved,,ok,two-sided,ILL,43,2,0.043,56,19,20,28,0,0,2048,0.000,0.000,auto,30
lltp,ILL/KLE-IMP-CONJ,,,KLE_60_CBV.p,intuitionistic,auto,1,false,,5,0,3,provable,unknown,copy_bound,,two-sided,ILL,51,2,0.061,107,38,38,80,0,0,2048,0.000,0.000,auto,30
lltp,ILL/KLE-IMP-CONJ,,,KLE_60_MU.p,intuitionistic,auto,1,false,,5,0,3,provable,proved,,ok,two-sided,IMLL,31,4,0.023,5,0,5,7,0,0,2048,0.000,0.000,auto,30
lltp,ILL/KLE-IMP-CONJ,,,KLE_61_01.p,intuitionistic,auto,1,false,,5,0,3,provable,unknown,copy_bound,,two-sided,ILL,76,2,0.061,130,48,34,75,0,0,2048,0.000,0.000,auto,30
lltp,ILL/KLE-IMP-CONJ,,,KLE_61_CBN.p,intuitionistic,auto,1,false,,5,0,3,provable,unknown,copy_bound,,two-sided,ILL,57,2,0.033,48,22,14,39,0,0,2048,0.000,0.000,auto,30
lltp,ILL/KLE-IMP-CONJ,,,KLE_61_CBV.p,intuitionistic,auto,1,false,,5,0,3,provable,unknown,copy_bound,,two-sided,ILL,65,2,0.049,88,33,25,64,0,0,2048,0.000,0.000,auto,30
lltp,ILL/KLE-IMP-CONJ,,,KLE_61_MU.p,intuitionistic,auto,1,false,,5,0,3,provable,proved,,ok,two-sided,IMLL,39,6,0.029,7,0,7,14,0,0,2048,0.000,0.000,auto,30
lltp,ILL/KLE-IMP-CONJ,,,KLE_6_01.p,intuitionistic,auto,1,false,,5,0,3,provable,proved,,ok,two-sided,IMELL,19,1,0.034,44,11,16,23,0,0,2048,0.000,0.000,auto,30
lltp,ILL/KLE-IMP-CONJ,,,KLE_6_CBN.p,intuitionistic,auto,1,false,,5,0,3,provable,proved,,ok,two-sided,IMELL,15,1,0.061,17,5,5,10,0,0,2048,0.000,0.012,auto,30
lltp,ILL/KLE-IMP-CONJ,,,KLE_6_CBV.p,intuitionistic,auto,1,false,,5,0,3,provable,proved,,ok,two-sided,IMELL,20,1,0.037,63,21,21,31,0,0,2048,0.000,0.000,auto,30
lltp,ILL/KLE-IMP-CONJ,,,KLE_6_MU.p,intuitionistic,auto,1,false,,5,0,3,provable,proved,,ok,net,IMLL,10,1,0.016,3,0,0,0,3,3,2048,0.000,0.000,auto,30
lltp,ILL/KLE-IMP-CONJ,,,KLE_7_01.p,intuitionistic,auto,1,false,,5,0,3,provable,proved,,ok,two-sided,IMELL,19,1,0.034,44,11,16,23,0,0,2048,0.000,0.000,auto,30
lltp,ILL/KLE-IMP-CONJ,,,KLE_7_CBN.p,intuitionistic,auto,1,false,,5,0,3,provable,proved,,ok,two-sided,IMELL,15,1,0.057,17,5,5,10,0,0,2048,0.000,0.011,auto,30
lltp,ILL/KLE-IMP-CONJ,,,KLE_7_CBV.p,intuitionistic,auto,1,false,,5,0,3,provable,proved,,ok,two-sided,IMELL,20,1,0.045,63,21,21,31,0,0,2048,0.000,0.000,auto,30
lltp,ILL/KLE-IMP-CONJ,,,KLE_7_MU.p,intuitionistic,auto,1,false,,5,0,3,provable,proved,,ok,net,IMLL,10,1,0.014,3,0,0,0,3,3,2048,0.000,0.000,auto,30
lltp,ILL/KLE-IMP-CONJ,,,KLE_8_01.p,intuitionistic,auto,1,false,,5,0,3,provable,proved,,ok,two-sided,ILL,18,1,0.037,58,19,21,13,0,0,2048,0.000,0.000,auto,30
lltp,ILL/KLE-IMP-CONJ,,,KLE_8_CBN.p,intuitionistic,auto,1,false,,5,0,3,provable,proved,,ok,two-sided,ILL,13,1,0.060,14,1,10,3,0,0,2048,0.000,0.012,auto,30
lltp,ILL/KLE-IMP-CONJ,,,KLE_8_CBV.p,intuitionistic,auto,1,false,,5,0,3,provable,proved,,ok,two-sided,IMELL,18,1,0.025,21,3,11,9,0,0,2048,0.000,0.000,auto,30
lltp,ILL/KLE-IMP-CONJ,,,KLE_8_MU.p,intuitionistic,auto,1,false,,5,0,3,provable,proved,,ok,net,IMLL,10,1,0.014,3,0,0,0,3,3,2048,0.000,0.000,auto,30
lltp,ILL/KLE-IMP-CONJ,,,KLE_9_01.p,intuitionistic,auto,1,false,,5,0,3,provable,proved,,ok,two-sided,ILL,18,1,0.039,67,22,25,15,0,0,2048,0.000,0.000,auto,30
lltp,ILL/KLE-IMP-CONJ,,,KLE_9_CBN.p,intuitionistic,auto,1,false,,5,0,3,provable,proved,,ok,two-sided,ILL,13,1,0.056,12,1,8,2,0,0,2048,0.000,0.011,auto,30
lltp,ILL/KLE-IMP-CONJ,,,KLE_9_CBV.p,intuitionistic,auto,1,false,,5,0,3,provable,proved,,ok,two-sided,IMELL,18,1,0.027,22,4,11,9,0,0,2048,0.000,0.000,auto,30
lltp,ILL/KLE-IMP-CONJ,,,KLE_9_MU.p,intuitionistic,auto,1,false,,5,0,3,provable,proved,,ok,net,IMLL,10,1,0.013,3,0,0,0,3,3,2048,0.000,0.000,auto,30
lltp,ILL/KLE-IMP-CONJ/NON-THEOREMS,,,KLE_10_MU.p,intuitionistic,auto,1,false,,5,0,3,unprovable,unprovable,,,net,IMLL,6,1,0.002,0,0,0,0,0,0,2048,0.000,0.000,auto,30
lltp,ILL/KLE-IMP-CONJ/NON-THEOREMS,,,KLE_11_MU.p,intuitionistic,auto,1,false,,5,0,3,unprovable,unprovable,,,net,IMLL,6,1,0.002,0,0,0,0,0,0,2048,0.000,0.000,auto,30
lltp,ILL/KLE-IMP-CONJ/NON-THEOREMS,,,KLE_12_MU.p,intuitionistic,auto,1,false,,5,0,3,unprovable,unprovable,,,net,IMLL,4,1,0.002,0,0,0,0,0,0,2048,0.000,0.000,auto,30
lltp,ILL/KLE-IMP-CONJ/NON-THEOREMS,,,KLE_16_MU.p,intuitionistic,auto,1,false,,5,0,3,unprovable,unprovable,,,net,IMLL,10,2,0.003,0,0,0,0,0,0,2048,0.000,0.000,auto,30
lltp,ILL/KLE-IMP-CONJ/NON-THEOREMS,,,KLE_17_MU.p,intuitionistic,auto,1,false,,5,0,3,unprovable,unprovable,,,net,IMLL,10,2,0.002,0,0,0,0,0,0,2048,0.000,0.000,auto,30
lltp,ILL/KLE-IMP-CONJ/NON-THEOREMS,,,KLE_18_MU.p,intuitionistic,auto,1,false,,5,0,3,unprovable,unprovable,,,net,IMLL,9,2,0.002,0,0,0,0,0,0,2048,0.000,0.000,auto,30
lltp,ILL/KLE-IMP-CONJ/NON-THEOREMS,,,KLE_19_MU.p,intuitionistic,auto,1,false,,5,0,3,unprovable,unprovable,,,net,IMLL,9,2,0.002,0,0,0,0,0,0,2048,0.000,0.000,auto,30
lltp,ILL/KLE-IMP-CONJ/NON-THEOREMS,,,KLE_26_MU.p,intuitionistic,auto,1,false,,5,0,3,unprovable,unprovable,,,two-sided,IMLL,39,6,0.020,2,0,2,5,0,0,2048,0.000,0.000,auto,30
lltp,ILL/KLE-IMP-CONJ/NON-THEOREMS,,,KLE_27_MU.p,intuitionistic,auto,1,false,,5,0,3,unprovable,unprovable,,,two-sided,IMLL,55,6,0.018,2,0,2,3,0,0,2048,0.000,0.000,auto,30
lltp,ILL/KLE-IMP-CONJ/NON-THEOREMS,,,KLE_35_MU.p,intuitionistic,auto,1,false,,5,0,3,unprovable,unprovable,,,two-sided,IMLL,11,3,0.008,1,0,1,1,0,0,2048,0.000,0.000,auto,30
lltp,ILL/KLE-IMP-CONJ/NON-THEOREMS,,,KLE_36_MU.p,intuitionistic,auto,1,false,,5,0,3,unprovable,unprovable,,,net,IMLL,12,2,0.002,0,0,0,0,0,0,2048,0.000,0.000,auto,30
lltp,ILL/KLE-IMP-CONJ/NON-THEOREMS,,,KLE_37_MU.p,intuitionistic,auto,1,false,,5,0,3,unprovable,unprovable,,,two-sided,IMLL,12,3,0.009,1,0,1,0,0,0,2048,0.000,0.000,auto,30
lltp,ILL/KLE-IMP-CONJ/NON-THEOREMS,,,KLE_38_MU.p,intuitionistic,auto,1,false,,5,0,3,unprovable,unprovable,,,two-sided,IMLL,18,3,0.010,1,0,1,0,0,0,2048,0.000,0.000,auto,30
lltp,ILL/KLE-IMP-CONJ/NON-THEOREMS,,,KLE_39_MU.p,intuitionistic,auto,1,false,,5,0,3,unprovable,unprovable,,,net,IMLL,18,2,0.003,0,0,0,0,0,0,2048,0.000,0.000,auto,30
lltp,ILL/KLE-IMP-CONJ/NON-THEOREMS,,,KLE_40_MU.p,intuitionistic,auto,1,false,,5,0,3,unprovable,unprovable,,,net,IMLL,12,2,0.002,0,0,0,0,0,0,2048,0.000,0.000,auto,30
lltp,ILL/KLE-IMP-CONJ/NON-THEOREMS,,,KLE_41_MU.p,intuitionistic,auto,1,false,,5,0,3,unprovable,unprovable,,,two-sided,IMLL,14,3,0.008,1,0,1,0,0,0,2048,0.000,0.000,auto,30
lltp,ILL/KLE-IMP-CONJ/NON-THEOREMS,,,KLE_45_MU.p,intuitionistic,auto,1,false,,5,0,3,unprovable,unprovable,,,net,IMLL,13,2,0.002,0,0,0,0,0,0,2048,0.000,0.000,auto,30
lltp,ILL/KLE-IMP-CONJ/NON-THEOREMS,,,KLE_46_MU.p,intuitionistic,auto,1,false,,5,0,3,unprovable,unprovable,,,net,IMLL,11,2,0.007,1,0,0,0,0,0,2048,0.000,0.000,auto,30
lltp,ILL/KLE-IMP-CONJ/NON-THEOREMS,,,KLE_47_MU.p,intuitionistic,auto,1,false,,5,0,3,unprovable,unprovable,,,two-sided,IMLL,27,4,0.013,1,0,1,1,0,0,2048,0.000,0.000,auto,30
lltp,ILL/KLE-IMP-CONJ/NON-THEOREMS,,,KLE_57_MU.p,intuitionistic,auto,1,false,,5,0,3,unprovable,unprovable,,,two-sided,IMLL,31,4,0.023,5,0,5,9,0,0,2048,0.000,0.000,auto,30
lltp,ILL/KLE-IMP-CONJ/NON-THEOREMS,,,KLE_58_MU.p,intuitionistic,auto,1,false,,5,0,3,unprovable,unprovable,,,two-sided,IMLL,31,4,0.018,3,0,3,5,0,0,2048,0.000,0.000,auto,30
lltp,ILL/KLE-IMP-CONJ/NON-THEOREMS,,,KLE_59_MU.p,intuitionistic,auto,1,false,,5,0,3,unprovable,unprovable,,,two-sided,IMLL,31,4,0.023,6,0,6,8,0,0,2048,0.000,0.000,auto,30
lltp,ILL/KLE-cbn,,,KLE001+1.p,intuitionistic,auto,1,false,,5,0,3,provable,proved,,ok,two-sided,IMELL,4,1,0.011,2,0,1,0,0,0,2048,0.000,0.000,auto,30
lltp,ILL/KLE-cbn,,,KLE002+1.p,intuitionistic,auto,1,false,,5,0,3,provable,proved,,ok,two-sided,IMELL,14,1,0.055,17,5,5,10,0,0,2048,0.000,0.012,auto,30
lltp,ILL/KLE-cbn,,,KLE003+1.p,intuitionistic,auto,1,false,,5,0,3,provable,proved,,ok,two-sided,IMELL,15,1,0.058,8,0,5,3,0,0,2048,0.000,0.013,auto,30
lltp,ILL/KLE-cbn,,,KLE004+1.p,intuitionistic,auto,1,false,,5,0,3,provable,proved,,ok,two-sided,ILL,14,1,0.058,11,0,8,3,0,0,2048,0.000,0.011,auto,30
lltp,ILL/KLE-cbn,,,KLE005+1.p,intuitionistic,auto,1,false,,5,0,3,provable,proved,,ok,two-sided,ILL,14,1,0.060,8,0,5,2,0,0,2048,0.000,0.012,auto,30
lltp,ILL/KLE-cbn,,,KLE006+1.p,intuitionistic,auto,1,false,,5,0,3,provable,proved,,ok,two-sided,IMELL,15,1,0.055,17,5,5,10,0,0,2048,0.000,0.011,auto,30
lltp,ILL/KLE-cbn,,,KLE007+1.p,intuitionistic,auto,1,false,,5,0,3,provable,proved,,ok,two-sided,IMELL,15,1,0.056,17,5,5,10,0,0,2048,0.000,0.012,auto,30
lltp,ILL/KLE-cbn,,,KLE008+1.p,intuitionistic,auto,1,false,,5,0,3,provable,proved,,ok,two-sided,ILL,13,1,0.056,14,1,10,3,0,0,2048,0.000,0.011,auto,30
lltp,ILL/KLE-cbn,,,KLE009+1.p,intuitionistic,auto,1,false,,5,0,3,provable,proved,,ok,two-sided,ILL,13,1,0.056,12,1,8,2,0,0,2048,0.000,0.011,auto,30
lltp,ILL/KLE-cbn,,,KLE010+1.p,intuitionistic,auto,1,false,,5,0,3,provable,proved,,ok,two-sided,ILL,17,1,0.075,71,29,21,21,0,0,2048,0.000,0.012,auto,30
lltp,ILL/KLE-cbn,,,KLE011+1.p,intuitionistic,auto,1,false,,5,0,3,provable,proved,,ok,two-sided,ILL,17,1,0.077,74,30,21,21,0,0,2048,0.000,0.012,auto,30
lltp,ILL/KLE-cbn,,,KLE012+1.p,intuitionistic,auto,1,false,,5,0,3,provable,proved,,ok,two-sided,ILL,9,1,0.017,6,0,3,2,0,0,2048,0.000,0.000,auto,30
lltp,ILL/KLE-cbn,,,KLE013+1.p,intuitionistic,auto,1,false,,5,0,3,provable,unprovable,,,two-sided,ILL,9,1,0.045,1,0,1,0,0,0,2048,0.000,0.012,auto,30
lltp,ILL/KLE-cbn,,,KLE014+1.p,intuitionistic,auto,1,false,,5,0,3,provable,proved,,ok,two-sided,IMELL,6,1,0.011,2,0,1,0,0,0,2048,0.000,0.000,auto,30
lltp,ILL/KLE-cbn,,,KLE015+1.p,intuitionistic,auto,1,false,,5,0,3,provable,unknown,copy_bound,,two-sided,ILL,15,2,0.060,36,16,6,28,0,0,2048,0.000,0.012,auto,30
lltp,ILL/KLE-cbn,,,KLE016+1.p,intuitionistic,auto,1,false,,5,0,3,provable,proved,,ok,two-sided,ILL,15,1,0.018,8,0,5,3,0,0,2048,0.000,0.000,auto,30
lltp,ILL/KLE-cbn,,,KLE017+1.p,intuitionistic,auto,1,false,,5,0,3,provable,unknown,copy_bound,,two-sided,ILL,21,2,0.025,25,10,6,18,0,0,2048,0.000,0.000,auto,30
lltp,ILL/KLE-cbn,,,KLE018+1.p,intuitionistic,auto,1,false,,5,0,3,provable,unknown,copy_bound,,two-sided,ILL,27,2,0.033,49,20,16,32,0,0,2048,0.000,0.000,auto,30
lltp,ILL/KLE-cbn,,,KLE019+1.p,intuitionistic,auto,1,false,,5,0,3,provable,proved,,ok,two-sided,ILL,19,2,0.060,8,0,5,4,0,0,2048,0.000,0.011,auto,30
lltp,ILL/KLE-cbn,,,KLE020+1.p,intuitionistic,auto,1,false,,5,0,3,provable,proved,,ok,two-sided,ILL,14,2,0.050,6,0,3,3,0,0,2048,0.000,0.011,auto,30
lltp,ILL/KLE-cbn,,,KLE021+1.p,intuitionistic,auto,1,false,,5,0,3,provable,proved,,ok,two-sided,ILL,14,2,0.055,9,2,3,6,0,0,2048,0.000,0.011,auto,30
lltp,ILL/KLE-cbn,,,KLE022+1.p,intuitionistic,auto,1,false,,5,0,3,provable,proved,,ok,two-sided,ILL,13,2,0.050,6,0,3,3,0,0,2048,0.000,0.011,auto,30
lltp,ILL/KLE-cbn,,,KLE023+1.p,intuitionistic,auto,1,false,,5,0,3,provable,proved,,ok,two-sided,ILL,13,2,0.055,9,2,3,6,0,0,2048,0.000,0.011,auto,30
lltp,ILL/KLE-cbn,,,KLE024+1.p,intuitionistic,auto,1,false,,5,0,3,provable,proved,,ok,two-sided,ILL,9,2,0.014,3,0,2,0,0,0,2048,0.000,0.000,auto,30
lltp,ILL/KLE-cbn,,,KLE025+1.p,intuitionistic,auto,1,false,,5,0,3,provable,proved,,ok,two-sided,ILL,19,2,0.057,11,2,5,7,0,0,2048,0.000,0.011,auto,30
lltp,ILL/KLE-cbn,,,KLE026+1.p,intuitionistic,auto,1,false,,5,0,3,provable,proved,,ok,two-sided,ILL,29,2,0.070,46,18,10,41,0,0,2048,0.000,0.011,auto,30
lltp,ILL/KLE-cbn,,,KLE027+1.p,intuitionistic,auto,1,false,,5,0,3,provable,unknown,copy_bound,,two-sided,ILL,31,1,0.107,192,102,48,160,0,0,2048,0.000,0.012,auto,30
lltp,ILL/KLE-cbn,,,KLE028+1.p,intuitionistic,auto,1,false,,5,0,3,provable,unknown,copy_bound,,two-sided,ILL,27,1,0.083,88,38,26,70,0,0,2048,0.000,0.013,auto,30
lltp,ILL/KLE-cbn,,,KLE029+1.p,intuitionistic,auto,1,false,,5,0,3,provable,unknown,copy_bound,,two-sided,ILL,32,1,0.113,156,72,48,136,0,0,2048,0.000,0.013,auto,30
lltp,ILL/KLE-cbn,,,KLE030+1.p,intuitionistic,auto,1,false,,5,0,3,provable,unknown,copy_bound,,two-sided,ILL,47,2,0.032,31,8,15,15,0,0,2048,0.000,0.000,auto,30
lltp,ILL/KLE-cbn,,,KLE031+1.p,intuitionistic,auto,1,false,,5,0,3,provable,unknown,copy_bound,,two-sided,ILL,71,4,0.085,55,22,17,46,0,0,2048,0.000,0.012,auto,30
lltp,ILL/KLE-cbn,,,KLE032+1.p,intuitionistic,auto,1,false,,5,0,3,provable,proved,,ok,two-sided,ILL,31,2,0.060,22,8,7,17,0,0,2048,0.000,0.012,auto,30
lltp,ILL/KLE-cbn,,,KLE033+1.p,intuitionistic,auto,1,false,,5,0,3,provable,proved,,ok,two-sided,ILL,31,2,0.083,44,15,12,33,0,0,2048,0.000,0.013,auto,30
lltp,ILL/KLE-cbn,,,KLE034+1.p,intuitionistic,auto,1,false,,5,0,3,provable,proved,,ok,two-sided,ILL,27,2,0.062,21,4,12,11,0,0,2048,0.000,0.011,auto,30
lltp,ILL/KLE-cbn,,,KLE035+1.p,intuitionistic,auto,1,false,,5,0,3,provable,proved,,ok,two-sided,ILL,27,2,0.066,24,5,14,11,0,0,2048,0.000,0.012,auto,30
lltp,ILL/KLE-cbn,,,KLE036+1.p,intuitionistic,auto,1,false,,5,0,3,provable,proved,,ok,two-sided,ILL,35,2,0.099,149,69,44,74,0,0,2048,0.000,0.012,auto,30
lltp,ILL/KLE-cbn,,,KLE037+1.p,intuitionistic,auto,1,false,,5,0,3,provable,proved,,ok,two-sided,ILL,35,2,0.108,148,68,41,72,0,0,2048,0.000,0.011,auto,30
lltp,ILL/KLE-cbn,,,KLE038+1.p,intuitionistic,auto,1,false,,5,0,3,provable,unknown,copy_bound,,two-sided,ILL,28,2,0.097,129,74,26,112,0,0,2048,0.000,0.013,auto,30
lltp,ILL/KLE-cbn,,,KLE039+1.p,intuitionistic,auto,1,false,,5,0,3,provable,proved,,ok,two-sided,ILL,25,2,0.026,19,0,18,0,0,0,2048,0.000,0.000,auto,30
lltp,ILL/KLE-cbn,,,KLE040+1.p,intuitionistic,auto,1,false,,5,0,3,provable,proved,,ok,two-sided,ILL,41,2,0.075,183,54,85,0,0,0,2048,0.000,0.000,auto,30
lltp,ILL/KLE-cbn,,,KLE041+1.p,intuitionistic,auto,1,false,,5,0,3,provable,proved,,ok,two-sided,ILL,17,2,0.019,11,0,10,0,0,0,2048,0.000,0.000,auto,30
lltp,ILL/KLE-cbn,,,KLE042+1.p,intuitionistic,auto,1,false,,5,0,3,provable,proved,,ok,two-sided,ILL,25,2,0.034,41,7,24,0,0,0,2048,0.000,0.000,auto,30
lltp,ILL/KLE-cbn,,,KLE043+1.p,intuitionistic,auto,1,false,,5,0,3,provable,proved,,ok,two-sided,ILL,37,3,0.054,82,8,58,0,0,0,2048,0.000,0.000,auto,30
lltp,ILL/KLE-cbn,,,KLE044+1.p,intuitionistic,auto,1,false,,5,0,3,provable,proved,,ok,two-sided,ILL,41,3,0.076,169,45,89,0,0,0,2048,0.000,0.000,auto,30
lltp,ILL/KLE-cbn,,,KLE045+1.p,intuitionistic,auto,1,false,,5,0,3,provable,proved,,ok,two-sided,ILL,13,3,0.015,5,0,4,0,0,0,2048,0.000,0.000,auto,30
lltp,ILL/KLE-cbn,,,KLE046+1.p,intuitionistic,auto,1,false,,5,0,3,provable,proved,,ok,two-sided,ILL,17,3,0.016,8,0,5,0,0,0,2048,0.000,0.000,auto,30
lltp,ILL/KLE-cbn,,,KLE047+1.p,intuitionistic,auto,1,false,,5,0,3,provable,proved,,ok,two-sided,ILL,21,3,0.016,6,0,5,0,0,0,2048,0.000,0.000,auto,30
lltp,ILL/KLE-cbn,,,KLE048+1.p,intuitionistic,auto,1,false,,5,0,3,provable,proved,,ok,two-sided,ILL,21,3,0.021,10,0,7,0,0,0,2048,0.000,0.000,auto,30
lltp,ILL/KLE-cbn,,,KLE049+1.p,intuitionistic,auto,1,false,,5,0,3,provable,proved,,ok,two-sided,ILL,17,2,0.053,7,0,4,2,0,0,2048,0.000,0.012,auto,30
lltp,ILL/KLE-cbn,,,KLE050+1.p,intuitionistic,auto,1,false,,5,0,3,provable,proved,,ok,two-sided,ILL,17,3,0.047,3,0,2,0,0,0,2048,0.000,0.011,auto,30
lltp,ILL/KLE-cbn,,,KLE051+1.p,intuitionistic,auto,1,false,,5,0,3,provable,proved,,ok,two-sided,ILL,26,3,0.055,8,0,5,4,0,0,2048,0.000,0.011,auto,30
lltp,ILL/KLE-cbn,,,KLE052+1.p,intuitionistic,auto,1,false,,5,0,3,provable,proved,,ok,two-sided,ILL,26,2,0.026,21,5,8,13,0,0,2048,0.000,0.000,auto,30
lltp,ILL/KLE-cbn,,,KLE053+1.p,intuitionistic,auto,1,false,,5,0,3,provable,proved,,ok,two-sided,ILL,15,2,0.016,5,0,4,0,0,0,2048,0.000,0.000,auto,30
lltp,ILL/KLE-cbn,,,KLE054+1.p,intuitionistic,auto,1,false,,5,0,3,provable,proved,,ok,two-sided,ILL,19,3,0.017,6,0,5,0,0,0,2048,0.000,0.000,auto,30
lltp,ILL/KLE-cbn,,,KLE055+1.p,intuitionistic,auto,1,false,,5,0,3,provable,proved,,ok,two-sided,ILL,18,3,0.021,9,1,5,2,0,0,2048,0.000,0.000,auto,30
lltp,ILL/KLE-cbn,,,KLE056+1.p,intuitionistic,auto,1,false,,5,0,3,provable,proved,,ok,two-sided,ILL,22,2,0.027,20,3,9,5,0,0,2048,0.000,0.000,auto,30
lltp,ILL/KLE-cbn,,,KLE057+1.p,intuitionistic,auto,1,false,,5,0,3,provable,proved,,ok,two-sided,ILL,10,1,0.017,8,1,3,3,0,0,2048,0.000,0.000,auto,30
lltp,ILL/KLE-cbn,,,KLE058+1.p,intuitionistic,auto,1,false,,5,0,3,provable,unknown,copy_bound,,two-sided,ILL,24,2,0.070,39,12,13,30,0,0,2048,0.000,0.013,auto,30
lltp,ILL/KLE-cbn,,,KLE059+1.p,intuitionistic,auto,1,false,,5,0,3,provable,proved,,ok,two-sided,ILL,20,2,0.020,10,1,5,3,0,0,2048,0.000,0.000,auto,30
lltp,ILL/KLE-cbn,,,KLE060+1.p,intuitionistic,auto,1,false,,5,0,3,provable,proved,,ok,two-sided,ILL,25,3,0.021,11,1,6,3,0,0,2048,0.000,0.000,auto,30
lltp,ILL/KLE-cbn,,,KLE061+1.p,intuitionistic,auto,1,false,,5,0,3,provable,proved,,ok,two-sided,ILL,9,1,0.018,10,1,5,3,0,0,2048,0.000,0.000,auto,30
lltp,ILL/KLE-cbn,,,KLE062+1.p,intuitionistic,auto,1,false,,5,0,3,provable,unknown,copy_bound,,two-sided,ILL,18,2,0.074,44,14,14,32,0,0,2048,0.000,0.014,auto,30
lltp,ILL/KLE-cbn,,,KLE063+1.p,intuitionistic,auto,1,false,,5,0,3,provable,proved,,ok,two-sided,ILL,14,1,0.026,22,4,7,8,0,0,2048,0.000,0.000,auto,30
lltp,ILL/KLE-cbn,,,KLE064+1.p,intuitionistic,auto,1,false,,5,0,3,provable,proved,,ok,two-sided,ILL,16,1,0.019,11,2,3,7,0,0,2048,0.000,0.000,auto,30
lltp,ILL/KLE-cbn,,,KLE065+1.p,intuitionistic,auto,1,false,,5,0,3,unprovable,proved,,ok,two-sided,ILL,13,1,0.012,3,0,2,0,0,0,2048,0.000,0.000,auto,30
lltp,ILL/KLE-cbn,,,KLE066+1.p,intuitionistic,auto,1,false,,5,0,3,provable,proved,,ok,two-sided,ILL,27,2,0.028,23,3,12,3,0,0,2048,0.000,0.000,auto,30
lltp,ILL/KLE-cbn,,,KLE067+1.p,intuitionistic,auto,1,false,,5,0,3,provable,proved,,ok,two-sided,ILL,33,4,0.034,36,4,25,8,0,0,2048,0.000,0.000,auto,30
lltp,ILL/KLE-cbn,,,KLE068+1.p,intuitionistic,auto,1,false,,5,0,3,unprovable,unknown,copy_bound,,two-sided,ILL,45,4,0.035,52,19,15,0,0,0,2048,0.000,0.000,auto,30
lltp,ILL/KLE-cbn,,,KLE069+1.p,intuitionistic,auto,1,false,,5,0,3,provable,unknown,copy_bound,,two-sided,ILL,19,2,0.026,31,8,12,10,0,0,2048,0.000,0.000,auto,30
lltp,ILL/KLE-cbn,,,KLE070+1.p,intuitionistic,auto,1,false,,5,0,3,provable,proved,,ok,two-sided,ILL,19,2,0.021,11,0,7,3,0,0,2048,0.000,0.000,auto,30
lltp,ILL/KLE-cbn,,,KLE071+1.p,intuitionistic,auto,1,false,,5,0,3,provable,proved,,ok,two-sided,ILL,19,2,0.026,19,3,10,4,0,0,2048,0.000,0.000,auto,30
lltp,ILL/KLE-cbn,,,KLE072+1.p,intuitionistic,auto,1,false,,5,0,3,provable,proved,,ok,two-sided,ILL,19,2,0.025,19,4,9,8,0,0,2048,0.000,0.000,auto,30
lltp,ILL/KLE-cbn,,,KLE073+1.p,intuitionistic,auto,1,false,,5,0,3,provable,proved,,ok,two-sided,ILL,15,1,0.058,14,3,6,7,0,0,2048,0.000,0.011,auto,30
lltp,ILL/KLE-cbn,,,KLE074+1.p,intuitionistic,auto,1,false,,5,0,3,provable,unknown,copy_bound,,two-sided,ILL,197,8,0.078,177,75,73,125,0,0,2048,0.000,0.000,auto,30
lltp,ILL/KLE-cbn,,,KLE075+1.p,intuitionistic,auto,1,false,,5,0,3,provable,unknown,copy_bound,,two-sided,ILL,65,4,0.142,261,121,92,234,0,0,2048,0.000,0.014,auto,30
lltp,ILL/KLE-cbn,,,KLE076+1.p,intuitionistic,auto,1,false,,5,0,3,provable,proved,,ok,two-sided,ILL,21,1,0.066,32,11,11,20,0,0,2048,0.000,0.012,auto,30
lltp,ILL/KLE-cbn,,,KLE077+1.p,intuitionistic,auto,1,false,,5,0,3,provable,proved,,ok,two-sided,ILL,14,2,0.019,9,0,5,2,0,0,2048,0.000,0.000,auto,30
lltp,ILL/KLE-cbn,,,KLE078+1.p,intuitionistic,auto,1,false,,5,0,3,provable,unknown,copy_bound,,two-sided,ILL,20,2,0.091,54,22,14,36,0,0,2048,0.000,0.014,auto,30
lltp,ILL/KLE-cbn,,,KLE079+1.p,intuitionistic,auto,1,false,,5,0,3,provable,proved,,ok,two-sided,ILL,20,2,0.027,30,10,9,17,0,0,2048,0.000,0.000,auto,30
lltp,ILL/KLE-cbn,,,KLE080+1.p,intuitionistic,auto,1,false,,5,0,3,provable,proved,,ok,two-sided,ILL,15,1,0.023,19,3,11,5,0,0,2048,0.000,0.000,auto,30
lltp,ILL/KLE-cbn,,,KLE081+1.p,intuitionistic,auto,1,false,,5,0,3,provable,proved,,ok,two-sided,ILL,15,1,0.066,26,9,8,14,0,0,2048,0.000,0.011,auto,30
lltp,ILL/KLE-cbn,,,KLE082+1.p,intuitionistic,auto,1,false,,5,0,3,provable,proved,,ok,two-sided,ILL,21,1,0.031,33,11,13,18,0,0,2048,0.000,0.000,auto,30
lltp,ILL/KLE-cbn,,,KLE083+1.p,intuitionistic,auto,1,false,,5,0,3,provable,unknown,copy_bound,,two-sided,ILL,187,8,0.155,294,144,96,266,0,0,2048,0.000,0.013,auto,30
lltp,ILL/KLE-cbn,,,KLE084+1.p,intuitionistic,auto,1,false,,5,0,3,provable,unknown,copy_bound,,two-sided,ILL,193,8,0.128,177,70,73,152,0,0,2048,0.000,0.012,auto,30
lltp,ILL/KLE-cbn,,,KLE085+1.p,intuitionistic,auto,1,false,,5,0,3,unprovable,unprovable,,,two-sided,ILL,29,2,0.047,1,0,1,0,0,0,2048,0.000,0.012,auto,30
lltp,ILL/KLE-cbn,,,KLE086+1.p,intuitionistic,auto,1,false,,5,0,3,provable,unknown,copy_bound,,two-sided,ILL,38,2,0.090,106,48,28,72,0,0,2048,0.000,0.014,auto,30
lltp,ILL/KLE-cbn,,,KLE087+1.p,intuitionistic,auto,1,false,,5,0,3,provable,proved,,ok,two-sided,ILL,19,2,0.021,11,0,7,2,0,0,2048,0.000,0.000,auto,30
lltp,ILL/KLE-cbn,,,KLE088+1.p,intuitionistic,auto,1,false,,5,0,3,provable,unknown,copy_bound,,two-sided,ILL,36,2,0.040,67,28,23,41,0,0,2048,0.000,0.000,auto,30
lltp,ILL/KLE-cbv,,,KLE001+1.p,intuitionistic,auto,1,false,,5,0,3,provable,proved,,ok,two-sided,IMELL,6,1,0.015,6,0,3,0,0,0,2048,0.000,0.000,auto,30
lltp,ILL/KLE-cbv,,,KLE002+1.p,intuitionistic,auto,1,false,,5,0,3,provable,proved,,ok,two-sided,IMELL,18,1,0.036,56,20,19,28,0,0,2048,0.000,0.000,auto,30
lltp,ILL/KLE-cbv,,,KLE003+1.p,intuitionistic,auto,1,false,,5,0,3,provable,proved,,ok,two-sided,IMELL,20,1,0.037,67,20,24,22,0,0,2048,0.000,0.000,auto,30
lltp,ILL/KLE-cbv,,,KLE004+1.p,intuitionistic,auto,1,false,,5,0,3,provable,proved,,ok,two-sided,IMELL,19,1,0.036,56,18,20,18,0,0,2048,0.000,0.000,auto,30
lltp,ILL/KLE-cbv,,,KLE005+1.p,intuitionistic,auto,1,false,,5,0,3,provable,proved,,ok,two-sided,IMELL,19,1,0.034,24,1,14,10,0,0,2048,0.000,0.000,auto,30
lltp,ILL/KLE-cbv,,,KLE006+1.p,intuitionistic,auto,1,false,,5,0,3,provable,proved,,ok,two-sided,IMELL,20,1,0.037,63,21,21,31,0,0,2048,0.000,0.000,auto,30
lltp,ILL/KLE-cbv,,,KLE007+1.p,intuitionistic,auto,1,false,,5,0,3,provable,proved,,ok,two-sided,IMELL,20,1,0.037,63,21,21,31,0,0,2048,0.000,0.000,auto,30
lltp,ILL/KLE-cbv,,,KLE008+1.p,intuitionistic,auto,1,false,,5,0,3,provable,proved,,ok,two-sided,IMELL,18,1,0.026,21,3,11,9,0,0,2048,0.000,0.000,auto,30
lltp,ILL/KLE-cbv,,,KLE009+1.p,intuitionistic,auto,1,false,,5,0,3,provable,proved,,ok,two-sided,IMELL,18,1,0.026,22,4,11,9,0,0,2048,0.000,0.000,auto,30
lltp,ILL/KLE-cbv,,,KLE010+1.p,intuitionistic,auto,1,false,,5,0,3,provable,proved,,ok,two-sided,ILL,18,1,0.031,28,3,16,8,0,0,2048,0.000,0.000,auto,30
lltp,ILL/KLE-cbv,,,KLE011+1.p,intuitionistic,auto,1,false,,5,0,3,provable,proved,,ok,two-sided,ILL,18,1,0.032,32,6,17,8,0,0,2048,0.000,0.000,auto,30
lltp,ILL/KLE-cbv,,,KLE012+1.p,intuitionistic,auto,1,false,,5,0,3,provable,proved,,ok,two-sided,ILL,11,1,0.021,15,1,7,4,0,0,2048,0.000,0.000,auto,30
lltp,ILL/KLE-cbv,,,KLE013+1.p,intuitionistic,auto,1,false,,5,0,3,provable,unprovable,,,two-sided,ILL,11,1,0.014,5,1,3,0,0,0,2048,0.000,0.000,auto,30
lltp,ILL/KLE-cbv,,,KLE014+1.p,intuitionistic,auto,1,false,,5,0,3,provable,proved,,ok,two-sided,IMELL,8,1,0.016,6,0,3,0,0,0,2048,0.000,0.000,auto,30
lltp,ILL/KLE-cbv,,,KLE015+1.p,intuitionistic,auto,1,false,,5,0,3,provable,unknown,copy_bound,,two-sided,ILL,18,2,0.021,26,10,5,18,0,0,2048,0.000,0.000,auto,30
lltp,ILL/KLE-cbv,,,KLE016+1.p,intuitionistic,auto,1,false,,5,0,3,provable,proved,,ok,two-sided,ILL,18,1,0.034,44,10,16,16,0,0,2048,0.000,0.000,auto,30
lltp,ILL/KLE-cbv,,,KLE017+1.p,intuitionistic,auto,1,false,,5,0,3,provable,unknown,copy_bound,,two-sided,ILL,24,2,0.036,59,24,13,35,0,0,2048,0.000,0.000,auto,30
lltp,ILL/KLE-cbv,,,KLE018+1.p,intuitionistic,auto,1,false,,5,0,3,provable,unknown,copy_bound,,two-sided,ILL,30,2,0.071,159,52,55,74,0,0,2048,0.000,0.000,auto,30
lltp,ILL/KLE-cbv,,,KLE019+1.p,intuitionistic,auto,1,false,,5,0,3,provable,proved,,ok,two-sided,IMELL,25,2,0.026,23,2,14,11,0,0,2048,0.000,0.000,auto,30
lltp,ILL/KLE-cbv,,,KLE020+1.p,intuitionistic,auto,1,false,,5,0,3,provable,proved,,ok,two-sided,IMELL,19,2,0.025,19,2,10,7,0,0,2048,0.000,0.000,auto,30
lltp,ILL/KLE-cbv,,,KLE021+1.p,intuitionistic,auto,1,false,,5,0,3,provable,proved,,ok,two-sided,IMELL,19,2,0.023,19,2,10,7,0,0,2048,0.000,0.000,auto,30
lltp,ILL/KLE-cbv,,,KLE022+1.p,intuitionistic,auto,1,false,,5,0,3,provable,proved,,ok,two-sided,IMELL,17,2,0.021,14,2,7,5,0,0,2048,0.000,0.000,auto,30
lltp,ILL/KLE-cbv,,,KLE023+1.p,intuitionistic,auto,1,false,,5,0,3,provable,proved,,ok,two-sided,IMELL,17,2,0.022,14,2,7,5,0,0,2048,0.000,0.000,auto,30
lltp,ILL/KLE-cbv,,,KLE024+1.p,intuitionistic,auto,1,false,,5,0,3,provable,proved,,ok,two-sided,IMELL,13,2,0.019,8,0,5,2,0,0,2048,0.000,0.000,auto,30
lltp,ILL/KLE-cbv,,,KLE025+1.p,intuitionistic,auto,1,false,,5,0,3,provable,proved,,ok,two-sided,IMELL,26,2,0.028,23,2,14,11,0,0,2048,0.000,0.000,auto,30
lltp,ILL/KLE-cbv,,,KLE026+1.p,intuitionistic,auto,1,false,,5,0,3,provable,proved,,ok,two-sided,IMELL,39,2,0.062,114,54,35,81,0,0,2048,0.000,0.000,auto,30
lltp,ILL/KLE-cbv,,,KLE027+1.p,intuitionistic,auto,1,false,,5,0,3,provable,unknown,copy_bound,,two-sided,ILL,34,1,0.058,158,73,49,123,0,0,2048,0.000,0.000,auto,30
lltp,ILL/KLE-cbv,,,KLE028+1.p,intuitionistic,auto,1,false,,5,0,3,provable,unknown,copy_bound,,two-sided,ILL,30,1,0.045,88,34,25,59,0,0,2048,0.000,0.000,auto,30
lltp,ILL/KLE-cbv,,,KLE029+1.p,intuitionistic,auto,1,false,,5,0,3,provable,unknown,copy_bound,,two-sided,ILL,36,1,0.060,143,69,40,117,0,0,2048,0.000,0.000,auto,30
lltp,ILL/KLE-cbv,,,KLE030+1.p,intuitionistic,auto,1,false,,5,0,3,provable,unknown,copy_bound,,two-sided,ILL,55,2,0.053,61,19,20,57,0,0,2048,0.000,0.000,auto,30
lltp,ILL/KLE-cbv,,,KLE031+1.p,intuitionistic,auto,1,false,,5,0,3,provable,unknown,copy_bound,,two-sided,ILL,87,4,0.049,63,26,16,64,0,0,2048,0.000,0.000,auto,30
lltp,ILL/KLE-cbv,,,KLE032+1.p,intuitionistic,auto,1,false,,5,0,3,provable,proved,,ok,two-sided,IMELL,42,2,0.051,95,38,33,61,0,0,2048,0.000,0.000,auto,30
lltp,ILL/KLE-cbv,,,KLE033+1.p,intuitionistic,auto,1,false,,5,0,3,provable,proved,,ok,two-sided,IMELL,42,2,0.054,101,39,34,66,0,0,2048,0.000,0.000,auto,30
lltp,ILL/KLE-cbv,,,KLE034+1.p,intuitionistic,auto,1,false,,5,0,3,provable,proved,,ok,two-sided,IMELL,38,2,0.031,29,4,18,17,0,0,2048,0.000,0.000,auto,30
lltp,ILL/KLE-cbv,,,KLE035+1.p,intuitionistic,auto,1,false,,5,0,3,provable,proved,,ok,two-sided,IMELL,38,2,0.035,30,5,18,17,0,0,2048,0.000,0.000,auto,30
lltp,ILL/KLE-cbv,,,KLE036+1.p,intuitionistic,auto,1,false,,5,0,3,provable,proved,,ok,two-sided,ILL,38,2,0.042,56,12,32,29,0,0,2048,0.000,0.000,auto,30
lltp,ILL/KLE-cbv,,,KLE037+1.p,intuitionistic,auto,1,false,,5,0,3,provable,proved,,ok,two-sided,ILL,38,2,0.044,64,16,36,29,0,0,2048,0.000,0.000,auto,30
lltp,ILL/KLE-cbv,,,KLE038+1.p,intuitionistic,auto,1,false,,5,0,3,provable,unknown,copy_bound,,two-sided,ILL,35,2,0.041,91,48,20,74,0,0,2048,0.000,0.000,auto,30
lltp,ILL/KLE-cbv,,,KLE039+1.p,intuitionistic,auto,1,false,,5,0,3,provable,proved,,ok,two-sided,IMELL,37,2,0.023,12,0,9,7,0,0,2048,0.000,0.000,auto,30
lltp,ILL/KLE-cbv,,,KLE040+1.p,intuitionistic,auto,1,false,,5,0,3,provable,proved,,ok,two-sided,ILL,37,2,0.031,30,0,27,2,0,0,2048,0.000,0.000,auto,30
lltp,ILL/KLE-cbv,,,KLE041+1.p,intuitionistic,auto,1,false,,5,0,3,provable,proved,,ok,two-sided,IMELL,25,2,0.018,10,0,7,5,0,0,2048,0.000,0.000,auto,30
lltp,ILL/KLE-cbv,,,KLE042+1.p,intuitionistic,auto,1,false,,5,0,3,provable,proved,,ok,two-sided,ILL,25,2,0.024,17,0,13,2,0,0,2048,0.000,0.000,auto,30
lltp,ILL/KLE-cbv,,,KLE043+1.p,intuitionistic,auto,1,false,,5,0,3,provable,proved,,ok,two-sided,ILL,43,3,0.032,24,0,21,9,0,0,2048,0.000,0.000,auto,30
lltp,ILL/KLE-cbv,,,KLE044+1.p,intuitionistic,auto,1,false,,5,0,3,provable,proved,,ok,two-sided,ILL,43,3,0.038,29,0,26,6,0,0,2048,0.000,0.000,auto,30
lltp,ILL/KLE-cbv,,,KLE045+1.p,intuitionistic,auto,1,false,,5,0,3,provable,proved,,ok,two-sided,IMELL,19,3,0.019,9,0,6,3,0,0,2048,0.000,0.000,auto,30
lltp,ILL/KLE-cbv,,,KLE046+1.p,intuitionistic,auto,1,false,,5,0,3,provable,proved,,ok,two-sided,ILL,19,3,0.020,10,0,7,2,0,0,2048,0.000,0.000,auto,30
lltp,ILL/KLE-cbv,,,KLE047+1.p,intuitionistic,auto,1,false,,5,0,3,provable,proved,,ok,two-sided,ILL,25,3,0.022,11,0,8,3,0,0,2048,0.000,0.000,auto,30
lltp,ILL/KLE-cbv,,,KLE048+1.p,intuitionistic,auto,1,false,,5,0,3,provable,proved,,ok,two-sided,ILL,25,3,0.020,10,0,7,2,0,0,2048,0.000,0.000,auto,30
lltp,ILL/KLE-cbv,,,KLE049+1.p,intuitionistic,auto,1,false,,5,0,3,provable,proved,,ok,two-sided,IMELL,23,2,0.025,20,2,11,7,0,0,2048,0.000,0.000,auto,30
lltp,ILL/KLE-cbv,,,KLE050+1.p,intuitionistic,auto,1,false,,5,0,3,provable,proved,,ok,two-sided,IMELL,23,3,0.020,9,0,6,2,0,0,2048,0.000,0.000,auto,30
lltp,ILL/KLE-cbv,,,KLE051+1.p,intuitionistic,auto,1,false,,5,0,3,provable,proved,,ok,two-sided,ILL,32,3,0.030,19,0,12,10,0,0,2048,0.000,0.000,auto,30
lltp,ILL/KLE-cbv,,,KLE052+1.p,intuitionistic,auto,1,false,,5,0,3,provable,proved,,ok,two-sided,ILL,32,2,0.040,48,11,19,30,0,0,2048,0.000,0.000,auto,30
lltp,ILL/KLE-cbv,,,KLE053+1.p,intuitionistic,auto,1,false,,5,0,3,provable,proved,,ok,two-sided,IMELL,21,2,0.018,9,0,6,3,0,0,2048,0.000,0.000,auto,30
lltp,ILL/KLE-cbv,,,KLE054+1.p,intuitionistic,auto,1,false,,5,0,3,provable,proved,,ok,two-sided,ILL,21,3,0.023,12,0,9,2,0,0,2048,0.000,0.000,auto,30
lltp,ILL/KLE-cbv,,,KLE055+1.p,intuitionistic,auto,1,false,,5,0,3,provable,proved,,ok,two-sided,ILL,24,3,0.025,17,2,8,9,0,0,2048,0.000,0.000,auto,30
lltp,ILL/KLE-cbv,,,KLE056+1.p,intuitionistic,auto,1,false,,5,0,3,provable,proved,,ok,two-sided,ILL,24,2,0.025,18,2,9,7,0,0,2048,0.000,0.000,auto,30
lltp,ILL/KLE-cbv,,,KLE057+1.p,intuitionistic,auto,1,false,,5,0,3,provable,proved,,ok,two-sided,ILL,12,1,0.022,15,1,6,3,0,0,2048,0.000,0.000,auto,30
lltp,ILL/KLE-cbv,,,KLE058+1.p,intuitionistic,auto,1,false,,5,0,3,provable,unknown,copy_bound,,two-sided,ILL,28,2,0.025,24,6,8,15,0,0,2048,0.000,0.000,auto,30
lltp,ILL/KLE-cbv,,,KLE059+1.p,intuitionistic,auto,1,false,,5,0,3,provable,proved,,ok,two-sided,ILL,22,2,0.031,25,1,12,7,0,0,2048,0.000,0.000,auto,30
lltp,ILL/KLE-cbv,,,KLE060+1.p,intuitionistic,auto,1,false,,5,0,3,provable,proved,,ok,two-sided,ILL,29,3,0.037,30,2,16,15,0,0,2048,0.000,0.000,auto,30
lltp,ILL/KLE-cbv,,,KLE061+1.p,intuitionistic,auto,1,false,,5,0,3,provable,proved,,ok,two-sided,ILL,11,1,0.019,11,1,4,3,0,0,2048,0.000,0.000,auto,30
lltp,ILL/KLE-cbv,,,KLE062+1.p,intuitionistic,auto,1,false,,5,0,3,provable,unknown,copy_bound,,two-sided,ILL,22,2,0.027,32,9,10,19,0,0,2048,0.000,0.000,auto,30
lltp,ILL/KLE-cbv,,,KLE063+1.p,intuitionistic,auto,1,false,,5,0,3,provable,proved,,ok,two-sided,ILL,14,1,0.029,22,5,6,7,0,0,2048,0.000,0.000,auto,30
lltp,ILL/KLE-cbv,,,KLE064+1.p,intuitionistic,auto,1,false,,5,0,3,provable,proved,,ok,two-sided,ILL,18,1,0.024,17,2,5,7,0,0,2048,0.000,0.000,auto,30
lltp,ILL/KLE-cbv,,,KLE065+1.p,intuitionistic,auto,1,false,,5,0,3,unprovable,proved,,ok,two-sided,ILL,15,1,0.017,8,0,5,0,0,0,2048,0.000,0.000,auto,30
lltp,ILL/KLE-cbv,,,KLE066+1.p,intuitionistic,auto,1,false,,5,0,3,provable,proved,,ok,two-sided,ILL,31,2,0.030,21,3,10,7,0,0,2048,0.000,0.000,auto,30
lltp,ILL/KLE-cbv,,,KLE067+1.p,intuitionistic,auto,1,false,,5,0,3,provable,proved,,ok,two-sided,ILL,43,4,0.038,38,6,21,19,0,0,2048,0.000,0.000,auto,30
lltp,ILL/KLE-cbv,,,KLE068+1.p,intuitionistic,auto,1,false,,5,0,3,unprovable,unprovable,,,two-sided,ILL,43,4,0.020,10,1,7,2,0,0,2048,0.000,0.000,auto,30
lltp,ILL/KLE-cbv,,,KLE069+1.p,intuitionistic,auto,1,false,,5,0,3,provable,unknown,copy_bound,,two-sided,ILL,21,2,0.037,42,15,11,30,0,0,2048,0.000,0.000,auto,30
lltp,ILL/KLE-cbv,,,KLE070+1.p,intuitionistic,auto,1,false,,5,0,3,provable,proved,,ok,two-sided,ILL,21,2,0.025,16,0,9,4,0,0,2048,0.000,0.000,auto,30
lltp,ILL/KLE-cbv,,,KLE071+1.p,intuitionistic,auto,1,false,,5,0,3,provable,proved,,ok,two-sided,ILL,21,2,0.028,24,5,10,8,0,0,2048,0.000,0.000,auto,30
lltp,ILL/KLE-cbv,,,KLE072+1.p,intuitionistic,auto,1,false,,5,0,3,provable,proved,,ok,two-sided,ILL,21,2,0.029,25,6,10,11,0,0,2048,0.000,0.000,auto,30
lltp,ILL/KLE-cbv,,,KLE073+1.p,intuitionistic,auto,1,false,,5,0,3,provable,proved,,ok,two-sided,ILL,19,1,0.034,48,16,14,20,0,0,2048,0.000,0.000,auto,30
lltp,ILL/KLE-cbv,,,KLE074+1.p,intuitionistic,auto,1,false,,5,0,3,provable,unknown,copy_bound,,two-sided,ILL,221,8,0.176,463,188,174,306,0,0,2048,0.000,0.000,auto,30
lltp,ILL/KLE-cbv,,,KLE075+1.p,intuitionistic,auto,1,false,,5,0,3,provable,unknown,copy_bound,,two-sided,ILL,78,4,0.099,249,115,83,228,0,0,2048,0.000,0.000,auto,30
lltp,ILL/KLE-cbv,,,KLE076+1.p,intuitionistic,auto,1,false,,5,0,3,provable,unknown,copy_bound,,two-sided,ILL,25,1,0.037,65,24,18,40,0,0,2048,0.000,0.000,auto,30
lltp,ILL/KLE-cbv,,,KLE077+1.p,intuitionistic,auto,1,false,,5,0,3,provable,proved,,ok,two-sided,ILL,16,2,0.027,21,2,10,4,0,0,2048,0.000,0.000,auto,30
lltp,ILL/KLE-cbv,,,KLE078+1.p,intuitionistic,auto,1,false,,5,0,3,provable,unknown,copy_bound,,two-sided,ILL,22,2,0.031,40,11,12,22,0,0,2048,0.000,0.000,auto,30
lltp,ILL/KLE-cbv,,,KLE079+1.p,intuitionistic,auto,1,false,,5,0,3,provable,proved,,ok,two-sided,ILL,22,2,0.039,50,16,15,23,0,0,2048,0.000,0.000,auto,30
lltp,ILL/KLE-cbv,,,KLE080+1.p,intuitionistic,auto,1,false,,5,0,3,provable,proved,,ok,two-sided,ILL,19,1,0.036,56,18,16,16,0,0,2048,0.000,0.000,auto,30
lltp,ILL/KLE-cbv,,,KLE081+1.p,intuitionistic,auto,1,false,,5,0,3,provable,proved,,ok,two-sided,ILL,19,1,0.033,45,11,16,20,0,0,2048,0.000,0.000,auto,30
lltp,ILL/KLE-cbv,,,KLE082+1.p,intuitionistic,auto,1,false,,5,0,3,provable,unknown,copy_bound,,two-sided,ILL,25,1,0.038,55,16,18,28,0,0,2048,0.000,0.000,auto,30
lltp,ILL/KLE-cbv,,,KLE083+1.p,intuitionistic,auto,1,false,,5,0,3,provable,unknown,copy_bound,,two-sided,ILL,211,8,0.086,185,87,57,190,0,0,2048,0.000,0.000,auto,30
lltp,ILL/KLE-cbv,,,KLE084+1.p,intuitionistic,auto,1,false,,5,0,3,provable,unknown,copy_bound,,two-sided,ILL,225,8,0.107,230,81,94,168,0,0,2048,0.000,0.000,auto,30
lltp,ILL/KLE-cbv,,,KLE085+1.p,intuitionistic,auto,1,false,,5,0,3,unprovable,unprovable,,,two-sided,ILL,33,2,0.015,7,1,4,2,0,0,2048,0.000,0.000,auto,30
lltp,ILL/KLE-cbv,,,KLE086+1.p,intuitionistic,auto,1,false,,5,0,3,provable,unknown,copy_bound,,two-sided,ILL,42,2,0.039,57,27,14,32,0,0,2048,0.000,0.000,auto,30
lltp,ILL/KLE-cbv,,,KLE087+1.p,intuitionistic,auto,1,false,,5,0,3,provable,proved,,ok,two-sided,ILL,21,2,0.026,16,0,9,3,0,0,2048,0.000,0.000,auto,30
lltp,ILL/KLE-cbv,,,KLE088+1.p,intuitionistic,auto,1,false,,5,0,3,provable,unknown,copy_bound,,two-sided,ILL,40,2,0.038,54,22,16,33,0,0,2048,0.000,0.000,auto,30
lltp,ILL/Non-theorems,,,ofcourse.p,intuitionistic,auto,1,false,,5,0,3,unprovable,unknown,copy_bound,,two-sided,IMELL,28,5,0.032,26,3,11,29,0,0,2048,0.000,0.000,auto,30
lltp,ILL/misc,,,ofcourse_contr.p,intuitionistic,auto,1,false,,5,0,3,provable,proved,,ok,two-sided,IMELL,41,8,0.072,34,16,13,64,0,0,2048,0.000,0.011,auto,30
lltp,ILL/misc,,,ofcourse_id.p,intuitionistic,auto,1,false,,5,0,3,provable,proved,,ok,two-sided,IMELL,27,5,0.023,8,0,6,8,0,0,2048,0.000,0.000,auto,30
lltp,ILL/misc,,,ofcourse_weak.p,intuitionistic,auto,1,false,,5,0,3,provable,proved,,ok,two-sided,IMELL,15,3,0.016,4,0,3,2,0,0,2048,0.000,0.000,auto,30
lltp,ILL/petri-nets/MCC,,,ARMCacheCoherence_1_1.p,intuitionistic,auto,1,false,,5,0,3,provable,proved,,ok,two-sided,IMELL,493894,14998,41.003,6,0,3,5589,0,0,2048,40.000,0.097,auto,30
lltp,ILL/petri-nets/MCC,,,ARMCacheCoherence_20_1.p,intuitionistic,auto,1,false,,5,0,3,provable,unknown,timeout,,two-sided,IMELL,493894,14998,5178.903,451,0,445,2561616,0,0,2048,5160.000,87.859,auto,30
lltp,ILL/petri-nets/MCC,,,ARMCacheCoherence_50_1.p,intuitionistic,auto,1,false,,5,0,3,provable,unknown,timeout,,two-sided,IMELL,493894,14998,5061.369,147456,137129,10319,378362,0,0,2048,5050.000,533.244,auto,30
lltp,ILL/petri-nets/MCC,,,ARMCacheCoherence_5_1.p,intuitionistic,auto,1,false,,5,0,3,provable,unknown,timeout,,two-sided,IMELL,493894,14998,5031.030,163304,156008,7288,415303,0,0,2048,5030.000,469.508,auto,30
lltp,ILL/petri-nets/MCC,,,AirplaneLD-pt-0010_10_1.p,intuitionistic,auto,1,false,,5,0,3,provable,unknown,timeout,,two-sided,IMELL,808,25,5000.345,48,0,46,369808057,0,0,2048,4980.000,815.987,auto,30
lltp,ILL/petri-nets/MCC,,,AirplaneLD-pt-0010_1_1.p,intuitionistic,auto,1,false,,5,0,3,provable,proved,,ok,two-sided,IMELL,816,25,0.143,3,0,2,53,0,0,2048,0.000,0.017,auto,30
lltp,ILL/petri-nets/MCC,,,AirplaneLD-pt-0010_20_1.p,intuitionistic,auto,1,false,,5,0,3,provable,unknown,timeout,,two-sided,IMELL,812,25,5002.413,47,0,45,300914911,0,0,2048,4980.000,819.094,auto,30
lltp,ILL/petri-nets/MCC,,,AirplaneLD-pt-0010_5_1.p,intuitionistic,auto,1,false,,5,0,3,provable,unknown,timeout,,two-sided,IMELL,816,25,5005.576,47,0,45,337415195,0,0,2048,4980.000,932.990,auto,30
lltp,ILL/petri-nets/MCC,,,AirplaneLD-pt-0020_10_1.p,intuitionistic,auto,1,false,,5,0,3,provable,unknown,timeout,,two-sided,IMELL,1538,50,5004.664,88,0,86,366774372,0,0,2048,4990.000,1005.579,auto,30
lltp,ILL/petri-nets/MCC,,,AirplaneLD-pt-0020_1_1.p,intuitionistic,auto,1,false,,5,0,3,provable,proved,,ok,two-sided,IMELL,1546,50,0.215,3,0,2,83,0,0,2048,0.000,0.021,auto,30
lltp,ILL/petri-nets/MCC,,,AirplaneLD-pt-0020_20_1.p,intuitionistic,auto,1,false,,5,0,3,provable,unknown,timeout,,two-sided,IMELL,1542,50,5005.392,87,0,85,265673105,0,0,2048,4980.000,795.098,auto,30
lltp,ILL/petri-nets/MCC,,,AirplaneLD-pt-0020_5_1.p,intuitionistic,auto,1,false,,5,0,3,provable,unknown,timeout,,two-sided,IMELL,1546,50,5003.123,87,0,85,321406062,0,0,2048,4980.000,906.407,auto,30
lltp,ILL/petri-nets/MCC,,,AirplaneLD-pt-0050_1_1.p,intuitionistic,auto,1,false,,5,0,3,provable,proved,,ok,two-sided,IMELL,3736,125,0.399,3,0,2,173,0,0,2048,0.000,0.017,auto,30
lltp,ILL/petri-nets/MCC,,,AirplaneLD-pt-0050_20_1.p,intuitionistic,auto,1,false,,5,0,3,provable,unknown,timeout,,two-sided,IMELL,3732,125,5005.106,207,0,205,178858925,0,0,2048,4990.000,654.255,auto,30
lltp,ILL/petri-nets/MCC,,,AirplaneLD-pt-0050_5_1.p,intuitionistic,auto,1,false,,5,0,3,provable,unknown,timeout,,two-sided,IMELL,3736,125,5005.264,207,0,205,295611998,0,0,2048,4990.000,496.474,auto,30
lltp,ILL/petri-nets/MCC,,,AirplaneLD-pt-0100_1_1.p,intuitionistic,auto,1,false,,5,0,3,provable,proved,,ok,two-sided,IMELL,7386,250,0.946,3,0,2,323,0,0,2048,0.000,0.043,auto,30
lltp,ILL/petri-nets/MCC,,,AirplaneLD-pt-0100_20_1.p,intuitionistic,auto,1,false,,5,0,3,provable,unknown,timeout,,two-sided,IMELL,7382,250,5012.392,407,0,405,118224788,0,0,2048,5000.000,511.461,auto,30
lltp,ILL/petri-nets/MCC,,,AirplaneLD-pt-0100_5_1.p,intuitionistic,auto,1,false,,5,0,3,provable,unknown,timeout,,two-sided,IMELL,7386,250,5003.192,407,0,405,298656303,0,0,2048,4990.000,454.197,auto,30
lltp,ILL/petri-nets/MCC,,,AirplaneLD-pt-0200_1_1.p,intuitionistic,auto,1,false,,5,0,3,provable,proved,,ok,two-sided,IMELL,14686,500,3.356,4,0,2,11950,0,0,2048,0.000,0.611,auto,30
lltp,ILL/petri-nets/MCC,,,AirplaneLD-pt-0200_20_1.p,intuitionistic,auto,1,false,,5,0,3,provable,unknown,timeout,,two-sided,IMELL,14682,500,5024.845,807,0,805,71722749,0,0,2048,5010.000,565.702,auto,30
lltp,ILL/petri-nets/MCC,,,AirplaneLD-pt-0200_5_1.p,intuitionistic,auto,1,false,,5,0,3,provable,unknown,timeout,,two-sided,IMELL,14686,500,5003.218,807,0,805,199090673,0,0,2048,5000.000,789.324,auto,30
lltp,ILL/petri-nets/MCC,,,AirplaneLD-pt-0500_1_1.p,intuitionistic,auto,1,false,,5,0,3,provable,proved,,ok,two-sided,IMELL,36586,1250,14.615,4,0,2,12439,0,0,2048,20.000,0.034,auto,30
lltp,ILL/petri-nets/MCC,,,AirplaneLD-pt-0500_20_1.p,intuitionistic,auto,1,false,,5,0,3,provable,unknown,timeout,,two-sided,IMELL,36582,1250,5023.168,2007,0,2005,38796608,0,0,2048,5010.000,537.690,auto,30
lltp,ILL/petri-nets/MCC,,,AirplaneLD-pt-0500_5_1.p,intuitionistic,auto,1,false,,5,0,3,provable,unknown,timeout,,two-sided,IMELL,36586,1250,5009.169,2007,0,2005,137072120,0,0,2048,4990.000,1229.117,auto,30
lltp,ILL/petri-nets/MCC,,,AirplaneLD-pt-1000_1_1.p,intuitionistic,auto,1,false,,5,0,3,provable,proved,,ok,two-sided,IMELL,73086,2500,48.025,4,0,2,13671,0,0,2048,40.000,0.364,auto,30
lltp,ILL/petri-nets/MCC,,,AirplaneLD-pt-1000_20_1.p,intuitionistic,auto,1,false,,5,0,3,provable,unknown,timeout,,two-sided,IMELL,73082,2500,5041.623,4007,0,4005,16686704,0,0,2048,5020.000,385.003,auto,30
lltp,ILL/petri-nets/MCC,,,AirplaneLD-pt-1000_5_1.p,intuitionistic,auto,1,false,,5,0,3,provable,unknown,timeout,,two-sided,IMELL,73086,2500,5017.646,4007,0,4005,73996191,0,0,2048,5010.000,619.804,auto,30
lltp,ILL/petri-nets/MCC,,,AirplaneLD-pt-2000_1_1.p,intuitionistic,auto,1,false,,5,0,3,provable,proved,,ok,two-sided,IMELL,146086,5000,179.665,4,0,2,15200,0,0,2048,180.000,1.814,auto,30
lltp,ILL/petri-nets/MCC,,,AirplaneLD-pt-2000_20_1.p,intuitionistic,auto,1,false,,5,0,3,provable,unknown,timeout,,two-sided,IMELL,146082,5000,5112.690,1920,0,1917,5904833,0,0,2048,5100.000,190.658,auto,30
lltp,ILL/petri-nets/MCC,,,AirplaneLD-pt-2000_5_1.p,intuitionistic,auto,1,false,,5,0,3,provable,unknown,timeout,,two-sided,IMELL,146086,5000,5008.800,6998,0,6995,20787980,0,0,2048,5010.000,439.886,auto,30
lltp,ILL/petri-nets/MCC,,,AirplaneLD-pt-4000_1_1.p,intuitionistic,auto,1,false,,5,0,,,unknown,crash (signal: 6 (SIGABRT) (core dumped)): note: run with `RUST_BACKTRACE=1` environment variable to display a backtrace,,,,,,5120.762,,,,,,,,,,auto,30
lltp,ILL/petri-nets/MCC,,,AirplaneLD-pt-4000_20_1.p,intuitionistic,auto,1,false,,5,0,3,provable,unknown,timeout,,two-sided,IMELL,292082,10000,5259.216,448,0,445,2748744,0,0,2048,5250.000,95.735,auto,30
lltp,ILL/petri-nets/MCC,,,AirplaneLD-pt-4000_5_1.p,intuitionistic,auto,1,false,,5,0,3,provable,unknown,timeout,,two-sided,IMELL,292086,10000,5044.166,1504,0,1501,8910938,0,0,2048,5030.000,271.823,auto,30
lltp,ILL/petri-nets/MCC,,,Angiogenesis_angiogenesis-01_100_1.p,intuitionistic,auto,1,false,,5,0,3,provable,proved,,ok,two-sided,IMELL,396,10,0.549,259,102,64,6141,0,0,2048,0.000,0.016,auto,30
lltp,ILL/petri-nets/MCC,,,Angiogenesis_angiogenesis-01_10_1.p,intuitionistic,auto,1,false,,5,0,3,provable,proved,,ok,two-sided,IMELL,396,10,0.542,259,102,64,6141,0,0,2048,0.000,0.012,auto,30
lltp,ILL/petri-nets/MCC,,,Angiogenesis_angiogenesis-01_1_1.p,intuitionistic,auto,1,false,,5,0,3,provable,proved,,ok,two-sided,IMELL,398,10,0.093,3,0,2,18,0,0,2048,0.000,0.010,auto,30
lltp,ILL/petri-nets/MCC,,,Angiogenesis_angiogenesis-01_20_1.p,intuitionistic,auto,1,false,,5,0,3,provable,proved,,ok,two-sided,IMELL,396,10,0.534,259,102,64,6141,0,0,2048,0.000,0.010,auto,30
lltp,ILL/petri-nets/MCC,,,Angiogenesis_angiogenesis-01_50_1.p,intuitionistic,auto,1,false,,5,0,3,provable,proved,,ok,two-sided,IMELL,396,10,0.543,259,102,64,6141,0,0,2048,0.000,0.012,auto,30
lltp,ILL/petri-nets/MCC,,,Angiogenesis_angiogenesis-01_5_1.p,intuitionistic,auto,1,false,,5,0,3,provable,proved,,ok,two-sided,IMELL,396,10,0.319,126,40,41,2879,0,0,2048,0.000,0.012,auto,30
lltp,ILL/petri-nets/MCC,,,Angiogenesis_angiogenesis-05_10_1.p,intuitionistic,auto,1,false,,5,0,3,provable,proved,,ok,two-sided,IMELL,518,14,212.190,43066,28354,8159,9066636,0,0,2048,210.000,45.942,auto,30
lltp,ILL/petri-nets/MCC,,,Angiogenesis_angiogenesis-05_1_1.p,intuitionistic,auto,1,false,,5,0,3,provable,proved,,ok,two-sided,IMELL,526,14,0.113,3,0,2,82,0,0,2048,0.000,0.015,auto,30
lltp,ILL/petri-nets/MCC,,,Angiogenesis_angiogenesis-05_20_1.p,intuitionistic,auto,1,false,,5,0,3,provable,unknown,timeout,,two-sided,IMELL,514,14,5014.752,1103411,794917,164740,212004069,0,0,2048,4990.000,976.100,auto,30
lltp,ILL/petri-nets/MCC,,,Angiogenesis_angiogenesis-05_50_1.p,intuitionistic,auto,1,false,,5,0,3,provable,unknown,timeout,,two-sided,IMELL,500,14,5011.348,868192,619012,136163,280946918,0,0,2048,4990.000,743.744,auto,30
lltp,ILL/petri-nets/MCC,,,Angiogenesis_angiogenesis-05_5_1.p,intuitionistic,auto,1,false,,5,0,3,provable,proved,,ok,two-sided,IMELL,518,14,0.913,321,134,119,6583,0,0,2048,0.000,0.016,auto,30
lltp,ILL/petri-nets/MCC,,,Angiogenesis_angiogenesis-10_100_1.p,intuitionistic,auto,1,false,,5,0,3,provable,unknown,timeout,,two-sided,IMELL,636,19,5015.244,911985,653835,143093,222366794,0,0,2048,5000.000,1134.884,auto,30
lltp,ILL/petri-nets/MCC,,,Angiogenesis_angiogenesis-10_10_1.p,intuitionistic,auto,1,false,,5,0,3,provable,proved,,ok,two-sided,IMELL,668,19,373.298,45186,29763,8678,11688684,0,0,2048,370.000,25.898,auto,30
lltp,ILL/petri-nets/MCC,,,Angiogenesis_angiogenesis-10_1_1.p,intuitionistic,auto,1,false,,5,0,3,provable,proved,,ok,two-sided,IMELL,686,19,0.146,3,0,2,162,0,0,2048,0.000,0.018,auto,30
lltp,ILL/petri-nets/MCC,,,Angiogenesis_angiogenesis-10_20_1.p,intuitionistic,auto,1,false,,5,0,3,provable,unknown,timeout,,two-sided,IMELL,668,19,5008.507,705970,503397,111359,162646959,0,0,2048,4990.000,446.062,auto,30
lltp,ILL/petri-nets/MCC,,,Angiogenesis_angiogenesis-10_50_1.p,intuitionistic,auto,1,false,,5,0,3,provable,unknown,timeout,,two-sided,IMELL,638,19,5010.215,708962,505138,113006,163585316,0,0,2048,4990.000,461.335,auto,30
lltp,ILL/petri-nets/MCC,,,Angiogenesis_angiogenesis-10_5_1.p,intuitionistic,auto,1,false,,5,0,3,provable,proved,,ok,two-sided,IMELL,678,19,3.532,322,134,119,139226,0,0,2048,0.000,0.019,auto,30
lltp,ILL/petri-nets/MCC,,,Angiogenesis_angiogenesis-15_100_1.p,intuitionistic,auto,1,false,,5,0,3,provable,unknown,timeout,,two-sided,IMELL,768,24,5009.891,510658,360691,83859,137910101,0,0,2048,4990.000,613.620,auto,30
lltp,ILL/petri-nets/MCC,,,Angiogenesis_angiogenesis-15_10_1.p,intuitionistic,auto,1,false,,5,0,3,provable,proved,,ok,two-sided,IMELL,828,24,509.762,45186,29763,8678,14983115,0,0,2048,500.000,58.998,auto,30
lltp,ILL/petri-nets/MCC,,,Angiogenesis_angiogenesis-15_1_1.p,intuitionistic,auto,1,false,,5,0,3,provable,proved,,ok,two-sided,IMELL,846,24,0.156,3,0,2,242,0,0,2048,0.000,0.017,auto,30
lltp,ILL/petri-nets/MCC,,,Angiogenesis_angiogenesis-15_20_1.p,intuitionistic,auto,1,false,,5,0,3,provable,unknown,timeout,,two-sided,IMELL,818,24,5006.812,492580,349356,78663,136519209,0,0,2048,4990.000,675.011,auto,30
lltp,ILL/petri-nets/MCC,,,Angiogenesis_angiogenesis-15_50_1.p,intuitionistic,auto,1,false,,5,0,3,provable,unknown,timeout,,two-sided,IMELL,778,24,5008.303,414417,290927,69456,110179824,0,0,2048,4990.000,462.174,auto,30
lltp,ILL/petri-nets/MCC,,,Angiogenesis_angiogenesis-15_5_1.p,intuitionistic,auto,1,false,,5,0,3,provable,proved,,ok,two-sided,IMELL,838,24,4.387,322,134,119,142004,0,0,2048,0.000,0.019,auto,30
lltp,ILL/petri-nets/MCC,,,Angiogenesis_angiogenesis-20_100_1.p,intuitionistic,auto,1,false,,5,0,3,provable,unknown,timeout,,two-sided,IMELL,908,29,5005.144,363440,255381,60475,106462587,0,0,2048,4990.000,649.363,auto,30
lltp,ILL/petri-nets/MCC,,,Angiogenesis_angiogenesis-20_10_1.p,intuitionistic,auto,1,false,,5,0,3,provable,proved,,ok,two-sided,IMELL,988,29,658.649,45186,29763,8678,18224138,0,0,2048,650.000,112.134,auto,30
lltp,ILL/petri-nets/MCC,,,Angiogenesis_angiogenesis-20_1_1.p,intuitionistic,auto,1,false,,5,0,3,provable,proved,,ok,two-sided,IMELL,1006,29,0.190,3,0,2,322,0,0,2048,0.000,0.021,auto,30
lltp,ILL/petri-nets/MCC,,,Angiogenesis_angiogenesis-20_20_1.p,intuitionistic,auto,1,false,,5,0,3,provable,unknown,timeout,,two-sided,IMELL,968,29,5011.048,353488,248077,58364,110742857,0,0,2048,4990.000,682.960,auto,30
lltp,ILL/petri-nets/MCC,,,Angiogenesis_angiogenesis-20_50_1.p,intuitionistic,auto,1,false,,5,0,3,provable,unknown,timeout,,two-sided,IMELL,922,29,5006.681,365591,256837,60792,107279708,0,0,2048,4990.000,708.946,auto,30
lltp,ILL/petri-nets/MCC,,,Angiogenesis_angiogenesis-20_5_1.p,intuitionistic,auto,1,false,,5,0,3,provable,proved,,ok,two-sided,IMELL,998,29,5.244,322,134,119,144781,0,0,2048,0.000,0.005,auto,30
lltp,ILL/petri-nets/MCC,,,Angiogenesis_angiogenesis-25_100_1.p,intuitionistic,auto,1,false,,5,0,3,provable,unknown,timeout,,two-sided,IMELL,1042,34,5010.218,377112,264533,63004,87504009,0,0,2048,4990.000,371.054,auto,30
lltp,ILL/petri-nets/MCC,,,Angiogenesis_angiogenesis-25_10_1.p,intuitionistic,auto,1,false,,5,0,3,provable,proved,,ok,two-sided,IMELL,1148,34,702.932,45186,29763,8678,16851116,0,0,2048,700.000,39.053,auto,30
lltp,ILL/petri-nets/MCC,,,Angiogenesis_angiogenesis-25_1_1.p,intuitionistic,auto,1,false,,5,0,3,provable,proved,,ok,two-sided,IMELL,1166,34,0.198,3,0,2,402,0,0,2048,0.000,0.019,auto,30
lltp,ILL/petri-nets/MCC,,,Angiogenesis_angiogenesis-25_20_1.p,intuitionistic,auto,1,false,,5,0,3,provable,unknown,timeout,,two-sided,IMELL,1128,34,5012.214,362538,254754,59663,98132783,0,0,2048,5000.000,255.750,auto,30
lltp,ILL/petri-nets/MCC,,,Angiogenesis_angiogenesis-25_50_1.p,intuitionistic,auto,1,false,,5,0,3,provable,unknown,timeout,,two-sided,IMELL,1068,34,5012.701,383660,269388,63805,89035947,0,0,2048,5000.000,484.374,auto,30
lltp,ILL/petri-nets/MCC,,,Angiogenesis_angiogenesis-25_5_1.p,intuitionistic,auto,1,false,,5,0,3,provable,proved,,ok,two-sided,IMELL,1158,34,5.331,322,134,119,115302,0,0,2048,0.000,0.006,auto,30
lltp,ILL/petri-nets/MCC,,,Angiogenesis_angiogenesis-50_100_1.p,intuitionistic,auto,1,false,,5,0,3,provable,unknown,timeout,,two-sided,IMELL,1768,59,5008.147,232450,160952,40037,59855765,0,0,2048,4990.000,899.858,auto,30
lltp,ILL/petri-nets/MCC,,,Angiogenesis_angiogenesis-50_10_1.p,intuitionistic,auto,1,false,,5,0,3,provable,proved,,ok,two-sided,IMELL,1948,59,1360.313,45186,29763,8678,24559524,0,0,2048,1350.000,197.141,auto,30
lltp,ILL/petri-nets/MCC,,,Angiogenesis_angiogenesis-50_1_1.p,intuitionistic,auto,1,false,,5,0,3,provable,proved,,ok,two-sided,IMELL,1966,59,0.268,3,0,2,802,0,0,2048,0.000,0.017,auto,30
lltp,ILL/petri-nets/MCC,,,Angiogenesis_angiogenesis-50_20_1.p,intuitionistic,auto,1,false,,5,0,3,provable,unknown,timeout,,two-sided,IMELL,1928,59,5007.070,195447,135290,33510,76170942,0,0,2048,4990.000,337.822,auto,30
lltp,ILL/petri-nets/MCC,,,Angiogenesis_angiogenesis-50_50_1.p,intuitionistic,auto,1,false,,5,0,3,provable,unknown,timeout,,two-sided,IMELL,1868,59,5006.358,209664,144565,36763,83998544,0,0,2048,4990.000,393.777,auto,30
lltp,ILL/petri-nets/MCC,,,Angiogenesis_angiogenesis-50_5_1.p,intuitionistic,auto,1,false,,5,0,3,provable,proved,,ok,two-sided,IMELL,1958,59,14.125,322,134,119,284298,0,0,2048,10.000,0.021,auto,30
lltp,ILL/petri-nets/MCC,,,AutoFlight_afcs_01_a_100_1.p,intuitionistic,auto,1,false,,5,0,3,provable,proved,,ok,two-sided,IMELL,218,5,0.134,49,12,22,364,0,0,2048,0.000,0.012,auto,30
lltp,ILL/petri-nets/MCC,,,AutoFlight_afcs_01_a_10_1.p,intuitionistic,auto,1,false,,5,0,3,provable,proved,,ok,two-sided,IMELL,218,5,1.031,1138,577,163,11744,0,0,2048,0.000,0.013,auto,30
lltp,ILL/petri-nets/MCC,,,AutoFlight_afcs_01_a_1_1.p,intuitionistic,auto,1,false,,5,0,3,provable,proved,,ok,two-sided,IMELL,218,5,0.078,3,0,2,11,0,0,2048,0.000,0.011,auto,30
lltp,ILL/petri-nets/MCC,,,AutoFlight_afcs_01_a_20_1.p,intuitionistic,auto,1,false,,5,0,3,provable,proved,,ok,two-sided,IMELL,218,5,0.162,49,12,22,364,0,0,2048,0.000,0.013,auto,30
lltp,ILL/petri-nets/MCC,,,AutoFlight_afcs_01_a_50_1.p,intuitionistic,auto,1,false,,5,0,3,provable,proved,,ok,two-sided,IMELL,218,5,1.032,1138,577,163,11744,0,0,2048,0.000,0.012,auto,30
lltp,ILL/petri-nets/MCC,,,AutoFlight_afcs_01_a_5_1.p,intuitionistic,auto,1,false,,5,0,3,provable,proved,,ok,two-sided,IMELL,218,5,0.185,121,47,37,1002,0,0,2048,0.000,0.011,auto,30
lltp,ILL/petri-nets/MCC,,,AutoFlight_afcs_01_b_100_1.p,intuitionistic,auto,1,false,,5,0,3,provable,unknown,timeout,,two-sided,IMELL,546,4,5021.804,27527073,27053843,278991,84733546,0,0,2048,5010.000,2.989,auto,30
lltp,ILL/petri-nets/MCC,,,AutoFlight_afcs_01_b_10_1.p,intuitionistic,auto,1,false,,5,0,3,provable,proved,,ok,two-sided,IMELL,536,4,106.190,355484,338083,10968,2090138,0,0,2048,100.000,0.456,auto,30
lltp,ILL/petri-nets/MCC,,,AutoFlight_afcs_01_b_1_1.p,intuitionistic,auto,1,false,,5,0,3,provable,proved,,ok,two-sided,IMELL,530,4,0.113,2,0,1,1,0,0,2048,0.000,0.003,auto,30
lltp,ILL/petri-nets/MCC,,,AutoFlight_afcs_01_b_20_1.p,intuitionistic,auto,1,false,,5,0,3,provable,unknown,timeout,,two-sided,IMELL,540,4,5015.653,21787074,21397181,227192,99100562,0,0,2048,5000.000,3.705,auto,30
lltp,ILL/petri-nets/MCC,,,AutoFlight_afcs_01_b_50_1.p,intuitionistic,auto,1,false,,5,0,3,provable,unknown,timeout,,two-sided,IMELL,546,4,5021.459,25254592,24806311,263896,98840063,0,0,2048,5000.000,2.957,auto,30
lltp,ILL/petri-nets/MCC,,,AutoFlight_afcs_01_b_5_1.p,intuitionistic,auto,1,false,,5,0,3,provable,proved,,ok,two-sided,IMELL,536,4,0.733,726,594,54,9920,0,0,2048,0.000,0.027,auto,30
lltp,ILL/petri-nets/MCC,,,AutoFlight_afcs_02_a_100_1.p,intuitionistic,auto,1,false,,5,0,3,provable,proved,,ok,two-sided,IMELL,390,5,111.213,129859,49419,66106,1044489,0,0,2048,100.000,23.052,auto,30
lltp,ILL/petri-nets/MCC,,,AutoFlight_afcs_02_a_10_1.p,intuitionistic,auto,1,false,,5,0,3,provable,unknown,timeout,,two-sided,IMELL,390,5,5093.130,6203100,5008161,1103512,239378819,0,0,2048,5070.000,905.145,auto,30
lltp,ILL/petri-nets/MCC,,,AutoFlight_afcs_02_a_1_1.p,intuitionistic,auto,1,false,,5,0,3,provable,proved,,ok,two-sided,IMELL,390,5,0.100,3,0,2,17,0,0,2048,0.000,0.013,auto,30
lltp,ILL/petri-nets/MCC,,,AutoFlight_afcs_02_a_20_1.p,intuitionistic,auto,1,false,,5,0,3,provable,proved,,ok,two-sided,IMELL,390,5,7.113,8443,3251,4241,93821,0,0,2048,0.000,0.493,auto,30
lltp,ILL/petri-nets/MCC,,,AutoFlight_afcs_02_a_50_1.p,intuitionistic,auto,1,false,,5,0,3,provable,proved,,ok,two-sided,IMELL,390,5,63.784,75941,28123,39417,627121,0,0,2048,50.000,13.585,auto,30
lltp,ILL/petri-nets/MCC,,,AutoFlight_afcs_02_a_5_1.p,intuitionistic,auto,1,false,,5,0,3,provable,proved,,ok,two-sided,IMELL,390,5,281.249,183666,67,183552,12554999,0,0,2048,270.000,42.378,auto,30
lltp,ILL/petri-nets/MCC,,,AutoFlight_afcs_02_b_100_1.p,intuitionistic,auto,1,false,,5,0,3,provable,unknown,timeout,,two-sided,IMELL,986,5,5035.182,24703713,24377569,205694,83024989,0,0,2048,5010.000,6.473,auto,30
lltp,ILL/petri-nets/MCC,,,AutoFlight_afcs_02_b_10_1.p,intuitionistic,auto,1,false,,5,0,3,provable,proved,,ok,two-sided,IMELL,968,5,314.451,1030903,1001412,18653,6099792,0,0,2048,300.000,2.222,auto,30
lltp,ILL/petri-nets/MCC,,,AutoFlight_afcs_02_b_1_1.p,intuitionistic,auto,1,false,,5,0,3,provable,proved,,ok,two-sided,IMELL,958,4,0.169,2,0,1,1,0,0,2048,0.000,0.022,auto,30
lltp,ILL/petri-nets/MCC,,,AutoFlight_afcs_02_b_20_1.p,intuitionistic,auto,1,false,,5,0,3,provable,unknown,timeout,,two-sided,IMELL,974,5,5029.210,20083958,19801440,175337,101477591,0,0,2048,5010.000,3.548,auto,30
lltp,ILL/petri-nets/MCC,,,AutoFlight_afcs_02_b_50_1.p,intuitionistic,auto,1,false,,5,0,3,provable,unknown,timeout,,two-sided,IMELL,976,5,5033.738,22977565,22667823,194549,96850419,0,0,2048,5020.000,4.211,auto,30
lltp,ILL/petri-nets/MCC,,,AutoFlight_afcs_02_b_5_1.p,intuitionistic,auto,1,false,,5,0,3,provable,proved,,ok,two-sided,IMELL,964,5,4.597,8296,7802,217,71572,0,0,2048,0.000,1.159,auto,30
lltp,ILL/petri-nets/MCC,,,AutoFlight_afcs_03_a_100_1.p,intuitionistic,auto,1,false,,5,0,3,provable,proved,,ok,two-sided,IMELL,562,6,4730.167,3013699,1650986,1049640,126904976,0,0,2048,4710.000,844.551,auto,30
lltp,ILL/petri-nets/MCC,,,AutoFlight_afcs_03_a_10_1.p,intuitionistic,auto,1,false,,5,0,3,provable,unknown,timeout,,two-sided,IMELL,562,6,5109.430,1968996,26,1048625,238817712,0,0,2048,5090.000,1040.537,auto,30
lltp,ILL/petri-nets/MCC,,,AutoFlight_afcs_03_a_1_1.p,intuitionistic,auto,1,false,,5,0,3,provable,proved,,ok,two-sided,IMELL,562,6,0.137,3,0,2,23,0,0,2048,0.000,0.018,auto,30
lltp,ILL/petri-nets/MCC,,,AutoFlight_afcs_03_a_20_1.p,intuitionistic,auto,1,false,,5,0,3,provable,proved,,ok,two-sided,IMELL,562,6,4716.132,3013699,1650986,1049640,126904976,0,0,2048,4690.000,830.666,auto,30
lltp,ILL/petri-nets/MCC,,,AutoFlight_afcs_03_a_50_1.p,intuitionistic,auto,1,false,,5,0,3,provable,proved,,ok,two-sided,IMELL,562,6,140.783,151057,66065,72450,991937,0,0,2048,130.000,25.759,auto,30
lltp,ILL/petri-nets/MCC,,,AutoFlight_afcs_03_a_5_1.p,intuitionistic,auto,1,false,,5,0,3,provable,unknown,timeout,,two-sided,IMELL,562,6,5012.906,2138936,15,1048615,218519862,0,0,2048,4990.000,1020.302,auto,30
lltp,ILL/petri-nets/MCC,,,AutoFlight_afcs_03_b_100_1.p,intuitionistic,auto,1,false,,5,0,3,provable,unknown,timeout,,two-sided,IMELL,1426,6,5030.263,20768123,20518990,167855,84931827,0,0,2048,5010.000,6.236,auto,30
lltp,ILL/petri-nets/MCC,,,AutoFlight_afcs_03_b_10_1.p,intuitionistic,auto,1,false,,5,0,3,provable,proved,,ok,two-sided,IMELL,1400,6,847.927,2763443,2711277,34055,15035310,0,0,2048,840.000,0.984,auto,30
lltp,ILL/petri-nets/MCC,,,AutoFlight_afcs_03_b_1_1.p,intuitionistic,auto,1,false,,5,0,3,provable,proved,,ok,two-sided,IMELL,1386,5,0.187,2,0,1,1,0,0,2048,0.000,0.019,auto,30
lltp,ILL/petri-nets/MCC,,,AutoFlight_afcs_03_b_20_1.p,intuitionistic,auto,1,false,,5,0,3,provable,unknown,timeout,,two-sided,IMELL,1402,6,5028.860,18928686,18692846,163930,89970457,0,0,2048,5010.000,6.357,auto,30
lltp,ILL/petri-nets/MCC,,,AutoFlight_afcs_03_b_50_1.p,intuitionistic,auto,1,false,,5,0,3,provable,unknown,timeout,,two-sided,IMELL,1398,6,5027.690,20872825,20623565,167831,89167298,0,0,2048,5010.000,4.257,auto,30
lltp,ILL/petri-nets/MCC,,,AutoFlight_afcs_03_b_5_1.p,intuitionistic,auto,1,false,,5,0,3,provable,proved,,ok,two-sided,IMELL,1392,6,9.671,17428,16712,316,149374,0,0,2048,10.000,2.509,auto,30
lltp,ILL/petri-nets/MCC,,,AutoFlight_afcs_04_a_10_1.p,intuitionistic,auto,1,false,,5,0,3,provable,unknown,timeout,,two-sided,IMELL,734,7,5005.565,44,0,38,394552500,0,0,2048,4990.000,780.294,auto,30
lltp,ILL/petri-nets/MCC,,,AutoFlight_afcs_04_a_1_1.p,intuitionistic,auto,1,false,,5,0,3,provable,proved,,ok,two-sided,IMELL,734,7,0.141,3,0,2,29,0,0,2048,0.000,0.017,auto,30
lltp,ILL/petri-nets/MCC,,,AutoFlight_afcs_04_a_20_1.p,intuitionistic,auto,1,false,,5,0,3,provable,unknown,timeout,,two-sided,IMELL,734,7,5079.190,1867558,1,1048594,239665052,0,0,2048,5060.000,966.869,auto,30
lltp,ILL/petri-nets/MCC,,,AutoFlight_afcs_04_a_5_1.p,intuitionistic,auto,1,false,,5,0,3,provable,unknown,timeout,,two-sided,IMELL,734,7,5003.081,41,0,35,395369639,0,0,2048,4990.000,717.382,auto,30
lltp,ILL/petri-nets/MCC,,,AutoFlight_afcs_04_b_100_1.p,intuitionistic,auto,1,false,,5,0,3,provable,unknown,timeout,,two-sided,IMELL,1852,7,5025.947,19156792,18956672,131810,85119834,0,0,2048,5010.000,8.524,auto,30
lltp,ILL/petri-nets/MCC,,,AutoFlight_afcs_04_b_10_1.p,intuitionistic,auto,1,false,,5,0,3,provable,proved,,ok,two-sided,IMELL,1826,7,1496.392,4580437,4513288,43960,24740701,0,0,2048,1480.000,4.625,auto,30
lltp,ILL/petri-nets/MCC,,,AutoFlight_afcs_04_b_1_1.p,intuitionistic,auto,1,false,,5,0,3,provable,proved,,ok,two-sided,IMELL,1814,6,0.201,2,0,1,1,0,0,2048,0.000,0.020,auto,30
lltp,ILL/petri-nets/MCC,,,AutoFlight_afcs_04_b_20_1.p,intuitionistic,auto,1,false,,5,0,3,provable,unknown,timeout,,two-sided,IMELL,1834,7,5022.284,17047052,16873827,115073,82243190,0,0,2048,5000.000,7.271,auto,30
lltp,ILL/petri-nets/MCC,,,AutoFlight_afcs_04_b_50_1.p,intuitionistic,auto,1,false,,5,0,3,provable,unknown,timeout,,two-sided,IMELL,1830,6,5025.027,18737004,18543757,128356,86269378,0,0,2048,5010.000,4.599,auto,30
lltp,ILL/petri-nets/MCC,,,AutoFlight_afcs_04_b_5_1.p,intuitionistic,auto,1,false,,5,0,3,provable,proved,,ok,two-sided,IMELL,1820,7,17.393,31544,30597,410,263277,0,0,2048,10.000,0.931,auto,30
lltp,ILL/petri-nets/MCC,,,AutoFlight_afcs_05_a_10_1.p,intuitionistic,auto,1,false,,5,0,3,provable,unknown,timeout,,two-sided,IMELL,906,8,5001.664,22,0,17,374329377,0,0,2048,4980.000,842.594,auto,30
lltp,ILL/petri-nets/MCC,,,AutoFlight_afcs_05_a_1_1.p,intuitionistic,auto,1,false,,5,0,3,provable,proved,,ok,two-sided,IMELL,906,8,0.154,3,0,2,35,0,0,2048,0.000,0.022,auto,30
lltp,ILL/petri-nets/MCC,,,AutoFlight_afcs_05_a_20_1.p,intuitionistic,auto,1,false,,5,0,3,provable,unknown,timeout,,two-sided,IMELL,906,8,5001.833,64,0,57,379533663,0,0,2048,4980.000,810.803,auto,30
lltp,ILL/petri-nets/MCC,,,AutoFlight_afcs_05_a_50_1.p,intuitionistic,auto,1,false,,5,0,3,provable,unknown,timeout,,two-sided,IMELL,906,8,5010.649,1235436,1004736,133791,253450506,0,0,2048,4990.000,862.637,auto,30
lltp,ILL/petri-nets/MCC,,,AutoFlight_afcs_05_a_5_1.p,intuitionistic,auto,1,false,,5,0,3,provable,unknown,timeout,,two-sided,IMELL,906,8,5004.659,18,0,13,381426630,0,0,2048,4990.000,843.381,auto,30
lltp,ILL/petri-nets/MCC,,,AutoFlight_afcs_05_b_100_1.p,intuitionistic,auto,1,false,,5,0,3,provable,unknown,timeout,,two-sided,IMELL,2270,8,5022.749,17397770,17235371,110502,77664821,0,0,2048,5000.000,8.328,auto,30
lltp,ILL/petri-nets/MCC,,,AutoFlight_afcs_05_b_10_1.p,intuitionistic,auto,1,false,,5,0,3,provable,proved,,ok,two-sided,IMELL,2252,8,2445.786,7076818,6993261,54622,38021296,0,0,2048,2430.000,6.437,auto,30
lltp,ILL/petri-nets/MCC,,,AutoFlight_afcs_05_b_1_1.p,intuitionistic,auto,1,false,,5,0,3,provable,proved,,ok,two-sided,IMELL,2242,7,0.220,2,0,1,1,0,0,2048,0.000,0.018,auto,30
lltp,ILL/petri-nets/MCC,,,AutoFlight_afcs_05_b_20_1.p,intuitionistic,auto,1,false,,5,0,3,provable,unknown,timeout,,two-sided,IMELL,2262,8,5019.438,15811398,15656045,107625,77681670,0,0,2048,5000.000,6.370,auto,30
lltp,ILL/petri-nets/MCC,,,AutoFlight_afcs_05_b_50_1.p,intuitionistic,auto,1,false,,5,0,3,provable,unknown,timeout,,two-sided,IMELL,2262,7,5018.973,16797876,16639270,108041,81232316,0,0,2048,5000.000,7.470,auto,30
lltp,ILL/petri-nets/MCC,,,AutoFlight_afcs_05_b_5_1.p,intuitionistic,auto,1,false,,5,0,3,provable,proved,,ok,two-sided,IMELL,2248,8,29.128,47755,46588,507,399578,0,0,2048,30.000,6.085,auto,30
lltp,ILL/petri-nets/MCC,,,AutoFlight_afcs_06_a_100_1.p,intuitionistic,auto,1,false,,5,0,3,provable,unknown,timeout,,two-sided,IMELL,1078,9,5123.712,1455021,0,1048603,205608575,0,0,2048,5100.000,1023.927,auto,30
lltp,ILL/petri-nets/MCC,,,AutoFlight_afcs_06_a_10_1.p,intuitionistic,auto,1,false,,5,0,3,provable,unknown,timeout,,two-sided,IMELL,1078,9,5005.730,66,0,59,370003250,0,0,2048,4990.000,881.497,auto,30
lltp,ILL/petri-nets/MCC,,,AutoFlight_afcs_06_a_1_1.p,intuitionistic,auto,1,false,,5,0,3,provable,proved,,ok,two-sided,IMELL,1078,9,0.166,3,0,2,41,0,0,2048,0.000,0.020,auto,30
lltp,ILL/petri-nets/MCC,,,AutoFlight_afcs_06_a_20_1.p,intuitionistic,auto,1,false,,5,0,3,provable,unknown,timeout,,two-sided,IMELL,1078,9,5170.669,1631587,1,1048594,220920879,0,0,2048,5150.000,1062.149,auto,30
lltp,ILL/petri-nets/MCC,,,AutoFlight_afcs_06_a_50_1.p,intuitionistic,auto,1,false,,5,0,3,provable,unknown,timeout,,two-sided,IMELL,1078,9,5140.279,1522118,1,1048603,206669100,0,0,2048,5120.000,1002.161,auto,30
lltp,ILL/petri-nets/MCC,,,AutoFlight_afcs_06_a_5_1.p,intuitionistic,auto,1,false,,5,0,3,provable,unknown,timeout,,two-sided,IMELL,1078,9,5004.614,20,0,15,374359684,0,0,2048,4980.000,725.210,auto,30
lltp,ILL/petri-nets/MCC,,,AutoFlight_afcs_06_b_100_1.p,intuitionistic,auto,1,false,,5,0,3,provable,unknown,timeout,,two-sided,IMELL,2694,8,5021.036,16673584,16518310,108200,76864848,0,0,2048,5000.000,12.967,auto,30
lltp,ILL/petri-nets/MCC,,,AutoFlight_afcs_06_b_10_1.p,intuitionistic,auto,1,false,,5,0,3,provable,proved,,ok,two-sided,IMELL,2682,9,3454.884,10134963,10034843,65442,54221442,0,0,2048,3440.000,8.459,auto,30
lltp,ILL/petri-nets/MCC,,,AutoFlight_afcs_06_b_1_1.p,intuitionistic,auto,1,false,,5,0,3,provable,proved,,ok,two-sided,IMELL,2670,8,0.249,2,0,1,1,0,0,2048,0.000,0.019,auto,30
lltp,ILL/petri-nets/MCC,,,AutoFlight_afcs_06_b_20_1.p,intuitionistic,auto,1,false,,5,0,3,provable,unknown,timeout,,two-sided,IMELL,2686,9,5019.429,15651564,15504847,101871,79293529,0,0,2048,5000.000,11.633,auto,30
lltp,ILL/petri-nets/MCC,,,AutoFlight_afcs_06_b_50_1.p,intuitionistic,auto,1,false,,5,0,3,provable,unknown,timeout,,two-sided,IMELL,2692,8,5018.488,16366166,16210899,107944,82025002,0,0,2048,5000.000,8.714,auto,30
lltp,ILL/petri-nets/MCC,,,AutoFlight_afcs_06_b_5_1.p,intuitionistic,auto,1,false,,5,0,3,provable,proved,,ok,two-sided,IMELL,2676,9,39.665,67321,65932,606,564252,0,0,2048,40.000,7.849,auto,30
lltp,ILL/petri-nets/MCC,,,AutoFlight_afcs_12_a_100_1.p,intuitionistic,auto,1,false,,5,0,3,provable,unknown,timeout,,two-sided,IMELL,2110,15,5000.846,46,0,41,367066521,0,0,2048,4980.000,802.658,auto,30
lltp,ILL/petri-nets/MCC,,,AutoFlight_afcs_12_a_1_1.p,intuitionistic,auto,1,false,,5,0,3,provable,proved,,ok,two-sided,IMELL,2110,15,0.212,3,0,2,77,0,0,2048,0.000,0.019,auto,30
lltp,ILL/petri-nets/MCC,,,AutoFlight_afcs_12_a_20_1.p,intuitionistic,auto,1,false,,5,0,3,provable,unknown,timeout,,two-sided,IMELL,2110,15,5004.809,40,0,35,344300339,0,0,2048,4980.000,579.437,auto,30
lltp,ILL/petri-nets/MCC,,,AutoFlight_afcs_12_a_50_1.p,intuitionistic,auto,1,false,,5,0,3,provable,unknown,timeout,,two-sided,IMELL,2110,15,5003.914,40,0,35,368252497,0,0,2048,4990.000,793.104,auto,30
lltp,ILL/petri-nets/MCC,,,AutoFlight_afcs_12_a_5_1.p,intuitionistic,auto,1,false,,5,0,3,provable,unknown,timeout,,two-sided,IMELL,2110,15,5004.942,98,0,91,363547173,0,0,2048,4980.000,773.241,auto,30
lltp,ILL/petri-nets/MCC,,,AutoFlight_afcs_12_b_100_1.p,intuitionistic,auto,1,false,,5,0,3,provable,unknown,timeout,,two-sided,IMELL,5266,15,5011.255,11160317,11065806,67840,63976399,0,0,2048,4990.000,24.040,auto,30
lltp,ILL/petri-nets/MCC,,,AutoFlight_afcs_12_b_10_1.p,intuitionistic,auto,1,false,,5,0,3,provable,unknown,timeout,,two-sided,IMELL,5252,15,5007.171,9968499,9894948,49197,59216110,0,0,2048,4990.000,36.032,auto,30
lltp,ILL/petri-nets/MCC,,,AutoFlight_afcs_12_b_1_1.p,intuitionistic,auto,1,false,,5,0,3,provable,proved,,ok,two-sided,IMELL,5238,14,0.393,2,0,1,1,0,0,2048,0.000,0.015,auto,30
lltp,ILL/petri-nets/MCC,,,AutoFlight_afcs_12_b_20_1.p,intuitionistic,auto,1,false,,5,0,3,provable,unknown,timeout,,two-sided,IMELL,5260,15,5007.212,9855620,9782328,49063,58677651,0,0,2048,4990.000,35.453,auto,30
lltp,ILL/petri-nets/MCC,,,AutoFlight_afcs_12_b_50_1.p,intuitionistic,auto,1,false,,5,0,3,provable,unknown,timeout,,two-sided,IMELL,5254,15,5009.685,11076029,10989732,59690,65280686,0,0,2048,5000.000,33.013,auto,30
lltp,ILL/petri-nets/MCC,,,AutoFlight_afcs_12_b_5_1.p,intuitionistic,auto,1,false,,5,0,3,provable,proved,,ok,two-sided,IMELL,5244,15,180.395,250530,247832,1191,2125187,0,0,2048,180.000,25.725,auto,30
lltp,ILL/petri-nets/MCC,,,AutoFlight_afcs_24_a_100_1.p,intuitionistic,auto,1,false,,5,0,3,provable,unknown,timeout,,two-sided,IMELL,4174,27,5275.163,773891,1,773883,186385389,0,0,2048,5260.000,1220.933,auto,30
lltp,ILL/petri-nets/MCC,,,AutoFlight_afcs_24_a_1_1.p,intuitionistic,auto,1,false,,5,0,3,provable,proved,,ok,two-sided,IMELL,4174,27,0.311,3,0,2,149,0,0,2048,0.000,0.020,auto,30
lltp,ILL/petri-nets/MCC,,,AutoFlight_afcs_24_a_20_1.p,intuitionistic,auto,1,false,,5,0,3,provable,unknown,timeout,,two-sided,IMELL,4174,27,5278.652,783614,1,783606,188763893,0,0,2048,5260.000,1179.230,auto,30
lltp,ILL/petri-nets/MCC,,,AutoFlight_afcs_24_a_50_1.p,intuitionistic,auto,1,false,,5,0,3,provable,unknown,timeout,,two-sided,IMELL,4174,27,5280.844,788996,1,788988,190046476,0,0,2048,5260.000,1166.483,auto,30
lltp,ILL/petri-nets/MCC,,,AutoFlight_afcs_24_a_5_1.p,intuitionistic,auto,1,false,,5,0,3,provable,unknown,timeout,,two-sided,IMELL,4174,27,5001.076,38,0,33,349730696,0,0,2048,4980.000,690.299,auto,30
lltp,ILL/petri-nets/MCC,,,AutoFlight_afcs_24_b_100_1.p,intuitionistic,auto,1,false,,5,0,3,provable,unknown,timeout,,two-sided,IMELL,10428,27,5006.947,5655458,5621562,22040,41433763,0,0,2048,4990.000,176.310,auto,30
lltp,ILL/petri-nets/MCC,,,AutoFlight_afcs_24_b_10_1.p,intuitionistic,auto,1,false,,5,0,3,provable,unknown,timeout,,two-sided,IMELL,10384,27,5007.069,5248473,5216112,21174,38924128,0,0,2048,4990.000,183.536,auto,30
lltp,ILL/petri-nets/MCC,,,AutoFlight_afcs_24_b_1_1.p,intuitionistic,auto,1,false,,5,0,3,provable,proved,,ok,two-sided,IMELL,10374,26,0.773,2,0,1,1,0,0,2048,0.000,0.033,auto,30
lltp,ILL/petri-nets/MCC,,,AutoFlight_afcs_24_b_20_1.p,intuitionistic,auto,1,false,,5,0,3,provable,unknown,timeout,,two-sided,IMELL,10384,27,5006.823,5270025,5237625,21170,39095997,0,0,2048,4990.000,188.900,auto,30
lltp,ILL/petri-nets/MCC,,,AutoFlight_afcs_24_b_50_1.p,intuitionistic,auto,1,false,,5,0,3,provable,unknown,timeout,,two-sided,IMELL,10428,27,5006.545,5639277,5605441,22010,41316561,0,0,2048,4990.000,172.308,auto,30
lltp,ILL/petri-nets/MCC,,,AutoFlight_afcs_24_b_5_1.p,intuitionistic,auto,1,false,,5,0,3,provable,proved,,ok,two-sided,IMELL,10380,27,1123.098,993048,987657,2394,8376285,0,0,2048,1120.000,181.705,auto,30
lltp,ILL/petri-nets/MCC,,,AutoFlight_afcs_48_a_100_1.p,intuitionistic,auto,1,false,,5,0,3,provable,unknown,timeout,,two-sided,IMELL,7430,53,5001.004,139,0,134,284241227,0,0,2048,4980.000,559.731,auto,30
lltp,ILL/petri-nets/MCC,,,AutoFlight_afcs_48_a_1_1.p,intuitionistic,auto,1,false,,5,0,3,provable,proved,,ok,two-sided,IMELL,7430,53,0.508,3,0,2,259,0,0,2048,0.000,0.017,auto,30
lltp,ILL/petri-nets/MCC,,,AutoFlight_afcs_48_a_20_1.p,intuitionistic,auto,1,false,,5,0,3,provable,unknown,timeout,,two-sided,IMELL,7430,53,5231.380,553010,1,553002,130728537,0,0,2048,5210.000,797.890,auto,30
lltp,ILL/petri-nets/MCC,,,AutoFlight_afcs_48_a_50_1.p,intuitionistic,auto,1,false,,5,0,3,provable,unknown,timeout,,two-sided,IMELL,7430,53,5229.493,560045,1,560037,129526141,0,0,2048,5210.000,825.114,auto,30
lltp,ILL/petri-nets/MCC,,,AutoFlight_afcs_48_a_5_1.p,intuitionistic,auto,1,false,,5,0,3,provable,unknown,timeout,,two-sided,IMELL,7430,53,5001.797,63,0,58,288236542,0,0,2048,4980.000,580.682,auto,30
lltp,ILL/petri-nets/MCC,,,AutoFlight_afcs_48_b_100_1.p,intuitionistic,auto,1,false,,5,0,3,provable,unknown,timeout,,two-sided,IMELL,18316,53,5001.957,3185968,3173746,6723,27287801,0,0,2048,4990.000,676.709,auto,30
lltp,ILL/petri-nets/MCC,,,AutoFlight_afcs_48_b_10_1.p,intuitionistic,auto,1,false,,5,0,3,provable,unknown,timeout,,two-sided,IMELL,18218,53,5002.165,2964603,2952298,6697,27602756,0,0,2048,4980.000,649.858,auto,30
lltp,ILL/petri-nets/MCC,,,AutoFlight_afcs_48_b_1_1.p,intuitionistic,auto,1,false,,5,0,3,provable,proved,,ok,two-sided,IMELL,18210,52,1.372,2,0,1,1,0,0,2048,10.000,0.019,auto,30
lltp,ILL/petri-nets/MCC,,,AutoFlight_afcs_48_b_20_1.p,intuitionistic,auto,1,false,,5,0,3,provable,unknown,timeout,,two-sided,IMELL,18246,53,5002.167,3141094,3128500,6757,28786098,0,0,2048,4980.000,639.732,auto,30
lltp,ILL/petri-nets/MCC,,,AutoFlight_afcs_48_b_50_1.p,intuitionistic,auto,1,false,,5,0,3,provable,unknown,timeout,,two-sided,IMELL,18306,53,5002.377,3176625,3164330,6762,27440199,0,0,2048,4980.000,678.123,auto,30
lltp,ILL/petri-nets/MCC,,,AutoFlight_afcs_48_b_5_1.p,intuitionistic,auto,1,false,,5,0,3,provable,proved,,ok,two-sided,IMELL,18214,52,4287.042,2543602,2535088,3710,23378137,0,0,2048,4280.000,670.947,auto,30
lltp,ILL/petri-nets/MCC,,,AutoFlight_afcs_96_a_100_1.p,intuitionistic,auto,1,false,,5,0,3,provable,unknown,timeout,,two-sided,IMELL,14854,105,5119.156,246499,1,246491,104706107,0,0,2048,5100.000,1414.655,auto,30
lltp,ILL/petri-nets/MCC,,,AutoFlight_afcs_96_a_1_1.p,intuitionistic,auto,1,false,,5,0,3,provable,proved,,ok,two-sided,IMELL,14854,105,1.000,3,0,2,515,0,0,2048,0.000,0.018,auto,30
lltp,ILL/petri-nets/MCC,,,AutoFlight_afcs_96_a_20_1.p,intuitionistic,auto,1,false,,5,0,3,provable,unknown,timeout,,two-sided,IMELL,14854,105,5131.148,249926,1,249918,106279721,0,0,2048,5110.000,1418.577,auto,30
lltp,ILL/petri-nets/MCC,,,AutoFlight_afcs_96_a_50_1.p,intuitionistic,auto,1,false,,5,0,3,provable,unknown,timeout,,two-sided,IMELL,14854,105,5118.154,248855,1,248847,105786047,0,0,2048,5100.000,1415.529,auto,30
lltp,ILL/petri-nets/MCC,,,AutoFlight_afcs_96_a_5_1.p,intuitionistic,auto,1,false,,5,0,3,provable,unknown,timeout,,two-sided,IMELL,14854,105,5109.665,232287,1,232279,98785637,0,0,2048,5100.000,1211.519,auto,30
lltp,ILL/petri-nets/MCC,,,AutoFlight_afcs_96_b_100_1.p,intuitionistic,auto,1,false,,5,0,3,provable,unknown,timeout,,two-sided,IMELL,36582,105,5004.686,1760263,1753195,5074,17518397,0,0,2048,4990.000,718.401,auto,30
lltp,ILL/petri-nets/MCC,,,AutoFlight_afcs_96_b_10_1.p,intuitionistic,auto,1,false,,5,0,3,provable,unknown,timeout,,two-sided,IMELL,36410,105,5004.619,1676613,1669820,4846,17267707,0,0,2048,4990.000,746.072,auto,30
lltp,ILL/petri-nets/MCC,,,AutoFlight_afcs_96_b_1_1.p,intuitionistic,auto,1,false,,5,0,3,provable,proved,,ok,two-sided,IMELL,36402,104,2.872,2,0,1,1,0,0,2048,10.000,0.051,auto,30
lltp,ILL/petri-nets/MCC,,,AutoFlight_afcs_96_b_20_1.p,intuitionistic,auto,1,false,,5,0,3,provable,unknown,timeout,,two-sided,IMELL,36422,105,5004.864,1730002,1723175,4834,17730071,0,0,2048,4990.000,713.108,auto,30
lltp,ILL/petri-nets/MCC,,,AutoFlight_afcs_96_b_50_1.p,intuitionistic,auto,1,false,,5,0,3,provable,unknown,timeout,,two-sided,IMELL,36482,105,5004.621,1664856,1657999,4924,17009408,0,0,2048,4990.000,745.248,auto,30
lltp,ILL/petri-nets/MCC,,,AutoFlight_afcs_96_b_5_1.p,intuitionistic,auto,1,false,,5,0,3,provable,unknown,timeout,,two-sided,IMELL,36408,105,5004.788,1592541,1585835,4823,16589186,0,0,2048,5000.000,807.393,auto,30
lltp,ILL/petri-nets/MCC,,,BART-002-unf_1_1.p,intuitionistic,auto,1,false,,5,0,3,provable,proved,,ok,two-sided,IMELL,29342,391,2.498,3,0,2,835,0,0,2048,0.000,0.048,auto,30
lltp,ILL/petri-nets/MCC,,,BART-002-unf_20_1.p,intuitionistic,auto,1,false,,5,0,3,provable,proved,,ok,two-sided,IMELL,29342,391,171.822,3141,1296,1769,2673788,0,0,2048,170.000,42.319,auto,30
lltp,ILL/petri-nets/MCC,,,BART-002-unf_5_1.p,intuitionistic,auto,1,false,,5,0,3,provable,proved,,ok,two-sided,IMELL,29342,391,331.816,3183,1333,1770,2918926,0,0,2048,320.000,44.358,auto,30
lltp,ILL/petri-nets/MCC,,,BART-005-unf_1_1.p,intuitionistic,auto,1,false,,5,0,3,provable,proved,,ok,two-sided,IMELL,71726,976,6.737,4,0,2,9313,0,0,2048,10.000,0.069,auto,30
lltp,ILL/petri-nets/MCC,,,BART-005-unf_20_1.p,intuitionistic,auto,1,false,,5,0,3,provable,unknown,timeout,,two-sided,IMELL,71726,976,5029.708,63783,29370,33915,35868882,0,0,2048,5010.000,669.936,auto,30
lltp,ILL/petri-nets/MCC,,,BART-005-unf_50_1.p,intuitionistic,auto,1,false,,5,0,3,provable,unknown,timeout,,two-sided,IMELL,71726,976,5028.808,69615,30684,38383,56261525,0,0,2048,5010.000,750.891,auto,30
lltp,ILL/petri-nets/MCC,,,BART-005-unf_5_1.p,intuitionistic,auto,1,false,,5,0,3,provable,unknown,timeout,,two-sided,IMELL,71726,976,5033.355,63838,29377,33962,35921901,0,0,2048,5030.000,680.446,auto,30
lltp,ILL/petri-nets/MCC,,,BART-010-unf_100_1.p,intuitionistic,auto,1,false,,5,0,3,provable,unknown,timeout,,two-sided,IMELL,142366,1951,5039.933,16563,828,15683,37198339,0,0,2048,5030.000,481.784,auto,30
lltp,ILL/petri-nets/MCC,,,BART-010-unf_1_1.p,intuitionistic,auto,1,false,,5,0,3,provable,proved,,ok,two-sided,IMELL,142366,1951,13.378,4,0,2,4507,0,0,2048,20.000,1.136,auto,30
lltp,ILL/petri-nets/MCC,,,BART-010-unf_20_1.p,intuitionistic,auto,1,false,,5,0,3,provable,unknown,timeout,,two-sided,IMELL,142366,1951,5041.643,17881,990,16835,27513265,0,0,2048,5030.000,374.640,auto,30
lltp,ILL/petri-nets/MCC,,,BART-010-unf_50_1.p,intuitionistic,auto,1,false,,5,0,3,provable,unknown,timeout,,two-sided,IMELL,142366,1951,5036.305,18100,1035,17008,35587381,0,0,2048,5030.000,381.672,auto,30
lltp,ILL/petri-nets/MCC,,,BART-010-unf_5_1.p,intuitionistic,auto,1,false,,5,0,3,provable,unknown,timeout,,two-sided,IMELL,142366,1951,5042.912,18179,1035,17087,27946088,0,0,2048,5030.000,354.905,auto,30
lltp,ILL/petri-nets/MCC,,,BART-020-unf_100_1.p,intuitionistic,auto,1,false,,5,0,3,provable,unknown,timeout,,two-sided,IMELL,283646,3901,5045.117,5035,0,5024,15601730,0,0,2048,5040.000,490.189,auto,30
lltp,ILL/petri-nets/MCC,,,BART-020-unf_1_1.p,intuitionistic,auto,1,false,,5,0,3,provable,proved,,ok,two-sided,IMELL,283646,3901,28.974,4,0,2,4453,0,0,2048,30.000,2.774,auto,30
lltp,ILL/petri-nets/MCC,,,BART-020-unf_20_1.p,intuitionistic,auto,1,false,,5,0,3,provable,unknown,timeout,,two-sided,IMELL,283646,3901,5040.000,8150,0,8135,17248853,0,0,2048,5030.000,466.849,auto,30
lltp,ILL/petri-nets/MCC,,,BART-020-unf_50_1.p,intuitionistic,auto,1,false,,5,0,3,provable,unknown,timeout,,two-sided,IMELL,283646,3901,5041.831,8278,0,8263,17515904,0,0,2048,5030.000,451.972,auto,30
lltp,ILL/petri-nets/MCC,,,BART-020-unf_5_1.p,intuitionistic,auto,1,false,,5,0,3,provable,unknown,timeout,,two-sided,IMELL,283646,3901,5033.186,8235,0,8220,17466020,0,0,2048,5030.000,441.820,auto,30
lltp,ILL/petri-nets/MCC,,,BART-030-unf_100_1.p,intuitionistic,auto,1,false,,5,0,3,provable,unknown,timeout,,two-sided,IMELL,424926,5851,5044.355,3299,3,3289,13761634,0,0,2048,5040.000,412.939,auto,30
lltp,ILL/petri-nets/MCC,,,BART-030-unf_1_1.p,intuitionistic,auto,1,false,,5,0,3,provable,proved,,ok,two-sided,IMELL,424926,5851,44.548,4,0,2,8589,0,0,2048,40.000,0.105,auto,30
lltp,ILL/petri-nets/MCC,,,BART-030-unf_20_1.p,intuitionistic,auto,1,false,,5,0,3,provable,unknown,timeout,,two-sided,IMELL,424926,5851,5048.475,3299,3,3289,13786861,0,0,2048,5040.000,413.963,auto,30
lltp,ILL/petri-nets/MCC,,,BART-030-unf_50_1.p,intuitionistic,auto,1,false,,5,0,3,provable,unknown,timeout,,two-sided,IMELL,424926,5851,5038.578,3299,3,3289,13761637,0,0,2048,5030.000,418.736,auto,30
lltp,ILL/petri-nets/MCC,,,BART-030-unf_5_1.p,intuitionistic,auto,1,false,,5,0,3,provable,unknown,timeout,,two-sided,IMELL,424926,5851,5021.102,3299,3,3289,13798236,0,0,2048,5010.000,425.744,auto,30
lltp,ILL/petri-nets/MCC,,,BART-040-unf_100_1.p,intuitionistic,auto,1,false,,5,0,3,provable,unknown,timeout,,two-sided,IMELL,566206,7801,5072.717,2369,0,2364,9862562,0,0,2048,5060.000,532.280,auto,30
lltp,ILL/petri-nets/MCC,,,BART-040-unf_1_1.p,intuitionistic,auto,1,false,,5,0,,,unknown,crash (signal: 6 (SIGABRT) (core dumped)): note: run with `RUST_BACKTRACE=1` environment variable to display a backtrace,,,,,,4352.036,,,,,,,,,,auto,30
lltp,ILL/petri-nets/MCC,,,BART-040-unf_20_1.p,intuitionistic,auto,1,false,,5,0,3,provable,unknown,timeout,,two-sided,IMELL,566206,7801,5034.535,2337,0,2332,9765005,0,0,2048,5030.000,524.983,auto,30
lltp,ILL/petri-nets/MCC,,,BART-040-unf_50_1.p,intuitionistic,auto,1,false,,5,0,3,provable,unknown,timeout,,two-sided,IMELL,566206,7801,5082.586,2369,0,2364,9862564,0,0,2048,5070.000,548.428,auto,30
lltp,ILL/petri-nets/MCC,,,BART-040-unf_5_1.p,intuitionistic,auto,1,false,,5,0,3,provable,unknown,timeout,,two-sided,IMELL,566206,7801,5032.459,2305,0,2300,9641778,0,0,2048,5020.000,562.698,auto,30
lltp,ILL/petri-nets/MCC,,,BART-050-unf_100_1.p,intuitionistic,auto,1,false,,5,0,3,provable,unknown,timeout,,two-sided,IMELL,707486,9751,5075.832,1793,0,1790,7377631,0,0,2048,5060.000,527.042,auto,30
lltp,ILL/petri-nets/MCC,,,BART-050-unf_1_1.p,intuitionistic,auto,1,false,,5,0,,,unknown,crash (signal: 6 (SIGABRT) (core dumped)): note: run with `RUST_BACKTRACE=1` environment variable to display a backtrace,,,,,,4589.157,,,,,,,,,,auto,30
lltp,ILL/petri-nets/MCC,,,BART-050-unf_20_1.p,intuitionistic,auto,1,false,,5,0,3,provable,unknown,timeout,,two-sided,IMELL,707486,9751,5031.239,1793,0,1790,7414832,0,0,2048,5020.000,513.379,auto,30
lltp,ILL/petri-nets/MCC,,,BART-050-unf_50_1.p,intuitionistic,auto,1,false,,5,0,3,provable,unknown,timeout,,two-sided,IMELL,707486,9751,5024.137,1793,0,1790,7377632,0,0,2048,5020.000,533.969,auto,30
lltp,ILL/petri-nets/MCC,,,BART-050-unf_5_1.p,intuitionistic,auto,1,false,,5,0,3,provable,unknown,timeout,,two-sided,IMELL,707486,9751,5115.891,1793,0,1790,7421342,0,0,2048,5100.000,564.486,auto,30
lltp,ILL/petri-nets/MCC,,,BART-060-unf_100_1.p,intuitionistic,auto,1,false,,5,0,3,provable,unknown,timeout,,two-sided,IMELL,848766,11701,5017.956,1345,0,1342,5565018,0,0,2048,5010.000,500.975,auto,30
lltp,ILL/petri-nets/MCC,,,BART-060-unf_1_1.p,intuitionistic,auto,1,false,,5,0,,,unknown,crash (signal: 6 (SIGABRT) (core dumped)): note: run with `RUST_BACKTRACE=1` environment variable to display a backtrace,,,,,,4877.716,,,,,,,,,,auto,30
lltp,ILL/petri-nets/MCC,,,BART-060-unf_20_1.p,intuitionistic,auto,1,false,,5,0,3,provable,unknown,timeout,,two-sided,IMELL,848766,11701,5018.637,1345,0,1342,5600470,0,0,2048,5000.000,480.137,auto,30
lltp,ILL/petri-nets/MCC,,,BART-060-unf_50_1.p,intuitionistic,auto,1,false,,5,0,3,provable,unknown,timeout,,two-sided,IMELL,848766,11701,5031.005,1345,0,1342,5577199,0,0,2048,5010.000,500.096,auto,30
lltp,ILL/petri-nets/MCC,,,BART-060-unf_5_1.p,intuitionistic,auto,1,false,,5,0,3,provable,unknown,timeout,,two-sided,IMELL,848766,11701,5036.248,1345,0,1342,5604619,0,0,2048,5020.000,490.650,auto,30
lltp,ILL/petri-nets/MCC,,,BridgeAndVehicles-V04-P05-N02-unfolded_10_1.p,intuitionistic,auto,1,false,,5,0,3,provable,proved,,ok,two-sided,IMELL,748,27,8.217,8944,6216,1911,149486,0,0,2048,0.000,0.891,auto,30
lltp,ILL/petri-nets/MCC,,,BridgeAndVehicles-V04-P05-N02-unfolded_1_1.p,intuitionistic,auto,1,false,,5,0,3,provable,proved,,ok,two-sided,IMELL,750,27,0.104,3,0,2,34,0,0,2048,0.000,0.011,auto,30
lltp,ILL/petri-nets/MCC,,,BridgeAndVehicles-V04-P05-N02-unfolded_20_1.p,intuitionistic,auto,1,false,,5,0,3,provable,proved,,ok,two-sided,IMELL,748,27,234.205,237500,213584,5884,6321570,0,0,2048,230.000,41.399,auto,30
lltp,ILL/petri-nets/MCC,,,BridgeAndVehicles-V04-P05-N02-unfolded_50_1.p,intuitionistic,auto,1,false,,5,0,3,provable,unknown,timeout,,two-sided,IMELL,750,27,5001.220,228841,129684,9636,203496044,0,0,2048,4980.000,162.797,auto,30
lltp,ILL/petri-nets/MCC,,,BridgeAndVehicles-V04-P05-N02-unfolded_5_1.p,intuitionistic,auto,1,false,,5,0,3,provable,proved,,ok,two-sided,IMELL,748,27,0.358,105,31,37,1988,0,0,2048,0.000,0.019,auto,30
lltp,ILL/petri-nets/MCC,,,BridgeAndVehicles-V10-P10-N10-unfolded_100_1.p,intuitionistic,auto,1,false,,5,0,3,provable,unknown,timeout,,two-sided,IMELL,4384,223,5007.917,190938,106237,31658,100112174,0,0,2048,4990.000,814.039,auto,30
lltp,ILL/petri-nets/MCC,,,BridgeAndVehicles-V10-P10-N10-unfolded_10_1.p,intuitionistic,auto,1,false,,5,0,3,provable,proved,,ok,two-sided,IMELL,4384,223,88.847,3049,1400,714,1817103,0,0,2048,80.000,16.779,auto,30
lltp,ILL/petri-nets/MCC,,,BridgeAndVehicles-V10-P10-N10-unfolded_1_1.p,intuitionistic,auto,1,false,,5,0,3,provable,proved,,ok,two-sided,IMELL,4386,223,0.267,3,0,2,278,0,0,2048,0.000,0.016,auto,30
lltp,ILL/petri-nets/MCC,,,BridgeAndVehicles-V10-P10-N10-unfolded_20_1.p,intuitionistic,auto,1,false,,5,0,3,provable,unknown,timeout,,two-sided,IMELL,4386,223,5007.169,2168606,2070054,36615,33324739,0,0,2048,4990.000,778.876,auto,30
lltp,ILL/petri-nets/MCC,,,BridgeAndVehicles-V10-P10-N10-unfolded_50_1.p,intuitionistic,auto,1,false,,5,0,3,provable,unknown,timeout,,two-sided,IMELL,4386,223,5008.205,206328,115628,33590,53921290,0,0,2048,4990.000,861.333,auto,30
lltp,ILL/petri-nets/MCC,,,BridgeAndVehicles-V10-P10-N10-unfolded_5_1.p,intuitionistic,auto,1,false,,5,0,3,provable,proved,,ok,two-sided,IMELL,4386,223,3.261,107,31,38,65567,0,0,2048,0.000,0.012,auto,30
lltp,ILL/petri-nets/MCC,,,BridgeAndVehicles-V20-P10-N10-unfolded_100_1.p,intuitionistic,auto,1,false,,5,0,3,provable,unknown,timeout,,two-sided,IMELL,8420,443,5015.267,1286428,1205397,57313,25859941,0,0,2048,4990.000,634.842,auto,30
lltp,ILL/petri-nets/MCC,,,BridgeAndVehicles-V20-P10-N10-unfolded_10_1.p,intuitionistic,auto,1,false,,5,0,3,provable,proved,,ok,two-sided,IMELL,8426,443,193.420,75319,73603,779,862462,0,0,2048,190.000,24.154,auto,30
lltp,ILL/petri-nets/MCC,,,BridgeAndVehicles-V20-P10-N10-unfolded_1_1.p,intuitionistic,auto,1,false,,5,0,3,provable,proved,,ok,two-sided,IMELL,8426,443,0.491,3,0,2,169,0,0,2048,0.000,0.055,auto,30
lltp,ILL/petri-nets/MCC,,,BridgeAndVehicles-V20-P10-N10-unfolded_20_1.p,intuitionistic,auto,1,false,,5,0,3,provable,unknown,timeout,,two-sided,IMELL,8426,443,5004.836,633552,597818,13789,21012637,0,0,2048,4990.000,740.942,auto,30
lltp,ILL/petri-nets/MCC,,,BridgeAndVehicles-V20-P10-N10-unfolded_50_1.p,intuitionistic,auto,1,false,,5,0,3,provable,unknown,timeout,,two-sided,IMELL,8424,443,5003.487,1908427,1869121,15439,21872310,0,0,2048,4980.000,597.752,auto,30
lltp,ILL/petri-nets/MCC,,,BridgeAndVehicles-V20-P10-N10-unfolded_5_1.p,intuitionistic,auto,1,false,,5,0,3,provable,proved,,ok,two-sided,IMELL,8426,443,6.514,2402,2308,55,26605,0,0,2048,0.000,1.235,auto,30
lltp,ILL/petri-nets/MCC,,,BridgeAndVehicles-V20-P10-N20-unfolded_100_1.p,intuitionistic,auto,1,false,,5,0,3,provable,unknown,timeout,,two-sided,IMELL,14984,843,5017.770,290929,229917,48312,25294195,0,0,2048,5000.000,435.981,auto,30
lltp,ILL/petri-nets/MCC,,,BridgeAndVehicles-V20-P10-N20-unfolded_10_1.p,intuitionistic,auto,1,false,,5,0,3,provable,proved,,ok,two-sided,IMELL,14986,843,432.143,3034,1396,707,3849394,0,0,2048,430.000,58.115,auto,30
lltp,ILL/petri-nets/MCC,,,BridgeAndVehicles-V20-P10-N20-unfolded_1_1.p,intuitionistic,auto,1,false,,5,0,3,provable,proved,,ok,two-sided,IMELL,14986,843,0.876,3,0,2,333,0,0,2048,0.000,0.018,auto,30
lltp,ILL/petri-nets/MCC,,,BridgeAndVehicles-V20-P10-N20-unfolded_20_1.p,intuitionistic,auto,1,false,,5,0,3,provable,unknown,timeout,,two-sided,IMELL,14986,843,5007.747,36431,19226,6741,42615900,0,0,2048,4990.000,655.482,auto,30
lltp,ILL/petri-nets/MCC,,,BridgeAndVehicles-V20-P10-N20-unfolded_50_1.p,intuitionistic,auto,1,false,,5,0,3,provable,unknown,timeout,,two-sided,IMELL,14984,843,5004.014,36431,19226,6741,42570042,0,0,2048,4990.000,628.725,auto,30
lltp,ILL/petri-nets/MCC,,,BridgeAndVehicles-V20-P10-N20-unfolded_5_1.p,intuitionistic,auto,1,false,,5,0,3,provable,proved,,ok,two-sided,IMELL,14986,843,15.796,107,31,38,148618,0,0,2048,20.000,3.520,auto,30
lltp,ILL/petri-nets/MCC,,,BridgeAndVehicles-V20-P10-N50-unfolded_100_1.p,intuitionistic,auto,1,false,,5,0,3,provable,unknown,timeout,,two-sided,IMELL,34662,2043,5024.323,44093,7905,31664,10525627,0,0,2048,5010.000,301.566,auto,30
lltp,ILL/petri-nets/MCC,,,BridgeAndVehicles-V20-P10-N50-unfolded_10_1.p,intuitionistic,auto,1,false,,5,0,3,provable,proved,,ok,two-sided,IMELL,34666,2043,1295.225,3045,1397,713,3096571,0,0,2048,1280.000,140.521,auto,30
lltp,ILL/petri-nets/MCC,,,BridgeAndVehicles-V20-P10-N50-unfolded_1_1.p,intuitionistic,auto,1,false,,5,0,3,provable,proved,,ok,two-sided,IMELL,34666,2043,2.010,3,0,2,300,0,0,2048,0.000,0.023,auto,30
lltp,ILL/petri-nets/MCC,,,BridgeAndVehicles-V20-P10-N50-unfolded_20_1.p,intuitionistic,auto,1,false,,5,0,3,provable,unknown,timeout,,two-sided,IMELL,34666,2043,5001.189,12833,6442,2628,12156071,0,0,2048,4990.000,517.165,auto,30
lltp,ILL/petri-nets/MCC,,,BridgeAndVehicles-V20-P10-N50-unfolded_50_1.p,intuitionistic,auto,1,false,,5,0,3,provable,unknown,timeout,,two-sided,IMELL,34652,2043,5023.334,44338,7940,31846,10586714,0,0,2048,5010.000,296.769,auto,30
lltp,ILL/petri-nets/MCC,,,BridgeAndVehicles-V20-P10-N50-unfolded_5_1.p,intuitionistic,auto,1,false,,5,0,3,provable,proved,,ok,two-sided,IMELL,34666,2043,44.715,106,31,37,114808,0,0,2048,40.000,8.614,auto,30
lltp,ILL/petri-nets/MCC,,,BridgeAndVehicles-V20-P20-N10-unfolded_100_1.p,intuitionistic,auto,1,false,,5,0,3,provable,unknown,timeout,,two-sided,IMELL,8540,443,5025.667,761999,650111,90028,26968587,0,0,2048,5010.000,538.907,auto,30
lltp,ILL/petri-nets/MCC,,,BridgeAndVehicles-V20-P20-N10-unfolded_10_1.p,intuitionistic,auto,1,false,,5,0,3,provable,proved,,ok,two-sided,IMELL,8546,443,211.585,81036,79318,781,886382,0,0,2048,210.000,24.925,auto,30
lltp,ILL/petri-nets/MCC,,,BridgeAndVehicles-V20-P20-N10-unfolded_1_1.p,intuitionistic,auto,1,false,,5,0,3,provable,proved,,ok,two-sided,IMELL,8546,443,0.514,3,0,2,179,0,0,2048,0.000,0.050,auto,30
lltp,ILL/petri-nets/MCC,,,BridgeAndVehicles-V20-P20-N10-unfolded_20_1.p,intuitionistic,auto,1,false,,5,0,3,provable,unknown,timeout,,two-sided,IMELL,8546,443,5003.956,531424,499449,12439,19635518,0,0,2048,4990.000,706.221,auto,30
lltp,ILL/petri-nets/MCC,,,BridgeAndVehicles-V20-P20-N10-unfolded_50_1.p,intuitionistic,auto,1,false,,5,0,3,provable,unknown,timeout,,two-sided,IMELL,8544,443,5002.905,1842692,1807245,13924,20338325,0,0,2048,4980.000,567.904,auto,30
lltp,ILL/petri-nets/MCC,,,BridgeAndVehicles-V20-P20-N10-unfolded_5_1.p,intuitionistic,auto,1,false,,5,0,3,provable,proved,,ok,two-sided,IMELL,8546,443,7.254,2374,2280,55,26523,0,0,2048,0.000,1.227,auto,30
lltp,ILL/petri-nets/MCC,,,BridgeAndVehicles-V20-P20-N20-unfolded_100_1.p,intuitionistic,auto,1,false,,5,0,3,provable,unknown,timeout,,two-sided,IMELL,15104,843,5035.828,114284,21396,81521,13882593,0,0,2048,5020.000,388.759,auto,30
lltp,ILL/petri-nets/MCC,,,BridgeAndVehicles-V20-P20-N20-unfolded_10_1.p,intuitionistic,auto,1,false,,5,0,3,provable,proved,,ok,two-sided,IMELL,15106,843,484.238,3034,1396,707,4057617,0,0,2048,480.000,71.300,auto,30
lltp,ILL/petri-nets/MCC,,,BridgeAndVehicles-V20-P20-N20-unfolded_1_1.p,intuitionistic,auto,1,false,,5,0,3,provable,proved,,ok,two-sided,IMELL,15106,843,0.827,3,0,2,343,0,0,2048,0.000,0.014,auto,30
lltp,ILL/petri-nets/MCC,,,BridgeAndVehicles-V20-P20-N20-unfolded_20_1.p,intuitionistic,auto,1,false,,5,0,3,provable,unknown,timeout,,two-sided,IMELL,15106,843,5004.989,33042,17346,6183,41259772,0,0,2048,4990.000,672.813,auto,30
lltp,ILL/petri-nets/MCC,,,BridgeAndVehicles-V20-P20-N20-unfolded_50_1.p,intuitionistic,auto,1,false,,5,0,3,provable,unknown,timeout,,two-sided,IMELL,15104,843,5006.841,33093,17368,6191,41304353,0,0,2048,4990.000,644.804,auto,30
lltp,ILL/petri-nets/MCC,,,BridgeAndVehicles-V20-P20-N20-unfolded_5_1.p,intuitionistic,auto,1,false,,5,0,3,provable,proved,,ok,two-sided,IMELL,15106,843,16.785,107,31,38,148636,0,0,2048,20.000,4.064,auto,30
lltp,ILL/petri-nets/MCC,,,BridgeAndVehicles-V20-P20-N50-unfolded_100_1.p,intuitionistic,auto,1,false,,5,0,3,provable,unknown,timeout,,two-sided,IMELL,34782,2043,5023.834,41906,7092,30751,9490961,0,0,2048,5010.000,308.286,auto,30
lltp,ILL/petri-nets/MCC,,,BridgeAndVehicles-V20-P20-N50-unfolded_10_1.p,intuitionistic,auto,1,false,,5,0,3,provable,proved,,ok,two-sided,IMELL,34786,2043,1421.722,3045,1397,713,3179607,0,0,2048,1410.000,126.285,auto,30
lltp,ILL/petri-nets/MCC,,,BridgeAndVehicles-V20-P20-N50-unfolded_1_1.p,intuitionistic,auto,1,false,,5,0,3,provable,proved,,ok,two-sided,IMELL,34786,2043,2.052,3,0,2,310,0,0,2048,0.000,0.041,auto,30
lltp,ILL/petri-nets/MCC,,,BridgeAndVehicles-V20-P20-N50-unfolded_20_1.p,intuitionistic,auto,1,false,,5,0,3,provable,unknown,timeout,,two-sided,IMELL,34786,2043,5016.075,11566,5768,2385,11280443,0,0,2048,5000.000,533.464,auto,30
lltp,ILL/petri-nets/MCC,,,BridgeAndVehicles-V20-P20-N50-unfolded_50_1.p,intuitionistic,auto,1,false,,5,0,3,provable,unknown,timeout,,two-sided,IMELL,34772,2043,5026.250,42086,7129,30873,9531492,0,0,2048,5010.000,303.636,auto,30
lltp,ILL/petri-nets/MCC,,,BridgeAndVehicles-V20-P20-N50-unfolded_5_1.p,intuitionistic,auto,1,false,,5,0,3,provable,proved,,ok,two-sided,IMELL,34786,2043,48.491,106,31,37,114795,0,0,2048,40.000,7.229,auto,30
lltp,ILL/petri-nets/MCC,,,BridgeAndVehicles-V50-P20-N10-unfolded_100_1.p,intuitionistic,auto,1,false,,5,0,3,provable,unknown,timeout,,two-sided,IMELL,20646,1103,5022.514,69895,9241,55377,8710163,0,0,2048,5010.000,332.761,auto,30
lltp,ILL/petri-nets/MCC,,,BridgeAndVehicles-V50-P20-N10-unfolded_10_1.p,intuitionistic,auto,1,false,,5,0,3,provable,proved,,ok,two-sided,IMELL,20666,1103,1065.098,3038,1397,709,9742316,0,0,2048,1070.000,145.107,auto,30
lltp,ILL/petri-nets/MCC,,,BridgeAndVehicles-V50-P20-N10-unfolded_1_1.p,intuitionistic,auto,1,false,,5,0,3,provable,proved,,ok,two-sided,IMELL,20666,1103,1.334,3,0,2,530,0,0,2048,0.000,0.018,auto,30
lltp,ILL/petri-nets/MCC,,,BridgeAndVehicles-V50-P20-N10-unfolded_20_1.p,intuitionistic,auto,1,false,,5,0,3,provable,unknown,timeout,,two-sided,IMELL,20666,1103,5003.223,16687,8590,3222,46637121,0,0,2048,4990.000,449.142,auto,30
lltp,ILL/petri-nets/MCC,,,BridgeAndVehicles-V50-P20-N10-unfolded_50_1.p,intuitionistic,auto,1,false,,5,0,3,provable,unknown,timeout,,two-sided,IMELL,20664,1103,5024.068,70017,9256,55473,8934907,0,0,2048,5020.000,331.866,auto,30
lltp,ILL/petri-nets/MCC,,,BridgeAndVehicles-V50-P20-N10-unfolded_5_1.p,intuitionistic,auto,1,false,,5,0,3,provable,proved,,ok,two-sided,IMELL,20666,1103,36.299,107,31,38,367277,0,0,2048,40.000,4.535,auto,30
lltp,ILL/petri-nets/MCC,,,BridgeAndVehicles-V50-P20-N20-unfolded_100_1.p,intuitionistic,auto,1,false,,5,0,3,provable,unknown,timeout,,two-sided,IMELL,36800,2103,5022.344,32879,4431,25789,6983902,0,0,2048,5010.000,260.442,auto,30
lltp,ILL/petri-nets/MCC,,,BridgeAndVehicles-V50-P20-N20-unfolded_10_1.p,intuitionistic,auto,1,false,,5,0,3,provable,proved,,ok,two-sided,IMELL,36826,2103,2135.546,3049,1396,717,3759253,0,0,2048,2120.000,217.431,auto,30
lltp,ILL/petri-nets/MCC,,,BridgeAndVehicles-V50-P20-N20-unfolded_1_1.p,intuitionistic,auto,1,false,,5,0,3,provable,proved,,ok,two-sided,IMELL,36826,2103,2.467,3,0,2,1444,0,0,2048,0.000,0.025,auto,30
lltp,ILL/petri-nets/MCC,,,BridgeAndVehicles-V50-P20-N20-unfolded_20_1.p,intuitionistic,auto,1,false,,5,0,3,provable,unknown,timeout,,two-sided,IMELL,36826,2103,5024.512,7287,3547,1583,8355929,0,0,2048,5010.000,489.663,auto,30
lltp,ILL/petri-nets/MCC,,,BridgeAndVehicles-V50-P20-N20-unfolded_50_1.p,intuitionistic,auto,1,false,,5,0,3,provable,unknown,timeout,,two-sided,IMELL,36824,2103,5026.191,32808,4420,25735,7068352,0,0,2048,5010.000,254.323,auto,30
lltp,ILL/petri-nets/MCC,,,BridgeAndVehicles-V50-P20-N20-unfolded_5_1.p,intuitionistic,auto,1,false,,5,0,3,provable,proved,,ok,two-sided,IMELL,36826,2103,74.419,106,31,37,146510,0,0,2048,70.000,14.941,auto,30
lltp,ILL/petri-nets/MCC,,,BridgeAndVehicles-V50-P20-N50-unfolded_100_1.p,intuitionistic,auto,1,false,,5,0,3,provable,unknown,timeout,,two-sided,IMELL,85280,5103,5025.784,11335,1361,9058,5156978,0,0,2048,5010.000,207.187,auto,30
lltp,ILL/petri-nets/MCC,,,BridgeAndVehicles-V50-P20-N50-unfolded_10_1.p,intuitionistic,auto,1,false,,5,0,3,provable,unknown,timeout,,two-sided,IMELL,85300,5103,5095.859,2695,1236,640,12195827,0,0,2048,5080.000,328.405,auto,30
lltp,ILL/petri-nets/MCC,,,BridgeAndVehicles-V50-P20-N50-unfolded_1_1.p,intuitionistic,auto,1,false,,5,0,3,provable,proved,,ok,two-sided,IMELL,85306,5103,9.798,4,0,2,5775,0,0,2048,0.000,0.077,auto,30
lltp,ILL/petri-nets/MCC,,,BridgeAndVehicles-V50-P20-N50-unfolded_20_1.p,intuitionistic,auto,1,false,,5,0,3,provable,unknown,timeout,,two-sided,IMELL,85294,5103,5064.087,2695,1236,640,12195431,0,0,2048,5050.000,325.220,auto,30
lltp,ILL/petri-nets/MCC,,,BridgeAndVehicles-V50-P20-N50-unfolded_50_1.p,intuitionistic,auto,1,false,,5,0,3,provable,unknown,timeout,,two-sided,IMELL,85304,5103,5011.955,11399,1369,9110,5219094,0,0,2048,4990.000,201.345,auto,30
lltp,ILL/petri-nets/MCC,,,BridgeAndVehicles-V50-P20-N50-unfolded_5_1.p,intuitionistic,auto,1,false,,5,0,3,provable,proved,,ok,two-sided,IMELL,85304,5103,188.644,107,31,38,530077,0,0,2048,180.000,20.654,auto,30
lltp,ILL/petri-nets/MCC,,,BridgeAndVehicles-V50-P50-N10-unfolded_100_1.p,intuitionistic,auto,1,false,,5,0,3,provable,unknown,timeout,,two-sided,IMELL,21006,1103,5021.143,59355,7231,47993,7129580,0,0,2048,5010.000,296.172,auto,30
lltp,ILL/petri-nets/MCC,,,BridgeAndVehicles-V50-P50-N10-unfolded_10_1.p,intuitionistic,auto,1,false,,5,0,3,provable,proved,,ok,two-sided,IMELL,21026,1103,1301.128,3038,1397,709,10800325,0,0,2048,1300.000,143.453,auto,30
lltp,ILL/petri-nets/MCC,,,BridgeAndVehicles-V50-P50-N10-unfolded_1_1.p,intuitionistic,auto,1,false,,5,0,3,provable,proved,,ok,two-sided,IMELL,21026,1103,1.423,3,0,2,560,0,0,2048,0.000,0.025,auto,30
lltp,ILL/petri-nets/MCC,,,BridgeAndVehicles-V50-P50-N10-unfolded_20_1.p,intuitionistic,auto,1,false,,5,0,3,provable,unknown,timeout,,two-sided,IMELL,21026,1103,5007.706,11939,5956,2444,40282204,0,0,2048,4990.000,560.428,auto,30
lltp,ILL/petri-nets/MCC,,,BridgeAndVehicles-V50-P50-N10-unfolded_50_1.p,intuitionistic,auto,1,false,,5,0,3,provable,unknown,timeout,,two-sided,IMELL,21024,1103,5019.861,59062,7196,47755,7284817,0,0,2048,5010.000,288.284,auto,30
lltp,ILL/petri-nets/MCC,,,BridgeAndVehicles-V50-P50-N10-unfolded_5_1.p,intuitionistic,auto,1,false,,5,0,3,provable,proved,,ok,two-sided,IMELL,21026,1103,44.093,107,31,38,403522,0,0,2048,50.000,6.161,auto,30
lltp,ILL/petri-nets/MCC,,,BridgeAndVehicles-V50-P50-N20-unfolded_100_1.p,intuitionistic,auto,1,false,,5,0,3,provable,unknown,timeout,,two-sided,IMELL,37160,2103,5020.996,29481,3409,23982,5867645,0,0,2048,5010.000,239.682,auto,30
lltp,ILL/petri-nets/MCC,,,BridgeAndVehicles-V50-P50-N20-unfolded_10_1.p,intuitionistic,auto,1,false,,5,0,3,provable,proved,,ok,two-sided,IMELL,37186,2103,2620.312,3049,1396,717,3949415,0,0,2048,2610.000,232.175,auto,30
lltp,ILL/petri-nets/MCC,,,BridgeAndVehicles-V50-P50-N20-unfolded_1_1.p,intuitionistic,auto,1,false,,5,0,3,provable,proved,,ok,two-sided,IMELL,37186,2103,2.608,3,0,2,1474,0,0,2048,0.000,0.050,auto,30
lltp,ILL/petri-nets/MCC,,,BridgeAndVehicles-V50-P50-N20-unfolded_20_1.p,intuitionistic,auto,1,false,,5,0,3,provable,unknown,timeout,,two-sided,IMELL,37186,2103,5038.909,5925,2832,1318,7264280,0,0,2048,5030.000,440.599,auto,30
lltp,ILL/petri-nets/MCC,,,BridgeAndVehicles-V50-P50-N20-unfolded_50_1.p,intuitionistic,auto,1,false,,5,0,3,provable,unknown,timeout,,two-sided,IMELL,37184,2103,5016.926,29368,3386,23900,5928685,0,0,2048,5000.000,253.868,auto,30
lltp,ILL/petri-nets/MCC,,,BridgeAndVehicles-V50-P50-N20-unfolded_5_1.p,intuitionistic,auto,1,false,,5,0,3,provable,proved,,ok,two-sided,IMELL,37186,2103,90.182,106,31,37,154680,0,0,2048,90.000,12.246,auto,30
lltp,ILL/petri-nets/MCC,,,BridgeAndVehicles-V50-P50-N50-unfolded_100_1.p,intuitionistic,auto,1,false,,5,0,3,provable,unknown,timeout,,two-sided,IMELL,85640,5103,5027.736,9705,1116,7836,4441311,0,0,2048,5020.000,193.712,auto,30
lltp,ILL/petri-nets/MCC,,,BridgeAndVehicles-V50-P50-N50-unfolded_10_1.p,intuitionistic,auto,1,false,,5,0,3,provable,unknown,timeout,,two-sided,IMELL,85660,5103,5027.021,2280,1016,569,10806860,0,0,2048,5010.000,314.507,auto,30
lltp,ILL/petri-nets/MCC,,,BridgeAndVehicles-V50-P50-N50-unfolded_1_1.p,intuitionistic,auto,1,false,,5,0,3,provable,proved,,ok,two-sided,IMELL,85666,5103,10.135,4,0,2,5805,0,0,2048,0.000,3.271,auto,30
lltp,ILL/petri-nets/MCC,,,BridgeAndVehicles-V50-P50-N50-unfolded_20_1.p,intuitionistic,auto,1,false,,5,0,3,provable,unknown,timeout,,two-sided,IMELL,85654,5103,5013.130,2280,1016,569,10806662,0,0,2048,5010.000,315.468,auto,30
lltp,ILL/petri-nets/MCC,,,BridgeAndVehicles-V50-P50-N50-unfolded_50_1.p,intuitionistic,auto,1,false,,5,0,3,provable,unknown,timeout,,two-sided,IMELL,85664,5103,5010.804,9641,1108,7785,4451010,0,0,2048,5000.000,190.788,auto,30
lltp,ILL/petri-nets/MCC,,,BridgeAndVehicles-V50-P50-N50-unfolded_5_1.p,intuitionistic,auto,1,false,,5,0,3,provable,proved,,ok,two-sided,IMELL,85664,5103,219.202,107,31,38,543835,0,0,2048,210.000,16.793,auto,30
lltp,ILL/petri-nets/MCC,,,BridgeAndVehicles-V80-P20-N10-unfolded_100_1.p,intuitionistic,auto,1,false,,5,0,3,provable,unknown,timeout,,two-sided,IMELL,32780,1763,5024.557,34949,3775,28902,6144452,0,0,2048,5010.000,268.161,auto,30
lltp,ILL/petri-nets/MCC,,,BridgeAndVehicles-V80-P20-N10-unfolded_10_1.p,intuitionistic,auto,1,false,,5,0,3,provable,proved,,ok,two-sided,IMELL,32786,1763,2403.069,3049,1395,718,3593095,0,0,2048,2390.000,251.359,auto,30
lltp,ILL/petri-nets/MCC,,,BridgeAndVehicles-V80-P20-N10-unfolded_1_1.p,intuitionistic,auto,1,false,,5,0,3,provable,proved,,ok,two-sided,IMELL,32786,1763,2.162,3,0,2,1514,0,0,2048,0.000,0.032,auto,30
lltp,ILL/petri-nets/MCC,,,BridgeAndVehicles-V80-P20-N10-unfolded_20_1.p,intuitionistic,auto,1,false,,5,0,3,provable,unknown,timeout,,two-sided,IMELL,32786,1763,5011.394,6493,3144,1416,7427308,0,0,2048,4990.000,519.298,auto,30
lltp,ILL/petri-nets/MCC,,,BridgeAndVehicles-V80-P20-N10-unfolded_50_1.p,intuitionistic,auto,1,false,,5,0,3,provable,unknown,timeout,,two-sided,IMELL,32784,1763,5025.658,34980,3789,28909,6506256,0,0,2048,5000.000,268.033,auto,30
lltp,ILL/petri-nets/MCC,,,BridgeAndVehicles-V80-P20-N10-unfolded_5_1.p,intuitionistic,auto,1,false,,5,0,3,provable,proved,,ok,two-sided,IMELL,32784,1763,64.947,107,31,38,595521,0,0,2048,60.000,5.264,auto,30
lltp,ILL/petri-nets/MCC,,,BridgeAndVehicles-V80-P20-N20-unfolded_100_1.p,intuitionistic,auto,1,false,,5,0,3,provable,unknown,timeout,,two-sided,IMELL,58540,3363,5026.401,15998,1744,13108,4819682,0,0,2048,5010.000,212.291,auto,30
lltp,ILL/petri-nets/MCC,,,BridgeAndVehicles-V80-P20-N20-unfolded_10_1.p,intuitionistic,auto,1,false,,5,0,3,provable,unknown,timeout,,two-sided,IMELL,58546,3363,5020.484,3002,1369,716,6074104,0,0,2048,5000.000,300.840,auto,30
lltp,ILL/petri-nets/MCC,,,BridgeAndVehicles-V80-P20-N20-unfolded_1_1.p,intuitionistic,auto,1,false,,5,0,3,provable,proved,,ok,two-sided,IMELL,58546,3363,4.112,3,0,2,2098,0,0,2048,0.000,0.024,auto,30
lltp,ILL/petri-nets/MCC,,,BridgeAndVehicles-V80-P20-N20-unfolded_20_1.p,intuitionistic,auto,1,false,,5,0,3,provable,unknown,timeout,,two-sided,IMELL,58544,3363,5008.073,144792,141865,1815,6865260,0,0,2048,4990.000,274.659,auto,30
lltp,ILL/petri-nets/MCC,,,BridgeAndVehicles-V80-P20-N20-unfolded_50_1.p,intuitionistic,auto,1,false,,5,0,3,provable,unknown,timeout,,two-sided,IMELL,58544,3363,5018.544,15814,1718,12962,4854739,0,0,2048,5000.000,217.344,auto,30
lltp,ILL/petri-nets/MCC,,,BridgeAndVehicles-V80-P20-N20-unfolded_5_1.p,intuitionistic,auto,1,false,,5,0,3,provable,proved,,ok,two-sided,IMELL,58546,3363,177.556,106,31,37,239139,0,0,2048,170.000,3.706,auto,30
lltp,ILL/petri-nets/MCC,,,BridgeAndVehicles-V80-P20-N50-unfolded_100_1.p,intuitionistic,auto,1,false,,5,0,3,provable,unknown,timeout,,two-sided,IMELL,135820,8163,5045.310,4010,507,3124,3545863,0,0,2048,5040.000,120.317,auto,30
lltp,ILL/petri-nets/MCC,,,BridgeAndVehicles-V80-P20-N50-unfolded_10_1.p,intuitionistic,auto,1,false,,5,0,3,provable,unknown,timeout,,two-sided,IMELL,135824,8163,5126.451,1201,499,331,7464291,0,0,2048,5130.000,205.422,auto,30
lltp,ILL/petri-nets/MCC,,,BridgeAndVehicles-V80-P20-N50-unfolded_1_1.p,intuitionistic,auto,1,false,,5,0,3,provable,proved,,ok,two-sided,IMELL,135826,8163,20.011,4,0,2,7985,0,0,2048,30.000,0.927,auto,30
lltp,ILL/petri-nets/MCC,,,BridgeAndVehicles-V80-P20-N50-unfolded_20_1.p,intuitionistic,auto,1,false,,5,0,3,provable,unknown,timeout,,two-sided,IMELL,135824,8163,5136.067,1201,499,331,7461921,0,0,2048,5130.000,204.813,auto,30
lltp,ILL/petri-nets/MCC,,,BridgeAndVehicles-V80-P20-N50-unfolded_50_1.p,intuitionistic,auto,1,false,,5,0,3,provable,unknown,timeout,,two-sided,IMELL,135824,8163,5067.297,4010,507,3124,3571029,0,0,2048,5060.000,119.006,auto,30
lltp,ILL/petri-nets/MCC,,,BridgeAndVehicles-V80-P20-N50-unfolded_5_1.p,intuitionistic,auto,1,false,,5,0,3,provable,proved,,ok,two-sided,IMELL,135824,8163,436.217,107,31,38,701587,0,0,2048,430.000,24.546,auto,30
lltp,ILL/petri-nets/MCC,,,BridgeAndVehicles-V80-P50-N10-unfolded_100_1.p,intuitionistic,auto,1,false,,5,0,3,provable,unknown,timeout,,two-sided,IMELL,33140,1763,5030.269,35471,3278,30164,5666804,0,0,2048,5010.000,289.348,auto,30
lltp,ILL/petri-nets/MCC,,,BridgeAndVehicles-V80-P50-N10-unfolded_10_1.p,intuitionistic,auto,1,false,,5,0,3,provable,proved,,ok,two-sided,IMELL,33146,1763,2661.450,3050,1397,717,19662848,0,0,2048,2650.000,298.678,auto,30
lltp,ILL/petri-nets/MCC,,,BridgeAndVehicles-V80-P50-N10-unfolded_1_1.p,intuitionistic,auto,1,false,,5,0,3,provable,proved,,ok,two-sided,IMELL,33146,1763,2.185,3,0,2,695,0,0,2048,0.000,0.020,auto,30
lltp,ILL/petri-nets/MCC,,,BridgeAndVehicles-V80-P50-N10-unfolded_20_1.p,intuitionistic,auto,1,false,,5,0,3,provable,unknown,timeout,,two-sided,IMELL,33144,1763,5009.186,5802,2777,1284,36578115,0,0,2048,4990.000,555.740,auto,30
lltp,ILL/petri-nets/MCC,,,BridgeAndVehicles-V80-P50-N10-unfolded_50_1.p,intuitionistic,auto,1,false,,5,0,3,provable,unknown,timeout,,two-sided,IMELL,33144,1763,5024.026,35471,3278,30164,5831531,0,0,2048,5010.000,284.932,auto,30
lltp,ILL/petri-nets/MCC,,,BridgeAndVehicles-V80-P50-N10-unfolded_5_1.p,intuitionistic,auto,1,false,,5,0,3,provable,proved,,ok,two-sided,IMELL,33146,1763,92.249,106,31,37,155072,0,0,2048,90.000,15.718,auto,30
lltp,ILL/petri-nets/MCC,,,BridgeAndVehicles-V80-P50-N20-unfolded_100_1.p,intuitionistic,auto,1,false,,5,0,3,provable,unknown,timeout,,two-sided,IMELL,58900,3363,5032.950,16344,1540,13772,4850150,0,0,2048,5020.000,235.672,auto,30
lltp,ILL/petri-nets/MCC,,,BridgeAndVehicles-V80-P50-N20-unfolded_10_1.p,intuitionistic,auto,1,false,,5,0,3,provable,unknown,timeout,,two-sided,IMELL,58906,3363,5086.217,2582,1144,638,5751966,0,0,2048,5080.000,293.326,auto,30
lltp,ILL/petri-nets/MCC,,,BridgeAndVehicles-V80-P50-N20-unfolded_1_1.p,intuitionistic,auto,1,false,,5,0,3,provable,proved,,ok,two-sided,IMELL,58906,3363,7.858,4,0,2,6249,0,0,2048,0.000,3.304,auto,30
lltp,ILL/petri-nets/MCC,,,BridgeAndVehicles-V80-P50-N20-unfolded_20_1.p,intuitionistic,auto,1,false,,5,0,3,provable,unknown,timeout,,two-sided,IMELL,58904,3363,5005.689,154726,151944,1783,6675431,0,0,2048,5000.000,306.073,auto,30
lltp,ILL/petri-nets/MCC,,,BridgeAndVehicles-V80-P50-N20-unfolded_50_1.p,intuitionistic,auto,1,false,,5,0,3,provable,unknown,timeout,,two-sided,IMELL,58904,3363,5010.685,16281,1534,13720,4918808,0,0,2048,4990.000,237.776,auto,30
lltp,ILL/petri-nets/MCC,,,BridgeAndVehicles-V80-P50-N20-unfolded_5_1.p,intuitionistic,auto,1,false,,5,0,3,provable,proved,,ok,two-sided,IMELL,58906,3363,202.431,106,31,37,259934,0,0,2048,200.000,18.804,auto,30
lltp,ILL/petri-nets/MCC,,,BridgeAndVehicles-V80-P50-N50-unfolded_100_1.p,intuitionistic,auto,1,false,,5,0,3,provable,unknown,timeout,,two-sided,IMELL,136180,8163,5031.809,3405,455,2600,3720433,0,0,2048,5030.000,106.235,auto,30
lltp,ILL/petri-nets/MCC,,,BridgeAndVehicles-V80-P50-N50-unfolded_10_1.p,intuitionistic,auto,1,false,,5,0,3,provable,unknown,timeout,,two-sided,IMELL,136184,8163,5160.092,1120,462,308,7043792,0,0,2048,5140.000,180.388,auto,30
lltp,ILL/petri-nets/MCC,,,BridgeAndVehicles-V80-P50-N50-unfolded_1_1.p,intuitionistic,auto,1,false,,5,0,3,provable,proved,,ok,two-sided,IMELL,136186,8163,19.799,4,0,2,8014,0,0,2048,10.000,3.143,auto,30
lltp,ILL/petri-nets/MCC,,,BridgeAndVehicles-V80-P50-N50-unfolded_20_1.p,intuitionistic,auto,1,false,,5,0,3,provable,unknown,timeout,,two-sided,IMELL,136184,8163,5178.260,1120,462,308,7041682,0,0,2048,5160.000,184.092,auto,30
lltp,ILL/petri-nets/MCC,,,BridgeAndVehicles-V80-P50-N50-unfolded_50_1.p,intuitionistic,auto,1,false,,5,0,3,provable,unknown,timeout,,two-sided,IMELL,136184,8163,5071.657,3405,455,2600,3742218,0,0,2048,5050.000,116.408,auto,30
lltp,ILL/petri-nets/MCC,,,BridgeAndVehicles-V80-P50-N50-unfolded_5_1.p,intuitionistic,auto,1,false,,5,0,3,provable,proved,,ok,two-sided,IMELL,136184,8163,466.421,107,31,38,701645,0,0,2048,460.000,23.642,auto,30
lltp,ILL/petri-nets/MCC,,,CSRepetitions_cs_repetitions-10-unfolded_1_1.p,intuitionistic,auto,1,false,,5,0,3,provable,proved,,ok,two-sided,IMELL,18078,1010,1.704,3,0,2,359,0,0,2048,10.000,0.016,auto,30
lltp,ILL/petri-nets/MCC,,,CSRepetitions_cs_repetitions-10-unfolded_20_1.p,intuitionistic,auto,1,false,,5,0,3,provable,unknown,timeout,,two-sided,IMELL,18078,1010,5018.396,36216,16635,19215,19546913,0,0,2048,5000.000,354.018,auto,30
lltp,ILL/petri-nets/MCC,,,CSRepetitions_cs_repetitions-10-unfolded_50_1.p,intuitionistic,auto,1,false,,5,0,3,provable,unknown,timeout,,two-sided,IMELL,18078,1010,5028.474,125444,64234,59955,61657436,0,0,2048,5010.000,745.115,auto,30
lltp,ILL/petri-nets/MCC,,,CSRepetitions_cs_repetitions-10-unfolded_5_1.p,intuitionistic,auto,1,false,,5,0,3,provable,unknown,timeout,,two-sided,IMELL,18078,1010,5026.972,125614,64262,60095,61860159,0,0,2048,5020.000,720.578,auto,30
lltp,ILL/petri-nets/MCC,,,CSRepetitions_cs_repetitions-2-unfolded_100_1.p,intuitionistic,auto,1,false,,5,0,3,provable,proved,,ok,two-sided,IMELL,222,10,8.977,20533,15558,3785,200758,0,0,2048,0.000,2.413,auto,30
lltp,ILL/petri-nets/MCC,,,CSRepetitions_cs_repetitions-2-unfolded_10_1.p,intuitionistic,auto,1,false,,5,0,3,provable,proved,,ok,two-sided,IMELL,222,10,65.513,175491,157627,10430,1575257,0,0,2048,60.000,14.287,auto,30
lltp,ILL/petri-nets/MCC,,,CSRepetitions_cs_repetitions-2-unfolded_1_1.p,intuitionistic,auto,1,false,,5,0,3,provable,proved,,ok,two-sided,IMELL,222,10,0.079,3,0,2,23,0,0,2048,0.000,0.012,auto,30
lltp,ILL/petri-nets/MCC,,,CSRepetitions_cs_repetitions-2-unfolded_20_1.p,intuitionistic,auto,1,false,,5,0,3,provable,proved,,ok,two-sided,IMELL,222,10,9.023,20533,15558,3785,200758,0,0,2048,0.000,1.605,auto,30
lltp,ILL/petri-nets/MCC,,,CSRepetitions_cs_repetitions-2-unfolded_50_1.p,intuitionistic,auto,1,false,,5,0,3,provable,proved,,ok,two-sided,IMELL,222,10,65.901,175491,157627,10430,1575257,0,0,2048,60.000,13.038,auto,30
lltp,ILL/petri-nets/MCC,,,CSRepetitions_cs_repetitions-2-unfolded_5_1.p,intuitionistic,auto,1,false,,5,0,3,provable,proved,,ok,two-sided,IMELL,222,10,0.357,359,151,135,2657,0,0,2048,0.000,0.012,auto,30
lltp,ILL/petri-nets/MCC,,,CSRepetitions_cs_repetitions-3-unfolded_10_1.p,intuitionistic,auto,1,false,,5,0,3,provable,unknown,timeout,,two-sided,IMELL,634,30,5024.536,1461295,1065613,276169,246208499,0,0,2048,5000.000,921.551,auto,30
lltp,ILL/petri-nets/MCC,,,CSRepetitions_cs_repetitions-3-unfolded_1_1.p,intuitionistic,auto,1,false,,5,0,3,provable,proved,,ok,two-sided,IMELL,634,30,0.126,3,0,2,44,0,0,2048,0.000,0.017,auto,30
lltp,ILL/petri-nets/MCC,,,CSRepetitions_cs_repetitions-3-unfolded_20_1.p,intuitionistic,auto,1,false,,5,0,3,provable,proved,,ok,two-sided,IMELL,634,30,13.829,2544,1364,928,729849,0,0,2048,10.000,2.728,auto,30
lltp,ILL/petri-nets/MCC,,,CSRepetitions_cs_repetitions-3-unfolded_50_1.p,intuitionistic,auto,1,false,,5,0,3,provable,proved,,ok,two-sided,IMELL,634,30,89.228,107055,37573,64517,754510,0,0,2048,80.000,22.770,auto,30
lltp,ILL/petri-nets/MCC,,,CSRepetitions_cs_repetitions-3-unfolded_5_1.p,intuitionistic,auto,1,false,,5,0,3,provable,proved,,ok,two-sided,IMELL,634,30,17.746,3397,1958,1111,914952,0,0,2048,10.000,5.110,auto,30
lltp,ILL/petri-nets/MCC,,,CSRepetitions_cs_repetitions-4-unfolded_1_1.p,intuitionistic,auto,1,false,,5,0,3,provable,proved,,ok,two-sided,IMELL,1374,68,0.148,3,0,2,71,0,0,2048,0.000,0.012,auto,30
lltp,ILL/petri-nets/MCC,,,CSRepetitions_cs_repetitions-4-unfolded_20_1.p,intuitionistic,auto,1,false,,5,0,3,provable,proved,,ok,two-sided,IMELL,1374,68,185.770,19245,12124,5997,7851489,0,0,2048,180.000,15.031,auto,30
lltp,ILL/petri-nets/MCC,,,CSRepetitions_cs_repetitions-4-unfolded_50_1.p,intuitionistic,auto,1,false,,5,0,3,provable,proved,,ok,two-sided,IMELL,1374,68,2065.121,1295505,546415,708909,11915317,0,0,2048,2050.000,421.112,auto,30
lltp,ILL/petri-nets/MCC,,,CSRepetitions_cs_repetitions-4-unfolded_5_1.p,intuitionistic,auto,1,false,,5,0,3,provable,proved,,ok,two-sided,IMELL,1374,68,184.169,27602,16399,9960,7914352,0,0,2048,180.000,17.020,auto,30
lltp,ILL/petri-nets/MCC,,,CSRepetitions_cs_repetitions-5-unfolded_1_1.p,intuitionistic,auto,1,false,,5,0,3,provable,proved,,ok,two-sided,IMELL,2538,130,0.222,3,0,2,105,0,0,2048,0.000,0.013,auto,30
lltp,ILL/petri-nets/MCC,,,CSRepetitions_cs_repetitions-5-unfolded_20_1.p,intuitionistic,auto,1,false,,5,0,3,provable,proved,,ok,two-sided,IMELL,2538,130,1234.818,78873,51675,24153,25312239,0,0,2048,1230.000,113.457,auto,30
lltp,ILL/petri-nets/MCC,,,CSRepetitions_cs_repetitions-5-unfolded_50_1.p,intuitionistic,auto,1,false,,5,0,3,provable,unknown,timeout,,two-sided,IMELL,2538,130,5494.817,2190847,915914,1227868,20720021,0,0,2048,5470.000,1071.969,auto,30
lltp,ILL/petri-nets/MCC,,,CSRepetitions_cs_repetitions-5-unfolded_5_1.p,intuitionistic,auto,1,false,,5,0,3,provable,proved,,ok,two-sided,IMELL,2538,130,1524.580,99287,67700,27777,55015945,0,0,2048,1510.000,154.598,auto,30
lltp,ILL/petri-nets/MCC,,,CSRepetitions_cs_repetitions-7-unfolded_1_1.p,intuitionistic,auto,1,false,,5,0,3,provable,proved,,ok,two-sided,IMELL,6522,350,0.548,3,0,2,213,0,0,2048,0.000,0.013,auto,30
lltp,ILL/petri-nets/MCC,,,CSRepetitions_cs_repetitions-7-unfolded_20_1.p,intuitionistic,auto,1,false,,5,0,3,provable,unknown,timeout,,two-sided,IMELL,6522,350,5009.087,131861,83544,45646,49207893,0,0,2048,4990.000,412.740,auto,30
lltp,ILL/petri-nets/MCC,,,CSRepetitions_cs_repetitions-7-unfolded_50_1.p,intuitionistic,auto,1,false,,5,0,3,provable,unknown,timeout,,two-sided,IMELL,6522,350,5024.111,346019,222456,116578,126406166,0,0,2048,5010.000,703.952,auto,30
lltp,ILL/petri-nets/MCC,,,CSRepetitions_cs_repetitions-7-unfolded_5_1.p,intuitionistic,auto,1,false,,5,0,3,provable,proved,,ok,two-sided,IMELL,6522,350,48.197,21094,17797,3203,688706,0,0,2048,50.000,5.794,auto,30
lltp,ILL/petri-nets/MCC,,,CircadianClock_circadian_clock-000001_100_1.p,intuitionistic,auto,1,false,,5,0,3,provable,proved,,ok,two-sided,IMELL,142,5,0.083,7,0,4,53,0,0,2048,0.000,0.012,auto,30
lltp,ILL/petri-nets/MCC,,,CircadianClock_circadian_clock-000001_10_1.p,intuitionistic,auto,1,false,,5,0,3,provable,proved,,ok,two-sided,IMELL,142,5,0.078,7,0,4,53,0,0,2048,0.000,0.012,auto,30
lltp,ILL/petri-nets/MCC,,,CircadianClock_circadian_clock-000001_1_1.p,intuitionistic,auto,1,false,,5,0,3,provable,proved,,ok,two-sided,IMELL,142,5,0.071,3,0,2,14,0,0,2048,0.000,0.011,auto,30
lltp,ILL/petri-nets/MCC,,,CircadianClock_circadian_clock-000001_20_1.p,intuitionistic,auto,1,false,,5,0,3,provable,proved,,ok,two-sided,IMELL,142,5,0.082,7,0,4,53,0,0,2048,0.000,0.012,auto,30
lltp,ILL/petri-nets/MCC,,,CircadianClock_circadian_clock-000001_50_1.p,intuitionistic,auto,1,false,,5,0,3,provable,proved,,ok,two-sided,IMELL,142,5,0.115,7,0,4,53,0,0,2048,0.000,0.038,auto,30
lltp,ILL/petri-nets/MCC,,,CircadianClock_circadian_clock-000001_5_1.p,intuitionistic,auto,1,false,,5,0,3,provable,proved,,ok,two-sided,IMELL,142,5,0.071,3,0,2,14,0,0,2048,0.000,0.011,auto,30
lltp,ILL/petri-nets/MCC,,,CircadianClock_circadian_clock-000010_100_1.p,intuitionistic,auto,1,false,,5,0,3,provable,unknown,timeout,,two-sided,IMELL,322,14,5022.943,969056,655112,189927,121331279,0,0,2048,5000.000,380.138,auto,30
lltp,ILL/petri-nets/MCC,,,CircadianClock_circadian_clock-000010_10_1.p,intuitionistic,auto,1,false,,5,0,3,provable,proved,,ok,two-sided,IMELL,322,14,343.669,60479,36899,14885,9199429,0,0,2048,330.000,37.520,auto,30
lltp,ILL/petri-nets/MCC,,,CircadianClock_circadian_clock-000010_1_1.p,intuitionistic,auto,1,false,,5,0,3,provable,proved,,ok,two-sided,IMELL,322,14,0.083,3,0,2,113,0,0,2048,0.000,0.012,auto,30
lltp,ILL/petri-nets/MCC,,,CircadianClock_circadian_clock-000010_20_1.p,intuitionistic,auto,1,false,,5,0,3,provable,proved,,ok,two-sided,IMELL,322,14,326.683,60479,36899,14885,9199429,0,0,2048,320.000,13.866,auto,30
lltp,ILL/petri-nets/MCC,,,CircadianClock_circadian_clock-000010_50_1.p,intuitionistic,auto,1,false,,5,0,3,provable,unknown,timeout,,two-sided,IMELL,322,14,5028.362,1527936,1047731,286700,211149604,0,0,2048,5010.000,601.229,auto,30
lltp,ILL/petri-nets/MCC,,,CircadianClock_circadian_clock-000010_5_1.p,intuitionistic,auto,1,false,,5,0,3,provable,proved,,ok,two-sided,IMELL,322,14,0.367,205,67,89,3884,0,0,2048,0.000,0.012,auto,30
lltp,ILL/petri-nets/MCC,,,CircadianClock_circadian_clock-000100_100_1.p,intuitionistic,auto,1,false,,5,0,3,provable,unknown,timeout,,two-sided,IMELL,2122,104,5015.235,362979,237020,77898,89509925,0,0,2048,4990.000,992.078,auto,30
lltp,ILL/petri-nets/MCC,,,CircadianClock_circadian_clock-000100_10_1.p,intuitionistic,auto,1,false,,5,0,3,provable,proved,,ok,two-sided,IMELL,2122,104,928.734,60479,36899,14885,13432878,0,0,2048,910.000,181.443,auto,30
lltp,ILL/petri-nets/MCC,,,CircadianClock_circadian_clock-000100_1_1.p,intuitionistic,auto,1,false,,5,0,3,provable,proved,,ok,two-sided,IMELL,2122,104,0.245,3,0,2,1103,0,0,2048,0.000,0.018,auto,30
lltp,ILL/petri-nets/MCC,,,CircadianClock_circadian_clock-000100_20_1.p,intuitionistic,auto,1,false,,5,0,3,provable,unknown,timeout,,two-sided,IMELL,2122,104,5017.866,356052,232737,76340,69999623,0,0,2048,5000.000,966.655,auto,30
lltp,ILL/petri-nets/MCC,,,CircadianClock_circadian_clock-000100_50_1.p,intuitionistic,auto,1,false,,5,0,3,provable,unknown,timeout,,two-sided,IMELL,2122,104,5014.879,363727,237533,78037,139408912,0,0,2048,5000.000,998.575,auto,30
lltp,ILL/petri-nets/MCC,,,CircadianClock_circadian_clock-000100_5_1.p,intuitionistic,auto,1,false,,5,0,3,provable,proved,,ok,two-sided,IMELL,2122,104,4.307,206,67,89,62529,0,0,2048,0.000,0.021,auto,30
lltp,ILL/petri-nets/MCC,,,CircadianClock_circadian_clock-001000_100_1.p,intuitionistic,auto,1,false,,5,0,3,provable,unknown,timeout,,two-sided,IMELL,20122,1004,5007.218,26105,14925,7162,22759604,0,0,2048,4990.000,87.648,auto,30
lltp,ILL/petri-nets/MCC,,,CircadianClock_circadian_clock-001000_10_1.p,intuitionistic,auto,1,false,,5,0,3,provable,unknown,timeout,,two-sided,IMELL,20122,1004,5005.136,23600,13512,6505,25670808,0,0,2048,4990.000,623.890,auto,30
lltp,ILL/petri-nets/MCC,,,CircadianClock_circadian_clock-001000_1_1.p,intuitionistic,auto,1,false,,5,0,3,provable,proved,,ok,two-sided,IMELL,20122,1004,2.940,3,0,2,11003,0,0,2048,0.000,0.033,auto,30
lltp,ILL/petri-nets/MCC,,,CircadianClock_circadian_clock-001000_20_1.p,intuitionistic,auto,1,false,,5,0,3,provable,unknown,timeout,,two-sided,IMELL,20122,1004,5009.721,23538,13473,6491,25576745,0,0,2048,4990.000,601.487,auto,30
lltp,ILL/petri-nets/MCC,,,CircadianClock_circadian_clock-001000_50_1.p,intuitionistic,auto,1,false,,5,0,3,provable,unknown,timeout,,two-sided,IMELL,20122,1004,5010.105,25063,14310,6932,27497599,0,0,2048,4990.000,112.979,auto,30
lltp,ILL/petri-nets/MCC,,,CircadianClock_circadian_clock-001000_5_1.p,intuitionistic,auto,1,false,,5,0,3,provable,proved,,ok,two-sided,IMELL,20122,1004,76.885,206,67,89,389123,0,0,2048,70.000,7.473,auto,30
lltp,ILL/petri-nets/MCC,,,CircularTrains_CircularTrain-012_100_1.p,intuitionistic,auto,1,false,,5,0,3,provable,proved,,ok,two-sided,IMELL,142,3,9.052,4094,2392,223,396360,0,0,2048,0.000,0.019,auto,30
lltp,ILL/petri-nets/MCC,,,CircularTrains_CircularTrain-012_10_1.p,intuitionistic,auto,1,false,,5,0,3,provable,proved,,ok,two-sided,IMELL,142,2,0.951,1469,848,130,8240,0,0,2048,0.000,0.013,auto,30
lltp,ILL/petri-nets/MCC,,,CircularTrains_CircularTrain-012_1_1.p,intuitionistic,auto,1,false,,5,0,3,provable,proved,,ok,two-sided,IMELL,142,3,0.076,3,0,2,21,0,0,2048,0.000,0.012,auto,30
lltp,ILL/petri-nets/MCC,,,CircularTrains_CircularTrain-012_20_1.p,intuitionistic,auto,1,false,,5,0,3,provable,proved,,ok,two-sided,IMELL,142,3,0.533,845,472,105,4519,0,0,2048,0.000,0.012,auto,30
lltp,ILL/petri-nets/MCC,,,CircularTrains_CircularTrain-012_50_1.p,intuitionistic,auto,1,false,,5,0,3,provable,proved,,ok,two-sided,IMELL,142,3,5.398,3062,1786,185,197505,0,0,2048,0.000,0.041,auto,30
lltp,ILL/petri-nets/MCC,,,CircularTrains_CircularTrain-012_5_1.p,intuitionistic,auto,1,false,,5,0,3,provable,proved,,ok,two-sided,IMELL,142,3,0.219,199,91,51,1048,0,0,2048,0.000,0.014,auto,30
lltp,ILL/petri-nets/MCC,,,CircularTrains_CircularTrain-024_100_1.p,intuitionistic,auto,1,false,,5,0,3,provable,unknown,timeout,,two-sided,IMELL,286,3,5004.180,2044960,1613226,50345,263424627,0,0,2048,4980.000,456.114,auto,30
lltp,ILL/petri-nets/MCC,,,CircularTrains_CircularTrain-024_10_1.p,intuitionistic,auto,1,false,,5,0,3,provable,proved,,ok,two-sided,IMELL,286,3,170.471,71294,54278,6251,9695766,0,0,2048,160.000,17.562,auto,30
lltp,ILL/petri-nets/MCC,,,CircularTrains_CircularTrain-024_1_1.p,intuitionistic,auto,1,false,,5,0,3,provable,proved,,ok,two-sided,IMELL,286,3,0.101,3,0,2,41,0,0,2048,0.000,0.014,auto,30
lltp,ILL/petri-nets/MCC,,,CircularTrains_CircularTrain-024_20_1.p,intuitionistic,auto,1,false,,5,0,3,provable,proved,,ok,two-sided,IMELL,286,3,2380.634,995290,785984,31682,125269445,0,0,2048,2360.000,207.520,auto,30
lltp,ILL/petri-nets/MCC,,,CircularTrains_CircularTrain-024_50_1.p,intuitionistic,auto,1,false,,5,0,3,provable,unknown,timeout,,two-sided,IMELL,286,3,5004.013,2049750,1617015,50375,264017588,0,0,2048,4990.000,459.724,auto,30
lltp,ILL/petri-nets/MCC,,,CircularTrains_CircularTrain-024_5_1.p,intuitionistic,auto,1,false,,5,0,3,provable,proved,,ok,two-sided,IMELL,286,3,3.663,1636,994,424,204326,0,0,2048,0.000,0.018,auto,30
lltp,ILL/petri-nets/MCC,,,CircularTrains_CircularTrain-048_100_1.p,intuitionistic,auto,1,false,,5,0,3,provable,proved,,ok,two-sided,IMELL,574,3,28.443,8596,5199,2851,1507749,0,0,2048,20.000,3.905,auto,30
lltp,ILL/petri-nets/MCC,,,CircularTrains_CircularTrain-048_10_1.p,intuitionistic,auto,1,false,,5,0,3,provable,unknown,timeout,,two-sided,IMELL,574,3,5021.109,1976374,1578371,266631,249224703,0,0,2048,5000.000,1002.639,auto,30
lltp,ILL/petri-nets/MCC,,,CircularTrains_CircularTrain-048_1_1.p,intuitionistic,auto,1,false,,5,0,3,provable,proved,,ok,two-sided,IMELL,574,3,0.129,3,0,2,78,0,0,2048,0.000,0.018,auto,30
lltp,ILL/petri-nets/MCC,,,CircularTrains_CircularTrain-048_20_1.p,intuitionistic,auto,1,false,,5,0,3,provable,unknown,timeout,,two-sided,IMELL,574,3,5014.907,1513172,1202568,210385,156163953,0,0,2048,4990.000,689.807,auto,30
lltp,ILL/petri-nets/MCC,,,CircularTrains_CircularTrain-048_50_1.p,intuitionistic,auto,1,false,,5,0,3,provable,proved,,ok,two-sided,IMELL,574,3,0.209,55,1,49,424,0,0,2048,0.000,0.018,auto,30
lltp,ILL/petri-nets/MCC,,,CircularTrains_CircularTrain-048_5_1.p,intuitionistic,auto,1,false,,5,0,3,provable,proved,,ok,two-sided,IMELL,574,3,50.651,17724,12020,4574,2791646,0,0,2048,50.000,9.520,auto,30
lltp,ILL/petri-nets/MCC,,,CircularTrains_CircularTrain-096_100_1.p,intuitionistic,auto,1,false,,5,0,3,provable,proved,,ok,two-sided,IMELL,1150,3,239.853,54417,34465,18243,12366703,0,0,2048,230.000,40.379,auto,30
lltp,ILL/petri-nets/MCC,,,CircularTrains_CircularTrain-096_1_1.p,intuitionistic,auto,1,false,,5,0,3,provable,proved,,ok,two-sided,IMELL,1150,3,0.213,3,0,2,101,0,0,2048,0.000,0.027,auto,30
lltp,ILL/petri-nets/MCC,,,CircularTrains_CircularTrain-096_20_1.p,intuitionistic,auto,1,false,,5,0,3,provable,unknown,timeout,,two-sided,IMELL,1150,3,5067.315,1280687,940020,300347,235584921,0,0,2048,5050.000,916.160,auto,30
lltp,ILL/petri-nets/MCC,,,CircularTrains_CircularTrain-096_50_1.p,intuitionistic,auto,1,false,,5,0,3,provable,unknown,timeout,,two-sided,IMELL,1150,3,5044.329,855847,617642,211268,94903915,0,0,2048,5030.000,795.997,auto,30
lltp,ILL/petri-nets/MCC,,,CircularTrains_CircularTrain-096_5_1.p,intuitionistic,auto,1,false,,5,0,3,provable,proved,,ok,two-sided,IMELL,1150,3,906.671,226412,161448,57850,43768432,0,0,2048,900.000,168.104,auto,30
lltp,ILL/petri-nets/MCC,,,CircularTrains_CircularTrain-192_100_1.p,intuitionistic,auto,1,false,,5,0,3,provable,unknown,timeout,,two-sided,IMELL,2302,3,5035.146,509253,327427,173859,69618791,0,0,2048,5020.000,792.422,auto,30
lltp,ILL/petri-nets/MCC,,,CircularTrains_CircularTrain-192_1_1.p,intuitionistic,auto,1,false,,5,0,3,provable,proved,,ok,two-sided,IMELL,2302,3,0.251,3,0,2,261,0,0,2048,0.000,0.016,auto,30
lltp,ILL/petri-nets/MCC,,,CircularTrains_CircularTrain-192_20_1.p,intuitionistic,auto,1,false,,5,0,3,provable,unknown,timeout,,two-sided,IMELL,2302,3,5056.800,765786,500357,253449,217671498,0,0,2048,5040.000,882.154,auto,30
lltp,ILL/petri-nets/MCC,,,CircularTrains_CircularTrain-192_50_1.p,intuitionistic,auto,1,false,,5,0,3,provable,unknown,timeout,,two-sided,IMELL,2302,3,5033.696,504962,324259,172803,81541900,0,0,2048,5010.000,777.380,auto,30
lltp,ILL/petri-nets/MCC,,,CircularTrains_CircularTrain-192_5_1.p,intuitionistic,auto,1,false,,5,0,3,provable,unknown,timeout,,two-sided,IMELL,2302,3,5043.318,635019,411418,213667,156758642,0,0,2048,5020.000,915.849,auto,30
lltp,ILL/petri-nets/MCC,,,CircularTrains_CircularTrain-384_100_1.p,intuitionistic,auto,1,false,,5,0,3,provable,unknown,timeout,,two-sided,IMELL,4606,3,5029.173,297702,154624,140748,59171274,0,0,2048,5010.000,798.893,auto,30
lltp,ILL/petri-nets/MCC,,,CircularTrains_CircularTrain-384_1_1.p,intuitionistic,auto,1,false,,5,0,3,provable,proved,,ok,two-sided,IMELL,4606,3,0.590,3,0,2,581,0,0,2048,0.000,0.039,auto,30
lltp,ILL/petri-nets/MCC,,,CircularTrains_CircularTrain-384_20_1.p,intuitionistic,auto,1,false,,5,0,3,provable,unknown,timeout,,two-sided,IMELL,4606,3,5043.297,444549,240881,200191,195064052,0,0,2048,5030.000,1018.179,auto,30
lltp,ILL/petri-nets/MCC,,,CircularTrains_CircularTrain-384_50_1.p,intuitionistic,auto,1,false,,5,0,3,provable,unknown,timeout,,two-sided,IMELL,4606,3,5031.401,303130,157350,143408,70779141,0,0,2048,5010.000,831.272,auto,30
lltp,ILL/petri-nets/MCC,,,CircularTrains_CircularTrain-384_5_1.p,intuitionistic,auto,1,false,,5,0,3,provable,unknown,timeout,,two-sided,IMELL,4606,3,5038.038,379297,201866,174464,137751104,0,0,2048,5020.000,730.260,auto,30
lltp,ILL/petri-nets/MCC,,,CircularTrains_CircularTrain-768_100_1.p,intuitionistic,auto,1,false,,5,0,3,provable,unknown,timeout,,two-sided,IMELL,9214,3,5026.501,160329,71497,88202,37866037,0,0,2048,5010.000,737.520,auto,30
lltp,ILL/petri-nets/MCC,,,CircularTrains_CircularTrain-768_1_1.p,intuitionistic,auto,1,false,,5,0,3,provable,proved,,ok,two-sided,IMELL,9214,3,1.508,3,0,2,865,0,0,2048,0.000,0.015,auto,30
lltp,ILL/petri-nets/MCC,,,CircularTrains_CircularTrain-768_20_1.p,intuitionistic,auto,1,false,,5,0,3,provable,unknown,timeout,,two-sided,IMELL,9214,3,5042.310,225856,104250,120720,127258960,0,0,2048,5030.000,894.820,auto,30
lltp,ILL/petri-nets/MCC,,,CircularTrains_CircularTrain-768_50_1.p,intuitionistic,auto,1,false,,5,0,3,provable,unknown,timeout,,two-sided,IMELL,9214,3,5028.922,153861,69022,84234,45600922,0,0,2048,5010.000,761.777,auto,30
lltp,ILL/petri-nets/MCC,,,CircularTrains_CircularTrain-768_5_1.p,intuitionistic,auto,1,false,,5,0,3,provable,unknown,timeout,,two-sided,IMELL,9214,3,5027.436,206731,98663,107256,85599123,0,0,2048,5010.000,836.321,auto,30
lltp,ILL/petri-nets/MCC,,,ClientsAndServers-0001-0_100_1.p,intuitionistic,auto,1,false,,5,0,3,provable,unknown,timeout,,two-sided,IMELL,178,9,5000.622,28064906,28043205,3012,109896261,0,0,2048,4970.000,62.689,auto,30
lltp,ILL/petri-nets/MCC,,,ClientsAndServers-0001-0_10_1.p,intuitionistic,auto,1,false,,5,0,3,provable,proved,,ok,two-sided,IMELL,190,9,0.630,441,176,80,4970,0,0,2048,0.000,0.015,auto,30
lltp,ILL/petri-nets/MCC,,,ClientsAndServers-0001-0_1_1.p,intuitionistic,auto,1,false,,5,0,3,provable,proved,,ok,two-sided,IMELL,176,9,0.085,3,0,2,39,0,0,2048,0.000,0.013,auto,30
lltp,ILL/petri-nets/MCC,,,ClientsAndServers-0001-0_20_1.p,intuitionistic,auto,1,false,,5,0,3,provable,proved,,ok,two-sided,IMELL,182,9,14.998,37981,34619,630,216850,0,0,2048,10.000,2.066,auto,30
lltp,ILL/petri-nets/MCC,,,ClientsAndServers-0001-0_50_1.p,intuitionistic,auto,1,false,,5,0,3,provable,unknown,timeout,,two-sided,IMELL,178,9,5001.025,22796855,22775156,3010,92289672,0,0,2048,4980.000,64.672,auto,30
lltp,ILL/petri-nets/MCC,,,ClientsAndServers-0001-0_5_1.p,intuitionistic,auto,1,false,,5,0,3,provable,proved,,ok,two-sided,IMELL,184,9,0.146,36,4,13,586,0,0,2048,0.000,0.011,auto,30
lltp,ILL/petri-nets/MCC,,,ClientsAndServers-0002-0_100_1.p,intuitionistic,auto,1,false,,5,0,3,provable,unknown,timeout,,two-sided,IMELL,250,17,5002.590,267868,188482,13649,309094852,0,0,2048,4980.000,98.567,auto,30
lltp,ILL/petri-nets/MCC,,,ClientsAndServers-0002-0_10_1.p,intuitionistic,auto,1,false,,5,0,3,provable,proved,,ok,two-sided,IMELL,262,17,0.918,499,204,98,7492,0,0,2048,0.000,0.018,auto,30
lltp,ILL/petri-nets/MCC,,,ClientsAndServers-0002-0_1_1.p,intuitionistic,auto,1,false,,5,0,3,provable,proved,,ok,two-sided,IMELL,244,17,0.083,3,0,2,74,0,0,2048,0.000,0.012,auto,30
lltp,ILL/petri-nets/MCC,,,ClientsAndServers-0002-0_20_1.p,intuitionistic,auto,1,false,,5,0,3,provable,proved,,ok,two-sided,IMELL,270,17,59.057,95670,88484,1669,916222,0,0,2048,50.000,6.934,auto,30
lltp,ILL/petri-nets/MCC,,,ClientsAndServers-0002-0_50_1.p,intuitionistic,auto,1,false,,5,0,3,provable,unknown,timeout,,two-sided,IMELL,258,17,5000.650,14594321,14514926,13657,104801253,0,0,2048,4980.000,128.699,auto,30
lltp,ILL/petri-nets/MCC,,,ClientsAndServers-0002-0_5_1.p,intuitionistic,auto,1,false,,5,0,3,provable,proved,,ok,two-sided,IMELL,252,17,0.202,36,4,13,849,0,0,2048,0.000,0.012,auto,30
lltp,ILL/petri-nets/MCC,,,ClientsAndServers-0002-1_100_1.p,intuitionistic,auto,1,false,,5,0,3,provable,unknown,timeout,,two-sided,IMELL,266,17,5001.038,3140830,3061368,13850,325925369,0,0,2048,4980.000,157.431,auto,30
lltp,ILL/petri-nets/MCC,,,ClientsAndServers-0002-1_10_1.p,intuitionistic,auto,1,false,,5,0,3,provable,proved,,ok,two-sided,IMELL,282,17,0.947,499,204,98,9654,0,0,2048,0.000,0.013,auto,30
lltp,ILL/petri-nets/MCC,,,ClientsAndServers-0002-1_1_1.p,intuitionistic,auto,1,false,,5,0,3,provable,proved,,ok,two-sided,IMELL,264,17,0.085,3,0,2,89,0,0,2048,0.000,0.010,auto,30
lltp,ILL/petri-nets/MCC,,,ClientsAndServers-0002-1_20_1.p,intuitionistic,auto,1,false,,5,0,3,provable,proved,,ok,two-sided,IMELL,290,17,64.080,102268,95102,1659,978526,0,0,2048,60.000,7.577,auto,30
lltp,ILL/petri-nets/MCC,,,ClientsAndServers-0002-1_50_1.p,intuitionistic,auto,1,false,,5,0,3,provable,unknown,timeout,,two-sided,IMELL,278,17,5001.041,15366477,15287014,13851,98073036,0,0,2048,4980.000,167.872,auto,30
lltp,ILL/petri-nets/MCC,,,ClientsAndServers-0002-1_5_1.p,intuitionistic,auto,1,false,,5,0,3,provable,proved,,ok,two-sided,IMELL,272,17,0.205,36,4,13,1042,0,0,2048,0.000,0.013,auto,30
lltp,ILL/petri-nets/MCC,,,ClientsAndServers-0005-0_100_1.p,intuitionistic,auto,1,false,,5,0,3,provable,unknown,timeout,,two-sided,IMELL,502,41,5004.009,483119,347638,27726,254895577,0,0,2048,4980.000,292.398,auto,30
lltp,ILL/petri-nets/MCC,,,ClientsAndServers-0005-0_10_1.p,intuitionistic,auto,1,false,,5,0,3,provable,proved,,ok,two-sided,IMELL,466,41,1.420,499,204,98,13114,0,0,2048,0.000,0.031,auto,30
lltp,ILL/petri-nets/MCC,,,ClientsAndServers-0005-0_1_1.p,intuitionistic,auto,1,false,,5,0,3,provable,proved,,ok,two-sided,IMELL,448,41,0.098,3,0,2,179,0,0,2048,0.000,0.012,auto,30
lltp,ILL/petri-nets/MCC,,,ClientsAndServers-0005-0_20_1.p,intuitionistic,auto,1,false,,5,0,3,provable,proved,,ok,two-sided,IMELL,486,41,228.222,22354,14067,2087,5477623,0,0,2048,220.000,19.256,auto,30
lltp,ILL/petri-nets/MCC,,,ClientsAndServers-0005-0_50_1.p,intuitionistic,auto,1,false,,5,0,3,provable,unknown,timeout,,two-sided,IMELL,518,41,5002.184,483119,347638,27726,361152842,0,0,2048,4980.000,412.982,auto,30
lltp,ILL/petri-nets/MCC,,,ClientsAndServers-0005-0_5_1.p,intuitionistic,auto,1,false,,5,0,3,provable,proved,,ok,two-sided,IMELL,456,41,0.251,36,4,13,1638,0,0,2048,0.000,0.013,auto,30
lltp,ILL/petri-nets/MCC,,,ClientsAndServers-0005-1_100_1.p,intuitionistic,auto,1,false,,5,0,3,provable,unknown,timeout,,two-sided,IMELL,522,41,5000.247,483119,347638,27726,254046013,0,0,2048,4980.000,360.923,auto,30
lltp,ILL/petri-nets/MCC,,,ClientsAndServers-0005-1_10_1.p,intuitionistic,auto,1,false,,5,0,3,provable,proved,,ok,two-sided,IMELL,486,41,6.318,500,204,98,202741,0,0,2048,0.000,2.023,auto,30
lltp,ILL/petri-nets/MCC,,,ClientsAndServers-0005-1_1_1.p,intuitionistic,auto,1,false,,5,0,3,provable,proved,,ok,two-sided,IMELL,468,41,0.112,3,0,2,194,0,0,2048,0.000,0.013,auto,30
lltp,ILL/petri-nets/MCC,,,ClientsAndServers-0005-1_20_1.p,intuitionistic,auto,1,false,,5,0,3,provable,proved,,ok,two-sided,IMELL,506,41,229.260,22354,14067,2087,5721137,0,0,2048,220.000,20.173,auto,30
lltp,ILL/petri-nets/MCC,,,ClientsAndServers-0005-1_50_1.p,intuitionistic,auto,1,false,,5,0,3,provable,unknown,timeout,,two-sided,IMELL,538,41,5004.218,483119,347638,27726,367556005,0,0,2048,4980.000,466.664,auto,30
lltp,ILL/petri-nets/MCC,,,ClientsAndServers-0005-1_5_1.p,intuitionistic,auto,1,false,,5,0,3,provable,proved,,ok,two-sided,IMELL,476,41,0.283,36,4,13,1831,0,0,2048,0.000,0.014,auto,30
lltp,ILL/petri-nets/MCC,,,ClientsAndServers-0010-0_100_1.p,intuitionistic,auto,1,false,,5,0,3,provable,unknown,timeout,,two-sided,IMELL,906,81,5009.195,485099,348922,28011,120105764,0,0,2048,4990.000,643.836,auto,30
lltp,ILL/petri-nets/MCC,,,ClientsAndServers-0010-0_10_1.p,intuitionistic,auto,1,false,,5,0,3,provable,proved,,ok,two-sided,IMELL,806,81,6.346,500,204,98,144228,0,0,2048,0.000,1.429,auto,30
lltp,ILL/petri-nets/MCC,,,ClientsAndServers-0010-0_1_1.p,intuitionistic,auto,1,false,,5,0,3,provable,proved,,ok,two-sided,IMELL,788,81,0.124,3,0,2,354,0,0,2048,0.000,0.013,auto,30
lltp,ILL/petri-nets/MCC,,,ClientsAndServers-0010-0_20_1.p,intuitionistic,auto,1,false,,5,0,3,provable,proved,,ok,two-sided,IMELL,826,81,275.793,22354,14067,2087,5653193,0,0,2048,270.000,35.628,auto,30
lltp,ILL/petri-nets/MCC,,,ClientsAndServers-0010-0_50_1.p,intuitionistic,auto,1,false,,5,0,3,provable,unknown,timeout,,two-sided,IMELL,886,81,5007.406,485099,348922,28011,83150640,0,0,2048,4990.000,460.404,auto,30
lltp,ILL/petri-nets/MCC,,,ClientsAndServers-0010-0_5_1.p,intuitionistic,auto,1,false,,5,0,3,provable,proved,,ok,two-sided,IMELL,796,81,0.359,36,4,13,2953,0,0,2048,0.000,0.013,auto,30
lltp,ILL/petri-nets/MCC,,,ClientsAndServers-0010-1_100_1.p,intuitionistic,auto,1,false,,5,0,3,provable,unknown,timeout,,two-sided,IMELL,926,81,5008.014,485099,348922,28011,121205427,0,0,2048,4990.000,672.596,auto,30
lltp,ILL/petri-nets/MCC,,,ClientsAndServers-0010-1_10_1.p,intuitionistic,auto,1,false,,5,0,3,provable,proved,,ok,two-sided,IMELL,826,81,6.457,500,204,98,146395,0,0,2048,0.000,1.890,auto,30
lltp,ILL/petri-nets/MCC,,,ClientsAndServers-0010-1_1_1.p,intuitionistic,auto,1,false,,5,0,3,provable,proved,,ok,two-sided,IMELL,808,81,0.138,3,0,2,369,0,0,2048,0.000,0.014,auto,30
lltp,ILL/petri-nets/MCC,,,ClientsAndServers-0010-1_20_1.p,intuitionistic,auto,1,false,,5,0,3,provable,proved,,ok,two-sided,IMELL,846,81,289.305,22354,14067,2087,5829187,0,0,2048,280.000,30.763,auto,30
lltp,ILL/petri-nets/MCC,,,ClientsAndServers-0010-1_50_1.p,intuitionistic,auto,1,false,,5,0,3,provable,unknown,timeout,,two-sided,IMELL,906,81,5011.202,485099,348922,28011,85460703,0,0,2048,4990.000,400.167,auto,30
lltp,ILL/petri-nets/MCC,,,ClientsAndServers-0010-1_5_1.p,intuitionistic,auto,1,false,,5,0,3,provable,proved,,ok,two-sided,IMELL,816,81,0.374,36,4,13,3146,0,0,2048,0.000,0.014,auto,30
lltp,ILL/petri-nets/MCC,,,ClientsAndServers-0010-2_100_1.p,intuitionistic,auto,1,false,,5,0,3,provable,unknown,timeout,,two-sided,IMELL,946,81,5001.417,485099,348922,28011,119684747,0,0,2048,4980.000,674.475,auto,30
lltp,ILL/petri-nets/MCC,,,ClientsAndServers-0010-2_10_1.p,intuitionistic,auto,1,false,,5,0,3,provable,proved,,ok,two-sided,IMELL,846,81,6.597,500,204,98,148562,0,0,2048,0.000,3.660,auto,30
lltp,ILL/petri-nets/MCC,,,ClientsAndServers-0010-2_1_1.p,intuitionistic,auto,1,false,,5,0,3,provable,proved,,ok,two-sided,IMELL,828,81,0.142,3,0,2,384,0,0,2048,0.000,0.012,auto,30
lltp,ILL/petri-nets/MCC,,,ClientsAndServers-0010-2_20_1.p,intuitionistic,auto,1,false,,5,0,3,provable,proved,,ok,two-sided,IMELL,866,81,287.421,22354,14067,2087,6006710,0,0,2048,280.000,33.483,auto,30
lltp,ILL/petri-nets/MCC,,,ClientsAndServers-0010-2_50_1.p,intuitionistic,auto,1,false,,5,0,3,provable,unknown,timeout,,two-sided,IMELL,926,81,5004.782,481365,346275,27962,85040068,0,0,2048,4980.000,454.707,auto,30
lltp,ILL/petri-nets/MCC,,,ClientsAndServers-0010-2_5_1.p,intuitionistic,auto,1,false,,5,0,3,provable,proved,,ok,two-sided,IMELL,836,81,0.377,36,4,13,3339,0,0,2048,0.000,0.013,auto,30
lltp,ILL/petri-nets/MCC,,,ClientsAndServers-0020-0_100_1.p,intuitionistic,auto,1,false,,5,0,3,provable,unknown,timeout,,two-sided,IMELL,1506,161,5003.971,356556,253920,21895,77677898,0,0,2048,4980.000,311.135,auto,30
lltp,ILL/petri-nets/MCC,,,ClientsAndServers-0020-0_10_1.p,intuitionistic,auto,1,false,,5,0,3,provable,proved,,ok,two-sided,IMELL,1486,161,15.832,500,204,98,319465,0,0,2048,10.000,0.155,auto,30
lltp,ILL/petri-nets/MCC,,,ClientsAndServers-0020-0_1_1.p,intuitionistic,auto,1,false,,5,0,3,provable,proved,,ok,two-sided,IMELL,1468,161,0.184,3,0,2,704,0,0,2048,0.000,0.013,auto,30
lltp,ILL/petri-nets/MCC,,,ClientsAndServers-0020-0_20_1.p,intuitionistic,auto,1,false,,5,0,3,provable,proved,,ok,two-sided,IMELL,1506,161,460.585,22354,14067,2087,7505852,0,0,2048,450.000,52.685,auto,30
lltp,ILL/petri-nets/MCC,,,ClientsAndServers-0020-0_50_1.p,intuitionistic,auto,1,false,,5,0,3,provable,unknown,timeout,,two-sided,IMELL,1566,161,5005.879,382636,272725,23105,64898185,0,0,2048,4990.000,446.390,auto,30
lltp,ILL/petri-nets/MCC,,,ClientsAndServers-0020-0_5_1.p,intuitionistic,auto,1,false,,5,0,3,provable,proved,,ok,two-sided,IMELL,1476,161,0.617,36,4,13,5583,0,0,2048,0.000,0.018,auto,30
lltp,ILL/petri-nets/MCC,,,ClientsAndServers-0020-1_100_1.p,intuitionistic,auto,1,false,,5,0,3,provable,unknown,timeout,,two-sided,IMELL,1526,161,5004.434,354890,252647,21831,79078638,0,0,2048,4990.000,371.738,auto,30
lltp,ILL/petri-nets/MCC,,,ClientsAndServers-0020-1_10_1.p,intuitionistic,auto,1,false,,5,0,3,provable,proved,,ok,two-sided,IMELL,1506,161,15.886,500,204,98,321632,0,0,2048,10.000,0.035,auto,30
lltp,ILL/petri-nets/MCC,,,ClientsAndServers-0020-1_1_1.p,intuitionistic,auto,1,false,,5,0,3,provable,proved,,ok,two-sided,IMELL,1488,161,0.192,3,0,2,719,0,0,2048,0.000,0.013,auto,30
lltp,ILL/petri-nets/MCC,,,ClientsAndServers-0020-1_20_1.p,intuitionistic,auto,1,false,,5,0,3,provable,proved,,ok,two-sided,IMELL,1526,161,467.014,22354,14067,2087,7638267,0,0,2048,460.000,60.373,auto,30
lltp,ILL/petri-nets/MCC,,,ClientsAndServers-0020-1_50_1.p,intuitionistic,auto,1,false,,5,0,3,provable,unknown,timeout,,two-sided,IMELL,1586,161,5003.211,377744,269463,22638,65429368,0,0,2048,4990.000,443.736,auto,30
lltp,ILL/petri-nets/MCC,,,ClientsAndServers-0020-1_5_1.p,intuitionistic,auto,1,false,,5,0,3,provable,proved,,ok,two-sided,IMELL,1496,161,0.643,36,4,13,5776,0,0,2048,0.000,0.018,auto,30
lltp,ILL/petri-nets/MCC,,,ClientsAndServers-0020-2_100_1.p,intuitionistic,auto,1,false,,5,0,3,provable,unknown,timeout,,two-sided,IMELL,1546,161,5003.258,403499,287919,24416,72600172,0,0,2048,4980.000,913.914,auto,30
lltp,ILL/petri-nets/MCC,,,ClientsAndServers-0020-2_10_1.p,intuitionistic,auto,1,false,,5,0,3,provable,proved,,ok,two-sided,IMELL,1526,161,15.956,500,204,98,323799,0,0,2048,10.000,1.978,auto,30
lltp,ILL/petri-nets/MCC,,,ClientsAndServers-0020-2_1_1.p,intuitionistic,auto,1,false,,5,0,3,provable,proved,,ok,two-sided,IMELL,1508,161,0.189,3,0,2,734,0,0,2048,0.000,0.013,auto,30
lltp,ILL/petri-nets/MCC,,,ClientsAndServers-0020-2_20_1.p,intuitionistic,auto,1,false,,5,0,3,provable,proved,,ok,two-sided,IMELL,1546,161,413.273,22354,14067,2087,6284447,0,0,2048,410.000,51.202,auto,30
lltp,ILL/petri-nets/MCC,,,ClientsAndServers-0020-2_50_1.p,intuitionistic,auto,1,false,,5,0,3,provable,unknown,timeout,,two-sided,IMELL,1606,161,5004.320,379082,270306,22793,67234830,0,0,2048,4990.000,758.601,auto,30
lltp,ILL/petri-nets/MCC,,,ClientsAndServers-0020-2_5_1.p,intuitionistic,auto,1,false,,5,0,3,provable,proved,,ok,two-sided,IMELL,1516,161,0.637,36,4,13,5969,0,0,2048,0.000,0.012,auto,30
lltp,ILL/petri-nets/MCC,,,ClientsAndServers-0020-3_100_1.p,intuitionistic,auto,1,false,,5,0,3,provable,unknown,timeout,,two-sided,IMELL,1566,161,5004.432,397375,283356,24079,73283629,0,0,2048,4980.000,909.205,auto,30
lltp,ILL/petri-nets/MCC,,,ClientsAndServers-0020-3_10_1.p,intuitionistic,auto,1,false,,5,0,3,provable,proved,,ok,two-sided,IMELL,1546,161,13.822,500,204,98,265733,0,0,2048,10.000,1.609,auto,30
lltp,ILL/petri-nets/MCC,,,ClientsAndServers-0020-3_1_1.p,intuitionistic,auto,1,false,,5,0,3,provable,proved,,ok,two-sided,IMELL,1528,161,0.196,3,0,2,749,0,0,2048,0.000,0.014,auto,30
lltp,ILL/petri-nets/MCC,,,ClientsAndServers-0020-3_20_1.p,intuitionistic,auto,1,false,,5,0,3,provable,proved,,ok,two-sided,IMELL,1566,161,412.603,22354,14067,2087,6478308,0,0,2048,410.000,43.960,auto,30
lltp,ILL/petri-nets/MCC,,,ClientsAndServers-0020-3_50_1.p,intuitionistic,auto,1,false,,5,0,3,provable,unknown,timeout,,two-sided,IMELL,1626,161,5003.058,367496,262053,22383,66528285,0,0,2048,4980.000,494.418,auto,30
lltp,ILL/petri-nets/MCC,,,ClientsAndServers-0020-3_5_1.p,intuitionistic,auto,1,false,,5,0,3,provable,proved,,ok,two-sided,IMELL,1536,161,0.684,36,4,13,6162,0,0,2048,0.000,0.020,auto,30
lltp,ILL/petri-nets/MCC,,,ClientsAndServers-0020-4_100_1.p,intuitionistic,auto,1,false,,5,0,3,provable,unknown,timeout,,two-sided,IMELL,1586,161,5003.170,385693,274960,23290,72722758,0,0,2048,4990.000,846.429,auto,30
lltp,ILL/petri-nets/MCC,,,ClientsAndServers-0020-4_10_1.p,intuitionistic,auto,1,false,,5,0,3,provable,proved,,ok,two-sided,IMELL,1566,161,14.042,500,204,98,267900,0,0,2048,10.000,2.917,auto,30
lltp,ILL/petri-nets/MCC,,,ClientsAndServers-0020-4_1_1.p,intuitionistic,auto,1,false,,5,0,3,provable,proved,,ok,two-sided,IMELL,1548,161,0.194,3,0,2,764,0,0,2048,0.000,0.012,auto,30
lltp,ILL/petri-nets/MCC,,,ClientsAndServers-0020-4_20_1.p,intuitionistic,auto,1,false,,5,0,3,provable,proved,,ok,two-sided,IMELL,1586,161,424.942,22354,14067,2087,6612580,0,0,2048,420.000,57.121,auto,30
lltp,ILL/petri-nets/MCC,,,ClientsAndServers-0020-4_50_1.p,intuitionistic,auto,1,false,,5,0,3,provable,unknown,timeout,,two-sided,IMELL,1646,161,5003.127,361763,257716,22149,67067368,0,0,2048,4980.000,506.748,auto,30
lltp,ILL/petri-nets/MCC,,,ClientsAndServers-0020-4_5_1.p,intuitionistic,auto,1,false,,5,0,3,provable,proved,,ok,two-sided,IMELL,1556,161,0.687,36,4,13,6355,0,0,2048,0.000,0.019,auto,30
lltp,ILL/petri-nets/MCC,,,ClientsAndServers-0050-0_100_1.p,intuitionistic,auto,1,false,,5,0,3,provable,unknown,timeout,,two-sided,IMELL,3506,401,5002.320,201284,140259,13580,53075669,0,0,2048,4980.000,1133.938,auto,30
lltp,ILL/petri-nets/MCC,,,ClientsAndServers-0050-0_10_1.p,intuitionistic,auto,1,false,,5,0,3,provable,proved,,ok,two-sided,IMELL,3526,401,35.267,500,204,98,423858,0,0,2048,30.000,1.194,auto,30
lltp,ILL/petri-nets/MCC,,,ClientsAndServers-0050-0_1_1.p,intuitionistic,auto,1,false,,5,0,3,provable,proved,,ok,two-sided,IMELL,3508,401,0.378,3,0,2,1754,0,0,2048,0.000,0.016,auto,30
lltp,ILL/petri-nets/MCC,,,ClientsAndServers-0050-0_20_1.p,intuitionistic,auto,1,false,,5,0,3,provable,proved,,ok,two-sided,IMELL,3546,401,900.344,22354,14067,2087,9283101,0,0,2048,890.000,120.105,auto,30
lltp,ILL/petri-nets/MCC,,,ClientsAndServers-0050-0_50_1.p,intuitionistic,auto,1,false,,5,0,3,provable,unknown,timeout,,two-sided,IMELL,3606,401,5003.837,181210,125570,12413,46979582,0,0,2048,4990.000,788.649,auto,30
lltp,ILL/petri-nets/MCC,,,ClientsAndServers-0050-0_5_1.p,intuitionistic,auto,1,false,,5,0,3,provable,proved,,ok,two-sided,IMELL,3516,401,1.556,36,4,13,13473,0,0,2048,0.000,0.018,auto,30
lltp,ILL/petri-nets/MCC,,,ClientsAndServers-0100-0_100_1.p,intuitionistic,auto,1,false,,5,0,3,provable,unknown,timeout,,two-sided,IMELL,6906,801,5003.450,105456,71502,7845,37254382,0,0,2048,4980.000,994.346,auto,30
lltp,ILL/petri-nets/MCC,,,ClientsAndServers-0100-0_10_1.p,intuitionistic,auto,1,false,,5,0,3,provable,proved,,ok,two-sided,IMELL,6926,801,67.382,500,204,98,523861,0,0,2048,60.000,13.042,auto,30
lltp,ILL/petri-nets/MCC,,,ClientsAndServers-0100-0_1_1.p,intuitionistic,auto,1,false,,5,0,3,provable,proved,,ok,two-sided,IMELL,6908,801,0.825,3,0,2,3504,0,0,2048,0.000,0.017,auto,30
lltp,ILL/petri-nets/MCC,,,ClientsAndServers-0100-0_20_1.p,intuitionistic,auto,1,false,,5,0,3,provable,proved,,ok,two-sided,IMELL,6946,801,1747.864,22354,14067,2087,11787162,0,0,2048,1740.000,192.179,auto,30
lltp,ILL/petri-nets/MCC,,,ClientsAndServers-0100-0_50_1.p,intuitionistic,auto,1,false,,5,0,3,provable,unknown,timeout,,two-sided,IMELL,7006,801,5004.129,90411,61004,6939,34172562,0,0,2048,4990.000,794.518,auto,30
lltp,ILL/petri-nets/MCC,,,ClientsAndServers-0100-0_5_1.p,intuitionistic,auto,1,false,,5,0,3,provable,proved,,ok,two-sided,IMELL,6916,801,7.662,37,4,13,75187,0,0,2048,10.000,3.057,auto,30
lltp,ILL/petri-nets/MCC,,,ClientsAndServers-0200-0_100_1.p,intuitionistic,auto,1,false,,5,0,3,provable,unknown,timeout,,two-sided,IMELL,13706,1601,5002.988,40474,26359,3458,23606522,0,0,2048,4980.000,743.286,auto,30
lltp,ILL/petri-nets/MCC,,,ClientsAndServers-0200-0_10_1.p,intuitionistic,auto,1,false,,5,0,3,provable,proved,,ok,two-sided,IMELL,13726,1601,168.029,500,204,98,810062,0,0,2048,170.000,22.036,auto,30
lltp,ILL/petri-nets/MCC,,,ClientsAndServers-0200-0_1_1.p,intuitionistic,auto,1,false,,5,0,3,provable,proved,,ok,two-sided,IMELL,13708,1601,1.900,3,0,2,7004,0,0,2048,0.000,0.014,auto,30
lltp,ILL/petri-nets/MCC,,,ClientsAndServers-0200-0_20_1.p,intuitionistic,auto,1,false,,5,0,3,provable,proved,,ok,two-sided,IMELL,13746,1601,3912.749,22354,14067,2087,16578777,0,0,2048,3890.000,51.061,auto,30
lltp,ILL/petri-nets/MCC,,,ClientsAndServers-0200-0_50_1.p,intuitionistic,auto,1,false,,5,0,3,provable,unknown,timeout,,two-sided,IMELL,13806,1601,5004.366,33826,21686,3060,22282411,0,0,2048,4980.000,296.867,auto,30
lltp,ILL/petri-nets/MCC,,,ClientsAndServers-0200-0_5_1.p,intuitionistic,auto,1,false,,5,0,3,provable,proved,,ok,two-sided,IMELL,13716,1601,18.131,37,4,13,108792,0,0,2048,20.000,0.854,auto,30
lltp,ILL/petri-nets/MCC,,,ClientsAndServers-0500-0_100_1.p,intuitionistic,auto,1,false,,5,0,3,provable,unknown,timeout,,two-sided,IMELL,34106,4001,5019.798,11162,6725,1195,13360011,0,0,2048,5010.000,655.790,auto,30
lltp,ILL/petri-nets/MCC,,,ClientsAndServers-0500-0_10_1.p,intuitionistic,auto,1,false,,5,0,3,provable,proved,,ok,two-sided,IMELL,34126,4001,502.305,500,204,98,1343252,0,0,2048,500.000,107.127,auto,30
lltp,ILL/petri-nets/MCC,,,ClientsAndServers-0500-0_1_1.p,intuitionistic,auto,1,false,,5,0,3,provable,proved,,ok,two-sided,IMELL,34108,4001,7.086,3,0,2,17504,0,0,2048,10.000,0.072,auto,30
lltp,ILL/petri-nets/MCC,,,ClientsAndServers-0500-0_20_1.p,intuitionistic,auto,1,false,,5,0,3,provable,unknown,timeout,,two-sided,IMELL,34146,4001,5003.147,7919,4654,904,12182858,0,0,2048,4990.000,960.617,auto,30
lltp,ILL/petri-nets/MCC,,,ClientsAndServers-0500-0_50_1.p,intuitionistic,auto,1,false,,5,0,3,provable,unknown,timeout,,two-sided,IMELL,34206,4001,5024.784,9091,5341,1042,13399662,0,0,2048,5010.000,396.726,auto,30
lltp,ILL/petri-nets/MCC,,,ClientsAndServers-0500-0_5_1.p,intuitionistic,auto,1,false,,5,0,3,provable,proved,,ok,two-sided,IMELL,34116,4001,68.976,37,4,13,217101,0,0,2048,70.000,13.232,auto,30
lltp,ILL/petri-nets/MCC,,,ClientsAndServers-1000-0_100_1.p,intuitionistic,auto,1,false,,5,0,3,provable,unknown,timeout,,two-sided,IMELL,68106,8001,5056.880,3021,1600,428,8174258,0,0,2048,5040.000,56.591,auto,30
lltp,ILL/petri-nets/MCC,,,ClientsAndServers-1000-0_10_1.p,intuitionistic,auto,1,false,,5,0,3,provable,proved,,ok,two-sided,IMELL,68126,8001,1692.015,500,204,98,2595909,0,0,2048,1680.000,221.999,auto,30
lltp,ILL/petri-nets/MCC,,,ClientsAndServers-1000-0_1_1.p,intuitionistic,auto,1,false,,5,0,3,provable,proved,,ok,two-sided,IMELL,68108,8001,24.630,3,0,2,35004,0,0,2048,20.000,0.071,auto,30
lltp,ILL/petri-nets/MCC,,,ClientsAndServers-1000-0_20_1.p,intuitionistic,auto,1,false,,5,0,3,provable,unknown,timeout,,two-sided,IMELL,68146,8001,5125.796,1979,996,305,7597284,0,0,2048,5110.000,765.535,auto,30
lltp,ILL/petri-nets/MCC,,,ClientsAndServers-1000-0_50_1.p,intuitionistic,auto,1,false,,5,0,3,provable,unknown,timeout,,two-sided,IMELL,68206,8001,5053.037,2368,1234,352,8347347,0,0,2048,5040.000,879.705,auto,30
lltp,ILL/petri-nets/MCC,,,ClientsAndServers-1000-0_5_1.p,intuitionistic,auto,1,false,,5,0,3,provable,proved,,ok,two-sided,IMELL,68116,8001,202.607,37,4,13,371843,0,0,2048,200.000,28.516,auto,30
lltp,ILL/petri-nets/MCC,,,CloudDeployment_deploy_2_a_100_1.p,intuitionistic,auto,1,false,,5,0,3,provable,proved,,ok,two-sided,IMELL,1662,44,0.166,3,0,2,11,0,0,2048,0.000,0.018,auto,30
lltp,ILL/petri-nets/MCC,,,CloudDeployment_deploy_2_a_10_1.p,intuitionistic,auto,1,false,,5,0,3,provable,proved,,ok,two-sided,IMELL,1662,44,0.171,3,0,2,11,0,0,2048,0.000,0.003,auto,30
lltp,ILL/petri-nets/MCC,,,CloudDeployment_deploy_2_a_1_1.p,intuitionistic,auto,1,false,,5,0,3,provable,proved,,ok,two-sided,IMELL,1662,44,0.155,3,0,2,11,0,0,2048,0.000,0.011,auto,30
lltp,ILL/petri-nets/MCC,,,CloudDeployment_deploy_2_a_20_1.p,intuitionistic,auto,1,false,,5,0,3,provable,proved,,ok,two-sided,IMELL,1662,44,0.161,3,0,2,11,0,0,2048,0.000,0.010,auto,30
lltp,ILL/petri-nets/MCC,,,CloudDeployment_deploy_2_a_50_1.p,intuitionistic,auto,1,false,,5,0,3,provable,proved,,ok,two-sided,IMELL,1662,44,0.144,3,0,2,11,0,0,2048,0.000,0.011,auto,30
lltp,ILL/petri-nets/MCC,,,CloudDeployment_deploy_2_a_5_1.p,intuitionistic,auto,1,false,,5,0,3,provable,proved,,ok,two-sided,IMELL,1662,44,0.145,3,0,2,11,0,0,2048,0.000,0.009,auto,30
lltp,ILL/petri-nets/MCC,,,CloudDeployment_deploy_2_b_100_1.p,intuitionistic,auto,1,false,,5,0,3,provable,unknown,timeout,,two-sided,IMELL,4022,50,5007.331,14056551,13977134,50171,46366198,0,0,2048,4990.000,103.708,auto,30
lltp,ILL/petri-nets/MCC,,,CloudDeployment_deploy_2_b_10_1.p,intuitionistic,auto,1,false,,5,0,3,provable,unknown,timeout,,two-sided,IMELL,4018,49,5007.164,13927180,13848846,50240,45489362,0,0,2048,4990.000,93.350,auto,30
lltp,ILL/petri-nets/MCC,,,CloudDeployment_deploy_2_b_1_1.p,intuitionistic,auto,1,false,,5,0,3,provable,proved,,ok,two-sided,IMELL,4010,50,0.354,3,0,2,4,0,0,2048,0.000,0.018,auto,30
lltp,ILL/petri-nets/MCC,,,CloudDeployment_deploy_2_b_20_1.p,intuitionistic,auto,1,false,,5,0,3,provable,unknown,timeout,,two-sided,IMELL,4022,49,5006.989,13917073,13838750,50245,45461037,0,0,2048,4990.000,102.973,auto,30
lltp,ILL/petri-nets/MCC,,,CloudDeployment_deploy_2_b_50_1.p,intuitionistic,auto,1,false,,5,0,3,provable,unknown,timeout,,two-sided,IMELL,4022,50,5006.087,14242429,14167151,46964,46929504,0,0,2048,4980.000,104.585,auto,30
lltp,ILL/petri-nets/MCC,,,CloudDeployment_deploy_2_b_5_1.p,intuitionistic,auto,1,false,,5,0,3,provable,proved,,ok,two-sided,IMELL,4014,49,279.353,572650,567048,3943,2706705,0,0,2048,270.000,42.436,auto,30
lltp,ILL/petri-nets/MCC,,,CloudDeployment_deploy_3_a_100_1.p,intuitionistic,auto,1,false,,5,0,3,provable,unknown,timeout,,two-sided,IMELL,3246,92,5159.040,16411045,15830929,580079,36651440,0,0,2048,5140.000,312.162,auto,30
lltp,ILL/petri-nets/MCC,,,CloudDeployment_deploy_3_a_10_1.p,intuitionistic,auto,1,false,,5,0,3,provable,proved,,ok,two-sided,IMELL,3250,92,0.329,18,0,15,337,0,0,2048,0.000,0.023,auto,30
lltp,ILL/petri-nets/MCC,,,CloudDeployment_deploy_3_a_1_1.p,intuitionistic,auto,1,false,,5,0,3,provable,proved,,ok,two-sided,IMELL,3250,92,0.251,3,0,2,15,0,0,2048,0.000,0.019,auto,30
lltp,ILL/petri-nets/MCC,,,CloudDeployment_deploy_3_a_20_1.p,intuitionistic,auto,1,false,,5,0,3,provable,proved,,ok,two-sided,IMELL,3250,92,0.303,18,0,15,337,0,0,2048,0.000,0.020,auto,30
lltp,ILL/petri-nets/MCC,,,CloudDeployment_deploy_3_a_50_1.p,intuitionistic,auto,1,false,,5,0,3,provable,unknown,timeout,,two-sided,IMELL,3250,92,5154.312,16112472,15543119,569316,35928593,0,0,2048,5130.000,304.683,auto,30
lltp,ILL/petri-nets/MCC,,,CloudDeployment_deploy_3_a_5_1.p,intuitionistic,auto,1,false,,5,0,3,provable,proved,,ok,two-sided,IMELL,3250,92,0.313,18,0,15,337,0,0,2048,0.000,0.018,auto,30
lltp,ILL/petri-nets/MCC,,,CloudDeployment_deploy_3_b_100_1.p,intuitionistic,auto,1,false,,5,0,3,provable,unknown,timeout,,two-sided,IMELL,8210,110,5004.256,7619478,7592314,18707,36121961,0,0,2048,4980.000,678.827,auto,30
lltp,ILL/petri-nets/MCC,,,CloudDeployment_deploy_3_b_10_1.p,intuitionistic,auto,1,false,,5,0,3,provable,unknown,timeout,,two-sided,IMELL,8200,109,5003.982,7436156,7409681,18446,35012121,0,0,2048,4980.000,678.907,auto,30
lltp,ILL/petri-nets/MCC,,,CloudDeployment_deploy_3_b_1_1.p,intuitionistic,auto,1,false,,5,0,3,provable,proved,,ok,two-sided,IMELL,8192,110,0.530,3,0,2,4,0,0,2048,0.000,0.013,auto,30
lltp,ILL/petri-nets/MCC,,,CloudDeployment_deploy_3_b_20_1.p,intuitionistic,auto,1,false,,5,0,3,provable,unknown,timeout,,two-sided,IMELL,8204,109,5004.168,7357272,7330846,18446,34677844,0,0,2048,4980.000,701.208,auto,30
lltp,ILL/petri-nets/MCC,,,CloudDeployment_deploy_3_b_50_1.p,intuitionistic,auto,1,false,,5,0,3,provable,unknown,timeout,,two-sided,IMELL,8212,110,5003.591,7785851,7759044,18682,36514085,0,0,2048,4980.000,681.950,auto,30
lltp,ILL/petri-nets/MCC,,,CloudDeployment_deploy_3_b_5_1.p,intuitionistic,auto,1,false,,5,0,3,provable,proved,,ok,two-sided,IMELL,8198,109,868.602,1090890,1083974,4520,6390862,0,0,2048,860.000,112.774,auto,30
lltp,ILL/petri-nets/MCC,,,CloudDeployment_deploy_4_a_100_1.p,intuitionistic,auto,1,false,,5,0,3,provable,unknown,timeout,,two-sided,IMELL,5350,158,5089.388,372127,3,372118,220248571,0,0,2048,5060.000,408.368,auto,30
lltp,ILL/petri-nets/MCC,,,CloudDeployment_deploy_4_a_10_1.p,intuitionistic,auto,1,false,,5,0,3,provable,proved,,ok,two-sided,IMELL,5350,158,0.366,3,0,2,19,0,0,2048,0.000,0.019,auto,30
lltp,ILL/petri-nets/MCC,,,CloudDeployment_deploy_4_a_1_1.p,intuitionistic,auto,1,false,,5,0,3,provable,proved,,ok,two-sided,IMELL,5350,158,0.345,3,0,2,19,0,0,2048,0.000,0.012,auto,30
lltp,ILL/petri-nets/MCC,,,CloudDeployment_deploy_4_a_5_1.p,intuitionistic,auto,1,false,,5,0,3,provable,proved,,ok,two-sided,IMELL,5350,158,0.342,3,0,2,19,0,0,2048,0.000,0.012,auto,30
lltp,ILL/petri-nets/MCC,,,CloudDeployment_deploy_4_b_100_1.p,intuitionistic,auto,1,false,,5,0,3,provable,unknown,timeout,,two-sided,IMELL,18010,256,5006.092,2963282,2946175,13088,20215621,0,0,2048,4990.000,773.912,auto,30
lltp,ILL/petri-nets/MCC,,,CloudDeployment_deploy_4_b_10_1.p,intuitionistic,auto,1,false,,5,0,3,provable,unknown,timeout,,two-sided,IMELL,18008,256,5006.578,2850304,2834031,12343,19527817,0,0,2048,4980.000,765.940,auto,30
lltp,ILL/petri-nets/MCC,,,CloudDeployment_deploy_4_b_1_1.p,intuitionistic,auto,1,false,,5,0,3,provable,proved,,ok,two-sided,IMELL,17998,256,1.084,3,0,2,4,0,0,2048,0.000,0.019,auto,30
lltp,ILL/petri-nets/MCC,,,CloudDeployment_deploy_4_b_20_1.p,intuitionistic,auto,1,false,,5,0,3,provable,unknown,timeout,,two-sided,IMELL,18016,256,5005.598,2969787,2952673,13088,20253928,0,0,2048,4990.000,743.288,auto,30
lltp,ILL/petri-nets/MCC,,,CloudDeployment_deploy_4_b_50_1.p,intuitionistic,auto,1,false,,5,0,3,provable,unknown,timeout,,two-sided,IMELL,18016,256,5006.357,2948850,2931763,13081,20132438,0,0,2048,5000.000,773.128,auto,30
lltp,ILL/petri-nets/MCC,,,CloudDeployment_deploy_4_b_5_1.p,intuitionistic,auto,1,false,,5,0,3,provable,proved,,ok,two-sided,IMELL,18000,256,2851.033,1621756,1611866,7241,11670619,0,0,2048,2840.000,511.844,auto,30
lltp,ILL/petri-nets/MCC,,,CloudDeployment_deploy_5_a_100_1.p,intuitionistic,auto,1,false,,5,0,3,provable,unknown,timeout,,two-sided,IMELL,7954,242,5141.688,229385,1,229378,222760380,0,0,2048,5120.000,419.444,auto,30
lltp,ILL/petri-nets/MCC,,,CloudDeployment_deploy_5_a_10_1.p,intuitionistic,auto,1,false,,5,0,3,provable,proved,,ok,two-sided,IMELL,7962,242,0.605,26,0,23,689,0,0,2048,0.000,0.013,auto,30
lltp,ILL/petri-nets/MCC,,,CloudDeployment_deploy_5_a_1_1.p,intuitionistic,auto,1,false,,5,0,3,provable,proved,,ok,two-sided,IMELL,7962,242,0.465,3,0,2,23,0,0,2048,0.000,0.012,auto,30
lltp,ILL/petri-nets/MCC,,,CloudDeployment_deploy_5_a_5_1.p,intuitionistic,auto,1,false,,5,0,3,provable,proved,,ok,two-sided,IMELL,7962,242,0.604,26,0,23,689,0,0,2048,0.000,0.013,auto,30
lltp,ILL/petri-nets/MCC,,,CloudDeployment_deploy_5_b_100_1.p,intuitionistic,auto,1,false,,5,0,3,provable,unknown,timeout,,two-sided,IMELL,51588,1024,5013.041,1135567,1120915,13033,10235543,0,0,2048,5000.000,900.452,auto,30
lltp,ILL/petri-nets/MCC,,,CloudDeployment_deploy_5_b_10_1.p,intuitionistic,auto,1,false,,5,0,3,provable,unknown,timeout,,two-sided,IMELL,51580,1024,5011.574,1118030,1103449,13052,9884130,0,0,2048,5000.000,957.625,auto,30
lltp,ILL/petri-nets/MCC,,,CloudDeployment_deploy_5_b_1_1.p,intuitionistic,auto,1,false,,5,0,3,provable,proved,,ok,two-sided,IMELL,51572,1024,3.343,3,0,2,4,0,0,2048,0.000,0.018,auto,30
lltp,ILL/petri-nets/MCC,,,CloudDeployment_deploy_5_b_20_1.p,intuitionistic,auto,1,false,,5,0,3,provable,unknown,timeout,,two-sided,IMELL,51588,1024,5008.728,1135375,1120721,13035,10233819,0,0,2048,4990.000,868.526,auto,30
lltp,ILL/petri-nets/MCC,,,CloudDeployment_deploy_5_b_50_1.p,intuitionistic,auto,1,false,,5,0,3,provable,unknown,timeout,,two-sided,IMELL,51588,1024,5008.788,1135695,1121048,13028,10236764,0,0,2048,5000.000,891.292,auto,30
lltp,ILL/petri-nets/MCC,,,CloudDeployment_deploy_5_b_5_1.p,intuitionistic,auto,1,false,,5,0,3,provable,unknown,timeout,,two-sided,IMELL,51576,1024,5011.065,1124092,1109515,13042,9933358,0,0,2048,4990.000,901.462,auto,30
lltp,ILL/petri-nets/MCC,,,CloudDeployment_deploy_6_a_1_1.p,intuitionistic,auto,1,false,,5,0,3,provable,proved,,ok,two-sided,IMELL,11086,344,0.647,3,0,2,27,0,0,2048,0.000,0.013,auto,30
lltp,ILL/petri-nets/MCC,,,CloudDeployment_deploy_6_a_5_1.p,intuitionistic,auto,1,false,,5,0,3,provable,proved,,ok,two-sided,IMELL,11086,344,0.665,3,0,2,27,0,0,2048,0.000,0.013,auto,30
lltp,ILL/petri-nets/MCC,,,CloudDeployment_deploy_6_b_100_1.p,intuitionistic,auto,1,false,,5,0,3,provable,unknown,timeout,,two-sided,IMELL,191876,4096,5028.698,199215,188598,10206,3809952,0,0,2048,5020.000,930.769,auto,30
lltp,ILL/petri-nets/MCC,,,CloudDeployment_deploy_6_b_10_1.p,intuitionistic,auto,1,false,,5,0,3,provable,unknown,timeout,,two-sided,IMELL,191868,4096,5028.435,197770,186440,10917,3772307,0,0,2048,5020.000,1098.713,auto,30
lltp,ILL/petri-nets/MCC,,,CloudDeployment_deploy_6_b_1_1.p,intuitionistic,auto,1,false,,5,0,3,provable,proved,,ok,two-sided,IMELL,191858,4096,12.692,3,0,2,4,0,0,2048,10.000,0.598,auto,30
lltp,ILL/petri-nets/MCC,,,CloudDeployment_deploy_6_b_20_1.p,intuitionistic,auto,1,false,,5,0,3,provable,unknown,timeout,,two-sided,IMELL,191876,4096,5025.353,199599,188968,10220,3813202,0,0,2048,5010.000,904.541,auto,30
lltp,ILL/petri-nets/MCC,,,CloudDeployment_deploy_6_b_50_1.p,intuitionistic,auto,1,false,,5,0,3,provable,unknown,timeout,,two-sided,IMELL,191876,4096,5031.542,199790,189151,10228,3819965,0,0,2048,5030.000,911.354,auto,30
lltp,ILL/petri-nets/MCC,,,CloudDeployment_deploy_6_b_5_1.p,intuitionistic,auto,1,false,,5,0,3,provable,unknown,timeout,,two-sided,IMELL,191864,4096,5024.840,196734,185451,10871,3758520,0,0,2048,5010.000,1106.738,auto,30
lltp,ILL/petri-nets/MCC,,,CloudDeployment_deploy_7_a_1_1.p,intuitionistic,auto,1,false,,5,0,3,provable,proved,,ok,two-sided,IMELL,14722,464,0.730,3,0,2,31,0,0,2048,0.000,0.017,auto,30
lltp,ILL/petri-nets/MCC,,,CloudDeployment_deploy_7_a_5_1.p,intuitionistic,auto,1,false,,5,0,3,provable,proved,,ok,two-sided,IMELL,14722,464,0.727,3,0,2,31,0,0,2048,0.000,0.016,auto,30
lltp,ILL/petri-nets/MCC,,,CloudDeployment_deploy_7_b_100_1.p,intuitionistic,auto,1,false,,5,0,3,provable,unknown,timeout,,two-sided,IMELL,812120,16384,5024.614,26201,23929,2219,1105523,0,0,2048,5000.000,504.934,auto,30
lltp,ILL/petri-nets/MCC,,,CloudDeployment_deploy_7_b_10_1.p,intuitionistic,auto,1,false,,5,0,3,provable,unknown,timeout,,two-sided,IMELL,812114,16384,5029.946,25753,23712,1990,1081425,0,0,2048,5010.000,891.260,auto,30
lltp,ILL/petri-nets/MCC,,,CloudDeployment_deploy_7_b_1_1.p,intuitionistic,auto,1,false,,5,0,3,provable,proved,,ok,two-sided,IMELL,812104,16384,55.777,7,0,5,7,0,0,2048,50.000,0.705,auto,30
lltp,ILL/petri-nets/MCC,,,CloudDeployment_deploy_7_b_20_1.p,intuitionistic,auto,1,false,,5,0,3,provable,unknown,timeout,,two-sided,IMELL,812114,16384,5110.731,18854,13665,5137,1013231,0,0,2048,5090.000,493.970,auto,30
lltp,ILL/petri-nets/MCC,,,CloudDeployment_deploy_7_b_50_1.p,intuitionistic,auto,1,false,,5,0,3,provable,unknown,timeout,,two-sided,IMELL,812116,16384,5045.184,26141,23864,2224,1104191,0,0,2048,5020.000,529.710,auto,30
lltp,ILL/petri-nets/MCC,,,CloudDeployment_deploy_7_b_5_1.p,intuitionistic,auto,1,false,,5,0,3,provable,unknown,timeout,,two-sided,IMELL,812106,16384,5021.088,25434,23404,1980,1061760,0,0,2048,5010.000,941.355,auto,30
lltp,ILL/petri-nets/MCC,,,CloudReconfiguration_reconf_3_01_100_1.p,intuitionistic,auto,1,false,,5,0,3,provable,unknown,timeout,,two-sided,IMELL,12928,129,5001.914,4174289,4160728,4118,33895399,0,0,2048,4990.000,894.414,auto,30
lltp,ILL/petri-nets/MCC,,,CloudReconfiguration_reconf_3_01_10_1.p,intuitionistic,auto,1,false,,5,0,3,provable,unknown,timeout,,two-sided,IMELL,12922,129,5001.569,4134617,4121215,4124,33337784,0,0,2048,4990.000,871.013,auto,30
lltp,ILL/petri-nets/MCC,,,CloudReconfiguration_reconf_3_01_1_1.p,intuitionistic,auto,1,false,,5,0,3,provable,proved,,ok,two-sided,IMELL,12922,129,0.993,2,0,1,1,0,0,2048,0.000,0.022,auto,30
lltp,ILL/petri-nets/MCC,,,CloudReconfiguration_reconf_3_01_20_1.p,intuitionistic,auto,1,false,,5,0,3,provable,unknown,timeout,,two-sided,IMELL,12926,129,5002.928,4114629,4101064,4126,33588543,0,0,2048,4990.000,907.327,auto,30
lltp,ILL/petri-nets/MCC,,,CloudReconfiguration_reconf_3_01_50_1.p,intuitionistic,auto,1,false,,5,0,3,provable,unknown,timeout,,two-sided,IMELL,12930,129,5001.714,4069659,4056241,4090,33410121,0,0,2048,4980.000,892.816,auto,30
lltp,ILL/petri-nets/MCC,,,CloudReconfiguration_reconf_3_01_5_1.p,intuitionistic,auto,1,false,,5,0,3,provable,proved,,ok,two-sided,IMELL,12922,129,878.273,653593,649344,2611,5707342,0,0,2048,870.000,148.806,auto,30
lltp,ILL/petri-nets/MCC,,,CloudReconfiguration_reconf_3_02_100_1.p,intuitionistic,auto,1,false,,5,0,3,provable,unknown,timeout,,two-sided,IMELL,12936,129,5002.474,4122312,4108880,4118,33432292,0,0,2048,4980.000,875.826,auto,30
lltp,ILL/petri-nets/MCC,,,CloudReconfiguration_reconf_3_02_10_1.p,intuitionistic,auto,1,false,,5,0,3,provable,unknown,timeout,,two-sided,IMELL,12930,129,5001.602,4164007,4150535,4124,33570084,0,0,2048,4990.000,881.913,auto,30
lltp,ILL/petri-nets/MCC,,,CloudReconfiguration_reconf_3_02_1_1.p,intuitionistic,auto,1,false,,5,0,3,provable,proved,,ok,two-sided,IMELL,12930,129,0.992,2,0,1,1,0,0,2048,0.000,0.016,auto,30
lltp,ILL/petri-nets/MCC,,,CloudReconfiguration_reconf_3_02_20_1.p,intuitionistic,auto,1,false,,5,0,3,provable,unknown,timeout,,two-sided,IMELL,12934,129,5002.731,4115387,4101806,4126,33620097,0,0,2048,4990.000,921.162,auto,30
lltp,ILL/petri-nets/MCC,,,CloudReconfiguration_reconf_3_02_50_1.p,intuitionistic,auto,1,false,,5,0,3,provable,unknown,timeout,,two-sided,IMELL,12938,129,5001.073,4136288,4122605,4202,33918701,0,0,2048,4990.000,881.441,auto,30
lltp,ILL/petri-nets/MCC,,,CloudReconfiguration_reconf_3_02_5_1.p,intuitionistic,auto,1,false,,5,0,3,provable,proved,,ok,two-sided,IMELL,12930,129,848.373,654853,650603,2611,5711230,0,0,2048,840.000,147.032,auto,30
lltp,ILL/petri-nets/MCC,,,CloudReconfiguration_reconf_3_03_100_1.p,intuitionistic,auto,1,false,,5,0,3,provable,unknown,timeout,,two-sided,IMELL,12928,129,5001.692,4296562,4282587,4249,34861942,0,0,2048,4990.000,856.422,auto,30
lltp,ILL/petri-nets/MCC,,,CloudReconfiguration_reconf_3_03_10_1.p,intuitionistic,auto,1,false,,5,0,3,provable,unknown,timeout,,two-sided,IMELL,12922,129,5001.163,4140862,4127443,4124,33396102,0,0,2048,4980.000,856.645,auto,30
lltp,ILL/petri-nets/MCC,,,CloudReconfiguration_reconf_3_03_1_1.p,intuitionistic,auto,1,false,,5,0,3,provable,proved,,ok,two-sided,IMELL,12922,129,1.044,2,0,1,1,0,0,2048,0.000,0.032,auto,30
lltp,ILL/petri-nets/MCC,,,CloudReconfiguration_reconf_3_03_20_1.p,intuitionistic,auto,1,false,,5,0,3,provable,unknown,timeout,,two-sided,IMELL,12926,129,5001.578,4138398,4124778,4126,33788496,0,0,2048,4990.000,919.265,auto,30
lltp,ILL/petri-nets/MCC,,,CloudReconfiguration_reconf_3_03_50_1.p,intuitionistic,auto,1,false,,5,0,3,provable,unknown,timeout,,two-sided,IMELL,12930,129,5001.634,4104595,4091196,4112,33295059,0,0,2048,4990.000,870.740,auto,30
lltp,ILL/petri-nets/MCC,,,CloudReconfiguration_reconf_3_03_5_1.p,intuitionistic,auto,1,false,,5,0,3,provable,proved,,ok,two-sided,IMELL,12922,129,852.314,653578,649329,2611,5707281,0,0,2048,840.000,144.542,auto,30
lltp,ILL/petri-nets/MCC,,,CloudReconfiguration_reconf_3_04_100_1.p,intuitionistic,auto,1,false,,5,0,3,provable,unknown,timeout,,two-sided,IMELL,12930,129,5002.885,4271300,4257383,4253,34643728,0,0,2048,4990.000,881.947,auto,30
lltp,ILL/petri-nets/MCC,,,CloudReconfiguration_reconf_3_04_10_1.p,intuitionistic,auto,1,false,,5,0,3,provable,unknown,timeout,,two-sided,IMELL,12922,129,5001.371,4167207,4153721,4124,33631023,0,0,2048,4990.000,886.936,auto,30
lltp,ILL/petri-nets/MCC,,,CloudReconfiguration_reconf_3_04_1_1.p,intuitionistic,auto,1,false,,5,0,3,provable,proved,,ok,two-sided,IMELL,12922,129,1.001,2,0,1,1,0,0,2048,0.000,0.021,auto,30
lltp,ILL/petri-nets/MCC,,,CloudReconfiguration_reconf_3_04_20_1.p,intuitionistic,auto,1,false,,5,0,3,provable,unknown,timeout,,two-sided,IMELL,12926,129,5002.200,4149738,4136087,4126,33895011,0,0,2048,4990.000,897.140,auto,30
lltp,ILL/petri-nets/MCC,,,CloudReconfiguration_reconf_3_04_50_1.p,intuitionistic,auto,1,false,,5,0,3,provable,unknown,timeout,,two-sided,IMELL,12930,129,5001.901,4121477,4108040,4117,33447286,0,0,2048,4990.000,865.139,auto,30
lltp,ILL/petri-nets/MCC,,,CloudReconfiguration_reconf_3_04_5_1.p,intuitionistic,auto,1,false,,5,0,3,provable,proved,,ok,two-sided,IMELL,12922,129,841.213,653593,649344,2611,5707342,0,0,2048,830.000,136.088,auto,30
lltp,ILL/petri-nets/MCC,,,CloudReconfiguration_reconf_3_05_100_1.p,intuitionistic,auto,1,false,,5,0,3,provable,unknown,timeout,,two-sided,IMELL,12936,129,5001.843,4225600,4211801,4225,34312895,0,0,2048,4990.000,882.496,auto,30
lltp,ILL/petri-nets/MCC,,,CloudReconfiguration_reconf_3_05_10_1.p,intuitionistic,auto,1,false,,5,0,3,provable,unknown,timeout,,two-sided,IMELL,12930,129,5001.544,4122937,4109569,4124,33204757,0,0,2048,4980.000,866.648,auto,30
lltp,ILL/petri-nets/MCC,,,CloudReconfiguration_reconf_3_05_1_1.p,intuitionistic,auto,1,false,,5,0,3,provable,proved,,ok,two-sided,IMELL,12930,129,0.990,2,0,1,1,0,0,2048,0.000,0.015,auto,30
lltp,ILL/petri-nets/MCC,,,CloudReconfiguration_reconf_3_05_20_1.p,intuitionistic,auto,1,false,,5,0,3,provable,unknown,timeout,,two-sided,IMELL,12934,129,5001.565,4105712,4092157,4126,33534812,0,0,2048,4990.000,925.767,auto,30
lltp,ILL/petri-nets/MCC,,,CloudReconfiguration_reconf_3_05_50_1.p,intuitionistic,auto,1,false,,5,0,3,provable,unknown,timeout,,two-sided,IMELL,12938,129,5001.209,4071969,4058600,4108,33182448,0,0,2048,4990.000,880.370,auto,30
lltp,ILL/petri-nets/MCC,,,CloudReconfiguration_reconf_3_05_5_1.p,intuitionistic,auto,1,false,,5,0,3,provable,proved,,ok,two-sided,IMELL,12930,129,857.393,654853,650603,2611,5711231,0,0,2048,850.000,153.609,auto,30
lltp,ILL/petri-nets/MCC,,,CloudReconfiguration_reconf_3_06_100_1.p,intuitionistic,auto,1,false,,5,0,3,provable,unknown,timeout,,two-sided,IMELL,12930,129,5001.466,4206371,4192729,4122,34165992,0,0,2048,4990.000,915.174,auto,30
lltp,ILL/petri-nets/MCC,,,CloudReconfiguration_reconf_3_06_10_1.p,intuitionistic,auto,1,false,,5,0,3,provable,unknown,timeout,,two-sided,IMELL,12922,129,5001.675,4148219,4134781,4124,33463373,0,0,2048,4990.000,857.952,auto,30
lltp,ILL/petri-nets/MCC,,,CloudReconfiguration_reconf_3_06_1_1.p,intuitionistic,auto,1,false,,5,0,3,provable,proved,,ok,two-sided,IMELL,12922,129,1.021,2,0,1,1,0,0,2048,0.000,0.016,auto,30
lltp,ILL/petri-nets/MCC,,,CloudReconfiguration_reconf_3_06_20_1.p,intuitionistic,auto,1,false,,5,0,3,provable,unknown,timeout,,two-sided,IMELL,12926,129,5001.626,4137241,4123624,4126,33779067,0,0,2048,4990.000,910.312,auto,30
lltp,ILL/petri-nets/MCC,,,CloudReconfiguration_reconf_3_06_50_1.p,intuitionistic,auto,1,false,,5,0,3,provable,unknown,timeout,,two-sided,IMELL,12930,129,5001.930,4130570,4117105,4114,33513018,0,0,2048,4990.000,877.176,auto,30
lltp,ILL/petri-nets/MCC,,,CloudReconfiguration_reconf_3_06_5_1.p,intuitionistic,auto,1,false,,5,0,3,provable,proved,,ok,two-sided,IMELL,12922,129,843.168,653578,649329,2611,5707281,0,0,2048,840.000,150.627,auto,30
lltp,ILL/petri-nets/MCC,,,CloudReconfiguration_reconf_3_07_100_1.p,intuitionistic,auto,1,false,,5,0,3,provable,unknown,timeout,,two-sided,IMELL,12928,129,5002.156,4288411,4274453,4249,34809457,0,0,2048,4990.000,898.627,auto,30
lltp,ILL/petri-nets/MCC,,,CloudReconfiguration_reconf_3_07_10_1.p,intuitionistic,auto,1,false,,5,0,3,provable,unknown,timeout,,two-sided,IMELL,12922,129,5001.039,4159031,4145566,4124,33558210,0,0,2048,4990.000,865.669,auto,30
lltp,ILL/petri-nets/MCC,,,CloudReconfiguration_reconf_3_07_1_1.p,intuitionistic,auto,1,false,,5,0,3,provable,proved,,ok,two-sided,IMELL,12922,129,0.990,2,0,1,1,0,0,2048,0.000,0.015,auto,30
lltp,ILL/petri-nets/MCC,,,CloudReconfiguration_reconf_3_07_20_1.p,intuitionistic,auto,1,false,,5,0,3,provable,unknown,timeout,,two-sided,IMELL,12926,129,5002.279,4179421,4165706,4126,34138651,0,0,2048,4990.000,883.244,auto,30
lltp,ILL/petri-nets/MCC,,,CloudReconfiguration_reconf_3_07_50_1.p,intuitionistic,auto,1,false,,5,0,3,provable,unknown,timeout,,two-sided,IMELL,12930,129,5001.670,4121864,4108433,4122,33419914,0,0,2048,4980.000,849.541,auto,30
lltp,ILL/petri-nets/MCC,,,CloudReconfiguration_reconf_3_07_5_1.p,intuitionistic,auto,1,false,,5,0,3,provable,proved,,ok,two-sided,IMELL,12922,129,841.400,653578,649329,2611,5707281,0,0,2048,830.000,144.662,auto,30
lltp,ILL/petri-nets/MCC,,,CloudReconfiguration_reconf_3_08_100_1.p,intuitionistic,auto,1,false,,5,0,3,provable,unknown,timeout,,two-sided,IMELL,12936,129,5002.510,4286860,4272903,4249,34789598,0,0,2048,4990.000,899.811,auto,30
lltp,ILL/petri-nets/MCC,,,CloudReconfiguration_reconf_3_08_10_1.p,intuitionistic,auto,1,false,,5,0,3,provable,unknown,timeout,,two-sided,IMELL,12930,129,5001.121,4181938,4168420,4124,33731374,0,0,2048,4990.000,888.233,auto,30
lltp,ILL/petri-nets/MCC,,,CloudReconfiguration_reconf_3_08_1_1.p,intuitionistic,auto,1,false,,5,0,3,provable,proved,,ok,two-sided,IMELL,12930,129,0.987,2,0,1,1,0,0,2048,0.000,0.018,auto,30
lltp,ILL/petri-nets/MCC,,,CloudReconfiguration_reconf_3_08_20_1.p,intuitionistic,auto,1,false,,5,0,3,provable,unknown,timeout,,two-sided,IMELL,12934,129,5002.065,4104699,4091146,4126,33524943,0,0,2048,4990.000,906.050,auto,30
lltp,ILL/petri-nets/MCC,,,CloudReconfiguration_reconf_3_08_50_1.p,intuitionistic,auto,1,false,,5,0,3,provable,unknown,timeout,,two-sided,IMELL,12938,129,5002.017,4135094,4121413,4202,33908303,0,0,2048,4990.000,893.992,auto,30
lltp,ILL/petri-nets/MCC,,,CloudReconfiguration_reconf_3_08_5_1.p,intuitionistic,auto,1,false,,5,0,3,provable,proved,,ok,two-sided,IMELL,12930,129,845.343,654853,650603,2611,5711230,0,0,2048,840.000,151.497,auto,30
lltp,ILL/petri-nets/MCC,,,CloudReconfiguration_reconf_3_09_100_1.p,intuitionistic,auto,1,false,,5,0,3,provable,unknown,timeout,,two-sided,IMELL,12936,129,5002.138,4278352,4264415,4249,34722753,0,0,2048,4990.000,868.666,auto,30
lltp,ILL/petri-nets/MCC,,,CloudReconfiguration_reconf_3_09_10_1.p,intuitionistic,auto,1,false,,5,0,3,provable,unknown,timeout,,two-sided,IMELL,12930,129,5001.616,4185534,4172005,4124,33764718,0,0,2048,4990.000,901.154,auto,30
lltp,ILL/petri-nets/MCC,,,CloudReconfiguration_reconf_3_09_1_1.p,intuitionistic,auto,1,false,,5,0,3,provable,proved,,ok,two-sided,IMELL,12930,129,0.976,2,0,1,1,0,0,2048,0.000,0.016,auto,30
lltp,ILL/petri-nets/MCC,,,CloudReconfiguration_reconf_3_09_20_1.p,intuitionistic,auto,1,false,,5,0,3,provable,unknown,timeout,,two-sided,IMELL,12934,129,5002.916,4127403,4113798,4126,33715920,0,0,2048,4990.000,899.078,auto,30
lltp,ILL/petri-nets/MCC,,,CloudReconfiguration_reconf_3_09_50_1.p,intuitionistic,auto,1,false,,5,0,3,provable,unknown,timeout,,two-sided,IMELL,12938,129,5002.560,4164337,4150583,4218,34143703,0,0,2048,4990.000,884.934,auto,30
lltp,ILL/petri-nets/MCC,,,CloudReconfiguration_reconf_3_09_5_1.p,intuitionistic,auto,1,false,,5,0,3,provable,proved,,ok,two-sided,IMELL,12930,129,843.363,654853,650603,2611,5711230,0,0,2048,840.000,135.953,auto,30
lltp,ILL/petri-nets/MCC,,,CloudReconfiguration_reconf_3_10_100_1.p,intuitionistic,auto,1,false,,5,0,3,provable,unknown,timeout,,two-sided,IMELL,12936,129,5001.920,4283337,4269389,4249,34761974,0,0,2048,4980.000,922.908,auto,30
lltp,ILL/petri-nets/MCC,,,CloudReconfiguration_reconf_3_10_10_1.p,intuitionistic,auto,1,false,,5,0,3,provable,unknown,timeout,,two-sided,IMELL,12930,129,5001.774,4171446,4157953,4124,33641596,0,0,2048,4990.000,884.771,auto,30
lltp,ILL/petri-nets/MCC,,,CloudReconfiguration_reconf_3_10_1_1.p,intuitionistic,auto,1,false,,5,0,3,provable,proved,,ok,two-sided,IMELL,12930,129,1.018,2,0,1,1,0,0,2048,0.000,0.024,auto,30
lltp,ILL/petri-nets/MCC,,,CloudReconfiguration_reconf_3_10_20_1.p,intuitionistic,auto,1,false,,5,0,3,provable,unknown,timeout,,two-sided,IMELL,12934,129,5001.555,4141852,4128206,4126,33849635,0,0,2048,4980.000,918.406,auto,30
lltp,ILL/petri-nets/MCC,,,CloudReconfiguration_reconf_3_10_50_1.p,intuitionistic,auto,1,false,,5,0,3,provable,unknown,timeout,,two-sided,IMELL,12938,129,5001.979,4150855,4137281,4108,33880922,0,0,2048,4990.000,916.190,auto,30
lltp,ILL/petri-nets/MCC,,,CloudReconfiguration_reconf_3_10_5_1.p,intuitionistic,auto,1,false,,5,0,3,provable,proved,,ok,two-sided,IMELL,12930,129,847.439,654853,650603,2611,5711231,0,0,2048,840.000,132.585,auto,30
lltp,ILL/petri-nets/MCC,,,CloudReconfiguration_reconf_3_11_100_1.p,intuitionistic,auto,1,false,,5,0,3,provable,unknown,timeout,,two-sided,IMELL,12936,129,5001.845,4279186,4265248,4249,34718172,0,0,2048,4990.000,865.650,auto,30
lltp,ILL/petri-nets/MCC,,,CloudReconfiguration_reconf_3_11_10_1.p,intuitionistic,auto,1,false,,5,0,3,provable,unknown,timeout,,two-sided,IMELL,12930,129,5001.222,4170294,4156803,4124,33631924,0,0,2048,4990.000,912.464,auto,30
lltp,ILL/petri-nets/MCC,,,CloudReconfiguration_reconf_3_11_1_1.p,intuitionistic,auto,1,false,,5,0,3,provable,proved,,ok,two-sided,IMELL,12930,129,0.993,2,0,1,1,0,0,2048,0.000,0.022,auto,30
lltp,ILL/petri-nets/MCC,,,CloudReconfiguration_reconf_3_11_20_1.p,intuitionistic,auto,1,false,,5,0,3,provable,unknown,timeout,,two-sided,IMELL,12934,129,5002.012,4138333,4124697,4126,33823503,0,0,2048,4990.000,906.369,auto,30
lltp,ILL/petri-nets/MCC,,,CloudReconfiguration_reconf_3_11_50_1.p,intuitionistic,auto,1,false,,5,0,3,provable,unknown,timeout,,two-sided,IMELL,12938,129,5001.949,4108008,4094595,4112,33324512,0,0,2048,4990.000,852.979,auto,30
lltp,ILL/petri-nets/MCC,,,CloudReconfiguration_reconf_3_11_5_1.p,intuitionistic,auto,1,false,,5,0,3,provable,proved,,ok,two-sided,IMELL,12930,129,843.747,654853,650603,2611,5711231,0,0,2048,830.000,155.151,auto,30
lltp,ILL/petri-nets/MCC,,,CloudReconfiguration_reconf_3_12_100_1.p,intuitionistic,auto,1,false,,5,0,3,provable,unknown,timeout,,two-sided,IMELL,12938,129,5002.145,4307905,4293906,4253,34927186,0,0,2048,4990.000,846.723,auto,30
lltp,ILL/petri-nets/MCC,,,CloudReconfiguration_reconf_3_12_10_1.p,intuitionistic,auto,1,false,,5,0,3,provable,unknown,timeout,,two-sided,IMELL,12930,129,5001.901,4184625,4171098,4124,33759440,0,0,2048,4990.000,883.925,auto,30
lltp,ILL/petri-nets/MCC,,,CloudReconfiguration_reconf_3_12_1_1.p,intuitionistic,auto,1,false,,5,0,3,provable,proved,,ok,two-sided,IMELL,12930,129,0.988,2,0,1,1,0,0,2048,0.000,0.015,auto,30
lltp,ILL/petri-nets/MCC,,,CloudReconfiguration_reconf_3_12_20_1.p,intuitionistic,auto,1,false,,5,0,3,provable,unknown,timeout,,two-sided,IMELL,12934,129,5002.138,4115431,4101850,4126,33620741,0,0,2048,4990.000,926.754,auto,30
lltp,ILL/petri-nets/MCC,,,CloudReconfiguration_reconf_3_12_50_1.p,intuitionistic,auto,1,false,,5,0,3,provable,unknown,timeout,,two-sided,IMELL,12938,129,5002.535,4136311,4122777,4108,33770995,0,0,2048,4990.000,909.023,auto,30
lltp,ILL/petri-nets/MCC,,,CloudReconfiguration_reconf_3_12_5_1.p,intuitionistic,auto,1,false,,5,0,3,provable,proved,,ok,two-sided,IMELL,12930,129,861.693,654853,650603,2611,5711230,0,0,2048,850.000,147.146,auto,30
lltp,ILL/petri-nets/MCC,,,CloudReconfiguration_reconf_3_13_100_1.p,intuitionistic,auto,1,false,,5,0,3,provable,unknown,timeout,,two-sided,IMELL,12938,129,5002.392,4235808,4221971,4230,34403504,0,0,2048,4990.000,879.447,auto,30
lltp,ILL/petri-nets/MCC,,,CloudReconfiguration_reconf_3_13_10_1.p,intuitionistic,auto,1,false,,5,0,3,provable,unknown,timeout,,two-sided,IMELL,12930,129,5001.639,4119498,4106138,4124,33176857,0,0,2048,4990.000,906.309,auto,30
lltp,ILL/petri-nets/MCC,,,CloudReconfiguration_reconf_3_13_1_1.p,intuitionistic,auto,1,false,,5,0,3,provable,proved,,ok,two-sided,IMELL,12930,129,1.014,2,0,1,1,0,0,2048,0.000,0.017,auto,30
lltp,ILL/petri-nets/MCC,,,CloudReconfiguration_reconf_3_13_20_1.p,intuitionistic,auto,1,false,,5,0,3,provable,unknown,timeout,,two-sided,IMELL,12934,129,5002.085,4095088,4081557,4126,33442690,0,0,2048,4990.000,921.693,auto,30
lltp,ILL/petri-nets/MCC,,,CloudReconfiguration_reconf_3_13_50_1.p,intuitionistic,auto,1,false,,5,0,3,provable,unknown,timeout,,two-sided,IMELL,12938,129,5001.828,4107857,4094447,4117,33330634,0,0,2048,4990.000,863.416,auto,30
lltp,ILL/petri-nets/MCC,,,CloudReconfiguration_reconf_3_13_5_1.p,intuitionistic,auto,1,false,,5,0,3,provable,proved,,ok,two-sided,IMELL,12930,129,865.957,654853,650603,2611,5711230,0,0,2048,860.000,150.547,auto,30
lltp,ILL/petri-nets/MCC,,,CloudReconfiguration_reconf_3_14_100_1.p,intuitionistic,auto,1,false,,5,0,3,provable,unknown,timeout,,two-sided,IMELL,12938,129,5002.488,4174717,4161155,4122,33871743,0,0,2048,4990.000,888.409,auto,30
lltp,ILL/petri-nets/MCC,,,CloudReconfiguration_reconf_3_14_10_1.p,intuitionistic,auto,1,false,,5,0,3,provable,unknown,timeout,,two-sided,IMELL,12930,129,5001.194,4117387,4104032,4124,33159704,0,0,2048,4990.000,900.120,auto,30
lltp,ILL/petri-nets/MCC,,,CloudReconfiguration_reconf_3_14_1_1.p,intuitionistic,auto,1,false,,5,0,3,provable,proved,,ok,two-sided,IMELL,12930,129,0.975,2,0,1,1,0,0,2048,0.000,0.014,auto,30
lltp,ILL/petri-nets/MCC,,,CloudReconfiguration_reconf_3_14_20_1.p,intuitionistic,auto,1,false,,5,0,3,provable,unknown,timeout,,two-sided,IMELL,12934,129,5002.396,4114152,4100571,4126,33613343,0,0,2048,4990.000,907.991,auto,30
lltp,ILL/petri-nets/MCC,,,CloudReconfiguration_reconf_3_14_50_1.p,intuitionistic,auto,1,false,,5,0,3,provable,unknown,timeout,,two-sided,IMELL,12938,129,5002.084,4147028,4133516,4114,33653893,0,0,2048,4990.000,893.656,auto,30
lltp,ILL/petri-nets/MCC,,,CloudReconfiguration_reconf_3_14_5_1.p,intuitionistic,auto,1,false,,5,0,3,provable,proved,,ok,two-sided,IMELL,12930,129,846.675,654853,650603,2611,5711231,0,0,2048,840.000,144.207,auto,30
lltp,ILL/petri-nets/MCC,,,CloudReconfiguration_reconf_3_15_100_1.p,intuitionistic,auto,1,false,,5,0,3,provable,unknown,timeout,,two-sided,IMELL,12936,129,5002.432,4219954,4206215,4172,34282955,0,0,2048,4990.000,876.794,auto,30
lltp,ILL/petri-nets/MCC,,,CloudReconfiguration_reconf_3_15_10_1.p,intuitionistic,auto,1,false,,5,0,3,provable,unknown,timeout,,two-sided,IMELL,12930,129,5002.183,4136001,4122597,4124,33320310,0,0,2048,4990.000,898.600,auto,30
lltp,ILL/petri-nets/MCC,,,CloudReconfiguration_reconf_3_15_1_1.p,intuitionistic,auto,1,false,,5,0,3,provable,proved,,ok,two-sided,IMELL,12930,129,0.990,2,0,1,1,0,0,2048,0.000,0.015,auto,30
lltp,ILL/petri-nets/MCC,,,CloudReconfiguration_reconf_3_15_20_1.p,intuitionistic,auto,1,false,,5,0,3,provable,unknown,timeout,,two-sided,IMELL,12934,129,5001.896,4050179,4036752,4126,33062571,0,0,2048,4990.000,919.634,auto,30
lltp,ILL/petri-nets/MCC,,,CloudReconfiguration_reconf_3_15_50_1.p,intuitionistic,auto,1,false,,5,0,3,provable,unknown,timeout,,two-sided,IMELL,12938,129,5001.869,4116057,4102630,4114,33385373,0,0,2048,4990.000,912.374,auto,30
lltp,ILL/petri-nets/MCC,,,CloudReconfiguration_reconf_3_15_5_1.p,intuitionistic,auto,1,false,,5,0,3,provable,proved,,ok,two-sided,IMELL,12930,129,853.119,654853,650603,2611,5711231,0,0,2048,850.000,147.594,auto,30
lltp,ILL/petri-nets/MCC,,,CloudReconfiguration_reconf_3_16_100_1.p,intuitionistic,auto,1,false,,5,0,3,provable,unknown,timeout,,two-sided,IMELL,12938,129,5002.427,4255060,4241183,4237,34543248,0,0,2048,4990.000,905.514,auto,30
lltp,ILL/petri-nets/MCC,,,CloudReconfiguration_reconf_3_16_10_1.p,intuitionistic,auto,1,false,,5,0,3,provable,unknown,timeout,,two-sided,IMELL,12930,129,5002.227,4116936,4103584,4124,33151183,0,0,2048,4990.000,898.410,auto,30
lltp,ILL/petri-nets/MCC,,,CloudReconfiguration_reconf_3_16_1_1.p,intuitionistic,auto,1,false,,5,0,3,provable,proved,,ok,two-sided,IMELL,12930,129,1.001,2,0,1,1,0,0,2048,0.000,0.014,auto,30
lltp,ILL/petri-nets/MCC,,,CloudReconfiguration_reconf_3_16_20_1.p,intuitionistic,auto,1,false,,5,0,3,provable,unknown,timeout,,two-sided,IMELL,12934,129,5002.239,4078199,4064708,4126,33297806,0,0,2048,4990.000,899.220,auto,30
lltp,ILL/petri-nets/MCC,,,CloudReconfiguration_reconf_3_16_50_1.p,intuitionistic,auto,1,false,,5,0,3,provable,unknown,timeout,,two-sided,IMELL,12938,129,5002.302,4103407,4090018,4118,33246298,0,0,2048,4990.000,866.723,auto,30
lltp,ILL/petri-nets/MCC,,,CloudReconfiguration_reconf_3_16_5_1.p,intuitionistic,auto,1,false,,5,0,3,provable,proved,,ok,two-sided,IMELL,12930,129,854.463,654853,650603,2611,5711231,0,0,2048,850.000,149.621,auto,30
lltp,ILL/petri-nets/MCC,,,CloudReconfiguration_reconf_3_17_100_1.p,intuitionistic,auto,1,false,,5,0,3,provable,unknown,timeout,,two-sided,IMELL,12970,129,5001.467,4251380,4237512,4237,34593721,0,0,2048,4990.000,898.227,auto,30
lltp,ILL/petri-nets/MCC,,,CloudReconfiguration_reconf_3_17_10_1.p,intuitionistic,auto,1,false,,5,0,3,provable,unknown,timeout,,two-sided,IMELL,12962,129,5002.451,4143671,4130256,4124,33483689,0,0,2048,4990.000,876.170,auto,30
lltp,ILL/petri-nets/MCC,,,CloudReconfiguration_reconf_3_17_1_1.p,intuitionistic,auto,1,false,,5,0,3,provable,proved,,ok,two-sided,IMELL,12962,129,1.022,2,0,1,1,0,0,2048,0.000,0.015,auto,30
lltp,ILL/petri-nets/MCC,,,CloudReconfiguration_reconf_3_17_20_1.p,intuitionistic,auto,1,false,,5,0,3,provable,unknown,timeout,,two-sided,IMELL,12966,129,5002.611,4099986,4086448,4126,33579590,0,0,2048,4990.000,936.570,auto,30
lltp,ILL/petri-nets/MCC,,,CloudReconfiguration_reconf_3_17_50_1.p,intuitionistic,auto,1,false,,5,0,3,provable,unknown,timeout,,two-sided,IMELL,12970,129,5001.572,4094000,4080635,4114,33300734,0,0,2048,4990.000,878.846,auto,30
lltp,ILL/petri-nets/MCC,,,CloudReconfiguration_reconf_3_17_5_1.p,intuitionistic,auto,1,false,,5,0,3,provable,proved,,ok,two-sided,IMELL,12962,129,870.779,654272,650023,2611,5725272,0,0,2048,860.000,163.857,auto,30
lltp,ILL/petri-nets/MCC,,,CloudReconfiguration_reconf_3_18_100_1.p,intuitionistic,auto,1,false,,5,0,3,provable,unknown,timeout,,two-sided,IMELL,12970,129,5002.644,4248325,4234474,4231,34582218,0,0,2048,4990.000,907.331,auto,30
lltp,ILL/petri-nets/MCC,,,CloudReconfiguration_reconf_3_18_10_1.p,intuitionistic,auto,1,false,,5,0,3,provable,unknown,timeout,,two-sided,IMELL,12962,129,5002.371,4150988,4137553,4124,33550170,0,0,2048,4990.000,873.444,auto,30
lltp,ILL/petri-nets/MCC,,,CloudReconfiguration_reconf_3_18_1_1.p,intuitionistic,auto,1,false,,5,0,3,provable,proved,,ok,two-sided,IMELL,12962,129,1.007,2,0,1,1,0,0,2048,0.000,0.019,auto,30
lltp,ILL/petri-nets/MCC,,,CloudReconfiguration_reconf_3_18_20_1.p,intuitionistic,auto,1,false,,5,0,3,provable,unknown,timeout,,two-sided,IMELL,12966,129,5002.342,4106334,4092780,4126,33636161,0,0,2048,4990.000,922.496,auto,30
lltp,ILL/petri-nets/MCC,,,CloudReconfiguration_reconf_3_18_50_1.p,intuitionistic,auto,1,false,,5,0,3,provable,unknown,timeout,,two-sided,IMELL,12970,129,5001.545,4107647,4094247,4114,33443989,0,0,2048,4990.000,882.748,auto,30
lltp,ILL/petri-nets/MCC,,,CloudReconfiguration_reconf_3_18_5_1.p,intuitionistic,auto,1,false,,5,0,3,provable,proved,,ok,two-sided,IMELL,12962,129,859.339,655073,650822,2611,5729321,0,0,2048,860.000,136.314,auto,30
lltp,ILL/petri-nets/MCC,,,CloudReconfiguration_reconf_3_19_100_1.p,intuitionistic,auto,1,false,,5,0,3,provable,unknown,timeout,,two-sided,IMELL,12968,129,5002.964,4205923,4192280,4118,34267428,0,0,2048,4990.000,885.321,auto,30
lltp,ILL/petri-nets/MCC,,,CloudReconfiguration_reconf_3_19_10_1.p,intuitionistic,auto,1,false,,5,0,3,provable,unknown,timeout,,two-sided,IMELL,12962,129,5001.990,4136457,4123056,4124,33424522,0,0,2048,4990.000,907.729,auto,30
lltp,ILL/petri-nets/MCC,,,CloudReconfiguration_reconf_3_19_1_1.p,intuitionistic,auto,1,false,,5,0,3,provable,proved,,ok,two-sided,IMELL,12962,129,1.033,2,0,1,1,0,0,2048,0.000,0.016,auto,30
lltp,ILL/petri-nets/MCC,,,CloudReconfiguration_reconf_3_19_20_1.p,intuitionistic,auto,1,false,,5,0,3,provable,unknown,timeout,,two-sided,IMELL,12966,129,5002.005,4125346,4111749,4126,33796375,0,0,2048,4990.000,908.850,auto,30
lltp,ILL/petri-nets/MCC,,,CloudReconfiguration_reconf_3_19_50_1.p,intuitionistic,auto,1,false,,5,0,3,provable,unknown,timeout,,two-sided,IMELL,12970,129,5002.246,4136867,4123390,4112,33699848,0,0,2048,4990.000,893.125,auto,30
lltp,ILL/petri-nets/MCC,,,CloudReconfiguration_reconf_3_19_5_1.p,intuitionistic,auto,1,false,,5,0,3,provable,proved,,ok,two-sided,IMELL,12962,129,845.636,654272,650023,2611,5725272,0,0,2048,850.000,142.664,auto,30
lltp,ILL/petri-nets/MCC,,,CloudReconfiguration_reconf_3_20_100_1.p,intuitionistic,auto,1,false,,5,0,3,provable,unknown,timeout,,two-sided,IMELL,12970,129,5002.488,4231035,4217219,4224,34432415,0,0,2048,4980.000,902.021,auto,30
lltp,ILL/petri-nets/MCC,,,CloudReconfiguration_reconf_3_20_10_1.p,intuitionistic,auto,1,false,,5,0,3,provable,unknown,timeout,,two-sided,IMELL,12962,129,5001.787,4072241,4058994,4124,32855215,0,0,2048,4990.000,871.943,auto,30
lltp,ILL/petri-nets/MCC,,,CloudReconfiguration_reconf_3_20_1_1.p,intuitionistic,auto,1,false,,5,0,3,provable,proved,,ok,two-sided,IMELL,12962,129,1.037,2,0,1,1,0,0,2048,0.000,0.016,auto,30
lltp,ILL/petri-nets/MCC,,,CloudReconfiguration_reconf_3_20_20_1.p,intuitionistic,auto,1,false,,5,0,3,provable,unknown,timeout,,two-sided,IMELL,12966,129,5002.771,4044204,4030802,4126,33061477,0,0,2048,4990.000,928.935,auto,30
lltp,ILL/petri-nets/MCC,,,CloudReconfiguration_reconf_3_20_50_1.p,intuitionistic,auto,1,false,,5,0,3,provable,unknown,timeout,,two-sided,IMELL,12970,129,5002.719,4129288,4115839,4118,33564462,0,0,2048,4990.000,904.711,auto,30
lltp,ILL/petri-nets/MCC,,,CloudReconfiguration_reconf_3_20_5_1.p,intuitionistic,auto,1,false,,5,0,3,provable,proved,,ok,two-sided,IMELL,12962,129,852.670,654794,650544,2611,5724384,0,0,2048,850.000,154.306,auto,30
lltp,ILL/petri-nets/MCC,,,CloudReconfiguration_reconf_4_01_100_1.p,intuitionistic,auto,1,false,,5,0,3,provable,unknown,timeout,,two-sided,IMELL,17788,172,5003.067,3165301,3155735,4189,26120914,0,0,2048,4980.000,891.056,auto,30
lltp,ILL/petri-nets/MCC,,,CloudReconfiguration_reconf_4_01_10_1.p,intuitionistic,auto,1,false,,5,0,3,provable,unknown,timeout,,two-sided,IMELL,17782,172,5002.900,3060999,3051666,4199,24981375,0,0,2048,4990.000,877.458,auto,30
lltp,ILL/petri-nets/MCC,,,CloudReconfiguration_reconf_4_01_1_1.p,intuitionistic,auto,1,false,,5,0,3,provable,proved,,ok,two-sided,IMELL,17782,172,1.256,2,0,1,1,0,0,2048,10.000,0.018,auto,30
lltp,ILL/petri-nets/MCC,,,CloudReconfiguration_reconf_4_01_20_1.p,intuitionistic,auto,1,false,,5,0,3,provable,unknown,timeout,,two-sided,IMELL,17788,172,5002.139,3115277,3105795,4206,25593472,0,0,2048,4980.000,917.212,auto,30
lltp,ILL/petri-nets/MCC,,,CloudReconfiguration_reconf_4_01_50_1.p,intuitionistic,auto,1,false,,5,0,3,provable,unknown,timeout,,two-sided,IMELL,17792,172,5003.049,3174503,3164935,4205,26071545,0,0,2048,4990.000,891.775,auto,30
lltp,ILL/petri-nets/MCC,,,CloudReconfiguration_reconf_4_01_5_1.p,intuitionistic,auto,1,false,,5,0,3,provable,proved,,ok,two-sided,IMELL,17782,172,2092.112,1302480,1296484,3681,11127945,0,0,2048,2080.000,381.408,auto,30
lltp,ILL/petri-nets/MCC,,,CloudReconfiguration_reconf_4_02_100_1.p,intuitionistic,auto,1,false,,5,0,3,provable,unknown,timeout,,two-sided,IMELL,17792,172,5002.892,3272716,3262330,4813,27054521,0,0,2048,4990.000,921.696,auto,30
lltp,ILL/petri-nets/MCC,,,CloudReconfiguration_reconf_4_02_10_1.p,intuitionistic,auto,1,false,,5,0,3,provable,unknown,timeout,,two-sided,IMELL,17782,172,5002.422,3208740,3199134,4203,26273864,0,0,2048,4980.000,905.729,auto,30
lltp,ILL/petri-nets/MCC,,,CloudReconfiguration_reconf_4_02_1_1.p,intuitionistic,auto,1,false,,5,0,3,provable,proved,,ok,two-sided,IMELL,17782,172,1.248,2,0,1,1,0,0,2048,0.000,0.014,auto,30
lltp,ILL/petri-nets/MCC,,,CloudReconfiguration_reconf_4_02_20_1.p,intuitionistic,auto,1,false,,5,0,3,provable,unknown,timeout,,two-sided,IMELL,17788,172,5002.769,3204456,3194821,4208,26352015,0,0,2048,4990.000,945.067,auto,30
lltp,ILL/petri-nets/MCC,,,CloudReconfiguration_reconf_4_02_50_1.p,intuitionistic,auto,1,false,,5,0,3,provable,unknown,timeout,,two-sided,IMELL,17792,172,5002.970,3160838,3151294,4205,25953192,0,0,2048,4990.000,897.800,auto,30
lltp,ILL/petri-nets/MCC,,,CloudReconfiguration_reconf_4_02_5_1.p,intuitionistic,auto,1,false,,5,0,3,provable,proved,,ok,two-sided,IMELL,17782,172,2120.416,1303156,1297160,3681,11130537,0,0,2048,2110.000,365.829,auto,30
lltp,ILL/petri-nets/MCC,,,DES_des_00_a_10_1.p,intuitionistic,auto,1,false,,5,0,3,provable,proved,,ok,two-sided,IMELL,830,6,38.855,8026,5544,1109,1856904,0,0,2048,30.000,8.988,auto,30
lltp,ILL/petri-nets/MCC,,,DES_des_00_a_1_1.p,intuitionistic,auto,1,false,,5,0,3,provable,proved,,ok,two-sided,IMELL,828,6,0.120,3,0,2,41,0,0,2048,0.000,0.011,auto,30
lltp,ILL/petri-nets/MCC,,,DES_des_00_a_20_1.p,intuitionistic,auto,1,false,,5,0,3,provable,proved,,ok,two-sided,IMELL,832,7,3812.959,718236,529396,63499,157499100,0,0,2048,3790.000,770.332,auto,30
lltp,ILL/petri-nets/MCC,,,DES_des_00_a_50_1.p,intuitionistic,auto,1,false,,5,0,3,provable,unknown,timeout,,two-sided,IMELL,830,6,5081.286,3250528,1203070,1178063,28399202,0,0,2048,5060.000,821.573,auto,30
lltp,ILL/petri-nets/MCC,,,DES_des_00_a_5_1.p,intuitionistic,auto,1,false,,5,0,3,provable,proved,,ok,two-sided,IMELL,830,7,0.357,53,10,21,1543,0,0,2048,0.000,0.017,auto,30
lltp,ILL/petri-nets/MCC,,,DES_des_00_b_100_1.p,intuitionistic,auto,1,false,,5,0,3,provable,unknown,timeout,,two-sided,IMELL,1396,6,5038.538,19926897,19612495,214428,91132067,0,0,2048,5010.000,6.224,auto,30
lltp,ILL/petri-nets/MCC,,,DES_des_00_b_10_1.p,intuitionistic,auto,1,false,,5,0,3,provable,unknown,timeout,,two-sided,IMELL,1332,6,5001.524,29737015,29724811,9029,76290012,0,0,2048,4980.000,11.813,auto,30
lltp,ILL/petri-nets/MCC,,,DES_des_00_b_1_1.p,intuitionistic,auto,1,false,,5,0,3,provable,proved,,ok,two-sided,IMELL,1320,6,0.214,3,0,2,4,0,0,2048,0.000,0.021,auto,30
lltp,ILL/petri-nets/MCC,,,DES_des_00_b_20_1.p,intuitionistic,auto,1,false,,5,0,3,provable,unknown,timeout,,two-sided,IMELL,1352,6,5001.255,30115428,30103037,9191,77161955,0,0,2048,4980.000,9.424,auto,30
lltp,ILL/petri-nets/MCC,,,DES_des_00_b_50_1.p,intuitionistic,auto,1,false,,5,0,3,provable,unknown,timeout,,two-sided,IMELL,1386,6,5001.387,31368201,31355446,9298,80753167,0,0,2048,4980.000,5.581,auto,30
lltp,ILL/petri-nets/MCC,,,DES_des_00_b_5_1.p,intuitionistic,auto,1,false,,5,0,3,provable,proved,,ok,two-sided,IMELL,1326,6,14.014,41574,40259,924,188911,0,0,2048,10.000,1.714,auto,30
lltp,ILL/petri-nets/MCC,,,DES_des_01_a_10_1.p,intuitionistic,auto,1,false,,5,0,3,provable,proved,,ok,two-sided,IMELL,850,6,34.176,6884,4747,909,1601921,0,0,2048,30.000,4.711,auto,30
lltp,ILL/petri-nets/MCC,,,DES_des_01_a_1_1.p,intuitionistic,auto,1,false,,5,0,3,provable,proved,,ok,two-sided,IMELL,852,6,0.139,3,0,2,45,0,0,2048,0.000,0.013,auto,30
lltp,ILL/petri-nets/MCC,,,DES_des_01_a_20_1.p,intuitionistic,auto,1,false,,5,0,3,provable,proved,,ok,two-sided,IMELL,846,7,1893.634,336888,247938,26014,77130342,0,0,2048,1880.000,364.968,auto,30
lltp,ILL/petri-nets/MCC,,,DES_des_01_a_50_1.p,intuitionistic,auto,1,false,,5,0,3,provable,unknown,timeout,,two-sided,IMELL,844,6,5004.779,979550,732764,62638,218834827,0,0,2048,4980.000,923.742,auto,30
lltp,ILL/petri-nets/MCC,,,DES_des_01_a_5_1.p,intuitionistic,auto,1,false,,5,0,3,provable,proved,,ok,two-sided,IMELL,850,6,0.366,53,10,21,1579,0,0,2048,0.000,0.018,auto,30
lltp,ILL/petri-nets/MCC,,,DES_des_01_b_100_1.p,intuitionistic,auto,1,false,,5,0,3,provable,unknown,timeout,,two-sided,IMELL,1454,6,5045.591,19189814,18859798,232137,90769365,0,0,2048,5020.000,4.674,auto,30
lltp,ILL/petri-nets/MCC,,,DES_des_01_b_10_1.p,intuitionistic,auto,1,false,,5,0,3,provable,unknown,timeout,,two-sided,IMELL,1384,6,5001.199,29869862,29859158,7812,76826780,0,0,2048,4980.000,9.545,auto,30
lltp,ILL/petri-nets/MCC,,,DES_des_01_b_1_1.p,intuitionistic,auto,1,false,,5,0,3,provable,proved,,ok,two-sided,IMELL,1370,6,0.207,3,0,2,4,0,0,2048,0.000,0.024,auto,30
lltp,ILL/petri-nets/MCC,,,DES_des_01_b_20_1.p,intuitionistic,auto,1,false,,5,0,3,provable,unknown,timeout,,two-sided,IMELL,1404,6,5000.954,29804553,29793954,7734,76693289,0,0,2048,4980.000,6.874,auto,30
lltp,ILL/petri-nets/MCC,,,DES_des_01_b_50_1.p,intuitionistic,auto,1,false,,5,0,3,provable,unknown,timeout,,two-sided,IMELL,1442,6,5000.989,30692006,30681017,8268,78955485,0,0,2048,4990.000,5.872,auto,30
lltp,ILL/petri-nets/MCC,,,DES_des_01_b_5_1.p,intuitionistic,auto,1,false,,5,0,3,provable,proved,,ok,two-sided,IMELL,1378,6,13.081,38523,37275,897,177894,0,0,2048,10.000,2.339,auto,30
lltp,ILL/petri-nets/MCC,,,DES_des_02_a_10_1.p,intuitionistic,auto,1,false,,5,0,3,provable,proved,,ok,two-sided,IMELL,892,7,43.963,8026,5544,1109,2019547,0,0,2048,40.000,4.829,auto,30
lltp,ILL/petri-nets/MCC,,,DES_des_02_a_1_1.p,intuitionistic,auto,1,false,,5,0,3,provable,proved,,ok,two-sided,IMELL,890,7,0.142,3,0,2,45,0,0,2048,0.000,0.012,auto,30
lltp,ILL/petri-nets/MCC,,,DES_des_02_a_20_1.p,intuitionistic,auto,1,false,,5,0,3,provable,proved,,ok,two-sided,IMELL,892,7,3689.824,692118,510399,60028,162839455,0,0,2048,3670.000,685.902,auto,30
lltp,ILL/petri-nets/MCC,,,DES_des_02_a_50_1.p,intuitionistic,auto,1,false,,5,0,3,provable,unknown,timeout,,two-sided,IMELL,888,7,5007.284,963710,713213,83222,224811766,0,0,2048,4990.000,1019.675,auto,30
lltp,ILL/petri-nets/MCC,,,DES_des_02_a_5_1.p,intuitionistic,auto,1,false,,5,0,3,provable,proved,,ok,two-sided,IMELL,890,7,0.386,53,10,21,1683,0,0,2048,0.000,0.017,auto,30
lltp,ILL/petri-nets/MCC,,,DES_des_02_b_100_1.p,intuitionistic,auto,1,false,,5,0,3,provable,unknown,timeout,,two-sided,IMELL,1486,6,5045.302,19141223,18813649,229849,90872751,0,0,2048,5030.000,3.908,auto,30
lltp,ILL/petri-nets/MCC,,,DES_des_02_b_10_1.p,intuitionistic,auto,1,false,,5,0,3,provable,unknown,timeout,,two-sided,IMELL,1420,6,5001.153,29930187,29919540,7768,76950023,0,0,2048,4980.000,8.045,auto,30
lltp,ILL/petri-nets/MCC,,,DES_des_02_b_1_1.p,intuitionistic,auto,1,false,,5,0,3,provable,proved,,ok,two-sided,IMELL,1402,6,0.175,3,0,2,4,0,0,2048,0.000,0.033,auto,30
lltp,ILL/petri-nets/MCC,,,DES_des_02_b_20_1.p,intuitionistic,auto,1,false,,5,0,3,provable,unknown,timeout,,two-sided,IMELL,1440,6,5000.652,29706758,29696090,7782,76446502,0,0,2048,4980.000,5.593,auto,30
lltp,ILL/petri-nets/MCC,,,DES_des_02_b_50_1.p,intuitionistic,auto,1,false,,5,0,3,provable,unknown,timeout,,two-sided,IMELL,1474,6,5001.338,31135688,31124623,8337,79825729,0,0,2048,4990.000,5.295,auto,30
lltp,ILL/petri-nets/MCC,,,DES_des_02_b_5_1.p,intuitionistic,auto,1,false,,5,0,3,provable,proved,,ok,two-sided,IMELL,1410,6,13.957,40869,39579,906,194626,0,0,2048,10.000,2.043,auto,30
lltp,ILL/petri-nets/MCC,,,DES_des_05_a_10_1.p,intuitionistic,auto,1,false,,5,0,3,provable,proved,,ok,two-sided,IMELL,1008,10,51.979,8069,5557,1138,2187061,0,0,2048,50.000,10.700,auto,30
lltp,ILL/petri-nets/MCC,,,DES_des_05_a_1_1.p,intuitionistic,auto,1,false,,5,0,3,provable,proved,,ok,two-sided,IMELL,1004,10,0.134,3,0,2,45,0,0,2048,0.000,0.012,auto,30
lltp,ILL/petri-nets/MCC,,,DES_des_05_a_20_1.p,intuitionistic,auto,1,false,,5,0,3,provable,unknown,timeout,,two-sided,IMELL,1006,10,5009.273,694435,510590,62385,238322174,0,0,2048,4990.000,825.737,auto,30
lltp,ILL/petri-nets/MCC,,,DES_des_05_a_50_1.p,intuitionistic,auto,1,false,,5,0,3,provable,unknown,timeout,,two-sided,IMELL,1006,10,5010.801,823302,606040,73701,218905122,0,0,2048,5000.000,938.098,auto,30
lltp,ILL/petri-nets/MCC,,,DES_des_05_a_5_1.p,intuitionistic,auto,1,false,,5,0,3,provable,proved,,ok,two-sided,IMELL,1006,10,0.449,53,10,21,2407,0,0,2048,0.000,0.017,auto,30
lltp,ILL/petri-nets/MCC,,,DES_des_05_b_100_1.p,intuitionistic,auto,1,false,,5,0,3,provable,unknown,timeout,,two-sided,IMELL,1582,6,5043.534,18660592,18345559,220101,89006441,0,0,2048,5030.000,6.773,auto,30
lltp,ILL/petri-nets/MCC,,,DES_des_05_b_10_1.p,intuitionistic,auto,1,false,,5,0,3,provable,unknown,timeout,,two-sided,IMELL,1512,6,5001.351,29310757,29300058,7782,75577267,0,0,2048,4990.000,9.142,auto,30
lltp,ILL/petri-nets/MCC,,,DES_des_05_b_1_1.p,intuitionistic,auto,1,false,,5,0,3,provable,proved,,ok,two-sided,IMELL,1498,6,0.191,3,0,2,4,0,0,2048,0.000,0.017,auto,30
lltp,ILL/petri-nets/MCC,,,DES_des_05_b_20_1.p,intuitionistic,auto,1,false,,5,0,3,provable,unknown,timeout,,two-sided,IMELL,1532,6,5001.129,29759075,29748379,7803,76635707,0,0,2048,4990.000,6.056,auto,30
lltp,ILL/petri-nets/MCC,,,DES_des_05_b_50_1.p,intuitionistic,auto,1,false,,5,0,3,provable,unknown,timeout,,two-sided,IMELL,1570,6,5000.696,30197333,30186445,8177,77443112,0,0,2048,4990.000,5.679,auto,30
lltp,ILL/petri-nets/MCC,,,DES_des_05_b_5_1.p,intuitionistic,auto,1,false,,5,0,3,provable,proved,,ok,two-sided,IMELL,1506,6,13.955,39451,38154,944,199214,0,0,2048,10.000,4.019,auto,30
lltp,ILL/petri-nets/MCC,,,DES_des_10_a_10_1.p,intuitionistic,auto,1,false,,5,0,3,provable,proved,,ok,two-sided,IMELL,1194,15,56.199,8026,5544,1109,1946232,0,0,2048,50.000,12.798,auto,30
lltp,ILL/petri-nets/MCC,,,DES_des_10_a_1_1.p,intuitionistic,auto,1,false,,5,0,3,provable,proved,,ok,two-sided,IMELL,1194,15,0.148,3,0,2,45,0,0,2048,0.000,0.011,auto,30
lltp,ILL/petri-nets/MCC,,,DES_des_10_a_20_1.p,intuitionistic,auto,1,false,,5,0,3,provable,unknown,timeout,,two-sided,IMELL,1196,15,5009.375,699464,514450,62727,166050851,0,0,2048,4990.000,941.502,auto,30
lltp,ILL/petri-nets/MCC,,,DES_des_10_a_50_1.p,intuitionistic,auto,1,false,,5,0,3,provable,unknown,timeout,,two-sided,IMELL,1196,15,5009.106,681989,501631,61837,205704285,0,0,2048,4990.000,913.813,auto,30
lltp,ILL/petri-nets/MCC,,,DES_des_10_a_5_1.p,intuitionistic,auto,1,false,,5,0,3,provable,proved,,ok,two-sided,IMELL,1194,15,0.538,53,10,21,2442,0,0,2048,0.000,0.031,auto,30
lltp,ILL/petri-nets/MCC,,,DES_des_10_b_100_1.p,intuitionistic,auto,1,false,,5,0,3,provable,unknown,timeout,,two-sided,IMELL,1742,10,5041.642,18342107,18049638,199581,88831492,0,0,2048,5020.000,5.550,auto,30
lltp,ILL/petri-nets/MCC,,,DES_des_10_b_10_1.p,intuitionistic,auto,1,false,,5,0,3,provable,unknown,timeout,,two-sided,IMELL,1672,10,5000.738,28655305,28644823,7675,73891523,0,0,2048,4990.000,8.293,auto,30
lltp,ILL/petri-nets/MCC,,,DES_des_10_b_1_1.p,intuitionistic,auto,1,false,,5,0,3,provable,proved,,ok,two-sided,IMELL,1658,10,0.194,3,0,2,4,0,0,2048,0.000,0.019,auto,30
lltp,ILL/petri-nets/MCC,,,DES_des_10_b_20_1.p,intuitionistic,auto,1,false,,5,0,3,provable,unknown,timeout,,two-sided,IMELL,1692,10,5000.622,28453707,28443329,7613,73355316,0,0,2048,4990.000,7.026,auto,30
lltp,ILL/petri-nets/MCC,,,DES_des_10_b_50_1.p,intuitionistic,auto,1,false,,5,0,3,provable,unknown,timeout,,two-sided,IMELL,1742,10,5005.191,141121,128345,9322,232943456,0,0,2048,4990.000,5.955,auto,30
lltp,ILL/petri-nets/MCC,,,DES_des_10_b_5_1.p,intuitionistic,auto,1,false,,5,0,3,provable,proved,,ok,two-sided,IMELL,1666,11,14.992,38282,36995,944,219363,0,0,2048,10.000,1.841,auto,30
lltp,ILL/petri-nets/MCC,,,DES_des_20_a_100_1.p,intuitionistic,auto,1,false,,5,0,3,provable,unknown,timeout,,two-sided,IMELL,1578,25,5006.647,529971,387129,49172,139946453,0,0,2048,4980.000,936.946,auto,30
lltp,ILL/petri-nets/MCC,,,DES_des_20_a_10_1.p,intuitionistic,auto,1,false,,5,0,3,provable,proved,,ok,two-sided,IMELL,1576,25,65.157,8026,5544,1109,2326700,0,0,2048,60.000,14.330,auto,30
lltp,ILL/petri-nets/MCC,,,DES_des_20_a_1_1.p,intuitionistic,auto,1,false,,5,0,3,provable,proved,,ok,two-sided,IMELL,1574,25,0.177,3,0,2,45,0,0,2048,0.000,0.017,auto,30
lltp,ILL/petri-nets/MCC,,,DES_des_20_a_20_1.p,intuitionistic,auto,1,false,,5,0,3,provable,unknown,timeout,,two-sided,IMELL,1578,25,5007.253,584839,426828,55415,165212845,0,0,2048,4990.000,1039.931,auto,30
lltp,ILL/petri-nets/MCC,,,DES_des_20_a_50_1.p,intuitionistic,auto,1,false,,5,0,3,provable,unknown,timeout,,two-sided,IMELL,1578,25,5010.175,635257,465383,59047,161970347,0,0,2048,4990.000,1079.571,auto,30
lltp,ILL/petri-nets/MCC,,,DES_des_20_a_5_1.p,intuitionistic,auto,1,false,,5,0,3,provable,proved,,ok,two-sided,IMELL,1576,25,0.646,53,10,21,2773,0,0,2048,0.000,0.017,auto,30
lltp,ILL/petri-nets/MCC,,,DES_des_20_b_100_1.p,intuitionistic,auto,1,false,,5,0,3,provable,unknown,timeout,,two-sided,IMELL,2062,20,5039.514,16880335,16600275,193729,86245943,0,0,2048,5020.000,5.930,auto,30
lltp,ILL/petri-nets/MCC,,,DES_des_20_b_10_1.p,intuitionistic,auto,1,false,,5,0,3,provable,unknown,timeout,,two-sided,IMELL,1992,20,5000.779,29983700,29972915,7868,77418369,0,0,2048,4980.000,6.949,auto,30
lltp,ILL/petri-nets/MCC,,,DES_des_20_b_1_1.p,intuitionistic,auto,1,false,,5,0,3,provable,proved,,ok,two-sided,IMELL,1978,20,0.200,3,0,2,4,0,0,2048,0.000,0.012,auto,30
lltp,ILL/petri-nets/MCC,,,DES_des_20_b_20_1.p,intuitionistic,auto,1,false,,5,0,3,provable,unknown,timeout,,two-sided,IMELL,2012,20,5000.715,29755852,29745155,7804,76935146,0,0,2048,4990.000,6.461,auto,30
lltp,ILL/petri-nets/MCC,,,DES_des_20_b_50_1.p,intuitionistic,auto,1,false,,5,0,3,provable,unknown,timeout,,two-sided,IMELL,2062,20,5040.384,16575988,16296109,193527,88023334,0,0,2048,5020.000,5.438,auto,30
lltp,ILL/petri-nets/MCC,,,DES_des_20_b_5_1.p,intuitionistic,auto,1,false,,5,0,3,provable,proved,,ok,two-sided,IMELL,1986,21,15.966,36788,35513,944,258882,0,0,2048,10.000,2.816,auto,30
lltp,ILL/petri-nets/MCC,,,DES_des_30_a_100_1.p,intuitionistic,auto,1,false,,5,0,3,provable,unknown,timeout,,two-sided,IMELL,1942,35,5005.179,417302,303998,39352,132511404,0,0,2048,4980.000,911.360,auto,30
lltp,ILL/petri-nets/MCC,,,DES_des_30_a_10_1.p,intuitionistic,auto,1,false,,5,0,3,provable,proved,,ok,two-sided,IMELL,1946,35,93.069,8026,5544,1109,2565104,0,0,2048,90.000,19.715,auto,30
lltp,ILL/petri-nets/MCC,,,DES_des_30_a_1_1.p,intuitionistic,auto,1,false,,5,0,3,provable,proved,,ok,two-sided,IMELL,1942,35,0.184,3,0,2,45,0,0,2048,0.000,0.012,auto,30
lltp,ILL/petri-nets/MCC,,,DES_des_30_a_20_1.p,intuitionistic,auto,1,false,,5,0,3,provable,unknown,timeout,,two-sided,IMELL,1946,35,5006.831,401939,292309,38026,128334491,0,0,2048,4980.000,830.156,auto,30
lltp,ILL/petri-nets/MCC,,,DES_des_30_a_50_1.p,intuitionistic,auto,1,false,,5,0,3,provable,unknown,timeout,,two-sided,IMELL,1942,35,5006.741,412198,300023,39092,131074012,0,0,2048,4980.000,870.893,auto,30
lltp,ILL/petri-nets/MCC,,,DES_des_30_a_5_1.p,intuitionistic,auto,1,false,,5,0,3,provable,proved,,ok,two-sided,IMELL,1944,35,0.833,53,10,21,3505,0,0,2048,0.000,0.029,auto,30
lltp,ILL/petri-nets/MCC,,,DES_des_30_b_100_1.p,intuitionistic,auto,1,false,,5,0,3,provable,unknown,timeout,,two-sided,IMELL,2374,30,5044.230,15043231,14775088,186943,82304964,0,0,2048,5020.000,11.815,auto,30
lltp,ILL/petri-nets/MCC,,,DES_des_30_b_10_1.p,intuitionistic,auto,1,false,,5,0,3,provable,unknown,timeout,,two-sided,IMELL,2304,30,5000.753,26926679,26916548,7396,69867920,0,0,2048,4980.000,11.961,auto,30
lltp,ILL/petri-nets/MCC,,,DES_des_30_b_1_1.p,intuitionistic,auto,1,false,,5,0,3,provable,proved,,ok,two-sided,IMELL,2290,30,0.260,3,0,2,4,0,0,2048,0.000,0.004,auto,30
lltp,ILL/petri-nets/MCC,,,DES_des_30_b_20_1.p,intuitionistic,auto,1,false,,5,0,3,provable,unknown,timeout,,two-sided,IMELL,2324,30,5000.724,26622673,26612693,7279,69103017,0,0,2048,4980.000,8.179,auto,30
lltp,ILL/petri-nets/MCC,,,DES_des_30_b_50_1.p,intuitionistic,auto,1,false,,5,0,3,provable,unknown,timeout,,two-sided,IMELL,2328,31,5000.737,27119151,27109058,7606,69938925,0,0,2048,4990.000,5.226,auto,30
lltp,ILL/petri-nets/MCC,,,DES_des_30_b_5_1.p,intuitionistic,auto,1,false,,5,0,3,provable,proved,,ok,two-sided,IMELL,2298,30,18.513,34351,33080,964,271758,0,0,2048,10.000,1.131,auto,30
lltp,ILL/petri-nets/MCC,,,DES_des_40_a_100_1.p,intuitionistic,auto,1,false,,5,0,3,provable,unknown,timeout,,two-sided,IMELL,2322,45,5004.804,347238,252081,32898,114317029,0,0,2048,4990.000,902.576,auto,30
lltp,ILL/petri-nets/MCC,,,DES_des_40_a_10_1.p,intuitionistic,auto,1,false,,5,0,3,provable,proved,,ok,two-sided,IMELL,2326,45,112.454,8026,5544,1109,2674758,0,0,2048,110.000,21.159,auto,30
lltp,ILL/petri-nets/MCC,,,DES_des_40_a_1_1.p,intuitionistic,auto,1,false,,5,0,3,provable,proved,,ok,two-sided,IMELL,2322,45,0.234,3,0,2,45,0,0,2048,0.000,0.022,auto,30
lltp,ILL/petri-nets/MCC,,,DES_des_40_a_20_1.p,intuitionistic,auto,1,false,,5,0,3,provable,unknown,timeout,,two-sided,IMELL,2326,45,5005.067,337140,244672,31959,111057202,0,0,2048,4990.000,809.158,auto,30
lltp,ILL/petri-nets/MCC,,,DES_des_40_a_50_1.p,intuitionistic,auto,1,false,,5,0,3,provable,unknown,timeout,,two-sided,IMELL,2322,45,5004.438,346130,251280,32742,114012720,0,0,2048,4990.000,902.891,auto,30
lltp,ILL/petri-nets/MCC,,,DES_des_40_a_5_1.p,intuitionistic,auto,1,false,,5,0,3,provable,proved,,ok,two-sided,IMELL,2324,45,0.937,53,10,21,4452,0,0,2048,0.000,0.019,auto,30
lltp,ILL/petri-nets/MCC,,,DES_des_40_b_100_1.p,intuitionistic,auto,1,false,,5,0,3,provable,unknown,timeout,,two-sided,IMELL,2694,40,5039.836,13952091,13684718,186380,82848093,0,0,2048,5020.000,8.686,auto,30
lltp,ILL/petri-nets/MCC,,,DES_des_40_b_10_1.p,intuitionistic,auto,1,false,,5,0,3,provable,unknown,timeout,,two-sided,IMELL,2624,40,5001.238,26365993,26356002,7259,68608099,0,0,2048,4990.000,9.702,auto,30
lltp,ILL/petri-nets/MCC,,,DES_des_40_b_1_1.p,intuitionistic,auto,1,false,,5,0,3,provable,proved,,ok,two-sided,IMELL,2610,40,0.270,3,0,2,4,0,0,2048,0.000,0.019,auto,30
lltp,ILL/petri-nets/MCC,,,DES_des_40_b_20_1.p,intuitionistic,auto,1,false,,5,0,3,provable,unknown,timeout,,two-sided,IMELL,2644,40,5001.290,26547577,26537607,7269,69050079,0,0,2048,4990.000,9.274,auto,30
lltp,ILL/petri-nets/MCC,,,DES_des_40_b_50_1.p,intuitionistic,auto,1,false,,5,0,3,provable,unknown,timeout,,two-sided,IMELL,2648,41,5001.246,26703067,26693002,7602,69072394,0,0,2048,4980.000,6.065,auto,30
lltp,ILL/petri-nets/MCC,,,DES_des_40_b_5_1.p,intuitionistic,auto,1,false,,5,0,3,provable,proved,,ok,two-sided,IMELL,2618,40,19.593,33696,32432,962,305146,0,0,2048,10.000,3.733,auto,30
lltp,ILL/petri-nets/MCC,,,DES_des_50_a_100_1.p,intuitionistic,auto,1,false,,5,0,3,provable,unknown,timeout,,two-sided,IMELL,2702,55,5005.214,301708,219757,27835,105779176,0,0,2048,4990.000,897.087,auto,30
lltp,ILL/petri-nets/MCC,,,DES_des_50_a_10_1.p,intuitionistic,auto,1,false,,5,0,3,provable,proved,,ok,two-sided,IMELL,2706,55,131.197,8026,5544,1109,2881147,0,0,2048,130.000,29.324,auto,30
lltp,ILL/petri-nets/MCC,,,DES_des_50_a_1_1.p,intuitionistic,auto,1,false,,5,0,3,provable,proved,,ok,two-sided,IMELL,2702,55,0.213,3,0,2,45,0,0,2048,0.000,0.016,auto,30
lltp,ILL/petri-nets/MCC,,,DES_des_50_a_20_1.p,intuitionistic,auto,1,false,,5,0,3,provable,unknown,timeout,,two-sided,IMELL,2706,55,5004.990,293552,213688,27481,102912225,0,0,2048,4980.000,822.395,auto,30
lltp,ILL/petri-nets/MCC,,,DES_des_50_a_50_1.p,intuitionistic,auto,1,false,,5,0,3,provable,unknown,timeout,,two-sided,IMELL,2702,55,5005.248,302072,220010,27877,105920401,0,0,2048,4990.000,918.725,auto,30
lltp,ILL/petri-nets/MCC,,,DES_des_50_a_5_1.p,intuitionistic,auto,1,false,,5,0,3,provable,proved,,ok,two-sided,IMELL,2704,55,1.042,53,10,21,5107,0,0,2048,0.000,0.018,auto,30
lltp,ILL/petri-nets/MCC,,,DES_des_50_b_100_1.p,intuitionistic,auto,1,false,,5,0,3,provable,unknown,timeout,,two-sided,IMELL,3014,50,5038.819,12643110,12385658,180493,80258520,0,0,2048,5020.000,9.004,auto,30
lltp,ILL/petri-nets/MCC,,,DES_des_50_b_10_1.p,intuitionistic,auto,1,false,,5,0,3,provable,unknown,timeout,,two-sided,IMELL,2948,51,5001.016,24904766,24895077,7134,64886060,0,0,2048,4980.000,9.669,auto,30
lltp,ILL/petri-nets/MCC,,,DES_des_50_b_1_1.p,intuitionistic,auto,1,false,,5,0,3,provable,proved,,ok,two-sided,IMELL,2930,50,0.257,3,0,2,4,0,0,2048,0.000,0.014,auto,30
lltp,ILL/petri-nets/MCC,,,DES_des_50_b_20_1.p,intuitionistic,auto,1,false,,5,0,3,provable,unknown,timeout,,two-sided,IMELL,2968,51,5000.893,24999489,24989763,7164,65142690,0,0,2048,4980.000,8.392,auto,30
lltp,ILL/petri-nets/MCC,,,DES_des_50_b_50_1.p,intuitionistic,auto,1,false,,5,0,3,provable,unknown,timeout,,two-sided,IMELL,2970,51,5000.738,25456003,25446135,7385,66142981,0,0,2048,4990.000,6.969,auto,30
lltp,ILL/petri-nets/MCC,,,DES_des_50_b_5_1.p,intuitionistic,auto,1,false,,5,0,3,provable,proved,,ok,two-sided,IMELL,2938,50,20.293,32791,31538,958,332576,0,0,2048,20.000,1.193,auto,30
lltp,ILL/petri-nets/MCC,,,DES_des_60_a_100_1.p,intuitionistic,auto,1,false,,5,0,3,provable,unknown,timeout,,two-sided,IMELL,3082,65,5006.536,5804750,5703619,36978,30677391,0,0,2048,4990.000,789.303,auto,30
lltp,ILL/petri-nets/MCC,,,DES_des_60_a_10_1.p,intuitionistic,auto,1,false,,5,0,3,provable,proved,,ok,two-sided,IMELL,3082,65,115.866,8026,5544,1109,2660070,0,0,2048,110.000,17.015,auto,30
lltp,ILL/petri-nets/MCC,,,DES_des_60_a_1_1.p,intuitionistic,auto,1,false,,5,0,3,provable,proved,,ok,two-sided,IMELL,3082,65,0.253,3,0,2,45,0,0,2048,0.000,0.020,auto,30
lltp,ILL/petri-nets/MCC,,,DES_des_60_a_20_1.p,intuitionistic,auto,1,false,,5,0,3,provable,unknown,timeout,,two-sided,IMELL,3082,65,5003.698,309007,224952,28517,99376730,0,0,2048,4990.000,854.180,auto,30
lltp,ILL/petri-nets/MCC,,,DES_des_60_a_50_1.p,intuitionistic,auto,1,false,,5,0,3,provable,unknown,timeout,,two-sided,IMELL,3082,65,5005.453,5851148,5749208,37239,30931094,0,0,2048,4990.000,759.950,auto,30
lltp,ILL/petri-nets/MCC,,,DES_des_60_a_5_1.p,intuitionistic,auto,1,false,,5,0,3,provable,proved,,ok,two-sided,IMELL,3082,65,1.155,53,10,21,6092,0,0,2048,0.000,0.021,auto,30
lltp,ILL/petri-nets/MCC,,,DES_des_60_b_100_1.p,intuitionistic,auto,1,false,,5,0,3,provable,unknown,timeout,,two-sided,IMELL,3334,60,5035.544,11681594,11440464,169027,77624695,0,0,2048,5020.000,12.977,auto,30
lltp,ILL/petri-nets/MCC,,,DES_des_60_b_10_1.p,intuitionistic,auto,1,false,,5,0,3,provable,unknown,timeout,,two-sided,IMELL,3264,60,5000.660,24310473,24300876,7012,63671725,0,0,2048,4980.000,13.094,auto,30
lltp,ILL/petri-nets/MCC,,,DES_des_60_b_1_1.p,intuitionistic,auto,1,false,,5,0,3,provable,proved,,ok,two-sided,IMELL,3250,60,0.284,3,0,2,4,0,0,2048,0.000,0.019,auto,30
lltp,ILL/petri-nets/MCC,,,DES_des_60_b_20_1.p,intuitionistic,auto,1,false,,5,0,3,provable,unknown,timeout,,two-sided,IMELL,3284,60,5001.239,24354875,24345384,6937,63706902,0,0,2048,4990.000,10.901,auto,30
lltp,ILL/petri-nets/MCC,,,DES_des_60_b_50_1.p,intuitionistic,auto,1,false,,5,0,3,provable,unknown,timeout,,two-sided,IMELL,3290,61,5001.235,24471382,24462065,6929,63773200,0,0,2048,4990.000,6.191,auto,30
lltp,ILL/petri-nets/MCC,,,DES_des_60_b_5_1.p,intuitionistic,auto,1,false,,5,0,3,provable,proved,,ok,two-sided,IMELL,3258,60,21.938,30704,29469,956,336266,0,0,2048,20.000,2.561,auto,30
lltp,ILL/petri-nets/MCC,,,DLCround_dlcro_03_a_1_1.p,intuitionistic,auto,1,false,,5,0,3,provable,proved,,ok,two-sided,IMELL,4642,33,0.302,3,0,2,54,0,0,2048,0.000,0.014,auto,30
lltp,ILL/petri-nets/MCC,,,DLCround_dlcro_03_a_20_1.p,intuitionistic,auto,1,false,,5,0,3,provable,unknown,timeout,,two-sided,IMELL,4642,33,5408.746,1825124,539968,1276431,20399580,0,0,2048,5380.000,918.278,auto,30
lltp,ILL/petri-nets/MCC,,,DLCround_dlcro_03_a_50_1.p,intuitionistic,auto,1,false,,5,0,3,provable,unknown,timeout,,two-sided,IMELL,4642,33,5423.385,1830520,542178,1279591,20198435,0,0,2048,5400.000,877.079,auto,30
lltp,ILL/petri-nets/MCC,,,DLCround_dlcro_03_a_5_1.p,intuitionistic,auto,1,false,,5,0,3,provable,proved,,ok,two-sided,IMELL,4642,33,0.382,3,0,2,54,0,0,2048,0.000,0.033,auto,30
lltp,ILL/petri-nets/MCC,,,DLCround_dlcro_03_b_10_1.p,intuitionistic,auto,1,false,,5,0,3,provable,unknown,timeout,,two-sided,IMELL,9632,11,5007.667,6174533,6141733,25989,23817610,0,0,2048,4990.000,650.930,auto,30
lltp,ILL/petri-nets/MCC,,,DLCround_dlcro_03_b_1_1.p,intuitionistic,auto,1,false,,5,0,3,provable,proved,,ok,two-sided,IMELL,9622,11,0.657,3,0,2,4,0,0,2048,0.000,0.021,auto,30
lltp,ILL/petri-nets/MCC,,,DLCround_dlcro_03_b_20_1.p,intuitionistic,auto,1,false,,5,0,3,provable,unknown,timeout,,two-sided,IMELL,9632,11,5008.676,6501476,6466950,27388,25069552,0,0,2048,4990.000,638.284,auto,30
lltp,ILL/petri-nets/MCC,,,DLCround_dlcro_03_b_50_1.p,intuitionistic,auto,1,false,,5,0,3,provable,unknown,timeout,,two-sided,IMELL,9632,11,5008.075,6514573,6480038,27388,25111644,0,0,2048,4990.000,623.571,auto,30
lltp,ILL/petri-nets/MCC,,,DLCround_dlcro_03_b_5_1.p,intuitionistic,auto,1,false,,5,0,3,provable,proved,,ok,two-sided,IMELL,9626,11,3697.348,4453186,4429285,18076,18440294,0,0,2048,3680.000,489.168,auto,30
lltp,ILL/petri-nets/MCC,,,DLCround_dlcro_04_a_1_1.p,intuitionistic,auto,1,false,,5,0,3,provable,proved,,ok,two-sided,IMELL,6286,37,0.429,3,0,2,71,0,0,2048,0.000,0.037,auto,30
lltp,ILL/petri-nets/MCC,,,DLCround_dlcro_04_a_20_1.p,intuitionistic,auto,1,false,,5,0,3,provable,unknown,timeout,,two-sided,IMELL,6286,37,5362.659,1349991,315187,1030308,12466702,0,0,2048,5340.000,737.528,auto,30
lltp,ILL/petri-nets/MCC,,,DLCround_dlcro_04_a_5_1.p,intuitionistic,auto,1,false,,5,0,3,provable,proved,,ok,two-sided,IMELL,6286,37,0.534,6,0,3,859,0,0,2048,0.000,0.014,auto,30
lltp,ILL/petri-nets/MCC,,,DLCround_dlcro_04_b_100_1.p,intuitionistic,auto,1,false,,5,0,3,provable,unknown,timeout,,two-sided,IMELL,12436,12,5006.982,4084160,4065216,14539,25756038,0,0,2048,4990.000,644.619,auto,30
lltp,ILL/petri-nets/MCC,,,DLCround_dlcro_04_b_10_1.p,intuitionistic,auto,1,false,,5,0,3,provable,unknown,timeout,,two-sided,IMELL,12326,12,5008.379,5000741,4971383,23716,20975500,0,0,2048,4980.000,687.927,auto,30
lltp,ILL/petri-nets/MCC,,,DLCround_dlcro_04_b_1_1.p,intuitionistic,auto,1,false,,5,0,3,provable,proved,,ok,two-sided,IMELL,12316,12,0.945,3,0,2,4,0,0,2048,0.000,0.015,auto,30
lltp,ILL/petri-nets/MCC,,,DLCround_dlcro_04_b_20_1.p,intuitionistic,auto,1,false,,5,0,3,provable,unknown,timeout,,two-sided,IMELL,12354,12,5008.556,5314212,5284409,23940,22093459,0,0,2048,5000.000,700.642,auto,30
lltp,ILL/petri-nets/MCC,,,DLCround_dlcro_04_b_50_1.p,intuitionistic,auto,1,false,,5,0,3,provable,unknown,timeout,,two-sided,IMELL,12414,12,5006.251,4937943,4918156,14665,23254185,0,0,2048,4990.000,637.833,auto,30
lltp,ILL/petri-nets/MCC,,,DLCround_dlcro_04_b_5_1.p,intuitionistic,auto,1,false,,5,0,3,provable,unknown,timeout,,two-sided,IMELL,12320,12,5007.070,5005749,4976440,23666,21008499,0,0,2048,4990.000,679.483,auto,30
lltp,ILL/petri-nets/MCC,,,DLCround_dlcro_05_a_1_1.p,intuitionistic,auto,1,false,,5,0,3,provable,proved,,ok,two-sided,IMELL,8146,41,0.413,3,0,2,90,0,0,2048,0.000,0.016,auto,30
lltp,ILL/petri-nets/MCC,,,DLCround_dlcro_05_a_20_1.p,intuitionistic,auto,1,false,,5,0,3,provable,unknown,timeout,,two-sided,IMELL,8146,41,5313.429,1073000,234767,835382,7451143,0,0,2048,5290.000,666.049,auto,30
lltp,ILL/petri-nets/MCC,,,DLCround_dlcro_05_a_5_1.p,intuitionistic,auto,1,false,,5,0,3,provable,proved,,ok,two-sided,IMELL,8146,41,0.398,3,0,2,90,0,0,2048,0.000,0.018,auto,30
lltp,ILL/petri-nets/MCC,,,DLCround_dlcro_05_b_10_1.p,intuitionistic,auto,1,false,,5,0,3,provable,unknown,timeout,,two-sided,IMELL,15314,13,5006.668,4354188,4335658,14529,18335106,0,0,2048,4990.000,640.520,auto,30
lltp,ILL/petri-nets/MCC,,,DLCround_dlcro_05_b_1_1.p,intuitionistic,auto,1,false,,5,0,3,provable,proved,,ok,two-sided,IMELL,15302,13,1.204,3,0,2,4,0,0,2048,0.000,0.019,auto,30
lltp,ILL/petri-nets/MCC,,,DLCround_dlcro_05_b_20_1.p,intuitionistic,auto,1,false,,5,0,3,provable,unknown,timeout,,two-sided,IMELL,15304,13,5006.545,4544847,4526225,14503,19055774,0,0,2048,4990.000,656.047,auto,30
lltp,ILL/petri-nets/MCC,,,DLCround_dlcro_05_b_50_1.p,intuitionistic,auto,1,false,,5,0,3,provable,unknown,timeout,,two-sided,IMELL,15304,13,5006.124,4549403,4530778,14503,19072999,0,0,2048,4990.000,693.696,auto,30
lltp,ILL/petri-nets/MCC,,,DLCround_dlcro_05_b_5_1.p,intuitionistic,auto,1,false,,5,0,3,provable,unknown,timeout,,two-sided,IMELL,15308,13,5006.705,4410336,4391786,14514,18553953,0,0,2048,4990.000,698.073,auto,30
lltp,ILL/petri-nets/MCC,,,DLCround_dlcro_06_a_1_1.p,intuitionistic,auto,1,false,,5,0,3,provable,proved,,ok,two-sided,IMELL,10222,45,0.585,3,0,2,111,0,0,2048,0.000,0.015,auto,30
lltp,ILL/petri-nets/MCC,,,DLCround_dlcro_06_a_20_1.p,intuitionistic,auto,1,false,,5,0,3,provable,unknown,timeout,,two-sided,IMELL,10222,45,5310.964,862922,187258,673681,4216513,0,0,2048,5290.000,730.581,auto,30
lltp,ILL/petri-nets/MCC,,,DLCround_dlcro_06_a_50_1.p,intuitionistic,auto,1,false,,5,0,3,provable,unknown,timeout,,two-sided,IMELL,10222,45,5290.299,869755,187513,680248,4070185,0,0,2048,5270.000,711.901,auto,30
lltp,ILL/petri-nets/MCC,,,DLCround_dlcro_06_a_5_1.p,intuitionistic,auto,1,false,,5,0,3,provable,proved,,ok,two-sided,IMELL,10222,45,0.593,3,0,2,111,0,0,2048,0.000,0.016,auto,30
lltp,ILL/petri-nets/MCC,,,DLCround_dlcro_06_b_10_1.p,intuitionistic,auto,1,false,,5,0,3,provable,unknown,timeout,,two-sided,IMELL,18590,14,5007.654,3227902,3207488,17108,15188809,0,0,2048,5000.000,662.578,auto,30
lltp,ILL/petri-nets/MCC,,,DLCround_dlcro_06_b_1_1.p,intuitionistic,auto,1,false,,5,0,3,provable,proved,,ok,two-sided,IMELL,18580,14,1.548,3,0,2,4,0,0,2048,10.000,0.018,auto,30
lltp,ILL/petri-nets/MCC,,,DLCround_dlcro_06_b_20_1.p,intuitionistic,auto,1,false,,5,0,3,provable,unknown,timeout,,two-sided,IMELL,18582,14,5008.873,3431879,3411391,17077,15937676,0,0,2048,4990.000,654.600,auto,30
lltp,ILL/petri-nets/MCC,,,DLCround_dlcro_06_b_50_1.p,intuitionistic,auto,1,false,,5,0,3,provable,unknown,timeout,,two-sided,IMELL,18582,14,5007.419,3440079,3419587,17077,15967107,0,0,2048,4990.000,666.838,auto,30
lltp,ILL/petri-nets/MCC,,,DLCround_dlcro_06_b_5_1.p,intuitionistic,auto,1,false,,5,0,3,provable,unknown,timeout,,two-sided,IMELL,18586,14,5006.931,3285895,3265461,17099,15402952,0,0,2048,4990.000,638.994,auto,30
lltp,ILL/petri-nets/MCC,,,DLCround_dlcro_07_a_1_1.p,intuitionistic,auto,1,false,,5,0,3,provable,proved,,ok,two-sided,IMELL,12514,49,0.713,3,0,2,134,0,0,2048,0.000,0.015,auto,30
lltp,ILL/petri-nets/MCC,,,DLCround_dlcro_07_a_20_1.p,intuitionistic,auto,1,false,,5,0,3,provable,unknown,timeout,,two-sided,IMELL,12514,49,5026.065,180885,79358,100773,100473637,0,0,2048,5010.000,467.580,auto,30
lltp,ILL/petri-nets/MCC,,,DLCround_dlcro_07_a_50_1.p,intuitionistic,auto,1,false,,5,0,3,provable,unknown,timeout,,two-sided,IMELL,12514,49,5242.426,735122,156688,577009,3318936,0,0,2048,5220.000,721.948,auto,30
lltp,ILL/petri-nets/MCC,,,DLCround_dlcro_07_a_5_1.p,intuitionistic,auto,1,false,,5,0,3,provable,proved,,ok,two-sided,IMELL,12514,49,11.593,252,0,244,132896,0,0,2048,10.000,0.866,auto,30
lltp,ILL/petri-nets/MCC,,,DLCround_dlcro_07_b_10_1.p,intuitionistic,auto,1,false,,5,0,3,provable,unknown,timeout,,two-sided,IMELL,22156,15,5005.386,2829674,2818596,8443,13435840,0,0,2048,4990.000,666.359,auto,30
lltp,ILL/petri-nets/MCC,,,DLCround_dlcro_07_b_1_1.p,intuitionistic,auto,1,false,,5,0,3,provable,proved,,ok,two-sided,IMELL,22150,15,1.639,3,0,2,4,0,0,2048,10.000,0.019,auto,30
lltp,ILL/petri-nets/MCC,,,DLCround_dlcro_07_b_20_1.p,intuitionistic,auto,1,false,,5,0,3,provable,unknown,timeout,,two-sided,IMELL,22152,15,5004.937,2980399,2969196,8438,14121393,0,0,2048,4990.000,625.698,auto,30
lltp,ILL/petri-nets/MCC,,,DLCround_dlcro_07_b_50_1.p,intuitionistic,auto,1,false,,5,0,3,provable,unknown,timeout,,two-sided,IMELL,22152,15,5005.184,2977585,2966384,8438,14109468,0,0,2048,4990.000,638.832,auto,30
lltp,ILL/petri-nets/MCC,,,DLCround_dlcro_07_b_5_1.p,intuitionistic,auto,1,false,,5,0,3,provable,unknown,timeout,,two-sided,IMELL,22152,15,5005.612,2872777,2861664,8439,13638872,0,0,2048,4990.000,670.981,auto,30
lltp,ILL/petri-nets/MCC,,,DLCround_dlcro_08_a_1_1.p,intuitionistic,auto,1,false,,5,0,3,provable,proved,,ok,two-sided,IMELL,15022,53,0.790,3,0,2,159,0,0,2048,0.000,0.034,auto,30
lltp,ILL/petri-nets/MCC,,,DLCround_dlcro_08_a_20_1.p,intuitionistic,auto,1,false,,5,0,3,provable,unknown,timeout,,two-sided,IMELL,15022,53,5017.920,120983,47630,72913,88605467,0,0,2048,5000.000,487.393,auto,30
lltp,ILL/petri-nets/MCC,,,DLCround_dlcro_08_a_50_1.p,intuitionistic,auto,1,false,,5,0,3,provable,unknown,timeout,,two-sided,IMELL,15022,53,5236.204,608315,118671,488656,2762709,0,0,2048,5220.000,715.921,auto,30
lltp,ILL/petri-nets/MCC,,,DLCround_dlcro_08_a_5_1.p,intuitionistic,auto,1,false,,5,0,3,provable,unknown,timeout,,two-sided,IMELL,15022,53,5040.379,147020,61772,84692,103704103,0,0,2048,5030.000,481.728,auto,30
lltp,ILL/petri-nets/MCC,,,DLCround_dlcro_08_b_10_1.p,intuitionistic,auto,1,false,,5,0,3,provable,unknown,timeout,,two-sided,IMELL,26024,16,5006.856,2396597,2384592,10013,11624394,0,0,2048,4990.000,672.921,auto,30
lltp,ILL/petri-nets/MCC,,,DLCround_dlcro_08_b_1_1.p,intuitionistic,auto,1,false,,5,0,3,provable,proved,,ok,two-sided,IMELL,26012,16,2.069,3,0,2,4,0,0,2048,0.000,0.019,auto,30
lltp,ILL/petri-nets/MCC,,,DLCround_dlcro_08_b_20_1.p,intuitionistic,auto,1,false,,5,0,3,provable,unknown,timeout,,two-sided,IMELL,26014,16,5006.740,2495176,2483106,10006,12074897,0,0,2048,4990.000,665.075,auto,30
lltp,ILL/petri-nets/MCC,,,DLCround_dlcro_08_b_50_1.p,intuitionistic,auto,1,false,,5,0,3,provable,unknown,timeout,,two-sided,IMELL,26014,16,5004.999,2482446,2470384,10006,12021418,0,0,2048,4980.000,663.409,auto,30
lltp,ILL/petri-nets/MCC,,,DLCround_dlcro_08_b_5_1.p,intuitionistic,auto,1,false,,5,0,3,provable,unknown,timeout,,two-sided,IMELL,26016,16,5005.036,2399304,2387304,10005,11646964,0,0,2048,4980.000,693.146,auto,30
lltp,ILL/petri-nets/MCC,,,DLCround_dlcro_09_a_1_1.p,intuitionistic,auto,1,false,,5,0,3,provable,proved,,ok,two-sided,IMELL,17746,57,0.954,3,0,2,186,0,0,2048,0.000,0.019,auto,30
lltp,ILL/petri-nets/MCC,,,DLCround_dlcro_09_a_20_1.p,intuitionistic,auto,1,false,,5,0,3,provable,unknown,timeout,,two-sided,IMELL,17746,57,5033.875,126042,49465,76181,70977206,0,0,2048,5030.000,494.382,auto,30
lltp,ILL/petri-nets/MCC,,,DLCround_dlcro_09_a_50_1.p,intuitionistic,auto,1,false,,5,0,3,provable,unknown,timeout,,two-sided,IMELL,17746,57,5192.868,513207,96539,415942,2369931,0,0,2048,5180.000,714.157,auto,30
lltp,ILL/petri-nets/MCC,,,DLCround_dlcro_09_a_5_1.p,intuitionistic,auto,1,false,,5,0,3,provable,proved,,ok,two-sided,IMELL,17746,57,25.313,330,0,322,281396,0,0,2048,30.000,1.594,auto,30
lltp,ILL/petri-nets/MCC,,,DLCround_dlcro_09_b_10_1.p,intuitionistic,auto,1,false,,5,0,3,provable,unknown,timeout,,two-sided,IMELL,30174,17,5013.639,2142190,2122618,18231,10258189,0,0,2048,5000.000,716.467,auto,30
lltp,ILL/petri-nets/MCC,,,DLCround_dlcro_09_b_1_1.p,intuitionistic,auto,1,false,,5,0,3,provable,proved,,ok,two-sided,IMELL,30166,17,2.379,3,0,2,4,0,0,2048,0.000,0.024,auto,30
lltp,ILL/petri-nets/MCC,,,DLCround_dlcro_09_b_20_1.p,intuitionistic,auto,1,false,,5,0,3,provable,unknown,timeout,,two-sided,IMELL,30168,17,5007.505,2109497,2096196,11680,10646216,0,0,2048,4990.000,687.521,auto,30
lltp,ILL/petri-nets/MCC,,,DLCround_dlcro_09_b_50_1.p,intuitionistic,auto,1,false,,5,0,3,provable,unknown,timeout,,two-sided,IMELL,30168,17,5007.953,2115067,2101763,11680,10668675,0,0,2048,4990.000,673.955,auto,30
lltp,ILL/petri-nets/MCC,,,DLCround_dlcro_09_b_5_1.p,intuitionistic,auto,1,false,,5,0,3,provable,unknown,timeout,,two-sided,IMELL,30174,17,5006.387,2041674,2028406,11690,10336642,0,0,2048,4990.000,665.188,auto,30
lltp,ILL/petri-nets/MCC,,,DLCround_dlcro_10_a_1_1.p,intuitionistic,auto,1,false,,5,0,3,provable,proved,,ok,two-sided,IMELL,20686,61,1.193,3,0,2,215,0,0,2048,0.000,0.015,auto,30
lltp,ILL/petri-nets/MCC,,,DLCround_dlcro_10_a_20_1.p,intuitionistic,auto,1,false,,5,0,3,provable,unknown,timeout,,two-sided,IMELL,20686,61,5023.962,86340,25831,60264,64514353,0,0,2048,5010.000,408.237,auto,30
lltp,ILL/petri-nets/MCC,,,DLCround_dlcro_10_a_50_1.p,intuitionistic,auto,1,false,,5,0,3,provable,unknown,timeout,,two-sided,IMELL,20686,61,5237.461,435911,72497,362891,2003427,0,0,2048,5230.000,669.168,auto,30
lltp,ILL/petri-nets/MCC,,,DLCround_dlcro_10_a_5_1.p,intuitionistic,auto,1,false,,5,0,3,provable,proved,,ok,two-sided,IMELL,20686,61,2.153,6,0,3,2591,0,0,2048,0.000,0.058,auto,30
lltp,ILL/petri-nets/MCC,,,DLCround_dlcro_10_b_10_1.p,intuitionistic,auto,1,false,,5,0,3,provable,unknown,timeout,,two-sided,IMELL,34618,18,5006.548,1799057,1790083,7624,9844022,0,0,2048,4990.000,735.789,auto,30
lltp,ILL/petri-nets/MCC,,,DLCround_dlcro_10_b_1_1.p,intuitionistic,auto,1,false,,5,0,3,provable,proved,,ok,two-sided,IMELL,34612,18,2.901,3,0,2,4,0,0,2048,0.000,0.044,auto,30
lltp,ILL/petri-nets/MCC,,,DLCround_dlcro_10_b_20_1.p,intuitionistic,auto,1,false,,5,0,3,provable,unknown,timeout,,two-sided,IMELL,34614,18,5007.079,1863230,1854241,7591,10192563,0,0,2048,4990.000,738.706,auto,30
lltp,ILL/petri-nets/MCC,,,DLCround_dlcro_10_b_50_1.p,intuitionistic,auto,1,false,,5,0,3,provable,unknown,timeout,,two-sided,IMELL,34614,18,5006.467,1859000,1850014,7591,10170260,0,0,2048,4990.000,705.884,auto,30
lltp,ILL/petri-nets/MCC,,,DLCround_dlcro_10_b_5_1.p,intuitionistic,auto,1,false,,5,0,3,provable,unknown,timeout,,two-sided,IMELL,34618,18,5007.227,1795352,1786381,7624,9824012,0,0,2048,4990.000,737.078,auto,30
lltp,ILL/petri-nets/MCC,,,DLCround_dlcro_11_a_1_1.p,intuitionistic,auto,1,false,,5,0,3,provable,proved,,ok,two-sided,IMELL,23842,65,1.449,3,0,2,246,0,0,2048,0.000,0.019,auto,30
lltp,ILL/petri-nets/MCC,,,DLCround_dlcro_11_a_20_1.p,intuitionistic,auto,1,false,,5,0,3,provable,unknown,timeout,,two-sided,IMELL,23842,65,5030.520,63330,10717,52455,60324107,0,0,2048,5020.000,458.866,auto,30
lltp,ILL/petri-nets/MCC,,,DLCround_dlcro_11_a_50_1.p,intuitionistic,auto,1,false,,5,0,3,provable,unknown,timeout,,two-sided,IMELL,23842,65,5204.348,407188,77283,329441,1964527,0,0,2048,5190.000,713.350,auto,30
lltp,ILL/petri-nets/MCC,,,DLCround_dlcro_11_a_5_1.p,intuitionistic,auto,1,false,,5,0,3,provable,unknown,timeout,,two-sided,IMELL,23842,65,5018.888,67019,12265,54582,60601130,0,0,2048,5000.000,449.634,auto,30
lltp,ILL/petri-nets/MCC,,,DLCround_dlcro_11_b_10_1.p,intuitionistic,auto,1,false,,5,0,3,provable,unknown,timeout,,two-sided,IMELL,39360,19,5009.217,1558646,1548889,8732,8446727,0,0,2048,4990.000,705.493,auto,30
lltp,ILL/petri-nets/MCC,,,DLCround_dlcro_11_b_1_1.p,intuitionistic,auto,1,false,,5,0,3,provable,proved,,ok,two-sided,IMELL,39350,19,3.300,3,0,2,4,0,0,2048,0.000,0.028,auto,30
lltp,ILL/petri-nets/MCC,,,DLCround_dlcro_11_b_20_1.p,intuitionistic,auto,1,false,,5,0,3,provable,unknown,timeout,,two-sided,IMELL,39352,19,5007.789,1640209,1630436,8695,8891940,0,0,2048,4990.000,685.921,auto,30
lltp,ILL/petri-nets/MCC,,,DLCround_dlcro_11_b_50_1.p,intuitionistic,auto,1,false,,5,0,3,provable,unknown,timeout,,two-sided,IMELL,39352,19,5006.044,1641395,1631621,8695,8898636,0,0,2048,4990.000,719.996,auto,30
lltp,ILL/petri-nets/MCC,,,DLCround_dlcro_11_b_5_1.p,intuitionistic,auto,1,false,,5,0,3,provable,unknown,timeout,,two-sided,IMELL,39352,19,5006.155,1577012,1567251,8724,8551977,0,0,2048,4990.000,741.692,auto,30
lltp,ILL/petri-nets/MCC,,,DLCround_dlcro_12_a_1_1.p,intuitionistic,auto,1,false,,5,0,3,provable,proved,,ok,two-sided,IMELL,27214,69,1.666,3,0,2,279,0,0,2048,0.000,0.026,auto,30
lltp,ILL/petri-nets/MCC,,,DLCround_dlcro_12_a_20_1.p,intuitionistic,auto,1,false,,5,0,3,provable,unknown,timeout,,two-sided,IMELL,27214,69,5018.454,45409,4200,41108,57062912,0,0,2048,5010.000,403.089,auto,30
lltp,ILL/petri-nets/MCC,,,DLCround_dlcro_12_a_50_1.p,intuitionistic,auto,1,false,,5,0,3,provable,unknown,timeout,,two-sided,IMELL,27214,69,5221.488,342044,41658,300075,1577607,0,0,2048,5210.000,583.342,auto,30
lltp,ILL/petri-nets/MCC,,,DLCround_dlcro_12_a_5_1.p,intuitionistic,auto,1,false,,5,0,3,provable,proved,,ok,two-sided,IMELL,27214,69,3.871,9,0,4,8676,0,0,2048,0.000,0.800,auto,30
lltp,ILL/petri-nets/MCC,,,DLCround_dlcro_12_b_10_1.p,intuitionistic,auto,1,false,,5,0,3,provable,unknown,timeout,,two-sided,IMELL,44394,20,5010.656,1375105,1364402,9899,7429034,0,0,2048,5000.000,728.023,auto,30
lltp,ILL/petri-nets/MCC,,,DLCround_dlcro_12_b_1_1.p,intuitionistic,auto,1,false,,5,0,3,provable,proved,,ok,two-sided,IMELL,44380,20,3.305,3,0,2,4,0,0,2048,0.000,0.029,auto,30
lltp,ILL/petri-nets/MCC,,,DLCround_dlcro_12_b_20_1.p,intuitionistic,auto,1,false,,5,0,3,provable,unknown,timeout,,two-sided,IMELL,44382,20,5010.975,1446451,1435758,9847,7818766,0,0,2048,5000.000,676.691,auto,30
lltp,ILL/petri-nets/MCC,,,DLCround_dlcro_12_b_50_1.p,intuitionistic,auto,1,false,,5,0,3,provable,unknown,timeout,,two-sided,IMELL,44382,20,5010.109,1450655,1439958,9848,7842509,0,0,2048,4990.000,678.001,auto,30
lltp,ILL/petri-nets/MCC,,,DLCround_dlcro_12_b_5_1.p,intuitionistic,auto,1,false,,5,0,3,provable,unknown,timeout,,two-sided,IMELL,44384,20,5007.818,1374551,1363858,9889,7429691,0,0,2048,4990.000,725.032,auto,30
lltp,ILL/petri-nets/MCC,,,DLCround_dlcro_13_a_1_1.p,intuitionistic,auto,1,false,,5,0,3,provable,proved,,ok,two-sided,IMELL,30802,73,1.674,3,0,2,314,0,0,2048,0.000,0.019,auto,30
lltp,ILL/petri-nets/MCC,,,DLCround_dlcro_13_a_20_1.p,intuitionistic,auto,1,false,,5,0,3,provable,unknown,timeout,,two-sided,IMELL,30802,73,5029.941,55117,5053,49954,48309607,0,0,2048,5010.000,376.724,auto,30
lltp,ILL/petri-nets/MCC,,,DLCround_dlcro_13_a_50_1.p,intuitionistic,auto,1,false,,5,0,3,provable,unknown,timeout,,two-sided,IMELL,30802,73,5187.172,292261,20217,271828,1294711,0,0,2048,5170.000,517.462,auto,30
lltp,ILL/petri-nets/MCC,,,DLCround_dlcro_13_a_5_1.p,intuitionistic,auto,1,false,,5,0,3,provable,unknown,timeout,,two-sided,IMELL,30802,73,5045.668,76035,10232,65647,52494711,0,0,2048,5030.000,432.533,auto,30
lltp,ILL/petri-nets/MCC,,,DLCround_dlcro_13_b_10_1.p,intuitionistic,auto,1,false,,5,0,3,provable,unknown,timeout,,two-sided,IMELL,49710,21,5012.936,1182224,1170481,11129,6328498,0,0,2048,5000.000,753.396,auto,30
lltp,ILL/petri-nets/MCC,,,DLCround_dlcro_13_b_1_1.p,intuitionistic,auto,1,false,,5,0,3,provable,proved,,ok,two-sided,IMELL,49702,21,4.112,3,0,2,4,0,0,2048,0.000,0.049,auto,30
lltp,ILL/petri-nets/MCC,,,DLCround_dlcro_13_b_20_1.p,intuitionistic,auto,1,false,,5,0,3,provable,unknown,timeout,,two-sided,IMELL,49706,21,5012.859,1266970,1255230,11083,6776261,0,0,2048,4990.000,683.205,auto,30
lltp,ILL/petri-nets/MCC,,,DLCround_dlcro_13_b_50_1.p,intuitionistic,auto,1,false,,5,0,3,provable,unknown,timeout,,two-sided,IMELL,49706,21,5009.552,1265720,1253979,11084,6773591,0,0,2048,5000.000,675.419,auto,30
lltp,ILL/petri-nets/MCC,,,DLCround_dlcro_13_b_5_1.p,intuitionistic,auto,1,false,,5,0,3,provable,unknown,timeout,,two-sided,IMELL,49706,21,5009.087,1181009,1169270,11125,6323478,0,0,2048,4990.000,723.813,auto,30
lltp,ILL/petri-nets/MCC,,,DLCshifumi_dlcsh_2_a_1_1.p,intuitionistic,auto,1,false,,5,0,3,provable,proved,,ok,two-sided,IMELL,6490,69,0.437,3,0,2,81,0,0,2048,0.000,0.039,auto,30
lltp,ILL/petri-nets/MCC,,,DLCshifumi_dlcsh_2_a_20_1.p,intuitionistic,auto,1,false,,5,0,3,provable,unknown,timeout,,two-sided,IMELL,6490,69,5038.783,338488,162492,174270,160424385,0,0,2048,5020.000,423.831,auto,30
lltp,ILL/petri-nets/MCC,,,DLCshifumi_dlcsh_2_a_50_1.p,intuitionistic,auto,1,false,,5,0,3,provable,unknown,timeout,,two-sided,IMELL,6490,69,5030.518,265302,124781,139181,90324125,0,0,2048,5020.000,445.791,auto,30
lltp,ILL/petri-nets/MCC,,,DLCshifumi_dlcsh_2_a_5_1.p,intuitionistic,auto,1,false,,5,0,3,provable,proved,,ok,two-sided,IMELL,6490,69,0.582,6,0,3,847,0,0,2048,0.000,0.016,auto,30
lltp,ILL/petri-nets/MCC,,,DLCshifumi_dlcsh_2_b_10_1.p,intuitionistic,auto,1,false,,5,0,3,provable,unknown,timeout,,two-sided,IMELL,15520,20,5006.128,4162376,4144857,13233,19959201,0,0,2048,4990.000,663.455,auto,30
lltp,ILL/petri-nets/MCC,,,DLCshifumi_dlcsh_2_b_1_1.p,intuitionistic,auto,1,false,,5,0,3,provable,proved,,ok,two-sided,IMELL,15516,20,1.246,3,0,2,4,0,0,2048,0.000,0.020,auto,30
lltp,ILL/petri-nets/MCC,,,DLCshifumi_dlcsh_2_b_20_1.p,intuitionistic,auto,1,false,,5,0,3,provable,unknown,timeout,,two-sided,IMELL,15518,20,5004.774,4260719,4243081,13228,20465452,0,0,2048,4990.000,693.872,auto,30
lltp,ILL/petri-nets/MCC,,,DLCshifumi_dlcsh_2_b_50_1.p,intuitionistic,auto,1,false,,5,0,3,provable,unknown,timeout,,two-sided,IMELL,15518,20,5003.796,4288334,4270662,13228,20604968,0,0,2048,4990.000,715.070,auto,30
lltp,ILL/petri-nets/MCC,,,DLCshifumi_dlcsh_2_b_5_1.p,intuitionistic,auto,1,false,,5,0,3,provable,unknown,timeout,,two-sided,IMELL,15520,20,5004.267,4145168,4127669,13233,19873208,0,0,2048,4990.000,671.292,auto,30
lltp,ILL/petri-nets/MCC,,,DLCshifumi_dlcsh_3_a_100_1.p,intuitionistic,auto,1,false,,5,0,3,provable,unknown,timeout,,two-sided,IMELL,23654,169,5198.640,354383,14331,339867,1163997,0,0,2048,5190.000,480.889,auto,30
lltp,ILL/petri-nets/MCC,,,DLCshifumi_dlcsh_3_a_1_1.p,intuitionistic,auto,1,false,,5,0,3,provable,proved,,ok,two-sided,IMELL,23654,169,1.503,3,0,2,284,0,0,2048,0.000,0.020,auto,30
lltp,ILL/petri-nets/MCC,,,DLCshifumi_dlcsh_3_a_20_1.p,intuitionistic,auto,1,false,,5,0,3,provable,unknown,timeout,,two-sided,IMELL,23654,169,5041.511,83320,6480,76714,113078588,0,0,2048,5030.000,454.511,auto,30
lltp,ILL/petri-nets/MCC,,,DLCshifumi_dlcsh_3_a_50_1.p,intuitionistic,auto,1,false,,5,0,3,provable,unknown,timeout,,two-sided,IMELL,23654,169,5038.605,83534,6480,76928,113069173,0,0,2048,5030.000,488.346,auto,30
lltp,ILL/petri-nets/MCC,,,DLCshifumi_dlcsh_3_a_5_1.p,intuitionistic,auto,1,false,,5,0,3,provable,proved,,ok,two-sided,IMELL,23654,169,1.538,3,0,2,284,0,0,2048,0.000,0.024,auto,30
lltp,ILL/petri-nets/MCC,,,DLCshifumi_dlcsh_3_b_10_1.p,intuitionistic,auto,1,false,,5,0,3,provable,unknown,timeout,,two-sided,IMELL,49164,45,5011.901,1179919,1169937,9322,7376562,0,0,2048,4990.000,734.234,auto,30
lltp,ILL/petri-nets/MCC,,,DLCshifumi_dlcsh_3_b_1_1.p,intuitionistic,auto,1,false,,5,0,3,provable,proved,,ok,two-sided,IMELL,49150,45,4.189,3,0,2,4,0,0,2048,0.000,0.034,auto,30
lltp,ILL/petri-nets/MCC,,,DLCshifumi_dlcsh_3_b_20_1.p,intuitionistic,auto,1,false,,5,0,3,provable,unknown,timeout,,two-sided,IMELL,49158,45,5017.788,1256436,1237858,17945,7778060,0,0,2048,5000.000,817.579,auto,30
lltp,ILL/petri-nets/MCC,,,DLCshifumi_dlcsh_3_b_50_1.p,intuitionistic,auto,1,false,,5,0,3,provable,unknown,timeout,,two-sided,IMELL,49158,45,5008.828,1225485,1215510,9288,7679725,0,0,2048,5000.000,726.485,auto,30
lltp,ILL/petri-nets/MCC,,,DLCshifumi_dlcsh_3_b_5_1.p,intuitionistic,auto,1,false,,5,0,3,provable,unknown,timeout,,two-sided,IMELL,49158,45,5008.819,1146130,1136172,9316,7168434,0,0,2048,5000.000,759.992,auto,30
lltp,ILL/petri-nets/MCC,,,DLCshifumi_dlcsh_4_a_100_1.p,intuitionistic,auto,1,false,,5,0,3,provable,unknown,timeout,,two-sided,IMELL,58602,317,5177.194,149592,704,148848,3716351,0,0,2048,5160.000,555.521,auto,30
lltp,ILL/petri-nets/MCC,,,DLCshifumi_dlcsh_4_a_1_1.p,intuitionistic,auto,1,false,,5,0,3,provable,proved,,ok,two-sided,IMELL,58602,317,3.288,3,0,2,693,0,0,2048,0.000,0.018,auto,30
lltp,ILL/petri-nets/MCC,,,DLCshifumi_dlcsh_4_a_20_1.p,intuitionistic,auto,1,false,,5,0,3,provable,unknown,timeout,,two-sided,IMELL,58602,317,5055.355,51119,677,50405,84424989,0,0,2048,5040.000,453.859,auto,30
lltp,ILL/petri-nets/MCC,,,DLCshifumi_dlcsh_4_a_50_1.p,intuitionistic,auto,1,false,,5,0,3,provable,unknown,timeout,,two-sided,IMELL,58602,317,5174.918,143762,678,143045,3571749,0,0,2048,5170.000,531.429,auto,30
lltp,ILL/petri-nets/MCC,,,DLCshifumi_dlcsh_4_a_5_1.p,intuitionistic,auto,1,false,,5,0,3,provable,proved,,ok,two-sided,IMELL,58602,317,1890.990,18908,364,18526,31120002,0,0,2048,1890.000,229.092,auto,30
lltp,ILL/petri-nets/MCC,,,DLCshifumi_dlcsh_4_b_10_1.p,intuitionistic,auto,1,false,,5,0,3,provable,unknown,timeout,,two-sided,IMELL,112582,82,5044.224,381036,358692,22248,2331191,0,0,2048,5030.000,693.265,auto,30
lltp,ILL/petri-nets/MCC,,,DLCshifumi_dlcsh_4_b_1_1.p,intuitionistic,auto,1,false,,5,0,3,provable,proved,,ok,two-sided,IMELL,112572,82,10.409,7,0,5,7,0,0,2048,10.000,0.053,auto,30
lltp,ILL/petri-nets/MCC,,,DLCshifumi_dlcsh_4_b_20_1.p,intuitionistic,auto,1,false,,5,0,3,provable,unknown,timeout,,two-sided,IMELL,112586,82,5033.459,423006,400656,22244,2590721,0,0,2048,5020.000,670.581,auto,30
lltp,ILL/petri-nets/MCC,,,DLCshifumi_dlcsh_4_b_50_1.p,intuitionistic,auto,1,false,,5,0,3,provable,unknown,timeout,,two-sided,IMELL,112586,82,5032.618,426179,403832,22240,2618914,0,0,2048,5030.000,680.037,auto,30
lltp,ILL/petri-nets/MCC,,,DLCshifumi_dlcsh_4_b_5_1.p,intuitionistic,auto,1,false,,5,0,3,provable,unknown,timeout,,two-sided,IMELL,112580,82,5033.926,376820,354477,22248,2308592,0,0,2048,5020.000,707.008,auto,30
lltp,ILL/petri-nets/MCC,,,DLCshifumi_dlcsh_5_a_100_1.p,intuitionistic,auto,1,false,,5,0,3,provable,unknown,timeout,,two-sided,IMELL,117670,513,5045.912,22560,399,22147,47611101,0,0,2048,5040.000,458.748,auto,30
lltp,ILL/petri-nets/MCC,,,DLCshifumi_dlcsh_5_a_1_1.p,intuitionistic,auto,1,false,,5,0,3,provable,proved,,ok,two-sided,IMELL,117670,513,6.998,3,0,2,1380,0,0,2048,0.000,0.056,auto,30
lltp,ILL/petri-nets/MCC,,,DLCshifumi_dlcsh_5_a_20_1.p,intuitionistic,auto,1,false,,5,0,3,provable,unknown,timeout,,two-sided,IMELL,117670,513,5049.195,22896,399,22483,48332991,0,0,2048,5040.000,427.696,auto,30
lltp,ILL/petri-nets/MCC,,,DLCshifumi_dlcsh_5_a_50_1.p,intuitionistic,auto,1,false,,5,0,3,provable,unknown,timeout,,two-sided,IMELL,117670,513,5038.232,22704,399,22291,47920383,0,0,2048,5030.000,420.947,auto,30
lltp,ILL/petri-nets/MCC,,,DLCshifumi_dlcsh_5_a_5_1.p,intuitionistic,auto,1,false,,5,0,3,provable,unknown,timeout,,two-sided,IMELL,117670,513,5038.466,22800,399,22387,48171392,0,0,2048,5030.000,431.916,auto,30
lltp,ILL/petri-nets/MCC,,,DLCshifumi_dlcsh_5_b_10_1.p,intuitionistic,auto,1,false,,5,0,3,provable,unknown,timeout,,two-sided,IMELL,214862,131,5128.350,44970,13992,30970,186471,0,0,2048,5120.000,361.943,auto,30
lltp,ILL/petri-nets/MCC,,,DLCshifumi_dlcsh_5_b_1_1.p,intuitionistic,auto,1,false,,5,0,3,provable,proved,,ok,two-sided,IMELL,214854,131,21.380,8,0,5,9,0,0,2048,30.000,0.031,auto,30
lltp,ILL/petri-nets/MCC,,,DLCshifumi_dlcsh_5_b_20_1.p,intuitionistic,auto,1,false,,5,0,3,provable,unknown,timeout,,two-sided,IMELL,214856,131,5111.446,50599,17219,33372,201519,0,0,2048,5100.000,326.691,auto,30
lltp,ILL/petri-nets/MCC,,,DLCshifumi_dlcsh_5_b_50_1.p,intuitionistic,auto,1,false,,5,0,3,provable,unknown,timeout,,two-sided,IMELL,214856,131,5117.685,49771,16730,33033,199432,0,0,2048,5120.000,321.969,auto,30
lltp,ILL/petri-nets/MCC,,,DLCshifumi_dlcsh_5_b_5_1.p,intuitionistic,auto,1,false,,5,0,3,provable,unknown,timeout,,two-sided,IMELL,214862,131,5132.017,45740,14439,31293,189139,0,0,2048,5110.000,323.831,auto,30
lltp,ILL/petri-nets/MCC,,,DLCshifumi_dlcsh_6_a_100_1.p,intuitionistic,auto,1,false,,5,0,3,provable,unknown,timeout,,two-sided,IMELL,207194,757,5134.780,1282,0,1276,4773357,0,0,2048,5130.000,187.161,auto,30
lltp,ILL/petri-nets/MCC,,,DLCshifumi_dlcsh_6_a_1_1.p,intuitionistic,auto,1,false,,5,0,3,provable,proved,,ok,two-sided,IMELL,207194,757,28.569,4,0,2,6565,0,0,2048,40.000,3.550,auto,30
lltp,ILL/petri-nets/MCC,,,DLCshifumi_dlcsh_6_a_20_1.p,intuitionistic,auto,1,false,,5,0,3,provable,unknown,timeout,,two-sided,IMELL,207194,757,5133.145,1282,0,1276,4791946,0,0,2048,5120.000,193.975,auto,30
lltp,ILL/petri-nets/MCC,,,DLCshifumi_dlcsh_6_a_50_1.p,intuitionistic,auto,1,false,,5,0,3,provable,unknown,timeout,,two-sided,IMELL,207194,757,5125.435,1282,0,1276,4786241,0,0,2048,5110.000,199.386,auto,30
lltp,ILL/petri-nets/MCC,,,DLCshifumi_dlcsh_6_a_5_1.p,intuitionistic,auto,1,false,,5,0,3,provable,unknown,timeout,,two-sided,IMELL,207194,757,5159.777,1282,0,1276,4794315,0,0,2048,5150.000,191.743,auto,30
lltp,ILL/petri-nets/MCC,,,DLCshifumi_dlcsh_6_b_10_1.p,intuitionistic,auto,1,false,,5,0,3,provable,unknown,timeout,,two-sided,IMELL,365082,192,5128.401,18424,7,18412,103351,0,0,2048,5110.000,1151.879,auto,30
lltp,ILL/petri-nets/MCC,,,DLCshifumi_dlcsh_6_b_1_1.p,intuitionistic,auto,1,false,,5,0,,,unknown,crash (signal: 6 (SIGABRT) (core dumped)): note: run with `RUST_BACKTRACE=1` environment variable to display a backtrace,,,,,,4201.769,,,,,,,,,,auto,30
lltp,ILL/petri-nets/MCC,,,DLCshifumi_dlcsh_6_b_20_1.p,intuitionistic,auto,1,false,,5,0,3,provable,unknown,timeout,,two-sided,IMELL,365070,192,5148.328,20793,1,20787,110069,0,0,2048,5140.000,1152.068,auto,30
lltp,ILL/petri-nets/MCC,,,DLCshifumi_dlcsh_6_b_50_1.p,intuitionistic,auto,1,false,,5,0,3,provable,unknown,timeout,,two-sided,IMELL,365070,192,5140.085,20089,1,20083,105222,0,0,2048,5130.000,1078.806,auto,30
lltp,ILL/petri-nets/MCC,,,DLCshifumi_dlcsh_6_b_5_1.p,intuitionistic,auto,1,false,,5,0,3,provable,unknown,timeout,,two-sided,IMELL,365076,192,5133.155,18360,4,18351,102888,0,0,2048,5120.000,1149.300,auto,30
lltp,ILL/petri-nets/MCC,,,DNAwalker_dnawalk-01_100_1.p,intuitionistic,auto,1,false,,5,0,3,provable,proved,,ok,two-sided,IMELL,840,29,119.015,413742,393821,10098,1721148,0,0,2048,110.000,21.644,auto,30
lltp,ILL/petri-nets/MCC,,,DNAwalker_dnawalk-01_10_1.p,intuitionistic,auto,1,false,,5,0,3,provable,proved,,ok,two-sided,IMELL,840,29,116.880,413742,393821,10098,1721148,0,0,2048,110.000,20.410,auto,30
lltp,ILL/petri-nets/MCC,,,DNAwalker_dnawalk-01_1_1.p,intuitionistic,auto,1,false,,5,0,3,provable,proved,,ok,two-sided,IMELL,852,30,0.111,3,0,2,44,0,0,2048,0.000,0.016,auto,30
lltp,ILL/petri-nets/MCC,,,DNAwalker_dnawalk-01_20_1.p,intuitionistic,auto,1,false,,5,0,3,provable,proved,,ok,two-sided,IMELL,840,29,116.206,413742,393821,10098,1721148,0,0,2048,110.000,21.453,auto,30
lltp,ILL/petri-nets/MCC,,,DNAwalker_dnawalk-01_50_1.p,intuitionistic,auto,1,false,,5,0,3,provable,proved,,ok,two-sided,IMELL,840,29,115.179,413742,393821,10098,1721148,0,0,2048,110.000,18.207,auto,30
lltp,ILL/petri-nets/MCC,,,DNAwalker_dnawalk-01_5_1.p,intuitionistic,auto,1,false,,5,0,3,provable,proved,,ok,two-sided,IMELL,844,31,8.024,16118,14657,1151,215116,0,0,2048,0.000,0.046,auto,30
lltp,ILL/petri-nets/MCC,,,DNAwalker_dnawalk-02_100_1.p,intuitionistic,auto,1,false,,5,0,3,provable,proved,,ok,two-sided,IMELL,848,29,205.039,728186,695908,14970,3015872,0,0,2048,190.000,35.755,auto,30
lltp,ILL/petri-nets/MCC,,,DNAwalker_dnawalk-02_10_1.p,intuitionistic,auto,1,false,,5,0,3,provable,proved,,ok,two-sided,IMELL,848,29,203.607,728186,695908,14970,3015872,0,0,2048,200.000,34.875,auto,30
lltp,ILL/petri-nets/MCC,,,DNAwalker_dnawalk-02_1_1.p,intuitionistic,auto,1,false,,5,0,3,provable,proved,,ok,two-sided,IMELL,862,30,0.115,3,0,2,23,0,0,2048,0.000,0.015,auto,30
lltp,ILL/petri-nets/MCC,,,DNAwalker_dnawalk-02_20_1.p,intuitionistic,auto,1,false,,5,0,3,provable,proved,,ok,two-sided,IMELL,848,29,203.927,728186,695908,14970,3015872,0,0,2048,200.000,40.174,auto,30
lltp,ILL/petri-nets/MCC,,,DNAwalker_dnawalk-02_50_1.p,intuitionistic,auto,1,false,,5,0,3,provable,proved,,ok,two-sided,IMELL,848,29,204.420,728186,695908,14970,3015872,0,0,2048,200.000,39.081,auto,30
lltp,ILL/petri-nets/MCC,,,DNAwalker_dnawalk-02_5_1.p,intuitionistic,auto,1,false,,5,0,3,provable,proved,,ok,two-sided,IMELL,854,30,3.998,7934,7187,617,102414,0,0,2048,0.000,0.024,auto,30
lltp,ILL/petri-nets/MCC,,,DNAwalker_dnawalk-03_100_1.p,intuitionistic,auto,1,false,,5,0,3,provable,proved,,ok,two-sided,IMELL,848,29,182.360,643388,614226,13927,2667572,0,0,2048,170.000,40.208,auto,30
lltp,ILL/petri-nets/MCC,,,DNAwalker_dnawalk-03_10_1.p,intuitionistic,auto,1,false,,5,0,3,provable,proved,,ok,two-sided,IMELL,848,29,185.470,643388,614226,13927,2667572,0,0,2048,180.000,37.952,auto,30
lltp,ILL/petri-nets/MCC,,,DNAwalker_dnawalk-03_1_1.p,intuitionistic,auto,1,false,,5,0,3,provable,proved,,ok,two-sided,IMELL,862,30,0.114,3,0,2,17,0,0,2048,0.000,0.010,auto,30
lltp,ILL/petri-nets/MCC,,,DNAwalker_dnawalk-03_20_1.p,intuitionistic,auto,1,false,,5,0,3,provable,proved,,ok,two-sided,IMELL,848,29,181.767,643388,614226,13927,2667572,0,0,2048,170.000,33.764,auto,30
lltp,ILL/petri-nets/MCC,,,DNAwalker_dnawalk-03_50_1.p,intuitionistic,auto,1,false,,5,0,3,provable,proved,,ok,two-sided,IMELL,848,29,179.770,643388,614226,13927,2667572,0,0,2048,170.000,28.638,auto,30
lltp,ILL/petri-nets/MCC,,,DNAwalker_dnawalk-03_5_1.p,intuitionistic,auto,1,false,,5,0,3,provable,proved,,ok,two-sided,IMELL,854,30,7.955,16369,15165,934,195521,0,0,2048,0.000,1.401,auto,30
lltp,ILL/petri-nets/MCC,,,DNAwalker_dnawalk-04_1_1.p,intuitionistic,auto,1,false,,5,0,3,provable,proved,,ok,two-sided,IMELL,2534,37,0.180,3,0,2,89,0,0,2048,0.000,0.012,auto,30
lltp,ILL/petri-nets/MCC,,,DNAwalker_dnawalk-04_20_1.p,intuitionistic,auto,1,false,,5,0,3,provable,unknown,timeout,,two-sided,IMELL,2510,36,5036.562,640627,410077,185417,159706533,0,0,2048,5020.000,764.225,auto,30
lltp,ILL/petri-nets/MCC,,,DNAwalker_dnawalk-04_5_1.p,intuitionistic,auto,1,false,,5,0,3,provable,proved,,ok,two-sided,IMELL,2528,37,153.462,17455,10162,6110,3996498,0,0,2048,150.000,20.463,auto,30
lltp,ILL/petri-nets/MCC,,,DNAwalker_dnawalk-05_1_1.p,intuitionistic,auto,1,false,,5,0,3,provable,proved,,ok,two-sided,IMELL,2534,37,0.184,3,0,2,79,0,0,2048,0.000,0.016,auto,30
lltp,ILL/petri-nets/MCC,,,DNAwalker_dnawalk-05_20_1.p,intuitionistic,auto,1,false,,5,0,3,provable,unknown,timeout,,two-sided,IMELL,2514,36,5035.552,619792,397591,179771,150100414,0,0,2048,5010.000,757.333,auto,30
lltp,ILL/petri-nets/MCC,,,DNAwalker_dnawalk-05_5_1.p,intuitionistic,auto,1,false,,5,0,3,provable,proved,,ok,two-sided,IMELL,2528,37,163.225,17765,10270,6304,4076673,0,0,2048,150.000,22.079,auto,30
lltp,ILL/petri-nets/MCC,,,DNAwalker_dnawalk-06_1_1.p,intuitionistic,auto,1,false,,5,0,3,provable,proved,,ok,two-sided,IMELL,2534,37,0.191,3,0,2,89,0,0,2048,0.000,0.019,auto,30
lltp,ILL/petri-nets/MCC,,,DNAwalker_dnawalk-06_20_1.p,intuitionistic,auto,1,false,,5,0,3,provable,unknown,timeout,,two-sided,IMELL,2516,36,5036.206,640301,414476,182063,133739444,0,0,2048,5020.000,755.016,auto,30
lltp,ILL/petri-nets/MCC,,,DNAwalker_dnawalk-06_5_1.p,intuitionistic,auto,1,false,,5,0,3,provable,proved,,ok,two-sided,IMELL,2528,37,156.648,17765,10270,6304,4096788,0,0,2048,150.000,26.355,auto,30
lltp,ILL/petri-nets/MCC,,,DNAwalker_dnawalk-07_1_1.p,intuitionistic,auto,1,false,,5,0,3,provable,proved,,ok,two-sided,IMELL,2534,37,0.178,3,0,2,78,0,0,2048,0.000,0.017,auto,30
lltp,ILL/petri-nets/MCC,,,DNAwalker_dnawalk-07_20_1.p,intuitionistic,auto,1,false,,5,0,3,provable,unknown,timeout,,two-sided,IMELL,2520,36,5034.292,617056,396813,176877,128322927,0,0,2048,5020.000,786.693,auto,30
lltp,ILL/petri-nets/MCC,,,DNAwalker_dnawalk-07_5_1.p,intuitionistic,auto,1,false,,5,0,3,provable,proved,,ok,two-sided,IMELL,2530,37,151.260,17455,10162,6110,4155723,0,0,2048,150.000,15.697,auto,30
lltp,ILL/petri-nets/MCC,,,DNAwalker_dnawalk-08_1_1.p,intuitionistic,auto,1,false,,5,0,3,provable,proved,,ok,two-sided,IMELL,2608,59,0.175,3,0,2,51,0,0,2048,0.000,0.016,auto,30
lltp,ILL/petri-nets/MCC,,,DNAwalker_dnawalk-08_20_1.p,intuitionistic,auto,1,false,,5,0,3,provable,unknown,timeout,,two-sided,IMELL,2598,58,5041.697,693903,443678,204075,137144926,0,0,2048,5020.000,861.908,auto,30
lltp,ILL/petri-nets/MCC,,,DNAwalker_dnawalk-08_5_1.p,intuitionistic,auto,1,false,,5,0,3,provable,proved,,ok,two-sided,IMELL,2606,59,0.273,31,0,28,636,0,0,2048,0.000,0.018,auto,30
lltp,ILL/petri-nets/MCC,,,DNAwalker_dnawalk-09_1_1.p,intuitionistic,auto,1,false,,5,0,3,provable,proved,,ok,two-sided,IMELL,2608,59,0.177,3,0,2,51,0,0,2048,0.000,0.012,auto,30
lltp,ILL/petri-nets/MCC,,,DNAwalker_dnawalk-09_20_1.p,intuitionistic,auto,1,false,,5,0,3,provable,unknown,timeout,,two-sided,IMELL,2598,58,5041.085,692002,438565,208214,137934182,0,0,2048,5020.000,813.060,auto,30
lltp,ILL/petri-nets/MCC,,,DNAwalker_dnawalk-09_5_1.p,intuitionistic,auto,1,false,,5,0,3,provable,proved,,ok,two-sided,IMELL,2606,59,5.447,616,228,356,142581,0,0,2048,0.000,0.020,auto,30
lltp,ILL/petri-nets/MCC,,,DNAwalker_dnawalk-10_1_1.p,intuitionistic,auto,1,false,,5,0,3,provable,proved,,ok,two-sided,IMELL,2608,59,0.168,3,0,2,55,0,0,2048,0.000,0.012,auto,30
lltp,ILL/petri-nets/MCC,,,DNAwalker_dnawalk-10_5_1.p,intuitionistic,auto,1,false,,5,0,3,provable,proved,,ok,two-sided,IMELL,2606,59,5.303,612,228,352,142898,0,0,2048,0.000,0.020,auto,30
lltp,ILL/petri-nets/MCC,,,DNAwalker_dnawalk-11_1_1.p,intuitionistic,auto,1,false,,5,0,3,provable,proved,,ok,two-sided,IMELL,2608,59,0.183,3,0,2,55,0,0,2048,0.000,0.013,auto,30
lltp,ILL/petri-nets/MCC,,,DNAwalker_dnawalk-11_5_1.p,intuitionistic,auto,1,false,,5,0,3,provable,proved,,ok,two-sided,IMELL,2606,59,5.318,616,228,356,142713,0,0,2048,0.000,0.020,auto,30
lltp,ILL/petri-nets/MCC,,,DNAwalker_dnawalk-12_1_1.p,intuitionistic,auto,1,false,,5,0,3,provable,proved,,ok,two-sided,IMELL,3152,70,0.216,3,0,2,69,0,0,2048,0.000,0.016,auto,30
lltp,ILL/petri-nets/MCC,,,DNAwalker_dnawalk-12_20_1.p,intuitionistic,auto,1,false,,5,0,3,provable,unknown,timeout,,two-sided,IMELL,3132,70,5038.252,583167,359051,186495,144896627,0,0,2048,5020.000,896.046,auto,30
lltp,ILL/petri-nets/MCC,,,DNAwalker_dnawalk-12_5_1.p,intuitionistic,auto,1,false,,5,0,3,provable,proved,,ok,two-sided,IMELL,3148,70,668.320,76919,44445,27984,20952980,0,0,2048,660.000,114.544,auto,30
lltp,ILL/petri-nets/MCC,,,DNAwalker_dnawalk-13_1_1.p,intuitionistic,auto,1,false,,5,0,3,provable,proved,,ok,two-sided,IMELL,3152,70,0.231,3,0,2,73,0,0,2048,0.000,0.018,auto,30
lltp,ILL/petri-nets/MCC,,,DNAwalker_dnawalk-13_20_1.p,intuitionistic,auto,1,false,,5,0,3,provable,unknown,timeout,,two-sided,IMELL,3136,70,5038.111,586711,362558,186125,145194877,0,0,2048,5020.000,861.371,auto,30
lltp,ILL/petri-nets/MCC,,,DNAwalker_dnawalk-13_5_1.p,intuitionistic,auto,1,false,,5,0,3,provable,proved,,ok,two-sided,IMELL,3148,70,662.707,76919,44445,27984,20951821,0,0,2048,650.000,127.846,auto,30
lltp,ILL/petri-nets/MCC,,,DNAwalker_dnawalk-14_1_1.p,intuitionistic,auto,1,false,,5,0,3,provable,proved,,ok,two-sided,IMELL,3152,70,0.220,3,0,2,69,0,0,2048,0.000,0.018,auto,30
lltp,ILL/petri-nets/MCC,,,DNAwalker_dnawalk-14_20_1.p,intuitionistic,auto,1,false,,5,0,3,provable,unknown,timeout,,two-sided,IMELL,3132,70,5038.124,583327,362730,183220,143038423,0,0,2048,5020.000,878.201,auto,30
lltp,ILL/petri-nets/MCC,,,DNAwalker_dnawalk-14_5_1.p,intuitionistic,auto,1,false,,5,0,3,provable,proved,,ok,two-sided,IMELL,3150,70,659.505,78660,45517,28572,21694258,0,0,2048,650.000,116.425,auto,30
lltp,ILL/petri-nets/MCC,,,DNAwalker_dnawalk-15_1_1.p,intuitionistic,auto,1,false,,5,0,3,provable,proved,,ok,two-sided,IMELL,3152,70,0.221,3,0,2,73,0,0,2048,0.000,0.017,auto,30
lltp,ILL/petri-nets/MCC,,,DNAwalker_dnawalk-15_20_1.p,intuitionistic,auto,1,false,,5,0,3,provable,unknown,timeout,,two-sided,IMELL,3136,70,5037.997,592519,367255,186863,146242697,0,0,2048,5020.000,890.879,auto,30
lltp,ILL/petri-nets/MCC,,,DNAwalker_dnawalk-15_5_1.p,intuitionistic,auto,1,false,,5,0,3,provable,proved,,ok,two-sided,IMELL,3150,70,666.488,78660,45517,28572,21682665,0,0,2048,660.000,111.142,auto,30
lltp,ILL/petri-nets/MCC,,,DNAwalker_dnawalk-16_1_1.p,intuitionistic,auto,1,false,,5,0,3,provable,proved,,ok,two-sided,IMELL,4908,79,0.292,3,0,2,79,0,0,2048,0.000,0.015,auto,30
lltp,ILL/petri-nets/MCC,,,DNAwalker_dnawalk-16_20_1.p,intuitionistic,auto,1,false,,5,0,3,provable,unknown,timeout,,two-sided,IMELL,4878,78,5029.811,476081,304911,150260,95788439,0,0,2048,5020.000,762.294,auto,30
lltp,ILL/petri-nets/MCC,,,DNAwalker_dnawalk-16_5_1.p,intuitionistic,auto,1,false,,5,0,3,provable,proved,,ok,two-sided,IMELL,4904,79,776.406,158154,130882,24004,13291492,0,0,2048,770.000,124.384,auto,30
lltp,ILL/petri-nets/MCC,,,DNAwalker_dnawalk-17_1_1.p,intuitionistic,auto,1,false,,5,0,3,provable,proved,,ok,two-sided,IMELL,4910,79,0.317,3,0,2,102,0,0,2048,0.000,0.019,auto,30
lltp,ILL/petri-nets/MCC,,,DNAwalker_dnawalk-17_20_1.p,intuitionistic,auto,1,false,,5,0,3,provable,unknown,timeout,,two-sided,IMELL,4872,78,5033.534,506492,325206,159201,111458197,0,0,2048,5010.000,725.706,auto,30
lltp,ILL/petri-nets/MCC,,,DNAwalker_dnawalk-17_5_1.p,intuitionistic,auto,1,false,,5,0,3,provable,proved,,ok,two-sided,IMELL,4904,79,770.607,158154,130882,24004,13302166,0,0,2048,760.000,116.942,auto,30
lltp,ILL/petri-nets/MCC,,,DNAwalker_dnawalk-18_1_1.p,intuitionistic,auto,1,false,,5,0,3,provable,proved,,ok,two-sided,IMELL,36602,169,3.111,3,0,2,276,0,0,2048,0.000,0.045,auto,30
lltp,ILL/petri-nets/MCC,,,DNAwalker_dnawalk-18_20_1.p,intuitionistic,auto,1,false,,5,0,3,provable,unknown,timeout,,two-sided,IMELL,36562,168,5012.816,43952,19512,24101,13872677,0,0,2048,5000.000,542.433,auto,30
lltp,ILL/petri-nets/MCC,,,DNAwalker_dnawalk-18_50_1.p,intuitionistic,auto,1,false,,5,0,3,provable,unknown,timeout,,two-sided,IMELL,36538,168,5010.205,44922,20036,24539,14231701,0,0,2048,4990.000,526.771,auto,30
lltp,ILL/petri-nets/MCC,,,DNAwalker_dnawalk-18_5_1.p,intuitionistic,auto,1,false,,5,0,3,provable,unknown,timeout,,two-sided,IMELL,36592,168,5010.966,43711,19398,23975,13722095,0,0,2048,4990.000,541.893,auto,30
lltp,ILL/petri-nets/MCC,,,DatabaseWithMutex_database10UNFOLD_100_1.p,intuitionistic,auto,1,false,,5,0,3,provable,unknown,timeout,,two-sided,IMELL,7726,11,5048.045,547064,341892,198314,146755708,0,0,2048,5030.000,790.488,auto,30
lltp,ILL/petri-nets/MCC,,,DatabaseWithMutex_database10UNFOLD_1_1.p,intuitionistic,auto,1,false,,5,0,3,provable,proved,,ok,two-sided,IMELL,7718,11,0.674,3,0,2,70,0,0,2048,0.000,0.021,auto,30
lltp,ILL/petri-nets/MCC,,,DatabaseWithMutex_database10UNFOLD_20_1.p,intuitionistic,auto,1,false,,5,0,3,provable,unknown,timeout,,two-sided,IMELL,7718,11,5038.175,465993,293579,166660,107806767,0,0,2048,5020.000,631.884,auto,30
lltp,ILL/petri-nets/MCC,,,DatabaseWithMutex_database10UNFOLD_50_1.p,intuitionistic,auto,1,false,,5,0,3,provable,unknown,timeout,,two-sided,IMELL,7716,11,5039.781,460453,290599,164175,107919702,0,0,2048,5030.000,631.764,auto,30
lltp,ILL/petri-nets/MCC,,,DatabaseWithMutex_database10UNFOLD_5_1.p,intuitionistic,auto,1,false,,5,0,3,provable,unknown,timeout,,two-sided,IMELL,7732,11,5043.605,520964,325431,189030,175883109,0,0,2048,5030.000,733.108,auto,30
lltp,ILL/petri-nets/MCC,,,DatabaseWithMutex_database20UNFOLD_100_1.p,intuitionistic,auto,1,false,,5,0,3,provable,unknown,timeout,,two-sided,IMELL,46636,21,5029.388,44456,6359,37977,20498788,0,0,2048,5010.000,458.165,auto,30
lltp,ILL/petri-nets/MCC,,,DatabaseWithMutex_database20UNFOLD_1_1.p,intuitionistic,auto,1,false,,5,0,3,provable,proved,,ok,two-sided,IMELL,46638,21,4.320,3,0,2,140,0,0,2048,10.000,0.042,auto,30
lltp,ILL/petri-nets/MCC,,,DatabaseWithMutex_database20UNFOLD_20_1.p,intuitionistic,auto,1,false,,5,0,3,provable,unknown,timeout,,two-sided,IMELL,46658,21,5052.976,80485,20917,59354,36086870,0,0,2048,5050.000,465.139,auto,30
lltp,ILL/petri-nets/MCC,,,DatabaseWithMutex_database20UNFOLD_50_1.p,intuitionistic,auto,1,false,,5,0,3,provable,unknown,timeout,,two-sided,IMELL,46636,21,5034.041,44214,6250,37845,19414016,0,0,2048,5030.000,494.555,auto,30
lltp,ILL/petri-nets/MCC,,,DatabaseWithMutex_database20UNFOLD_5_1.p,intuitionistic,auto,1,false,,5,0,3,provable,unknown,timeout,,two-sided,IMELL,46672,21,5061.671,162641,76312,85897,66934068,0,0,2048,5060.000,665.763,auto,30
lltp,ILL/petri-nets/MCC,,,DatabaseWithMutex_database2UNFOLD_100_1.p,intuitionistic,auto,1,false,,5,0,3,provable,proved,,ok,two-sided,IMELL,198,3,0.161,65,16,26,815,0,0,2048,0.000,0.013,auto,30
lltp,ILL/petri-nets/MCC,,,DatabaseWithMutex_database2UNFOLD_10_1.p,intuitionistic,auto,1,false,,5,0,3,provable,proved,,ok,two-sided,IMELL,196,3,0.094,17,0,12,167,0,0,2048,0.000,0.012,auto,30
lltp,ILL/petri-nets/MCC,,,DatabaseWithMutex_database2UNFOLD_1_1.p,intuitionistic,auto,1,false,,5,0,3,provable,proved,,ok,two-sided,IMELL,198,3,0.079,3,0,2,17,0,0,2048,0.000,0.011,auto,30
lltp,ILL/petri-nets/MCC,,,DatabaseWithMutex_database2UNFOLD_20_1.p,intuitionistic,auto,1,false,,5,0,3,provable,proved,,ok,two-sided,IMELL,198,3,0.148,65,16,26,815,0,0,2048,0.000,0.012,auto,30
lltp,ILL/petri-nets/MCC,,,DatabaseWithMutex_database2UNFOLD_50_1.p,intuitionistic,auto,1,false,,5,0,3,provable,proved,,ok,two-sided,IMELL,196,3,0.098,9,0,6,77,0,0,2048,0.000,0.012,auto,30
lltp,ILL/petri-nets/MCC,,,DatabaseWithMutex_database2UNFOLD_5_1.p,intuitionistic,auto,1,false,,5,0,3,provable,proved,,ok,two-sided,IMELL,198,3,0.220,127,38,40,1758,0,0,2048,0.000,0.014,auto,30
lltp,ILL/petri-nets/MCC,,,DatabaseWithMutex_database40UNFOLD_100_1.p,intuitionistic,auto,1,false,,5,0,3,provable,unknown,timeout,,two-sided,IMELL,314076,41,5064.699,1585,0,1582,2353372,0,0,2048,5050.000,143.906,auto,30
lltp,ILL/petri-nets/MCC,,,DatabaseWithMutex_database40UNFOLD_1_1.p,intuitionistic,auto,1,false,,5,0,3,provable,proved,,ok,two-sided,IMELL,314078,41,55.486,7,0,4,519,0,0,2048,50.000,3.059,auto,30
lltp,ILL/petri-nets/MCC,,,DatabaseWithMutex_database40UNFOLD_20_1.p,intuitionistic,auto,1,false,,5,0,3,provable,unknown,timeout,,two-sided,IMELL,314138,41,5029.384,3072,0,3067,5699411,0,0,2048,5010.000,250.349,auto,30
lltp,ILL/petri-nets/MCC,,,DatabaseWithMutex_database40UNFOLD_50_1.p,intuitionistic,auto,1,false,,5,0,3,provable,unknown,timeout,,two-sided,IMELL,314108,41,5095.926,1824,0,1819,2890831,0,0,2048,5090.000,162.632,auto,30
lltp,ILL/petri-nets/MCC,,,DatabaseWithMutex_database40UNFOLD_5_1.p,intuitionistic,auto,1,false,,5,0,3,provable,unknown,timeout,,two-sided,IMELL,314152,41,5020.041,3744,1,3737,7698789,0,0,2048,5010.000,317.624,auto,30
lltp,ILL/petri-nets/MCC,,,DatabaseWithMutex_database4UNFOLD_100_1.p,intuitionistic,auto,1,false,,5,0,3,provable,proved,,ok,two-sided,IMELL,876,5,6.660,5174,2191,2726,148032,0,0,2048,0.000,1.802,auto,30
lltp,ILL/petri-nets/MCC,,,DatabaseWithMutex_database4UNFOLD_10_1.p,intuitionistic,auto,1,false,,5,0,3,provable,proved,,ok,two-sided,IMELL,886,5,3002.823,8826676,8538868,165051,55257595,0,0,2048,2990.000,593.490,auto,30
lltp,ILL/petri-nets/MCC,,,DatabaseWithMutex_database4UNFOLD_1_1.p,intuitionistic,auto,1,false,,5,0,3,provable,proved,,ok,two-sided,IMELL,878,5,0.181,3,0,2,29,0,0,2048,0.000,0.024,auto,30
lltp,ILL/petri-nets/MCC,,,DatabaseWithMutex_database4UNFOLD_20_1.p,intuitionistic,auto,1,false,,5,0,3,provable,proved,,ok,two-sided,IMELL,876,5,7.825,6132,2430,3379,154972,0,0,2048,0.000,1.563,auto,30
lltp,ILL/petri-nets/MCC,,,DatabaseWithMutex_database4UNFOLD_50_1.p,intuitionistic,auto,1,false,,5,0,3,provable,unknown,timeout,,two-sided,IMELL,882,5,5017.591,12221649,11802813,233338,104721891,0,0,2048,5000.000,1031.277,auto,30
lltp,ILL/petri-nets/MCC,,,DatabaseWithMutex_database4UNFOLD_5_1.p,intuitionistic,auto,1,false,,5,0,3,provable,proved,,ok,two-sided,IMELL,876,5,37.551,14645,11579,2287,1781957,0,0,2048,30.000,7.899,auto,30
lltp,ILL/petri-nets/MCC,,,Dekker_dekker-100_100_1.p,intuitionistic,auto,1,false,,5,0,3,provable,unknown,timeout,,two-sided,IMELL,161198,200,5006.272,27967,19798,8027,2736713,0,0,2048,4990.000,441.408,auto,30
lltp,ILL/petri-nets/MCC,,,Dekker_dekker-100_1_1.p,intuitionistic,auto,1,false,,5,0,3,provable,proved,,ok,two-sided,IMELL,161198,200,21.298,4,0,2,8198,0,0,2048,20.000,1.589,auto,30
lltp,ILL/petri-nets/MCC,,,Dekker_dekker-100_20_1.p,intuitionistic,auto,1,false,,5,0,3,provable,unknown,timeout,,two-sided,IMELL,161198,200,5027.941,3905,703,3160,5669225,0,0,2048,5010.000,266.041,auto,30
lltp,ILL/petri-nets/MCC,,,Dekker_dekker-100_50_1.p,intuitionistic,auto,1,false,,5,0,3,provable,unknown,timeout,,two-sided,IMELL,161198,200,5015.201,3123,435,2654,4303989,0,0,2048,5000.000,213.795,auto,30
lltp,ILL/petri-nets/MCC,,,Dekker_dekker-100_5_1.p,intuitionistic,auto,1,false,,5,0,3,provable,unknown,timeout,,two-sided,IMELL,161198,200,5012.985,10559,4953,5496,13519381,0,0,2048,5000.000,458.639,auto,30
lltp,ILL/petri-nets/MCC,,,Dekker_dekker-10_100_1.p,intuitionistic,auto,1,false,,5,0,3,provable,proved,,ok,two-sided,IMELL,1718,20,0.223,15,0,12,178,0,0,2048,0.000,0.019,auto,30
lltp,ILL/petri-nets/MCC,,,Dekker_dekker-10_10_1.p,intuitionistic,auto,1,false,,5,0,3,provable,proved,,ok,two-sided,IMELL,1718,20,0.203,15,0,12,178,0,0,2048,0.000,0.013,auto,30
lltp,ILL/petri-nets/MCC,,,Dekker_dekker-10_1_1.p,intuitionistic,auto,1,false,,5,0,3,provable,proved,,ok,two-sided,IMELL,1718,20,0.150,3,0,2,25,0,0,2048,0.000,0.012,auto,30
lltp,ILL/petri-nets/MCC,,,Dekker_dekker-10_20_1.p,intuitionistic,auto,1,false,,5,0,3,provable,proved,,ok,two-sided,IMELL,1718,20,0.181,15,0,12,178,0,0,2048,0.000,0.011,auto,30
lltp,ILL/petri-nets/MCC,,,Dekker_dekker-10_50_1.p,intuitionistic,auto,1,false,,5,0,3,provable,proved,,ok,two-sided,IMELL,1718,20,0.185,15,0,12,178,0,0,2048,0.000,0.012,auto,30
lltp,ILL/petri-nets/MCC,,,Dekker_dekker-10_5_1.p,intuitionistic,auto,1,false,,5,0,3,provable,proved,,ok,two-sided,IMELL,1718,20,0.432,127,45,67,1792,0,0,2048,0.000,0.013,auto,30
lltp,ILL/petri-nets/MCC,,,Dekker_dekker-15_100_1.p,intuitionistic,auto,1,false,,5,0,3,provable,unknown,timeout,,two-sided,IMELL,3778,30,5048.643,615264,377154,204025,92340081,0,0,2048,5030.000,970.122,auto,30
lltp,ILL/petri-nets/MCC,,,Dekker_dekker-15_10_1.p,intuitionistic,auto,1,false,,5,0,3,provable,proved,,ok,two-sided,IMELL,3778,30,20.257,2305,1120,1027,560203,0,0,2048,20.000,2.634,auto,30
lltp,ILL/petri-nets/MCC,,,Dekker_dekker-15_1_1.p,intuitionistic,auto,1,false,,5,0,3,provable,proved,,ok,two-sided,IMELL,3778,30,0.261,3,0,2,33,0,0,2048,0.000,0.014,auto,30
lltp,ILL/petri-nets/MCC,,,Dekker_dekker-15_20_1.p,intuitionistic,auto,1,false,,5,0,3,provable,unknown,timeout,,two-sided,IMELL,3778,30,5046.306,641134,392775,212924,104534758,0,0,2048,5030.000,997.783,auto,30
lltp,ILL/petri-nets/MCC,,,Dekker_dekker-15_50_1.p,intuitionistic,auto,1,false,,5,0,3,provable,unknown,timeout,,two-sided,IMELL,3778,30,5046.213,638215,391054,211872,106430130,0,0,2048,5020.000,1013.460,auto,30
lltp,ILL/petri-nets/MCC,,,Dekker_dekker-15_5_1.p,intuitionistic,auto,1,false,,5,0,3,provable,proved,,ok,two-sided,IMELL,3778,30,4.838,506,198,271,145243,0,0,2048,0.000,0.834,auto,30
lltp,ILL/petri-nets/MCC,,,Dekker_dekker-200_100_1.p,intuitionistic,auto,1,false,,5,0,3,provable,unknown,timeout,,two-sided,IMELL,642398,400,5377.594,193,0,190,804779,0,0,2048,5360.000,79.814,auto,30
lltp,ILL/petri-nets/MCC,,,Dekker_dekker-200_1_1.p,intuitionistic,auto,1,false,,5,0,3,provable,proved,,ok,two-sided,IMELL,642398,400,141.501,4,0,2,12495,0,0,2048,130.000,3.907,auto,30
lltp,ILL/petri-nets/MCC,,,Dekker_dekker-200_20_1.p,intuitionistic,auto,1,false,,5,0,3,provable,unknown,timeout,,two-sided,IMELL,642398,400,5512.756,321,0,316,1571806,0,0,2048,5490.000,111.858,auto,30
lltp,ILL/petri-nets/MCC,,,Dekker_dekker-200_50_1.p,intuitionistic,auto,1,false,,5,0,3,provable,unknown,timeout,,two-sided,IMELL,642398,400,5610.162,225,0,220,1007433,0,0,2048,5590.000,90.375,auto,30
lltp,ILL/petri-nets/MCC,,,Dekker_dekker-200_5_1.p,intuitionistic,auto,1,false,,5,0,3,provable,unknown,timeout,,two-sided,IMELL,642398,400,5097.181,643,3,633,3860735,0,0,2048,5090.000,180.955,auto,30
lltp,ILL/petri-nets/MCC,,,Dekker_dekker-20_100_1.p,intuitionistic,auto,1,false,,5,0,3,provable,unknown,timeout,,two-sided,IMELL,6638,40,5028.903,382974,237251,128854,58036512,0,0,2048,5010.000,973.278,auto,30
lltp,ILL/petri-nets/MCC,,,Dekker_dekker-20_1_1.p,intuitionistic,auto,1,false,,5,0,3,provable,proved,,ok,two-sided,IMELL,6638,40,0.494,3,0,2,44,0,0,2048,0.000,0.038,auto,30
lltp,ILL/petri-nets/MCC,,,Dekker_dekker-20_20_1.p,intuitionistic,auto,1,false,,5,0,3,provable,unknown,timeout,,two-sided,IMELL,6638,40,5032.330,2768765,2595703,152571,32626858,0,0,2048,5020.000,1034.415,auto,30
lltp,ILL/petri-nets/MCC,,,Dekker_dekker-20_50_1.p,intuitionistic,auto,1,false,,5,0,3,provable,unknown,timeout,,two-sided,IMELL,6638,40,5029.681,429556,268080,142469,73784021,0,0,2048,5010.000,1004.540,auto,30
lltp,ILL/petri-nets/MCC,,,Dekker_dekker-20_5_1.p,intuitionistic,auto,1,false,,5,0,3,provable,proved,,ok,two-sided,IMELL,6638,40,616.255,51512,30305,18797,12265995,0,0,2048,610.000,124.695,auto,30
lltp,ILL/petri-nets/MCC,,,Dekker_dekker-50_100_1.p,intuitionistic,auto,1,false,,5,0,3,provable,proved,,ok,two-sided,IMELL,40598,100,40.409,524,45,466,279530,0,0,2048,40.000,7.221,auto,30
lltp,ILL/petri-nets/MCC,,,Dekker_dekker-50_1_1.p,intuitionistic,auto,1,false,,5,0,3,provable,proved,,ok,two-sided,IMELL,40598,100,3.597,3,0,2,104,0,0,2048,0.000,0.044,auto,30
lltp,ILL/petri-nets/MCC,,,Dekker_dekker-50_20_1.p,intuitionistic,auto,1,false,,5,0,3,provable,unknown,timeout,,two-sided,IMELL,40598,100,5018.239,59344,34305,23849,15173109,0,0,2048,5010.000,987.640,auto,30
lltp,ILL/petri-nets/MCC,,,Dekker_dekker-50_50_1.p,intuitionistic,auto,1,false,,5,0,3,provable,unknown,timeout,,two-sided,IMELL,40598,100,5008.101,210716,180034,29182,8652946,0,0,2048,5000.000,1001.094,auto,30
lltp,ILL/petri-nets/MCC,,,Dekker_dekker-50_5_1.p,intuitionistic,auto,1,false,,5,0,3,provable,unknown,timeout,,two-sided,IMELL,40598,100,5012.055,86627,50031,34875,25963084,0,0,2048,5000.000,918.009,auto,30
lltp,ILL/petri-nets/MCC,,,Diffusion2D_2D8_gradient_10x10_100_1_1.p,intuitionistic,auto,1,false,,5,0,3,provable,proved,,ok,two-sided,IMELL,3134,108,0.330,3,0,2,298,0,0,2048,0.000,0.016,auto,30
lltp,ILL/petri-nets/MCC,,,Diffusion2D_2D8_gradient_10x10_100_20_1.p,intuitionistic,auto,1,false,,5,0,3,provable,proved,,ok,two-sided,IMELL,3134,108,355.470,179186,157781,19731,6916389,0,0,2048,350.000,64.688,auto,30
lltp,ILL/petri-nets/MCC,,,Diffusion2D_2D8_gradient_10x10_100_5_1.p,intuitionistic,auto,1,false,,5,0,3,provable,proved,,ok,two-sided,IMELL,3134,108,0.347,5,0,4,106,0,0,2048,0.000,0.018,auto,30
lltp,ILL/petri-nets/MCC,,,Diffusion2D_2D8_gradient_10x10_10_1_1.p,intuitionistic,auto,1,false,,5,0,3,provable,proved,,ok,two-sided,IMELL,2774,18,0.201,3,0,2,28,0,0,2048,0.000,0.012,auto,30
lltp,ILL/petri-nets/MCC,,,Diffusion2D_2D8_gradient_10x10_10_20_1.p,intuitionistic,auto,1,false,,5,0,3,provable,proved,,ok,two-sided,IMELL,2774,18,119.251,73061,57729,13552,1421685,0,0,2048,110.000,12.920,auto,30
lltp,ILL/petri-nets/MCC,,,Diffusion2D_2D8_gradient_10x10_10_5_1.p,intuitionistic,auto,1,false,,5,0,3,provable,proved,,ok,two-sided,IMELL,2774,18,0.212,5,0,4,16,0,0,2048,0.000,0.013,auto,30
lltp,ILL/petri-nets/MCC,,,Diffusion2D_2D8_gradient_10x10_150_1_1.p,intuitionistic,auto,1,false,,5,0,3,provable,proved,,ok,two-sided,IMELL,3334,158,0.424,3,0,2,448,0,0,2048,0.000,0.012,auto,30
lltp,ILL/petri-nets/MCC,,,Diffusion2D_2D8_gradient_10x10_150_20_1.p,intuitionistic,auto,1,false,,5,0,3,provable,proved,,ok,two-sided,IMELL,3334,158,546.206,263250,247137,14484,14117869,0,0,2048,540.000,122.647,auto,30
lltp,ILL/petri-nets/MCC,,,Diffusion2D_2D8_gradient_10x10_150_5_1.p,intuitionistic,auto,1,false,,5,0,3,provable,proved,,ok,two-sided,IMELL,3334,158,0.451,5,0,4,156,0,0,2048,0.000,0.017,auto,30
lltp,ILL/petri-nets/MCC,,,Diffusion2D_2D8_gradient_10x10_200_1_1.p,intuitionistic,auto,1,false,,5,0,3,provable,proved,,ok,two-sided,IMELL,3534,208,0.524,3,0,2,598,0,0,2048,0.000,0.033,auto,30
lltp,ILL/petri-nets/MCC,,,Diffusion2D_2D8_gradient_10x10_200_20_1.p,intuitionistic,auto,1,false,,5,0,3,provable,proved,,ok,two-sided,IMELL,3534,208,630.735,239360,220946,16984,16667718,0,0,2048,620.000,124.553,auto,30
lltp,ILL/petri-nets/MCC,,,Diffusion2D_2D8_gradient_10x10_200_5_1.p,intuitionistic,auto,1,false,,5,0,3,provable,proved,,ok,two-sided,IMELL,3534,208,0.499,5,0,4,206,0,0,2048,0.000,0.015,auto,30
lltp,ILL/petri-nets/MCC,,,Diffusion2D_2D8_gradient_10x10_50_1_1.p,intuitionistic,auto,1,false,,5,0,3,provable,proved,,ok,two-sided,IMELL,2934,58,0.266,3,0,2,148,0,0,2048,0.000,0.013,auto,30
lltp,ILL/petri-nets/MCC,,,Diffusion2D_2D8_gradient_10x10_50_20_1.p,intuitionistic,auto,1,false,,5,0,3,provable,proved,,ok,two-sided,IMELL,2934,58,254.254,183566,162913,18722,3733866,0,0,2048,240.000,56.836,auto,30
lltp,ILL/petri-nets/MCC,,,Diffusion2D_2D8_gradient_10x10_50_5_1.p,intuitionistic,auto,1,false,,5,0,3,provable,proved,,ok,two-sided,IMELL,2934,58,0.281,5,0,4,56,0,0,2048,0.000,0.014,auto,30
lltp,ILL/petri-nets/MCC,,,Diffusion2D_2D8_gradient_20x20_100_1_1.p,intuitionistic,auto,1,false,,5,0,3,provable,proved,,ok,two-sided,IMELL,12254,108,1.277,3,0,2,102,0,0,2048,0.000,0.014,auto,30
lltp,ILL/petri-nets/MCC,,,Diffusion2D_2D8_gradient_20x20_100_20_1.p,intuitionistic,auto,1,false,,5,0,3,provable,proved,,ok,two-sided,IMELL,12254,108,1.307,4,0,3,398,0,0,2048,0.000,0.038,auto,30
lltp,ILL/petri-nets/MCC,,,Diffusion2D_2D8_gradient_20x20_100_5_1.p,intuitionistic,auto,1,false,,5,0,3,provable,proved,,ok,two-sided,IMELL,12254,108,2005.547,21036,13232,6798,64207524,0,0,2048,2000.000,357.545,auto,30
lltp,ILL/petri-nets/MCC,,,Diffusion2D_2D8_gradient_20x20_10_1_1.p,intuitionistic,auto,1,false,,5,0,3,provable,proved,,ok,two-sided,IMELL,11894,18,0.819,3,0,2,12,0,0,2048,0.000,0.015,auto,30
lltp,ILL/petri-nets/MCC,,,Diffusion2D_2D8_gradient_20x20_10_20_1.p,intuitionistic,auto,1,false,,5,0,3,provable,proved,,ok,two-sided,IMELL,11894,18,0.776,4,0,3,38,0,0,2048,0.000,0.012,auto,30
lltp,ILL/petri-nets/MCC,,,Diffusion2D_2D8_gradient_20x20_10_5_1.p,intuitionistic,auto,1,false,,5,0,3,provable,proved,,ok,two-sided,IMELL,11894,18,2.940,247,199,41,24108,0,0,2048,0.000,0.004,auto,30
lltp,ILL/petri-nets/MCC,,,Diffusion2D_2D8_gradient_20x20_150_1_1.p,intuitionistic,auto,1,false,,5,0,3,provable,proved,,ok,two-sided,IMELL,12454,158,1.597,3,0,2,152,0,0,2048,0.000,0.013,auto,30
lltp,ILL/petri-nets/MCC,,,Diffusion2D_2D8_gradient_20x20_150_20_1.p,intuitionistic,auto,1,false,,5,0,3,provable,proved,,ok,two-sided,IMELL,12454,158,1.595,4,0,3,598,0,0,2048,0.000,0.013,auto,30
lltp,ILL/petri-nets/MCC,,,Diffusion2D_2D8_gradient_20x20_150_5_1.p,intuitionistic,auto,1,false,,5,0,3,provable,proved,,ok,two-sided,IMELL,12454,158,2609.074,21036,13232,6798,69347917,0,0,2048,2600.000,506.235,auto,30
lltp,ILL/petri-nets/MCC,,,Diffusion2D_2D8_gradient_20x20_50_1_1.p,intuitionistic,auto,1,false,,5,0,3,provable,proved,,ok,two-sided,IMELL,12054,58,0.971,3,0,2,52,0,0,2048,0.000,0.017,auto,30
lltp,ILL/petri-nets/MCC,,,Diffusion2D_2D8_gradient_20x20_50_20_1.p,intuitionistic,auto,1,false,,5,0,3,provable,proved,,ok,two-sided,IMELL,12054,58,1.013,4,0,3,198,0,0,2048,0.000,0.017,auto,30
lltp,ILL/petri-nets/MCC,,,Diffusion2D_2D8_gradient_20x20_50_5_1.p,intuitionistic,auto,1,false,,5,0,3,provable,proved,,ok,two-sided,IMELL,12054,58,242.130,3320,1699,1450,8384664,0,0,2048,240.000,37.230,auto,30
lltp,ILL/petri-nets/MCC,,,Diffusion2D_2D8_gradient_30x30_100_1_1.p,intuitionistic,auto,1,false,,5,0,3,provable,proved,,ok,two-sided,IMELL,27774,108,4.349,7,0,3,207,0,0,2048,0.000,1.122,auto,30
lltp,ILL/petri-nets/MCC,,,Diffusion2D_2D8_gradient_30x30_100_20_1.p,intuitionistic,auto,1,false,,5,0,3,provable,unknown,timeout,,two-sided,IMELL,27774,108,5012.455,401906,371031,28495,29545666,0,0,2048,5000.000,796.859,auto,30
lltp,ILL/petri-nets/MCC,,,Diffusion2D_2D8_gradient_30x30_100_5_1.p,intuitionistic,auto,1,false,,5,0,3,provable,proved,,ok,two-sided,IMELL,27774,108,3675.673,21036,13233,6797,82622525,0,0,2048,3660.000,747.205,auto,30
lltp,ILL/petri-nets/MCC,,,Diffusion2D_2D8_gradient_30x30_10_1_1.p,intuitionistic,auto,1,false,,5,0,3,provable,proved,,ok,two-sided,IMELL,27414,18,1.762,3,0,2,12,0,0,2048,0.000,0.015,auto,30
lltp,ILL/petri-nets/MCC,,,Diffusion2D_2D8_gradient_30x30_10_20_1.p,intuitionistic,auto,1,false,,5,0,3,provable,unknown,timeout,,two-sided,IMELL,27414,18,5008.008,199031,156908,37144,34590434,0,0,2048,4990.000,335.532,auto,30
lltp,ILL/petri-nets/MCC,,,Diffusion2D_2D8_gradient_30x30_10_5_1.p,intuitionistic,auto,1,false,,5,0,3,provable,proved,,ok,two-sided,IMELL,27414,18,7.663,245,199,39,43522,0,0,2048,10.000,2.014,auto,30
lltp,ILL/petri-nets/MCC,,,Diffusion2D_2D8_gradient_30x30_150_1_1.p,intuitionistic,auto,1,false,,5,0,3,provable,proved,,ok,two-sided,IMELL,27974,158,6.215,7,0,3,307,0,0,2048,10.000,2.552,auto,30
lltp,ILL/petri-nets/MCC,,,Diffusion2D_2D8_gradient_30x30_150_20_1.p,intuitionistic,auto,1,false,,5,0,3,provable,unknown,timeout,,two-sided,IMELL,27974,158,5008.825,381985,360686,19626,29952062,0,0,2048,4990.000,799.660,auto,30
lltp,ILL/petri-nets/MCC,,,Diffusion2D_2D8_gradient_30x30_150_5_1.p,intuitionistic,auto,1,false,,5,0,3,provable,proved,,ok,two-sided,IMELL,27974,158,4801.180,21036,13233,6797,87751049,0,0,2048,4790.000,988.338,auto,30
lltp,ILL/petri-nets/MCC,,,Diffusion2D_2D8_gradient_30x30_50_1_1.p,intuitionistic,auto,1,false,,5,0,3,provable,proved,,ok,two-sided,IMELL,27574,58,2.224,3,0,2,52,0,0,2048,0.000,0.047,auto,30
lltp,ILL/petri-nets/MCC,,,Diffusion2D_2D8_gradient_30x30_50_20_1.p,intuitionistic,auto,1,false,,5,0,3,provable,unknown,timeout,,two-sided,IMELL,27574,58,5015.946,490759,454509,33022,28291747,0,0,2048,5000.000,818.579,auto,30
lltp,ILL/petri-nets/MCC,,,Diffusion2D_2D8_gradient_30x30_50_5_1.p,intuitionistic,auto,1,false,,5,0,3,provable,proved,,ok,two-sided,IMELL,27574,58,390.346,2828,1482,1196,8888469,0,0,2048,390.000,74.579,auto,30
lltp,ILL/petri-nets/MCC,,,Diffusion2D_2D8_gradient_40x40_100_1_1.p,intuitionistic,auto,1,false,,5,0,3,provable,proved,,ok,two-sided,IMELL,49694,108,7.659,7,0,4,300,0,0,2048,10.000,0.949,auto,30
lltp,ILL/petri-nets/MCC,,,Diffusion2D_2D8_gradient_40x40_100_20_1.p,intuitionistic,auto,1,false,,5,0,3,provable,unknown,timeout,,two-sided,IMELL,49694,108,5011.663,229388,214487,13668,22706596,0,0,2048,5000.000,677.599,auto,30
lltp,ILL/petri-nets/MCC,,,Diffusion2D_2D8_gradient_40x40_100_5_1.p,intuitionistic,auto,1,false,,5,0,3,provable,unknown,timeout,,two-sided,IMELL,49694,108,5009.708,18602,11352,6371,80458152,0,0,2048,4990.000,786.295,auto,30
lltp,ILL/petri-nets/MCC,,,Diffusion2D_2D8_gradient_40x40_10_1_1.p,intuitionistic,auto,1,false,,5,0,3,provable,proved,,ok,two-sided,IMELL,49334,18,3.364,3,0,2,12,0,0,2048,10.000,0.055,auto,30
lltp,ILL/petri-nets/MCC,,,Diffusion2D_2D8_gradient_40x40_10_20_1.p,intuitionistic,auto,1,false,,5,0,3,provable,unknown,timeout,,two-sided,IMELL,49334,18,5002.341,134647,112630,19608,30006012,0,0,2048,4990.000,602.420,auto,30
lltp,ILL/petri-nets/MCC,,,Diffusion2D_2D8_gradient_40x40_10_5_1.p,intuitionistic,auto,1,false,,5,0,3,provable,proved,,ok,two-sided,IMELL,49334,18,14.726,246,199,40,70899,0,0,2048,20.000,0.038,auto,30
lltp,ILL/petri-nets/MCC,,,Diffusion2D_2D8_gradient_40x40_150_1_1.p,intuitionistic,auto,1,false,,5,0,3,provable,proved,,ok,two-sided,IMELL,49894,158,10.937,7,0,4,450,0,0,2048,10.000,1.940,auto,30
lltp,ILL/petri-nets/MCC,,,Diffusion2D_2D8_gradient_40x40_150_20_1.p,intuitionistic,auto,1,false,,5,0,3,provable,unknown,timeout,,two-sided,IMELL,49894,158,5016.198,91369,72896,17615,14381801,0,0,2048,5000.000,489.404,auto,30
lltp,ILL/petri-nets/MCC,,,Diffusion2D_2D8_gradient_40x40_150_5_1.p,intuitionistic,auto,1,false,,5,0,3,provable,unknown,timeout,,two-sided,IMELL,49894,158,5010.984,13931,8134,5134,61412208,0,0,2048,4990.000,614.544,auto,30
lltp,ILL/petri-nets/MCC,,,Diffusion2D_2D8_gradient_40x40_50_1_1.p,intuitionistic,auto,1,false,,5,0,3,provable,proved,,ok,two-sided,IMELL,49494,58,5.790,7,0,3,102,0,0,2048,10.000,1.802,auto,30
lltp,ILL/petri-nets/MCC,,,Diffusion2D_2D8_gradient_40x40_50_20_1.p,intuitionistic,auto,1,false,,5,0,3,provable,unknown,timeout,,two-sided,IMELL,49494,58,5022.260,155131,132248,21199,22953401,0,0,2048,5010.000,759.336,auto,30
lltp,ILL/petri-nets/MCC,,,Diffusion2D_2D8_gradient_40x40_50_5_1.p,intuitionistic,auto,1,false,,5,0,3,provable,proved,,ok,two-sided,IMELL,49494,58,609.044,2701,1399,1156,9639160,0,0,2048,610.000,102.903,auto,30
lltp,ILL/petri-nets/MCC,,,Diffusion2D_2D8_gradient_50x50_100_1_1.p,intuitionistic,auto,1,false,,5,0,3,provable,proved,,ok,two-sided,IMELL,78014,108,12.175,7,0,4,300,0,0,2048,10.000,0.850,auto,30
lltp,ILL/petri-nets/MCC,,,Diffusion2D_2D8_gradient_50x50_100_20_1.p,intuitionistic,auto,1,false,,5,0,3,provable,unknown,timeout,,two-sided,IMELL,78014,108,5020.378,78206,65275,12232,15873254,0,0,2048,5000.000,478.566,auto,30
lltp,ILL/petri-nets/MCC,,,Diffusion2D_2D8_gradient_50x50_100_5_1.p,intuitionistic,auto,1,false,,5,0,3,provable,proved,,ok,two-sided,IMELL,78014,108,31.971,71,24,40,79055,0,0,2048,30.000,4.883,auto,30
lltp,ILL/petri-nets/MCC,,,Diffusion2D_2D8_gradient_50x50_10_1_1.p,intuitionistic,auto,1,false,,5,0,3,provable,proved,,ok,two-sided,IMELL,77654,18,6.162,7,0,4,30,0,0,2048,0.000,0.016,auto,30
lltp,ILL/petri-nets/MCC,,,Diffusion2D_2D8_gradient_50x50_10_20_1.p,intuitionistic,auto,1,false,,5,0,3,provable,unknown,timeout,,two-sided,IMELL,77654,18,5016.805,81604,68067,12221,25597357,0,0,2048,5000.000,648.467,auto,30
lltp,ILL/petri-nets/MCC,,,Diffusion2D_2D8_gradient_50x50_10_5_1.p,intuitionistic,auto,1,false,,5,0,3,provable,proved,,ok,two-sided,IMELL,77654,18,19.025,71,24,40,58535,0,0,2048,20.000,1.520,auto,30
lltp,ILL/petri-nets/MCC,,,Diffusion2D_2D8_gradient_50x50_150_1_1.p,intuitionistic,auto,1,false,,5,0,3,provable,proved,,ok,two-sided,IMELL,78214,158,17.102,7,0,4,450,0,0,2048,20.000,3.392,auto,30
lltp,ILL/petri-nets/MCC,,,Diffusion2D_2D8_gradient_50x50_150_20_1.p,intuitionistic,auto,1,false,,5,0,3,provable,unknown,timeout,,two-sided,IMELL,78214,158,5026.807,24184,10948,12742,10656692,0,0,2048,5010.000,373.326,auto,30
lltp,ILL/petri-nets/MCC,,,Diffusion2D_2D8_gradient_50x50_150_5_1.p,intuitionistic,auto,1,false,,5,0,3,provable,proved,,ok,two-sided,IMELL,78214,158,42.476,71,24,40,104455,0,0,2048,40.000,3.815,auto,30
lltp,ILL/petri-nets/MCC,,,Diffusion2D_2D8_gradient_50x50_50_1_1.p,intuitionistic,auto,1,false,,5,0,3,provable,proved,,ok,two-sided,IMELL,77814,58,8.801,7,0,4,150,0,0,2048,0.000,0.277,auto,30
lltp,ILL/petri-nets/MCC,,,Diffusion2D_2D8_gradient_50x50_50_20_1.p,intuitionistic,auto,1,false,,5,0,3,provable,unknown,timeout,,two-sided,IMELL,77814,58,5014.334,109879,99682,9173,21525329,0,0,2048,5000.000,586.350,auto,30
lltp,ILL/petri-nets/MCC,,,Diffusion2D_2D8_gradient_50x50_50_5_1.p,intuitionistic,auto,1,false,,5,0,3,provable,proved,,ok,two-sided,IMELL,77814,58,24.688,71,24,40,63655,0,0,2048,20.000,4.211,auto,30
lltp,ILL/petri-nets/MCC,,,Diffusion2D_2D8_gradient_5x5_100_10_1.p,intuitionistic,auto,1,false,,5,0,3,provable,proved,,ok,two-sided,IMELL,974,108,45.463,123131,119933,2837,761320,0,0,2048,40.000,9.185,auto,30
lltp,ILL/petri-nets/MCC,,,Diffusion2D_2D8_gradient_5x5_100_1_1.p,intuitionistic,auto,1,false,,5,0,3,provable,proved,,ok,two-sided,IMELL,974,108,0.152,3,0,2,298,0,0,2048,0.000,0.013,auto,30
lltp,ILL/petri-nets/MCC,,,Diffusion2D_2D8_gradient_5x5_100_20_1.p,intuitionistic,auto,1,false,,5,0,3,provable,proved,,ok,two-sided,IMELL,974,108,0.240,13,0,10,1433,0,0,2048,0.000,0.012,auto,30
lltp,ILL/petri-nets/MCC,,,Diffusion2D_2D8_gradient_5x5_100_5_1.p,intuitionistic,auto,1,false,,5,0,3,provable,proved,,ok,two-sided,IMELL,974,108,1.122,382,227,138,15246,0,0,2048,0.000,0.015,auto,30
lltp,ILL/petri-nets/MCC,,,Diffusion2D_2D8_gradient_5x5_10_10_1.p,intuitionistic,auto,1,false,,5,0,3,provable,proved,,ok,two-sided,IMELL,614,18,28.799,126047,121777,3772,497847,0,0,2048,20.000,2.383,auto,30
lltp,ILL/petri-nets/MCC,,,Diffusion2D_2D8_gradient_5x5_10_1_1.p,intuitionistic,auto,1,false,,5,0,3,provable,proved,,ok,two-sided,IMELL,614,18,0.098,3,0,2,28,0,0,2048,0.000,0.011,auto,30
lltp,ILL/petri-nets/MCC,,,Diffusion2D_2D8_gradient_5x5_10_20_1.p,intuitionistic,auto,1,false,,5,0,3,provable,proved,,ok,two-sided,IMELL,614,18,0.122,13,0,10,263,0,0,2048,0.000,0.012,auto,30
lltp,ILL/petri-nets/MCC,,,Diffusion2D_2D8_gradient_5x5_10_5_1.p,intuitionistic,auto,1,false,,5,0,3,provable,proved,,ok,two-sided,IMELL,614,18,0.516,478,255,201,4633,0,0,2048,0.000,0.014,auto,30
lltp,ILL/petri-nets/MCC,,,Diffusion2D_2D8_gradient_5x5_150_10_1.p,intuitionistic,auto,1,false,,5,0,3,provable,proved,,ok,two-sided,IMELL,1174,158,60.535,122724,119752,2630,884637,0,0,2048,60.000,8.983,auto,30
lltp,ILL/petri-nets/MCC,,,Diffusion2D_2D8_gradient_5x5_150_1_1.p,intuitionistic,auto,1,false,,5,0,3,provable,proved,,ok,two-sided,IMELL,1174,158,0.177,3,0,2,448,0,0,2048,0.000,0.012,auto,30
lltp,ILL/petri-nets/MCC,,,Diffusion2D_2D8_gradient_5x5_150_20_1.p,intuitionistic,auto,1,false,,5,0,3,provable,proved,,ok,two-sided,IMELL,1174,158,0.318,13,0,10,2083,0,0,2048,0.000,0.011,auto,30
lltp,ILL/petri-nets/MCC,,,Diffusion2D_2D8_gradient_5x5_150_5_1.p,intuitionistic,auto,1,false,,5,0,3,provable,proved,,ok,two-sided,IMELL,1174,158,1.470,358,221,123,18866,0,0,2048,0.000,0.015,auto,30
lltp,ILL/petri-nets/MCC,,,Diffusion2D_2D8_gradient_5x5_200_10_1.p,intuitionistic,auto,1,false,,5,0,3,provable,proved,,ok,two-sided,IMELL,1374,208,70.882,122085,119417,2360,968333,0,0,2048,70.000,13.885,auto,30
lltp,ILL/petri-nets/MCC,,,Diffusion2D_2D8_gradient_5x5_200_1_1.p,intuitionistic,auto,1,false,,5,0,3,provable,proved,,ok,two-sided,IMELL,1374,208,0.196,3,0,2,598,0,0,2048,0.000,0.011,auto,30
lltp,ILL/petri-nets/MCC,,,Diffusion2D_2D8_gradient_5x5_200_20_1.p,intuitionistic,auto,1,false,,5,0,3,provable,proved,,ok,two-sided,IMELL,1374,208,0.392,13,0,10,2733,0,0,2048,0.000,0.011,auto,30
lltp,ILL/petri-nets/MCC,,,Diffusion2D_2D8_gradient_5x5_200_5_1.p,intuitionistic,auto,1,false,,5,0,3,provable,proved,,ok,two-sided,IMELL,1374,208,1.810,339,214,112,22017,0,0,2048,0.000,0.016,auto,30
lltp,ILL/petri-nets/MCC,,,Diffusion2D_2D8_gradient_5x5_250_10_1.p,intuitionistic,auto,1,false,,5,0,3,provable,proved,,ok,two-sided,IMELL,1574,258,83.759,121721,119114,2315,1082833,0,0,2048,80.000,15.510,auto,30
lltp,ILL/petri-nets/MCC,,,Diffusion2D_2D8_gradient_5x5_250_1_1.p,intuitionistic,auto,1,false,,5,0,3,provable,proved,,ok,two-sided,IMELL,1574,258,0.235,3,0,2,748,0,0,2048,0.000,0.012,auto,30
lltp,ILL/petri-nets/MCC,,,Diffusion2D_2D8_gradient_5x5_250_20_1.p,intuitionistic,auto,1,false,,5,0,3,provable,proved,,ok,two-sided,IMELL,1574,258,0.504,13,0,10,3383,0,0,2048,0.000,0.012,auto,30
lltp,ILL/petri-nets/MCC,,,Diffusion2D_2D8_gradient_5x5_250_5_1.p,intuitionistic,auto,1,false,,5,0,3,provable,proved,,ok,two-sided,IMELL,1574,258,2.070,322,209,101,23969,0,0,2048,0.000,0.019,auto,30
lltp,ILL/petri-nets/MCC,,,Diffusion2D_2D8_gradient_5x5_300_10_1.p,intuitionistic,auto,1,false,,5,0,3,provable,proved,,ok,two-sided,IMELL,1774,308,93.350,121112,118676,2170,1157436,0,0,2048,90.000,11.663,auto,30
lltp,ILL/petri-nets/MCC,,,Diffusion2D_2D8_gradient_5x5_300_1_1.p,intuitionistic,auto,1,false,,5,0,3,provable,proved,,ok,two-sided,IMELL,1774,308,0.274,3,0,2,898,0,0,2048,0.000,0.016,auto,30
lltp,ILL/petri-nets/MCC,,,Diffusion2D_2D8_gradient_5x5_300_20_1.p,intuitionistic,auto,1,false,,5,0,3,provable,proved,,ok,two-sided,IMELL,1774,308,0.599,13,0,10,4033,0,0,2048,0.000,0.012,auto,30
lltp,ILL/petri-nets/MCC,,,Diffusion2D_2D8_gradient_5x5_300_5_1.p,intuitionistic,auto,1,false,,5,0,3,provable,proved,,ok,two-sided,IMELL,1774,308,2.263,307,206,90,24723,0,0,2048,0.000,0.016,auto,30
lltp,ILL/petri-nets/MCC,,,Diffusion2D_2D8_gradient_5x5_350_10_1.p,intuitionistic,auto,1,false,,5,0,3,provable,proved,,ok,two-sided,IMELL,1974,358,108.090,120878,118545,2079,1240413,0,0,2048,100.000,15.576,auto,30
lltp,ILL/petri-nets/MCC,,,Diffusion2D_2D8_gradient_5x5_350_1_1.p,intuitionistic,auto,1,false,,5,0,3,provable,proved,,ok,two-sided,IMELL,1974,358,0.310,3,0,2,1048,0,0,2048,0.000,0.012,auto,30
lltp,ILL/petri-nets/MCC,,,Diffusion2D_2D8_gradient_5x5_350_20_1.p,intuitionistic,auto,1,false,,5,0,3,provable,proved,,ok,two-sided,IMELL,1974,358,0.710,13,0,10,4683,0,0,2048,0.000,0.016,auto,30
lltp,ILL/petri-nets/MCC,,,Diffusion2D_2D8_gradient_5x5_350_5_1.p,intuitionistic,auto,1,false,,5,0,3,provable,proved,,ok,two-sided,IMELL,1974,358,2.578,301,205,86,26709,0,0,2048,0.000,0.015,auto,30
lltp,ILL/petri-nets/MCC,,,Diffusion2D_2D8_gradient_5x5_50_10_1.p,intuitionistic,auto,1,false,,5,0,3,provable,proved,,ok,two-sided,IMELL,774,58,37.480,124522,120739,3360,636307,0,0,2048,30.000,4.289,auto,30
lltp,ILL/petri-nets/MCC,,,Diffusion2D_2D8_gradient_5x5_50_1_1.p,intuitionistic,auto,1,false,,5,0,3,provable,proved,,ok,two-sided,IMELL,774,58,0.134,3,0,2,148,0,0,2048,0.000,0.013,auto,30
lltp,ILL/petri-nets/MCC,,,Diffusion2D_2D8_gradient_5x5_50_20_1.p,intuitionistic,auto,1,false,,5,0,3,provable,proved,,ok,two-sided,IMELL,774,58,0.166,13,0,10,783,0,0,2048,0.000,0.011,auto,30
lltp,ILL/petri-nets/MCC,,,Diffusion2D_2D8_gradient_5x5_50_5_1.p,intuitionistic,auto,1,false,,5,0,3,provable,proved,,ok,two-sided,IMELL,774,58,0.806,423,237,166,10565,0,0,2048,0.000,0.014,auto,30
lltp,ILL/petri-nets/MCC,,,DrinkVendingMachine_distributeur-01-unfolded-02_100_1.p,intuitionistic,auto,1,false,,5,0,3,provable,proved,,ok,two-sided,IMELL,1118,69,26.427,4856,2070,2064,756090,0,0,2048,20.000,6.415,auto,30
lltp,ILL/petri-nets/MCC,,,DrinkVendingMachine_distributeur-01-unfolded-02_10_1.p,intuitionistic,auto,1,false,,5,0,3,provable,proved,,ok,two-sided,IMELL,1118,69,26.168,4856,2070,2064,756090,0,0,2048,20.000,5.099,auto,30
lltp,ILL/petri-nets/MCC,,,DrinkVendingMachine_distributeur-01-unfolded-02_1_1.p,intuitionistic,auto,1,false,,5,0,3,provable,proved,,ok,two-sided,IMELL,1118,68,0.120,3,0,2,33,0,0,2048,0.000,0.011,auto,30
lltp,ILL/petri-nets/MCC,,,DrinkVendingMachine_distributeur-01-unfolded-02_20_1.p,intuitionistic,auto,1,false,,5,0,3,provable,proved,,ok,two-sided,IMELL,1118,69,26.571,4856,2070,2064,756090,0,0,2048,20.000,5.860,auto,30
lltp,ILL/petri-nets/MCC,,,DrinkVendingMachine_distributeur-01-unfolded-02_50_1.p,intuitionistic,auto,1,false,,5,0,3,provable,proved,,ok,two-sided,IMELL,1118,69,27.326,4856,2070,2064,756090,0,0,2048,20.000,6.161,auto,30
lltp,ILL/petri-nets/MCC,,,DrinkVendingMachine_distributeur-01-unfolded-02_5_1.p,intuitionistic,auto,1,false,,5,0,3,provable,proved,,ok,two-sided,IMELL,1118,69,26.291,4856,2070,2064,756090,0,0,2048,20.000,5.246,auto,30
lltp,ILL/petri-nets/MCC,,,DrinkVendingMachine_distributeur-01-unfolded-10_100_1.p,intuitionistic,auto,1,false,,5,0,3,provable,unknown,timeout,,two-sided,IMELL,2173278,32101,6075.166,97,0,94,471293,0,0,2048,6060.000,42.428,auto,30
lltp,ILL/petri-nets/MCC,,,DrinkVendingMachine_distributeur-01-unfolded-10_1_1.p,intuitionistic,auto,1,false,,5,0,,,unknown,crash (signal: 6 (SIGABRT) (core dumped)): note: run with `RUST_BACKTRACE=1` environment variable to display a backtrace,,,,,,6238.654,,,,,,,,,,auto,30
lltp,ILL/petri-nets/MCC,,,DrinkVendingMachine_distributeur-01-unfolded-10_20_1.p,intuitionistic,auto,1,false,,5,0,3,provable,unknown,timeout,,two-sided,IMELL,2173278,32101,5792.465,65,0,62,279775,0,0,2048,5770.000,38.670,auto,30
lltp,ILL/petri-nets/MCC,,,DrinkVendingMachine_distributeur-01-unfolded-10_50_1.p,intuitionistic,auto,1,false,,5,0,3,provable,unknown,timeout,,two-sided,IMELL,2173278,32101,5220.922,65,0,62,292718,0,0,2048,5200.000,31.170,auto,30
lltp,ILL/petri-nets/MCC,,,DrinkVendingMachine_distributeur-01-unfolded-10_5_1.p,intuitionistic,auto,1,false,,5,0,3,provable,unknown,timeout,,two-sided,IMELL,2173278,32101,6112.023,65,0,62,274580,0,0,2048,6080.000,24.351,auto,30
lltp,ILL/petri-nets/MCC,,,ERK_erk-000001_100_1.p,intuitionistic,auto,1,false,,5,0,3,provable,proved,,ok,two-sided,IMELL,86,3,0.064,1,0,1,4,0,0,2048,0.000,0.012,auto,30
lltp,ILL/petri-nets/MCC,,,ERK_erk-000001_10_1.p,intuitionistic,auto,1,false,,5,0,3,provable,proved,,ok,two-sided,IMELL,86,3,0.060,1,0,1,4,0,0,2048,0.000,0.012,auto,30
lltp,ILL/petri-nets/MCC,,,ERK_erk-000001_1_1.p,intuitionistic,auto,1,false,,5,0,3,provable,proved,,ok,two-sided,IMELL,84,3,0.064,3,0,2,7,0,0,2048,0.000,0.012,auto,30
lltp,ILL/petri-nets/MCC,,,ERK_erk-000001_20_1.p,intuitionistic,auto,1,false,,5,0,3,provable,proved,,ok,two-sided,IMELL,86,3,0.055,1,0,1,4,0,0,2048,0.000,0.011,auto,30
lltp,ILL/petri-nets/MCC,,,ERK_erk-000001_50_1.p,intuitionistic,auto,1,false,,5,0,3,provable,proved,,ok,two-sided,IMELL,86,3,0.061,1,0,1,4,0,0,2048,0.000,0.012,auto,30
lltp,ILL/petri-nets/MCC,,,ERK_erk-000001_5_1.p,intuitionistic,auto,1,false,,5,0,3,provable,proved,,ok,two-sided,IMELL,84,3,0.064,3,0,2,7,0,0,2048,0.000,0.012,auto,30
lltp,ILL/petri-nets/MCC,,,ERK_erk-000010_100_1.p,intuitionistic,auto,1,false,,5,0,3,provable,proved,,ok,two-sided,IMELL,246,12,14.337,3844,2262,648,512728,0,0,2048,10.000,3.294,auto,30
lltp,ILL/petri-nets/MCC,,,ERK_erk-000010_10_1.p,intuitionistic,auto,1,false,,5,0,3,provable,proved,,ok,two-sided,IMELL,246,12,14.298,3844,2262,648,512728,0,0,2048,10.000,0.023,auto,30
lltp,ILL/petri-nets/MCC,,,ERK_erk-000010_1_1.p,intuitionistic,auto,1,false,,5,0,3,provable,proved,,ok,two-sided,IMELL,264,12,0.086,3,0,2,52,0,0,2048,0.000,0.013,auto,30
lltp,ILL/petri-nets/MCC,,,ERK_erk-000010_20_1.p,intuitionistic,auto,1,false,,5,0,3,provable,proved,,ok,two-sided,IMELL,246,12,14.227,3844,2262,648,512728,0,0,2048,10.000,1.412,auto,30
lltp,ILL/petri-nets/MCC,,,ERK_erk-000010_50_1.p,intuitionistic,auto,1,false,,5,0,3,provable,proved,,ok,two-sided,IMELL,246,12,14.463,3844,2262,648,512728,0,0,2048,10.000,1.388,auto,30
lltp,ILL/petri-nets/MCC,,,ERK_erk-000010_5_1.p,intuitionistic,auto,1,false,,5,0,3,provable,proved,,ok,two-sided,IMELL,256,12,0.228,115,37,41,608,0,0,2048,0.000,0.010,auto,30
lltp,ILL/petri-nets/MCC,,,ERK_erk-000100_100_1.p,intuitionistic,auto,1,false,,5,0,3,provable,unknown,timeout,,two-sided,IMELL,1866,102,5005.920,431510,313671,38934,63585074,0,0,2048,4980.000,993.993,auto,30
lltp,ILL/petri-nets/MCC,,,ERK_erk-000100_10_1.p,intuitionistic,auto,1,false,,5,0,3,provable,proved,,ok,two-sided,IMELL,2046,102,105.173,3844,2262,648,1412578,0,0,2048,100.000,8.088,auto,30
lltp,ILL/petri-nets/MCC,,,ERK_erk-000100_1_1.p,intuitionistic,auto,1,false,,5,0,3,provable,proved,,ok,two-sided,IMELL,2064,102,0.198,3,0,2,502,0,0,2048,0.000,0.012,auto,30
lltp,ILL/petri-nets/MCC,,,ERK_erk-000100_20_1.p,intuitionistic,auto,1,false,,5,0,3,provable,unknown,timeout,,two-sided,IMELL,2026,102,5004.167,283100,205203,24638,58563800,0,0,2048,4990.000,572.767,auto,30
lltp,ILL/petri-nets/MCC,,,ERK_erk-000100_50_1.p,intuitionistic,auto,1,false,,5,0,3,provable,unknown,timeout,,two-sided,IMELL,1966,102,5004.830,378635,276143,32132,56070995,0,0,2048,4980.000,583.622,auto,30
lltp,ILL/petri-nets/MCC,,,ERK_erk-000100_5_1.p,intuitionistic,auto,1,false,,5,0,3,provable,proved,,ok,two-sided,IMELL,2056,102,0.950,115,37,41,1058,0,0,2048,0.000,0.020,auto,30
lltp,ILL/petri-nets/MCC,,,ERK_erk-001000_100_1.p,intuitionistic,auto,1,false,,5,0,3,provable,unknown,timeout,,two-sided,IMELL,19866,1002,5002.815,68199,46576,7890,11147552,0,0,2048,4990.000,1105.613,auto,30
lltp,ILL/petri-nets/MCC,,,ERK_erk-001000_10_1.p,intuitionistic,auto,1,false,,5,0,3,provable,proved,,ok,two-sided,IMELL,20046,1002,1067.408,3844,2262,648,1975954,0,0,2048,1060.000,69.585,auto,30
lltp,ILL/petri-nets/MCC,,,ERK_erk-001000_1_1.p,intuitionistic,auto,1,false,,5,0,3,provable,proved,,ok,two-sided,IMELL,20064,1002,2.079,3,0,2,5002,0,0,2048,0.000,0.047,auto,30
lltp,ILL/petri-nets/MCC,,,ERK_erk-001000_20_1.p,intuitionistic,auto,1,false,,5,0,3,provable,unknown,timeout,,two-sided,IMELL,20026,1002,5003.918,24509,16070,3152,9030042,0,0,2048,4990.000,502.449,auto,30
lltp,ILL/petri-nets/MCC,,,ERK_erk-001000_50_1.p,intuitionistic,auto,1,false,,5,0,3,provable,unknown,timeout,,two-sided,IMELL,19966,1002,5002.890,54824,37355,6122,9113948,0,0,2048,4990.000,1045.378,auto,30
lltp,ILL/petri-nets/MCC,,,ERK_erk-001000_5_1.p,intuitionistic,auto,1,false,,5,0,3,provable,proved,,ok,two-sided,IMELL,20056,1002,50.958,116,37,41,159936,0,0,2048,50.000,6.082,auto,30
lltp,ILL/petri-nets/MCC,,,Echo_echo-d2r11_100_1.p,intuitionistic,auto,1,false,,5,0,3,provable,unknown,timeout,,two-sided,IMELL,10694,5,5011.494,90304,54173,29191,22436956,0,0,2048,5000.000,1179.520,auto,30
lltp,ILL/petri-nets/MCC,,,Echo_echo-d2r11_1_1.p,intuitionistic,auto,1,false,,5,0,3,provable,proved,,ok,two-sided,IMELL,10482,5,1.001,3,0,2,535,0,0,2048,0.000,0.013,auto,30
lltp,ILL/petri-nets/MCC,,,Echo_echo-d2r11_20_1.p,intuitionistic,auto,1,false,,5,0,3,provable,unknown,timeout,,two-sided,IMELL,10558,5,5009.426,93508,56200,30135,23504780,0,0,2048,4990.000,1131.104,auto,30
lltp,ILL/petri-nets/MCC,,,Echo_echo-d2r11_50_1.p,intuitionistic,auto,1,false,,5,0,3,provable,unknown,timeout,,two-sided,IMELL,10660,5,5008.363,89260,53565,28829,22082921,0,0,2048,4990.000,1164.752,auto,30
lltp,ILL/petri-nets/MCC,,,Echo_echo-d2r11_5_1.p,intuitionistic,auto,1,false,,5,0,3,provable,proved,,ok,two-sided,IMELL,10498,5,24.527,904,748,116,77701,0,0,2048,20.000,4.716,auto,30
lltp,ILL/petri-nets/MCC,,,Echo_echo-d2r15_100_1.p,intuitionistic,auto,1,false,,5,0,3,provable,unknown,timeout,,two-sided,IMELL,20556,5,5006.523,33710,19262,11603,13848887,0,0,2048,5000.000,716.208,auto,30
lltp,ILL/petri-nets/MCC,,,Echo_echo-d2r15_1_1.p,intuitionistic,auto,1,false,,5,0,3,provable,proved,,ok,two-sided,IMELL,20306,5,2.544,3,0,2,910,0,0,2048,0.000,0.032,auto,30
lltp,ILL/petri-nets/MCC,,,Echo_echo-d2r15_20_1.p,intuitionistic,auto,1,false,,5,0,3,provable,unknown,timeout,,two-sided,IMELL,20378,5,5008.652,82434,68344,11313,9978725,0,0,2048,4990.000,751.242,auto,30
lltp,ILL/petri-nets/MCC,,,Echo_echo-d2r15_50_1.p,intuitionistic,auto,1,false,,5,0,3,provable,unknown,timeout,,two-sided,IMELL,20490,5,5007.319,32499,18552,11201,11700397,0,0,2048,5000.000,725.792,auto,30
lltp,ILL/petri-nets/MCC,,,Echo_echo-d2r15_5_1.p,intuitionistic,auto,1,false,,5,0,3,provable,proved,,ok,two-sided,IMELL,20322,5,70.936,716,560,116,119059,0,0,2048,70.000,13.493,auto,30
lltp,ILL/petri-nets/MCC,,,Echo_echo-d2r19_100_1.p,intuitionistic,auto,1,false,,5,0,3,provable,unknown,timeout,,two-sided,IMELL,33708,5,5006.176,13555,7250,5104,9689760,0,0,2048,4990.000,538.777,auto,30
lltp,ILL/petri-nets/MCC,,,Echo_echo-d2r19_1_1.p,intuitionistic,auto,1,false,,5,0,3,provable,proved,,ok,two-sided,IMELL,33330,5,14.292,10,4,3,3776,0,0,2048,10.000,3.554,auto,30
lltp,ILL/petri-nets/MCC,,,Echo_echo-d2r19_20_1.p,intuitionistic,auto,1,false,,5,0,3,provable,unknown,timeout,,two-sided,IMELL,33404,5,5024.000,13614,7277,5131,9729382,0,0,2048,5010.000,546.885,auto,30
lltp,ILL/petri-nets/MCC,,,Echo_echo-d2r19_50_1.p,intuitionistic,auto,1,false,,5,0,3,provable,unknown,timeout,,two-sided,IMELL,33518,5,5024.275,12490,6650,4723,8399432,0,0,2048,5010.000,648.164,auto,30
lltp,ILL/petri-nets/MCC,,,Echo_echo-d2r19_5_1.p,intuitionistic,auto,1,false,,5,0,3,provable,proved,,ok,two-sided,IMELL,33346,5,153.146,220,68,113,297402,0,0,2048,150.000,16.642,auto,30
lltp,ILL/petri-nets/MCC,,,Echo_echo-d2r9_100_1.p,intuitionistic,auto,1,false,,5,0,3,provable,unknown,timeout,,two-sided,IMELL,6910,5,5013.338,222115,139207,66375,90121449,0,0,2048,4990.000,824.972,auto,30
lltp,ILL/petri-nets/MCC,,,Echo_echo-d2r9_10_1.p,intuitionistic,auto,1,false,,5,0,3,provable,unknown,timeout,,two-sided,IMELL,6806,5,5009.270,166330,102903,50953,34743496,0,0,2048,4990.000,1196.166,auto,30
lltp,ILL/petri-nets/MCC,,,Echo_echo-d2r9_1_1.p,intuitionistic,auto,1,false,,5,0,3,provable,proved,,ok,two-sided,IMELL,6770,5,0.654,3,0,2,408,0,0,2048,0.000,0.016,auto,30
lltp,ILL/petri-nets/MCC,,,Echo_echo-d2r9_20_1.p,intuitionistic,auto,1,false,,5,0,3,provable,unknown,timeout,,two-sided,IMELL,6840,5,5009.454,169181,104856,51685,35258567,0,0,2048,4990.000,1167.001,auto,30
lltp,ILL/petri-nets/MCC,,,Echo_echo-d2r9_50_1.p,intuitionistic,auto,1,false,,5,0,3,provable,unknown,timeout,,two-sided,IMELL,6874,5,5011.901,222174,139244,66394,90150446,0,0,2048,4990.000,831.400,auto,30
lltp,ILL/petri-nets/MCC,,,Echo_echo-d2r9_5_1.p,intuitionistic,auto,1,false,,5,0,3,provable,proved,,ok,two-sided,IMELL,6786,5,13.194,220,68,113,76694,0,0,2048,10.000,1.255,auto,30
lltp,ILL/petri-nets/MCC,,,Echo_echo-d3r3_100_1.p,intuitionistic,auto,1,false,,5,0,3,provable,unknown,timeout,,two-sided,IMELL,2610,5,5060.303,11007271,10654782,292548,33704863,0,0,2048,5040.000,1075.441,auto,30
lltp,ILL/petri-nets/MCC,,,Echo_echo-d3r3_1_1.p,intuitionistic,auto,1,false,,5,0,3,provable,proved,,ok,two-sided,IMELL,2622,6,0.249,3,0,2,75,0,0,2048,0.000,0.014,auto,30
lltp,ILL/petri-nets/MCC,,,Echo_echo-d3r3_20_1.p,intuitionistic,auto,1,false,,5,0,3,provable,unknown,timeout,,two-sided,IMELL,2672,5,5062.041,10993772,10641706,292199,33801963,0,0,2048,5040.000,1099.104,auto,30
lltp,ILL/petri-nets/MCC,,,Echo_echo-d3r3_50_1.p,intuitionistic,auto,1,false,,5,0,3,provable,unknown,timeout,,two-sided,IMELL,2640,6,5061.953,11007207,10654732,292537,33704131,0,0,2048,5040.000,1078.116,auto,30
lltp,ILL/petri-nets/MCC,,,Echo_echo-d3r3_5_1.p,intuitionistic,auto,1,false,,5,0,3,provable,proved,,ok,two-sided,IMELL,2640,6,4.010,7178,6555,558,26720,0,0,2048,0.000,0.213,auto,30
lltp,ILL/petri-nets/MCC,,,Echo_echo-d3r5_100_1.p,intuitionistic,auto,1,false,,5,0,3,provable,unknown,timeout,,two-sided,IMELL,17424,7,5015.941,102746,57276,40427,39411980,0,0,2048,5000.000,718.771,auto,30
lltp,ILL/petri-nets/MCC,,,Echo_echo-d3r5_1_1.p,intuitionistic,auto,1,false,,5,0,3,provable,proved,,ok,two-sided,IMELL,17030,7,1.610,3,0,2,640,0,0,2048,0.000,0.034,auto,30
lltp,ILL/petri-nets/MCC,,,Echo_echo-d3r5_20_1.p,intuitionistic,auto,1,false,,5,0,3,provable,unknown,timeout,,two-sided,IMELL,17164,7,5012.896,72190,40049,28471,23000361,0,0,2048,5000.000,1089.007,auto,30
lltp,ILL/petri-nets/MCC,,,Echo_echo-d3r5_50_1.p,intuitionistic,auto,1,false,,5,0,3,provable,unknown,timeout,,two-sided,IMELL,17350,7,5012.264,82970,46341,32423,28901268,0,0,2048,5000.000,959.442,auto,30
lltp,ILL/petri-nets/MCC,,,Echo_echo-d3r5_5_1.p,intuitionistic,auto,1,false,,5,0,3,provable,proved,,ok,two-sided,IMELL,17062,7,77.108,778,280,428,383414,0,0,2048,80.000,14.638,auto,30
lltp,ILL/petri-nets/MCC,,,Echo_echo-d3r7_100_1.p,intuitionistic,auto,1,false,,5,0,3,provable,unknown,timeout,,two-sided,IMELL,53124,7,5015.010,9485,4382,4540,5607881,0,0,2048,5000.000,645.284,auto,30
lltp,ILL/petri-nets/MCC,,,Echo_echo-d3r7_1_1.p,intuitionistic,auto,1,false,,5,0,3,provable,proved,,ok,two-sided,IMELL,52462,7,17.726,8,2,3,3456,0,0,2048,20.000,3.812,auto,30
lltp,ILL/petri-nets/MCC,,,Echo_echo-d3r7_20_1.p,intuitionistic,auto,1,false,,5,0,3,provable,unknown,timeout,,two-sided,IMELL,52604,7,5029.088,9543,4401,4576,5642476,0,0,2048,5020.000,672.734,auto,30
lltp,ILL/petri-nets/MCC,,,Echo_echo-d3r7_50_1.p,intuitionistic,auto,1,false,,5,0,3,provable,unknown,timeout,,two-sided,IMELL,52814,7,5005.675,9543,4401,4576,5643831,0,0,2048,4990.000,671.155,auto,30
lltp,ILL/petri-nets/MCC,,,Echo_echo-d3r7_5_1.p,intuitionistic,auto,1,false,,5,0,3,provable,proved,,ok,two-sided,IMELL,52494,7,450.505,1389,882,436,355313,0,0,2048,450.000,46.224,auto,30
lltp,ILL/petri-nets/MCC,,,Echo_echo-d4r3_100_1.p,intuitionistic,auto,1,false,,5,0,3,provable,unknown,timeout,,two-sided,IMELL,13350,8,5025.134,186783,109032,69937,63812401,0,0,2048,5010.000,890.187,auto,30
lltp,ILL/petri-nets/MCC,,,Echo_echo-d4r3_1_1.p,intuitionistic,auto,1,false,,5,0,3,provable,proved,,ok,two-sided,IMELL,13018,8,1.144,3,0,2,248,0,0,2048,0.000,0.034,auto,30
lltp,ILL/petri-nets/MCC,,,Echo_echo-d4r3_20_1.p,intuitionistic,auto,1,false,,5,0,3,provable,unknown,timeout,,two-sided,IMELL,13156,8,5013.134,122078,69298,47644,23117372,0,0,2048,4990.000,1047.882,auto,30
lltp,ILL/petri-nets/MCC,,,Echo_echo-d4r3_50_1.p,intuitionistic,auto,1,false,,5,0,3,provable,unknown,timeout,,two-sided,IMELL,13260,8,5015.938,127728,72869,49495,25025066,0,0,2048,5000.000,1063.862,auto,30
lltp,ILL/petri-nets/MCC,,,Echo_echo-d4r3_5_1.p,intuitionistic,auto,1,false,,5,0,3,provable,proved,,ok,two-sided,IMELL,13048,8,91.958,1568,624,839,406923,0,0,2048,90.000,18.028,auto,30
lltp,ILL/petri-nets/MCC,,,Echo_echo-d5r3_100_1.p,intuitionistic,auto,1,false,,5,0,3,provable,unknown,timeout,,two-sided,IMELL,58806,10,5012.531,27433,13109,13333,15547500,0,0,2048,5000.000,398.782,auto,30
lltp,ILL/petri-nets/MCC,,,Echo_echo-d5r3_1_1.p,intuitionistic,auto,1,false,,5,0,3,provable,proved,,ok,two-sided,IMELL,57798,10,7.165,3,0,2,1713,0,0,2048,0.000,0.045,auto,30
lltp,ILL/petri-nets/MCC,,,Echo_echo-d5r3_20_1.p,intuitionistic,auto,1,false,,5,0,3,provable,unknown,timeout,,two-sided,IMELL,58030,10,5017.286,27433,13109,13333,15547500,0,0,2048,5000.000,402.865,auto,30
lltp,ILL/petri-nets/MCC,,,Echo_echo-d5r3_50_1.p,intuitionistic,auto,1,false,,5,0,3,provable,unknown,timeout,,two-sided,IMELL,58336,10,5012.740,26898,12861,13065,15233709,0,0,2048,5000.000,420.610,auto,30
lltp,ILL/petri-nets/MCC,,,Echo_echo-d5r3_5_1.p,intuitionistic,auto,1,false,,5,0,3,provable,proved,,ok,two-sided,IMELL,57846,10,785.382,3307,1330,1819,2242261,0,0,2048,780.000,61.553,auto,30
lltp,ILL/petri-nets/MCC,,,EnergyBus_100_1.p,intuitionistic,auto,1,false,,5,0,3,provable,unknown,timeout,,two-sided,IMELL,126820,4188,5093.043,40656,3,40647,38714036,0,0,2048,5080.000,450.147,auto,30
lltp,ILL/petri-nets/MCC,,,EnergyBus_1_1.p,intuitionistic,auto,1,false,,5,0,3,provable,proved,,ok,two-sided,IMELL,126820,4188,6.863,3,0,2,23,0,0,2048,0.000,0.028,auto,30
lltp,ILL/petri-nets/MCC,,,EnergyBus_20_1.p,intuitionistic,auto,1,false,,5,0,3,provable,unknown,timeout,,two-sided,IMELL,126820,4188,5098.411,40768,3,40759,38812961,0,0,2048,5080.000,472.673,auto,30
lltp,ILL/petri-nets/MCC,,,EnergyBus_5_1.p,intuitionistic,auto,1,false,,5,0,3,provable,unknown,timeout,,two-sided,IMELL,126822,4188,5053.846,23218,3,23209,19841429,0,0,2048,5040.000,540.915,auto,30
lltp,ILL/petri-nets/MCC,,,Eratosthenes_eratosthenes-010_1_1.p,intuitionistic,auto,1,false,,5,0,3,provable,proved,,ok,two-sided,IMELL,80,5,0.067,3,0,2,23,0,0,2048,0.000,0.011,auto,30
lltp,ILL/petri-nets/MCC,,,Eratosthenes_eratosthenes-010_5_1.p,intuitionistic,auto,1,false,,5,0,3,provable,proved,,ok,two-sided,IMELL,72,5,0.303,607,315,141,2664,0,0,2048,0.000,0.012,auto,30
lltp,ILL/petri-nets/MCC,,,Eratosthenes_eratosthenes-020_10_1.p,intuitionistic,auto,1,false,,5,0,3,provable,unknown,timeout,,two-sided,IMELL,216,10,5069.096,11245741,10160035,698715,146071317,0,0,2048,5050.000,962.477,auto,30
lltp,ILL/petri-nets/MCC,,,Eratosthenes_eratosthenes-020_1_1.p,intuitionistic,auto,1,false,,5,0,3,provable,proved,,ok,two-sided,IMELL,234,10,0.095,3,0,2,53,0,0,2048,0.000,0.012,auto,30
lltp,ILL/petri-nets/MCC,,,Eratosthenes_eratosthenes-020_20_1.p,intuitionistic,auto,1,false,,5,0,3,provable,unknown,timeout,,two-sided,IMELL,214,10,5060.284,11385910,10331062,667681,151278369,0,0,2048,5040.000,989.606,auto,30
lltp,ILL/petri-nets/MCC,,,Eratosthenes_eratosthenes-020_5_1.p,intuitionistic,auto,1,false,,5,0,3,provable,proved,,ok,two-sided,IMELL,226,10,172.500,65874,46065,16162,7898478,0,0,2048,160.000,17.026,auto,30
lltp,ILL/petri-nets/MCC,,,Eratosthenes_eratosthenes-050_1_1.p,intuitionistic,auto,1,false,,5,0,3,provable,proved,,ok,two-sided,IMELL,840,25,0.138,3,0,2,143,0,0,2048,0.000,0.016,auto,30
lltp,ILL/petri-nets/MCC,,,Eratosthenes_eratosthenes-050_20_1.p,intuitionistic,auto,1,false,,5,0,3,provable,unknown,timeout,,two-sided,IMELL,802,25,5017.381,497608,289284,203251,150572498,0,0,2048,4990.000,338.587,auto,30
lltp,ILL/petri-nets/MCC,,,Eratosthenes_eratosthenes-050_50_1.p,intuitionistic,auto,1,false,,5,0,3,provable,unknown,timeout,,two-sided,IMELL,774,25,5109.025,4848455,1590910,1927315,32136590,0,0,2048,5090.000,937.208,auto,30
lltp,ILL/petri-nets/MCC,,,Eratosthenes_eratosthenes-050_5_1.p,intuitionistic,auto,1,false,,5,0,3,provable,unknown,timeout,,two-sided,IMELL,832,25,5017.893,511596,299692,206686,129985794,0,0,2048,5000.000,339.863,auto,30
lltp,ILL/petri-nets/MCC,,,Eratosthenes_eratosthenes-100_100_1.p,intuitionistic,auto,1,false,,5,0,3,provable,unknown,timeout,,two-sided,IMELL,1944,50,5047.056,450064,209850,238555,220101493,0,0,2048,5030.000,562.571,auto,30
lltp,ILL/petri-nets/MCC,,,Eratosthenes_eratosthenes-100_1_1.p,intuitionistic,auto,1,false,,5,0,3,provable,proved,,ok,two-sided,IMELL,2090,50,0.243,3,0,2,293,0,0,2048,0.000,0.021,auto,30
lltp,ILL/petri-nets/MCC,,,Eratosthenes_eratosthenes-100_20_1.p,intuitionistic,auto,1,false,,5,0,3,provable,unknown,timeout,,two-sided,IMELL,2052,50,5019.354,190886,80394,109793,128077417,0,0,2048,5000.000,297.079,auto,30
lltp,ILL/petri-nets/MCC,,,Eratosthenes_eratosthenes-100_50_1.p,intuitionistic,auto,1,false,,5,0,3,provable,unknown,timeout,,two-sided,IMELL,1992,50,5018.745,177248,75696,100903,132541500,0,0,2048,5010.000,286.012,auto,30
lltp,ILL/petri-nets/MCC,,,Eratosthenes_eratosthenes-100_5_1.p,intuitionistic,auto,1,false,,5,0,3,provable,unknown,timeout,,two-sided,IMELL,2082,50,5023.036,190886,80394,109793,128086140,0,0,2048,5010.000,277.722,auto,30
lltp,ILL/petri-nets/MCC,,,Eratosthenes_eratosthenes-200_100_1.p,intuitionistic,auto,1,false,,5,0,3,provable,unknown,timeout,,two-sided,IMELL,4788,100,5043.722,307036,90233,216356,218612511,0,0,2048,5020.000,437.715,auto,30
lltp,ILL/petri-nets/MCC,,,Eratosthenes_eratosthenes-200_1_1.p,intuitionistic,auto,1,false,,5,0,3,provable,proved,,ok,two-sided,IMELL,4986,100,0.529,3,0,2,593,0,0,2048,0.000,0.019,auto,30
lltp,ILL/petri-nets/MCC,,,Eratosthenes_eratosthenes-200_20_1.p,intuitionistic,auto,1,false,,5,0,3,provable,unknown,timeout,,two-sided,IMELL,4948,100,5042.253,285787,77660,207710,217227746,0,0,2048,5020.000,471.523,auto,30
lltp,ILL/petri-nets/MCC,,,Eratosthenes_eratosthenes-200_50_1.p,intuitionistic,auto,1,false,,5,0,3,provable,unknown,timeout,,two-sided,IMELL,4888,100,5037.998,256272,62570,193328,197046041,0,0,2048,5020.000,541.548,auto,30
lltp,ILL/petri-nets/MCC,,,Eratosthenes_eratosthenes-200_5_1.p,intuitionistic,auto,1,false,,5,0,3,provable,unknown,timeout,,two-sided,IMELL,4978,100,5041.858,273094,70864,201832,210635973,0,0,2048,5030.000,499.207,auto,30
lltp,ILL/petri-nets/MCC,,,Eratosthenes_eratosthenes-500_100_1.p,intuitionistic,auto,1,false,,5,0,3,provable,unknown,timeout,,two-sided,IMELL,14940,250,5037.079,96922,914,95960,145461020,0,0,2048,5030.000,500.217,auto,30
lltp,ILL/petri-nets/MCC,,,Eratosthenes_eratosthenes-500_1_1.p,intuitionistic,auto,1,false,,5,0,3,provable,proved,,ok,two-sided,IMELL,15138,250,2.812,4,0,2,29750,0,0,2048,0.000,0.022,auto,30
lltp,ILL/petri-nets/MCC,,,Eratosthenes_eratosthenes-500_20_1.p,intuitionistic,auto,1,false,,5,0,3,provable,unknown,timeout,,two-sided,IMELL,15100,250,5037.943,96338,914,95376,141676702,0,0,2048,5020.000,507.737,auto,30
lltp,ILL/petri-nets/MCC,,,Eratosthenes_eratosthenes-500_50_1.p,intuitionistic,auto,1,false,,5,0,3,provable,unknown,timeout,,two-sided,IMELL,15040,250,5039.027,97023,914,96061,142620601,0,0,2048,5030.000,581.673,auto,30
lltp,ILL/petri-nets/MCC,,,Eratosthenes_eratosthenes-500_5_1.p,intuitionistic,auto,1,false,,5,0,3,provable,unknown,timeout,,two-sided,IMELL,15130,250,5036.488,95225,871,94307,140012474,0,0,2048,5020.000,508.620,auto,30
lltp,ILL/petri-nets/MCC,,,FMS-100_100_1.p,intuitionistic,auto,1,false,,5,0,3,provable,unknown,timeout,,two-sided,IMELL,1316,102,5008.265,428008,313877,47208,70723058,0,0,2048,4990.000,618.845,auto,30
lltp,ILL/petri-nets/MCC,,,FMS-100_10_1.p,intuitionistic,auto,1,false,,5,0,3,provable,proved,,ok,two-sided,IMELL,1322,102,251.439,17875,11545,3085,5627890,0,0,2048,250.000,27.061,auto,30
lltp,ILL/petri-nets/MCC,,,FMS-100_1_1.p,intuitionistic,auto,1,false,,5,0,3,provable,proved,,ok,two-sided,IMELL,1322,102,0.195,3,0,2,708,0,0,2048,0.000,0.018,auto,30
lltp,ILL/petri-nets/MCC,,,FMS-100_20_1.p,intuitionistic,auto,1,false,,5,0,3,provable,unknown,timeout,,two-sided,IMELL,1322,102,5006.518,426990,313109,47151,90511512,0,0,2048,4980.000,577.987,auto,30
lltp,ILL/petri-nets/MCC,,,FMS-100_50_1.p,intuitionistic,auto,1,false,,5,0,3,provable,unknown,timeout,,two-sided,IMELL,1316,102,5007.766,440266,322544,48841,79827424,0,0,2048,4980.000,401.679,auto,30
lltp,ILL/petri-nets/MCC,,,FMS-100_5_1.p,intuitionistic,auto,1,false,,5,0,3,provable,proved,,ok,two-sided,IMELL,1322,102,4.569,242,96,87,115708,0,0,2048,0.000,0.005,auto,30
lltp,ILL/petri-nets/MCC,,,FMS-10_10_1.p,intuitionistic,auto,1,false,,5,0,3,provable,proved,,ok,two-sided,IMELL,242,12,71.614,17876,11545,3086,2573514,0,0,2048,70.000,9.287,auto,30
lltp,ILL/petri-nets/MCC,,,FMS-10_1_1.p,intuitionistic,auto,1,false,,5,0,3,provable,proved,,ok,two-sided,IMELL,242,12,0.089,3,0,2,78,0,0,2048,0.000,0.012,auto,30
lltp,ILL/petri-nets/MCC,,,FMS-10_20_1.p,intuitionistic,auto,1,false,,5,0,3,provable,unknown,timeout,,two-sided,IMELL,242,12,5016.681,1666837,1264006,158101,188093268,0,0,2048,5000.000,617.412,auto,30
lltp,ILL/petri-nets/MCC,,,FMS-10_50_1.p,intuitionistic,auto,1,false,,5,0,3,provable,unknown,timeout,,two-sided,IMELL,242,12,5010.861,1587616,1203277,150972,190026243,0,0,2048,4990.000,572.080,auto,30
lltp,ILL/petri-nets/MCC,,,FMS-10_5_1.p,intuitionistic,auto,1,false,,5,0,3,provable,proved,,ok,two-sided,IMELL,242,12,0.371,241,96,87,3391,0,0,2048,0.000,0.012,auto,30
lltp,ILL/petri-nets/MCC,,,FMS-200_100_1.p,intuitionistic,auto,1,false,,5,0,3,provable,unknown,timeout,,two-sided,IMELL,2516,202,5006.093,270124,194490,32705,60784063,0,0,2048,4990.000,672.081,auto,30
lltp,ILL/petri-nets/MCC,,,FMS-200_10_1.p,intuitionistic,auto,1,false,,5,0,3,provable,proved,,ok,two-sided,IMELL,2522,202,465.535,17875,11545,3085,7360326,0,0,2048,460.000,47.759,auto,30
lltp,ILL/petri-nets/MCC,,,FMS-200_1_1.p,intuitionistic,auto,1,false,,5,0,3,provable,proved,,ok,two-sided,IMELL,2522,202,0.293,3,0,2,1408,0,0,2048,0.000,0.015,auto,30
lltp,ILL/petri-nets/MCC,,,FMS-200_20_1.p,intuitionistic,auto,1,false,,5,0,3,provable,unknown,timeout,,two-sided,IMELL,2522,202,5005.297,248739,178872,29930,70653213,0,0,2048,4990.000,687.651,auto,30
lltp,ILL/petri-nets/MCC,,,FMS-200_50_1.p,intuitionistic,auto,1,false,,5,0,3,provable,unknown,timeout,,two-sided,IMELL,2516,202,5005.831,274560,197958,33126,65085694,0,0,2048,4980.000,715.496,auto,30
lltp,ILL/petri-nets/MCC,,,FMS-200_5_1.p,intuitionistic,auto,1,false,,5,0,3,provable,proved,,ok,two-sided,IMELL,2522,202,9.914,242,96,87,173028,0,0,2048,0.000,1.201,auto,30
lltp,ILL/petri-nets/MCC,,,FMS-20_100_1.p,intuitionistic,auto,1,false,,5,0,3,provable,unknown,timeout,,two-sided,IMELL,362,22,5007.792,934208,698197,95637,138957683,0,0,2048,4990.000,318.487,auto,30
lltp,ILL/petri-nets/MCC,,,FMS-20_10_1.p,intuitionistic,auto,1,false,,5,0,3,provable,proved,,ok,two-sided,IMELL,362,22,105.090,17875,11545,3085,3533379,0,0,2048,100.000,15.100,auto,30
lltp,ILL/petri-nets/MCC,,,FMS-20_1_1.p,intuitionistic,auto,1,false,,5,0,3,provable,proved,,ok,two-sided,IMELL,362,22,0.102,3,0,2,148,0,0,2048,0.000,0.013,auto,30
lltp,ILL/petri-nets/MCC,,,FMS-20_20_1.p,intuitionistic,auto,1,false,,5,0,3,provable,unknown,timeout,,two-sided,IMELL,362,22,5008.904,926777,691125,95888,138449468,0,0,2048,4990.000,394.834,auto,30
lltp,ILL/petri-nets/MCC,,,FMS-20_50_1.p,intuitionistic,auto,1,false,,5,0,3,provable,unknown,timeout,,two-sided,IMELL,358,22,5010.630,867104,646392,89810,129383284,0,0,2048,4990.000,414.103,auto,30
lltp,ILL/petri-nets/MCC,,,FMS-20_5_1.p,intuitionistic,auto,1,false,,5,0,3,provable,proved,,ok,two-sided,IMELL,362,22,0.518,241,96,87,5641,0,0,2048,0.000,0.013,auto,30
lltp,ILL/petri-nets/MCC,,,FMS-2_100_1.p,intuitionistic,auto,1,false,,5,0,3,provable,proved,,ok,two-sided,IMELL,146,4,94.086,41910,29525,3681,4278480,0,0,2048,90.000,17.090,auto,30
lltp,ILL/petri-nets/MCC,,,FMS-2_10_1.p,intuitionistic,auto,1,false,,5,0,3,provable,proved,,ok,two-sided,IMELL,144,4,21.730,8974,5804,1221,965993,0,0,2048,20.000,5.275,auto,30
lltp,ILL/petri-nets/MCC,,,FMS-2_1_1.p,intuitionistic,auto,1,false,,5,0,3,provable,proved,,ok,two-sided,IMELL,146,4,0.079,3,0,2,22,0,0,2048,0.000,0.013,auto,30
lltp,ILL/petri-nets/MCC,,,FMS-2_20_1.p,intuitionistic,auto,1,false,,5,0,3,provable,proved,,ok,two-sided,IMELL,146,4,38.287,17360,11619,2053,1780118,0,0,2048,30.000,7.114,auto,30
lltp,ILL/petri-nets/MCC,,,FMS-2_50_1.p,intuitionistic,auto,1,false,,5,0,3,provable,proved,,ok,two-sided,IMELL,146,4,38.113,17360,11619,2053,1780118,0,0,2048,30.000,7.163,auto,30
lltp,ILL/petri-nets/MCC,,,FMS-2_5_1.p,intuitionistic,auto,1,false,,5,0,3,provable,proved,,ok,two-sided,IMELL,146,4,0.278,214,87,72,1262,0,0,2048,0.000,0.014,auto,30
lltp,ILL/petri-nets/MCC,,,FMS-500_100_1.p,intuitionistic,auto,1,false,,5,0,3,provable,unknown,timeout,,two-sided,IMELL,6116,502,5005.807,115614,81051,15599,40857299,0,0,2048,4990.000,795.949,auto,30
lltp,ILL/petri-nets/MCC,,,FMS-500_10_1.p,intuitionistic,auto,1,false,,5,0,3,provable,proved,,ok,two-sided,IMELL,6122,502,1145.685,17875,11545,3085,10584236,0,0,2048,1130.000,105.972,auto,30
lltp,ILL/petri-nets/MCC,,,FMS-500_1_1.p,intuitionistic,auto,1,false,,5,0,3,provable,proved,,ok,two-sided,IMELL,6122,502,0.765,3,0,2,3508,0,0,2048,0.000,0.016,auto,30
lltp,ILL/petri-nets/MCC,,,FMS-500_20_1.p,intuitionistic,auto,1,false,,5,0,3,provable,unknown,timeout,,two-sided,IMELL,6122,502,5003.265,97709,67766,13833,43927591,0,0,2048,4990.000,773.397,auto,30
lltp,ILL/petri-nets/MCC,,,FMS-500_50_1.p,intuitionistic,auto,1,false,,5,0,3,provable,unknown,timeout,,two-sided,IMELL,6116,502,5005.025,114800,80421,15544,41751854,0,0,2048,4990.000,797.372,auto,30
lltp,ILL/petri-nets/MCC,,,FMS-500_5_1.p,intuitionistic,auto,1,false,,5,0,3,provable,proved,,ok,two-sided,IMELL,6122,502,26.873,242,96,87,269741,0,0,2048,20.000,5.807,auto,30
lltp,ILL/petri-nets/MCC,,,FMS-50_100_1.p,intuitionistic,auto,1,false,,5,0,3,provable,unknown,timeout,,two-sided,IMELL,718,52,5011.795,670378,497448,70821,91143663,0,0,2048,4990.000,644.755,auto,30
lltp,ILL/petri-nets/MCC,,,FMS-50_10_1.p,intuitionistic,auto,1,false,,5,0,3,provable,proved,,ok,two-sided,IMELL,722,52,152.569,17875,11545,3085,4187413,0,0,2048,150.000,25.371,auto,30
lltp,ILL/petri-nets/MCC,,,FMS-50_1_1.p,intuitionistic,auto,1,false,,5,0,3,provable,proved,,ok,two-sided,IMELL,722,52,0.116,3,0,2,358,0,0,2048,0.000,0.011,auto,30
lltp,ILL/petri-nets/MCC,,,FMS-50_20_1.p,intuitionistic,auto,1,false,,5,0,3,provable,unknown,timeout,,two-sided,IMELL,722,52,5009.564,700964,521068,73367,112614864,0,0,2048,4990.000,778.666,auto,30
lltp,ILL/petri-nets/MCC,,,FMS-50_50_1.p,intuitionistic,auto,1,false,,5,0,3,provable,unknown,timeout,,two-sided,IMELL,716,52,5007.249,673494,499725,71171,92321863,0,0,2048,4990.000,659.644,auto,30
lltp,ILL/petri-nets/MCC,,,FMS-50_5_1.p,intuitionistic,auto,1,false,,5,0,3,provable,proved,,ok,two-sided,IMELL,722,52,0.977,241,96,87,12391,0,0,2048,0.000,0.013,auto,30
lltp,ILL/petri-nets/MCC,,,FMS-5_10_1.p,intuitionistic,auto,1,false,,5,0,3,provable,proved,,ok,two-sided,IMELL,182,7,47.531,17409,11296,2933,2212750,0,0,2048,40.000,7.843,auto,30
lltp,ILL/petri-nets/MCC,,,FMS-5_1_1.p,intuitionistic,auto,1,false,,5,0,3,provable,proved,,ok,two-sided,IMELL,182,7,0.078,3,0,2,43,0,0,2048,0.000,0.012,auto,30
lltp,ILL/petri-nets/MCC,,,FMS-5_20_1.p,intuitionistic,auto,1,false,,5,0,3,provable,unknown,timeout,,two-sided,IMELL,182,7,5009.794,1755136,1350655,140671,163755587,0,0,2048,4990.000,571.508,auto,30
lltp,ILL/petri-nets/MCC,,,FMS-5_5_1.p,intuitionistic,auto,1,false,,5,0,3,provable,proved,,ok,two-sided,IMELL,182,7,0.315,241,96,87,2266,0,0,2048,0.000,0.012,auto,30
lltp,ILL/petri-nets/MCC,,,FlexibleBarrier_flexbar_04_a_100_1.p,intuitionistic,auto,1,false,,5,0,3,provable,proved,,ok,two-sided,IMELL,630,27,233.286,672135,629954,31347,4892667,0,0,2048,230.000,47.449,auto,30
lltp,ILL/petri-nets/MCC,,,FlexibleBarrier_flexbar_04_a_10_1.p,intuitionistic,auto,1,false,,5,0,3,provable,proved,,ok,two-sided,IMELL,630,27,235.041,672135,629954,31347,4892667,0,0,2048,220.000,49.139,auto,30
lltp,ILL/petri-nets/MCC,,,FlexibleBarrier_flexbar_04_a_1_1.p,intuitionistic,auto,1,false,,5,0,3,provable,proved,,ok,two-sided,IMELL,630,27,0.127,3,0,2,8,0,0,2048,0.000,0.017,auto,30
lltp,ILL/petri-nets/MCC,,,FlexibleBarrier_flexbar_04_a_20_1.p,intuitionistic,auto,1,false,,5,0,3,provable,proved,,ok,two-sided,IMELL,630,27,10.664,14126,7496,6005,191787,0,0,2048,10.000,2.292,auto,30
lltp,ILL/petri-nets/MCC,,,FlexibleBarrier_flexbar_04_a_50_1.p,intuitionistic,auto,1,false,,5,0,3,provable,proved,,ok,two-sided,IMELL,630,27,10.739,14126,7496,6005,191787,0,0,2048,10.000,0.660,auto,30
lltp,ILL/petri-nets/MCC,,,FlexibleBarrier_flexbar_04_a_5_1.p,intuitionistic,auto,1,false,,5,0,3,provable,proved,,ok,two-sided,IMELL,630,27,10.803,14126,7496,6005,191787,0,0,2048,0.000,1.845,auto,30
lltp,ILL/petri-nets/MCC,,,FlexibleBarrier_flexbar_04_b_10_1.p,intuitionistic,auto,1,false,,5,0,3,provable,unknown,timeout,,two-sided,IMELL,1492,17,5022.730,19821471,19621933,127627,75821016,0,0,2048,5000.000,9.895,auto,30
lltp,ILL/petri-nets/MCC,,,FlexibleBarrier_flexbar_04_b_1_1.p,intuitionistic,auto,1,false,,5,0,3,provable,proved,,ok,two-sided,IMELL,1490,17,0.179,3,0,2,4,0,0,2048,0.000,0.018,auto,30
lltp,ILL/petri-nets/MCC,,,FlexibleBarrier_flexbar_04_b_20_1.p,intuitionistic,auto,1,false,,5,0,3,provable,unknown,timeout,,two-sided,IMELL,1496,17,5022.031,19857674,19657913,127696,75955966,0,0,2048,5000.000,7.228,auto,30
lltp,ILL/petri-nets/MCC,,,FlexibleBarrier_flexbar_04_b_50_1.p,intuitionistic,auto,1,false,,5,0,3,provable,unknown,timeout,,two-sided,IMELL,1498,17,5021.923,20680092,20474131,129799,79366975,0,0,2048,5000.000,8.174,auto,30
lltp,ILL/petri-nets/MCC,,,FlexibleBarrier_flexbar_04_b_5_1.p,intuitionistic,auto,1,false,,5,0,3,provable,proved,,ok,two-sided,IMELL,1492,17,39.850,95623,92332,2235,597302,0,0,2048,40.000,4.414,auto,30
lltp,ILL/petri-nets/MCC,,,FlexibleBarrier_flexbar_06_a_10_1.p,intuitionistic,auto,1,false,,5,0,3,provable,unknown,timeout,,two-sided,IMELL,1214,63,5054.521,12038333,11591067,369220,98884932,0,0,2048,5030.000,845.692,auto,30
lltp,ILL/petri-nets/MCC,,,FlexibleBarrier_flexbar_06_a_1_1.p,intuitionistic,auto,1,false,,5,0,3,provable,proved,,ok,two-sided,IMELL,1214,63,0.149,3,0,2,10,0,0,2048,0.000,0.017,auto,30
lltp,ILL/petri-nets/MCC,,,FlexibleBarrier_flexbar_06_a_20_1.p,intuitionistic,auto,1,false,,5,0,3,provable,unknown,timeout,,two-sided,IMELL,1214,63,5052.717,11993691,11561806,359659,94446872,0,0,2048,5040.000,918.239,auto,30
lltp,ILL/petri-nets/MCC,,,FlexibleBarrier_flexbar_06_a_5_1.p,intuitionistic,auto,1,false,,5,0,3,provable,proved,,ok,two-sided,IMELL,1214,63,157.233,251192,201564,46902,2774918,0,0,2048,140.000,29.886,auto,30
lltp,ILL/petri-nets/MCC,,,FlexibleBarrier_flexbar_06_b_100_1.p,intuitionistic,auto,1,false,,5,0,3,provable,unknown,timeout,,two-sided,IMELL,3082,37,5014.009,16720003,16593192,87097,65773028,0,0,2048,4990.000,19.781,auto,30
lltp,ILL/petri-nets/MCC,,,FlexibleBarrier_flexbar_06_b_10_1.p,intuitionistic,auto,1,false,,5,0,3,provable,unknown,timeout,,two-sided,IMELL,3080,37,5014.376,15988874,15866048,86308,62207905,0,0,2048,5000.000,20.175,auto,30
lltp,ILL/petri-nets/MCC,,,FlexibleBarrier_flexbar_06_b_1_1.p,intuitionistic,auto,1,false,,5,0,3,provable,proved,,ok,two-sided,IMELL,3070,37,0.260,3,0,2,4,0,0,2048,0.000,0.014,auto,30
lltp,ILL/petri-nets/MCC,,,FlexibleBarrier_flexbar_06_b_20_1.p,intuitionistic,auto,1,false,,5,0,3,provable,unknown,timeout,,two-sided,IMELL,3082,37,5014.969,15954268,15831556,86258,62089159,0,0,2048,5000.000,16.651,auto,30
lltp,ILL/petri-nets/MCC,,,FlexibleBarrier_flexbar_06_b_50_1.p,intuitionistic,auto,1,false,,5,0,3,provable,unknown,timeout,,two-sided,IMELL,3082,37,5014.556,16805647,16678577,87175,66110046,0,0,2048,4990.000,23.950,auto,30
lltp,ILL/petri-nets/MCC,,,FlexibleBarrier_flexbar_06_b_5_1.p,intuitionistic,auto,1,false,,5,0,3,provable,proved,,ok,two-sided,IMELL,3074,37,168.987,336715,330488,4249,2209066,0,0,2048,160.000,19.389,auto,30
lltp,ILL/petri-nets/MCC,,,FlexibleBarrier_flexbar_08_a_10_1.p,intuitionistic,auto,1,false,,5,0,3,provable,unknown,timeout,,two-sided,IMELL,1990,115,5083.535,9176471,8754022,394456,93855366,0,0,2048,5060.000,908.249,auto,30
lltp,ILL/petri-nets/MCC,,,FlexibleBarrier_flexbar_08_a_1_1.p,intuitionistic,auto,1,false,,5,0,3,provable,proved,,ok,two-sided,IMELL,1990,115,0.187,3,0,2,12,0,0,2048,0.000,0.018,auto,30
lltp,ILL/petri-nets/MCC,,,FlexibleBarrier_flexbar_08_a_5_1.p,intuitionistic,auto,1,false,,5,0,3,provable,proved,,ok,two-sided,IMELL,1990,115,63.544,128459,99447,29002,461791,0,0,2048,50.000,7.260,auto,30
lltp,ILL/petri-nets/MCC,,,FlexibleBarrier_flexbar_08_b_100_1.p,intuitionistic,auto,1,false,,5,0,3,provable,unknown,timeout,,two-sided,IMELL,5274,65,5007.423,12403276,12324957,52869,55073565,0,0,2048,4990.000,63.189,auto,30
lltp,ILL/petri-nets/MCC,,,FlexibleBarrier_flexbar_08_b_10_1.p,intuitionistic,auto,1,false,,5,0,3,provable,unknown,timeout,,two-sided,IMELL,5264,65,5006.884,11506165,11431940,50266,51483896,0,0,2048,4990.000,59.828,auto,30
lltp,ILL/petri-nets/MCC,,,FlexibleBarrier_flexbar_08_b_1_1.p,intuitionistic,auto,1,false,,5,0,3,provable,proved,,ok,two-sided,IMELL,5258,65,0.430,3,0,2,4,0,0,2048,0.000,0.045,auto,30
lltp,ILL/petri-nets/MCC,,,FlexibleBarrier_flexbar_08_b_20_1.p,intuitionistic,auto,1,false,,5,0,3,provable,unknown,timeout,,two-sided,IMELL,5268,65,5007.007,12324994,12247231,52385,54775801,0,0,2048,4990.000,53.347,auto,30
lltp,ILL/petri-nets/MCC,,,FlexibleBarrier_flexbar_08_b_50_1.p,intuitionistic,auto,1,false,,5,0,3,provable,unknown,timeout,,two-sided,IMELL,5274,65,5007.471,12214129,12136692,52286,54334884,0,0,2048,4990.000,57.119,auto,30
lltp,ILL/petri-nets/MCC,,,FlexibleBarrier_flexbar_08_b_5_1.p,intuitionistic,auto,1,false,,5,0,3,provable,proved,,ok,two-sided,IMELL,5260,65,566.163,908675,898417,7014,6188477,0,0,2048,560.000,58.020,auto,30
lltp,ILL/petri-nets/MCC,,,FlexibleBarrier_flexbar_10_a_10_1.p,intuitionistic,auto,1,false,,5,0,3,provable,unknown,timeout,,two-sided,IMELL,2958,183,5164.205,4885125,4231780,639275,87592295,0,0,2048,5140.000,966.518,auto,30
lltp,ILL/petri-nets/MCC,,,FlexibleBarrier_flexbar_10_a_1_1.p,intuitionistic,auto,1,false,,5,0,3,provable,proved,,ok,two-sided,IMELL,2958,183,0.240,3,0,2,14,0,0,2048,0.000,0.019,auto,30
lltp,ILL/petri-nets/MCC,,,FlexibleBarrier_flexbar_10_a_20_1.p,intuitionistic,auto,1,false,,5,0,3,provable,unknown,timeout,,two-sided,IMELL,2958,183,5223.940,5560398,4722316,826770,74464355,0,0,2048,5200.000,770.322,auto,30
lltp,ILL/petri-nets/MCC,,,FlexibleBarrier_flexbar_10_a_5_1.p,intuitionistic,auto,1,false,,5,0,3,provable,proved,,ok,two-sided,IMELL,2958,183,522.561,1176373,1068007,108356,3658772,0,0,2048,510.000,41.784,auto,30
lltp,ILL/petri-nets/MCC,,,FlexibleBarrier_flexbar_10_b_100_1.p,intuitionistic,auto,1,false,,5,0,3,provable,unknown,timeout,,two-sided,IMELL,8074,101,5004.436,9186610,9141568,29458,46163921,0,0,2048,4990.000,127.669,auto,30
lltp,ILL/petri-nets/MCC,,,FlexibleBarrier_flexbar_10_b_10_1.p,intuitionistic,auto,1,false,,5,0,3,provable,unknown,timeout,,two-sided,IMELL,8060,101,5005.770,8716249,8666432,35943,42648945,0,0,2048,4990.000,124.097,auto,30
lltp,ILL/petri-nets/MCC,,,FlexibleBarrier_flexbar_10_b_1_1.p,intuitionistic,auto,1,false,,5,0,3,provable,proved,,ok,two-sided,IMELL,8054,101,0.543,3,0,2,4,0,0,2048,0.000,0.015,auto,30
lltp,ILL/petri-nets/MCC,,,FlexibleBarrier_flexbar_10_b_20_1.p,intuitionistic,auto,1,false,,5,0,3,provable,unknown,timeout,,two-sided,IMELL,8066,101,5004.058,9176319,9131144,29531,46232684,0,0,2048,4990.000,123.583,auto,30
lltp,ILL/petri-nets/MCC,,,FlexibleBarrier_flexbar_10_b_50_1.p,intuitionistic,auto,1,false,,5,0,3,provable,unknown,timeout,,two-sided,IMELL,8072,101,5003.893,9244635,9197909,31023,46467481,0,0,2048,4990.000,123.660,auto,30
lltp,ILL/petri-nets/MCC,,,FlexibleBarrier_flexbar_10_b_5_1.p,intuitionistic,auto,1,false,,5,0,3,provable,proved,,ok,two-sided,IMELL,8060,101,1472.010,2013633,1998375,10448,13945831,0,0,2048,1460.000,113.868,auto,30
lltp,ILL/petri-nets/MCC,,,FlexibleBarrier_flexbar_12_a_10_1.p,intuitionistic,auto,1,false,,5,0,3,provable,unknown,timeout,,two-sided,IMELL,4118,267,5065.824,4604351,4284444,316058,131567405,0,0,2048,5050.000,721.823,auto,30
lltp,ILL/petri-nets/MCC,,,FlexibleBarrier_flexbar_12_a_1_1.p,intuitionistic,auto,1,false,,5,0,3,provable,proved,,ok,two-sided,IMELL,4118,267,0.307,3,0,2,16,0,0,2048,0.000,0.020,auto,30
lltp,ILL/petri-nets/MCC,,,FlexibleBarrier_flexbar_12_a_20_1.p,intuitionistic,auto,1,false,,5,0,3,provable,unknown,timeout,,two-sided,IMELL,4118,267,5190.224,9826321,9074234,752074,22956090,0,0,2048,5170.000,370.572,auto,30
lltp,ILL/petri-nets/MCC,,,FlexibleBarrier_flexbar_12_a_5_1.p,intuitionistic,auto,1,false,,5,0,3,provable,unknown,timeout,,two-sided,IMELL,4118,267,5075.670,4209311,3858705,346695,132191119,0,0,2048,5050.000,740.870,auto,30
lltp,ILL/petri-nets/MCC,,,FlexibleBarrier_flexbar_12_b_100_1.p,intuitionistic,auto,1,false,,5,0,3,provable,unknown,timeout,,two-sided,IMELL,11482,145,5006.399,5502502,5471797,22316,34548076,0,0,2048,4990.000,369.202,auto,30
lltp,ILL/petri-nets/MCC,,,FlexibleBarrier_flexbar_12_b_10_1.p,intuitionistic,auto,1,false,,5,0,3,provable,unknown,timeout,,two-sided,IMELL,11464,145,5006.030,5140111,5108238,23959,32597588,0,0,2048,4990.000,404.583,auto,30
lltp,ILL/petri-nets/MCC,,,FlexibleBarrier_flexbar_12_b_1_1.p,intuitionistic,auto,1,false,,5,0,3,provable,proved,,ok,two-sided,IMELL,11458,145,0.796,3,0,2,4,0,0,2048,0.000,0.014,auto,30
lltp,ILL/petri-nets/MCC,,,FlexibleBarrier_flexbar_12_b_20_1.p,intuitionistic,auto,1,false,,5,0,3,provable,unknown,timeout,,two-sided,IMELL,11464,145,5004.820,5551437,5520648,22238,34780448,0,0,2048,4990.000,354.062,auto,30
lltp,ILL/petri-nets/MCC,,,FlexibleBarrier_flexbar_12_b_50_1.p,intuitionistic,auto,1,false,,5,0,3,provable,unknown,timeout,,two-sided,IMELL,11476,145,5004.622,5528920,5498117,22292,34617348,0,0,2048,4990.000,356.713,auto,30
lltp,ILL/petri-nets/MCC,,,FlexibleBarrier_flexbar_12_b_5_1.p,intuitionistic,auto,1,false,,5,0,3,provable,proved,,ok,two-sided,IMELL,11462,145,3974.042,3826657,3805598,14431,26962979,0,0,2048,3960.000,384.631,auto,30
lltp,ILL/petri-nets/MCC,,,FlexibleBarrier_flexbar_14_a_10_1.p,intuitionistic,auto,1,false,,5,0,3,provable,unknown,timeout,,two-sided,IMELL,5470,367,5092.760,11608173,11219911,388254,25410078,0,0,2048,5070.000,298.768,auto,30
lltp,ILL/petri-nets/MCC,,,FlexibleBarrier_flexbar_14_a_1_1.p,intuitionistic,auto,1,false,,5,0,3,provable,proved,,ok,two-sided,IMELL,5470,367,0.344,3,0,2,18,0,0,2048,0.000,0.019,auto,30
lltp,ILL/petri-nets/MCC,,,FlexibleBarrier_flexbar_14_a_20_1.p,intuitionistic,auto,1,false,,5,0,3,provable,unknown,timeout,,two-sided,IMELL,5470,367,5505.805,1413645,11,1413626,5683950,0,0,2048,5480.000,267.576,auto,30
lltp,ILL/petri-nets/MCC,,,FlexibleBarrier_flexbar_14_a_5_1.p,intuitionistic,auto,1,false,,5,0,3,provable,unknown,timeout,,two-sided,IMELL,5470,367,5094.607,11582605,11195667,386930,24895159,0,0,2048,5080.000,317.840,auto,30
lltp,ILL/petri-nets/MCC,,,FlexibleBarrier_flexbar_14_b_100_1.p,intuitionistic,auto,1,false,,5,0,3,provable,unknown,timeout,,two-sided,IMELL,15498,197,5005.265,3925978,3905496,15419,29711633,0,0,2048,4980.000,707.961,auto,30
lltp,ILL/petri-nets/MCC,,,FlexibleBarrier_flexbar_14_b_10_1.p,intuitionistic,auto,1,false,,5,0,3,provable,unknown,timeout,,two-sided,IMELL,15486,197,5007.424,3620260,3598041,17400,28019897,0,0,2048,4990.000,636.064,auto,30
lltp,ILL/petri-nets/MCC,,,FlexibleBarrier_flexbar_14_b_1_1.p,intuitionistic,auto,1,false,,5,0,3,provable,proved,,ok,two-sided,IMELL,15470,197,1.104,3,0,2,4,0,0,2048,0.000,0.019,auto,30
lltp,ILL/petri-nets/MCC,,,FlexibleBarrier_flexbar_14_b_20_1.p,intuitionistic,auto,1,false,,5,0,3,provable,unknown,timeout,,two-sided,IMELL,15476,197,5006.014,3928606,3908064,15421,30340225,0,0,2048,4990.000,639.518,auto,30
lltp,ILL/petri-nets/MCC,,,FlexibleBarrier_flexbar_14_b_50_1.p,intuitionistic,auto,1,false,,5,0,3,provable,unknown,timeout,,two-sided,IMELL,15484,197,5005.028,3937698,3917153,15410,30217259,0,0,2048,4990.000,653.983,auto,30
lltp,ILL/petri-nets/MCC,,,FlexibleBarrier_flexbar_14_b_5_1.p,intuitionistic,auto,1,false,,5,0,3,provable,unknown,timeout,,two-sided,IMELL,15478,197,5005.323,3604696,3582548,17332,28054483,0,0,2048,4990.000,660.721,auto,30
lltp,ILL/petri-nets/MCC,,,FlexibleBarrier_flexbar_16_a_1_1.p,intuitionistic,auto,1,false,,5,0,3,provable,proved,,ok,two-sided,IMELL,7014,483,0.477,3,0,2,20,0,0,2048,0.000,0.013,auto,30
lltp,ILL/petri-nets/MCC,,,FlexibleBarrier_flexbar_16_a_20_1.p,intuitionistic,auto,1,false,,5,0,3,provable,unknown,timeout,,two-sided,IMELL,7014,483,5498.691,1354616,4,1354604,4733800,0,0,2048,5480.000,321.071,auto,30
lltp,ILL/petri-nets/MCC,,,FlexibleBarrier_flexbar_16_a_5_1.p,intuitionistic,auto,1,false,,5,0,3,provable,unknown,timeout,,two-sided,IMELL,7014,483,5065.377,243939,0,243933,177081690,0,0,2048,5050.000,466.583,auto,30
lltp,ILL/petri-nets/MCC,,,FlexibleBarrier_flexbar_16_b_100_1.p,intuitionistic,auto,1,false,,5,0,3,provable,unknown,timeout,,two-sided,IMELL,20122,257,5007.462,2820459,2801703,14915,23149128,0,0,2048,4980.000,739.753,auto,30
lltp,ILL/petri-nets/MCC,,,FlexibleBarrier_flexbar_16_b_10_1.p,intuitionistic,auto,1,false,,5,0,3,provable,unknown,timeout,,two-sided,IMELL,20098,257,5007.189,2698555,2680320,14888,22262792,0,0,2048,4980.000,741.416,auto,30
lltp,ILL/petri-nets/MCC,,,FlexibleBarrier_flexbar_16_b_1_1.p,intuitionistic,auto,1,false,,5,0,3,provable,proved,,ok,two-sided,IMELL,20090,257,1.391,3,0,2,4,0,0,2048,10.000,0.018,auto,30
lltp,ILL/petri-nets/MCC,,,FlexibleBarrier_flexbar_16_b_20_1.p,intuitionistic,auto,1,false,,5,0,3,provable,unknown,timeout,,two-sided,IMELL,20098,257,5005.680,2812750,2794410,14874,23255907,0,0,2048,4980.000,740.916,auto,30
lltp,ILL/petri-nets/MCC,,,FlexibleBarrier_flexbar_16_b_50_1.p,intuitionistic,auto,1,false,,5,0,3,provable,unknown,timeout,,two-sided,IMELL,20104,257,5005.504,2752854,2734221,14866,22694892,0,0,2048,4990.000,700.607,auto,30
lltp,ILL/petri-nets/MCC,,,FlexibleBarrier_flexbar_16_b_5_1.p,intuitionistic,auto,1,false,,5,0,3,provable,unknown,timeout,,two-sided,IMELL,20094,257,5005.259,2703091,2684874,14872,22321754,0,0,2048,4990.000,734.521,auto,30
lltp,ILL/petri-nets/MCC,,,FlexibleBarrier_flexbar_18_a_1_1.p,intuitionistic,auto,1,false,,5,0,3,provable,proved,,ok,two-sided,IMELL,8750,615,0.495,3,0,2,22,0,0,2048,0.000,0.025,auto,30
lltp,ILL/petri-nets/MCC,,,FlexibleBarrier_flexbar_18_a_20_1.p,intuitionistic,auto,1,false,,5,0,3,provable,unknown,timeout,,two-sided,IMELL,8750,615,5469.755,1090875,1,1090866,4117497,0,0,2048,5450.000,345.395,auto,30
lltp,ILL/petri-nets/MCC,,,FlexibleBarrier_flexbar_18_a_5_1.p,intuitionistic,auto,1,false,,5,0,3,provable,unknown,timeout,,two-sided,IMELL,8750,615,5053.808,146672,0,146666,77332524,0,0,2048,5040.000,363.653,auto,30
lltp,ILL/petri-nets/MCC,,,FlexibleBarrier_flexbar_18_b_100_1.p,intuitionistic,auto,1,false,,5,0,3,provable,unknown,timeout,,two-sided,IMELL,25354,325,5006.196,2334192,2321806,9828,19417865,0,0,2048,4980.000,674.776,auto,30
lltp,ILL/petri-nets/MCC,,,FlexibleBarrier_flexbar_18_b_10_1.p,intuitionistic,auto,1,false,,5,0,3,provable,unknown,timeout,,two-sided,IMELL,25326,325,5006.104,2217998,2205684,9833,18644140,0,0,2048,4990.000,699.546,auto,30
lltp,ILL/petri-nets/MCC,,,FlexibleBarrier_flexbar_18_b_1_1.p,intuitionistic,auto,1,false,,5,0,3,provable,proved,,ok,two-sided,IMELL,25318,325,2.012,3,0,2,4,0,0,2048,0.000,0.025,auto,30
lltp,ILL/petri-nets/MCC,,,FlexibleBarrier_flexbar_18_b_20_1.p,intuitionistic,auto,1,false,,5,0,3,provable,unknown,timeout,,two-sided,IMELL,25326,325,5005.489,2325295,2312964,9794,19481573,0,0,2048,4990.000,668.680,auto,30
lltp,ILL/petri-nets/MCC,,,FlexibleBarrier_flexbar_18_b_50_1.p,intuitionistic,auto,1,false,,5,0,3,provable,unknown,timeout,,two-sided,IMELL,25332,325,5005.105,2345708,2333333,9796,19652318,0,0,2048,4990.000,669.460,auto,30
lltp,ILL/petri-nets/MCC,,,FlexibleBarrier_flexbar_18_b_5_1.p,intuitionistic,auto,1,false,,5,0,3,provable,unknown,timeout,,two-sided,IMELL,25322,325,5004.303,2201153,2188910,9819,18512747,0,0,2048,4990.000,663.803,auto,30
lltp,ILL/petri-nets/MCC,,,FlexibleBarrier_flexbar_20_a_1_1.p,intuitionistic,auto,1,false,,5,0,3,provable,proved,,ok,two-sided,IMELL,10678,763,0.675,3,0,2,24,0,0,2048,0.000,0.020,auto,30
lltp,ILL/petri-nets/MCC,,,FlexibleBarrier_flexbar_20_a_20_1.p,intuitionistic,auto,1,false,,5,0,3,provable,unknown,timeout,,two-sided,IMELL,10678,763,5375.426,817377,1,817368,8194282,0,0,2048,5350.000,432.751,auto,30
lltp,ILL/petri-nets/MCC,,,FlexibleBarrier_flexbar_20_a_5_1.p,intuitionistic,auto,1,false,,5,0,3,provable,unknown,timeout,,two-sided,IMELL,10678,763,5022.056,52180,0,52173,36946444,0,0,2048,5010.000,251.773,auto,30
lltp,ILL/petri-nets/MCC,,,FlexibleBarrier_flexbar_20_b_100_1.p,intuitionistic,auto,1,false,,5,0,3,provable,unknown,timeout,,two-sided,IMELL,31192,401,5008.299,1822532,1808506,11997,16477820,0,0,2048,4990.000,646.367,auto,30
lltp,ILL/petri-nets/MCC,,,FlexibleBarrier_flexbar_20_b_10_1.p,intuitionistic,auto,1,false,,5,0,3,provable,unknown,timeout,,two-sided,IMELL,31160,401,5006.647,1740055,1726106,11968,15912106,0,0,2048,4990.000,721.856,auto,30
lltp,ILL/petri-nets/MCC,,,FlexibleBarrier_flexbar_20_b_1_1.p,intuitionistic,auto,1,false,,5,0,3,provable,proved,,ok,two-sided,IMELL,31154,401,2.411,3,0,2,4,0,0,2048,0.000,0.022,auto,30
lltp,ILL/petri-nets/MCC,,,FlexibleBarrier_flexbar_20_b_20_1.p,intuitionistic,auto,1,false,,5,0,3,provable,unknown,timeout,,two-sided,IMELL,31160,401,5006.503,1810192,1796203,11964,16480845,0,0,2048,4990.000,663.002,auto,30
lltp,ILL/petri-nets/MCC,,,FlexibleBarrier_flexbar_20_b_50_1.p,intuitionistic,auto,1,false,,5,0,3,provable,unknown,timeout,,two-sided,IMELL,31168,401,5007.152,1758925,1745000,11935,16081734,0,0,2048,5000.000,711.451,auto,30
lltp,ILL/petri-nets/MCC,,,FlexibleBarrier_flexbar_20_b_5_1.p,intuitionistic,auto,1,false,,5,0,3,provable,unknown,timeout,,two-sided,IMELL,31156,401,5005.093,1662638,1650233,10467,15291958,0,0,2048,4990.000,738.912,auto,30
lltp,ILL/petri-nets/MCC,,,FlexibleBarrier_flexbar_22_a_1_1.p,intuitionistic,auto,1,false,,5,0,3,provable,proved,,ok,two-sided,IMELL,12798,927,0.737,3,0,2,26,0,0,2048,0.000,0.022,auto,30
lltp,ILL/petri-nets/MCC,,,FlexibleBarrier_flexbar_22_a_20_1.p,intuitionistic,auto,1,false,,5,0,3,provable,unknown,timeout,,two-sided,IMELL,12798,927,5296.753,592416,1,592407,26517354,0,0,2048,5270.000,669.601,auto,30
lltp,ILL/petri-nets/MCC,,,FlexibleBarrier_flexbar_22_a_5_1.p,intuitionistic,auto,1,false,,5,0,3,provable,unknown,timeout,,two-sided,IMELL,12798,927,5042.753,103335,0,103329,73071778,0,0,2048,5030.000,344.735,auto,30
lltp,ILL/petri-nets/MCC,,,FlexibleBarrier_flexbar_22_b_100_1.p,intuitionistic,auto,1,false,,5,0,3,provable,unknown,timeout,,two-sided,IMELL,37634,485,5003.459,1457549,1451223,4781,13601796,0,0,2048,4990.000,764.305,auto,30
lltp,ILL/petri-nets/MCC,,,FlexibleBarrier_flexbar_22_b_10_1.p,intuitionistic,auto,1,false,,5,0,3,provable,unknown,timeout,,two-sided,IMELL,37608,485,5006.313,1479011,1469699,8010,13654752,0,0,2048,5000.000,754.940,auto,30
lltp,ILL/petri-nets/MCC,,,FlexibleBarrier_flexbar_22_b_1_1.p,intuitionistic,auto,1,false,,5,0,3,provable,proved,,ok,two-sided,IMELL,37598,485,2.722,3,0,2,4,0,0,2048,10.000,0.028,auto,30
lltp,ILL/petri-nets/MCC,,,FlexibleBarrier_flexbar_22_b_20_1.p,intuitionistic,auto,1,false,,5,0,3,provable,unknown,timeout,,two-sided,IMELL,37606,485,5005.735,1529212,1519930,7953,14075302,0,0,2048,4990.000,743.152,auto,30
lltp,ILL/petri-nets/MCC,,,FlexibleBarrier_flexbar_22_b_50_1.p,intuitionistic,auto,1,false,,5,0,3,provable,unknown,timeout,,two-sided,IMELL,37612,485,5003.369,1486838,1480494,4771,13888339,0,0,2048,5000.000,724.616,auto,30
lltp,ILL/petri-nets/MCC,,,FlexibleBarrier_flexbar_22_b_5_1.p,intuitionistic,auto,1,false,,5,0,3,provable,unknown,timeout,,two-sided,IMELL,37606,485,5003.702,1437285,1430941,4819,13423412,0,0,2048,4990.000,812.874,auto,30
lltp,ILL/petri-nets/MCC,,,GPPP_G-PPP-1-1000_100_1.p,intuitionistic,auto,1,false,,5,0,3,provable,proved,,ok,two-sided,IMELL,36348,4005,427.911,1914,1057,331,1086912,0,0,2048,430.000,67.346,auto,30
lltp,ILL/petri-nets/MCC,,,GPPP_G-PPP-1-1000_10_1.p,intuitionistic,auto,1,false,,5,0,3,provable,proved,,ok,two-sided,IMELL,36348,4005,230.432,523,224,123,331665,0,0,2048,230.000,44.430,auto,30
lltp,ILL/petri-nets/MCC,,,GPPP_G-PPP-1-1000_1_1.p,intuitionistic,auto,1,false,,5,0,3,provable,proved,,ok,two-sided,IMELL,36348,4009,5.914,3,0,2,9057,0,0,2048,10.000,0.044,auto,30
lltp,ILL/petri-nets/MCC,,,GPPP_G-PPP-1-1000_20_1.p,intuitionistic,auto,1,false,,5,0,3,provable,proved,,ok,two-sided,IMELL,36348,4005,430.136,1914,1057,331,1086912,0,0,2048,430.000,64.050,auto,30
lltp,ILL/petri-nets/MCC,,,GPPP_G-PPP-1-1000_50_1.p,intuitionistic,auto,1,false,,5,0,3,provable,proved,,ok,two-sided,IMELL,36348,4005,429.866,1914,1057,331,1086912,0,0,2048,430.000,65.356,auto,30
lltp,ILL/petri-nets/MCC,,,GPPP_G-PPP-1-1000_5_1.p,intuitionistic,auto,1,false,,5,0,3,provable,proved,,ok,two-sided,IMELL,36348,4006,31.491,27,1,9,71133,0,0,2048,40.000,4.637,auto,30
lltp,ILL/petri-nets/MCC,,,GPPP_G-PPP-1-100_100_1.p,intuitionistic,auto,1,false,,5,0,3,provable,proved,,ok,two-sided,IMELL,3948,405,58.332,1914,1057,331,870481,0,0,2048,50.000,12.234,auto,30
lltp,ILL/petri-nets/MCC,,,GPPP_G-PPP-1-100_10_1.p,intuitionistic,auto,1,false,,5,0,3,provable,proved,,ok,two-sided,IMELL,3948,405,25.153,523,224,123,200970,0,0,2048,20.000,3.946,auto,30
lltp,ILL/petri-nets/MCC,,,GPPP_G-PPP-1-100_1_1.p,intuitionistic,auto,1,false,,5,0,3,provable,proved,,ok,two-sided,IMELL,3948,409,0.372,3,0,2,957,0,0,2048,0.000,0.015,auto,30
lltp,ILL/petri-nets/MCC,,,GPPP_G-PPP-1-100_20_1.p,intuitionistic,auto,1,false,,5,0,3,provable,proved,,ok,two-sided,IMELL,3948,405,59.203,1914,1057,331,870481,0,0,2048,50.000,9.011,auto,30
lltp,ILL/petri-nets/MCC,,,GPPP_G-PPP-1-100_50_1.p,intuitionistic,auto,1,false,,5,0,3,provable,proved,,ok,two-sided,IMELL,3948,405,60.198,1914,1057,331,870481,0,0,2048,60.000,10.866,auto,30
lltp,ILL/petri-nets/MCC,,,GPPP_G-PPP-1-100_5_1.p,intuitionistic,auto,1,false,,5,0,3,provable,proved,,ok,two-sided,IMELL,3948,406,1.398,26,1,9,4477,0,0,2048,0.000,0.016,auto,30
lltp,ILL/petri-nets/MCC,,,GPPP_G-PPP-1-10_100_1.p,intuitionistic,auto,1,false,,5,0,3,provable,proved,,ok,two-sided,IMELL,708,45,16.377,1914,1057,331,449201,0,0,2048,10.000,4.546,auto,30
lltp,ILL/petri-nets/MCC,,,GPPP_G-PPP-1-10_10_1.p,intuitionistic,auto,1,false,,5,0,3,provable,proved,,ok,two-sided,IMELL,708,45,5.385,523,224,123,91143,0,0,2048,0.000,3.267,auto,30
lltp,ILL/petri-nets/MCC,,,GPPP_G-PPP-1-10_1_1.p,intuitionistic,auto,1,false,,5,0,3,provable,proved,,ok,two-sided,IMELL,708,49,0.117,3,0,2,147,0,0,2048,0.000,0.013,auto,30
lltp,ILL/petri-nets/MCC,,,GPPP_G-PPP-1-10_20_1.p,intuitionistic,auto,1,false,,5,0,3,provable,proved,,ok,two-sided,IMELL,708,45,16.132,1914,1057,331,449201,0,0,2048,10.000,2.079,auto,30
lltp,ILL/petri-nets/MCC,,,GPPP_G-PPP-1-10_50_1.p,intuitionistic,auto,1,false,,5,0,3,provable,proved,,ok,two-sided,IMELL,708,45,16.489,1914,1057,331,449201,0,0,2048,10.000,2.585,auto,30
lltp,ILL/petri-nets/MCC,,,GPPP_G-PPP-1-10_5_1.p,intuitionistic,auto,1,false,,5,0,3,provable,proved,,ok,two-sided,IMELL,708,46,0.301,26,1,9,967,0,0,2048,0.000,0.014,auto,30
lltp,ILL/petri-nets/MCC,,,GPPP_G-PPP-1-1_100_1.p,intuitionistic,auto,1,false,,5,0,3,provable,proved,,ok,two-sided,IMELL,386,14,10.660,2413,1399,237,371029,0,0,2048,0.000,4.961,auto,30
lltp,ILL/petri-nets/MCC,,,GPPP_G-PPP-1-1_10_1.p,intuitionistic,auto,1,false,,5,0,3,provable,proved,,ok,two-sided,IMELL,384,14,1.033,411,167,85,6711,0,0,2048,0.000,0.015,auto,30
lltp,ILL/petri-nets/MCC,,,GPPP_G-PPP-1-1_1_1.p,intuitionistic,auto,1,false,,5,0,3,provable,proved,,ok,two-sided,IMELL,384,14,0.086,3,0,2,66,0,0,2048,0.000,0.010,auto,30
lltp,ILL/petri-nets/MCC,,,GPPP_G-PPP-1-1_20_1.p,intuitionistic,auto,1,false,,5,0,3,provable,proved,,ok,two-sided,IMELL,386,14,10.727,2413,1399,237,371029,0,0,2048,10.000,5.124,auto,30
lltp,ILL/petri-nets/MCC,,,GPPP_G-PPP-1-1_50_1.p,intuitionistic,auto,1,false,,5,0,3,provable,proved,,ok,two-sided,IMELL,386,14,10.642,2413,1399,237,371029,0,0,2048,10.000,4.951,auto,30
lltp,ILL/petri-nets/MCC,,,GPPP_G-PPP-1-1_5_1.p,intuitionistic,auto,1,false,,5,0,3,provable,proved,,ok,two-sided,IMELL,384,14,0.190,26,1,9,616,0,0,2048,0.000,0.016,auto,30
lltp,ILL/petri-nets/MCC,,,GPPP_G-PPP-10-100_100_1.p,intuitionistic,auto,1,false,,5,0,3,provable,unknown,timeout,,two-sided,IMELL,5712,450,5004.320,85094,59259,9651,101750878,0,0,2048,4980.000,401.998,auto,30
lltp,ILL/petri-nets/MCC,,,GPPP_G-PPP-10-100_10_1.p,intuitionistic,auto,1,false,,5,0,3,provable,proved,,ok,two-sided,IMELL,5712,464,65.205,568,242,139,244561,0,0,2048,60.000,7.134,auto,30
lltp,ILL/petri-nets/MCC,,,GPPP_G-PPP-10-100_1_1.p,intuitionistic,auto,1,false,,5,0,3,provable,proved,,ok,two-sided,IMELL,5712,472,0.491,3,0,2,1443,0,0,2048,0.000,0.016,auto,30
lltp,ILL/petri-nets/MCC,,,GPPP_G-PPP-10-100_20_1.p,intuitionistic,auto,1,false,,5,0,3,provable,unknown,timeout,,two-sided,IMELL,5712,454,5002.757,75183,51995,8690,14073132,0,0,2048,4980.000,511.557,auto,30
lltp,ILL/petri-nets/MCC,,,GPPP_G-PPP-10-100_50_1.p,intuitionistic,auto,1,false,,5,0,3,provable,unknown,timeout,,two-sided,IMELL,5712,460,5003.625,85430,59460,9721,102179032,0,0,2048,4990.000,407.435,auto,30
lltp,ILL/petri-nets/MCC,,,GPPP_G-PPP-10-100_5_1.p,intuitionistic,auto,1,false,,5,0,3,provable,proved,,ok,two-sided,IMELL,5712,469,3.804,26,1,9,7231,0,0,2048,0.000,0.065,auto,30
lltp,ILL/petri-nets/MCC,,,GPPP_G-PPP-10-10_100_1.p,intuitionistic,auto,1,false,,5,0,3,provable,unknown,timeout,,two-sided,IMELL,2472,94,5004.699,257352,185735,25894,123049812,0,0,2048,4990.000,441.564,auto,30
lltp,ILL/petri-nets/MCC,,,GPPP_G-PPP-10-10_10_1.p,intuitionistic,auto,1,false,,5,0,3,provable,proved,,ok,two-sided,IMELL,2472,140,23.677,568,242,139,143677,0,0,2048,20.000,2.316,auto,30
lltp,ILL/petri-nets/MCC,,,GPPP_G-PPP-10-10_1_1.p,intuitionistic,auto,1,false,,5,0,3,provable,proved,,ok,two-sided,IMELL,2472,140,0.215,3,0,2,633,0,0,2048,0.000,0.012,auto,30
lltp,ILL/petri-nets/MCC,,,GPPP_G-PPP-10-10_20_1.p,intuitionistic,auto,1,false,,5,0,3,provable,proved,,ok,two-sided,IMELL,2472,140,4540.373,178879,128077,18058,26316449,0,0,2048,4520.000,142.285,auto,30
lltp,ILL/petri-nets/MCC,,,GPPP_G-PPP-10-10_50_1.p,intuitionistic,auto,1,false,,5,0,3,provable,unknown,timeout,,two-sided,IMELL,2472,100,5004.655,255961,184672,25826,122446285,0,0,2048,4990.000,452.859,auto,30
lltp,ILL/petri-nets/MCC,,,GPPP_G-PPP-10-10_5_1.p,intuitionistic,auto,1,false,,5,0,3,provable,proved,,ok,two-sided,IMELL,2472,140,1.259,26,1,9,3721,0,0,2048,0.000,0.021,auto,30
lltp,ILL/petri-nets/MCC,,,GPPP_G-PPP-100-1000_100_1.p,intuitionistic,auto,1,false,,5,0,3,provable,unknown,timeout,,two-sided,IMELL,55752,4680,5032.370,826,376,202,13034498,0,0,2048,5010.000,50.299,auto,30
lltp,ILL/petri-nets/MCC,,,GPPP_G-PPP-100-1000_10_1.p,intuitionistic,auto,1,false,,5,0,3,provable,proved,,ok,two-sided,IMELL,55752,4694,4343.070,568,242,139,1439343,0,0,2048,4330.000,188.423,auto,30
lltp,ILL/petri-nets/MCC,,,GPPP_G-PPP-100-1000_1_1.p,intuitionistic,auto,1,false,,5,0,3,provable,proved,,ok,two-sided,IMELL,55752,4702,7.598,3,0,2,14403,0,0,2048,0.000,0.046,auto,30
lltp,ILL/petri-nets/MCC,,,GPPP_G-PPP-100-1000_20_1.p,intuitionistic,auto,1,false,,5,0,3,provable,unknown,timeout,,two-sided,IMELL,55752,4684,5075.180,716,311,185,1679492,0,0,2048,5060.000,230.369,auto,30
lltp,ILL/petri-nets/MCC,,,GPPP_G-PPP-100-1000_50_1.p,intuitionistic,auto,1,false,,5,0,3,provable,unknown,timeout,,two-sided,IMELL,55752,4690,5002.884,826,376,202,13034498,0,0,2048,4990.000,53.129,auto,30
lltp,ILL/petri-nets/MCC,,,GPPP_G-PPP-100-1000_5_1.p,intuitionistic,auto,1,false,,5,0,3,provable,proved,,ok,two-sided,IMELL,55752,4699,288.982,27,1,9,106749,0,0,2048,280.000,17.233,auto,30
lltp,ILL/petri-nets/MCC,,,GPPP_G-PPP-100-100_100_1.p,intuitionistic,auto,1,false,,5,0,3,provable,unknown,timeout,,two-sided,IMELL,23352,1080,5025.616,2971,1659,564,16599113,0,0,2048,5010.000,62.347,auto,30
lltp,ILL/petri-nets/MCC,,,GPPP_G-PPP-100-100_10_1.p,intuitionistic,auto,1,false,,5,0,3,provable,proved,,ok,two-sided,IMELL,23352,1400,1305.980,568,242,139,673151,0,0,2048,1290.000,20.991,auto,30
lltp,ILL/petri-nets/MCC,,,GPPP_G-PPP-100-100_1_1.p,intuitionistic,auto,1,false,,5,0,3,provable,proved,,ok,two-sided,IMELL,23352,1400,2.037,3,0,2,6303,0,0,2048,0.000,0.034,auto,30
lltp,ILL/petri-nets/MCC,,,GPPP_G-PPP-100-100_20_1.p,intuitionistic,auto,1,false,,5,0,3,provable,unknown,timeout,,two-sided,IMELL,23352,1400,5081.959,2810,1544,558,2330631,0,0,2048,5070.000,75.055,auto,30
lltp,ILL/petri-nets/MCC,,,GPPP_G-PPP-100-100_50_1.p,intuitionistic,auto,1,false,,5,0,3,provable,unknown,timeout,,two-sided,IMELL,23352,1090,5039.658,2919,1632,549,16236047,0,0,2048,5030.000,62.691,auto,30
lltp,ILL/petri-nets/MCC,,,GPPP_G-PPP-100-100_5_1.p,intuitionistic,auto,1,false,,5,0,3,provable,proved,,ok,two-sided,IMELL,23352,1400,90.869,27,1,9,47064,0,0,2048,90.000,3.858,auto,30
lltp,ILL/petri-nets/MCC,,,GPPP_G-PPP-100-10_100_1.p,intuitionistic,auto,1,false,,5,0,3,provable,unknown,timeout,,two-sided,IMELL,20112,724,5012.329,3859,2233,690,17137667,0,0,2048,5000.000,64.038,auto,30
lltp,ILL/petri-nets/MCC,,,GPPP_G-PPP-100-10_10_1.p,intuitionistic,auto,1,false,,5,0,3,provable,proved,,ok,two-sided,IMELL,20112,1400,1052.938,568,242,139,597352,0,0,2048,1050.000,14.781,auto,30
lltp,ILL/petri-nets/MCC,,,GPPP_G-PPP-100-10_1_1.p,intuitionistic,auto,1,false,,5,0,3,provable,proved,,ok,two-sided,IMELL,20112,1400,1.722,3,0,2,5493,0,0,2048,0.000,0.027,auto,30
lltp,ILL/petri-nets/MCC,,,GPPP_G-PPP-100-10_20_1.p,intuitionistic,auto,1,false,,5,0,3,provable,unknown,timeout,,two-sided,IMELL,20112,1400,5030.798,3643,2099,670,2528172,0,0,2048,5010.000,86.205,auto,30
lltp,ILL/petri-nets/MCC,,,GPPP_G-PPP-100-10_50_1.p,intuitionistic,auto,1,false,,5,0,3,provable,unknown,timeout,,two-sided,IMELL,20112,730,5031.991,3895,2260,693,17254843,0,0,2048,5010.000,60.561,auto,30
lltp,ILL/petri-nets/MCC,,,GPPP_G-PPP-100-10_5_1.p,intuitionistic,auto,1,false,,5,0,3,provable,proved,,ok,two-sided,IMELL,20112,1400,71.057,27,1,9,39456,0,0,2048,60.000,4.101,auto,30
lltp,ILL/petri-nets/MCC,,,GPPP_G-PPP-1000-1000_10_1.p,intuitionistic,auto,1,false,,5,0,,,unknown,killed,,,,,,10503.057,,,,,,,,,,auto,30
lltp,ILL/petri-nets/MCC,,,GPPP_G-PPP-1000-1000_1_1.p,intuitionistic,auto,1,false,,5,0,,,unknown,crash (signal: 6 (SIGABRT) (core dumped)): note: run with `RUST_BACKTRACE=1` environment variable to display a backtrace,,,,,,5425.414,,,,,,,,,,auto,30
lltp,ILL/petri-nets/MCC,,,GPPP_G-PPP-1000-1000_20_1.p,intuitionistic,auto,1,false,,5,0,,,unknown,killed,,,,,,10502.065,,,,,,,,,,auto,30
lltp,ILL/petri-nets/MCC,,,GPPP_G-PPP-1000-1000_5_1.p,intuitionistic,auto,1,false,,5,0,,,unknown,killed,,,,,,10720.095,,,,,,,,,,auto,30
lltp,ILL/petri-nets/MCC,,,GPPP_G-PPP-1000-100_100_1.p,intuitionistic,auto,1,false,,5,0,3,provable,unknown,timeout,,two-sided,IMELL,199752,7380,5844.831,28,1,9,1242659,0,0,2048,5840.000,12.057,auto,30
lltp,ILL/petri-nets/MCC,,,GPPP_G-PPP-1000-100_10_1.p,intuitionistic,auto,1,false,,5,0,,,unknown,killed,,,,,,10502.917,,,,,,,,,,auto,30
lltp,ILL/petri-nets/MCC,,,GPPP_G-PPP-1000-100_1_1.p,intuitionistic,auto,1,false,,5,0,3,provable,proved,,ok,two-sided,IMELL,199752,14000,51.253,3,0,2,54903,0,0,2048,50.000,0.109,auto,30
lltp,ILL/petri-nets/MCC,,,GPPP_G-PPP-1000-100_20_1.p,intuitionistic,auto,1,false,,5,0,,,unknown,killed,,,,,,10502.592,,,,,,,,,,auto,30
lltp,ILL/petri-nets/MCC,,,GPPP_G-PPP-1000-100_50_1.p,intuitionistic,auto,1,false,,5,0,3,provable,unknown,timeout,,two-sided,IMELL,199752,7390,5811.893,28,1,9,1242659,0,0,2048,5790.000,13.530,auto,30
lltp,ILL/petri-nets/MCC,,,GPPP_G-PPP-1000-100_5_1.p,intuitionistic,auto,1,false,,5,0,3,provable,proved,,ok,two-sided,IMELL,199752,14000,5890.175,27,1,9,325118,0,0,2048,5880.000,13.814,auto,30
lltp,ILL/petri-nets/MCC,,,GPPP_G-PPP-1000-10_100_1.p,intuitionistic,auto,1,false,,5,0,3,provable,unknown,timeout,,two-sided,IMELL,196512,7024,5061.861,27,1,9,1041818,0,0,2048,5050.000,11.008,auto,30
lltp,ILL/petri-nets/MCC,,,GPPP_G-PPP-1000-10_10_1.p,intuitionistic,auto,1,false,,5,0,,,unknown,killed,,,,,,10502.527,,,,,,,,,,auto,30
lltp,ILL/petri-nets/MCC,,,GPPP_G-PPP-1000-10_1_1.p,intuitionistic,auto,1,false,,5,0,3,provable,proved,,ok,two-sided,IMELL,196512,14000,50.502,3,0,2,54093,0,0,2048,50.000,0.095,auto,30
lltp,ILL/petri-nets/MCC,,,GPPP_G-PPP-1000-10_20_1.p,intuitionistic,auto,1,false,,5,0,,,unknown,killed,,,,,,10504.840,,,,,,,,,,auto,30
lltp,ILL/petri-nets/MCC,,,GPPP_G-PPP-1000-10_50_1.p,intuitionistic,auto,1,false,,5,0,3,provable,unknown,timeout,,two-sided,IMELL,196512,7030,5042.793,27,1,9,1041818,0,0,2048,5040.000,12.133,auto,30
lltp,ILL/petri-nets/MCC,,,GPPP_G-PPP-1000-10_5_1.p,intuitionistic,auto,1,false,,5,0,3,provable,proved,,ok,two-sided,IMELL,196512,14000,5760.488,27,1,9,320798,0,0,2048,5750.000,11.722,auto,30
lltp,ILL/petri-nets/MCC,,,GlobalResAllocation_galloc_res-3_100_1.p,intuitionistic,auto,1,false,,5,0,3,provable,unknown,timeout,,two-sided,IMELL,119494,5910,5055.620,525496,493128,31191,6626207,0,0,2048,5050.000,950.994,auto,30
lltp,ILL/petri-nets/MCC,,,GlobalResAllocation_galloc_res-3_10_1.p,intuitionistic,auto,1,false,,5,0,3,provable,unknown,timeout,,two-sided,IMELL,119494,5910,5063.756,598062,563233,33756,6241279,0,0,2048,5060.000,1103.881,auto,30
lltp,ILL/petri-nets/MCC,,,GlobalResAllocation_galloc_res-3_1_1.p,intuitionistic,auto,1,false,,5,0,3,provable,proved,,ok,two-sided,IMELL,119482,5910,6.587,3,0,2,20,0,0,2048,10.000,0.029,auto,30
lltp,ILL/petri-nets/MCC,,,GlobalResAllocation_galloc_res-3_20_1.p,intuitionistic,auto,1,false,,5,0,3,provable,unknown,timeout,,two-sided,IMELL,119494,5910,5065.759,596034,561310,33656,6210334,0,0,2048,5050.000,1073.322,auto,30
lltp,ILL/petri-nets/MCC,,,GlobalResAllocation_galloc_res-3_50_1.p,intuitionistic,auto,1,false,,5,0,3,provable,unknown,timeout,,two-sided,IMELL,119494,5910,5055.606,526174,493765,31231,6632368,0,0,2048,5040.000,959.143,auto,30
lltp,ILL/petri-nets/MCC,,,GlobalResAllocation_galloc_res-3_5_1.p,intuitionistic,auto,1,false,,5,0,3,provable,unknown,timeout,,two-sided,IMELL,119494,5910,5060.616,600766,565790,33895,6281159,0,0,2048,5050.000,1082.358,auto,30
lltp,ILL/petri-nets/MCC,,,GlobalResAllocation_galloc_res-5_100_1.p,intuitionistic,auto,1,false,,5,0,,,unknown,crash (signal: 6 (SIGABRT) (core dumped)): note: run with `RUST_BACKTRACE=1` environment variable to display a backtrace,,,,,,5367.978,,,,,,,,,,auto,30
lltp,ILL/petri-nets/MCC,,,GlobalResAllocation_galloc_res-5_1_1.p,intuitionistic,auto,1,false,,5,0,,,unknown,crash (signal: 6 (SIGABRT) (core dumped)): note: run with `RUST_BACKTRACE=1` environment variable to display a backtrace,,,,,,5344.952,,,,,,,,,,auto,30
lltp,ILL/petri-nets/MCC,,,GlobalResAllocation_galloc_res-5_20_1.p,intuitionistic,auto,1,false,,5,0,3,provable,unknown,timeout,,two-sided,IMELL,1428232,43210,5094.234,43503,39052,4447,127686,0,0,2048,5080.000,1107.444,auto,30
lltp,ILL/petri-nets/MCC,,,GlobalResAllocation_galloc_res-5_50_1.p,intuitionistic,auto,1,false,,5,0,3,provable,unknown,timeout,,two-sided,IMELL,1428232,43210,5092.300,43626,39163,4459,128021,0,0,2048,5090.000,1153.925,auto,30
lltp,ILL/petri-nets/MCC,,,GlobalResAllocation_galloc_res-5_5_1.p,intuitionistic,auto,1,false,,5,0,3,provable,unknown,timeout,,two-sided,IMELL,1428238,43210,5102.297,43817,39335,4478,128566,0,0,2048,5080.000,1128.420,auto,30
lltp,ILL/petri-nets/MCC,,,HexagonalGrid_hxg_110_100_1.p,intuitionistic,auto,1,false,,5,0,3,provable,proved,,ok,two-sided,IMELL,406,31,470.112,1585731,1335203,205781,5782459,0,0,2048,460.000,108.687,auto,30
lltp,ILL/petri-nets/MCC,,,HexagonalGrid_hxg_110_10_1.p,intuitionistic,auto,1,false,,5,0,3,provable,proved,,ok,two-sided,IMELL,406,31,461.056,1572436,1322557,205299,5711795,0,0,2048,450.000,112.176,auto,30
lltp,ILL/petri-nets/MCC,,,HexagonalGrid_hxg_110_1_1.p,intuitionistic,auto,1,false,,5,0,3,provable,proved,,ok,two-sided,IMELL,406,31,0.094,3,0,2,34,0,0,2048,0.000,0.013,auto,30
lltp,ILL/petri-nets/MCC,,,HexagonalGrid_hxg_110_20_1.p,intuitionistic,auto,1,false,,5,0,3,provable,unknown,timeout,,two-sided,IMELL,406,31,5060.474,23510978,22337495,684119,68143008,0,0,2048,5040.000,1087.575,auto,30
lltp,ILL/petri-nets/MCC,,,HexagonalGrid_hxg_110_50_1.p,intuitionistic,auto,1,false,,5,0,3,provable,unknown,timeout,,two-sided,IMELL,406,31,5059.124,23352806,22185685,681386,67685449,0,0,2048,5040.000,1083.051,auto,30
lltp,ILL/petri-nets/MCC,,,HexagonalGrid_hxg_110_5_1.p,intuitionistic,auto,1,false,,5,0,3,provable,proved,,ok,two-sided,IMELL,406,32,3.887,1014,440,424,237328,0,0,2048,0.000,0.022,auto,30
lltp,ILL/petri-nets/MCC,,,HexagonalGrid_hxg_126_100_1.p,intuitionistic,auto,1,false,,5,0,3,provable,unknown,timeout,,two-sided,IMELL,454,38,5022.586,1213580,884939,197041,198344962,0,0,2048,5010.000,517.967,auto,30
lltp,ILL/petri-nets/MCC,,,HexagonalGrid_hxg_126_10_1.p,intuitionistic,auto,1,false,,5,0,3,provable,proved,,ok,two-sided,IMELL,454,37,1480.390,395020,282470,68889,67703639,0,0,2048,1470.000,176.682,auto,30
lltp,ILL/petri-nets/MCC,,,HexagonalGrid_hxg_126_1_1.p,intuitionistic,auto,1,false,,5,0,3,provable,proved,,ok,two-sided,IMELL,454,37,0.091,3,0,2,55,0,0,2048,0.000,0.013,auto,30
lltp,ILL/petri-nets/MCC,,,HexagonalGrid_hxg_126_20_1.p,intuitionistic,auto,1,false,,5,0,3,provable,unknown,timeout,,two-sided,IMELL,454,37,5024.087,1393424,1023374,224400,229181088,0,0,2048,5010.000,580.238,auto,30
lltp,ILL/petri-nets/MCC,,,HexagonalGrid_hxg_126_50_1.p,intuitionistic,auto,1,false,,5,0,3,provable,unknown,timeout,,two-sided,IMELL,454,38,5019.228,1220288,889926,197904,200160371,0,0,2048,5000.000,530.843,auto,30
lltp,ILL/petri-nets/MCC,,,HexagonalGrid_hxg_126_5_1.p,intuitionistic,auto,1,false,,5,0,3,provable,proved,,ok,two-sided,IMELL,454,38,4.169,1146,575,415,227777,0,0,2048,0.000,0.019,auto,30
lltp,ILL/petri-nets/MCC,,,HexagonalGrid_hxg_226_100_1.p,intuitionistic,auto,1,false,,5,0,3,provable,unknown,timeout,,two-sided,IMELL,2902,42,5031.093,453360,289133,154684,95616061,0,0,2048,5020.000,751.174,auto,30
lltp,ILL/petri-nets/MCC,,,HexagonalGrid_hxg_226_1_1.p,intuitionistic,auto,1,false,,5,0,3,provable,proved,,ok,two-sided,IMELL,2902,37,0.219,3,0,2,265,0,0,2048,0.000,0.014,auto,30
lltp,ILL/petri-nets/MCC,,,HexagonalGrid_hxg_226_20_1.p,intuitionistic,auto,1,false,,5,0,3,provable,unknown,timeout,,two-sided,IMELL,2902,39,5032.440,470499,300627,159951,94381906,0,0,2048,5010.000,764.522,auto,30
lltp,ILL/petri-nets/MCC,,,HexagonalGrid_hxg_226_50_1.p,intuitionistic,auto,1,false,,5,0,3,provable,unknown,timeout,,two-sided,IMELL,2902,42,5035.369,470813,300795,160091,84944574,0,0,2048,5010.000,773.762,auto,30
lltp,ILL/petri-nets/MCC,,,HexagonalGrid_hxg_226_5_1.p,intuitionistic,auto,1,false,,5,0,3,provable,unknown,timeout,,two-sided,IMELL,2902,38,5036.761,531654,343371,177080,243930481,0,0,2048,5020.000,904.204,auto,30
lltp,ILL/petri-nets/MCC,,,HexagonalGrid_hxg_316_100_1.p,intuitionistic,auto,1,false,,5,0,3,provable,unknown,timeout,,two-sided,IMELL,7198,42,5021.750,212017,107256,102979,46414866,0,0,2048,5010.000,606.728,auto,30
lltp,ILL/petri-nets/MCC,,,HexagonalGrid_hxg_316_1_1.p,intuitionistic,auto,1,false,,5,0,3,provable,proved,,ok,two-sided,IMELL,7198,37,0.477,3,0,2,520,0,0,2048,0.000,0.014,auto,30
lltp,ILL/petri-nets/MCC,,,HexagonalGrid_hxg_316_20_1.p,intuitionistic,auto,1,false,,5,0,3,provable,unknown,timeout,,two-sided,IMELL,7198,38,5029.631,263287,134826,126253,68913908,0,0,2048,5010.000,631.737,auto,30
lltp,ILL/petri-nets/MCC,,,HexagonalGrid_hxg_316_50_1.p,intuitionistic,auto,1,false,,5,0,3,provable,unknown,timeout,,two-sided,IMELL,7198,39,5025.209,225629,114266,109468,52315315,0,0,2048,5010.000,619.918,auto,30
lltp,ILL/petri-nets/MCC,,,HexagonalGrid_hxg_316_5_1.p,intuitionistic,auto,1,false,,5,0,3,provable,unknown,timeout,,two-sided,IMELL,7198,37,5038.368,353828,187146,163718,148040063,0,0,2048,5020.000,760.862,auto,30
lltp,ILL/petri-nets/MCC,,,HexagonalGrid_hxg_410_100_1.p,intuitionistic,auto,1,false,,5,0,3,provable,unknown,timeout,,two-sided,IMELL,12934,33,5018.534,85586,37593,47602,24117280,0,0,2048,5000.000,657.821,auto,30
lltp,ILL/petri-nets/MCC,,,HexagonalGrid_hxg_410_1_1.p,intuitionistic,auto,1,false,,5,0,3,provable,proved,,ok,two-sided,IMELL,12934,31,2.746,3,0,2,1015,0,0,2048,0.000,0.020,auto,30
lltp,ILL/petri-nets/MCC,,,HexagonalGrid_hxg_410_20_1.p,intuitionistic,auto,1,false,,5,0,3,provable,unknown,timeout,,two-sided,IMELL,12934,31,5022.966,119752,53528,65679,40551383,0,0,2048,5010.000,740.677,auto,30
lltp,ILL/petri-nets/MCC,,,HexagonalGrid_hxg_410_50_1.p,intuitionistic,auto,1,false,,5,0,3,provable,unknown,timeout,,two-sided,IMELL,12934,32,5020.119,101270,49129,51679,28888320,0,0,2048,5010.000,766.764,auto,30
lltp,ILL/petri-nets/MCC,,,HexagonalGrid_hxg_410_5_1.p,intuitionistic,auto,1,false,,5,0,3,provable,unknown,timeout,,two-sided,IMELL,12934,31,5032.361,153821,73975,79146,89647046,0,0,2048,5020.000,805.832,auto,30
lltp,ILL/petri-nets/MCC,,,HexagonalGrid_hxg_516_100_1.p,intuitionistic,auto,1,false,,5,0,3,provable,unknown,timeout,,two-sided,IMELL,22606,38,5024.480,61120,13366,47586,21751311,0,0,2048,5010.000,511.750,auto,30
lltp,ILL/petri-nets/MCC,,,HexagonalGrid_hxg_516_1_1.p,intuitionistic,auto,1,false,,5,0,3,provable,proved,,ok,two-sided,IMELL,22606,37,8.756,4,0,2,6520,0,0,2048,10.000,3.821,auto,30
lltp,ILL/petri-nets/MCC,,,HexagonalGrid_hxg_516_20_1.p,intuitionistic,auto,1,false,,5,0,3,provable,unknown,timeout,,two-sided,IMELL,22606,37,5033.685,88871,28441,60187,33313202,0,0,2048,5030.000,576.582,auto,30
lltp,ILL/petri-nets/MCC,,,HexagonalGrid_hxg_516_50_1.p,intuitionistic,auto,1,false,,5,0,3,provable,unknown,timeout,,two-sided,IMELL,22606,37,5029.306,68400,16836,51376,24865478,0,0,2048,5020.000,575.595,auto,30
lltp,ILL/petri-nets/MCC,,,HexagonalGrid_hxg_516_5_1.p,intuitionistic,auto,1,false,,5,0,3,provable,unknown,timeout,,two-sided,IMELL,22606,37,5030.927,103582,38734,64565,79045036,0,0,2048,5020.000,571.195,auto,30
lltp,ILL/petri-nets/MCC,,,HexagonalGrid_hxg_816_100_1.p,intuitionistic,auto,1,false,,5,0,3,provable,unknown,timeout,,two-sided,IMELL,61918,37,5014.611,10563,45,10504,12671919,0,0,2048,5000.000,472.476,auto,30
lltp,ILL/petri-nets/MCC,,,HexagonalGrid_hxg_816_1_1.p,intuitionistic,auto,1,false,,5,0,3,provable,proved,,ok,two-sided,IMELL,61918,37,12.049,4,0,2,18584,0,0,2048,10.000,0.811,auto,30
lltp,ILL/petri-nets/MCC,,,HexagonalGrid_hxg_816_20_1.p,intuitionistic,auto,1,false,,5,0,3,provable,unknown,timeout,,two-sided,IMELL,61918,37,5019.313,14141,78,14046,19087898,0,0,2048,5010.000,543.411,auto,30
lltp,ILL/petri-nets/MCC,,,HexagonalGrid_hxg_816_50_1.p,intuitionistic,auto,1,false,,5,0,3,provable,unknown,timeout,,two-sided,IMELL,61918,37,5026.977,11311,55,11241,14183762,0,0,2048,5010.000,512.634,auto,30
lltp,ILL/petri-nets/MCC,,,HexagonalGrid_hxg_816_5_1.p,intuitionistic,auto,1,false,,5,0,3,provable,unknown,timeout,,two-sided,IMELL,61918,37,5037.073,32974,496,32442,53846381,0,0,2048,5020.000,597.493,auto,30
lltp,ILL/petri-nets/MCC,,,HouseConstruction-002_10_1.p,intuitionistic,auto,1,false,,5,0,3,provable,proved,,ok,two-sided,IMELL,116,2,0.381,373,147,71,3080,0,0,2048,0.000,0.013,auto,30
lltp,ILL/petri-nets/MCC,,,HouseConstruction-002_1_1.p,intuitionistic,auto,1,false,,5,0,3,provable,proved,,ok,two-sided,IMELL,110,2,0.071,3,0,2,4,0,0,2048,0.000,0.012,auto,30
lltp,ILL/petri-nets/MCC,,,HouseConstruction-002_20_1.p,intuitionistic,auto,1,false,,5,0,3,provable,proved,,ok,two-sided,IMELL,118,3,6.160,11280,7487,727,69820,0,0,2048,0.000,0.020,auto,30
lltp,ILL/petri-nets/MCC,,,HouseConstruction-002_50_1.p,intuitionistic,auto,1,false,,5,0,3,provable,unknown,copy_bound,,two-sided,IMELL,110,2,27.999,49411,32789,1460,306583,0,0,2048,20.000,0.041,auto,30
lltp,ILL/petri-nets/MCC,,,HouseConstruction-002_5_1.p,intuitionistic,auto,1,false,,5,0,3,provable,proved,,ok,two-sided,IMELL,114,2,0.116,32,3,11,277,0,0,2048,0.000,0.012,auto,30
lltp,ILL/petri-nets/MCC,,,HouseConstruction-005_100_1.p,intuitionistic,auto,1,false,,5,0,3,provable,unknown,copy_bound,,two-sided,IMELL,122,5,814.582,1573223,1223960,68585,6860880,0,0,2048,800.000,0.527,auto,30
lltp,ILL/petri-nets/MCC,,,HouseConstruction-005_10_1.p,intuitionistic,auto,1,false,,5,0,3,provable,proved,,ok,two-sided,IMELL,122,6,0.635,769,364,152,5065,0,0,2048,0.000,0.011,auto,30
lltp,ILL/petri-nets/MCC,,,HouseConstruction-005_1_1.p,intuitionistic,auto,1,false,,5,0,3,provable,proved,,ok,two-sided,IMELL,122,5,0.076,3,0,2,7,0,0,2048,0.000,0.012,auto,30
lltp,ILL/petri-nets/MCC,,,HouseConstruction-005_20_1.p,intuitionistic,auto,1,false,,5,0,3,provable,proved,,ok,two-sided,IMELL,124,5,68.923,297146,276420,6457,883218,0,0,2048,60.000,12.650,auto,30
lltp,ILL/petri-nets/MCC,,,HouseConstruction-005_50_1.p,intuitionistic,auto,1,false,,5,0,3,provable,unknown,timeout,,two-sided,IMELL,130,5,5001.239,32980554,32629938,69739,89218380,0,0,2048,4980.000,354.442,auto,30
lltp,ILL/petri-nets/MCC,,,HouseConstruction-005_5_1.p,intuitionistic,auto,1,false,,5,0,3,provable,proved,,ok,two-sided,IMELL,122,5,0.132,37,4,14,305,0,0,2048,0.000,0.013,auto,30
lltp,ILL/petri-nets/MCC,,,HouseConstruction-010_100_1.p,intuitionistic,auto,1,false,,5,0,3,provable,unknown,timeout,,two-sided,IMELL,202,11,5015.521,11329550,10664381,165557,74754777,0,0,2048,4990.000,995.346,auto,30
lltp,ILL/petri-nets/MCC,,,HouseConstruction-010_10_1.p,intuitionistic,auto,1,false,,5,0,3,provable,proved,,ok,two-sided,IMELL,142,10,0.731,812,381,167,5315,0,0,2048,0.000,0.012,auto,30
lltp,ILL/petri-nets/MCC,,,HouseConstruction-010_1_1.p,intuitionistic,auto,1,false,,5,0,3,provable,proved,,ok,two-sided,IMELL,142,10,0.077,3,0,2,12,0,0,2048,0.000,0.012,auto,30
lltp,ILL/petri-nets/MCC,,,HouseConstruction-010_20_1.p,intuitionistic,auto,1,false,,5,0,3,provable,proved,,ok,two-sided,IMELL,142,11,112.470,432328,404199,8612,1652029,0,0,2048,110.000,16.790,auto,30
lltp,ILL/petri-nets/MCC,,,HouseConstruction-010_50_1.p,intuitionistic,auto,1,false,,5,0,3,provable,unknown,timeout,,two-sided,IMELL,206,11,5014.405,10607119,9969093,161288,75361306,0,0,2048,5000.000,915.179,auto,30
lltp,ILL/petri-nets/MCC,,,HouseConstruction-010_5_1.p,intuitionistic,auto,1,false,,5,0,3,provable,proved,,ok,two-sided,IMELL,142,10,0.135,37,4,14,310,0,0,2048,0.000,0.012,auto,30
lltp,ILL/petri-nets/MCC,,,HouseConstruction-020_100_1.p,intuitionistic,auto,1,false,,5,0,3,provable,unknown,timeout,,two-sided,IMELL,304,21,5006.798,5695502,5281893,110083,76985021,0,0,2048,4990.000,648.197,auto,30
lltp,ILL/petri-nets/MCC,,,HouseConstruction-020_10_1.p,intuitionistic,auto,1,false,,5,0,3,provable,proved,,ok,two-sided,IMELL,182,20,0.869,812,381,167,5325,0,0,2048,0.000,0.012,auto,30
lltp,ILL/petri-nets/MCC,,,HouseConstruction-020_1_1.p,intuitionistic,auto,1,false,,5,0,3,provable,proved,,ok,two-sided,IMELL,182,20,0.077,3,0,2,22,0,0,2048,0.000,0.011,auto,30
lltp,ILL/petri-nets/MCC,,,HouseConstruction-020_20_1.p,intuitionistic,auto,1,false,,5,0,3,provable,proved,,ok,two-sided,IMELL,182,20,258.887,101291,72480,8901,10553362,0,0,2048,250.000,42.902,auto,30
lltp,ILL/petri-nets/MCC,,,HouseConstruction-020_50_1.p,intuitionistic,auto,1,false,,5,0,3,provable,unknown,timeout,,two-sided,IMELL,222,20,5015.935,10883193,10278189,160446,73044649,0,0,2048,5000.000,982.097,auto,30
lltp,ILL/petri-nets/MCC,,,HouseConstruction-020_5_1.p,intuitionistic,auto,1,false,,5,0,3,provable,proved,,ok,two-sided,IMELL,182,20,0.139,37,4,14,320,0,0,2048,0.000,0.011,auto,30
lltp,ILL/petri-nets/MCC,,,HouseConstruction-050_100_1.p,intuitionistic,auto,1,false,,5,0,3,provable,unknown,timeout,,two-sided,IMELL,302,51,5009.898,8011893,7614822,107806,70865562,0,0,2048,4990.000,752.302,auto,30
lltp,ILL/petri-nets/MCC,,,HouseConstruction-050_10_1.p,intuitionistic,auto,1,false,,5,0,3,provable,proved,,ok,two-sided,IMELL,302,50,3.739,813,381,167,155721,0,0,2048,0.000,0.021,auto,30
lltp,ILL/petri-nets/MCC,,,HouseConstruction-050_1_1.p,intuitionistic,auto,1,false,,5,0,3,provable,proved,,ok,two-sided,IMELL,302,50,0.086,3,0,2,52,0,0,2048,0.000,0.012,auto,30
lltp,ILL/petri-nets/MCC,,,HouseConstruction-050_20_1.p,intuitionistic,auto,1,false,,5,0,3,provable,proved,,ok,two-sided,IMELL,302,50,406.840,97210,68405,8895,14418120,0,0,2048,400.000,52.059,auto,30
lltp,ILL/petri-nets/MCC,,,HouseConstruction-050_50_1.p,intuitionistic,auto,1,false,,5,0,3,provable,unknown,timeout,,two-sided,IMELL,302,51,5009.402,7890818,7499313,106597,70466078,0,0,2048,4990.000,742.859,auto,30
lltp,ILL/petri-nets/MCC,,,HouseConstruction-050_5_1.p,intuitionistic,auto,1,false,,5,0,3,provable,proved,,ok,two-sided,IMELL,302,50,0.191,37,4,14,350,0,0,2048,0.000,0.016,auto,30
lltp,ILL/petri-nets/MCC,,,HouseConstruction-100_100_1.p,intuitionistic,auto,1,false,,5,0,3,provable,unknown,timeout,,two-sided,IMELL,502,101,5004.356,3573040,3378434,55539,71642691,0,0,2048,4980.000,469.442,auto,30
lltp,ILL/petri-nets/MCC,,,HouseConstruction-100_10_1.p,intuitionistic,auto,1,false,,5,0,3,provable,proved,,ok,two-sided,IMELL,502,100,5.153,813,381,167,155767,0,0,2048,0.000,0.022,auto,30
lltp,ILL/petri-nets/MCC,,,HouseConstruction-100_1_1.p,intuitionistic,auto,1,false,,5,0,3,provable,proved,,ok,two-sided,IMELL,502,100,0.105,3,0,2,102,0,0,2048,0.000,0.012,auto,30
lltp,ILL/petri-nets/MCC,,,HouseConstruction-100_20_1.p,intuitionistic,auto,1,false,,5,0,3,provable,proved,,ok,two-sided,IMELL,502,100,722.971,97210,68405,8895,21030532,0,0,2048,710.000,61.683,auto,30
lltp,ILL/petri-nets/MCC,,,HouseConstruction-100_50_1.p,intuitionistic,auto,1,false,,5,0,3,provable,unknown,timeout,,two-sided,IMELL,502,100,5004.982,550240,410028,40779,96374589,0,0,2048,4980.000,401.770,auto,30
lltp,ILL/petri-nets/MCC,,,HouseConstruction-100_5_1.p,intuitionistic,auto,1,false,,5,0,3,provable,proved,,ok,two-sided,IMELL,502,100,0.231,37,4,14,400,0,0,2048,0.000,0.012,auto,30
lltp,ILL/petri-nets/MCC,,,HouseConstruction-200_100_1.p,intuitionistic,auto,1,false,,5,0,3,provable,unknown,timeout,,two-sided,IMELL,902,200,5004.503,470483,348874,35096,69100883,0,0,2048,4980.000,617.815,auto,30
lltp,ILL/petri-nets/MCC,,,HouseConstruction-200_10_1.p,intuitionistic,auto,1,false,,5,0,3,provable,proved,,ok,two-sided,IMELL,902,200,11.267,813,381,167,270113,0,0,2048,10.000,0.631,auto,30
lltp,ILL/petri-nets/MCC,,,HouseConstruction-200_1_1.p,intuitionistic,auto,1,false,,5,0,3,provable,proved,,ok,two-sided,IMELL,902,200,0.139,3,0,2,202,0,0,2048,0.000,0.015,auto,30
lltp,ILL/petri-nets/MCC,,,HouseConstruction-200_20_1.p,intuitionistic,auto,1,false,,5,0,3,provable,proved,,ok,two-sided,IMELL,902,200,1394.828,97210,68405,8895,26239723,0,0,2048,1380.000,116.030,auto,30
lltp,ILL/petri-nets/MCC,,,HouseConstruction-200_50_1.p,intuitionistic,auto,1,false,,5,0,3,provable,unknown,timeout,,two-sided,IMELL,902,200,5003.041,467653,346743,34931,73390027,0,0,2048,4980.000,563.674,auto,30
lltp,ILL/petri-nets/MCC,,,HouseConstruction-200_5_1.p,intuitionistic,auto,1,false,,5,0,3,provable,proved,,ok,two-sided,IMELL,902,200,0.361,37,4,14,500,0,0,2048,0.000,0.012,auto,30
lltp,ILL/petri-nets/MCC,,,HouseConstruction-500_100_1.p,intuitionistic,auto,1,false,,5,0,3,provable,unknown,timeout,,two-sided,IMELL,2102,500,5005.404,347482,254904,27490,46120577,0,0,2048,4990.000,1044.257,auto,30
lltp,ILL/petri-nets/MCC,,,HouseConstruction-500_10_1.p,intuitionistic,auto,1,false,,5,0,3,provable,proved,,ok,two-sided,IMELL,2102,500,36.110,813,381,167,600750,0,0,2048,30.000,5.822,auto,30
lltp,ILL/petri-nets/MCC,,,HouseConstruction-500_1_1.p,intuitionistic,auto,1,false,,5,0,3,provable,proved,,ok,two-sided,IMELL,2102,500,0.247,3,0,2,502,0,0,2048,0.000,0.015,auto,30
lltp,ILL/petri-nets/MCC,,,HouseConstruction-500_20_1.p,intuitionistic,auto,1,false,,5,0,3,provable,proved,,ok,two-sided,IMELL,2102,500,3088.405,97210,68405,8895,32583362,0,0,2048,3070.000,268.043,auto,30
lltp,ILL/petri-nets/MCC,,,HouseConstruction-500_50_1.p,intuitionistic,auto,1,false,,5,0,3,provable,unknown,timeout,,two-sided,IMELL,2102,500,5005.504,312902,229604,24293,46169331,0,0,2048,4980.000,715.286,auto,30
lltp,ILL/petri-nets/MCC,,,HouseConstruction-500_5_1.p,intuitionistic,auto,1,false,,5,0,3,provable,proved,,ok,two-sided,IMELL,2102,500,0.761,37,4,14,800,0,0,2048,0.000,0.014,auto,30
lltp,ILL/petri-nets/MCC,,,HypercubeGrid_hc3k4p4b12_100_1.p,intuitionistic,auto,1,false,,5,0,3,provable,unknown,timeout,,two-sided,IMELL,30334,44,5023.798,27333,2415,24844,15899449,0,0,2048,5010.000,689.989,auto,30
lltp,ILL/petri-nets/MCC,,,HypercubeGrid_hc3k4p4b12_1_1.p,intuitionistic,auto,1,false,,5,0,3,provable,proved,,ok,two-sided,IMELL,30334,43,26.637,4,0,2,12426,0,0,2048,20.000,3.433,auto,30
lltp,ILL/petri-nets/MCC,,,HypercubeGrid_hc3k4p4b12_20_1.p,intuitionistic,auto,1,false,,5,0,3,provable,unknown,timeout,,two-sided,IMELL,30334,43,5023.987,34608,3873,30642,22079716,0,0,2048,5010.000,606.693,auto,30
lltp,ILL/petri-nets/MCC,,,HypercubeGrid_hc3k4p4b12_50_1.p,intuitionistic,auto,1,false,,5,0,3,provable,unknown,timeout,,two-sided,IMELL,30334,43,5018.194,28387,2604,25706,16836443,0,0,2048,5000.000,711.005,auto,30
lltp,ILL/petri-nets/MCC,,,HypercubeGrid_hc3k4p4b12_5_1.p,intuitionistic,auto,1,false,,5,0,3,provable,unknown,timeout,,two-sided,IMELL,30334,43,5028.124,53802,9453,44207,41621519,0,0,2048,5020.000,947.655,auto,30
lltp,ILL/petri-nets/MCC,,,HypercubeGrid_hc4k3p3b12_100_1.p,intuitionistic,auto,1,false,,5,0,3,provable,unknown,timeout,,two-sided,IMELL,58318,70,5015.660,9984,105,9860,11329315,0,0,2048,5000.000,493.909,auto,30
lltp,ILL/petri-nets/MCC,,,HypercubeGrid_hc4k3p3b12_1_1.p,intuitionistic,auto,1,false,,5,0,3,provable,proved,,ok,two-sided,IMELL,58318,69,56.399,4,0,2,10477,0,0,2048,50.000,3.518,auto,30
lltp,ILL/petri-nets/MCC,,,HypercubeGrid_hc4k3p3b12_20_1.p,intuitionistic,auto,1,false,,5,0,3,provable,unknown,timeout,,two-sided,IMELL,58318,69,5012.831,13036,190,12822,16675851,0,0,2048,5000.000,538.536,auto,30
lltp,ILL/petri-nets/MCC,,,HypercubeGrid_hc4k3p3b12_50_1.p,intuitionistic,auto,1,false,,5,0,3,provable,unknown,timeout,,two-sided,IMELL,58318,69,5021.814,10679,120,10539,12576227,0,0,2048,5010.000,502.612,auto,30
lltp,ILL/petri-nets/MCC,,,HypercubeGrid_hc4k3p3b12_5_1.p,intuitionistic,auto,1,false,,5,0,3,provable,unknown,timeout,,two-sided,IMELL,58318,69,5027.369,26511,780,25687,40844430,0,0,2048,5020.000,661.530,auto,30
lltp,ILL/petri-nets/MCC,,,HypercubeGrid_hc5k3p3b15_100_1.p,intuitionistic,auto,1,false,,5,0,3,provable,unknown,timeout,,two-sided,IMELL,257578,106,5291.892,480,0,477,2761851,0,0,2048,5280.000,128.791,auto,30
lltp,ILL/petri-nets/MCC,,,HypercubeGrid_hc5k3p3b15_1_1.p,intuitionistic,auto,1,false,,5,0,3,provable,proved,,ok,two-sided,IMELL,257578,106,516.966,4,0,2,47434,0,0,2048,520.000,2.954,auto,30
lltp,ILL/petri-nets/MCC,,,HypercubeGrid_hc5k3p3b15_20_1.p,intuitionistic,auto,1,false,,5,0,3,provable,unknown,timeout,,two-sided,IMELL,257578,106,5064.606,704,0,701,4410069,0,0,2048,5060.000,166.640,auto,30
lltp,ILL/petri-nets/MCC,,,HypercubeGrid_hc5k3p3b15_50_1.p,intuitionistic,auto,1,false,,5,0,3,provable,unknown,timeout,,two-sided,IMELL,257578,106,5236.470,576,0,573,3397424,0,0,2048,5220.000,140.027,auto,30
lltp,ILL/petri-nets/MCC,,,HypercubeGrid_hc5k3p3b15_5_1.p,intuitionistic,auto,1,false,,5,0,3,provable,unknown,timeout,,two-sided,IMELL,257578,106,5035.018,1792,0,1789,13479432,0,0,2048,5030.000,394.510,auto,30
lltp,ILL/petri-nets/MCC,,,HypertorusGrid_ht_d2k1p8b00_100_1.p,intuitionistic,auto,1,false,,5,0,3,provable,unknown,timeout,,two-sided,IMELL,270,17,5023.807,1407072,979438,231116,163435702,0,0,2048,5000.000,569.062,auto,30
lltp,ILL/petri-nets/MCC,,,HypertorusGrid_ht_d2k1p8b00_10_1.p,intuitionistic,auto,1,false,,5,0,3,provable,proved,,ok,two-sided,IMELL,270,14,700.225,197506,129310,39784,24621359,0,0,2048,690.000,73.048,auto,30
lltp,ILL/petri-nets/MCC,,,HypertorusGrid_ht_d2k1p8b00_1_1.p,intuitionistic,auto,1,false,,5,0,3,provable,proved,,ok,two-sided,IMELL,270,13,0.084,3,0,2,45,0,0,2048,0.000,0.011,auto,30
lltp,ILL/petri-nets/MCC,,,HypertorusGrid_ht_d2k1p8b00_20_1.p,intuitionistic,auto,1,false,,5,0,3,provable,unknown,timeout,,two-sided,IMELL,270,17,5022.618,1413719,983584,232686,164291486,0,0,2048,5000.000,563.657,auto,30
lltp,ILL/petri-nets/MCC,,,HypertorusGrid_ht_d2k1p8b00_50_1.p,intuitionistic,auto,1,false,,5,0,3,provable,unknown,timeout,,two-sided,IMELL,270,16,5022.114,1438240,1000093,237409,168552860,0,0,2048,5000.000,598.181,auto,30
lltp,ILL/petri-nets/MCC,,,HypertorusGrid_ht_d2k1p8b00_5_1.p,intuitionistic,auto,1,false,,5,0,3,provable,proved,,ok,two-sided,IMELL,270,13,0.690,727,289,311,4674,0,0,2048,0.000,0.013,auto,30
lltp,ILL/petri-nets/MCC,,,HypertorusGrid_ht_d2k2p1b00_100_1.p,intuitionistic,auto,1,false,,5,0,3,provable,unknown,timeout,,two-sided,IMELL,638,13,5029.571,1514717,1066019,363346,253511562,0,0,2048,5010.000,863.467,auto,30
lltp,ILL/petri-nets/MCC,,,HypertorusGrid_ht_d2k2p1b00_1_1.p,intuitionistic,auto,1,false,,5,0,3,provable,proved,,ok,two-sided,IMELL,638,13,0.103,3,0,2,65,0,0,2048,0.000,0.012,auto,30
lltp,ILL/petri-nets/MCC,,,HypertorusGrid_ht_d2k2p1b00_20_1.p,intuitionistic,auto,1,false,,5,0,3,provable,unknown,timeout,,two-sided,IMELL,638,16,5031.143,1461519,1027787,351384,217452710,0,0,2048,5010.000,837.706,auto,30
lltp,ILL/petri-nets/MCC,,,HypertorusGrid_ht_d2k2p1b00_50_1.p,intuitionistic,auto,1,false,,5,0,3,provable,unknown,timeout,,two-sided,IMELL,638,13,5029.584,1519182,1069205,364376,282878011,0,0,2048,5010.000,911.147,auto,30
lltp,ILL/petri-nets/MCC,,,HypertorusGrid_ht_d2k2p1b00_5_1.p,intuitionistic,auto,1,false,,5,0,3,provable,proved,,ok,two-sided,IMELL,638,15,77.001,17196,10604,5542,2741938,0,0,2048,70.000,11.241,auto,30
lltp,ILL/petri-nets/MCC,,,HypertorusGrid_ht_d2k3p2b04_100_1.p,intuitionistic,auto,1,false,,5,0,3,provable,unknown,timeout,,two-sided,IMELL,1726,20,5034.004,587429,398531,174312,92975706,0,0,2048,5020.000,874.891,auto,30
lltp,ILL/petri-nets/MCC,,,HypertorusGrid_ht_d2k3p2b04_1_1.p,intuitionistic,auto,1,false,,5,0,3,provable,proved,,ok,two-sided,IMELL,1726,17,0.169,3,0,2,182,0,0,2048,0.000,0.012,auto,30
lltp,ILL/petri-nets/MCC,,,HypertorusGrid_ht_d2k3p2b04_20_1.p,intuitionistic,auto,1,false,,5,0,3,provable,unknown,timeout,,two-sided,IMELL,1726,19,5039.134,684481,461107,206489,130988394,0,0,2048,5020.000,854.178,auto,30
lltp,ILL/petri-nets/MCC,,,HypertorusGrid_ht_d2k3p2b04_50_1.p,intuitionistic,auto,1,false,,5,0,3,provable,unknown,timeout,,two-sided,IMELL,1726,20,5037.624,672061,453802,201661,123915009,0,0,2048,5020.000,839.782,auto,30
lltp,ILL/petri-nets/MCC,,,HypertorusGrid_ht_d2k3p2b04_5_1.p,intuitionistic,auto,1,false,,5,0,3,provable,proved,,ok,two-sided,IMELL,1726,18,3131.995,510060,352695,144743,136837622,0,0,2048,3120.000,615.509,auto,30
lltp,ILL/petri-nets/MCC,,,HypertorusGrid_ht_d3k3p2b06_100_1.p,intuitionistic,auto,1,false,,5,0,3,provable,unknown,timeout,,two-sided,IMELL,10366,40,5022.463,126940,58277,67907,29798735,0,0,2048,5010.000,809.415,auto,30
lltp,ILL/petri-nets/MCC,,,HypertorusGrid_ht_d3k3p2b06_1_1.p,intuitionistic,auto,1,false,,5,0,3,provable,proved,,ok,two-sided,IMELL,10366,37,1.322,3,0,2,975,0,0,2048,0.000,0.028,auto,30
lltp,ILL/petri-nets/MCC,,,HypertorusGrid_ht_d3k3p2b06_20_1.p,intuitionistic,auto,1,false,,5,0,3,provable,unknown,timeout,,two-sided,IMELL,10366,37,5023.159,154246,71776,81554,42448545,0,0,2048,5010.000,792.000,auto,30
lltp,ILL/petri-nets/MCC,,,HypertorusGrid_ht_d3k3p2b06_50_1.p,intuitionistic,auto,1,false,,5,0,3,provable,unknown,timeout,,two-sided,IMELL,10366,38,5024.790,146790,68852,77065,37493371,0,0,2048,5020.000,807.067,auto,30
lltp,ILL/petri-nets/MCC,,,HypertorusGrid_ht_d3k3p2b06_5_1.p,intuitionistic,auto,1,false,,5,0,3,provable,unknown,timeout,,two-sided,IMELL,10366,37,5032.217,182494,85868,95543,89290054,0,0,2048,5010.000,956.122,auto,30
lltp,ILL/petri-nets/MCC,,,HypertorusGrid_ht_d4k3p2b08_100_1.p,intuitionistic,auto,1,false,,5,0,3,provable,unknown,timeout,,two-sided,IMELL,51838,66,5026.750,11270,136,11113,11834501,0,0,2048,5010.000,501.085,auto,30
lltp,ILL/petri-nets/MCC,,,HypertorusGrid_ht_d4k3p2b08_1_1.p,intuitionistic,auto,1,false,,5,0,3,provable,proved,,ok,two-sided,IMELL,51838,65,38.412,4,0,2,8642,0,0,2048,30.000,3.560,auto,30
lltp,ILL/petri-nets/MCC,,,HypertorusGrid_ht_d4k3p2b08_20_1.p,intuitionistic,auto,1,false,,5,0,3,provable,unknown,timeout,,two-sided,IMELL,51838,65,5023.364,15448,253,15168,18472525,0,0,2048,5010.000,496.857,auto,30
lltp,ILL/petri-nets/MCC,,,HypertorusGrid_ht_d4k3p2b08_50_1.p,intuitionistic,auto,1,false,,5,0,3,provable,unknown,timeout,,two-sided,IMELL,51838,65,5043.275,12446,153,12270,13586827,0,0,2048,5030.000,488.195,auto,30
lltp,ILL/petri-nets/MCC,,,HypertorusGrid_ht_d4k3p2b08_5_1.p,intuitionistic,auto,1,false,,5,0,3,provable,unknown,timeout,,two-sided,IMELL,51838,65,5032.169,32009,1128,30829,46432729,0,0,2048,5020.000,575.541,auto,30
lltp,ILL/petri-nets/MCC,,,HypertorusGrid_ht_d5k3p2b10_100_1.p,intuitionistic,auto,1,false,,5,0,3,provable,unknown,timeout,,two-sided,IMELL,233278,101,5081.730,1024,0,1021,3228081,0,0,2048,5060.000,186.412,auto,30
lltp,ILL/petri-nets/MCC,,,HypertorusGrid_ht_d5k3p2b10_1_1.p,intuitionistic,auto,1,false,,5,0,3,provable,proved,,ok,two-sided,IMELL,233278,101,340.195,4,0,2,29427,0,0,2048,350.000,1.539,auto,30
lltp,ILL/petri-nets/MCC,,,HypertorusGrid_ht_d5k3p2b10_20_1.p,intuitionistic,auto,1,false,,5,0,3,provable,unknown,timeout,,two-sided,IMELL,233278,101,5086.157,1578,0,1575,5373483,0,0,2048,5070.000,243.367,auto,30
lltp,ILL/petri-nets/MCC,,,HypertorusGrid_ht_d5k3p2b10_50_1.p,intuitionistic,auto,1,false,,5,0,3,provable,unknown,timeout,,two-sided,IMELL,233278,101,5169.865,1280,0,1277,4080268,0,0,2048,5160.000,208.523,auto,30
lltp,ILL/petri-nets/MCC,,,HypertorusGrid_ht_d5k3p2b10_5_1.p,intuitionistic,auto,1,false,,5,0,3,provable,unknown,timeout,,two-sided,IMELL,233278,101,5013.784,3114,0,3109,12731458,0,0,2048,5010.000,469.376,auto,30
lltp,ILL/petri-nets/MCC,,,IBM319_100_1.p,intuitionistic,auto,1,false,,5,0,3,provable,unknown,timeout,,two-sided,IMELL,1056,4,5001.389,13115293,11033647,20531,82499917,0,0,2048,4980.000,24.975,auto,30
lltp,ILL/petri-nets/MCC,,,IBM319_10_1.p,intuitionistic,auto,1,false,,5,0,3,provable,proved,,ok,two-sided,IMELL,1056,4,260.706,1169724,1156223,4470,3741777,0,0,2048,260.000,19.134,auto,30
lltp,ILL/petri-nets/MCC,,,IBM319_1_1.p,intuitionistic,auto,1,false,,5,0,3,provable,proved,,ok,two-sided,IMELL,1062,4,0.148,3,0,2,7,0,0,2048,0.000,0.014,auto,30
lltp,ILL/petri-nets/MCC,,,IBM319_20_1.p,intuitionistic,auto,1,false,,5,0,3,provable,proved,,ok,two-sided,IMELL,1056,4,435.806,1831173,1808148,5246,6472966,0,0,2048,430.000,18.479,auto,30
lltp,ILL/petri-nets/MCC,,,IBM319_50_1.p,intuitionistic,auto,1,false,,5,0,3,provable,proved,,ok,two-sided,IMELL,1064,4,721.177,2996830,2954556,12140,10680259,0,0,2048,710.000,33.070,auto,30
lltp,ILL/petri-nets/MCC,,,IBM319_5_1.p,intuitionistic,auto,1,false,,5,0,3,provable,proved,,ok,two-sided,IMELL,1056,4,54.248,235697,229929,4169,704687,0,0,2048,50.000,8.536,auto,30
lltp,ILL/petri-nets/MCC,,,IBM5964_10_1.p,intuitionistic,auto,1,false,,5,0,3,provable,unknown,timeout,,two-sided,IMELL,1102,3,5012.879,26667648,26559069,93185,69898320,0,0,2048,4990.000,638.686,auto,30
lltp,ILL/petri-nets/MCC,,,IBM5964_1_1.p,intuitionistic,auto,1,false,,5,0,3,provable,proved,,ok,two-sided,IMELL,1100,3,0.159,3,0,2,11,0,0,2048,0.000,0.013,auto,30
lltp,ILL/petri-nets/MCC,,,IBM5964_20_1.p,intuitionistic,auto,1,false,,5,0,3,provable,unknown,timeout,,two-sided,IMELL,1108,3,5011.495,23694097,23589728,90636,70875973,0,0,2048,5000.000,732.853,auto,30
lltp,ILL/petri-nets/MCC,,,IBM5964_50_1.p,intuitionistic,auto,1,false,,5,0,3,provable,unknown,timeout,,two-sided,IMELL,1116,6,5011.802,19366464,19261548,91917,68314831,0,0,2048,5000.000,702.198,auto,30
lltp,ILL/petri-nets/MCC,,,IBM5964_5_1.p,intuitionistic,auto,1,false,,5,0,3,provable,proved,,ok,two-sided,IMELL,1106,3,1000.955,4452586,4408349,40102,13397659,0,0,2048,990.000,130.089,auto,30
lltp,ILL/petri-nets/MCC,,,IBM703_100_1.p,intuitionistic,auto,1,false,,5,0,3,provable,unknown,timeout,,two-sided,IMELL,1148,5,5000.157,11076557,10648229,1368,87450290,0,0,2048,4990.000,7.161,auto,30
lltp,ILL/petri-nets/MCC,,,IBM703_10_1.p,intuitionistic,auto,1,false,,5,0,3,provable,proved,,ok,two-sided,IMELL,1146,5,24.518,58449,56636,593,393161,0,0,2048,20.000,4.246,auto,30
lltp,ILL/petri-nets/MCC,,,IBM703_1_1.p,intuitionistic,auto,1,false,,5,0,3,provable,proved,,ok,two-sided,IMELL,1146,5,0.131,2,0,1,1,0,0,2048,0.000,0.011,auto,30
lltp,ILL/petri-nets/MCC,,,IBM703_20_1.p,intuitionistic,auto,1,false,,5,0,3,provable,proved,,ok,two-sided,IMELL,1146,5,51.187,119827,116282,945,838246,0,0,2048,50.000,3.241,auto,30
lltp,ILL/petri-nets/MCC,,,IBM703_50_1.p,intuitionistic,auto,1,false,,5,0,3,provable,unknown,timeout,,two-sided,IMELL,1146,5,5000.237,11389913,10957030,1366,86273368,0,0,2048,4990.000,6.880,auto,30
lltp,ILL/petri-nets/MCC,,,IBM703_5_1.p,intuitionistic,auto,1,false,,5,0,3,provable,proved,,ok,two-sided,IMELL,1146,5,8.655,22758,22048,326,125178,0,0,2048,0.000,3.406,auto,30
lltp,ILL/petri-nets/MCC,,,IBMB2S565S3960_100_1.p,intuitionistic,auto,1,false,,5,0,3,provable,unknown,timeout,,two-sided,IMELL,1184,7,5031.189,20167947,19988151,169539,80649143,0,0,2048,5010.000,655.303,auto,30
lltp,ILL/petri-nets/MCC,,,IBMB2S565S3960_10_1.p,intuitionistic,auto,1,false,,5,0,3,provable,unknown,timeout,,two-sided,IMELL,1170,7,5043.239,23200019,22972441,218385,69041984,0,0,2048,5030.000,639.397,auto,30
lltp,ILL/petri-nets/MCC,,,IBMB2S565S3960_1_1.p,intuitionistic,auto,1,false,,5,0,3,provable,proved,,ok,two-sided,IMELL,1166,7,0.161,3,0,2,13,0,0,2048,0.000,0.012,auto,30
lltp,ILL/petri-nets/MCC,,,IBMB2S565S3960_20_1.p,intuitionistic,auto,1,false,,5,0,3,provable,unknown,timeout,,two-sided,IMELL,1168,7,5040.458,22964028,22736586,218384,67121633,0,0,2048,5020.000,619.057,auto,30
lltp,ILL/petri-nets/MCC,,,IBMB2S565S3960_50_1.p,intuitionistic,auto,1,false,,5,0,3,provable,unknown,timeout,,two-sided,IMELL,1180,7,5006.091,3578709,3529607,43023,135266687,0,0,2048,4990.000,521.975,auto,30
lltp,ILL/petri-nets/MCC,,,IBMB2S565S3960_5_1.p,intuitionistic,auto,1,false,,5,0,3,provable,unknown,timeout,,two-sided,IMELL,1166,7,5040.430,22726001,22498320,218452,89299655,0,0,2048,5030.000,578.089,auto,30
lltp,ILL/petri-nets/MCC,,,IOTPpurchase_IOTP_c12m10p15d17_100_1.p,intuitionistic,auto,1,false,,5,0,3,provable,unknown,timeout,,two-sided,IMELL,714,18,5008.361,225006,155909,12952,128240372,0,0,2048,4990.000,371.320,auto,30
lltp,ILL/petri-nets/MCC,,,IOTPpurchase_IOTP_c12m10p15d17_10_1.p,intuitionistic,auto,1,false,,5,0,3,provable,proved,,ok,two-sided,IMELL,714,18,5.677,399,148,79,108224,0,0,2048,0.000,1.284,auto,30
lltp,ILL/petri-nets/MCC,,,IOTPpurchase_IOTP_c12m10p15d17_1_1.p,intuitionistic,auto,1,false,,5,0,3,provable,proved,,ok,two-sided,IMELL,714,18,0.137,3,0,2,79,0,0,2048,0.000,0.013,auto,30
lltp,ILL/petri-nets/MCC,,,IOTPpurchase_IOTP_c12m10p15d17_20_1.p,intuitionistic,auto,1,false,,5,0,3,provable,proved,,ok,two-sided,IMELL,714,18,176.873,13585,8114,1275,2969516,0,0,2048,170.000,16.322,auto,30
lltp,ILL/petri-nets/MCC,,,IOTPpurchase_IOTP_c12m10p15d17_50_1.p,intuitionistic,auto,1,false,,5,0,3,provable,unknown,timeout,,two-sided,IMELL,724,18,5003.393,225006,155909,12952,124275206,0,0,2048,4990.000,406.931,auto,30
lltp,ILL/petri-nets/MCC,,,IOTPpurchase_IOTP_c12m10p15d17_5_1.p,intuitionistic,auto,1,false,,5,0,3,provable,proved,,ok,two-sided,IMELL,714,18,0.377,35,4,12,825,0,0,2048,0.000,0.011,auto,30
lltp,ILL/petri-nets/MCC,,,IOTPpurchase_IOTP_c1m1p1d1_100_1.p,intuitionistic,auto,1,false,,5,0,3,provable,proved,,ok,two-sided,IMELL,514,2,0.389,66,0,11,2275,0,0,2048,0.000,0.012,auto,30
lltp,ILL/petri-nets/MCC,,,IOTPpurchase_IOTP_c1m1p1d1_10_1.p,intuitionistic,auto,1,false,,5,0,3,provable,proved,,ok,two-sided,IMELL,514,2,0.381,66,0,11,2275,0,0,2048,0.000,0.012,auto,30
lltp,ILL/petri-nets/MCC,,,IOTPpurchase_IOTP_c1m1p1d1_1_1.p,intuitionistic,auto,1,false,,5,0,3,provable,proved,,ok,two-sided,IMELL,514,2,0.100,3,0,2,29,0,0,2048,0.000,0.011,auto,30
lltp,ILL/petri-nets/MCC,,,IOTPpurchase_IOTP_c1m1p1d1_20_1.p,intuitionistic,auto,1,false,,5,0,3,provable,proved,,ok,two-sided,IMELL,522,2,1.111,231,0,21,9258,0,0,2048,0.000,0.013,auto,30
lltp,ILL/petri-nets/MCC,,,IOTPpurchase_IOTP_c1m1p1d1_50_1.p,intuitionistic,auto,1,false,,5,0,3,provable,proved,,ok,two-sided,IMELL,514,2,0.180,21,0,6,666,0,0,2048,0.000,0.012,auto,30
lltp,ILL/petri-nets/MCC,,,IOTPpurchase_IOTP_c1m1p1d1_5_1.p,intuitionistic,auto,1,false,,5,0,3,provable,proved,,ok,two-sided,IMELL,514,2,0.183,21,0,6,666,0,0,2048,0.000,0.012,auto,30
lltp,ILL/petri-nets/MCC,,,IOTPpurchase_IOTP_c3m3p3d3_100_1.p,intuitionistic,auto,1,false,,5,0,3,provable,unknown,timeout,,two-sided,IMELL,554,4,5005.913,20018,11453,1004,309524425,0,0,2048,4990.000,17.838,auto,30
lltp,ILL/petri-nets/MCC,,,IOTPpurchase_IOTP_c3m3p3d3_10_1.p,intuitionistic,auto,1,false,,5,0,3,provable,proved,,ok,two-sided,IMELL,556,4,0.987,272,93,48,6073,0,0,2048,0.000,0.013,auto,30
lltp,ILL/petri-nets/MCC,,,IOTPpurchase_IOTP_c3m3p3d3_1_1.p,intuitionistic,auto,1,false,,5,0,3,provable,proved,,ok,two-sided,IMELL,546,4,0.107,3,0,2,37,0,0,2048,0.000,0.011,auto,30
lltp,ILL/petri-nets/MCC,,,IOTPpurchase_IOTP_c3m3p3d3_20_1.p,intuitionistic,auto,1,false,,5,0,3,provable,proved,,ok,two-sided,IMELL,556,4,22.244,3567,1825,287,709391,0,0,2048,20.000,1.851,auto,30
lltp,ILL/petri-nets/MCC,,,IOTPpurchase_IOTP_c3m3p3d3_50_1.p,intuitionistic,auto,1,false,,5,0,3,provable,unknown,timeout,,two-sided,IMELL,554,4,5003.350,20018,11453,1004,287570007,0,0,2048,4990.000,10.687,auto,30
lltp,ILL/petri-nets/MCC,,,IOTPpurchase_IOTP_c3m3p3d3_5_1.p,intuitionistic,auto,1,false,,5,0,3,provable,proved,,ok,two-sided,IMELL,546,4,0.275,34,4,11,757,0,0,2048,0.000,0.012,auto,30
lltp,ILL/petri-nets/MCC,,,IOTPpurchase_IOTP_c5m4p3d2_100_1.p,intuitionistic,auto,1,false,,5,0,3,provable,unknown,timeout,,two-sided,IMELL,574,6,5000.673,79007,52510,3887,206871584,0,0,2048,4990.000,67.930,auto,30
lltp,ILL/petri-nets/MCC,,,IOTPpurchase_IOTP_c5m4p3d2_10_1.p,intuitionistic,auto,1,false,,5,0,3,provable,proved,,ok,two-sided,IMELL,554,6,1.246,366,137,68,7600,0,0,2048,0.000,0.014,auto,30
lltp,ILL/petri-nets/MCC,,,IOTPpurchase_IOTP_c5m4p3d2_1_1.p,intuitionistic,auto,1,false,,5,0,3,provable,proved,,ok,two-sided,IMELL,554,6,0.110,3,0,2,39,0,0,2048,0.000,0.011,auto,30
lltp,ILL/petri-nets/MCC,,,IOTPpurchase_IOTP_c5m4p3d2_20_1.p,intuitionistic,auto,1,false,,5,0,3,provable,proved,,ok,two-sided,IMELL,554,6,53.475,8399,4914,700,1487208,0,0,2048,50.000,6.037,auto,30
lltp,ILL/petri-nets/MCC,,,IOTPpurchase_IOTP_c5m4p3d2_50_1.p,intuitionistic,auto,1,false,,5,0,3,provable,unknown,timeout,,two-sided,IMELL,554,6,5004.283,79007,52510,3887,224366741,0,0,2048,4990.000,50.395,auto,30
lltp,ILL/petri-nets/MCC,,,IOTPpurchase_IOTP_c5m4p3d2_5_1.p,intuitionistic,auto,1,false,,5,0,3,provable,proved,,ok,two-sided,IMELL,554,6,0.250,35,4,12,785,0,0,2048,0.000,0.012,auto,30
lltp,ILL/petri-nets/MCC,,,JoinFreeModules_joinFree-100_100_1.p,intuitionistic,auto,1,false,,5,0,3,provable,unknown,timeout,,two-sided,IMELL,91206,203,5006.266,18094,3829,14172,80950555,0,0,2048,5000.000,627.319,auto,30
lltp,ILL/petri-nets/MCC,,,JoinFreeModules_joinFree-100_1_1.p,intuitionistic,auto,1,false,,5,0,3,provable,proved,,ok,two-sided,IMELL,91206,203,30.737,4,0,2,49882,0,0,2048,30.000,1.005,auto,30
lltp,ILL/petri-nets/MCC,,,JoinFreeModules_joinFree-100_20_1.p,intuitionistic,auto,1,false,,5,0,3,provable,unknown,timeout,,two-sided,IMELL,91206,203,5031.381,14327,2361,11891,107499534,0,0,2048,5020.000,417.418,auto,30
lltp,ILL/petri-nets/MCC,,,JoinFreeModules_joinFree-100_50_1.p,intuitionistic,auto,1,false,,5,0,3,provable,unknown,timeout,,two-sided,IMELL,91206,203,5017.386,12309,1723,10521,127143021,0,0,2048,5000.000,758.641,auto,30
lltp,ILL/petri-nets/MCC,,,JoinFreeModules_joinFree-100_5_1.p,intuitionistic,auto,1,false,,5,0,3,provable,unknown,timeout,,two-sided,IMELL,91206,203,5021.137,11934,1636,10235,114305851,0,0,2048,5010.000,699.744,auto,30
lltp,ILL/petri-nets/MCC,,,JoinFreeModules_joinFree-10_100_1.p,intuitionistic,auto,1,false,,5,0,3,provable,unknown,timeout,,two-sided,IMELL,1926,23,5053.294,919206,666122,211025,212948877,0,0,2048,5030.000,1140.657,auto,30
lltp,ILL/petri-nets/MCC,,,JoinFreeModules_joinFree-10_1_1.p,intuitionistic,auto,1,false,,5,0,3,provable,proved,,ok,two-sided,IMELL,1926,23,0.188,3,0,2,383,0,0,2048,0.000,0.013,auto,30
lltp,ILL/petri-nets/MCC,,,JoinFreeModules_joinFree-10_20_1.p,intuitionistic,auto,1,false,,5,0,3,provable,unknown,timeout,,two-sided,IMELL,1926,23,5055.808,893815,646712,206156,197161024,0,0,2048,5040.000,1122.143,auto,30
lltp,ILL/petri-nets/MCC,,,JoinFreeModules_joinFree-10_50_1.p,intuitionistic,auto,1,false,,5,0,3,provable,unknown,timeout,,two-sided,IMELL,1926,23,5070.477,9207233,8909875,247196,38716654,0,0,2048,5050.000,977.411,auto,30
lltp,ILL/petri-nets/MCC,,,JoinFreeModules_joinFree-10_5_1.p,intuitionistic,auto,1,false,,5,0,3,provable,proved,,ok,two-sided,IMELL,1926,23,348.633,54081,36113,15435,11157451,0,0,2048,340.000,79.394,auto,30
lltp,ILL/petri-nets/MCC,,,JoinFreeModules_joinFree-20_100_1.p,intuitionistic,auto,1,false,,5,0,3,provable,unknown,timeout,,two-sided,IMELL,5446,43,5028.242,4856635,4723817,123466,31923752,0,0,2048,5010.000,871.301,auto,30
lltp,ILL/petri-nets/MCC,,,JoinFreeModules_joinFree-20_1_1.p,intuitionistic,auto,1,false,,5,0,3,provable,proved,,ok,two-sided,IMELL,5446,43,0.526,3,0,2,1373,0,0,2048,0.000,0.017,auto,30
lltp,ILL/petri-nets/MCC,,,JoinFreeModules_joinFree-20_20_1.p,intuitionistic,auto,1,false,,5,0,3,provable,unknown,timeout,,two-sided,IMELL,5446,43,5017.106,263195,168501,88319,177240231,0,0,2048,5000.000,1026.389,auto,30
lltp,ILL/petri-nets/MCC,,,JoinFreeModules_joinFree-20_50_1.p,intuitionistic,auto,1,false,,5,0,3,provable,unknown,timeout,,two-sided,IMELL,5446,43,5018.064,286427,184343,95148,127133626,0,0,2048,5000.000,1061.958,auto,30
lltp,ILL/petri-nets/MCC,,,JoinFreeModules_joinFree-20_5_1.p,intuitionistic,auto,1,false,,5,0,3,provable,proved,,ok,two-sided,IMELL,5446,43,1426.170,98247,60841,35070,29383332,0,0,2048,1420.000,255.888,auto,30
lltp,ILL/petri-nets/MCC,,,JoinFreeModules_joinFree-3_100_1.p,intuitionistic,auto,1,false,,5,0,3,provable,proved,,ok,two-sided,IMELL,414,11,71.972,209597,195116,7380,1756325,0,0,2048,70.000,13.135,auto,30
lltp,ILL/petri-nets/MCC,,,JoinFreeModules_joinFree-3_10_1.p,intuitionistic,auto,1,false,,5,0,3,provable,proved,,ok,two-sided,IMELL,414,13,125.278,492036,463674,13446,1631386,0,0,2048,120.000,23.175,auto,30
lltp,ILL/petri-nets/MCC,,,JoinFreeModules_joinFree-3_1_1.p,intuitionistic,auto,1,false,,5,0,3,provable,proved,,ok,two-sided,IMELL,414,10,0.100,3,0,2,47,0,0,2048,0.000,0.013,auto,30
lltp,ILL/petri-nets/MCC,,,JoinFreeModules_joinFree-3_20_1.p,intuitionistic,auto,1,false,,5,0,3,provable,proved,,ok,two-sided,IMELL,414,13,839.562,3239326,3075282,63237,10574363,0,0,2048,830.000,149.109,auto,30
lltp,ILL/petri-nets/MCC,,,JoinFreeModules_joinFree-3_50_1.p,intuitionistic,auto,1,false,,5,0,3,provable,proved,,ok,two-sided,IMELL,414,11,38.201,79400,72316,3897,1377100,0,0,2048,30.000,5.764,auto,30
lltp,ILL/petri-nets/MCC,,,JoinFreeModules_joinFree-3_5_1.p,intuitionistic,auto,1,false,,5,0,3,provable,proved,,ok,two-sided,IMELL,414,11,1.028,993,510,319,7410,0,0,2048,0.000,0.012,auto,30
lltp,ILL/petri-nets/MCC,,,JoinFreeModules_joinFree-4_10_1.p,intuitionistic,auto,1,false,,5,0,3,provable,proved,,ok,two-sided,IMELL,582,13,1107.271,3869400,3685751,102891,12435044,0,0,2048,1090.000,205.124,auto,30
lltp,ILL/petri-nets/MCC,,,JoinFreeModules_joinFree-4_1_1.p,intuitionistic,auto,1,false,,5,0,3,provable,proved,,ok,two-sided,IMELL,582,11,0.113,3,0,2,77,0,0,2048,0.000,0.013,auto,30
lltp,ILL/petri-nets/MCC,,,JoinFreeModules_joinFree-4_20_1.p,intuitionistic,auto,1,false,,5,0,3,provable,unknown,timeout,,two-sided,IMELL,582,12,5021.361,1827021,1404853,225093,199674194,0,0,2048,5000.000,528.045,auto,30
lltp,ILL/petri-nets/MCC,,,JoinFreeModules_joinFree-4_5_1.p,intuitionistic,auto,1,false,,5,0,3,provable,proved,,ok,two-sided,IMELL,582,11,4.495,13527,12280,921,53225,0,0,2048,0.000,0.705,auto,30
lltp,ILL/petri-nets/MCC,,,JoinFreeModules_joinFree-50_100_1.p,intuitionistic,auto,1,false,,5,0,3,provable,unknown,timeout,,two-sided,IMELL,25606,103,5007.002,69836,33997,35143,93908835,0,0,2048,5000.000,804.120,auto,30
lltp,ILL/petri-nets/MCC,,,JoinFreeModules_joinFree-50_1_1.p,intuitionistic,auto,1,false,,5,0,3,provable,proved,,ok,two-sided,IMELL,25606,103,5.053,4,0,2,50470,0,0,2048,10.000,0.606,auto,30
lltp,ILL/petri-nets/MCC,,,JoinFreeModules_joinFree-50_20_1.p,intuitionistic,auto,1,false,,5,0,3,provable,unknown,timeout,,two-sided,IMELL,25606,103,5011.576,65740,31181,33903,131373795,0,0,2048,5000.000,645.984,auto,30
lltp,ILL/petri-nets/MCC,,,JoinFreeModules_joinFree-50_50_1.p,intuitionistic,auto,1,false,,5,0,3,provable,unknown,timeout,,two-sided,IMELL,25606,103,5008.232,70293,34414,35179,115997384,0,0,2048,5000.000,779.306,auto,30
lltp,ILL/petri-nets/MCC,,,JoinFreeModules_joinFree-50_5_1.p,intuitionistic,auto,1,false,,5,0,3,provable,unknown,timeout,,two-sided,IMELL,25606,103,5008.407,52030,25032,26478,150688567,0,0,2048,5000.000,863.846,auto,30
lltp,ILL/petri-nets/MCC,,,JoinFreeModules_joinFree-5_10_1.p,intuitionistic,auto,1,false,,5,0,3,provable,unknown,timeout,,two-sided,IMELL,766,13,5043.018,16105221,15467157,397391,52294321,0,0,2048,5030.000,934.970,auto,30
lltp,ILL/petri-nets/MCC,,,JoinFreeModules_joinFree-5_1_1.p,intuitionistic,auto,1,false,,5,0,3,provable,proved,,ok,two-sided,IMELL,766,13,0.122,3,0,2,113,0,0,2048,0.000,0.014,auto,30
lltp,ILL/petri-nets/MCC,,,JoinFreeModules_joinFree-5_20_1.p,intuitionistic,auto,1,false,,5,0,3,provable,unknown,timeout,,two-sided,IMELL,766,13,5030.849,1846961,1406837,283114,234680704,0,0,2048,5010.000,1107.121,auto,30
lltp,ILL/petri-nets/MCC,,,JoinFreeModules_joinFree-5_5_1.p,intuitionistic,auto,1,false,,5,0,3,provable,proved,,ok,two-sided,IMELL,766,13,19.211,5639,3378,1743,794799,0,0,2048,10.000,4.848,auto,30
lltp,ILL/petri-nets/MCC,,,Kanban-1000_100_1.p,intuitionistic,auto,1,false,,5,0,3,provable,unknown,timeout,,two-sided,IMELL,16078,1001,5007.220,58804,43609,5299,13578480,0,0,2048,4990.000,981.198,auto,30
lltp,ILL/petri-nets/MCC,,,Kanban-1000_10_1.p,intuitionistic,auto,1,false,,5,0,3,provable,proved,,ok,two-sided,IMELL,16078,1001,748.491,3219,2025,484,1712019,0,0,2048,750.000,60.875,auto,30
lltp,ILL/petri-nets/MCC,,,Kanban-1000_1_1.p,intuitionistic,auto,1,false,,5,0,3,provable,proved,,ok,two-sided,IMELL,16078,1001,1.725,3,0,2,4002,0,0,2048,0.000,0.034,auto,30
lltp,ILL/petri-nets/MCC,,,Kanban-1000_20_1.p,intuitionistic,auto,1,false,,5,0,3,provable,unknown,timeout,,two-sided,IMELL,16078,1001,5007.348,37972,27878,3470,10571154,0,0,2048,4990.000,542.626,auto,30
lltp,ILL/petri-nets/MCC,,,Kanban-1000_50_1.p,intuitionistic,auto,1,false,,5,0,3,provable,unknown,timeout,,two-sided,IMELL,16078,1001,5006.937,51908,38323,4723,12680182,0,0,2048,4990.000,756.785,auto,30
lltp,ILL/petri-nets/MCC,,,Kanban-1000_5_1.p,intuitionistic,auto,1,false,,5,0,3,provable,proved,,ok,two-sided,IMELL,16078,1001,29.487,58,11,23,108055,0,0,2048,30.000,3.817,auto,30
lltp,ILL/petri-nets/MCC,,,Kanban-100_100_1.p,intuitionistic,auto,1,false,,5,0,3,provable,unknown,timeout,,two-sided,IMELL,1678,102,5006.668,521373,411563,32806,56035848,0,0,2048,4980.000,782.074,auto,30
lltp,ILL/petri-nets/MCC,,,Kanban-100_10_1.p,intuitionistic,auto,1,false,,5,0,3,provable,proved,,ok,two-sided,IMELL,1678,101,65.068,3219,2025,484,948921,0,0,2048,60.000,9.666,auto,30
lltp,ILL/petri-nets/MCC,,,Kanban-100_1_1.p,intuitionistic,auto,1,false,,5,0,3,provable,proved,,ok,two-sided,IMELL,1678,101,0.177,3,0,2,402,0,0,2048,0.000,0.013,auto,30
lltp,ILL/petri-nets/MCC,,,Kanban-100_20_1.p,intuitionistic,auto,1,false,,5,0,3,provable,unknown,timeout,,two-sided,IMELL,1678,101,5007.389,386838,304166,24821,61485698,0,0,2048,4990.000,606.961,auto,30
lltp,ILL/petri-nets/MCC,,,Kanban-100_50_1.p,intuitionistic,auto,1,false,,5,0,3,provable,unknown,timeout,,two-sided,IMELL,1678,101,5005.841,520529,410850,32804,59268836,0,0,2048,4980.000,786.594,auto,30
lltp,ILL/petri-nets/MCC,,,Kanban-100_5_1.p,intuitionistic,auto,1,false,,5,0,3,provable,proved,,ok,two-sided,IMELL,1678,101,0.590,57,11,23,786,0,0,2048,0.000,0.013,auto,30
lltp,ILL/petri-nets/MCC,,,Kanban-10_10_1.p,intuitionistic,auto,1,false,,5,0,3,provable,proved,,ok,two-sided,IMELL,238,12,9.489,3219,2025,484,345671,0,0,2048,10.000,0.025,auto,30
lltp,ILL/petri-nets/MCC,,,Kanban-10_1_1.p,intuitionistic,auto,1,false,,5,0,3,provable,proved,,ok,two-sided,IMELL,238,11,0.085,3,0,2,42,0,0,2048,0.000,0.013,auto,30
lltp,ILL/petri-nets/MCC,,,Kanban-10_20_1.p,intuitionistic,auto,1,false,,5,0,3,provable,proved,,ok,two-sided,IMELL,238,11,2039.459,795229,640334,40156,78931169,0,0,2048,2020.000,261.458,auto,30
lltp,ILL/petri-nets/MCC,,,Kanban-10_5_1.p,intuitionistic,auto,1,false,,5,0,3,provable,proved,,ok,two-sided,IMELL,238,11,0.171,57,11,23,426,0,0,2048,0.000,0.012,auto,30
lltp,ILL/petri-nets/MCC,,,Kanban-200_100_1.p,intuitionistic,auto,1,false,,5,0,3,provable,unknown,timeout,,two-sided,IMELL,3278,201,5003.914,350196,273567,23825,39847643,0,0,2048,4990.000,1010.975,auto,30
lltp,ILL/petri-nets/MCC,,,Kanban-200_10_1.p,intuitionistic,auto,1,false,,5,0,3,provable,proved,,ok,two-sided,IMELL,3278,201,134.101,3219,2025,484,1206163,0,0,2048,130.000,19.404,auto,30
lltp,ILL/petri-nets/MCC,,,Kanban-200_1_1.p,intuitionistic,auto,1,false,,5,0,3,provable,proved,,ok,two-sided,IMELL,3278,201,0.293,3,0,2,802,0,0,2048,0.000,0.012,auto,30
lltp,ILL/petri-nets/MCC,,,Kanban-200_20_1.p,intuitionistic,auto,1,false,,5,0,3,provable,unknown,timeout,,two-sided,IMELL,3278,201,5005.042,205460,159165,14093,38612232,0,0,2048,4990.000,596.641,auto,30
lltp,ILL/petri-nets/MCC,,,Kanban-200_50_1.p,intuitionistic,auto,1,false,,5,0,3,provable,unknown,timeout,,two-sided,IMELL,3278,201,5003.988,304812,237227,20934,40173107,0,0,2048,4980.000,963.488,auto,30
lltp,ILL/petri-nets/MCC,,,Kanban-200_5_1.p,intuitionistic,auto,1,false,,5,0,3,provable,proved,,ok,two-sided,IMELL,3278,201,1.075,57,11,23,1186,0,0,2048,0.000,0.037,auto,30
lltp,ILL/petri-nets/MCC,,,Kanban-20_10_1.p,intuitionistic,auto,1,false,,5,0,3,provable,proved,,ok,two-sided,IMELL,398,21,16.057,3219,2025,484,510790,0,0,2048,10.000,4.063,auto,30
lltp,ILL/petri-nets/MCC,,,Kanban-20_1_1.p,intuitionistic,auto,1,false,,5,0,3,provable,proved,,ok,two-sided,IMELL,398,21,0.098,3,0,2,82,0,0,2048,0.000,0.012,auto,30
lltp,ILL/petri-nets/MCC,,,Kanban-20_20_1.p,intuitionistic,auto,1,false,,5,0,3,provable,proved,,ok,two-sided,IMELL,398,22,4195.375,801092,644455,40967,106832602,0,0,2048,4170.000,334.734,auto,30
lltp,ILL/petri-nets/MCC,,,Kanban-20_5_1.p,intuitionistic,auto,1,false,,5,0,3,provable,proved,,ok,two-sided,IMELL,398,21,0.221,57,11,23,466,0,0,2048,0.000,0.012,auto,30
lltp,ILL/petri-nets/MCC,,,Kanban-500_100_1.p,intuitionistic,auto,1,false,,5,0,3,provable,unknown,timeout,,two-sided,IMELL,8078,501,5004.435,144330,110392,11039,24379483,0,0,2048,4980.000,1048.320,auto,30
lltp,ILL/petri-nets/MCC,,,Kanban-500_10_1.p,intuitionistic,auto,1,false,,5,0,3,provable,proved,,ok,two-sided,IMELL,8078,501,348.847,3219,2025,484,1509251,0,0,2048,340.000,25.646,auto,30
lltp,ILL/petri-nets/MCC,,,Kanban-500_1_1.p,intuitionistic,auto,1,false,,5,0,3,provable,proved,,ok,two-sided,IMELL,8078,501,0.741,3,0,2,2002,0,0,2048,0.000,0.012,auto,30
lltp,ILL/petri-nets/MCC,,,Kanban-500_20_1.p,intuitionistic,auto,1,false,,5,0,3,provable,unknown,timeout,,two-sided,IMELL,8078,501,5004.084,90177,67958,7493,19526704,0,0,2048,4990.000,610.409,auto,30
lltp,ILL/petri-nets/MCC,,,Kanban-500_50_1.p,intuitionistic,auto,1,false,,5,0,3,provable,unknown,timeout,,two-sided,IMELL,8078,501,5003.034,126309,95864,10052,22813115,0,0,2048,4980.000,964.369,auto,30
lltp,ILL/petri-nets/MCC,,,Kanban-500_5_1.p,intuitionistic,auto,1,false,,5,0,3,provable,proved,,ok,two-sided,IMELL,8078,501,13.321,58,11,23,87708,0,0,2048,10.000,0.047,auto,30
lltp,ILL/petri-nets/MCC,,,Kanban-50_10_1.p,intuitionistic,auto,1,false,,5,0,3,provable,proved,,ok,two-sided,IMELL,878,51,36.268,3219,2025,484,824837,0,0,2048,30.000,5.330,auto,30
lltp,ILL/petri-nets/MCC,,,Kanban-50_1_1.p,intuitionistic,auto,1,false,,5,0,3,provable,proved,,ok,two-sided,IMELL,878,51,0.125,3,0,2,202,0,0,2048,0.000,0.012,auto,30
lltp,ILL/petri-nets/MCC,,,Kanban-50_20_1.p,intuitionistic,auto,1,false,,5,0,3,provable,unknown,timeout,,two-sided,IMELL,878,51,5006.457,589249,468422,34562,91182664,0,0,2048,4980.000,460.708,auto,30
lltp,ILL/petri-nets/MCC,,,Kanban-50_50_1.p,intuitionistic,auto,1,false,,5,0,3,provable,unknown,timeout,,two-sided,IMELL,878,52,5005.048,694485,552321,41136,83154787,0,0,2048,4990.000,612.769,auto,30
lltp,ILL/petri-nets/MCC,,,Kanban-50_5_1.p,intuitionistic,auto,1,false,,5,0,3,provable,proved,,ok,two-sided,IMELL,878,51,0.362,57,11,23,586,0,0,2048,0.000,0.013,auto,30
lltp,ILL/petri-nets/MCC,,,Kanban-5_10_1.p,intuitionistic,auto,1,false,,5,0,3,provable,proved,,ok,two-sided,IMELL,158,6,4.757,3136,1983,459,188416,0,0,2048,0.000,0.018,auto,30
lltp,ILL/petri-nets/MCC,,,Kanban-5_1_1.p,intuitionistic,auto,1,false,,5,0,3,provable,proved,,ok,two-sided,IMELL,158,6,0.075,3,0,2,22,0,0,2048,0.000,0.013,auto,30
lltp,ILL/petri-nets/MCC,,,Kanban-5_20_1.p,intuitionistic,auto,1,false,,5,0,3,provable,proved,,ok,two-sided,IMELL,158,6,24.251,11498,8038,1236,1099596,0,0,2048,20.000,4.265,auto,30
lltp,ILL/petri-nets/MCC,,,Kanban-5_50_1.p,intuitionistic,auto,1,false,,5,0,3,provable,proved,,ok,two-sided,IMELL,158,6,4.772,3136,1983,459,188416,0,0,2048,0.000,0.017,auto,30
lltp,ILL/petri-nets/MCC,,,Kanban-5_5_1.p,intuitionistic,auto,1,false,,5,0,3,provable,proved,,ok,two-sided,IMELL,158,7,0.147,57,11,23,406,0,0,2048,0.000,0.012,auto,30
lltp,ILL/petri-nets/MCC,,,LamportFastMutEx_lamport_fmea-2_100_1.p,intuitionistic,auto,1,false,,5,0,3,provable,proved,,ok,two-sided,IMELL,826,22,43.547,87633,80932,2651,659280,0,0,2048,40.000,7.587,auto,30
lltp,ILL/petri-nets/MCC,,,LamportFastMutEx_lamport_fmea-2_10_1.p,intuitionistic,auto,1,false,,5,0,3,provable,proved,,ok,two-sided,IMELL,826,22,2.433,1231,346,641,35992,0,0,2048,0.000,0.600,auto,30
lltp,ILL/petri-nets/MCC,,,LamportFastMutEx_lamport_fmea-2_1_1.p,intuitionistic,auto,1,false,,5,0,3,provable,proved,,ok,two-sided,IMELL,826,22,0.116,3,0,2,34,0,0,2048,0.000,0.012,auto,30
lltp,ILL/petri-nets/MCC,,,LamportFastMutEx_lamport_fmea-2_20_1.p,intuitionistic,auto,1,false,,5,0,3,provable,proved,,ok,two-sided,IMELL,830,22,13.385,10128,7619,1522,338741,0,0,2048,10.000,0.708,auto,30
lltp,ILL/petri-nets/MCC,,,LamportFastMutEx_lamport_fmea-2_50_1.p,intuitionistic,auto,1,false,,5,0,3,provable,proved,,ok,two-sided,IMELL,826,22,43.883,87633,80932,2651,659280,0,0,2048,40.000,7.836,auto,30
lltp,ILL/petri-nets/MCC,,,LamportFastMutEx_lamport_fmea-2_5_1.p,intuitionistic,auto,1,false,,5,0,3,provable,proved,,ok,two-sided,IMELL,826,22,0.281,51,9,17,2076,0,0,2048,0.000,0.013,auto,30
lltp,ILL/petri-nets/MCC,,,LamportFastMutEx_lamport_fmea-3_100_1.p,intuitionistic,auto,1,false,,5,0,3,provable,unknown,timeout,,two-sided,IMELL,1358,33,5012.410,9614931,9273991,98666,61686165,0,0,2048,4990.000,1005.784,auto,30
lltp,ILL/petri-nets/MCC,,,LamportFastMutEx_lamport_fmea-3_10_1.p,intuitionistic,auto,1,false,,5,0,3,provable,proved,,ok,two-sided,IMELL,1358,33,16.808,11856,7417,3548,271294,0,0,2048,10.000,3.243,auto,30
lltp,ILL/petri-nets/MCC,,,LamportFastMutEx_lamport_fmea-3_1_1.p,intuitionistic,auto,1,false,,5,0,3,provable,proved,,ok,two-sided,IMELL,1358,33,0.137,3,0,2,39,0,0,2048,0.000,0.011,auto,30
lltp,ILL/petri-nets/MCC,,,LamportFastMutEx_lamport_fmea-3_20_1.p,intuitionistic,auto,1,false,,5,0,3,provable,proved,,ok,two-sided,IMELL,1358,33,31.475,69181,66551,1240,397217,0,0,2048,30.000,9.214,auto,30
lltp,ILL/petri-nets/MCC,,,LamportFastMutEx_lamport_fmea-3_50_1.p,intuitionistic,auto,1,false,,5,0,3,provable,unknown,timeout,,two-sided,IMELL,1358,33,5012.977,9600538,9261242,97148,62151703,0,0,2048,4990.000,991.267,auto,30
lltp,ILL/petri-nets/MCC,,,LamportFastMutEx_lamport_fmea-3_5_1.p,intuitionistic,auto,1,false,,5,0,3,provable,proved,,ok,two-sided,IMELL,1358,33,0.654,116,37,39,5846,0,0,2048,0.000,0.013,auto,30
lltp,ILL/petri-nets/MCC,,,LamportFastMutEx_lamport_fmea-4_100_1.p,intuitionistic,auto,1,false,,5,0,3,provable,unknown,timeout,,two-sided,IMELL,2018,46,5057.217,8851512,8418145,275040,57017194,0,0,2048,5030.000,962.817,auto,30
lltp,ILL/petri-nets/MCC,,,LamportFastMutEx_lamport_fmea-4_10_1.p,intuitionistic,auto,1,false,,5,0,3,provable,proved,,ok,two-sided,IMELL,2018,46,103.255,14050,5054,6368,3474910,0,0,2048,100.000,18.834,auto,30
lltp,ILL/petri-nets/MCC,,,LamportFastMutEx_lamport_fmea-4_1_1.p,intuitionistic,auto,1,false,,5,0,3,provable,proved,,ok,two-sided,IMELL,2018,46,0.185,3,0,2,35,0,0,2048,0.000,0.013,auto,30
lltp,ILL/petri-nets/MCC,,,LamportFastMutEx_lamport_fmea-4_20_1.p,intuitionistic,auto,1,false,,5,0,3,provable,unknown,timeout,,two-sided,IMELL,2026,46,5017.156,377216,192030,88063,142965451,0,0,2048,5000.000,1083.159,auto,30
lltp,ILL/petri-nets/MCC,,,LamportFastMutEx_lamport_fmea-4_50_1.p,intuitionistic,auto,1,false,,5,0,3,provable,unknown,timeout,,two-sided,IMELL,2018,46,5051.668,6975673,6569584,254916,87549260,0,0,2048,5030.000,980.774,auto,30
lltp,ILL/petri-nets/MCC,,,LamportFastMutEx_lamport_fmea-4_5_1.p,intuitionistic,auto,1,false,,5,0,3,provable,proved,,ok,two-sided,IMELL,2018,46,2.649,707,554,90,78257,0,0,2048,0.000,1.311,auto,30
lltp,ILL/petri-nets/MCC,,,LamportFastMutEx_lamport_fmea-5_100_1.p,intuitionistic,auto,1,false,,5,0,3,provable,unknown,timeout,,two-sided,IMELL,2806,61,5053.157,7676640,7324598,253602,47573905,0,0,2048,5040.000,1003.954,auto,30
lltp,ILL/petri-nets/MCC,,,LamportFastMutEx_lamport_fmea-5_10_1.p,intuitionistic,auto,1,false,,5,0,3,provable,proved,,ok,two-sided,IMELL,2806,61,0.544,49,11,27,2796,0,0,2048,0.000,0.034,auto,30
lltp,ILL/petri-nets/MCC,,,LamportFastMutEx_lamport_fmea-5_1_1.p,intuitionistic,auto,1,false,,5,0,3,provable,proved,,ok,two-sided,IMELL,2806,61,0.211,3,0,2,38,0,0,2048,0.000,0.024,auto,30
lltp,ILL/petri-nets/MCC,,,LamportFastMutEx_lamport_fmea-5_20_1.p,intuitionistic,auto,1,false,,5,0,3,provable,unknown,timeout,,two-sided,IMELL,2806,61,5026.851,7884533,7654206,134247,55500185,0,0,2048,5000.000,1074.310,auto,30
lltp,ILL/petri-nets/MCC,,,LamportFastMutEx_lamport_fmea-5_50_1.p,intuitionistic,auto,1,false,,5,0,3,provable,unknown,timeout,,two-sided,IMELL,2806,61,5051.150,7241758,6891679,251035,57991533,0,0,2048,5030.000,1030.567,auto,30
lltp,ILL/petri-nets/MCC,,,LamportFastMutEx_lamport_fmea-5_5_1.p,intuitionistic,auto,1,false,,5,0,3,provable,proved,,ok,two-sided,IMELL,2806,61,4.680,432,205,137,163054,0,0,2048,0.000,0.987,auto,30
lltp,ILL/petri-nets/MCC,,,LamportFastMutEx_lamport_fmea-6_100_1.p,intuitionistic,auto,1,false,,5,0,3,provable,unknown,timeout,,two-sided,IMELL,3722,78,5108.718,4084192,3589169,416737,42311778,0,0,2048,5090.000,875.884,auto,30
lltp,ILL/petri-nets/MCC,,,LamportFastMutEx_lamport_fmea-6_10_1.p,intuitionistic,auto,1,false,,5,0,3,provable,proved,,ok,two-sided,IMELL,3722,78,1314.042,87442,51030,21821,33899072,0,0,2048,1300.000,306.614,auto,30
lltp,ILL/petri-nets/MCC,,,LamportFastMutEx_lamport_fmea-6_1_1.p,intuitionistic,auto,1,false,,5,0,3,provable,proved,,ok,two-sided,IMELL,3722,78,0.267,3,0,2,40,0,0,2048,0.000,0.014,auto,30
lltp,ILL/petri-nets/MCC,,,LamportFastMutEx_lamport_fmea-6_20_1.p,intuitionistic,auto,1,false,,5,0,3,provable,unknown,timeout,,two-sided,IMELL,3722,78,5023.306,6166046,5990168,108256,50107019,0,0,2048,5000.000,1089.788,auto,30
lltp,ILL/petri-nets/MCC,,,LamportFastMutEx_lamport_fmea-6_50_1.p,intuitionistic,auto,1,false,,5,0,3,provable,unknown,timeout,,two-sided,IMELL,3722,78,5119.542,4184466,3686421,418699,43152137,0,0,2048,5100.000,892.055,auto,30
lltp,ILL/petri-nets/MCC,,,LamportFastMutEx_lamport_fmea-6_5_1.p,intuitionistic,auto,1,false,,5,0,3,provable,proved,,ok,two-sided,IMELL,3722,78,10.434,2135,1770,238,206484,0,0,2048,10.000,1.952,auto,30
lltp,ILL/petri-nets/MCC,,,LamportFastMutEx_lamport_fmea-7_100_1.p,intuitionistic,auto,1,false,,5,0,3,provable,unknown,timeout,,two-sided,IMELL,4766,97,5019.053,375184,224446,97108,148769795,0,0,2048,4990.000,1010.824,auto,30
lltp,ILL/petri-nets/MCC,,,LamportFastMutEx_lamport_fmea-7_10_1.p,intuitionistic,auto,1,false,,5,0,3,provable,proved,,ok,two-sided,IMELL,4766,97,3405.419,577819,498464,49842,60185927,0,0,2048,3390.000,751.605,auto,30
lltp,ILL/petri-nets/MCC,,,LamportFastMutEx_lamport_fmea-7_1_1.p,intuitionistic,auto,1,false,,5,0,3,provable,proved,,ok,two-sided,IMELL,4766,97,0.321,3,0,2,45,0,0,2048,0.000,0.012,auto,30
lltp,ILL/petri-nets/MCC,,,LamportFastMutEx_lamport_fmea-7_20_1.p,intuitionistic,auto,1,false,,5,0,3,provable,unknown,timeout,,two-sided,IMELL,4766,97,5017.899,5175585,5032738,92257,46718737,0,0,2048,5000.000,1082.159,auto,30
lltp,ILL/petri-nets/MCC,,,LamportFastMutEx_lamport_fmea-7_50_1.p,intuitionistic,auto,1,false,,5,0,3,provable,unknown,timeout,,two-sided,IMELL,4766,97,5154.965,872298,264859,544402,37115255,0,0,2048,5140.000,803.436,auto,30
lltp,ILL/petri-nets/MCC,,,LamportFastMutEx_lamport_fmea-7_5_1.p,intuitionistic,auto,1,false,,5,0,3,provable,proved,,ok,two-sided,IMELL,4766,97,18.802,1167,644,352,408756,0,0,2048,20.000,3.755,auto,30
lltp,ILL/petri-nets/MCC,,,LamportFastMutEx_lamport_fmea-8_100_1.p,intuitionistic,auto,1,false,,5,0,3,provable,unknown,timeout,,two-sided,IMELL,5938,118,5015.646,342053,214635,84653,134184839,0,0,2048,5000.000,951.461,auto,30
lltp,ILL/petri-nets/MCC,,,LamportFastMutEx_lamport_fmea-8_10_1.p,intuitionistic,auto,1,false,,5,0,3,provable,unknown,timeout,,two-sided,IMELL,5938,118,5012.657,284153,184484,66596,83313454,0,0,2048,4990.000,1078.239,auto,30
lltp,ILL/petri-nets/MCC,,,LamportFastMutEx_lamport_fmea-8_1_1.p,intuitionistic,auto,1,false,,5,0,3,provable,proved,,ok,two-sided,IMELL,5938,118,0.369,3,0,2,51,0,0,2048,0.000,0.013,auto,30
lltp,ILL/petri-nets/MCC,,,LamportFastMutEx_lamport_fmea-8_20_1.p,intuitionistic,auto,1,false,,5,0,3,provable,unknown,timeout,,two-sided,IMELL,5938,118,5014.367,4100416,3988830,74090,42093517,0,0,2048,5000.000,1103.682,auto,30
lltp,ILL/petri-nets/MCC,,,LamportFastMutEx_lamport_fmea-8_50_1.p,intuitionistic,auto,1,false,,5,0,3,provable,unknown,timeout,,two-sided,IMELL,5938,118,5016.505,337547,211847,83498,132382362,0,0,2048,5000.000,986.251,auto,30
lltp,ILL/petri-nets/MCC,,,LamportFastMutEx_lamport_fmea-8_5_1.p,intuitionistic,auto,1,false,,5,0,3,provable,proved,,ok,two-sided,IMELL,5938,118,32.898,1772,1022,524,807816,0,0,2048,30.000,6.589,auto,30
lltp,ILL/petri-nets/MCC,,,MAPK-160_100_1.p,intuitionistic,auto,1,false,,5,0,3,provable,unknown,timeout,,two-sided,IMELL,2978,162,5006.321,161059,101587,31607,41398039,0,0,2048,4980.000,734.256,auto,30
lltp,ILL/petri-nets/MCC,,,MAPK-160_10_1.p,intuitionistic,auto,1,false,,5,0,3,provable,proved,,ok,two-sided,IMELL,3058,162,0.413,6,0,3,963,0,0,2048,0.000,0.012,auto,30
lltp,ILL/petri-nets/MCC,,,MAPK-160_1_1.p,intuitionistic,auto,1,false,,5,0,3,provable,proved,,ok,two-sided,IMELL,3056,162,0.298,3,0,2,806,0,0,2048,0.000,0.012,auto,30
lltp,ILL/petri-nets/MCC,,,MAPK-160_20_1.p,intuitionistic,auto,1,false,,5,0,3,provable,proved,,ok,two-sided,IMELL,3058,162,0.400,6,0,3,963,0,0,2048,0.000,0.012,auto,30
lltp,ILL/petri-nets/MCC,,,MAPK-160_50_1.p,intuitionistic,auto,1,false,,5,0,3,provable,unknown,timeout,,two-sided,IMELL,2974,162,5006.987,193936,124354,37083,48179116,0,0,2048,4990.000,1061.276,auto,30
lltp,ILL/petri-nets/MCC,,,MAPK-160_5_1.p,intuitionistic,auto,1,false,,5,0,3,provable,proved,,ok,two-sided,IMELL,3056,162,0.589,12,0,6,1275,0,0,2048,0.000,0.012,auto,30
lltp,ILL/petri-nets/MCC,,,MAPK-20_100_1.p,intuitionistic,auto,1,false,,5,0,3,provable,proved,,ok,two-sided,IMELL,526,22,6.839,869,343,283,266311,0,0,2048,0.000,3.138,auto,30
lltp,ILL/petri-nets/MCC,,,MAPK-20_10_1.p,intuitionistic,auto,1,false,,5,0,3,provable,proved,,ok,two-sided,IMELL,538,22,0.131,6,0,3,158,0,0,2048,0.000,0.013,auto,30
lltp,ILL/petri-nets/MCC,,,MAPK-20_1_1.p,intuitionistic,auto,1,false,,5,0,3,provable,proved,,ok,two-sided,IMELL,536,22,0.102,3,0,2,106,0,0,2048,0.000,0.012,auto,30
lltp,ILL/petri-nets/MCC,,,MAPK-20_20_1.p,intuitionistic,auto,1,false,,5,0,3,provable,proved,,ok,two-sided,IMELL,538,22,0.127,6,0,3,158,0,0,2048,0.000,0.012,auto,30
lltp,ILL/petri-nets/MCC,,,MAPK-20_50_1.p,intuitionistic,auto,1,false,,5,0,3,provable,proved,,ok,two-sided,IMELL,526,22,27.878,5100,2546,1393,1331836,0,0,2048,20.000,3.125,auto,30
lltp,ILL/petri-nets/MCC,,,MAPK-20_5_1.p,intuitionistic,auto,1,false,,5,0,3,provable,proved,,ok,two-sided,IMELL,536,22,0.165,12,0,6,260,0,0,2048,0.000,0.013,auto,30
lltp,ILL/petri-nets/MCC,,,MAPK-320_100_1.p,intuitionistic,auto,1,false,,5,0,3,provable,unknown,timeout,,two-sided,IMELL,5778,322,5006.692,118177,74157,23233,25683696,0,0,2048,4980.000,1109.388,auto,30
lltp,ILL/petri-nets/MCC,,,MAPK-320_10_1.p,intuitionistic,auto,1,false,,5,0,3,provable,proved,,ok,two-sided,IMELL,5938,322,0.833,6,0,3,1883,0,0,2048,0.000,0.013,auto,30
lltp,ILL/petri-nets/MCC,,,MAPK-320_1_1.p,intuitionistic,auto,1,false,,5,0,3,provable,proved,,ok,two-sided,IMELL,5936,322,0.625,3,0,2,1606,0,0,2048,0.000,0.012,auto,30
lltp,ILL/petri-nets/MCC,,,MAPK-320_20_1.p,intuitionistic,auto,1,false,,5,0,3,provable,proved,,ok,two-sided,IMELL,5938,322,0.829,6,0,3,1883,0,0,2048,0.000,0.012,auto,30
lltp,ILL/petri-nets/MCC,,,MAPK-320_50_1.p,intuitionistic,auto,1,false,,5,0,3,provable,unknown,timeout,,two-sided,IMELL,5838,322,5004.746,108377,68064,21509,26644003,0,0,2048,4980.000,1084.675,auto,30
lltp,ILL/petri-nets/MCC,,,MAPK-320_5_1.p,intuitionistic,auto,1,false,,5,0,3,provable,proved,,ok,two-sided,IMELL,5936,322,1.208,12,0,6,2435,0,0,2048,0.000,0.014,auto,30
lltp,ILL/petri-nets/MCC,,,MAPK-40_100_1.p,intuitionistic,auto,1,false,,5,0,3,provable,proved,,ok,two-sided,IMELL,878,42,395.173,28145,16216,6386,10023096,0,0,2048,390.000,57.032,auto,30
lltp,ILL/petri-nets/MCC,,,MAPK-40_10_1.p,intuitionistic,auto,1,false,,5,0,3,provable,proved,,ok,two-sided,IMELL,898,42,0.167,6,0,3,273,0,0,2048,0.000,0.012,auto,30
lltp,ILL/petri-nets/MCC,,,MAPK-40_1_1.p,intuitionistic,auto,1,false,,5,0,3,provable,proved,,ok,two-sided,IMELL,896,42,0.122,3,0,2,206,0,0,2048,0.000,0.011,auto,30
lltp,ILL/petri-nets/MCC,,,MAPK-40_20_1.p,intuitionistic,auto,1,false,,5,0,3,provable,proved,,ok,two-sided,IMELL,898,42,0.163,6,0,3,273,0,0,2048,0.000,0.011,auto,30
lltp,ILL/petri-nets/MCC,,,MAPK-40_50_1.p,intuitionistic,auto,1,false,,5,0,3,provable,proved,,ok,two-sided,IMELL,878,42,343.528,28147,16216,6388,13035792,0,0,2048,340.000,54.917,auto,30
lltp,ILL/petri-nets/MCC,,,MAPK-40_5_1.p,intuitionistic,auto,1,false,,5,0,3,provable,proved,,ok,two-sided,IMELL,896,42,0.220,12,0,6,405,0,0,2048,0.000,0.012,auto,30
lltp,ILL/petri-nets/MCC,,,MAPK-80_100_1.p,intuitionistic,auto,1,false,,5,0,3,provable,unknown,timeout,,two-sided,IMELL,1578,82,5007.301,259323,168105,48136,65538340,0,0,2048,4990.000,781.071,auto,30
lltp,ILL/petri-nets/MCC,,,MAPK-80_10_1.p,intuitionistic,auto,1,false,,5,0,3,provable,proved,,ok,two-sided,IMELL,1618,82,0.243,6,0,3,503,0,0,2048,0.000,0.011,auto,30
lltp,ILL/petri-nets/MCC,,,MAPK-80_1_1.p,intuitionistic,auto,1,false,,5,0,3,provable,proved,,ok,two-sided,IMELL,1616,82,0.174,3,0,2,406,0,0,2048,0.000,0.012,auto,30
lltp,ILL/petri-nets/MCC,,,MAPK-80_20_1.p,intuitionistic,auto,1,false,,5,0,3,provable,proved,,ok,two-sided,IMELL,1618,82,0.241,6,0,3,503,0,0,2048,0.000,0.011,auto,30
lltp,ILL/petri-nets/MCC,,,MAPK-80_50_1.p,intuitionistic,auto,1,false,,5,0,3,provable,unknown,timeout,,two-sided,IMELL,1578,82,5007.647,259632,168318,48167,65596538,0,0,2048,4990.000,756.169,auto,30
lltp,ILL/petri-nets/MCC,,,MAPK-80_5_1.p,intuitionistic,auto,1,false,,5,0,3,provable,proved,,ok,two-sided,IMELL,1616,82,0.351,12,0,6,695,0,0,2048,0.000,0.011,auto,30
lltp,ILL/petri-nets/MCC,,,MAPK-8_10_1.p,intuitionistic,auto,1,false,,5,0,3,provable,proved,,ok,two-sided,IMELL,322,10,0.102,6,0,3,89,0,0,2048,0.000,0.012,auto,30
lltp,ILL/petri-nets/MCC,,,MAPK-8_1_1.p,intuitionistic,auto,1,false,,5,0,3,provable,proved,,ok,two-sided,IMELL,320,10,0.090,3,0,2,46,0,0,2048,0.000,0.013,auto,30
lltp,ILL/petri-nets/MCC,,,MAPK-8_20_1.p,intuitionistic,auto,1,false,,5,0,3,provable,proved,,ok,two-sided,IMELL,322,10,0.102,6,0,3,89,0,0,2048,0.000,0.011,auto,30
lltp,ILL/petri-nets/MCC,,,MAPK-8_50_1.p,intuitionistic,auto,1,false,,5,0,3,provable,proved,,ok,two-sided,IMELL,318,10,0.107,7,0,4,77,0,0,2048,0.000,0.016,auto,30
lltp,ILL/petri-nets/MCC,,,MAPK-8_5_1.p,intuitionistic,auto,1,false,,5,0,3,provable,proved,,ok,two-sided,IMELL,320,10,0.127,12,0,6,173,0,0,2048,0.000,0.012,auto,30
lltp,ILL/petri-nets/MCC,,,MultiwaySync_100_1.p,intuitionistic,auto,1,false,,5,0,3,provable,unknown,timeout,,two-sided,IMELL,3044,167,5056.529,235776,1,235769,255625971,0,0,2048,5030.000,358.626,auto,30
lltp,ILL/petri-nets/MCC,,,MultiwaySync_1_1.p,intuitionistic,auto,1,false,,5,0,3,provable,proved,,ok,two-sided,IMELL,3046,167,4976.573,10,0,7,182868372,0,0,2048,4960.000,1008.140,auto,30
lltp,ILL/petri-nets/MCC,,,MultiwaySync_20_1.p,intuitionistic,auto,1,false,,5,0,3,provable,unknown,timeout,,two-sided,IMELL,3046,167,5054.760,235450,1,235443,255269602,0,0,2048,5040.000,367.099,auto,30
lltp,ILL/petri-nets/MCC,,,MultiwaySync_50_1.p,intuitionistic,auto,1,false,,5,0,3,provable,unknown,timeout,,two-sided,IMELL,3044,167,5066.151,279384,1,279377,278351219,0,0,2048,5050.000,324.631,auto,30
lltp,ILL/petri-nets/MCC,,,MultiwaySync_5_1.p,intuitionistic,auto,1,false,,5,0,3,provable,unknown,timeout,,two-sided,IMELL,3046,167,5012.400,6,0,2,128816204,0,0,2048,5000.000,476.001,auto,30
lltp,ILL/petri-nets/MCC,,,NeighborGrid_z_2d_3n_1m_c_1_2_100_1.p,intuitionistic,auto,1,false,,5,0,3,provable,unknown,timeout,,two-sided,IMELL,194,12,5043.903,3729555,3151583,499423,234641699,0,0,2048,5020.000,583.666,auto,30
lltp,ILL/petri-nets/MCC,,,NeighborGrid_z_2d_3n_1m_c_1_2_10_1.p,intuitionistic,auto,1,false,,5,0,3,provable,proved,,ok,two-sided,IMELL,194,10,574.365,297231,220499,69066,29735283,0,0,2048,560.000,57.818,auto,30
lltp,ILL/petri-nets/MCC,,,NeighborGrid_z_2d_3n_1m_c_1_2_1_1.p,intuitionistic,auto,1,false,,5,0,3,provable,proved,,ok,two-sided,IMELL,194,9,0.077,3,0,2,15,0,0,2048,0.000,0.013,auto,30
lltp,ILL/petri-nets/MCC,,,NeighborGrid_z_2d_3n_1m_c_1_2_20_1.p,intuitionistic,auto,1,false,,5,0,3,provable,unknown,timeout,,two-sided,IMELL,194,12,5041.813,3750208,3169779,501414,235812765,0,0,2048,5020.000,577.840,auto,30
lltp,ILL/petri-nets/MCC,,,NeighborGrid_z_2d_3n_1m_c_1_2_50_1.p,intuitionistic,auto,1,false,,5,0,3,provable,unknown,timeout,,two-sided,IMELL,194,12,5039.553,3731379,3153036,499729,234832472,0,0,2048,5020.000,584.196,auto,30
lltp,ILL/petri-nets/MCC,,,NeighborGrid_z_2d_3n_1m_c_1_2_5_1.p,intuitionistic,auto,1,false,,5,0,3,provable,proved,,ok,two-sided,IMELL,194,9,3.164,3167,2298,822,167827,0,0,2048,0.000,0.019,auto,30
lltp,ILL/petri-nets/MCC,,,NeighborGrid_z_2d_3n_1m_t_1_2_10_1.p,intuitionistic,auto,1,false,,5,0,3,provable,proved,,ok,two-sided,IMELL,322,11,3987.839,21398141,20548832,793810,49357958,0,0,2048,3970.000,541.589,auto,30
lltp,ILL/petri-nets/MCC,,,NeighborGrid_z_2d_3n_1m_t_1_2_1_1.p,intuitionistic,auto,1,false,,5,0,3,provable,proved,,ok,two-sided,IMELL,322,10,0.085,3,0,2,13,0,0,2048,0.000,0.012,auto,30
lltp,ILL/petri-nets/MCC,,,NeighborGrid_z_2d_3n_1m_t_1_2_20_1.p,intuitionistic,auto,1,false,,5,0,3,provable,proved,,ok,two-sided,IMELL,322,11,4003.685,21398141,20548832,793810,49357958,0,0,2048,3980.000,555.090,auto,30
lltp,ILL/petri-nets/MCC,,,NeighborGrid_z_2d_3n_1m_t_1_2_50_1.p,intuitionistic,auto,1,false,,5,0,3,provable,proved,,ok,two-sided,IMELL,322,11,3997.832,21398141,20548832,793810,49357958,0,0,2048,3980.000,566.557,auto,30
lltp,ILL/petri-nets/MCC,,,NeighborGrid_z_2d_3n_1m_t_1_2_5_1.p,intuitionistic,auto,1,false,,5,0,3,provable,proved,,ok,two-sided,IMELL,322,11,3803.689,19184039,18423776,709576,47427997,0,0,2048,3790.000,565.998,auto,30
lltp,ILL/petri-nets/MCC,,,NeighborGrid_z_3d_3n_1m_t_1_1_1_1.p,intuitionistic,auto,1,false,,5,0,3,provable,proved,,ok,two-sided,IMELL,754,8,0.106,3,0,2,79,0,0,2048,0.000,0.013,auto,30
lltp,ILL/petri-nets/MCC,,,NeighborGrid_z_3d_3n_1m_t_1_1_20_1.p,intuitionistic,auto,1,false,,5,0,3,provable,proved,,ok,two-sided,IMELL,754,7,0.041,1,0,1,26,0,0,2048,0.000,0.000,auto,30
lltp,ILL/petri-nets/MCC,,,NeighborGrid_z_3d_3n_1m_t_1_1_5_1.p,intuitionistic,auto,1,false,,5,0,3,provable,proved,,ok,two-sided,IMELL,754,8,0.183,84,0,83,1060,0,0,2048,0.000,0.012,auto,30
lltp,ILL/petri-nets/MCC,,,NeighborGrid_z_4d_3n_2m_c_2_3_1_1.p,intuitionistic,auto,1,false,,5,0,3,provable,proved,,ok,two-sided,IMELL,7174,58,0.470,3,0,2,438,0,0,2048,0.000,0.026,auto,30
lltp,ILL/petri-nets/MCC,,,NeighborGrid_z_4d_3n_2m_c_2_3_20_1.p,intuitionistic,auto,1,false,,5,0,3,provable,unknown,timeout,,two-sided,IMELL,7174,58,5049.452,164070,49256,114739,205452279,0,0,2048,5030.000,434.479,auto,30
lltp,ILL/petri-nets/MCC,,,NeighborGrid_z_4d_3n_2m_c_2_3_5_1.p,intuitionistic,auto,1,false,,5,0,3,provable,unknown,timeout,,two-sided,IMELL,7174,58,5075.907,117251,2485,114691,192000429,0,0,2048,5060.000,360.063,auto,30
lltp,ILL/petri-nets/MCC,,,NeighborGrid_z_5d_4n_1m_t_3_5_1_1.p,intuitionistic,auto,1,false,,5,0,,,unknown,crash (signal: 6 (SIGABRT) (core dumped)): note: run with `RUST_BACKTRACE=1` environment variable to display a backtrace,,,,,,4866.288,,,,,,,,,,auto,30
lltp,ILL/petri-nets/MCC,,,NeighborGrid_z_5d_4n_1m_t_3_5_20_1.p,intuitionistic,auto,1,false,,5,0,3,provable,unknown,timeout,,two-sided,IMELL,790526,197,5021.407,11428,9588,1836,2138715,0,0,2048,5020.000,646.596,auto,30
lltp,ILL/petri-nets/MCC,,,NeighborGrid_z_5d_4n_1m_t_3_5_5_1.p,intuitionistic,auto,1,false,,5,0,3,provable,unknown,timeout,,two-sided,IMELL,790526,195,5023.118,481,0,478,3148836,0,0,2048,5020.000,202.572,auto,30
lltp,ILL/petri-nets/MCC,,,NeoElection_neoelection-2.unf_10_1.p,intuitionistic,auto,1,false,,5,0,3,provable,unknown,timeout,,two-sided,IMELL,4046,117,5007.634,12134513,12066842,55373,111966310,0,0,2048,4990.000,607.643,auto,30
lltp,ILL/petri-nets/MCC,,,NeoElection_neoelection-2.unf_1_1.p,intuitionistic,auto,1,false,,5,0,3,provable,proved,,ok,two-sided,IMELL,4042,117,0.306,3,0,2,21,0,0,2048,0.000,0.014,auto,30
lltp,ILL/petri-nets/MCC,,,NeoElection_neoelection-2.unf_20_1.p,intuitionistic,auto,1,false,,5,0,3,provable,unknown,timeout,,two-sided,IMELL,4046,117,5005.614,4794596,4745462,36855,214199386,0,0,2048,4990.000,495.575,auto,30
lltp,ILL/petri-nets/MCC,,,NeoElection_neoelection-2.unf_50_1.p,intuitionistic,auto,1,false,,5,0,3,provable,unknown,timeout,,two-sided,IMELL,4042,117,5005.531,4316720,4268682,36307,206805214,0,0,2048,4990.000,641.603,auto,30
lltp,ILL/petri-nets/MCC,,,NeoElection_neoelection-2.unf_5_1.p,intuitionistic,auto,1,false,,5,0,3,provable,unknown,timeout,,two-sided,IMELL,4046,117,5008.086,12215314,12149220,53796,109516586,0,0,2048,4990.000,608.224,auto,30
lltp,ILL/petri-nets/MCC,,,NeoElection_neoelection-3.unf_100_1.p,intuitionistic,auto,1,false,,5,0,3,provable,unknown,timeout,,two-sided,IMELL,11774,268,5072.080,191415,0,191412,113385419,0,0,2048,5060.000,379.501,auto,30
lltp,ILL/petri-nets/MCC,,,NeoElection_neoelection-3.unf_10_1.p,intuitionistic,auto,1,false,,5,0,3,provable,unknown,timeout,,two-sided,IMELL,11782,268,5229.888,229382,0,229379,134901017,0,0,2048,5220.000,265.541,auto,30
lltp,ILL/petri-nets/MCC,,,NeoElection_neoelection-3.unf_1_1.p,intuitionistic,auto,1,false,,5,0,3,provable,proved,,ok,two-sided,IMELL,11774,268,0.803,3,0,2,71,0,0,2048,0.000,0.016,auto,30
lltp,ILL/petri-nets/MCC,,,NeoElection_neoelection-3.unf_20_1.p,intuitionistic,auto,1,false,,5,0,3,provable,unknown,timeout,,two-sided,IMELL,11782,268,5073.872,190701,0,190698,71064210,0,0,2048,5060.000,338.279,auto,30
lltp,ILL/petri-nets/MCC,,,NeoElection_neoelection-3.unf_50_1.p,intuitionistic,auto,1,false,,5,0,3,provable,unknown,timeout,,two-sided,IMELL,11782,268,5099.734,235856,0,235853,140182788,0,0,2048,5090.000,388.640,auto,30
lltp,ILL/petri-nets/MCC,,,NeoElection_neoelection-3.unf_5_1.p,intuitionistic,auto,1,false,,5,0,3,provable,unknown,timeout,,two-sided,IMELL,11778,268,5071.871,179709,0,179706,80270231,0,0,2048,5060.000,388.186,auto,30
lltp,ILL/petri-nets/MCC,,,NeoElection_neoelection-4.unf_100_1.p,intuitionistic,auto,1,false,,5,0,3,provable,unknown,timeout,,two-sided,IMELL,27302,515,5045.667,71313,0,71310,62404873,0,0,2048,5030.000,420.371,auto,30
lltp,ILL/petri-nets/MCC,,,NeoElection_neoelection-4.unf_10_1.p,intuitionistic,auto,1,false,,5,0,3,provable,unknown,timeout,,two-sided,IMELL,27296,515,5058.830,92122,0,92119,35005026,0,0,2048,5050.000,293.893,auto,30
lltp,ILL/petri-nets/MCC,,,NeoElection_neoelection-4.unf_1_1.p,intuitionistic,auto,1,false,,5,0,3,provable,proved,,ok,two-sided,IMELL,27288,515,2.048,3,0,2,96,0,0,2048,0.000,0.046,auto,30
lltp,ILL/petri-nets/MCC,,,NeoElection_neoelection-4.unf_20_1.p,intuitionistic,auto,1,false,,5,0,3,provable,unknown,timeout,,two-sided,IMELL,27304,515,5062.902,104840,0,104837,91787722,0,0,2048,5050.000,254.955,auto,30
lltp,ILL/petri-nets/MCC,,,NeoElection_neoelection-4.unf_50_1.p,intuitionistic,auto,1,false,,5,0,3,provable,unknown,timeout,,two-sided,IMELL,27310,515,5039.484,71145,0,71142,62257882,0,0,2048,5020.000,414.802,auto,30
lltp,ILL/petri-nets/MCC,,,NeoElection_neoelection-4.unf_5_1.p,intuitionistic,auto,1,false,,5,0,3,provable,unknown,timeout,,two-sided,IMELL,27292,515,5055.677,101036,0,101033,39829864,0,0,2048,5040.000,278.092,auto,30
lltp,ILL/petri-nets/MCC,,,NeoElection_neoelection-5.unf_100_1.p,intuitionistic,auto,1,false,,5,0,3,provable,unknown,timeout,,two-sided,IMELL,54596,882,5028.225,43494,0,43491,38033503,0,0,2048,5020.000,384.911,auto,30
lltp,ILL/petri-nets/MCC,,,NeoElection_neoelection-5.unf_10_1.p,intuitionistic,auto,1,false,,5,0,3,provable,unknown,timeout,,two-sided,IMELL,54572,882,5032.238,26645,0,26642,19366692,0,0,2048,5020.000,397.494,auto,30
lltp,ILL/petri-nets/MCC,,,NeoElection_neoelection-5.unf_1_1.p,intuitionistic,auto,1,false,,5,0,3,provable,proved,,ok,two-sided,IMELL,54562,882,4.595,3,0,2,132,0,0,2048,10.000,0.054,auto,30
lltp,ILL/petri-nets/MCC,,,NeoElection_neoelection-5.unf_20_1.p,intuitionistic,auto,1,false,,5,0,3,provable,unknown,timeout,,two-sided,IMELL,54582,882,5077.570,76688,0,76685,67095774,0,0,2048,5070.000,362.661,auto,30
lltp,ILL/petri-nets/MCC,,,NeoElection_neoelection-5.unf_50_1.p,intuitionistic,auto,1,false,,5,0,3,provable,unknown,timeout,,two-sided,IMELL,54602,882,5042.638,43494,0,43491,38033503,0,0,2048,5030.000,362.438,auto,30
lltp,ILL/petri-nets/MCC,,,NeoElection_neoelection-5.unf_5_1.p,intuitionistic,auto,1,false,,5,0,3,provable,unknown,timeout,,two-sided,IMELL,54564,882,5039.255,31739,0,31736,24303035,0,0,2048,5030.000,362.418,auto,30
lltp,ILL/petri-nets/MCC,,,NeoElection_neoelection-6.unf_100_1.p,intuitionistic,auto,1,false,,5,0,3,provable,unknown,timeout,,two-sided,IMELL,98446,1393,5035.139,16737,0,16734,25569970,0,0,2048,5030.000,424.644,auto,30
lltp,ILL/petri-nets/MCC,,,NeoElection_neoelection-6.unf_10_1.p,intuitionistic,auto,1,false,,5,0,3,provable,unknown,timeout,,two-sided,IMELL,98402,1393,5035.944,8804,0,8801,11048157,0,0,2048,5030.000,326.387,auto,30
lltp,ILL/petri-nets/MCC,,,NeoElection_neoelection-6.unf_1_1.p,intuitionistic,auto,1,false,,5,0,3,provable,proved,,ok,two-sided,IMELL,98390,1393,11.543,4,0,2,5328,0,0,2048,20.000,2.192,auto,30
lltp,ILL/petri-nets/MCC,,,NeoElection_neoelection-6.unf_20_1.p,intuitionistic,auto,1,false,,5,0,3,provable,unknown,timeout,,two-sided,IMELL,98422,1393,5059.485,39307,0,39304,60457679,0,0,2048,5050.000,229.941,auto,30
lltp,ILL/petri-nets/MCC,,,NeoElection_neoelection-6.unf_50_1.p,intuitionistic,auto,1,false,,5,0,3,provable,unknown,timeout,,two-sided,IMELL,98450,1393,5039.687,16634,0,16631,25417042,0,0,2048,5030.000,391.488,auto,30
lltp,ILL/petri-nets/MCC,,,NeoElection_neoelection-6.unf_5_1.p,intuitionistic,auto,1,false,,5,0,3,provable,unknown,timeout,,two-sided,IMELL,98394,1393,5042.555,10953,0,10950,14617054,0,0,2048,5040.000,381.111,auto,30
lltp,ILL/petri-nets/MCC,,,NeoElection_neoelection-7.unf_100_1.p,intuitionistic,auto,1,false,,5,0,3,provable,unknown,timeout,,two-sided,IMELL,164464,2072,5033.132,7583,0,7580,15435954,0,0,2048,5030.000,438.566,auto,30
lltp,ILL/petri-nets/MCC,,,NeoElection_neoelection-7.unf_10_1.p,intuitionistic,auto,1,false,,5,0,3,provable,unknown,timeout,,two-sided,IMELL,164394,2072,5040.741,3792,0,3789,6242147,0,0,2048,5030.000,241.858,auto,30
lltp,ILL/petri-nets/MCC,,,NeoElection_neoelection-7.unf_1_1.p,intuitionistic,auto,1,false,,5,0,3,provable,proved,,ok,two-sided,IMELL,164382,2072,21.521,4,0,2,5319,0,0,2048,20.000,1.964,auto,30
lltp,ILL/petri-nets/MCC,,,NeoElection_neoelection-7.unf_20_1.p,intuitionistic,auto,1,false,,5,0,3,provable,unknown,timeout,,two-sided,IMELL,164416,2072,5035.847,11709,0,11706,24010947,0,0,2048,5030.000,464.404,auto,30
lltp,ILL/petri-nets/MCC,,,NeoElection_neoelection-7.unf_50_1.p,intuitionistic,auto,1,false,,5,0,3,provable,unknown,timeout,,two-sided,IMELL,164466,2072,5036.377,7631,0,7628,15533550,0,0,2048,5030.000,433.564,auto,30
lltp,ILL/petri-nets/MCC,,,NeoElection_neoelection-7.unf_5_1.p,intuitionistic,auto,1,false,,5,0,3,provable,unknown,timeout,,two-sided,IMELL,164384,2072,5047.176,4559,0,4556,7940040,0,0,2048,5030.000,283.130,auto,30
lltp,ILL/petri-nets/MCC,,,NeoElection_neoelection-8.unf_100_1.p,intuitionistic,auto,1,false,,5,0,3,provable,unknown,timeout,,two-sided,IMELL,259076,2943,5069.696,3243,0,3240,9902429,0,0,2048,5060.000,298.902,auto,30
lltp,ILL/petri-nets/MCC,,,NeoElection_neoelection-8.unf_10_1.p,intuitionistic,auto,1,false,,5,0,3,provable,unknown,timeout,,two-sided,IMELL,258972,2943,5052.572,1622,0,1619,3957636,0,0,2048,5040.000,157.968,auto,30
lltp,ILL/petri-nets/MCC,,,NeoElection_neoelection-8.unf_1_1.p,intuitionistic,auto,1,false,,5,0,3,provable,proved,,ok,two-sided,IMELL,258964,2943,38.611,4,0,2,5289,0,0,2048,40.000,1.388,auto,30
lltp,ILL/petri-nets/MCC,,,NeoElection_neoelection-8.unf_20_1.p,intuitionistic,auto,1,false,,5,0,3,provable,unknown,timeout,,two-sided,IMELL,258998,2943,5046.205,3328,0,3325,10245722,0,0,2048,5030.000,323.634,auto,30
lltp,ILL/petri-nets/MCC,,,NeoElection_neoelection-8.unf_50_1.p,intuitionistic,auto,1,false,,5,0,3,provable,unknown,timeout,,two-sided,IMELL,259050,2943,5064.560,3328,0,3325,10245722,0,0,2048,5050.000,307.326,auto,30
lltp,ILL/petri-nets/MCC,,,NeoElection_neoelection-8.unf_5_1.p,intuitionistic,auto,1,false,,5,0,3,provable,unknown,timeout,,two-sided,IMELL,258964,2943,5052.038,1964,0,1961,5066188,0,0,2048,5040.000,200.438,auto,30
lltp,ILL/petri-nets/MCC,,,PaceMaker_100_1.p,intuitionistic,auto,1,false,,5,0,3,provable,unknown,timeout,,two-sided,IMELL,844834,17188,5906.299,298,113,154,707412,0,0,2048,5900.000,109.696,auto,30
lltp,ILL/petri-nets/MCC,,,PaceMaker_1_1.p,intuitionistic,auto,1,false,,5,0,3,provable,proved,,ok,two-sided,IMELL,844834,17457,181.925,4,0,2,49344,0,0,2048,180.000,4.701,auto,30
lltp,ILL/petri-nets/MCC,,,PaceMaker_20_1.p,intuitionistic,auto,1,false,,5,0,3,provable,unknown,timeout,,two-sided,IMELL,844834,17457,5817.447,298,113,154,735614,0,0,2048,5790.000,88.516,auto,30
lltp,ILL/petri-nets/MCC,,,PaceMaker_50_1.p,intuitionistic,auto,1,false,,5,0,3,provable,unknown,timeout,,two-sided,IMELL,844834,17188,5841.700,298,113,154,707412,0,0,2048,5830.000,83.889,auto,30
lltp,ILL/petri-nets/MCC,,,PaceMaker_5_1.p,intuitionistic,auto,1,false,,5,0,3,provable,unknown,timeout,,two-sided,IMELL,844834,17188,5732.581,299,109,158,1024750,0,0,2048,5710.000,92.013,auto,30
lltp,ILL/petri-nets/MCC,,,ParamProductionCell_closed_system1_100_1.p,intuitionistic,auto,1,false,,5,0,3,provable,unknown,timeout,,two-sided,IMELL,1832,16,5002.388,497,0,31,376581988,0,0,2048,4980.000,8.636,auto,30
lltp,ILL/petri-nets/MCC,,,ParamProductionCell_closed_system1_10_1.p,intuitionistic,auto,1,false,,5,0,3,provable,proved,,ok,two-sided,IMELL,1832,16,1.714,66,0,11,10605,0,0,2048,0.000,0.035,auto,30
lltp,ILL/petri-nets/MCC,,,ParamProductionCell_closed_system1_1_1.p,intuitionistic,auto,1,false,,5,0,3,provable,proved,,ok,two-sided,IMELL,1832,16,0.189,3,0,2,173,0,0,2048,0.000,0.013,auto,30
lltp,ILL/petri-nets/MCC,,,ParamProductionCell_closed_system1_20_1.p,intuitionistic,auto,1,false,,5,0,3,provable,proved,,ok,two-sided,IMELL,1832,16,9.969,232,0,21,278307,0,0,2048,10.000,2.422,auto,30
lltp,ILL/petri-nets/MCC,,,ParamProductionCell_closed_system1_50_1.p,intuitionistic,auto,1,false,,5,0,3,provable,unknown,timeout,,two-sided,IMELL,1832,16,5002.877,497,0,31,361831563,0,0,2048,4980.000,8.130,auto,30
lltp,ILL/petri-nets/MCC,,,ParamProductionCell_closed_system1_5_1.p,intuitionistic,auto,1,false,,5,0,3,provable,proved,,ok,two-sided,IMELL,1832,16,0.606,21,0,6,2643,0,0,2048,0.000,0.020,auto,30
lltp,ILL/petri-nets/MCC,,,ParamProductionCell_closed_system2_100_1.p,intuitionistic,auto,1,false,,5,0,3,provable,unknown,timeout,,two-sided,IMELL,1830,16,5002.618,12376,6261,574,355741824,0,0,2048,4990.000,36.694,auto,30
lltp,ILL/petri-nets/MCC,,,ParamProductionCell_closed_system2_10_1.p,intuitionistic,auto,1,false,,5,0,3,provable,proved,,ok,two-sided,IMELL,1830,16,7.529,352,120,56,196715,0,0,2048,0.000,1.813,auto,30
lltp,ILL/petri-nets/MCC,,,ParamProductionCell_closed_system2_1_1.p,intuitionistic,auto,1,false,,5,0,3,provable,proved,,ok,two-sided,IMELL,1832,16,0.210,3,0,2,102,0,0,2048,0.000,0.014,auto,30
lltp,ILL/petri-nets/MCC,,,ParamProductionCell_closed_system2_20_1.p,intuitionistic,auto,1,false,,5,0,3,provable,proved,,ok,two-sided,IMELL,1830,16,69.376,2960,1298,237,1918635,0,0,2048,60.000,6.924,auto,30
lltp,ILL/petri-nets/MCC,,,ParamProductionCell_closed_system2_50_1.p,intuitionistic,auto,1,false,,5,0,3,provable,unknown,timeout,,two-sided,IMELL,1830,16,5005.335,12312,6205,566,341444191,0,0,2048,4990.000,46.225,auto,30
lltp,ILL/petri-nets/MCC,,,ParamProductionCell_closed_system2_5_1.p,intuitionistic,auto,1,false,,5,0,3,provable,proved,,ok,two-sided,IMELL,1830,16,0.914,51,10,16,4891,0,0,2048,0.000,0.030,auto,30
lltp,ILL/petri-nets/MCC,,,ParamProductionCell_closed_system3_100_1.p,intuitionistic,auto,1,false,,5,0,3,provable,unknown,timeout,,two-sided,IMELL,1826,16,5000.207,21124,11927,750,356372219,0,0,2048,4990.000,76.171,auto,30
lltp,ILL/petri-nets/MCC,,,ParamProductionCell_closed_system3_10_1.p,intuitionistic,auto,1,false,,5,0,3,provable,proved,,ok,two-sided,IMELL,1828,16,13.532,757,360,101,378073,0,0,2048,10.000,2.261,auto,30
lltp,ILL/petri-nets/MCC,,,ParamProductionCell_closed_system3_1_1.p,intuitionistic,auto,1,false,,5,0,3,provable,proved,,ok,two-sided,IMELL,1832,16,0.200,3,0,2,140,0,0,2048,0.000,0.012,auto,30
lltp,ILL/petri-nets/MCC,,,ParamProductionCell_closed_system3_20_1.p,intuitionistic,auto,1,false,,5,0,3,provable,proved,,ok,two-sided,IMELL,1828,16,115.622,6258,3396,385,3544230,0,0,2048,110.000,15.403,auto,30
lltp,ILL/petri-nets/MCC,,,ParamProductionCell_closed_system3_50_1.p,intuitionistic,auto,1,false,,5,0,3,provable,unknown,timeout,,two-sided,IMELL,1826,16,5001.158,21124,11927,750,356782275,0,0,2048,4990.000,68.168,auto,30
lltp,ILL/petri-nets/MCC,,,ParamProductionCell_closed_system3_5_1.p,intuitionistic,auto,1,false,,5,0,3,provable,proved,,ok,two-sided,IMELL,1830,16,1.249,91,30,26,6516,0,0,2048,0.000,0.051,auto,30
lltp,ILL/petri-nets/MCC,,,ParamProductionCell_closed_system4_100_1.p,intuitionistic,auto,1,false,,5,0,3,provable,unknown,timeout,,two-sided,IMELL,1826,16,5005.148,254475,172907,9070,224797199,0,0,2048,4990.000,693.304,auto,30
lltp,ILL/petri-nets/MCC,,,ParamProductionCell_closed_system4_10_1.p,intuitionistic,auto,1,false,,5,0,3,provable,proved,,ok,two-sided,IMELL,1828,16,42.260,2992,1770,386,1368199,0,0,2048,40.000,6.708,auto,30
lltp,ILL/petri-nets/MCC,,,ParamProductionCell_closed_system4_1_1.p,intuitionistic,auto,1,false,,5,0,3,provable,proved,,ok,two-sided,IMELL,1832,16,0.188,3,0,2,139,0,0,2048,0.000,0.013,auto,30
lltp,ILL/petri-nets/MCC,,,ParamProductionCell_closed_system4_20_1.p,intuitionistic,auto,1,false,,5,0,3,provable,proved,,ok,two-sided,IMELL,1828,16,635.247,47152,31010,2841,19935516,0,0,2048,630.000,121.877,auto,30
lltp,ILL/petri-nets/MCC,,,ParamProductionCell_closed_system4_50_1.p,intuitionistic,auto,1,false,,5,0,3,provable,unknown,timeout,,two-sided,IMELL,1826,16,5004.272,254475,172907,9070,225096846,0,0,2048,4980.000,692.613,auto,30
lltp,ILL/petri-nets/MCC,,,ParamProductionCell_closed_system4_5_1.p,intuitionistic,auto,1,false,,5,0,3,provable,proved,,ok,two-sided,IMELL,1830,16,2.910,197,85,56,90580,0,0,2048,0.000,1.066,auto,30
lltp,ILL/petri-nets/MCC,,,ParamProductionCell_closed_system5_100_1.p,intuitionistic,auto,1,false,,5,0,3,provable,unknown,timeout,,two-sided,IMELL,1828,16,5002.188,424091,304059,15189,154357835,0,0,2048,4990.000,956.283,auto,30
lltp,ILL/petri-nets/MCC,,,ParamProductionCell_closed_system5_10_1.p,intuitionistic,auto,1,false,,5,0,3,provable,proved,,ok,two-sided,IMELL,1826,16,69.876,5767,3720,671,2283122,0,0,2048,70.000,14.668,auto,30
lltp,ILL/petri-nets/MCC,,,ParamProductionCell_closed_system5_1_1.p,intuitionistic,auto,1,false,,5,0,3,provable,proved,,ok,two-sided,IMELL,1832,16,0.193,3,0,2,138,0,0,2048,0.000,0.013,auto,30
lltp,ILL/petri-nets/MCC,,,ParamProductionCell_closed_system5_20_1.p,intuitionistic,auto,1,false,,5,0,3,provable,proved,,ok,two-sided,IMELL,1826,16,1155.696,98907,69465,5311,36580965,0,0,2048,1140.000,231.593,auto,30
lltp,ILL/petri-nets/MCC,,,ParamProductionCell_closed_system5_50_1.p,intuitionistic,auto,1,false,,5,0,3,provable,unknown,timeout,,two-sided,IMELL,1822,16,5002.515,428555,307417,15262,155802763,0,0,2048,4980.000,1040.429,auto,30
lltp,ILL/petri-nets/MCC,,,ParamProductionCell_closed_system5_5_1.p,intuitionistic,auto,1,false,,5,0,3,provable,proved,,ok,two-sided,IMELL,1830,16,3.561,322,160,86,94804,0,0,2048,0.000,1.034,auto,30
lltp,ILL/petri-nets/MCC,,,ParamProductionCell_open_system_0_100_1.p,intuitionistic,auto,1,false,,5,0,3,provable,unknown,timeout,,two-sided,IMELL,1578,16,5000.693,3111,1374,155,349706828,0,0,2048,4980.000,11.641,auto,30
lltp,ILL/petri-nets/MCC,,,ParamProductionCell_open_system_0_10_1.p,intuitionistic,auto,1,false,,5,0,3,provable,proved,,ok,two-sided,IMELL,1582,16,3.511,155,28,43,113638,0,0,2048,0.000,0.845,auto,30
lltp,ILL/petri-nets/MCC,,,ParamProductionCell_open_system_0_1_1.p,intuitionistic,auto,1,false,,5,0,3,provable,proved,,ok,two-sided,IMELL,1586,16,0.189,3,0,2,114,0,0,2048,0.000,0.014,auto,30
lltp,ILL/petri-nets/MCC,,,ParamProductionCell_open_system_0_20_1.p,intuitionistic,auto,1,false,,5,0,3,provable,proved,,ok,two-sided,IMELL,1582,16,15.460,734,241,68,472652,0,0,2048,10.000,3.151,auto,30
lltp,ILL/petri-nets/MCC,,,ParamProductionCell_open_system_0_50_1.p,intuitionistic,auto,1,false,,5,0,3,provable,unknown,timeout,,two-sided,IMELL,1578,16,5001.708,3111,1374,155,375542887,0,0,2048,4990.000,12.890,auto,30
lltp,ILL/petri-nets/MCC,,,ParamProductionCell_open_system_0_5_1.p,intuitionistic,auto,1,false,,5,0,3,provable,proved,,ok,two-sided,IMELL,1582,16,0.595,30,3,9,2982,0,0,2048,0.000,0.015,auto,30
lltp,ILL/petri-nets/MCC,,,Parking_parking_1_4_100_1.p,intuitionistic,auto,1,false,,5,0,3,provable,unknown,timeout,,two-sided,IMELL,598,11,5019.422,24150024,23875773,258956,120079141,0,0,2048,5000.000,857.054,auto,30
lltp,ILL/petri-nets/MCC,,,Parking_parking_1_4_10_1.p,intuitionistic,auto,1,false,,5,0,3,provable,unknown,timeout,,two-sided,IMELL,598,11,5020.148,24157752,23883485,258970,120133674,0,0,2048,5000.000,889.722,auto,30
lltp,ILL/petri-nets/MCC,,,Parking_parking_1_4_1_1.p,intuitionistic,auto,1,false,,5,0,3,provable,proved,,ok,two-sided,IMELL,598,11,0.105,3,0,2,17,0,0,2048,0.000,0.014,auto,30
lltp,ILL/petri-nets/MCC,,,Parking_parking_1_4_20_1.p,intuitionistic,auto,1,false,,5,0,3,provable,unknown,timeout,,two-sided,IMELL,598,11,5021.676,24529845,24227754,286330,113096092,0,0,2048,5000.000,854.682,auto,30
lltp,ILL/petri-nets/MCC,,,Parking_parking_1_4_50_1.p,intuitionistic,auto,1,false,,5,0,3,provable,unknown,timeout,,two-sided,IMELL,598,11,5016.717,24042352,23784357,241660,125389138,0,0,2048,5000.000,921.751,auto,30
lltp,ILL/petri-nets/MCC,,,Parking_parking_1_4_5_1.p,intuitionistic,auto,1,false,,5,0,3,provable,unknown,timeout,,two-sided,IMELL,598,11,5025.062,22013630,21647530,352640,140219790,0,0,2048,5000.000,934.652,auto,30
lltp,ILL/petri-nets/MCC,,,Parking_parking_2_8_1_1.p,intuitionistic,auto,1,false,,5,0,3,provable,proved,,ok,two-sided,IMELL,1250,11,0.134,3,0,2,34,0,0,2048,0.000,0.012,auto,30
lltp,ILL/petri-nets/MCC,,,Parking_parking_2_8_20_1.p,intuitionistic,auto,1,false,,5,0,3,provable,unknown,timeout,,two-sided,IMELL,1250,11,5001.962,22,0,17,354283654,0,0,2048,4980.000,927.138,auto,30
lltp,ILL/petri-nets/MCC,,,Parking_parking_2_8_50_1.p,intuitionistic,auto,1,false,,5,0,3,provable,unknown,timeout,,two-sided,IMELL,1250,11,5005.386,15227645,15190882,36756,203808377,0,0,2048,4980.000,1195.817,auto,30
lltp,ILL/petri-nets/MCC,,,Parking_parking_2_8_5_1.p,intuitionistic,auto,1,false,,5,0,3,provable,unknown,timeout,,two-sided,IMELL,1250,11,5103.203,448221,4,448209,337992899,0,0,2048,5080.000,483.814,auto,30
lltp,ILL/petri-nets/MCC,,,Parking_parking_4_16_100_1.p,intuitionistic,auto,1,false,,5,0,3,provable,unknown,timeout,,two-sided,IMELL,2722,11,5006.784,13612191,13579438,32746,174197546,0,0,2048,4990.000,1146.517,auto,30
lltp,ILL/petri-nets/MCC,,,Parking_parking_4_16_1_1.p,intuitionistic,auto,1,false,,5,0,3,provable,proved,,ok,two-sided,IMELL,2722,11,0.213,3,0,2,74,0,0,2048,0.000,0.027,auto,30
lltp,ILL/petri-nets/MCC,,,Parking_parking_4_16_20_1.p,intuitionistic,auto,1,false,,5,0,3,provable,unknown,timeout,,two-sided,IMELL,2722,11,5272.198,865815,9,865799,187981595,0,0,2048,5250.000,1084.916,auto,30
lltp,ILL/petri-nets/MCC,,,Parking_parking_4_16_50_1.p,intuitionistic,auto,1,false,,5,0,3,provable,unknown,timeout,,two-sided,IMELL,2722,11,5268.783,864832,9,864816,187752242,0,0,2048,5250.000,1095.996,auto,30
lltp,ILL/petri-nets/MCC,,,Parking_parking_4_16_5_1.p,intuitionistic,auto,1,false,,5,0,3,provable,unknown,timeout,,two-sided,IMELL,2722,11,5000.413,12,0,7,316400805,0,0,2048,4980.000,649.190,auto,30
lltp,ILL/petri-nets/MCC,,,Parking_parking_4_32_100_1.p,intuitionistic,auto,1,false,,5,0,3,provable,unknown,timeout,,two-sided,IMELL,4898,19,5218.364,635956,18,635931,147881242,0,0,2048,5210.000,1173.482,auto,30
lltp,ILL/petri-nets/MCC,,,Parking_parking_4_32_1_1.p,intuitionistic,auto,1,false,,5,0,3,provable,proved,,ok,two-sided,IMELL,4898,19,0.340,3,0,2,122,0,0,2048,0.000,0.014,auto,30
lltp,ILL/petri-nets/MCC,,,Parking_parking_4_32_20_1.p,intuitionistic,auto,1,false,,5,0,3,provable,unknown,timeout,,two-sided,IMELL,4898,19,5216.036,625835,18,625810,145569520,0,0,2048,5200.000,1181.155,auto,30
lltp,ILL/petri-nets/MCC,,,Parking_parking_4_32_50_1.p,intuitionistic,auto,1,false,,5,0,3,provable,unknown,timeout,,two-sided,IMELL,4898,19,5219.614,632810,18,632785,147174712,0,0,2048,5200.000,1151.784,auto,30
lltp,ILL/petri-nets/MCC,,,Parking_parking_4_32_5_1.p,intuitionistic,auto,1,false,,5,0,3,provable,unknown,timeout,,two-sided,IMELL,4898,19,5000.269,12,0,7,229248967,0,0,2048,4990.000,605.673,auto,30
lltp,ILL/petri-nets/MCC,,,Parking_parking_8_32_100_1.p,intuitionistic,auto,1,false,,5,0,3,provable,unknown,timeout,,two-sided,IMELL,6338,11,5192.046,509110,17,509086,147695622,0,0,2048,5170.000,1179.097,auto,30
lltp,ILL/petri-nets/MCC,,,Parking_parking_8_32_1_1.p,intuitionistic,auto,1,false,,5,0,3,provable,proved,,ok,two-sided,IMELL,6338,11,0.459,3,0,2,178,0,0,2048,0.000,0.012,auto,30
lltp,ILL/petri-nets/MCC,,,Parking_parking_8_32_20_1.p,intuitionistic,auto,1,false,,5,0,3,provable,unknown,timeout,,two-sided,IMELL,6338,11,5194.475,510623,17,510599,148190302,0,0,2048,5170.000,1206.749,auto,30
lltp,ILL/petri-nets/MCC,,,Parking_parking_8_32_50_1.p,intuitionistic,auto,1,false,,5,0,3,provable,unknown,timeout,,two-sided,IMELL,6338,11,5192.302,509946,17,509922,147973847,0,0,2048,5180.000,1154.751,auto,30
lltp,ILL/petri-nets/MCC,,,Parking_parking_8_32_5_1.p,intuitionistic,auto,1,false,,5,0,3,provable,unknown,timeout,,two-sided,IMELL,6338,11,5000.647,13,0,8,154031688,0,0,2048,4980.000,529.085,auto,30
lltp,ILL/petri-nets/MCC,,,Parking_parking_8_64_100_1.p,intuitionistic,auto,1,false,,5,0,3,provable,unknown,timeout,,two-sided,IMELL,10690,19,5131.835,317983,34,317942,103415883,0,0,2048,5120.000,1255.846,auto,30
lltp,ILL/petri-nets/MCC,,,Parking_parking_8_64_1_1.p,intuitionistic,auto,1,false,,5,0,3,provable,proved,,ok,two-sided,IMELL,10690,19,0.746,3,0,2,274,0,0,2048,0.000,0.028,auto,30
lltp,ILL/petri-nets/MCC,,,Parking_parking_8_64_20_1.p,intuitionistic,auto,1,false,,5,0,3,provable,unknown,timeout,,two-sided,IMELL,10690,19,5132.285,318901,34,318860,103780338,0,0,2048,5120.000,1248.368,auto,30
lltp,ILL/petri-nets/MCC,,,Parking_parking_8_64_50_1.p,intuitionistic,auto,1,false,,5,0,3,provable,unknown,timeout,,two-sided,IMELL,10690,19,5138.840,331537,34,331496,107872902,0,0,2048,5130.000,1435.156,auto,30
lltp,ILL/petri-nets/MCC,,,Parking_parking_8_64_5_1.p,intuitionistic,auto,1,false,,5,0,3,provable,unknown,timeout,,two-sided,IMELL,10690,19,5005.160,16,0,11,207915086,0,0,2048,4990.000,958.167,auto,30
lltp,ILL/petri-nets/MCC,,,PermAdmissibility_unf-8x8-4stageSEN-01_10_1.p,intuitionistic,auto,1,false,,5,0,3,provable,proved,,ok,two-sided,IMELL,7010,65,132.457,91595,88369,1753,1148380,0,0,2048,130.000,22.002,auto,30
lltp,ILL/petri-nets/MCC,,,PermAdmissibility_unf-8x8-4stageSEN-01_1_1.p,intuitionistic,auto,1,false,,5,0,3,provable,proved,,ok,two-sided,IMELL,7010,64,0.436,3,0,2,25,0,0,2048,0.000,0.011,auto,30
lltp,ILL/petri-nets/MCC,,,PermAdmissibility_unf-8x8-4stageSEN-01_20_1.p,intuitionistic,auto,1,false,,5,0,3,provable,unknown,timeout,,two-sided,IMELL,7008,64,5010.545,3659042,3538289,60685,45789733,0,0,2048,4990.000,770.840,auto,30
lltp,ILL/petri-nets/MCC,,,PermAdmissibility_unf-8x8-4stageSEN-01_5_1.p,intuitionistic,auto,1,false,,5,0,3,provable,proved,,ok,two-sided,IMELL,7010,64,3.715,1136,1037,53,28095,0,0,2048,0.000,0.024,auto,30
lltp,ILL/petri-nets/MCC,,,PermAdmissibility_unf-8x8-4stageSEN-02_10_1.p,intuitionistic,auto,1,false,,5,0,3,provable,unknown,timeout,,two-sided,IMELL,7046,65,5016.864,3140104,3020825,83685,35072126,0,0,2048,5000.000,965.926,auto,30
lltp,ILL/petri-nets/MCC,,,PermAdmissibility_unf-8x8-4stageSEN-02_1_1.p,intuitionistic,auto,1,false,,5,0,3,provable,proved,,ok,two-sided,IMELL,7046,64,0.460,3,0,2,50,0,0,2048,0.000,0.014,auto,30
lltp,ILL/petri-nets/MCC,,,PermAdmissibility_unf-8x8-4stageSEN-02_20_1.p,intuitionistic,auto,1,false,,5,0,3,provable,unknown,timeout,,two-sided,IMELL,7046,66,5016.905,3169918,3049521,84520,35143957,0,0,2048,5000.000,987.812,auto,30
lltp,ILL/petri-nets/MCC,,,PermAdmissibility_unf-8x8-4stageSEN-02_50_1.p,intuitionistic,auto,1,false,,5,0,3,provable,unknown,timeout,,two-sided,IMELL,7042,64,5020.374,4664915,4529968,96535,33296870,0,0,2048,5000.000,892.018,auto,30
lltp,ILL/petri-nets/MCC,,,PermAdmissibility_unf-8x8-4stageSEN-02_5_1.p,intuitionistic,auto,1,false,,5,0,3,provable,proved,,ok,two-sided,IMELL,7046,64,27.143,14889,14162,552,187312,0,0,2048,20.000,5.288,auto,30
lltp,ILL/petri-nets/MCC,,,PermAdmissibility_unf-8x8-4stageSEN-05_100_1.p,intuitionistic,auto,1,false,,5,0,3,provable,unknown,timeout,,two-sided,IMELL,7144,64,5020.636,221316,122614,78983,108637736,0,0,2048,5000.000,848.939,auto,30
lltp,ILL/petri-nets/MCC,,,PermAdmissibility_unf-8x8-4stageSEN-05_10_1.p,intuitionistic,auto,1,false,,5,0,3,provable,unknown,timeout,,two-sided,IMELL,7154,64,5019.098,1785286,1694314,72963,27759144,0,0,2048,5000.000,950.436,auto,30
lltp,ILL/petri-nets/MCC,,,PermAdmissibility_unf-8x8-4stageSEN-05_1_1.p,intuitionistic,auto,1,false,,5,0,3,provable,proved,,ok,two-sided,IMELL,7154,64,0.546,3,0,2,125,0,0,2048,0.000,0.016,auto,30
lltp,ILL/petri-nets/MCC,,,PermAdmissibility_unf-8x8-4stageSEN-05_20_1.p,intuitionistic,auto,1,false,,5,0,3,provable,unknown,timeout,,two-sided,IMELL,7154,64,5017.658,1996039,1903690,74046,27244040,0,0,2048,5000.000,929.906,auto,30
lltp,ILL/petri-nets/MCC,,,PermAdmissibility_unf-8x8-4stageSEN-05_50_1.p,intuitionistic,auto,1,false,,5,0,3,provable,unknown,timeout,,two-sided,IMELL,7154,66,5019.644,1817370,1725024,74042,27284037,0,0,2048,5000.000,971.062,auto,30
lltp,ILL/petri-nets/MCC,,,PermAdmissibility_unf-8x8-4stageSEN-05_5_1.p,intuitionistic,auto,1,false,,5,0,3,provable,proved,,ok,two-sided,IMELL,7154,64,63.400,18299,17085,991,360178,0,0,2048,60.000,9.528,auto,30
lltp,ILL/petri-nets/MCC,,,PermAdmissibility_unf-8x8-4stageSEN-10_100_1.p,intuitionistic,auto,1,false,,5,0,3,provable,unknown,timeout,,two-sided,IMELL,7334,68,5011.036,138119,74904,51079,109722467,0,0,2048,4990.000,748.128,auto,30
lltp,ILL/petri-nets/MCC,,,PermAdmissibility_unf-8x8-4stageSEN-10_10_1.p,intuitionistic,auto,1,false,,5,0,3,provable,unknown,timeout,,two-sided,IMELL,7334,64,5012.335,693378,635289,46735,21533994,0,0,2048,5000.000,852.787,auto,30
lltp,ILL/petri-nets/MCC,,,PermAdmissibility_unf-8x8-4stageSEN-10_1_1.p,intuitionistic,auto,1,false,,5,0,3,provable,proved,,ok,two-sided,IMELL,7334,64,0.634,3,0,2,250,0,0,2048,0.000,0.014,auto,30
lltp,ILL/petri-nets/MCC,,,PermAdmissibility_unf-8x8-4stageSEN-10_20_1.p,intuitionistic,auto,1,false,,5,0,3,provable,unknown,timeout,,two-sided,IMELL,7334,64,5011.976,1461065,1399995,49333,21622450,0,0,2048,4990.000,802.322,auto,30
lltp,ILL/petri-nets/MCC,,,PermAdmissibility_unf-8x8-4stageSEN-10_50_1.p,intuitionistic,auto,1,false,,5,0,3,provable,unknown,timeout,,two-sided,IMELL,7334,66,5010.779,795377,735581,48312,26136011,0,0,2048,4990.000,825.179,auto,30
lltp,ILL/petri-nets/MCC,,,PermAdmissibility_unf-8x8-4stageSEN-10_5_1.p,intuitionistic,auto,1,false,,5,0,3,provable,proved,,ok,two-sided,IMELL,7334,64,102.088,1980,771,987,688674,0,0,2048,100.000,17.245,auto,30
lltp,ILL/petri-nets/MCC,,,PermAdmissibility_unf-8x8-4stageSEN-20_100_1.p,intuitionistic,auto,1,false,,5,0,3,provable,unknown,timeout,,two-sided,IMELL,7694,68,5005.805,70911,37251,26908,59646485,0,0,2048,4990.000,558.623,auto,30
lltp,ILL/petri-nets/MCC,,,PermAdmissibility_unf-8x8-4stageSEN-20_10_1.p,intuitionistic,auto,1,false,,5,0,3,provable,unknown,timeout,,two-sided,IMELL,7694,64,5007.805,63570,33316,24152,22148200,0,0,2048,4990.000,729.601,auto,30
lltp,ILL/petri-nets/MCC,,,PermAdmissibility_unf-8x8-4stageSEN-20_1_1.p,intuitionistic,auto,1,false,,5,0,3,provable,proved,,ok,two-sided,IMELL,7694,64,0.930,3,0,2,500,0,0,2048,0.000,0.018,auto,30
lltp,ILL/petri-nets/MCC,,,PermAdmissibility_unf-8x8-4stageSEN-20_20_1.p,intuitionistic,auto,1,false,,5,0,3,provable,unknown,timeout,,two-sided,IMELL,7694,64,5005.981,960021,927377,26072,16343509,0,0,2048,4980.000,601.910,auto,30
lltp,ILL/petri-nets/MCC,,,PermAdmissibility_unf-8x8-4stageSEN-20_50_1.p,intuitionistic,auto,1,false,,5,0,3,provable,unknown,timeout,,two-sided,IMELL,7694,66,5008.623,70129,36864,26580,59740150,0,0,2048,4990.000,599.578,auto,30
lltp,ILL/petri-nets/MCC,,,PermAdmissibility_unf-8x8-4stageSEN-20_5_1.p,intuitionistic,auto,1,false,,5,0,3,provable,proved,,ok,two-sided,IMELL,7694,64,189.358,1980,771,987,838193,0,0,2048,190.000,30.446,auto,30
lltp,ILL/petri-nets/MCC,,,PermAdmissibility_unf-8x8-4stageSEN-50_100_1.p,intuitionistic,auto,1,false,,5,0,3,provable,unknown,timeout,,two-sided,IMELL,8774,68,5004.102,30149,15060,12171,41937753,0,0,2048,4990.000,558.916,auto,30
lltp,ILL/petri-nets/MCC,,,PermAdmissibility_unf-8x8-4stageSEN-50_10_1.p,intuitionistic,auto,1,false,,5,0,3,provable,unknown,timeout,,two-sided,IMELL,8774,64,5007.746,28593,14211,11598,11571938,0,0,2048,4990.000,632.942,auto,30
lltp,ILL/petri-nets/MCC,,,PermAdmissibility_unf-8x8-4stageSEN-50_1_1.p,intuitionistic,auto,1,false,,5,0,3,provable,proved,,ok,two-sided,IMELL,8774,64,1.775,3,0,2,1250,0,0,2048,0.000,0.028,auto,30
lltp,ILL/petri-nets/MCC,,,PermAdmissibility_unf-8x8-4stageSEN-50_20_1.p,intuitionistic,auto,1,false,,5,0,3,provable,unknown,timeout,,two-sided,IMELL,8774,64,5006.784,604239,589196,12138,17470114,0,0,2048,4990.000,528.290,auto,30
lltp,ILL/petri-nets/MCC,,,PermAdmissibility_unf-8x8-4stageSEN-50_50_1.p,intuitionistic,auto,1,false,,5,0,3,provable,unknown,timeout,,two-sided,IMELL,8774,66,5004.805,30078,15016,12151,41638647,0,0,2048,4990.000,584.523,auto,30
lltp,ILL/petri-nets/MCC,,,PermAdmissibility_unf-8x8-4stageSEN-50_5_1.p,intuitionistic,auto,1,false,,5,0,3,provable,proved,,ok,two-sided,IMELL,8774,64,405.388,1980,771,987,977878,0,0,2048,400.000,47.246,auto,30
lltp,ILL/petri-nets/MCC,,,Peterson-2_100_1.p,intuitionistic,auto,1,false,,5,0,3,provable,proved,,ok,two-sided,IMELL,798,7,368.657,915108,881363,11084,6222569,0,0,2048,360.000,76.675,auto,30
lltp,ILL/petri-nets/MCC,,,Peterson-2_10_1.p,intuitionistic,auto,1,false,,5,0,3,provable,proved,,ok,two-sided,IMELL,798,7,34.577,3392,1300,958,1482223,0,0,2048,30.000,9.070,auto,30
lltp,ILL/petri-nets/MCC,,,Peterson-2_1_1.p,intuitionistic,auto,1,false,,5,0,3,provable,proved,,ok,two-sided,IMELL,798,7,0.113,3,0,2,15,0,0,2048,0.000,0.013,auto,30
lltp,ILL/petri-nets/MCC,,,Peterson-2_20_1.p,intuitionistic,auto,1,false,,5,0,3,provable,proved,,ok,two-sided,IMELL,798,7,105.582,256036,246225,3730,1877929,0,0,2048,100.000,22.972,auto,30
lltp,ILL/petri-nets/MCC,,,Peterson-2_50_1.p,intuitionistic,auto,1,false,,5,0,3,provable,proved,,ok,two-sided,IMELL,798,7,251.554,614169,591499,7624,4367469,0,0,2048,250.000,50.997,auto,30
lltp,ILL/petri-nets/MCC,,,Peterson-2_5_1.p,intuitionistic,auto,1,false,,5,0,3,provable,proved,,ok,two-sided,IMELL,798,7,0.486,116,37,39,4762,0,0,2048,0.000,0.015,auto,30
lltp,ILL/petri-nets/MCC,,,Peterson-3_100_1.p,intuitionistic,auto,1,false,,5,0,3,provable,unknown,timeout,,two-sided,IMELL,2074,11,5013.510,9069111,8864493,84277,66784724,0,0,2048,4990.000,1030.737,auto,30
lltp,ILL/petri-nets/MCC,,,Peterson-3_10_1.p,intuitionistic,auto,1,false,,5,0,3,provable,proved,,ok,two-sided,IMELL,2074,11,224.469,14134,6368,4227,8163175,0,0,2048,220.000,54.512,auto,30
lltp,ILL/petri-nets/MCC,,,Peterson-3_1_1.p,intuitionistic,auto,1,false,,5,0,3,provable,proved,,ok,two-sided,IMELL,2074,11,0.200,3,0,2,22,0,0,2048,0.000,0.025,auto,30
lltp,ILL/petri-nets/MCC,,,Peterson-3_20_1.p,intuitionistic,auto,1,false,,5,0,3,provable,unknown,timeout,,two-sided,IMELL,2074,11,5010.613,348938,196327,65373,156586169,0,0,2048,4990.000,1120.014,auto,30
lltp,ILL/petri-nets/MCC,,,Peterson-3_50_1.p,intuitionistic,auto,1,false,,5,0,3,provable,unknown,timeout,,two-sided,IMELL,2074,11,5014.301,9132230,8926281,84807,67223908,0,0,2048,4990.000,1030.156,auto,30
lltp,ILL/petri-nets/MCC,,,Peterson-3_5_1.p,intuitionistic,auto,1,false,,5,0,3,provable,proved,,ok,two-sided,IMELL,2074,11,3.170,236,97,77,86836,0,0,2048,0.000,1.371,auto,30
lltp,ILL/petri-nets/MCC,,,Peterson-4_100_1.p,intuitionistic,auto,1,false,,5,0,3,provable,unknown,timeout,,two-sided,IMELL,4294,18,5011.142,5539130,5422082,67857,62243335,0,0,2048,5000.000,1076.628,auto,30
lltp,ILL/petri-nets/MCC,,,Peterson-4_10_1.p,intuitionistic,auto,1,false,,5,0,3,provable,proved,,ok,two-sided,IMELL,4294,18,1138.910,45122,22478,13613,32557448,0,0,2048,1130.000,230.429,auto,30
lltp,ILL/petri-nets/MCC,,,Peterson-4_1_1.p,intuitionistic,auto,1,false,,5,0,3,provable,proved,,ok,two-sided,IMELL,4294,18,0.345,3,0,2,56,0,0,2048,0.000,0.013,auto,30
lltp,ILL/petri-nets/MCC,,,Peterson-4_20_1.p,intuitionistic,auto,1,false,,5,0,3,provable,unknown,timeout,,two-sided,IMELL,4294,18,5010.431,202620,102627,59466,134134158,0,0,2048,4990.000,1074.570,auto,30
lltp,ILL/petri-nets/MCC,,,Peterson-4_50_1.p,intuitionistic,auto,1,false,,5,0,3,provable,unknown,timeout,,two-sided,IMELL,4294,18,5011.796,5532990,5416051,67797,62192049,0,0,2048,4990.000,1099.562,auto,30
lltp,ILL/petri-nets/MCC,,,Peterson-4_5_1.p,intuitionistic,auto,1,false,,5,0,3,provable,proved,,ok,two-sided,IMELL,4294,18,10.411,432,205,137,285977,0,0,2048,10.000,0.476,auto,30
lltp,ILL/petri-nets/MCC,,,Peterson-5_100_1.p,intuitionistic,auto,1,false,,5,0,3,provable,unknown,timeout,,two-sided,IMELL,7722,27,5008.808,142539,73913,44865,108471031,0,0,2048,4990.000,1119.781,auto,30
lltp,ILL/petri-nets/MCC,,,Peterson-5_10_1.p,intuitionistic,auto,1,false,,5,0,3,provable,proved,,ok,two-sided,IMELL,7722,27,4201.133,120142,64385,35726,93469894,0,0,2048,4190.000,871.457,auto,30
lltp,ILL/petri-nets/MCC,,,Peterson-5_1_1.p,intuitionistic,auto,1,false,,5,0,3,provable,proved,,ok,two-sided,IMELL,7722,27,0.543,3,0,2,30,0,0,2048,0.000,0.013,auto,30
lltp,ILL/petri-nets/MCC,,,Peterson-5_20_1.p,intuitionistic,auto,1,false,,5,0,3,provable,unknown,timeout,,two-sided,IMELL,7722,27,5008.755,141739,73659,44451,107717281,0,0,2048,4990.000,1107.892,auto,30
lltp,ILL/petri-nets/MCC,,,Peterson-5_50_1.p,intuitionistic,auto,1,false,,5,0,3,provable,unknown,timeout,,two-sided,IMELL,7722,27,5008.785,141795,73680,44477,107776464,0,0,2048,5000.000,1084.014,auto,30
lltp,ILL/petri-nets/MCC,,,Peterson-5_5_1.p,intuitionistic,auto,1,false,,5,0,3,provable,proved,,ok,two-sided,IMELL,7722,27,25.742,732,380,226,544610,0,0,2048,30.000,5.046,auto,30
lltp,ILL/petri-nets/MCC,,,Peterson-6_100_1.p,intuitionistic,auto,1,false,,5,0,3,provable,unknown,timeout,,two-sided,IMELL,12622,38,5007.498,82939,46123,24963,69176869,0,0,2048,4990.000,1061.101,auto,30
lltp,ILL/petri-nets/MCC,,,Peterson-6_10_1.p,intuitionistic,auto,1,false,,5,0,3,provable,unknown,timeout,,two-sided,IMELL,12622,38,5009.591,84684,47050,25533,77693919,0,0,2048,5000.000,973.272,auto,30
lltp,ILL/petri-nets/MCC,,,Peterson-6_1_1.p,intuitionistic,auto,1,false,,5,0,3,provable,proved,,ok,two-sided,IMELL,12622,38,1.080,3,0,2,33,0,0,2048,0.000,0.017,auto,30
lltp,ILL/petri-nets/MCC,,,Peterson-6_20_1.p,intuitionistic,auto,1,false,,5,0,3,provable,unknown,timeout,,two-sided,IMELL,12622,38,5007.058,83054,46179,25005,69285810,0,0,2048,4990.000,1043.407,auto,30
lltp,ILL/petri-nets/MCC,,,Peterson-6_50_1.p,intuitionistic,auto,1,false,,5,0,3,provable,unknown,timeout,,two-sided,IMELL,12622,38,5009.337,82939,46123,24963,69176869,0,0,2048,5000.000,1041.795,auto,30
lltp,ILL/petri-nets/MCC,,,Peterson-6_5_1.p,intuitionistic,auto,1,false,,5,0,3,provable,proved,,ok,two-sided,IMELL,12622,38,70.321,1167,644,352,1102207,0,0,2048,70.000,12.176,auto,30
lltp,ILL/petri-nets/MCC,,,Peterson-7_100_1.p,intuitionistic,auto,1,false,,5,0,3,provable,unknown,timeout,,two-sided,IMELL,19258,51,5007.208,52438,31226,14652,47873329,0,0,2048,5000.000,983.171,auto,30
lltp,ILL/petri-nets/MCC,,,Peterson-7_10_1.p,intuitionistic,auto,1,false,,5,0,3,provable,unknown,timeout,,two-sided,IMELL,19258,51,5007.821,55322,33089,15315,52976344,0,0,2048,4990.000,857.868,auto,30
lltp,ILL/petri-nets/MCC,,,Peterson-7_1_1.p,intuitionistic,auto,1,false,,5,0,3,provable,proved,,ok,two-sided,IMELL,19258,51,1.736,3,0,2,26,0,0,2048,10.000,0.052,auto,30
lltp,ILL/petri-nets/MCC,,,Peterson-7_20_1.p,intuitionistic,auto,1,false,,5,0,3,provable,unknown,timeout,,two-sided,IMELL,19258,51,5010.116,52438,31226,14652,47873329,0,0,2048,5000.000,985.584,auto,30
lltp,ILL/petri-nets/MCC,,,Peterson-7_50_1.p,intuitionistic,auto,1,false,,5,0,3,provable,unknown,timeout,,two-sided,IMELL,19258,51,5007.847,52498,31269,14663,47917929,0,0,2048,5000.000,1009.357,auto,30
lltp,ILL/petri-nets/MCC,,,Peterson-7_5_1.p,intuitionistic,auto,1,false,,5,0,3,provable,proved,,ok,two-sided,IMELL,19258,51,159.051,1772,1022,524,1728832,0,0,2048,160.000,25.121,auto,30
lltp,ILL/petri-nets/MCC,,,PhaseVariation_10-100_phaseVariation_100_1.p,intuitionistic,auto,1,false,,5,0,3,provable,unknown,timeout,,two-sided,IMELL,45312,3237,5020.644,86770,8616,76616,56591223,0,0,2048,5010.000,1294.061,auto,30
lltp,ILL/petri-nets/MCC,,,PhaseVariation_10-100_phaseVariation_1_1.p,intuitionistic,auto,1,false,,5,0,3,provable,proved,,ok,two-sided,IMELL,45114,3237,2.634,3,0,2,271,0,0,2048,0.000,0.046,auto,30
lltp,ILL/petri-nets/MCC,,,PhaseVariation_10-100_phaseVariation_20_1.p,intuitionistic,auto,1,false,,5,0,3,provable,unknown,timeout,,two-sided,IMELL,45152,3237,5021.265,86423,8616,76274,56350166,0,0,2048,5010.000,1335.343,auto,30
lltp,ILL/petri-nets/MCC,,,PhaseVariation_10-100_phaseVariation_50_1.p,intuitionistic,auto,1,false,,5,0,3,provable,unknown,timeout,,two-sided,IMELL,45212,3237,5019.234,86828,8616,76673,56630686,0,0,2048,5010.000,1312.601,auto,30
lltp,ILL/petri-nets/MCC,,,PhaseVariation_10-100_phaseVariation_5_1.p,intuitionistic,auto,1,false,,5,0,3,provable,unknown,timeout,,two-sided,IMELL,45122,3237,5020.375,80361,6594,72354,53140227,0,0,2048,5010.000,1340.360,auto,30
lltp,ILL/petri-nets/MCC,,,PhaseVariation_10-10_phaseVariation_100_1.p,intuitionistic,auto,1,false,,5,0,3,provable,unknown,timeout,,two-sided,IMELL,44476,3147,5017.685,20199,1344,18325,16184435,0,0,2048,5010.000,543.505,auto,30
lltp,ILL/petri-nets/MCC,,,PhaseVariation_10-10_phaseVariation_1_1.p,intuitionistic,auto,1,false,,5,0,3,provable,proved,,ok,two-sided,IMELL,44354,3147,2.446,3,0,2,171,0,0,2048,0.000,0.032,auto,30
lltp,ILL/petri-nets/MCC,,,PhaseVariation_10-10_phaseVariation_20_1.p,intuitionistic,auto,1,false,,5,0,3,provable,unknown,timeout,,two-sided,IMELL,44392,3147,5033.013,91995,14234,75718,57958570,0,0,2048,5020.000,1336.573,auto,30
lltp,ILL/petri-nets/MCC,,,PhaseVariation_10-10_phaseVariation_50_1.p,intuitionistic,auto,1,false,,5,0,3,provable,unknown,timeout,,two-sided,IMELL,44452,3147,5047.907,92285,14234,76003,58162968,0,0,2048,5030.000,1307.870,auto,30
lltp,ILL/petri-nets/MCC,,,PhaseVariation_10-10_phaseVariation_5_1.p,intuitionistic,auto,1,false,,5,0,3,provable,unknown,timeout,,two-sided,IMELL,44362,3147,5051.472,85999,13382,70719,54192994,0,0,2048,5040.000,1210.248,auto,30
lltp,ILL/petri-nets/MCC,,,PhaseVariation_2-100_phaseVariation_100_1.p,intuitionistic,auto,1,false,,5,0,3,provable,unknown,timeout,,two-sided,IMELL,1920,201,5093.194,554619,181576,355147,71945984,0,0,2048,5080.000,755.109,auto,30
lltp,ILL/petri-nets/MCC,,,PhaseVariation_2-100_phaseVariation_10_1.p,intuitionistic,auto,1,false,,5,0,3,provable,unknown,timeout,,two-sided,IMELL,1740,165,5142.279,900983,322075,550550,288850076,0,0,2048,5120.000,918.388,auto,30
lltp,ILL/petri-nets/MCC,,,PhaseVariation_2-100_phaseVariation_1_1.p,intuitionistic,auto,1,false,,5,0,3,provable,proved,,ok,two-sided,IMELL,1722,165,0.146,3,0,2,115,0,0,2048,0.000,0.013,auto,30
lltp,ILL/petri-nets/MCC,,,PhaseVariation_2-100_phaseVariation_20_1.p,intuitionistic,auto,1,false,,5,0,3,provable,unknown,timeout,,two-sided,IMELL,1760,165,5138.602,891361,309859,553361,289266048,0,0,2048,5120.000,922.074,auto,30
lltp,ILL/petri-nets/MCC,,,PhaseVariation_2-100_phaseVariation_50_1.p,intuitionistic,auto,1,false,,5,0,3,provable,unknown,timeout,,two-sided,IMELL,1820,165,5139.805,875076,302912,544508,285846787,0,0,2048,5120.000,880.104,auto,30
lltp,ILL/petri-nets/MCC,,,PhaseVariation_2-100_phaseVariation_5_1.p,intuitionistic,auto,1,false,,5,0,3,provable,proved,,ok,two-sided,IMELL,1730,165,440.754,71077,17544,50867,25881085,0,0,2048,430.000,81.126,auto,30
lltp,ILL/petri-nets/MCC,,,PhaseVariation_2-10_phaseVariation_10_1.p,intuitionistic,auto,1,false,,5,0,3,provable,unknown,timeout,,two-sided,IMELL,1012,75,5168.305,4667647,3912918,718279,187603910,0,0,2048,5150.000,775.426,auto,30
lltp,ILL/petri-nets/MCC,,,PhaseVariation_2-10_phaseVariation_1_1.p,intuitionistic,auto,1,false,,5,0,3,provable,proved,,ok,two-sided,IMELL,994,75,0.113,3,0,2,23,0,0,2048,0.000,0.014,auto,30
lltp,ILL/petri-nets/MCC,,,PhaseVariation_2-10_phaseVariation_20_1.p,intuitionistic,auto,1,false,,5,0,3,provable,unknown,timeout,,two-sided,IMELL,1012,75,5239.430,1649231,637880,983011,137549661,0,0,2048,5220.000,579.195,auto,30
lltp,ILL/petri-nets/MCC,,,PhaseVariation_2-10_phaseVariation_5_1.p,intuitionistic,auto,1,false,,5,0,3,provable,proved,,ok,two-sided,IMELL,1002,75,347.667,286787,229862,54281,14128433,0,0,2048,340.000,51.034,auto,30
lltp,ILL/petri-nets/MCC,,,PhaseVariation_20-100_phaseVariation_100_1.p,intuitionistic,auto,1,false,,5,0,3,provable,unknown,timeout,,two-sided,IMELL,190592,13557,5044.878,7526,252,7066,18290402,0,0,2048,5030.000,928.937,auto,30
lltp,ILL/petri-nets/MCC,,,PhaseVariation_20-100_phaseVariation_1_1.p,intuitionistic,auto,1,false,,5,0,3,provable,proved,,ok,two-sided,IMELL,190394,13557,17.355,5,0,3,6472,0,0,2048,20.000,3.749,auto,30
lltp,ILL/petri-nets/MCC,,,PhaseVariation_20-100_phaseVariation_20_1.p,intuitionistic,auto,1,false,,5,0,3,provable,unknown,timeout,,two-sided,IMELL,190432,13557,5037.049,7177,192,6786,17559579,0,0,2048,5030.000,911.091,auto,30
lltp,ILL/petri-nets/MCC,,,PhaseVariation_20-100_phaseVariation_50_1.p,intuitionistic,auto,1,false,,5,0,3,provable,unknown,timeout,,two-sided,IMELL,190492,13557,5030.970,7177,192,6786,17559579,0,0,2048,5020.000,916.506,auto,30
lltp,ILL/petri-nets/MCC,,,PhaseVariation_20-100_phaseVariation_5_1.p,intuitionistic,auto,1,false,,5,0,3,provable,unknown,timeout,,two-sided,IMELL,190402,13557,5048.968,7374,204,6967,17977019,0,0,2048,5050.000,1003.562,auto,30
lltp,ILL/petri-nets/MCC,,,PhaseVariation_20-10_phaseVariation_100_1.p,intuitionistic,auto,1,false,,5,0,3,provable,unknown,timeout,,two-sided,IMELL,190232,13467,5021.522,7177,192,6786,17559579,0,0,2048,5010.000,916.468,auto,30
lltp,ILL/petri-nets/MCC,,,PhaseVariation_20-10_phaseVariation_1_1.p,intuitionistic,auto,1,false,,5,0,3,provable,proved,,ok,two-sided,IMELL,190034,13467,17.367,5,0,3,6472,0,0,2048,20.000,3.042,auto,30
lltp,ILL/petri-nets/MCC,,,PhaseVariation_20-10_phaseVariation_20_1.p,intuitionistic,auto,1,false,,5,0,3,provable,unknown,timeout,,two-sided,IMELL,190072,13467,5040.426,7526,252,7066,18290402,0,0,2048,5030.000,908.803,auto,30
lltp,ILL/petri-nets/MCC,,,PhaseVariation_20-10_phaseVariation_50_1.p,intuitionistic,auto,1,false,,5,0,3,provable,unknown,timeout,,two-sided,IMELL,190132,13467,5043.319,7476,245,7024,18189821,0,0,2048,5030.000,886.874,auto,30
lltp,ILL/petri-nets/MCC,,,PhaseVariation_20-10_phaseVariation_5_1.p,intuitionistic,auto,1,false,,5,0,3,provable,unknown,timeout,,two-sided,IMELL,190042,13467,5029.285,7517,208,7102,18328942,0,0,2048,5010.000,1008.276,auto,30
lltp,ILL/petri-nets/MCC,,,PhaseVariation_30-100_phaseVariation_100_1.p,intuitionistic,auto,1,false,,5,0,3,provable,unknown,timeout,,two-sided,IMELL,437872,31077,5039.492,1090,0,1052,7724446,0,0,2048,5030.000,385.938,auto,30
lltp,ILL/petri-nets/MCC,,,PhaseVariation_30-100_phaseVariation_1_1.p,intuitionistic,auto,1,false,,5,0,3,provable,proved,,ok,two-sided,IMELL,437674,31077,60.928,5,0,3,15554,0,0,2048,60.000,4.274,auto,30
lltp,ILL/petri-nets/MCC,,,PhaseVariation_30-100_phaseVariation_20_1.p,intuitionistic,auto,1,false,,5,0,3,provable,unknown,timeout,,two-sided,IMELL,437712,31077,5133.025,1090,0,1052,7724446,0,0,2048,5120.000,371.170,auto,30
lltp,ILL/petri-nets/MCC,,,PhaseVariation_30-100_phaseVariation_50_1.p,intuitionistic,auto,1,false,,5,0,3,provable,unknown,timeout,,two-sided,IMELL,437772,31077,5041.150,1090,0,1052,7724446,0,0,2048,5030.000,387.752,auto,30
lltp,ILL/petri-nets/MCC,,,PhaseVariation_30-100_phaseVariation_5_1.p,intuitionistic,auto,1,false,,5,0,3,provable,unknown,timeout,,two-sided,IMELL,437682,31077,5054.657,1154,0,1115,8163068,0,0,2048,5040.000,383.806,auto,30
lltp,ILL/petri-nets/MCC,,,PhaseVariation_30-10_phaseVariation_100_1.p,intuitionistic,auto,1,false,,5,0,3,provable,unknown,timeout,,two-sided,IMELL,437512,30987,5080.253,1090,0,1052,7724446,0,0,2048,5070.000,409.852,auto,30
lltp,ILL/petri-nets/MCC,,,PhaseVariation_30-10_phaseVariation_1_1.p,intuitionistic,auto,1,false,,5,0,3,provable,proved,,ok,two-sided,IMELL,437314,30987,61.980,5,0,3,15554,0,0,2048,60.000,4.567,auto,30
lltp,ILL/petri-nets/MCC,,,PhaseVariation_30-10_phaseVariation_20_1.p,intuitionistic,auto,1,false,,5,0,3,provable,unknown,timeout,,two-sided,IMELL,437352,30987,5075.776,1122,0,1084,7936237,0,0,2048,5060.000,386.850,auto,30
lltp,ILL/petri-nets/MCC,,,PhaseVariation_30-10_phaseVariation_50_1.p,intuitionistic,auto,1,false,,5,0,3,provable,unknown,timeout,,two-sided,IMELL,437412,30987,5064.171,1122,0,1084,7936237,0,0,2048,5050.000,380.626,auto,30
lltp,ILL/petri-nets/MCC,,,PhaseVariation_30-10_phaseVariation_5_1.p,intuitionistic,auto,1,false,,5,0,3,provable,unknown,timeout,,two-sided,IMELL,437322,30987,5051.891,1122,0,1084,7936237,0,0,2048,5040.000,405.897,auto,30
lltp,ILL/petri-nets/MCC,,,PhaseVariation_5-100_phaseVariation_100_1.p,intuitionistic,auto,1,false,,5,0,3,provable,unknown,timeout,,two-sided,IMELL,10572,777,5050.032,273553,59090,209288,137795789,0,0,2048,5030.000,817.858,auto,30
lltp,ILL/petri-nets/MCC,,,PhaseVariation_5-100_phaseVariation_1_1.p,intuitionistic,auto,1,false,,5,0,3,provable,proved,,ok,two-sided,IMELL,10374,777,0.549,3,0,2,141,0,0,2048,0.000,0.012,auto,30
lltp,ILL/petri-nets/MCC,,,PhaseVariation_5-100_phaseVariation_20_1.p,intuitionistic,auto,1,false,,5,0,3,provable,unknown,timeout,,two-sided,IMELL,10412,777,5055.796,270807,58096,207581,136633658,0,0,2048,5040.000,778.505,auto,30
lltp,ILL/petri-nets/MCC,,,PhaseVariation_5-100_phaseVariation_50_1.p,intuitionistic,auto,1,false,,5,0,3,provable,unknown,timeout,,two-sided,IMELL,10472,777,5052.225,274308,59132,209985,138249933,0,0,2048,5040.000,789.110,auto,30
lltp,ILL/petri-nets/MCC,,,PhaseVariation_5-100_phaseVariation_5_1.p,intuitionistic,auto,1,false,,5,0,3,provable,unknown,timeout,,two-sided,IMELL,10382,777,5047.745,250380,49998,195771,127879022,0,0,2048,5040.000,693.215,auto,30
lltp,ILL/petri-nets/MCC,,,PhaseVariation_5-10_phaseVariation_1_1.p,intuitionistic,auto,1,false,,5,0,3,provable,proved,,ok,two-sided,IMELL,9614,687,0.403,3,0,2,47,0,0,2048,0.000,0.013,auto,30
lltp,ILL/petri-nets/MCC,,,PhaseVariation_5-10_phaseVariation_20_1.p,intuitionistic,auto,1,false,,5,0,3,provable,unknown,timeout,,two-sided,IMELL,9652,687,5044.016,266048,66344,192178,121983331,0,0,2048,5030.000,406.876,auto,30
lltp,ILL/petri-nets/MCC,,,PhaseVariation_5-10_phaseVariation_50_1.p,intuitionistic,auto,1,false,,5,0,3,provable,unknown,timeout,,two-sided,IMELL,9658,687,5016.747,98756,18582,77135,56363765,0,0,2048,5000.000,512.592,auto,30
lltp,ILL/petri-nets/MCC,,,PhaseVariation_5-10_phaseVariation_5_1.p,intuitionistic,auto,1,false,,5,0,3,provable,unknown,timeout,,two-sided,IMELL,9622,687,5062.791,250576,60057,183706,115813465,0,0,2048,5050.000,498.221,auto,30
lltp,ILL/petri-nets/MCC,,,Philosophers-10000_100_1.p,intuitionistic,auto,1,false,,5,0,3,provable,unknown,timeout,,two-sided,IMELL,399798,5,5061.003,8699,0,8696,56439732,0,0,2048,5050.000,18.396,auto,30
lltp,ILL/petri-nets/MCC,,,Philosophers-10000_1_1.p,intuitionistic,auto,1,false,,5,0,,,unknown,crash (signal: 6 (SIGABRT) (core dumped)): note: run with `RUST_BACKTRACE=1` environment variable to display a backtrace,,,,,,5811.949,,,,,,,,,,auto,30
lltp,ILL/petri-nets/MCC,,,Philosophers-10000_20_1.p,intuitionistic,auto,1,false,,5,0,3,provable,unknown,timeout,,two-sided,IMELL,399958,5,5053.244,8443,0,8440,53264373,0,0,2048,5050.000,22.704,auto,30
lltp,ILL/petri-nets/MCC,,,Philosophers-10000_50_1.p,intuitionistic,auto,1,false,,5,0,3,provable,unknown,timeout,,two-sided,IMELL,399898,5,5064.393,8507,0,8504,54384104,0,0,2048,5050.000,19.966,auto,30
lltp,ILL/petri-nets/MCC,,,Philosophers-10000_5_1.p,intuitionistic,auto,1,false,,5,0,3,provable,unknown,timeout,,two-sided,IMELL,399988,5,5061.744,8699,0,8696,54648009,0,0,2048,5040.000,19.560,auto,30
lltp,ILL/petri-nets/MCC,,,Philosophers-1000_100_1.p,intuitionistic,auto,1,false,,5,0,3,provable,unknown,timeout,,two-sided,IMELL,39798,5,5028.106,34577,8062,26512,9236809,0,0,2048,5010.000,351.955,auto,30
lltp,ILL/petri-nets/MCC,,,Philosophers-1000_1_1.p,intuitionistic,auto,1,false,,5,0,3,provable,proved,,ok,two-sided,IMELL,39996,5,63.078,5,0,2,9995,0,0,2048,60.000,2.865,auto,30
lltp,ILL/petri-nets/MCC,,,Philosophers-1000_20_1.p,intuitionistic,auto,1,false,,5,0,3,provable,unknown,timeout,,two-sided,IMELL,39958,5,5030.672,34662,7951,26707,9021516,0,0,2048,5020.000,365.783,auto,30
lltp,ILL/petri-nets/MCC,,,Philosophers-1000_50_1.p,intuitionistic,auto,1,false,,5,0,3,provable,unknown,timeout,,two-sided,IMELL,39898,5,5027.278,33860,7891,25965,8949532,0,0,2048,5010.000,381.392,auto,30
lltp,ILL/petri-nets/MCC,,,Philosophers-1000_5_1.p,intuitionistic,auto,1,false,,5,0,3,provable,unknown,timeout,,two-sided,IMELL,39988,5,5028.101,33609,7381,26224,8858988,0,0,2048,5010.000,367.782,auto,30
lltp,ILL/petri-nets/MCC,,,Philosophers-100_100_1.p,intuitionistic,auto,1,false,,5,0,3,provable,unknown,timeout,,two-sided,IMELL,3798,4,5058.215,2334967,2086825,248138,56471797,0,0,2048,5040.000,372.822,auto,30
lltp,ILL/petri-nets/MCC,,,Philosophers-100_1_1.p,intuitionistic,auto,1,false,,5,0,3,provable,proved,,ok,two-sided,IMELL,3996,5,0.419,3,0,2,597,0,0,2048,0.000,0.012,auto,30
lltp,ILL/petri-nets/MCC,,,Philosophers-100_20_1.p,intuitionistic,auto,1,false,,5,0,3,provable,unknown,timeout,,two-sided,IMELL,3958,5,5057.179,1147639,922646,224989,55788728,0,0,2048,5040.000,388.328,auto,30
lltp,ILL/petri-nets/MCC,,,Philosophers-100_50_1.p,intuitionistic,auto,1,false,,5,0,3,provable,unknown,timeout,,two-sided,IMELL,3898,5,5050.856,1369795,1140656,229135,55804909,0,0,2048,5030.000,382.286,auto,30
lltp,ILL/petri-nets/MCC,,,Philosophers-100_5_1.p,intuitionistic,auto,1,false,,5,0,3,provable,unknown,timeout,,two-sided,IMELL,3988,5,5054.406,1045949,826404,219541,54710041,0,0,2048,5030.000,369.773,auto,30
lltp,ILL/petri-nets/MCC,,,Philosophers-10_100_1.p,intuitionistic,auto,1,false,,5,0,3,provable,unknown,timeout,,two-sided,IMELL,384,5,5051.710,624226,0,624223,224508960,0,0,2048,5030.000,307.199,auto,30
lltp,ILL/petri-nets/MCC,,,Philosophers-10_10_1.p,intuitionistic,auto,1,false,,5,0,3,provable,unknown,timeout,,two-sided,IMELL,384,5,5049.679,621228,0,621225,223427238,0,0,2048,5030.000,312.128,auto,30
lltp,ILL/petri-nets/MCC,,,Philosophers-10_1_1.p,intuitionistic,auto,1,false,,5,0,3,provable,proved,,ok,two-sided,IMELL,396,5,0.106,3,0,2,56,0,0,2048,0.000,0.011,auto,30
lltp,ILL/petri-nets/MCC,,,Philosophers-10_20_1.p,intuitionistic,auto,1,false,,5,0,3,provable,unknown,timeout,,two-sided,IMELL,388,5,5051.708,550895,0,550892,189762207,0,0,2048,5040.000,273.077,auto,30
lltp,ILL/petri-nets/MCC,,,Philosophers-10_50_1.p,intuitionistic,auto,1,false,,5,0,3,provable,unknown,timeout,,two-sided,IMELL,388,5,5045.880,553876,0,553873,190804800,0,0,2048,5030.000,283.271,auto,30
lltp,ILL/petri-nets/MCC,,,Philosophers-10_5_1.p,intuitionistic,auto,1,false,,5,0,3,provable,unknown,timeout,,two-sided,IMELL,388,5,5043.702,545363,0,545360,187863687,0,0,2048,5030.000,274.011,auto,30
lltp,ILL/petri-nets/MCC,,,Philosophers-2000_100_1.p,intuitionistic,auto,1,false,,5,0,3,provable,unknown,timeout,,two-sided,IMELL,79798,5,5287.154,114696,0,114693,4616532,0,0,2048,5280.000,12.837,auto,30
lltp,ILL/petri-nets/MCC,,,Philosophers-2000_1_1.p,intuitionistic,auto,1,false,,5,0,3,provable,proved,,ok,two-sided,IMELL,79996,5,115.979,4,0,2,18046,0,0,2048,110.000,3.592,auto,30
lltp,ILL/petri-nets/MCC,,,Philosophers-2000_20_1.p,intuitionistic,auto,1,false,,5,0,3,provable,unknown,timeout,,two-sided,IMELL,79958,5,5231.037,114696,0,114693,4325252,0,0,2048,5210.000,9.371,auto,30
lltp,ILL/petri-nets/MCC,,,Philosophers-2000_50_1.p,intuitionistic,auto,1,false,,5,0,3,provable,unknown,timeout,,two-sided,IMELL,79898,5,5283.540,114696,0,114693,4438982,0,0,2048,5270.000,12.837,auto,30
lltp,ILL/petri-nets/MCC,,,Philosophers-2000_5_1.p,intuitionistic,auto,1,false,,5,0,3,provable,unknown,timeout,,two-sided,IMELL,79988,5,5245.129,114696,0,114693,4266362,0,0,2048,5230.000,14.381,auto,30
lltp,ILL/petri-nets/MCC,,,Philosophers-200_100_1.p,intuitionistic,auto,1,false,,5,0,3,provable,unknown,timeout,,two-sided,IMELL,7798,5,5034.351,524613,371526,153083,38571989,0,0,2048,5020.000,393.889,auto,30
lltp,ILL/petri-nets/MCC,,,Philosophers-200_1_1.p,intuitionistic,auto,1,false,,5,0,3,provable,proved,,ok,two-sided,IMELL,7996,5,1.010,3,0,2,1199,0,0,2048,0.000,0.013,auto,30
lltp,ILL/petri-nets/MCC,,,Philosophers-200_20_1.p,intuitionistic,auto,1,false,,5,0,3,provable,unknown,timeout,,two-sided,IMELL,7958,5,5039.280,439336,290840,148493,37766120,0,0,2048,5020.000,328.683,auto,30
lltp,ILL/petri-nets/MCC,,,Philosophers-200_50_1.p,intuitionistic,auto,1,false,,5,0,3,provable,unknown,timeout,,two-sided,IMELL,7898,5,5035.371,455618,304531,151083,38376840,0,0,2048,5020.000,373.094,auto,30
lltp,ILL/petri-nets/MCC,,,Philosophers-200_5_1.p,intuitionistic,auto,1,false,,5,0,3,provable,unknown,timeout,,two-sided,IMELL,7988,5,5032.947,408409,260201,148204,37855066,0,0,2048,5020.000,332.914,auto,30
lltp,ILL/petri-nets/MCC,,,Philosophers-20_1_1.p,intuitionistic,auto,1,false,,5,0,3,provable,proved,,ok,two-sided,IMELL,796,5,0.122,3,0,2,117,0,0,2048,0.000,0.012,auto,30
lltp,ILL/petri-nets/MCC,,,Philosophers-20_20_1.p,intuitionistic,auto,1,false,,5,0,3,provable,unknown,timeout,,two-sided,IMELL,758,4,5073.099,14726539,13851750,874785,68640298,0,0,2048,5050.000,487.864,auto,30
lltp,ILL/petri-nets/MCC,,,Philosophers-20_5_1.p,intuitionistic,auto,1,false,,5,0,3,provable,unknown,timeout,,two-sided,IMELL,788,5,5033.787,381042,0,381039,112294525,0,0,2048,5020.000,275.881,auto,30
lltp,ILL/petri-nets/MCC,,,Philosophers-5000_100_1.p,intuitionistic,auto,1,false,,5,0,3,provable,unknown,timeout,,two-sided,IMELL,199798,5,5124.685,36399,0,36396,26080603,0,0,2048,5110.000,14.164,auto,30
lltp,ILL/petri-nets/MCC,,,Philosophers-5000_1_1.p,intuitionistic,auto,1,false,,5,0,3,provable,proved,,ok,two-sided,IMELL,199996,5,448.857,4,0,2,42043,0,0,2048,450.000,4.701,auto,30
lltp,ILL/petri-nets/MCC,,,Philosophers-5000_20_1.p,intuitionistic,auto,1,false,,5,0,3,provable,unknown,timeout,,two-sided,IMELL,199958,5,5096.310,35823,0,35820,25308171,0,0,2048,5090.000,15.045,auto,30
lltp,ILL/petri-nets/MCC,,,Philosophers-5000_50_1.p,intuitionistic,auto,1,false,,5,0,3,provable,unknown,timeout,,two-sided,IMELL,199898,5,5102.902,36719,0,36716,25603694,0,0,2048,5090.000,16.040,auto,30
lltp,ILL/petri-nets/MCC,,,Philosophers-5000_5_1.p,intuitionistic,auto,1,false,,5,0,3,provable,unknown,timeout,,two-sided,IMELL,199988,5,5098.283,36143,0,36140,25159922,0,0,2048,5100.000,15.559,auto,30
lltp,ILL/petri-nets/MCC,,,Philosophers-500_100_1.p,intuitionistic,auto,1,false,,5,0,3,provable,unknown,timeout,,two-sided,IMELL,19798,5,5033.972,90642,34772,55866,15991126,0,0,2048,5020.000,344.655,auto,30
lltp,ILL/petri-nets/MCC,,,Philosophers-500_1_1.p,intuitionistic,auto,1,false,,5,0,3,provable,proved,,ok,two-sided,IMELL,19996,5,25.161,7,2,3,7098,0,0,2048,20.000,3.057,auto,30
lltp,ILL/petri-nets/MCC,,,Philosophers-500_20_1.p,intuitionistic,auto,1,false,,5,0,3,provable,unknown,timeout,,two-sided,IMELL,19958,5,5028.036,86513,31424,55085,15806898,0,0,2048,5010.000,365.344,auto,30
lltp,ILL/petri-nets/MCC,,,Philosophers-500_50_1.p,intuitionistic,auto,1,false,,5,0,3,provable,unknown,timeout,,two-sided,IMELL,19898,5,5028.857,88779,32961,55814,15981811,0,0,2048,5010.000,363.053,auto,30
lltp,ILL/petri-nets/MCC,,,Philosophers-500_5_1.p,intuitionistic,auto,1,false,,5,0,3,provable,unknown,timeout,,two-sided,IMELL,19988,5,5029.247,87026,30916,56106,15784163,0,0,2048,5020.000,358.171,auto,30
lltp,ILL/petri-nets/MCC,,,Philosophers-50_1_1.p,intuitionistic,auto,1,false,,5,0,3,provable,proved,,ok,two-sided,IMELL,1996,5,0.213,3,0,2,297,0,0,2048,0.000,0.012,auto,30
lltp,ILL/petri-nets/MCC,,,Philosophers-50_20_1.p,intuitionistic,auto,1,false,,5,0,3,provable,unknown,timeout,,two-sided,IMELL,1958,5,5082.995,3497514,3165811,331699,68981521,0,0,2048,5060.000,388.446,auto,30
lltp,ILL/petri-nets/MCC,,,Philosophers-50_50_1.p,intuitionistic,auto,1,false,,5,0,3,provable,unknown,timeout,,two-sided,IMELL,1898,4,5098.681,6130529,5737047,393478,69188193,0,0,2048,5080.000,394.459,auto,30
lltp,ILL/petri-nets/MCC,,,Philosophers-50_5_1.p,intuitionistic,auto,1,false,,5,0,3,provable,unknown,timeout,,two-sided,IMELL,1988,5,5074.663,3039300,2715063,324233,70129883,0,0,2048,5050.000,372.092,auto,30
lltp,ILL/petri-nets/MCC,,,Philosophers-5_100_1.p,intuitionistic,auto,1,false,,5,0,3,provable,proved,,ok,two-sided,IMELL,196,5,0.082,3,0,2,26,0,0,2048,0.000,0.013,auto,30
lltp,ILL/petri-nets/MCC,,,Philosophers-5_10_1.p,intuitionistic,auto,1,false,,5,0,3,provable,proved,,ok,two-sided,IMELL,196,5,0.078,3,0,2,26,0,0,2048,0.000,0.012,auto,30
lltp,ILL/petri-nets/MCC,,,Philosophers-5_1_1.p,intuitionistic,auto,1,false,,5,0,3,provable,proved,,ok,two-sided,IMELL,196,5,0.070,3,0,2,26,0,0,2048,0.000,0.012,auto,30
lltp,ILL/petri-nets/MCC,,,Philosophers-5_20_1.p,intuitionistic,auto,1,false,,5,0,3,provable,proved,,ok,two-sided,IMELL,194,5,6.837,38032,32860,5167,105412,0,0,2048,0.000,0.905,auto,30
lltp,ILL/petri-nets/MCC,,,Philosophers-5_50_1.p,intuitionistic,auto,1,false,,5,0,3,provable,proved,,ok,two-sided,IMELL,194,5,6.787,38032,32860,5167,105412,0,0,2048,0.000,0.922,auto,30
lltp,ILL/petri-nets/MCC,,,Philosophers-5_5_1.p,intuitionistic,auto,1,false,,5,0,3,provable,proved,,ok,two-sided,IMELL,194,5,6.700,38032,32860,5167,105412,0,0,2048,0.000,0.873,auto,30
lltp,ILL/petri-nets/MCC,,,PhilosophersDyn_philo_dyn-10-unfolded_1_1.p,intuitionistic,auto,1,false,,5,0,3,provable,proved,,ok,two-sided,IMELL,36886,312,2.162,3,0,2,34,0,0,2048,0.000,0.016,auto,30
lltp,ILL/petri-nets/MCC,,,PhilosophersDyn_philo_dyn-10-unfolded_20_1.p,intuitionistic,auto,1,false,,5,0,3,provable,unknown,timeout,,two-sided,IMELL,36886,311,5015.784,47496,10216,32226,27474884,0,0,2048,5000.000,987.400,auto,30
lltp,ILL/petri-nets/MCC,,,PhilosophersDyn_philo_dyn-10-unfolded_5_1.p,intuitionistic,auto,1,false,,5,0,3,provable,unknown,timeout,,two-sided,IMELL,36888,312,5023.335,525194,482074,36922,26485761,0,0,2048,5010.000,880.461,auto,30
lltp,ILL/petri-nets/MCC,,,PhilosophersDyn_philo_dyn-20-unfolded_1_1.p,intuitionistic,auto,1,false,,5,0,3,provable,proved,,ok,two-sided,IMELL,283366,1222,23.507,5,0,3,6122,0,0,2048,20.000,3.353,auto,30
lltp,ILL/petri-nets/MCC,,,PhilosophersDyn_philo_dyn-20-unfolded_20_1.p,intuitionistic,auto,1,false,,5,0,3,provable,unknown,timeout,,two-sided,IMELL,283366,1221,5124.443,1324,0,1297,3576889,0,0,2048,5110.000,253.006,auto,30
lltp,ILL/petri-nets/MCC,,,PhilosophersDyn_philo_dyn-20-unfolded_5_1.p,intuitionistic,auto,1,false,,5,0,3,provable,unknown,timeout,,two-sided,IMELL,283362,1221,5010.405,3500,0,3420,11996843,0,0,2048,5000.000,669.347,auto,30
lltp,ILL/petri-nets/MCC,,,PhilosophersDyn_philo_dyn-3-unfolded_100_1.p,intuitionistic,auto,1,false,,5,0,3,provable,proved,,ok,two-sided,IMELL,1206,32,0.721,258,43,155,5488,0,0,2048,0.000,0.013,auto,30
lltp,ILL/petri-nets/MCC,,,PhilosophersDyn_philo_dyn-3-unfolded_10_1.p,intuitionistic,auto,1,false,,5,0,3,provable,proved,,ok,two-sided,IMELL,1200,31,10.647,1921,842,585,317861,0,0,2048,10.000,0.025,auto,30
lltp,ILL/petri-nets/MCC,,,PhilosophersDyn_philo_dyn-3-unfolded_1_1.p,intuitionistic,auto,1,false,,5,0,3,provable,proved,,ok,two-sided,IMELL,1200,32,0.125,3,0,2,13,0,0,2048,0.000,0.012,auto,30
lltp,ILL/petri-nets/MCC,,,PhilosophersDyn_philo_dyn-3-unfolded_20_1.p,intuitionistic,auto,1,false,,5,0,3,provable,proved,,ok,two-sided,IMELL,1206,32,0.720,258,43,155,5488,0,0,2048,0.000,0.012,auto,30
lltp,ILL/petri-nets/MCC,,,PhilosophersDyn_philo_dyn-3-unfolded_50_1.p,intuitionistic,auto,1,false,,5,0,3,provable,proved,,ok,two-sided,IMELL,1200,31,10.703,1921,842,585,317861,0,0,2048,10.000,4.942,auto,30
lltp,ILL/petri-nets/MCC,,,PhilosophersDyn_philo_dyn-3-unfolded_5_1.p,intuitionistic,auto,1,false,,5,0,3,provable,proved,,ok,two-sided,IMELL,1198,31,3.546,2432,1689,531,61350,0,0,2048,0.000,0.006,auto,30
lltp,ILL/petri-nets/MCC,,,Planning_planning_100_1.p,intuitionistic,auto,1,false,,5,0,3,provable,unknown,timeout,,two-sided,IMELL,1724,25,5047.506,836375,574186,233497,83464963,0,0,2048,5030.000,803.938,auto,30
lltp,ILL/petri-nets/MCC,,,Planning_planning_1_1.p,intuitionistic,auto,1,false,,5,0,3,provable,proved,,ok,two-sided,IMELL,1560,17,0.176,3,0,2,68,0,0,2048,0.000,0.012,auto,30
lltp,ILL/petri-nets/MCC,,,Planning_planning_20_1.p,intuitionistic,auto,1,false,,5,0,3,provable,unknown,timeout,,two-sided,IMELL,1590,18,5061.923,1078648,747337,294247,184994389,0,0,2048,5040.000,885.090,auto,30
lltp,ILL/petri-nets/MCC,,,Planning_planning_50_1.p,intuitionistic,auto,1,false,,5,0,3,provable,unknown,timeout,,two-sided,IMELL,1640,21,5051.941,885261,607254,247557,105456830,0,0,2048,5030.000,811.397,auto,30
lltp,ILL/petri-nets/MCC,,,Planning_planning_5_1.p,intuitionistic,auto,1,false,,5,0,3,provable,proved,,ok,two-sided,IMELL,1568,17,1017.042,217076,147665,61966,45027119,0,0,2048,1010.000,186.973,auto,30
lltp,ILL/petri-nets/MCC,,,PolyORBLF_PolyORB-LF-S02-J04-T06-unfolded_100_1.p,intuitionistic,auto,1,false,,5,0,3,provable,unknown,timeout,,two-sided,IMELL,14732,1224,5008.366,34824,14832,7195,24196140,0,0,2048,4990.000,508.177,auto,30
lltp,ILL/petri-nets/MCC,,,PolyORBLF_PolyORB-LF-S02-J04-T06-unfolded_10_1.p,intuitionistic,auto,1,false,,5,0,3,provable,proved,,ok,two-sided,IMELL,14714,1214,185.696,1348,424,428,989015,0,0,2048,190.000,22.198,auto,30
lltp,ILL/petri-nets/MCC,,,PolyORBLF_PolyORB-LF-S02-J04-T06-unfolded_1_1.p,intuitionistic,auto,1,false,,5,0,3,provable,proved,,ok,two-sided,IMELL,14734,1223,1.097,3,0,2,250,0,0,2048,0.000,0.013,auto,30
lltp,ILL/petri-nets/MCC,,,PolyORBLF_PolyORB-LF-S02-J04-T06-unfolded_20_1.p,intuitionistic,auto,1,false,,5,0,3,provable,unknown,timeout,,two-sided,IMELL,14718,1214,5012.419,35304,14928,7478,25104748,0,0,2048,4990.000,488.856,auto,30
lltp,ILL/petri-nets/MCC,,,PolyORBLF_PolyORB-LF-S02-J04-T06-unfolded_50_1.p,intuitionistic,auto,1,false,,5,0,3,provable,unknown,timeout,,two-sided,IMELL,14730,1224,5010.598,32170,13394,7009,21097073,0,0,2048,5000.000,643.819,auto,30
lltp,ILL/petri-nets/MCC,,,PolyORBLF_PolyORB-LF-S02-J04-T06-unfolded_5_1.p,intuitionistic,auto,1,false,,5,0,3,provable,proved,,ok,two-sided,IMELL,14712,1214,8.515,48,4,16,41961,0,0,2048,10.000,0.684,auto,30
lltp,ILL/petri-nets/MCC,,,PolyORBLF_PolyORB-LF-S02-J04-T08-unfolded_100_1.p,intuitionistic,auto,1,false,,5,0,3,provable,unknown,timeout,,two-sided,IMELL,19736,1628,5007.231,22908,9111,6050,20194460,0,0,2048,4990.000,626.390,auto,30
lltp,ILL/petri-nets/MCC,,,PolyORBLF_PolyORB-LF-S02-J04-T08-unfolded_10_1.p,intuitionistic,auto,1,false,,5,0,3,provable,proved,,ok,two-sided,IMELL,19720,1618,299.055,1368,424,448,1357289,0,0,2048,300.000,41.362,auto,30
lltp,ILL/petri-nets/MCC,,,PolyORBLF_PolyORB-LF-S02-J04-T08-unfolded_1_1.p,intuitionistic,auto,1,false,,5,0,3,provable,proved,,ok,two-sided,IMELL,19738,1627,1.573,3,0,2,292,0,0,2048,0.000,0.020,auto,30
lltp,ILL/petri-nets/MCC,,,PolyORBLF_PolyORB-LF-S02-J04-T08-unfolded_20_1.p,intuitionistic,auto,1,false,,5,0,3,provable,unknown,timeout,,two-sided,IMELL,19722,1618,5011.148,23972,9620,6205,22527751,0,0,2048,5000.000,564.850,auto,30
lltp,ILL/petri-nets/MCC,,,PolyORBLF_PolyORB-LF-S02-J04-T08-unfolded_50_1.p,intuitionistic,auto,1,false,,5,0,3,provable,unknown,timeout,,two-sided,IMELL,19734,1628,5014.993,24603,9875,6336,16765826,0,0,2048,5010.000,534.227,auto,30
lltp,ILL/petri-nets/MCC,,,PolyORBLF_PolyORB-LF-S02-J04-T08-unfolded_5_1.p,intuitionistic,auto,1,false,,5,0,3,provable,proved,,ok,two-sided,IMELL,19716,1618,13.619,48,4,16,59802,0,0,2048,20.000,1.193,auto,30
lltp,ILL/petri-nets/MCC,,,PolyORBLF_PolyORB-LF-S02-J04-T10-unfolded_100_1.p,intuitionistic,auto,1,false,,5,0,3,provable,unknown,timeout,,two-sided,IMELL,24820,2032,5003.953,19669,7721,5650,20741905,0,0,2048,4980.000,517.519,auto,30
lltp,ILL/petri-nets/MCC,,,PolyORBLF_PolyORB-LF-S02-J04-T10-unfolded_10_1.p,intuitionistic,auto,1,false,,5,0,3,provable,proved,,ok,two-sided,IMELL,24804,2022,381.058,1388,424,468,1564722,0,0,2048,380.000,48.857,auto,30
lltp,ILL/petri-nets/MCC,,,PolyORBLF_PolyORB-LF-S02-J04-T10-unfolded_1_1.p,intuitionistic,auto,1,false,,5,0,3,provable,proved,,ok,two-sided,IMELL,24822,2031,2.016,3,0,2,237,0,0,2048,0.000,0.030,auto,30
lltp,ILL/petri-nets/MCC,,,PolyORBLF_PolyORB-LF-S02-J04-T10-unfolded_20_1.p,intuitionistic,auto,1,false,,5,0,3,provable,unknown,timeout,,two-sided,IMELL,24820,2031,5004.924,19880,7820,5683,21824446,0,0,2048,4990.000,498.461,auto,30
lltp,ILL/petri-nets/MCC,,,PolyORBLF_PolyORB-LF-S02-J04-T10-unfolded_50_1.p,intuitionistic,auto,1,false,,5,0,3,provable,unknown,timeout,,two-sided,IMELL,24818,2032,5003.687,19685,7765,5607,15300645,0,0,2048,5000.000,532.655,auto,30
lltp,ILL/petri-nets/MCC,,,PolyORBLF_PolyORB-LF-S02-J04-T10-unfolded_5_1.p,intuitionistic,auto,1,false,,5,0,3,provable,proved,,ok,two-sided,IMELL,24800,2022,16.209,48,4,16,56911,0,0,2048,20.000,1.270,auto,30
lltp,ILL/petri-nets/MCC,,,PolyORBLF_PolyORB-LF-S02-J06-T06-unfolded_100_1.p,intuitionistic,auto,1,false,,5,0,3,provable,unknown,timeout,,two-sided,IMELL,15988,1224,5010.103,33614,13993,8500,25284468,0,0,2048,5000.000,568.380,auto,30
lltp,ILL/petri-nets/MCC,,,PolyORBLF_PolyORB-LF-S02-J06-T06-unfolded_10_1.p,intuitionistic,auto,1,false,,5,0,3,provable,proved,,ok,two-sided,IMELL,15972,1214,338.187,2384,864,760,1785630,0,0,2048,340.000,42.131,auto,30
lltp,ILL/petri-nets/MCC,,,PolyORBLF_PolyORB-LF-S02-J06-T06-unfolded_1_1.p,intuitionistic,auto,1,false,,5,0,3,provable,proved,,ok,two-sided,IMELL,15990,1223,1.121,3,0,2,260,0,0,2048,0.000,0.031,auto,30
lltp,ILL/petri-nets/MCC,,,PolyORBLF_PolyORB-LF-S02-J06-T06-unfolded_20_1.p,intuitionistic,auto,1,false,,5,0,3,provable,unknown,timeout,,two-sided,IMELL,15988,1223,5008.899,33784,13987,8635,25643254,0,0,2048,4990.000,560.052,auto,30
lltp,ILL/petri-nets/MCC,,,PolyORBLF_PolyORB-LF-S02-J06-T06-unfolded_50_1.p,intuitionistic,auto,1,false,,5,0,3,provable,unknown,timeout,,two-sided,IMELL,15988,1224,5008.562,31056,12776,8213,21734391,0,0,2048,4990.000,702.643,auto,30
lltp,ILL/petri-nets/MCC,,,PolyORBLF_PolyORB-LF-S02-J06-T06-unfolded_5_1.p,intuitionistic,auto,1,false,,5,0,3,provable,proved,,ok,two-sided,IMELL,15968,1214,10.709,48,4,16,55743,0,0,2048,10.000,1.058,auto,30
lltp,ILL/petri-nets/MCC,,,PolyORBLF_PolyORB-LF-S02-J06-T08-unfolded_100_1.p,intuitionistic,auto,1,false,,5,0,3,provable,unknown,timeout,,two-sided,IMELL,21408,1628,5006.317,23983,9589,6991,18278820,0,0,2048,4990.000,565.725,auto,30
lltp,ILL/petri-nets/MCC,,,PolyORBLF_PolyORB-LF-S02-J06-T08-unfolded_10_1.p,intuitionistic,auto,1,false,,5,0,3,provable,proved,,ok,two-sided,IMELL,21392,1618,531.949,2412,864,788,2455667,0,0,2048,530.000,60.987,auto,30
lltp,ILL/petri-nets/MCC,,,PolyORBLF_PolyORB-LF-S02-J06-T08-unfolded_1_1.p,intuitionistic,auto,1,false,,5,0,3,provable,proved,,ok,two-sided,IMELL,21410,1627,1.747,3,0,2,213,0,0,2048,0.000,0.020,auto,30
lltp,ILL/petri-nets/MCC,,,PolyORBLF_PolyORB-LF-S02-J06-T08-unfolded_20_1.p,intuitionistic,auto,1,false,,5,0,3,provable,unknown,timeout,,two-sided,IMELL,21408,1627,5008.185,24100,9789,6885,17988057,0,0,2048,5000.000,554.537,auto,30
lltp,ILL/petri-nets/MCC,,,PolyORBLF_PolyORB-LF-S02-J06-T08-unfolded_50_1.p,intuitionistic,auto,1,false,,5,0,3,provable,unknown,timeout,,two-sided,IMELL,21408,1628,5009.045,24309,9858,6948,16679579,0,0,2048,4990.000,527.501,auto,30
lltp,ILL/petri-nets/MCC,,,PolyORBLF_PolyORB-LF-S02-J06-T08-unfolded_5_1.p,intuitionistic,auto,1,false,,5,0,3,provable,proved,,ok,two-sided,IMELL,21388,1618,15.652,48,4,16,64059,0,0,2048,20.000,1.129,auto,30
lltp,ILL/petri-nets/MCC,,,PolyORBLF_PolyORB-LF-S02-J06-T10-unfolded_100_1.p,intuitionistic,auto,1,false,,5,0,3,provable,unknown,timeout,,two-sided,IMELL,26908,2032,5004.377,20417,8248,6529,21348500,0,0,2048,4990.000,546.796,auto,30
lltp,ILL/petri-nets/MCC,,,PolyORBLF_PolyORB-LF-S02-J06-T10-unfolded_10_1.p,intuitionistic,auto,1,false,,5,0,3,provable,proved,,ok,two-sided,IMELL,26892,2022,669.190,2440,864,816,2921455,0,0,2048,660.000,80.316,auto,30
lltp,ILL/petri-nets/MCC,,,PolyORBLF_PolyORB-LF-S02-J06-T10-unfolded_1_1.p,intuitionistic,auto,1,false,,5,0,3,provable,proved,,ok,two-sided,IMELL,26910,2031,2.212,3,0,2,240,0,0,2048,0.000,0.025,auto,30
lltp,ILL/petri-nets/MCC,,,PolyORBLF_PolyORB-LF-S02-J06-T10-unfolded_20_1.p,intuitionistic,auto,1,false,,5,0,3,provable,unknown,timeout,,two-sided,IMELL,26908,2031,5003.761,19743,7886,6256,21914447,0,0,2048,4990.000,553.972,auto,30
lltp,ILL/petri-nets/MCC,,,PolyORBLF_PolyORB-LF-S02-J06-T10-unfolded_50_1.p,intuitionistic,auto,1,false,,5,0,3,provable,unknown,timeout,,two-sided,IMELL,26910,2032,5008.928,19920,8040,6373,15799327,0,0,2048,4990.000,567.724,auto,30
lltp,ILL/petri-nets/MCC,,,PolyORBLF_PolyORB-LF-S02-J06-T10-unfolded_5_1.p,intuitionistic,auto,1,false,,5,0,3,provable,proved,,ok,two-sided,IMELL,26888,2022,19.346,48,4,16,67075,0,0,2048,20.000,2.200,auto,30
lltp,ILL/petri-nets/MCC,,,PolyORBLF_PolyORB-LF-S04-J04-T06-unfolded_100_1.p,intuitionistic,auto,1,false,,5,0,3,provable,unknown,timeout,,two-sided,IMELL,86634,12892,5022.425,12402,4652,5819,12045074,0,0,2048,5010.000,523.658,auto,30
lltp,ILL/petri-nets/MCC,,,PolyORBLF_PolyORB-LF-S04-J04-T06-unfolded_10_1.p,intuitionistic,auto,1,false,,5,0,3,provable,unknown,timeout,,two-sided,IMELL,86636,12892,5031.721,9447,3374,4188,10472216,0,0,2048,5030.000,433.948,auto,30
lltp,ILL/petri-nets/MCC,,,PolyORBLF_PolyORB-LF-S04-J04-T06-unfolded_1_1.p,intuitionistic,auto,1,false,,5,0,3,provable,proved,,ok,two-sided,IMELL,86654,12901,5.443,3,0,2,477,0,0,2048,10.000,0.045,auto,30
lltp,ILL/petri-nets/MCC,,,PolyORBLF_PolyORB-LF-S04-J04-T06-unfolded_20_1.p,intuitionistic,auto,1,false,,5,0,3,provable,unknown,timeout,,two-sided,IMELL,86642,12892,5012.816,11981,4460,5622,11853938,0,0,2048,5000.000,514.909,auto,30
lltp,ILL/petri-nets/MCC,,,PolyORBLF_PolyORB-LF-S04-J04-T06-unfolded_50_1.p,intuitionistic,auto,1,false,,5,0,3,provable,unknown,timeout,,two-sided,IMELL,86648,12902,5016.387,10483,3821,4875,10202052,0,0,2048,5000.000,485.186,auto,30
lltp,ILL/petri-nets/MCC,,,PolyORBLF_PolyORB-LF-S04-J04-T06-unfolded_5_1.p,intuitionistic,auto,1,false,,5,0,3,provable,proved,,ok,two-sided,IMELL,86632,12892,127.815,244,80,82,375160,0,0,2048,120.000,19.049,auto,30
lltp,ILL/petri-nets/MCC,,,PolyORBLF_PolyORB-LF-S04-J04-T08-unfolded_100_1.p,intuitionistic,auto,1,false,,5,0,3,provable,unknown,timeout,,two-sided,IMELL,115598,17188,5018.730,7679,2677,3610,10416120,0,0,2048,5010.000,449.016,auto,30
lltp,ILL/petri-nets/MCC,,,PolyORBLF_PolyORB-LF-S04-J04-T08-unfolded_10_1.p,intuitionistic,auto,1,false,,5,0,3,provable,unknown,timeout,,two-sided,IMELL,115600,17188,5024.787,7092,2436,3327,9796775,0,0,2048,5020.000,471.651,auto,30
lltp,ILL/petri-nets/MCC,,,PolyORBLF_PolyORB-LF-S04-J04-T08-unfolded_1_1.p,intuitionistic,auto,1,false,,5,0,3,provable,proved,,ok,two-sided,IMELL,115618,17197,6.804,3,0,2,752,0,0,2048,10.000,0.033,auto,30
lltp,ILL/petri-nets/MCC,,,PolyORBLF_PolyORB-LF-S04-J04-T08-unfolded_20_1.p,intuitionistic,auto,1,false,,5,0,3,provable,unknown,timeout,,two-sided,IMELL,115606,17188,5028.265,7736,2688,3651,10520112,0,0,2048,5020.000,433.656,auto,30
lltp,ILL/petri-nets/MCC,,,PolyORBLF_PolyORB-LF-S04-J04-T08-unfolded_50_1.p,intuitionistic,auto,1,false,,5,0,3,provable,unknown,timeout,,two-sided,IMELL,115612,17198,5041.891,6982,2392,3286,9550053,0,0,2048,5040.000,494.962,auto,30
lltp,ILL/petri-nets/MCC,,,PolyORBLF_PolyORB-LF-S04-J04-T08-unfolded_5_1.p,intuitionistic,auto,1,false,,5,0,3,provable,proved,,ok,two-sided,IMELL,115596,17188,200.695,244,80,82,499614,0,0,2048,210.000,28.457,auto,30
lltp,ILL/petri-nets/MCC,,,PolyORBLF_PolyORB-LF-S04-J04-T10-unfolded_100_1.p,intuitionistic,auto,1,false,,5,0,3,provable,unknown,timeout,,two-sided,IMELL,144642,21484,5009.010,5104,1654,2541,9028101,0,0,2048,5000.000,449.485,auto,30
lltp,ILL/petri-nets/MCC,,,PolyORBLF_PolyORB-LF-S04-J04-T10-unfolded_10_1.p,intuitionistic,auto,1,false,,5,0,3,provable,unknown,timeout,,two-sided,IMELL,144644,21484,5037.703,4359,1352,2177,7988481,0,0,2048,5030.000,435.980,auto,30
lltp,ILL/petri-nets/MCC,,,PolyORBLF_PolyORB-LF-S04-J04-T10-unfolded_1_1.p,intuitionistic,auto,1,false,,5,0,3,provable,proved,,ok,two-sided,IMELL,144662,21493,9.499,3,0,2,525,0,0,2048,10.000,0.067,auto,30
lltp,ILL/petri-nets/MCC,,,PolyORBLF_PolyORB-LF-S04-J04-T10-unfolded_20_1.p,intuitionistic,auto,1,false,,5,0,3,provable,unknown,timeout,,two-sided,IMELL,144650,21484,5028.333,5104,1654,2541,9059133,0,0,2048,5030.000,441.758,auto,30
lltp,ILL/petri-nets/MCC,,,PolyORBLF_PolyORB-LF-S04-J04-T10-unfolded_50_1.p,intuitionistic,auto,1,false,,5,0,3,provable,unknown,timeout,,two-sided,IMELL,144656,21494,5033.687,4250,1299,2131,7731272,0,0,2048,5030.000,553.680,auto,30
lltp,ILL/petri-nets/MCC,,,PolyORBLF_PolyORB-LF-S04-J04-T10-unfolded_5_1.p,intuitionistic,auto,1,false,,5,0,3,provable,proved,,ok,two-sided,IMELL,144640,21484,339.439,244,80,82,637567,0,0,2048,340.000,68.376,auto,30
lltp,ILL/petri-nets/MCC,,,PolyORBLF_PolyORB-LF-S04-J06-T06-unfolded_100_1.p,intuitionistic,auto,1,false,,5,0,3,provable,unknown,timeout,,two-sided,IMELL,88274,12892,5020.814,12291,4576,5948,12186534,0,0,2048,5010.000,537.959,auto,30
lltp,ILL/petri-nets/MCC,,,PolyORBLF_PolyORB-LF-S04-J06-T06-unfolded_10_1.p,intuitionistic,auto,1,false,,5,0,3,provable,unknown,timeout,,two-sided,IMELL,88276,12892,5020.716,11411,4210,5570,10873732,0,0,2048,5000.000,623.416,auto,30
lltp,ILL/petri-nets/MCC,,,PolyORBLF_PolyORB-LF-S04-J06-T06-unfolded_1_1.p,intuitionistic,auto,1,false,,5,0,3,provable,proved,,ok,two-sided,IMELL,88294,12901,5.746,3,0,2,604,0,0,2048,0.000,0.047,auto,30
lltp,ILL/petri-nets/MCC,,,PolyORBLF_PolyORB-LF-S04-J06-T06-unfolded_20_1.p,intuitionistic,auto,1,false,,5,0,3,provable,unknown,timeout,,two-sided,IMELL,88282,12892,5026.316,11876,4417,5723,11955753,0,0,2048,5010.000,567.357,auto,30
lltp,ILL/petri-nets/MCC,,,PolyORBLF_PolyORB-LF-S04-J06-T06-unfolded_50_1.p,intuitionistic,auto,1,false,,5,0,3,provable,unknown,timeout,,two-sided,IMELL,88288,12902,5047.479,11292,4168,5524,10429869,0,0,2048,5040.000,584.764,auto,30
lltp,ILL/petri-nets/MCC,,,PolyORBLF_PolyORB-LF-S04-J06-T06-unfolded_5_1.p,intuitionistic,auto,1,false,,5,0,3,provable,proved,,ok,two-sided,IMELL,88272,12892,145.446,244,80,82,411948,0,0,2048,140.000,22.780,auto,30
lltp,ILL/petri-nets/MCC,,,PolyORBLF_PolyORB-LF-S04-J06-T08-unfolded_100_1.p,intuitionistic,auto,1,false,,5,0,3,provable,unknown,timeout,,two-sided,IMELL,117782,17188,5019.715,8625,3008,4371,10922452,0,0,2048,5010.000,510.979,auto,30
lltp,ILL/petri-nets/MCC,,,PolyORBLF_PolyORB-LF-S04-J06-T08-unfolded_10_1.p,intuitionistic,auto,1,false,,5,0,3,provable,unknown,timeout,,two-sided,IMELL,117784,17188,5012.899,8230,2858,4228,10135191,0,0,2048,5000.000,573.621,auto,30
lltp,ILL/petri-nets/MCC,,,PolyORBLF_PolyORB-LF-S04-J06-T08-unfolded_1_1.p,intuitionistic,auto,1,false,,5,0,3,provable,proved,,ok,two-sided,IMELL,117802,17197,6.765,3,0,2,780,0,0,2048,0.000,0.064,auto,30
lltp,ILL/petri-nets/MCC,,,PolyORBLF_PolyORB-LF-S04-J06-T08-unfolded_20_1.p,intuitionistic,auto,1,false,,5,0,3,provable,unknown,timeout,,two-sided,IMELL,117790,17188,5012.782,8625,3008,4371,10972994,0,0,2048,5000.000,507.897,auto,30
lltp,ILL/petri-nets/MCC,,,PolyORBLF_PolyORB-LF-S04-J06-T08-unfolded_50_1.p,intuitionistic,auto,1,false,,5,0,3,provable,unknown,timeout,,two-sided,IMELL,117796,17198,5083.865,8231,2858,4228,10048898,0,0,2048,5080.000,598.897,auto,30
lltp,ILL/petri-nets/MCC,,,PolyORBLF_PolyORB-LF-S04-J06-T08-unfolded_5_1.p,intuitionistic,auto,1,false,,5,0,3,provable,proved,,ok,two-sided,IMELL,117780,17188,221.478,244,80,82,535269,0,0,2048,210.000,27.823,auto,30
lltp,ILL/petri-nets/MCC,,,PolyORBLF_PolyORB-LF-S04-J06-T10-unfolded_100_1.p,intuitionistic,auto,1,false,,5,0,3,provable,unknown,timeout,,two-sided,IMELL,147370,21484,5026.368,4688,1595,2222,8906417,0,0,2048,5020.000,449.161,auto,30
lltp,ILL/petri-nets/MCC,,,PolyORBLF_PolyORB-LF-S04-J06-T10-unfolded_10_1.p,intuitionistic,auto,1,false,,5,0,3,provable,unknown,timeout,,two-sided,IMELL,147372,21484,5043.943,3771,1185,1774,7836533,0,0,2048,5040.000,464.355,auto,30
lltp,ILL/petri-nets/MCC,,,PolyORBLF_PolyORB-LF-S04-J06-T10-unfolded_1_1.p,intuitionistic,auto,1,false,,5,0,3,provable,proved,,ok,two-sided,IMELL,147390,21493,10.183,3,0,2,943,0,0,2048,0.000,0.065,auto,30
lltp,ILL/petri-nets/MCC,,,PolyORBLF_PolyORB-LF-S04-J06-T10-unfolded_20_1.p,intuitionistic,auto,1,false,,5,0,3,provable,unknown,timeout,,two-sided,IMELL,147378,21484,5029.627,4688,1595,2222,8934236,0,0,2048,5020.000,445.659,auto,30
lltp,ILL/petri-nets/MCC,,,PolyORBLF_PolyORB-LF-S04-J06-T10-unfolded_50_1.p,intuitionistic,auto,1,false,,5,0,3,provable,unknown,timeout,,two-sided,IMELL,147384,21494,5059.482,3775,1205,1775,7647909,0,0,2048,5060.000,498.199,auto,30
lltp,ILL/petri-nets/MCC,,,PolyORBLF_PolyORB-LF-S04-J06-T10-unfolded_5_1.p,intuitionistic,auto,1,false,,5,0,3,provable,proved,,ok,two-sided,IMELL,147368,21484,368.746,244,80,82,671083,0,0,2048,370.000,63.628,auto,30
lltp,ILL/petri-nets/MCC,,,PolyORBLF_PolyORB-LF-S06-J04-T04-unfolded_10_1.p,intuitionistic,auto,1,false,,5,0,3,provable,unknown,timeout,,two-sided,IMELL,241326,38526,5064.285,2621,1311,673,6876845,0,0,2048,5040.000,631.943,auto,30
lltp,ILL/petri-nets/MCC,,,PolyORBLF_PolyORB-LF-S06-J04-T04-unfolded_1_1.p,intuitionistic,auto,1,false,,5,0,3,provable,proved,,ok,two-sided,IMELL,241346,38535,13.382,3,0,2,594,0,0,2048,10.000,0.076,auto,30
lltp,ILL/petri-nets/MCC,,,PolyORBLF_PolyORB-LF-S06-J04-T04-unfolded_20_1.p,intuitionistic,auto,1,false,,5,0,3,provable,unknown,timeout,,two-sided,IMELL,241322,38530,5067.195,3166,1581,816,8626536,0,0,2048,5050.000,273.171,auto,30
lltp,ILL/petri-nets/MCC,,,PolyORBLF_PolyORB-LF-S06-J04-T04-unfolded_5_1.p,intuitionistic,auto,1,false,,5,0,3,provable,proved,,ok,two-sided,IMELL,241334,38533,1515.244,912,420,296,2211806,0,0,2048,1510.000,246.558,auto,30
lltp,ILL/petri-nets/MCC,,,PolyORBLF_PolyORB-LF-S06-J04-T06-unfolded_10_1.p,intuitionistic,auto,1,false,,5,0,3,provable,unknown,timeout,,two-sided,IMELL,361980,57786,5211.478,1143,502,381,4464966,0,0,2048,5210.000,578.791,auto,30
lltp,ILL/petri-nets/MCC,,,PolyORBLF_PolyORB-LF-S06-J04-T06-unfolded_1_1.p,intuitionistic,auto,1,false,,5,0,3,provable,proved,,ok,two-sided,IMELL,361998,57795,33.414,4,0,2,6160,0,0,2048,30.000,3.465,auto,30
lltp,ILL/petri-nets/MCC,,,PolyORBLF_PolyORB-LF-S06-J04-T06-unfolded_20_1.p,intuitionistic,auto,1,false,,5,0,3,provable,unknown,timeout,,two-sided,IMELL,361974,57790,5136.209,1345,624,407,5551199,0,0,2048,5120.000,607.259,auto,30
lltp,ILL/petri-nets/MCC,,,PolyORBLF_PolyORB-LF-S06-J04-T06-unfolded_5_1.p,intuitionistic,auto,1,false,,5,0,3,provable,proved,,ok,two-sided,IMELL,361976,57786,4084.448,912,420,296,3374237,0,0,2048,4080.000,434.919,auto,30
lltp,ILL/petri-nets/MCC,,,PolyORBLF_PolyORB-LF-S06-J04-T08-unfolded_10_1.p,intuitionistic,auto,1,false,,5,0,3,provable,unknown,timeout,,two-sided,IMELL,482712,77046,5259.473,725,289,281,3383165,0,0,2048,5240.000,437.424,auto,30
lltp,ILL/petri-nets/MCC,,,PolyORBLF_PolyORB-LF-S06-J04-T08-unfolded_1_1.p,intuitionistic,auto,1,false,,5,0,3,provable,proved,,ok,two-sided,IMELL,482730,77055,42.394,4,0,2,7978,0,0,2048,50.000,0.219,auto,30
lltp,ILL/petri-nets/MCC,,,PolyORBLF_PolyORB-LF-S06-J04-T08-unfolded_20_1.p,intuitionistic,auto,1,false,,5,0,3,provable,unknown,timeout,,two-sided,IMELL,482706,77050,5357.560,675,258,274,3060158,0,0,2048,5340.000,454.049,auto,30
lltp,ILL/petri-nets/MCC,,,PolyORBLF_PolyORB-LF-S06-J04-T08-unfolded_5_1.p,intuitionistic,auto,1,false,,5,0,3,provable,unknown,timeout,,two-sided,IMELL,482708,77046,5012.224,675,258,274,3130691,0,0,2048,4990.000,361.606,auto,30
lltp,ILL/petri-nets/MCC,,,PolyORBLF_PolyORB-LF-S06-J06-T04-unfolded_10_1.p,intuitionistic,auto,1,false,,5,0,3,provable,unknown,timeout,,two-sided,IMELL,242680,38526,5035.169,2445,1194,658,6556500,0,0,2048,5030.000,528.097,auto,30
lltp,ILL/petri-nets/MCC,,,PolyORBLF_PolyORB-LF-S06-J06-T04-unfolded_1_1.p,intuitionistic,auto,1,false,,5,0,3,provable,proved,,ok,two-sided,IMELL,242698,38535,15.510,3,0,2,763,0,0,2048,10.000,0.081,auto,30
lltp,ILL/petri-nets/MCC,,,PolyORBLF_PolyORB-LF-S06-J06-T04-unfolded_20_1.p,intuitionistic,auto,1,false,,5,0,3,provable,unknown,timeout,,two-sided,IMELL,242674,38530,5129.977,2988,1456,812,8307911,0,0,2048,5120.000,278.034,auto,30
lltp,ILL/petri-nets/MCC,,,PolyORBLF_PolyORB-LF-S06-J06-T04-unfolded_5_1.p,intuitionistic,auto,1,false,,5,0,3,provable,proved,,ok,two-sided,IMELL,242676,38526,1775.088,912,420,296,2217290,0,0,2048,1770.000,187.675,auto,30
lltp,ILL/petri-nets/MCC,,,PolyORBLF_PolyORB-LF-S06-J06-T06-unfolded_10_1.p,intuitionistic,auto,1,false,,5,0,3,provable,unknown,timeout,,two-sided,IMELL,364002,57786,5141.086,1121,490,378,4606862,0,0,2048,5130.000,287.804,auto,30
lltp,ILL/petri-nets/MCC,,,PolyORBLF_PolyORB-LF-S06-J06-T06-unfolded_1_1.p,intuitionistic,auto,1,false,,5,0,3,provable,proved,,ok,two-sided,IMELL,364022,57795,32.934,4,0,2,5506,0,0,2048,30.000,3.561,auto,30
lltp,ILL/petri-nets/MCC,,,PolyORBLF_PolyORB-LF-S06-J06-T06-unfolded_20_1.p,intuitionistic,auto,1,false,,5,0,3,provable,unknown,timeout,,two-sided,IMELL,363998,57790,5048.946,1271,584,394,5450574,0,0,2048,5040.000,635.265,auto,30
lltp,ILL/petri-nets/MCC,,,PolyORBLF_PolyORB-LF-S06-J06-T06-unfolded_5_1.p,intuitionistic,auto,1,false,,5,0,3,provable,proved,,ok,two-sided,IMELL,364000,57786,4337.336,912,420,296,3536821,0,0,2048,4330.000,261.459,auto,30
lltp,ILL/petri-nets/MCC,,,PolyORBLF_PolyORB-LF-S06-J06-T08-unfolded_10_1.p,intuitionistic,auto,1,false,,5,0,3,provable,unknown,timeout,,two-sided,IMELL,485408,77046,5089.848,675,258,274,3187057,0,0,2048,5080.000,436.266,auto,30
lltp,ILL/petri-nets/MCC,,,PolyORBLF_PolyORB-LF-S06-J06-T08-unfolded_1_1.p,intuitionistic,auto,1,false,,5,0,3,provable,proved,,ok,two-sided,IMELL,485426,77055,44.037,4,0,2,5710,0,0,2048,30.000,3.317,auto,30
lltp,ILL/petri-nets/MCC,,,PolyORBLF_PolyORB-LF-S06-J06-T08-unfolded_20_1.p,intuitionistic,auto,1,false,,5,0,3,provable,unknown,timeout,,two-sided,IMELL,485402,77050,5207.596,625,235,257,2898988,0,0,2048,5200.000,426.241,auto,30
lltp,ILL/petri-nets/MCC,,,PolyORBLF_PolyORB-LF-S06-J06-T08-unfolded_5_1.p,intuitionistic,auto,1,false,,5,0,3,provable,unknown,timeout,,two-sided,IMELL,485404,77046,5205.161,675,258,274,3172152,0,0,2048,5200.000,427.029,auto,30
lltp,ILL/petri-nets/MCC,,,PolyORBNT_PolyORB-NT-S05-J20-unfolded_10_1.p,intuitionistic,auto,1,false,,5,0,3,provable,unknown,timeout,,two-sided,IMELL,33358,4880,5100.975,133271,0,133268,29401756,0,0,2048,5080.000,435.972,auto,30
lltp,ILL/petri-nets/MCC,,,PolyORBNT_PolyORB-NT-S05-J20-unfolded_1_1.p,intuitionistic,auto,1,false,,5,0,3,provable,proved,,ok,two-sided,IMELL,33374,4884,1.867,3,0,2,201,0,0,2048,0.000,0.042,auto,30
lltp,ILL/petri-nets/MCC,,,PolyORBNT_PolyORB-NT-S05-J20-unfolded_20_1.p,intuitionistic,auto,1,false,,5,0,3,provable,unknown,timeout,,two-sided,IMELL,33356,4880,5399.121,229407,0,229404,106525683,0,0,2048,5380.000,810.907,auto,30
lltp,ILL/petri-nets/MCC,,,PolyORBNT_PolyORB-NT-S05-J20-unfolded_5_1.p,intuitionistic,auto,1,false,,5,0,3,provable,unknown,timeout,,two-sided,IMELL,33362,4881,5364.253,229407,0,229404,106525085,0,0,2048,5340.000,791.647,auto,30
lltp,ILL/petri-nets/MCC,,,PolyORBNT_PolyORB-NT-S05-J30-unfolded_10_1.p,intuitionistic,auto,1,false,,5,0,3,provable,unknown,timeout,,two-sided,IMELL,35278,4880,5075.901,101300,0,101297,25322653,0,0,2048,5060.000,458.593,auto,30
lltp,ILL/petri-nets/MCC,,,PolyORBNT_PolyORB-NT-S05-J30-unfolded_1_1.p,intuitionistic,auto,1,false,,5,0,3,provable,proved,,ok,two-sided,IMELL,35294,4884,2.357,3,0,2,186,0,0,2048,0.000,0.023,auto,30
lltp,ILL/petri-nets/MCC,,,PolyORBNT_PolyORB-NT-S05-J30-unfolded_20_1.p,intuitionistic,auto,1,false,,5,0,3,provable,unknown,timeout,,two-sided,IMELL,35276,4880,5183.599,220185,0,220182,64403565,0,0,2048,5160.000,762.565,auto,30
lltp,ILL/petri-nets/MCC,,,PolyORBNT_PolyORB-NT-S05-J30-unfolded_5_1.p,intuitionistic,auto,1,false,,5,0,3,provable,unknown,timeout,,two-sided,IMELL,35286,4882,5184.861,218720,0,218717,63973547,0,0,2048,5160.000,774.370,auto,30
lltp,ILL/petri-nets/MCC,,,PolyORBNT_PolyORB-NT-S05-J40-unfolded_10_1.p,intuitionistic,auto,1,false,,5,0,3,provable,unknown,timeout,,two-sided,IMELL,37200,4881,5072.170,90405,0,90402,24541737,0,0,2048,5060.000,422.155,auto,30
lltp,ILL/petri-nets/MCC,,,PolyORBNT_PolyORB-NT-S05-J40-unfolded_1_1.p,intuitionistic,auto,1,false,,5,0,3,provable,proved,,ok,two-sided,IMELL,37214,4884,2.581,3,0,2,200,0,0,2048,0.000,0.035,auto,30
lltp,ILL/petri-nets/MCC,,,PolyORBNT_PolyORB-NT-S05-J40-unfolded_20_1.p,intuitionistic,auto,1,false,,5,0,3,provable,unknown,timeout,,two-sided,IMELL,37196,4880,5138.342,152526,0,152523,98792195,0,0,2048,5110.000,452.488,auto,30
lltp,ILL/petri-nets/MCC,,,PolyORBNT_PolyORB-NT-S05-J40-unfolded_5_1.p,intuitionistic,auto,1,false,,5,0,3,provable,unknown,timeout,,two-sided,IMELL,37202,4881,5135.419,152294,0,152291,98660977,0,0,2048,5110.000,494.032,auto,30
lltp,ILL/petri-nets/MCC,,,PolyORBNT_PolyORB-NT-S05-J60-unfolded_10_1.p,intuitionistic,auto,1,false,,5,0,3,provable,unknown,timeout,,two-sided,IMELL,41040,4881,5053.629,63695,0,63692,20181344,0,0,2048,5040.000,416.428,auto,30
lltp,ILL/petri-nets/MCC,,,PolyORBNT_PolyORB-NT-S05-J60-unfolded_1_1.p,intuitionistic,auto,1,false,,5,0,3,provable,proved,,ok,two-sided,IMELL,41054,4884,3.014,3,0,2,219,0,0,2048,0.000,0.022,auto,30
lltp,ILL/petri-nets/MCC,,,PolyORBNT_PolyORB-NT-S05-J60-unfolded_20_1.p,intuitionistic,auto,1,false,,5,0,3,provable,unknown,timeout,,two-sided,IMELL,41036,4880,5139.842,149586,0,149583,57929659,0,0,2048,5120.000,562.318,auto,30
lltp,ILL/petri-nets/MCC,,,PolyORBNT_PolyORB-NT-S05-J60-unfolded_5_1.p,intuitionistic,auto,1,false,,5,0,3,provable,unknown,timeout,,two-sided,IMELL,41042,4881,5135.716,151032,0,151029,58485970,0,0,2048,5120.000,533.827,auto,30
lltp,ILL/petri-nets/MCC,,,PolyORBNT_PolyORB-NT-S05-J80-unfolded_10_1.p,intuitionistic,auto,1,false,,5,0,3,provable,unknown,timeout,,two-sided,IMELL,44878,4880,5047.570,50491,0,50488,19851491,0,0,2048,5030.000,424.727,auto,30
lltp,ILL/petri-nets/MCC,,,PolyORBNT_PolyORB-NT-S05-J80-unfolded_1_1.p,intuitionistic,auto,1,false,,5,0,3,provable,proved,,ok,two-sided,IMELL,44894,4884,3.710,3,0,2,243,0,0,2048,0.000,0.039,auto,30
lltp,ILL/petri-nets/MCC,,,PolyORBNT_PolyORB-NT-S05-J80-unfolded_20_1.p,intuitionistic,auto,1,false,,5,0,3,provable,unknown,timeout,,two-sided,IMELL,44876,4880,5097.011,117731,0,117728,55847050,0,0,2048,5090.000,424.130,auto,30
lltp,ILL/petri-nets/MCC,,,PolyORBNT_PolyORB-NT-S05-J80-unfolded_5_1.p,intuitionistic,auto,1,false,,5,0,3,provable,unknown,timeout,,two-sided,IMELL,44882,4881,5110.484,116009,0,116006,55028083,0,0,2048,5100.000,465.131,auto,30
lltp,ILL/petri-nets/MCC,,,PolyORBNT_PolyORB-NT-S10-J20-unfolded_10_1.p,intuitionistic,auto,1,false,,5,0,3,provable,unknown,timeout,,two-sided,IMELL,423980,67903,5126.415,1872,0,1869,3227675,0,0,2048,5120.000,177.892,auto,30
lltp,ILL/petri-nets/MCC,,,PolyORBNT_PolyORB-NT-S10-J20-unfolded_1_1.p,intuitionistic,auto,1,false,,5,0,3,provable,proved,,ok,two-sided,IMELL,424004,67909,41.732,4,0,2,5228,0,0,2048,50.000,0.118,auto,30
lltp,ILL/petri-nets/MCC,,,PolyORBNT_PolyORB-NT-S10-J20-unfolded_20_1.p,intuitionistic,auto,1,false,,5,0,3,provable,unknown,timeout,,two-sided,IMELL,423966,67900,5016.640,4031,0,4028,7337319,0,0,2048,5000.000,373.920,auto,30
lltp,ILL/petri-nets/MCC,,,PolyORBNT_PolyORB-NT-S10-J20-unfolded_5_1.p,intuitionistic,auto,1,false,,5,0,3,provable,unknown,timeout,,two-sided,IMELL,423988,67905,5055.105,1228,484,608,3114706,0,0,2048,5040.000,599.086,auto,30
lltp,ILL/petri-nets/MCC,,,PolyORBNT_PolyORB-NT-S10-J30-unfolded_10_1.p,intuitionistic,auto,1,false,,5,0,3,provable,unknown,timeout,,two-sided,IMELL,426904,67904,5074.656,1633,0,1630,2756034,0,0,2048,5070.000,163.443,auto,30
lltp,ILL/petri-nets/MCC,,,PolyORBNT_PolyORB-NT-S10-J30-unfolded_1_1.p,intuitionistic,auto,1,false,,5,0,3,provable,proved,,ok,two-sided,IMELL,426924,67909,42.514,4,0,2,5247,0,0,2048,40.000,0.516,auto,30
lltp,ILL/petri-nets/MCC,,,PolyORBNT_PolyORB-NT-S10-J30-unfolded_20_1.p,intuitionistic,auto,1,false,,5,0,3,provable,unknown,timeout,,two-sided,IMELL,426886,67900,5093.341,2880,0,2877,5891380,0,0,2048,5090.000,284.772,auto,30
lltp,ILL/petri-nets/MCC,,,PolyORBNT_PolyORB-NT-S10-J30-unfolded_5_1.p,intuitionistic,auto,1,false,,5,0,3,provable,unknown,timeout,,two-sided,IMELL,426908,67905,5037.546,1180,478,574,2981695,0,0,2048,5030.000,523.835,auto,30
lltp,ILL/petri-nets/MCC,,,PolyORBNT_PolyORB-NT-S10-J40-unfolded_10_1.p,intuitionistic,auto,1,false,,5,0,3,provable,unknown,timeout,,two-sided,IMELL,429816,67902,5055.112,3407,0,3404,7414263,0,0,2048,5050.000,323.969,auto,30
lltp,ILL/petri-nets/MCC,,,PolyORBNT_PolyORB-NT-S10-J40-unfolded_1_1.p,intuitionistic,auto,1,false,,5,0,3,provable,proved,,ok,two-sided,IMELL,429844,67909,45.932,4,0,2,7269,0,0,2048,50.000,0.131,auto,30
lltp,ILL/petri-nets/MCC,,,PolyORBNT_PolyORB-NT-S10-J40-unfolded_20_1.p,intuitionistic,auto,1,false,,5,0,3,provable,unknown,timeout,,two-sided,IMELL,429806,67900,5048.145,3407,0,3404,7408440,0,0,2048,5040.000,333.535,auto,30
lltp,ILL/petri-nets/MCC,,,PolyORBNT_PolyORB-NT-S10-J40-unfolded_5_1.p,intuitionistic,auto,1,false,,5,0,3,provable,unknown,timeout,,two-sided,IMELL,429828,67905,5182.023,1183,480,574,3013680,0,0,2048,5170.000,512.002,auto,30
lltp,ILL/petri-nets/MCC,,,PolyORBNT_PolyORB-NT-S10-J60-unfolded_10_1.p,intuitionistic,auto,1,false,,5,0,3,provable,unknown,timeout,,two-sided,IMELL,435664,67904,5090.026,1585,0,1582,2674047,0,0,2048,5080.000,163.847,auto,30
lltp,ILL/petri-nets/MCC,,,PolyORBNT_PolyORB-NT-S10-J60-unfolded_1_1.p,intuitionistic,auto,1,false,,5,0,3,provable,proved,,ok,two-sided,IMELL,435684,67909,45.077,4,0,2,5301,0,0,2048,40.000,3.826,auto,30
lltp,ILL/petri-nets/MCC,,,PolyORBNT_PolyORB-NT-S10-J60-unfolded_20_1.p,intuitionistic,auto,1,false,,5,0,3,provable,unknown,timeout,,two-sided,IMELL,435646,67900,5080.103,2784,0,2781,5707325,0,0,2048,5070.000,272.667,auto,30
lltp,ILL/petri-nets/MCC,,,PolyORBNT_PolyORB-NT-S10-J60-unfolded_5_1.p,intuitionistic,auto,1,false,,5,0,3,provable,unknown,timeout,,two-sided,IMELL,435668,67905,5170.806,1066,384,566,2859850,0,0,2048,5160.000,507.139,auto,30
lltp,ILL/petri-nets/MCC,,,PolyORBNT_PolyORB-NT-S10-J80-unfolded_10_1.p,intuitionistic,auto,1,false,,5,0,3,provable,unknown,timeout,,two-sided,IMELL,441496,67902,5042.750,2592,0,2589,5310317,0,0,2048,5030.000,252.007,auto,30
lltp,ILL/petri-nets/MCC,,,PolyORBNT_PolyORB-NT-S10-J80-unfolded_1_1.p,intuitionistic,auto,1,false,,5,0,3,provable,proved,,ok,two-sided,IMELL,441524,67909,47.037,4,0,2,5330,0,0,2048,50.000,3.120,auto,30
lltp,ILL/petri-nets/MCC,,,PolyORBNT_PolyORB-NT-S10-J80-unfolded_20_1.p,intuitionistic,auto,1,false,,5,0,3,provable,unknown,timeout,,two-sided,IMELL,441486,67900,5056.737,2592,0,2589,5302479,0,0,2048,5050.000,244.584,auto,30
lltp,ILL/petri-nets/MCC,,,PolyORBNT_PolyORB-NT-S10-J80-unfolded_5_1.p,intuitionistic,auto,1,false,,5,0,3,provable,unknown,timeout,,two-sided,IMELL,441508,67905,5209.805,1007,331,566,2810190,0,0,2048,5200.000,537.603,auto,30
lltp,ILL/petri-nets/MCC,,,ProductionCell_100_1.p,intuitionistic,auto,1,false,,5,0,3,provable,unknown,timeout,,two-sided,IMELL,1076,13,5178.213,1694593,11,1048584,210361477,0,0,2048,5160.000,1060.747,auto,30
lltp,ILL/petri-nets/MCC,,,ProductionCell_10_1.p,intuitionistic,auto,1,false,,5,0,3,provable,unknown,timeout,,two-sided,IMELL,1076,13,5003.637,14,0,9,339461717,0,0,2048,4990.000,787.371,auto,30
lltp,ILL/petri-nets/MCC,,,ProductionCell_1_1.p,intuitionistic,auto,1,false,,5,0,3,provable,proved,,ok,two-sided,IMELL,1076,13,0.147,3,0,2,27,0,0,2048,0.000,0.012,auto,30
lltp,ILL/petri-nets/MCC,,,ProductionCell_20_1.p,intuitionistic,auto,1,false,,5,0,3,provable,unknown,timeout,,two-sided,IMELL,1076,13,5180.397,1687575,11,1048584,209455673,0,0,2048,5150.000,1055.004,auto,30
lltp,ILL/petri-nets/MCC,,,ProductionCell_50_1.p,intuitionistic,auto,1,false,,5,0,3,provable,unknown,timeout,,two-sided,IMELL,1074,13,5185.210,1712207,13,1048589,212589070,0,0,2048,5160.000,1059.280,auto,30
lltp,ILL/petri-nets/MCC,,,ProductionCell_5_1.p,intuitionistic,auto,1,false,,5,0,3,provable,unknown,timeout,,two-sided,IMELL,1076,13,5001.354,14,0,9,340641856,0,0,2048,4980.000,757.907,auto,30
lltp,ILL/petri-nets/MCC,,,QuasiCertifProtocol_QCertifProtocol_02-unfold_10_1.p,intuitionistic,auto,1,false,,5,0,3,provable,proved,,ok,two-sided,IMELL,480,21,0.436,128,31,26,4083,0,0,2048,0.000,0.013,auto,30
lltp,ILL/petri-nets/MCC,,,QuasiCertifProtocol_QCertifProtocol_02-unfold_1_1.p,intuitionistic,auto,1,false,,5,0,3,provable,proved,,ok,two-sided,IMELL,482,22,0.103,3,0,2,20,0,0,2048,0.000,0.012,auto,30
lltp,ILL/petri-nets/MCC,,,QuasiCertifProtocol_QCertifProtocol_02-unfold_20_1.p,intuitionistic,auto,1,false,,5,0,3,provable,proved,,ok,two-sided,IMELL,498,21,7.425,683,247,58,177171,0,0,2048,0.000,0.022,auto,30
lltp,ILL/petri-nets/MCC,,,QuasiCertifProtocol_QCertifProtocol_02-unfold_5_1.p,intuitionistic,auto,1,false,,5,0,3,provable,proved,,ok,two-sided,IMELL,480,21,0.188,36,3,18,975,0,0,2048,0.000,0.012,auto,30
lltp,ILL/petri-nets/MCC,,,QuasiCertifProtocol_QCertifProtocol_06-unfold_10_1.p,intuitionistic,auto,1,false,,5,0,3,provable,unknown,timeout,,two-sided,IMELL,1396,49,5002.022,1931,1676,140,203905508,0,0,2048,4980.000,743.137,auto,30
lltp,ILL/petri-nets/MCC,,,QuasiCertifProtocol_QCertifProtocol_06-unfold_1_1.p,intuitionistic,auto,1,false,,5,0,3,provable,proved,,ok,two-sided,IMELL,1402,52,0.162,3,0,2,37,0,0,2048,0.000,0.012,auto,30
lltp,ILL/petri-nets/MCC,,,QuasiCertifProtocol_QCertifProtocol_06-unfold_20_1.p,intuitionistic,auto,1,false,,5,0,3,provable,unknown,timeout,,two-sided,IMELL,1396,49,5004.538,6997,5100,287,198163675,0,0,2048,4980.000,732.821,auto,30
lltp,ILL/petri-nets/MCC,,,QuasiCertifProtocol_QCertifProtocol_06-unfold_50_1.p,intuitionistic,auto,1,false,,5,0,3,provable,unknown,timeout,,two-sided,IMELL,1494,49,5009.135,65384,48741,2410,90406593,0,0,2048,4990.000,101.085,auto,30
lltp,ILL/petri-nets/MCC,,,QuasiCertifProtocol_QCertifProtocol_06-unfold_5_1.p,intuitionistic,auto,1,false,,5,0,3,provable,proved,,ok,two-sided,IMELL,1398,50,7.395,87,21,44,264171,0,0,2048,0.000,1.182,auto,30
lltp,ILL/petri-nets/MCC,,,QuasiCertifProtocol_QCertifProtocol_10-unfold_10_1.p,intuitionistic,auto,1,false,,5,0,3,provable,unknown,timeout,,two-sided,IMELL,2700,78,5011.798,146,55,69,157189670,0,0,2048,5000.000,793.646,auto,30
lltp,ILL/petri-nets/MCC,,,QuasiCertifProtocol_QCertifProtocol_10-unfold_1_1.p,intuitionistic,auto,1,false,,5,0,3,provable,proved,,ok,two-sided,IMELL,2686,82,0.241,4,0,2,62,0,0,2048,0.000,0.012,auto,30
lltp,ILL/petri-nets/MCC,,,QuasiCertifProtocol_QCertifProtocol_10-unfold_20_1.p,intuitionistic,auto,1,false,,5,0,3,provable,unknown,timeout,,two-sided,IMELL,2698,77,5001.294,2730,1821,581,145923955,0,0,2048,4990.000,843.990,auto,30
lltp,ILL/petri-nets/MCC,,,QuasiCertifProtocol_QCertifProtocol_10-unfold_5_1.p,intuitionistic,auto,1,false,,5,0,3,provable,unknown,timeout,,two-sided,IMELL,2706,81,5005.870,7,0,2,169385216,0,0,2048,4990.000,750.379,auto,30
lltp,ILL/petri-nets/MCC,,,QuasiCertifProtocol_QCertifProtocol_18-unfold_1_1.p,intuitionistic,auto,1,false,,5,0,3,provable,proved,,ok,two-sided,IMELL,6430,142,0.572,4,0,2,96,0,0,2048,0.000,0.013,auto,30
lltp,ILL/petri-nets/MCC,,,QuasiCertifProtocol_QCertifProtocol_18-unfold_20_1.p,intuitionistic,auto,1,false,,5,0,3,provable,unknown,timeout,,two-sided,IMELL,6450,133,5007.490,330804,264612,43657,27349429,0,0,2048,4990.000,811.690,auto,30
lltp,ILL/petri-nets/MCC,,,QuasiCertifProtocol_QCertifProtocol_18-unfold_50_1.p,intuitionistic,auto,1,false,,5,0,3,provable,unknown,timeout,,two-sided,IMELL,6450,133,5007.781,331372,265111,43687,27438096,0,0,2048,4990.000,837.003,auto,30
lltp,ILL/petri-nets/MCC,,,QuasiCertifProtocol_QCertifProtocol_18-unfold_5_1.p,intuitionistic,auto,1,false,,5,0,3,provable,unknown,timeout,,two-sided,IMELL,6422,138,5007.192,2,0,0,137015813,0,0,2048,4990.000,729.188,auto,30
lltp,ILL/petri-nets/MCC,,,QuasiCertifProtocol_QCertifProtocol_22-unfold_1_1.p,intuitionistic,auto,1,false,,5,0,3,provable,proved,,ok,two-sided,IMELL,8882,173,0.753,4,0,2,139,0,0,2048,0.000,0.015,auto,30
lltp,ILL/petri-nets/MCC,,,QuasiCertifProtocol_QCertifProtocol_22-unfold_20_1.p,intuitionistic,auto,1,false,,5,0,3,provable,unknown,timeout,,two-sided,IMELL,8904,161,5010.586,247208,190261,44193,20040999,0,0,2048,4990.000,818.981,auto,30
lltp,ILL/petri-nets/MCC,,,QuasiCertifProtocol_QCertifProtocol_22-unfold_50_1.p,intuitionistic,auto,1,false,,5,0,3,provable,unknown,timeout,,two-sided,IMELL,8904,161,5010.536,250552,193247,44379,19314070,0,0,2048,5000.000,812.489,auto,30
lltp,ILL/petri-nets/MCC,,,QuasiCertifProtocol_QCertifProtocol_22-unfold_5_1.p,intuitionistic,auto,1,false,,5,0,3,provable,unknown,timeout,,two-sided,IMELL,8874,169,5019.236,2,0,0,95177061,0,0,2048,5000.000,798.360,auto,30
lltp,ILL/petri-nets/MCC,,,QuasiCertifProtocol_QCertifProtocol_28-unfold_1_1.p,intuitionistic,auto,1,false,,5,0,3,provable,proved,,ok,two-sided,IMELL,13274,218,1.267,4,0,2,165,0,0,2048,0.000,0.036,auto,30
lltp,ILL/petri-nets/MCC,,,QuasiCertifProtocol_QCertifProtocol_28-unfold_20_1.p,intuitionistic,auto,1,false,,5,0,3,provable,unknown,timeout,,two-sided,IMELL,13302,203,5020.200,6568,3473,2846,44563603,0,0,2048,5010.000,775.395,auto,30
lltp,ILL/petri-nets/MCC,,,QuasiCertifProtocol_QCertifProtocol_28-unfold_50_1.p,intuitionistic,auto,1,false,,5,0,3,provable,unknown,timeout,,two-sided,IMELL,13302,203,5014.629,169772,121286,41913,14889994,0,0,2048,5000.000,858.929,auto,30
lltp,ILL/petri-nets/MCC,,,QuasiCertifProtocol_QCertifProtocol_28-unfold_5_1.p,intuitionistic,auto,1,false,,5,0,3,provable,unknown,timeout,,two-sided,IMELL,13266,214,5008.894,2,0,0,83048186,0,0,2048,4990.000,693.609,auto,30
lltp,ILL/petri-nets/MCC,,,QuasiCertifProtocol_QCertifProtocol_32-unfold_1_1.p,intuitionistic,auto,1,false,,5,0,3,provable,proved,,ok,two-sided,IMELL,16686,249,1.583,4,0,2,191,0,0,2048,0.000,0.020,auto,30
lltp,ILL/petri-nets/MCC,,,QuasiCertifProtocol_QCertifProtocol_32-unfold_20_1.p,intuitionistic,auto,1,false,,5,0,3,provable,unknown,timeout,,two-sided,IMELL,16716,231,5018.116,4,0,1,38738383,0,0,2048,5000.000,813.118,auto,30
lltp,ILL/petri-nets/MCC,,,QuasiCertifProtocol_QCertifProtocol_32-unfold_50_1.p,intuitionistic,auto,1,false,,5,0,3,provable,unknown,timeout,,two-sided,IMELL,16716,231,5014.901,132106,90620,37105,13334188,0,0,2048,5000.000,897.224,auto,30
lltp,ILL/petri-nets/MCC,,,QuasiCertifProtocol_QCertifProtocol_32-unfold_5_1.p,intuitionistic,auto,1,false,,5,0,3,provable,unknown,timeout,,two-sided,IMELL,16678,245,5019.059,2,0,0,56782987,0,0,2048,5010.000,566.144,auto,30
lltp,ILL/petri-nets/MCC,,,Raft_raft_02_100_1.p,intuitionistic,auto,1,false,,5,0,3,provable,proved,,ok,two-sided,IMELL,332,17,0.113,21,0,15,179,0,0,2048,0.000,0.013,auto,30
lltp,ILL/petri-nets/MCC,,,Raft_raft_02_10_1.p,intuitionistic,auto,1,false,,5,0,3,provable,proved,,ok,two-sided,IMELL,332,17,0.111,21,0,15,179,0,0,2048,0.000,0.012,auto,30
lltp,ILL/petri-nets/MCC,,,Raft_raft_02_1_1.p,intuitionistic,auto,1,false,,5,0,3,provable,proved,,ok,two-sided,IMELL,332,17,0.081,3,0,2,8,0,0,2048,0.000,0.012,auto,30
lltp,ILL/petri-nets/MCC,,,Raft_raft_02_20_1.p,intuitionistic,auto,1,false,,5,0,3,provable,proved,,ok,two-sided,IMELL,332,17,0.110,21,0,15,179,0,0,2048,0.000,0.012,auto,30
lltp,ILL/petri-nets/MCC,,,Raft_raft_02_50_1.p,intuitionistic,auto,1,false,,5,0,3,provable,proved,,ok,two-sided,IMELL,332,17,0.110,21,0,15,179,0,0,2048,0.000,0.012,auto,30
lltp,ILL/petri-nets/MCC,,,Raft_raft_02_5_1.p,intuitionistic,auto,1,false,,5,0,3,provable,proved,,ok,two-sided,IMELL,332,17,0.111,21,0,15,179,0,0,2048,0.000,0.012,auto,30
lltp,ILL/petri-nets/MCC,,,Raft_raft_03_10_1.p,intuitionistic,auto,1,false,,5,0,3,provable,proved,,ok,two-sided,IMELL,680,23,0.110,3,0,2,13,0,0,2048,0.000,0.012,auto,30
lltp,ILL/petri-nets/MCC,,,Raft_raft_03_1_1.p,intuitionistic,auto,1,false,,5,0,3,provable,proved,,ok,two-sided,IMELL,680,23,0.097,3,0,2,13,0,0,2048,0.000,0.011,auto,30
lltp,ILL/petri-nets/MCC,,,Raft_raft_03_20_1.p,intuitionistic,auto,1,false,,5,0,3,provable,unknown,timeout,,two-sided,IMELL,680,23,5085.256,20952925,19930683,877842,80577754,0,0,2048,5070.000,793.688,auto,30
lltp,ILL/petri-nets/MCC,,,Raft_raft_03_5_1.p,intuitionistic,auto,1,false,,5,0,3,provable,proved,,ok,two-sided,IMELL,680,23,0.112,3,0,2,13,0,0,2048,0.000,0.013,auto,30
lltp,ILL/petri-nets/MCC,,,Raft_raft_04_1_1.p,intuitionistic,auto,1,false,,5,0,3,provable,proved,,ok,two-sided,IMELL,1164,31,0.123,3,0,2,20,0,0,2048,0.000,0.012,auto,30
lltp,ILL/petri-nets/MCC,,,Raft_raft_04_20_1.p,intuitionistic,auto,1,false,,5,0,3,provable,unknown,timeout,,two-sided,IMELL,1164,30,5173.514,22388293,21585425,758806,58356355,0,0,2048,5150.000,691.766,auto,30
lltp,ILL/petri-nets/MCC,,,Raft_raft_04_50_1.p,intuitionistic,auto,1,false,,5,0,3,provable,unknown,timeout,,two-sided,IMELL,1164,31,5171.085,22737472,21925148,767757,56570871,0,0,2048,5150.000,658.512,auto,30
lltp,ILL/petri-nets/MCC,,,Raft_raft_04_5_1.p,intuitionistic,auto,1,false,,5,0,3,provable,proved,,ok,two-sided,IMELL,1164,31,0.149,6,0,3,171,0,0,2048,0.000,0.013,auto,30
lltp,ILL/petri-nets/MCC,,,Raft_raft_05_1_1.p,intuitionistic,auto,1,false,,5,0,3,provable,proved,,ok,two-sided,IMELL,1784,39,0.145,3,0,2,29,0,0,2048,0.000,0.010,auto,30
lltp,ILL/petri-nets/MCC,,,Raft_raft_05_20_1.p,intuitionistic,auto,1,false,,5,0,3,provable,unknown,timeout,,two-sided,IMELL,1784,38,5072.041,783172,445349,328229,265300360,0,0,2048,5050.000,580.303,auto,30
lltp,ILL/petri-nets/MCC,,,Raft_raft_05_50_1.p,intuitionistic,auto,1,false,,5,0,3,provable,unknown,timeout,,two-sided,IMELL,1784,39,5071.233,782558,444971,328001,259406584,0,0,2048,5050.000,575.156,auto,30
lltp,ILL/petri-nets/MCC,,,Raft_raft_05_5_1.p,intuitionistic,auto,1,false,,5,0,3,provable,proved,,ok,two-sided,IMELL,1784,39,0.335,99,0,93,1831,0,0,2048,0.000,0.015,auto,30
lltp,ILL/petri-nets/MCC,,,Raft_raft_06_1_1.p,intuitionistic,auto,1,false,,5,0,3,provable,proved,,ok,two-sided,IMELL,2540,47,0.180,3,0,2,40,0,0,2048,0.000,0.012,auto,30
lltp,ILL/petri-nets/MCC,,,Raft_raft_06_20_1.p,intuitionistic,auto,1,false,,5,0,3,provable,unknown,timeout,,two-sided,IMELL,2540,47,5062.407,541189,256498,280388,257047484,0,0,2048,5050.000,486.398,auto,30
lltp,ILL/petri-nets/MCC,,,Raft_raft_06_50_1.p,intuitionistic,auto,1,false,,5,0,3,provable,unknown,timeout,,two-sided,IMELL,2540,47,5064.672,558343,266216,287688,250802027,0,0,2048,5050.000,507.355,auto,30
lltp,ILL/petri-nets/MCC,,,Raft_raft_06_5_1.p,intuitionistic,auto,1,false,,5,0,3,provable,unknown,timeout,,two-sided,IMELL,2540,47,5055.791,483187,230465,248882,156955313,0,0,2048,5030.000,505.587,auto,30
lltp,ILL/petri-nets/MCC,,,Raft_raft_07_100_1.p,intuitionistic,auto,1,false,,5,0,3,provable,unknown,timeout,,two-sided,IMELL,3432,55,5073.120,550384,261094,286148,257597936,0,0,2048,5060.000,469.737,auto,30
lltp,ILL/petri-nets/MCC,,,Raft_raft_07_1_1.p,intuitionistic,auto,1,false,,5,0,3,provable,proved,,ok,two-sided,IMELL,3432,55,0.232,3,0,2,53,0,0,2048,0.000,0.020,auto,30
lltp,ILL/petri-nets/MCC,,,Raft_raft_07_20_1.p,intuitionistic,auto,1,false,,5,0,3,provable,unknown,timeout,,two-sided,IMELL,3432,55,5051.203,413713,194573,216773,160480751,0,0,2048,5030.000,470.729,auto,30
lltp,ILL/petri-nets/MCC,,,Raft_raft_07_50_1.p,intuitionistic,auto,1,false,,5,0,3,provable,unknown,timeout,,two-sided,IMELL,3432,54,5069.480,551536,261166,287222,258395952,0,0,2048,5060.000,461.068,auto,30
lltp,ILL/petri-nets/MCC,,,Raft_raft_07_5_1.p,intuitionistic,auto,1,false,,5,0,3,provable,unknown,timeout,,two-sided,IMELL,3432,55,5051.495,414859,195083,217403,160876739,0,0,2048,5030.000,451.142,auto,30
lltp,ILL/petri-nets/MCC,,,Raft_raft_08_100_1.p,intuitionistic,auto,1,false,,5,0,3,provable,unknown,timeout,,two-sided,IMELL,4460,63,5060.241,443657,192993,248727,237838128,0,0,2048,5040.000,458.439,auto,30
lltp,ILL/petri-nets/MCC,,,Raft_raft_08_1_1.p,intuitionistic,auto,1,false,,5,0,3,provable,proved,,ok,two-sided,IMELL,4460,63,0.289,3,0,2,68,0,0,2048,0.000,0.014,auto,30
lltp,ILL/petri-nets/MCC,,,Raft_raft_08_20_1.p,intuitionistic,auto,1,false,,5,0,3,provable,unknown,timeout,,two-sided,IMELL,4460,63,5055.179,382028,168429,211931,143550052,0,0,2048,5040.000,403.137,auto,30
lltp,ILL/petri-nets/MCC,,,Raft_raft_08_50_1.p,intuitionistic,auto,1,false,,5,0,3,provable,unknown,timeout,,two-sided,IMELL,4460,63,5081.090,404842,173666,229408,160469831,0,0,2048,5060.000,433.523,auto,30
lltp,ILL/petri-nets/MCC,,,Raft_raft_08_5_1.p,intuitionistic,auto,1,false,,5,0,3,provable,unknown,timeout,,two-sided,IMELL,4460,63,5042.863,343197,146910,194788,131281078,0,0,2048,5030.000,453.369,auto,30
lltp,ILL/petri-nets/MCC,,,Raft_raft_09_100_1.p,intuitionistic,auto,1,false,,5,0,3,provable,unknown,timeout,,two-sided,IMELL,5624,70,5051.632,390096,165602,223168,248861041,0,0,2048,5040.000,418.076,auto,30
lltp,ILL/petri-nets/MCC,,,Raft_raft_09_1_1.p,intuitionistic,auto,1,false,,5,0,3,provable,proved,,ok,two-sided,IMELL,5624,71,0.398,3,0,2,85,0,0,2048,0.000,0.014,auto,30
lltp,ILL/petri-nets/MCC,,,Raft_raft_09_20_1.p,intuitionistic,auto,1,false,,5,0,3,provable,unknown,timeout,,two-sided,IMELL,5624,71,5035.773,293985,123693,169293,101377511,0,0,2048,5020.000,420.177,auto,30
lltp,ILL/petri-nets/MCC,,,Raft_raft_09_50_1.p,intuitionistic,auto,1,false,,5,0,3,provable,unknown,timeout,,two-sided,IMELL,5624,71,5038.402,299489,125061,173410,103794359,0,0,2048,5020.000,413.863,auto,30
lltp,ILL/petri-nets/MCC,,,Raft_raft_09_5_1.p,intuitionistic,auto,1,false,,5,0,3,provable,unknown,timeout,,two-sided,IMELL,5624,71,5034.464,291563,123117,167455,100290503,0,0,2048,5020.000,428.186,auto,30
lltp,ILL/petri-nets/MCC,,,Raft_raft_10_100_1.p,intuitionistic,auto,1,false,,5,0,3,provable,unknown,timeout,,two-sided,IMELL,6924,79,5049.772,389835,166585,222190,207156323,0,0,2048,5030.000,329.012,auto,30
lltp,ILL/petri-nets/MCC,,,Raft_raft_10_1_1.p,intuitionistic,auto,1,false,,5,0,3,provable,proved,,ok,two-sided,IMELL,6924,79,0.380,3,0,2,104,0,0,2048,0.000,0.013,auto,30
lltp,ILL/petri-nets/MCC,,,Raft_raft_10_20_1.p,intuitionistic,auto,1,false,,5,0,3,provable,unknown,timeout,,two-sided,IMELL,6924,79,5039.897,305464,129064,175569,109760200,0,0,2048,5020.000,404.181,auto,30
lltp,ILL/petri-nets/MCC,,,Raft_raft_10_50_1.p,intuitionistic,auto,1,false,,5,0,3,provable,unknown,timeout,,two-sided,IMELL,6924,79,5043.023,314431,130540,183036,113853158,0,0,2048,5020.000,375.285,auto,30
lltp,ILL/petri-nets/MCC,,,Raft_raft_10_5_1.p,intuitionistic,auto,1,false,,5,0,3,provable,unknown,timeout,,two-sided,IMELL,6924,79,5040.286,312824,130216,181757,113215872,0,0,2048,5020.000,391.868,auto,30
lltp,ILL/petri-nets/MCC,,,Railroad_railroad-005-pt_100_1.p,intuitionistic,auto,1,false,,5,0,3,provable,proved,,ok,two-sided,IMELL,682,36,0.104,3,0,2,25,0,0,2048,0.000,0.011,auto,30
lltp,ILL/petri-nets/MCC,,,Railroad_railroad-005-pt_10_1.p,intuitionistic,auto,1,false,,5,0,3,provable,proved,,ok,two-sided,IMELL,682,35,6.612,963,210,343,295525,0,0,2048,0.000,0.655,auto,30
lltp,ILL/petri-nets/MCC,,,Railroad_railroad-005-pt_1_1.p,intuitionistic,auto,1,false,,5,0,3,provable,proved,,ok,two-sided,IMELL,682,36,0.103,3,0,2,25,0,0,2048,0.000,0.011,auto,30
lltp,ILL/petri-nets/MCC,,,Railroad_railroad-005-pt_20_1.p,intuitionistic,auto,1,false,,5,0,3,provable,proved,,ok,two-sided,IMELL,684,35,3.384,451,40,183,148858,0,0,2048,0.000,0.018,auto,30
lltp,ILL/petri-nets/MCC,,,Railroad_railroad-005-pt_50_1.p,intuitionistic,auto,1,false,,5,0,3,provable,proved,,ok,two-sided,IMELL,684,36,0.423,88,0,27,3606,0,0,2048,0.000,0.013,auto,30
lltp,ILL/petri-nets/MCC,,,Railroad_railroad-005-pt_5_1.p,intuitionistic,auto,1,false,,5,0,3,provable,proved,,ok,two-sided,IMELL,682,36,0.312,61,0,22,2265,0,0,2048,0.000,0.011,auto,30
lltp,ILL/petri-nets/MCC,,,Railroad_railroad-010-pt_100_1.p,intuitionistic,auto,1,false,,5,0,3,provable,proved,,ok,two-sided,IMELL,1892,121,0.155,7,0,6,82,0,0,2048,0.000,0.011,auto,30
lltp,ILL/petri-nets/MCC,,,Railroad_railroad-010-pt_10_1.p,intuitionistic,auto,1,false,,5,0,3,provable,proved,,ok,two-sided,IMELL,1894,121,65.533,5252,1545,2157,2671540,0,0,2048,60.000,12.796,auto,30
lltp,ILL/petri-nets/MCC,,,Railroad_railroad-010-pt_1_1.p,intuitionistic,auto,1,false,,5,0,3,provable,proved,,ok,two-sided,IMELL,1892,121,0.165,3,0,2,69,0,0,2048,0.000,0.011,auto,30
lltp,ILL/petri-nets/MCC,,,Railroad_railroad-010-pt_20_1.p,intuitionistic,auto,1,false,,5,0,3,provable,proved,,ok,two-sided,IMELL,1894,121,86.213,6908,2059,2917,2965303,0,0,2048,80.000,17.974,auto,30
lltp,ILL/petri-nets/MCC,,,Railroad_railroad-010-pt_50_1.p,intuitionistic,auto,1,false,,5,0,3,provable,proved,,ok,two-sided,IMELL,1894,121,4.308,227,0,95,95228,0,0,2048,0.000,1.210,auto,30
lltp,ILL/petri-nets/MCC,,,Railroad_railroad-010-pt_5_1.p,intuitionistic,auto,1,false,,5,0,3,provable,proved,,ok,two-sided,IMELL,1892,121,1.536,111,0,42,10541,0,0,2048,0.000,0.032,auto,30
lltp,ILL/petri-nets/MCC,,,Railroad_railroad-020-pt_10_1.p,intuitionistic,auto,1,false,,5,0,3,provable,proved,,ok,two-sided,IMELL,6106,441,1061.049,34382,11590,15212,26584130,0,0,2048,1060.000,197.139,auto,30
lltp,ILL/petri-nets/MCC,,,Railroad_railroad-020-pt_1_1.p,intuitionistic,auto,1,false,,5,0,3,provable,proved,,ok,two-sided,IMELL,6112,441,0.397,3,0,2,79,0,0,2048,0.000,0.011,auto,30
lltp,ILL/petri-nets/MCC,,,Railroad_railroad-020-pt_20_1.p,intuitionistic,auto,1,false,,5,0,3,provable,proved,,ok,two-sided,IMELL,6114,441,1518.882,54594,16814,26794,37424800,0,0,2048,1500.000,281.215,auto,30
lltp,ILL/petri-nets/MCC,,,Railroad_railroad-020-pt_5_1.p,intuitionistic,auto,1,false,,5,0,3,provable,proved,,ok,two-sided,IMELL,6112,441,17.453,212,0,82,310261,0,0,2048,10.000,1.256,auto,30
lltp,ILL/petri-nets/MCC,,,Railroad_railroad-050-pt_100_1.p,intuitionistic,auto,1,false,,5,0,3,provable,proved,,ok,two-sided,IMELL,33170,2600,67.055,176,0,108,425966,0,0,2048,60.000,5.670,auto,30
lltp,ILL/petri-nets/MCC,,,Railroad_railroad-050-pt_10_1.p,intuitionistic,auto,1,false,,5,0,3,provable,unknown,timeout,,two-sided,IMELL,33166,2601,5013.320,25190,1485,19397,32787982,0,0,2048,5000.000,489.839,auto,30
lltp,ILL/petri-nets/MCC,,,Railroad_railroad-050-pt_1_1.p,intuitionistic,auto,1,false,,5,0,3,provable,proved,,ok,two-sided,IMELL,33172,2601,2.150,3,0,2,167,0,0,2048,0.000,0.047,auto,30
lltp,ILL/petri-nets/MCC,,,Railroad_railroad-050-pt_20_1.p,intuitionistic,auto,1,false,,5,0,3,provable,proved,,ok,two-sided,IMELL,33172,2600,219.122,334,0,158,1016548,0,0,2048,220.000,11.382,auto,30
lltp,ILL/petri-nets/MCC,,,Railroad_railroad-050-pt_50_1.p,intuitionistic,auto,1,false,,5,0,3,provable,proved,,ok,two-sided,IMELL,33174,2601,1593.739,4554,21,3406,7491956,0,0,2048,1590.000,118.403,auto,30
lltp,ILL/petri-nets/MCC,,,Railroad_railroad-050-pt_5_1.p,intuitionistic,auto,1,false,,5,0,3,provable,proved,,ok,two-sided,IMELL,33172,2601,427.508,512,0,202,1740964,0,0,2048,420.000,20.876,auto,30
lltp,ILL/petri-nets/MCC,,,Railroad_railroad-100-pt_100_1.p,intuitionistic,auto,1,false,,5,0,3,provable,unknown,timeout,,two-sided,IMELL,126182,10201,5131.066,836,0,358,8630636,0,0,2048,5120.000,164.018,auto,30
lltp,ILL/petri-nets/MCC,,,Railroad_railroad-100-pt_1_1.p,intuitionistic,auto,1,false,,5,0,3,provable,proved,,ok,two-sided,IMELL,126272,10201,10.913,4,0,2,8254,0,0,2048,10.000,0.864,auto,30
lltp,ILL/petri-nets/MCC,,,Railroad_railroad-100-pt_20_1.p,intuitionistic,auto,1,false,,5,0,3,provable,unknown,timeout,,two-sided,IMELL,126262,10201,5199.395,836,0,358,8505341,0,0,2048,5190.000,186.899,auto,30
lltp,ILL/petri-nets/MCC,,,Railroad_railroad-100-pt_50_1.p,intuitionistic,auto,1,false,,5,0,3,provable,unknown,timeout,,two-sided,IMELL,126232,10201,5240.665,836,0,358,8840939,0,0,2048,5230.000,201.617,auto,30
lltp,ILL/petri-nets/MCC,,,Railroad_railroad-100-pt_5_1.p,intuitionistic,auto,1,false,,5,0,3,provable,unknown,timeout,,two-sided,IMELL,126272,10201,5318.966,872,0,367,9098017,0,0,2048,5310.000,185.272,auto,30
lltp,ILL/petri-nets/MCC,,,Referendum_referendum-unfolded-1000_100_1.p,intuitionistic,auto,1,false,,5,0,3,provable,unknown,timeout,,two-sided,IMELL,12002,3,5020.132,34241,15861,18019,30411721,0,0,2048,5010.000,734.109,auto,30
lltp,ILL/petri-nets/MCC,,,Referendum_referendum-unfolded-1000_1_1.p,intuitionistic,auto,1,false,,5,0,3,provable,proved,,ok,two-sided,IMELL,12002,3,1.006,3,0,2,1002,0,0,2048,0.000,0.012,auto,30
lltp,ILL/petri-nets/MCC,,,Referendum_referendum-unfolded-1000_20_1.p,intuitionistic,auto,1,false,,5,0,3,provable,unknown,timeout,,two-sided,IMELL,12002,3,5019.682,10712,6864,3189,10752726,0,0,2048,5010.000,446.764,auto,30
lltp,ILL/petri-nets/MCC,,,Referendum_referendum-unfolded-1000_50_1.p,intuitionistic,auto,1,false,,5,0,3,provable,unknown,timeout,,two-sided,IMELL,12002,3,5023.907,23751,12487,10751,20893487,0,0,2048,5010.000,697.755,auto,30
lltp,ILL/petri-nets/MCC,,,Referendum_referendum-unfolded-1000_5_1.p,intuitionistic,auto,1,false,,5,0,3,provable,proved,,ok,two-sided,IMELL,12002,3,167.103,64,20,17,252262,0,0,2048,160.000,13.143,auto,30
lltp,ILL/petri-nets/MCC,,,Referendum_referendum-unfolded-100_100_1.p,intuitionistic,auto,1,false,,5,0,3,provable,unknown,timeout,,two-sided,IMELL,1202,3,5345.870,3627880,1242202,1660378,8702674,0,0,2048,5320.000,1038.181,auto,30
lltp,ILL/petri-nets/MCC,,,Referendum_referendum-unfolded-100_1_1.p,intuitionistic,auto,1,false,,5,0,3,provable,proved,,ok,two-sided,IMELL,1202,3,0.133,3,0,2,102,0,0,2048,0.000,0.012,auto,30
lltp,ILL/petri-nets/MCC,,,Referendum_referendum-unfolded-100_20_1.p,intuitionistic,auto,1,false,,5,0,3,provable,unknown,timeout,,two-sided,IMELL,1202,3,5008.594,355920,284569,46988,66879140,0,0,2048,4990.000,462.341,auto,30
lltp,ILL/petri-nets/MCC,,,Referendum_referendum-unfolded-100_50_1.p,intuitionistic,auto,1,false,,5,0,3,provable,unknown,timeout,,two-sided,IMELL,1202,3,5024.390,461825,312921,138893,89727814,0,0,2048,5000.000,649.402,auto,30
lltp,ILL/petri-nets/MCC,,,Referendum_referendum-unfolded-100_5_1.p,intuitionistic,auto,1,false,,5,0,3,provable,proved,,ok,two-sided,IMELL,1202,3,1.514,63,20,17,7841,0,0,2048,0.000,0.032,auto,30
lltp,ILL/petri-nets/MCC,,,Referendum_referendum-unfolded-10_10_1.p,intuitionistic,auto,1,false,,5,0,3,provable,proved,,ok,two-sided,IMELL,122,3,7.219,17265,6929,8520,60300,0,0,2048,0.000,2.362,auto,30
lltp,ILL/petri-nets/MCC,,,Referendum_referendum-unfolded-10_1_1.p,intuitionistic,auto,1,false,,5,0,3,provable,proved,,ok,two-sided,IMELL,122,3,0.068,3,0,2,12,0,0,2048,0.000,0.012,auto,30
lltp,ILL/petri-nets/MCC,,,Referendum_referendum-unfolded-10_20_1.p,intuitionistic,auto,1,false,,5,0,3,provable,proved,,ok,two-sided,IMELL,122,2,16.240,43016,17950,20944,135342,0,0,2048,10.000,4.253,auto,30
lltp,ILL/petri-nets/MCC,,,Referendum_referendum-unfolded-10_5_1.p,intuitionistic,auto,1,false,,5,0,3,provable,proved,,ok,two-sided,IMELL,122,3,0.142,63,20,17,732,0,0,2048,0.000,0.012,auto,30
lltp,ILL/petri-nets/MCC,,,Referendum_referendum-unfolded-15_10_1.p,intuitionistic,auto,1,false,,5,0,3,provable,proved,,ok,two-sided,IMELL,182,3,26.112,9249,6921,514,1193609,0,0,2048,20.000,5.149,auto,30
lltp,ILL/petri-nets/MCC,,,Referendum_referendum-unfolded-15_1_1.p,intuitionistic,auto,1,false,,5,0,3,provable,proved,,ok,two-sided,IMELL,182,3,0.083,3,0,2,17,0,0,2048,0.000,0.013,auto,30
lltp,ILL/petri-nets/MCC,,,Referendum_referendum-unfolded-15_20_1.p,intuitionistic,auto,1,false,,5,0,3,provable,proved,,ok,two-sided,IMELL,182,2,1640.689,3834951,2596988,1024011,11248226,0,0,2048,1630.000,328.274,auto,30
lltp,ILL/petri-nets/MCC,,,Referendum_referendum-unfolded-15_5_1.p,intuitionistic,auto,1,false,,5,0,3,provable,proved,,ok,two-sided,IMELL,182,3,0.183,63,20,17,1128,0,0,2048,0.000,0.013,auto,30
lltp,ILL/petri-nets/MCC,,,Referendum_referendum-unfolded-200_100_1.p,intuitionistic,auto,1,false,,5,0,3,provable,unknown,timeout,,two-sided,IMELL,2402,3,5022.336,264410,148955,112722,74997249,0,0,2048,5000.000,709.594,auto,30
lltp,ILL/petri-nets/MCC,,,Referendum_referendum-unfolded-200_1_1.p,intuitionistic,auto,1,false,,5,0,3,provable,proved,,ok,two-sided,IMELL,2402,3,0.200,3,0,2,202,0,0,2048,0.000,0.029,auto,30
lltp,ILL/petri-nets/MCC,,,Referendum_referendum-unfolded-200_20_1.p,intuitionistic,auto,1,false,,5,0,3,provable,unknown,timeout,,two-sided,IMELL,2402,3,5004.465,139595,106518,23827,46187972,0,0,2048,4990.000,653.071,auto,30
lltp,ILL/petri-nets/MCC,,,Referendum_referendum-unfolded-200_50_1.p,intuitionistic,auto,1,false,,5,0,3,provable,unknown,timeout,,two-sided,IMELL,2402,3,5011.618,233812,152974,75778,64516507,0,0,2048,5000.000,862.742,auto,30
lltp,ILL/petri-nets/MCC,,,Referendum_referendum-unfolded-200_5_1.p,intuitionistic,auto,1,false,,5,0,3,provable,proved,,ok,two-sided,IMELL,2402,3,10.687,66,20,18,74617,0,0,2048,10.000,3.144,auto,30
lltp,ILL/petri-nets/MCC,,,Referendum_referendum-unfolded-20_1_1.p,intuitionistic,auto,1,false,,5,0,3,provable,proved,,ok,two-sided,IMELL,242,3,0.080,3,0,2,22,0,0,2048,0.000,0.012,auto,30
lltp,ILL/petri-nets/MCC,,,Referendum_referendum-unfolded-20_20_1.p,intuitionistic,auto,1,false,,5,0,3,provable,unknown,timeout,,two-sided,IMELL,242,3,5031.493,8040992,4196297,1348140,24428314,0,0,2048,5010.000,1020.616,auto,30
lltp,ILL/petri-nets/MCC,,,Referendum_referendum-unfolded-20_50_1.p,intuitionistic,auto,1,false,,5,0,3,provable,unknown,timeout,,two-sided,IMELL,242,2,5043.498,8210200,4239388,1424982,22602505,0,0,2048,5030.000,1008.271,auto,30
lltp,ILL/petri-nets/MCC,,,Referendum_referendum-unfolded-20_5_1.p,intuitionistic,auto,1,false,,5,0,3,provable,proved,,ok,two-sided,IMELL,242,3,0.221,63,20,17,1524,0,0,2048,0.000,0.012,auto,30
lltp,ILL/petri-nets/MCC,,,Referendum_referendum-unfolded-500_100_1.p,intuitionistic,auto,1,false,,5,0,3,provable,unknown,timeout,,two-sided,IMELL,6002,3,5010.152,103573,52709,49788,50726138,0,0,2048,4990.000,973.949,auto,30
lltp,ILL/petri-nets/MCC,,,Referendum_referendum-unfolded-500_1_1.p,intuitionistic,auto,1,false,,5,0,3,provable,proved,,ok,two-sided,IMELL,6002,3,0.502,3,0,2,502,0,0,2048,0.000,0.036,auto,30
lltp,ILL/petri-nets/MCC,,,Referendum_referendum-unfolded-500_20_1.p,intuitionistic,auto,1,false,,5,0,3,provable,unknown,timeout,,two-sided,IMELL,6002,3,5011.682,35589,25345,7993,22695139,0,0,2048,4990.000,967.150,auto,30
lltp,ILL/petri-nets/MCC,,,Referendum_referendum-unfolded-500_50_1.p,intuitionistic,auto,1,false,,5,0,3,provable,unknown,timeout,,two-sided,IMELL,6002,3,5006.046,79228,49205,28321,37151079,0,0,2048,4990.000,1032.197,auto,30
lltp,ILL/petri-nets/MCC,,,Referendum_referendum-unfolded-500_5_1.p,intuitionistic,auto,1,false,,5,0,3,provable,proved,,ok,two-sided,IMELL,6002,3,47.660,64,20,17,162976,0,0,2048,40.000,6.702,auto,30
lltp,ILL/petri-nets/MCC,,,Referendum_referendum-unfolded-50_100_1.p,intuitionistic,auto,1,false,,5,0,3,provable,unknown,timeout,,two-sided,IMELL,602,2,5420.451,5804666,2399751,1828174,13111322,0,0,2048,5400.000,1061.048,auto,30
lltp,ILL/petri-nets/MCC,,,Referendum_referendum-unfolded-50_1_1.p,intuitionistic,auto,1,false,,5,0,3,provable,proved,,ok,two-sided,IMELL,602,3,0.108,3,0,2,52,0,0,2048,0.000,0.013,auto,30
lltp,ILL/petri-nets/MCC,,,Referendum_referendum-unfolded-50_20_1.p,intuitionistic,auto,1,false,,5,0,3,provable,unknown,timeout,,two-sided,IMELL,602,3,5006.073,830690,680579,90498,103180989,0,0,2048,4980.000,771.030,auto,30
lltp,ILL/petri-nets/MCC,,,Referendum_referendum-unfolded-50_50_1.p,intuitionistic,auto,1,false,,5,0,3,provable,unknown,timeout,,two-sided,IMELL,602,3,5412.370,5546394,2298608,1788808,13483345,0,0,2048,5390.000,1049.532,auto,30
lltp,ILL/petri-nets/MCC,,,Referendum_referendum-unfolded-50_5_1.p,intuitionistic,auto,1,false,,5,0,3,provable,proved,,ok,two-sided,IMELL,602,3,0.511,63,20,17,3892,0,0,2048,0.000,0.013,auto,30
lltp,ILL/petri-nets/MCC,,,ResAllocation_RAS-C-100_100_1.p,intuitionistic,auto,1,false,,5,0,3,provable,unknown,timeout,,two-sided,IMELL,4588,3,5033.152,1860044,1703615,152591,58401331,0,0,2048,5010.000,770.723,auto,30
lltp,ILL/petri-nets/MCC,,,ResAllocation_RAS-C-100_1_1.p,intuitionistic,auto,1,false,,5,0,3,provable,proved,,ok,two-sided,IMELL,4784,3,0.455,3,0,2,898,0,0,2048,0.000,0.012,auto,30
lltp,ILL/petri-nets/MCC,,,ResAllocation_RAS-C-100_20_1.p,intuitionistic,auto,1,false,,5,0,3,provable,unknown,timeout,,two-sided,IMELL,4746,3,5040.110,6469004,6277307,186276,46751537,0,0,2048,5020.000,773.643,auto,30
lltp,ILL/petri-nets/MCC,,,ResAllocation_RAS-C-100_50_1.p,intuitionistic,auto,1,false,,5,0,3,provable,unknown,timeout,,two-sided,IMELL,4686,3,5035.166,3279324,3104958,169747,53616307,0,0,2048,5020.000,722.949,auto,30
lltp,ILL/petri-nets/MCC,,,ResAllocation_RAS-C-100_5_1.p,intuitionistic,auto,1,false,,5,0,3,provable,unknown,timeout,,two-sided,IMELL,4776,3,5046.419,10218829,9997757,215068,40628939,0,0,2048,5030.000,1062.249,auto,30
lltp,ILL/petri-nets/MCC,,,ResAllocation_RAS-C-10_10_1.p,intuitionistic,auto,1,false,,5,0,3,provable,proved,,ok,two-sided,IMELL,452,3,1174.454,4946989,4748647,108317,15464697,0,0,2048,1160.000,255.096,auto,30
lltp,ILL/petri-nets/MCC,,,ResAllocation_RAS-C-10_1_1.p,intuitionistic,auto,1,false,,5,0,3,provable,proved,,ok,two-sided,IMELL,464,3,0.108,3,0,2,89,0,0,2048,0.000,0.013,auto,30
lltp,ILL/petri-nets/MCC,,,ResAllocation_RAS-C-10_20_1.p,intuitionistic,auto,1,false,,5,0,3,provable,unknown,timeout,,two-sided,IMELL,444,3,5025.756,17858069,17156596,345393,67694717,0,0,2048,5010.000,1144.475,auto,30
lltp,ILL/petri-nets/MCC,,,ResAllocation_RAS-C-10_50_1.p,intuitionistic,auto,1,false,,5,0,3,provable,unknown,timeout,,two-sided,IMELL,444,3,5024.544,17635322,16942798,340871,66372611,0,0,2048,5000.000,1076.551,auto,30
lltp,ILL/petri-nets/MCC,,,ResAllocation_RAS-C-10_5_1.p,intuitionistic,auto,1,false,,5,0,3,provable,proved,,ok,two-sided,IMELL,458,3,5.205,21880,20259,1240,71094,0,0,2048,0.000,0.767,auto,30
lltp,ILL/petri-nets/MCC,,,ResAllocation_RAS-C-15_10_1.p,intuitionistic,auto,1,false,,5,0,3,provable,unknown,timeout,,two-sided,IMELL,696,3,5035.952,19026832,18378291,449135,57149467,0,0,2048,5010.000,1116.410,auto,30
lltp,ILL/petri-nets/MCC,,,ResAllocation_RAS-C-15_1_1.p,intuitionistic,auto,1,false,,5,0,3,provable,proved,,ok,two-sided,IMELL,704,3,0.121,3,0,2,132,0,0,2048,0.000,0.013,auto,30
lltp,ILL/petri-nets/MCC,,,ResAllocation_RAS-C-15_20_1.p,intuitionistic,auto,1,false,,5,0,3,provable,unknown,timeout,,two-sided,IMELL,678,3,5032.634,15843670,15255878,410336,64348717,0,0,2048,5010.000,1047.082,auto,30
lltp,ILL/petri-nets/MCC,,,ResAllocation_RAS-C-15_50_1.p,intuitionistic,auto,1,false,,5,0,3,provable,unknown,timeout,,two-sided,IMELL,664,3,5027.751,12402182,11896103,354426,65643556,0,0,2048,5010.000,976.086,auto,30
lltp,ILL/petri-nets/MCC,,,ResAllocation_RAS-C-15_5_1.p,intuitionistic,auto,1,false,,5,0,3,provable,proved,,ok,two-sided,IMELL,700,3,41.176,48411,43007,4413,1894596,0,0,2048,30.000,6.703,auto,30
lltp,ILL/petri-nets/MCC,,,ResAllocation_RAS-C-20_1_1.p,intuitionistic,auto,1,false,,5,0,3,provable,proved,,ok,two-sided,IMELL,944,3,0.136,3,0,2,177,0,0,2048,0.000,0.014,auto,30
lltp,ILL/petri-nets/MCC,,,ResAllocation_RAS-C-20_20_1.p,intuitionistic,auto,1,false,,5,0,3,provable,unknown,timeout,,two-sided,IMELL,908,3,5030.419,12984209,12523756,363838,66648121,0,0,2048,5010.000,987.054,auto,30
lltp,ILL/petri-nets/MCC,,,ResAllocation_RAS-C-20_50_1.p,intuitionistic,auto,1,false,,5,0,3,provable,unknown,timeout,,two-sided,IMELL,890,3,5025.581,9870339,9483366,305011,67838655,0,0,2048,5000.000,842.664,auto,30
lltp,ILL/petri-nets/MCC,,,ResAllocation_RAS-C-20_5_1.p,intuitionistic,auto,1,false,,5,0,3,provable,proved,,ok,two-sided,IMELL,938,3,89.454,367695,354399,11245,1089375,0,0,2048,80.000,15.911,auto,30
lltp,ILL/petri-nets/MCC,,,ResAllocation_RAS-C-3_100_1.p,intuitionistic,auto,1,false,,5,0,3,provable,proved,,ok,two-sided,IMELL,126,3,0.150,57,14,24,403,0,0,2048,0.000,0.017,auto,30
lltp,ILL/petri-nets/MCC,,,ResAllocation_RAS-C-3_10_1.p,intuitionistic,auto,1,false,,5,0,3,provable,proved,,ok,two-sided,IMELL,124,3,0.258,242,93,64,1540,0,0,2048,0.000,0.013,auto,30
lltp,ILL/petri-nets/MCC,,,ResAllocation_RAS-C-3_1_1.p,intuitionistic,auto,1,false,,5,0,3,provable,proved,,ok,two-sided,IMELL,128,3,0.071,3,0,2,24,0,0,2048,0.000,0.012,auto,30
lltp,ILL/petri-nets/MCC,,,ResAllocation_RAS-C-3_20_1.p,intuitionistic,auto,1,false,,5,0,3,provable,proved,,ok,two-sided,IMELL,126,3,0.158,57,14,24,403,0,0,2048,0.000,0.043,auto,30
lltp,ILL/petri-nets/MCC,,,ResAllocation_RAS-C-3_50_1.p,intuitionistic,auto,1,false,,5,0,3,provable,proved,,ok,two-sided,IMELL,124,3,0.257,242,93,64,1540,0,0,2048,0.000,0.012,auto,30
lltp,ILL/petri-nets/MCC,,,ResAllocation_RAS-C-3_5_1.p,intuitionistic,auto,1,false,,5,0,3,provable,proved,,ok,two-sided,IMELL,126,3,0.181,128,43,42,857,0,0,2048,0.000,0.013,auto,30
lltp,ILL/petri-nets/MCC,,,ResAllocation_RAS-C-50_100_1.p,intuitionistic,auto,1,false,,5,0,3,provable,unknown,timeout,,two-sided,IMELL,2240,3,5043.126,3268866,3047406,207987,56394590,0,0,2048,5030.000,773.409,auto,30
lltp,ILL/petri-nets/MCC,,,ResAllocation_RAS-C-50_1_1.p,intuitionistic,auto,1,false,,5,0,3,provable,proved,,ok,two-sided,IMELL,2386,3,0.247,3,0,2,456,0,0,2048,0.000,0.011,auto,30
lltp,ILL/petri-nets/MCC,,,ResAllocation_RAS-C-50_20_1.p,intuitionistic,auto,1,false,,5,0,3,provable,unknown,timeout,,two-sided,IMELL,2346,3,5057.581,8671494,8395633,258289,50878755,0,0,2048,5040.000,834.567,auto,30
lltp,ILL/petri-nets/MCC,,,ResAllocation_RAS-C-50_50_1.p,intuitionistic,auto,1,false,,5,0,3,provable,unknown,timeout,,two-sided,IMELL,2288,3,5046.090,4657294,4420933,221864,62889052,0,0,2048,5030.000,878.961,auto,30
lltp,ILL/petri-nets/MCC,,,ResAllocation_RAS-C-50_5_1.p,intuitionistic,auto,1,false,,5,0,3,provable,unknown,timeout,,two-sided,IMELL,2384,3,5056.385,850828,582488,251335,224957851,0,0,2048,5040.000,768.725,auto,30
lltp,ILL/petri-nets/MCC,,,ResAllocation_RAS-C-5_100_1.p,intuitionistic,auto,1,false,,5,0,3,provable,proved,,ok,two-sided,IMELL,222,3,0.199,154,60,62,1323,0,0,2048,0.000,0.012,auto,30
lltp,ILL/petri-nets/MCC,,,ResAllocation_RAS-C-5_10_1.p,intuitionistic,auto,1,false,,5,0,3,provable,proved,,ok,two-sided,IMELL,220,3,0.817,1167,639,289,8437,0,0,2048,0.000,0.011,auto,30
lltp,ILL/petri-nets/MCC,,,ResAllocation_RAS-C-5_1_1.p,intuitionistic,auto,1,false,,5,0,3,provable,proved,,ok,two-sided,IMELL,224,3,0.073,3,0,2,43,0,0,2048,0.000,0.012,auto,30
lltp,ILL/petri-nets/MCC,,,ResAllocation_RAS-C-5_20_1.p,intuitionistic,auto,1,false,,5,0,3,provable,proved,,ok,two-sided,IMELL,222,3,0.194,154,60,62,1323,0,0,2048,0.000,0.011,auto,30
lltp,ILL/petri-nets/MCC,,,ResAllocation_RAS-C-5_50_1.p,intuitionistic,auto,1,false,,5,0,3,provable,proved,,ok,two-sided,IMELL,220,3,0.796,1167,639,289,8437,0,0,2048,0.000,0.012,auto,30
lltp,ILL/petri-nets/MCC,,,ResAllocation_RAS-C-5_5_1.p,intuitionistic,auto,1,false,,5,0,3,provable,proved,,ok,two-sided,IMELL,222,3,0.402,467,228,145,3593,0,0,2048,0.000,0.013,auto,30
lltp,ILL/petri-nets/MCC,,,ResAllocation_RAS-R-100_100_1.p,intuitionistic,auto,1,false,,5,0,3,provable,unknown,timeout,,two-sided,IMELL,2772,3,5003.111,7955727,7877393,18695,47277494,0,0,2048,4980.000,1120.426,auto,30
lltp,ILL/petri-nets/MCC,,,ResAllocation_RAS-R-100_10_1.p,intuitionistic,auto,1,false,,5,0,3,provable,proved,,ok,two-sided,IMELL,2798,3,33.933,1766,1130,250,1245936,0,0,2048,30.000,6.431,auto,30
lltp,ILL/petri-nets/MCC,,,ResAllocation_RAS-R-100_1_1.p,intuitionistic,auto,1,false,,5,0,3,provable,proved,,ok,two-sided,IMELL,2798,3,0.231,3,0,2,608,0,0,2048,0.000,0.012,auto,30
lltp,ILL/petri-nets/MCC,,,ResAllocation_RAS-R-100_20_1.p,intuitionistic,auto,1,false,,5,0,3,provable,proved,,ok,two-sided,IMELL,2798,3,1332.591,64691,45154,5181,48775586,0,0,2048,1320.000,320.429,auto,30
lltp,ILL/petri-nets/MCC,,,ResAllocation_RAS-R-100_50_1.p,intuitionistic,auto,1,false,,5,0,3,provable,unknown,timeout,,two-sided,IMELL,2780,3,5003.018,9003544,8922075,19570,44619427,0,0,2048,4990.000,1086.361,auto,30
lltp,ILL/petri-nets/MCC,,,ResAllocation_RAS-R-100_5_1.p,intuitionistic,auto,1,false,,5,0,3,provable,proved,,ok,two-sided,IMELL,2798,3,2.212,76,17,31,65743,0,0,2048,0.000,0.884,auto,30
lltp,ILL/petri-nets/MCC,,,ResAllocation_RAS-R-10_100_1.p,intuitionistic,auto,1,false,,5,0,3,provable,unknown,timeout,,two-sided,IMELL,262,3,5001.001,35794630,35716633,9318,94875932,0,0,2048,4980.000,103.640,auto,30
lltp,ILL/petri-nets/MCC,,,ResAllocation_RAS-R-10_10_1.p,intuitionistic,auto,1,false,,5,0,3,provable,proved,,ok,two-sided,IMELL,272,3,1.897,7462,6795,296,27474,0,0,2048,0.000,0.023,auto,30
lltp,ILL/petri-nets/MCC,,,ResAllocation_RAS-R-10_1_1.p,intuitionistic,auto,1,false,,5,0,3,provable,proved,,ok,two-sided,IMELL,276,3,0.079,3,0,2,58,0,0,2048,0.000,0.012,auto,30
lltp,ILL/petri-nets/MCC,,,ResAllocation_RAS-R-10_20_1.p,intuitionistic,auto,1,false,,5,0,3,provable,proved,,ok,two-sided,IMELL,268,3,53.273,201994,189015,2695,778589,0,0,2048,50.000,13.804,auto,30
lltp,ILL/petri-nets/MCC,,,ResAllocation_RAS-R-10_50_1.p,intuitionistic,auto,1,false,,5,0,3,provable,unknown,timeout,,two-sided,IMELL,262,3,5000.714,36073093,35995096,9318,95654210,0,0,2048,4980.000,108.853,auto,30
lltp,ILL/petri-nets/MCC,,,ResAllocation_RAS-R-10_5_1.p,intuitionistic,auto,1,false,,5,0,3,provable,proved,,ok,two-sided,IMELL,274,3,0.184,63,14,22,1169,0,0,2048,0.000,0.012,auto,30
lltp,ILL/petri-nets/MCC,,,ResAllocation_RAS-R-15_100_1.p,intuitionistic,auto,1,false,,5,0,3,provable,unknown,timeout,,two-sided,IMELL,392,3,5000.941,23420945,23182714,40783,87734017,0,0,2048,4980.000,433.668,auto,30
lltp,ILL/petri-nets/MCC,,,ResAllocation_RAS-R-15_10_1.p,intuitionistic,auto,1,false,,5,0,3,provable,proved,,ok,two-sided,IMELL,410,3,2.286,7035,6370,294,36116,0,0,2048,0.000,0.023,auto,30
lltp,ILL/petri-nets/MCC,,,ResAllocation_RAS-R-15_1_1.p,intuitionistic,auto,1,false,,5,0,3,provable,proved,,ok,two-sided,IMELL,416,3,0.096,3,0,2,90,0,0,2048,0.000,0.012,auto,30
lltp,ILL/petri-nets/MCC,,,ResAllocation_RAS-R-15_20_1.p,intuitionistic,auto,1,false,,5,0,3,provable,proved,,ok,two-sided,IMELL,408,3,103.210,396625,377487,5028,1456879,0,0,2048,100.000,20.851,auto,30
lltp,ILL/petri-nets/MCC,,,ResAllocation_RAS-R-15_50_1.p,intuitionistic,auto,1,false,,5,0,3,provable,unknown,timeout,,two-sided,IMELL,400,3,5000.472,30707541,30469174,40919,87639511,0,0,2048,4980.000,364.504,auto,30
lltp,ILL/petri-nets/MCC,,,ResAllocation_RAS-R-15_5_1.p,intuitionistic,auto,1,false,,5,0,3,provable,proved,,ok,two-sided,IMELL,414,3,0.214,63,14,22,1742,0,0,2048,0.000,0.012,auto,30
lltp,ILL/petri-nets/MCC,,,ResAllocation_RAS-R-20_100_1.p,intuitionistic,auto,1,false,,5,0,3,provable,unknown,timeout,,two-sided,IMELL,532,3,5001.106,18790169,18453550,68121,74812420,0,0,2048,4980.000,714.465,auto,30
lltp,ILL/petri-nets/MCC,,,ResAllocation_RAS-R-20_10_1.p,intuitionistic,auto,1,false,,5,0,3,provable,proved,,ok,two-sided,IMELL,552,3,5.275,2577,1876,331,255933,0,0,2048,0.000,1.678,auto,30
lltp,ILL/petri-nets/MCC,,,ResAllocation_RAS-R-20_1_1.p,intuitionistic,auto,1,false,,5,0,3,provable,proved,,ok,two-sided,IMELL,556,3,0.099,3,0,2,148,0,0,2048,0.000,0.012,auto,30
lltp,ILL/petri-nets/MCC,,,ResAllocation_RAS-R-20_20_1.p,intuitionistic,auto,1,false,,5,0,3,provable,proved,,ok,two-sided,IMELL,550,3,192.374,189918,169931,5595,8277252,0,0,2048,190.000,40.626,auto,30
lltp,ILL/petri-nets/MCC,,,ResAllocation_RAS-R-20_50_1.p,intuitionistic,auto,1,false,,5,0,3,provable,unknown,timeout,,two-sided,IMELL,540,3,5000.998,22050976,21714228,68250,72397169,0,0,2048,4980.000,629.021,auto,30
lltp,ILL/petri-nets/MCC,,,ResAllocation_RAS-R-20_5_1.p,intuitionistic,auto,1,false,,5,0,3,provable,proved,,ok,two-sided,IMELL,554,3,0.270,63,14,22,2314,0,0,2048,0.000,0.013,auto,30
lltp,ILL/petri-nets/MCC,,,ResAllocation_RAS-R-2_100_1.p,intuitionistic,auto,1,false,,5,0,3,provable,proved,,ok,two-sided,IMELL,52,3,0.064,3,0,2,8,0,0,2048,0.000,0.012,auto,30
lltp,ILL/petri-nets/MCC,,,ResAllocation_RAS-R-2_10_1.p,intuitionistic,auto,1,false,,5,0,3,provable,proved,,ok,two-sided,IMELL,52,3,0.060,3,0,2,8,0,0,2048,0.000,0.012,auto,30
lltp,ILL/petri-nets/MCC,,,ResAllocation_RAS-R-2_1_1.p,intuitionistic,auto,1,false,,5,0,3,provable,proved,,ok,two-sided,IMELL,52,3,0.065,3,0,2,8,0,0,2048,0.000,0.012,auto,30
lltp,ILL/petri-nets/MCC,,,ResAllocation_RAS-R-2_20_1.p,intuitionistic,auto,1,false,,5,0,3,provable,proved,,ok,two-sided,IMELL,52,3,0.069,7,0,4,24,0,0,2048,0.000,0.012,auto,30
lltp,ILL/petri-nets/MCC,,,ResAllocation_RAS-R-2_50_1.p,intuitionistic,auto,1,false,,5,0,3,provable,proved,,ok,two-sided,IMELL,52,3,0.073,7,0,4,24,0,0,2048,0.000,0.012,auto,30
lltp,ILL/petri-nets/MCC,,,ResAllocation_RAS-R-2_5_1.p,intuitionistic,auto,1,false,,5,0,3,provable,proved,,ok,two-sided,IMELL,52,3,0.066,7,0,4,24,0,0,2048,0.000,0.012,auto,30
lltp,ILL/petri-nets/MCC,,,ResAllocation_RAS-R-3_100_1.p,intuitionistic,auto,1,false,,5,0,3,provable,proved,,ok,two-sided,IMELL,78,3,0.101,31,4,13,176,0,0,2048,0.000,0.012,auto,30
lltp,ILL/petri-nets/MCC,,,ResAllocation_RAS-R-3_10_1.p,intuitionistic,auto,1,false,,5,0,3,provable,proved,,ok,two-sided,IMELL,80,3,0.087,7,0,4,37,0,0,2048,0.000,0.012,auto,30
lltp,ILL/petri-nets/MCC,,,ResAllocation_RAS-R-3_1_1.p,intuitionistic,auto,1,false,,5,0,3,provable,proved,,ok,two-sided,IMELL,80,3,0.070,3,0,2,15,0,0,2048,0.000,0.013,auto,30
lltp,ILL/petri-nets/MCC,,,ResAllocation_RAS-R-3_20_1.p,intuitionistic,auto,1,false,,5,0,3,provable,proved,,ok,two-sided,IMELL,78,3,0.095,31,4,13,176,0,0,2048,0.000,0.012,auto,30
lltp,ILL/petri-nets/MCC,,,ResAllocation_RAS-R-3_50_1.p,intuitionistic,auto,1,false,,5,0,3,provable,proved,,ok,two-sided,IMELL,80,3,0.085,7,0,4,37,0,0,2048,0.000,0.014,auto,30
lltp,ILL/petri-nets/MCC,,,ResAllocation_RAS-R-3_5_1.p,intuitionistic,auto,1,false,,5,0,3,provable,proved,,ok,two-sided,IMELL,80,3,0.069,3,0,2,15,0,0,2048,0.000,0.012,auto,30
lltp,ILL/petri-nets/MCC,,,ResAllocation_RAS-R-50_100_1.p,intuitionistic,auto,1,false,,5,0,3,provable,unknown,timeout,,two-sided,IMELL,1372,3,5006.508,10702392,10508203,44091,57670825,0,0,2048,4990.000,1173.537,auto,30
lltp,ILL/petri-nets/MCC,,,ResAllocation_RAS-R-50_10_1.p,intuitionistic,auto,1,false,,5,0,3,provable,proved,,ok,two-sided,IMELL,1398,3,14.304,1766,1130,250,631676,0,0,2048,10.000,1.618,auto,30
lltp,ILL/petri-nets/MCC,,,ResAllocation_RAS-R-50_1_1.p,intuitionistic,auto,1,false,,5,0,3,provable,proved,,ok,two-sided,IMELL,1398,3,0.147,3,0,2,307,0,0,2048,0.000,0.012,auto,30
lltp,ILL/petri-nets/MCC,,,ResAllocation_RAS-R-50_20_1.p,intuitionistic,auto,1,false,,5,0,3,provable,proved,,ok,two-sided,IMELL,1398,3,590.613,64691,45154,5181,26380371,0,0,2048,580.000,110.769,auto,30
lltp,ILL/petri-nets/MCC,,,ResAllocation_RAS-R-50_50_1.p,intuitionistic,auto,1,false,,5,0,3,provable,unknown,timeout,,two-sided,IMELL,1380,3,5005.699,11866991,11664337,45879,54526554,0,0,2048,4980.000,1146.911,auto,30
lltp,ILL/petri-nets/MCC,,,ResAllocation_RAS-R-50_5_1.p,intuitionistic,auto,1,false,,5,0,3,provable,proved,,ok,two-sided,IMELL,1398,3,0.558,63,14,22,4864,0,0,2048,0.000,0.011,auto,30
lltp,ILL/petri-nets/MCC,,,ResAllocation_RAS-R-5_100_1.p,intuitionistic,auto,1,false,,5,0,3,provable,proved,,ok,two-sided,IMELL,130,3,0.557,717,304,113,5381,0,0,2048,0.000,0.011,auto,30
lltp,ILL/petri-nets/MCC,,,ResAllocation_RAS-R-5_10_1.p,intuitionistic,auto,1,false,,5,0,3,provable,proved,,ok,two-sided,IMELL,130,3,0.552,717,304,113,5381,0,0,2048,0.000,0.012,auto,30
lltp,ILL/petri-nets/MCC,,,ResAllocation_RAS-R-5_1_1.p,intuitionistic,auto,1,false,,5,0,3,provable,proved,,ok,two-sided,IMELL,136,3,0.070,3,0,2,31,0,0,2048,0.000,0.011,auto,30
lltp,ILL/petri-nets/MCC,,,ResAllocation_RAS-R-5_20_1.p,intuitionistic,auto,1,false,,5,0,3,provable,proved,,ok,two-sided,IMELL,132,3,0.325,341,132,71,2673,0,0,2048,0.000,0.012,auto,30
lltp,ILL/petri-nets/MCC,,,ResAllocation_RAS-R-5_50_1.p,intuitionistic,auto,1,false,,5,0,3,provable,proved,,ok,two-sided,IMELL,132,3,0.319,341,132,71,2673,0,0,2048,0.000,0.012,auto,30
lltp,ILL/petri-nets/MCC,,,ResAllocation_RAS-R-5_5_1.p,intuitionistic,auto,1,false,,5,0,3,provable,proved,,ok,two-sided,IMELL,134,3,0.136,63,14,22,578,0,0,2048,0.000,0.011,auto,30
lltp,ILL/petri-nets/MCC,,,Ring_ring_100_1.p,intuitionistic,auto,1,false,,5,0,3,provable,unknown,timeout,,two-sided,IMELL,1038,5,5017.015,943504,694752,115182,195170820,0,0,2048,5000.000,1021.247,auto,30
lltp,ILL/petri-nets/MCC,,,Ring_ring_10_1.p,intuitionistic,auto,1,false,,5,0,3,provable,proved,,ok,two-sided,IMELL,1036,5,1836.348,353397,257792,47150,75061190,0,0,2048,1830.000,330.272,auto,30
lltp,ILL/petri-nets/MCC,,,Ring_ring_1_1.p,intuitionistic,auto,1,false,,5,0,3,provable,proved,,ok,two-sided,IMELL,1048,5,0.141,3,0,2,118,0,0,2048,0.000,0.012,auto,30
lltp,ILL/petri-nets/MCC,,,Ring_ring_20_1.p,intuitionistic,auto,1,false,,5,0,3,provable,unknown,timeout,,two-sided,IMELL,1040,5,5021.081,1082096,800272,129301,217813662,0,0,2048,5000.000,1096.917,auto,30
lltp,ILL/petri-nets/MCC,,,Ring_ring_50_1.p,intuitionistic,auto,1,false,,5,0,3,provable,unknown,timeout,,two-sided,IMELL,1040,5,5020.417,1036912,766120,124901,231621535,0,0,2048,5000.000,1010.605,auto,30
lltp,ILL/petri-nets/MCC,,,Ring_ring_5_1.p,intuitionistic,auto,1,false,,5,0,3,provable,proved,,ok,two-sided,IMELL,1040,5,19.682,3745,2300,1015,979793,0,0,2048,20.000,0.984,auto,30
lltp,ILL/petri-nets/MCC,,,RobotManipulation_robot-manipulation-1000_100_1.p,intuitionistic,auto,1,false,,5,0,3,provable,unknown,timeout,,two-sided,IMELL,24020,2002,5009.007,15516,9521,1835,15472550,0,0,2048,5000.000,339.198,auto,30
lltp,ILL/petri-nets/MCC,,,RobotManipulation_robot-manipulation-1000_10_1.p,intuitionistic,auto,1,false,,5,0,3,provable,proved,,ok,two-sided,IMELL,24068,2002,18.523,21,1,8,274145,0,0,2048,20.000,2.259,auto,30
lltp,ILL/petri-nets/MCC,,,RobotManipulation_robot-manipulation-1000_1_1.p,intuitionistic,auto,1,false,,5,0,3,provable,proved,,ok,two-sided,IMELL,24072,2002,4.471,3,0,2,10006,0,0,2048,0.000,0.049,auto,30
lltp,ILL/petri-nets/MCC,,,RobotManipulation_robot-manipulation-1000_20_1.p,intuitionistic,auto,1,false,,5,0,3,provable,proved,,ok,two-sided,IMELL,24068,2002,119.655,225,74,57,2706133,0,0,2048,120.000,7.354,auto,30
lltp,ILL/petri-nets/MCC,,,RobotManipulation_robot-manipulation-1000_50_1.p,intuitionistic,auto,1,false,,5,0,3,provable,proved,,ok,two-sided,IMELL,24068,2002,119.689,225,74,57,2706133,0,0,2048,120.000,11.474,auto,30
lltp,ILL/petri-nets/MCC,,,RobotManipulation_robot-manipulation-1000_5_1.p,intuitionistic,auto,1,false,,5,0,3,provable,proved,,ok,two-sided,IMELL,24070,2002,38.041,38,4,14,529074,0,0,2048,40.000,8.040,auto,30
lltp,ILL/petri-nets/MCC,,,RobotManipulation_robot-manipulation-100_100_1.p,intuitionistic,auto,1,false,,5,0,3,provable,unknown,timeout,,two-sided,IMELL,2420,202,5004.129,288418,204437,20805,60553099,0,0,2048,4980.000,720.296,auto,30
lltp,ILL/petri-nets/MCC,,,RobotManipulation_robot-manipulation-100_10_1.p,intuitionistic,auto,1,false,,5,0,3,provable,proved,,ok,two-sided,IMELL,2468,202,0.618,20,1,8,4299,0,0,2048,0.000,0.014,auto,30
lltp,ILL/petri-nets/MCC,,,RobotManipulation_robot-manipulation-100_1_1.p,intuitionistic,auto,1,false,,5,0,3,provable,proved,,ok,two-sided,IMELL,2472,202,0.248,3,0,2,1006,0,0,2048,0.000,0.012,auto,30
lltp,ILL/petri-nets/MCC,,,RobotManipulation_robot-manipulation-100_20_1.p,intuitionistic,auto,1,false,,5,0,3,provable,proved,,ok,two-sided,IMELL,2468,202,5.570,225,74,57,288189,0,0,2048,0.000,1.043,auto,30
lltp,ILL/petri-nets/MCC,,,RobotManipulation_robot-manipulation-100_50_1.p,intuitionistic,auto,1,false,,5,0,3,provable,proved,,ok,two-sided,IMELL,2468,202,5.526,225,74,57,288189,0,0,2048,0.000,1.039,auto,30
lltp,ILL/petri-nets/MCC,,,RobotManipulation_robot-manipulation-100_5_1.p,intuitionistic,auto,1,false,,5,0,3,provable,proved,,ok,two-sided,IMELL,2470,202,0.924,37,4,14,7192,0,0,2048,0.000,0.018,auto,30
lltp,ILL/petri-nets/MCC,,,RobotManipulation_robot-manipulation-10_100_1.p,intuitionistic,auto,1,false,,5,0,3,provable,unknown,timeout,,two-sided,IMELL,274,22,5000.489,9953894,9623065,73892,79089547,0,0,2048,4980.000,558.491,auto,30
lltp,ILL/petri-nets/MCC,,,RobotManipulation_robot-manipulation-10_10_1.p,intuitionistic,auto,1,false,,5,0,3,provable,proved,,ok,two-sided,IMELL,308,22,0.144,20,1,8,519,0,0,2048,0.000,0.013,auto,30
lltp,ILL/petri-nets/MCC,,,RobotManipulation_robot-manipulation-10_1_1.p,intuitionistic,auto,1,false,,5,0,3,provable,proved,,ok,two-sided,IMELL,312,22,0.084,3,0,2,106,0,0,2048,0.000,0.012,auto,30
lltp,ILL/petri-nets/MCC,,,RobotManipulation_robot-manipulation-10_20_1.p,intuitionistic,auto,1,false,,5,0,3,provable,proved,,ok,two-sided,IMELL,308,22,0.499,224,74,57,4132,0,0,2048,0.000,0.012,auto,30
lltp,ILL/petri-nets/MCC,,,RobotManipulation_robot-manipulation-10_50_1.p,intuitionistic,auto,1,false,,5,0,3,provable,proved,,ok,two-sided,IMELL,308,22,0.488,224,74,57,4132,0,0,2048,0.000,0.011,auto,30
lltp,ILL/petri-nets/MCC,,,RobotManipulation_robot-manipulation-10_5_1.p,intuitionistic,auto,1,false,,5,0,3,provable,proved,,ok,two-sided,IMELL,310,22,0.176,37,4,14,892,0,0,2048,0.000,0.012,auto,30
lltp,ILL/petri-nets/MCC,,,RobotManipulation_robot-manipulation-1_100_1.p,intuitionistic,auto,1,false,,5,0,3,provable,proved,,ok,two-sided,IMELL,92,4,0.093,20,1,8,141,0,0,2048,0.000,0.011,auto,30
lltp,ILL/petri-nets/MCC,,,RobotManipulation_robot-manipulation-1_10_1.p,intuitionistic,auto,1,false,,5,0,3,provable,proved,,ok,two-sided,IMELL,92,4,0.099,20,1,8,141,0,0,2048,0.000,0.011,auto,30
lltp,ILL/petri-nets/MCC,,,RobotManipulation_robot-manipulation-1_1_1.p,intuitionistic,auto,1,false,,5,0,3,provable,proved,,ok,two-sided,IMELL,96,4,0.067,3,0,2,16,0,0,2048,0.000,0.012,auto,30
lltp,ILL/petri-nets/MCC,,,RobotManipulation_robot-manipulation-1_20_1.p,intuitionistic,auto,1,false,,5,0,3,provable,proved,,ok,two-sided,IMELL,92,4,0.235,178,56,41,1190,0,0,2048,0.000,0.012,auto,30
lltp,ILL/petri-nets/MCC,,,RobotManipulation_robot-manipulation-1_50_1.p,intuitionistic,auto,1,false,,5,0,3,provable,proved,,ok,two-sided,IMELL,92,4,0.233,178,56,41,1190,0,0,2048,0.000,0.012,auto,30
lltp,ILL/petri-nets/MCC,,,RobotManipulation_robot-manipulation-1_5_1.p,intuitionistic,auto,1,false,,5,0,3,provable,proved,,ok,two-sided,IMELL,94,4,0.111,36,4,13,260,0,0,2048,0.000,0.012,auto,30
lltp,ILL/petri-nets/MCC,,,RobotManipulation_robot-manipulation-2000_100_1.p,intuitionistic,auto,1,false,,5,0,3,provable,unknown,timeout,,two-sided,IMELL,48020,4002,5064.647,3982,2218,580,8935496,0,0,2048,5050.000,463.350,auto,30
lltp,ILL/petri-nets/MCC,,,RobotManipulation_robot-manipulation-2000_10_1.p,intuitionistic,auto,1,false,,5,0,3,provable,proved,,ok,two-sided,IMELL,48068,4002,59.042,21,1,8,527298,0,0,2048,60.000,5.526,auto,30
lltp,ILL/petri-nets/MCC,,,RobotManipulation_robot-manipulation-2000_1_1.p,intuitionistic,auto,1,false,,5,0,3,provable,proved,,ok,two-sided,IMELL,48072,4002,13.803,3,0,2,20006,0,0,2048,10.000,0.081,auto,30
lltp,ILL/petri-nets/MCC,,,RobotManipulation_robot-manipulation-2000_20_1.p,intuitionistic,auto,1,false,,5,0,3,provable,proved,,ok,two-sided,IMELL,48068,4002,390.276,225,74,57,4986477,0,0,2048,380.000,22.906,auto,30
lltp,ILL/petri-nets/MCC,,,RobotManipulation_robot-manipulation-2000_50_1.p,intuitionistic,auto,1,false,,5,0,3,provable,proved,,ok,two-sided,IMELL,48068,4002,387.419,225,74,57,4986477,0,0,2048,390.000,19.624,auto,30
lltp,ILL/petri-nets/MCC,,,RobotManipulation_robot-manipulation-2000_5_1.p,intuitionistic,auto,1,false,,5,0,3,provable,proved,,ok,two-sided,IMELL,48070,4002,110.034,38,4,14,719027,0,0,2048,110.000,14.117,auto,30
lltp,ILL/petri-nets/MCC,,,RobotManipulation_robot-manipulation-200_100_1.p,intuitionistic,auto,1,false,,5,0,3,provable,unknown,timeout,,two-sided,IMELL,4820,402,5003.324,154637,107226,12263,44105032,0,0,2048,4980.000,630.428,auto,30
lltp,ILL/petri-nets/MCC,,,RobotManipulation_robot-manipulation-200_10_1.p,intuitionistic,auto,1,false,,5,0,3,provable,proved,,ok,two-sided,IMELL,4868,402,1.352,20,1,8,8499,0,0,2048,0.000,0.028,auto,30
lltp,ILL/petri-nets/MCC,,,RobotManipulation_robot-manipulation-200_1_1.p,intuitionistic,auto,1,false,,5,0,3,provable,proved,,ok,two-sided,IMELL,4872,402,0.503,3,0,2,2006,0,0,2048,0.000,0.031,auto,30
lltp,ILL/petri-nets/MCC,,,RobotManipulation_robot-manipulation-200_20_1.p,intuitionistic,auto,1,false,,5,0,3,provable,proved,,ok,two-sided,IMELL,4868,402,12.282,225,74,57,572812,0,0,2048,10.000,1.039,auto,30
lltp,ILL/petri-nets/MCC,,,RobotManipulation_robot-manipulation-200_50_1.p,intuitionistic,auto,1,false,,5,0,3,provable,proved,,ok,two-sided,IMELL,4868,402,12.281,225,74,57,572812,0,0,2048,10.000,3.904,auto,30
lltp,ILL/petri-nets/MCC,,,RobotManipulation_robot-manipulation-200_5_1.p,intuitionistic,auto,1,false,,5,0,3,provable,proved,,ok,two-sided,IMELL,4870,402,2.077,37,4,14,14192,0,0,2048,0.000,0.031,auto,30
lltp,ILL/petri-nets/MCC,,,RobotManipulation_robot-manipulation-20_100_1.p,intuitionistic,auto,1,false,,5,0,3,provable,unknown,timeout,,two-sided,IMELL,500,42,5008.385,578048,416661,38890,104498288,0,0,2048,4980.000,436.835,auto,30
lltp,ILL/petri-nets/MCC,,,RobotManipulation_robot-manipulation-20_10_1.p,intuitionistic,auto,1,false,,5,0,3,provable,proved,,ok,two-sided,IMELL,548,42,0.187,20,1,8,939,0,0,2048,0.000,0.015,auto,30
lltp,ILL/petri-nets/MCC,,,RobotManipulation_robot-manipulation-20_1_1.p,intuitionistic,auto,1,false,,5,0,3,provable,proved,,ok,two-sided,IMELL,552,42,0.100,3,0,2,206,0,0,2048,0.000,0.014,auto,30
lltp,ILL/petri-nets/MCC,,,RobotManipulation_robot-manipulation-20_20_1.p,intuitionistic,auto,1,false,,5,0,3,provable,proved,,ok,two-sided,IMELL,548,42,0.739,224,74,57,7172,0,0,2048,0.000,0.012,auto,30
lltp,ILL/petri-nets/MCC,,,RobotManipulation_robot-manipulation-20_50_1.p,intuitionistic,auto,1,false,,5,0,3,provable,proved,,ok,two-sided,IMELL,548,42,0.749,224,74,57,7172,0,0,2048,0.000,0.011,auto,30
lltp,ILL/petri-nets/MCC,,,RobotManipulation_robot-manipulation-20_5_1.p,intuitionistic,auto,1,false,,5,0,3,provable,proved,,ok,two-sided,IMELL,550,42,0.232,37,4,14,1592,0,0,2048,0.000,0.011,auto,30
lltp,ILL/petri-nets/MCC,,,RobotManipulation_robot-manipulation-2_100_1.p,intuitionistic,auto,1,false,,5,0,3,provable,proved,,ok,two-sided,IMELL,116,6,0.099,20,1,8,183,0,0,2048,0.000,0.011,auto,30
lltp,ILL/petri-nets/MCC,,,RobotManipulation_robot-manipulation-2_10_1.p,intuitionistic,auto,1,false,,5,0,3,provable,proved,,ok,two-sided,IMELL,116,6,0.101,20,1,8,183,0,0,2048,0.000,0.012,auto,30
lltp,ILL/petri-nets/MCC,,,RobotManipulation_robot-manipulation-2_1_1.p,intuitionistic,auto,1,false,,5,0,3,provable,proved,,ok,two-sided,IMELL,120,6,0.068,3,0,2,26,0,0,2048,0.000,0.012,auto,30
lltp,ILL/petri-nets/MCC,,,RobotManipulation_robot-manipulation-2_20_1.p,intuitionistic,auto,1,false,,5,0,3,provable,proved,,ok,two-sided,IMELL,116,6,0.285,219,73,54,1671,0,0,2048,0.000,0.012,auto,30
lltp,ILL/petri-nets/MCC,,,RobotManipulation_robot-manipulation-2_50_1.p,intuitionistic,auto,1,false,,5,0,3,provable,proved,,ok,two-sided,IMELL,116,6,0.281,219,73,54,1671,0,0,2048,0.000,0.012,auto,30
lltp,ILL/petri-nets/MCC,,,RobotManipulation_robot-manipulation-2_5_1.p,intuitionistic,auto,1,false,,5,0,3,provable,proved,,ok,two-sided,IMELL,118,6,0.139,37,4,14,332,0,0,2048,0.000,0.012,auto,30
lltp,ILL/petri-nets/MCC,,,RobotManipulation_robot-manipulation-500_100_1.p,intuitionistic,auto,1,false,,5,0,3,provable,unknown,timeout,,two-sided,IMELL,12020,1002,5002.506,44392,28942,4360,25032932,0,0,2048,4980.000,1065.401,auto,30
lltp,ILL/petri-nets/MCC,,,RobotManipulation_robot-manipulation-500_10_1.p,intuitionistic,auto,1,false,,5,0,3,provable,proved,,ok,two-sided,IMELL,12068,1002,6.203,21,1,8,141365,0,0,2048,10.000,1.379,auto,30
lltp,ILL/petri-nets/MCC,,,RobotManipulation_robot-manipulation-500_1_1.p,intuitionistic,auto,1,false,,5,0,3,provable,proved,,ok,two-sided,IMELL,12072,1002,1.517,3,0,2,5006,0,0,2048,0.000,0.014,auto,30
lltp,ILL/petri-nets/MCC,,,RobotManipulation_robot-manipulation-500_20_1.p,intuitionistic,auto,1,false,,5,0,3,provable,proved,,ok,two-sided,IMELL,12068,1002,40.338,225,74,57,1295296,0,0,2048,40.000,6.580,auto,30
lltp,ILL/petri-nets/MCC,,,RobotManipulation_robot-manipulation-500_50_1.p,intuitionistic,auto,1,false,,5,0,3,provable,proved,,ok,two-sided,IMELL,12068,1002,40.806,225,74,57,1295296,0,0,2048,40.000,6.145,auto,30
lltp,ILL/petri-nets/MCC,,,RobotManipulation_robot-manipulation-500_5_1.p,intuitionistic,auto,1,false,,5,0,3,provable,proved,,ok,two-sided,IMELL,12070,1002,14.384,38,4,14,340875,0,0,2048,10.000,6.279,auto,30
lltp,ILL/petri-nets/MCC,,,RobotManipulation_robot-manipulation-50_100_1.p,intuitionistic,auto,1,false,,5,0,3,provable,unknown,timeout,,two-sided,IMELL,1220,102,5006.964,500128,360366,33861,78914970,0,0,2048,4990.000,380.591,auto,30
lltp,ILL/petri-nets/MCC,,,RobotManipulation_robot-manipulation-50_10_1.p,intuitionistic,auto,1,false,,5,0,3,provable,proved,,ok,two-sided,IMELL,1268,102,0.336,20,1,8,2199,0,0,2048,0.000,0.012,auto,30
lltp,ILL/petri-nets/MCC,,,RobotManipulation_robot-manipulation-50_1_1.p,intuitionistic,auto,1,false,,5,0,3,provable,proved,,ok,two-sided,IMELL,1272,102,0.150,3,0,2,506,0,0,2048,0.000,0.011,auto,30
lltp,ILL/petri-nets/MCC,,,RobotManipulation_robot-manipulation-50_20_1.p,intuitionistic,auto,1,false,,5,0,3,provable,proved,,ok,two-sided,IMELL,1268,102,2.835,225,74,57,145844,0,0,2048,0.000,1.208,auto,30
lltp,ILL/petri-nets/MCC,,,RobotManipulation_robot-manipulation-50_50_1.p,intuitionistic,auto,1,false,,5,0,3,provable,proved,,ok,two-sided,IMELL,1268,102,2.865,225,74,57,145844,0,0,2048,0.000,1.211,auto,30
lltp,ILL/petri-nets/MCC,,,RobotManipulation_robot-manipulation-50_5_1.p,intuitionistic,auto,1,false,,5,0,3,provable,proved,,ok,two-sided,IMELL,1270,102,0.463,37,4,14,3692,0,0,2048,0.000,0.012,auto,30
lltp,ILL/petri-nets/MCC,,,RobotManipulation_robot-manipulation-5_100_1.p,intuitionistic,auto,1,false,,5,0,3,provable,proved,,ok,two-sided,IMELL,188,12,0.118,20,1,8,309,0,0,2048,0.000,0.011,auto,30
lltp,ILL/petri-nets/MCC,,,RobotManipulation_robot-manipulation-5_10_1.p,intuitionistic,auto,1,false,,5,0,3,provable,proved,,ok,two-sided,IMELL,188,12,0.118,20,1,8,309,0,0,2048,0.000,0.012,auto,30
lltp,ILL/petri-nets/MCC,,,RobotManipulation_robot-manipulation-5_1_1.p,intuitionistic,auto,1,false,,5,0,3,provable,proved,,ok,two-sided,IMELL,192,12,0.071,3,0,2,56,0,0,2048,0.000,0.012,auto,30
lltp,ILL/petri-nets/MCC,,,RobotManipulation_robot-manipulation-5_20_1.p,intuitionistic,auto,1,false,,5,0,3,provable,proved,,ok,two-sided,IMELL,188,12,0.368,224,74,57,2612,0,0,2048,0.000,0.013,auto,30
lltp,ILL/petri-nets/MCC,,,RobotManipulation_robot-manipulation-5_50_1.p,intuitionistic,auto,1,false,,5,0,3,provable,proved,,ok,two-sided,IMELL,188,12,0.362,224,74,57,2612,0,0,2048,0.000,0.012,auto,30
lltp,ILL/petri-nets/MCC,,,RobotManipulation_robot-manipulation-5_5_1.p,intuitionistic,auto,1,false,,5,0,3,provable,proved,,ok,two-sided,IMELL,190,12,0.152,37,4,14,542,0,0,2048,0.000,0.012,auto,30
lltp,ILL/petri-nets/MCC,,,RwMutex_rwmutex-r1000w10_100_1.p,intuitionistic,auto,1,false,,5,0,3,provable,unknown,timeout,,two-sided,IMELL,59918,12,5046.806,58351,1653,56626,66106569,0,0,2048,5040.000,941.567,auto,30
lltp,ILL/petri-nets/MCC,,,RwMutex_rwmutex-r1000w10_1_1.p,intuitionistic,auto,1,false,,5,0,3,provable,proved,,ok,two-sided,IMELL,60116,12,51.518,7,0,4,10014,0,0,2048,50.000,2.865,auto,30
lltp,ILL/petri-nets/MCC,,,RwMutex_rwmutex-r1000w10_20_1.p,intuitionistic,auto,1,false,,5,0,3,provable,unknown,timeout,,two-sided,IMELL,60078,12,5063.578,58527,1653,56802,66089972,0,0,2048,5050.000,951.693,auto,30
lltp,ILL/petri-nets/MCC,,,RwMutex_rwmutex-r1000w10_50_1.p,intuitionistic,auto,1,false,,5,0,3,provable,unknown,timeout,,two-sided,IMELL,60018,12,5064.459,58879,1653,57154,66525531,0,0,2048,5060.000,916.590,auto,30
lltp,ILL/petri-nets/MCC,,,RwMutex_rwmutex-r1000w10_5_1.p,intuitionistic,auto,1,false,,5,0,3,provable,unknown,timeout,,two-sided,IMELL,60108,12,5062.932,57995,1596,56328,70682642,0,0,2048,5050.000,955.228,auto,30
lltp,ILL/petri-nets/MCC,,,RwMutex_rwmutex-r100w10_100_1.p,intuitionistic,auto,1,false,,5,0,3,provable,unknown,timeout,,two-sided,IMELL,5918,12,5039.115,527816,343317,179207,34280859,0,0,2048,5020.000,1037.543,auto,30
lltp,ILL/petri-nets/MCC,,,RwMutex_rwmutex-r100w10_1_1.p,intuitionistic,auto,1,false,,5,0,3,provable,proved,,ok,two-sided,IMELL,6116,12,0.578,3,0,2,596,0,0,2048,0.000,0.013,auto,30
lltp,ILL/petri-nets/MCC,,,RwMutex_rwmutex-r100w10_20_1.p,intuitionistic,auto,1,false,,5,0,3,provable,unknown,timeout,,two-sided,IMELL,6078,12,5043.015,530710,343825,181564,58241854,0,0,2048,5030.000,1007.122,auto,30
lltp,ILL/petri-nets/MCC,,,RwMutex_rwmutex-r100w10_50_1.p,intuitionistic,auto,1,false,,5,0,3,provable,unknown,timeout,,two-sided,IMELL,6018,12,5044.183,538572,348319,184853,42988106,0,0,2048,5030.000,973.669,auto,30
lltp,ILL/petri-nets/MCC,,,RwMutex_rwmutex-r100w10_5_1.p,intuitionistic,auto,1,false,,5,0,3,provable,unknown,timeout,,two-sided,IMELL,6108,12,5057.591,650809,407392,236886,127323900,0,0,2048,5040.000,1038.773,auto,30
lltp,ILL/petri-nets/MCC,,,RwMutex_rwmutex-r10w1000_10_1.p,intuitionistic,auto,1,false,,5,0,3,provable,proved,,ok,two-sided,IMELL,52194,1002,86.781,1016,0,1012,1063184,0,0,2048,90.000,12.910,auto,30
lltp,ILL/petri-nets/MCC,,,RwMutex_rwmutex-r10w1000_1_1.p,intuitionistic,auto,1,false,,5,0,3,provable,proved,,ok,two-sided,IMELL,52196,1002,24.491,7,0,4,5064,0,0,2048,20.000,1.221,auto,30
lltp,ILL/petri-nets/MCC,,,RwMutex_rwmutex-r10w1000_20_1.p,intuitionistic,auto,1,false,,5,0,3,provable,proved,,ok,two-sided,IMELL,52194,1002,86.489,1016,0,1012,1063184,0,0,2048,80.000,15.144,auto,30
lltp,ILL/petri-nets/MCC,,,RwMutex_rwmutex-r10w1000_50_1.p,intuitionistic,auto,1,false,,5,0,3,provable,proved,,ok,two-sided,IMELL,52194,1002,87.453,1016,0,1012,1063184,0,0,2048,80.000,14.901,auto,30
lltp,ILL/petri-nets/MCC,,,RwMutex_rwmutex-r10w1000_5_1.p,intuitionistic,auto,1,false,,5,0,3,provable,unknown,timeout,,two-sided,IMELL,52192,1002,5038.716,1524,1,1273,3440694,0,0,2048,5030.000,77.121,auto,30
lltp,ILL/petri-nets/MCC,,,RwMutex_rwmutex-r10w100_100_1.p,intuitionistic,auto,1,false,,5,0,3,provable,proved,,ok,two-sided,IMELL,5398,102,0.195,1,0,1,119,0,0,2048,0.000,0.000,auto,30
lltp,ILL/petri-nets/MCC,,,RwMutex_rwmutex-r10w100_10_1.p,intuitionistic,auto,1,false,,5,0,3,provable,proved,,ok,two-sided,IMELL,5398,102,0.200,1,0,1,119,0,0,2048,0.000,0.003,auto,30
lltp,ILL/petri-nets/MCC,,,RwMutex_rwmutex-r10w100_1_1.p,intuitionistic,auto,1,false,,5,0,3,provable,proved,,ok,two-sided,IMELL,5378,102,0.433,3,0,2,306,0,0,2048,0.000,0.013,auto,30
lltp,ILL/petri-nets/MCC,,,RwMutex_rwmutex-r10w100_20_1.p,intuitionistic,auto,1,false,,5,0,3,provable,proved,,ok,two-sided,IMELL,5398,102,0.194,1,0,1,119,0,0,2048,0.000,0.003,auto,30
lltp,ILL/petri-nets/MCC,,,RwMutex_rwmutex-r10w100_50_1.p,intuitionistic,auto,1,false,,5,0,3,provable,proved,,ok,two-sided,IMELL,5398,102,0.187,1,0,1,119,0,0,2048,0.000,0.003,auto,30
lltp,ILL/petri-nets/MCC,,,RwMutex_rwmutex-r10w100_5_1.p,intuitionistic,auto,1,false,,5,0,3,provable,proved,,ok,two-sided,IMELL,5378,102,0.413,3,0,2,306,0,0,2048,0.000,0.011,auto,30
lltp,ILL/petri-nets/MCC,,,RwMutex_rwmutex-r10w10_100_1.p,intuitionistic,auto,1,false,,5,0,3,provable,proved,,ok,two-sided,IMELL,718,12,0.043,1,0,1,29,0,0,2048,0.000,0.000,auto,30
lltp,ILL/petri-nets/MCC,,,RwMutex_rwmutex-r10w10_10_1.p,intuitionistic,auto,1,false,,5,0,3,provable,proved,,ok,two-sided,IMELL,718,12,0.045,1,0,1,29,0,0,2048,0.000,0.000,auto,30
lltp,ILL/petri-nets/MCC,,,RwMutex_rwmutex-r10w10_1_1.p,intuitionistic,auto,1,false,,5,0,3,provable,proved,,ok,two-sided,IMELL,698,12,0.100,3,0,2,42,0,0,2048,0.000,0.012,auto,30
lltp,ILL/petri-nets/MCC,,,RwMutex_rwmutex-r10w10_20_1.p,intuitionistic,auto,1,false,,5,0,3,provable,proved,,ok,two-sided,IMELL,718,12,0.042,1,0,1,29,0,0,2048,0.000,0.000,auto,30
lltp,ILL/petri-nets/MCC,,,RwMutex_rwmutex-r10w10_50_1.p,intuitionistic,auto,1,false,,5,0,3,provable,proved,,ok,two-sided,IMELL,718,12,0.041,1,0,1,29,0,0,2048,0.000,0.000,auto,30
lltp,ILL/petri-nets/MCC,,,RwMutex_rwmutex-r10w10_5_1.p,intuitionistic,auto,1,false,,5,0,3,provable,proved,,ok,two-sided,IMELL,698,12,0.097,3,0,2,42,0,0,2048,0.000,0.011,auto,30
lltp,ILL/petri-nets/MCC,,,RwMutex_rwmutex-r10w2000_10_1.p,intuitionistic,auto,1,false,,5,0,3,provable,proved,,ok,two-sided,IMELL,104198,2002,5.049,1,0,1,2019,0,0,2048,10.000,0.004,auto,30
lltp,ILL/petri-nets/MCC,,,RwMutex_rwmutex-r10w2000_1_1.p,intuitionistic,auto,1,false,,5,0,3,provable,proved,,ok,two-sided,IMELL,104178,2002,95.377,7,0,4,7558,0,0,2048,100.000,3.808,auto,30
lltp,ILL/petri-nets/MCC,,,RwMutex_rwmutex-r10w2000_20_1.p,intuitionistic,auto,1,false,,5,0,3,provable,unknown,timeout,,two-sided,IMELL,104178,2002,5204.856,2190,1,2106,4143496,0,0,2048,5190.000,71.693,auto,30
lltp,ILL/petri-nets/MCC,,,RwMutex_rwmutex-r10w2000_5_1.p,intuitionistic,auto,1,false,,5,0,3,provable,proved,,ok,two-sided,IMELL,104178,2002,95.711,7,0,4,7558,0,0,2048,90.000,0.779,auto,30
lltp,ILL/petri-nets/MCC,,,RwMutex_rwmutex-r10w20_100_1.p,intuitionistic,auto,1,false,,5,0,3,provable,proved,,ok,two-sided,IMELL,1238,22,0.060,1,0,1,39,0,0,2048,0.000,0.000,auto,30
lltp,ILL/petri-nets/MCC,,,RwMutex_rwmutex-r10w20_10_1.p,intuitionistic,auto,1,false,,5,0,3,provable,proved,,ok,two-sided,IMELL,1238,22,0.056,1,0,1,39,0,0,2048,0.000,0.000,auto,30
lltp,ILL/petri-nets/MCC,,,RwMutex_rwmutex-r10w20_1_1.p,intuitionistic,auto,1,false,,5,0,3,provable,proved,,ok,two-sided,IMELL,1218,22,0.127,3,0,2,48,0,0,2048,0.000,0.012,auto,30
lltp,ILL/petri-nets/MCC,,,RwMutex_rwmutex-r10w20_20_1.p,intuitionistic,auto,1,false,,5,0,3,provable,proved,,ok,two-sided,IMELL,1238,22,0.057,1,0,1,39,0,0,2048,0.000,0.000,auto,30
lltp,ILL/petri-nets/MCC,,,RwMutex_rwmutex-r10w20_50_1.p,intuitionistic,auto,1,false,,5,0,3,provable,proved,,ok,two-sided,IMELL,1238,22,0.059,1,0,1,39,0,0,2048,0.000,0.000,auto,30
lltp,ILL/petri-nets/MCC,,,RwMutex_rwmutex-r10w20_5_1.p,intuitionistic,auto,1,false,,5,0,3,provable,proved,,ok,two-sided,IMELL,1218,22,0.122,3,0,2,48,0,0,2048,0.000,0.012,auto,30
lltp,ILL/petri-nets/MCC,,,RwMutex_rwmutex-r10w500_100_1.p,intuitionistic,auto,1,false,,5,0,3,provable,proved,,ok,two-sided,IMELL,26198,502,1.169,1,0,1,519,0,0,2048,0.000,0.000,auto,30
lltp,ILL/petri-nets/MCC,,,RwMutex_rwmutex-r10w500_10_1.p,intuitionistic,auto,1,false,,5,0,3,provable,proved,,ok,two-sided,IMELL,26198,502,1.178,1,0,1,519,0,0,2048,0.000,0.000,auto,30
lltp,ILL/petri-nets/MCC,,,RwMutex_rwmutex-r10w500_1_1.p,intuitionistic,auto,1,false,,5,0,3,provable,proved,,ok,two-sided,IMELL,26178,502,4.374,3,0,2,600,0,0,2048,10.000,0.035,auto,30
lltp,ILL/petri-nets/MCC,,,RwMutex_rwmutex-r10w500_20_1.p,intuitionistic,auto,1,false,,5,0,3,provable,proved,,ok,two-sided,IMELL,26198,502,1.220,1,0,1,519,0,0,2048,0.000,0.015,auto,30
lltp,ILL/petri-nets/MCC,,,RwMutex_rwmutex-r10w500_50_1.p,intuitionistic,auto,1,false,,5,0,3,provable,proved,,ok,two-sided,IMELL,26198,502,1.192,1,0,1,519,0,0,2048,0.000,0.002,auto,30
lltp,ILL/petri-nets/MCC,,,RwMutex_rwmutex-r10w500_5_1.p,intuitionistic,auto,1,false,,5,0,3,provable,proved,,ok,two-sided,IMELL,26178,502,4.375,3,0,2,600,0,0,2048,10.000,0.046,auto,30
lltp,ILL/petri-nets/MCC,,,RwMutex_rwmutex-r10w50_100_1.p,intuitionistic,auto,1,false,,5,0,3,provable,proved,,ok,two-sided,IMELL,2798,52,0.114,1,0,1,69,0,0,2048,0.000,0.000,auto,30
lltp,ILL/petri-nets/MCC,,,RwMutex_rwmutex-r10w50_10_1.p,intuitionistic,auto,1,false,,5,0,3,provable,proved,,ok,two-sided,IMELL,2798,52,0.107,1,0,1,69,0,0,2048,0.000,0.000,auto,30
lltp,ILL/petri-nets/MCC,,,RwMutex_rwmutex-r10w50_1_1.p,intuitionistic,auto,1,false,,5,0,3,provable,proved,,ok,two-sided,IMELL,2778,52,0.226,3,0,2,72,0,0,2048,0.000,0.011,auto,30
lltp,ILL/petri-nets/MCC,,,RwMutex_rwmutex-r10w50_20_1.p,intuitionistic,auto,1,false,,5,0,3,provable,proved,,ok,two-sided,IMELL,2798,52,0.111,1,0,1,69,0,0,2048,0.000,0.000,auto,30
lltp,ILL/petri-nets/MCC,,,RwMutex_rwmutex-r10w50_50_1.p,intuitionistic,auto,1,false,,5,0,3,provable,proved,,ok,two-sided,IMELL,2798,52,0.106,1,0,1,69,0,0,2048,0.000,0.000,auto,30
lltp,ILL/petri-nets/MCC,,,RwMutex_rwmutex-r10w50_5_1.p,intuitionistic,auto,1,false,,5,0,3,provable,proved,,ok,two-sided,IMELL,2778,52,0.228,3,0,2,72,0,0,2048,0.000,0.012,auto,30
lltp,ILL/petri-nets/MCC,,,RwMutex_rwmutex-r2000w10_100_1.p,intuitionistic,auto,1,false,,5,0,3,provable,unknown,timeout,,two-sided,IMELL,119918,12,5026.392,11463,10,11444,23525605,0,0,2048,5020.000,553.443,auto,30
lltp,ILL/petri-nets/MCC,,,RwMutex_rwmutex-r2000w10_1_1.p,intuitionistic,auto,1,false,,5,0,3,provable,proved,,ok,two-sided,IMELL,120116,12,193.118,7,0,4,17546,0,0,2048,190.000,3.456,auto,30
lltp,ILL/petri-nets/MCC,,,RwMutex_rwmutex-r2000w10_20_1.p,intuitionistic,auto,1,false,,5,0,3,provable,unknown,timeout,,two-sided,IMELL,120078,12,5038.517,14207,21,14175,29239160,0,0,2048,5030.000,609.451,auto,30
lltp,ILL/petri-nets/MCC,,,RwMutex_rwmutex-r2000w10_50_1.p,intuitionistic,auto,1,false,,5,0,3,provable,unknown,timeout,,two-sided,IMELL,120018,12,5044.291,20681,45,20622,44043463,0,0,2048,5050.000,567.768,auto,30
lltp,ILL/petri-nets/MCC,,,RwMutex_rwmutex-r2000w10_5_1.p,intuitionistic,auto,1,false,,5,0,3,provable,unknown,timeout,,two-sided,IMELL,120108,12,5092.367,24028,56,23956,50961251,0,0,2048,5080.000,657.007,auto,30
lltp,ILL/petri-nets/MCC,,,RwMutex_rwmutex-r20w10_10_1.p,intuitionistic,auto,1,false,,5,0,3,provable,proved,,ok,two-sided,IMELL,1310,12,23.550,5620,3070,2262,921588,0,0,2048,20.000,1.755,auto,30
lltp,ILL/petri-nets/MCC,,,RwMutex_rwmutex-r20w10_1_1.p,intuitionistic,auto,1,false,,5,0,3,provable,proved,,ok,two-sided,IMELL,1316,12,0.149,3,0,2,100,0,0,2048,0.000,0.012,auto,30
lltp,ILL/petri-nets/MCC,,,RwMutex_rwmutex-r20w10_20_1.p,intuitionistic,auto,1,false,,5,0,3,provable,unknown,timeout,,two-sided,IMELL,1278,12,5043.106,1419528,1135381,212037,99849304,0,0,2048,5030.000,915.821,auto,30
lltp,ILL/petri-nets/MCC,,,RwMutex_rwmutex-r20w10_5_1.p,intuitionistic,auto,1,false,,5,0,3,provable,proved,,ok,two-sided,IMELL,1312,12,3.206,911,383,471,107236,0,0,2048,0.000,0.022,auto,30
lltp,ILL/petri-nets/MCC,,,RwMutex_rwmutex-r500w10_100_1.p,intuitionistic,auto,1,false,,5,0,3,provable,unknown,timeout,,two-sided,IMELL,29918,12,5035.585,62514,7626,54760,12683415,0,0,2048,5030.000,614.204,auto,30
lltp,ILL/petri-nets/MCC,,,RwMutex_rwmutex-r500w10_1_1.p,intuitionistic,auto,1,false,,5,0,3,provable,proved,,ok,two-sided,IMELL,30116,12,13.439,7,0,3,2102,0,0,2048,20.000,3.112,auto,30
lltp,ILL/petri-nets/MCC,,,RwMutex_rwmutex-r500w10_20_1.p,intuitionistic,auto,1,false,,5,0,3,provable,unknown,timeout,,two-sided,IMELL,30078,12,5056.943,116143,26565,89343,67145382,0,0,2048,5050.000,631.359,auto,30
lltp,ILL/petri-nets/MCC,,,RwMutex_rwmutex-r500w10_50_1.p,intuitionistic,auto,1,false,,5,0,3,provable,unknown,timeout,,two-sided,IMELL,30018,12,5065.503,130783,33677,96841,36164548,0,0,2048,5050.000,655.482,auto,30
lltp,ILL/petri-nets/MCC,,,RwMutex_rwmutex-r500w10_5_1.p,intuitionistic,auto,1,false,,5,0,3,provable,unknown,timeout,,two-sided,IMELL,30108,12,5058.501,117586,27261,90087,71683093,0,0,2048,5050.000,624.389,auto,30
lltp,ILL/petri-nets/MCC,,,SafeBus-03-unfolded_100_1.p,intuitionistic,auto,1,false,,5,0,3,provable,proved,,ok,two-sided,IMELL,1128,43,313.540,41317,17178,9956,11062686,0,0,2048,310.000,64.705,auto,30
lltp,ILL/petri-nets/MCC,,,SafeBus-03-unfolded_10_1.p,intuitionistic,auto,1,false,,5,0,3,provable,proved,,ok,two-sided,IMELL,1130,43,41.041,6913,2394,2516,1410953,0,0,2048,40.000,9.501,auto,30
lltp,ILL/petri-nets/MCC,,,SafeBus-03-unfolded_1_1.p,intuitionistic,auto,1,false,,5,0,3,provable,proved,,ok,two-sided,IMELL,1126,43,0.118,3,0,2,18,0,0,2048,0.000,0.012,auto,30
lltp,ILL/petri-nets/MCC,,,SafeBus-03-unfolded_20_1.p,intuitionistic,auto,1,false,,5,0,3,provable,proved,,ok,two-sided,IMELL,1126,43,1025.877,2161243,2057320,37944,12409077,0,0,2048,1020.000,198.974,auto,30
lltp,ILL/petri-nets/MCC,,,SafeBus-03-unfolded_50_1.p,intuitionistic,auto,1,false,,5,0,3,provable,proved,,ok,two-sided,IMELL,1128,43,584.205,1202967,1142931,22858,7616943,0,0,2048,570.000,115.541,auto,30
lltp,ILL/petri-nets/MCC,,,SafeBus-03-unfolded_5_1.p,intuitionistic,auto,1,false,,5,0,3,provable,proved,,ok,two-sided,IMELL,1124,42,0.600,152,30,68,5416,0,0,2048,0.000,0.012,auto,30
lltp,ILL/petri-nets/MCC,,,SafeBus-06-unfolded_100_1.p,intuitionistic,auto,1,false,,5,0,3,provable,unknown,timeout,,two-sided,IMELL,6006,283,5016.787,304213,153825,91678,115502621,0,0,2048,5000.000,1016.619,auto,30
lltp,ILL/petri-nets/MCC,,,SafeBus-06-unfolded_10_1.p,intuitionistic,auto,1,false,,5,0,3,provable,unknown,timeout,,two-sided,IMELL,6014,283,5016.415,262604,131929,80449,101081350,0,0,2048,5000.000,995.138,auto,30
lltp,ILL/petri-nets/MCC,,,SafeBus-06-unfolded_1_1.p,intuitionistic,auto,1,false,,5,0,3,provable,proved,,ok,two-sided,IMELL,6004,283,0.397,3,0,2,25,0,0,2048,0.000,0.013,auto,30
lltp,ILL/petri-nets/MCC,,,SafeBus-06-unfolded_20_1.p,intuitionistic,auto,1,false,,5,0,3,provable,unknown,timeout,,two-sided,IMELL,6004,283,5019.034,291547,147627,87993,111591703,0,0,2048,5000.000,1052.105,auto,30
lltp,ILL/petri-nets/MCC,,,SafeBus-06-unfolded_50_1.p,intuitionistic,auto,1,false,,5,0,3,provable,unknown,timeout,,two-sided,IMELL,6006,283,5019.991,302383,152899,91181,114767052,0,0,2048,5000.000,1032.808,auto,30
lltp,ILL/petri-nets/MCC,,,SafeBus-06-unfolded_5_1.p,intuitionistic,auto,1,false,,5,0,3,provable,proved,,ok,two-sided,IMELL,6012,283,31.824,1555,330,945,741247,0,0,2048,30.000,3.251,auto,30
lltp,ILL/petri-nets/MCC,,,SafeBus-10-unfolded_100_1.p,intuitionistic,auto,1,false,,5,0,3,provable,unknown,timeout,,two-sided,IMELL,22870,1191,5024.533,67715,15041,45124,47329667,0,0,2048,5010.000,1093.118,auto,30
lltp,ILL/petri-nets/MCC,,,SafeBus-10-unfolded_1_1.p,intuitionistic,auto,1,false,,5,0,3,provable,proved,,ok,two-sided,IMELL,22868,1191,1.396,3,0,2,132,0,0,2048,0.000,0.033,auto,30
lltp,ILL/petri-nets/MCC,,,SafeBus-10-unfolded_20_1.p,intuitionistic,auto,1,false,,5,0,3,provable,unknown,timeout,,two-sided,IMELL,22886,1191,5033.249,2006841,1933020,64641,19034286,0,0,2048,5020.000,1098.940,auto,30
lltp,ILL/petri-nets/MCC,,,SafeBus-10-unfolded_50_1.p,intuitionistic,auto,1,false,,5,0,3,provable,unknown,timeout,,two-sided,IMELL,22870,1191,5024.309,67897,15145,45192,47400700,0,0,2048,5020.000,1085.940,auto,30
lltp,ILL/petri-nets/MCC,,,SafeBus-10-unfolded_5_1.p,intuitionistic,auto,1,false,,5,0,3,provable,proved,,ok,two-sided,IMELL,22876,1191,783.295,10703,1710,7853,8273359,0,0,2048,780.000,187.992,auto,30
lltp,ILL/petri-nets/MCC,,,SafeBus-15-unfolded_100_1.p,intuitionistic,auto,1,false,,5,0,3,provable,unknown,timeout,,two-sided,IMELL,69238,3811,5006.868,16952,1778,13995,17600115,0,0,2048,4990.000,1029.778,auto,30
lltp,ILL/petri-nets/MCC,,,SafeBus-15-unfolded_1_1.p,intuitionistic,auto,1,false,,5,0,3,provable,proved,,ok,two-sided,IMELL,69238,3811,4.457,3,0,2,155,0,0,2048,0.000,0.052,auto,30
lltp,ILL/petri-nets/MCC,,,SafeBus-15-unfolded_20_1.p,intuitionistic,auto,1,false,,5,0,3,provable,unknown,timeout,,two-sided,IMELL,69266,3811,5018.887,681224,651148,28122,10680865,0,0,2048,5000.000,1035.292,auto,30
lltp,ILL/petri-nets/MCC,,,SafeBus-15-unfolded_50_1.p,intuitionistic,auto,1,false,,5,0,3,provable,unknown,timeout,,two-sided,IMELL,69238,3810,5010.764,17010,1792,14036,17645626,0,0,2048,4990.000,998.995,auto,30
lltp,ILL/petri-nets/MCC,,,SafeBus-15-unfolded_5_1.p,intuitionistic,auto,1,false,,5,0,3,provable,unknown,timeout,,two-sided,IMELL,69246,3811,5017.116,24580,2640,20223,28642637,0,0,2048,5000.000,1079.441,auto,30
lltp,ILL/petri-nets/MCC,,,SafeBus-20-unfolded_100_1.p,intuitionistic,auto,1,false,,5,0,3,provable,unknown,timeout,,two-sided,IMELL,154906,8780,5019.087,3279,128,2984,6967799,0,0,2048,5020.000,390.528,auto,30
lltp,ILL/petri-nets/MCC,,,SafeBus-20-unfolded_1_1.p,intuitionistic,auto,1,false,,5,0,3,provable,proved,,ok,two-sided,IMELL,154908,8781,13.382,5,0,3,6250,0,0,2048,20.000,2.949,auto,30
lltp,ILL/petri-nets/MCC,,,SafeBus-20-unfolded_20_1.p,intuitionistic,auto,1,false,,5,0,3,provable,unknown,timeout,,two-sided,IMELL,154944,8781,5015.507,259948,247315,12117,5885405,0,0,2048,5020.000,586.324,auto,30
lltp,ILL/petri-nets/MCC,,,SafeBus-20-unfolded_50_1.p,intuitionistic,auto,1,false,,5,0,3,provable,unknown,timeout,,two-sided,IMELL,154924,8781,5043.367,4003,160,3640,9026819,0,0,2048,5030.000,482.353,auto,30
lltp,ILL/petri-nets/MCC,,,SafeBus-20-unfolded_5_1.p,intuitionistic,auto,1,false,,5,0,3,provable,unknown,timeout,,two-sided,IMELL,154916,8781,5034.479,6242,247,5679,16045267,0,0,2048,5020.000,917.458,auto,30
lltp,ILL/petri-nets/MCC,,,SharedMemory_shared_memory-pt-100_100_1.p,intuitionistic,auto,1,false,,5,0,3,provable,unknown,timeout,,two-sided,IMELL,160798,9901,5025.333,2062,45,2003,4798162,0,0,2048,5020.000,168.342,auto,30
lltp,ILL/petri-nets/MCC,,,SharedMemory_shared_memory-pt-100_1_1.p,intuitionistic,auto,1,false,,5,0,3,provable,proved,,ok,two-sided,IMELL,160802,9901,30.813,7,0,4,661,0,0,2048,20.000,3.741,auto,30
lltp,ILL/petri-nets/MCC,,,SharedMemory_shared_memory-pt-100_20_1.p,intuitionistic,auto,1,false,,5,0,3,provable,unknown,timeout,,two-sided,IMELL,160798,9901,5039.911,5044,300,4715,14311598,0,0,2048,5040.000,354.898,auto,30
lltp,ILL/petri-nets/MCC,,,SharedMemory_shared_memory-pt-100_50_1.p,intuitionistic,auto,1,false,,5,0,3,provable,unknown,timeout,,two-sided,IMELL,160798,9901,5044.633,2670,78,2575,6770402,0,0,2048,5030.000,224.395,auto,30
lltp,ILL/petri-nets/MCC,,,SharedMemory_shared_memory-pt-100_5_1.p,intuitionistic,auto,1,false,,5,0,3,provable,unknown,timeout,,two-sided,IMELL,160798,9901,5038.314,8649,903,7699,24824195,0,0,2048,5040.000,341.330,auto,30
lltp,ILL/petri-nets/MCC,,,SharedMemory_shared_memory-pt-10_1_1.p,intuitionistic,auto,1,false,,5,0,3,provable,proved,,ok,two-sided,IMELL,1682,91,0.169,3,0,2,23,0,0,2048,0.000,0.013,auto,30
lltp,ILL/petri-nets/MCC,,,SharedMemory_shared_memory-pt-10_20_1.p,intuitionistic,auto,1,false,,5,0,3,provable,unknown,timeout,,two-sided,IMELL,1678,91,5040.043,765378,525624,200835,160456345,0,0,2048,5020.000,744.971,auto,30
lltp,ILL/petri-nets/MCC,,,SharedMemory_shared_memory-pt-10_50_1.p,intuitionistic,auto,1,false,,5,0,3,provable,unknown,timeout,,two-sided,IMELL,1678,91,5045.274,852221,585047,224152,167257525,0,0,2048,5020.000,787.493,auto,30
lltp,ILL/petri-nets/MCC,,,SharedMemory_shared_memory-pt-10_5_1.p,intuitionistic,auto,1,false,,5,0,3,provable,proved,,ok,two-sided,IMELL,1678,91,445.148,77152,49615,24037,19278861,0,0,2048,440.000,78.534,auto,30
lltp,ILL/petri-nets/MCC,,,SharedMemory_shared_memory-pt-200_100_1.p,intuitionistic,auto,1,false,,5,0,3,provable,unknown,timeout,,two-sided,IMELL,641598,39801,5233.169,257,0,254,1186614,0,0,2048,5220.000,104.424,auto,30
lltp,ILL/petri-nets/MCC,,,SharedMemory_shared_memory-pt-200_1_1.p,intuitionistic,auto,1,false,,5,0,,,unknown,crash (signal: 6 (SIGABRT) (core dumped)): note: run with `RUST_BACKTRACE=1` environment variable to display a backtrace,,,,,,4663.952,,,,,,,,,,auto,30
lltp,ILL/petri-nets/MCC,,,SharedMemory_shared_memory-pt-200_20_1.p,intuitionistic,auto,1,false,,5,0,3,provable,unknown,timeout,,two-sided,IMELL,641598,39801,5132.873,577,0,572,3457348,0,0,2048,5130.000,203.499,auto,30
lltp,ILL/petri-nets/MCC,,,SharedMemory_shared_memory-pt-200_50_1.p,intuitionistic,auto,1,false,,5,0,3,provable,unknown,timeout,,two-sided,IMELL,641598,39801,5455.910,353,0,350,1766583,0,0,2048,5450.000,143.929,auto,30
lltp,ILL/petri-nets/MCC,,,SharedMemory_shared_memory-pt-200_5_1.p,intuitionistic,auto,1,false,,5,0,3,provable,unknown,timeout,,two-sided,IMELL,641598,39801,5274.044,1025,0,1019,6486180,0,0,2048,5260.000,344.210,auto,30
lltp,ILL/petri-nets/MCC,,,SharedMemory_shared_memory-pt-20_100_1.p,intuitionistic,auto,1,false,,5,0,3,provable,unknown,timeout,,two-sided,IMELL,6558,381,5026.293,295430,173039,116512,71342002,0,0,2048,5010.000,657.846,auto,30
lltp,ILL/petri-nets/MCC,,,SharedMemory_shared_memory-pt-20_1_1.p,intuitionistic,auto,1,false,,5,0,3,provable,proved,,ok,two-sided,IMELL,6562,381,0.519,3,0,2,58,0,0,2048,0.000,0.012,auto,30
lltp,ILL/petri-nets/MCC,,,SharedMemory_shared_memory-pt-20_20_1.p,intuitionistic,auto,1,false,,5,0,3,provable,unknown,timeout,,two-sided,IMELL,6558,381,5032.472,363732,216742,139698,124345690,0,0,2048,5010.000,610.697,auto,30
lltp,ILL/petri-nets/MCC,,,SharedMemory_shared_memory-pt-20_50_1.p,intuitionistic,auto,1,false,,5,0,3,provable,unknown,timeout,,two-sided,IMELL,6558,381,5027.929,319203,188604,124302,82295788,0,0,2048,5020.000,658.518,auto,30
lltp,ILL/petri-nets/MCC,,,SharedMemory_shared_memory-pt-20_5_1.p,intuitionistic,auto,1,false,,5,0,3,provable,unknown,timeout,,two-sided,IMELL,6558,381,5034.643,399829,236646,155162,153238379,0,0,2048,5020.000,696.061,auto,30
lltp,ILL/petri-nets/MCC,,,SharedMemory_shared_memory-pt-50_100_1.p,intuitionistic,auto,1,false,,5,0,3,provable,unknown,timeout,,two-sided,IMELL,40398,2451,5014.141,34466,12548,21636,16537247,0,0,2048,5010.000,515.536,auto,30
lltp,ILL/petri-nets/MCC,,,SharedMemory_shared_memory-pt-50_1_1.p,intuitionistic,auto,1,false,,5,0,3,provable,proved,,ok,two-sided,IMELL,40402,2451,4.020,3,0,2,137,0,0,2048,0.000,0.023,auto,30
lltp,ILL/petri-nets/MCC,,,SharedMemory_shared_memory-pt-50_20_1.p,intuitionistic,auto,1,false,,5,0,3,provable,unknown,timeout,,two-sided,IMELL,40398,2451,5035.438,72745,28950,43194,41619588,0,0,2048,5020.000,666.365,auto,30
lltp,ILL/petri-nets/MCC,,,SharedMemory_shared_memory-pt-50_50_1.p,intuitionistic,auto,1,false,,5,0,3,provable,unknown,timeout,,two-sided,IMELL,40398,2451,5020.797,43835,16147,27326,22834388,0,0,2048,5010.000,573.315,auto,30
lltp,ILL/petri-nets/MCC,,,SharedMemory_shared_memory-pt-50_5_1.p,intuitionistic,auto,1,false,,5,0,3,provable,proved,,ok,two-sided,IMELL,40398,2451,4350.185,77338,29940,46761,47397981,0,0,2048,4340.000,632.887,auto,30
lltp,ILL/petri-nets/MCC,,,SharedMemory_shared_memory-pt-5_100_1.p,intuitionistic,auto,1,false,,5,0,3,provable,proved,,ok,two-sided,IMELL,442,21,0.088,1,0,1,10,0,0,2048,0.000,0.013,auto,30
lltp,ILL/petri-nets/MCC,,,SharedMemory_shared_memory-pt-5_10_1.p,intuitionistic,auto,1,false,,5,0,3,provable,proved,,ok,two-sided,IMELL,442,21,0.077,1,0,1,10,0,0,2048,0.000,0.011,auto,30
lltp,ILL/petri-nets/MCC,,,SharedMemory_shared_memory-pt-5_1_1.p,intuitionistic,auto,1,false,,5,0,3,provable,proved,,ok,two-sided,IMELL,442,21,0.093,3,0,2,16,0,0,2048,0.000,0.013,auto,30
lltp,ILL/petri-nets/MCC,,,SharedMemory_shared_memory-pt-5_20_1.p,intuitionistic,auto,1,false,,5,0,3,provable,proved,,ok,two-sided,IMELL,442,21,0.080,1,0,1,10,0,0,2048,0.000,0.012,auto,30
lltp,ILL/petri-nets/MCC,,,SharedMemory_shared_memory-pt-5_50_1.p,intuitionistic,auto,1,false,,5,0,3,provable,proved,,ok,two-sided,IMELL,442,21,0.088,1,0,1,10,0,0,2048,0.000,0.012,auto,30
lltp,ILL/petri-nets/MCC,,,SharedMemory_shared_memory-pt-5_5_1.p,intuitionistic,auto,1,false,,5,0,3,provable,proved,,ok,two-sided,IMELL,442,21,0.089,3,0,2,16,0,0,2048,0.000,0.012,auto,30
lltp,ILL/petri-nets/MCC,,,SimpleLoadBal_simple_lbs-10_100_1.p,intuitionistic,auto,1,false,,5,0,3,provable,unknown,timeout,,two-sided,IMELL,8372,512,5012.497,3300836,3212087,53450,29650417,0,0,2048,5000.000,739.983,auto,30
lltp,ILL/petri-nets/MCC,,,SimpleLoadBal_simple_lbs-10_10_1.p,intuitionistic,auto,1,false,,5,0,3,provable,unknown,timeout,,two-sided,IMELL,8370,512,5008.626,228343,165390,37000,41099373,0,0,2048,4990.000,1042.489,auto,30
lltp,ILL/petri-nets/MCC,,,SimpleLoadBal_simple_lbs-10_1_1.p,intuitionistic,auto,1,false,,5,0,3,provable,proved,,ok,two-sided,IMELL,8356,512,0.501,3,0,2,30,0,0,2048,0.000,0.016,auto,30
lltp,ILL/petri-nets/MCC,,,SimpleLoadBal_simple_lbs-10_20_1.p,intuitionistic,auto,1,false,,5,0,3,provable,unknown,timeout,,two-sided,IMELL,8362,512,5010.652,3198334,3112172,51925,28814361,0,0,2048,4990.000,761.463,auto,30
lltp,ILL/petri-nets/MCC,,,SimpleLoadBal_simple_lbs-10_50_1.p,intuitionistic,auto,1,false,,5,0,3,provable,unknown,timeout,,two-sided,IMELL,8376,512,5010.441,3157158,3069209,52933,31356231,0,0,2048,5000.000,758.464,auto,30
lltp,ILL/petri-nets/MCC,,,SimpleLoadBal_simple_lbs-10_5_1.p,intuitionistic,auto,1,false,,5,0,3,provable,proved,,ok,two-sided,IMELL,8364,512,75.707,3562,2235,957,716066,0,0,2048,70.000,12.032,auto,30
lltp,ILL/petri-nets/MCC,,,SimpleLoadBal_simple_lbs-15_100_1.p,intuitionistic,auto,1,false,,5,0,3,provable,unknown,timeout,,two-sided,IMELL,18084,1142,5013.046,165434,121064,32473,45219517,0,0,2048,5000.000,790.520,auto,30
lltp,ILL/petri-nets/MCC,,,SimpleLoadBal_simple_lbs-15_1_1.p,intuitionistic,auto,1,false,,5,0,3,provable,proved,,ok,two-sided,IMELL,18056,1142,1.063,3,0,2,36,0,0,2048,0.000,0.013,auto,30
lltp,ILL/petri-nets/MCC,,,SimpleLoadBal_simple_lbs-15_20_1.p,intuitionistic,auto,1,false,,5,0,3,provable,unknown,timeout,,two-sided,IMELL,18062,1142,5012.309,165434,121064,32473,45219956,0,0,2048,5000.000,791.679,auto,30
lltp,ILL/petri-nets/MCC,,,SimpleLoadBal_simple_lbs-15_50_1.p,intuitionistic,auto,1,false,,5,0,3,provable,unknown,timeout,,two-sided,IMELL,18082,1142,5012.682,165682,121238,32529,45291771,0,0,2048,5000.000,802.180,auto,30
lltp,ILL/petri-nets/MCC,,,SimpleLoadBal_simple_lbs-15_5_1.p,intuitionistic,auto,1,false,,5,0,3,provable,proved,,ok,two-sided,IMELL,18064,1142,573.489,14337,9590,3772,3785047,0,0,2048,570.000,117.940,auto,30
lltp,ILL/petri-nets/MCC,,,SimpleLoadBal_simple_lbs-20_100_1.p,intuitionistic,auto,1,false,,5,0,3,provable,unknown,timeout,,two-sided,IMELL,31494,2022,5014.534,100184,69699,25361,44217497,0,0,2048,5000.000,934.500,auto,30
lltp,ILL/petri-nets/MCC,,,SimpleLoadBal_simple_lbs-20_1_1.p,intuitionistic,auto,1,false,,5,0,3,provable,proved,,ok,two-sided,IMELL,31456,2022,1.928,3,0,2,46,0,0,2048,0.000,0.019,auto,30
lltp,ILL/petri-nets/MCC,,,SimpleLoadBal_simple_lbs-20_20_1.p,intuitionistic,auto,1,false,,5,0,3,provable,unknown,timeout,,two-sided,IMELL,31462,2022,5011.148,100061,69601,25343,44165394,0,0,2048,5000.000,935.737,auto,30
lltp,ILL/petri-nets/MCC,,,SimpleLoadBal_simple_lbs-20_50_1.p,intuitionistic,auto,1,false,,5,0,3,provable,unknown,timeout,,two-sided,IMELL,31482,2022,5015.374,100433,69914,25382,44285232,0,0,2048,5000.000,914.835,auto,30
lltp,ILL/petri-nets/MCC,,,SimpleLoadBal_simple_lbs-20_5_1.p,intuitionistic,auto,1,false,,5,0,3,provable,proved,,ok,two-sided,IMELL,31460,2022,2054.397,40112,27645,10437,10247783,0,0,2048,2050.000,377.970,auto,30
lltp,ILL/petri-nets/MCC,,,SimpleLoadBal_simple_lbs-2_100_1.p,intuitionistic,auto,1,false,,5,0,3,provable,proved,,ok,two-sided,IMELL,532,24,1.230,655,254,143,12444,0,0,2048,0.000,0.030,auto,30
lltp,ILL/petri-nets/MCC,,,SimpleLoadBal_simple_lbs-2_10_1.p,intuitionistic,auto,1,false,,5,0,3,provable,proved,,ok,two-sided,IMELL,532,24,1.212,655,254,143,12444,0,0,2048,0.000,0.012,auto,30
lltp,ILL/petri-nets/MCC,,,SimpleLoadBal_simple_lbs-2_1_1.p,intuitionistic,auto,1,false,,5,0,3,provable,proved,,ok,two-sided,IMELL,532,24,0.092,3,0,2,33,0,0,2048,0.000,0.011,auto,30
lltp,ILL/petri-nets/MCC,,,SimpleLoadBal_simple_lbs-2_20_1.p,intuitionistic,auto,1,false,,5,0,3,provable,proved,,ok,two-sided,IMELL,534,24,2.847,5500,4811,287,51138,0,0,2048,0.000,0.022,auto,30
lltp,ILL/petri-nets/MCC,,,SimpleLoadBal_simple_lbs-2_50_1.p,intuitionistic,auto,1,false,,5,0,3,provable,proved,,ok,two-sided,IMELL,530,24,0.205,49,9,15,1053,0,0,2048,0.000,0.012,auto,30
lltp,ILL/petri-nets/MCC,,,SimpleLoadBal_simple_lbs-2_5_1.p,intuitionistic,auto,1,false,,5,0,3,provable,proved,,ok,two-sided,IMELL,530,24,0.208,49,9,15,1053,0,0,2048,0.000,0.012,auto,30
lltp,ILL/petri-nets/MCC,,,SimpleLoadBal_simple_lbs-5_100_1.p,intuitionistic,auto,1,false,,5,0,3,provable,unknown,timeout,,two-sided,IMELL,2364,132,5024.305,8913004,8614838,130426,50583420,0,0,2048,5010.000,871.036,auto,30
lltp,ILL/petri-nets/MCC,,,SimpleLoadBal_simple_lbs-5_10_1.p,intuitionistic,auto,1,false,,5,0,3,provable,proved,,ok,two-sided,IMELL,2360,132,103.465,187845,180642,3788,991021,0,0,2048,100.000,16.818,auto,30
lltp,ILL/petri-nets/MCC,,,SimpleLoadBal_simple_lbs-5_1_1.p,intuitionistic,auto,1,false,,5,0,3,provable,proved,,ok,two-sided,IMELL,2356,132,0.183,3,0,2,23,0,0,2048,0.000,0.011,auto,30
lltp,ILL/petri-nets/MCC,,,SimpleLoadBal_simple_lbs-5_20_1.p,intuitionistic,auto,1,false,,5,0,3,provable,unknown,timeout,,two-sided,IMELL,2362,132,5020.552,7108368,6846882,116379,57158606,0,0,2048,5000.000,961.406,auto,30
lltp,ILL/petri-nets/MCC,,,SimpleLoadBal_simple_lbs-5_50_1.p,intuitionistic,auto,1,false,,5,0,3,provable,unknown,timeout,,two-sided,IMELL,2364,132,5019.438,6931025,6670031,116478,59608191,0,0,2048,5000.000,960.308,auto,30
lltp,ILL/petri-nets/MCC,,,SimpleLoadBal_simple_lbs-5_5_1.p,intuitionistic,auto,1,false,,5,0,3,provable,proved,,ok,two-sided,IMELL,2360,132,2.527,3089,2820,178,21571,0,0,2048,0.000,0.545,auto,30
lltp,ILL/petri-nets/MCC,,,SmallOperatingSystem-MT0016DC0008_100_1.p,intuitionistic,auto,1,false,,5,0,3,provable,unknown,timeout,,two-sided,IMELL,244,18,5007.414,1691040,1228273,115186,180539681,0,0,2048,4990.000,634.827,auto,30
lltp,ILL/petri-nets/MCC,,,SmallOperatingSystem-MT0016DC0008_10_1.p,intuitionistic,auto,1,false,,5,0,3,provable,unknown,timeout,,two-sided,IMELL,244,18,5008.132,3879307,3759146,117120,271159781,0,0,2048,4990.000,501.788,auto,30
lltp,ILL/petri-nets/MCC,,,SmallOperatingSystem-MT0016DC0008_1_1.p,intuitionistic,auto,1,false,,5,0,3,provable,proved,,ok,two-sided,IMELL,272,18,0.093,3,0,2,88,0,0,2048,0.000,0.012,auto,30
lltp,ILL/petri-nets/MCC,,,SmallOperatingSystem-MT0016DC0008_20_1.p,intuitionistic,auto,1,false,,5,0,3,provable,proved,,ok,two-sided,IMELL,236,18,230.135,79713,52570,7951,9726597,0,0,2048,220.000,31.089,auto,30
lltp,ILL/petri-nets/MCC,,,SmallOperatingSystem-MT0016DC0008_50_1.p,intuitionistic,auto,1,false,,5,0,3,provable,unknown,timeout,,two-sided,IMELL,244,18,5006.241,1540000,1117042,103314,165508578,0,0,2048,4990.000,551.443,auto,30
lltp,ILL/petri-nets/MCC,,,SmallOperatingSystem-MT0016DC0008_5_1.p,intuitionistic,auto,1,false,,5,0,3,provable,unknown,timeout,,two-sided,IMELL,256,18,5007.024,4788929,4668088,117188,341126264,0,0,2048,4980.000,649.842,auto,30
lltp,ILL/petri-nets/MCC,,,SmallOperatingSystem-MT0032DC0008_100_1.p,intuitionistic,auto,1,false,,5,0,3,provable,unknown,timeout,,two-sided,IMELL,368,34,5005.420,1122656,809191,77747,155671062,0,0,2048,4980.000,546.415,auto,30
lltp,ILL/petri-nets/MCC,,,SmallOperatingSystem-MT0032DC0008_10_1.p,intuitionistic,auto,1,false,,5,0,3,provable,unknown,timeout,,two-sided,IMELL,372,34,5032.891,2365426,1916724,448688,233251719,0,0,2048,5020.000,498.761,auto,30
lltp,ILL/petri-nets/MCC,,,SmallOperatingSystem-MT0032DC0008_1_1.p,intuitionistic,auto,1,false,,5,0,3,provable,proved,,ok,two-sided,IMELL,400,34,0.105,3,0,2,152,0,0,2048,0.000,0.012,auto,30
lltp,ILL/petri-nets/MCC,,,SmallOperatingSystem-MT0032DC0008_20_1.p,intuitionistic,auto,1,false,,5,0,3,provable,proved,,ok,two-sided,IMELL,364,34,334.506,79713,52570,7951,13285734,0,0,2048,330.000,44.494,auto,30
lltp,ILL/petri-nets/MCC,,,SmallOperatingSystem-MT0032DC0008_50_1.p,intuitionistic,auto,1,false,,5,0,3,provable,unknown,timeout,,two-sided,IMELL,344,34,5009.080,1369152,990082,95661,198060990,0,0,2048,4980.000,666.259,auto,30
lltp,ILL/petri-nets/MCC,,,SmallOperatingSystem-MT0032DC0008_5_1.p,intuitionistic,auto,1,false,,5,0,3,provable,unknown,timeout,,two-sided,IMELL,384,34,5034.063,3142797,2693424,449359,290927777,0,0,2048,5020.000,613.936,auto,30
lltp,ILL/petri-nets/MCC,,,SmallOperatingSystem-MT0032DC0016_100_1.p,intuitionistic,auto,1,false,,5,0,3,provable,unknown,timeout,,two-sided,IMELL,436,34,5003.975,772296,553249,55227,124243374,0,0,2048,4980.000,418.928,auto,30
lltp,ILL/petri-nets/MCC,,,SmallOperatingSystem-MT0032DC0016_10_1.p,intuitionistic,auto,1,false,,5,0,3,provable,unknown,timeout,,two-sided,IMELL,460,34,5073.127,884014,33,883976,235824138,0,0,2048,5050.000,540.611,auto,30
lltp,ILL/petri-nets/MCC,,,SmallOperatingSystem-MT0032DC0016_1_1.p,intuitionistic,auto,1,false,,5,0,3,provable,proved,,ok,two-sided,IMELL,496,34,0.094,3,0,2,176,0,0,2048,0.000,0.012,auto,30
lltp,ILL/petri-nets/MCC,,,SmallOperatingSystem-MT0032DC0016_20_1.p,intuitionistic,auto,1,false,,5,0,3,provable,proved,,ok,two-sided,IMELL,438,34,450.816,81469,53725,8143,16926950,0,0,2048,440.000,46.109,auto,30
lltp,ILL/petri-nets/MCC,,,SmallOperatingSystem-MT0032DC0016_50_1.p,intuitionistic,auto,1,false,,5,0,3,provable,unknown,timeout,,two-sided,IMELL,418,34,5006.072,838013,601329,57716,142553321,0,0,2048,4990.000,430.860,auto,30
lltp,ILL/petri-nets/MCC,,,SmallOperatingSystem-MT0032DC0016_5_1.p,intuitionistic,auto,1,false,,5,0,3,provable,unknown,timeout,,two-sided,IMELL,480,34,5223.749,1181906,33,1048576,289935512,0,0,2048,5200.000,720.153,auto,30
lltp,ILL/petri-nets/MCC,,,SmallOperatingSystem-MT0064DC0016_100_1.p,intuitionistic,auto,1,false,,5,0,3,provable,unknown,timeout,,two-sided,IMELL,636,66,5005.135,748846,535587,53938,123023449,0,0,2048,4980.000,648.002,auto,30
lltp,ILL/petri-nets/MCC,,,SmallOperatingSystem-MT0064DC0016_10_1.p,intuitionistic,auto,1,false,,5,0,3,provable,unknown,timeout,,two-sided,IMELL,716,66,5064.352,741518,0,741515,180606379,0,0,2048,5050.000,541.370,auto,30
lltp,ILL/petri-nets/MCC,,,SmallOperatingSystem-MT0064DC0016_1_1.p,intuitionistic,auto,1,false,,5,0,3,provable,proved,,ok,two-sided,IMELL,752,66,0.120,3,0,2,304,0,0,2048,0.000,0.011,auto,30
lltp,ILL/petri-nets/MCC,,,SmallOperatingSystem-MT0064DC0016_20_1.p,intuitionistic,auto,1,false,,5,0,3,provable,proved,,ok,two-sided,IMELL,694,66,464.620,81469,53725,8143,30555753,0,0,2048,450.000,63.615,auto,30
lltp,ILL/petri-nets/MCC,,,SmallOperatingSystem-MT0064DC0016_50_1.p,intuitionistic,auto,1,false,,5,0,3,provable,unknown,timeout,,two-sided,IMELL,674,66,5008.349,689703,491177,50601,161377102,0,0,2048,4990.000,540.697,auto,30
lltp,ILL/petri-nets/MCC,,,SmallOperatingSystem-MT0064DC0016_5_1.p,intuitionistic,auto,1,false,,5,0,3,provable,unknown,timeout,,two-sided,IMELL,736,66,5085.042,927811,0,927808,246455675,0,0,2048,5060.000,714.650,auto,30
lltp,ILL/petri-nets/MCC,,,SmallOperatingSystem-MT0064DC0032_10_1.p,intuitionistic,auto,1,false,,5,0,3,provable,unknown,timeout,,two-sided,IMELL,908,66,5054.639,588329,0,588326,188591111,0,0,2048,5030.000,526.637,auto,30
lltp,ILL/petri-nets/MCC,,,SmallOperatingSystem-MT0064DC0032_1_1.p,intuitionistic,auto,1,false,,5,0,3,provable,proved,,ok,two-sided,IMELL,944,66,0.129,3,0,2,352,0,0,2048,0.000,0.013,auto,30
lltp,ILL/petri-nets/MCC,,,SmallOperatingSystem-MT0064DC0032_20_1.p,intuitionistic,auto,1,false,,5,0,3,provable,unknown,timeout,,two-sided,IMELL,868,66,5046.943,503372,0,503369,131701751,0,0,2048,5030.000,475.969,auto,30
lltp,ILL/petri-nets/MCC,,,SmallOperatingSystem-MT0064DC0032_50_1.p,intuitionistic,auto,1,false,,5,0,3,provable,unknown,timeout,,two-sided,IMELL,808,66,5005.927,616714,438920,44562,99028089,0,0,2048,4980.000,627.818,auto,30
lltp,ILL/petri-nets/MCC,,,SmallOperatingSystem-MT0064DC0032_5_1.p,intuitionistic,auto,1,false,,5,0,3,provable,unknown,timeout,,two-sided,IMELL,928,66,5174.199,917561,0,917558,317656942,0,0,2048,5150.000,755.489,auto,30
lltp,ILL/petri-nets/MCC,,,SmallOperatingSystem-MT0128DC0032_10_1.p,intuitionistic,auto,1,false,,5,0,3,provable,unknown,timeout,,two-sided,IMELL,1420,130,5111.051,471501,0,471498,143481019,0,0,2048,5090.000,477.106,auto,30
lltp,ILL/petri-nets/MCC,,,SmallOperatingSystem-MT0128DC0032_1_1.p,intuitionistic,auto,1,false,,5,0,3,provable,proved,,ok,two-sided,IMELL,1456,130,0.173,3,0,2,608,0,0,2048,0.000,0.012,auto,30
lltp,ILL/petri-nets/MCC,,,SmallOperatingSystem-MT0128DC0032_20_1.p,intuitionistic,auto,1,false,,5,0,3,provable,unknown,timeout,,two-sided,IMELL,1380,130,5109.499,468182,0,468180,107727624,0,0,2048,5090.000,505.173,auto,30
lltp,ILL/petri-nets/MCC,,,SmallOperatingSystem-MT0128DC0032_50_1.p,intuitionistic,auto,1,false,,5,0,3,provable,unknown,timeout,,two-sided,IMELL,1320,130,5005.718,451161,318023,34267,84049299,0,0,2048,4980.000,748.381,auto,30
lltp,ILL/petri-nets/MCC,,,SmallOperatingSystem-MT0128DC0032_5_1.p,intuitionistic,auto,1,false,,5,0,3,provable,unknown,timeout,,two-sided,IMELL,1440,130,5166.683,688758,0,688755,258534777,0,0,2048,5150.000,729.701,auto,30
lltp,ILL/petri-nets/MCC,,,SmallOperatingSystem-MT0128DC0064_100_1.p,intuitionistic,auto,1,false,,5,0,3,provable,unknown,timeout,,two-sided,IMELL,1588,130,5198.788,824017,0,824015,482058402,0,0,2048,5170.000,831.190,auto,30
lltp,ILL/petri-nets/MCC,,,SmallOperatingSystem-MT0128DC0064_10_1.p,intuitionistic,auto,1,false,,5,0,3,provable,unknown,timeout,,two-sided,IMELL,1804,130,5100.210,435992,0,435989,154585963,0,0,2048,5080.000,638.525,auto,30
lltp,ILL/petri-nets/MCC,,,SmallOperatingSystem-MT0128DC0064_1_1.p,intuitionistic,auto,1,false,,5,0,3,provable,proved,,ok,two-sided,IMELL,1840,130,0.182,3,0,2,704,0,0,2048,0.000,0.012,auto,30
lltp,ILL/petri-nets/MCC,,,SmallOperatingSystem-MT0128DC0064_20_1.p,intuitionistic,auto,1,false,,5,0,3,provable,unknown,timeout,,two-sided,IMELL,1764,130,5102.974,446349,0,446346,117837287,0,0,2048,5080.000,638.001,auto,30
lltp,ILL/petri-nets/MCC,,,SmallOperatingSystem-MT0128DC0064_50_1.p,intuitionistic,auto,1,false,,5,0,3,provable,unknown,timeout,,two-sided,IMELL,1644,130,5120.312,503458,0,503456,106702054,0,0,2048,5100.000,722.224,auto,30
lltp,ILL/petri-nets/MCC,,,SmallOperatingSystem-MT0128DC0064_5_1.p,intuitionistic,auto,1,false,,5,0,3,provable,unknown,timeout,,two-sided,IMELL,1824,130,5145.388,597014,0,597011,296620275,0,0,2048,5130.000,790.981,auto,30
lltp,ILL/petri-nets/MCC,,,SmallOperatingSystem-MT0256DC0064_100_1.p,intuitionistic,auto,1,false,,5,0,3,provable,unknown,timeout,,two-sided,IMELL,2612,258,5183.599,722335,0,722332,407488580,0,0,2048,5160.000,940.043,auto,30
lltp,ILL/petri-nets/MCC,,,SmallOperatingSystem-MT0256DC0064_10_1.p,intuitionistic,auto,1,false,,5,0,3,provable,unknown,timeout,,two-sided,IMELL,2828,258,5087.209,359132,0,359129,102196601,0,0,2048,5060.000,510.691,auto,30
lltp,ILL/petri-nets/MCC,,,SmallOperatingSystem-MT0256DC0064_1_1.p,intuitionistic,auto,1,false,,5,0,3,provable,proved,,ok,two-sided,IMELL,2864,258,0.286,3,0,2,1216,0,0,2048,0.000,0.012,auto,30
lltp,ILL/petri-nets/MCC,,,SmallOperatingSystem-MT0256DC0064_20_1.p,intuitionistic,auto,1,false,,5,0,3,provable,unknown,timeout,,two-sided,IMELL,2788,258,5103.987,431386,0,431383,90159148,0,0,2048,5080.000,661.316,auto,30
lltp,ILL/petri-nets/MCC,,,SmallOperatingSystem-MT0256DC0064_50_1.p,intuitionistic,auto,1,false,,5,0,3,provable,unknown,timeout,,two-sided,IMELL,2668,258,5138.299,530458,0,530455,89792184,0,0,2048,5120.000,749.030,auto,30
lltp,ILL/petri-nets/MCC,,,SmallOperatingSystem-MT0256DC0064_5_1.p,intuitionistic,auto,1,false,,5,0,3,provable,unknown,timeout,,two-sided,IMELL,2848,258,5153.441,458772,0,458769,205187537,0,0,2048,5140.000,714.195,auto,30
lltp,ILL/petri-nets/MCC,,,SmallOperatingSystem-MT0256DC0128_100_1.p,intuitionistic,auto,1,false,,5,0,3,provable,unknown,timeout,,two-sided,IMELL,3236,258,5106.177,405989,0,405987,103203690,0,0,2048,5090.000,722.581,auto,30
lltp,ILL/petri-nets/MCC,,,SmallOperatingSystem-MT0256DC0128_10_1.p,intuitionistic,auto,1,false,,5,0,3,provable,unknown,timeout,,two-sided,IMELL,3596,258,5066.446,265866,0,265863,110082737,0,0,2048,5050.000,608.658,auto,30
lltp,ILL/petri-nets/MCC,,,SmallOperatingSystem-MT0256DC0128_1_1.p,intuitionistic,auto,1,false,,5,0,3,provable,proved,,ok,two-sided,IMELL,3632,258,0.352,3,0,2,1408,0,0,2048,0.000,0.032,auto,30
lltp,ILL/petri-nets/MCC,,,SmallOperatingSystem-MT0256DC0128_20_1.p,intuitionistic,auto,1,false,,5,0,3,provable,unknown,timeout,,two-sided,IMELL,3556,258,5074.426,293505,0,293502,96453236,0,0,2048,5050.000,661.407,auto,30
lltp,ILL/petri-nets/MCC,,,SmallOperatingSystem-MT0256DC0128_50_1.p,intuitionistic,auto,1,false,,5,0,3,provable,unknown,timeout,,two-sided,IMELL,3436,258,5097.753,382537,0,382534,103674537,0,0,2048,5070.000,746.161,auto,30
lltp,ILL/petri-nets/MCC,,,SmallOperatingSystem-MT0256DC0128_5_1.p,intuitionistic,auto,1,false,,5,0,3,provable,unknown,timeout,,two-sided,IMELL,3616,258,5082.691,329883,0,329880,221897275,0,0,2048,5060.000,695.783,auto,30
lltp,ILL/petri-nets/MCC,,,SmallOperatingSystem-MT0512DC0128_100_1.p,intuitionistic,auto,1,false,,5,0,3,provable,unknown,timeout,,two-sided,IMELL,5284,514,5107.676,420385,0,420382,92774482,0,0,2048,5090.000,816.964,auto,30
lltp,ILL/petri-nets/MCC,,,SmallOperatingSystem-MT0512DC0128_10_1.p,intuitionistic,auto,1,false,,5,0,3,provable,unknown,timeout,,two-sided,IMELL,5644,514,5053.005,224313,0,224310,76469913,0,0,2048,5040.000,515.074,auto,30
lltp,ILL/petri-nets/MCC,,,SmallOperatingSystem-MT0512DC0128_1_1.p,intuitionistic,auto,1,false,,5,0,3,provable,proved,,ok,two-sided,IMELL,5680,514,0.586,3,0,2,2432,0,0,2048,0.000,0.014,auto,30
lltp,ILL/petri-nets/MCC,,,SmallOperatingSystem-MT0512DC0128_20_1.p,intuitionistic,auto,1,false,,5,0,3,provable,unknown,timeout,,two-sided,IMELL,5604,514,5071.352,277196,0,277193,74271443,0,0,2048,5050.000,683.261,auto,30
lltp,ILL/petri-nets/MCC,,,SmallOperatingSystem-MT0512DC0128_50_1.p,intuitionistic,auto,1,false,,5,0,3,provable,unknown,timeout,,two-sided,IMELL,5484,514,5093.222,359974,0,359971,86432656,0,0,2048,5070.000,783.626,auto,30
lltp,ILL/petri-nets/MCC,,,SmallOperatingSystem-MT0512DC0128_5_1.p,intuitionistic,auto,1,false,,5,0,3,provable,unknown,timeout,,two-sided,IMELL,5664,514,5063.571,252356,0,252353,148229515,0,0,2048,5050.000,605.665,auto,30
lltp,ILL/petri-nets/MCC,,,SmallOperatingSystem-MT0512DC0256_100_1.p,intuitionistic,auto,1,false,,5,0,3,provable,unknown,timeout,,two-sided,IMELL,6820,514,5065.593,251646,0,251643,100136258,0,0,2048,5050.000,860.529,auto,30
lltp,ILL/petri-nets/MCC,,,SmallOperatingSystem-MT0512DC0256_10_1.p,intuitionistic,auto,1,false,,5,0,3,provable,unknown,timeout,,two-sided,IMELL,7180,514,5032.076,150715,0,150712,85490840,0,0,2048,5020.000,595.558,auto,30
lltp,ILL/petri-nets/MCC,,,SmallOperatingSystem-MT0512DC0256_1_1.p,intuitionistic,auto,1,false,,5,0,3,provable,proved,,ok,two-sided,IMELL,7216,514,0.689,3,0,2,2816,0,0,2048,0.000,0.012,auto,30
lltp,ILL/petri-nets/MCC,,,SmallOperatingSystem-MT0512DC0256_20_1.p,intuitionistic,auto,1,false,,5,0,3,provable,unknown,timeout,,two-sided,IMELL,7140,514,5043.074,184406,0,184403,84773213,0,0,2048,5030.000,705.663,auto,30
lltp,ILL/petri-nets/MCC,,,SmallOperatingSystem-MT0512DC0256_50_1.p,intuitionistic,auto,1,false,,5,0,3,provable,unknown,timeout,,two-sided,IMELL,7020,514,5063.569,241927,0,241924,97869128,0,0,2048,5050.000,804.147,auto,30
lltp,ILL/petri-nets/MCC,,,SmallOperatingSystem-MT0512DC0256_5_1.p,intuitionistic,auto,1,false,,5,0,3,provable,unknown,timeout,,two-sided,IMELL,7200,514,5037.907,159693,0,159690,154908612,0,0,2048,5020.000,722.206,auto,30
lltp,ILL/petri-nets/MCC,,,SmallOperatingSystem-MT1024DC0256_100_1.p,intuitionistic,auto,1,false,,5,0,3,provable,unknown,timeout,,two-sided,IMELL,10916,1026,5088.363,226529,0,226526,80352505,0,0,2048,5080.000,822.922,auto,30
lltp,ILL/petri-nets/MCC,,,SmallOperatingSystem-MT1024DC0256_10_1.p,intuitionistic,auto,1,false,,5,0,3,provable,unknown,timeout,,two-sided,IMELL,11276,1026,5043.681,115147,0,115144,55443424,0,0,2048,5030.000,486.843,auto,30
lltp,ILL/petri-nets/MCC,,,SmallOperatingSystem-MT1024DC0256_1_1.p,intuitionistic,auto,1,false,,5,0,3,provable,proved,,ok,two-sided,IMELL,11312,1026,1.346,3,0,2,4864,0,0,2048,0.000,0.026,auto,30
lltp,ILL/petri-nets/MCC,,,SmallOperatingSystem-MT1024DC0256_20_1.p,intuitionistic,auto,1,false,,5,0,3,provable,unknown,timeout,,two-sided,IMELL,11236,1026,5057.142,154814,0,154811,61228447,0,0,2048,5040.000,626.973,auto,30
lltp,ILL/petri-nets/MCC,,,SmallOperatingSystem-MT1024DC0256_50_1.p,intuitionistic,auto,1,false,,5,0,3,provable,unknown,timeout,,two-sided,IMELL,11116,1026,5084.531,215755,0,215752,77463821,0,0,2048,5070.000,746.046,auto,30
lltp,ILL/petri-nets/MCC,,,SmallOperatingSystem-MT1024DC0256_5_1.p,intuitionistic,auto,1,false,,5,0,3,provable,unknown,timeout,,two-sided,IMELL,11296,1026,5048.716,115964,0,115961,93351394,0,0,2048,5030.000,491.020,auto,30
lltp,ILL/petri-nets/MCC,,,SmallOperatingSystem-MT1024DC0512_100_1.p,intuitionistic,auto,1,false,,5,0,3,provable,unknown,timeout,,two-sided,IMELL,13988,1026,5051.677,122717,0,122714,82376246,0,0,2048,5030.000,767.078,auto,30
lltp,ILL/petri-nets/MCC,,,SmallOperatingSystem-MT1024DC0512_10_1.p,intuitionistic,auto,1,false,,5,0,3,provable,unknown,timeout,,two-sided,IMELL,14348,1026,5034.212,84834,0,84831,68577992,0,0,2048,5020.000,580.895,auto,30
lltp,ILL/petri-nets/MCC,,,SmallOperatingSystem-MT1024DC0512_1_1.p,intuitionistic,auto,1,false,,5,0,3,provable,proved,,ok,two-sided,IMELL,14384,1026,1.560,3,0,2,5632,0,0,2048,0.000,0.028,auto,30
lltp,ILL/petri-nets/MCC,,,SmallOperatingSystem-MT1024DC0512_20_1.p,intuitionistic,auto,1,false,,5,0,3,provable,unknown,timeout,,two-sided,IMELL,14308,1026,5044.629,108585,0,108582,76063309,0,0,2048,5030.000,658.092,auto,30
lltp,ILL/petri-nets/MCC,,,SmallOperatingSystem-MT1024DC0512_50_1.p,intuitionistic,auto,1,false,,5,0,3,provable,unknown,timeout,,two-sided,IMELL,14188,1026,5046.771,121568,0,121565,82475768,0,0,2048,5030.000,759.392,auto,30
lltp,ILL/petri-nets/MCC,,,SmallOperatingSystem-MT1024DC0512_5_1.p,intuitionistic,auto,1,false,,5,0,3,provable,unknown,timeout,,two-sided,IMELL,14368,1026,5031.148,84225,0,84222,106137894,0,0,2048,5010.000,556.359,auto,30
lltp,ILL/petri-nets/MCC,,,SmallOperatingSystem-MT2048DC0512_100_1.p,intuitionistic,auto,1,false,,5,0,3,provable,unknown,timeout,,two-sided,IMELL,22180,2050,5069.538,149114,0,149112,89076964,0,0,2048,5060.000,765.661,auto,30
lltp,ILL/petri-nets/MCC,,,SmallOperatingSystem-MT2048DC0512_10_1.p,intuitionistic,auto,1,false,,5,0,3,provable,unknown,timeout,,two-sided,IMELL,22540,2050,5036.514,63425,0,63422,45986847,0,0,2048,5020.000,454.608,auto,30
lltp,ILL/petri-nets/MCC,,,SmallOperatingSystem-MT2048DC0512_1_1.p,intuitionistic,auto,1,false,,5,0,3,provable,proved,,ok,two-sided,IMELL,22576,2050,3.768,3,0,2,9728,0,0,2048,10.000,0.040,auto,30
lltp,ILL/petri-nets/MCC,,,SmallOperatingSystem-MT2048DC0512_20_1.p,intuitionistic,auto,1,false,,5,0,3,provable,unknown,timeout,,two-sided,IMELL,22500,2050,5040.387,85565,0,85562,55859140,0,0,2048,5030.000,550.054,auto,30
lltp,ILL/petri-nets/MCC,,,SmallOperatingSystem-MT2048DC0512_50_1.p,intuitionistic,auto,1,false,,5,0,3,provable,unknown,timeout,,two-sided,IMELL,22380,2050,5061.719,137204,0,137201,82524087,0,0,2048,5050.000,826.006,auto,30
lltp,ILL/petri-nets/MCC,,,SmallOperatingSystem-MT2048DC0512_5_1.p,intuitionistic,auto,1,false,,5,0,3,provable,unknown,timeout,,two-sided,IMELL,22560,2050,5030.388,60224,0,60221,62944181,0,0,2048,5020.000,441.456,auto,30
lltp,ILL/petri-nets/MCC,,,SmallOperatingSystem-MT2048DC1024_100_1.p,intuitionistic,auto,1,false,,5,0,3,provable,unknown,timeout,,two-sided,IMELL,28324,2050,5045.539,79122,0,79119,92357938,0,0,2048,5030.000,795.622,auto,30
lltp,ILL/petri-nets/MCC,,,SmallOperatingSystem-MT2048DC1024_10_1.p,intuitionistic,auto,1,false,,5,0,3,provable,unknown,timeout,,two-sided,IMELL,28684,2050,5030.699,38779,0,38776,53084649,0,0,2048,5020.000,465.926,auto,30
lltp,ILL/petri-nets/MCC,,,SmallOperatingSystem-MT2048DC1024_1_1.p,intuitionistic,auto,1,false,,5,0,3,provable,proved,,ok,two-sided,IMELL,28720,2050,4.643,3,0,2,11264,0,0,2048,10.000,0.043,auto,30
lltp,ILL/petri-nets/MCC,,,SmallOperatingSystem-MT2048DC1024_20_1.p,intuitionistic,auto,1,false,,5,0,3,provable,unknown,timeout,,two-sided,IMELL,28644,2050,5035.453,61715,0,61712,73894089,0,0,2048,5030.000,689.319,auto,30
lltp,ILL/petri-nets/MCC,,,SmallOperatingSystem-MT2048DC1024_50_1.p,intuitionistic,auto,1,false,,5,0,3,provable,unknown,timeout,,two-sided,IMELL,28524,2050,5048.365,74696,0,74694,87639328,0,0,2048,5040.000,744.656,auto,30
lltp,ILL/petri-nets/MCC,,,SmallOperatingSystem-MT2048DC1024_5_1.p,intuitionistic,auto,1,false,,5,0,3,provable,unknown,timeout,,two-sided,IMELL,28704,2050,5024.668,39930,0,39927,71820498,0,0,2048,5010.000,465.150,auto,30
lltp,ILL/petri-nets/MCC,,,SmallOperatingSystem-MT4096DC1024_100_1.p,intuitionistic,auto,1,false,,5,0,3,provable,unknown,timeout,,two-sided,IMELL,44708,4098,5038.584,53274,0,53271,63114837,0,0,2048,5030.000,671.586,auto,30
lltp,ILL/petri-nets/MCC,,,SmallOperatingSystem-MT4096DC1024_10_1.p,intuitionistic,auto,1,false,,5,0,3,provable,unknown,timeout,,two-sided,IMELL,45068,4098,5025.781,32462,0,32459,39902063,0,0,2048,5020.000,442.088,auto,30
lltp,ILL/petri-nets/MCC,,,SmallOperatingSystem-MT4096DC1024_1_1.p,intuitionistic,auto,1,false,,5,0,3,provable,proved,,ok,two-sided,IMELL,45104,4098,12.191,3,0,2,19456,0,0,2048,10.000,0.053,auto,30
lltp,ILL/petri-nets/MCC,,,SmallOperatingSystem-MT4096DC1024_20_1.p,intuitionistic,auto,1,false,,5,0,3,provable,unknown,timeout,,two-sided,IMELL,45028,4098,5023.012,36132,0,36129,43200509,0,0,2048,5000.000,465.652,auto,30
lltp,ILL/petri-nets/MCC,,,SmallOperatingSystem-MT4096DC1024_50_1.p,intuitionistic,auto,1,false,,5,0,3,provable,unknown,timeout,,two-sided,IMELL,44908,4098,5041.899,46948,0,46945,55775892,0,0,2048,5030.000,671.001,auto,30
lltp,ILL/petri-nets/MCC,,,SmallOperatingSystem-MT4096DC1024_5_1.p,intuitionistic,auto,1,false,,5,0,3,provable,unknown,timeout,,two-sided,IMELL,45088,4098,5020.520,28275,0,28272,44354879,0,0,2048,5010.000,421.985,auto,30
lltp,ILL/petri-nets/MCC,,,SmallOperatingSystem-MT4096DC2048_100_1.p,intuitionistic,auto,1,false,,5,0,3,provable,unknown,timeout,,two-sided,IMELL,56996,4098,5017.762,27187,0,27184,61405640,0,0,2048,5010.000,679.679,auto,30
lltp,ILL/petri-nets/MCC,,,SmallOperatingSystem-MT4096DC2048_10_1.p,intuitionistic,auto,1,false,,5,0,3,provable,unknown,timeout,,two-sided,IMELL,57356,4098,5025.282,19550,0,19548,45303820,0,0,2048,5020.000,461.852,auto,30
lltp,ILL/petri-nets/MCC,,,SmallOperatingSystem-MT4096DC2048_1_1.p,intuitionistic,auto,1,false,,5,0,3,provable,proved,,ok,two-sided,IMELL,57392,4098,14.824,3,0,2,22528,0,0,2048,10.000,0.066,auto,30
lltp,ILL/petri-nets/MCC,,,SmallOperatingSystem-MT4096DC2048_20_1.p,intuitionistic,auto,1,false,,5,0,3,provable,unknown,timeout,,two-sided,IMELL,57316,4098,5027.540,19556,0,19553,44993416,0,0,2048,5010.000,441.784,auto,30
lltp,ILL/petri-nets/MCC,,,SmallOperatingSystem-MT4096DC2048_50_1.p,intuitionistic,auto,1,false,,5,0,3,provable,unknown,timeout,,two-sided,IMELL,57196,4098,5014.455,24071,0,24069,55569318,0,0,2048,5000.000,552.880,auto,30
lltp,ILL/petri-nets/MCC,,,SmallOperatingSystem-MT4096DC2048_5_1.p,intuitionistic,auto,1,false,,5,0,3,provable,unknown,timeout,,two-sided,IMELL,57376,4098,5020.124,19035,0,19032,52273588,0,0,2048,5010.000,450.735,auto,30
lltp,ILL/petri-nets/MCC,,,SmallOperatingSystem-MT8192DC2048_10_1.p,intuitionistic,auto,1,false,,5,0,3,provable,unknown,timeout,,two-sided,IMELL,90124,8194,5007.233,10483,0,10481,23120223,0,0,2048,5000.000,293.857,auto,30
lltp,ILL/petri-nets/MCC,,,SmallOperatingSystem-MT8192DC2048_1_1.p,intuitionistic,auto,1,false,,5,0,3,provable,proved,,ok,two-sided,IMELL,90160,8194,41.902,3,0,2,38912,0,0,2048,40.000,0.119,auto,30
lltp,ILL/petri-nets/MCC,,,SmallOperatingSystem-MT8192DC2048_20_1.p,intuitionistic,auto,1,false,,5,0,3,provable,unknown,timeout,,two-sided,IMELL,90084,8194,5029.113,11007,0,11005,24505642,0,0,2048,5020.000,283.334,auto,30
lltp,ILL/petri-nets/MCC,,,SmallOperatingSystem-MT8192DC2048_50_1.p,intuitionistic,auto,1,false,,5,0,3,provable,unknown,timeout,,two-sided,IMELL,89964,8194,5012.498,14784,0,14781,32883636,0,0,2048,5010.000,392.337,auto,30
lltp,ILL/petri-nets/MCC,,,SmallOperatingSystem-MT8192DC2048_5_1.p,intuitionistic,auto,1,false,,5,0,3,provable,unknown,timeout,,two-sided,IMELL,90144,8194,5017.700,12257,0,12255,32417690,0,0,2048,5010.000,355.526,auto,30
lltp,ILL/petri-nets/MCC,,,Solitaire_soli0_counter_square5_1_1.p,intuitionistic,auto,1,false,,5,0,3,provable,proved,,ok,two-sided,IMELL,1272,107,0.125,3,0,2,145,0,0,2048,0.000,0.012,auto,30
lltp,ILL/petri-nets/MCC,,,Solitaire_soli0_counter_square5_20_1.p,intuitionistic,auto,1,false,,5,0,3,provable,unknown,timeout,,two-sided,IMELL,1236,89,5096.742,1307528,808018,420832,264847990,0,0,2048,5080.000,775.106,auto,30
lltp,ILL/petri-nets/MCC,,,Solitaire_soli0_counter_square5_5_1.p,intuitionistic,auto,1,false,,5,0,3,provable,proved,,ok,two-sided,IMELL,1264,103,154.612,27248,14850,10770,4298630,0,0,2048,150.000,23.120,auto,30
lltp,ILL/petri-nets/MCC,,,Solitaire_soli0_square5_1_1.p,intuitionistic,auto,1,false,,5,0,3,provable,proved,,ok,two-sided,IMELL,1010,9,0.117,3,0,2,75,0,0,2048,0.000,0.013,auto,30
lltp,ILL/petri-nets/MCC,,,Solitaire_soli0_square5_20_1.p,intuitionistic,auto,1,false,,5,0,3,provable,unknown,timeout,,two-sided,IMELL,1010,9,5086.612,1214264,734390,406037,279127123,0,0,2048,5070.000,744.616,auto,30
lltp,ILL/petri-nets/MCC,,,Solitaire_soli0_square5_5_1.p,intuitionistic,auto,1,false,,5,0,3,provable,proved,,ok,two-sided,IMELL,1010,9,45.324,9546,4615,4336,2628660,0,0,2048,40.000,9.252,auto,30
lltp,ILL/petri-nets/MCC,,,Solitaire_soli1_10_1.p,intuitionistic,auto,1,false,,5,0,3,provable,unknown,timeout,,two-sided,IMELL,1042,9,5074.733,916880,459302,360316,159678328,0,0,2048,5060.000,804.075,auto,30
lltp,ILL/petri-nets/MCC,,,Solitaire_soli1_1_1.p,intuitionistic,auto,1,false,,5,0,3,provable,proved,,ok,two-sided,IMELL,1042,9,0.117,3,0,2,107,0,0,2048,0.000,0.012,auto,30
lltp,ILL/petri-nets/MCC,,,Solitaire_soli1_20_1.p,intuitionistic,auto,1,false,,5,0,3,provable,unknown,timeout,,two-sided,IMELL,1042,9,5099.380,1163392,592646,447652,246052453,0,0,2048,5080.000,839.764,auto,30
lltp,ILL/petri-nets/MCC,,,Solitaire_soli1_50_1.p,intuitionistic,auto,1,false,,5,0,3,provable,unknown,timeout,,two-sided,IMELL,1042,9,5099.487,1189056,606727,456720,249581838,0,0,2048,5080.000,885.500,auto,30
lltp,ILL/petri-nets/MCC,,,Solitaire_soli1_5_1.p,intuitionistic,auto,1,false,,5,0,3,provable,proved,,ok,two-sided,IMELL,1042,9,3.215,584,72,406,90879,0,0,2048,0.000,0.006,auto,30
lltp,ILL/petri-nets/MCC,,,Solitaire_soli1_counter_10_1.p,intuitionistic,auto,1,false,,5,0,3,provable,unknown,timeout,,two-sided,IMELL,1302,98,5051.220,623718,303550,253018,118956256,0,0,2048,5030.000,752.516,auto,30
lltp,ILL/petri-nets/MCC,,,Solitaire_soli1_counter_1_1.p,intuitionistic,auto,1,false,,5,0,3,provable,proved,,ok,two-sided,IMELL,1320,107,0.126,3,0,2,201,0,0,2048,0.000,0.011,auto,30
lltp,ILL/petri-nets/MCC,,,Solitaire_soli1_counter_20_1.p,intuitionistic,auto,1,false,,5,0,3,provable,unknown,timeout,,two-sided,IMELL,1282,88,5070.969,827468,409879,328220,202026027,0,0,2048,5050.000,810.315,auto,30
lltp,ILL/petri-nets/MCC,,,Solitaire_soli1_counter_50_1.p,intuitionistic,auto,1,false,,5,0,3,provable,unknown,timeout,,two-sided,IMELL,1272,83,5087.073,1022718,515970,397895,289043505,0,0,2048,5060.000,900.737,auto,30
lltp,ILL/petri-nets/MCC,,,Solitaire_soli1_counter_5_1.p,intuitionistic,auto,1,false,,5,0,3,provable,proved,,ok,two-sided,IMELL,1312,103,6.199,584,72,406,137856,0,0,2048,0.000,2.183,auto,30
lltp,ILL/petri-nets/MCC,,,Solitaire_soli2_10_1.p,intuitionistic,auto,1,false,,5,0,3,provable,unknown,timeout,,two-sided,IMELL,1250,9,5095.121,1109962,588390,425862,260086149,0,0,2048,5070.000,875.982,auto,30
lltp,ILL/petri-nets/MCC,,,Solitaire_soli2_1_1.p,intuitionistic,auto,1,false,,5,0,3,provable,proved,,ok,two-sided,IMELL,1250,9,0.127,3,0,2,164,0,0,2048,0.000,0.014,auto,30
lltp,ILL/petri-nets/MCC,,,Solitaire_soli2_20_1.p,intuitionistic,auto,1,false,,5,0,3,provable,unknown,timeout,,two-sided,IMELL,1250,9,5086.769,1042598,557777,396105,239649384,0,0,2048,5060.000,787.890,auto,30
lltp,ILL/petri-nets/MCC,,,Solitaire_soli2_50_1.p,intuitionistic,auto,1,false,,5,0,3,provable,unknown,timeout,,two-sided,IMELL,1250,9,5084.507,1046048,559523,397501,267941484,0,0,2048,5060.000,739.557,auto,30
lltp,ILL/petri-nets/MCC,,,Solitaire_soli2_5_1.p,intuitionistic,auto,1,false,,5,0,3,provable,proved,,ok,two-sided,IMELL,1250,9,2.228,374,74,238,108117,0,0,2048,0.000,0.006,auto,30
lltp,ILL/petri-nets/MCC,,,Solitaire_soli2_counter_1_1.p,intuitionistic,auto,1,false,,5,0,3,provable,proved,,ok,two-sided,IMELL,1576,127,0.126,3,0,2,194,0,0,2048,0.000,0.011,auto,30
lltp,ILL/petri-nets/MCC,,,Solitaire_soli2_counter_20_1.p,intuitionistic,auto,1,false,,5,0,3,provable,unknown,timeout,,two-sided,IMELL,1538,108,5061.617,809148,432517,308139,155699213,0,0,2048,5040.000,802.967,auto,30
lltp,ILL/petri-nets/MCC,,,Solitaire_soli2_counter_50_1.p,intuitionistic,auto,1,false,,5,0,3,provable,unknown,timeout,,two-sided,IMELL,1522,100,5073.189,906311,482402,346894,280810349,0,0,2048,5050.000,848.186,auto,30
lltp,ILL/petri-nets/MCC,,,Solitaire_soli2_counter_5_1.p,intuitionistic,auto,1,false,,5,0,3,provable,proved,,ok,two-sided,IMELL,1568,123,23.308,2605,916,1391,459377,0,0,2048,20.000,4.119,auto,30
lltp,ILL/petri-nets/MCC,,,SquareGrid_sg-10-5-10_100_1.p,intuitionistic,auto,1,false,,5,0,3,provable,unknown,timeout,,two-sided,IMELL,26878,23,5014.019,25099,1891,23142,10057694,0,0,2048,5000.000,715.137,auto,30
lltp,ILL/petri-nets/MCC,,,SquareGrid_sg-10-5-10_1_1.p,intuitionistic,auto,1,false,,5,0,3,provable,proved,,ok,two-sided,IMELL,26878,23,26.940,4,0,2,13539,0,0,2048,20.000,3.748,auto,30
lltp,ILL/petri-nets/MCC,,,SquareGrid_sg-10-5-10_20_1.p,intuitionistic,auto,1,false,,5,0,3,provable,unknown,timeout,,two-sided,IMELL,26878,23,5014.040,25332,1891,23375,10157064,0,0,2048,5000.000,711.891,auto,30
lltp,ILL/petri-nets/MCC,,,SquareGrid_sg-10-5-10_50_1.p,intuitionistic,auto,1,false,,5,0,3,provable,unknown,timeout,,two-sided,IMELL,26878,23,5020.951,25391,1910,23414,10177857,0,0,2048,5010.000,699.517,auto,30
lltp,ILL/petri-nets/MCC,,,SquareGrid_sg-10-5-10_5_1.p,intuitionistic,auto,1,false,,5,0,3,provable,unknown,timeout,,two-sided,IMELL,26878,23,5013.169,25512,1953,23492,11386211,0,0,2048,5000.000,699.659,auto,30
lltp,ILL/petri-nets/MCC,,,SquareGrid_sg-13-6-13_100_1.p,intuitionistic,auto,1,false,,5,0,3,provable,unknown,timeout,,two-sided,IMELL,49970,26,5042.080,39422,1653,37707,741413,0,0,2048,5030.000,11.160,auto,30
lltp,ILL/petri-nets/MCC,,,SquareGrid_sg-13-6-13_1_1.p,intuitionistic,auto,1,false,,5,0,3,provable,proved,,ok,two-sided,IMELL,49970,26,55.696,4,0,2,19362,0,0,2048,50.000,3.014,auto,30
lltp,ILL/petri-nets/MCC,,,SquareGrid_sg-13-6-13_20_1.p,intuitionistic,auto,1,false,,5,0,3,provable,unknown,timeout,,two-sided,IMELL,49970,26,5036.940,39550,1653,37835,743982,0,0,2048,5030.000,10.910,auto,30
lltp,ILL/petri-nets/MCC,,,SquareGrid_sg-13-6-13_50_1.p,intuitionistic,auto,1,false,,5,0,3,provable,unknown,timeout,,two-sided,IMELL,49970,26,5034.664,39358,1596,37701,740679,0,0,2048,5030.000,12.196,auto,30
lltp,ILL/petri-nets/MCC,,,SquareGrid_sg-13-6-13_5_1.p,intuitionistic,auto,1,false,,5,0,3,provable,unknown,timeout,,two-sided,IMELL,49970,26,5018.994,39166,1596,37509,4642664,0,0,2048,5000.000,12.199,auto,30
lltp,ILL/petri-nets/MCC,,,SquareGrid_sg-2-1-2_100_1.p,intuitionistic,auto,1,false,,5,0,3,provable,unknown,timeout,,two-sided,IMELL,766,18,5015.653,973962,726706,193952,126197406,0,0,2048,5000.000,509.117,auto,30
lltp,ILL/petri-nets/MCC,,,SquareGrid_sg-2-1-2_1_1.p,intuitionistic,auto,1,false,,5,0,3,provable,proved,,ok,two-sided,IMELL,766,15,0.113,3,0,2,67,0,0,2048,0.000,0.011,auto,30
lltp,ILL/petri-nets/MCC,,,SquareGrid_sg-2-1-2_20_1.p,intuitionistic,auto,1,false,,5,0,3,provable,unknown,timeout,,two-sided,IMELL,766,18,5017.377,1052420,783993,211035,125078591,0,0,2048,5000.000,567.016,auto,30
lltp,ILL/petri-nets/MCC,,,SquareGrid_sg-2-1-2_50_1.p,intuitionistic,auto,1,false,,5,0,3,provable,unknown,timeout,,two-sided,IMELL,766,17,5019.437,964996,720666,191469,117116448,0,0,2048,5000.000,520.167,auto,30
lltp,ILL/petri-nets/MCC,,,SquareGrid_sg-2-1-2_5_1.p,intuitionistic,auto,1,false,,5,0,3,provable,proved,,ok,two-sided,IMELL,766,15,135.944,25244,16572,7246,4076157,0,0,2048,130.000,12.200,auto,30
lltp,ILL/petri-nets/MCC,,,SquareGrid_sg-4-2-4_100_1.p,intuitionistic,auto,1,false,,5,0,3,provable,unknown,timeout,,two-sided,IMELL,3262,21,5028.493,365189,225459,134262,51601061,0,0,2048,5010.000,803.321,auto,30
lltp,ILL/petri-nets/MCC,,,SquareGrid_sg-4-2-4_1_1.p,intuitionistic,auto,1,false,,5,0,3,provable,proved,,ok,two-sided,IMELL,3262,17,0.300,3,0,2,297,0,0,2048,0.000,0.028,auto,30
lltp,ILL/petri-nets/MCC,,,SquareGrid_sg-4-2-4_20_1.p,intuitionistic,auto,1,false,,5,0,3,provable,unknown,timeout,,two-sided,IMELL,3262,18,5028.330,378003,233303,139040,55057358,0,0,2048,5010.000,888.769,auto,30
lltp,ILL/petri-nets/MCC,,,SquareGrid_sg-4-2-4_50_1.p,intuitionistic,auto,1,false,,5,0,3,provable,unknown,timeout,,two-sided,IMELL,3262,20,5027.708,367788,227026,135255,52233541,0,0,2048,5010.000,831.374,auto,30
lltp,ILL/petri-nets/MCC,,,SquareGrid_sg-4-2-4_5_1.p,intuitionistic,auto,1,false,,5,0,3,provable,unknown,timeout,,two-sided,IMELL,3262,17,5029.407,377799,233168,138974,61427962,0,0,2048,5010.000,901.866,auto,30
lltp,ILL/petri-nets/MCC,,,SquareGrid_sg-8-4-8_100_1.p,intuitionistic,auto,1,false,,5,0,3,provable,unknown,timeout,,two-sided,IMELL,15742,22,5020.150,48426,17231,31004,16673123,0,0,2048,5010.000,813.117,auto,30
lltp,ILL/petri-nets/MCC,,,SquareGrid_sg-8-4-8_1_1.p,intuitionistic,auto,1,false,,5,0,3,provable,proved,,ok,two-sided,IMELL,15742,21,10.177,4,0,2,10592,0,0,2048,10.000,3.069,auto,30
lltp,ILL/petri-nets/MCC,,,SquareGrid_sg-8-4-8_20_1.p,intuitionistic,auto,1,false,,5,0,3,provable,unknown,timeout,,two-sided,IMELL,15742,21,5013.578,47688,16711,30789,27398789,0,0,2048,5000.000,801.649,auto,30
lltp,ILL/petri-nets/MCC,,,SquareGrid_sg-8-4-8_50_1.p,intuitionistic,auto,1,false,,5,0,3,provable,unknown,timeout,,two-sided,IMELL,15742,21,5013.977,48918,17582,31143,20270912,0,0,2048,5000.000,808.189,auto,30
lltp,ILL/petri-nets/MCC,,,SquareGrid_sg-8-4-8_5_1.p,intuitionistic,auto,1,false,,5,0,3,provable,unknown,timeout,,two-sided,IMELL,15742,21,5011.545,47568,16653,30728,31006234,0,0,2048,5000.000,811.134,auto,30
lltp,ILL/petri-nets/MCC,,,SwimmingPool-10_100_1.p,intuitionistic,auto,1,false,,5,0,3,provable,unknown,timeout,,two-sided,IMELL,1838,201,5001.412,240565,170717,11964,70921089,0,0,2048,4980.000,321.079,auto,30
lltp,ILL/petri-nets/MCC,,,SwimmingPool-10_10_1.p,intuitionistic,auto,1,false,,5,0,3,provable,proved,,ok,two-sided,IMELL,1838,201,11.836,495,203,95,187343,0,0,2048,10.000,3.179,auto,30
lltp,ILL/petri-nets/MCC,,,SwimmingPool-10_1_1.p,intuitionistic,auto,1,false,,5,0,3,provable,proved,,ok,two-sided,IMELL,1838,201,0.210,3,0,2,850,0,0,2048,0.000,0.011,auto,30
lltp,ILL/petri-nets/MCC,,,SwimmingPool-10_20_1.p,intuitionistic,auto,1,false,,5,0,3,provable,proved,,ok,two-sided,IMELL,1838,201,320.399,17523,11026,1478,4815796,0,0,2048,310.000,43.052,auto,30
lltp,ILL/petri-nets/MCC,,,SwimmingPool-10_50_1.p,intuitionistic,auto,1,false,,5,0,3,provable,unknown,timeout,,two-sided,IMELL,1838,201,5008.574,240565,170717,11964,76386337,0,0,2048,4980.000,207.663,auto,30
lltp,ILL/petri-nets/MCC,,,SwimmingPool-10_5_1.p,intuitionistic,auto,1,false,,5,0,3,provable,proved,,ok,two-sided,IMELL,1838,201,0.657,36,4,13,6673,0,0,2048,0.000,0.012,auto,30
lltp,ILL/petri-nets/MCC,,,SwimmingPool-1_100_1.p,intuitionistic,auto,1,false,,5,0,3,provable,proved,,ok,two-sided,IMELL,198,21,634.872,194312,137049,9906,18022778,0,0,2048,630.000,44.042,auto,30
lltp,ILL/petri-nets/MCC,,,SwimmingPool-1_10_1.p,intuitionistic,auto,1,false,,5,0,3,provable,proved,,ok,two-sided,IMELL,218,21,0.564,494,203,95,5289,0,0,2048,0.000,0.012,auto,30
lltp,ILL/petri-nets/MCC,,,SwimmingPool-1_1_1.p,intuitionistic,auto,1,false,,5,0,3,provable,proved,,ok,two-sided,IMELL,218,21,0.073,3,0,2,85,0,0,2048,0.000,0.011,auto,30
lltp,ILL/petri-nets/MCC,,,SwimmingPool-1_20_1.p,intuitionistic,auto,1,false,,5,0,3,provable,proved,,ok,two-sided,IMELL,218,21,67.874,17523,11026,1478,1798118,0,0,2048,60.000,10.201,auto,30
lltp,ILL/petri-nets/MCC,,,SwimmingPool-1_50_1.p,intuitionistic,auto,1,false,,5,0,3,provable,proved,,ok,two-sided,IMELL,200,21,521.683,157892,110535,8397,14870500,0,0,2048,520.000,39.495,auto,30
lltp,ILL/petri-nets/MCC,,,SwimmingPool-1_5_1.p,intuitionistic,auto,1,false,,5,0,3,provable,proved,,ok,two-sided,IMELL,218,21,0.147,36,4,13,688,0,0,2048,0.000,0.013,auto,30
lltp,ILL/petri-nets/MCC,,,SwimmingPool-2_100_1.p,intuitionistic,auto,1,false,,5,0,3,provable,unknown,timeout,,two-sided,IMELL,360,41,5005.215,240565,170717,11964,156750426,0,0,2048,4990.000,86.508,auto,30
lltp,ILL/petri-nets/MCC,,,SwimmingPool-2_10_1.p,intuitionistic,auto,1,false,,5,0,3,provable,proved,,ok,two-sided,IMELL,398,41,0.926,494,203,95,11134,0,0,2048,0.000,0.012,auto,30
lltp,ILL/petri-nets/MCC,,,SwimmingPool-2_1_1.p,intuitionistic,auto,1,false,,5,0,3,provable,proved,,ok,two-sided,IMELL,398,41,0.084,3,0,2,170,0,0,2048,0.000,0.011,auto,30
lltp,ILL/petri-nets/MCC,,,SwimmingPool-2_20_1.p,intuitionistic,auto,1,false,,5,0,3,provable,proved,,ok,two-sided,IMELL,398,41,112.297,17523,11026,1478,2881132,0,0,2048,110.000,6.849,auto,30
lltp,ILL/petri-nets/MCC,,,SwimmingPool-2_50_1.p,intuitionistic,auto,1,false,,5,0,3,provable,unknown,timeout,,two-sided,IMELL,378,41,5007.303,240565,170717,11964,121136826,0,0,2048,4990.000,123.145,auto,30
lltp,ILL/petri-nets/MCC,,,SwimmingPool-2_5_1.p,intuitionistic,auto,1,false,,5,0,3,provable,proved,,ok,two-sided,IMELL,398,41,0.183,36,4,13,1353,0,0,2048,0.000,0.012,auto,30
lltp,ILL/petri-nets/MCC,,,SwimmingPool-3_100_1.p,intuitionistic,auto,1,false,,5,0,3,provable,unknown,timeout,,two-sided,IMELL,516,61,5007.672,240565,170717,11964,103558970,0,0,2048,4990.000,150.009,auto,30
lltp,ILL/petri-nets/MCC,,,SwimmingPool-3_10_1.p,intuitionistic,auto,1,false,,5,0,3,provable,proved,,ok,two-sided,IMELL,578,61,1.258,494,203,95,16979,0,0,2048,0.000,0.012,auto,30
lltp,ILL/petri-nets/MCC,,,SwimmingPool-3_1_1.p,intuitionistic,auto,1,false,,5,0,3,provable,proved,,ok,two-sided,IMELL,578,61,0.097,3,0,2,255,0,0,2048,0.000,0.012,auto,30
lltp,ILL/petri-nets/MCC,,,SwimmingPool-3_20_1.p,intuitionistic,auto,1,false,,5,0,3,provable,proved,,ok,two-sided,IMELL,578,61,117.609,17523,11026,1478,2563271,0,0,2048,110.000,15.767,auto,30
lltp,ILL/petri-nets/MCC,,,SwimmingPool-3_50_1.p,intuitionistic,auto,1,false,,5,0,3,provable,unknown,timeout,,two-sided,IMELL,578,61,5003.891,240565,170717,11964,106427485,0,0,2048,4990.000,174.205,auto,30
lltp,ILL/petri-nets/MCC,,,SwimmingPool-3_5_1.p,intuitionistic,auto,1,false,,5,0,3,provable,proved,,ok,two-sided,IMELL,578,61,0.235,36,4,13,2018,0,0,2048,0.000,0.013,auto,30
lltp,ILL/petri-nets/MCC,,,SwimmingPool-4_100_1.p,intuitionistic,auto,1,false,,5,0,3,provable,unknown,timeout,,two-sided,IMELL,718,81,5004.750,240565,170717,11964,92614953,0,0,2048,4990.000,174.168,auto,30
lltp,ILL/petri-nets/MCC,,,SwimmingPool-4_10_1.p,intuitionistic,auto,1,false,,5,0,3,provable,proved,,ok,two-sided,IMELL,758,81,5.141,495,203,95,131562,0,0,2048,0.000,0.006,auto,30
lltp,ILL/petri-nets/MCC,,,SwimmingPool-4_1_1.p,intuitionistic,auto,1,false,,5,0,3,provable,proved,,ok,two-sided,IMELL,758,81,0.126,3,0,2,340,0,0,2048,0.000,0.012,auto,30
lltp,ILL/petri-nets/MCC,,,SwimmingPool-4_20_1.p,intuitionistic,auto,1,false,,5,0,3,provable,proved,,ok,two-sided,IMELL,758,81,148.896,17523,11026,1478,3266484,0,0,2048,140.000,19.923,auto,30
lltp,ILL/petri-nets/MCC,,,SwimmingPool-4_50_1.p,intuitionistic,auto,1,false,,5,0,3,provable,unknown,timeout,,two-sided,IMELL,758,81,5007.728,240565,170717,11964,104393434,0,0,2048,4990.000,198.485,auto,30
lltp,ILL/petri-nets/MCC,,,SwimmingPool-4_5_1.p,intuitionistic,auto,1,false,,5,0,3,provable,proved,,ok,two-sided,IMELL,758,81,0.282,36,4,13,2683,0,0,2048,0.000,0.012,auto,30
lltp,ILL/petri-nets/MCC,,,SwimmingPool-5_100_1.p,intuitionistic,auto,1,false,,5,0,3,provable,unknown,timeout,,two-sided,IMELL,938,101,5006.847,240565,170717,11964,84817636,0,0,2048,4990.000,262.247,auto,30
lltp,ILL/petri-nets/MCC,,,SwimmingPool-5_10_1.p,intuitionistic,auto,1,false,,5,0,3,provable,proved,,ok,two-sided,IMELL,938,101,6.022,495,203,95,137419,0,0,2048,0.000,1.895,auto,30
lltp,ILL/petri-nets/MCC,,,SwimmingPool-5_1_1.p,intuitionistic,auto,1,false,,5,0,3,provable,proved,,ok,two-sided,IMELL,938,101,0.121,3,0,2,425,0,0,2048,0.000,0.012,auto,30
lltp,ILL/petri-nets/MCC,,,SwimmingPool-5_20_1.p,intuitionistic,auto,1,false,,5,0,3,provable,proved,,ok,two-sided,IMELL,938,101,193.634,17523,11026,1478,3983697,0,0,2048,190.000,21.487,auto,30
lltp,ILL/petri-nets/MCC,,,SwimmingPool-5_50_1.p,intuitionistic,auto,1,false,,5,0,3,provable,unknown,timeout,,two-sided,IMELL,938,101,5003.516,240565,170717,11964,96802550,0,0,2048,4980.000,230.007,auto,30
lltp,ILL/petri-nets/MCC,,,SwimmingPool-5_5_1.p,intuitionistic,auto,1,false,,5,0,3,provable,proved,,ok,two-sided,IMELL,938,101,0.331,36,4,13,3348,0,0,2048,0.000,0.012,auto,30
lltp,ILL/petri-nets/MCC,,,SwimmingPool-6_100_1.p,intuitionistic,auto,1,false,,5,0,3,provable,unknown,timeout,,two-sided,IMELL,1118,121,5005.182,240565,170717,11964,81257187,0,0,2048,4990.000,213.446,auto,30
lltp,ILL/petri-nets/MCC,,,SwimmingPool-6_10_1.p,intuitionistic,auto,1,false,,5,0,3,provable,proved,,ok,two-sided,IMELL,1118,121,5.951,495,203,95,117327,0,0,2048,0.000,1.879,auto,30
lltp,ILL/petri-nets/MCC,,,SwimmingPool-6_1_1.p,intuitionistic,auto,1,false,,5,0,3,provable,proved,,ok,two-sided,IMELL,1118,121,0.141,3,0,2,510,0,0,2048,0.000,0.013,auto,30
lltp,ILL/petri-nets/MCC,,,SwimmingPool-6_20_1.p,intuitionistic,auto,1,false,,5,0,3,provable,proved,,ok,two-sided,IMELL,1118,121,190.124,17523,11026,1478,3587287,0,0,2048,190.000,31.173,auto,30
lltp,ILL/petri-nets/MCC,,,SwimmingPool-6_50_1.p,intuitionistic,auto,1,false,,5,0,3,provable,unknown,timeout,,two-sided,IMELL,1118,121,5002.215,240565,170717,11964,93244072,0,0,2048,4980.000,174.289,auto,30
lltp,ILL/petri-nets/MCC,,,SwimmingPool-6_5_1.p,intuitionistic,auto,1,false,,5,0,3,provable,proved,,ok,two-sided,IMELL,1118,121,0.416,36,4,13,4013,0,0,2048,0.000,0.013,auto,30
lltp,ILL/petri-nets/MCC,,,SwimmingPool-7_100_1.p,intuitionistic,auto,1,false,,5,0,3,provable,unknown,timeout,,two-sided,IMELL,1166,141,5005.414,240565,170717,11964,87764728,0,0,2048,4990.000,256.843,auto,30
lltp,ILL/petri-nets/MCC,,,SwimmingPool-7_10_1.p,intuitionistic,auto,1,false,,5,0,3,provable,proved,,ok,two-sided,IMELL,1298,141,10.415,495,203,95,211297,0,0,2048,10.000,1.798,auto,30
lltp,ILL/petri-nets/MCC,,,SwimmingPool-7_1_1.p,intuitionistic,auto,1,false,,5,0,3,provable,proved,,ok,two-sided,IMELL,1298,141,0.161,3,0,2,595,0,0,2048,0.000,0.012,auto,30
lltp,ILL/petri-nets/MCC,,,SwimmingPool-7_20_1.p,intuitionistic,auto,1,false,,5,0,3,provable,proved,,ok,two-sided,IMELL,1298,141,231.753,17523,11026,1478,4132384,0,0,2048,230.000,30.520,auto,30
lltp,ILL/petri-nets/MCC,,,SwimmingPool-7_50_1.p,intuitionistic,auto,1,false,,5,0,3,provable,unknown,timeout,,two-sided,IMELL,1298,141,5001.447,240565,170717,11964,87444767,0,0,2048,4980.000,350.252,auto,30
lltp,ILL/petri-nets/MCC,,,SwimmingPool-7_5_1.p,intuitionistic,auto,1,false,,5,0,3,provable,proved,,ok,two-sided,IMELL,1298,141,0.465,36,4,13,4678,0,0,2048,0.000,0.012,auto,30
lltp,ILL/petri-nets/MCC,,,SwimmingPool-8_100_1.p,intuitionistic,auto,1,false,,5,0,3,provable,unknown,timeout,,two-sided,IMELL,1478,161,5010.882,240565,170717,11964,76902770,0,0,2048,4990.000,321.181,auto,30
lltp,ILL/petri-nets/MCC,,,SwimmingPool-8_10_1.p,intuitionistic,auto,1,false,,5,0,3,provable,proved,,ok,two-sided,IMELL,1478,161,11.915,495,203,95,217155,0,0,2048,10.000,1.654,auto,30
lltp,ILL/petri-nets/MCC,,,SwimmingPool-8_1_1.p,intuitionistic,auto,1,false,,5,0,3,provable,proved,,ok,two-sided,IMELL,1478,161,0.167,3,0,2,680,0,0,2048,0.000,0.013,auto,30
lltp,ILL/petri-nets/MCC,,,SwimmingPool-8_20_1.p,intuitionistic,auto,1,false,,5,0,3,provable,proved,,ok,two-sided,IMELL,1478,161,280.329,17523,11026,1478,4699251,0,0,2048,270.000,30.787,auto,30
lltp,ILL/petri-nets/MCC,,,SwimmingPool-8_50_1.p,intuitionistic,auto,1,false,,5,0,3,provable,unknown,timeout,,two-sided,IMELL,1478,161,5011.856,240565,170717,11964,83109614,0,0,2048,4990.000,461.099,auto,30
lltp,ILL/petri-nets/MCC,,,SwimmingPool-8_5_1.p,intuitionistic,auto,1,false,,5,0,3,provable,proved,,ok,two-sided,IMELL,1478,161,0.542,36,4,13,5343,0,0,2048,0.000,0.014,auto,30
lltp,ILL/petri-nets/MCC,,,SwimmingPool-9_100_1.p,intuitionistic,auto,1,false,,5,0,3,provable,unknown,timeout,,two-sided,IMELL,1658,181,5012.947,240565,170717,11964,75543391,0,0,2048,4990.000,410.192,auto,30
lltp,ILL/petri-nets/MCC,,,SwimmingPool-9_10_1.p,intuitionistic,auto,1,false,,5,0,3,provable,proved,,ok,two-sided,IMELL,1658,181,10.837,495,203,95,181485,0,0,2048,10.000,2.241,auto,30
lltp,ILL/petri-nets/MCC,,,SwimmingPool-9_1_1.p,intuitionistic,auto,1,false,,5,0,3,provable,proved,,ok,two-sided,IMELL,1658,181,0.194,3,0,2,765,0,0,2048,0.000,0.013,auto,30
lltp,ILL/petri-nets/MCC,,,SwimmingPool-9_20_1.p,intuitionistic,auto,1,false,,5,0,3,provable,proved,,ok,two-sided,IMELL,1658,181,277.927,17523,11026,1478,4292175,0,0,2048,270.000,40.372,auto,30
lltp,ILL/petri-nets/MCC,,,SwimmingPool-9_50_1.p,intuitionistic,auto,1,false,,5,0,3,provable,unknown,timeout,,two-sided,IMELL,1658,181,5007.053,240565,170717,11964,81372789,0,0,2048,4990.000,381.306,auto,30
lltp,ILL/petri-nets/MCC,,,SwimmingPool-9_5_1.p,intuitionistic,auto,1,false,,5,0,3,provable,proved,,ok,two-sided,IMELL,1658,181,0.629,36,4,13,6008,0,0,2048,0.000,0.012,auto,30
lltp,ILL/petri-nets/MCC,,,TCPcondis_tcp10_100_1.p,intuitionistic,auto,1,false,,5,0,3,provable,unknown,timeout,,two-sided,IMELL,294,12,5041.198,14734044,14001665,416937,63999572,0,0,2048,5020.000,1047.119,auto,30
lltp,ILL/petri-nets/MCC,,,TCPcondis_tcp10_10_1.p,intuitionistic,auto,1,false,,5,0,3,provable,proved,,ok,two-sided,IMELL,314,13,157.645,416639,391994,14728,2263438,0,0,2048,150.000,31.885,auto,30
lltp,ILL/petri-nets/MCC,,,TCPcondis_tcp10_1_1.p,intuitionistic,auto,1,false,,5,0,3,provable,proved,,ok,two-sided,IMELL,296,12,0.087,3,0,2,43,0,0,2048,0.000,0.012,auto,30
lltp,ILL/petri-nets/MCC,,,TCPcondis_tcp10_20_1.p,intuitionistic,auto,1,false,,5,0,3,provable,unknown,timeout,,two-sided,IMELL,324,12,5018.521,2089650,1781971,178632,130893034,0,0,2048,4990.000,449.392,auto,30
lltp,ILL/petri-nets/MCC,,,TCPcondis_tcp10_50_1.p,intuitionistic,auto,1,false,,5,0,3,provable,unknown,timeout,,two-sided,IMELL,308,12,5032.605,5080098,4567729,301959,167755270,0,0,2048,5000.000,722.808,auto,30
lltp,ILL/petri-nets/MCC,,,TCPcondis_tcp10_5_1.p,intuitionistic,auto,1,false,,5,0,3,provable,proved,,ok,two-sided,IMELL,304,12,0.564,383,169,137,4515,0,0,2048,0.000,0.018,auto,30
lltp,ILL/petri-nets/MCC,,,TCPcondis_tcp15_100_1.p,intuitionistic,auto,1,false,,5,0,3,provable,unknown,timeout,,two-sided,IMELL,344,17,5053.742,11500161,10927129,331509,69621426,0,0,2048,5030.000,1087.647,auto,30
lltp,ILL/petri-nets/MCC,,,TCPcondis_tcp15_10_1.p,intuitionistic,auto,1,false,,5,0,3,provable,proved,,ok,two-sided,IMELL,354,17,400.844,74048,49408,14724,11377446,0,0,2048,390.000,23.066,auto,30
lltp,ILL/petri-nets/MCC,,,TCPcondis_tcp15_1_1.p,intuitionistic,auto,1,false,,5,0,3,provable,proved,,ok,two-sided,IMELL,336,17,0.113,3,0,2,63,0,0,2048,0.000,0.018,auto,30
lltp,ILL/petri-nets/MCC,,,TCPcondis_tcp15_20_1.p,intuitionistic,auto,1,false,,5,0,3,provable,unknown,timeout,,two-sided,IMELL,370,17,5025.596,4169520,3768354,233233,173963790,0,0,2048,5000.000,713.498,auto,30
lltp,ILL/petri-nets/MCC,,,TCPcondis_tcp15_50_1.p,intuitionistic,auto,1,false,,5,0,3,provable,unknown,timeout,,two-sided,IMELL,360,17,5047.471,15507930,14736428,446613,85953291,0,0,2048,5020.000,1051.220,auto,30
lltp,ILL/petri-nets/MCC,,,TCPcondis_tcp15_5_1.p,intuitionistic,auto,1,false,,5,0,3,provable,proved,,ok,two-sided,IMELL,344,17,0.652,383,169,137,5590,0,0,2048,0.000,0.016,auto,30
lltp,ILL/petri-nets/MCC,,,TCPcondis_tcp20_100_1.p,intuitionistic,auto,1,false,,5,0,3,provable,unknown,timeout,,two-sided,IMELL,398,22,5025.253,8140800,7702493,254624,83271777,0,0,2048,5000.000,911.775,auto,30
lltp,ILL/petri-nets/MCC,,,TCPcondis_tcp20_10_1.p,intuitionistic,auto,1,false,,5,0,3,provable,proved,,ok,two-sided,IMELL,394,22,453.673,73187,48550,14721,12801540,0,0,2048,440.000,29.648,auto,30
lltp,ILL/petri-nets/MCC,,,TCPcondis_tcp20_1_1.p,intuitionistic,auto,1,false,,5,0,3,provable,proved,,ok,two-sided,IMELL,376,22,0.099,3,0,2,83,0,0,2048,0.000,0.012,auto,30
lltp,ILL/petri-nets/MCC,,,TCPcondis_tcp20_20_1.p,intuitionistic,auto,1,false,,5,0,3,provable,unknown,timeout,,two-sided,IMELL,414,23,5025.883,9013232,8560169,263216,73117858,0,0,2048,5000.000,958.151,auto,30
lltp,ILL/petri-nets/MCC,,,TCPcondis_tcp20_50_1.p,intuitionistic,auto,1,false,,5,0,3,provable,unknown,timeout,,two-sided,IMELL,410,22,5042.486,14818850,14081039,441994,82596073,0,0,2048,5030.000,1057.221,auto,30
lltp,ILL/petri-nets/MCC,,,TCPcondis_tcp20_5_1.p,intuitionistic,auto,1,false,,5,0,3,provable,proved,,ok,two-sided,IMELL,384,22,0.766,383,169,137,6665,0,0,2048,0.000,0.012,auto,30
lltp,ILL/petri-nets/MCC,,,TCPcondis_tcp25_100_1.p,intuitionistic,auto,1,false,,5,0,3,provable,unknown,timeout,,two-sided,IMELL,450,27,5020.141,5947711,5582069,210846,117513113,0,0,2048,5010.000,741.852,auto,30
lltp,ILL/petri-nets/MCC,,,TCPcondis_tcp25_10_1.p,intuitionistic,auto,1,false,,5,0,3,provable,proved,,ok,two-sided,IMELL,434,27,505.590,73187,48550,14721,14038543,0,0,2048,500.000,26.301,auto,30
lltp,ILL/petri-nets/MCC,,,TCPcondis_tcp25_1_1.p,intuitionistic,auto,1,false,,5,0,3,provable,proved,,ok,two-sided,IMELL,416,27,0.105,3,0,2,103,0,0,2048,0.000,0.013,auto,30
lltp,ILL/petri-nets/MCC,,,TCPcondis_tcp25_20_1.p,intuitionistic,auto,1,false,,5,0,3,provable,unknown,timeout,,two-sided,IMELL,454,27,5012.710,718003,511245,121868,115150034,0,0,2048,5000.000,459.515,auto,30
lltp,ILL/petri-nets/MCC,,,TCPcondis_tcp25_50_1.p,intuitionistic,auto,1,false,,5,0,3,provable,unknown,timeout,,two-sided,IMELL,462,27,5041.823,13816280,13151210,408389,76686117,0,0,2048,5020.000,1099.148,auto,30
lltp,ILL/petri-nets/MCC,,,TCPcondis_tcp25_5_1.p,intuitionistic,auto,1,false,,5,0,3,provable,proved,,ok,two-sided,IMELL,424,27,0.901,383,169,137,7740,0,0,2048,0.000,0.013,auto,30
lltp,ILL/petri-nets/MCC,,,TCPcondis_tcp30_100_1.p,intuitionistic,auto,1,false,,5,0,3,provable,unknown,timeout,,two-sided,IMELL,502,32,5016.103,1697802,1402334,171378,238617534,0,0,2048,5000.000,709.370,auto,30
lltp,ILL/petri-nets/MCC,,,TCPcondis_tcp30_10_1.p,intuitionistic,auto,1,false,,5,0,3,provable,proved,,ok,two-sided,IMELL,474,32,541.105,73187,48550,14721,15116856,0,0,2048,530.000,33.687,auto,30
lltp,ILL/petri-nets/MCC,,,TCPcondis_tcp30_1_1.p,intuitionistic,auto,1,false,,5,0,3,provable,proved,,ok,two-sided,IMELL,456,32,0.115,3,0,2,123,0,0,2048,0.000,0.012,auto,30
lltp,ILL/petri-nets/MCC,,,TCPcondis_tcp30_20_1.p,intuitionistic,auto,1,false,,5,0,3,provable,unknown,timeout,,two-sided,IMELL,494,32,5012.033,661696,469826,113249,115405656,0,0,2048,5000.000,436.089,auto,30
lltp,ILL/petri-nets/MCC,,,TCPcondis_tcp30_50_1.p,intuitionistic,auto,1,false,,5,0,3,provable,unknown,timeout,,two-sided,IMELL,512,32,5022.226,5633796,5248487,222996,69098450,0,0,2048,5000.000,986.254,auto,30
lltp,ILL/petri-nets/MCC,,,TCPcondis_tcp30_5_1.p,intuitionistic,auto,1,false,,5,0,3,provable,proved,,ok,two-sided,IMELL,464,32,0.952,383,169,137,8815,0,0,2048,0.000,0.013,auto,30
lltp,ILL/petri-nets/MCC,,,TCPcondis_tcp35_100_1.p,intuitionistic,auto,1,false,,5,0,3,provable,unknown,timeout,,two-sided,IMELL,554,37,5018.512,1635472,1329775,177255,228414095,0,0,2048,5000.000,425.320,auto,30
lltp,ILL/petri-nets/MCC,,,TCPcondis_tcp35_10_1.p,intuitionistic,auto,1,false,,5,0,3,provable,proved,,ok,two-sided,IMELL,514,37,444.251,73187,48550,14721,10375678,0,0,2048,440.000,60.961,auto,30
lltp,ILL/petri-nets/MCC,,,TCPcondis_tcp35_1_1.p,intuitionistic,auto,1,false,,5,0,3,provable,proved,,ok,two-sided,IMELL,496,37,0.113,3,0,2,143,0,0,2048,0.000,0.012,auto,30
lltp,ILL/petri-nets/MCC,,,TCPcondis_tcp35_20_1.p,intuitionistic,auto,1,false,,5,0,3,provable,unknown,timeout,,two-sided,IMELL,534,37,5013.565,921973,661757,152055,101101186,0,0,2048,5000.000,743.277,auto,30
lltp,ILL/petri-nets/MCC,,,TCPcondis_tcp35_50_1.p,intuitionistic,auto,1,false,,5,0,3,provable,unknown,timeout,,two-sided,IMELL,558,37,5019.339,4868804,4542330,188027,71288631,0,0,2048,5000.000,749.360,auto,30
lltp,ILL/petri-nets/MCC,,,TCPcondis_tcp35_5_1.p,intuitionistic,auto,1,false,,5,0,3,provable,proved,,ok,two-sided,IMELL,504,37,1.028,383,169,137,9890,0,0,2048,0.000,0.012,auto,30
lltp,ILL/petri-nets/MCC,,,TCPcondis_tcp40_100_1.p,intuitionistic,auto,1,false,,5,0,3,provable,unknown,timeout,,two-sided,IMELL,604,42,5016.600,4027272,3726328,174590,79304556,0,0,2048,5000.000,640.876,auto,30
lltp,ILL/petri-nets/MCC,,,TCPcondis_tcp40_10_1.p,intuitionistic,auto,1,false,,5,0,3,provable,proved,,ok,two-sided,IMELL,554,42,470.315,73187,48550,14721,11195992,0,0,2048,460.000,68.672,auto,30
lltp,ILL/petri-nets/MCC,,,TCPcondis_tcp40_1_1.p,intuitionistic,auto,1,false,,5,0,3,provable,proved,,ok,two-sided,IMELL,536,42,0.108,3,0,2,163,0,0,2048,0.000,0.012,auto,30
lltp,ILL/petri-nets/MCC,,,TCPcondis_tcp40_20_1.p,intuitionistic,auto,1,false,,5,0,3,provable,unknown,timeout,,two-sided,IMELL,574,42,5015.845,846469,606348,140821,99780915,0,0,2048,4990.000,726.387,auto,30
lltp,ILL/petri-nets/MCC,,,TCPcondis_tcp40_50_1.p,intuitionistic,auto,1,false,,5,0,3,provable,unknown,timeout,,two-sided,IMELL,594,42,5017.002,4510543,4213182,172596,70392796,0,0,2048,5000.000,626.417,auto,30
lltp,ILL/petri-nets/MCC,,,TCPcondis_tcp40_5_1.p,intuitionistic,auto,1,false,,5,0,3,provable,proved,,ok,two-sided,IMELL,544,42,1.136,383,169,137,10965,0,0,2048,0.000,0.012,auto,30
lltp,ILL/petri-nets/MCC,,,TCPcondis_tcp50_100_1.p,intuitionistic,auto,1,false,,5,0,3,provable,unknown,timeout,,two-sided,IMELL,708,52,5013.977,3099616,2854621,144071,68133072,0,0,2048,5000.000,679.776,auto,30
lltp,ILL/petri-nets/MCC,,,TCPcondis_tcp50_10_1.p,intuitionistic,auto,1,false,,5,0,3,provable,proved,,ok,two-sided,IMELL,634,52,569.424,73187,48550,14721,12759793,0,0,2048,560.000,67.734,auto,30
lltp,ILL/petri-nets/MCC,,,TCPcondis_tcp50_1_1.p,intuitionistic,auto,1,false,,5,0,3,provable,proved,,ok,two-sided,IMELL,616,52,0.122,3,0,2,203,0,0,2048,0.000,0.013,auto,30
lltp,ILL/petri-nets/MCC,,,TCPcondis_tcp50_20_1.p,intuitionistic,auto,1,false,,5,0,3,provable,unknown,timeout,,two-sided,IMELL,654,52,5011.355,709550,504720,120907,96811801,0,0,2048,4990.000,612.034,auto,30
lltp,ILL/petri-nets/MCC,,,TCPcondis_tcp50_50_1.p,intuitionistic,auto,1,false,,5,0,3,provable,unknown,timeout,,two-sided,IMELL,664,52,5015.512,4042057,3786410,150066,69574845,0,0,2048,4990.000,571.647,auto,30
lltp,ILL/petri-nets/MCC,,,TCPcondis_tcp50_5_1.p,intuitionistic,auto,1,false,,5,0,3,provable,proved,,ok,two-sided,IMELL,624,52,1.432,383,169,137,13115,0,0,2048,0.000,0.030,auto,30
lltp,ILL/petri-nets/MCC,,,TCPcondis_tcp5_100_1.p,intuitionistic,auto,1,false,,5,0,3,provable,unknown,timeout,,two-sided,IMELL,256,7,5036.340,9014376,8312350,385797,165405009,0,0,2048,5010.000,830.088,auto,30
lltp,ILL/petri-nets/MCC,,,TCPcondis_tcp5_10_1.p,intuitionistic,auto,1,false,,5,0,3,provable,proved,,ok,two-sided,IMELL,270,7,137.821,350177,326866,13750,2218580,0,0,2048,130.000,28.056,auto,30
lltp,ILL/petri-nets/MCC,,,TCPcondis_tcp5_1_1.p,intuitionistic,auto,1,false,,5,0,3,provable,proved,,ok,two-sided,IMELL,256,7,0.089,3,0,2,23,0,0,2048,0.000,0.013,auto,30
lltp,ILL/petri-nets/MCC,,,TCPcondis_tcp5_20_1.p,intuitionistic,auto,1,false,,5,0,3,provable,unknown,timeout,,two-sided,IMELL,264,7,5024.400,1597265,1169124,238848,187683529,0,0,2048,5010.000,620.587,auto,30
lltp,ILL/petri-nets/MCC,,,TCPcondis_tcp5_50_1.p,intuitionistic,auto,1,false,,5,0,3,provable,unknown,timeout,,two-sided,IMELL,256,7,5029.027,2045327,1533306,285339,237192411,0,0,2048,5010.000,630.978,auto,30
lltp,ILL/petri-nets/MCC,,,TCPcondis_tcp5_5_1.p,intuitionistic,auto,1,false,,5,0,3,provable,proved,,ok,two-sided,IMELL,264,8,0.473,383,169,137,3440,0,0,2048,0.000,0.012,auto,30
lltp,ILL/petri-nets/MCC,,,TokenRing-10-unfolded_100_1.p,intuitionistic,auto,1,false,,5,0,3,provable,unknown,timeout,,two-sided,IMELL,8930,21,5006.377,2905632,2845901,32589,38516160,0,0,2048,4990.000,950.983,auto,30
lltp,ILL/petri-nets/MCC,,,TokenRing-10-unfolded_10_1.p,intuitionistic,auto,1,false,,5,0,3,provable,unknown,timeout,,two-sided,IMELL,8930,21,5006.250,447301,390465,31141,75816444,0,0,2048,5000.000,980.837,auto,30
lltp,ILL/petri-nets/MCC,,,TokenRing-10-unfolded_1_1.p,intuitionistic,auto,1,false,,5,0,3,provable,proved,,ok,two-sided,IMELL,8930,21,0.514,3,0,2,75,0,0,2048,0.000,0.012,auto,30
lltp,ILL/petri-nets/MCC,,,TokenRing-10-unfolded_20_1.p,intuitionistic,auto,1,false,,5,0,3,provable,unknown,timeout,,two-sided,IMELL,8930,21,5006.304,2817466,2757854,32622,38587033,0,0,2048,4990.000,953.189,auto,30
lltp,ILL/petri-nets/MCC,,,TokenRing-10-unfolded_50_1.p,intuitionistic,auto,1,false,,5,0,3,provable,unknown,timeout,,two-sided,IMELL,8930,21,5006.791,2514998,2455580,32535,43257535,0,0,2048,4990.000,933.823,auto,30
lltp,ILL/petri-nets/MCC,,,TokenRing-10-unfolded_5_1.p,intuitionistic,auto,1,false,,5,0,3,provable,proved,,ok,two-sided,IMELL,8930,21,82.004,5925,4603,963,1539499,0,0,2048,80.000,19.091,auto,30
lltp,ILL/petri-nets/MCC,,,TokenRing-15-unfolded_100_1.p,intuitionistic,auto,1,false,,5,0,3,provable,unknown,timeout,,two-sided,IMELL,28990,31,5010.654,63955,41699,16894,51761777,0,0,2048,5000.000,944.387,auto,30
lltp,ILL/petri-nets/MCC,,,TokenRing-15-unfolded_1_1.p,intuitionistic,auto,1,false,,5,0,3,provable,proved,,ok,two-sided,IMELL,28990,31,1.555,3,0,2,130,0,0,2048,0.000,0.017,auto,30
lltp,ILL/petri-nets/MCC,,,TokenRing-15-unfolded_20_1.p,intuitionistic,auto,1,false,,5,0,3,provable,unknown,timeout,,two-sided,IMELL,28990,31,5009.491,174521,152538,16707,30953804,0,0,2048,4990.000,951.819,auto,30
lltp,ILL/petri-nets/MCC,,,TokenRing-15-unfolded_50_1.p,intuitionistic,auto,1,false,,5,0,3,provable,unknown,timeout,,two-sided,IMELL,28990,31,5007.788,523269,500268,17476,30189392,0,0,2048,5000.000,914.967,auto,30
lltp,ILL/petri-nets/MCC,,,TokenRing-15-unfolded_5_1.p,intuitionistic,auto,1,false,,5,0,3,provable,proved,,ok,two-sided,IMELL,28990,31,938.365,12014,7333,3724,11066427,0,0,2048,930.000,194.226,auto,30
lltp,ILL/petri-nets/MCC,,,TokenRing-20-unfolded_100_1.p,intuitionistic,auto,1,false,,5,0,3,provable,unknown,timeout,,two-sided,IMELL,67450,41,5013.202,28946,17976,9309,31644968,0,0,2048,5000.000,960.112,auto,30
lltp,ILL/petri-nets/MCC,,,TokenRing-20-unfolded_1_1.p,intuitionistic,auto,1,false,,5,0,3,provable,proved,,ok,two-sided,IMELL,67450,41,3.800,3,0,2,91,0,0,2048,10.000,0.040,auto,30
lltp,ILL/petri-nets/MCC,,,TokenRing-20-unfolded_20_1.p,intuitionistic,auto,1,false,,5,0,3,provable,unknown,timeout,,two-sided,IMELL,67450,41,5003.632,67327,57412,8463,18220322,0,0,2048,5000.000,942.306,auto,30
lltp,ILL/petri-nets/MCC,,,TokenRing-20-unfolded_50_1.p,intuitionistic,auto,1,false,,5,0,3,provable,unknown,timeout,,two-sided,IMELL,67450,41,5015.402,22413,13477,7652,24064036,0,0,2048,5000.000,1004.101,auto,30
lltp,ILL/petri-nets/MCC,,,TokenRing-20-unfolded_5_1.p,intuitionistic,auto,1,false,,5,0,3,provable,unknown,timeout,,two-sided,IMELL,67450,41,5014.580,31478,19833,9841,37128567,0,0,2048,5010.000,875.263,auto,30
lltp,ILL/petri-nets/MCC,,,TokenRing-30-unfolded_100_1.p,intuitionistic,auto,1,false,,5,0,3,provable,unknown,timeout,,two-sided,IMELL,223570,61,5074.501,2857,1209,1544,7888489,0,0,2048,5070.000,439.665,auto,30
lltp,ILL/petri-nets/MCC,,,TokenRing-30-unfolded_1_1.p,intuitionistic,auto,1,false,,5,0,3,provable,proved,,ok,two-sided,IMELL,223570,61,20.048,7,0,4,144,0,0,2048,30.000,3.037,auto,30
lltp,ILL/petri-nets/MCC,,,TokenRing-30-unfolded_20_1.p,intuitionistic,auto,1,false,,5,0,3,provable,unknown,timeout,,two-sided,IMELL,223570,61,5019.842,12599,10001,2423,7178451,0,0,2048,5010.000,384.791,auto,30
lltp,ILL/petri-nets/MCC,,,TokenRing-30-unfolded_50_1.p,intuitionistic,auto,1,false,,5,0,3,provable,unknown,timeout,,two-sided,IMELL,223570,61,5036.462,7367,5003,2207,5651787,0,0,2048,5030.000,371.130,auto,30
lltp,ILL/petri-nets/MCC,,,TokenRing-30-unfolded_5_1.p,intuitionistic,auto,1,false,,5,0,3,provable,unknown,timeout,,two-sided,IMELL,223570,61,5047.461,4270,1953,2162,13487220,0,0,2048,5040.000,498.758,auto,30
lltp,ILL/petri-nets/MCC,,,TokenRing-40-unfolded_100_1.p,intuitionistic,auto,1,false,,5,0,3,provable,unknown,timeout,,two-sided,IMELL,525290,81,5533.708,335,27,296,1916020,0,0,2048,5510.000,141.081,auto,30
lltp,ILL/petri-nets/MCC,,,TokenRing-40-unfolded_1_1.p,intuitionistic,auto,1,false,,5,0,,,unknown,crash (signal: 6 (SIGABRT) (core dumped)): note: run with `RUST_BACKTRACE=1` environment variable to display a backtrace,,,,,,4461.740,,,,,,,,,,auto,30
lltp,ILL/petri-nets/MCC,,,TokenRing-40-unfolded_20_1.p,intuitionistic,auto,1,false,,5,0,3,provable,unknown,timeout,,two-sided,IMELL,525290,81,5104.361,995,286,681,5942845,0,0,2048,5090.000,290.022,auto,30
lltp,ILL/petri-nets/MCC,,,TokenRing-40-unfolded_50_1.p,intuitionistic,auto,1,false,,5,0,3,provable,unknown,timeout,,two-sided,IMELL,525290,81,5387.881,299,20,268,1689986,0,0,2048,5380.000,124.468,auto,30
lltp,ILL/petri-nets/MCC,,,TokenRing-40-unfolded_5_1.p,intuitionistic,auto,1,false,,5,0,3,provable,unknown,timeout,,two-sided,IMELL,525290,81,5012.832,2254,834,1376,3028473,0,0,2048,5000.000,166.932,auto,30
lltp,ILL/petri-nets/MCC,,,TokenRing-5-unfolded_100_1.p,intuitionistic,auto,1,false,,5,0,3,provable,proved,,ok,two-sided,IMELL,1270,11,193.732,188823,172668,3772,4029670,0,0,2048,190.000,34.657,auto,30
lltp,ILL/petri-nets/MCC,,,TokenRing-5-unfolded_10_1.p,intuitionistic,auto,1,false,,5,0,3,provable,proved,,ok,two-sided,IMELL,1270,11,29.658,26846,24429,969,690739,0,0,2048,30.000,6.261,auto,30
lltp,ILL/petri-nets/MCC,,,TokenRing-5-unfolded_1_1.p,intuitionistic,auto,1,false,,5,0,3,provable,proved,,ok,two-sided,IMELL,1270,11,0.123,3,0,2,18,0,0,2048,0.000,0.013,auto,30
lltp,ILL/petri-nets/MCC,,,TokenRing-5-unfolded_20_1.p,intuitionistic,auto,1,false,,5,0,3,provable,proved,,ok,two-sided,IMELL,1270,11,109.946,205554,197535,1101,1666845,0,0,2048,110.000,18.164,auto,30
lltp,ILL/petri-nets/MCC,,,TokenRing-5-unfolded_50_1.p,intuitionistic,auto,1,false,,5,0,3,provable,proved,,ok,two-sided,IMELL,1270,11,64.990,70490,64979,1782,1409277,0,0,2048,60.000,10.630,auto,30
lltp,ILL/petri-nets/MCC,,,TokenRing-5-unfolded_5_1.p,intuitionistic,auto,1,false,,5,0,3,provable,proved,,ok,two-sided,IMELL,1270,11,2.313,2606,2393,130,54332,0,0,2048,0.000,0.020,auto,30
lltp,ILL/petri-nets/MCC,,,TokenRing-50-unfolded_100_1.p,intuitionistic,auto,1,false,,5,0,3,provable,unknown,timeout,,two-sided,IMELL,1020610,101,5687.916,130,1,123,813256,0,0,2048,5670.000,64.937,auto,30
lltp,ILL/petri-nets/MCC,,,TokenRing-50-unfolded_1_1.p,intuitionistic,auto,1,false,,5,0,,,unknown,crash (signal: 6 (SIGABRT) (core dumped)): note: run with `RUST_BACKTRACE=1` environment variable to display a backtrace,,,,,,5061.087,,,,,,,,,,auto,30
lltp,ILL/petri-nets/MCC,,,TokenRing-50-unfolded_20_1.p,intuitionistic,auto,1,false,,5,0,3,provable,unknown,timeout,,two-sided,IMELL,1020610,101,5262.741,934,534,387,1548612,0,0,2048,5260.000,179.873,auto,30
lltp,ILL/petri-nets/MCC,,,TokenRing-50-unfolded_50_1.p,intuitionistic,auto,1,false,,5,0,3,provable,unknown,timeout,,two-sided,IMELL,1020610,101,6064.548,130,1,123,804377,0,0,2048,6050.000,65.646,auto,30
lltp,ILL/petri-nets/MCC,,,TokenRing-50-unfolded_5_1.p,intuitionistic,auto,1,false,,5,0,3,provable,unknown,timeout,,two-sided,IMELL,1020610,101,5086.994,503,368,120,1609353,0,0,2048,5080.000,41.515,auto,30
lltp,ILL/petri-nets/MCC,,,TriangularGrid_trg_1-20-0_100_1.p,intuitionistic,auto,1,false,,5,0,3,provable,unknown,timeout,,two-sided,IMELL,358,51,5005.889,738624,508950,71358,93277645,0,0,2048,4980.000,303.382,auto,30
lltp,ILL/petri-nets/MCC,,,TriangularGrid_trg_1-20-0_10_1.p,intuitionistic,auto,1,false,,5,0,3,provable,proved,,ok,two-sided,IMELL,358,22,39.824,7867,4435,1548,1461165,0,0,2048,30.000,4.628,auto,30
lltp,ILL/petri-nets/MCC,,,TriangularGrid_trg_1-20-0_1_1.p,intuitionistic,auto,1,false,,5,0,3,provable,proved,,ok,two-sided,IMELL,358,22,0.098,3,0,2,75,0,0,2048,0.000,0.014,auto,30
lltp,ILL/petri-nets/MCC,,,TriangularGrid_trg_1-20-0_20_1.p,intuitionistic,auto,1,false,,5,0,3,provable,proved,,ok,two-sided,IMELL,358,24,4549.008,964345,672415,86505,197858190,0,0,2048,4530.000,500.365,auto,30
lltp,ILL/petri-nets/MCC,,,TriangularGrid_trg_1-20-0_50_1.p,intuitionistic,auto,1,false,,5,0,3,provable,unknown,timeout,,two-sided,IMELL,358,34,5009.199,826244,570726,78701,108069098,0,0,2048,4990.000,400.154,auto,30
lltp,ILL/petri-nets/MCC,,,TriangularGrid_trg_1-20-0_5_1.p,intuitionistic,auto,1,false,,5,0,3,provable,proved,,ok,two-sided,IMELL,358,22,0.311,161,52,63,1009,0,0,2048,0.000,0.013,auto,30
lltp,ILL/petri-nets/MCC,,,TriangularGrid_trg_1-50-0_100_1.p,intuitionistic,auto,1,false,,5,0,3,provable,unknown,timeout,,two-sided,IMELL,718,81,5006.708,670807,462901,64017,205797351,0,0,2048,4990.000,588.869,auto,30
lltp,ILL/petri-nets/MCC,,,TriangularGrid_trg_1-50-0_10_1.p,intuitionistic,auto,1,false,,5,0,3,provable,proved,,ok,two-sided,IMELL,718,52,78.484,7867,4435,1548,1948161,0,0,2048,70.000,8.621,auto,30
lltp,ILL/petri-nets/MCC,,,TriangularGrid_trg_1-50-0_1_1.p,intuitionistic,auto,1,false,,5,0,3,provable,proved,,ok,two-sided,IMELL,718,52,0.120,3,0,2,165,0,0,2048,0.000,0.012,auto,30
lltp,ILL/petri-nets/MCC,,,TriangularGrid_trg_1-50-0_20_1.p,intuitionistic,auto,1,false,,5,0,3,provable,unknown,timeout,,two-sided,IMELL,718,54,5008.758,672317,463735,64327,207684829,0,0,2048,4990.000,574.615,auto,30
lltp,ILL/petri-nets/MCC,,,TriangularGrid_trg_1-50-0_50_1.p,intuitionistic,auto,1,false,,5,0,3,provable,unknown,timeout,,two-sided,IMELL,718,64,5006.464,669002,461705,63822,206476429,0,0,2048,4990.000,588.491,auto,30
lltp,ILL/petri-nets/MCC,,,TriangularGrid_trg_1-50-0_5_1.p,intuitionistic,auto,1,false,,5,0,3,provable,proved,,ok,two-sided,IMELL,718,52,0.487,161,52,63,1099,0,0,2048,0.000,0.013,auto,30
lltp,ILL/petri-nets/MCC,,,TriangularGrid_trg_2-01-1_100_1.p,intuitionistic,auto,1,false,,5,0,3,provable,unknown,timeout,,two-sided,IMELL,470,10,5013.140,935648,718192,144189,124545331,0,0,2048,5000.000,335.050,auto,30
lltp,ILL/petri-nets/MCC,,,TriangularGrid_trg_2-01-1_10_1.p,intuitionistic,auto,1,false,,5,0,3,provable,unknown,timeout,,two-sided,IMELL,470,8,5020.037,1673888,1305021,237690,270122697,0,0,2048,5000.000,571.772,auto,30
lltp,ILL/petri-nets/MCC,,,TriangularGrid_trg_2-01-1_1_1.p,intuitionistic,auto,1,false,,5,0,3,provable,proved,,ok,two-sided,IMELL,470,8,0.098,3,0,2,75,0,0,2048,0.000,0.014,auto,30
lltp,ILL/petri-nets/MCC,,,TriangularGrid_trg_2-01-1_20_1.p,intuitionistic,auto,1,false,,5,0,3,provable,unknown,timeout,,two-sided,IMELL,470,9,5017.772,1558944,1213682,221805,268591529,0,0,2048,5000.000,630.627,auto,30
lltp,ILL/petri-nets/MCC,,,TriangularGrid_trg_2-01-1_50_1.p,intuitionistic,auto,1,false,,5,0,3,provable,unknown,timeout,,two-sided,IMELL,470,9,5018.435,1534048,1195353,217319,256669133,0,0,2048,4990.000,604.376,auto,30
lltp,ILL/petri-nets/MCC,,,TriangularGrid_trg_2-01-1_5_1.p,intuitionistic,auto,1,false,,5,0,3,provable,proved,,ok,two-sided,IMELL,470,8,35.931,8130,5206,2280,1511970,0,0,2048,30.000,4.305,auto,30
lltp,ILL/petri-nets/MCC,,,TriangularGrid_trg_3-01-1_100_1.p,intuitionistic,auto,1,false,,5,0,3,provable,unknown,timeout,,two-sided,IMELL,1006,9,5052.382,1054796,774405,243523,222591368,0,0,2048,5030.000,785.498,auto,30
lltp,ILL/petri-nets/MCC,,,TriangularGrid_trg_3-01-1_1_1.p,intuitionistic,auto,1,false,,5,0,3,provable,proved,,ok,two-sided,IMELL,1006,8,0.127,3,0,2,112,0,0,2048,0.000,0.012,auto,30
lltp,ILL/petri-nets/MCC,,,TriangularGrid_trg_3-01-1_20_1.p,intuitionistic,auto,1,false,,5,0,3,provable,unknown,timeout,,two-sided,IMELL,1006,10,5042.321,891105,644717,215252,149248955,0,0,2048,5030.000,608.316,auto,30
lltp,ILL/petri-nets/MCC,,,TriangularGrid_trg_3-01-1_50_1.p,intuitionistic,auto,1,false,,5,0,3,provable,unknown,timeout,,two-sided,IMELL,1006,9,5052.562,1131272,836228,255478,258067338,0,0,2048,5030.000,843.832,auto,30
lltp,ILL/petri-nets/MCC,,,TriangularGrid_trg_3-01-1_5_1.p,intuitionistic,auto,1,false,,5,0,3,provable,proved,,ok,two-sided,IMELL,1006,8,696.198,141486,98385,38105,35214851,0,0,2048,680.000,105.581,auto,30
lltp,ILL/petri-nets/MCC,,,TriangularGrid_trg_3-02-6_100_1.p,intuitionistic,auto,1,false,,5,0,3,provable,unknown,timeout,,two-sided,IMELL,1294,17,5038.520,757021,537225,193682,130139545,0,0,2048,5020.000,929.073,auto,30
lltp,ILL/petri-nets/MCC,,,TriangularGrid_trg_3-02-6_1_1.p,intuitionistic,auto,1,false,,5,0,3,provable,proved,,ok,two-sided,IMELL,1294,13,0.145,3,0,2,184,0,0,2048,0.000,0.011,auto,30
lltp,ILL/petri-nets/MCC,,,TriangularGrid_trg_3-02-6_20_1.p,intuitionistic,auto,1,false,,5,0,3,provable,unknown,timeout,,two-sided,IMELL,1294,15,5036.149,732748,519994,187450,119414014,0,0,2048,5020.000,933.832,auto,30
lltp,ILL/petri-nets/MCC,,,TriangularGrid_trg_3-02-6_50_1.p,intuitionistic,auto,1,false,,5,0,3,provable,unknown,timeout,,two-sided,IMELL,1294,14,5045.202,896305,642634,222802,213597604,0,0,2048,5030.000,917.340,auto,30
lltp,ILL/petri-nets/MCC,,,TriangularGrid_trg_3-02-6_5_1.p,intuitionistic,auto,1,false,,5,0,3,provable,proved,,ok,two-sided,IMELL,1294,13,850.875,144120,99621,39458,36244596,0,0,2048,840.000,162.590,auto,30
lltp,ILL/petri-nets/MCC,,,TriangularGrid_trg_4-02-2_100_1.p,intuitionistic,auto,1,false,,5,0,3,provable,unknown,timeout,,two-sided,IMELL,1998,11,5046.848,720615,481570,224615,231880834,0,0,2048,5030.000,988.673,auto,30
lltp,ILL/petri-nets/MCC,,,TriangularGrid_trg_4-02-2_1_1.p,intuitionistic,auto,1,false,,5,0,3,provable,proved,,ok,two-sided,IMELL,1998,9,0.192,3,0,2,253,0,0,2048,0.000,0.012,auto,30
lltp,ILL/petri-nets/MCC,,,TriangularGrid_trg_4-02-2_20_1.p,intuitionistic,auto,1,false,,5,0,3,provable,unknown,timeout,,two-sided,IMELL,1998,10,5040.206,573461,376663,185306,121912280,0,0,2048,5020.000,859.316,auto,30
lltp,ILL/petri-nets/MCC,,,TriangularGrid_trg_4-02-2_50_1.p,intuitionistic,auto,1,false,,5,0,3,provable,unknown,timeout,,two-sided,IMELL,1998,11,5036.189,530733,346710,173383,86244265,0,0,2048,5020.000,800.081,auto,30
lltp,ILL/petri-nets/MCC,,,TriangularGrid_trg_4-02-2_5_1.p,intuitionistic,auto,1,false,,5,0,3,provable,unknown,timeout,,two-sided,IMELL,1998,9,5044.706,708500,472061,222249,240919622,0,0,2048,5030.000,977.700,auto,30
lltp,ILL/petri-nets/MCC,,,TriangularGrid_trg_5-02-0_100_1.p,intuitionistic,auto,1,false,,5,0,3,provable,unknown,timeout,,two-sided,IMELL,2878,9,5028.092,428592,280979,141787,65122435,0,0,2048,5010.000,930.365,auto,30
lltp,ILL/petri-nets/MCC,,,TriangularGrid_trg_5-02-0_1_1.p,intuitionistic,auto,1,false,,5,0,3,provable,proved,,ok,two-sided,IMELL,2878,7,0.355,3,0,2,331,0,0,2048,0.000,0.012,auto,30
lltp,ILL/petri-nets/MCC,,,TriangularGrid_trg_5-02-0_20_1.p,intuitionistic,auto,1,false,,5,0,3,provable,unknown,timeout,,two-sided,IMELL,2878,7,5031.945,455890,294886,154810,100017835,0,0,2048,5020.000,968.463,auto,30
lltp,ILL/petri-nets/MCC,,,TriangularGrid_trg_5-02-0_50_1.p,intuitionistic,auto,1,false,,5,0,3,provable,unknown,timeout,,two-sided,IMELL,2878,8,5028.603,434711,283962,144842,69139537,0,0,2048,5010.000,952.257,auto,30
lltp,ILL/petri-nets/MCC,,,TriangularGrid_trg_5-02-0_5_1.p,intuitionistic,auto,1,false,,5,0,3,provable,unknown,timeout,,two-sided,IMELL,2878,7,5042.303,528554,337223,184149,172377566,0,0,2048,5020.000,964.964,auto,30
lltp,ILL/petri-nets/MCC,,,TriangularGrid_trg_5-04-6_100_1.p,intuitionistic,auto,1,false,,5,0,3,provable,unknown,timeout,,two-sided,IMELL,4078,15,5019.464,271076,168340,99188,52312539,0,0,2048,5000.000,962.364,auto,30
lltp,ILL/petri-nets/MCC,,,TriangularGrid_trg_5-04-6_1_1.p,intuitionistic,auto,1,false,,5,0,3,provable,proved,,ok,two-sided,IMELL,4078,13,0.431,3,0,2,635,0,0,2048,0.000,0.015,auto,30
lltp,ILL/petri-nets/MCC,,,TriangularGrid_trg_5-04-6_20_1.p,intuitionistic,auto,1,false,,5,0,3,provable,unknown,timeout,,two-sided,IMELL,4078,13,5021.930,294428,181279,109297,80115311,0,0,2048,5010.000,1017.939,auto,30
lltp,ILL/petri-nets/MCC,,,TriangularGrid_trg_5-04-6_50_1.p,intuitionistic,auto,1,false,,5,0,3,provable,unknown,timeout,,two-sided,IMELL,4078,14,5020.882,276018,170993,101413,54421108,0,0,2048,5010.000,1009.988,auto,30
lltp,ILL/petri-nets/MCC,,,TriangularGrid_trg_5-04-6_5_1.p,intuitionistic,auto,1,false,,5,0,3,provable,unknown,timeout,,two-sided,IMELL,4078,13,5028.231,346590,211880,130177,135473217,0,0,2048,5010.000,1012.334,auto,30
lltp,ILL/petri-nets/MCC,,,UtahNoC_100_1.p,intuitionistic,auto,1,false,,5,0,3,provable,unknown,timeout,,two-sided,IMELL,5826,99,5053.264,8702251,8480181,210886,52426666,0,0,2048,5040.000,903.411,auto,30
lltp,ILL/petri-nets/MCC,,,UtahNoC_10_1.p,intuitionistic,auto,1,false,,5,0,3,provable,proved,,ok,two-sided,IMELL,5826,100,934.387,1374807,1311749,60223,8955535,0,0,2048,930.000,205.925,auto,30
lltp,ILL/petri-nets/MCC,,,UtahNoC_1_1.p,intuitionistic,auto,1,false,,5,0,3,provable,proved,,ok,two-sided,IMELL,5826,99,0.718,132,115,13,7603,0,0,2048,0.000,0.019,auto,30
lltp,ILL/petri-nets/MCC,,,UtahNoC_5_1.p,intuitionistic,auto,1,false,,5,0,3,provable,proved,,ok,two-sided,IMELL,5826,100,934.012,1374807,1311749,60223,8955535,0,0,2048,930.000,199.506,auto,30
lltp,ILL/petri-nets/MCC,,,Vasy2003_100_1.p,intuitionistic,auto,1,false,,5,0,3,provable,unknown,timeout,,two-sided,IMELL,5738,105,5048.003,204659,0,204653,108610566,0,0,2048,5030.000,337.891,auto,30
lltp,ILL/petri-nets/MCC,,,Vasy2003_1_1.p,intuitionistic,auto,1,false,,5,0,3,provable,proved,,ok,two-sided,IMELL,5738,105,0.450,3,0,2,62,0,0,2048,0.000,0.043,auto,30
lltp,ILL/petri-nets/MCC,,,Vasy2003_20_1.p,intuitionistic,auto,1,false,,5,0,3,provable,unknown,timeout,,two-sided,IMELL,5738,105,5081.886,317798,0,317792,245318496,0,0,2048,5070.000,302.177,auto,30
lltp,ILL/petri-nets/MCC,,,Vasy2003_50_1.p,intuitionistic,auto,1,false,,5,0,3,provable,unknown,timeout,,two-sided,IMELL,5738,105,5042.616,189945,0,189939,96016591,0,0,2048,5020.000,339.041,auto,30
lltp,ILL/petri-nets/MCC,,,Vasy2003_5_1.p,intuitionistic,auto,1,false,,5,0,3,provable,unknown,timeout,,two-sided,IMELL,5738,105,5000.843,9,0,4,278135547,0,0,2048,4980.000,895.057,auto,30
