source,family,size,index,problem,mode,engine_requested,jobs,portfolio,test_period,timeout_s,run,copies,expected,verdict,reason,checked,engine,fragment,occurrences,multiplicity,time_ms,nodes,memo_hits,memo_entries,splits,links,tests,recursion_limit,cpu_ms,wait_ms,bias,forward_copies
lltp,ILL/ILLTP-SYJ-01,,,SYJ202+1.005.p,intuitionistic,auto,16,false,,5,0,3,provable,unknown,copy_bound,,two-sided,ILL,630,5,22.447,202196,129449,49785,0,0,0,2048,160.000,0.943,auto,30
lltp,ILL/ILLTP-SYJ-01,,,SYJ202+1.006.p,intuitionistic,auto,16,false,,5,0,3,provable,unknown,copy_bound,,two-sided,ILL,1033,6,80.621,506773,328883,123616,0,0,0,2048,560.000,1.136,auto,30
lltp,ILL/ILLTP-SYJ-01,,,SYJ202+1.007.p,intuitionistic,auto,16,false,,5,0,3,provable,unknown,copy_bound,,two-sided,ILL,1577,7,243.579,1094139,716872,272589,0,0,0,2048,1430.000,1.025,auto,30
lltp,ILL/ILLTP-SYJ-01,,,SYJ202+1.008.p,intuitionistic,auto,16,false,,5,0,3,provable,unknown,copy_bound,,two-sided,ILL,2283,8,549.265,2078301,1353633,551281,0,0,0,2048,3200.000,3.919,auto,30
lltp,ILL/ILLTP-SYJ-01,,,SYJ202+1.009.p,intuitionistic,auto,16,false,,5,0,3,provable,unknown,copy_bound,,two-sided,ILL,3172,9,1232.949,3768472,2457132,1027759,0,0,0,2048,6510.000,8.175,auto,30
lltp,ILL/ILLTP-SYJ-01,,,SYJ202+1.010.p,intuitionistic,auto,16,false,,5,0,3,,unknown,recursion_limit,,two-sided,ILL,4265,10,6.309,1533,0,1020,0,0,0,2048,0.000,0.000,auto,30
lltp,ILL/ILLTP-SYJ-01,,,SYJ202+1.011.p,intuitionistic,auto,16,false,,5,0,3,,unknown,recursion_limit,,two-sided,ILL,5583,22,7.810,1533,0,1020,0,0,0,2048,0.000,0.000,auto,30
lltp,ILL/ILLTP-SYJ-01,,,SYJ202+1.012.p,intuitionistic,auto,16,false,,5,0,3,,unknown,recursion_limit,,two-sided,ILL,7147,24,9.782,1533,0,1020,0,0,0,2048,0.000,0.000,auto,30
lltp,ILL/ILLTP-SYJ-01,,,SYJ202+1.013.p,intuitionistic,auto,16,false,,5,0,3,,unknown,recursion_limit,,two-sided,ILL,8978,26,12.224,1533,0,1020,0,0,0,2048,10.000,0.000,auto,30
lltp,ILL/ILLTP-SYJ-01,,,SYJ202+1.014.p,intuitionistic,auto,16,false,,5,0,3,,unknown,recursion_limit,,two-sided,ILL,11097,28,16.942,1533,0,1020,0,0,0,2048,10.000,0.000,auto,30
lltp,ILL/ILLTP-SYJ-01,,,SYJ202+1.015.p,intuitionistic,auto,16,false,,5,0,3,,unknown,recursion_limit,,two-sided,ILL,13525,30,23.353,1533,0,1020,0,0,0,2048,30.000,0.018,auto,30
lltp,ILL/ILLTP-SYJ-01,,,SYJ206+1.015.p,intuitionistic,auto,16,false,,5,0,3,provable,unknown,copy_bound,,two-sided,ILL,753630,32768,370.961,12564,3507,3227,685,0,0,2048,2240.000,0.051,auto,30
lltp,ILL/ILLTP-SYJ-01,,,SYJ206+1.016.p,intuitionistic,auto,16,false,,5,0,3,provable,unknown,copy_bound,,two-sided,ILL,1507294,65536,815.458,13814,3866,3511,706,0,0,2048,5300.000,0.141,auto,30
lltp,ILL/ILLTP-SYJ-01,,,SYJ206+1.017.p,intuitionistic,auto,16,false,,5,0,3,provable,unknown,copy_bound,,two-sided,ILL,3014622,131072,1861.042,14954,4387,3736,728,0,0,2048,13440.000,0.288,auto,30
lltp,ILL/ILLTP-SYJ-01,,,SYJ206+1.018.p,intuitionistic,auto,16,false,,5,0,,,unknown,crash (signal: 6 (SIGABRT) (core dumped)): note: run with `RUST_BACKTRACE=1` environment variable to display a backtrace,,,,,,7273.204,,,,,,,,,,auto,30
lltp,ILL/ILLTP-SYJ-01,,,SYJ206+1.019.p,intuitionistic,auto,16,false,,5,0,,,unknown,crash (signal: 6 (SIGABRT) (core dumped)): note: run with `RUST_BACKTRACE=1` environment variable to display a backtrace,,,,,,8224.086,,,,,,,,,,auto,30
lltp,ILL/ILLTP-SYJ-01,,,SYJ206+1.020.p,intuitionistic,auto,16,false,,5,0,,,unknown,killed,,,,,,10602.515,,,,,,,,,,auto,30
lltp,ILL/ILLTP-SYJ-01,,,SYJ208+1.008.p,intuitionistic,auto,16,false,,5,0,3,unprovable,unknown,copy_bound,,two-sided,ILL,2355,8,572.084,2284765,1535784,552405,0,0,0,2048,3380.000,3.107,auto,30
lltp,ILL/ILLTP-SYJ-01,,,SYJ208+1.009.p,intuitionistic,auto,16,false,,5,0,3,unprovable,unknown,copy_bound,,two-sided,ILL,3252,9,1301.360,3945889,2603711,1032058,0,0,0,2048,6810.000,10.050,auto,30
lltp,ILL/ILLTP-SYJ-01,,,SYJ208+1.010.p,intuitionistic,auto,16,false,,5,0,3,unprovable,unknown,recursion_limit,,two-sided,ILL,4353,10,6.439,1533,0,1020,0,0,0,2048,0.000,0.000,auto,30
lltp,ILL/ILLTP-SYJ-01,,,SYJ208+1.011.p,intuitionistic,auto,16,false,,5,0,3,unprovable,unknown,recursion_limit,,two-sided,ILL,5679,22,7.849,1533,0,1020,0,0,0,2048,0.000,0.000,auto,30
lltp,ILL/ILLTP-SYJ-01,,,SYJ208+1.012.p,intuitionistic,auto,16,false,,5,0,3,unprovable,unknown,recursion_limit,,two-sided,ILL,7251,24,9.938,1533,0,1021,0,0,0,2048,0.000,0.006,auto,30
lltp,ILL/ILLTP-SYJ-01,,,SYJ208+1.013.p,intuitionistic,auto,16,false,,5,0,3,unprovable,unknown,recursion_limit,,two-sided,ILL,9090,26,12.591,1533,0,1021,0,0,0,2048,10.000,0.000,auto,30
lltp,ILL/ILLTP-SYJ-01,,,SYJ208+1.014.p,intuitionistic,auto,16,false,,5,0,3,unprovable,unknown,recursion_limit,,two-sided,ILL,11217,28,15.670,1533,0,1020,0,0,0,2048,10.000,0.000,auto,30
lltp,ILL/ILLTP-SYJ-01,,,SYJ208+1.015.p,intuitionistic,auto,16,false,,5,0,3,unprovable,unknown,recursion_limit,,two-sided,ILL,13653,30,20.292,1533,0,1020,0,0,0,2048,30.000,0.002,auto,30
lltp,ILL/ILLTP-SYJ-01,,,SYJ212+1.015.p,intuitionistic,auto,16,false,,5,0,3,unprovable,unknown,copy_bound,,two-sided,ILL,950238,32768,450.135,11647,3420,2947,637,0,0,2048,2700.000,0.049,auto,30
lltp,ILL/ILLTP-SYJ-01,,,SYJ212+1.016.p,intuitionistic,auto,16,false,,5,0,3,unprovable,unknown,copy_bound,,two-sided,ILL,1900510,65536,1007.010,13151,3770,3414,678,0,0,2048,6640.000,0.122,auto,30
lltp,ILL/ILLTP-SYJ-01,,,SYJ212+1.017.p,intuitionistic,auto,16,false,,5,0,3,unprovable,unknown,copy_bound,,two-sided,ILL,3801054,131072,2523.698,15029,4428,3896,726,0,0,2048,18020.000,0.384,auto,30
lltp,ILL/ILLTP-SYJ-01,,,SYJ212+1.018.p,intuitionistic,auto,16,false,,5,0,,,unknown,crash (signal: 6 (SIGABRT) (core dumped)): note: run with `RUST_BACKTRACE=1` environment variable to display a backtrace,,,,,,7442.486,,,,,,,,,,auto,30
lltp,ILL/ILLTP-SYJ-01,,,SYJ212+1.019.p,intuitionistic,auto,16,false,,5,0,,,unknown,crash (signal: 6 (SIGABRT) (core dumped)): note: run with `RUST_BACKTRACE=1` environment variable to display a backtrace,,,,,,9345.909,,,,,,,,,,auto,30
lltp,ILL/ILLTP-SYJ-01,,,SYJ212+1.020.p,intuitionistic,auto,16,false,,5,0,,,unknown,killed,,,,,,10644.605,,,,,,,,,,auto,30
lltp,ILL/ILLTP-SYJ-cbn,,,SYJ202+1.005.p,intuitionistic,auto,16,false,,5,0,3,provable,unknown,copy_bound,,two-sided,ILL,555,5,18.686,140816,89627,33643,0,0,0,2048,130.000,0.321,auto,30
lltp,ILL/ILLTP-SYJ-cbn,,,SYJ202+1.006.p,intuitionistic,auto,16,false,,5,0,3,provable,unknown,copy_bound,,two-sided,ILL,907,6,41.385,337271,217818,83463,0,0,0,2048,330.000,0.396,auto,30
lltp,ILL/ILLTP-SYJ-cbn,,,SYJ202+1.007.p,intuitionistic,auto,16,false,,5,0,3,provable,unknown,copy_bound,,two-sided,ILL,1381,7,130.691,712510,462558,183800,0,0,0,2048,900.000,1.236,auto,30
lltp,ILL/ILLTP-SYJ-cbn,,,SYJ202+1.008.p,intuitionistic,auto,16,false,,5,0,3,provable,unknown,copy_bound,,two-sided,ILL,1995,8,305.192,1404075,918337,369742,0,0,0,2048,2040.000,2.537,auto,30
lltp,ILL/ILLTP-SYJ-cbn,,,SYJ202+1.009.p,intuitionistic,auto,16,false,,5,0,3,provable,unknown,copy_bound,,two-sided,ILL,2767,9,686.151,2503051,1621163,691359,0,0,0,2048,4190.000,7.086,auto,30
lltp,ILL/ILLTP-SYJ-cbn,,,SYJ202+1.010.p,intuitionistic,auto,16,false,,5,0,3,,unknown,recursion_limit,,two-sided,ILL,3715,10,5.557,1024,0,511,0,0,0,2048,0.000,0.000,auto,30
lltp,ILL/ILLTP-SYJ-cbn,,,SYJ202+1.011.p,intuitionistic,auto,16,false,,5,0,3,,unknown,recursion_limit,,two-sided,ILL,4857,22,5.949,1024,0,511,0,0,0,2048,0.000,0.000,auto,30
lltp,ILL/ILLTP-SYJ-cbn,,,SYJ202+1.012.p,intuitionistic,auto,16,false,,5,0,3,,unknown,recursion_limit,,two-sided,ILL,6211,24,8.749,1024,0,511,0,0,0,2048,0.000,0.000,auto,30
lltp,ILL/ILLTP-SYJ-cbn,,,SYJ202+1.013.p,intuitionistic,auto,16,false,,5,0,3,,unknown,recursion_limit,,two-sided,ILL,7795,26,9.389,1024,0,512,0,0,0,2048,10.000,0.000,auto,30
lltp,ILL/ILLTP-SYJ-cbn,,,SYJ202+1.014.p,intuitionistic,auto,16,false,,5,0,3,,unknown,recursion_limit,,two-sided,ILL,9627,28,11.461,1024,0,511,0,0,0,2048,10.000,0.000,auto,30
lltp,ILL/ILLTP-SYJ-cbn,,,SYJ202+1.015.p,intuitionistic,auto,16,false,,5,0,3,,unknown,recursion_limit,,two-sided,ILL,11725,30,15.284,1024,0,511,0,0,0,2048,10.000,0.000,auto,30
lltp,ILL/ILLTP-SYJ-cbn,,,SYJ206+1.015.p,intuitionistic,auto,16,false,,5,0,3,provable,unknown,copy_bound,,two-sided,ILL,524265,32768,369.365,19053,7709,10229,7862,0,0,2048,2630.000,7.754,auto,30
lltp,ILL/ILLTP-SYJ-cbn,,,SYJ206+1.016.p,intuitionistic,auto,16,false,,5,0,3,provable,unknown,copy_bound,,two-sided,ILL,1048553,65536,503.897,11295,3911,6307,6680,0,0,2048,4830.000,47.425,auto,30
lltp,ILL/ILLTP-SYJ-cbn,,,SYJ206+1.017.p,intuitionistic,auto,16,false,,5,0,3,provable,unknown,copy_bound,,two-sided,ILL,2097129,131072,1050.159,9338,2773,5587,5353,0,0,2048,10880.000,77.226,auto,30
lltp,ILL/ILLTP-SYJ-cbn,,,SYJ206+1.018.p,intuitionistic,auto,16,false,,5,0,3,provable,unknown,copy_bound,,two-sided,ILL,4194281,262144,1272.052,4634,1151,2689,2112,0,0,2048,11410.000,66.134,auto,30
lltp,ILL/ILLTP-SYJ-cbn,,,SYJ206+1.019.p,intuitionistic,auto,16,false,,5,0,3,provable,unknown,copy_bound,,two-sided,ILL,8388585,524288,3017.892,5108,1418,2888,2288,0,0,2048,28110.000,78.711,auto,30
lltp,ILL/ILLTP-SYJ-cbn,,,SYJ206+1.020.p,intuitionistic,auto,16,false,,5,0,,,unknown,killed,,,,,,10928.322,,,,,,,,,,auto,30
lltp,ILL/ILLTP-SYJ-cbn,,,SYJ208+1.008.p,intuitionistic,auto,16,false,,5,0,3,unprovable,unknown,copy_bound,,two-sided,ILL,2049,8,348.743,1495347,994026,369778,0,0,0,2048,2170.000,2.179,auto,30
lltp,ILL/ILLTP-SYJ-cbn,,,SYJ208+1.009.p,intuitionistic,auto,16,false,,5,0,3,unprovable,unknown,copy_bound,,two-sided,ILL,2827,9,705.259,2485233,1607220,690933,0,0,0,2048,4320.000,3.997,auto,30
lltp,ILL/ILLTP-SYJ-cbn,,,SYJ208+1.010.p,intuitionistic,auto,16,false,,5,0,3,unprovable,unknown,recursion_limit,,two-sided,ILL,3781,10,4.743,1024,0,511,0,0,0,2048,0.000,0.000,auto,30
lltp,ILL/ILLTP-SYJ-cbn,,,SYJ208+1.011.p,intuitionistic,auto,16,false,,5,0,3,unprovable,unknown,recursion_limit,,two-sided,ILL,4929,22,5.837,1024,0,511,0,0,0,2048,0.000,0.000,auto,30
lltp,ILL/ILLTP-SYJ-cbn,,,SYJ208+1.012.p,intuitionistic,auto,16,false,,5,0,3,unprovable,unknown,recursion_limit,,two-sided,ILL,6289,24,7.347,1024,0,511,0,0,0,2048,0.000,0.000,auto,30
lltp,ILL/ILLTP-SYJ-cbn,,,SYJ208+1.013.p,intuitionistic,auto,16,false,,5,0,3,unprovable,unknown,recursion_limit,,two-sided,ILL,7879,26,9.144,1024,0,511,0,0,0,2048,10.000,0.010,auto,30
lltp,ILL/ILLTP-SYJ-cbn,,,SYJ208+1.014.p,intuitionistic,auto,16,false,,5,0,3,unprovable,unknown,recursion_limit,,two-sided,ILL,9717,28,14.858,1024,0,511,0,0,0,2048,10.000,0.008,auto,30
lltp,ILL/ILLTP-SYJ-cbn,,,SYJ208+1.015.p,intuitionistic,auto,16,false,,5,0,3,unprovable,unknown,recursion_limit,,two-sided,ILL,11821,30,15.930,1024,0,511,0,0,0,2048,10.000,0.000,auto,30
lltp,ILL/ILLTP-SYJ-cbn,,,SYJ212+1.015.p,intuitionistic,auto,16,false,,5,0,3,unprovable,unknown,copy_bound,,two-sided,ILL,671721,32768,128.101,3905,922,2286,2073,0,0,2048,1010.000,3.867,auto,30
lltp,ILL/ILLTP-SYJ-cbn,,,SYJ212+1.016.p,intuitionistic,auto,16,false,,5,0,3,unprovable,unknown,copy_bound,,two-sided,ILL,1343465,65536,360.110,5957,1560,3479,3602,0,0,2048,4120.000,48.054,auto,30
lltp,ILL/ILLTP-SYJ-cbn,,,SYJ212+1.017.p,intuitionistic,auto,16,false,,5,0,3,unprovable,unknown,copy_bound,,two-sided,ILL,2686953,131072,902.064,5737,1226,3666,3315,0,0,2048,11370.000,113.584,auto,30
lltp,ILL/ILLTP-SYJ-cbn,,,SYJ212+1.018.p,intuitionistic,auto,16,false,,5,0,3,unprovable,unknown,copy_bound,,two-sided,ILL,5373929,262144,1785.685,5079,1310,2990,2439,0,0,2048,15910.000,57.101,auto,30
lltp,ILL/ILLTP-SYJ-cbn,,,SYJ212+1.019.p,intuitionistic,auto,16,false,,5,0,,,unknown,crash (signal: 6 (SIGABRT) (core dumped)): note: run with `RUST_BACKTRACE=1` environment variable to display a backtrace,,,,,,8552.488,,,,,,,,,,auto,30
lltp,ILL/ILLTP-SYJ-cbn,,,SYJ212+1.020.p,intuitionistic,auto,16,false,,5,0,,,unknown,killed,,,,,,10890.947,,,,,,,,,,auto,30
lltp,ILL/ILLTP-SYJ-cbv,,,SYJ202+1.005.p,intuitionistic,auto,16,false,,5,0,3,provable,proved,,ok,two-sided,ILL,533,5,145.385,513733,261120,236235,417318,0,0,2048,1260.000,2.327,auto,30
lltp,ILL/ILLTP-SYJ-cbv,,,SYJ202+1.006.p,intuitionistic,auto,16,false,,5,0,3,provable,proved,,ok,two-sided,ILL,874,6,2620.762,13253805,7734643,1048576,11266492,0,0,2048,25270.000,14.592,auto,30
lltp,ILL/ILLTP-SYJ-cbv,,,SYJ202+1.007.p,intuitionistic,auto,16,false,,5,0,3,provable,unknown,timeout,,two-sided,ILL,1335,7,6597.280,22429278,6108658,1048576,8996862,0,0,2048,74270.000,19.991,auto,30
lltp,ILL/ILLTP-SYJ-cbv,,,SYJ202+1.008.p,intuitionistic,auto,16,false,,5,0,,,unknown,killed,,,,,,10503.779,,,,,,,,,,auto,30
lltp,ILL/ILLTP-SYJ-cbv,,,SYJ202+1.009.p,intuitionistic,auto,16,false,,5,0,,,unknown,killed,,,,,,10502.560,,,,,,,,,,auto,30
lltp,ILL/ILLTP-SYJ-cbv,,,SYJ202+1.010.p,intuitionistic,auto,16,false,,5,0,,,unknown,killed,,,,,,10503.379,,,,,,,,,,auto,30
lltp,ILL/ILLTP-SYJ-cbv,,,SYJ202+1.011.p,intuitionistic,auto,16,false,,5,0,,,unknown,killed,,,,,,10504.041,,,,,,,,,,auto,30
lltp,ILL/ILLTP-SYJ-cbv,,,SYJ202+1.012.p,intuitionistic,auto,16,false,,5,0,,,unknown,killed,,,,,,10504.917,,,,,,,,,,auto,30
lltp,ILL/ILLTP-SYJ-cbv,,,SYJ202+1.013.p,intuitionistic,auto,16,false,,5,0,,,unknown,killed,,,,,,10505.323,,,,,,,,,,auto,30
lltp,ILL/ILLTP-SYJ-cbv,,,SYJ202+1.014.p,intuitionistic,auto,16,false,,5,0,,,unknown,killed,,,,,,10506.653,,,,,,,,,,auto,30
lltp,ILL/ILLTP-SYJ-cbv,,,SYJ202+1.015.p,intuitionistic,auto,16,false,,5,0,,,unknown,killed,,,,,,10508.746,,,,,,,,,,auto,30
lltp,ILL/ILLTP-SYJ-cbv,,,SYJ206+1.015.p,intuitionistic,auto,16,false,,5,0,3,provable,unknown,timeout,,two-sided,IMELL,720865,32768,5092.119,70465,42020,19837,39559,0,0,2048,6330.000,0.876,auto,30
lltp,ILL/ILLTP-SYJ-cbv,,,SYJ206+1.016.p,intuitionistic,auto,16,false,,5,0,3,provable,unknown,timeout,,two-sided,IMELL,1441761,65536,5105.844,37948,21047,13547,20478,0,0,2048,8000.000,0.578,auto,30
lltp,ILL/ILLTP-SYJ-cbv,,,SYJ206+1.017.p,intuitionistic,auto,16,false,,5,0,3,provable,unknown,timeout,,two-sided,IMELL,2883553,131072,5076.376,13222,6630,5635,6701,0,0,2048,6730.000,0.528,auto,30
lltp,ILL/ILLTP-SYJ-cbv,,,SYJ206+1.018.p,intuitionistic,auto,16,false,,5,0,3,provable,unknown,timeout,,two-sided,IMELL,5767137,262144,5127.549,4960,2354,2460,2445,0,0,2048,5990.000,0.510,auto,30
lltp,ILL/ILLTP-SYJ-cbv,,,SYJ206+1.019.p,intuitionistic,auto,16,false,,5,0,3,provable,unknown,timeout,,two-sided,IMELL,11534305,524288,5040.126,2146,871,1185,1088,0,0,2048,7130.000,4.627,auto,30
lltp,ILL/ILLTP-SYJ-cbv,,,SYJ206+1.020.p,intuitionistic,auto,16,false,,5,0,,,unknown,killed,,,,,,10614.628,,,,,,,,,,auto,30
lltp,ILL/ILLTP-SYJ-cbv,,,SYJ208+1.008.p,intuitionistic,auto,16,false,,5,0,,,unknown,killed,,,,,,10502.202,,,,,,,,,,auto,30
lltp,ILL/ILLTP-SYJ-cbv,,,SYJ208+1.009.p,intuitionistic,auto,16,false,,5,0,,,unknown,killed,,,,,,10503.494,,,,,,,,,,auto,30
lltp,ILL/ILLTP-SYJ-cbv,,,SYJ208+1.010.p,intuitionistic,auto,16,false,,5,0,,,unknown,killed,,,,,,10502.266,,,,,,,,,,auto,30
lltp,ILL/ILLTP-SYJ-cbv,,,SYJ208+1.011.p,intuitionistic,auto,16,false,,5,0,,,unknown,killed,,,,,,10503.888,,,,,,,,,,auto,30
lltp,ILL/ILLTP-SYJ-cbv,,,SYJ208+1.012.p,intuitionistic,auto,16,false,,5,0,,,unknown,killed,,,,,,10505.106,,,,,,,,,,auto,30
lltp,ILL/ILLTP-SYJ-cbv,,,SYJ208+1.013.p,intuitionistic,auto,16,false,,5,0,,,unknown,killed,,,,,,10505.903,,,,,,,,,,auto,30
lltp,ILL/ILLTP-SYJ-cbv,,,SYJ208+1.014.p,intuitionistic,auto,16,false,,5,0,,,unknown,killed,,,,,,10505.976,,,,,,,,,,auto,30
lltp,ILL/ILLTP-SYJ-cbv,,,SYJ208+1.015.p,intuitionistic,auto,16,false,,5,0,,,unknown,killed,,,,,,10508.758,,,,,,,,,,auto,30
lltp,ILL/ILLTP-SYJ-cbv,,,SYJ212+1.015.p,intuitionistic,auto,16,false,,5,0,3,unprovable,unknown,timeout,,two-sided,ILL,868321,32768,5109.360,56991,33504,17125,31842,0,0,2048,6590.000,1.188,auto,30
lltp,ILL/ILLTP-SYJ-cbv,,,SYJ212+1.016.p,intuitionistic,auto,16,false,,5,0,3,unprovable,unknown,timeout,,two-sided,ILL,1736673,65536,5224.333,31162,16761,11974,17026,0,0,2048,8580.000,0.820,auto,30
lltp,ILL/ILLTP-SYJ-cbv,,,SYJ212+1.017.p,intuitionistic,auto,16,false,,5,0,3,unprovable,unknown,timeout,,two-sided,ILL,3473377,131072,5127.089,9012,4401,4228,4858,0,0,2048,6200.000,0.701,auto,30
lltp,ILL/ILLTP-SYJ-cbv,,,SYJ212+1.018.p,intuitionistic,auto,16,false,,5,0,3,unprovable,unknown,timeout,,two-sided,ILL,6946785,262144,5140.174,3870,1762,1983,1885,0,0,2048,6250.000,0.808,auto,30
lltp,ILL/ILLTP-SYJ-cbv,,,SYJ212+1.019.p,intuitionistic,auto,16,false,,5,0,,,unknown,killed,,,,,,10590.874,,,,,,,,,,auto,30
lltp,ILL/ILLTP-SYJ-cbv,,,SYJ212+1.020.p,intuitionistic,auto,16,false,,5,0,,,unknown,killed,,,,,,10599.335,,,,,,,,,,auto,30
lltp,ILL/petri-nets/MCC,,,AirplaneLD-pt-0010_10_1.p,intuitionistic,auto,16,false,,5,0,3,provable,unknown,timeout,,two-sided,IMELL,808,25,5129.488,8143808,0,1048621,3406125011,0,0,2048,74540.000,287.245,auto,30
lltp,ILL/petri-nets/MCC,,,AirplaneLD-pt-0010_1_1.p,intuitionistic,auto,16,false,,5,0,3,provable,proved,,ok,two-sided,IMELL,816,25,10.306,47,0,2,3724640,0,0,2048,80.000,0.926,auto,30
lltp,ILL/petri-nets/MCC,,,AirplaneLD-pt-0010_20_1.p,intuitionistic,auto,16,false,,5,0,3,provable,unknown,timeout,,two-sided,IMELL,812,25,5002.358,47,0,45,4299360365,0,0,2048,79760.000,7.434,auto,30
lltp,ILL/petri-nets/MCC,,,AirplaneLD-pt-0010_5_1.p,intuitionistic,auto,16,false,,5,0,3,provable,unknown,timeout,,two-sided,IMELL,816,25,5007.696,47,0,45,4275436916,0,0,2048,79780.000,7.700,auto,30
lltp,ILL/petri-nets/MCC,,,Angiogenesis_angiogenesis-01_5_1.p,intuitionistic,auto,16,false,,5,0,3,provable,proved,,ok,two-sided,IMELL,396,10,1.525,3792,638,2840,12222,0,0,2048,10.000,0.000,auto,30
lltp,ILL/petri-nets/MCC,,,Angiogenesis_angiogenesis-05_10_1.p,intuitionistic,auto,16,false,,5,0,3,provable,proved,,ok,two-sided,IMELL,518,14,36.496,72193,52120,8207,14125941,0,0,2048,490.000,2.194,auto,30
lltp,ILL/petri-nets/MCC,,,Angiogenesis_angiogenesis-05_1_1.p,intuitionistic,auto,16,false,,5,0,3,provable,proved,,ok,two-sided,IMELL,526,14,1.050,898,2,771,7520,0,0,2048,0.000,0.008,auto,30
lltp,ILL/petri-nets/MCC,,,Angiogenesis_angiogenesis-05_20_1.p,intuitionistic,auto,16,false,,5,0,3,provable,unknown,timeout,,two-sided,IMELL,514,14,5094.948,11517429,9091022,811714,2231677875,0,0,2048,72540.000,191.302,auto,30
lltp,ILL/petri-nets/MCC,,,Angiogenesis_angiogenesis-05_50_1.p,intuitionistic,auto,16,false,,5,0,3,provable,unknown,timeout,,two-sided,IMELL,500,14,5103.689,13422016,10613075,1046038,2547207307,0,0,2048,74270.000,364.366,auto,30
lltp,ILL/petri-nets/MCC,,,Angiogenesis_angiogenesis-05_5_1.p,intuitionistic,auto,16,false,,5,0,3,provable,proved,,ok,two-sided,IMELL,518,14,2.541,473,210,132,367919,0,0,2048,10.000,0.000,auto,30
lltp,ILL/petri-nets/MCC,,,Angiogenesis_angiogenesis-10_10_1.p,intuitionistic,auto,16,false,,5,0,3,provable,proved,,ok,two-sided,IMELL,668,19,87.554,135493,97788,16681,25447301,0,0,2048,1240.000,11.505,auto,30
lltp,ILL/petri-nets/MCC,,,Angiogenesis_angiogenesis-10_1_1.p,intuitionistic,auto,16,false,,5,0,3,provable,proved,,ok,two-sided,IMELL,686,19,0.743,130,0,6,9712,0,0,2048,0.000,0.000,auto,30
lltp,ILL/petri-nets/MCC,,,Angiogenesis_angiogenesis-10_20_1.p,intuitionistic,auto,16,false,,5,0,3,provable,unknown,timeout,,two-sided,IMELL,668,19,5074.036,7854682,6144698,603407,1609134943,0,0,2048,72350.000,193.660,auto,30
lltp,ILL/petri-nets/MCC,,,Angiogenesis_angiogenesis-10_5_1.p,intuitionistic,auto,16,false,,5,0,3,provable,proved,,ok,two-sided,IMELL,678,19,2.646,401,164,121,396774,0,0,2048,10.000,0.000,auto,30
lltp,ILL/petri-nets/MCC,,,Angiogenesis_angiogenesis-15_1_1.p,intuitionistic,auto,16,false,,5,0,3,provable,proved,,ok,two-sided,IMELL,846,24,0.950,130,0,7,14712,0,0,2048,0.000,0.000,auto,30
lltp,ILL/petri-nets/MCC,,,AutoFlight_afcs_02_a_100_1.p,intuitionistic,auto,16,false,,5,0,3,provable,proved,,ok,two-sided,IMELL,390,5,49.327,227371,95107,105447,2007078,0,0,2048,370.000,0.076,auto,30
lltp,ILL/petri-nets/MCC,,,AutoFlight_afcs_02_a_10_1.p,intuitionistic,auto,16,false,,5,0,3,provable,unknown,timeout,,two-sided,IMELL,390,5,5058.152,63324326,61199366,1273067,1334561624,0,0,2048,51530.000,13.131,auto,30
lltp,ILL/petri-nets/MCC,,,AutoFlight_afcs_02_a_20_1.p,intuitionistic,auto,16,false,,5,0,3,provable,proved,,ok,two-sided,IMELL,390,5,3.769,15312,4952,8902,509643,0,0,2048,30.000,0.000,auto,30
lltp,ILL/petri-nets/MCC,,,AutoFlight_afcs_02_a_50_1.p,intuitionistic,auto,16,false,,5,0,3,provable,proved,,ok,two-sided,IMELL,390,5,29.145,126399,51071,60660,1256022,0,0,2048,200.000,0.000,auto,30
lltp,ILL/petri-nets/MCC,,,AutoFlight_afcs_02_a_5_1.p,intuitionistic,auto,16,false,,5,0,3,provable,proved,,ok,two-sided,IMELL,390,5,80.859,230689,179,230423,14732762,0,0,2048,620.000,4.434,auto,30
lltp,ILL/petri-nets/MCC,,,AutoFlight_afcs_03_a_100_1.p,intuitionistic,auto,16,false,,5,0,3,provable,proved,,ok,two-sided,IMELL,562,6,980.910,4587129,2995069,1021823,175280846,0,0,2048,11670.000,35.810,auto,30
lltp,ILL/petri-nets/MCC,,,AutoFlight_afcs_03_a_10_1.p,intuitionistic,auto,16,false,,5,0,3,provable,unknown,timeout,,two-sided,IMELL,562,6,5198.905,11651588,463,2097152,2230757102,0,0,2048,65150.000,171.159,auto,30
lltp,ILL/petri-nets/MCC,,,AutoFlight_afcs_03_a_20_1.p,intuitionistic,auto,16,false,,5,0,3,provable,proved,,ok,two-sided,IMELL,562,6,1018.136,4551272,2967798,1016467,175089730,0,0,2048,12060.000,34.011,auto,30
lltp,ILL/petri-nets/MCC,,,AutoFlight_afcs_03_a_50_1.p,intuitionistic,auto,16,false,,5,0,3,provable,proved,,ok,two-sided,IMELL,562,6,42.410,228987,98274,112368,1436878,0,0,2048,390.000,0.062,auto,30
lltp,ILL/petri-nets/MCC,,,AutoFlight_afcs_03_a_5_1.p,intuitionistic,auto,16,false,,5,0,3,provable,unknown,timeout,,two-sided,IMELL,562,6,5241.304,13621743,311428,2097152,1191767011,0,0,2048,48800.000,4.163,auto,30
lltp,ILL/petri-nets/MCC,,,AutoFlight_afcs_04_a_10_1.p,intuitionistic,auto,16,false,,5,0,3,provable,unknown,timeout,,two-sided,IMELL,734,7,5003.388,38941,300,38594,3591235991,0,0,2048,59600.000,0.644,auto,30
lltp,ILL/petri-nets/MCC,,,AutoFlight_afcs_04_a_1_1.p,intuitionistic,auto,16,false,,5,0,3,provable,proved,,ok,two-sided,IMELL,734,7,1.028,30,0,27,102212,0,0,2048,0.000,0.000,auto,30
lltp,ILL/petri-nets/MCC,,,AutoFlight_afcs_04_a_20_1.p,intuitionistic,auto,16,false,,5,0,3,provable,unknown,timeout,,two-sided,IMELL,734,7,5060.998,13039872,251,1048594,698954102,0,0,2048,37540.000,0.718,auto,30
lltp,ILL/petri-nets/MCC,,,AutoFlight_afcs_04_a_5_1.p,intuitionistic,auto,16,false,,5,0,3,provable,unknown,timeout,,two-sided,IMELL,734,7,5001.386,472,364,58,4420739450,0,0,2048,78890.000,10.590,auto,30
lltp,ILL/petri-nets/MCC,,,AutoFlight_afcs_05_a_10_1.p,intuitionistic,auto,16,false,,5,0,3,provable,unknown,timeout,,two-sided,IMELL,906,8,5000.775,48,0,43,4456000254,0,0,2048,79630.000,13.532,auto,30
lltp,ILL/petri-nets/MCC,,,AutoFlight_afcs_05_a_1_1.p,intuitionistic,auto,16,false,,5,0,3,provable,proved,,ok,two-sided,IMELL,906,8,1.176,36,0,33,166101,0,0,2048,0.000,0.000,auto,30
lltp,ILL/petri-nets/MCC,,,AutoFlight_afcs_05_a_20_1.p,intuitionistic,auto,16,false,,5,0,3,provable,unknown,timeout,,two-sided,IMELL,906,8,5035.422,10638040,305,1048599,1321982224,0,0,2048,39660.000,0.496,auto,30
lltp,ILL/petri-nets/MCC,,,AutoFlight_afcs_05_a_50_1.p,intuitionistic,auto,16,false,,5,0,3,provable,unknown,timeout,,two-sided,IMELL,906,8,5142.924,26108833,13517226,1614965,783889487,0,0,2048,70590.000,308.414,auto,30
lltp,ILL/petri-nets/MCC,,,AutoFlight_afcs_05_a_5_1.p,intuitionistic,auto,16,false,,5,0,3,provable,unknown,timeout,,two-sided,IMELL,906,8,5001.195,44,0,39,4407912556,0,0,2048,79770.000,9.018,auto,30
lltp,ILL/petri-nets/MCC,,,AutoFlight_afcs_06_a_100_1.p,intuitionistic,auto,16,false,,5,0,3,provable,unknown,timeout,,two-sided,IMELL,1078,9,5198.281,9433353,438,1048603,666613055,0,0,2048,28410.000,0.702,auto,30
lltp,ILL/petri-nets/MCC,,,AutoFlight_afcs_06_a_10_1.p,intuitionistic,auto,16,false,,5,0,3,provable,unknown,timeout,,two-sided,IMELL,1078,9,5131.880,5252442,680,1048594,2794826455,0,0,2048,67810.000,179.602,auto,30
lltp,ILL/petri-nets/MCC,,,AutoFlight_afcs_06_a_1_1.p,intuitionistic,auto,16,false,,5,0,3,provable,proved,,ok,two-sided,IMELL,1078,9,1.247,37,0,28,101669,0,0,2048,0.000,0.000,auto,30
lltp,ILL/petri-nets/MCC,,,AutoFlight_afcs_06_a_20_1.p,intuitionistic,auto,16,false,,5,0,3,provable,unknown,timeout,,two-sided,IMELL,1078,9,5048.422,6319871,978,1048594,2684713741,0,0,2048,65820.000,145.463,auto,30
lltp,ILL/petri-nets/MCC,,,AutoFlight_afcs_06_a_50_1.p,intuitionistic,auto,16,false,,5,0,3,provable,unknown,timeout,,two-sided,IMELL,1078,9,5236.304,10472163,440,1048603,363574107,0,0,2048,24720.000,1.191,auto,30
lltp,ILL/petri-nets/MCC,,,AutoFlight_afcs_06_a_5_1.p,intuitionistic,auto,16,false,,5,0,3,provable,unknown,timeout,,two-sided,IMELL,1078,9,5001.501,52,0,47,4470366778,0,0,2048,79190.000,9.338,auto,30
lltp,ILL/petri-nets/MCC,,,BridgeAndVehicles-V04-P05-N02-unfolded_10_1.p,intuitionistic,auto,16,false,,5,0,3,provable,proved,,ok,two-sided,IMELL,748,27,6.769,24632,20594,2362,1797402,0,0,2048,60.000,0.000,auto,30
lltp,ILL/petri-nets/MCC,,,BridgeAndVehicles-V04-P05-N02-unfolded_1_1.p,intuitionistic,auto,16,false,,5,0,3,provable,proved,,ok,two-sided,IMELL,750,27,1.220,6,0,2,82078,0,0,2048,0.000,0.000,auto,30
lltp,ILL/petri-nets/MCC,,,BridgeAndVehicles-V04-P05-N02-unfolded_20_1.p,intuitionistic,auto,16,false,,5,0,3,provable,proved,,ok,two-sided,IMELL,748,27,85.554,578417,521421,9759,25479119,0,0,2048,1140.000,7.152,auto,30
lltp,ILL/petri-nets/MCC,,,BridgeAndVehicles-V04-P05-N02-unfolded_50_1.p,intuitionistic,auto,16,false,,5,0,3,provable,unknown,timeout,,two-sided,IMELL,750,27,5000.816,638975,380061,9636,1494692759,0,0,2048,42180.000,13.296,auto,30
lltp,ILL/petri-nets/MCC,,,BridgeAndVehicles-V04-P05-N02-unfolded_5_1.p,intuitionistic,auto,16,false,,5,0,3,provable,proved,,ok,two-sided,IMELL,748,27,3.112,1317,201,994,808388,0,0,2048,20.000,0.000,auto,30
lltp,ILL/petri-nets/MCC,,,BridgeAndVehicles-V10-P10-N10-unfolded_100_1.p,intuitionistic,auto,16,false,,5,0,3,provable,unknown,timeout,,two-sided,IMELL,4384,223,5030.603,19389969,18899219,85121,1338551730,0,0,2048,72280.000,220.874,auto,30
lltp,ILL/petri-nets/MCC,,,BridgeAndVehicles-V10-P10-N10-unfolded_10_1.p,intuitionistic,auto,16,false,,5,0,3,provable,proved,,ok,two-sided,IMELL,4384,223,63.828,87456,83237,1779,15200545,0,0,2048,690.000,9.714,auto,30
lltp,ILL/petri-nets/MCC,,,BridgeAndVehicles-V10-P10-N10-unfolded_1_1.p,intuitionistic,auto,16,false,,5,0,3,provable,proved,,ok,two-sided,IMELL,4386,223,2.151,6,0,4,108858,0,0,2048,10.000,0.000,auto,30
lltp,ILL/petri-nets/MCC,,,BridgeAndVehicles-V10-P10-N10-unfolded_20_1.p,intuitionistic,auto,16,false,,5,0,3,provable,proved,,ok,two-sided,IMELL,4386,223,5008.902,15787161,15290064,77814,222303902,0,0,2048,63430.000,34.834,auto,30
lltp,ILL/petri-nets/MCC,,,BridgeAndVehicles-V10-P10-N10-unfolded_50_1.p,intuitionistic,auto,16,false,,5,0,3,provable,unknown,timeout,,two-sided,IMELL,4386,223,5015.757,1278787,822381,64250,829002455,0,0,2048,71710.000,180.963,auto,30
lltp,ILL/petri-nets/MCC,,,BridgeAndVehicles-V10-P10-N10-unfolded_5_1.p,intuitionistic,auto,16,false,,5,0,3,provable,proved,,ok,two-sided,IMELL,4386,223,32.476,299,57,43,7648574,0,0,2048,260.000,0.011,auto,30
lltp,ILL/petri-nets/MCC,,,BridgeAndVehicles-V20-P10-N10-unfolded_100_1.p,intuitionistic,auto,16,false,,5,0,3,provable,unknown,timeout,,two-sided,IMELL,8420,443,5075.758,13382806,13164402,94370,442842091,0,0,2048,67760.000,144.773,auto,30
lltp,ILL/petri-nets/MCC,,,BridgeAndVehicles-V20-P10-N10-unfolded_10_1.p,intuitionistic,auto,16,false,,5,0,3,provable,proved,,ok,two-sided,IMELL,8426,443,140.547,102997,100109,788,34671847,0,0,2048,1580.000,11.330,auto,30
lltp,ILL/petri-nets/MCC,,,BridgeAndVehicles-V20-P10-N10-unfolded_1_1.p,intuitionistic,auto,16,false,,5,0,3,provable,proved,,ok,two-sided,IMELL,8426,443,3.208,6,0,2,94676,0,0,2048,20.000,0.000,auto,30
lltp,ILL/petri-nets/MCC,,,BridgeAndVehicles-V20-P10-N10-unfolded_20_1.p,intuitionistic,auto,16,false,,5,0,3,provable,unknown,timeout,,two-sided,IMELL,8426,443,5008.683,11152017,10971409,37696,211468821,0,0,2048,68090.000,68.712,auto,30
lltp,ILL/petri-nets/MCC,,,BridgeAndVehicles-V20-P10-N10-unfolded_50_1.p,intuitionistic,auto,16,false,,5,0,3,provable,unknown,timeout,,two-sided,IMELL,8424,443,5064.673,6073900,5901570,33663,1375993920,0,0,2048,74020.000,161.740,auto,30
lltp,ILL/petri-nets/MCC,,,BridgeAndVehicles-V20-P10-N10-unfolded_5_1.p,intuitionistic,auto,16,false,,5,0,3,provable,proved,,ok,two-sided,IMELL,8426,443,76.622,17875,17619,98,14335912,0,0,2048,630.000,0.774,auto,30
lltp,ILL/petri-nets/MCC,,,BridgeAndVehicles-V20-P10-N20-unfolded_100_1.p,intuitionistic,auto,16,false,,5,0,3,provable,unknown,timeout,,two-sided,IMELL,14984,843,5176.259,2773094,2648907,65288,1366921007,0,0,2048,70740.000,67.393,auto,30
lltp,ILL/petri-nets/MCC,,,BridgeAndVehicles-V20-P10-N20-unfolded_10_1.p,intuitionistic,auto,16,false,,5,0,3,provable,proved,,ok,two-sided,IMELL,14986,843,314.419,6226,3430,707,60862586,0,0,2048,3440.000,5.950,auto,30
lltp,ILL/petri-nets/MCC,,,BridgeAndVehicles-V20-P10-N20-unfolded_1_1.p,intuitionistic,auto,16,false,,5,0,3,provable,proved,,ok,two-sided,IMELL,14986,843,5.009,6,0,2,95096,0,0,2048,40.000,0.261,auto,30
lltp,ILL/petri-nets/MCC,,,BridgeAndVehicles-V20-P10-N20-unfolded_20_1.p,intuitionistic,auto,16,false,,5,0,3,provable,unknown,timeout,,two-sided,IMELL,14986,843,5168.997,237902,150412,16724,1663943819,0,0,2048,77390.000,99.909,auto,30
lltp,ILL/petri-nets/MCC,,,BridgeAndVehicles-V20-P10-N20-unfolded_50_1.p,intuitionistic,auto,16,false,,5,0,3,provable,unknown,timeout,,two-sided,IMELL,14984,843,5168.396,235222,147440,16645,1667935659,0,0,2048,77010.000,116.730,auto,30
lltp,ILL/petri-nets/MCC,,,BridgeAndVehicles-V20-P10-N20-unfolded_5_1.p,intuitionistic,auto,16,false,,5,0,3,provable,proved,,ok,two-sided,IMELL,14986,843,183.082,309,60,42,25619969,0,0,2048,1500.000,1.405,auto,30
lltp,ILL/petri-nets/MCC,,,CSRepetitions_cs_repetitions-2-unfolded_10_1.p,intuitionistic,auto,16,false,,5,0,3,provable,proved,,ok,two-sided,IMELL,222,10,14.187,190599,166520,10318,1584948,0,0,2048,160.000,0.100,auto,30
lltp,ILL/petri-nets/MCC,,,CSRepetitions_cs_repetitions-2-unfolded_50_1.p,intuitionistic,auto,16,false,,5,0,3,provable,proved,,ok,two-sided,IMELL,222,10,13.376,181678,158459,10321,1516489,0,0,2048,160.000,0.417,auto,30
lltp,ILL/petri-nets/MCC,,,CSRepetitions_cs_repetitions-3-unfolded_10_1.p,intuitionistic,auto,16,false,,5,0,3,provable,proved,,ok,two-sided,IMELL,634,30,1273.837,3327801,2521802,513320,531635429,0,0,2048,18010.000,90.701,auto,30
lltp,ILL/petri-nets/MCC,,,CSRepetitions_cs_repetitions-3-unfolded_20_1.p,intuitionistic,auto,16,false,,5,0,3,provable,proved,,ok,two-sided,IMELL,634,30,12.895,3057,1702,1017,2073029,0,0,2048,100.000,1.381,auto,30
lltp,ILL/petri-nets/MCC,,,CSRepetitions_cs_repetitions-3-unfolded_50_1.p,intuitionistic,auto,16,false,,5,0,3,provable,proved,,ok,two-sided,IMELL,634,30,31.981,125568,44675,74354,2353758,0,0,2048,270.000,0.388,auto,30
lltp,ILL/petri-nets/MCC,,,CSRepetitions_cs_repetitions-3-unfolded_5_1.p,intuitionistic,auto,16,false,,5,0,3,provable,proved,,ok,two-sided,IMELL,634,30,10.964,3736,2164,1110,1644606,0,0,2048,80.000,0.208,auto,30
lltp,ILL/petri-nets/MCC,,,CSRepetitions_cs_repetitions-4-unfolded_20_1.p,intuitionistic,auto,16,false,,5,0,3,provable,proved,,ok,two-sided,IMELL,1374,68,200.073,20821,13410,6098,44221805,0,0,2048,1630.000,2.142,auto,30
lltp,ILL/petri-nets/MCC,,,CSRepetitions_cs_repetitions-4-unfolded_50_1.p,intuitionistic,auto,16,false,,5,0,3,provable,proved,,ok,two-sided,IMELL,1374,68,448.855,1247590,575965,624416,43141389,0,0,2048,4440.000,12.492,auto,30
lltp,ILL/petri-nets/MCC,,,CSRepetitions_cs_repetitions-4-unfolded_5_1.p,intuitionistic,auto,16,false,,5,0,3,provable,proved,,ok,two-sided,IMELL,1374,68,10.255,21800,14093,6287,3200367,0,0,2048,130.000,2.221,auto,30
lltp,ILL/petri-nets/MCC,,,CSRepetitions_cs_repetitions-5-unfolded_20_1.p,intuitionistic,auto,16,false,,5,0,3,provable,proved,,ok,two-sided,IMELL,2538,130,365.661,75739,48998,23596,41710234,0,0,2048,3180.000,4.240,auto,30
lltp,ILL/petri-nets/MCC,,,CSRepetitions_cs_repetitions-5-unfolded_50_1.p,intuitionistic,auto,16,false,,5,0,3,provable,unknown,timeout,,two-sided,IMELL,2538,130,5334.887,11034956,5152074,2097152,904384113,0,0,2048,65740.000,264.828,auto,30
lltp,ILL/petri-nets/MCC,,,CSRepetitions_cs_repetitions-5-unfolded_5_1.p,intuitionistic,auto,16,false,,5,0,3,provable,proved,,ok,two-sided,IMELL,2538,130,496.511,689510,493492,166734,130554224,0,0,2048,7090.000,29.057,auto,30
lltp,ILL/petri-nets/MCC,,,CSRepetitions_cs_repetitions-7-unfolded_20_1.p,intuitionistic,auto,16,false,,5,0,3,provable,proved,,ok,two-sided,IMELL,6522,350,2596.782,1218891,880867,312330,172107490,0,0,2048,32530.000,116.722,auto,30
lltp,ILL/petri-nets/MCC,,,CSRepetitions_cs_repetitions-7-unfolded_50_1.p,intuitionistic,auto,16,false,,5,0,3,provable,unknown,timeout,,two-sided,IMELL,6522,350,5359.004,3193402,2197734,916876,1306368215,0,0,2048,77010.000,265.685,auto,30
lltp,ILL/petri-nets/MCC,,,CircadianClock_circadian_clock-000010_100_1.p,intuitionistic,auto,16,false,,5,0,3,provable,unknown,timeout,,two-sided,IMELL,322,14,5124.586,13961976,10507518,1048576,970542039,0,0,2048,67140.000,61.787,auto,30
lltp,ILL/petri-nets/MCC,,,CircadianClock_circadian_clock-000010_10_1.p,intuitionistic,auto,16,false,,5,0,3,provable,proved,,ok,two-sided,IMELL,322,14,34.975,79257,52688,14903,7009212,0,0,2048,390.000,0.104,auto,30
lltp,ILL/petri-nets/MCC,,,CircadianClock_circadian_clock-000010_1_1.p,intuitionistic,auto,16,false,,5,0,3,provable,proved,,ok,two-sided,IMELL,322,14,2.689,5,0,3,425509,0,0,2048,10.000,0.000,auto,30
lltp,ILL/petri-nets/MCC,,,CircadianClock_circadian_clock-000010_20_1.p,intuitionistic,auto,16,false,,5,0,3,provable,proved,,ok,two-sided,IMELL,322,14,37.187,78884,50859,15306,7621344,0,0,2048,410.000,0.648,auto,30
lltp,ILL/petri-nets/MCC,,,CircadianClock_circadian_clock-000010_50_1.p,intuitionistic,auto,16,false,,5,0,3,provable,unknown,timeout,,two-sided,IMELL,322,14,5128.129,13955226,10517126,1048576,1813416244,0,0,2048,67250.000,57.554,auto,30
lltp,ILL/petri-nets/MCC,,,CircadianClock_circadian_clock-000010_5_1.p,intuitionistic,auto,16,false,,5,0,3,provable,proved,,ok,two-sided,IMELL,322,14,2.873,323,100,119,503870,0,0,2048,20.000,0.000,auto,30
lltp,ILL/petri-nets/MCC,,,CircularTrains_CircularTrain-012_100_1.p,intuitionistic,auto,16,false,,5,0,3,provable,proved,,ok,two-sided,IMELL,142,3,6.739,8618,5162,225,1577075,0,0,2048,60.000,0.000,auto,30
lltp,ILL/petri-nets/MCC,,,CircularTrains_CircularTrain-012_10_1.p,intuitionistic,auto,16,false,,5,0,3,provable,proved,,ok,two-sided,IMELL,142,2,6.678,2777,1643,132,485361,0,0,2048,50.000,0.000,auto,30
lltp,ILL/petri-nets/MCC,,,CircularTrains_CircularTrain-012_20_1.p,intuitionistic,auto,16,false,,5,0,3,provable,proved,,ok,two-sided,IMELL,142,3,16.279,1491,845,108,5134163,0,0,2048,120.000,0.004,auto,30
lltp,ILL/petri-nets/MCC,,,CircularTrains_CircularTrain-012_50_1.p,intuitionistic,auto,16,false,,5,0,3,provable,proved,,ok,two-sided,IMELL,142,3,4.438,5913,3514,185,938642,0,0,2048,30.000,0.000,auto,30
lltp,ILL/petri-nets/MCC,,,CircularTrains_CircularTrain-024_100_1.p,intuitionistic,auto,16,false,,5,0,3,provable,proved,,ok,two-sided,IMELL,286,3,1015.312,5022083,4030655,59946,449695711,0,0,2048,15550.000,34.879,auto,30
lltp,ILL/petri-nets/MCC,,,CircularTrains_CircularTrain-024_10_1.p,intuitionistic,auto,16,false,,5,0,3,provable,proved,,ok,two-sided,IMELL,286,3,66.417,100739,79074,6269,16275697,0,0,2048,640.000,2.867,auto,30
lltp,ILL/petri-nets/MCC,,,CircularTrains_CircularTrain-024_1_1.p,intuitionistic,auto,16,false,,5,0,3,provable,proved,,ok,two-sided,IMELL,286,3,4.917,11,0,9,592153,0,0,2048,30.000,0.009,auto,30
lltp,ILL/petri-nets/MCC,,,CircularTrains_CircularTrain-024_20_1.p,intuitionistic,auto,16,false,,5,0,3,provable,proved,,ok,two-sided,IMELL,286,3,457.776,1847200,1484121,34740,169966746,0,0,2048,6190.000,11.285,auto,30
lltp,ILL/petri-nets/MCC,,,CircularTrains_CircularTrain-024_50_1.p,intuitionistic,auto,16,false,,5,0,3,provable,proved,,ok,two-sided,IMELL,286,3,875.385,4390788,3519755,55080,389692893,0,0,2048,13520.000,43.147,auto,30
lltp,ILL/petri-nets/MCC,,,CircularTrains_CircularTrain-024_5_1.p,intuitionistic,auto,16,false,,5,0,3,provable,proved,,ok,two-sided,IMELL,286,3,132.183,2261,1376,491,41422654,0,0,2048,1040.000,0.037,auto,30
lltp,ILL/petri-nets/MCC,,,CircularTrains_CircularTrain-048_100_1.p,intuitionistic,auto,16,false,,5,0,3,provable,proved,,ok,two-sided,IMELL,574,3,25.777,4521,2386,1686,7430404,0,0,2048,200.000,2.530,auto,30
lltp,ILL/petri-nets/MCC,,,CircularTrains_CircularTrain-048_10_1.p,intuitionistic,auto,16,false,,5,0,3,provable,unknown,timeout,,two-sided,IMELL,574,3,5076.095,14335884,12143272,1048576,2128303867,0,0,2048,75550.000,275.719,auto,30
lltp,ILL/petri-nets/MCC,,,CircularTrains_CircularTrain-048_1_1.p,intuitionistic,auto,16,false,,5,0,3,provable,proved,,ok,two-sided,IMELL,574,3,0.969,19,0,6,129014,0,0,2048,0.000,0.000,auto,30
lltp,ILL/petri-nets/MCC,,,CircularTrains_CircularTrain-048_20_1.p,intuitionistic,auto,16,false,,5,0,3,provable,unknown,timeout,,two-sided,IMELL,574,3,5105.661,14603045,12136081,1048576,1698307913,0,0,2048,76000.000,348.151,auto,30
lltp,ILL/petri-nets/MCC,,,CircularTrains_CircularTrain-048_50_1.p,intuitionistic,auto,16,false,,5,0,3,provable,proved,,ok,two-sided,IMELL,574,3,1.366,196,9,99,234393,0,0,2048,0.000,0.000,auto,30
lltp,ILL/petri-nets/MCC,,,CircularTrains_CircularTrain-048_5_1.p,intuitionistic,auto,16,false,,5,0,3,provable,proved,,ok,two-sided,IMELL,574,3,146.978,24268,16393,5796,40162982,0,0,2048,1190.000,0.032,auto,30
lltp,ILL/petri-nets/MCC,,,ClientsAndServers-0001-0_100_1.p,intuitionistic,auto,16,false,,5,0,3,provable,unknown,timeout,,two-sided,IMELL,178,9,5000.592,31328630,31291455,3027,126800456,0,0,2048,32220.000,0.815,auto,30
lltp,ILL/petri-nets/MCC,,,ClientsAndServers-0001-0_10_1.p,intuitionistic,auto,16,false,,5,0,3,provable,proved,,ok,two-sided,IMELL,190,9,1.643,5701,5368,86,41884,0,0,2048,0.000,0.077,auto,30
lltp,ILL/petri-nets/MCC,,,ClientsAndServers-0001-0_20_1.p,intuitionistic,auto,16,false,,5,0,3,provable,proved,,ok,two-sided,IMELL,182,9,11.731,61554,56299,636,397231,0,0,2048,60.000,0.000,auto,30
lltp,ILL/petri-nets/MCC,,,ClientsAndServers-0001-0_50_1.p,intuitionistic,auto,16,false,,5,0,3,provable,unknown,timeout,,two-sided,IMELL,178,9,5000.757,29519210,29482864,3024,125069290,0,0,2048,33240.000,1.051,auto,30
lltp,ILL/petri-nets/MCC,,,ClientsAndServers-0001-0_5_1.p,intuitionistic,auto,16,false,,5,0,3,provable,proved,,ok,two-sided,IMELL,184,9,0.986,1014,962,21,11025,0,0,2048,0.000,0.000,auto,30
lltp,ILL/petri-nets/MCC,,,ClientsAndServers-0002-0_100_1.p,intuitionistic,auto,16,false,,5,0,3,provable,unknown,timeout,,two-sided,IMELL,250,17,5000.841,514210,370996,13649,2063387943,0,0,2048,40750.000,0.599,auto,30
lltp,ILL/petri-nets/MCC,,,ClientsAndServers-0002-0_10_1.p,intuitionistic,auto,16,false,,5,0,3,provable,proved,,ok,two-sided,IMELL,262,17,2.202,682,336,100,444454,0,0,2048,10.000,0.000,auto,30
lltp,ILL/petri-nets/MCC,,,ClientsAndServers-0002-0_1_1.p,intuitionistic,auto,16,false,,5,0,3,provable,proved,,ok,two-sided,IMELL,244,17,0.570,31,2,19,25320,0,0,2048,0.000,0.000,auto,30
lltp,ILL/petri-nets/MCC,,,ClientsAndServers-0002-0_20_1.p,intuitionistic,auto,16,false,,5,0,3,provable,proved,,ok,two-sided,IMELL,270,17,31.110,139934,128104,1675,1574560,0,0,2048,200.000,0.004,auto,30
lltp,ILL/petri-nets/MCC,,,ClientsAndServers-0002-0_50_1.p,intuitionistic,auto,16,false,,5,0,3,provable,unknown,timeout,,two-sided,IMELL,258,17,5000.764,21657045,21513814,13670,927650497,0,0,2048,34340.000,0.849,auto,30
lltp,ILL/petri-nets/MCC,,,ClientsAndServers-0002-0_5_1.p,intuitionistic,auto,16,false,,5,0,3,provable,proved,,ok,two-sided,IMELL,252,17,1.158,441,382,20,139450,0,0,2048,0.000,0.000,auto,30
lltp,ILL/petri-nets/MCC,,,ClientsAndServers-0002-1_100_1.p,intuitionistic,auto,16,false,,5,0,3,provable,unknown,timeout,,two-sided,IMELL,266,17,5001.288,1987708,1843574,13849,2869141834,0,0,2048,40700.000,0.582,auto,30
lltp,ILL/petri-nets/MCC,,,ClientsAndServers-0002-1_10_1.p,intuitionistic,auto,16,false,,5,0,3,provable,proved,,ok,two-sided,IMELL,282,17,2.536,722,366,104,526868,0,0,2048,10.000,0.000,auto,30
lltp,ILL/petri-nets/MCC,,,ClientsAndServers-0002-1_1_1.p,intuitionistic,auto,16,false,,5,0,3,provable,proved,,ok,two-sided,IMELL,264,17,0.494,19,0,8,20908,0,0,2048,0.000,0.000,auto,30
lltp,ILL/petri-nets/MCC,,,ClientsAndServers-0002-1_20_1.p,intuitionistic,auto,16,false,,5,0,3,provable,proved,,ok,two-sided,IMELL,290,17,30.095,124748,113566,1665,1356576,0,0,2048,210.000,0.006,auto,30
lltp,ILL/petri-nets/MCC,,,ClientsAndServers-0002-1_50_1.p,intuitionistic,auto,16,false,,5,0,3,provable,unknown,timeout,,two-sided,IMELL,278,17,5000.899,26056913,25915545,13864,316027825,0,0,2048,31760.000,0.820,auto,30
lltp,ILL/petri-nets/MCC,,,ClientsAndServers-0002-1_5_1.p,intuitionistic,auto,16,false,,5,0,3,provable,proved,,ok,two-sided,IMELL,272,17,0.944,783,729,21,157121,0,0,2048,0.000,0.000,auto,30
lltp,ILL/petri-nets/MCC,,,ClientsAndServers-0005-0_10_1.p,intuitionistic,auto,16,false,,5,0,3,provable,proved,,ok,two-sided,IMELL,466,41,2.710,685,312,111,539675,0,0,2048,10.000,0.000,auto,30
lltp,ILL/petri-nets/MCC,,,ClientsAndServers-0005-0_1_1.p,intuitionistic,auto,16,false,,5,0,3,provable,proved,,ok,two-sided,IMELL,448,41,0.671,218,0,207,42794,0,0,2048,0.000,0.000,auto,30
lltp,ILL/petri-nets/MCC,,,ClientsAndServers-0005-0_20_1.p,intuitionistic,auto,16,false,,5,0,3,provable,proved,,ok,two-sided,IMELL,486,41,60.789,39373,26263,2094,11325176,0,0,2048,600.000,0.011,auto,30
lltp,ILL/petri-nets/MCC,,,ClientsAndServers-0005-0_5_1.p,intuitionistic,auto,16,false,,5,0,3,provable,proved,,ok,two-sided,IMELL,456,41,2.072,45,3,16,485635,0,0,2048,10.000,0.000,auto,30
lltp,ILL/petri-nets/MCC,,,ClientsAndServers-0005-1_10_1.p,intuitionistic,auto,16,false,,5,0,3,provable,proved,,ok,two-sided,IMELL,486,41,3.616,707,323,109,715044,0,0,2048,30.000,0.007,auto,30
lltp,ILL/petri-nets/MCC,,,ClientsAndServers-0005-1_1_1.p,intuitionistic,auto,16,false,,5,0,3,provable,proved,,ok,two-sided,IMELL,468,41,0.774,17,0,6,34416,0,0,2048,0.000,0.000,auto,30
lltp,ILL/petri-nets/MCC,,,ClientsAndServers-0005-1_20_1.p,intuitionistic,auto,16,false,,5,0,3,provable,proved,,ok,two-sided,IMELL,506,41,56.064,35372,23636,2090,10303583,0,0,2048,550.000,2.415,auto,30
lltp,ILL/petri-nets/MCC,,,ClientsAndServers-0005-1_5_1.p,intuitionistic,auto,16,false,,5,0,3,provable,proved,,ok,two-sided,IMELL,476,41,1.891,44,3,16,440002,0,0,2048,10.000,0.000,auto,30
lltp,ILL/petri-nets/MCC,,,CloudDeployment_deploy_2_a_100_1.p,intuitionistic,auto,16,false,,5,0,3,provable,proved,,ok,two-sided,IMELL,1662,44,1.025,238,134,25,2350,0,0,2048,0.000,0.006,auto,30
lltp,ILL/petri-nets/MCC,,,CloudDeployment_deploy_2_a_10_1.p,intuitionistic,auto,16,false,,5,0,3,provable,proved,,ok,two-sided,IMELL,1662,44,0.883,246,146,18,2336,0,0,2048,0.000,0.000,auto,30
lltp,ILL/petri-nets/MCC,,,CloudDeployment_deploy_2_a_1_1.p,intuitionistic,auto,16,false,,5,0,3,provable,proved,,ok,two-sided,IMELL,1662,44,1.007,403,303,16,3045,0,0,2048,0.000,0.000,auto,30
lltp,ILL/petri-nets/MCC,,,CloudDeployment_deploy_2_a_20_1.p,intuitionistic,auto,16,false,,5,0,3,provable,proved,,ok,two-sided,IMELL,1662,44,1.159,134,40,10,1867,0,0,2048,0.000,0.000,auto,30
lltp,ILL/petri-nets/MCC,,,CloudDeployment_deploy_2_a_50_1.p,intuitionistic,auto,16,false,,5,0,3,provable,proved,,ok,two-sided,IMELL,1662,44,0.837,117,24,11,1771,0,0,2048,0.000,0.000,auto,30
lltp,ILL/petri-nets/MCC,,,CloudDeployment_deploy_2_a_5_1.p,intuitionistic,auto,16,false,,5,0,3,provable,proved,,ok,two-sided,IMELL,1662,44,1.124,619,516,26,3995,0,0,2048,0.000,0.000,auto,30
lltp,ILL/petri-nets/MCC,,,CloudDeployment_deploy_3_a_100_1.p,intuitionistic,auto,16,false,,5,0,3,provable,unknown,timeout,,two-sided,IMELL,3246,92,5259.604,42857113,41793384,1041612,1311385512,0,0,2048,69150.000,74.832,auto,30
lltp,ILL/petri-nets/MCC,,,CloudDeployment_deploy_3_a_10_1.p,intuitionistic,auto,16,false,,5,0,3,provable,proved,,ok,two-sided,IMELL,3250,92,1.822,327,137,111,225525,0,0,2048,10.000,0.000,auto,30
lltp,ILL/petri-nets/MCC,,,CloudDeployment_deploy_3_a_1_1.p,intuitionistic,auto,16,false,,5,0,3,provable,proved,,ok,two-sided,IMELL,3250,92,1.309,414,239,18,4753,0,0,2048,0.000,0.000,auto,30
lltp,ILL/petri-nets/MCC,,,CloudDeployment_deploy_3_a_20_1.p,intuitionistic,auto,16,false,,5,0,3,provable,proved,,ok,two-sided,IMELL,3250,92,1.890,375,178,129,254633,0,0,2048,10.000,0.000,auto,30
lltp,ILL/petri-nets/MCC,,,CloudDeployment_deploy_3_a_50_1.p,intuitionistic,auto,16,false,,5,0,3,provable,unknown,timeout,,two-sided,IMELL,3250,92,5241.597,43490140,42426446,1041551,1277214878,0,0,2048,69370.000,63.137,auto,30
lltp,ILL/petri-nets/MCC,,,CloudDeployment_deploy_3_a_5_1.p,intuitionistic,auto,16,false,,5,0,3,provable,proved,,ok,two-sided,IMELL,3250,92,1.981,439,235,149,301740,0,0,2048,10.000,0.000,auto,30
lltp,ILL/petri-nets/MCC,,,CloudDeployment_deploy_3_b_100_1.p,intuitionistic,auto,16,false,,5,0,3,provable,unknown,timeout,,two-sided,IMELL,8210,110,5005.058,21872441,21814851,35551,90946426,0,0,2048,25510.000,35.603,auto,30
lltp,ILL/petri-nets/MCC,,,CloudDeployment_deploy_3_b_10_1.p,intuitionistic,auto,16,false,,5,0,3,provable,unknown,timeout,,two-sided,IMELL,8200,109,5005.617,23951035,23881317,42868,94937413,0,0,2048,28130.000,32.359,auto,30
lltp,ILL/petri-nets/MCC,,,CloudDeployment_deploy_3_b_20_1.p,intuitionistic,auto,16,false,,5,0,3,provable,unknown,timeout,,two-sided,IMELL,8204,109,5006.207,24093717,24024098,42874,95764421,0,0,2048,28120.000,30.041,auto,30
lltp,ILL/petri-nets/MCC,,,CloudDeployment_deploy_3_b_50_1.p,intuitionistic,auto,16,false,,5,0,3,provable,unknown,timeout,,two-sided,IMELL,8212,110,5006.785,21606602,21544235,40032,88394650,0,0,2048,25040.000,13.972,auto,30
lltp,ILL/petri-nets/MCC,,,CloudDeployment_deploy_3_b_5_1.p,intuitionistic,auto,16,false,,5,0,3,provable,proved,,ok,two-sided,IMELL,8198,109,170.799,863452,854615,4570,4989078,0,0,2048,2260.000,4.624,auto,30
lltp,ILL/petri-nets/MCC,,,CloudDeployment_deploy_4_a_100_1.p,intuitionistic,auto,16,false,,5,0,3,provable,unknown,timeout,,two-sided,IMELL,5350,158,5055.569,15861031,12823186,1116036,1397408149,0,0,2048,61680.000,83.283,auto,30
lltp,ILL/petri-nets/MCC,,,CloudDeployment_deploy_4_a_10_1.p,intuitionistic,auto,16,false,,5,0,3,provable,proved,,ok,two-sided,IMELL,5350,158,1.692,719,459,27,9034,0,0,2048,0.000,0.000,auto,30
lltp,ILL/petri-nets/MCC,,,CloudDeployment_deploy_4_a_1_1.p,intuitionistic,auto,16,false,,5,0,3,provable,proved,,ok,two-sided,IMELL,5350,158,1.622,732,472,28,9087,0,0,2048,0.000,0.000,auto,30
lltp,ILL/petri-nets/MCC,,,CloudDeployment_deploy_4_a_5_1.p,intuitionistic,auto,16,false,,5,0,3,provable,proved,,ok,two-sided,IMELL,5350,158,1.639,570,308,30,7737,0,0,2048,0.000,0.000,auto,30
lltp,ILL/petri-nets/MCC,,,CloudDeployment_deploy_4_b_100_1.p,intuitionistic,auto,16,false,,5,0,3,provable,unknown,timeout,,two-sided,IMELL,18010,256,5007.836,16434301,16392433,23651,92984710,0,0,2048,59820.000,160.124,auto,30
lltp,ILL/petri-nets/MCC,,,CloudDeployment_deploy_4_b_10_1.p,intuitionistic,auto,16,false,,5,0,3,provable,unknown,timeout,,two-sided,IMELL,18008,256,5009.125,15435000,15389540,30476,88963835,0,0,2048,58210.000,126.631,auto,30
lltp,ILL/petri-nets/MCC,,,CloudDeployment_deploy_4_b_20_1.p,intuitionistic,auto,16,false,,5,0,3,provable,unknown,timeout,,two-sided,IMELL,18016,256,5007.868,16235937,16193919,23590,91690620,0,0,2048,59910.000,139.601,auto,30
lltp,ILL/petri-nets/MCC,,,CloudDeployment_deploy_4_b_50_1.p,intuitionistic,auto,16,false,,5,0,3,provable,unknown,timeout,,two-sided,IMELL,18016,256,5005.810,15889568,15848901,23572,90427108,0,0,2048,59210.000,132.626,auto,30
lltp,ILL/petri-nets/MCC,,,CloudDeployment_deploy_4_b_5_1.p,intuitionistic,auto,16,false,,5,0,3,provable,proved,,ok,two-sided,IMELL,18000,256,762.076,1835782,1822442,7289,13053098,0,0,2048,9660.000,30.617,auto,30
lltp,ILL/petri-nets/MCC,,,CloudDeployment_deploy_5_a_100_1.p,intuitionistic,auto,16,false,,5,0,3,provable,unknown,timeout,,two-sided,IMELL,7954,242,5356.485,3101802,678,1048889,1701230208,0,0,2048,67430.000,205.746,auto,30
lltp,ILL/petri-nets/MCC,,,CloudDeployment_deploy_5_a_10_1.p,intuitionistic,auto,16,false,,5,0,3,provable,proved,,ok,two-sided,IMELL,7962,242,3.548,714,349,163,303881,0,0,2048,30.000,0.592,auto,30
lltp,ILL/petri-nets/MCC,,,CloudDeployment_deploy_5_a_1_1.p,intuitionistic,auto,16,false,,5,0,3,provable,proved,,ok,two-sided,IMELL,7962,242,2.118,802,442,24,12091,0,0,2048,10.000,0.000,auto,30
lltp,ILL/petri-nets/MCC,,,CloudDeployment_deploy_5_a_5_1.p,intuitionistic,auto,16,false,,5,0,3,provable,proved,,ok,two-sided,IMELL,7962,242,5.201,995,546,333,411181,0,0,2048,50.000,2.445,auto,30
lltp,ILL/petri-nets/MCC,,,CloudDeployment_deploy_6_a_1_1.p,intuitionistic,auto,16,false,,5,0,3,provable,proved,,ok,two-sided,IMELL,11086,344,3.160,1479,1005,33,22930,0,0,2048,20.000,0.012,auto,30
lltp,ILL/petri-nets/MCC,,,CloudDeployment_deploy_6_a_5_1.p,intuitionistic,auto,16,false,,5,0,3,provable,proved,,ok,two-sided,IMELL,11086,344,2.704,1169,695,18,19122,0,0,2048,20.000,0.001,auto,30
lltp,ILL/petri-nets/MCC,,,CloudDeployment_deploy_7_a_1_1.p,intuitionistic,auto,16,false,,5,0,3,provable,proved,,ok,two-sided,IMELL,14722,464,2.946,391,62,23,10778,0,0,2048,20.000,0.013,auto,30
lltp,ILL/petri-nets/MCC,,,CloudDeployment_deploy_7_a_5_1.p,intuitionistic,auto,16,false,,5,0,3,provable,proved,,ok,two-sided,IMELL,14722,464,3.938,358,33,15,10283,0,0,2048,20.000,0.000,auto,30
lltp,ILL/petri-nets/MCC,,,DES_des_00_a_10_1.p,intuitionistic,auto,16,false,,5,0,3,provable,proved,,ok,two-sided,IMELL,830,6,20.554,12368,8646,1135,10675528,0,0,2048,200.000,0.031,auto,30
lltp,ILL/petri-nets/MCC,,,DES_des_00_a_1_1.p,intuitionistic,auto,16,false,,5,0,3,provable,proved,,ok,two-sided,IMELL,828,6,1.032,29,5,21,98375,0,0,2048,0.000,0.003,auto,30
lltp,ILL/petri-nets/MCC,,,DES_des_00_a_20_1.p,intuitionistic,auto,16,false,,5,0,3,provable,proved,,ok,two-sided,IMELL,832,7,1969.479,11488793,9016801,1112051,391748019,0,0,2048,17640.000,0.237,auto,30
lltp,ILL/petri-nets/MCC,,,DES_des_00_a_50_1.p,intuitionistic,auto,16,false,,5,0,3,provable,unknown,timeout,,two-sided,IMELL,830,6,5080.610,11589898,3258030,1184115,1080445729,0,0,2048,49460.000,1.182,auto,30
lltp,ILL/petri-nets/MCC,,,DES_des_00_a_5_1.p,intuitionistic,auto,16,false,,5,0,3,provable,proved,,ok,two-sided,IMELL,830,7,1.390,96,17,44,327544,0,0,2048,10.000,0.000,auto,30
lltp,ILL/petri-nets/MCC,,,DES_des_01_a_10_1.p,intuitionistic,auto,16,false,,5,0,3,provable,proved,,ok,two-sided,IMELL,850,6,14.678,9055,6254,933,7465607,0,0,2048,140.000,0.001,auto,30
lltp,ILL/petri-nets/MCC,,,DES_des_01_a_1_1.p,intuitionistic,auto,16,false,,5,0,3,provable,proved,,ok,two-sided,IMELL,852,6,1.038,26,4,17,98342,0,0,2048,0.000,0.030,auto,30
lltp,ILL/petri-nets/MCC,,,DES_des_01_a_20_1.p,intuitionistic,auto,16,false,,5,0,3,provable,proved,,ok,two-sided,IMELL,846,7,677.340,4141312,3486676,551535,164900492,0,0,2048,6390.000,0.103,auto,30
lltp,ILL/petri-nets/MCC,,,DES_des_01_a_50_1.p,intuitionistic,auto,16,false,,5,0,3,provable,unknown,timeout,,two-sided,IMELL,844,6,5008.920,4001038,3056867,91433,2444954785,0,0,2048,53380.000,0.984,auto,30
lltp,ILL/petri-nets/MCC,,,DES_des_01_a_5_1.p,intuitionistic,auto,16,false,,5,0,3,provable,proved,,ok,two-sided,IMELL,850,6,1.300,96,19,44,296795,0,0,2048,10.000,0.000,auto,30
lltp,ILL/petri-nets/MCC,,,DES_des_02_a_10_1.p,intuitionistic,auto,16,false,,5,0,3,provable,proved,,ok,two-sided,IMELL,892,7,16.189,9875,6984,1131,7455045,0,0,2048,150.000,0.000,auto,30
lltp,ILL/petri-nets/MCC,,,DES_des_02_a_1_1.p,intuitionistic,auto,16,false,,5,0,3,provable,proved,,ok,two-sided,IMELL,890,7,0.840,29,4,16,312,0,0,2048,0.000,0.000,auto,30
lltp,ILL/petri-nets/MCC,,,DES_des_02_a_20_1.p,intuitionistic,auto,16,false,,5,0,3,provable,proved,,ok,two-sided,IMELL,892,7,2316.272,1579205,1208423,60054,1138639219,0,0,2048,24310.000,1.774,auto,30
lltp,ILL/petri-nets/MCC,,,DES_des_02_a_50_1.p,intuitionistic,auto,16,false,,5,0,3,provable,unknown,timeout,,two-sided,IMELL,888,7,5020.797,3579482,2734840,116037,2487774093,0,0,2048,53240.000,0.819,auto,30
lltp,ILL/petri-nets/MCC,,,DES_des_02_a_5_1.p,intuitionistic,auto,16,false,,5,0,3,provable,proved,,ok,two-sided,IMELL,890,7,1.541,103,21,47,370969,0,0,2048,10.000,0.000,auto,30
lltp,ILL/petri-nets/MCC,,,DES_des_05_a_10_1.p,intuitionistic,auto,16,false,,5,0,3,provable,proved,,ok,two-sided,IMELL,1008,10,25.971,297081,290377,4457,7941772,0,0,2048,250.000,0.004,auto,30
lltp,ILL/petri-nets/MCC,,,DES_des_05_a_1_1.p,intuitionistic,auto,16,false,,5,0,3,provable,proved,,ok,two-sided,IMELL,1004,10,0.913,40,10,27,98597,0,0,2048,0.000,0.000,auto,30
lltp,ILL/petri-nets/MCC,,,DES_des_05_a_20_1.p,intuitionistic,auto,16,false,,5,0,3,provable,proved,,ok,two-sided,IMELL,1006,10,2964.142,17406965,16428292,640244,1039462329,0,0,2048,28450.000,0.416,auto,30
lltp,ILL/petri-nets/MCC,,,DES_des_05_a_50_1.p,intuitionistic,auto,16,false,,5,0,3,provable,unknown,timeout,,two-sided,IMELL,1006,10,5038.711,3028706,2302148,103623,2505442542,0,0,2048,53030.000,0.830,auto,30
lltp,ILL/petri-nets/MCC,,,DES_des_05_a_5_1.p,intuitionistic,auto,16,false,,5,0,3,provable,proved,,ok,two-sided,IMELL,1006,10,1.937,4769,4360,330,347463,0,0,2048,10.000,0.000,auto,30
lltp,ILL/petri-nets/MCC,,,DES_des_10_a_10_1.p,intuitionistic,auto,16,false,,5,0,3,provable,proved,,ok,two-sided,IMELL,1194,15,18.279,8628,6005,1135,6344895,0,0,2048,190.000,0.000,auto,30
lltp,ILL/petri-nets/MCC,,,DES_des_10_a_1_1.p,intuitionistic,auto,16,false,,5,0,3,provable,proved,,ok,two-sided,IMELL,1194,15,1.199,22,1,9,123158,0,0,2048,0.000,0.000,auto,30
lltp,ILL/petri-nets/MCC,,,DES_des_10_a_20_1.p,intuitionistic,auto,16,false,,5,0,3,provable,proved,,ok,two-sided,IMELL,1196,15,1958.812,1019484,766295,63505,834417742,0,0,2048,21360.000,3.144,auto,30
lltp,ILL/petri-nets/MCC,,,DES_des_10_a_50_1.p,intuitionistic,auto,16,false,,5,0,3,provable,unknown,timeout,,two-sided,IMELL,1196,15,5015.260,2479124,1887851,88689,2343919930,0,0,2048,53080.000,0.704,auto,30
lltp,ILL/petri-nets/MCC,,,DES_des_10_a_5_1.p,intuitionistic,auto,16,false,,5,0,3,provable,proved,,ok,two-sided,IMELL,1194,15,1.664,100,21,46,366524,0,0,2048,10.000,0.002,auto,30
lltp,ILL/petri-nets/MCC,,,DES_des_20_a_100_1.p,intuitionistic,auto,16,false,,5,0,3,provable,unknown,timeout,,two-sided,IMELL,1578,25,5034.058,1721437,1296564,64207,1681735473,0,0,2048,52800.000,3.915,auto,30
lltp,ILL/petri-nets/MCC,,,DES_des_20_a_10_1.p,intuitionistic,auto,16,false,,5,0,3,provable,proved,,ok,two-sided,IMELL,1576,25,33.583,12165,8912,1135,15214827,0,0,2048,330.000,0.003,auto,30
lltp,ILL/petri-nets/MCC,,,DES_des_20_a_1_1.p,intuitionistic,auto,16,false,,5,0,3,provable,proved,,ok,two-sided,IMELL,1574,25,1.053,38,9,25,120994,0,0,2048,0.000,0.000,auto,30
lltp,ILL/petri-nets/MCC,,,DES_des_20_a_20_1.p,intuitionistic,auto,16,false,,5,0,3,provable,unknown,timeout,,two-sided,IMELL,1578,25,5035.651,1651437,1257370,62504,2428077616,0,0,2048,52890.000,0.819,auto,30
lltp,ILL/petri-nets/MCC,,,DES_des_20_a_50_1.p,intuitionistic,auto,16,false,,5,0,3,provable,unknown,timeout,,two-sided,IMELL,1578,25,5011.117,1796908,1374445,67743,2400894522,0,0,2048,52890.000,0.779,auto,30
lltp,ILL/petri-nets/MCC,,,DES_des_20_a_5_1.p,intuitionistic,auto,16,false,,5,0,3,provable,proved,,ok,two-sided,IMELL,1576,25,1.833,98,21,46,266519,0,0,2048,10.000,0.000,auto,30
lltp,ILL/petri-nets/MCC,,,DES_des_30_a_100_1.p,intuitionistic,auto,16,false,,5,0,3,provable,unknown,timeout,,two-sided,IMELL,1942,35,5018.582,1408179,1051956,54463,1596425011,0,0,2048,53170.000,0.645,auto,30
lltp,ILL/petri-nets/MCC,,,DES_des_30_a_10_1.p,intuitionistic,auto,16,false,,5,0,3,provable,proved,,ok,two-sided,IMELL,1946,35,48.679,11798,8507,1137,14262883,0,0,2048,480.000,0.153,auto,30
lltp,ILL/petri-nets/MCC,,,DES_des_30_a_1_1.p,intuitionistic,auto,16,false,,5,0,3,provable,proved,,ok,two-sided,IMELL,1942,35,1.207,38,9,25,96996,0,0,2048,0.000,0.000,auto,30
lltp,ILL/petri-nets/MCC,,,DES_des_30_a_20_1.p,intuitionistic,auto,16,false,,5,0,3,provable,unknown,timeout,,two-sided,IMELL,1946,35,5007.315,1308743,987611,51483,1603568947,0,0,2048,53020.000,0.827,auto,30
lltp,ILL/petri-nets/MCC,,,DES_des_30_a_50_1.p,intuitionistic,auto,16,false,,5,0,3,provable,unknown,timeout,,two-sided,IMELL,1942,35,5007.713,1399313,1051695,54139,1604359746,0,0,2048,53120.000,2.232,auto,30
lltp,ILL/petri-nets/MCC,,,DES_des_30_a_5_1.p,intuitionistic,auto,16,false,,5,0,3,provable,proved,,ok,two-sided,IMELL,1944,35,2.168,103,22,46,427866,0,0,2048,10.000,0.000,auto,30
lltp,ILL/petri-nets/MCC,,,DES_des_40_a_100_1.p,intuitionistic,auto,16,false,,5,0,3,provable,unknown,timeout,,two-sided,IMELL,2322,45,5017.940,1122129,853607,44597,1403903632,0,0,2048,52790.000,2.068,auto,30
lltp,ILL/petri-nets/MCC,,,DES_des_40_a_10_1.p,intuitionistic,auto,16,false,,5,0,3,provable,proved,,ok,two-sided,IMELL,2326,45,49.083,10230,7331,1139,12779841,0,0,2048,490.000,0.025,auto,30
lltp,ILL/petri-nets/MCC,,,DES_des_40_a_1_1.p,intuitionistic,auto,16,false,,5,0,3,provable,proved,,ok,two-sided,IMELL,2322,45,1.059,25,3,11,96637,0,0,2048,0.000,0.000,auto,30
lltp,ILL/petri-nets/MCC,,,DES_des_40_a_20_1.p,intuitionistic,auto,16,false,,5,0,3,provable,proved,,ok,two-sided,IMELL,2326,45,4416.618,1040355,776976,63502,1242263253,0,0,2048,47980.000,4.457,auto,30
lltp,ILL/petri-nets/MCC,,,DES_des_40_a_50_1.p,intuitionistic,auto,16,false,,5,0,3,provable,unknown,timeout,,two-sided,IMELL,2322,45,5008.164,1100805,835806,43587,1420814874,0,0,2048,52750.000,0.817,auto,30
lltp,ILL/petri-nets/MCC,,,DES_des_40_a_5_1.p,intuitionistic,auto,16,false,,5,0,3,provable,proved,,ok,two-sided,IMELL,2324,45,2.519,101,21,46,455000,0,0,2048,20.000,0.000,auto,30
lltp,ILL/petri-nets/MCC,,,DES_des_50_a_100_1.p,intuitionistic,auto,16,false,,5,0,3,provable,unknown,timeout,,two-sided,IMELL,2702,55,5006.064,976251,741452,39248,1276000317,0,0,2048,53070.000,3.344,auto,30
lltp,ILL/petri-nets/MCC,,,DES_des_50_a_10_1.p,intuitionistic,auto,16,false,,5,0,3,provable,proved,,ok,two-sided,IMELL,2706,55,69.515,11861,8655,1133,15905797,0,0,2048,690.000,2.916,auto,30
lltp,ILL/petri-nets/MCC,,,DES_des_50_a_1_1.p,intuitionistic,auto,16,false,,5,0,3,provable,proved,,ok,two-sided,IMELL,2702,55,1.174,30,6,15,135714,0,0,2048,0.000,0.000,auto,30
lltp,ILL/petri-nets/MCC,,,DES_des_50_a_20_1.p,intuitionistic,auto,16,false,,5,0,3,provable,unknown,timeout,,two-sided,IMELL,2706,55,5008.445,902080,672298,36197,1279875828,0,0,2048,53080.000,2.846,auto,30
lltp,ILL/petri-nets/MCC,,,DES_des_50_a_50_1.p,intuitionistic,auto,16,false,,5,0,3,provable,unknown,timeout,,two-sided,IMELL,2702,55,5021.499,967688,729189,38734,1253197255,0,0,2048,53150.000,0.846,auto,30
lltp,ILL/petri-nets/MCC,,,DES_des_50_a_5_1.p,intuitionistic,auto,16,false,,5,0,3,provable,proved,,ok,two-sided,IMELL,2704,55,2.716,102,22,46,413207,0,0,2048,10.000,0.000,auto,30
lltp,ILL/petri-nets/MCC,,,DES_des_60_a_100_1.p,intuitionistic,auto,16,false,,5,0,3,provable,unknown,timeout,,two-sided,IMELL,3082,65,5252.002,8796258,7677388,952991,1753713963,0,0,2048,52570.000,0.676,auto,30
lltp,ILL/petri-nets/MCC,,,DES_des_60_a_10_1.p,intuitionistic,auto,16,false,,5,0,3,provable,proved,,ok,two-sided,IMELL,3082,65,70.479,10319,7258,1133,30507780,0,0,2048,720.000,0.018,auto,30
lltp,ILL/petri-nets/MCC,,,DES_des_60_a_1_1.p,intuitionistic,auto,16,false,,5,0,3,provable,proved,,ok,two-sided,IMELL,3082,65,1.206,24,3,9,143922,0,0,2048,0.000,0.000,auto,30
lltp,ILL/petri-nets/MCC,,,DES_des_60_a_20_1.p,intuitionistic,auto,16,false,,5,0,3,provable,unknown,timeout,,two-sided,IMELL,3082,65,5007.984,776261,585706,37403,1833401188,0,0,2048,53050.000,1.106,auto,30
lltp,ILL/petri-nets/MCC,,,DES_des_60_a_50_1.p,intuitionistic,auto,16,false,,5,0,3,provable,unknown,timeout,,two-sided,IMELL,3082,65,5091.797,8107971,6721406,1080218,1651064746,0,0,2048,51810.000,0.766,auto,30
lltp,ILL/petri-nets/MCC,,,DES_des_60_a_5_1.p,intuitionistic,auto,16,false,,5,0,3,provable,proved,,ok,two-sided,IMELL,3082,65,2.646,105,24,48,697196,0,0,2048,20.000,0.000,auto,30
lltp,ILL/petri-nets/MCC,,,DLCround_dlcro_03_a_1_1.p,intuitionistic,auto,16,false,,5,0,3,provable,proved,,ok,two-sided,IMELL,4642,33,1.731,22,0,19,127799,0,0,2048,10.000,0.000,auto,30
lltp,ILL/petri-nets/MCC,,,DLCround_dlcro_03_a_20_1.p,intuitionistic,auto,16,false,,5,0,3,provable,unknown,timeout,,two-sided,IMELL,4642,33,5254.994,9033124,3017752,2097152,802174695,0,0,2048,62340.000,211.578,auto,30
lltp,ILL/petri-nets/MCC,,,DLCround_dlcro_03_a_50_1.p,intuitionistic,auto,16,false,,5,0,3,provable,unknown,timeout,,two-sided,IMELL,4642,33,5288.832,9062767,3040564,2097152,795111723,0,0,2048,62710.000,201.062,auto,30
lltp,ILL/petri-nets/MCC,,,DLCround_dlcro_03_a_5_1.p,intuitionistic,auto,16,false,,5,0,3,provable,proved,,ok,two-sided,IMELL,4642,33,1.530,22,0,19,127799,0,0,2048,10.000,0.000,auto,30
lltp,ILL/petri-nets/MCC,,,DLCround_dlcro_03_b_10_1.p,intuitionistic,auto,16,false,,5,0,3,provable,unknown,timeout,,two-sided,IMELL,9632,11,5012.687,26583328,26491679,67088,97837804,0,0,2048,39620.000,77.133,auto,30
lltp,ILL/petri-nets/MCC,,,DLCround_dlcro_03_b_20_1.p,intuitionistic,auto,16,false,,5,0,3,provable,unknown,timeout,,two-sided,IMELL,9632,11,5012.662,29924609,29832250,65898,109016990,0,0,2048,41080.000,83.859,auto,30
lltp,ILL/petri-nets/MCC,,,DLCround_dlcro_03_b_50_1.p,intuitionistic,auto,16,false,,5,0,3,provable,unknown,timeout,,two-sided,IMELL,9632,11,5010.007,30040651,29947751,65966,109751545,0,0,2048,40980.000,88.522,auto,30
lltp,ILL/petri-nets/MCC,,,DLCround_dlcro_03_b_5_1.p,intuitionistic,auto,16,false,,5,0,3,provable,proved,,ok,two-sided,IMELL,9626,11,617.082,3400741,3373910,18079,15144165,0,0,2048,8580.000,36.944,auto,30
lltp,ILL/petri-nets/MCC,,,DLCround_dlcro_04_a_1_1.p,intuitionistic,auto,16,false,,5,0,3,provable,proved,,ok,two-sided,IMELL,6286,37,2.094,24,0,21,122543,0,0,2048,10.000,0.000,auto,30
lltp,ILL/petri-nets/MCC,,,DLCround_dlcro_04_a_5_1.p,intuitionistic,auto,16,false,,5,0,3,provable,proved,,ok,two-sided,IMELL,6286,37,2.806,164,0,23,377253,0,0,2048,20.000,0.000,auto,30
lltp,ILL/petri-nets/MCC,,,DNAwalker_dnawalk-01_100_1.p,intuitionistic,auto,16,false,,5,0,3,provable,proved,,ok,two-sided,IMELL,840,29,21.246,571608,545535,14216,2141941,0,0,2048,290.000,0.114,auto,30
lltp,ILL/petri-nets/MCC,,,DNAwalker_dnawalk-01_10_1.p,intuitionistic,auto,16,false,,5,0,3,provable,proved,,ok,two-sided,IMELL,840,29,20.384,460201,434722,13787,1914983,0,0,2048,280.000,3.728,auto,30
lltp,ILL/petri-nets/MCC,,,DNAwalker_dnawalk-01_1_1.p,intuitionistic,auto,16,false,,5,0,3,provable,proved,,ok,two-sided,IMELL,852,30,1.031,56,3,6,36562,0,0,2048,0.000,0.000,auto,30
lltp,ILL/petri-nets/MCC,,,DNAwalker_dnawalk-01_20_1.p,intuitionistic,auto,16,false,,5,0,3,provable,proved,,ok,two-sided,IMELL,840,29,19.869,435725,410899,13359,1848429,0,0,2048,260.000,3.350,auto,30
lltp,ILL/petri-nets/MCC,,,DNAwalker_dnawalk-01_50_1.p,intuitionistic,auto,16,false,,5,0,3,provable,proved,,ok,two-sided,IMELL,840,29,20.596,455909,430591,13520,1911098,0,0,2048,270.000,0.983,auto,30
lltp,ILL/petri-nets/MCC,,,DNAwalker_dnawalk-01_5_1.p,intuitionistic,auto,16,false,,5,0,3,provable,proved,,ok,two-sided,IMELL,844,31,3.714,19798,16577,2348,424581,0,0,2048,30.000,0.246,auto,30
lltp,ILL/petri-nets/MCC,,,DNAwalker_dnawalk-02_100_1.p,intuitionistic,auto,16,false,,5,0,3,provable,proved,,ok,two-sided,IMELL,848,29,42.328,1046467,1000193,20778,4254251,0,0,2048,610.000,3.730,auto,30
lltp,ILL/petri-nets/MCC,,,DNAwalker_dnawalk-02_10_1.p,intuitionistic,auto,16,false,,5,0,3,provable,proved,,ok,two-sided,IMELL,848,29,40.247,991217,946779,20322,4041758,0,0,2048,570.000,7.623,auto,30
lltp,ILL/petri-nets/MCC,,,DNAwalker_dnawalk-02_1_1.p,intuitionistic,auto,16,false,,5,0,3,provable,proved,,ok,two-sided,IMELL,862,30,1.014,69,2,4,33845,0,0,2048,0.000,0.000,auto,30
lltp,ILL/petri-nets/MCC,,,DNAwalker_dnawalk-02_20_1.p,intuitionistic,auto,16,false,,5,0,3,provable,proved,,ok,two-sided,IMELL,848,29,35.022,754609,710554,19700,3549106,0,0,2048,510.000,5.439,auto,30
lltp,ILL/petri-nets/MCC,,,DNAwalker_dnawalk-02_50_1.p,intuitionistic,auto,16,false,,5,0,3,provable,proved,,ok,two-sided,IMELL,848,29,41.079,1053609,1007912,20852,4235465,0,0,2048,610.000,3.551,auto,30
lltp,ILL/petri-nets/MCC,,,DNAwalker_dnawalk-02_5_1.p,intuitionistic,auto,16,false,,5,0,3,provable,proved,,ok,two-sided,IMELL,854,30,2.055,6887,5719,826,120303,0,0,2048,10.000,0.095,auto,30
lltp,ILL/petri-nets/MCC,,,DNAwalker_dnawalk-03_100_1.p,intuitionistic,auto,16,false,,5,0,3,provable,proved,,ok,two-sided,IMELL,848,29,30.458,660775,623159,17850,2963291,0,0,2048,420.000,2.176,auto,30
lltp,ILL/petri-nets/MCC,,,DNAwalker_dnawalk-03_10_1.p,intuitionistic,auto,16,false,,5,0,3,provable,proved,,ok,two-sided,IMELL,848,29,32.581,730929,691654,18613,3236367,0,0,2048,460.000,3.789,auto,30
lltp,ILL/petri-nets/MCC,,,DNAwalker_dnawalk-03_1_1.p,intuitionistic,auto,16,false,,5,0,3,provable,proved,,ok,two-sided,IMELL,862,30,1.194,125,45,11,37275,0,0,2048,0.000,0.000,auto,30
lltp,ILL/petri-nets/MCC,,,DNAwalker_dnawalk-03_20_1.p,intuitionistic,auto,16,false,,5,0,3,provable,proved,,ok,two-sided,IMELL,848,29,34.160,867308,828089,18795,3467737,0,0,2048,480.000,4.956,auto,30
lltp,ILL/petri-nets/MCC,,,DNAwalker_dnawalk-03_50_1.p,intuitionistic,auto,16,false,,5,0,3,provable,proved,,ok,two-sided,IMELL,848,29,32.493,1012528,974158,18629,3694851,0,0,2048,460.000,6.179,auto,30
lltp,ILL/petri-nets/MCC,,,DNAwalker_dnawalk-03_5_1.p,intuitionistic,auto,16,false,,5,0,3,provable,proved,,ok,two-sided,IMELL,854,30,2.138,4957,3527,928,93572,0,0,2048,10.000,0.000,auto,30
lltp,ILL/petri-nets/MCC,,,DNAwalker_dnawalk-04_1_1.p,intuitionistic,auto,16,false,,5,0,3,provable,proved,,ok,two-sided,IMELL,2534,37,3.972,19,0,3,481930,0,0,2048,20.000,0.000,auto,30
lltp,ILL/petri-nets/MCC,,,DNAwalker_dnawalk-04_20_1.p,intuitionistic,auto,16,false,,5,0,3,provable,unknown,timeout,,two-sided,IMELL,2510,36,5207.190,6446986,4255492,1048576,1349140621,0,0,2048,71690.000,251.909,auto,30
lltp,ILL/petri-nets/MCC,,,DNAwalker_dnawalk-04_5_1.p,intuitionistic,auto,16,false,,5,0,3,provable,proved,,ok,two-sided,IMELL,2528,37,14.470,18131,10569,6122,2644691,0,0,2048,180.000,0.938,auto,30
lltp,ILL/petri-nets/MCC,,,DNAwalker_dnawalk-05_1_1.p,intuitionistic,auto,16,false,,5,0,3,provable,proved,,ok,two-sided,IMELL,2534,37,2.121,19,0,3,187734,0,0,2048,10.000,0.000,auto,30
lltp,ILL/petri-nets/MCC,,,DNAwalker_dnawalk-05_20_1.p,intuitionistic,auto,16,false,,5,0,3,provable,unknown,timeout,,two-sided,IMELL,2514,36,5220.438,6341633,4126958,1048576,1299031157,0,0,2048,71910.000,241.187,auto,30
lltp,ILL/petri-nets/MCC,,,DNAwalker_dnawalk-05_5_1.p,intuitionistic,auto,16,false,,5,0,3,provable,proved,,ok,two-sided,IMELL,2528,37,16.140,18400,10704,6318,2893099,0,0,2048,200.000,2.586,auto,30
lltp,ILL/petri-nets/MCC,,,DNAwalker_dnawalk-06_1_1.p,intuitionistic,auto,16,false,,5,0,3,provable,proved,,ok,two-sided,IMELL,2534,37,3.286,19,0,4,362993,0,0,2048,20.000,0.000,auto,30
lltp,ILL/petri-nets/MCC,,,DNAwalker_dnawalk-06_20_1.p,intuitionistic,auto,16,false,,5,0,3,provable,unknown,timeout,,two-sided,IMELL,2516,36,5179.358,6074301,3979263,1048576,1171920244,0,0,2048,71280.000,275.675,auto,30
lltp,ILL/petri-nets/MCC,,,DNAwalker_dnawalk-06_5_1.p,intuitionistic,auto,16,false,,5,0,3,provable,proved,,ok,two-sided,IMELL,2528,37,14.353,18197,10462,6361,2598157,0,0,2048,180.000,2.029,auto,30
lltp,ILL/petri-nets/MCC,,,DNAwalker_dnawalk-07_1_1.p,intuitionistic,auto,16,false,,5,0,3,provable,proved,,ok,two-sided,IMELL,2534,37,3.479,19,0,3,376326,0,0,2048,20.000,0.000,auto,30
lltp,ILL/petri-nets/MCC,,,DNAwalker_dnawalk-07_20_1.p,intuitionistic,auto,16,false,,5,0,3,provable,proved,,ok,two-sided,IMELL,2520,36,2452.802,2912065,1997013,675224,525962796,0,0,2048,34420.000,118.931,auto,30
lltp,ILL/petri-nets/MCC,,,DNAwalker_dnawalk-07_5_1.p,intuitionistic,auto,16,false,,5,0,3,provable,proved,,ok,two-sided,IMELL,2530,37,13.575,18172,10670,6129,2576347,0,0,2048,170.000,2.277,auto,30
lltp,ILL/petri-nets/MCC,,,DNAwalker_dnawalk-08_1_1.p,intuitionistic,auto,16,false,,5,0,3,provable,proved,,ok,two-sided,IMELL,2608,59,2.221,29,0,2,200040,0,0,2048,10.000,0.000,auto,30
lltp,ILL/petri-nets/MCC,,,DNAwalker_dnawalk-08_20_1.p,intuitionistic,auto,16,false,,5,0,3,provable,proved,,ok,two-sided,IMELL,2598,58,1425.266,1757496,1179478,438133,334844822,0,0,2048,20370.000,94.685,auto,30
lltp,ILL/petri-nets/MCC,,,DNAwalker_dnawalk-08_5_1.p,intuitionistic,auto,16,false,,5,0,3,provable,proved,,ok,two-sided,IMELL,2606,59,2.748,217,5,163,272780,0,0,2048,20.000,0.000,auto,30
lltp,ILL/petri-nets/MCC,,,DNAwalker_dnawalk-09_1_1.p,intuitionistic,auto,16,false,,5,0,3,provable,proved,,ok,two-sided,IMELL,2608,59,2.165,29,0,2,200040,0,0,2048,10.000,0.000,auto,30
lltp,ILL/petri-nets/MCC,,,DNAwalker_dnawalk-09_20_1.p,intuitionistic,auto,16,false,,5,0,3,provable,proved,,ok,two-sided,IMELL,2598,58,1136.646,1412781,927760,375234,263553277,0,0,2048,16050.000,71.830,auto,30
lltp,ILL/petri-nets/MCC,,,DNAwalker_dnawalk-09_5_1.p,intuitionistic,auto,16,false,,5,0,3,provable,proved,,ok,two-sided,IMELL,2606,59,6.353,856,234,413,974761,0,0,2048,50.000,2.388,auto,30
lltp,ILL/petri-nets/MCC,,,DNAwalker_dnawalk-10_1_1.p,intuitionistic,auto,16,false,,5,0,3,provable,proved,,ok,two-sided,IMELL,2608,59,2.041,29,0,9,200119,0,0,2048,10.000,0.000,auto,30
lltp,ILL/petri-nets/MCC,,,DNAwalker_dnawalk-10_5_1.p,intuitionistic,auto,16,false,,5,0,3,provable,proved,,ok,two-sided,IMELL,2606,59,6.525,2052,535,1272,888173,0,0,2048,60.000,0.774,auto,30
lltp,ILL/petri-nets/MCC,,,DNAwalker_dnawalk-11_1_1.p,intuitionistic,auto,16,false,,5,0,3,provable,proved,,ok,two-sided,IMELL,2608,59,2.239,29,0,5,200078,0,0,2048,10.000,0.000,auto,30
lltp,ILL/petri-nets/MCC,,,DNAwalker_dnawalk-11_5_1.p,intuitionistic,auto,16,false,,5,0,3,provable,proved,,ok,two-sided,IMELL,2606,59,5.598,834,231,397,810673,0,0,2048,40.000,0.002,auto,30
lltp,ILL/petri-nets/MCC,,,DNAwalker_dnawalk-12_1_1.p,intuitionistic,auto,16,false,,5,0,3,provable,proved,,ok,two-sided,IMELL,3152,70,3.426,33,0,3,420921,0,0,2048,10.000,0.000,auto,30
lltp,ILL/petri-nets/MCC,,,DNAwalker_dnawalk-12_20_1.p,intuitionistic,auto,16,false,,5,0,3,provable,unknown,timeout,,two-sided,IMELL,3132,70,5140.713,5335458,3421463,1048576,1259333020,0,0,2048,70930.000,341.838,auto,30
lltp,ILL/petri-nets/MCC,,,DNAwalker_dnawalk-12_5_1.p,intuitionistic,auto,16,false,,5,0,3,provable,proved,,ok,two-sided,IMELL,3148,70,62.198,78290,45458,27997,15129426,0,0,2048,840.000,2.518,auto,30
lltp,ILL/petri-nets/MCC,,,DNAwalker_dnawalk-13_1_1.p,intuitionistic,auto,16,false,,5,0,3,provable,proved,,ok,two-sided,IMELL,3152,70,3.739,33,0,2,420905,0,0,2048,20.000,0.000,auto,30
lltp,ILL/petri-nets/MCC,,,DNAwalker_dnawalk-13_20_1.p,intuitionistic,auto,16,false,,5,0,3,provable,unknown,timeout,,two-sided,IMELL,3136,70,5105.240,5131674,3341325,1048576,1284766304,0,0,2048,70680.000,306.804,auto,30
lltp,ILL/petri-nets/MCC,,,DNAwalker_dnawalk-13_5_1.p,intuitionistic,auto,16,false,,5,0,3,provable,proved,,ok,two-sided,IMELL,3148,70,57.748,78442,45607,28006,14099971,0,0,2048,780.000,6.133,auto,30
lltp,ILL/petri-nets/MCC,,,DNAwalker_dnawalk-14_1_1.p,intuitionistic,auto,16,false,,5,0,3,provable,proved,,ok,two-sided,IMELL,3152,70,3.328,33,0,6,420945,0,0,2048,20.000,0.000,auto,30
lltp,ILL/petri-nets/MCC,,,DNAwalker_dnawalk-14_20_1.p,intuitionistic,auto,16,false,,5,0,3,provable,unknown,timeout,,two-sided,IMELL,3132,70,5158.602,5185406,3278160,1048576,1280149777,0,0,2048,70950.000,291.801,auto,30
lltp,ILL/petri-nets/MCC,,,DNAwalker_dnawalk-14_5_1.p,intuitionistic,auto,16,false,,5,0,3,provable,proved,,ok,two-sided,IMELL,3150,70,68.100,79357,45945,28588,16672657,0,0,2048,900.000,11.431,auto,30
lltp,ILL/petri-nets/MCC,,,DNAwalker_dnawalk-15_1_1.p,intuitionistic,auto,16,false,,5,0,3,provable,proved,,ok,two-sided,IMELL,3152,70,3.314,33,0,5,420931,0,0,2048,20.000,0.000,auto,30
lltp,ILL/petri-nets/MCC,,,DNAwalker_dnawalk-15_20_1.p,intuitionistic,auto,16,false,,5,0,3,provable,unknown,timeout,,two-sided,IMELL,3136,70,5142.782,5211070,3343934,1048576,1286396508,0,0,2048,71030.000,271.956,auto,30
lltp,ILL/petri-nets/MCC,,,DNAwalker_dnawalk-15_5_1.p,intuitionistic,auto,16,false,,5,0,3,provable,proved,,ok,two-sided,IMELL,3150,70,188.312,201720,113058,75638,51614104,0,0,2048,2640.000,19.695,auto,30
lltp,ILL/petri-nets/MCC,,,DNAwalker_dnawalk-16_1_1.p,intuitionistic,auto,16,false,,5,0,3,provable,proved,,ok,two-sided,IMELL,4908,79,2.396,37,1,3,148095,0,0,2048,10.000,0.000,auto,30
lltp,ILL/petri-nets/MCC,,,DNAwalker_dnawalk-16_20_1.p,intuitionistic,auto,16,false,,5,0,3,provable,unknown,timeout,,two-sided,IMELL,4878,78,5098.628,4195351,2721243,1048458,854613512,0,0,2048,70400.000,330.704,auto,30
lltp,ILL/petri-nets/MCC,,,DNAwalker_dnawalk-16_5_1.p,intuitionistic,auto,16,false,,5,0,3,provable,proved,,ok,two-sided,IMELL,4904,79,128.616,225538,173766,45210,19253678,0,0,2048,1880.000,9.961,auto,30
lltp,ILL/petri-nets/MCC,,,DNAwalker_dnawalk-17_1_1.p,intuitionistic,auto,16,false,,5,0,3,provable,proved,,ok,two-sided,IMELL,4910,79,2.397,36,0,12,145311,0,0,2048,10.000,0.000,auto,30
lltp,ILL/petri-nets/MCC,,,DNAwalker_dnawalk-17_20_1.p,intuitionistic,auto,16,false,,5,0,3,provable,unknown,timeout,,two-sided,IMELL,4872,78,5096.150,4093436,2652525,1048547,1018040203,0,0,2048,70220.000,343.998,auto,30
lltp,ILL/petri-nets/MCC,,,DNAwalker_dnawalk-17_5_1.p,intuitionistic,auto,16,false,,5,0,3,provable,proved,,ok,two-sided,IMELL,4904,79,114.265,178588,136602,36555,16975862,0,0,2048,1620.000,10.528,auto,30
lltp,ILL/petri-nets/MCC,,,DatabaseWithMutex_database10UNFOLD_100_1.p,intuitionistic,auto,16,false,,5,0,3,provable,unknown,timeout,,two-sided,IMELL,7726,11,5150.973,4073428,2552422,1048576,1439095629,0,0,2048,69770.000,239.792,auto,30
lltp,ILL/petri-nets/MCC,,,DatabaseWithMutex_database10UNFOLD_20_1.p,intuitionistic,auto,16,false,,5,0,3,provable,unknown,timeout,,two-sided,IMELL,7718,11,5154.751,4050893,2537127,1048576,1000956144,0,0,2048,69570.000,202.614,auto,30
lltp,ILL/petri-nets/MCC,,,DatabaseWithMutex_database10UNFOLD_50_1.p,intuitionistic,auto,16,false,,5,0,3,provable,unknown,timeout,,two-sided,IMELL,7716,11,5148.130,4052256,2539091,1048576,1011544544,0,0,2048,69850.000,203.408,auto,30
lltp,ILL/petri-nets/MCC,,,DatabaseWithMutex_database10UNFOLD_5_1.p,intuitionistic,auto,16,false,,5,0,3,provable,unknown,timeout,,two-sided,IMELL,7732,11,5160.526,4147910,2598624,1048576,1802907486,0,0,2048,69830.000,213.517,auto,30
lltp,ILL/petri-nets/MCC,,,DatabaseWithMutex_database4UNFOLD_100_1.p,intuitionistic,auto,16,false,,5,0,3,provable,proved,,ok,two-sided,IMELL,876,5,5.221,5477,1860,3236,1270297,0,0,2048,30.000,0.005,auto,30
lltp,ILL/petri-nets/MCC,,,DatabaseWithMutex_database4UNFOLD_10_1.p,intuitionistic,auto,16,false,,5,0,3,provable,proved,,ok,two-sided,IMELL,886,5,457.441,8762814,8466268,165786,104869182,0,0,2048,6670.000,30.188,auto,30
lltp,ILL/petri-nets/MCC,,,DatabaseWithMutex_database4UNFOLD_20_1.p,intuitionistic,auto,16,false,,5,0,3,provable,proved,,ok,two-sided,IMELL,876,5,5.800,7716,2322,4990,1294743,0,0,2048,50.000,0.416,auto,30
lltp,ILL/petri-nets/MCC,,,DatabaseWithMutex_database4UNFOLD_50_1.p,intuitionistic,auto,16,false,,5,0,3,provable,unknown,timeout,,two-sided,IMELL,882,5,5070.879,81514549,78926825,1058450,742820008,0,0,2048,74100.000,337.078,auto,30
lltp,ILL/petri-nets/MCC,,,DatabaseWithMutex_database4UNFOLD_5_1.p,intuitionistic,auto,16,false,,5,0,3,provable,proved,,ok,two-sided,IMELL,876,5,12.206,33149,20690,9796,3638781,0,0,2048,140.000,0.067,auto,30
lltp,ILL/petri-nets/MCC,,,Dekker_dekker-10_100_1.p,intuitionistic,auto,16,false,,5,0,3,provable,proved,,ok,two-sided,IMELL,1718,20,170.800,114,15,58,48357887,0,0,2048,1360.000,0.044,auto,30
lltp,ILL/petri-nets/MCC,,,Dekker_dekker-10_10_1.p,intuitionistic,auto,16,false,,5,0,3,provable,proved,,ok,two-sided,IMELL,1718,20,171.306,124,18,60,48358027,0,0,2048,1350.000,0.024,auto,30
lltp,ILL/petri-nets/MCC,,,Dekker_dekker-10_1_1.p,intuitionistic,auto,16,false,,5,0,3,provable,proved,,ok,two-sided,IMELL,1718,20,1.013,13,0,6,130811,0,0,2048,0.000,0.000,auto,30
lltp,ILL/petri-nets/MCC,,,Dekker_dekker-10_20_1.p,intuitionistic,auto,16,false,,5,0,3,provable,proved,,ok,two-sided,IMELL,1718,20,172.690,114,5,56,48357884,0,0,2048,1370.000,0.030,auto,30
lltp,ILL/petri-nets/MCC,,,Dekker_dekker-10_50_1.p,intuitionistic,auto,16,false,,5,0,3,provable,proved,,ok,two-sided,IMELL,1718,20,183.955,114,14,57,48357884,0,0,2048,1450.000,0.052,auto,30
lltp,ILL/petri-nets/MCC,,,Dekker_dekker-10_5_1.p,intuitionistic,auto,16,false,,5,0,3,provable,proved,,ok,two-sided,IMELL,1718,20,31.228,675,261,302,8212179,0,0,2048,240.000,1.917,auto,30
lltp,ILL/petri-nets/MCC,,,Dekker_dekker-15_100_1.p,intuitionistic,auto,16,false,,5,0,3,provable,unknown,timeout,,two-sided,IMELL,3778,30,5103.461,5093247,3336978,1048576,903771018,0,0,2048,70650.000,246.696,auto,30
lltp,ILL/petri-nets/MCC,,,Dekker_dekker-15_10_1.p,intuitionistic,auto,16,false,,5,0,3,provable,proved,,ok,two-sided,IMELL,3778,30,22.588,16235,8927,6218,5115720,0,0,2048,260.000,4.803,auto,30
lltp,ILL/petri-nets/MCC,,,Dekker_dekker-15_1_1.p,intuitionistic,auto,16,false,,5,0,3,provable,proved,,ok,two-sided,IMELL,3778,30,1.214,18,0,4,195055,0,0,2048,0.000,0.000,auto,30
lltp,ILL/petri-nets/MCC,,,Dekker_dekker-15_20_1.p,intuitionistic,auto,16,false,,5,0,3,provable,unknown,timeout,,two-sided,IMELL,3778,30,5087.396,4976664,3267004,1048576,1056231427,0,0,2048,70200.000,256.927,auto,30
lltp,ILL/petri-nets/MCC,,,Dekker_dekker-15_50_1.p,intuitionistic,auto,16,false,,5,0,3,provable,unknown,timeout,,two-sided,IMELL,3778,30,5092.289,5034171,3301374,1048576,1123270171,0,0,2048,70280.000,265.615,auto,30
lltp,ILL/petri-nets/MCC,,,Dekker_dekker-15_5_1.p,intuitionistic,auto,16,false,,5,0,3,provable,proved,,ok,two-sided,IMELL,3778,30,32.754,1481,542,774,7973651,0,0,2048,260.000,0.033,auto,30
lltp,ILL/petri-nets/MCC,,,Dekker_dekker-20_100_1.p,intuitionistic,auto,16,false,,5,0,3,provable,unknown,timeout,,two-sided,IMELL,6638,40,5240.802,3495427,2346471,884665,646922489,0,0,2048,75790.000,269.612,auto,30
lltp,ILL/petri-nets/MCC,,,Dekker_dekker-20_1_1.p,intuitionistic,auto,16,false,,5,0,3,provable,proved,,ok,two-sided,IMELL,6638,40,1.658,23,0,10,237629,0,0,2048,0.000,0.000,auto,30
lltp,ILL/petri-nets/MCC,,,Dekker_dekker-20_20_1.p,intuitionistic,auto,16,false,,5,0,3,provable,unknown,timeout,,two-sided,IMELL,6638,40,5251.654,17265267,16117051,919644,209012740,0,0,2048,68360.000,129.244,auto,30
lltp,ILL/petri-nets/MCC,,,Dekker_dekker-20_50_1.p,intuitionistic,auto,16,false,,5,0,3,provable,unknown,timeout,,two-sided,IMELL,6638,40,5222.069,3499256,2346837,881291,850591262,0,0,2048,76090.000,247.764,auto,30
lltp,ILL/petri-nets/MCC,,,Dekker_dekker-20_5_1.p,intuitionistic,auto,16,false,,5,0,3,provable,proved,,ok,two-sided,IMELL,6638,40,633.610,390342,246890,121782,153142210,0,0,2048,9230.000,54.185,auto,30
lltp,ILL/petri-nets/MCC,,,Diffusion2D_2D8_gradient_10x10_10_20_1.p,intuitionistic,auto,16,false,,5,0,3,provable,proved,,ok,two-sided,IMELL,2774,18,90.620,201035,148562,44837,5158033,0,0,2048,760.000,1.771,auto,30
lltp,ILL/petri-nets/MCC,,,Diffusion2D_2D8_gradient_10x10_50_20_1.p,intuitionistic,auto,16,false,,5,0,3,provable,proved,,ok,two-sided,IMELL,2934,58,153.439,902292,823576,67530,16944427,0,0,2048,2120.000,10.465,auto,30
lltp,ILL/petri-nets/MCC,,,Diffusion2D_2D8_gradient_10x10_50_5_1.p,intuitionistic,auto,16,false,,5,0,3,provable,proved,,ok,two-sided,IMELL,2934,58,1.774,413,2,392,11585,0,0,2048,10.000,0.000,auto,30
lltp,ILL/petri-nets/MCC,,,Diffusion2D_2D8_gradient_5x5_100_10_1.p,intuitionistic,auto,16,false,,5,0,3,provable,proved,,ok,two-sided,IMELL,974,108,82.026,610081,564425,38062,6720131,0,0,2048,1130.000,1.534,auto,30
lltp,ILL/petri-nets/MCC,,,Diffusion2D_2D8_gradient_5x5_10_10_1.p,intuitionistic,auto,16,false,,5,0,3,provable,proved,,ok,two-sided,IMELL,614,18,118.523,1032955,895363,117764,4946183,0,0,2048,1410.000,4.422,auto,30
lltp,ILL/petri-nets/MCC,,,Diffusion2D_2D8_gradient_5x5_150_10_1.p,intuitionistic,auto,16,false,,5,0,3,provable,proved,,ok,two-sided,IMELL,1174,158,77.729,553864,522469,26807,6539299,0,0,2048,1080.000,2.334,auto,30
lltp,ILL/petri-nets/MCC,,,Diffusion2D_2D8_gradient_5x5_200_10_1.p,intuitionistic,auto,16,false,,5,0,3,provable,proved,,ok,two-sided,IMELL,1374,208,99.309,574407,545072,25010,7724027,0,0,2048,1410.000,0.925,auto,30
lltp,ILL/petri-nets/MCC,,,Diffusion2D_2D8_gradient_5x5_250_10_1.p,intuitionistic,auto,16,false,,5,0,3,provable,proved,,ok,two-sided,IMELL,1574,258,96.412,548501,526808,18865,7142001,0,0,2048,1330.000,5.214,auto,30
lltp,ILL/petri-nets/MCC,,,Diffusion2D_2D8_gradient_5x5_300_10_1.p,intuitionistic,auto,16,false,,5,0,3,provable,proved,,ok,two-sided,IMELL,1774,308,98.802,517624,498818,16187,7202185,0,0,2048,1390.000,2.897,auto,30
lltp,ILL/petri-nets/MCC,,,Diffusion2D_2D8_gradient_5x5_350_10_1.p,intuitionistic,auto,16,false,,5,0,3,provable,proved,,ok,two-sided,IMELL,1974,358,114.630,555110,536938,15728,7991683,0,0,2048,1620.000,1.046,auto,30
lltp,ILL/petri-nets/MCC,,,Diffusion2D_2D8_gradient_5x5_50_10_1.p,intuitionistic,auto,16,false,,5,0,3,provable,proved,,ok,two-sided,IMELL,774,58,91.490,695960,611607,72344,6612956,0,0,2048,1210.000,1.897,auto,30
lltp,ILL/petri-nets/MCC,,,Diffusion2D_2D8_gradient_5x5_50_20_1.p,intuitionistic,auto,16,false,,5,0,3,provable,proved,,ok,two-sided,IMELL,774,58,1.113,848,162,459,17936,0,0,2048,0.000,0.003,auto,30
lltp,ILL/petri-nets/MCC,,,DrinkVendingMachine_distributeur-01-unfolded-02_100_1.p,intuitionistic,auto,16,false,,5,0,3,provable,proved,,ok,two-sided,IMELL,1118,69,5.939,5160,2192,2101,949505,0,0,2048,60.000,2.234,auto,30
lltp,ILL/petri-nets/MCC,,,DrinkVendingMachine_distributeur-01-unfolded-02_10_1.p,intuitionistic,auto,16,false,,5,0,3,provable,proved,,ok,two-sided,IMELL,1118,69,5.357,5070,2166,2080,926227,0,0,2048,50.000,0.032,auto,30
lltp,ILL/petri-nets/MCC,,,DrinkVendingMachine_distributeur-01-unfolded-02_1_1.p,intuitionistic,auto,16,false,,5,0,3,provable,proved,,ok,two-sided,IMELL,1118,68,7.065,23,0,2,1100492,0,0,2048,50.000,0.000,auto,30
lltp,ILL/petri-nets/MCC,,,DrinkVendingMachine_distributeur-01-unfolded-02_20_1.p,intuitionistic,auto,16,false,,5,0,3,provable,proved,,ok,two-sided,IMELL,1118,69,5.753,5064,2157,2077,931687,0,0,2048,50.000,0.277,auto,30
lltp,ILL/petri-nets/MCC,,,DrinkVendingMachine_distributeur-01-unfolded-02_50_1.p,intuitionistic,auto,16,false,,5,0,3,provable,proved,,ok,two-sided,IMELL,1118,69,5.730,5082,2180,2067,942721,0,0,2048,60.000,2.058,auto,30
lltp,ILL/petri-nets/MCC,,,DrinkVendingMachine_distributeur-01-unfolded-02_5_1.p,intuitionistic,auto,16,false,,5,0,3,provable,proved,,ok,two-sided,IMELL,1118,69,7.048,5147,2231,2070,1155919,0,0,2048,70.000,2.634,auto,30
lltp,ILL/petri-nets/MCC,,,ERK_erk-000010_100_1.p,intuitionistic,auto,16,false,,5,0,3,provable,proved,,ok,two-sided,IMELL,246,12,3.912,7407,4855,669,946576,0,0,2048,40.000,0.000,auto,30
lltp,ILL/petri-nets/MCC,,,ERK_erk-000010_10_1.p,intuitionistic,auto,16,false,,5,0,3,provable,proved,,ok,two-sided,IMELL,246,12,3.895,7594,4957,695,958770,0,0,2048,40.000,0.000,auto,30
lltp,ILL/petri-nets/MCC,,,ERK_erk-000010_1_1.p,intuitionistic,auto,16,false,,5,0,3,provable,proved,,ok,two-sided,IMELL,264,12,0.557,61,1,16,1851,0,0,2048,0.000,0.000,auto,30
lltp,ILL/petri-nets/MCC,,,ERK_erk-000010_20_1.p,intuitionistic,auto,16,false,,5,0,3,provable,proved,,ok,two-sided,IMELL,246,12,4.431,7575,5020,657,1057992,0,0,2048,40.000,0.940,auto,30
lltp,ILL/petri-nets/MCC,,,ERK_erk-000010_50_1.p,intuitionistic,auto,16,false,,5,0,3,provable,proved,,ok,two-sided,IMELL,246,12,3.733,7723,5152,676,952941,0,0,2048,30.000,0.000,auto,30
lltp,ILL/petri-nets/MCC,,,ERK_erk-000010_5_1.p,intuitionistic,auto,16,false,,5,0,3,provable,proved,,ok,two-sided,IMELL,256,12,2.085,261,105,62,332574,0,0,2048,10.000,0.006,auto,30
lltp,ILL/petri-nets/MCC,,,Echo_echo-d3r3_100_1.p,intuitionistic,auto,16,false,,5,0,3,provable,unknown,timeout,,two-sided,IMELL,2610,5,5274.271,40238356,38950197,1050248,1448893714,0,0,2048,65840.000,2.074,auto,30
lltp,ILL/petri-nets/MCC,,,Echo_echo-d3r3_1_1.p,intuitionistic,auto,16,false,,5,0,3,provable,proved,,ok,two-sided,IMELL,2622,6,1.374,81,0,2,3119,0,0,2048,0.000,0.017,auto,30
lltp,ILL/petri-nets/MCC,,,Echo_echo-d3r3_20_1.p,intuitionistic,auto,16,false,,5,0,3,provable,unknown,timeout,,two-sided,IMELL,2672,5,5281.017,40133107,38826285,1052962,1523731342,0,0,2048,65710.000,1.784,auto,30
lltp,ILL/petri-nets/MCC,,,Echo_echo-d3r3_50_1.p,intuitionistic,auto,16,false,,5,0,3,provable,unknown,timeout,,two-sided,IMELL,2640,6,5283.333,38067501,36761902,1064030,1533807159,0,0,2048,65820.000,1.942,auto,30
lltp,ILL/petri-nets/MCC,,,Echo_echo-d3r3_5_1.p,intuitionistic,auto,16,false,,5,0,3,provable,proved,,ok,two-sided,IMELL,2640,6,36.684,8108,6463,663,12796769,0,0,2048,290.000,0.007,auto,30
lltp,ILL/petri-nets/MCC,,,Eratosthenes_eratosthenes-020_10_1.p,intuitionistic,auto,16,false,,5,0,3,provable,proved,,ok,two-sided,IMELL,216,10,957.908,12839228,11050008,1071320,176525145,0,0,2048,12670.000,54.479,auto,30
lltp,ILL/petri-nets/MCC,,,Eratosthenes_eratosthenes-020_1_1.p,intuitionistic,auto,16,false,,5,0,3,provable,proved,,ok,two-sided,IMELL,234,10,39.809,30,0,7,552047,0,0,2048,270.000,0.000,auto,30
lltp,ILL/petri-nets/MCC,,,Eratosthenes_eratosthenes-020_20_1.p,intuitionistic,auto,16,false,,5,0,3,provable,proved,,ok,two-sided,IMELL,214,10,1347.485,19899611,17781741,1051140,245833922,0,0,2048,18580.000,67.385,auto,30
lltp,ILL/petri-nets/MCC,,,Eratosthenes_eratosthenes-020_5_1.p,intuitionistic,auto,16,false,,5,0,3,provable,proved,,ok,two-sided,IMELL,226,10,44.309,160596,111752,38018,1197729,0,0,2048,440.000,0.197,auto,30
lltp,ILL/petri-nets/MCC,,,Eratosthenes_eratosthenes-050_1_1.p,intuitionistic,auto,16,false,,5,0,3,provable,proved,,ok,two-sided,IMELL,840,25,4.586,111,0,6,35127,0,0,2048,20.000,0.000,auto,30
lltp,ILL/petri-nets/MCC,,,Eratosthenes_eratosthenes-050_20_1.p,intuitionistic,auto,16,false,,5,0,3,provable,unknown,timeout,,two-sided,IMELL,802,25,5046.021,19507600,10768077,1048576,289685784,0,0,2048,36680.000,0.620,auto,30
lltp,ILL/petri-nets/MCC,,,Eratosthenes_eratosthenes-050_50_1.p,intuitionistic,auto,16,false,,5,0,3,provable,unknown,timeout,,two-sided,IMELL,774,25,5143.449,29160545,9181876,2097152,214634283,0,0,2048,59280.000,308.108,auto,30
lltp,ILL/petri-nets/MCC,,,Eratosthenes_eratosthenes-050_5_1.p,intuitionistic,auto,16,false,,5,0,3,provable,unknown,timeout,,two-sided,IMELL,832,25,5078.682,18916407,10467297,1048576,259446938,0,0,2048,36470.000,1.064,auto,30
lltp,ILL/petri-nets/MCC,,,FMS-10_10_1.p,intuitionistic,auto,16,false,,5,0,3,provable,proved,,ok,two-sided,IMELL,242,12,7.269,28400,20029,3128,2305143,0,0,2048,90.000,1.369,auto,30
lltp,ILL/petri-nets/MCC,,,FMS-10_20_1.p,intuitionistic,auto,16,false,,5,0,3,provable,proved,,ok,two-sided,IMELL,242,12,2868.836,11132649,9102047,436650,957528981,0,0,2048,42710.000,92.276,auto,30
lltp,ILL/petri-nets/MCC,,,FMS-10_50_1.p,intuitionistic,auto,16,false,,5,0,3,provable,unknown,timeout,,two-sided,IMELL,242,12,5058.374,20367642,16959943,498918,1835885998,0,0,2048,74340.000,121.232,auto,30
lltp,ILL/petri-nets/MCC,,,FMS-10_5_1.p,intuitionistic,auto,16,false,,5,0,3,provable,proved,,ok,two-sided,IMELL,242,12,2.599,782,401,173,434106,0,0,2048,10.000,0.000,auto,30
lltp,ILL/petri-nets/MCC,,,FMS-20_100_1.p,intuitionistic,auto,16,false,,5,0,3,provable,unknown,timeout,,two-sided,IMELL,362,22,5046.929,16716400,13894069,412701,1387241227,0,0,2048,75510.000,131.299,auto,30
lltp,ILL/petri-nets/MCC,,,FMS-20_10_1.p,intuitionistic,auto,16,false,,5,0,3,provable,proved,,ok,two-sided,IMELL,362,22,10.603,32046,22565,3145,4043795,0,0,2048,140.000,2.521,auto,30
lltp,ILL/petri-nets/MCC,,,FMS-20_1_1.p,intuitionistic,auto,16,false,,5,0,3,provable,proved,,ok,two-sided,IMELL,362,22,0.947,35,0,6,23990,0,0,2048,0.000,0.000,auto,30
lltp,ILL/petri-nets/MCC,,,FMS-20_20_1.p,intuitionistic,auto,16,false,,5,0,3,provable,proved,,ok,two-sided,IMELL,362,22,5070.128,15457210,12664781,577893,1374123661,0,0,2048,75670.000,155.904,auto,30
lltp,ILL/petri-nets/MCC,,,FMS-20_50_1.p,intuitionistic,auto,16,false,,5,0,3,provable,unknown,timeout,,two-sided,IMELL,358,22,5049.596,17349906,14410466,429316,1344047175,0,0,2048,75500.000,138.605,auto,30
lltp,ILL/petri-nets/MCC,,,FMS-20_5_1.p,intuitionistic,auto,16,false,,5,0,3,provable,proved,,ok,two-sided,IMELL,362,22,2.474,390,158,95,410543,0,0,2048,10.000,0.000,auto,30
lltp,ILL/petri-nets/MCC,,,FMS-2_100_1.p,intuitionistic,auto,16,false,,5,0,3,provable,proved,,ok,two-sided,IMELL,146,4,14.494,78421,58439,3692,5150363,0,0,2048,190.000,2.692,auto,30
lltp,ILL/petri-nets/MCC,,,FMS-2_10_1.p,intuitionistic,auto,16,false,,5,0,3,provable,proved,,ok,two-sided,IMELL,144,4,4.887,14961,10336,1240,1441982,0,0,2048,50.000,2.370,auto,30
lltp,ILL/petri-nets/MCC,,,FMS-2_20_1.p,intuitionistic,auto,16,false,,5,0,3,provable,proved,,ok,two-sided,IMELL,146,4,6.922,27302,19330,2018,2169806,0,0,2048,80.000,0.515,auto,30
lltp,ILL/petri-nets/MCC,,,FMS-2_50_1.p,intuitionistic,auto,16,false,,5,0,3,provable,proved,,ok,two-sided,IMELL,146,4,7.632,26372,18699,2025,2453793,0,0,2048,90.000,0.442,auto,30
lltp,ILL/petri-nets/MCC,,,FMS-2_5_1.p,intuitionistic,auto,16,false,,5,0,3,provable,proved,,ok,two-sided,IMELL,146,4,3.574,332,140,82,840359,0,0,2048,20.000,0.000,auto,30
lltp,ILL/petri-nets/MCC,,,FMS-50_100_1.p,intuitionistic,auto,16,false,,5,0,3,provable,unknown,timeout,,two-sided,IMELL,718,52,5034.756,10021042,8237092,270016,869324608,0,0,2048,75720.000,193.716,auto,30
lltp,ILL/petri-nets/MCC,,,FMS-50_10_1.p,intuitionistic,auto,16,false,,5,0,3,provable,proved,,ok,two-sided,IMELL,722,52,32.419,59258,42706,5400,11569251,0,0,2048,460.000,4.581,auto,30
lltp,ILL/petri-nets/MCC,,,FMS-50_1_1.p,intuitionistic,auto,16,false,,5,0,3,provable,proved,,ok,two-sided,IMELL,722,52,0.830,39,0,12,25345,0,0,2048,0.000,0.000,auto,30
lltp,ILL/petri-nets/MCC,,,FMS-50_20_1.p,intuitionistic,auto,16,false,,5,0,3,provable,unknown,timeout,,two-sided,IMELL,722,52,5047.825,9698114,7824353,396024,1231548989,0,0,2048,76230.000,182.146,auto,30
lltp,ILL/petri-nets/MCC,,,FMS-50_50_1.p,intuitionistic,auto,16,false,,5,0,3,provable,unknown,timeout,,two-sided,IMELL,716,52,5035.042,10248080,8434385,280543,873936159,0,0,2048,75760.000,155.066,auto,30
lltp,ILL/petri-nets/MCC,,,FMS-50_5_1.p,intuitionistic,auto,16,false,,5,0,3,provable,proved,,ok,two-sided,IMELL,722,52,2.802,420,154,126,570700,0,0,2048,10.000,0.000,auto,30
lltp,ILL/petri-nets/MCC,,,FMS-5_10_1.p,intuitionistic,auto,16,false,,5,0,3,provable,proved,,ok,two-sided,IMELL,182,7,6.984,30605,21896,2966,2404626,0,0,2048,80.000,0.136,auto,30
lltp,ILL/petri-nets/MCC,,,FMS-5_20_1.p,intuitionistic,auto,16,false,,5,0,3,provable,proved,,ok,two-sided,IMELL,182,7,1855.862,8447873,6941821,277270,482779448,0,0,2048,27610.000,67.798,auto,30
lltp,ILL/petri-nets/MCC,,,FMS-5_5_1.p,intuitionistic,auto,16,false,,5,0,3,provable,proved,,ok,two-sided,IMELL,182,7,1.789,726,365,170,363081,0,0,2048,10.000,0.000,auto,30
lltp,ILL/petri-nets/MCC,,,FlexibleBarrier_flexbar_06_a_10_1.p,intuitionistic,auto,16,false,,5,0,3,provable,unknown,timeout,,two-sided,IMELL,1214,63,5222.507,19047904,16618026,1143843,505276045,0,0,2048,35540.000,45.378,auto,30
lltp,ILL/petri-nets/MCC,,,FlexibleBarrier_flexbar_06_a_20_1.p,intuitionistic,auto,16,false,,5,0,3,provable,unknown,timeout,,two-sided,IMELL,1214,63,5213.300,19133718,16685518,1143843,509364804,0,0,2048,34690.000,35.287,auto,30
lltp,ILL/petri-nets/MCC,,,FlexibleBarrier_flexbar_06_a_5_1.p,intuitionistic,auto,16,false,,5,0,3,provable,proved,,ok,two-sided,IMELL,1214,63,35.737,306823,253786,47995,4654980,0,0,2048,410.000,3.880,auto,30
lltp,ILL/petri-nets/MCC,,,FlexibleBarrier_flexbar_08_a_10_1.p,intuitionistic,auto,16,false,,5,0,3,provable,proved,,ok,two-sided,IMELL,1990,115,825.027,6286487,5799188,451875,99702827,0,0,2048,10280.000,40.045,auto,30
lltp,ILL/petri-nets/MCC,,,FlexibleBarrier_flexbar_08_a_5_1.p,intuitionistic,auto,16,false,,5,0,3,provable,proved,,ok,two-sided,IMELL,1990,115,23.098,123405,80681,41609,1472296,0,0,2048,240.000,3.875,auto,30
lltp,ILL/petri-nets/MCC,,,FlexibleBarrier_flexbar_10_a_10_1.p,intuitionistic,auto,16,false,,5,0,3,provable,proved,,ok,two-sided,IMELL,2958,183,1428.046,8073244,7502352,532594,217406745,0,0,2048,19120.000,97.691,auto,30
lltp,ILL/petri-nets/MCC,,,FlexibleBarrier_flexbar_10_a_1_1.p,intuitionistic,auto,16,false,,5,0,3,provable,proved,,ok,two-sided,IMELL,2958,183,3.102,128,0,123,365202,0,0,2048,20.000,0.000,auto,30
lltp,ILL/petri-nets/MCC,,,FlexibleBarrier_flexbar_10_a_20_1.p,intuitionistic,auto,16,false,,5,0,3,provable,unknown,timeout,,two-sided,IMELL,2958,183,5315.678,39016111,36859488,2032794,909640463,0,0,2048,69660.000,298.439,auto,30
lltp,ILL/petri-nets/MCC,,,FlexibleBarrier_flexbar_10_a_5_1.p,intuitionistic,auto,16,false,,5,0,3,provable,proved,,ok,two-sided,IMELL,2958,183,183.587,761865,583386,172992,18307333,0,0,2048,2210.000,12.212,auto,30
lltp,ILL/petri-nets/MCC,,,FlexibleBarrier_flexbar_10_b_100_1.p,intuitionistic,auto,16,false,,5,0,3,provable,unknown,timeout,,two-sided,IMELL,8074,101,5006.385,22271650,22193394,43059,97198449,0,0,2048,18230.000,11.759,auto,30
lltp,ILL/petri-nets/MCC,,,FlexibleBarrier_flexbar_10_b_10_1.p,intuitionistic,auto,16,false,,5,0,3,provable,unknown,timeout,,two-sided,IMELL,8060,101,5007.733,22591762,22509828,51689,99017507,0,0,2048,19670.000,16.710,auto,30
lltp,ILL/petri-nets/MCC,,,FlexibleBarrier_flexbar_10_b_20_1.p,intuitionistic,auto,16,false,,5,0,3,provable,unknown,timeout,,two-sided,IMELL,8066,101,5007.400,22595910,22516111,44348,98764651,0,0,2048,18080.000,13.209,auto,30
lltp,ILL/petri-nets/MCC,,,FlexibleBarrier_flexbar_10_b_50_1.p,intuitionistic,auto,16,false,,5,0,3,provable,unknown,timeout,,two-sided,IMELL,8072,101,5005.876,22152884,22073346,44272,96884472,0,0,2048,18250.000,10.852,auto,30
lltp,ILL/petri-nets/MCC,,,FlexibleBarrier_flexbar_10_b_5_1.p,intuitionistic,auto,16,false,,5,0,3,provable,proved,,ok,two-sided,IMELL,8060,101,311.910,2073151,2057162,10448,14329617,0,0,2048,4130.000,7.263,auto,30
lltp,ILL/petri-nets/MCC,,,FlexibleBarrier_flexbar_12_a_10_1.p,intuitionistic,auto,16,false,,5,0,3,provable,unknown,timeout,,two-sided,IMELL,4118,267,5288.662,12535795,10700602,1772688,1020673494,0,0,2048,71600.000,279.940,auto,30
lltp,ILL/petri-nets/MCC,,,FlexibleBarrier_flexbar_12_a_1_1.p,intuitionistic,auto,16,false,,5,0,3,provable,proved,,ok,two-sided,IMELL,4118,267,1.558,94,0,34,87799,0,0,2048,0.000,0.000,auto,30
lltp,ILL/petri-nets/MCC,,,FlexibleBarrier_flexbar_12_a_20_1.p,intuitionistic,auto,16,false,,5,0,3,provable,unknown,timeout,,two-sided,IMELL,4118,267,5244.461,19862938,16173598,2097152,625000703,0,0,2048,58670.000,122.302,auto,30
lltp,ILL/petri-nets/MCC,,,FlexibleBarrier_flexbar_12_a_5_1.p,intuitionistic,auto,16,false,,5,0,3,provable,unknown,timeout,,two-sided,IMELL,4118,267,5266.527,13195945,11456183,1677245,994518627,0,0,2048,73760.000,262.663,auto,30
lltp,ILL/petri-nets/MCC,,,FlexibleBarrier_flexbar_14_a_10_1.p,intuitionistic,auto,16,false,,5,0,3,provable,unknown,timeout,,two-sided,IMELL,5470,367,5266.715,13473579,10385692,1963729,387863282,0,0,2048,62530.000,197.640,auto,30
lltp,ILL/petri-nets/MCC,,,FlexibleBarrier_flexbar_14_a_1_1.p,intuitionistic,auto,16,false,,5,0,3,provable,proved,,ok,two-sided,IMELL,5470,367,1.745,104,0,31,87038,0,0,2048,10.000,0.000,auto,30
lltp,ILL/petri-nets/MCC,,,FlexibleBarrier_flexbar_14_a_20_1.p,intuitionistic,auto,16,false,,5,0,3,provable,unknown,timeout,,two-sided,IMELL,5470,367,5269.379,20188861,14021470,2097152,124349054,0,0,2048,56770.000,219.244,auto,30
lltp,ILL/petri-nets/MCC,,,FlexibleBarrier_flexbar_14_a_5_1.p,intuitionistic,auto,16,false,,5,0,3,provable,unknown,timeout,,two-sided,IMELL,5470,367,5255.798,15192355,12156106,1956450,231071282,0,0,2048,62290.000,179.952,auto,30
lltp,ILL/petri-nets/MCC,,,FlexibleBarrier_flexbar_16_a_1_1.p,intuitionistic,auto,16,false,,5,0,3,provable,proved,,ok,two-sided,IMELL,7014,483,2.193,132,0,62,120012,0,0,2048,10.000,0.022,auto,30
lltp,ILL/petri-nets/MCC,,,FlexibleBarrier_flexbar_16_a_20_1.p,intuitionistic,auto,16,false,,5,0,3,provable,unknown,timeout,,two-sided,IMELL,7014,483,5220.429,8420763,26516,2097152,38488088,0,0,2048,52160.000,206.279,auto,30
lltp,ILL/petri-nets/MCC,,,FlexibleBarrier_flexbar_16_a_5_1.p,intuitionistic,auto,16,false,,5,0,3,provable,proved,,ok,two-sided,IMELL,7014,483,2719.360,1039561,0,1038897,751257895,0,0,2048,33980.000,90.363,auto,30
lltp,ILL/petri-nets/MCC,,,FlexibleBarrier_flexbar_18_a_1_1.p,intuitionistic,auto,16,false,,5,0,3,provable,proved,,ok,two-sided,IMELL,8750,615,2.272,135,0,44,87964,0,0,2048,10.000,0.000,auto,30
lltp,ILL/petri-nets/MCC,,,FlexibleBarrier_flexbar_18_a_20_1.p,intuitionistic,auto,16,false,,5,0,3,provable,unknown,timeout,,two-sided,IMELL,8750,615,5273.835,6620327,33716,2097152,31142180,0,0,2048,53870.000,204.000,auto,30
lltp,ILL/petri-nets/MCC,,,FlexibleBarrier_flexbar_18_a_5_1.p,intuitionistic,auto,16,false,,5,0,3,provable,unknown,timeout,,two-sided,IMELL,8750,615,5199.693,2375079,0,1048791,585789710,0,0,2048,66480.000,187.616,auto,30
lltp,ILL/petri-nets/MCC,,,FlexibleBarrier_flexbar_20_a_1_1.p,intuitionistic,auto,16,false,,5,0,3,provable,proved,,ok,two-sided,IMELL,10678,763,2.627,148,0,47,90984,0,0,2048,10.000,0.000,auto,30
lltp,ILL/petri-nets/MCC,,,FlexibleBarrier_flexbar_20_a_20_1.p,intuitionistic,auto,16,false,,5,0,3,provable,unknown,timeout,,two-sided,IMELL,10678,763,5500.357,6179637,41780,2097152,68341600,0,0,2048,57600.000,182.547,auto,30
lltp,ILL/petri-nets/MCC,,,FlexibleBarrier_flexbar_20_a_5_1.p,intuitionistic,auto,16,false,,5,0,3,provable,unknown,timeout,,two-sided,IMELL,10678,763,5383.957,2667926,215827,1405875,216749440,0,0,2048,68290.000,184.183,auto,30
lltp,ILL/petri-nets/MCC,,,FlexibleBarrier_flexbar_22_a_1_1.p,intuitionistic,auto,16,false,,5,0,3,provable,proved,,ok,two-sided,IMELL,12798,927,2.954,163,0,52,91568,0,0,2048,10.000,0.002,auto,30
lltp,ILL/petri-nets/MCC,,,FlexibleBarrier_flexbar_22_a_20_1.p,intuitionistic,auto,16,false,,5,0,3,provable,unknown,timeout,,two-sided,IMELL,12798,927,5515.632,4420597,50708,2097152,215087148,0,0,2048,60380.000,179.917,auto,30
lltp,ILL/petri-nets/MCC,,,FlexibleBarrier_flexbar_22_a_5_1.p,intuitionistic,auto,16,false,,5,0,3,provable,proved,,ok,two-sided,IMELL,12798,927,6.321,292,0,269,702855,0,0,2048,70.000,0.234,auto,30
lltp,ILL/petri-nets/MCC,,,GPPP_G-PPP-1-1_100_1.p,intuitionistic,auto,16,false,,5,0,3,provable,proved,,ok,two-sided,IMELL,386,14,7.526,2413,1399,237,2359580,0,0,2048,60.000,0.000,auto,30
lltp,ILL/petri-nets/MCC,,,GPPP_G-PPP-1-1_10_1.p,intuitionistic,auto,16,false,,5,0,3,provable,proved,,ok,two-sided,IMELL,384,14,2.818,412,167,85,666816,0,0,2048,20.000,0.000,auto,30
lltp,ILL/petri-nets/MCC,,,GPPP_G-PPP-1-1_1_1.p,intuitionistic,auto,16,false,,5,0,3,provable,proved,,ok,two-sided,IMELL,384,14,0.908,4,0,2,49644,0,0,2048,0.000,0.000,auto,30
lltp,ILL/petri-nets/MCC,,,GPPP_G-PPP-1-1_20_1.p,intuitionistic,auto,16,false,,5,0,3,provable,proved,,ok,two-sided,IMELL,386,14,6.792,2413,1399,237,2054930,0,0,2048,60.000,0.062,auto,30
lltp,ILL/petri-nets/MCC,,,GPPP_G-PPP-1-1_50_1.p,intuitionistic,auto,16,false,,5,0,3,provable,proved,,ok,two-sided,IMELL,386,14,7.679,2413,1399,237,2456113,0,0,2048,60.000,0.000,auto,30
lltp,ILL/petri-nets/MCC,,,GPPP_G-PPP-1-1_5_1.p,intuitionistic,auto,16,false,,5,0,3,provable,proved,,ok,two-sided,IMELL,384,14,1.521,27,1,9,110111,0,0,2048,10.000,0.000,auto,30
lltp,ILL/petri-nets/MCC,,,HexagonalGrid_hxg_110_100_1.p,intuitionistic,auto,16,false,,5,0,3,provable,proved,,ok,two-sided,IMELL,406,31,106.355,1653940,1398272,189999,6463941,0,0,2048,1150.000,3.392,auto,30
lltp,ILL/petri-nets/MCC,,,HexagonalGrid_hxg_110_10_1.p,intuitionistic,auto,16,false,,5,0,3,provable,proved,,ok,two-sided,IMELL,406,31,107.023,1815816,1548195,211296,6525615,0,0,2048,1200.000,3.413,auto,30
lltp,ILL/petri-nets/MCC,,,HexagonalGrid_hxg_110_1_1.p,intuitionistic,auto,16,false,,5,0,3,provable,proved,,ok,two-sided,IMELL,406,31,0.673,12,0,8,32725,0,0,2048,0.000,0.000,auto,30
lltp,ILL/petri-nets/MCC,,,HexagonalGrid_hxg_110_20_1.p,intuitionistic,auto,16,false,,5,0,3,provable,unknown,timeout,,two-sided,IMELL,406,31,5074.175,109624820,104335694,1484734,314639800,0,0,2048,70580.000,300.940,auto,30
lltp,ILL/petri-nets/MCC,,,HexagonalGrid_hxg_110_50_1.p,intuitionistic,auto,16,false,,5,0,3,provable,unknown,timeout,,two-sided,IMELL,406,31,5082.180,106941954,101603341,1442568,312385812,0,0,2048,71450.000,252.475,auto,30
lltp,ILL/petri-nets/MCC,,,HexagonalGrid_hxg_110_5_1.p,intuitionistic,auto,16,false,,5,0,3,provable,proved,,ok,two-sided,IMELL,406,32,75.438,1470,668,521,16707587,0,0,2048,580.000,0.013,auto,30
lltp,ILL/petri-nets/MCC,,,HexagonalGrid_hxg_126_100_1.p,intuitionistic,auto,16,false,,5,0,3,provable,unknown,timeout,,two-sided,IMELL,454,38,5112.567,45336526,41097302,1048699,865119422,0,0,2048,70130.000,194.356,auto,30
lltp,ILL/petri-nets/MCC,,,HexagonalGrid_hxg_126_10_1.p,intuitionistic,auto,16,false,,5,0,3,provable,proved,,ok,two-sided,IMELL,454,37,128.001,530229,396352,68930,42576692,0,0,2048,1780.000,10.640,auto,30
lltp,ILL/petri-nets/MCC,,,HexagonalGrid_hxg_126_1_1.p,intuitionistic,auto,16,false,,5,0,3,provable,proved,,ok,two-sided,IMELL,454,37,1.767,9,0,3,266237,0,0,2048,10.000,0.000,auto,30
lltp,ILL/petri-nets/MCC,,,HexagonalGrid_hxg_126_20_1.p,intuitionistic,auto,16,false,,5,0,3,provable,unknown,timeout,,two-sided,IMELL,454,37,5121.903,16353189,12921898,1048576,1827007657,0,0,2048,73690.000,240.679,auto,30
lltp,ILL/petri-nets/MCC,,,HexagonalGrid_hxg_126_50_1.p,intuitionistic,auto,16,false,,5,0,3,provable,unknown,timeout,,two-sided,IMELL,454,38,5147.101,46602528,42366688,1048714,857127361,0,0,2048,70610.000,203.914,auto,30
lltp,ILL/petri-nets/MCC,,,HexagonalGrid_hxg_126_5_1.p,intuitionistic,auto,16,false,,5,0,3,provable,proved,,ok,two-sided,IMELL,454,38,11.019,1377,686,453,1203937,0,0,2048,70.000,0.003,auto,30
lltp,ILL/petri-nets/MCC,,,HouseConstruction-005_20_1.p,intuitionistic,auto,16,false,,5,0,3,provable,proved,,ok,two-sided,IMELL,124,5,58.252,668054,634438,6654,1912593,0,0,2048,250.000,0.003,auto,30
lltp,ILL/petri-nets/MCC,,,HouseConstruction-005_50_1.p,intuitionistic,auto,16,false,,5,0,3,provable,unknown,timeout,,two-sided,IMELL,130,5,5000.460,48793475,48157764,69999,134126375,0,0,2048,12880.000,0.762,auto,30
lltp,ILL/petri-nets/MCC,,,HouseConstruction-010_100_1.p,intuitionistic,auto,16,false,,5,0,3,provable,unknown,timeout,,two-sided,IMELL,202,11,5000.818,31649946,30090422,214579,222781058,0,0,2048,41720.000,0.686,auto,30
lltp,ILL/petri-nets/MCC,,,HouseConstruction-010_10_1.p,intuitionistic,auto,16,false,,5,0,3,provable,proved,,ok,two-sided,IMELL,142,10,0.943,983,797,89,42526,0,0,2048,0.000,0.000,auto,30
lltp,ILL/petri-nets/MCC,,,HouseConstruction-010_20_1.p,intuitionistic,auto,16,false,,5,0,3,provable,proved,,ok,two-sided,IMELL,142,11,91.542,814664,769195,8613,3027671,0,0,2048,580.000,0.006,auto,30
lltp,ILL/petri-nets/MCC,,,HouseConstruction-010_50_1.p,intuitionistic,auto,16,false,,5,0,3,provable,unknown,timeout,,two-sided,IMELL,206,11,5001.086,31204247,29621533,214579,228409356,0,0,2048,42460.000,1.050,auto,30
lltp,ILL/petri-nets/MCC,,,HouseConstruction-010_5_1.p,intuitionistic,auto,16,false,,5,0,3,provable,proved,,ok,two-sided,IMELL,142,10,0.665,171,85,44,2280,0,0,2048,0.000,0.000,auto,30
lltp,ILL/petri-nets/MCC,,,HouseConstruction-020_100_1.p,intuitionistic,auto,16,false,,5,0,3,provable,unknown,timeout,,two-sided,IMELL,304,21,5025.476,29209851,27525097,243987,413387874,0,0,2048,46560.000,1.180,auto,30
lltp,ILL/petri-nets/MCC,,,HouseConstruction-020_10_1.p,intuitionistic,auto,16,false,,5,0,3,provable,proved,,ok,two-sided,IMELL,182,20,1.890,1897,1258,209,370395,0,0,2048,10.000,0.000,auto,30
lltp,ILL/petri-nets/MCC,,,HouseConstruction-020_1_1.p,intuitionistic,auto,16,false,,5,0,3,provable,proved,,ok,two-sided,IMELL,182,20,0.434,14,0,5,199,0,0,2048,0.000,0.000,auto,30
lltp,ILL/petri-nets/MCC,,,HouseConstruction-020_20_1.p,intuitionistic,auto,16,false,,5,0,3,provable,proved,,ok,two-sided,IMELL,182,20,117.051,236515,188513,8904,43250341,0,0,2048,1150.000,0.025,auto,30
lltp,ILL/petri-nets/MCC,,,HouseConstruction-020_50_1.p,intuitionistic,auto,16,false,,5,0,3,provable,unknown,timeout,,two-sided,IMELL,222,20,5025.631,33060749,31325758,247301,231532129,0,0,2048,44030.000,0.911,auto,30
lltp,ILL/petri-nets/MCC,,,HouseConstruction-020_5_1.p,intuitionistic,auto,16,false,,5,0,3,provable,proved,,ok,two-sided,IMELL,182,20,0.804,249,144,57,8849,0,0,2048,0.000,0.000,auto,30
lltp,ILL/petri-nets/MCC,,,HouseConstruction-050_100_1.p,intuitionistic,auto,16,false,,5,0,3,provable,unknown,timeout,,two-sided,IMELL,302,51,5018.018,30516624,29125847,198644,265228606,0,0,2048,44410.000,0.742,auto,30
lltp,ILL/petri-nets/MCC,,,HouseConstruction-050_10_1.p,intuitionistic,auto,16,false,,5,0,3,provable,proved,,ok,two-sided,IMELL,302,50,2.530,1395,751,172,786240,0,0,2048,20.000,0.000,auto,30
lltp,ILL/petri-nets/MCC,,,HouseConstruction-050_1_1.p,intuitionistic,auto,16,false,,5,0,3,provable,proved,,ok,two-sided,IMELL,302,50,0.547,26,0,17,529,0,0,2048,0.000,0.000,auto,30
lltp,ILL/petri-nets/MCC,,,HouseConstruction-050_20_1.p,intuitionistic,auto,16,false,,5,0,3,provable,proved,,ok,two-sided,IMELL,302,50,152.448,171112,126473,8895,46511166,0,0,2048,1500.000,0.040,auto,30
lltp,ILL/petri-nets/MCC,,,HouseConstruction-050_50_1.p,intuitionistic,auto,16,false,,5,0,3,provable,unknown,timeout,,two-sided,IMELL,302,51,5024.650,30080119,28677282,203382,261410124,0,0,2048,44370.000,1.108,auto,30
lltp,ILL/petri-nets/MCC,,,HouseConstruction-050_5_1.p,intuitionistic,auto,16,false,,5,0,3,provable,proved,,ok,two-sided,IMELL,302,50,1.148,56,9,19,26517,0,0,2048,0.000,0.000,auto,30
lltp,ILL/petri-nets/MCC,,,HypertorusGrid_ht_d2k1p8b00_100_1.p,intuitionistic,auto,16,false,,5,0,3,provable,unknown,timeout,,two-sided,IMELL,270,17,5112.339,19401119,14756256,1048581,1320468810,0,0,2048,72570.000,164.581,auto,30
lltp,ILL/petri-nets/MCC,,,HypertorusGrid_ht_d2k1p8b00_10_1.p,intuitionistic,auto,16,false,,5,0,3,provable,proved,,ok,two-sided,IMELL,270,14,52.696,257416,177817,39818,13915554,0,0,2048,720.000,2.245,auto,30
lltp,ILL/petri-nets/MCC,,,HypertorusGrid_ht_d2k1p8b00_1_1.p,intuitionistic,auto,16,false,,5,0,3,provable,proved,,ok,two-sided,IMELL,270,13,0.620,7,0,5,26022,0,0,2048,0.000,0.000,auto,30
lltp,ILL/petri-nets/MCC,,,HypertorusGrid_ht_d2k1p8b00_20_1.p,intuitionistic,auto,16,false,,5,0,3,provable,unknown,timeout,,two-sided,IMELL,270,17,5120.190,19181973,14435004,1048581,1327250588,0,0,2048,73360.000,222.221,auto,30
lltp,ILL/petri-nets/MCC,,,HypertorusGrid_ht_d2k1p8b00_50_1.p,intuitionistic,auto,16,false,,5,0,3,provable,unknown,timeout,,two-sided,IMELL,270,16,5122.932,19455014,14779278,1048576,1347141059,0,0,2048,72340.000,180.157,auto,30
lltp,ILL/petri-nets/MCC,,,HypertorusGrid_ht_d2k1p8b00_5_1.p,intuitionistic,auto,16,false,,5,0,3,provable,proved,,ok,two-sided,IMELL,270,13,1.064,924,365,346,68181,0,0,2048,0.000,0.000,auto,30
lltp,ILL/petri-nets/MCC,,,HypertorusGrid_ht_d2k2p1b00_100_1.p,intuitionistic,auto,16,false,,5,0,3,provable,unknown,timeout,,two-sided,IMELL,638,13,5092.193,14646090,10535651,1048576,2150830942,0,0,2048,72920.000,307.892,auto,30
lltp,ILL/petri-nets/MCC,,,HypertorusGrid_ht_d2k2p1b00_1_1.p,intuitionistic,auto,16,false,,5,0,3,provable,proved,,ok,two-sided,IMELL,638,13,1.693,20,0,4,374941,0,0,2048,10.000,0.865,auto,30
lltp,ILL/petri-nets/MCC,,,HypertorusGrid_ht_d2k2p1b00_20_1.p,intuitionistic,auto,16,false,,5,0,3,provable,unknown,timeout,,two-sided,IMELL,638,16,5089.459,14360474,10333939,1048576,1833792991,0,0,2048,72570.000,301.843,auto,30
lltp,ILL/petri-nets/MCC,,,HypertorusGrid_ht_d2k2p1b00_50_1.p,intuitionistic,auto,16,false,,5,0,3,provable,unknown,timeout,,two-sided,IMELL,638,13,5211.262,14372828,10349495,1048576,2201582983,0,0,2048,74400.000,279.752,auto,30
lltp,ILL/petri-nets/MCC,,,HypertorusGrid_ht_d2k2p1b00_5_1.p,intuitionistic,auto,16,false,,5,0,3,provable,proved,,ok,two-sided,IMELL,638,15,45.034,31726,19032,10131,11109260,0,0,2048,400.000,0.011,auto,30
lltp,ILL/petri-nets/MCC,,,IBM5964_10_1.p,intuitionistic,auto,16,false,,5,0,3,provable,unknown,timeout,,two-sided,IMELL,1102,3,5051.219,97548336,97225256,249744,234904739,0,0,2048,54620.000,44.033,auto,30
lltp,ILL/petri-nets/MCC,,,IBM5964_1_1.p,intuitionistic,auto,16,false,,5,0,3,provable,proved,,ok,two-sided,IMELL,1100,3,0.879,80,15,12,702,0,0,2048,0.000,0.000,auto,30
lltp,ILL/petri-nets/MCC,,,IBM5964_20_1.p,intuitionistic,auto,16,false,,5,0,3,provable,unknown,timeout,,two-sided,IMELL,1108,3,5051.315,89253987,88932141,249272,227493550,0,0,2048,53870.000,28.061,auto,30
lltp,ILL/petri-nets/MCC,,,IBM5964_50_1.p,intuitionistic,auto,16,false,,5,0,3,provable,unknown,timeout,,two-sided,IMELL,1116,6,5063.546,83030142,82660177,297149,223050158,0,0,2048,53390.000,26.388,auto,30
lltp,ILL/petri-nets/MCC,,,IBM5964_5_1.p,intuitionistic,auto,16,false,,5,0,3,provable,proved,,ok,two-sided,IMELL,1106,3,89.157,1718787,1674311,40197,4553366,0,0,2048,1110.000,3.946,auto,30
lltp,ILL/petri-nets/MCC,,,IBMB2S565S3960_100_1.p,intuitionistic,auto,16,false,,5,0,3,provable,unknown,timeout,,two-sided,IMELL,1184,7,5180.193,111238922,110438489,723119,292991901,0,0,2048,67430.000,43.684,auto,30
lltp,ILL/petri-nets/MCC,,,IBMB2S565S3960_10_1.p,intuitionistic,auto,16,false,,5,0,3,provable,unknown,timeout,,two-sided,IMELL,1170,7,5259.216,120998895,119782258,1119819,292253994,0,0,2048,46190.000,4.939,auto,30
lltp,ILL/petri-nets/MCC,,,IBMB2S565S3960_1_1.p,intuitionistic,auto,16,false,,5,0,3,provable,proved,,ok,two-sided,IMELL,1166,7,0.964,422,290,29,2703,0,0,2048,0.000,0.000,auto,30
lltp,ILL/petri-nets/MCC,,,IBMB2S565S3960_20_1.p,intuitionistic,auto,16,false,,5,0,3,provable,unknown,timeout,,two-sided,IMELL,1168,7,5266.872,110794254,109701970,1022912,266212197,0,0,2048,67090.000,71.662,auto,30
lltp,ILL/petri-nets/MCC,,,IBMB2S565S3960_50_1.p,intuitionistic,auto,16,false,,5,0,3,provable,unknown,timeout,,two-sided,IMELL,1180,7,5129.083,72796324,72209251,521036,1132007781,0,0,2048,75210.000,227.737,auto,30
lltp,ILL/petri-nets/MCC,,,IBMB2S565S3960_5_1.p,intuitionistic,auto,16,false,,5,0,3,provable,unknown,timeout,,two-sided,IMELL,1166,7,5254.489,120071729,118856645,1121702,434556515,0,0,2048,48310.000,16.075,auto,30
lltp,ILL/petri-nets/MCC,,,IOTPpurchase_IOTP_c1m1p1d1_100_1.p,intuitionistic,auto,16,false,,5,0,3,provable,proved,,ok,two-sided,IMELL,514,2,1.635,71,0,11,395598,0,0,2048,10.000,0.000,auto,30
lltp,ILL/petri-nets/MCC,,,IOTPpurchase_IOTP_c1m1p1d1_10_1.p,intuitionistic,auto,16,false,,5,0,3,provable,proved,,ok,two-sided,IMELL,514,2,1.536,71,0,11,395598,0,0,2048,10.000,0.000,auto,30
lltp,ILL/petri-nets/MCC,,,IOTPpurchase_IOTP_c1m1p1d1_20_1.p,intuitionistic,auto,16,false,,5,0,3,provable,proved,,ok,two-sided,IMELL,522,2,3.961,10802,10471,98,1052292,0,0,2048,30.000,0.196,auto,30
lltp,ILL/petri-nets/MCC,,,IOTPpurchase_IOTP_c1m1p1d1_50_1.p,intuitionistic,auto,16,false,,5,0,3,provable,proved,,ok,two-sided,IMELL,514,2,1.342,30,0,6,328704,0,0,2048,0.000,0.000,auto,30
lltp,ILL/petri-nets/MCC,,,IOTPpurchase_IOTP_c1m1p1d1_5_1.p,intuitionistic,auto,16,false,,5,0,3,provable,proved,,ok,two-sided,IMELL,514,2,1.235,30,0,6,328704,0,0,2048,0.000,0.000,auto,30
lltp,ILL/petri-nets/MCC,,,IOTPpurchase_IOTP_c3m3p3d3_100_1.p,intuitionistic,auto,16,false,,5,0,3,provable,unknown,timeout,,two-sided,IMELL,554,4,5001.955,35742,21388,1004,2044403750,0,0,2048,40090.000,1.010,auto,30
lltp,ILL/petri-nets/MCC,,,IOTPpurchase_IOTP_c3m3p3d3_10_1.p,intuitionistic,auto,16,false,,5,0,3,provable,proved,,ok,two-sided,IMELL,556,4,3.854,391,156,48,788124,0,0,2048,20.000,0.000,auto,30
lltp,ILL/petri-nets/MCC,,,IOTPpurchase_IOTP_c3m3p3d3_1_1.p,intuitionistic,auto,16,false,,5,0,3,provable,proved,,ok,two-sided,IMELL,546,4,0.935,7,0,4,49316,0,0,2048,0.000,0.000,auto,30
lltp,ILL/petri-nets/MCC,,,IOTPpurchase_IOTP_c3m3p3d3_20_1.p,intuitionistic,auto,16,false,,5,0,3,provable,proved,,ok,two-sided,IMELL,556,4,17.489,6025,3323,287,5664723,0,0,2048,170.000,0.000,auto,30
lltp,ILL/petri-nets/MCC,,,IOTPpurchase_IOTP_c3m3p3d3_50_1.p,intuitionistic,auto,16,false,,5,0,3,provable,unknown,timeout,,two-sided,IMELL,554,4,5001.656,36641,21978,1004,1901142893,0,0,2048,40080.000,0.654,auto,30
lltp,ILL/petri-nets/MCC,,,IOTPpurchase_IOTP_c3m3p3d3_5_1.p,intuitionistic,auto,16,false,,5,0,3,provable,proved,,ok,two-sided,IMELL,546,4,14.407,39,4,11,3024844,0,0,2048,100.000,0.001,auto,30
lltp,ILL/petri-nets/MCC,,,IOTPpurchase_IOTP_c5m4p3d2_100_1.p,intuitionistic,auto,16,false,,5,0,3,provable,unknown,timeout,,two-sided,IMELL,574,6,5001.719,150973,103746,3887,1449353810,0,0,2048,39830.000,0.693,auto,30
lltp,ILL/petri-nets/MCC,,,IOTPpurchase_IOTP_c5m4p3d2_10_1.p,intuitionistic,auto,16,false,,5,0,3,provable,proved,,ok,two-sided,IMELL,554,6,3.003,506,220,68,570359,0,0,2048,10.000,0.011,auto,30
lltp,ILL/petri-nets/MCC,,,IOTPpurchase_IOTP_c5m4p3d2_1_1.p,intuitionistic,auto,16,false,,5,0,3,provable,proved,,ok,two-sided,IMELL,554,6,0.895,7,0,4,30898,0,0,2048,0.000,0.000,auto,30
lltp,ILL/petri-nets/MCC,,,IOTPpurchase_IOTP_c5m4p3d2_20_1.p,intuitionistic,auto,16,false,,5,0,3,provable,proved,,ok,two-sided,IMELL,554,6,30.521,15051,9437,700,8423177,0,0,2048,300.000,0.000,auto,30
lltp,ILL/petri-nets/MCC,,,IOTPpurchase_IOTP_c5m4p3d2_50_1.p,intuitionistic,auto,16,false,,5,0,3,provable,unknown,timeout,,two-sided,IMELL,554,6,5000.872,152963,105037,3887,1559160398,0,0,2048,39860.000,0.598,auto,30
lltp,ILL/petri-nets/MCC,,,IOTPpurchase_IOTP_c5m4p3d2_5_1.p,intuitionistic,auto,16,false,,5,0,3,provable,proved,,ok,two-sided,IMELL,554,6,4.068,44,3,15,545181,0,0,2048,20.000,0.000,auto,30
lltp,ILL/petri-nets/MCC,,,JoinFreeModules_joinFree-10_5_1.p,intuitionistic,auto,16,false,,5,0,3,provable,proved,,ok,two-sided,IMELL,1926,23,87.384,362947,312999,42670,18875697,0,0,2048,1130.000,6.653,auto,30
lltp,ILL/petri-nets/MCC,,,JoinFreeModules_joinFree-20_5_1.p,intuitionistic,auto,16,false,,5,0,3,provable,proved,,ok,two-sided,IMELL,5446,43,114.060,230325,201210,26697,21398730,0,0,2048,1510.000,8.618,auto,30
lltp,ILL/petri-nets/MCC,,,JoinFreeModules_joinFree-3_100_1.p,intuitionistic,auto,16,false,,5,0,3,provable,proved,,ok,two-sided,IMELL,414,11,21.886,318819,293246,11903,2726894,0,0,2048,280.000,0.601,auto,30
lltp,ILL/petri-nets/MCC,,,JoinFreeModules_joinFree-3_10_1.p,intuitionistic,auto,16,false,,5,0,3,provable,proved,,ok,two-sided,IMELL,414,13,26.665,408369,377772,13838,1487131,0,0,2048,340.000,2.684,auto,30
lltp,ILL/petri-nets/MCC,,,JoinFreeModules_joinFree-3_20_1.p,intuitionistic,auto,16,false,,5,0,3,provable,proved,,ok,two-sided,IMELL,414,13,223.500,5514711,5312020,67368,17101955,0,0,2048,2980.000,14.010,auto,30
lltp,ILL/petri-nets/MCC,,,JoinFreeModules_joinFree-3_50_1.p,intuitionistic,auto,16,false,,5,0,3,provable,proved,,ok,two-sided,IMELL,414,11,10.541,141444,128760,6393,2164599,0,0,2048,130.000,4.795,auto,30
lltp,ILL/petri-nets/MCC,,,JoinFreeModules_joinFree-3_5_1.p,intuitionistic,auto,16,false,,5,0,3,provable,proved,,ok,two-sided,IMELL,414,11,1.564,20526,18948,1004,65786,0,0,2048,10.000,0.000,auto,30
lltp,ILL/petri-nets/MCC,,,JoinFreeModules_joinFree-4_10_1.p,intuitionistic,auto,16,false,,5,0,3,provable,proved,,ok,two-sided,IMELL,582,13,361.933,8082906,7793296,149359,24682669,0,0,2048,5030.000,18.408,auto,30
lltp,ILL/petri-nets/MCC,,,JoinFreeModules_joinFree-4_20_1.p,intuitionistic,auto,16,false,,5,0,3,provable,proved,,ok,two-sided,IMELL,582,12,3900.124,9947761,8007716,863185,1749066896,0,0,2048,54320.000,187.158,auto,30
lltp,ILL/petri-nets/MCC,,,JoinFreeModules_joinFree-4_5_1.p,intuitionistic,auto,16,false,,5,0,3,provable,proved,,ok,two-sided,IMELL,582,11,2.791,29829,26978,1953,113174,0,0,2048,30.000,0.078,auto,30
lltp,ILL/petri-nets/MCC,,,JoinFreeModules_joinFree-5_10_1.p,intuitionistic,auto,16,false,,5,0,3,provable,proved,,ok,two-sided,IMELL,766,13,1227.616,28487426,27739813,441365,86896375,0,0,2048,17470.000,48.278,auto,30
lltp,ILL/petri-nets/MCC,,,JoinFreeModules_joinFree-5_20_1.p,intuitionistic,auto,16,false,,5,0,3,provable,unknown,timeout,,two-sided,IMELL,766,13,5127.748,12442415,9858754,1048576,2374940534,0,0,2048,74080.000,304.709,auto,30
lltp,ILL/petri-nets/MCC,,,JoinFreeModules_joinFree-5_5_1.p,intuitionistic,auto,16,false,,5,0,3,provable,proved,,ok,two-sided,IMELL,766,13,7.517,22740,15433,5164,2473089,0,0,2048,90.000,0.884,auto,30
lltp,ILL/petri-nets/MCC,,,Kanban-10_10_1.p,intuitionistic,auto,16,false,,5,0,3,provable,proved,,ok,two-sided,IMELL,238,12,3.471,5168,3547,498,837247,0,0,2048,30.000,0.000,auto,30
lltp,ILL/petri-nets/MCC,,,Kanban-10_1_1.p,intuitionistic,auto,16,false,,5,0,3,provable,proved,,ok,two-sided,IMELL,238,11,0.494,35,0,20,610,0,0,2048,0.000,0.000,auto,30
lltp,ILL/petri-nets/MCC,,,Kanban-10_20_1.p,intuitionistic,auto,16,false,,5,0,3,provable,proved,,ok,two-sided,IMELL,238,11,605.279,1451592,1195697,40156,192153932,0,0,2048,6530.000,0.090,auto,30
lltp,ILL/petri-nets/MCC,,,Kanban-10_5_1.p,intuitionistic,auto,16,false,,5,0,3,provable,proved,,ok,two-sided,IMELL,238,11,2.036,69,11,26,328212,0,0,2048,0.000,0.000,auto,30
lltp,ILL/petri-nets/MCC,,,Kanban-5_10_1.p,intuitionistic,auto,16,false,,5,0,3,provable,proved,,ok,two-sided,IMELL,158,6,3.431,4611,3074,459,1054883,0,0,2048,30.000,0.000,auto,30
lltp,ILL/petri-nets/MCC,,,Kanban-5_1_1.p,intuitionistic,auto,16,false,,5,0,3,provable,proved,,ok,two-sided,IMELL,158,6,0.439,64,0,49,414,0,0,2048,0.000,0.000,auto,30
lltp,ILL/petri-nets/MCC,,,Kanban-5_20_1.p,intuitionistic,auto,16,false,,5,0,3,provable,proved,,ok,two-sided,IMELL,158,6,7.880,17526,12891,1248,2582503,0,0,2048,70.000,0.000,auto,30
lltp,ILL/petri-nets/MCC,,,Kanban-5_50_1.p,intuitionistic,auto,16,false,,5,0,3,provable,proved,,ok,two-sided,IMELL,158,6,4.012,5112,3478,459,1291672,0,0,2048,30.000,0.000,auto,30
lltp,ILL/petri-nets/MCC,,,Kanban-5_5_1.p,intuitionistic,auto,16,false,,5,0,3,provable,proved,,ok,two-sided,IMELL,158,7,2.323,86,16,33,359394,0,0,2048,10.000,0.000,auto,30
lltp,ILL/petri-nets/MCC,,,LamportFastMutEx_lamport_fmea-3_100_1.p,intuitionistic,auto,16,false,,5,0,3,provable,proved,,ok,two-sided,IMELL,1358,33,1496.406,25880116,25184455,112710,152112524,0,0,2048,22320.000,81.168,auto,30
lltp,ILL/petri-nets/MCC,,,LamportFastMutEx_lamport_fmea-3_10_1.p,intuitionistic,auto,16,false,,5,0,3,provable,proved,,ok,two-sided,IMELL,1358,33,8.243,74668,65757,6485,557781,0,0,2048,80.000,0.072,auto,30
lltp,ILL/petri-nets/MCC,,,LamportFastMutEx_lamport_fmea-3_20_1.p,intuitionistic,auto,16,false,,5,0,3,provable,proved,,ok,two-sided,IMELL,1358,33,9.170,59406,55318,1221,557468,0,0,2048,110.000,0.123,auto,30
lltp,ILL/petri-nets/MCC,,,LamportFastMutEx_lamport_fmea-3_50_1.p,intuitionistic,auto,16,false,,5,0,3,provable,unknown,timeout,,two-sided,IMELL,1358,33,5026.995,88836426,86745450,191601,505951770,0,0,2048,75970.000,252.579,auto,30
lltp,ILL/petri-nets/MCC,,,LamportFastMutEx_lamport_fmea-3_5_1.p,intuitionistic,auto,16,false,,5,0,3,provable,proved,,ok,two-sided,IMELL,1358,33,2.190,4979,3168,851,118002,0,0,2048,10.000,0.000,auto,30
lltp,ILL/petri-nets/MCC,,,LamportFastMutEx_lamport_fmea-4_100_1.p,intuitionistic,auto,16,false,,5,0,3,provable,unknown,timeout,,two-sided,IMELL,2018,46,5103.816,57326449,55272719,712613,421028482,0,0,2048,75030.000,266.366,auto,30
lltp,ILL/petri-nets/MCC,,,LamportFastMutEx_lamport_fmea-4_10_1.p,intuitionistic,auto,16,false,,5,0,3,provable,proved,,ok,two-sided,IMELL,2018,46,22.413,30283,10065,14555,5422436,0,0,2048,280.000,2.453,auto,30
lltp,ILL/petri-nets/MCC,,,LamportFastMutEx_lamport_fmea-4_20_1.p,intuitionistic,auto,16,false,,5,0,3,provable,unknown,timeout,,two-sided,IMELL,2026,46,5101.256,4020681,2465797,431920,1506207102,0,0,2048,77720.000,176.793,auto,30
lltp,ILL/petri-nets/MCC,,,LamportFastMutEx_lamport_fmea-4_50_1.p,intuitionistic,auto,16,false,,5,0,3,provable,unknown,timeout,,two-sided,IMELL,2018,46,5102.534,55200480,53138571,727315,484001200,0,0,2048,75290.000,273.146,auto,30
lltp,ILL/petri-nets/MCC,,,LamportFastMutEx_lamport_fmea-4_5_1.p,intuitionistic,auto,16,false,,5,0,3,provable,proved,,ok,two-sided,IMELL,2018,46,2.547,610,375,109,149319,0,0,2048,20.000,0.054,auto,30
lltp,ILL/petri-nets/MCC,,,LamportFastMutEx_lamport_fmea-5_100_1.p,intuitionistic,auto,16,false,,5,0,3,provable,unknown,timeout,,two-sided,IMELL,2806,61,5161.731,27339063,25639653,866107,299028031,0,0,2048,73470.000,275.575,auto,30
lltp,ILL/petri-nets/MCC,,,LamportFastMutEx_lamport_fmea-5_10_1.p,intuitionistic,auto,16,false,,5,0,3,provable,proved,,ok,two-sided,IMELL,2806,61,1.635,389,267,57,64080,0,0,2048,10.000,0.001,auto,30
lltp,ILL/petri-nets/MCC,,,LamportFastMutEx_lamport_fmea-5_20_1.p,intuitionistic,auto,16,false,,5,0,3,provable,unknown,timeout,,two-sided,IMELL,2806,61,5158.969,27143909,25659747,635118,333963702,0,0,2048,69730.000,80.251,auto,30
lltp,ILL/petri-nets/MCC,,,LamportFastMutEx_lamport_fmea-5_50_1.p,intuitionistic,auto,16,false,,5,0,3,provable,unknown,timeout,,two-sided,IMELL,2806,61,5151.227,29095521,27438370,842346,308768437,0,0,2048,73630.000,262.120,auto,30
lltp,ILL/petri-nets/MCC,,,LamportFastMutEx_lamport_fmea-5_5_1.p,intuitionistic,auto,16,false,,5,0,3,provable,proved,,ok,two-sided,IMELL,2806,61,15.175,616,306,140,1463223,0,0,2048,120.000,1.683,auto,30
lltp,ILL/petri-nets/MCC,,,LamportFastMutEx_lamport_fmea-6_100_1.p,intuitionistic,auto,16,false,,5,0,3,provable,unknown,timeout,,two-sided,IMELL,3722,78,5178.504,28031909,26432922,1029553,280681188,0,0,2048,75090.000,318.983,auto,30
lltp,ILL/petri-nets/MCC,,,LamportFastMutEx_lamport_fmea-6_10_1.p,intuitionistic,auto,16,false,,5,0,3,provable,proved,,ok,two-sided,IMELL,3722,78,219.891,133545,87638,21821,54266096,0,0,2048,3240.000,16.561,auto,30
lltp,ILL/petri-nets/MCC,,,LamportFastMutEx_lamport_fmea-6_1_1.p,intuitionistic,auto,16,false,,5,0,3,provable,proved,,ok,two-sided,IMELL,3722,78,21.459,2700,1,154,5831402,0,0,2048,160.000,0.000,auto,30
lltp,ILL/petri-nets/MCC,,,LamportFastMutEx_lamport_fmea-6_20_1.p,intuitionistic,auto,16,false,,5,0,3,provable,unknown,timeout,,two-sided,IMELL,3722,78,5169.762,23174651,21897007,680826,314005285,0,0,2048,69790.000,87.107,auto,30
lltp,ILL/petri-nets/MCC,,,LamportFastMutEx_lamport_fmea-6_50_1.p,intuitionistic,auto,16,false,,5,0,3,provable,unknown,timeout,,two-sided,IMELL,3722,78,5174.065,28483641,26899623,1017880,281073374,0,0,2048,74320.000,357.440,auto,30
lltp,ILL/petri-nets/MCC,,,LamportFastMutEx_lamport_fmea-6_5_1.p,intuitionistic,auto,16,false,,5,0,3,provable,proved,,ok,two-sided,IMELL,3722,78,5.413,892,471,227,757758,0,0,2048,60.000,1.827,auto,30
lltp,ILL/petri-nets/MCC,,,LamportFastMutEx_lamport_fmea-7_100_1.p,intuitionistic,auto,16,false,,5,0,3,provable,unknown,timeout,,two-sided,IMELL,4766,97,5157.429,23556754,21159828,1633223,661798760,0,0,2048,69010.000,337.027,auto,30
lltp,ILL/petri-nets/MCC,,,LamportFastMutEx_lamport_fmea-7_10_1.p,intuitionistic,auto,16,false,,5,0,3,provable,proved,,ok,two-sided,IMELL,4766,97,436.181,312258,228573,49943,94301402,0,0,2048,6770.000,22.311,auto,30
lltp,ILL/petri-nets/MCC,,,LamportFastMutEx_lamport_fmea-7_1_1.p,intuitionistic,auto,16,false,,5,0,3,provable,proved,,ok,two-sided,IMELL,4766,97,45.504,3821,50,490,14921090,0,0,2048,350.000,0.000,auto,30
lltp,ILL/petri-nets/MCC,,,LamportFastMutEx_lamport_fmea-7_20_1.p,intuitionistic,auto,16,false,,5,0,3,provable,unknown,timeout,,two-sided,IMELL,4766,97,5162.883,19647186,18582220,637453,287452426,0,0,2048,69630.000,125.940,auto,30
lltp,ILL/petri-nets/MCC,,,LamportFastMutEx_lamport_fmea-7_50_1.p,intuitionistic,auto,16,false,,5,0,3,provable,unknown,timeout,,two-sided,IMELL,4766,97,5175.104,33428966,30954163,1698892,301273466,0,0,2048,69390.000,311.746,auto,30
lltp,ILL/petri-nets/MCC,,,LamportFastMutEx_lamport_fmea-7_5_1.p,intuitionistic,auto,16,false,,5,0,3,provable,proved,,ok,two-sided,IMELL,4766,97,5.963,1796,981,500,900919,0,0,2048,60.000,0.047,auto,30
lltp,ILL/petri-nets/MCC,,,LamportFastMutEx_lamport_fmea-8_100_1.p,intuitionistic,auto,16,false,,5,0,3,provable,unknown,timeout,,two-sided,IMELL,5938,118,5249.842,2814987,1356062,1173227,1696906038,0,0,2048,76740.000,245.401,auto,30
lltp,ILL/petri-nets/MCC,,,LamportFastMutEx_lamport_fmea-8_10_1.p,intuitionistic,auto,16,false,,5,0,3,provable,proved,,ok,two-sided,IMELL,5938,118,3471.269,1374847,905605,252923,673272726,0,0,2048,52990.000,167.564,auto,30
lltp,ILL/petri-nets/MCC,,,LamportFastMutEx_lamport_fmea-8_1_1.p,intuitionistic,auto,16,false,,5,0,3,provable,proved,,ok,two-sided,IMELL,5938,118,62.820,4911,72,742,18959914,0,0,2048,490.000,0.006,auto,30
lltp,ILL/petri-nets/MCC,,,LamportFastMutEx_lamport_fmea-8_20_1.p,intuitionistic,auto,16,false,,5,0,3,provable,unknown,timeout,,two-sided,IMELL,5938,118,5158.417,17758749,16886905,577237,265634584,0,0,2048,68870.000,102.958,auto,30
lltp,ILL/petri-nets/MCC,,,LamportFastMutEx_lamport_fmea-8_50_1.p,intuitionistic,auto,16,false,,5,0,3,provable,unknown,timeout,,two-sided,IMELL,5938,118,5258.263,2817824,1350383,1190170,1786803436,0,0,2048,77260.000,258.931,auto,30
lltp,ILL/petri-nets/MCC,,,LamportFastMutEx_lamport_fmea-8_5_1.p,intuitionistic,auto,16,false,,5,0,3,provable,proved,,ok,two-sided,IMELL,5938,118,9.000,2190,1290,545,1555493,0,0,2048,110.000,1.067,auto,30
lltp,ILL/petri-nets/MCC,,,MAPK-8_10_1.p,intuitionistic,auto,16,false,,5,0,3,provable,proved,,ok,two-sided,IMELL,322,10,0.607,534,0,430,5592,0,0,2048,0.000,0.000,auto,30
lltp,ILL/petri-nets/MCC,,,MAPK-8_1_1.p,intuitionistic,auto,16,false,,5,0,3,provable,proved,,ok,two-sided,IMELL,320,10,0.494,139,0,16,3547,0,0,2048,0.000,0.000,auto,30
lltp,ILL/petri-nets/MCC,,,MAPK-8_20_1.p,intuitionistic,auto,16,false,,5,0,3,provable,proved,,ok,two-sided,IMELL,322,10,0.755,962,0,858,7804,0,0,2048,0.000,0.000,auto,30
lltp,ILL/petri-nets/MCC,,,MAPK-8_50_1.p,intuitionistic,auto,16,false,,5,0,3,provable,proved,,ok,two-sided,IMELL,318,10,0.602,9,0,4,48904,0,0,2048,0.000,0.040,auto,30
lltp,ILL/petri-nets/MCC,,,MAPK-8_5_1.p,intuitionistic,auto,16,false,,5,0,3,provable,proved,,ok,two-sided,IMELL,320,10,0.601,685,1,569,6307,0,0,2048,0.000,0.000,auto,30
lltp,ILL/petri-nets/MCC,,,MultiwaySync_100_1.p,intuitionistic,auto,16,false,,5,0,3,provable,unknown,timeout,,two-sided,IMELL,3044,167,5266.485,5226030,2180,1048983,2032288429,0,0,2048,66320.000,144.556,auto,30
lltp,ILL/petri-nets/MCC,,,MultiwaySync_1_1.p,intuitionistic,auto,16,false,,5,0,3,provable,proved,,ok,two-sided,IMELL,3046,167,411.473,7480,6999,477,177399980,0,0,2048,6520.000,3.785,auto,30
lltp,ILL/petri-nets/MCC,,,MultiwaySync_20_1.p,intuitionistic,auto,16,false,,5,0,3,provable,unknown,timeout,,two-sided,IMELL,3046,167,5297.155,5221010,2180,1048983,2023069267,0,0,2048,66680.000,156.168,auto,30
lltp,ILL/petri-nets/MCC,,,MultiwaySync_50_1.p,intuitionistic,auto,16,false,,5,0,3,provable,unknown,timeout,,two-sided,IMELL,3044,167,5254.312,5226588,2180,1048983,2234922420,0,0,2048,66340.000,150.446,auto,30
lltp,ILL/petri-nets/MCC,,,MultiwaySync_5_1.p,intuitionistic,auto,16,false,,5,0,3,provable,unknown,timeout,,two-sided,IMELL,3046,167,5000.913,605,143,458,2495923553,0,0,2048,79740.000,7.262,auto,30
lltp,ILL/petri-nets/MCC,,,NeighborGrid_z_2d_3n_1m_c_1_2_100_1.p,intuitionistic,auto,16,false,,5,0,3,provable,unknown,timeout,,two-sided,IMELL,194,12,5059.653,35615364,28842519,1056026,1632242177,0,0,2048,68200.000,229.138,auto,30
lltp,ILL/petri-nets/MCC,,,NeighborGrid_z_2d_3n_1m_c_1_2_10_1.p,intuitionistic,auto,16,false,,5,0,3,provable,proved,,ok,two-sided,IMELL,194,10,110.298,730523,510414,196313,32965961,0,0,2048,1350.000,7.040,auto,30
lltp,ILL/petri-nets/MCC,,,NeighborGrid_z_2d_3n_1m_c_1_2_20_1.p,intuitionistic,auto,16,false,,5,0,3,provable,unknown,timeout,,two-sided,IMELL,194,12,5080.757,35705780,28986190,1056028,1625571894,0,0,2048,68140.000,218.029,auto,30
lltp,ILL/petri-nets/MCC,,,NeighborGrid_z_2d_3n_1m_c_1_2_50_1.p,intuitionistic,auto,16,false,,5,0,3,provable,unknown,timeout,,two-sided,IMELL,194,12,5074.233,35795644,28934519,1056031,1631931777,0,0,2048,68180.000,253.598,auto,30
lltp,ILL/petri-nets/MCC,,,NeighborGrid_z_2d_3n_1m_t_1_2_10_1.p,intuitionistic,auto,16,false,,5,0,3,provable,proved,,ok,two-sided,IMELL,322,11,1459.961,17899654,15954128,1048958,41989775,0,0,2048,16510.000,16.249,auto,30
lltp,ILL/petri-nets/MCC,,,NeighborGrid_z_2d_3n_1m_t_1_2_20_1.p,intuitionistic,auto,16,false,,5,0,3,provable,proved,,ok,two-sided,IMELL,322,11,1465.043,18139516,16204160,1048958,42626374,0,0,2048,16580.000,19.340,auto,30
lltp,ILL/petri-nets/MCC,,,NeighborGrid_z_2d_3n_1m_t_1_2_50_1.p,intuitionistic,auto,16,false,,5,0,3,provable,proved,,ok,two-sided,IMELL,322,11,1459.983,17999053,16064397,1048958,42289779,0,0,2048,16410.000,21.108,auto,30
lltp,ILL/petri-nets/MCC,,,NeighborGrid_z_2d_3n_1m_t_1_2_5_1.p,intuitionistic,auto,16,false,,5,0,3,provable,proved,,ok,two-sided,IMELL,322,11,845.810,9045348,8069046,910299,22222259,0,0,2048,10310.000,7.794,auto,30
lltp,ILL/petri-nets/MCC,,,NeighborGrid_z_4d_3n_2m_c_2_3_1_1.p,intuitionistic,auto,16,false,,5,0,3,provable,proved,,ok,two-sided,IMELL,7174,58,101.718,1635,0,4,18898796,0,0,2048,800.000,0.009,auto,30
lltp,ILL/petri-nets/MCC,,,NeighborGrid_z_4d_3n_2m_c_2_3_20_1.p,intuitionistic,auto,16,false,,5,0,3,provable,unknown,timeout,,two-sided,IMELL,7174,58,5043.286,2603174,1450567,1048636,1548817845,0,0,2048,70020.000,270.000,auto,30
lltp,ILL/petri-nets/MCC,,,NeighborGrid_z_4d_3n_2m_c_2_3_5_1.p,intuitionistic,auto,16,false,,5,0,3,provable,unknown,timeout,,two-sided,IMELL,7174,58,5047.820,1540612,383492,1048576,1346879190,0,0,2048,70160.000,248.688,auto,30
lltp,ILL/petri-nets/MCC,,,NeoElection_neoelection-2.unf_10_1.p,intuitionistic,auto,16,false,,5,0,3,provable,unknown,timeout,,two-sided,IMELL,4046,117,5062.540,97712681,97357053,238770,577909019,0,0,2048,75930.000,397.257,auto,30
lltp,ILL/petri-nets/MCC,,,NeoElection_neoelection-2.unf_1_1.p,intuitionistic,auto,16,false,,5,0,3,provable,proved,,ok,two-sided,IMELL,4042,117,11.221,53,0,3,1955760,0,0,2048,80.000,0.018,auto,30
lltp,ILL/petri-nets/MCC,,,NeoElection_neoelection-2.unf_20_1.p,intuitionistic,auto,16,false,,5,0,3,provable,unknown,timeout,,two-sided,IMELL,4046,117,5061.579,65079073,64788403,182926,1242497714,0,0,2048,71970.000,363.043,auto,30
lltp,ILL/petri-nets/MCC,,,NeoElection_neoelection-2.unf_50_1.p,intuitionistic,auto,16,false,,5,0,3,provable,unknown,timeout,,two-sided,IMELL,4042,117,5063.036,63230102,62946888,157932,1171760319,0,0,2048,70930.000,408.567,auto,30
lltp,ILL/petri-nets/MCC,,,NeoElection_neoelection-2.unf_5_1.p,intuitionistic,auto,16,false,,5,0,3,provable,unknown,timeout,,two-sided,IMELL,4046,117,5059.641,95150638,94817633,221556,567108441,0,0,2048,75650.000,378.277,auto,30
lltp,ILL/petri-nets/MCC,,,NeoElection_neoelection-3.unf_100_1.p,intuitionistic,auto,16,false,,5,0,3,provable,unknown,timeout,,two-sided,IMELL,11774,268,5443.503,3010785,0,1048576,893958565,0,0,2048,68210.000,150.937,auto,30
lltp,ILL/petri-nets/MCC,,,NeoElection_neoelection-3.unf_10_1.p,intuitionistic,auto,16,false,,5,0,3,provable,unknown,timeout,,two-sided,IMELL,11782,268,5474.534,3116502,0,1048576,1128901036,0,0,2048,69010.000,139.442,auto,30
lltp,ILL/petri-nets/MCC,,,NeoElection_neoelection-3.unf_1_1.p,intuitionistic,auto,16,false,,5,0,3,provable,proved,,ok,two-sided,IMELL,11774,268,7.012,70,0,4,496286,0,0,2048,60.000,0.000,auto,30
lltp,ILL/petri-nets/MCC,,,NeoElection_neoelection-3.unf_20_1.p,intuitionistic,auto,16,false,,5,0,3,provable,unknown,timeout,,two-sided,IMELL,11782,268,5466.606,3125490,0,1048576,548445956,0,0,2048,68830.000,151.670,auto,30
lltp,ILL/petri-nets/MCC,,,NeoElection_neoelection-3.unf_50_1.p,intuitionistic,auto,16,false,,5,0,3,provable,unknown,timeout,,two-sided,IMELL,11782,268,5465.656,3122661,0,1048576,1227567480,0,0,2048,69120.000,137.338,auto,30
lltp,ILL/petri-nets/MCC,,,NeoElection_neoelection-3.unf_5_1.p,intuitionistic,auto,16,false,,5,0,3,provable,unknown,timeout,,two-sided,IMELL,11778,268,5450.453,3047684,0,1048576,646860871,0,0,2048,68440.000,205.576,auto,30
lltp,ILL/petri-nets/MCC,,,ParamProductionCell_closed_system1_100_1.p,intuitionistic,auto,16,false,,5,0,3,provable,unknown,timeout,,two-sided,IMELL,1832,16,5124.552,497,0,31,2118099544,0,0,2048,40960.000,0.735,auto,30
lltp,ILL/petri-nets/MCC,,,ParamProductionCell_closed_system1_10_1.p,intuitionistic,auto,16,false,,5,0,3,provable,proved,,ok,two-sided,IMELL,1832,16,4.387,67,0,11,1861200,0,0,2048,50.000,0.011,auto,30
lltp,ILL/petri-nets/MCC,,,ParamProductionCell_closed_system1_20_1.p,intuitionistic,auto,16,false,,5,0,3,provable,proved,,ok,two-sided,IMELL,1832,16,31.270,232,0,21,7700957,0,0,2048,270.000,2.796,auto,30
lltp,ILL/petri-nets/MCC,,,ParamProductionCell_closed_system1_50_1.p,intuitionistic,auto,16,false,,5,0,3,provable,unknown,timeout,,two-sided,IMELL,1832,16,5011.813,497,0,31,2297884503,0,0,2048,40080.000,0.680,auto,30
lltp,ILL/petri-nets/MCC,,,ParamProductionCell_closed_system1_5_1.p,intuitionistic,auto,16,false,,5,0,3,provable,proved,,ok,two-sided,IMELL,1832,16,4.426,22,0,6,1892097,0,0,2048,30.000,2.610,auto,30
lltp,ILL/petri-nets/MCC,,,ParamProductionCell_closed_system2_100_1.p,intuitionistic,auto,16,false,,5,0,3,provable,unknown,timeout,,two-sided,IMELL,1830,16,5006.329,26527,14262,592,2145738076,0,0,2048,40490.000,0.658,auto,30
lltp,ILL/petri-nets/MCC,,,ParamProductionCell_closed_system2_10_1.p,intuitionistic,auto,16,false,,5,0,3,provable,proved,,ok,two-sided,IMELL,1830,16,5.387,536,199,56,2273762,0,0,2048,60.000,0.003,auto,30
lltp,ILL/petri-nets/MCC,,,ParamProductionCell_closed_system2_1_1.p,intuitionistic,auto,16,false,,5,0,3,provable,proved,,ok,two-sided,IMELL,1832,16,3.931,9,0,5,1300894,0,0,2048,20.000,0.000,auto,30
lltp,ILL/petri-nets/MCC,,,ParamProductionCell_closed_system2_20_1.p,intuitionistic,auto,16,false,,5,0,3,provable,proved,,ok,two-sided,IMELL,1830,16,37.544,5233,2394,243,11490526,0,0,2048,400.000,0.105,auto,30
lltp,ILL/petri-nets/MCC,,,ParamProductionCell_closed_system2_50_1.p,intuitionistic,auto,16,false,,5,0,3,provable,unknown,timeout,,two-sided,IMELL,1830,16,5012.236,26143,13920,566,2317511909,0,0,2048,40540.000,5.580,auto,30
lltp,ILL/petri-nets/MCC,,,ParamProductionCell_closed_system2_5_1.p,intuitionistic,auto,16,false,,5,0,3,provable,proved,,ok,two-sided,IMELL,1830,16,2.088,67,14,16,694420,0,0,2048,20.000,0.000,auto,30
lltp,ILL/petri-nets/MCC,,,ParamProductionCell_closed_system3_100_1.p,intuitionistic,auto,16,false,,5,0,3,provable,unknown,timeout,,two-sided,IMELL,1826,16,5222.415,74882,41849,750,2162397117,0,0,2048,43050.000,33.146,auto,30
lltp,ILL/petri-nets/MCC,,,ParamProductionCell_closed_system3_10_1.p,intuitionistic,auto,16,false,,5,0,3,provable,proved,,ok,two-sided,IMELL,1828,16,150.241,1437,708,101,40439068,0,0,2048,1220.000,2.635,auto,30
lltp,ILL/petri-nets/MCC,,,ParamProductionCell_closed_system3_20_1.p,intuitionistic,auto,16,false,,5,0,3,provable,proved,,ok,two-sided,IMELL,1828,16,174.585,17148,9487,385,46875526,0,0,2048,1690.000,9.108,auto,30
lltp,ILL/petri-nets/MCC,,,ParamProductionCell_closed_system3_50_1.p,intuitionistic,auto,16,false,,5,0,3,provable,unknown,timeout,,two-sided,IMELL,1826,16,5161.568,75637,42246,750,2104196152,0,0,2048,42590.000,27.833,auto,30
lltp,ILL/petri-nets/MCC,,,ParamProductionCell_closed_system3_5_1.p,intuitionistic,auto,16,false,,5,0,3,provable,proved,,ok,two-sided,IMELL,1830,16,2.309,173,60,34,798911,0,0,2048,20.000,0.607,auto,30
lltp,ILL/petri-nets/MCC,,,ParamProductionCell_closed_system4_100_1.p,intuitionistic,auto,16,false,,5,0,3,provable,unknown,timeout,,two-sided,IMELL,1826,16,5085.791,616296,428376,9070,2046231765,0,0,2048,48580.000,45.343,auto,30
lltp,ILL/petri-nets/MCC,,,ParamProductionCell_closed_system4_10_1.p,intuitionistic,auto,16,false,,5,0,3,provable,proved,,ok,two-sided,IMELL,1828,16,150.632,5351,3408,391,40622756,0,0,2048,1260.000,0.453,auto,30
lltp,ILL/petri-nets/MCC,,,ParamProductionCell_closed_system4_20_1.p,intuitionistic,auto,16,false,,5,0,3,provable,proved,,ok,two-sided,IMELL,1828,16,282.558,90190,61501,2895,82648825,0,0,2048,3310.000,8.142,auto,30
lltp,ILL/petri-nets/MCC,,,ParamProductionCell_closed_system4_50_1.p,intuitionistic,auto,16,false,,5,0,3,provable,unknown,timeout,,two-sided,IMELL,1826,16,5170.715,610306,424880,9070,2107939548,0,0,2048,49190.000,42.677,auto,30
lltp,ILL/petri-nets/MCC,,,ParamProductionCell_closed_system4_5_1.p,intuitionistic,auto,16,false,,5,0,3,provable,proved,,ok,two-sided,IMELL,1830,16,3.942,304,127,60,1545656,0,0,2048,30.000,2.216,auto,30
lltp,ILL/petri-nets/MCC,,,ParamProductionCell_closed_system5_100_1.p,intuitionistic,auto,16,false,,5,0,3,provable,unknown,timeout,,two-sided,IMELL,1828,16,5190.704,1090824,799391,18424,2145798740,0,0,2048,53960.000,51.649,auto,30
lltp,ILL/petri-nets/MCC,,,ParamProductionCell_closed_system5_10_1.p,intuitionistic,auto,16,false,,5,0,3,provable,proved,,ok,two-sided,IMELL,1826,16,15.649,9023,6127,671,6984809,0,0,2048,210.000,0.334,auto,30
lltp,ILL/petri-nets/MCC,,,ParamProductionCell_closed_system5_20_1.p,intuitionistic,auto,16,false,,5,0,3,provable,proved,,ok,two-sided,IMELL,1826,16,429.156,180581,130702,5320,141753176,0,0,2048,5400.000,20.895,auto,30
lltp,ILL/petri-nets/MCC,,,ParamProductionCell_closed_system5_50_1.p,intuitionistic,auto,16,false,,5,0,3,provable,unknown,timeout,,two-sided,IMELL,1822,16,5167.930,1154203,845509,18424,2104550418,0,0,2048,54500.000,94.545,auto,30
lltp,ILL/petri-nets/MCC,,,ParamProductionCell_closed_system5_5_1.p,intuitionistic,auto,16,false,,5,0,3,provable,proved,,ok,two-sided,IMELL,1830,16,2.896,722,388,134,1066386,0,0,2048,30.000,0.000,auto,30
lltp,ILL/petri-nets/MCC,,,ParamProductionCell_open_system_0_100_1.p,intuitionistic,auto,16,false,,5,0,3,provable,unknown,timeout,,two-sided,IMELL,1578,16,5230.176,4564,2018,155,2134188557,0,0,2048,41890.000,1.117,auto,30
lltp,ILL/petri-nets/MCC,,,ParamProductionCell_open_system_0_10_1.p,intuitionistic,auto,16,false,,5,0,3,provable,proved,,ok,two-sided,IMELL,1582,16,10.509,10522,28,10337,1805582,0,0,2048,80.000,0.148,auto,30
lltp,ILL/petri-nets/MCC,,,ParamProductionCell_open_system_0_1_1.p,intuitionistic,auto,16,false,,5,0,3,provable,proved,,ok,two-sided,IMELL,1586,16,0.914,4,0,2,147632,0,0,2048,0.000,0.000,auto,30
lltp,ILL/petri-nets/MCC,,,ParamProductionCell_open_system_0_20_1.p,intuitionistic,auto,16,false,,5,0,3,provable,proved,,ok,two-sided,IMELL,1582,16,13.901,927,283,68,6082787,0,0,2048,150.000,0.019,auto,30
lltp,ILL/petri-nets/MCC,,,ParamProductionCell_open_system_0_50_1.p,intuitionistic,auto,16,false,,5,0,3,provable,unknown,timeout,,two-sided,IMELL,1578,16,5217.336,4462,1974,155,2142328392,0,0,2048,41780.000,0.841,auto,30
lltp,ILL/petri-nets/MCC,,,ParamProductionCell_open_system_0_5_1.p,intuitionistic,auto,16,false,,5,0,3,provable,proved,,ok,two-sided,IMELL,1582,16,6.650,3471,3,3394,1671091,0,0,2048,40.000,0.130,auto,30
lltp,ILL/petri-nets/MCC,,,Parking_parking_1_4_100_1.p,intuitionistic,auto,16,false,,5,0,3,provable,unknown,timeout,,two-sided,IMELL,598,11,5076.757,49613478,48397621,1132315,453310814,0,0,2048,45990.000,4.926,auto,30
lltp,ILL/petri-nets/MCC,,,Parking_parking_1_4_10_1.p,intuitionistic,auto,16,false,,5,0,3,provable,unknown,timeout,,two-sided,IMELL,598,11,5072.315,44630238,43433518,1113409,441837641,0,0,2048,41220.000,1.018,auto,30
lltp,ILL/petri-nets/MCC,,,Parking_parking_1_4_1_1.p,intuitionistic,auto,16,false,,5,0,3,provable,proved,,ok,two-sided,IMELL,598,11,1.142,42,2,37,138675,0,0,2048,0.000,0.000,auto,30
lltp,ILL/petri-nets/MCC,,,Parking_parking_1_4_20_1.p,intuitionistic,auto,16,false,,5,0,3,provable,unknown,timeout,,two-sided,IMELL,598,11,5074.343,41198238,39992972,1122480,373999286,0,0,2048,41110.000,2.968,auto,30
lltp,ILL/petri-nets/MCC,,,Parking_parking_1_4_50_1.p,intuitionistic,auto,16,false,,5,0,3,provable,unknown,timeout,,two-sided,IMELL,598,11,5062.687,45199261,44139193,979176,463878069,0,0,2048,36300.000,1.781,auto,30
lltp,ILL/petri-nets/MCC,,,Parking_parking_1_4_5_1.p,intuitionistic,auto,16,false,,5,0,3,provable,unknown,timeout,,two-sided,IMELL,598,11,5062.411,41344726,40170903,1092551,673692170,0,0,2048,41430.000,3.080,auto,30
lltp,ILL/petri-nets/MCC,,,Parking_parking_2_8_1_1.p,intuitionistic,auto,16,false,,5,0,3,provable,proved,,ok,two-sided,IMELL,1250,11,1.219,68,2,50,81247,0,0,2048,0.000,0.000,auto,30
lltp,ILL/petri-nets/MCC,,,Parking_parking_2_8_20_1.p,intuitionistic,auto,16,false,,5,0,3,provable,unknown,timeout,,two-sided,IMELL,1250,11,5133.948,5248210,4,1048623,3113474325,0,0,2048,70040.000,182.193,auto,30
lltp,ILL/petri-nets/MCC,,,Parking_parking_2_8_50_1.p,intuitionistic,auto,16,false,,5,0,3,provable,unknown,timeout,,two-sided,IMELL,1250,11,5270.118,53374477,47003194,1162798,1961384720,0,0,2048,67480.000,229.079,auto,30
lltp,ILL/petri-nets/MCC,,,Parking_parking_2_8_5_1.p,intuitionistic,auto,16,false,,5,0,3,provable,unknown,timeout,,two-sided,IMELL,1250,11,5259.460,9123947,3213,2097152,2001216014,0,0,2048,65860.000,193.075,auto,30
lltp,ILL/petri-nets/MCC,,,PermAdmissibility_unf-8x8-4stageSEN-01_10_1.p,intuitionistic,auto,16,false,,5,0,3,provable,proved,,ok,two-sided,IMELL,7010,65,40.656,150571,147066,1815,1356743,0,0,2048,430.000,0.037,auto,30
lltp,ILL/petri-nets/MCC,,,PermAdmissibility_unf-8x8-4stageSEN-01_1_1.p,intuitionistic,auto,16,false,,5,0,3,provable,proved,,ok,two-sided,IMELL,7010,64,1.437,1549,1419,22,7383,0,0,2048,10.000,0.000,auto,30
lltp,ILL/petri-nets/MCC,,,PermAdmissibility_unf-8x8-4stageSEN-01_20_1.p,intuitionistic,auto,16,false,,5,0,3,provable,proved,,ok,two-sided,IMELL,7008,64,2229.846,20427056,20205334,130886,105885004,0,0,2048,25760.000,0.865,auto,30
lltp,ILL/petri-nets/MCC,,,PermAdmissibility_unf-8x8-4stageSEN-01_5_1.p,intuitionistic,auto,16,false,,5,0,3,provable,proved,,ok,two-sided,IMELL,7010,64,4.008,10807,10516,102,71875,0,0,2048,40.000,0.020,auto,30
lltp,ILL/petri-nets/MCC,,,PermAdmissibility_unf-8x8-4stageSEN-02_10_1.p,intuitionistic,auto,16,false,,5,0,3,provable,proved,,ok,two-sided,IMELL,7046,65,2789.220,9863480,9495463,226456,124391931,0,0,2048,36340.000,48.777,auto,30
lltp,ILL/petri-nets/MCC,,,PermAdmissibility_unf-8x8-4stageSEN-02_1_1.p,intuitionistic,auto,16,false,,5,0,3,provable,proved,,ok,two-sided,IMELL,7046,64,2.059,1343,1289,11,11889,0,0,2048,10.000,0.000,auto,30
lltp,ILL/petri-nets/MCC,,,PermAdmissibility_unf-8x8-4stageSEN-02_20_1.p,intuitionistic,auto,16,false,,5,0,3,provable,unknown,timeout,,two-sided,IMELL,7046,66,5136.565,17513834,16715736,492219,229838553,0,0,2048,67490.000,67.769,auto,30
lltp,ILL/petri-nets/MCC,,,PermAdmissibility_unf-8x8-4stageSEN-02_50_1.p,intuitionistic,auto,16,false,,5,0,3,provable,unknown,timeout,,two-sided,IMELL,7042,64,5138.395,35419538,34632087,508686,445704542,0,0,2048,73840.000,306.082,auto,30
lltp,ILL/petri-nets/MCC,,,PermAdmissibility_unf-8x8-4stageSEN-02_5_1.p,intuitionistic,auto,16,false,,5,0,3,provable,proved,,ok,two-sided,IMELL,7046,64,6.745,16061,15127,633,216186,0,0,2048,70.000,0.200,auto,30
lltp,ILL/petri-nets/MCC,,,PermAdmissibility_unf-8x8-4stageSEN-05_100_1.p,intuitionistic,auto,16,false,,5,0,3,provable,unknown,timeout,,two-sided,IMELL,7144,64,5159.831,1450922,853250,458930,1984016867,0,0,2048,76260.000,264.056,auto,30
lltp,ILL/petri-nets/MCC,,,PermAdmissibility_unf-8x8-4stageSEN-05_10_1.p,intuitionistic,auto,16,false,,5,0,3,provable,unknown,timeout,,two-sided,IMELL,7154,64,5175.417,14485479,13838563,507243,219403762,0,0,2048,68590.000,66.131,auto,30
lltp,ILL/petri-nets/MCC,,,PermAdmissibility_unf-8x8-4stageSEN-05_1_1.p,intuitionistic,auto,16,false,,5,0,3,provable,proved,,ok,two-sided,IMELL,7154,64,1.819,725,700,6,18552,0,0,2048,10.000,0.000,auto,30
lltp,ILL/petri-nets/MCC,,,PermAdmissibility_unf-8x8-4stageSEN-05_20_1.p,intuitionistic,auto,16,false,,5,0,3,provable,unknown,timeout,,two-sided,IMELL,7154,64,5166.623,17084462,16440192,496824,209472412,0,0,2048,64850.000,49.888,auto,30
lltp,ILL/petri-nets/MCC,,,PermAdmissibility_unf-8x8-4stageSEN-05_50_1.p,intuitionistic,auto,16,false,,5,0,3,provable,unknown,timeout,,two-sided,IMELL,7154,66,5158.557,16117808,15474513,505944,228882283,0,0,2048,69470.000,112.791,auto,30
lltp,ILL/petri-nets/MCC,,,PermAdmissibility_unf-8x8-4stageSEN-05_5_1.p,intuitionistic,auto,16,false,,5,0,3,provable,proved,,ok,two-sided,IMELL,7154,64,27.056,68413,64581,3056,1387861,0,0,2048,380.000,0.823,auto,30
lltp,ILL/petri-nets/MCC,,,PermAdmissibility_unf-8x8-4stageSEN-10_20_1.p,intuitionistic,auto,16,false,,5,0,3,provable,unknown,timeout,,two-sided,IMELL,7334,64,5089.346,14082003,13681980,307171,176379718,0,0,2048,62700.000,10.485,auto,30
lltp,ILL/petri-nets/MCC,,,PermAdmissibility_unf-8x8-4stageSEN-20_20_1.p,intuitionistic,auto,16,false,,5,0,3,provable,unknown,timeout,,two-sided,IMELL,7694,64,5046.427,12106602,11895687,161916,152953011,0,0,2048,61850.000,12.030,auto,30
lltp,ILL/petri-nets/MCC,,,Peterson-2_100_1.p,intuitionistic,auto,16,false,,5,0,3,provable,proved,,ok,two-sided,IMELL,798,7,88.375,627429,563210,10522,8915379,0,0,2048,1210.000,8.849,auto,30
lltp,ILL/petri-nets/MCC,,,Peterson-2_10_1.p,intuitionistic,auto,16,false,,5,0,3,provable,proved,,ok,two-sided,IMELL,798,7,5.895,6787,3327,964,1594331,0,0,2048,70.000,0.889,auto,30
lltp,ILL/petri-nets/MCC,,,Peterson-2_20_1.p,intuitionistic,auto,16,false,,5,0,3,provable,proved,,ok,two-sided,IMELL,798,7,25.584,152505,134429,3741,2550855,0,0,2048,350.000,3.115,auto,30
lltp,ILL/petri-nets/MCC,,,Peterson-2_50_1.p,intuitionistic,auto,16,false,,5,0,3,provable,proved,,ok,two-sided,IMELL,798,7,62.398,435863,391724,7628,6194776,0,0,2048,880.000,0.598,auto,30
lltp,ILL/petri-nets/MCC,,,Peterson-2_5_1.p,intuitionistic,auto,16,false,,5,0,3,provable,proved,,ok,two-sided,IMELL,798,7,1.861,3870,1044,2616,39652,0,0,2048,10.000,0.000,auto,30
lltp,ILL/petri-nets/MCC,,,Peterson-3_100_1.p,intuitionistic,auto,16,false,,5,0,3,provable,unknown,timeout,,two-sided,IMELL,2074,11,5067.911,28954343,27519998,302879,450915329,0,0,2048,71100.000,82.094,auto,30
lltp,ILL/petri-nets/MCC,,,Peterson-3_10_1.p,intuitionistic,auto,16,false,,5,0,3,provable,proved,,ok,two-sided,IMELL,2074,11,40.294,25005,13889,4227,13030214,0,0,2048,560.000,6.060,auto,30
lltp,ILL/petri-nets/MCC,,,Peterson-3_20_1.p,intuitionistic,auto,16,false,,5,0,3,provable,proved,,ok,two-sided,IMELL,2074,11,1909.424,1383647,896279,117028,530128089,0,0,2048,25720.000,91.579,auto,30
lltp,ILL/petri-nets/MCC,,,Peterson-3_50_1.p,intuitionistic,auto,16,false,,5,0,3,provable,unknown,timeout,,two-sided,IMELL,2074,11,5070.360,27150282,25712263,313408,445812505,0,0,2048,70760.000,65.691,auto,30
lltp,ILL/petri-nets/MCC,,,Peterson-3_5_1.p,intuitionistic,auto,16,false,,5,0,3,provable,proved,,ok,two-sided,IMELL,2074,11,21.487,346,157,78,5350418,0,0,2048,170.000,0.260,auto,30
lltp,ILL/petri-nets/MCC,,,Peterson-4_100_1.p,intuitionistic,auto,16,false,,5,0,3,provable,unknown,timeout,,two-sided,IMELL,4294,18,5079.246,21144585,20311759,341601,462400083,0,0,2048,71570.000,95.772,auto,30
lltp,ILL/petri-nets/MCC,,,Peterson-4_10_1.p,intuitionistic,auto,16,false,,5,0,3,provable,proved,,ok,two-sided,IMELL,4294,18,208.346,73351,41764,13641,66126968,0,0,2048,3120.000,15.486,auto,30
lltp,ILL/petri-nets/MCC,,,Peterson-4_1_1.p,intuitionistic,auto,16,false,,5,0,3,provable,proved,,ok,two-sided,IMELL,4294,18,33.970,1969,7,606,9241857,0,0,2048,260.000,0.006,auto,30
lltp,ILL/petri-nets/MCC,,,Peterson-4_20_1.p,intuitionistic,auto,16,false,,5,0,3,provable,unknown,timeout,,two-sided,IMELL,4294,18,5049.548,1783985,1131537,217774,1633788820,0,0,2048,78210.000,221.927,auto,30
lltp,ILL/petri-nets/MCC,,,Peterson-4_50_1.p,intuitionistic,auto,16,false,,5,0,3,provable,unknown,timeout,,two-sided,IMELL,4294,18,5071.810,21509196,20708303,307368,463791447,0,0,2048,71600.000,106.126,auto,30
lltp,ILL/petri-nets/MCC,,,Peterson-4_5_1.p,intuitionistic,auto,16,false,,5,0,3,provable,proved,,ok,two-sided,IMELL,4294,18,35.237,590,303,137,7540999,0,0,2048,290.000,0.042,auto,30
lltp,ILL/petri-nets/MCC,,,Peterson-5_100_1.p,intuitionistic,auto,16,false,,5,0,3,provable,unknown,timeout,,two-sided,IMELL,7722,27,5059.884,1208015,733777,232316,1346588603,0,0,2048,78150.000,199.095,auto,30
lltp,ILL/petri-nets/MCC,,,Peterson-5_10_1.p,intuitionistic,auto,16,false,,5,0,3,provable,proved,,ok,two-sided,IMELL,7722,27,788.078,164081,97161,36229,201354496,0,0,2048,12070.000,45.962,auto,30
lltp,ILL/petri-nets/MCC,,,Peterson-5_1_1.p,intuitionistic,auto,16,false,,5,0,3,provable,proved,,ok,two-sided,IMELL,7722,27,2.204,9,0,4,314570,0,0,2048,10.000,0.060,auto,30
lltp,ILL/petri-nets/MCC,,,Peterson-5_20_1.p,intuitionistic,auto,16,false,,5,0,3,provable,unknown,timeout,,two-sided,IMELL,7722,27,5061.586,1131352,658299,234251,1354961493,0,0,2048,78080.000,243.157,auto,30
lltp,ILL/petri-nets/MCC,,,Peterson-5_50_1.p,intuitionistic,auto,16,false,,5,0,3,provable,unknown,timeout,,two-sided,IMELL,7722,27,5049.084,1285994,830027,203877,1348120659,0,0,2048,78220.000,208.037,auto,30
lltp,ILL/petri-nets/MCC,,,Peterson-5_5_1.p,intuitionistic,auto,16,false,,5,0,3,provable,proved,,ok,two-sided,IMELL,7722,27,82.695,916,485,233,7522075,0,0,2048,700.000,2.155,auto,30
lltp,ILL/petri-nets/MCC,,,Peterson-6_100_1.p,intuitionistic,auto,16,false,,5,0,3,provable,unknown,timeout,,two-sided,IMELL,12622,38,5050.069,666790,385109,170970,866593536,0,0,2048,79100.000,199.977,auto,30
lltp,ILL/petri-nets/MCC,,,Peterson-6_10_1.p,intuitionistic,auto,16,false,,5,0,3,provable,proved,,ok,two-sided,IMELL,12622,38,3286.505,339037,203666,81455,567493992,0,0,2048,47840.000,103.551,auto,30
lltp,ILL/petri-nets/MCC,,,Peterson-6_20_1.p,intuitionistic,auto,16,false,,5,0,3,provable,unknown,timeout,,two-sided,IMELL,12622,38,5050.548,656432,382868,167136,868274319,0,0,2048,78970.000,178.987,auto,30
lltp,ILL/petri-nets/MCC,,,Peterson-6_50_1.p,intuitionistic,auto,16,false,,5,0,3,provable,unknown,timeout,,two-sided,IMELL,12622,38,5048.579,637886,366844,166500,871227663,0,0,2048,79170.000,189.644,auto,30
lltp,ILL/petri-nets/MCC,,,Peterson-6_5_1.p,intuitionistic,auto,16,false,,5,0,3,provable,proved,,ok,two-sided,IMELL,12622,38,54.262,1360,747,365,6483451,0,0,2048,540.000,0.397,auto,30
lltp,ILL/petri-nets/MCC,,,PhaseVariation_2-10_phaseVariation_10_1.p,intuitionistic,auto,16,false,,5,0,3,provable,unknown,timeout,,two-sided,IMELL,1012,75,5080.452,17628000,12042659,1164768,1663726479,0,0,2048,62120.000,184.333,auto,30
lltp,ILL/petri-nets/MCC,,,PhaseVariation_2-10_phaseVariation_1_1.p,intuitionistic,auto,16,false,,5,0,3,provable,proved,,ok,two-sided,IMELL,994,75,12.552,81,12,17,4250066,0,0,2048,90.000,0.000,auto,30
lltp,ILL/petri-nets/MCC,,,PhaseVariation_2-10_phaseVariation_20_1.p,intuitionistic,auto,16,false,,5,0,3,provable,unknown,timeout,,two-sided,IMELL,1012,75,5268.791,13247198,4701102,2097152,856519575,0,0,2048,54510.000,60.599,auto,30
lltp,ILL/petri-nets/MCC,,,PhaseVariation_2-10_phaseVariation_5_1.p,intuitionistic,auto,16,false,,5,0,3,provable,proved,,ok,two-sided,IMELL,1002,75,42.230,205818,149497,53489,12753645,0,0,2048,480.000,1.326,auto,30
lltp,ILL/petri-nets/MCC,,,PhaseVariation_5-10_phaseVariation_1_1.p,intuitionistic,auto,16,false,,5,0,3,provable,proved,,ok,two-sided,IMELL,9614,687,327.461,164,0,4,65301316,0,0,2048,2610.000,0.039,auto,30
lltp,ILL/petri-nets/MCC,,,PhaseVariation_5-10_phaseVariation_20_1.p,intuitionistic,auto,16,false,,5,0,3,provable,unknown,timeout,,two-sided,IMELL,9652,687,5351.664,2234905,559353,1048577,1118594895,0,0,2048,71590.000,207.849,auto,30
lltp,ILL/petri-nets/MCC,,,PhaseVariation_5-10_phaseVariation_50_1.p,intuitionistic,auto,16,false,,5,0,3,provable,unknown,timeout,,two-sided,IMELL,9658,687,6058.998,2287958,569897,1048577,495276292,0,0,2048,77800.000,193.088,auto,30
lltp,ILL/petri-nets/MCC,,,PhaseVariation_5-10_phaseVariation_5_1.p,intuitionistic,auto,16,false,,5,0,3,provable,proved,,ok,two-sided,IMELL,9622,687,1300.257,405020,112287,280887,262179225,0,0,2048,15940.000,62.515,auto,30
lltp,ILL/petri-nets/MCC,,,Philosophers-10_100_1.p,intuitionistic,auto,16,false,,5,0,3,provable,unknown,timeout,,two-sided,IMELL,384,5,5084.330,20891675,5672460,1048576,1547661405,0,0,2048,67190.000,197.901,auto,30
lltp,ILL/petri-nets/MCC,,,Philosophers-10_10_1.p,intuitionistic,auto,16,false,,5,0,3,provable,unknown,timeout,,two-sided,IMELL,384,5,5103.221,20156794,5394017,1048576,1586518731,0,0,2048,67330.000,194.921,auto,30
lltp,ILL/petri-nets/MCC,,,Philosophers-10_1_1.p,intuitionistic,auto,16,false,,5,0,3,provable,proved,,ok,two-sided,IMELL,396,5,0.807,723,452,11,9227,0,0,2048,0.000,0.000,auto,30
lltp,ILL/petri-nets/MCC,,,Philosophers-10_20_1.p,intuitionistic,auto,16,false,,5,0,3,provable,unknown,timeout,,two-sided,IMELL,388,5,5116.141,19399383,4633404,1048576,1362723067,0,0,2048,67210.000,178.081,auto,30
lltp,ILL/petri-nets/MCC,,,Philosophers-10_50_1.p,intuitionistic,auto,16,false,,5,0,3,provable,unknown,timeout,,two-sided,IMELL,388,5,5106.587,19971651,4849452,1048576,1310932247,0,0,2048,67000.000,203.764,auto,30
lltp,ILL/petri-nets/MCC,,,Philosophers-10_5_1.p,intuitionistic,auto,16,false,,5,0,3,provable,unknown,timeout,,two-sided,IMELL,388,5,5083.028,19469340,4720001,1048576,1346918115,0,0,2048,66980.000,191.206,auto,30
lltp,ILL/petri-nets/MCC,,,Philosophers-20_1_1.p,intuitionistic,auto,16,false,,5,0,3,provable,proved,,ok,two-sided,IMELL,796,5,1.102,820,365,14,24016,0,0,2048,0.000,0.000,auto,30
lltp,ILL/petri-nets/MCC,,,Philosophers-20_20_1.p,intuitionistic,auto,16,false,,5,0,3,provable,unknown,timeout,,two-sided,IMELL,758,4,5106.391,39235274,24356266,1048699,147234227,0,0,2048,59460.000,68.959,auto,30
lltp,ILL/petri-nets/MCC,,,Philosophers-20_5_1.p,intuitionistic,auto,16,false,,5,0,3,provable,unknown,timeout,,two-sided,IMELL,788,5,5113.399,13615844,0,1048576,795817584,0,0,2048,67040.000,235.414,auto,30
lltp,ILL/petri-nets/MCC,,,Philosophers-5_100_1.p,intuitionistic,auto,16,false,,5,0,3,provable,proved,,ok,two-sided,IMELL,196,5,0.730,1181,907,93,5533,0,0,2048,0.000,0.000,auto,30
lltp,ILL/petri-nets/MCC,,,Philosophers-5_10_1.p,intuitionistic,auto,16,false,,5,0,3,provable,proved,,ok,two-sided,IMELL,196,5,0.676,852,659,20,4321,0,0,2048,0.000,0.000,auto,30
lltp,ILL/petri-nets/MCC,,,Philosophers-5_1_1.p,intuitionistic,auto,16,false,,5,0,3,provable,proved,,ok,two-sided,IMELL,196,5,0.603,560,382,14,3038,0,0,2048,0.000,0.000,auto,30
lltp,ILL/petri-nets/MCC,,,Philosophers-5_20_1.p,intuitionistic,auto,16,false,,5,0,3,provable,proved,,ok,two-sided,IMELL,194,5,1.944,9143,3697,5170,24965,0,0,2048,20.000,0.000,auto,30
lltp,ILL/petri-nets/MCC,,,Philosophers-5_50_1.p,intuitionistic,auto,16,false,,5,0,3,provable,proved,,ok,two-sided,IMELL,194,5,1.949,9320,3857,5199,25352,0,0,2048,10.000,0.000,auto,30
lltp,ILL/petri-nets/MCC,,,Philosophers-5_5_1.p,intuitionistic,auto,16,false,,5,0,3,provable,proved,,ok,two-sided,IMELL,194,5,3.993,32424,19753,12331,79659,0,0,2048,40.000,0.039,auto,30
lltp,ILL/petri-nets/MCC,,,PhilosophersDyn_philo_dyn-3-unfolded_100_1.p,intuitionistic,auto,16,false,,5,0,3,provable,proved,,ok,two-sided,IMELL,1206,32,1.401,962,422,357,157601,0,0,2048,0.000,0.000,auto,30
lltp,ILL/petri-nets/MCC,,,PhilosophersDyn_philo_dyn-3-unfolded_10_1.p,intuitionistic,auto,16,false,,5,0,3,provable,proved,,ok,two-sided,IMELL,1200,31,2.769,3585,2311,663,485618,0,0,2048,20.000,0.000,auto,30
lltp,ILL/petri-nets/MCC,,,PhilosophersDyn_philo_dyn-3-unfolded_20_1.p,intuitionistic,auto,16,false,,5,0,3,provable,proved,,ok,two-sided,IMELL,1206,32,1.916,922,402,346,236399,0,0,2048,10.000,0.000,auto,30
lltp,ILL/petri-nets/MCC,,,PhilosophersDyn_philo_dyn-3-unfolded_50_1.p,intuitionistic,auto,16,false,,5,0,3,provable,proved,,ok,two-sided,IMELL,1200,31,2.615,3603,2315,688,462282,0,0,2048,20.000,0.000,auto,30
lltp,ILL/petri-nets/MCC,,,PhilosophersDyn_philo_dyn-3-unfolded_5_1.p,intuitionistic,auto,16,false,,5,0,3,provable,proved,,ok,two-sided,IMELL,1198,31,1.847,5199,4188,647,166336,0,0,2048,10.000,0.020,auto,30
lltp,ILL/petri-nets/MCC,,,PolyORBLF_PolyORB-LF-S02-J04-T06-unfolded_100_1.p,intuitionistic,auto,16,false,,5,0,3,provable,unknown,timeout,,two-sided,IMELL,14732,1224,5003.378,62213,31791,6787,617366971,0,0,2048,49940.000,10.598,auto,30
lltp,ILL/petri-nets/MCC,,,PolyORBLF_PolyORB-LF-S02-J04-T06-unfolded_10_1.p,intuitionistic,auto,16,false,,5,0,3,provable,proved,,ok,two-sided,IMELL,14714,1214,147.071,2337,1037,429,16852641,0,0,2048,1530.000,0.040,auto,30
lltp,ILL/petri-nets/MCC,,,PolyORBLF_PolyORB-LF-S02-J04-T06-unfolded_1_1.p,intuitionistic,auto,16,false,,5,0,3,provable,proved,,ok,two-sided,IMELL,14734,1223,4.683,5,0,2,155776,0,0,2048,20.000,0.006,auto,30
lltp,ILL/petri-nets/MCC,,,PolyORBLF_PolyORB-LF-S02-J04-T06-unfolded_20_1.p,intuitionistic,auto,16,false,,5,0,3,provable,unknown,timeout,,two-sided,IMELL,14718,1214,5003.110,66296,34193,7594,646134787,0,0,2048,50390.000,5.863,auto,30
lltp,ILL/petri-nets/MCC,,,PolyORBLF_PolyORB-LF-S02-J04-T06-unfolded_50_1.p,intuitionistic,auto,16,false,,5,0,3,provable,unknown,timeout,,two-sided,IMELL,14730,1224,5003.544,62469,30862,7139,369759644,0,0,2048,50650.000,3.113,auto,30
lltp,ILL/petri-nets/MCC,,,PolyORBLF_PolyORB-LF-S02-J04-T06-unfolded_5_1.p,intuitionistic,auto,16,false,,5,0,3,provable,proved,,ok,two-sided,IMELL,14712,1214,11.582,60,4,16,667303,0,0,2048,110.000,0.590,auto,30
lltp,ILL/petri-nets/MCC,,,PolyORBLF_PolyORB-LF-S02-J04-T08-unfolded_100_1.p,intuitionistic,auto,16,false,,5,0,3,provable,unknown,timeout,,two-sided,IMELL,19736,1628,5004.468,43857,19785,6025,465457463,0,0,2048,51050.000,10.696,auto,30
lltp,ILL/petri-nets/MCC,,,PolyORBLF_PolyORB-LF-S02-J04-T08-unfolded_10_1.p,intuitionistic,auto,16,false,,5,0,3,provable,proved,,ok,two-sided,IMELL,19720,1618,194.524,2209,1004,448,15021126,0,0,2048,2070.000,4.257,auto,30
lltp,ILL/petri-nets/MCC,,,PolyORBLF_PolyORB-LF-S02-J04-T08-unfolded_1_1.p,intuitionistic,auto,16,false,,5,0,3,provable,proved,,ok,two-sided,IMELL,19738,1627,6.570,5,0,2,128300,0,0,2048,40.000,0.072,auto,30
lltp,ILL/petri-nets/MCC,,,PolyORBLF_PolyORB-LF-S02-J04-T08-unfolded_20_1.p,intuitionistic,auto,16,false,,5,0,3,provable,unknown,timeout,,two-sided,IMELL,19722,1618,5005.542,45580,23621,6308,472783052,0,0,2048,50790.000,4.057,auto,30
lltp,ILL/petri-nets/MCC,,,PolyORBLF_PolyORB-LF-S02-J04-T08-unfolded_50_1.p,intuitionistic,auto,16,false,,5,0,3,provable,unknown,timeout,,two-sided,IMELL,19734,1628,5005.536,43698,22770,6060,276838335,0,0,2048,51080.000,7.909,auto,30
lltp,ILL/petri-nets/MCC,,,PolyORBLF_PolyORB-LF-S02-J04-T08-unfolded_5_1.p,intuitionistic,auto,16,false,,5,0,3,provable,proved,,ok,two-sided,IMELL,19716,1618,14.060,65,4,20,581228,0,0,2048,150.000,0.281,auto,30
lltp,ILL/petri-nets/MCC,,,PolyORBLF_PolyORB-LF-S02-J06-T06-unfolded_100_1.p,intuitionistic,auto,16,false,,5,0,3,provable,unknown,timeout,,two-sided,IMELL,15988,1224,5003.790,62201,31701,8221,617333497,0,0,2048,50530.000,8.542,auto,30
lltp,ILL/petri-nets/MCC,,,PolyORBLF_PolyORB-LF-S02-J06-T06-unfolded_10_1.p,intuitionistic,auto,16,false,,5,0,3,provable,proved,,ok,two-sided,IMELL,15972,1214,282.928,4275,2163,762,30966611,0,0,2048,2920.000,3.095,auto,30
lltp,ILL/petri-nets/MCC,,,PolyORBLF_PolyORB-LF-S02-J06-T06-unfolded_1_1.p,intuitionistic,auto,16,false,,5,0,3,provable,proved,,ok,two-sided,IMELL,15990,1223,4.821,5,0,2,182685,0,0,2048,20.000,0.824,auto,30
lltp,ILL/petri-nets/MCC,,,PolyORBLF_PolyORB-LF-S02-J06-T06-unfolded_20_1.p,intuitionistic,auto,16,false,,5,0,3,provable,unknown,timeout,,two-sided,IMELL,15988,1223,5003.279,63313,34229,8499,657050947,0,0,2048,50780.000,5.126,auto,30
lltp,ILL/petri-nets/MCC,,,PolyORBLF_PolyORB-LF-S02-J06-T06-unfolded_50_1.p,intuitionistic,auto,16,false,,5,0,3,provable,unknown,timeout,,two-sided,IMELL,15988,1224,5005.604,61525,30482,8282,350606642,0,0,2048,50320.000,5.321,auto,30
lltp,ILL/petri-nets/MCC,,,PolyORBLF_PolyORB-LF-S02-J06-T06-unfolded_5_1.p,intuitionistic,auto,16,false,,5,0,3,provable,proved,,ok,two-sided,IMELL,15968,1214,14.518,69,5,18,867551,0,0,2048,140.000,0.042,auto,30
lltp,ILL/petri-nets/MCC,,,PolyORBLF_PolyORB-LF-S02-J06-T08-unfolded_10_1.p,intuitionistic,auto,16,false,,5,0,3,provable,proved,,ok,two-sided,IMELL,21392,1618,542.544,4725,2284,903,44704444,0,0,2048,5600.000,3.061,auto,30
lltp,ILL/petri-nets/MCC,,,PolyORBLF_PolyORB-LF-S02-J06-T08-unfolded_5_1.p,intuitionistic,auto,16,false,,5,0,3,provable,proved,,ok,two-sided,IMELL,21388,1618,20.584,66,5,18,792424,0,0,2048,200.000,2.001,auto,30
lltp,ILL/petri-nets/MCC,,,PolyORBNT_PolyORB-NT-S05-J20-unfolded_10_1.p,intuitionistic,auto,16,false,,5,0,3,provable,unknown,timeout,,two-sided,IMELL,33358,4880,5684.546,929375,0,929357,212511483,0,0,2048,69010.000,164.623,auto,30
lltp,ILL/petri-nets/MCC,,,PolyORBNT_PolyORB-NT-S05-J20-unfolded_1_1.p,intuitionistic,auto,16,false,,5,0,3,provable,proved,,ok,two-sided,IMELL,33374,4884,19.609,9,0,2,292051,0,0,2048,140.000,0.008,auto,30
lltp,ILL/petri-nets/MCC,,,PolyORBNT_PolyORB-NT-S05-J20-unfolded_20_1.p,intuitionistic,auto,16,false,,5,0,3,provable,unknown,timeout,,two-sided,IMELL,33356,4880,5682.328,936156,0,936138,1087828312,0,0,2048,68790.000,193.091,auto,30
lltp,ILL/petri-nets/MCC,,,PolyORBNT_PolyORB-NT-S05-J20-unfolded_5_1.p,intuitionistic,auto,16,false,,5,0,3,provable,unknown,timeout,,two-sided,IMELL,33362,4881,5674.218,927782,0,927764,1084345738,0,0,2048,68380.000,154.735,auto,30
lltp,ILL/petri-nets/MCC,,,ProductionCell_100_1.p,intuitionistic,auto,16,false,,5,0,3,provable,unknown,timeout,,two-sided,IMELL,1076,13,5054.244,28298160,25052683,1048601,1937346178,0,0,2048,53900.000,38.849,auto,30
lltp,ILL/petri-nets/MCC,,,ProductionCell_10_1.p,intuitionistic,auto,16,false,,5,0,3,provable,unknown,timeout,,two-sided,IMELL,1076,13,5000.542,114,28,72,3350648947,0,0,2048,65930.000,5.712,auto,30
lltp,ILL/petri-nets/MCC,,,ProductionCell_1_1.p,intuitionistic,auto,16,false,,5,0,3,provable,proved,,ok,two-sided,IMELL,1076,13,1.685,61,11,47,283129,0,0,2048,0.000,0.000,auto,30
lltp,ILL/petri-nets/MCC,,,ProductionCell_20_1.p,intuitionistic,auto,16,false,,5,0,3,provable,unknown,timeout,,two-sided,IMELL,1076,13,5091.838,28162232,24994037,1048601,1882187114,0,0,2048,55970.000,70.249,auto,30
lltp,ILL/petri-nets/MCC,,,ProductionCell_50_1.p,intuitionistic,auto,16,false,,5,0,3,provable,unknown,timeout,,two-sided,IMELL,1074,13,5079.602,28839961,25428249,1048601,1936767393,0,0,2048,54820.000,59.281,auto,30
lltp,ILL/petri-nets/MCC,,,ProductionCell_5_1.p,intuitionistic,auto,16,false,,5,0,3,provable,unknown,timeout,,two-sided,IMELL,1076,13,5001.179,113,26,72,3169720586,0,0,2048,67120.000,6.880,auto,30
lltp,ILL/petri-nets/MCC,,,QuasiCertifProtocol_QCertifProtocol_02-unfold_10_1.p,intuitionistic,auto,16,false,,5,0,3,provable,proved,,ok,two-sided,IMELL,480,21,5.455,205,55,26,1036595,0,0,2048,40.000,0.000,auto,30
lltp,ILL/petri-nets/MCC,,,QuasiCertifProtocol_QCertifProtocol_02-unfold_1_1.p,intuitionistic,auto,16,false,,5,0,3,provable,proved,,ok,two-sided,IMELL,482,22,0.612,230,137,8,1879,0,0,2048,0.000,0.024,auto,30
lltp,ILL/petri-nets/MCC,,,QuasiCertifProtocol_QCertifProtocol_02-unfold_20_1.p,intuitionistic,auto,16,false,,5,0,3,provable,proved,,ok,two-sided,IMELL,498,21,6.732,1483,587,58,993017,0,0,2048,50.000,2.713,auto,30
lltp,ILL/petri-nets/MCC,,,QuasiCertifProtocol_QCertifProtocol_02-unfold_5_1.p,intuitionistic,auto,16,false,,5,0,3,provable,proved,,ok,two-sided,IMELL,480,21,5.283,55,9,18,1031431,0,0,2048,30.000,0.000,auto,30
lltp,ILL/petri-nets/MCC,,,QuasiCertifProtocol_QCertifProtocol_06-unfold_10_1.p,intuitionistic,auto,16,false,,5,0,3,provable,unknown,timeout,,two-sided,IMELL,1396,49,5003.435,23900,23412,185,2246122851,0,0,2048,63460.000,0.581,auto,30
lltp,ILL/petri-nets/MCC,,,QuasiCertifProtocol_QCertifProtocol_06-unfold_1_1.p,intuitionistic,auto,16,false,,5,0,3,provable,proved,,ok,two-sided,IMELL,1402,52,0.977,112,72,6,2108,0,0,2048,0.000,0.000,auto,30
lltp,ILL/petri-nets/MCC,,,QuasiCertifProtocol_QCertifProtocol_06-unfold_20_1.p,intuitionistic,auto,16,false,,5,0,3,provable,unknown,timeout,,two-sided,IMELL,1396,49,5002.661,47443,42609,321,2771337767,0,0,2048,73120.000,6.523,auto,30
lltp,ILL/petri-nets/MCC,,,QuasiCertifProtocol_QCertifProtocol_06-unfold_50_1.p,intuitionistic,auto,16,false,,5,0,3,provable,unknown,timeout,,two-sided,IMELL,1494,49,5004.467,341081,267224,2410,602723623,0,0,2048,42120.000,0.588,auto,30
lltp,ILL/petri-nets/MCC,,,QuasiCertifProtocol_QCertifProtocol_06-unfold_5_1.p,intuitionistic,auto,16,false,,5,0,3,provable,proved,,ok,two-sided,IMELL,1398,50,5.163,263,125,79,917331,0,0,2048,40.000,0.000,auto,30
lltp,ILL/petri-nets/MCC,,,QuasiCertifProtocol_QCertifProtocol_10-unfold_10_1.p,intuitionistic,auto,16,false,,5,0,3,provable,unknown,timeout,,two-sided,IMELL,2700,78,5001.341,736,408,232,1365468209,0,0,2048,52770.000,2.942,auto,30
lltp,ILL/petri-nets/MCC,,,QuasiCertifProtocol_QCertifProtocol_10-unfold_1_1.p,intuitionistic,auto,16,false,,5,0,3,provable,proved,,ok,two-sided,IMELL,2686,82,4.552,6,0,3,307699,0,0,2048,20.000,0.000,auto,30
lltp,ILL/petri-nets/MCC,,,QuasiCertifProtocol_QCertifProtocol_10-unfold_20_1.p,intuitionistic,auto,16,false,,5,0,3,provable,unknown,timeout,,two-sided,IMELL,2698,77,5001.381,8417,6265,1024,1663819958,0,0,2048,62410.000,0.992,auto,30
lltp,ILL/petri-nets/MCC,,,QuasiCertifProtocol_QCertifProtocol_10-unfold_5_1.p,intuitionistic,auto,16,false,,5,0,3,provable,unknown,timeout,,two-sided,IMELL,2706,81,5001.218,17,0,12,991035524,0,0,2048,43710.000,0.734,auto,30
lltp,ILL/petri-nets/MCC,,,QuasiCertifProtocol_QCertifProtocol_18-unfold_1_1.p,intuitionistic,auto,16,false,,5,0,3,provable,proved,,ok,two-sided,IMELL,6430,142,3.944,6,0,3,124702,0,0,2048,10.000,0.000,auto,30
lltp,ILL/petri-nets/MCC,,,QuasiCertifProtocol_QCertifProtocol_18-unfold_20_1.p,intuitionistic,auto,16,false,,5,0,3,provable,unknown,timeout,,two-sided,IMELL,6450,133,5030.256,1961611,1667681,132770,494849941,0,0,2048,78380.000,241.336,auto,30
lltp,ILL/petri-nets/MCC,,,QuasiCertifProtocol_QCertifProtocol_18-unfold_50_1.p,intuitionistic,auto,16,false,,5,0,3,provable,unknown,timeout,,two-sided,IMELL,6450,133,5030.575,1947153,1656701,132519,492871260,0,0,2048,78470.000,255.350,auto,30
lltp,ILL/petri-nets/MCC,,,QuasiCertifProtocol_QCertifProtocol_18-unfold_5_1.p,intuitionistic,auto,16,false,,5,0,3,provable,unknown,timeout,,two-sided,IMELL,6422,138,5002.198,2,0,0,1921804064,0,0,2048,78480.000,193.464,auto,30
lltp,ILL/petri-nets/MCC,,,QuasiCertifProtocol_QCertifProtocol_22-unfold_1_1.p,intuitionistic,auto,16,false,,5,0,3,provable,proved,,ok,two-sided,IMELL,8882,173,3.975,6,0,3,111877,0,0,2048,20.000,0.000,auto,30
lltp,ILL/petri-nets/MCC,,,QuasiCertifProtocol_QCertifProtocol_22-unfold_20_1.p,intuitionistic,auto,16,false,,5,0,3,provable,unknown,timeout,,two-sided,IMELL,8904,161,5041.312,1185056,967608,144319,480517293,0,0,2048,78870.000,182.589,auto,30
lltp,ILL/petri-nets/MCC,,,QuasiCertifProtocol_QCertifProtocol_22-unfold_50_1.p,intuitionistic,auto,16,false,,5,0,3,provable,unknown,timeout,,two-sided,IMELL,8904,161,5047.385,1622858,1339217,177085,343169455,0,0,2048,78500.000,233.220,auto,30
lltp,ILL/petri-nets/MCC,,,QuasiCertifProtocol_QCertifProtocol_22-unfold_5_1.p,intuitionistic,auto,16,false,,5,0,3,provable,unknown,timeout,,two-sided,IMELL,8874,169,5001.840,2,0,0,1468090364,0,0,2048,78930.000,169.877,auto,30
lltp,ILL/petri-nets/MCC,,,Raft_raft_03_10_1.p,intuitionistic,auto,16,false,,5,0,3,provable,proved,,ok,two-sided,IMELL,680,23,1.327,24,6,15,93531,0,0,2048,0.000,0.000,auto,30
lltp,ILL/petri-nets/MCC,,,Raft_raft_03_1_1.p,intuitionistic,auto,16,false,,5,0,3,provable,proved,,ok,two-sided,IMELL,680,23,0.986,24,6,15,128703,0,0,2048,0.000,0.000,auto,30
lltp,ILL/petri-nets/MCC,,,Raft_raft_03_20_1.p,intuitionistic,auto,16,false,,5,0,3,provable,unknown,timeout,,two-sided,IMELL,680,23,5139.588,115008895,108092163,1693556,457022847,0,0,2048,69130.000,275.188,auto,30
lltp,ILL/petri-nets/MCC,,,Raft_raft_03_5_1.p,intuitionistic,auto,16,false,,5,0,3,provable,proved,,ok,two-sided,IMELL,680,23,1.036,21,4,12,93526,0,0,2048,0.000,0.000,auto,30
lltp,ILL/petri-nets/MCC,,,Raft_raft_04_1_1.p,intuitionistic,auto,16,false,,5,0,3,provable,proved,,ok,two-sided,IMELL,1164,31,1.235,21,3,10,90801,0,0,2048,0.000,0.000,auto,30
lltp,ILL/petri-nets/MCC,,,Raft_raft_04_20_1.p,intuitionistic,auto,16,false,,5,0,3,provable,unknown,timeout,,two-sided,IMELL,1164,30,5201.582,94176702,89403617,1351454,238526913,0,0,2048,64490.000,237.597,auto,30
lltp,ILL/petri-nets/MCC,,,Raft_raft_04_50_1.p,intuitionistic,auto,16,false,,5,0,3,provable,unknown,timeout,,two-sided,IMELL,1164,31,5197.620,94047220,89263492,1351051,229660512,0,0,2048,64350.000,238.269,auto,30
lltp,ILL/petri-nets/MCC,,,Raft_raft_04_5_1.p,intuitionistic,auto,16,false,,5,0,3,provable,proved,,ok,two-sided,IMELL,1164,31,1.113,88,8,20,185410,0,0,2048,0.000,0.000,auto,30
lltp,ILL/petri-nets/MCC,,,Raft_raft_05_1_1.p,intuitionistic,auto,16,false,,5,0,3,provable,proved,,ok,two-sided,IMELL,1784,39,1.175,40,13,21,87587,0,0,2048,0.000,0.000,auto,30
lltp,ILL/petri-nets/MCC,,,Raft_raft_05_20_1.p,intuitionistic,auto,16,false,,5,0,3,provable,unknown,timeout,,two-sided,IMELL,1784,38,5221.919,8531539,4476086,1048611,2035424073,0,0,2048,65750.000,261.910,auto,30
lltp,ILL/petri-nets/MCC,,,Raft_raft_05_50_1.p,intuitionistic,auto,16,false,,5,0,3,provable,unknown,timeout,,two-sided,IMELL,1784,39,5241.592,8653560,4538227,1048611,1998104359,0,0,2048,66010.000,268.670,auto,30
lltp,ILL/petri-nets/MCC,,,Raft_raft_05_5_1.p,intuitionistic,auto,16,false,,5,0,3,provable,proved,,ok,two-sided,IMELL,1784,39,1.235,230,11,118,181158,0,0,2048,0.000,0.000,auto,30
lltp,ILL/petri-nets/MCC,,,Raft_raft_06_1_1.p,intuitionistic,auto,16,false,,5,0,3,provable,proved,,ok,two-sided,IMELL,2540,47,1.310,34,8,19,86884,0,0,2048,0.000,0.000,auto,30
lltp,ILL/petri-nets/MCC,,,Raft_raft_06_20_1.p,intuitionistic,auto,16,false,,5,0,3,provable,unknown,timeout,,two-sided,IMELL,2540,47,5161.514,6926844,3195021,1048633,1896714232,0,0,2048,65610.000,242.137,auto,30
lltp,ILL/petri-nets/MCC,,,Raft_raft_06_50_1.p,intuitionistic,auto,16,false,,5,0,3,provable,unknown,timeout,,two-sided,IMELL,2540,47,5170.319,6973496,3216668,1048633,1944287393,0,0,2048,65780.000,261.233,auto,30
lltp,ILL/petri-nets/MCC,,,Raft_raft_06_5_1.p,intuitionistic,auto,16,false,,5,0,3,provable,proved,,ok,two-sided,IMELL,2540,47,1103.748,1253098,736768,505780,253603486,0,0,2048,14110.000,37.949,auto,30
lltp,ILL/petri-nets/MCC,,,Raft_raft_07_100_1.p,intuitionistic,auto,16,false,,5,0,3,provable,unknown,timeout,,two-sided,IMELL,3432,55,5211.530,6390277,3202799,1048657,2086149894,0,0,2048,67490.000,272.248,auto,30
lltp,ILL/petri-nets/MCC,,,Raft_raft_07_1_1.p,intuitionistic,auto,16,false,,5,0,3,provable,proved,,ok,two-sided,IMELL,3432,55,1.343,44,12,27,186501,0,0,2048,0.000,0.000,auto,30
lltp,ILL/petri-nets/MCC,,,Raft_raft_07_20_1.p,intuitionistic,auto,16,false,,5,0,3,provable,unknown,timeout,,two-sided,IMELL,3432,55,5172.809,6407083,3220083,1048643,1229869397,0,0,2048,67320.000,243.425,auto,30
lltp,ILL/petri-nets/MCC,,,Raft_raft_07_50_1.p,intuitionistic,auto,16,false,,5,0,3,provable,unknown,timeout,,two-sided,IMELL,3432,54,5178.177,6400042,3213256,1048663,2100461271,0,0,2048,67810.000,256.815,auto,30
lltp,ILL/petri-nets/MCC,,,Raft_raft_07_5_1.p,intuitionistic,auto,16,false,,5,0,3,provable,unknown,timeout,,two-sided,IMELL,3432,55,5200.611,6401309,3216752,1048613,1247815735,0,0,2048,67380.000,269.223,auto,30
lltp,ILL/petri-nets/MCC,,,Raft_raft_08_1_1.p,intuitionistic,auto,16,false,,5,0,3,provable,proved,,ok,two-sided,IMELL,4460,63,1.715,42,10,23,120590,0,0,2048,10.000,0.000,auto,30
lltp,ILL/petri-nets/MCC,,,Railroad_railroad-005-pt_100_1.p,intuitionistic,auto,16,false,,5,0,3,provable,proved,,ok,two-sided,IMELL,682,36,1.140,11,0,2,44218,0,0,2048,0.000,0.000,auto,30
lltp,ILL/petri-nets/MCC,,,Railroad_railroad-005-pt_10_1.p,intuitionistic,auto,16,false,,5,0,3,provable,proved,,ok,two-sided,IMELL,682,35,11.873,8559,7524,445,3287881,0,0,2048,90.000,0.000,auto,30
lltp,ILL/petri-nets/MCC,,,Railroad_railroad-005-pt_1_1.p,intuitionistic,auto,16,false,,5,0,3,provable,proved,,ok,two-sided,IMELL,682,36,1.397,11,0,2,44218,0,0,2048,0.000,0.000,auto,30
lltp,ILL/petri-nets/MCC,,,Railroad_railroad-005-pt_20_1.p,intuitionistic,auto,16,false,,5,0,3,provable,proved,,ok,two-sided,IMELL,684,35,11.415,6998,6249,328,3232625,0,0,2048,90.000,0.009,auto,30
lltp,ILL/petri-nets/MCC,,,Railroad_railroad-005-pt_50_1.p,intuitionistic,auto,16,false,,5,0,3,provable,proved,,ok,two-sided,IMELL,684,36,7.844,126,0,42,1870839,0,0,2048,60.000,2.306,auto,30
lltp,ILL/petri-nets/MCC,,,Railroad_railroad-005-pt_5_1.p,intuitionistic,auto,16,false,,5,0,3,provable,proved,,ok,two-sided,IMELL,682,36,9.804,80,0,25,2390656,0,0,2048,70.000,0.000,auto,30
lltp,ILL/petri-nets/MCC,,,Railroad_railroad-010-pt_100_1.p,intuitionistic,auto,16,false,,5,0,3,provable,proved,,ok,two-sided,IMELL,1892,121,5.846,13,0,7,632882,0,0,2048,40.000,0.000,auto,30
lltp,ILL/petri-nets/MCC,,,Railroad_railroad-010-pt_10_1.p,intuitionistic,auto,16,false,,5,0,3,provable,proved,,ok,two-sided,IMELL,1894,121,142.070,5535,1678,2169,42230210,0,0,2048,1180.000,0.012,auto,30
lltp,ILL/petri-nets/MCC,,,Railroad_railroad-010-pt_1_1.p,intuitionistic,auto,16,false,,5,0,3,provable,proved,,ok,two-sided,IMELL,1892,121,1.700,13,0,11,170925,0,0,2048,10.000,0.000,auto,30
lltp,ILL/petri-nets/MCC,,,Railroad_railroad-010-pt_20_1.p,intuitionistic,auto,16,false,,5,0,3,provable,proved,,ok,two-sided,IMELL,1894,121,21.823,5606,1710,2206,4170576,0,0,2048,220.000,2.570,auto,30
lltp,ILL/petri-nets/MCC,,,Railroad_railroad-010-pt_50_1.p,intuitionistic,auto,16,false,,5,0,3,provable,proved,,ok,two-sided,IMELL,1894,121,10.784,227,0,75,2206680,0,0,2048,90.000,2.184,auto,30
lltp,ILL/petri-nets/MCC,,,Railroad_railroad-010-pt_5_1.p,intuitionistic,auto,16,false,,5,0,3,provable,proved,,ok,two-sided,IMELL,1892,121,13.364,148,0,46,2857704,0,0,2048,100.000,2.225,auto,30
lltp,ILL/petri-nets/MCC,,,Railroad_railroad-020-pt_10_1.p,intuitionistic,auto,16,false,,5,0,3,provable,proved,,ok,two-sided,IMELL,6106,441,147.405,36007,12745,15212,56532391,0,0,2048,2160.000,13.952,auto,30
lltp,ILL/petri-nets/MCC,,,Railroad_railroad-020-pt_1_1.p,intuitionistic,auto,16,false,,5,0,3,provable,proved,,ok,two-sided,IMELL,6112,441,1.632,23,0,4,327651,0,0,2048,10.000,0.000,auto,30
lltp,ILL/petri-nets/MCC,,,Railroad_railroad-020-pt_20_1.p,intuitionistic,auto,16,false,,5,0,3,provable,proved,,ok,two-sided,IMELL,6114,441,187.633,38495,13245,16753,43641278,0,0,2048,2480.000,14.438,auto,30
lltp,ILL/petri-nets/MCC,,,Railroad_railroad-020-pt_5_1.p,intuitionistic,auto,16,false,,5,0,3,provable,proved,,ok,two-sided,IMELL,6112,441,8.617,258,0,85,3169752,0,0,2048,110.000,2.608,auto,30
lltp,ILL/petri-nets/MCC,,,Referendum_referendum-unfolded-10_1_1.p,intuitionistic,auto,16,false,,5,0,3,provable,proved,,ok,two-sided,IMELL,122,3,0.721,182,110,15,1044,0,0,2048,0.000,0.000,auto,30
lltp,ILL/petri-nets/MCC,,,Referendum_referendum-unfolded-10_5_1.p,intuitionistic,auto,16,false,,5,0,3,provable,proved,,ok,two-sided,IMELL,122,3,1.190,126,25,58,182713,0,0,2048,0.000,0.000,auto,30
lltp,ILL/petri-nets/MCC,,,Referendum_referendum-unfolded-15_10_1.p,intuitionistic,auto,16,false,,5,0,3,provable,proved,,ok,two-sided,IMELL,182,3,4.189,16821,12820,574,1492820,0,0,2048,50.000,2.274,auto,30
lltp,ILL/petri-nets/MCC,,,Referendum_referendum-unfolded-15_1_1.p,intuitionistic,auto,16,false,,5,0,3,provable,proved,,ok,two-sided,IMELL,182,3,0.632,105,13,18,726,0,0,2048,0.000,0.000,auto,30
lltp,ILL/petri-nets/MCC,,,Referendum_referendum-unfolded-15_20_1.p,intuitionistic,auto,16,false,,5,0,3,provable,proved,,ok,two-sided,IMELL,182,2,347.258,3994159,2668772,946303,14192390,0,0,2048,3720.000,8.055,auto,30
lltp,ILL/petri-nets/MCC,,,Referendum_referendum-unfolded-15_5_1.p,intuitionistic,auto,16,false,,5,0,3,provable,proved,,ok,two-sided,IMELL,182,3,1.124,144,19,78,82539,0,0,2048,0.000,0.000,auto,30
lltp,ILL/petri-nets/MCC,,,Referendum_referendum-unfolded-20_1_1.p,intuitionistic,auto,16,false,,5,0,3,provable,proved,,ok,two-sided,IMELL,242,3,0.469,12,6,3,201,0,0,2048,0.000,0.000,auto,30
lltp,ILL/petri-nets/MCC,,,Referendum_referendum-unfolded-20_20_1.p,intuitionistic,auto,16,false,,5,0,3,provable,unknown,timeout,,two-sided,IMELL,242,3,5077.557,65844416,43679972,1571477,240558245,0,0,2048,64360.000,249.122,auto,30
lltp,ILL/petri-nets/MCC,,,Referendum_referendum-unfolded-20_50_1.p,intuitionistic,auto,16,false,,5,0,3,provable,unknown,timeout,,two-sided,IMELL,242,2,5120.286,64624077,42632078,1977307,208173684,0,0,2048,63660.000,230.113,auto,30
lltp,ILL/petri-nets/MCC,,,Referendum_referendum-unfolded-20_5_1.p,intuitionistic,auto,16,false,,5,0,3,provable,proved,,ok,two-sided,IMELL,242,3,1.208,168,19,98,78026,0,0,2048,0.000,0.000,auto,30
lltp,ILL/petri-nets/MCC,,,Referendum_referendum-unfolded-50_100_1.p,intuitionistic,auto,16,false,,5,0,3,provable,unknown,timeout,,two-sided,IMELL,602,2,5176.304,38360220,17044899,2097152,88639195,0,0,2048,58820.000,342.355,auto,30
lltp,ILL/petri-nets/MCC,,,Referendum_referendum-unfolded-50_1_1.p,intuitionistic,auto,16,false,,5,0,3,provable,proved,,ok,two-sided,IMELL,602,3,0.889,5,0,2,202,0,0,2048,0.000,0.000,auto,30
lltp,ILL/petri-nets/MCC,,,Referendum_referendum-unfolded-50_20_1.p,intuitionistic,auto,16,false,,5,0,3,provable,unknown,timeout,,two-sided,IMELL,602,3,5034.991,13770526,12109820,400141,963066026,0,0,2048,78750.000,159.121,auto,30
lltp,ILL/petri-nets/MCC,,,Referendum_referendum-unfolded-50_50_1.p,intuitionistic,auto,16,false,,5,0,3,provable,unknown,timeout,,two-sided,IMELL,602,3,5195.536,38480968,17288337,2097152,96533182,0,0,2048,59310.000,307.821,auto,30
lltp,ILL/petri-nets/MCC,,,Referendum_referendum-unfolded-50_5_1.p,intuitionistic,auto,16,false,,5,0,3,provable,proved,,ok,two-sided,IMELL,602,3,1.680,200,21,42,76304,0,0,2048,10.000,0.000,auto,30
lltp,ILL/petri-nets/MCC,,,ResAllocation_RAS-C-100_20_1.p,intuitionistic,auto,16,false,,5,0,3,provable,unknown,timeout,,two-sided,IMELL,4746,3,5220.220,24178913,22045413,1048677,238928724,0,0,2048,63940.000,60.688,auto,30
lltp,ILL/petri-nets/MCC,,,ResAllocation_RAS-C-100_5_1.p,intuitionistic,auto,16,false,,5,0,3,provable,proved,,ok,two-sided,IMELL,4776,3,3166.850,18741596,17655982,1046936,729082843,0,0,2048,39500.000,91.108,auto,30
lltp,ILL/petri-nets/MCC,,,ResAllocation_RAS-C-10_10_1.p,intuitionistic,auto,16,false,,5,0,3,provable,proved,,ok,two-sided,IMELL,452,3,181.048,2452057,2230284,108484,10251174,0,0,2048,2590.000,4.658,auto,30
lltp,ILL/petri-nets/MCC,,,ResAllocation_RAS-C-10_20_1.p,intuitionistic,auto,16,false,,5,0,3,provable,unknown,timeout,,two-sided,IMELL,444,3,5071.135,51518784,47482303,1048890,233448888,0,0,2048,67830.000,94.291,auto,30
lltp,ILL/petri-nets/MCC,,,ResAllocation_RAS-C-10_50_1.p,intuitionistic,auto,16,false,,5,0,3,provable,unknown,timeout,,two-sided,IMELL,444,3,5058.931,50432931,46340956,1048885,227843331,0,0,2048,67460.000,102.602,auto,30
lltp,ILL/petri-nets/MCC,,,ResAllocation_RAS-C-10_5_1.p,intuitionistic,auto,16,false,,5,0,3,provable,proved,,ok,two-sided,IMELL,458,3,2.114,26648,24634,1355,83588,0,0,2048,20.000,0.300,auto,30
lltp,ILL/petri-nets/MCC,,,ResAllocation_RAS-C-15_10_1.p,intuitionistic,auto,16,false,,5,0,3,provable,unknown,timeout,,two-sided,IMELL,696,3,5088.462,66617670,63082321,1049761,226073896,0,0,2048,68360.000,137.914,auto,30
lltp,ILL/petri-nets/MCC,,,ResAllocation_RAS-C-15_20_1.p,intuitionistic,auto,16,false,,5,0,3,provable,unknown,timeout,,two-sided,IMELL,678,3,5100.676,39203878,35532040,1048783,193370942,0,0,2048,66600.000,117.146,auto,30
lltp,ILL/petri-nets/MCC,,,ResAllocation_RAS-C-15_50_1.p,intuitionistic,auto,16,false,,5,0,3,provable,unknown,timeout,,two-sided,IMELL,664,3,5102.437,38895780,35170481,1048676,218233694,0,0,2048,66690.000,86.618,auto,30
lltp,ILL/petri-nets/MCC,,,ResAllocation_RAS-C-15_5_1.p,intuitionistic,auto,16,false,,5,0,3,provable,proved,,ok,two-sided,IMELL,700,3,6.268,40828,29568,9869,938064,0,0,2048,60.000,0.179,auto,30
lltp,ILL/petri-nets/MCC,,,ResAllocation_RAS-C-20_20_1.p,intuitionistic,auto,16,false,,5,0,3,provable,unknown,timeout,,two-sided,IMELL,908,3,5112.387,37121756,33541750,1048717,217291547,0,0,2048,65610.000,90.574,auto,30
lltp,ILL/petri-nets/MCC,,,ResAllocation_RAS-C-20_50_1.p,intuitionistic,auto,16,false,,5,0,3,provable,unknown,timeout,,two-sided,IMELL,890,3,5083.428,35284014,31673866,1048681,232561234,0,0,2048,66100.000,86.311,auto,30
lltp,ILL/petri-nets/MCC,,,ResAllocation_RAS-C-20_5_1.p,intuitionistic,auto,16,false,,5,0,3,provable,proved,,ok,two-sided,IMELL,938,3,13.865,219641,203899,12836,799559,0,0,2048,170.000,0.031,auto,30
lltp,ILL/petri-nets/MCC,,,ResAllocation_RAS-C-50_20_1.p,intuitionistic,auto,16,false,,5,0,3,provable,unknown,timeout,,two-sided,IMELL,2346,3,5157.824,27085681,24316216,1048677,192564422,0,0,2048,61290.000,84.024,auto,30
lltp,ILL/petri-nets/MCC,,,ResAllocation_RAS-C-5_100_1.p,intuitionistic,auto,16,false,,5,0,3,provable,proved,,ok,two-sided,IMELL,222,3,1.219,2033,144,1747,75514,0,0,2048,0.000,0.000,auto,30
lltp,ILL/petri-nets/MCC,,,ResAllocation_RAS-C-5_10_1.p,intuitionistic,auto,16,false,,5,0,3,provable,proved,,ok,two-sided,IMELL,220,3,2.043,8586,3213,4629,150010,0,0,2048,10.000,0.000,auto,30
lltp,ILL/petri-nets/MCC,,,ResAllocation_RAS-C-5_20_1.p,intuitionistic,auto,16,false,,5,0,3,provable,proved,,ok,two-sided,IMELL,222,3,0.879,1132,275,683,70155,0,0,2048,0.000,0.000,auto,30
lltp,ILL/petri-nets/MCC,,,ResAllocation_RAS-C-5_50_1.p,intuitionistic,auto,16,false,,5,0,3,provable,proved,,ok,two-sided,IMELL,220,3,1.979,9444,3412,5313,154711,0,0,2048,10.000,0.000,auto,30
lltp,ILL/petri-nets/MCC,,,ResAllocation_RAS-C-5_5_1.p,intuitionistic,auto,16,false,,5,0,3,provable,proved,,ok,two-sided,IMELL,222,3,1.191,2978,438,2278,60419,0,0,2048,0.000,0.000,auto,30
lltp,ILL/petri-nets/MCC,,,ResAllocation_RAS-R-100_100_1.p,intuitionistic,auto,16,false,,5,0,3,provable,unknown,timeout,,two-sided,IMELL,2772,3,5013.800,32127186,31778796,29310,204399591,0,0,2048,53180.000,1.145,auto,30
lltp,ILL/petri-nets/MCC,,,ResAllocation_RAS-R-100_50_1.p,intuitionistic,auto,16,false,,5,0,3,provable,unknown,timeout,,two-sided,IMELL,2780,3,5005.338,42482558,42136562,29514,208850786,0,0,2048,53880.000,4.215,auto,30
lltp,ILL/petri-nets/MCC,,,ResAllocation_RAS-R-10_100_1.p,intuitionistic,auto,16,false,,5,0,3,provable,unknown,timeout,,two-sided,IMELL,262,3,5001.279,48083704,47951789,9694,130813953,0,0,2048,34730.000,1.184,auto,30
lltp,ILL/petri-nets/MCC,,,ResAllocation_RAS-R-10_10_1.p,intuitionistic,auto,16,false,,5,0,3,provable,proved,,ok,two-sided,IMELL,272,3,2.647,18573,17365,605,433074,0,0,2048,20.000,0.034,auto,30
lltp,ILL/petri-nets/MCC,,,ResAllocation_RAS-R-10_20_1.p,intuitionistic,auto,16,false,,5,0,3,provable,proved,,ok,two-sided,IMELL,268,3,29.925,265528,243135,2779,1165887,0,0,2048,310.000,0.004,auto,30
lltp,ILL/petri-nets/MCC,,,ResAllocation_RAS-R-10_50_1.p,intuitionistic,auto,16,false,,5,0,3,provable,unknown,timeout,,two-sided,IMELL,262,3,5000.984,50081210,49950924,9703,136067714,0,0,2048,35520.000,0.976,auto,30
lltp,ILL/petri-nets/MCC,,,ResAllocation_RAS-R-10_5_1.p,intuitionistic,auto,16,false,,5,0,3,provable,proved,,ok,two-sided,IMELL,274,3,1.627,1162,440,663,348024,0,0,2048,0.000,0.116,auto,30
lltp,ILL/petri-nets/MCC,,,ResAllocation_RAS-R-15_100_1.p,intuitionistic,auto,16,false,,5,0,3,provable,unknown,timeout,,two-sided,IMELL,392,3,5001.365,33888425,33434741,40872,132188695,0,0,2048,36370.000,1.604,auto,30
lltp,ILL/petri-nets/MCC,,,ResAllocation_RAS-R-15_10_1.p,intuitionistic,auto,16,false,,5,0,3,provable,proved,,ok,two-sided,IMELL,410,3,2.876,34575,33191,517,113854,0,0,2048,20.000,0.000,auto,30
lltp,ILL/petri-nets/MCC,,,ResAllocation_RAS-R-15_20_1.p,intuitionistic,auto,16,false,,5,0,3,provable,proved,,ok,two-sided,IMELL,408,3,52.328,725806,693327,5385,2682342,0,0,2048,580.000,0.004,auto,30
lltp,ILL/petri-nets/MCC,,,ResAllocation_RAS-R-15_50_1.p,intuitionistic,auto,16,false,,5,0,3,provable,unknown,timeout,,two-sided,IMELL,400,3,5001.209,46723801,46278438,41283,138357930,0,0,2048,37220.000,2.257,auto,30
lltp,ILL/petri-nets/MCC,,,ResAllocation_RAS-R-15_5_1.p,intuitionistic,auto,16,false,,5,0,3,provable,proved,,ok,two-sided,IMELL,414,3,1.448,138,25,59,279778,0,0,2048,10.000,0.000,auto,30
lltp,ILL/petri-nets/MCC,,,ResAllocation_RAS-R-20_100_1.p,intuitionistic,auto,16,false,,5,0,3,provable,unknown,timeout,,two-sided,IMELL,532,3,5001.063,37747926,36807288,68226,162511819,0,0,2048,41110.000,1.059,auto,30
lltp,ILL/petri-nets/MCC,,,ResAllocation_RAS-R-20_10_1.p,intuitionistic,auto,16,false,,5,0,3,provable,proved,,ok,two-sided,IMELL,552,3,3.051,3119,2191,342,1125259,0,0,2048,30.000,0.320,auto,30
lltp,ILL/petri-nets/MCC,,,ResAllocation_RAS-R-20_20_1.p,intuitionistic,auto,16,false,,5,0,3,provable,proved,,ok,two-sided,IMELL,550,3,76.228,248246,213522,5602,36118713,0,0,2048,860.000,0.010,auto,30
lltp,ILL/petri-nets/MCC,,,ResAllocation_RAS-R-20_50_1.p,intuitionistic,auto,16,false,,5,0,3,provable,unknown,timeout,,two-sided,IMELL,540,3,5001.086,48340387,47724441,68621,156057087,0,0,2048,39330.000,3.242,auto,30
lltp,ILL/petri-nets/MCC,,,ResAllocation_RAS-R-20_5_1.p,intuitionistic,auto,16,false,,5,0,3,provable,proved,,ok,two-sided,IMELL,554,3,1.611,132,21,56,483302,0,0,2048,10.000,0.000,auto,30
lltp,ILL/petri-nets/MCC,,,ResAllocation_RAS-R-50_100_1.p,intuitionistic,auto,16,false,,5,0,3,provable,unknown,timeout,,two-sided,IMELL,1372,3,5009.947,35739274,34849560,68570,226742824,0,0,2048,52750.000,1.227,auto,30
lltp,ILL/petri-nets/MCC,,,ResAllocation_RAS-R-50_50_1.p,intuitionistic,auto,16,false,,5,0,3,provable,unknown,timeout,,two-sided,IMELL,1380,3,5010.084,45543127,44654089,69004,230822689,0,0,2048,53370.000,0.958,auto,30
lltp,ILL/petri-nets/MCC,,,Ring_ring_100_1.p,intuitionistic,auto,16,false,,5,0,3,provable,unknown,timeout,,two-sided,IMELL,1038,5,5176.072,9476174,7331301,743264,1947212727,0,0,2048,77480.000,258.101,auto,30
lltp,ILL/petri-nets/MCC,,,Ring_ring_10_1.p,intuitionistic,auto,16,false,,5,0,3,provable,proved,,ok,two-sided,IMELL,1036,5,205.055,428421,320867,47167,66247487,0,0,2048,3010.000,12.591,auto,30
lltp,ILL/petri-nets/MCC,,,Ring_ring_1_1.p,intuitionistic,auto,16,false,,5,0,3,provable,proved,,ok,two-sided,IMELL,1048,5,8.113,15,0,4,1874018,0,0,2048,60.000,0.000,auto,30
lltp,ILL/petri-nets/MCC,,,Ring_ring_20_1.p,intuitionistic,auto,16,false,,5,0,3,provable,unknown,timeout,,two-sided,IMELL,1040,5,5165.830,9301345,7206206,687258,2271685370,0,0,2048,77520.000,247.161,auto,30
lltp,ILL/petri-nets/MCC,,,Ring_ring_50_1.p,intuitionistic,auto,16,false,,5,0,3,provable,unknown,timeout,,two-sided,IMELL,1040,5,5256.418,9299742,7188554,741883,2187575719,0,0,2048,78670.000,363.167,auto,30
lltp,ILL/petri-nets/MCC,,,Ring_ring_5_1.p,intuitionistic,auto,16,false,,5,0,3,provable,proved,,ok,two-sided,IMELL,1040,5,8.839,4117,2508,1030,1053077,0,0,2048,70.000,0.065,auto,30
lltp,ILL/petri-nets/MCC,,,RobotManipulation_robot-manipulation-10_100_1.p,intuitionistic,auto,16,false,,5,0,3,provable,unknown,timeout,,two-sided,IMELL,274,22,5000.495,25271162,24692204,73897,211507115,0,0,2048,37670.000,0.961,auto,30
lltp,ILL/petri-nets/MCC,,,RobotManipulation_robot-manipulation-10_10_1.p,intuitionistic,auto,16,false,,5,0,3,provable,proved,,ok,two-sided,IMELL,308,22,1.032,547,21,493,159996,0,0,2048,0.000,0.000,auto,30
lltp,ILL/petri-nets/MCC,,,RobotManipulation_robot-manipulation-10_1_1.p,intuitionistic,auto,16,false,,5,0,3,provable,proved,,ok,two-sided,IMELL,312,22,0.590,6,0,4,10303,0,0,2048,0.000,0.000,auto,30
lltp,ILL/petri-nets/MCC,,,RobotManipulation_robot-manipulation-10_20_1.p,intuitionistic,auto,16,false,,5,0,3,provable,proved,,ok,two-sided,IMELL,308,22,1.356,1695,127,1443,250356,0,0,2048,0.000,0.000,auto,30
lltp,ILL/petri-nets/MCC,,,RobotManipulation_robot-manipulation-10_50_1.p,intuitionistic,auto,16,false,,5,0,3,provable,proved,,ok,two-sided,IMELL,308,22,1.741,1599,126,1345,268688,0,0,2048,0.000,0.000,auto,30
lltp,ILL/petri-nets/MCC,,,RobotManipulation_robot-manipulation-10_5_1.p,intuitionistic,auto,16,false,,5,0,3,provable,proved,,ok,two-sided,IMELL,310,22,10.211,55,5,15,2307720,0,0,2048,60.000,0.000,auto,30
lltp,ILL/petri-nets/MCC,,,RobotManipulation_robot-manipulation-2_5_1.p,intuitionistic,auto,16,false,,5,0,3,provable,proved,,ok,two-sided,IMELL,118,6,0.959,1306,1133,121,38335,0,0,2048,0.000,0.000,auto,30
lltp,ILL/petri-nets/MCC,,,RobotManipulation_robot-manipulation-5_100_1.p,intuitionistic,auto,16,false,,5,0,3,provable,proved,,ok,two-sided,IMELL,188,12,0.634,575,29,519,35809,0,0,2048,0.000,0.000,auto,30
lltp,ILL/petri-nets/MCC,,,RobotManipulation_robot-manipulation-5_10_1.p,intuitionistic,auto,16,false,,5,0,3,provable,proved,,ok,two-sided,IMELL,188,12,0.563,273,18,223,33667,0,0,2048,0.000,0.000,auto,30
lltp,ILL/petri-nets/MCC,,,RobotManipulation_robot-manipulation-5_1_1.p,intuitionistic,auto,16,false,,5,0,3,provable,proved,,ok,two-sided,IMELL,192,12,0.506,116,2,106,18811,0,0,2048,0.000,0.027,auto,30
lltp,ILL/petri-nets/MCC,,,RobotManipulation_robot-manipulation-5_20_1.p,intuitionistic,auto,16,false,,5,0,3,provable,proved,,ok,two-sided,IMELL,188,12,0.999,1232,122,987,41340,0,0,2048,0.000,0.000,auto,30
lltp,ILL/petri-nets/MCC,,,RobotManipulation_robot-manipulation-5_50_1.p,intuitionistic,auto,16,false,,5,0,3,provable,proved,,ok,two-sided,IMELL,188,12,1.102,1486,127,1236,43079,0,0,2048,0.000,0.000,auto,30
lltp,ILL/petri-nets/MCC,,,RobotManipulation_robot-manipulation-5_5_1.p,intuitionistic,auto,16,false,,5,0,3,provable,proved,,ok,two-sided,IMELL,190,12,1.384,80,22,29,148620,0,0,2048,10.000,0.095,auto,30
lltp,ILL/petri-nets/MCC,,,RwMutex_rwmutex-r100w10_1_1.p,intuitionistic,auto,16,false,,5,0,3,provable,proved,,ok,two-sided,IMELL,6116,12,1.519,242,0,116,14404,0,0,2048,0.000,0.000,auto,30
lltp,ILL/petri-nets/MCC,,,RwMutex_rwmutex-r100w10_20_1.p,intuitionistic,auto,16,false,,5,0,3,provable,unknown,timeout,,two-sided,IMELL,6078,12,5181.032,3909574,2233449,1048576,638276582,0,0,2048,71660.000,175.459,auto,30
lltp,ILL/petri-nets/MCC,,,RwMutex_rwmutex-r100w10_5_1.p,intuitionistic,auto,16,false,,5,0,3,provable,unknown,timeout,,two-sided,IMELL,6108,12,5266.127,3781534,2160772,1048576,1798862698,0,0,2048,73310.000,168.655,auto,30
lltp,ILL/petri-nets/MCC,,,RwMutex_rwmutex-r10w100_1_1.p,intuitionistic,auto,16,false,,5,0,3,provable,proved,,ok,two-sided,IMELL,5378,102,1.322,242,0,86,9268,0,0,2048,0.000,0.000,auto,30
lltp,ILL/petri-nets/MCC,,,RwMutex_rwmutex-r10w100_5_1.p,intuitionistic,auto,16,false,,5,0,3,provable,proved,,ok,two-sided,IMELL,5378,102,1.286,242,0,117,11175,0,0,2048,0.000,0.000,auto,30
lltp,ILL/petri-nets/MCC,,,RwMutex_rwmutex-r10w10_1_1.p,intuitionistic,auto,16,false,,5,0,3,provable,proved,,ok,two-sided,IMELL,698,12,0.695,62,0,38,1034,0,0,2048,0.000,0.000,auto,30
lltp,ILL/petri-nets/MCC,,,RwMutex_rwmutex-r10w10_5_1.p,intuitionistic,auto,16,false,,5,0,3,provable,proved,,ok,two-sided,IMELL,698,12,0.681,62,0,28,968,0,0,2048,0.000,0.000,auto,30
lltp,ILL/petri-nets/MCC,,,RwMutex_rwmutex-r10w20_1_1.p,intuitionistic,auto,16,false,,5,0,3,provable,proved,,ok,two-sided,IMELL,1218,22,0.659,82,0,42,1442,0,0,2048,0.000,0.000,auto,30
lltp,ILL/petri-nets/MCC,,,RwMutex_rwmutex-r10w20_5_1.p,intuitionistic,auto,16,false,,5,0,3,provable,proved,,ok,two-sided,IMELL,1218,22,0.648,82,0,17,1348,0,0,2048,0.000,0.002,auto,30
lltp,ILL/petri-nets/MCC,,,RwMutex_rwmutex-r20w10_10_1.p,intuitionistic,auto,16,false,,5,0,3,provable,proved,,ok,two-sided,IMELL,1310,12,29.470,32781,20791,10124,8226107,0,0,2048,290.000,2.347,auto,30
lltp,ILL/petri-nets/MCC,,,RwMutex_rwmutex-r20w10_1_1.p,intuitionistic,auto,16,false,,5,0,3,provable,proved,,ok,two-sided,IMELL,1316,12,0.768,212,0,170,2103,0,0,2048,0.000,0.000,auto,30
lltp,ILL/petri-nets/MCC,,,RwMutex_rwmutex-r20w10_20_1.p,intuitionistic,auto,16,false,,5,0,3,provable,unknown,timeout,,two-sided,IMELL,1278,12,5140.709,14074289,11889885,1048576,913462243,0,0,2048,73080.000,276.738,auto,30
lltp,ILL/petri-nets/MCC,,,RwMutex_rwmutex-r20w10_5_1.p,intuitionistic,auto,16,false,,5,0,3,provable,proved,,ok,two-sided,IMELL,1312,12,72.995,703,193,335,13353770,0,0,2048,560.000,0.008,auto,30
lltp,ILL/petri-nets/MCC,,,SafeBus-03-unfolded_100_1.p,intuitionistic,auto,16,false,,5,0,3,provable,proved,,ok,two-sided,IMELL,1128,43,64.912,175887,148049,12988,20473512,0,0,2048,730.000,10.216,auto,30
lltp,ILL/petri-nets/MCC,,,SafeBus-03-unfolded_10_1.p,intuitionistic,auto,16,false,,5,0,3,provable,proved,,ok,two-sided,IMELL,1130,43,17.889,58587,52232,4010,5389614,0,0,2048,170.000,0.865,auto,30
lltp,ILL/petri-nets/MCC,,,SafeBus-03-unfolded_1_1.p,intuitionistic,auto,16,false,,5,0,3,provable,proved,,ok,two-sided,IMELL,1126,43,12.757,466,33,206,4099312,0,0,2048,100.000,0.000,auto,30
lltp,ILL/petri-nets/MCC,,,SafeBus-03-unfolded_20_1.p,intuitionistic,auto,16,false,,5,0,3,provable,proved,,ok,two-sided,IMELL,1126,43,278.423,3515830,3395288,47088,46530546,0,0,2048,3320.000,13.525,auto,30
lltp,ILL/petri-nets/MCC,,,SafeBus-03-unfolded_50_1.p,intuitionistic,auto,16,false,,5,0,3,provable,proved,,ok,two-sided,IMELL,1128,43,97.975,964605,916689,20339,16832706,0,0,2048,1160.000,10.613,auto,30
lltp,ILL/petri-nets/MCC,,,SafeBus-03-unfolded_5_1.p,intuitionistic,auto,16,false,,5,0,3,provable,proved,,ok,two-sided,IMELL,1124,42,1.725,206,40,79,207508,0,0,2048,0.000,0.000,auto,30
lltp,ILL/petri-nets/MCC,,,SafeBus-06-unfolded_100_1.p,intuitionistic,auto,16,false,,5,0,3,provable,unknown,timeout,,two-sided,IMELL,6006,283,5120.456,1798633,966657,455000,1610354647,0,0,2048,75950.000,204.882,auto,30
lltp,ILL/petri-nets/MCC,,,SafeBus-06-unfolded_10_1.p,intuitionistic,auto,16,false,,5,0,3,provable,proved,,ok,two-sided,IMELL,6014,283,1928.609,2141090,1849975,166202,477928471,0,0,2048,27970.000,73.475,auto,30
lltp,ILL/petri-nets/MCC,,,SafeBus-06-unfolded_1_1.p,intuitionistic,auto,16,false,,5,0,3,provable,proved,,ok,two-sided,IMELL,6004,283,135.491,443,0,4,35646111,0,0,2048,1070.000,0.033,auto,30
lltp,ILL/petri-nets/MCC,,,SafeBus-06-unfolded_20_1.p,intuitionistic,auto,16,false,,5,0,3,provable,unknown,timeout,,two-sided,IMELL,6004,283,5120.679,1817290,981261,456468,1472168118,0,0,2048,76160.000,188.876,auto,30
lltp,ILL/petri-nets/MCC,,,SafeBus-06-unfolded_50_1.p,intuitionistic,auto,16,false,,5,0,3,provable,unknown,timeout,,two-sided,IMELL,6006,283,5121.538,1796910,964416,456175,1606435281,0,0,2048,76100.000,207.861,auto,30
lltp,ILL/petri-nets/MCC,,,SafeBus-06-unfolded_5_1.p,intuitionistic,auto,16,false,,5,0,3,provable,proved,,ok,two-sided,IMELL,6012,283,136.219,2088,348,1023,35622999,0,0,2048,1110.000,3.268,auto,30
lltp,ILL/petri-nets/MCC,,,SafeBus-10-unfolded_100_1.p,intuitionistic,auto,16,false,,5,0,3,provable,unknown,timeout,,two-sided,IMELL,22870,1191,5115.069,459091,128685,275804,469150576,0,0,2048,77650.000,352.627,auto,30
lltp,ILL/petri-nets/MCC,,,SafeBus-10-unfolded_1_1.p,intuitionistic,auto,16,false,,5,0,3,provable,proved,,ok,two-sided,IMELL,22868,1191,1448.896,719,0,3,141529571,0,0,2048,11500.000,3.606,auto,30
lltp,ILL/petri-nets/MCC,,,SafeBus-10-unfolded_20_1.p,intuitionistic,auto,16,false,,5,0,3,provable,unknown,timeout,,two-sided,IMELL,22886,1191,6330.029,4535213,4185709,293879,658139847,0,0,2048,88810.000,256.393,auto,30
lltp,ILL/petri-nets/MCC,,,SafeBus-10-unfolded_50_1.p,intuitionistic,auto,16,false,,5,0,3,provable,unknown,timeout,,two-sided,IMELL,22870,1191,5116.224,470553,130796,283664,473133820,0,0,2048,78180.000,259.606,auto,30
lltp,ILL/petri-nets/MCC,,,SafeBus-10-unfolded_5_1.p,intuitionistic,auto,16,false,,5,0,3,provable,proved,,ok,two-sided,IMELL,22876,1191,1457.776,11647,1788,8032,148556408,0,0,2048,12320.000,6.237,auto,30
lltp,ILL/petri-nets/MCC,,,SharedMemory_shared_memory-pt-10_1_1.p,intuitionistic,auto,16,false,,5,0,3,provable,proved,,ok,two-sided,IMELL,1682,91,26.904,217,0,5,8287051,0,0,2048,200.000,0.006,auto,30
lltp,ILL/petri-nets/MCC,,,SharedMemory_shared_memory-pt-10_20_1.p,intuitionistic,auto,16,false,,5,0,3,provable,unknown,timeout,,two-sided,IMELL,1678,91,5055.027,8855937,6335034,1048576,1612648998,0,0,2048,69160.000,298.185,auto,30
lltp,ILL/petri-nets/MCC,,,SharedMemory_shared_memory-pt-10_50_1.p,intuitionistic,auto,16,false,,5,0,3,provable,unknown,timeout,,two-sided,IMELL,1678,91,5057.619,8951810,6390485,1048576,1420817680,0,0,2048,69350.000,283.739,auto,30
lltp,ILL/petri-nets/MCC,,,SharedMemory_shared_memory-pt-10_5_1.p,intuitionistic,auto,16,false,,5,0,3,provable,proved,,ok,two-sided,IMELL,1678,91,99.463,185175,116213,59965,31890257,0,0,2048,1260.000,3.777,auto,30
lltp,ILL/petri-nets/MCC,,,SharedMemory_shared_memory-pt-20_100_1.p,intuitionistic,auto,16,false,,5,0,3,provable,unknown,timeout,,two-sided,IMELL,6558,381,5074.916,3725573,2392513,1048576,648009672,0,0,2048,70690.000,205.519,auto,30
lltp,ILL/petri-nets/MCC,,,SharedMemory_shared_memory-pt-20_1_1.p,intuitionistic,auto,16,false,,5,0,3,provable,proved,,ok,two-sided,IMELL,6562,381,202.625,637,0,124,36976226,0,0,2048,1610.000,0.032,auto,30
lltp,ILL/petri-nets/MCC,,,SharedMemory_shared_memory-pt-20_20_1.p,intuitionistic,auto,16,false,,5,0,3,provable,unknown,timeout,,two-sided,IMELL,6558,381,5073.212,3704729,2378690,1048576,1161580861,0,0,2048,70710.000,265.590,auto,30
lltp,ILL/petri-nets/MCC,,,SharedMemory_shared_memory-pt-20_50_1.p,intuitionistic,auto,16,false,,5,0,3,provable,unknown,timeout,,two-sided,IMELL,6558,381,5078.759,3713672,2383668,1048576,688804068,0,0,2048,70780.000,274.923,auto,30
lltp,ILL/petri-nets/MCC,,,SharedMemory_shared_memory-pt-20_5_1.p,intuitionistic,auto,16,false,,5,0,3,provable,unknown,timeout,,two-sided,IMELL,6558,381,5064.295,3394780,2139918,1048576,1436087814,0,0,2048,70420.000,255.309,auto,30
lltp,ILL/petri-nets/MCC,,,SimpleLoadBal_simple_lbs-10_100_1.p,intuitionistic,auto,16,false,,5,0,3,provable,unknown,timeout,,two-sided,IMELL,8372,512,5308.051,53976527,53431654,321443,294858854,0,0,2048,79030.000,462.427,auto,30
lltp,ILL/petri-nets/MCC,,,SimpleLoadBal_simple_lbs-10_10_1.p,intuitionistic,auto,16,false,,5,0,3,provable,proved,,ok,two-sided,IMELL,8370,512,1829.170,665828,499611,85894,180605020,0,0,2048,28440.000,88.819,auto,30
lltp,ILL/petri-nets/MCC,,,SimpleLoadBal_simple_lbs-10_1_1.p,intuitionistic,auto,16,false,,5,0,3,provable,proved,,ok,two-sided,IMELL,8356,512,17.105,13,0,3,747109,0,0,2048,120.000,0.003,auto,30
lltp,ILL/petri-nets/MCC,,,SimpleLoadBal_simple_lbs-10_20_1.p,intuitionistic,auto,16,false,,5,0,3,provable,unknown,timeout,,two-sided,IMELL,8362,512,5311.578,56510402,55975876,312905,298336140,0,0,2048,79080.000,498.923,auto,30
lltp,ILL/petri-nets/MCC,,,SimpleLoadBal_simple_lbs-10_50_1.p,intuitionistic,auto,16,false,,5,0,3,provable,unknown,timeout,,two-sided,IMELL,8376,512,5319.568,54827531,54296823,305286,297773757,0,0,2048,78840.000,473.456,auto,30
lltp,ILL/petri-nets/MCC,,,SimpleLoadBal_simple_lbs-10_5_1.p,intuitionistic,auto,16,false,,5,0,3,provable,proved,,ok,two-sided,IMELL,8364,512,20.042,4184,2704,961,1507854,0,0,2048,240.000,0.170,auto,30
lltp,ILL/petri-nets/MCC,,,SimpleLoadBal_simple_lbs-15_100_1.p,intuitionistic,auto,16,false,,5,0,3,provable,unknown,timeout,,two-sided,IMELL,18084,1142,6043.393,26103645,25875757,148137,362142509,0,0,2048,86520.000,386.167,auto,30
lltp,ILL/petri-nets/MCC,,,SimpleLoadBal_simple_lbs-15_1_1.p,intuitionistic,auto,16,false,,5,0,3,provable,proved,,ok,two-sided,IMELL,18056,1142,31.465,18,0,5,747881,0,0,2048,240.000,2.440,auto,30
lltp,ILL/petri-nets/MCC,,,SimpleLoadBal_simple_lbs-15_20_1.p,intuitionistic,auto,16,false,,5,0,3,provable,unknown,timeout,,two-sided,IMELL,18062,1142,6016.555,25577746,25344956,151526,363717614,0,0,2048,86010.000,409.510,auto,30
lltp,ILL/petri-nets/MCC,,,SimpleLoadBal_simple_lbs-15_50_1.p,intuitionistic,auto,16,false,,5,0,3,provable,unknown,timeout,,two-sided,IMELL,18082,1142,6017.814,26030466,25797794,151852,366425606,0,0,2048,86350.000,385.859,auto,30
lltp,ILL/petri-nets/MCC,,,SimpleLoadBal_simple_lbs-15_5_1.p,intuitionistic,auto,16,false,,5,0,3,provable,proved,,ok,two-sided,IMELL,18064,1142,349.521,69395,50384,13871,23211873,0,0,2048,5340.000,14.753,auto,30
lltp,ILL/petri-nets/MCC,,,SimpleLoadBal_simple_lbs-2_1_1.p,intuitionistic,auto,16,false,,5,0,3,provable,proved,,ok,two-sided,IMELL,532,24,1.554,32,0,3,116162,0,0,2048,0.000,0.007,auto,30
lltp,ILL/petri-nets/MCC,,,SimpleLoadBal_simple_lbs-5_100_1.p,intuitionistic,auto,16,false,,5,0,3,provable,unknown,timeout,,two-sided,IMELL,2364,132,5104.828,69151105,67529121,475853,411314002,0,0,2048,75790.000,337.736,auto,30
lltp,ILL/petri-nets/MCC,,,SimpleLoadBal_simple_lbs-5_10_1.p,intuitionistic,auto,16,false,,5,0,3,provable,proved,,ok,two-sided,IMELL,2360,132,31.444,352752,342225,4920,4475572,0,0,2048,400.000,1.612,auto,30
lltp,ILL/petri-nets/MCC,,,SimpleLoadBal_simple_lbs-5_1_1.p,intuitionistic,auto,16,false,,5,0,3,provable,proved,,ok,two-sided,IMELL,2356,132,6.624,8,0,3,746599,0,0,2048,50.000,0.002,auto,30
lltp,ILL/petri-nets/MCC,,,SimpleLoadBal_simple_lbs-5_20_1.p,intuitionistic,auto,16,false,,5,0,3,provable,unknown,timeout,,two-sided,IMELL,2362,132,5098.622,62788476,61283436,410406,481104023,0,0,2048,76540.000,355.777,auto,30
lltp,ILL/petri-nets/MCC,,,SimpleLoadBal_simple_lbs-5_50_1.p,intuitionistic,auto,16,false,,5,0,3,provable,unknown,timeout,,two-sided,IMELL,2364,132,5087.711,64712720,63249580,388501,511550161,0,0,2048,76370.000,342.174,auto,30
lltp,ILL/petri-nets/MCC,,,SimpleLoadBal_simple_lbs-5_5_1.p,intuitionistic,auto,16,false,,5,0,3,provable,proved,,ok,two-sided,IMELL,2360,132,11.106,16544,15870,384,2508595,0,0,2048,90.000,0.003,auto,30
lltp,ILL/petri-nets/MCC,,,SmallOperatingSystem-MT0016DC0008_100_1.p,intuitionistic,auto,16,false,,5,0,3,provable,unknown,timeout,,two-sided,IMELL,244,18,5001.030,5386268,3986681,168349,1601866329,0,0,2048,48170.000,0.588,auto,30
lltp,ILL/petri-nets/MCC,,,SmallOperatingSystem-MT0016DC0008_10_1.p,intuitionistic,auto,16,false,,5,0,3,provable,unknown,timeout,,two-sided,IMELL,244,18,5008.011,45267278,45134594,117922,1971834522,0,0,2048,64580.000,0.784,auto,30
lltp,ILL/petri-nets/MCC,,,SmallOperatingSystem-MT0016DC0008_1_1.p,intuitionistic,auto,16,false,,5,0,3,provable,proved,,ok,two-sided,IMELL,272,18,0.748,59,29,10,44457,0,0,2048,0.000,0.000,auto,30
lltp,ILL/petri-nets/MCC,,,SmallOperatingSystem-MT0016DC0008_20_1.p,intuitionistic,auto,16,false,,5,0,3,provable,proved,,ok,two-sided,IMELL,236,18,126.872,153081,105447,7951,39797218,0,0,2048,1230.000,0.053,auto,30
lltp,ILL/petri-nets/MCC,,,SmallOperatingSystem-MT0016DC0008_50_1.p,intuitionistic,auto,16,false,,5,0,3,provable,unknown,timeout,,two-sided,IMELL,244,18,5000.845,5385957,3993440,168349,1576602289,0,0,2048,47880.000,0.937,auto,30
lltp,ILL/petri-nets/MCC,,,SmallOperatingSystem-MT0016DC0008_5_1.p,intuitionistic,auto,16,false,,5,0,3,provable,unknown,timeout,,two-sided,IMELL,256,18,5011.190,47891199,47757937,117970,2666199915,0,0,2048,63970.000,0.635,auto,30
lltp,ILL/petri-nets/MCC,,,SmallOperatingSystem-MT0032DC0008_1_1.p,intuitionistic,auto,16,false,,5,0,3,provable,proved,,ok,two-sided,IMELL,400,34,0.761,207,180,10,73831,0,0,2048,0.000,0.000,auto,30
lltp,ILL/petri-nets/MCC,,,SmallOperatingSystem-MT0032DC0008_5_1.p,intuitionistic,auto,16,false,,5,0,3,provable,unknown,timeout,,two-sided,IMELL,384,34,5034.369,24988262,24530741,450728,2185687009,0,0,2048,64030.000,0.959,auto,30
lltp,ILL/petri-nets/MCC,,,Solitaire_soli0_counter_square5_1_1.p,intuitionistic,auto,16,false,,5,0,3,provable,proved,,ok,two-sided,IMELL,1272,107,2.329,18,0,3,191570,0,0,2048,10.000,0.000,auto,30
lltp,ILL/petri-nets/MCC,,,Solitaire_soli0_counter_square5_20_1.p,intuitionistic,auto,16,false,,5,0,3,provable,unknown,timeout,,two-sided,IMELL,1236,89,5093.003,9216108,5787022,1048576,2361438865,0,0,2048,67350.000,261.077,auto,30
lltp,ILL/petri-nets/MCC,,,Solitaire_soli0_counter_square5_5_1.p,intuitionistic,auto,16,false,,5,0,3,provable,proved,,ok,two-sided,IMELL,1264,103,27.722,58942,30697,24551,5385226,0,0,2048,350.000,5.290,auto,30
lltp,ILL/petri-nets/MCC,,,Solitaire_soli0_square5_1_1.p,intuitionistic,auto,16,false,,5,0,3,provable,proved,,ok,two-sided,IMELL,1010,9,17.729,15,0,6,4361729,0,0,2048,130.000,0.003,auto,30
lltp,ILL/petri-nets/MCC,,,Solitaire_soli0_square5_20_1.p,intuitionistic,auto,16,false,,5,0,3,provable,unknown,timeout,,two-sided,IMELL,1010,9,5281.003,11028533,6853216,1048576,2133646116,0,0,2048,69570.000,273.084,auto,30
lltp,ILL/petri-nets/MCC,,,Solitaire_soli0_square5_5_1.p,intuitionistic,auto,16,false,,5,0,3,provable,proved,,ok,two-sided,IMELL,1010,9,20.504,16390,8281,6993,4872065,0,0,2048,180.000,1.954,auto,30
lltp,ILL/petri-nets/MCC,,,Solitaire_soli1_10_1.p,intuitionistic,auto,16,false,,5,0,3,provable,proved,,ok,two-sided,IMELL,1042,9,2677.119,3266871,1722958,1048576,691534942,0,0,2048,33150.000,101.428,auto,30
lltp,ILL/petri-nets/MCC,,,Solitaire_soli1_1_1.p,intuitionistic,auto,16,false,,5,0,3,provable,proved,,ok,two-sided,IMELL,1042,9,0.895,7,0,2,147448,0,0,2048,0.000,0.000,auto,30
lltp,ILL/petri-nets/MCC,,,Solitaire_soli1_20_1.p,intuitionistic,auto,16,false,,5,0,3,provable,unknown,timeout,,two-sided,IMELL,1042,9,5175.763,7560653,4113155,1048576,2005961523,0,0,2048,64980.000,157.186,auto,30
lltp,ILL/petri-nets/MCC,,,Solitaire_soli1_50_1.p,intuitionistic,auto,16,false,,5,0,3,provable,unknown,timeout,,two-sided,IMELL,1042,9,5179.353,7565399,4109682,1048576,2133140479,0,0,2048,65610.000,184.616,auto,30
lltp,ILL/petri-nets/MCC,,,Solitaire_soli1_5_1.p,intuitionistic,auto,16,false,,5,0,3,provable,proved,,ok,two-sided,IMELL,1042,9,2.811,598,72,406,428552,0,0,2048,10.000,0.000,auto,30
lltp,ILL/petri-nets/MCC,,,Solitaire_soli2_10_1.p,intuitionistic,auto,16,false,,5,0,3,provable,proved,,ok,two-sided,IMELL,1250,9,4497.209,4473064,2496209,1048576,1852360260,0,0,2048,51160.000,2.223,auto,30
lltp,ILL/petri-nets/MCC,,,Solitaire_soli2_1_1.p,intuitionistic,auto,16,false,,5,0,3,provable,proved,,ok,two-sided,IMELL,1250,9,0.814,5,0,3,98342,0,0,2048,0.000,0.000,auto,30
lltp,ILL/petri-nets/MCC,,,Solitaire_soli2_20_1.p,intuitionistic,auto,16,false,,5,0,3,provable,unknown,timeout,,two-sided,IMELL,1250,9,5138.981,5405349,3008165,1048576,2163527796,0,0,2048,58180.000,5.389,auto,30
lltp,ILL/petri-nets/MCC,,,Solitaire_soli2_50_1.p,intuitionistic,auto,16,false,,5,0,3,provable,unknown,timeout,,two-sided,IMELL,1250,9,5203.241,5356013,2979118,1048576,2171650174,0,0,2048,58410.000,1.374,auto,30
lltp,ILL/petri-nets/MCC,,,Solitaire_soli2_5_1.p,intuitionistic,auto,16,false,,5,0,3,provable,proved,,ok,two-sided,IMELL,1250,9,56.745,414,81,248,13619361,0,0,2048,440.000,0.006,auto,30
lltp,ILL/petri-nets/MCC,,,SquareGrid_sg-2-1-2_100_1.p,intuitionistic,auto,16,false,,5,0,3,provable,unknown,timeout,,two-sided,IMELL,766,18,5097.189,14279905,11034783,1048576,1188584320,0,0,2048,73550.000,385.480,auto,30
lltp,ILL/petri-nets/MCC,,,SquareGrid_sg-2-1-2_1_1.p,intuitionistic,auto,16,false,,5,0,3,provable,proved,,ok,two-sided,IMELL,766,15,2.713,19,0,9,278052,0,0,2048,10.000,0.000,auto,30
lltp,ILL/petri-nets/MCC,,,SquareGrid_sg-2-1-2_20_1.p,intuitionistic,auto,16,false,,5,0,3,provable,unknown,timeout,,two-sided,IMELL,766,18,5098.748,14390745,11117073,1048576,996276424,0,0,2048,73990.000,339.118,auto,30
lltp,ILL/petri-nets/MCC,,,SquareGrid_sg-2-1-2_50_1.p,intuitionistic,auto,16,false,,5,0,3,provable,unknown,timeout,,two-sided,IMELL,766,17,5103.115,14310427,11056980,1048576,1049127912,0,0,2048,73950.000,290.375,auto,30
lltp,ILL/petri-nets/MCC,,,SquareGrid_sg-2-1-2_5_1.p,intuitionistic,auto,16,false,,5,0,3,provable,proved,,ok,two-sided,IMELL,766,15,11.841,26254,17364,7251,2318009,0,0,2048,130.000,2.619,auto,30
lltp,ILL/petri-nets/MCC,,,SwimmingPool-1_100_1.p,intuitionistic,auto,16,false,,5,0,3,provable,proved,,ok,two-sided,IMELL,198,21,235.294,353321,257080,9906,51256961,0,0,2048,2330.000,0.037,auto,30
lltp,ILL/petri-nets/MCC,,,SwimmingPool-1_10_1.p,intuitionistic,auto,16,false,,5,0,3,provable,proved,,ok,two-sided,IMELL,218,21,1.931,847,400,101,366795,0,0,2048,10.000,0.000,auto,30
lltp,ILL/petri-nets/MCC,,,SwimmingPool-1_1_1.p,intuitionistic,auto,16,false,,5,0,3,provable,proved,,ok,two-sided,IMELL,218,21,0.441,31,0,23,1246,0,0,2048,0.000,0.000,auto,30
lltp,ILL/petri-nets/MCC,,,SwimmingPool-1_20_1.p,intuitionistic,auto,16,false,,5,0,3,provable,proved,,ok,two-sided,IMELL,218,21,26.771,32705,21623,1489,4949791,0,0,2048,260.000,0.003,auto,30
lltp,ILL/petri-nets/MCC,,,SwimmingPool-1_50_1.p,intuitionistic,auto,16,false,,5,0,3,provable,proved,,ok,two-sided,IMELL,200,21,194.913,313246,223114,8397,44115190,0,0,2048,1930.000,0.010,auto,30
lltp,ILL/petri-nets/MCC,,,SwimmingPool-1_5_1.p,intuitionistic,auto,16,false,,5,0,3,provable,proved,,ok,two-sided,IMELL,218,21,1.772,58,9,19,299182,0,0,2048,10.000,0.000,auto,30
lltp,ILL/petri-nets/MCC,,,SwimmingPool-2_10_1.p,intuitionistic,auto,16,false,,5,0,3,provable,proved,,ok,two-sided,IMELL,398,41,2.177,799,378,95,396848,0,0,2048,10.000,0.000,auto,30
lltp,ILL/petri-nets/MCC,,,SwimmingPool-2_1_1.p,intuitionistic,auto,16,false,,5,0,3,provable,proved,,ok,two-sided,IMELL,398,41,0.478,12,0,4,3446,0,0,2048,0.000,0.000,auto,30
lltp,ILL/petri-nets/MCC,,,SwimmingPool-2_5_1.p,intuitionistic,auto,16,false,,5,0,3,provable,proved,,ok,two-sided,IMELL,398,41,1.662,49,7,16,251570,0,0,2048,10.000,0.000,auto,30
lltp,ILL/petri-nets/MCC,,,TCPcondis_tcp10_100_1.p,intuitionistic,auto,16,false,,5,0,3,provable,unknown,timeout,,two-sided,IMELL,294,12,5104.256,46226846,42293630,1048600,198014898,0,0,2048,66410.000,66.330,auto,30
lltp,ILL/petri-nets/MCC,,,TCPcondis_tcp10_10_1.p,intuitionistic,auto,16,false,,5,0,3,provable,proved,,ok,two-sided,IMELL,314,13,23.539,184373,153445,14782,1207827,0,0,2048,320.000,0.121,auto,30
lltp,ILL/petri-nets/MCC,,,TCPcondis_tcp10_1_1.p,intuitionistic,auto,16,false,,5,0,3,provable,proved,,ok,two-sided,IMELL,296,12,0.536,122,2,92,11287,0,0,2048,0.000,0.033,auto,30
lltp,ILL/petri-nets/MCC,,,TCPcondis_tcp10_20_1.p,intuitionistic,auto,16,false,,5,0,3,provable,unknown,timeout,,two-sided,IMELL,324,12,5120.543,18890619,15555265,1048587,1308445924,0,0,2048,73940.000,204.496,auto,30
lltp,ILL/petri-nets/MCC,,,TCPcondis_tcp10_50_1.p,intuitionistic,auto,16,false,,5,0,3,provable,unknown,timeout,,two-sided,IMELL,308,12,5100.674,28541848,24109891,1059530,549026312,0,0,2048,46130.000,7.793,auto,30
lltp,ILL/petri-nets/MCC,,,TCPcondis_tcp10_5_1.p,intuitionistic,auto,16,false,,5,0,3,provable,proved,,ok,two-sided,IMELL,304,12,1.168,740,428,143,164821,0,0,2048,10.000,0.000,auto,30
lltp,ILL/petri-nets/MCC,,,TCPcondis_tcp15_100_1.p,intuitionistic,auto,16,false,,5,0,3,provable,unknown,timeout,,two-sided,IMELL,344,17,5131.058,31192006,28261638,1003461,1578633242,0,0,2048,74220.000,162.750,auto,30
lltp,ILL/petri-nets/MCC,,,TCPcondis_tcp15_10_1.p,intuitionistic,auto,16,false,,5,0,3,provable,proved,,ok,two-sided,IMELL,354,17,73.944,284256,209530,35198,16791891,0,0,2048,1060.000,3.930,auto,30
lltp,ILL/petri-nets/MCC,,,TCPcondis_tcp15_1_1.p,intuitionistic,auto,16,false,,5,0,3,provable,proved,,ok,two-sided,IMELL,336,17,0.597,69,2,37,29859,0,0,2048,0.000,0.000,auto,30
lltp,ILL/petri-nets/MCC,,,TCPcondis_tcp15_20_1.p,intuitionistic,auto,16,false,,5,0,3,provable,unknown,timeout,,two-sided,IMELL,370,17,5089.251,20180166,17147973,1048588,1831323402,0,0,2048,73760.000,186.755,auto,30
lltp,ILL/petri-nets/MCC,,,TCPcondis_tcp15_50_1.p,intuitionistic,auto,16,false,,5,0,3,provable,unknown,timeout,,two-sided,IMELL,360,17,5110.357,42835880,39204852,1070924,541571122,0,0,2048,54250.000,59.797,auto,30
lltp,ILL/petri-nets/MCC,,,TCPcondis_tcp15_5_1.p,intuitionistic,auto,16,false,,5,0,3,provable,proved,,ok,two-sided,IMELL,344,17,1.962,1665,970,362,396833,0,0,2048,10.000,0.000,auto,30
lltp,ILL/petri-nets/MCC,,,TCPcondis_tcp20_100_1.p,intuitionistic,auto,16,false,,5,0,3,provable,unknown,timeout,,two-sided,IMELL,398,22,5102.819,26771530,23936420,899114,1652510625,0,0,2048,75550.000,152.580,auto,30
lltp,ILL/petri-nets/MCC,,,TCPcondis_tcp20_10_1.p,intuitionistic,auto,16,false,,5,0,3,provable,proved,,ok,two-sided,IMELL,394,22,33.730,111909,81298,14783,7377819,0,0,2048,490.000,1.207,auto,30
lltp,ILL/petri-nets/MCC,,,TCPcondis_tcp20_1_1.p,intuitionistic,auto,16,false,,5,0,3,provable,proved,,ok,two-sided,IMELL,376,22,0.691,130,6,95,63593,0,0,2048,0.000,0.000,auto,30
lltp,ILL/petri-nets/MCC,,,TCPcondis_tcp20_20_1.p,intuitionistic,auto,16,false,,5,0,3,provable,unknown,timeout,,two-sided,IMELL,414,23,5111.793,37096635,33576149,1048582,293707076,0,0,2048,67890.000,91.851,auto,30
lltp,ILL/petri-nets/MCC,,,TCPcondis_tcp20_50_1.p,intuitionistic,auto,16,false,,5,0,3,provable,unknown,timeout,,two-sided,IMELL,410,22,5128.600,84597395,81616736,974494,765947023,0,0,2048,74180.000,218.811,auto,30
lltp,ILL/petri-nets/MCC,,,TCPcondis_tcp20_5_1.p,intuitionistic,auto,16,false,,5,0,3,provable,proved,,ok,two-sided,IMELL,384,22,1.661,563,251,162,293777,0,0,2048,0.000,0.000,auto,30
lltp,ILL/petri-nets/MCC,,,TCPcondis_tcp25_100_1.p,intuitionistic,auto,16,false,,5,0,3,provable,unknown,timeout,,two-sided,IMELL,450,27,5098.935,20012181,17348611,825171,1815759689,0,0,2048,75450.000,153.288,auto,30
lltp,ILL/petri-nets/MCC,,,TCPcondis_tcp25_10_1.p,intuitionistic,auto,16,false,,5,0,3,provable,proved,,ok,two-sided,IMELL,434,27,38.876,120434,88175,14786,8512320,0,0,2048,560.000,3.171,auto,30
lltp,ILL/petri-nets/MCC,,,TCPcondis_tcp25_1_1.p,intuitionistic,auto,16,false,,5,0,3,provable,proved,,ok,two-sided,IMELL,416,27,0.640,40,0,9,69095,0,0,2048,0.000,0.000,auto,30
lltp,ILL/petri-nets/MCC,,,TCPcondis_tcp25_20_1.p,intuitionistic,auto,16,false,,5,0,3,provable,unknown,timeout,,two-sided,IMELL,454,27,5124.290,13250659,10574364,979999,909683506,0,0,2048,74970.000,193.953,auto,30
lltp,ILL/petri-nets/MCC,,,TCPcondis_tcp25_50_1.p,intuitionistic,auto,16,false,,5,0,3,provable,unknown,timeout,,two-sided,IMELL,462,27,5124.204,80645743,77723519,972039,716476723,0,0,2048,74820.000,278.382,auto,30
lltp,ILL/petri-nets/MCC,,,TCPcondis_tcp25_5_1.p,intuitionistic,auto,16,false,,5,0,3,provable,proved,,ok,two-sided,IMELL,424,27,1.868,691,339,179,327786,0,0,2048,10.000,0.000,auto,30
lltp,ILL/petri-nets/MCC,,,TCPcondis_tcp30_100_1.p,intuitionistic,auto,16,false,,5,0,3,provable,unknown,timeout,,two-sided,IMELL,502,32,5117.652,15258649,12679394,801922,2047482946,0,0,2048,75540.000,146.499,auto,30
lltp,ILL/petri-nets/MCC,,,TCPcondis_tcp30_10_1.p,intuitionistic,auto,16,false,,5,0,3,provable,proved,,ok,two-sided,IMELL,474,32,72.989,188024,133223,25805,16592876,0,0,2048,1040.000,1.634,auto,30
lltp,ILL/petri-nets/MCC,,,TCPcondis_tcp30_1_1.p,intuitionistic,auto,16,false,,5,0,3,provable,proved,,ok,two-sided,IMELL,456,32,0.687,44,0,13,76310,0,0,2048,0.000,0.000,auto,30
lltp,ILL/petri-nets/MCC,,,TCPcondis_tcp30_20_1.p,intuitionistic,auto,16,false,,5,0,3,provable,unknown,timeout,,two-sided,IMELL,494,32,5132.697,12532050,9959685,929663,922353901,0,0,2048,75250.000,203.688,auto,30
lltp,ILL/petri-nets/MCC,,,TCPcondis_tcp30_50_1.p,intuitionistic,auto,16,false,,5,0,3,provable,unknown,timeout,,two-sided,IMELL,512,32,5130.432,32713694,29704639,920659,313678882,0,0,2048,69390.000,91.800,auto,30
lltp,ILL/petri-nets/MCC,,,TCPcondis_tcp30_5_1.p,intuitionistic,auto,16,false,,5,0,3,provable,proved,,ok,two-sided,IMELL,464,32,2.020,1372,745,342,388030,0,0,2048,10.000,0.000,auto,30
lltp,ILL/petri-nets/MCC,,,TCPcondis_tcp35_10_1.p,intuitionistic,auto,16,false,,5,0,3,provable,proved,,ok,two-sided,IMELL,514,37,98.511,251681,183210,32126,20797025,0,0,2048,1450.000,9.127,auto,30
lltp,ILL/petri-nets/MCC,,,TCPcondis_tcp35_1_1.p,intuitionistic,auto,16,false,,5,0,3,provable,proved,,ok,two-sided,IMELL,496,37,0.765,84,3,48,89737,0,0,2048,0.000,0.000,auto,30
lltp,ILL/petri-nets/MCC,,,TCPcondis_tcp35_20_1.p,intuitionistic,auto,16,false,,5,0,3,provable,unknown,timeout,,two-sided,IMELL,534,37,5107.810,11737001,9256437,904305,897030411,0,0,2048,76430.000,195.118,auto,30
lltp,ILL/petri-nets/MCC,,,TCPcondis_tcp35_50_1.p,intuitionistic,auto,16,false,,5,0,3,provable,unknown,timeout,,two-sided,IMELL,558,37,5095.378,31253115,28456918,814555,391748058,0,0,2048,70510.000,81.569,auto,30
lltp,ILL/petri-nets/MCC,,,TCPcondis_tcp35_5_1.p,intuitionistic,auto,16,false,,5,0,3,provable,proved,,ok,two-sided,IMELL,504,37,1.795,618,272,176,304778,0,0,2048,10.000,0.000,auto,30
lltp,ILL/petri-nets/MCC,,,TCPcondis_tcp40_10_1.p,intuitionistic,auto,16,false,,5,0,3,provable,proved,,ok,two-sided,IMELL,554,42,104.476,271212,201398,30764,21965270,0,0,2048,1590.000,5.835,auto,30
lltp,ILL/petri-nets/MCC,,,TCPcondis_tcp40_1_1.p,intuitionistic,auto,16,false,,5,0,3,provable,proved,,ok,two-sided,IMELL,536,42,0.577,10,0,8,1323,0,0,2048,0.000,0.000,auto,30
lltp,ILL/petri-nets/MCC,,,TCPcondis_tcp40_20_1.p,intuitionistic,auto,16,false,,5,0,3,provable,unknown,timeout,,two-sided,IMELL,574,42,5101.961,11140655,8753986,858377,884538613,0,0,2048,76430.000,230.680,auto,30
lltp,ILL/petri-nets/MCC,,,TCPcondis_tcp40_50_1.p,intuitionistic,auto,16,false,,5,0,3,provable,unknown,timeout,,two-sided,IMELL,594,42,5105.875,30943786,28282013,881971,417344040,0,0,2048,71820.000,107.284,auto,30
lltp,ILL/petri-nets/MCC,,,TCPcondis_tcp40_5_1.p,intuitionistic,auto,16,false,,5,0,3,provable,proved,,ok,two-sided,IMELL,544,42,1.942,702,330,182,338785,0,0,2048,10.000,0.000,auto,30
lltp,ILL/petri-nets/MCC,,,TCPcondis_tcp50_10_1.p,intuitionistic,auto,16,false,,5,0,3,provable,proved,,ok,two-sided,IMELL,634,52,122.813,262591,193206,30973,24830313,0,0,2048,1830.000,9.089,auto,30
lltp,ILL/petri-nets/MCC,,,TCPcondis_tcp50_1_1.p,intuitionistic,auto,16,false,,5,0,3,provable,proved,,ok,two-sided,IMELL,616,52,0.774,46,0,15,117788,0,0,2048,0.000,0.000,auto,30
lltp,ILL/petri-nets/MCC,,,TCPcondis_tcp50_20_1.p,intuitionistic,auto,16,false,,5,0,3,provable,unknown,timeout,,two-sided,IMELL,654,52,5096.436,10016464,7792278,775791,890137398,0,0,2048,76700.000,218.791,auto,30
lltp,ILL/petri-nets/MCC,,,TCPcondis_tcp50_50_1.p,intuitionistic,auto,16,false,,5,0,3,provable,unknown,timeout,,two-sided,IMELL,664,52,5086.864,28123973,25735312,722199,428557189,0,0,2048,71180.000,84.788,auto,30
lltp,ILL/petri-nets/MCC,,,TCPcondis_tcp50_5_1.p,intuitionistic,auto,16,false,,5,0,3,provable,proved,,ok,two-sided,IMELL,624,52,4.441,1055,528,286,955544,0,0,2048,40.000,2.416,auto,30
lltp,ILL/petri-nets/MCC,,,TCPcondis_tcp5_100_1.p,intuitionistic,auto,16,false,,5,0,3,provable,unknown,timeout,,two-sided,IMELL,256,7,5084.454,74099013,69511185,1068791,572050401,0,0,2048,55780.000,14.859,auto,30
lltp,ILL/petri-nets/MCC,,,TCPcondis_tcp5_10_1.p,intuitionistic,auto,16,false,,5,0,3,provable,proved,,ok,two-sided,IMELL,270,7,23.619,208844,177585,13801,1761208,0,0,2048,320.000,0.990,auto,30
lltp,ILL/petri-nets/MCC,,,TCPcondis_tcp5_20_1.p,intuitionistic,auto,16,false,,5,0,3,provable,unknown,timeout,,two-sided,IMELL,264,7,5110.998,20405886,16414750,1048973,1222333681,0,0,2048,65520.000,88.417,auto,30
lltp,ILL/petri-nets/MCC,,,TCPcondis_tcp5_50_1.p,intuitionistic,auto,16,false,,5,0,3,provable,unknown,timeout,,two-sided,IMELL,256,7,5084.666,26577372,22525094,1054832,1467474839,0,0,2048,61610.000,58.075,auto,30
lltp,ILL/petri-nets/MCC,,,TCPcondis_tcp5_5_1.p,intuitionistic,auto,16,false,,5,0,3,provable,proved,,ok,two-sided,IMELL,264,8,1.156,4296,3801,322,21855,0,0,2048,0.000,0.000,auto,30
lltp,ILL/petri-nets/MCC,,,TokenRing-10-unfolded_100_1.p,intuitionistic,auto,16,false,,5,0,3,provable,unknown,timeout,,two-sided,IMELL,8930,21,5037.798,18239994,17847203,166055,301870637,0,0,2048,72100.000,93.335,auto,30
lltp,ILL/petri-nets/MCC,,,TokenRing-10-unfolded_10_1.p,intuitionistic,auto,16,false,,5,0,3,provable,proved,,ok,two-sided,IMELL,8930,21,1133.823,1138824,1046963,46910,218394211,0,0,2048,17750.000,26.187,auto,30
lltp,ILL/petri-nets/MCC,,,TokenRing-10-unfolded_1_1.p,intuitionistic,auto,16,false,,5,0,3,provable,proved,,ok,two-sided,IMELL,8930,21,2.164,37,0,12,121840,0,0,2048,10.000,0.000,auto,30
lltp,ILL/petri-nets/MCC,,,TokenRing-10-unfolded_20_1.p,intuitionistic,auto,16,false,,5,0,3,provable,proved,,ok,two-sided,IMELL,8930,21,4067.680,13667717,13345810,140933,240383386,0,0,2048,57890.000,71.513,auto,30
lltp,ILL/petri-nets/MCC,,,TokenRing-10-unfolded_50_1.p,intuitionistic,auto,16,false,,5,0,3,provable,unknown,timeout,,two-sided,IMELL,8930,21,5037.692,18593246,18204568,165991,340356804,0,0,2048,72610.000,91.047,auto,30
lltp,ILL/petri-nets/MCC,,,TokenRing-10-unfolded_5_1.p,intuitionistic,auto,16,false,,5,0,3,provable,proved,,ok,two-sided,IMELL,8930,21,43.375,25642,17384,6817,7208146,0,0,2048,600.000,1.936,auto,30
lltp,ILL/petri-nets/MCC,,,TriangularGrid_trg_2-01-1_100_1.p,intuitionistic,auto,16,false,,5,0,3,provable,unknown,timeout,,two-sided,IMELL,470,10,5072.505,17434734,14053056,1048576,1041115618,0,0,2048,74590.000,325.352,auto,30
lltp,ILL/petri-nets/MCC,,,TriangularGrid_trg_2-01-1_10_1.p,intuitionistic,auto,16,false,,5,0,3,provable,proved,,ok,two-sided,IMELL,470,8,1404.339,4554378,3685830,490754,601874298,0,0,2048,20320.000,89.846,auto,30
lltp,ILL/petri-nets/MCC,,,TriangularGrid_trg_2-01-1_1_1.p,intuitionistic,auto,16,false,,5,0,3,provable,proved,,ok,two-sided,IMELL,470,8,6.126,15,0,7,1549973,0,0,2048,40.000,0.000,auto,30
lltp,ILL/petri-nets/MCC,,,TriangularGrid_trg_2-01-1_20_1.p,intuitionistic,auto,16,false,,5,0,3,provable,unknown,timeout,,two-sided,IMELL,470,9,5086.018,16854255,13588377,1048576,2261550109,0,0,2048,74560.000,381.276,auto,30
lltp,ILL/petri-nets/MCC,,,TriangularGrid_trg_2-01-1_50_1.p,intuitionistic,auto,16,false,,5,0,3,provable,unknown,timeout,,two-sided,IMELL,470,9,5076.610,17247891,13907239,1048576,2094289615,0,0,2048,74500.000,346.916,auto,30
lltp,ILL/petri-nets/MCC,,,TriangularGrid_trg_2-01-1_5_1.p,intuitionistic,auto,16,false,,5,0,3,provable,proved,,ok,two-sided,IMELL,470,8,5.421,8796,5691,2290,1290617,0,0,2048,40.000,1.999,auto,30
lltp,ILL/petri-nets/MCC,,,TriangularGrid_trg_3-01-1_100_1.p,intuitionistic,auto,16,false,,5,0,3,provable,unknown,timeout,,two-sided,IMELL,1006,9,5140.716,11744192,8883811,1048576,1825768777,0,0,2048,70430.000,278.444,auto,30
lltp,ILL/petri-nets/MCC,,,TriangularGrid_trg_3-01-1_1_1.p,intuitionistic,auto,16,false,,5,0,3,provable,proved,,ok,two-sided,IMELL,1006,8,1.111,30,0,6,130397,0,0,2048,0.000,0.000,auto,30
lltp,ILL/petri-nets/MCC,,,TriangularGrid_trg_3-01-1_50_1.p,intuitionistic,auto,16,false,,5,0,3,provable,unknown,timeout,,two-sided,IMELL,1006,9,5141.528,11715133,8858439,1048576,2174097260,0,0,2048,70410.000,279.159,auto,30
lltp,ILL/petri-nets/MCC,,,TriangularGrid_trg_3-01-1_5_1.p,intuitionistic,auto,16,false,,5,0,3,provable,proved,,ok,two-sided,IMELL,1006,8,436.309,989684,724857,224734,179673594,0,0,2048,6080.000,21.339,auto,30
lltp,ILL/petri-nets/MCC,,,UtahNoC_100_1.p,intuitionistic,auto,16,false,,5,0,3,provable,unknown,timeout,,two-sided,IMELL,5826,99,5043.308,50176198,49783700,333384,275740290,0,0,2048,73620.000,332.853,auto,30
lltp,ILL/petri-nets/MCC,,,UtahNoC_10_1.p,intuitionistic,auto,16,false,,5,0,3,provable,proved,,ok,two-sided,IMELL,5826,100,259.758,1716625,1636711,75817,15371244,0,0,2048,3440.000,14.170,auto,30
lltp,ILL/petri-nets/MCC,,,UtahNoC_5_1.p,intuitionistic,auto,16,false,,5,0,3,provable,proved,,ok,two-sided,IMELL,5826,100,246.423,1662854,1583876,74815,14743772,0,0,2048,3270.000,9.124,auto,30
lltp,ILL/petri-nets/MCC,,,Vasy2003_100_1.p,intuitionistic,auto,16,false,,5,0,3,provable,unknown,timeout,,two-sided,IMELL,5738,105,5205.517,693424,315,693103,793697368,0,0,2048,45130.000,0.716,auto,30
lltp,ILL/petri-nets/MCC,,,Vasy2003_1_1.p,intuitionistic,auto,16,false,,5,0,3,provable,proved,,ok,two-sided,IMELL,5738,105,2.004,412,50,103,211753,0,0,2048,10.000,0.000,auto,30
lltp,ILL/petri-nets/MCC,,,Vasy2003_20_1.p,intuitionistic,auto,16,false,,5,0,3,provable,unknown,timeout,,two-sided,IMELL,5738,105,5203.664,688253,305,687942,2004244500,0,0,2048,45140.000,0.699,auto,30
lltp,ILL/petri-nets/MCC,,,Vasy2003_50_1.p,intuitionistic,auto,16,false,,5,0,3,provable,unknown,timeout,,two-sided,IMELL,5738,105,5200.523,688306,316,687984,688838321,0,0,2048,45150.000,0.742,auto,30
lltp,ILL/petri-nets/MCC,,,Vasy2003_5_1.p,intuitionistic,auto,16,false,,5,0,3,provable,unknown,timeout,,two-sided,IMELL,5738,105,5000.967,965,302,658,2295196151,0,0,2048,44940.000,0.601,auto,30
