source,family,size,index,problem,mode,engine_requested,jobs,portfolio,test_period,timeout_s,run,copies,expected,verdict,reason,checked,engine,fragment,occurrences,multiplicity,time_ms,nodes,memo_hits,memo_entries,splits,links,tests,recursion_limit,cpu_ms,wait_ms,bias,forward_copies
family,3-partition-yes,4,0,3-partition-yes/4,classical,auto,1,false,,120,0,3,provable,proved,,ok,focus,MALL,99,8,0.065,7,0,7,28,0,0,2048,0.000,0.000,auto,30
family,3-partition-yes,4,0,3-partition-yes/4,classical,auto,1,false,,120,1,3,provable,proved,,ok,focus,MALL,99,8,0.048,7,0,7,28,0,0,2048,0.000,0.000,auto,30
family,3-partition-yes,4,0,3-partition-yes/4,classical,auto,1,false,,120,2,3,provable,proved,,ok,focus,MALL,99,8,0.045,7,0,7,28,0,0,2048,0.000,0.000,auto,30
family,3-partition-yes,4,0,3-partition-yes/4,classical,auto,2,false,,120,0,3,provable,proved,,ok,focus,MALL,99,8,0.209,23,0,13,84,0,0,2048,0.000,0.000,auto,30
family,3-partition-yes,4,0,3-partition-yes/4,classical,auto,2,false,,120,1,3,provable,proved,,ok,focus,MALL,99,8,0.212,23,0,13,84,0,0,2048,0.000,0.000,auto,30
family,3-partition-yes,4,0,3-partition-yes/4,classical,auto,2,false,,120,2,3,provable,proved,,ok,focus,MALL,99,8,0.129,18,0,7,59,0,0,2048,0.000,0.000,auto,30
family,3-partition-yes,4,0,3-partition-yes/4,classical,auto,4,false,,120,0,3,provable,proved,,ok,focus,MALL,99,8,0.198,29,0,13,106,0,0,2048,0.000,0.000,auto,30
family,3-partition-yes,4,0,3-partition-yes/4,classical,auto,4,false,,120,1,3,provable,proved,,ok,focus,MALL,99,8,0.181,30,1,15,110,0,0,2048,0.000,0.000,auto,30
family,3-partition-yes,4,0,3-partition-yes/4,classical,auto,4,false,,120,2,3,provable,proved,,ok,focus,MALL,99,8,0.205,30,1,14,109,0,0,2048,0.000,0.000,auto,30
family,3-partition-yes,4,0,3-partition-yes/4,classical,auto,8,false,,120,0,3,provable,proved,,ok,focus,MALL,99,8,0.328,31,1,20,118,0,0,2048,0.000,0.000,auto,30
family,3-partition-yes,4,0,3-partition-yes/4,classical,auto,8,false,,120,1,3,provable,proved,,ok,focus,MALL,99,8,0.508,42,2,25,165,0,0,2048,0.000,0.018,auto,30
family,3-partition-yes,4,0,3-partition-yes/4,classical,auto,8,false,,120,2,3,provable,proved,,ok,focus,MALL,99,8,0.284,40,1,19,157,0,0,2048,0.000,0.000,auto,30
family,3-partition-yes,4,0,3-partition-yes/4,classical,auto,16,false,,120,0,3,provable,proved,,ok,focus,MALL,99,8,0.512,43,1,28,177,0,0,2048,0.000,0.000,auto,30
family,3-partition-yes,4,0,3-partition-yes/4,classical,auto,16,false,,120,1,3,provable,proved,,ok,focus,MALL,99,8,0.506,59,3,40,240,0,0,2048,0.000,0.000,auto,30
family,3-partition-yes,4,0,3-partition-yes/4,classical,auto,16,false,,120,2,3,provable,proved,,ok,focus,MALL,99,8,0.470,43,2,10,149,0,0,2048,0.000,0.001,auto,30
family,3-partition-yes,6,0,3-partition-yes/6,classical,auto,1,false,,120,0,3,provable,proved,,ok,focus,MALL,119,12,0.058,7,0,7,32,0,0,2048,0.000,0.000,auto,30
family,3-partition-yes,6,0,3-partition-yes/6,classical,auto,1,false,,120,1,3,provable,proved,,ok,focus,MALL,119,12,0.054,7,0,7,32,0,0,2048,0.000,0.000,auto,30
family,3-partition-yes,6,0,3-partition-yes/6,classical,auto,1,false,,120,2,3,provable,proved,,ok,focus,MALL,119,12,0.070,7,0,7,32,0,0,2048,0.000,0.000,auto,30
family,3-partition-yes,6,0,3-partition-yes/6,classical,auto,2,false,,120,0,3,provable,proved,,ok,focus,MALL,119,12,0.137,23,0,13,98,0,0,2048,0.000,0.000,auto,30
family,3-partition-yes,6,0,3-partition-yes/6,classical,auto,2,false,,120,1,3,provable,proved,,ok,focus,MALL,119,12,0.142,23,0,13,98,0,0,2048,0.000,0.000,auto,30
family,3-partition-yes,6,0,3-partition-yes/6,classical,auto,2,false,,120,2,3,provable,proved,,ok,focus,MALL,119,12,0.166,23,0,13,98,0,0,2048,0.000,0.000,auto,30
family,3-partition-yes,6,0,3-partition-yes/6,classical,auto,4,false,,120,0,3,provable,proved,,ok,focus,MALL,119,12,0.230,31,1,16,137,0,0,2048,0.000,0.000,auto,30
family,3-partition-yes,6,0,3-partition-yes/6,classical,auto,4,false,,120,1,3,provable,proved,,ok,focus,MALL,119,12,0.179,41,1,23,184,0,0,2048,0.000,0.000,auto,30
family,3-partition-yes,6,0,3-partition-yes/6,classical,auto,4,false,,120,2,3,provable,proved,,ok,focus,MALL,119,12,0.155,36,1,23,166,0,0,2048,0.000,0.000,auto,30
family,3-partition-yes,6,0,3-partition-yes/6,classical,auto,8,false,,120,0,3,provable,proved,,ok,focus,MALL,119,12,0.309,96,22,56,484,0,0,2048,0.000,0.000,auto,30
family,3-partition-yes,6,0,3-partition-yes/6,classical,auto,8,false,,120,1,3,provable,proved,,ok,focus,MALL,119,12,0.280,93,20,52,476,0,0,2048,0.000,0.000,auto,30
family,3-partition-yes,6,0,3-partition-yes/6,classical,auto,8,false,,120,2,3,provable,proved,,ok,focus,MALL,119,12,0.287,93,23,52,450,0,0,2048,0.000,0.000,auto,30
family,3-partition-yes,6,0,3-partition-yes/6,classical,auto,16,false,,120,0,3,provable,proved,,ok,focus,MALL,119,12,1.097,75,7,44,361,0,0,2048,0.000,0.000,auto,30
family,3-partition-yes,6,0,3-partition-yes/6,classical,auto,16,false,,120,1,3,provable,proved,,ok,focus,MALL,119,12,0.452,98,22,53,494,0,0,2048,0.000,0.000,auto,30
family,3-partition-yes,6,0,3-partition-yes/6,classical,auto,16,false,,120,2,3,provable,proved,,ok,focus,MALL,119,12,0.390,50,2,13,217,0,0,2048,0.000,0.000,auto,30
family,3-partition-yes,8,0,3-partition-yes/8,classical,auto,1,false,,120,0,3,provable,proved,,ok,focus,MALL,139,16,0.052,7,0,7,36,0,0,2048,0.000,0.000,auto,30
family,3-partition-yes,8,0,3-partition-yes/8,classical,auto,1,false,,120,1,3,provable,proved,,ok,focus,MALL,139,16,0.054,7,0,7,36,0,0,2048,0.000,0.000,auto,30
family,3-partition-yes,8,0,3-partition-yes/8,classical,auto,1,false,,120,2,3,provable,proved,,ok,focus,MALL,139,16,0.057,7,0,7,36,0,0,2048,0.000,0.000,auto,30
family,3-partition-yes,8,0,3-partition-yes/8,classical,auto,2,false,,120,0,3,provable,proved,,ok,focus,MALL,139,16,0.173,23,0,13,112,0,0,2048,0.000,0.000,auto,30
family,3-partition-yes,8,0,3-partition-yes/8,classical,auto,2,false,,120,1,3,provable,proved,,ok,focus,MALL,139,16,0.162,23,0,13,112,0,0,2048,0.000,0.000,auto,30
family,3-partition-yes,8,0,3-partition-yes/8,classical,auto,2,false,,120,2,3,provable,proved,,ok,focus,MALL,139,16,0.164,23,0,13,112,0,0,2048,0.000,0.000,auto,30
family,3-partition-yes,8,0,3-partition-yes/8,classical,auto,4,false,,120,0,3,provable,proved,,ok,focus,MALL,139,16,0.183,33,2,16,163,0,0,2048,0.000,0.000,auto,30
family,3-partition-yes,8,0,3-partition-yes/8,classical,auto,4,false,,120,1,3,provable,proved,,ok,focus,MALL,139,16,0.186,38,0,23,202,0,0,2048,0.000,0.000,auto,30
family,3-partition-yes,8,0,3-partition-yes/8,classical,auto,4,false,,120,2,3,provable,proved,,ok,focus,MALL,139,16,0.181,33,0,16,173,0,0,2048,0.000,0.000,auto,30
family,3-partition-yes,8,0,3-partition-yes/8,classical,auto,8,false,,120,0,3,provable,proved,,ok,focus,MALL,139,16,0.352,63,9,34,358,0,0,2048,0.000,0.000,auto,30
family,3-partition-yes,8,0,3-partition-yes/8,classical,auto,8,false,,120,1,3,provable,proved,,ok,focus,MALL,139,16,0.525,88,16,54,508,0,0,2048,0.000,0.000,auto,30
family,3-partition-yes,8,0,3-partition-yes/8,classical,auto,8,false,,120,2,3,provable,proved,,ok,focus,MALL,139,16,0.324,75,11,43,443,0,0,2048,0.000,0.000,auto,30
family,3-partition-yes,8,0,3-partition-yes/8,classical,auto,16,false,,120,0,3,provable,proved,,ok,focus,MALL,139,16,0.601,66,6,39,375,0,0,2048,0.000,0.000,auto,30
family,3-partition-yes,8,0,3-partition-yes/8,classical,auto,16,false,,120,1,3,provable,proved,,ok,focus,MALL,139,16,0.578,79,8,52,453,0,0,2048,0.000,0.000,auto,30
family,3-partition-yes,8,0,3-partition-yes/8,classical,auto,16,false,,120,2,3,provable,proved,,ok,focus,MALL,139,16,0.647,56,4,25,273,0,0,2048,0.000,0.000,auto,30
family,3-partition-yes,12,0,3-partition-yes/12,classical,auto,1,false,,120,0,3,provable,proved,,ok,focus,MALL,179,24,0.058,7,0,7,44,0,0,2048,0.000,0.000,auto,30
family,3-partition-yes,12,0,3-partition-yes/12,classical,auto,1,false,,120,1,3,provable,proved,,ok,focus,MALL,179,24,0.059,7,0,7,44,0,0,2048,0.000,0.000,auto,30
family,3-partition-yes,12,0,3-partition-yes/12,classical,auto,1,false,,120,2,3,provable,proved,,ok,focus,MALL,179,24,0.059,7,0,7,44,0,0,2048,0.000,0.000,auto,30
family,3-partition-yes,12,0,3-partition-yes/12,classical,auto,2,false,,120,0,3,provable,proved,,ok,focus,MALL,179,24,0.163,23,0,13,140,0,0,2048,0.000,0.000,auto,30
family,3-partition-yes,12,0,3-partition-yes/12,classical,auto,2,false,,120,1,3,provable,proved,,ok,focus,MALL,179,24,0.163,23,0,13,140,0,0,2048,0.000,0.000,auto,30
family,3-partition-yes,12,0,3-partition-yes/12,classical,auto,2,false,,120,2,3,provable,proved,,ok,focus,MALL,179,24,0.155,23,0,13,140,0,0,2048,0.000,0.000,auto,30
family,3-partition-yes,12,0,3-partition-yes/12,classical,auto,4,false,,120,0,3,provable,proved,,ok,focus,MALL,179,24,0.202,36,1,23,238,0,0,2048,0.000,0.000,auto,30
family,3-partition-yes,12,0,3-partition-yes/12,classical,auto,4,false,,120,1,3,provable,proved,,ok,focus,MALL,179,24,0.186,33,1,16,208,0,0,2048,0.000,0.000,auto,30
family,3-partition-yes,12,0,3-partition-yes/12,classical,auto,4,false,,120,2,3,provable,proved,,ok,focus,MALL,179,24,0.202,33,0,16,213,0,0,2048,0.000,0.000,auto,30
family,3-partition-yes,12,0,3-partition-yes/12,classical,auto,8,false,,120,0,3,provable,proved,,ok,focus,MALL,179,24,0.320,79,14,49,605,0,0,2048,0.000,0.000,auto,30
family,3-partition-yes,12,0,3-partition-yes/12,classical,auto,8,false,,120,1,3,provable,proved,,ok,focus,MALL,179,24,0.299,78,10,45,574,0,0,2048,0.000,0.000,auto,30
family,3-partition-yes,12,0,3-partition-yes/12,classical,auto,8,false,,120,2,3,provable,proved,,ok,focus,MALL,179,24,0.308,72,9,40,501,0,0,2048,0.000,0.000,auto,30
family,3-partition-yes,12,0,3-partition-yes/12,classical,auto,16,false,,120,0,3,provable,proved,,ok,focus,MALL,179,24,0.540,83,12,46,560,0,0,2048,0.000,0.000,auto,30
family,3-partition-yes,12,0,3-partition-yes/12,classical,auto,16,false,,120,1,3,provable,proved,,ok,focus,MALL,179,24,0.580,57,4,26,383,0,0,2048,0.000,0.000,auto,30
family,3-partition-yes,12,0,3-partition-yes/12,classical,auto,16,false,,120,2,3,provable,proved,,ok,focus,MALL,179,24,0.512,68,7,47,493,0,0,2048,0.000,0.000,auto,30
family,3-partition-no,4,0,3-partition-no/4,classical,auto,1,false,,120,0,3,unprovable,unprovable,,,focus,MALL,99,8,0.365,923,713,210,2794,0,0,2048,0.000,0.000,auto,30
family,3-partition-no,4,0,3-partition-no/4,classical,auto,1,false,,120,1,3,unprovable,unprovable,,,focus,MALL,99,8,0.414,923,713,210,2794,0,0,2048,0.000,0.000,auto,30
family,3-partition-no,4,0,3-partition-no/4,classical,auto,1,false,,120,2,3,unprovable,unprovable,,,focus,MALL,99,8,0.395,923,713,210,2794,0,0,2048,0.000,0.000,auto,30
family,3-partition-no,4,0,3-partition-no/4,classical,auto,2,false,,120,0,3,unprovable,unprovable,,,focus,MALL,99,8,0.440,952,738,210,2866,0,0,2048,0.000,0.000,auto,30
family,3-partition-no,4,0,3-partition-no/4,classical,auto,2,false,,120,1,3,unprovable,unprovable,,,focus,MALL,99,8,0.400,946,732,210,2860,0,0,2048,0.000,0.000,auto,30
family,3-partition-no,4,0,3-partition-no/4,classical,auto,2,false,,120,2,3,unprovable,unprovable,,,focus,MALL,99,8,0.439,936,722,210,2839,0,0,2048,0.000,0.000,auto,30
family,3-partition-no,4,0,3-partition-no/4,classical,auto,4,false,,120,0,3,unprovable,unprovable,,,focus,MALL,99,8,0.342,1094,839,210,3334,0,0,2048,0.000,0.000,auto,30
family,3-partition-no,4,0,3-partition-no/4,classical,auto,4,false,,120,1,3,unprovable,unprovable,,,focus,MALL,99,8,0.378,1119,855,210,3403,0,0,2048,0.000,0.000,auto,30
family,3-partition-no,4,0,3-partition-no/4,classical,auto,4,false,,120,2,3,unprovable,unprovable,,,focus,MALL,99,8,0.322,1066,827,210,3192,0,0,2048,0.000,0.000,auto,30
family,3-partition-no,4,0,3-partition-no/4,classical,auto,8,false,,120,0,3,unprovable,unprovable,,,focus,MALL,99,8,0.448,1403,1079,210,4293,0,0,2048,0.000,0.000,auto,30
family,3-partition-no,4,0,3-partition-no/4,classical,auto,8,false,,120,1,3,unprovable,unprovable,,,focus,MALL,99,8,0.484,1297,1002,210,3926,0,0,2048,0.000,0.000,auto,30
family,3-partition-no,4,0,3-partition-no/4,classical,auto,8,false,,120,2,3,unprovable,unprovable,,,focus,MALL,99,8,0.467,1246,961,210,3794,0,0,2048,0.000,0.000,auto,30
family,3-partition-no,4,0,3-partition-no/4,classical,auto,16,false,,120,0,3,unprovable,unprovable,,,focus,MALL,99,8,0.765,1496,1162,210,4510,0,0,2048,0.000,0.000,auto,30
family,3-partition-no,4,0,3-partition-no/4,classical,auto,16,false,,120,1,3,unprovable,unprovable,,,focus,MALL,99,8,0.720,1393,1074,210,4206,0,0,2048,0.000,0.000,auto,30
family,3-partition-no,4,0,3-partition-no/4,classical,auto,16,false,,120,2,3,unprovable,unprovable,,,focus,MALL,99,8,0.576,1465,1136,210,4434,0,0,2048,0.000,0.000,auto,30
family,3-partition-no,5,0,3-partition-no/5,classical,auto,1,false,,120,0,3,unprovable,unprovable,,,focus,MALL,109,10,0.442,971,733,238,3294,0,0,2048,0.000,0.000,auto,30
family,3-partition-no,5,0,3-partition-no/5,classical,auto,1,false,,120,1,3,unprovable,unprovable,,,focus,MALL,109,10,0.470,971,733,238,3294,0,0,2048,0.000,0.000,auto,30
family,3-partition-no,5,0,3-partition-no/5,classical,auto,1,false,,120,2,3,unprovable,unprovable,,,focus,MALL,109,10,0.470,971,733,238,3294,0,0,2048,0.000,0.000,auto,30
family,3-partition-no,5,0,3-partition-no/5,classical,auto,2,false,,120,0,3,unprovable,unprovable,,,focus,MALL,109,10,0.489,971,733,238,3294,0,0,2048,0.000,0.000,auto,30
family,3-partition-no,5,0,3-partition-no/5,classical,auto,2,false,,120,1,3,unprovable,unprovable,,,focus,MALL,109,10,0.483,1005,762,238,3391,0,0,2048,0.000,0.000,auto,30
family,3-partition-no,5,0,3-partition-no/5,classical,auto,2,false,,120,2,3,unprovable,unprovable,,,focus,MALL,109,10,0.469,971,733,238,3294,0,0,2048,0.000,0.000,auto,30
family,3-partition-no,5,0,3-partition-no/5,classical,auto,4,false,,120,0,3,unprovable,unprovable,,,focus,MALL,109,10,0.353,1110,835,238,3797,0,0,2048,0.000,0.000,auto,30
family,3-partition-no,5,0,3-partition-no/5,classical,auto,4,false,,120,1,3,unprovable,unprovable,,,focus,MALL,109,10,0.354,1131,855,238,3850,0,0,2048,0.000,0.000,auto,30
family,3-partition-no,5,0,3-partition-no/5,classical,auto,4,false,,120,2,3,unprovable,unprovable,,,focus,MALL,109,10,0.369,1108,838,238,3765,0,0,2048,0.000,0.000,auto,30
family,3-partition-no,5,0,3-partition-no/5,classical,auto,8,false,,120,0,3,unprovable,unprovable,,,focus,MALL,109,10,0.760,1411,1066,238,4798,0,0,2048,0.000,0.000,auto,30
family,3-partition-no,5,0,3-partition-no/5,classical,auto,8,false,,120,1,3,unprovable,unprovable,,,focus,MALL,109,10,0.431,1407,1062,238,4814,0,0,2048,0.000,0.000,auto,30
family,3-partition-no,5,0,3-partition-no/5,classical,auto,8,false,,120,2,3,unprovable,unprovable,,,focus,MALL,109,10,0.426,1388,1049,238,4690,0,0,2048,0.000,0.000,auto,30
family,3-partition-no,5,0,3-partition-no/5,classical,auto,16,false,,120,0,3,unprovable,unprovable,,,focus,MALL,109,10,0.689,1490,1129,238,5121,0,0,2048,0.000,0.000,auto,30
family,3-partition-no,5,0,3-partition-no/5,classical,auto,16,false,,120,1,3,unprovable,unprovable,,,focus,MALL,109,10,0.759,1491,1133,238,5079,0,0,2048,0.000,0.000,auto,30
family,3-partition-no,5,0,3-partition-no/5,classical,auto,16,false,,120,2,3,unprovable,unprovable,,,focus,MALL,109,10,0.621,1433,1079,238,4900,0,0,2048,0.000,0.000,auto,30
family,partition-yes,5,0,partition-yes/5,classical,auto,1,false,,120,0,3,provable,proved,,ok,focus,MLL,126,12,0.095,30,7,23,157,0,0,2048,0.000,0.000,auto,30
family,partition-yes,5,0,partition-yes/5,classical,auto,1,false,,120,1,3,provable,proved,,ok,focus,MLL,126,12,0.097,30,7,23,157,0,0,2048,0.000,0.000,auto,30
family,partition-yes,5,0,partition-yes/5,classical,auto,1,false,,120,2,3,provable,proved,,ok,focus,MLL,126,12,0.103,30,7,23,157,0,0,2048,0.000,0.000,auto,30
family,partition-yes,5,0,partition-yes/5,classical,auto,2,false,,120,0,3,provable,proved,,ok,focus,MLL,126,12,0.207,79,17,24,297,0,0,2048,0.000,0.000,auto,30
family,partition-yes,5,0,partition-yes/5,classical,auto,2,false,,120,1,3,provable,proved,,ok,focus,MLL,126,12,0.217,81,17,24,318,0,0,2048,0.000,0.000,auto,30
family,partition-yes,5,0,partition-yes/5,classical,auto,2,false,,120,2,3,provable,proved,,ok,focus,MLL,126,12,0.195,81,18,24,307,0,0,2048,0.000,0.000,auto,30
family,partition-yes,5,0,partition-yes/5,classical,auto,4,false,,120,0,3,provable,proved,,ok,focus,MLL,126,12,0.240,196,64,52,858,0,0,2048,0.000,0.000,auto,30
family,partition-yes,5,0,partition-yes/5,classical,auto,4,false,,120,1,3,provable,proved,,ok,focus,MLL,126,12,0.260,158,51,47,693,0,0,2048,0.000,0.000,auto,30
family,partition-yes,5,0,partition-yes/5,classical,auto,4,false,,120,2,3,provable,proved,,ok,focus,MLL,126,12,0.265,102,24,30,384,0,0,2048,0.000,0.000,auto,30
family,partition-yes,5,0,partition-yes/5,classical,auto,8,false,,120,0,3,provable,proved,,ok,focus,MLL,126,12,0.359,220,60,56,823,0,0,2048,0.000,0.000,auto,30
family,partition-yes,5,0,partition-yes/5,classical,auto,8,false,,120,1,3,provable,proved,,ok,focus,MLL,126,12,0.399,234,67,77,909,0,0,2048,0.000,0.000,auto,30
family,partition-yes,5,0,partition-yes/5,classical,auto,8,false,,120,2,3,provable,proved,,ok,focus,MLL,126,12,0.474,256,81,81,1008,0,0,2048,0.000,0.000,auto,30
family,partition-yes,5,0,partition-yes/5,classical,auto,16,false,,120,0,3,provable,proved,,ok,focus,MLL,126,12,0.703,372,136,109,1272,0,0,2048,0.000,0.000,auto,30
family,partition-yes,5,0,partition-yes/5,classical,auto,16,false,,120,1,3,provable,proved,,ok,focus,MLL,126,12,0.752,344,106,89,1262,0,0,2048,0.000,0.000,auto,30
family,partition-yes,5,0,partition-yes/5,classical,auto,16,false,,120,2,3,provable,proved,,ok,focus,MLL,126,12,0.630,416,163,99,1659,0,0,2048,0.000,0.000,auto,30
family,partition-yes,6,0,partition-yes/6,classical,auto,1,false,,120,0,3,provable,proved,,ok,focus,MLL,164,16,0.170,93,42,51,542,0,0,2048,0.000,0.000,auto,30
family,partition-yes,6,0,partition-yes/6,classical,auto,1,false,,120,1,3,provable,proved,,ok,focus,MLL,164,16,0.167,93,42,51,542,0,0,2048,0.000,0.000,auto,30
family,partition-yes,6,0,partition-yes/6,classical,auto,1,false,,120,2,3,provable,proved,,ok,focus,MLL,164,16,0.156,93,42,51,542,0,0,2048,0.000,0.000,auto,30
family,partition-yes,6,0,partition-yes/6,classical,auto,2,false,,120,0,3,provable,proved,,ok,focus,MLL,164,16,0.279,213,89,52,1068,0,0,2048,0.000,0.000,auto,30
family,partition-yes,6,0,partition-yes/6,classical,auto,2,false,,120,1,3,provable,proved,,ok,focus,MLL,164,16,0.280,213,87,52,1085,0,0,2048,0.000,0.000,auto,30
family,partition-yes,6,0,partition-yes/6,classical,auto,2,false,,120,2,3,provable,proved,,ok,focus,MLL,164,16,0.307,213,87,52,1082,0,0,2048,0.000,0.000,auto,30
family,partition-yes,6,0,partition-yes/6,classical,auto,4,false,,120,0,3,provable,proved,,ok,focus,MLL,164,16,0.273,304,127,60,1537,0,0,2048,0.000,0.000,auto,30
family,partition-yes,6,0,partition-yes/6,classical,auto,4,false,,120,1,3,provable,proved,,ok,focus,MLL,164,16,0.295,301,124,60,1543,0,0,2048,0.000,0.000,auto,30
family,partition-yes,6,0,partition-yes/6,classical,auto,4,false,,120,2,3,provable,proved,,ok,focus,MLL,164,16,0.287,305,128,60,1539,0,0,2048,0.000,0.000,auto,30
family,partition-yes,6,0,partition-yes/6,classical,auto,8,false,,120,0,3,provable,proved,,ok,focus,MLL,164,16,0.431,470,200,115,2191,0,0,2048,0.000,0.000,auto,30
family,partition-yes,6,0,partition-yes/6,classical,auto,8,false,,120,1,3,provable,proved,,ok,focus,MLL,164,16,0.450,477,197,118,2256,0,0,2048,0.000,0.000,auto,30
family,partition-yes,6,0,partition-yes/6,classical,auto,8,false,,120,2,3,provable,proved,,ok,focus,MLL,164,16,0.498,495,214,126,2310,0,0,2048,0.000,0.000,auto,30
family,partition-yes,6,0,partition-yes/6,classical,auto,16,false,,120,0,3,provable,proved,,ok,focus,MLL,164,16,0.743,556,237,129,2375,0,0,2048,0.000,0.004,auto,30
family,partition-yes,6,0,partition-yes/6,classical,auto,16,false,,120,1,3,provable,proved,,ok,focus,MLL,164,16,0.696,719,320,139,3171,0,0,2048,0.000,0.000,auto,30
family,partition-yes,6,0,partition-yes/6,classical,auto,16,false,,120,2,3,provable,proved,,ok,focus,MLL,164,16,0.842,1041,514,249,4496,0,0,2048,0.000,0.000,auto,30
family,partition-yes,7,0,partition-yes/7,classical,auto,1,false,,120,0,3,provable,proved,,ok,focus,MLL,266,28,0.318,178,97,81,1097,0,0,2048,0.000,0.000,auto,30
family,partition-yes,7,0,partition-yes/7,classical,auto,1,false,,120,1,3,provable,proved,,ok,focus,MLL,266,28,0.324,178,97,81,1097,0,0,2048,0.000,0.000,auto,30
family,partition-yes,7,0,partition-yes/7,classical,auto,1,false,,120,2,3,provable,proved,,ok,focus,MLL,266,28,0.261,178,97,81,1097,0,0,2048,0.000,0.000,auto,30
family,partition-yes,7,0,partition-yes/7,classical,auto,2,false,,120,0,3,provable,proved,,ok,focus,MLL,266,28,0.447,384,195,82,2143,0,0,2048,0.000,0.000,auto,30
family,partition-yes,7,0,partition-yes/7,classical,auto,2,false,,120,1,3,provable,proved,,ok,focus,MLL,266,28,0.429,389,195,82,2229,0,0,2048,0.000,0.000,auto,30
family,partition-yes,7,0,partition-yes/7,classical,auto,2,false,,120,2,3,provable,proved,,ok,focus,MLL,266,28,0.453,387,196,82,2183,0,0,2048,0.000,0.000,auto,30
family,partition-yes,7,0,partition-yes/7,classical,auto,4,false,,120,0,3,provable,proved,,ok,focus,MLL,266,28,0.656,710,376,122,3891,0,0,2048,0.000,0.000,auto,30
family,partition-yes,7,0,partition-yes/7,classical,auto,4,false,,120,1,3,provable,proved,,ok,focus,MLL,266,28,0.498,758,394,137,4297,0,0,2048,0.000,0.000,auto,30
family,partition-yes,7,0,partition-yes/7,classical,auto,4,false,,120,2,3,provable,proved,,ok,focus,MLL,266,28,0.475,761,395,137,4328,0,0,2048,0.000,0.000,auto,30
family,partition-yes,7,0,partition-yes/7,classical,auto,8,false,,120,0,3,provable,proved,,ok,focus,MLL,266,28,0.615,833,447,134,3926,0,0,2048,0.000,0.000,auto,30
family,partition-yes,7,0,partition-yes/7,classical,auto,8,false,,120,1,3,provable,proved,,ok,focus,MLL,266,28,0.669,1015,570,170,5153,0,0,2048,0.000,0.000,auto,30
family,partition-yes,7,0,partition-yes/7,classical,auto,8,false,,120,2,3,provable,proved,,ok,focus,MLL,266,28,0.638,942,519,166,4535,0,0,2048,0.000,0.000,auto,30
family,partition-yes,7,0,partition-yes/7,classical,auto,16,false,,120,0,3,provable,proved,,ok,focus,MLL,266,28,0.899,1636,966,193,7448,0,0,2048,0.000,0.000,auto,30
family,partition-yes,7,0,partition-yes/7,classical,auto,16,false,,120,1,3,provable,proved,,ok,focus,MLL,266,28,0.849,1387,777,231,6722,0,0,2048,0.000,0.000,auto,30
family,partition-yes,7,0,partition-yes/7,classical,auto,16,false,,120,2,3,provable,proved,,ok,focus,MLL,266,28,0.739,1100,566,144,5582,0,0,2048,0.000,0.002,auto,30
family,partition-yes,20,0,partition-yes/20,classical,auto,1,false,,120,0,3,provable,proved,,ok,focus,MLL,1464,168,529.871,317300,267393,49907,2809991,0,0,2048,520.000,0.068,auto,30
family,partition-yes,20,0,partition-yes/20,classical,auto,1,false,,120,1,3,provable,proved,,ok,focus,MLL,1464,168,537.043,317300,267393,49907,2809991,0,0,2048,530.000,0.034,auto,30
family,partition-yes,20,0,partition-yes/20,classical,auto,1,false,,120,2,3,provable,proved,,ok,focus,MLL,1464,168,535.519,317300,267393,49907,2809991,0,0,2048,520.000,0.890,auto,30
family,partition-yes,20,0,partition-yes/20,classical,auto,2,false,,120,0,3,provable,proved,,ok,focus,MLL,1464,168,584.509,630943,531886,49908,5568111,0,0,2048,1150.000,0.144,auto,30
family,partition-yes,20,0,partition-yes/20,classical,auto,2,false,,120,1,3,provable,proved,,ok,focus,MLL,1464,168,590.248,620609,523363,49908,5449563,0,0,2048,1160.000,0.166,auto,30
family,partition-yes,20,0,partition-yes/20,classical,auto,2,false,,120,2,3,provable,proved,,ok,focus,MLL,1464,168,586.355,625259,527271,49908,5501592,0,0,2048,1150.000,0.222,auto,30
family,partition-yes,20,0,partition-yes/20,classical,auto,4,false,,120,0,3,provable,proved,,ok,focus,MLL,1464,168,607.934,1231975,1039069,49913,10811832,0,0,2048,2350.000,0.054,auto,30
family,partition-yes,20,0,partition-yes/20,classical,auto,4,false,,120,1,3,provable,proved,,ok,focus,MLL,1464,168,608.391,1249761,1053378,49913,11035842,0,0,2048,2340.000,0.053,auto,30
family,partition-yes,20,0,partition-yes/20,classical,auto,4,false,,120,2,3,provable,proved,,ok,focus,MLL,1464,168,608.004,1247235,1051293,49913,11005814,0,0,2048,2340.000,0.016,auto,30
family,partition-yes,20,0,partition-yes/20,classical,auto,8,false,,120,0,3,provable,proved,,ok,focus,MLL,1464,168,638.405,2281457,1933357,49925,19203579,0,0,2048,4900.000,0.095,auto,30
family,partition-yes,20,0,partition-yes/20,classical,auto,8,false,,120,1,3,provable,proved,,ok,focus,MLL,1464,168,634.922,2272549,1926049,49935,19103739,0,0,2048,4870.000,0.069,auto,30
family,partition-yes,20,0,partition-yes/20,classical,auto,8,false,,120,2,3,provable,proved,,ok,focus,MLL,1464,168,627.044,2261353,1917746,49929,18940961,0,0,2048,4810.000,0.076,auto,30
family,partition-yes,20,0,partition-yes/20,classical,auto,16,false,,120,0,3,provable,proved,,ok,focus,MLL,1464,168,653.467,3812383,3261360,49958,29433908,0,0,2048,9330.000,14.221,auto,30
family,partition-yes,20,0,partition-yes/20,classical,auto,16,false,,120,1,3,provable,proved,,ok,focus,MLL,1464,168,408.598,2212068,1873454,39955,17505007,0,0,2048,5540.000,8.842,auto,30
family,partition-yes,20,0,partition-yes/20,classical,auto,16,false,,120,2,3,provable,proved,,ok,focus,MLL,1464,168,650.974,3810227,3257986,49943,29568208,0,0,2048,9250.000,17.105,auto,30
family,partition-yes,24,0,partition-yes/24,classical,auto,1,false,,120,0,3,provable,proved,,ok,focus,MLL,2560,302,105534.220,38229198,33519278,1048576,384265146,0,0,2048,105290.000,32.131,auto,30
family,partition-yes,24,0,partition-yes/24,classical,auto,2,false,,120,0,3,provable,unknown,timeout,,focus,MLL,2560,302,120263.215,76208098,66822363,1048576,765399544,0,0,2048,237680.000,16.413,auto,30
family,partition-yes,24,0,partition-yes/24,classical,auto,4,false,,120,0,3,provable,unknown,timeout,,focus,MLL,2560,302,120170.818,142868552,125271009,1048576,1429158551,0,0,2048,461010.000,18.503,auto,30
family,partition-yes,24,0,partition-yes/24,classical,auto,8,false,,120,0,3,provable,unknown,timeout,,focus,MLL,2560,302,120346.948,249240028,219103708,1048576,2423553405,0,0,2048,930010.000,18.296,auto,30
family,partition-yes,24,0,partition-yes/24,classical,auto,16,false,,120,0,3,provable,unknown,timeout,,focus,MLL,2560,302,120291.329,398995203,352106579,1048576,3682708805,0,0,2048,1736820.000,4031.070,auto,30
family,partition-no,4,0,partition-no/4,classical,auto,1,false,,120,0,3,unprovable,unprovable,,,focus,MLL,104,10,0.188,217,136,81,939,0,0,2048,0.000,0.000,auto,30
family,partition-no,4,0,partition-no/4,classical,auto,1,false,,120,1,3,unprovable,unprovable,,,focus,MLL,104,10,0.170,217,136,81,939,0,0,2048,0.000,0.000,auto,30
family,partition-no,4,0,partition-no/4,classical,auto,1,false,,120,2,3,unprovable,unprovable,,,focus,MLL,104,10,0.164,217,136,81,939,0,0,2048,0.000,0.000,auto,30
family,partition-no,4,0,partition-no/4,classical,auto,2,false,,120,0,3,unprovable,unprovable,,,focus,MLL,104,10,0.292,233,142,81,1037,0,0,2048,0.000,0.000,auto,30
family,partition-no,4,0,partition-no/4,classical,auto,2,false,,120,1,3,unprovable,unprovable,,,focus,MLL,104,10,0.272,229,139,81,1028,0,0,2048,0.000,0.000,auto,30
family,partition-no,4,0,partition-no/4,classical,auto,2,false,,120,2,3,unprovable,unprovable,,,focus,MLL,104,10,0.272,231,142,81,1027,0,0,2048,0.000,0.000,auto,30
family,partition-no,4,0,partition-no/4,classical,auto,4,false,,120,0,3,unprovable,unprovable,,,focus,MLL,104,10,0.266,267,161,81,1196,0,0,2048,0.000,0.000,auto,30
family,partition-no,4,0,partition-no/4,classical,auto,4,false,,120,1,3,unprovable,unprovable,,,focus,MLL,104,10,0.242,253,151,81,1153,0,0,2048,0.000,0.000,auto,30
family,partition-no,4,0,partition-no/4,classical,auto,4,false,,120,2,3,unprovable,unprovable,,,focus,MLL,104,10,0.232,261,158,81,1166,0,0,2048,0.000,0.000,auto,30
family,partition-no,4,0,partition-no/4,classical,auto,8,false,,120,0,3,unprovable,unprovable,,,focus,MLL,104,10,0.314,269,163,81,1194,0,0,2048,0.000,0.000,auto,30
family,partition-no,4,0,partition-no/4,classical,auto,8,false,,120,1,3,unprovable,unprovable,,,focus,MLL,104,10,0.392,255,155,81,1132,0,0,2048,0.000,0.000,auto,30
family,partition-no,4,0,partition-no/4,classical,auto,8,false,,120,2,3,unprovable,unprovable,,,focus,MLL,104,10,0.400,271,163,81,1213,0,0,2048,0.000,0.000,auto,30
family,partition-no,4,0,partition-no/4,classical,auto,16,false,,120,0,3,unprovable,unprovable,,,focus,MLL,104,10,0.608,305,184,81,1348,0,0,2048,0.000,0.000,auto,30
family,partition-no,4,0,partition-no/4,classical,auto,16,false,,120,1,3,unprovable,unprovable,,,focus,MLL,104,10,0.734,325,192,81,1530,0,0,2048,0.000,0.000,auto,30
family,partition-no,4,0,partition-no/4,classical,auto,16,false,,120,2,3,unprovable,unprovable,,,focus,MLL,104,10,0.721,319,190,81,1467,0,0,2048,0.000,0.000,auto,30
family,partition-no,5,0,partition-no/5,classical,auto,1,false,,120,0,3,unprovable,unprovable,,,focus,MLL,206,22,0.620,811,568,243,4161,0,0,2048,0.000,0.000,auto,30
family,partition-no,5,0,partition-no/5,classical,auto,1,false,,120,1,3,unprovable,unprovable,,,focus,MLL,206,22,0.602,811,568,243,4161,0,0,2048,0.000,0.000,auto,30
family,partition-no,5,0,partition-no/5,classical,auto,1,false,,120,2,3,unprovable,unprovable,,,focus,MLL,206,22,0.604,811,568,243,4161,0,0,2048,0.000,0.000,auto,30
family,partition-no,5,0,partition-no/5,classical,auto,2,false,,120,0,3,unprovable,unprovable,,,focus,MLL,206,22,0.683,861,596,243,4475,0,0,2048,0.000,0.000,auto,30
family,partition-no,5,0,partition-no/5,classical,auto,2,false,,120,1,3,unprovable,unprovable,,,focus,MLL,206,22,0.681,865,598,243,4494,0,0,2048,0.000,0.000,auto,30
family,partition-no,5,0,partition-no/5,classical,auto,2,false,,120,2,3,unprovable,unprovable,,,focus,MLL,206,22,0.673,869,600,243,4523,0,0,2048,0.000,0.000,auto,30
family,partition-no,5,0,partition-no/5,classical,auto,4,false,,120,0,3,unprovable,unprovable,,,focus,MLL,206,22,0.534,997,684,243,5222,0,0,2048,0.000,0.000,auto,30
family,partition-no,5,0,partition-no/5,classical,auto,4,false,,120,1,3,unprovable,unprovable,,,focus,MLL,206,22,0.518,1021,709,243,5177,0,0,2048,0.000,0.000,auto,30
family,partition-no,5,0,partition-no/5,classical,auto,4,false,,120,2,3,unprovable,unprovable,,,focus,MLL,206,22,0.500,999,686,243,5237,0,0,2048,0.000,0.000,auto,30
family,partition-no,5,0,partition-no/5,classical,auto,8,false,,120,0,3,unprovable,unprovable,,,focus,MLL,206,22,0.493,1145,793,243,5875,0,0,2048,0.000,0.000,auto,30
family,partition-no,5,0,partition-no/5,classical,auto,8,false,,120,1,3,unprovable,unprovable,,,focus,MLL,206,22,0.501,1151,804,243,5806,0,0,2048,0.000,0.000,auto,30
family,partition-no,5,0,partition-no/5,classical,auto,8,false,,120,2,3,unprovable,unprovable,,,focus,MLL,206,22,0.562,1033,715,243,5302,0,0,2048,0.000,0.000,auto,30
family,partition-no,5,0,partition-no/5,classical,auto,16,false,,120,0,3,unprovable,unprovable,,,focus,MLL,206,22,0.854,1295,887,243,6739,0,0,2048,0.000,0.000,auto,30
family,partition-no,5,0,partition-no/5,classical,auto,16,false,,120,1,3,unprovable,unprovable,,,focus,MLL,206,22,0.840,1173,810,243,6115,0,0,2048,0.000,0.000,auto,30
family,partition-no,5,0,partition-no/5,classical,auto,16,false,,120,2,3,unprovable,unprovable,,,focus,MLL,206,22,0.761,1285,898,243,6665,0,0,2048,0.000,0.000,auto,30
family,partition-no,12,0,partition-no/12,classical,auto,1,false,,120,0,3,unprovable,unprovable,,,focus,MLL,824,94,4010.938,4251529,3720088,531441,27622808,0,0,2048,3990.000,10.245,auto,30
family,partition-no,12,0,partition-no/12,classical,auto,2,false,,120,0,3,unprovable,unprovable,,,focus,MLL,824,94,2833.654,4639645,4050426,531441,30344639,0,0,2048,5350.000,0.262,auto,30
family,partition-no,12,0,partition-no/12,classical,auto,4,false,,120,0,3,unprovable,unprovable,,,focus,MLL,824,94,1728.565,5200981,4536667,531441,33880728,0,0,2048,6170.000,0.218,auto,30
family,partition-no,12,0,partition-no/12,classical,auto,4,false,,120,1,3,unprovable,unprovable,,,focus,MLL,824,94,1754.876,5199631,4533754,531441,33892537,0,0,2048,6200.000,0.204,auto,30
family,partition-no,12,0,partition-no/12,classical,auto,4,false,,120,2,3,unprovable,unprovable,,,focus,MLL,824,94,1720.600,5159919,4498589,531441,33692760,0,0,2048,6130.000,0.239,auto,30
family,partition-no,12,0,partition-no/12,classical,auto,8,false,,120,0,3,unprovable,unprovable,,,focus,MLL,824,94,1205.490,5864971,5130837,531441,37663855,0,0,2048,7910.000,0.157,auto,30
family,partition-no,12,0,partition-no/12,classical,auto,8,false,,120,1,3,unprovable,unprovable,,,focus,MLL,824,94,1147.255,5511943,4818761,531441,35575671,0,0,2048,7520.000,0.182,auto,30
family,partition-no,12,0,partition-no/12,classical,auto,8,false,,120,2,3,unprovable,unprovable,,,focus,MLL,824,94,1196.813,5842807,5111789,531441,37473799,0,0,2048,7880.000,0.146,auto,30
family,partition-no,12,0,partition-no/12,classical,auto,16,false,,120,0,3,unprovable,unprovable,,,focus,MLL,824,94,847.641,5992967,5258287,531441,37719313,0,0,2048,9600.000,25.923,auto,30
family,partition-no,12,0,partition-no/12,classical,auto,16,false,,120,1,3,unprovable,unprovable,,,focus,MLL,824,94,837.169,5896681,5163111,531441,37508913,0,0,2048,9500.000,29.586,auto,30
family,partition-no,12,0,partition-no/12,classical,auto,16,false,,120,2,3,unprovable,unprovable,,,focus,MLL,824,94,858.044,6194497,5422274,531441,39129692,0,0,2048,9950.000,33.915,auto,30
family,partition-no,14,0,partition-no/14,classical,auto,1,false,,120,0,3,unprovable,unknown,timeout,,focus,MLL,1140,132,120105.820,105229184,92270731,1048576,863526100,0,0,2048,119840.000,36.071,auto,30
family,partition-no,14,0,partition-no/14,classical,auto,2,false,,120,0,3,unprovable,unknown,timeout,,focus,MLL,1140,132,120269.528,167140730,146014667,1048576,1477527573,0,0,2048,234590.000,16.871,auto,30
family,partition-no,14,0,partition-no/14,classical,auto,4,false,,120,0,3,unprovable,unknown,timeout,,focus,MLL,1140,132,120104.972,293234828,255053050,1048576,2731141932,0,0,2048,445810.000,17.788,auto,30
family,partition-no,14,0,partition-no/14,classical,auto,8,false,,120,0,3,unprovable,unknown,timeout,,focus,MLL,1140,132,120192.043,471025153,409392632,1048576,4139992108,0,0,2048,836500.000,16.750,auto,30
family,partition-no,14,0,partition-no/14,classical,auto,16,false,,120,0,3,unprovable,unknown,timeout,,focus,MLL,1140,132,120212.681,661915883,572316777,1048576,5504435129,0,0,2048,1437390.000,7167.074,auto,30
family,qbf,16,0,qbf/16#0,classical,auto,1,false,,120,0,3,provable,proved,,ok,focus,MALL,399,9,13.689,14615,0,14615,22146,0,0,2048,10.000,0.006,auto,30
family,qbf,16,0,qbf/16#0,classical,auto,1,false,,120,1,3,provable,proved,,ok,focus,MALL,399,9,12.195,14615,0,14615,22146,0,0,2048,10.000,0.000,auto,30
family,qbf,16,0,qbf/16#0,classical,auto,1,false,,120,2,3,provable,proved,,ok,focus,MALL,399,9,13.123,14615,0,14615,22146,0,0,2048,10.000,0.000,auto,30
family,qbf,16,0,qbf/16#0,classical,auto,2,false,,120,0,3,provable,proved,,ok,focus,MALL,399,9,14.951,14615,0,14615,22146,0,0,2048,10.000,0.003,auto,30
family,qbf,16,0,qbf/16#0,classical,auto,2,false,,120,1,3,provable,proved,,ok,focus,MALL,399,9,14.661,14615,0,14615,22146,0,0,2048,10.000,0.000,auto,30
family,qbf,16,0,qbf/16#0,classical,auto,2,false,,120,2,3,provable,proved,,ok,focus,MALL,399,9,14.207,14615,0,14615,22146,0,0,2048,10.000,0.000,auto,30
family,qbf,16,0,qbf/16#0,classical,auto,4,false,,120,0,3,provable,proved,,ok,focus,MALL,399,9,14.271,14615,0,14615,22146,0,0,2048,10.000,0.000,auto,30
family,qbf,16,0,qbf/16#0,classical,auto,4,false,,120,1,3,provable,proved,,ok,focus,MALL,399,9,14.457,14615,0,14615,22146,0,0,2048,10.000,0.000,auto,30
family,qbf,16,0,qbf/16#0,classical,auto,4,false,,120,2,3,provable,proved,,ok,focus,MALL,399,9,14.053,14615,0,14615,22146,0,0,2048,10.000,0.000,auto,30
family,qbf,16,0,qbf/16#0,classical,auto,8,false,,120,0,3,provable,proved,,ok,focus,MALL,399,9,13.721,14615,0,14615,22146,0,0,2048,10.000,0.000,auto,30
family,qbf,16,0,qbf/16#0,classical,auto,8,false,,120,1,3,provable,proved,,ok,focus,MALL,399,9,14.045,14615,0,14615,22146,0,0,2048,10.000,0.000,auto,30
family,qbf,16,0,qbf/16#0,classical,auto,8,false,,120,2,3,provable,proved,,ok,focus,MALL,399,9,15.257,14615,0,14615,22146,0,0,2048,10.000,0.000,auto,30
family,qbf,16,0,qbf/16#0,classical,auto,16,false,,120,0,3,provable,proved,,ok,focus,MALL,399,9,15.214,14615,0,14615,22146,0,0,2048,10.000,0.000,auto,30
family,qbf,16,0,qbf/16#0,classical,auto,16,false,,120,1,3,provable,proved,,ok,focus,MALL,399,9,14.879,14615,0,14615,22146,0,0,2048,10.000,0.002,auto,30
family,qbf,16,0,qbf/16#0,classical,auto,16,false,,120,2,3,provable,proved,,ok,focus,MALL,399,9,14.384,14615,0,14615,22146,0,0,2048,10.000,0.003,auto,30
family,qbf,16,1,qbf/16#1,classical,auto,1,false,,120,0,3,unprovable,unprovable,,,focus,MALL,399,7,1.870,2502,0,2502,4090,0,0,2048,0.000,0.000,auto,30
family,qbf,16,1,qbf/16#1,classical,auto,1,false,,120,1,3,unprovable,unprovable,,,focus,MALL,399,7,1.866,2502,0,2502,4090,0,0,2048,0.000,0.000,auto,30
family,qbf,16,1,qbf/16#1,classical,auto,1,false,,120,2,3,unprovable,unprovable,,,focus,MALL,399,7,1.927,2502,0,2502,4090,0,0,2048,0.000,0.000,auto,30
family,qbf,16,1,qbf/16#1,classical,auto,2,false,,120,0,3,unprovable,unprovable,,,focus,MALL,399,7,2.085,2502,0,2502,4090,0,0,2048,0.000,0.000,auto,30
family,qbf,16,1,qbf/16#1,classical,auto,2,false,,120,1,3,unprovable,unprovable,,,focus,MALL,399,7,2.166,2502,0,2502,4090,0,0,2048,0.000,0.000,auto,30
family,qbf,16,1,qbf/16#1,classical,auto,2,false,,120,2,3,unprovable,unprovable,,,focus,MALL,399,7,2.048,2502,0,2502,4090,0,0,2048,0.000,0.000,auto,30
family,qbf,16,1,qbf/16#1,classical,auto,4,false,,120,0,3,unprovable,unprovable,,,focus,MALL,399,7,1.996,2502,0,2502,4090,0,0,2048,0.000,0.000,auto,30
family,qbf,16,1,qbf/16#1,classical,auto,4,false,,120,1,3,unprovable,unprovable,,,focus,MALL,399,7,1.655,2502,0,2502,4090,0,0,2048,0.000,0.000,auto,30
family,qbf,16,1,qbf/16#1,classical,auto,4,false,,120,2,3,unprovable,unprovable,,,focus,MALL,399,7,1.709,2502,0,2502,4090,0,0,2048,0.000,0.000,auto,30
family,qbf,16,1,qbf/16#1,classical,auto,8,false,,120,0,3,unprovable,unprovable,,,focus,MALL,399,7,1.696,2502,0,2502,4090,0,0,2048,0.000,0.000,auto,30
family,qbf,16,1,qbf/16#1,classical,auto,8,false,,120,1,3,unprovable,unprovable,,,focus,MALL,399,7,1.874,2502,0,2502,4090,0,0,2048,0.000,0.000,auto,30
family,qbf,16,1,qbf/16#1,classical,auto,8,false,,120,2,3,unprovable,unprovable,,,focus,MALL,399,7,2.160,2502,0,2502,4090,0,0,2048,0.000,0.000,auto,30
family,qbf,16,1,qbf/16#1,classical,auto,16,false,,120,0,3,unprovable,unprovable,,,focus,MALL,399,7,2.430,2502,0,2502,4090,0,0,2048,0.000,0.000,auto,30
family,qbf,16,1,qbf/16#1,classical,auto,16,false,,120,1,3,unprovable,unprovable,,,focus,MALL,399,7,2.149,2502,0,2502,4090,0,0,2048,0.000,0.000,auto,30
family,qbf,16,1,qbf/16#1,classical,auto,16,false,,120,2,3,unprovable,unprovable,,,focus,MALL,399,7,3.306,2502,0,2502,4090,0,0,2048,0.000,0.000,auto,30
family,qbf,16,2,qbf/16#2,classical,auto,1,false,,120,0,3,unprovable,unprovable,,,focus,MALL,399,6,3.295,3975,0,3975,6214,0,0,2048,0.000,0.000,auto,30
family,qbf,16,2,qbf/16#2,classical,auto,1,false,,120,1,3,unprovable,unprovable,,,focus,MALL,399,6,3.486,3975,0,3975,6214,0,0,2048,0.000,0.191,auto,30
family,qbf,16,2,qbf/16#2,classical,auto,1,false,,120,2,3,unprovable,unprovable,,,focus,MALL,399,6,3.032,3975,0,3975,6214,0,0,2048,0.000,0.000,auto,30
family,qbf,16,2,qbf/16#2,classical,auto,2,false,,120,0,3,unprovable,unprovable,,,focus,MALL,399,6,3.517,3975,0,3975,6214,0,0,2048,0.000,0.000,auto,30
family,qbf,16,2,qbf/16#2,classical,auto,2,false,,120,1,3,unprovable,unprovable,,,focus,MALL,399,6,3.657,3975,0,3975,6214,0,0,2048,0.000,0.000,auto,30
family,qbf,16,2,qbf/16#2,classical,auto,2,false,,120,2,3,unprovable,unprovable,,,focus,MALL,399,6,3.588,3975,0,3975,6214,0,0,2048,0.000,0.001,auto,30
family,qbf,16,2,qbf/16#2,classical,auto,4,false,,120,0,3,unprovable,unprovable,,,focus,MALL,399,6,3.685,3975,0,3975,6214,0,0,2048,0.000,0.000,auto,30
family,qbf,16,2,qbf/16#2,classical,auto,4,false,,120,1,3,unprovable,unprovable,,,focus,MALL,399,6,3.100,3975,0,3975,6214,0,0,2048,0.000,0.000,auto,30
family,qbf,16,2,qbf/16#2,classical,auto,4,false,,120,2,3,unprovable,unprovable,,,focus,MALL,399,6,3.725,3975,0,3975,6214,0,0,2048,0.000,0.000,auto,30
family,qbf,16,2,qbf/16#2,classical,auto,8,false,,120,0,3,unprovable,unprovable,,,focus,MALL,399,6,4.827,3975,0,3975,6214,0,0,2048,0.000,0.000,auto,30
family,qbf,16,2,qbf/16#2,classical,auto,8,false,,120,1,3,unprovable,unprovable,,,focus,MALL,399,6,3.132,3975,0,3975,6214,0,0,2048,0.000,0.000,auto,30
family,qbf,16,2,qbf/16#2,classical,auto,8,false,,120,2,3,unprovable,unprovable,,,focus,MALL,399,6,3.254,3975,0,3975,6214,0,0,2048,0.000,0.000,auto,30
family,qbf,16,2,qbf/16#2,classical,auto,16,false,,120,0,3,unprovable,unprovable,,,focus,MALL,399,6,3.486,3975,0,3975,6214,0,0,2048,0.000,0.000,auto,30
family,qbf,16,2,qbf/16#2,classical,auto,16,false,,120,1,3,unprovable,unprovable,,,focus,MALL,399,6,3.412,3975,0,3975,6214,0,0,2048,0.000,0.000,auto,30
family,qbf,16,2,qbf/16#2,classical,auto,16,false,,120,2,3,unprovable,unprovable,,,focus,MALL,399,6,3.394,3975,0,3975,6214,0,0,2048,0.000,0.000,auto,30
family,qbf,16,3,qbf/16#3,classical,auto,1,false,,120,0,3,provable,proved,,ok,focus,MALL,399,8,10.163,12420,0,12420,19728,0,0,2048,0.000,0.008,auto,30
family,qbf,16,3,qbf/16#3,classical,auto,1,false,,120,1,3,provable,proved,,ok,focus,MALL,399,8,10.344,12420,0,12420,19728,0,0,2048,0.000,0.000,auto,30
family,qbf,16,3,qbf/16#3,classical,auto,1,false,,120,2,3,provable,proved,,ok,focus,MALL,399,8,10.498,12420,0,12420,19728,0,0,2048,10.000,0.011,auto,30
family,qbf,16,3,qbf/16#3,classical,auto,2,false,,120,0,3,provable,proved,,ok,focus,MALL,399,8,12.433,12420,0,12420,19728,0,0,2048,10.000,0.000,auto,30
family,qbf,16,3,qbf/16#3,classical,auto,2,false,,120,1,3,provable,proved,,ok,focus,MALL,399,8,12.026,12420,0,12420,19728,0,0,2048,10.000,0.000,auto,30
family,qbf,16,3,qbf/16#3,classical,auto,2,false,,120,2,3,provable,proved,,ok,focus,MALL,399,8,12.253,12420,0,12420,19728,0,0,2048,10.000,0.000,auto,30
family,qbf,16,3,qbf/16#3,classical,auto,4,false,,120,0,3,provable,proved,,ok,focus,MALL,399,8,12.287,12420,0,12420,19728,0,0,2048,0.000,0.010,auto,30
family,qbf,16,3,qbf/16#3,classical,auto,4,false,,120,1,3,provable,proved,,ok,focus,MALL,399,8,13.064,12420,0,12420,19728,0,0,2048,10.000,0.000,auto,30
family,qbf,16,3,qbf/16#3,classical,auto,4,false,,120,2,3,provable,proved,,ok,focus,MALL,399,8,12.160,12420,0,12420,19728,0,0,2048,10.000,0.007,auto,30
family,qbf,16,3,qbf/16#3,classical,auto,8,false,,120,0,3,provable,proved,,ok,focus,MALL,399,8,11.931,12420,0,12420,19728,0,0,2048,10.000,0.000,auto,30
family,qbf,16,3,qbf/16#3,classical,auto,8,false,,120,1,3,provable,proved,,ok,focus,MALL,399,8,12.624,12420,0,12420,19728,0,0,2048,10.000,0.000,auto,30
family,qbf,16,3,qbf/16#3,classical,auto,8,false,,120,2,3,provable,proved,,ok,focus,MALL,399,8,12.704,12420,0,12420,19728,0,0,2048,10.000,0.000,auto,30
family,qbf,16,3,qbf/16#3,classical,auto,16,false,,120,0,3,provable,proved,,ok,focus,MALL,399,8,13.421,12420,0,12420,19728,0,0,2048,10.000,0.006,auto,30
family,qbf,16,3,qbf/16#3,classical,auto,16,false,,120,1,3,provable,proved,,ok,focus,MALL,399,8,12.907,12420,0,12420,19728,0,0,2048,10.000,0.000,auto,30
family,qbf,16,3,qbf/16#3,classical,auto,16,false,,120,2,3,provable,proved,,ok,focus,MALL,399,8,13.206,12420,0,12420,19728,0,0,2048,10.000,0.475,auto,30
family,qbf,20,0,qbf/20#0,classical,auto,1,false,,120,0,3,unprovable,unprovable,,,focus,MALL,499,8,9.287,11161,0,11161,17161,0,0,2048,0.000,0.000,auto,30
family,qbf,20,0,qbf/20#0,classical,auto,1,false,,120,1,3,unprovable,unprovable,,,focus,MALL,499,8,9.991,11161,0,11161,17161,0,0,2048,0.000,0.000,auto,30
family,qbf,20,0,qbf/20#0,classical,auto,1,false,,120,2,3,unprovable,unprovable,,,focus,MALL,499,8,9.355,11161,0,11161,17161,0,0,2048,0.000,0.000,auto,30
family,qbf,20,0,qbf/20#0,classical,auto,2,false,,120,0,3,unprovable,unprovable,,,focus,MALL,499,8,8.995,11161,0,11161,17161,0,0,2048,10.000,0.000,auto,30
family,qbf,20,0,qbf/20#0,classical,auto,2,false,,120,1,3,unprovable,unprovable,,,focus,MALL,499,8,8.897,11161,0,11161,17161,0,0,2048,10.000,0.000,auto,30
family,qbf,20,0,qbf/20#0,classical,auto,2,false,,120,2,3,unprovable,unprovable,,,focus,MALL,499,8,9.431,11161,0,11161,17161,0,0,2048,10.000,0.000,auto,30
family,qbf,20,0,qbf/20#0,classical,auto,4,false,,120,0,3,unprovable,unprovable,,,focus,MALL,499,8,8.745,11161,0,11161,17161,0,0,2048,10.000,0.000,auto,30
family,qbf,20,0,qbf/20#0,classical,auto,4,false,,120,1,3,unprovable,unprovable,,,focus,MALL,499,8,7.156,11161,0,11161,17161,0,0,2048,10.000,0.000,auto,30
family,qbf,20,0,qbf/20#0,classical,auto,4,false,,120,2,3,unprovable,unprovable,,,focus,MALL,499,8,9.064,11161,0,11161,17161,0,0,2048,10.000,0.000,auto,30
family,qbf,20,0,qbf/20#0,classical,auto,8,false,,120,0,3,unprovable,unprovable,,,focus,MALL,499,8,9.018,11161,0,11161,17161,0,0,2048,10.000,0.000,auto,30
family,qbf,20,0,qbf/20#0,classical,auto,8,false,,120,1,3,unprovable,unprovable,,,focus,MALL,499,8,8.582,11161,0,11161,17161,0,0,2048,10.000,0.003,auto,30
family,qbf,20,0,qbf/20#0,classical,auto,8,false,,120,2,3,unprovable,unprovable,,,focus,MALL,499,8,8.307,11161,0,11161,17161,0,0,2048,10.000,0.000,auto,30
family,qbf,20,0,qbf/20#0,classical,auto,16,false,,120,0,3,unprovable,unprovable,,,focus,MALL,499,8,7.560,11161,0,11161,17161,0,0,2048,10.000,0.000,auto,30
family,qbf,20,0,qbf/20#0,classical,auto,16,false,,120,1,3,unprovable,unprovable,,,focus,MALL,499,8,9.219,11161,0,11161,17161,0,0,2048,10.000,0.000,auto,30
family,qbf,20,0,qbf/20#0,classical,auto,16,false,,120,2,3,unprovable,unprovable,,,focus,MALL,499,8,7.802,11161,0,11161,17161,0,0,2048,10.000,0.000,auto,30
family,qbf,20,1,qbf/20#1,classical,auto,1,false,,120,0,3,unprovable,unprovable,,,focus,MALL,499,6,16.067,17781,0,17781,26685,0,0,2048,10.000,0.009,auto,30
family,qbf,20,1,qbf/20#1,classical,auto,1,false,,120,1,3,unprovable,unprovable,,,focus,MALL,499,6,16.499,17781,0,17781,26685,0,0,2048,10.000,0.012,auto,30
family,qbf,20,1,qbf/20#1,classical,auto,1,false,,120,2,3,unprovable,unprovable,,,focus,MALL,499,6,16.053,17781,0,17781,26685,0,0,2048,10.000,0.000,auto,30
family,qbf,20,1,qbf/20#1,classical,auto,2,false,,120,0,3,unprovable,unprovable,,,focus,MALL,499,6,14.655,17781,0,17781,26685,0,0,2048,20.000,0.000,auto,30
family,qbf,20,1,qbf/20#1,classical,auto,2,false,,120,1,3,unprovable,unprovable,,,focus,MALL,499,6,14.296,17781,0,17781,26685,0,0,2048,10.000,0.000,auto,30
family,qbf,20,1,qbf/20#1,classical,auto,2,false,,120,2,3,unprovable,unprovable,,,focus,MALL,499,6,19.390,17781,0,17781,26685,0,0,2048,20.000,0.000,auto,30
family,qbf,20,1,qbf/20#1,classical,auto,4,false,,120,0,3,unprovable,unprovable,,,focus,MALL,499,6,19.225,17781,0,17781,26685,0,0,2048,30.000,0.000,auto,30
family,qbf,20,1,qbf/20#1,classical,auto,4,false,,120,1,3,unprovable,unprovable,,,focus,MALL,499,6,14.988,17781,0,17781,26685,0,0,2048,20.000,0.000,auto,30
family,qbf,20,1,qbf/20#1,classical,auto,4,false,,120,2,3,unprovable,unprovable,,,focus,MALL,499,6,11.989,17781,0,17781,26685,0,0,2048,10.000,0.000,auto,30
family,qbf,20,1,qbf/20#1,classical,auto,8,false,,120,0,3,unprovable,unprovable,,,focus,MALL,499,6,15.009,17781,0,17781,26685,0,0,2048,20.000,0.000,auto,30
family,qbf,20,1,qbf/20#1,classical,auto,8,false,,120,1,3,unprovable,unprovable,,,focus,MALL,499,6,13.809,17781,0,17781,26685,0,0,2048,20.000,0.000,auto,30
family,qbf,20,1,qbf/20#1,classical,auto,8,false,,120,2,3,unprovable,unprovable,,,focus,MALL,499,6,12.689,17781,0,17781,26685,0,0,2048,10.000,0.000,auto,30
family,qbf,20,1,qbf/20#1,classical,auto,16,false,,120,0,3,unprovable,unprovable,,,focus,MALL,499,6,12.357,17781,0,17781,26685,0,0,2048,10.000,0.000,auto,30
family,qbf,20,1,qbf/20#1,classical,auto,16,false,,120,1,3,unprovable,unprovable,,,focus,MALL,499,6,20.145,17781,0,17781,26685,0,0,2048,30.000,0.000,auto,30
family,qbf,20,1,qbf/20#1,classical,auto,16,false,,120,2,3,unprovable,unprovable,,,focus,MALL,499,6,12.435,17781,0,17781,26685,0,0,2048,10.000,0.007,auto,30
family,qbf,20,2,qbf/20#2,classical,auto,1,false,,120,0,3,provable,proved,,ok,focus,MALL,499,7,61.404,60883,0,60883,97394,0,0,2048,60.000,0.011,auto,30
family,qbf,20,2,qbf/20#2,classical,auto,1,false,,120,1,3,provable,proved,,ok,focus,MALL,499,7,60.171,60883,0,60883,97394,0,0,2048,60.000,0.017,auto,30
family,qbf,20,2,qbf/20#2,classical,auto,1,false,,120,2,3,provable,proved,,ok,focus,MALL,499,7,58.904,60883,0,60883,97394,0,0,2048,50.000,0.009,auto,30
family,qbf,20,2,qbf/20#2,classical,auto,2,false,,120,0,3,provable,proved,,ok,focus,MALL,499,7,96.844,124642,0,124622,195660,0,0,2048,170.000,0.001,auto,30
family,qbf,20,2,qbf/20#2,classical,auto,2,false,,120,1,3,provable,proved,,ok,focus,MALL,499,7,103.038,128871,0,128852,201928,0,0,2048,180.000,0.023,auto,30
family,qbf,20,2,qbf/20#2,classical,auto,2,false,,120,2,3,provable,proved,,ok,focus,MALL,499,7,103.234,129246,0,129226,202526,0,0,2048,180.000,0.027,auto,30
family,qbf,20,2,qbf/20#2,classical,auto,4,false,,120,0,3,provable,proved,,ok,focus,MALL,499,7,100.405,124342,0,124322,195207,0,0,2048,170.000,0.063,auto,30
family,qbf,20,2,qbf/20#2,classical,auto,4,false,,120,1,3,provable,proved,,ok,focus,MALL,499,7,103.188,127254,0,127234,199571,0,0,2048,180.000,0.037,auto,30
family,qbf,20,2,qbf/20#2,classical,auto,4,false,,120,2,3,provable,proved,,ok,focus,MALL,499,7,97.050,124348,0,124329,195217,0,0,2048,170.000,0.016,auto,30
family,qbf,20,2,qbf/20#2,classical,auto,8,false,,120,0,3,provable,proved,,ok,focus,MALL,499,7,108.121,128009,0,127989,200642,0,0,2048,190.000,0.040,auto,30
family,qbf,20,2,qbf/20#2,classical,auto,8,false,,120,1,3,provable,proved,,ok,focus,MALL,499,7,100.034,118232,0,118212,185895,0,0,2048,170.000,0.007,auto,30
family,qbf,20,2,qbf/20#2,classical,auto,8,false,,120,2,3,provable,proved,,ok,focus,MALL,499,7,100.123,122456,0,122436,192337,0,0,2048,180.000,0.017,auto,30
family,qbf,20,2,qbf/20#2,classical,auto,16,false,,120,0,3,provable,proved,,ok,focus,MALL,499,7,107.987,127283,0,127263,199611,0,0,2048,190.000,0.000,auto,30
family,qbf,20,2,qbf/20#2,classical,auto,16,false,,120,1,3,provable,proved,,ok,focus,MALL,499,7,99.459,126351,0,126331,198252,0,0,2048,170.000,0.007,auto,30
family,qbf,20,2,qbf/20#2,classical,auto,16,false,,120,2,3,provable,proved,,ok,focus,MALL,499,7,103.852,126075,0,126055,197829,0,0,2048,180.000,0.003,auto,30
family,qbf,20,3,qbf/20#3,classical,auto,1,false,,120,0,3,unprovable,unprovable,,,focus,MALL,499,7,9.069,10639,0,10639,16467,0,0,2048,0.000,0.010,auto,30
family,qbf,20,3,qbf/20#3,classical,auto,1,false,,120,1,3,unprovable,unprovable,,,focus,MALL,499,7,9.228,10639,0,10639,16467,0,0,2048,0.000,0.007,auto,30
family,qbf,20,3,qbf/20#3,classical,auto,1,false,,120,2,3,unprovable,unprovable,,,focus,MALL,499,7,9.316,10639,0,10639,16467,0,0,2048,0.000,0.006,auto,30
family,qbf,20,3,qbf/20#3,classical,auto,2,false,,120,0,3,unprovable,unprovable,,,focus,MALL,499,7,7.713,10639,0,10639,16467,0,0,2048,10.000,0.000,auto,30
family,qbf,20,3,qbf/20#3,classical,auto,2,false,,120,1,3,unprovable,unprovable,,,focus,MALL,499,7,7.691,10639,0,10639,16467,0,0,2048,10.000,0.000,auto,30
family,qbf,20,3,qbf/20#3,classical,auto,2,false,,120,2,3,unprovable,unprovable,,,focus,MALL,499,7,8.193,10639,0,10639,16467,0,0,2048,10.000,0.000,auto,30
family,qbf,20,3,qbf/20#3,classical,auto,4,false,,120,0,3,unprovable,unprovable,,,focus,MALL,499,7,7.999,10639,0,10639,16467,0,0,2048,10.000,0.000,auto,30
family,qbf,20,3,qbf/20#3,classical,auto,4,false,,120,1,3,unprovable,unprovable,,,focus,MALL,499,7,7.979,10639,0,10639,16467,0,0,2048,10.000,0.000,auto,30
family,qbf,20,3,qbf/20#3,classical,auto,4,false,,120,2,3,unprovable,unprovable,,,focus,MALL,499,7,7.756,10639,0,10639,16467,0,0,2048,10.000,0.000,auto,30
family,qbf,20,3,qbf/20#3,classical,auto,8,false,,120,0,3,unprovable,unprovable,,,focus,MALL,499,7,6.850,10639,0,10639,16467,0,0,2048,0.000,0.000,auto,30
family,qbf,20,3,qbf/20#3,classical,auto,8,false,,120,1,3,unprovable,unprovable,,,focus,MALL,499,7,6.999,10639,0,10639,16467,0,0,2048,10.000,0.000,auto,30
family,qbf,20,3,qbf/20#3,classical,auto,8,false,,120,2,3,unprovable,unprovable,,,focus,MALL,499,7,8.153,10639,0,10639,16467,0,0,2048,10.000,0.000,auto,30
family,qbf,20,3,qbf/20#3,classical,auto,16,false,,120,0,3,unprovable,unprovable,,,focus,MALL,499,7,7.512,10639,0,10639,16467,0,0,2048,10.000,0.000,auto,30
family,qbf,20,3,qbf/20#3,classical,auto,16,false,,120,1,3,unprovable,unprovable,,,focus,MALL,499,7,9.302,10639,0,10639,16467,0,0,2048,10.000,0.000,auto,30
family,qbf,20,3,qbf/20#3,classical,auto,16,false,,120,2,3,unprovable,unprovable,,,focus,MALL,499,7,7.290,10639,0,10639,16467,0,0,2048,10.000,0.000,auto,30
family,qbf,24,0,qbf/24#0,classical,auto,1,false,,120,0,3,unprovable,unprovable,,,focus,MALL,599,6,172.665,172882,10646,162236,511289,0,0,2048,160.000,0.029,auto,30
family,qbf,24,0,qbf/24#0,classical,auto,1,false,,120,1,3,unprovable,unprovable,,,focus,MALL,599,6,169.299,172882,10646,162236,511289,0,0,2048,160.000,0.011,auto,30
family,qbf,24,0,qbf/24#0,classical,auto,1,false,,120,2,3,unprovable,unprovable,,,focus,MALL,599,6,168.424,172882,10646,162236,511289,0,0,2048,160.000,0.085,auto,30
family,qbf,24,0,qbf/24#0,classical,auto,2,false,,120,0,3,unprovable,unprovable,,,focus,MALL,599,6,200.952,172882,10646,162236,511289,0,0,2048,230.000,0.009,auto,30
family,qbf,24,0,qbf/24#0,classical,auto,2,false,,120,1,3,unprovable,unprovable,,,focus,MALL,599,6,206.147,172882,10646,162236,511289,0,0,2048,230.000,0.030,auto,30
family,qbf,24,0,qbf/24#0,classical,auto,2,false,,120,2,3,unprovable,unprovable,,,focus,MALL,599,6,200.757,172882,10646,162236,511289,0,0,2048,230.000,0.031,auto,30
family,qbf,24,0,qbf/24#0,classical,auto,4,false,,120,0,3,unprovable,unprovable,,,focus,MALL,599,6,191.109,172882,10645,162236,511289,0,0,2048,210.000,0.042,auto,30
family,qbf,24,0,qbf/24#0,classical,auto,4,false,,120,1,3,unprovable,unprovable,,,focus,MALL,599,6,194.461,172882,10645,162236,511289,0,0,2048,220.000,0.007,auto,30
family,qbf,24,0,qbf/24#0,classical,auto,4,false,,120,2,3,unprovable,unprovable,,,focus,MALL,599,6,200.578,172882,10646,162236,511289,0,0,2048,230.000,0.033,auto,30
family,qbf,24,0,qbf/24#0,classical,auto,8,false,,120,0,3,unprovable,unprovable,,,focus,MALL,599,6,201.038,172882,10644,162236,511289,0,0,2048,230.000,0.018,auto,30
family,qbf,24,0,qbf/24#0,classical,auto,8,false,,120,1,3,unprovable,unprovable,,,focus,MALL,599,6,196.885,172882,10645,162236,511289,0,0,2048,220.000,0.031,auto,30
family,qbf,24,0,qbf/24#0,classical,auto,8,false,,120,2,3,unprovable,unprovable,,,focus,MALL,599,6,193.965,172882,10646,162236,511289,0,0,2048,220.000,0.028,auto,30
family,qbf,24,0,qbf/24#0,classical,auto,16,false,,120,0,3,unprovable,unprovable,,,focus,MALL,599,6,214.407,172882,10646,162236,511289,0,0,2048,260.000,0.015,auto,30
family,qbf,24,0,qbf/24#0,classical,auto,16,false,,120,1,3,unprovable,unprovable,,,focus,MALL,599,6,207.252,172882,10645,162236,511289,0,0,2048,240.000,0.024,auto,30
family,qbf,24,0,qbf/24#0,classical,auto,16,false,,120,2,3,unprovable,unprovable,,,focus,MALL,599,6,216.937,172882,10646,162236,511289,0,0,2048,260.000,0.031,auto,30
family,qbf,24,1,qbf/24#1,classical,auto,1,false,,120,0,3,unprovable,unprovable,,,focus,MALL,599,8,66.728,67541,0,67541,98382,0,0,2048,60.000,0.013,auto,30
family,qbf,24,1,qbf/24#1,classical,auto,1,false,,120,1,3,unprovable,unprovable,,,focus,MALL,599,8,62.615,67541,0,67541,98382,0,0,2048,60.000,0.005,auto,30
family,qbf,24,1,qbf/24#1,classical,auto,1,false,,120,2,3,unprovable,unprovable,,,focus,MALL,599,8,62.399,67541,0,67541,98382,0,0,2048,50.000,0.005,auto,30
family,qbf,24,1,qbf/24#1,classical,auto,2,false,,120,0,3,unprovable,unprovable,,,focus,MALL,599,8,59.313,67541,0,67541,98382,0,0,2048,100.000,0.004,auto,30
family,qbf,24,1,qbf/24#1,classical,auto,2,false,,120,1,3,unprovable,unprovable,,,focus,MALL,599,8,58.646,67541,0,67541,98382,0,0,2048,100.000,0.000,auto,30
family,qbf,24,1,qbf/24#1,classical,auto,2,false,,120,2,3,unprovable,unprovable,,,focus,MALL,599,8,57.197,67541,0,67541,98382,0,0,2048,100.000,0.001,auto,30
family,qbf,24,1,qbf/24#1,classical,auto,4,false,,120,0,3,unprovable,unprovable,,,focus,MALL,599,8,58.066,67541,0,67541,98382,0,0,2048,100.000,0.002,auto,30
family,qbf,24,1,qbf/24#1,classical,auto,4,false,,120,1,3,unprovable,unprovable,,,focus,MALL,599,8,78.902,67541,0,67541,98382,0,0,2048,120.000,0.028,auto,30
family,qbf,24,1,qbf/24#1,classical,auto,4,false,,120,2,3,unprovable,unprovable,,,focus,MALL,599,8,59.718,67541,0,67541,98382,0,0,2048,90.000,0.000,auto,30
family,qbf,24,1,qbf/24#1,classical,auto,8,false,,120,0,3,unprovable,unprovable,,,focus,MALL,599,8,81.924,67541,0,67541,98382,0,0,2048,130.000,0.025,auto,30
family,qbf,24,1,qbf/24#1,classical,auto,8,false,,120,1,3,unprovable,unprovable,,,focus,MALL,599,8,58.497,67541,0,67541,98382,0,0,2048,90.000,0.003,auto,30
family,qbf,24,1,qbf/24#1,classical,auto,8,false,,120,2,3,unprovable,unprovable,,,focus,MALL,599,8,58.504,67541,0,67541,98382,0,0,2048,100.000,0.000,auto,30
family,qbf,24,1,qbf/24#1,classical,auto,16,false,,120,0,3,unprovable,unprovable,,,focus,MALL,599,8,60.509,67541,0,67541,98382,0,0,2048,100.000,0.000,auto,30
family,qbf,24,1,qbf/24#1,classical,auto,16,false,,120,1,3,unprovable,unprovable,,,focus,MALL,599,8,58.491,67541,0,67541,98382,0,0,2048,100.000,0.004,auto,30
family,qbf,24,1,qbf/24#1,classical,auto,16,false,,120,2,3,unprovable,unprovable,,,focus,MALL,599,8,68.143,67541,0,67541,98382,0,0,2048,120.000,0.001,auto,30
family,qbf,24,2,qbf/24#2,classical,auto,1,false,,120,0,3,unprovable,unprovable,,,focus,MALL,599,6,49.409,48001,0,48001,73493,0,0,2048,40.000,0.017,auto,30
family,qbf,24,2,qbf/24#2,classical,auto,1,false,,120,1,3,unprovable,unprovable,,,focus,MALL,599,6,44.742,48001,0,48001,73493,0,0,2048,40.000,0.010,auto,30
family,qbf,24,2,qbf/24#2,classical,auto,1,false,,120,2,3,unprovable,unprovable,,,focus,MALL,599,6,44.438,48001,0,48001,73493,0,0,2048,30.000,0.005,auto,30
family,qbf,24,2,qbf/24#2,classical,auto,2,false,,120,0,3,unprovable,unprovable,,,focus,MALL,599,6,43.393,48001,0,48001,73493,0,0,2048,60.000,0.002,auto,30
family,qbf,24,2,qbf/24#2,classical,auto,2,false,,120,1,3,unprovable,unprovable,,,focus,MALL,599,6,43.743,48001,0,48001,73493,0,0,2048,60.000,0.000,auto,30
family,qbf,24,2,qbf/24#2,classical,auto,2,false,,120,2,3,unprovable,unprovable,,,focus,MALL,599,6,44.333,48001,0,48001,73493,0,0,2048,60.000,0.000,auto,30
family,qbf,24,2,qbf/24#2,classical,auto,4,false,,120,0,3,unprovable,unprovable,,,focus,MALL,599,6,44.249,48001,0,48001,73493,0,0,2048,60.000,0.003,auto,30
family,qbf,24,2,qbf/24#2,classical,auto,4,false,,120,1,3,unprovable,unprovable,,,focus,MALL,599,6,37.409,48001,0,48001,73493,0,0,2048,50.000,0.021,auto,30
family,qbf,24,2,qbf/24#2,classical,auto,4,false,,120,2,3,unprovable,unprovable,,,focus,MALL,599,6,37.617,48001,0,48001,73493,0,0,2048,50.000,0.000,auto,30
family,qbf,24,2,qbf/24#2,classical,auto,8,false,,120,0,3,unprovable,unprovable,,,focus,MALL,599,6,38.216,48001,0,48001,73493,0,0,2048,50.000,0.000,auto,30
family,qbf,24,2,qbf/24#2,classical,auto,8,false,,120,1,3,unprovable,unprovable,,,focus,MALL,599,6,38.964,48001,0,48001,73493,0,0,2048,50.000,0.007,auto,30
family,qbf,24,2,qbf/24#2,classical,auto,8,false,,120,2,3,unprovable,unprovable,,,focus,MALL,599,6,42.737,48001,0,48001,73493,0,0,2048,60.000,0.000,auto,30
family,qbf,24,2,qbf/24#2,classical,auto,16,false,,120,0,3,unprovable,unprovable,,,focus,MALL,599,6,39.110,48001,0,48001,73493,0,0,2048,50.000,0.003,auto,30
family,qbf,24,2,qbf/24#2,classical,auto,16,false,,120,1,3,unprovable,unprovable,,,focus,MALL,599,6,43.909,48001,0,48001,73493,0,0,2048,60.000,0.007,auto,30
family,qbf,24,2,qbf/24#2,classical,auto,16,false,,120,2,3,unprovable,unprovable,,,focus,MALL,599,6,40.161,48001,0,48001,73493,0,0,2048,60.000,0.000,auto,30
family,qbf,24,3,qbf/24#3,classical,auto,1,false,,120,0,3,unprovable,unprovable,,,focus,MALL,599,7,64.836,64190,2540,61650,157778,0,0,2048,60.000,0.011,auto,30
family,qbf,24,3,qbf/24#3,classical,auto,1,false,,120,1,3,unprovable,unprovable,,,focus,MALL,599,7,62.183,64190,2540,61650,157778,0,0,2048,50.000,0.004,auto,30
family,qbf,24,3,qbf/24#3,classical,auto,1,false,,120,2,3,unprovable,unprovable,,,focus,MALL,599,7,61.856,64190,2540,61650,157778,0,0,2048,60.000,0.008,auto,30
family,qbf,24,3,qbf/24#3,classical,auto,2,false,,120,0,3,unprovable,unprovable,,,focus,MALL,599,7,59.068,64190,2540,61650,157778,0,0,2048,90.000,0.007,auto,30
family,qbf,24,3,qbf/24#3,classical,auto,2,false,,120,1,3,unprovable,unprovable,,,focus,MALL,599,7,56.042,64190,2540,61650,157778,0,0,2048,90.000,0.001,auto,30
family,qbf,24,3,qbf/24#3,classical,auto,2,false,,120,2,3,unprovable,unprovable,,,focus,MALL,599,7,58.242,64190,2540,61650,157778,0,0,2048,90.000,0.004,auto,30
family,qbf,24,3,qbf/24#3,classical,auto,4,false,,120,0,3,unprovable,unprovable,,,focus,MALL,599,7,58.614,64190,2540,61650,157778,0,0,2048,90.000,0.000,auto,30
family,qbf,24,3,qbf/24#3,classical,auto,4,false,,120,1,3,unprovable,unprovable,,,focus,MALL,599,7,55.922,64190,2540,61650,157778,0,0,2048,80.000,0.010,auto,30
family,qbf,24,3,qbf/24#3,classical,auto,4,false,,120,2,3,unprovable,unprovable,,,focus,MALL,599,7,60.185,64190,2540,61650,157778,0,0,2048,90.000,0.003,auto,30
family,qbf,24,3,qbf/24#3,classical,auto,8,false,,120,0,3,unprovable,unprovable,,,focus,MALL,599,7,53.142,64190,2540,61650,157778,0,0,2048,80.000,0.012,auto,30
family,qbf,24,3,qbf/24#3,classical,auto,8,false,,120,1,3,unprovable,unprovable,,,focus,MALL,599,7,58.849,64190,2540,61650,157778,0,0,2048,100.000,0.005,auto,30
family,qbf,24,3,qbf/24#3,classical,auto,8,false,,120,2,3,unprovable,unprovable,,,focus,MALL,599,7,59.612,64190,2540,61650,157778,0,0,2048,90.000,0.000,auto,30
family,qbf,24,3,qbf/24#3,classical,auto,16,false,,120,0,3,unprovable,unprovable,,,focus,MALL,599,7,58.884,64190,2540,61650,157778,0,0,2048,90.000,0.003,auto,30
family,qbf,24,3,qbf/24#3,classical,auto,16,false,,120,1,3,unprovable,unprovable,,,focus,MALL,599,7,53.072,64190,2540,61650,157778,0,0,2048,80.000,0.006,auto,30
family,qbf,24,3,qbf/24#3,classical,auto,16,false,,120,2,3,unprovable,unprovable,,,focus,MALL,599,7,59.094,64190,2540,61650,157778,0,0,2048,100.000,0.010,auto,30
family,qbf,40,0,qbf/40#0,classical,auto,1,false,,120,0,3,unprovable,unprovable,,,focus,MALL,999,8,16611.945,12661597,1632359,1048576,84625871,0,0,2048,16570.000,4.653,auto,30
family,qbf,40,0,qbf/40#0,classical,auto,2,false,,120,0,3,unprovable,unprovable,,,focus,MALL,999,8,14068.408,12661597,1632352,1048576,84625871,0,0,2048,22570.000,3.026,auto,30
family,qbf,40,0,qbf/40#0,classical,auto,4,false,,120,0,3,unprovable,unprovable,,,focus,MALL,999,8,13947.882,12661597,1632353,1048576,84625871,0,0,2048,22460.000,2.169,auto,30
family,qbf,40,0,qbf/40#0,classical,auto,8,false,,120,0,3,unprovable,unprovable,,,focus,MALL,999,8,13927.099,12661597,1632351,1048576,84625871,0,0,2048,22390.000,3.900,auto,30
family,qbf,40,0,qbf/40#0,classical,auto,16,false,,120,0,3,unprovable,unprovable,,,focus,MALL,999,8,14332.073,12661597,1632352,1048576,84625871,0,0,2048,23100.000,3.326,auto,30
family,qbf,40,1,qbf/40#1,classical,auto,1,false,,120,0,3,unprovable,unprovable,,,focus,MALL,999,8,18538.508,15575159,1574940,1048576,87266949,0,0,2048,18510.000,5.373,auto,30
family,qbf,40,1,qbf/40#1,classical,auto,2,false,,120,0,3,unprovable,unprovable,,,focus,MALL,999,8,15301.976,15575159,1574946,1048576,87266949,0,0,2048,26680.000,2.060,auto,30
family,qbf,40,1,qbf/40#1,classical,auto,4,false,,120,0,3,unprovable,unprovable,,,focus,MALL,999,8,15250.026,15575159,1574946,1048576,87266949,0,0,2048,26550.000,2.203,auto,30
family,qbf,40,1,qbf/40#1,classical,auto,8,false,,120,0,3,unprovable,unprovable,,,focus,MALL,999,8,15321.917,15575159,1574945,1048576,87266949,0,0,2048,26690.000,2.273,auto,30
family,qbf,40,1,qbf/40#1,classical,auto,16,false,,120,0,3,unprovable,unprovable,,,focus,MALL,999,8,15239.329,15575159,1574946,1048576,87266949,0,0,2048,26620.000,2.146,auto,30
family,qbf,40,2,qbf/40#2,classical,auto,1,false,,120,0,3,unprovable,unprovable,,,focus,MALL,999,7,21361.104,18126266,3078408,1048576,148645912,0,0,2048,21310.000,5.634,auto,30
family,qbf,40,2,qbf/40#2,classical,auto,2,false,,120,0,3,unprovable,unprovable,,,focus,MALL,999,7,17692.383,18126266,3078405,1048576,148645912,0,0,2048,29970.000,2.600,auto,30
family,qbf,40,2,qbf/40#2,classical,auto,4,false,,120,0,3,unprovable,unprovable,,,focus,MALL,999,7,17641.297,18126266,3078405,1048576,148645912,0,0,2048,29850.000,4.465,auto,30
family,qbf,40,2,qbf/40#2,classical,auto,8,false,,120,0,3,unprovable,unprovable,,,focus,MALL,999,7,17640.479,18126266,3078403,1048576,148645912,0,0,2048,30020.000,3.372,auto,30
family,qbf,40,2,qbf/40#2,classical,auto,16,false,,120,0,3,unprovable,unprovable,,,focus,MALL,999,7,17715.820,18126266,3078402,1048576,148645912,0,0,2048,29970.000,2.774,auto,30
family,qbf,40,3,qbf/40#3,classical,auto,1,false,,120,0,3,unprovable,unprovable,,,focus,MALL,999,6,16906.219,13906177,1056664,1048576,63025196,0,0,2048,16880.000,0.718,auto,30
family,qbf,40,3,qbf/40#3,classical,auto,2,false,,120,0,3,unprovable,unprovable,,,focus,MALL,999,6,15626.702,13906177,1056637,1048576,63025196,0,0,2048,24480.000,2.677,auto,30
family,qbf,40,3,qbf/40#3,classical,auto,4,false,,120,0,3,unprovable,unprovable,,,focus,MALL,999,6,15464.503,13906177,1056637,1048576,63025196,0,0,2048,24280.000,1.745,auto,30
family,qbf,40,3,qbf/40#3,classical,auto,8,false,,120,0,3,unprovable,unprovable,,,focus,MALL,999,6,15527.603,13906177,1056638,1048576,63025196,0,0,2048,24230.000,2.957,auto,30
family,qbf,40,3,qbf/40#3,classical,auto,16,false,,120,0,3,unprovable,unprovable,,,focus,MALL,999,6,15472.135,13906177,1056638,1048576,63025196,0,0,2048,24260.000,1.905,auto,30
family,qbf,44,0,qbf/44#0,classical,auto,1,false,,120,0,3,unprovable,unprovable,,,focus,MALL,1099,9,72456.046,51269813,6085733,1048576,344568781,0,0,2048,72280.000,3.393,auto,30
family,qbf,44,0,qbf/44#0,classical,auto,2,false,,120,0,3,unprovable,unprovable,,,focus,MALL,1099,9,54937.902,51269813,6085789,1048576,344568781,0,0,2048,98310.000,5.846,auto,30
family,qbf,44,0,qbf/44#0,classical,auto,4,false,,120,0,3,unprovable,unprovable,,,focus,MALL,1099,9,55955.035,51269813,6085751,1048576,344568781,0,0,2048,99030.000,7.843,auto,30
family,qbf,44,0,qbf/44#0,classical,auto,8,false,,120,0,3,unprovable,unprovable,,,focus,MALL,1099,9,55388.308,51269813,6085785,1048576,344568781,0,0,2048,99110.000,8.692,auto,30
family,qbf,44,0,qbf/44#0,classical,auto,16,false,,120,0,3,unprovable,unprovable,,,focus,MALL,1099,9,54980.593,51269813,6085788,1048576,344568781,0,0,2048,98460.000,7.847,auto,30
family,qbf,44,1,qbf/44#1,classical,auto,1,false,,120,0,3,unprovable,unprovable,,,focus,MALL,1099,8,72678.100,58155701,5477172,1048576,325541613,0,0,2048,72520.000,19.326,auto,30
family,qbf,44,1,qbf/44#1,classical,auto,2,false,,120,0,3,unprovable,unprovable,,,focus,MALL,1099,8,60473.847,58155701,5477183,1048576,325541613,0,0,2048,106330.000,8.714,auto,30
family,qbf,44,1,qbf/44#1,classical,auto,4,false,,120,0,3,unprovable,unprovable,,,focus,MALL,1099,8,60227.708,58155701,5477189,1048576,325541613,0,0,2048,106290.000,6.768,auto,30
family,qbf,44,1,qbf/44#1,classical,auto,8,false,,120,0,3,unprovable,unprovable,,,focus,MALL,1099,8,59904.546,58155701,5477190,1048576,325541613,0,0,2048,106080.000,11.865,auto,30
family,qbf,44,1,qbf/44#1,classical,auto,16,false,,120,0,3,unprovable,unprovable,,,focus,MALL,1099,8,59980.581,58155701,5477192,1048576,325541613,0,0,2048,106420.000,5.856,auto,30
family,qbf,44,2,qbf/44#2,classical,auto,1,false,,120,0,3,unprovable,unprovable,,,focus,MALL,1099,8,108458.209,88730731,9263301,1048576,541802631,0,0,2048,108260.000,32.858,auto,30
family,qbf,44,2,qbf/44#2,classical,auto,2,false,,120,0,3,unprovable,unprovable,,,focus,MALL,1099,8,97704.650,88730731,9263129,1048576,541802631,0,0,2048,159200.000,13.287,auto,30
family,qbf,44,2,qbf/44#2,classical,auto,4,false,,120,0,3,unprovable,unprovable,,,focus,MALL,1099,8,97994.884,88730731,9263124,1048576,541802631,0,0,2048,158580.000,13.695,auto,30
family,qbf,44,2,qbf/44#2,classical,auto,8,false,,120,0,3,unprovable,unprovable,,,focus,MALL,1099,8,97533.681,88730731,9263124,1048576,541802631,0,0,2048,159360.000,16.073,auto,30
family,qbf,44,2,qbf/44#2,classical,auto,16,false,,120,0,3,unprovable,unprovable,,,focus,MALL,1099,8,96804.025,88730731,9263125,1048576,541802631,0,0,2048,157520.000,16.199,auto,30
family,qbf,44,3,qbf/44#3,classical,auto,1,false,,120,0,3,unprovable,unknown,timeout,,focus,MALL,1099,8,120460.746,95504688,8894341,1048576,537001571,0,0,2048,120180.000,35.885,auto,30
family,qbf,44,3,qbf/44#3,classical,auto,2,false,,120,0,3,unprovable,unknown,timeout,,focus,MALL,1099,8,120381.492,92798236,9560440,1048576,561267098,0,0,2048,165320.000,21.878,auto,30
family,qbf,44,3,qbf/44#3,classical,auto,4,false,,120,0,3,unprovable,unknown,timeout,,focus,MALL,1099,8,120493.441,92232622,9510937,1048576,558227595,0,0,2048,166100.000,20.542,auto,30
family,qbf,44,3,qbf/44#3,classical,auto,8,false,,120,0,3,unprovable,unknown,timeout,,focus,MALL,1099,8,120475.544,92249751,9512555,1048576,558325079,0,0,2048,165670.000,21.341,auto,30
family,qbf,44,3,qbf/44#3,classical,auto,16,false,,120,0,3,unprovable,unknown,timeout,,focus,MALL,1099,8,120455.996,91983880,9490265,1048576,556940401,0,0,2048,165910.000,20.843,auto,30
family,mix,8,0,mix/8,mix,auto,1,false,,120,0,3,unprovable,unprovable,,,focus,MALL,80,1,1581.261,14316140,14283372,32768,51741261,0,0,2048,1570.000,0.027,auto,30
family,mix,8,0,mix/8,mix,auto,1,false,,120,1,3,unprovable,unprovable,,,focus,MALL,80,1,1559.645,14316140,14283372,32768,51741261,0,0,2048,1550.000,0.114,auto,30
family,mix,8,0,mix/8,mix,auto,1,false,,120,2,3,unprovable,unprovable,,,focus,MALL,80,1,1556.987,14316140,14283372,32768,51741261,0,0,2048,1550.000,0.151,auto,30
family,mix,8,0,mix/8,mix,auto,2,false,,120,0,3,unprovable,unprovable,,,focus,MALL,80,1,1876.018,14316140,14283372,32768,51741261,0,0,2048,2390.000,0.028,auto,30
family,mix,8,0,mix/8,mix,auto,2,false,,120,1,3,unprovable,unprovable,,,focus,MALL,80,1,1872.524,14316140,14283372,32768,51741261,0,0,2048,2390.000,0.026,auto,30
family,mix,8,0,mix/8,mix,auto,2,false,,120,2,3,unprovable,unprovable,,,focus,MALL,80,1,1868.123,14316140,14283372,32768,51741261,0,0,2048,2380.000,0.082,auto,30
family,mix,8,0,mix/8,mix,auto,4,false,,120,0,3,unprovable,unprovable,,,focus,MALL,80,1,1969.447,14316140,14283372,32768,51741261,0,0,2048,3560.000,0.212,auto,30
family,mix,8,0,mix/8,mix,auto,4,false,,120,1,3,unprovable,unprovable,,,focus,MALL,80,1,1903.768,14316140,14283372,32768,51741261,0,0,2048,3210.000,0.071,auto,30
family,mix,8,0,mix/8,mix,auto,4,false,,120,2,3,unprovable,unprovable,,,focus,MALL,80,1,1908.963,14316140,14283372,32768,51741261,0,0,2048,3230.000,0.110,auto,30
family,mix,8,0,mix/8,mix,auto,8,false,,120,0,3,unprovable,unprovable,,,focus,MALL,80,1,2074.519,14316140,14283372,32768,51741261,0,0,2048,6220.000,0.113,auto,30
family,mix,8,0,mix/8,mix,auto,16,false,,120,0,3,unprovable,unprovable,,,focus,MALL,80,1,2428.115,14316140,14283372,32768,51741261,0,0,2048,15790.000,1.600,auto,30
family,mix,9,0,mix/9,mix,auto,1,false,,120,0,3,unprovable,unprovable,,,focus,MALL,90,1,13938.437,129009092,128878020,131072,465310909,0,0,2048,13900.000,2.750,auto,30
family,mix,9,0,mix/9,mix,auto,2,false,,120,0,3,unprovable,unprovable,,,focus,MALL,90,1,17397.307,129009092,128878020,131072,465310909,0,0,2048,20460.000,0.953,auto,30
family,mix,9,0,mix/9,mix,auto,4,false,,120,0,3,unprovable,unprovable,,,focus,MALL,90,1,17878.878,129009092,128878020,131072,465310909,0,0,2048,26890.000,2.318,auto,30
family,mix,9,0,mix/9,mix,auto,8,false,,120,0,3,unprovable,unprovable,,,focus,MALL,90,1,18567.032,129009092,128878020,131072,465310909,0,0,2048,39810.000,1.508,auto,30
family,mix,9,0,mix/9,mix,auto,16,false,,120,0,3,unprovable,unprovable,,,focus,MALL,90,1,21176.133,129009092,128878020,131072,465310909,0,0,2048,89790.000,24.894,auto,30
family,mix,10,0,mix/10,mix,auto,1,false,,120,0,3,unprovable,unknown,timeout,,focus,MALL,100,1,120032.091,1034235307,1033721494,513810,3726916406,0,0,2048,119770.000,38.138,auto,30
family,mix,10,0,mix/10,mix,auto,2,false,,120,0,3,unprovable,unknown,timeout,,focus,MALL,100,1,120066.474,737004179,736562161,442015,2656310023,0,0,2048,138110.000,16.933,auto,30
family,mix,10,0,mix/10,mix,auto,4,false,,120,0,3,unprovable,unknown,timeout,,focus,MALL,100,1,120066.048,738891430,738449196,442231,2663125273,0,0,2048,152590.000,15.591,auto,30
family,mix,10,0,mix/10,mix,auto,8,false,,120,0,3,unprovable,unknown,timeout,,focus,MALL,100,1,120060.500,709160758,708728940,431815,2556202237,0,0,2048,209540.000,13.167,auto,30
family,mix,10,0,mix/10,mix,auto,16,false,,120,0,3,unprovable,unknown,timeout,,focus,MALL,100,1,120052.763,654749913,654345061,404849,2360354103,0,0,2048,356860.000,79.543,auto,30
family,mix,11,0,mix/11,mix,auto,1,false,,120,0,3,unprovable,unknown,timeout,,focus,MALL,110,1,120032.221,1029627165,1029114156,513007,3714123162,0,0,2048,119760.000,17.651,auto,30
family,mix,11,0,mix/11,mix,auto,2,false,,120,0,3,unprovable,unknown,timeout,,focus,MALL,110,1,120066.769,739555780,739113487,442290,2669318108,0,0,2048,137570.000,12.657,auto,30
family,mix,11,0,mix/11,mix,auto,4,false,,120,0,3,unprovable,unknown,timeout,,focus,MALL,110,1,120065.455,736966118,736524104,442011,2660001616,0,0,2048,154770.000,14.098,auto,30
family,mix,11,0,mix/11,mix,auto,8,false,,120,0,3,unprovable,unknown,timeout,,focus,MALL,110,1,120060.442,716180118,715745375,434740,2585320587,0,0,2048,205750.000,12.125,auto,30
family,mix,11,0,mix/11,mix,auto,16,false,,120,0,3,unprovable,unknown,timeout,,focus,MALL,110,1,120052.250,653669087,653265245,403839,2360388049,0,0,2048,356740.000,78.083,auto,30
family,counter,2,0,counter/2,classical,auto,1,false,,120,0,1,provable,proved,,ok,focus,MELL,9,2,0.071,2,0,1,2,0,0,2048,0.000,0.000,auto,30
family,counter,2,0,counter/2,classical,auto,1,false,,120,1,1,provable,proved,,ok,focus,MELL,9,2,0.065,2,0,1,2,0,0,2048,0.000,0.000,auto,30
family,counter,2,0,counter/2,classical,auto,1,false,,120,2,1,provable,proved,,ok,focus,MELL,9,2,0.064,2,0,1,2,0,0,2048,0.000,0.000,auto,30
family,counter,2,0,counter/2,classical,auto,2,false,,120,0,1,provable,proved,,ok,focus,MELL,9,2,0.115,3,0,1,2,0,0,2048,0.000,0.000,auto,30
family,counter,2,0,counter/2,classical,auto,2,false,,120,1,1,provable,proved,,ok,focus,MELL,9,2,0.109,4,0,2,2,0,0,2048,0.000,0.000,auto,30
family,counter,2,0,counter/2,classical,auto,2,false,,120,2,1,provable,proved,,ok,focus,MELL,9,2,0.106,3,0,1,2,0,0,2048,0.000,0.000,auto,30
family,counter,2,0,counter/2,classical,auto,4,false,,120,0,1,provable,proved,,ok,focus,MELL,9,2,0.217,4,0,2,2,0,0,2048,0.000,0.000,auto,30
family,counter,2,0,counter/2,classical,auto,4,false,,120,1,1,provable,proved,,ok,focus,MELL,9,2,0.134,5,0,3,4,0,0,2048,0.000,0.000,auto,30
family,counter,2,0,counter/2,classical,auto,4,false,,120,2,1,provable,proved,,ok,focus,MELL,9,2,0.156,3,0,1,2,0,0,2048,0.000,0.000,auto,30
family,counter,2,0,counter/2,classical,auto,8,false,,120,0,1,provable,proved,,ok,focus,MELL,9,2,0.217,5,0,3,4,0,0,2048,0.000,0.000,auto,30
family,counter,2,0,counter/2,classical,auto,8,false,,120,1,1,provable,proved,,ok,focus,MELL,9,2,0.243,5,0,3,4,0,0,2048,0.000,0.000,auto,30
family,counter,2,0,counter/2,classical,auto,8,false,,120,2,1,provable,proved,,ok,focus,MELL,9,2,0.254,5,0,3,4,0,0,2048,0.000,0.000,auto,30
family,counter,2,0,counter/2,classical,auto,16,false,,120,0,1,provable,proved,,ok,focus,MELL,9,2,0.465,5,0,3,4,0,0,2048,0.000,0.000,auto,30
family,counter,2,0,counter/2,classical,auto,16,false,,120,1,1,provable,proved,,ok,focus,MELL,9,2,0.450,5,0,3,4,0,0,2048,0.000,0.000,auto,30
family,counter,2,0,counter/2,classical,auto,16,false,,120,2,1,provable,proved,,ok,focus,MELL,9,2,0.473,4,0,2,2,0,0,2048,0.000,0.000,auto,30
family,counter,4,0,counter/4,classical,auto,1,false,,120,0,2,provable,proved,,ok,focus,MELL,17,4,0.064,9,0,3,18,0,0,2048,0.000,0.000,auto,30
family,counter,4,0,counter/4,classical,auto,1,false,,120,1,2,provable,proved,,ok,focus,MELL,17,4,0.066,9,0,3,18,0,0,2048,0.000,0.000,auto,30
family,counter,4,0,counter/4,classical,auto,1,false,,120,2,2,provable,proved,,ok,focus,MELL,17,4,0.066,9,0,3,18,0,0,2048,0.000,0.000,auto,30
family,counter,4,0,counter/4,classical,auto,2,false,,120,0,2,provable,proved,,ok,focus,MELL,17,4,0.099,25,8,9,58,0,0,2048,0.000,0.000,auto,30
family,counter,4,0,counter/4,classical,auto,2,false,,120,1,2,provable,proved,,ok,focus,MELL,17,4,0.089,11,0,4,18,0,0,2048,0.000,0.000,auto,30
family,counter,4,0,counter/4,classical,auto,2,false,,120,2,2,provable,proved,,ok,focus,MELL,17,4,0.107,12,0,4,26,0,0,2048,0.000,0.000,auto,30
family,counter,4,0,counter/4,classical,auto,4,false,,120,0,2,provable,proved,,ok,focus,MELL,17,4,0.126,47,26,13,126,0,0,2048,0.000,0.000,auto,30
family,counter,4,0,counter/4,classical,auto,4,false,,120,1,2,provable,proved,,ok,focus,MELL,17,4,0.161,60,35,14,168,0,0,2048,0.000,0.000,auto,30
family,counter,4,0,counter/4,classical,auto,4,false,,120,2,2,provable,proved,,ok,focus,MELL,17,4,0.169,60,34,14,168,0,0,2048,0.000,0.000,auto,30
family,counter,4,0,counter/4,classical,auto,8,false,,120,0,2,provable,proved,,ok,focus,MELL,17,4,0.285,67,37,15,188,0,0,2048,0.000,0.000,auto,30
family,counter,4,0,counter/4,classical,auto,8,false,,120,1,2,provable,proved,,ok,focus,MELL,17,4,0.274,120,77,21,320,0,0,2048,0.000,0.000,auto,30
family,counter,4,0,counter/4,classical,auto,8,false,,120,2,2,provable,proved,,ok,focus,MELL,17,4,0.267,61,33,14,168,0,0,2048,0.000,0.000,auto,30
family,counter,4,0,counter/4,classical,auto,16,false,,120,0,2,provable,proved,,ok,focus,MELL,17,4,0.559,163,113,24,418,0,0,2048,0.000,0.000,auto,30
family,counter,4,0,counter/4,classical,auto,16,false,,120,1,2,provable,proved,,ok,focus,MELL,17,4,0.504,129,87,19,332,0,0,2048,0.000,0.000,auto,30
family,counter,4,0,counter/4,classical,auto,16,false,,120,2,2,provable,proved,,ok,focus,MELL,17,4,0.589,141,89,22,371,0,0,2048,0.000,0.000,auto,30
family,counter,8,0,counter/8,classical,auto,1,false,,120,0,3,provable,proved,,ok,focus,MELL,27,8,0.098,47,5,9,151,0,0,2048,0.000,0.000,auto,30
family,counter,8,0,counter/8,classical,auto,1,false,,120,1,3,provable,proved,,ok,focus,MELL,27,8,0.100,47,5,9,151,0,0,2048,0.000,0.000,auto,30
family,counter,8,0,counter/8,classical,auto,1,false,,120,2,3,provable,proved,,ok,focus,MELL,27,8,0.094,47,5,9,151,0,0,2048,0.000,0.000,auto,30
family,counter,8,0,counter/8,classical,auto,2,false,,120,0,3,provable,proved,,ok,focus,MELL,27,8,0.138,186,122,28,648,0,0,2048,0.000,0.000,auto,30
family,counter,8,0,counter/8,classical,auto,2,false,,120,1,3,provable,proved,,ok,focus,MELL,27,8,0.130,161,100,26,541,0,0,2048,0.000,0.000,auto,30
family,counter,8,0,counter/8,classical,auto,2,false,,120,2,3,provable,proved,,ok,focus,MELL,27,8,0.152,188,122,29,654,0,0,2048,0.000,0.000,auto,30
family,counter,8,0,counter/8,classical,auto,4,false,,120,0,3,provable,proved,,ok,focus,MELL,27,8,0.300,948,841,53,2957,0,0,2048,0.000,0.000,auto,30
family,counter,8,0,counter/8,classical,auto,4,false,,120,1,3,provable,proved,,ok,focus,MELL,27,8,0.245,511,415,46,1559,0,0,2048,0.000,0.000,auto,30
family,counter,8,0,counter/8,classical,auto,4,false,,120,2,3,provable,proved,,ok,focus,MELL,27,8,0.422,2026,1907,60,6299,0,0,2048,0.000,0.000,auto,30
family,counter,8,0,counter/8,classical,auto,8,false,,120,0,3,provable,proved,,ok,focus,MELL,27,8,0.419,504,406,43,1515,0,0,2048,0.000,0.000,auto,30
family,counter,8,0,counter/8,classical,auto,8,false,,120,1,3,provable,proved,,ok,focus,MELL,27,8,0.399,548,445,43,1645,0,0,2048,0.000,0.000,auto,30
family,counter,8,0,counter/8,classical,auto,8,false,,120,2,3,provable,proved,,ok,focus,MELL,27,8,0.492,1226,1107,51,3780,0,0,2048,0.000,0.000,auto,30
family,counter,8,0,counter/8,classical,auto,16,false,,120,0,3,provable,proved,,ok,focus,MELL,27,8,0.562,390,288,38,1202,0,0,2048,0.000,0.000,auto,30
family,counter,8,0,counter/8,classical,auto,16,false,,120,1,3,provable,proved,,ok,focus,MELL,27,8,0.699,3000,2852,59,9573,0,0,2048,0.000,0.000,auto,30
family,counter,8,0,counter/8,classical,auto,16,false,,120,2,3,provable,proved,,ok,focus,MELL,27,8,0.691,1959,1821,55,6168,0,0,2048,0.000,0.000,auto,30
family,counter,16,0,counter/16,classical,auto,1,false,,120,0,4,provable,proved,,ok,focus,MELL,41,16,0.323,404,129,35,1529,0,0,2048,0.000,0.000,auto,30
family,counter,16,0,counter/16,classical,auto,1,false,,120,1,4,provable,proved,,ok,focus,MELL,41,16,0.306,404,129,35,1529,0,0,2048,0.000,0.000,auto,30
family,counter,16,0,counter/16,classical,auto,1,false,,120,2,4,provable,proved,,ok,focus,MELL,41,16,0.308,404,129,35,1529,0,0,2048,0.000,0.000,auto,30
family,counter,16,0,counter/16,classical,auto,2,false,,120,0,4,provable,proved,,ok,focus,MELL,41,16,0.396,1875,1521,97,6951,0,0,2048,0.000,0.000,auto,30
family,counter,16,0,counter/16,classical,auto,2,false,,120,1,4,provable,proved,,ok,focus,MELL,41,16,0.389,1708,1357,95,6394,0,0,2048,0.000,0.000,auto,30
family,counter,16,0,counter/16,classical,auto,2,false,,120,2,4,provable,proved,,ok,focus,MELL,41,16,0.364,1695,1344,95,6336,0,0,2048,0.000,0.000,auto,30
family,counter,16,0,counter/16,classical,auto,4,false,,120,0,4,provable,proved,,ok,focus,MELL,41,16,0.644,4268,3880,116,17527,0,0,2048,0.000,0.000,auto,30
family,counter,16,0,counter/16,classical,auto,4,false,,120,1,4,provable,proved,,ok,focus,MELL,41,16,0.648,5220,4828,119,22177,0,0,2048,0.000,0.000,auto,30
family,counter,16,0,counter/16,classical,auto,4,false,,120,2,4,provable,proved,,ok,focus,MELL,41,16,0.677,4697,4309,116,19426,0,0,2048,0.000,0.000,auto,30
family,counter,16,0,counter/16,classical,auto,8,false,,120,0,4,provable,proved,,ok,focus,MELL,41,16,0.743,6692,6272,112,28583,0,0,2048,0.000,0.000,auto,30
family,counter,16,0,counter/16,classical,auto,8,false,,120,1,4,provable,proved,,ok,focus,MELL,41,16,0.747,7063,6638,115,30858,0,0,2048,0.000,0.000,auto,30
family,counter,16,0,counter/16,classical,auto,8,false,,120,2,4,provable,proved,,ok,focus,MELL,41,16,0.862,4077,3660,106,15925,0,0,2048,0.000,0.000,auto,30
family,counter,16,0,counter/16,classical,auto,16,false,,120,0,4,provable,proved,,ok,focus,MELL,41,16,1.252,14523,14057,124,68885,0,0,2048,0.000,0.000,auto,30
family,counter,16,0,counter/16,classical,auto,16,false,,120,1,4,provable,proved,,ok,focus,MELL,41,16,1.074,7074,6642,112,30307,0,0,2048,0.000,0.020,auto,30
family,counter,16,0,counter/16,classical,auto,16,false,,120,2,4,provable,proved,,ok,focus,MELL,41,16,1.216,6661,6219,112,28438,0,0,2048,0.000,0.000,auto,30
family,counter,32,0,counter/32,classical,auto,1,false,,120,0,5,provable,proved,,ok,focus,MELL,63,32,2176.013,14405389,14389555,5645,99468115,0,0,2048,2220.000,0.284,auto,30
family,counter,32,0,counter/32,classical,auto,2,false,,120,0,5,provable,proved,,ok,focus,MELL,63,32,2697.143,14405389,14389555,5645,99468115,0,0,2048,2700.000,0.382,auto,30
family,counter,32,0,counter/32,classical,auto,4,false,,120,0,5,provable,proved,,ok,focus,MELL,63,32,1982.830,17517951,17501671,5588,121811661,0,0,2048,3910.000,0.281,auto,30
family,counter,32,0,counter/32,classical,auto,4,false,,120,1,5,provable,proved,,ok,focus,MELL,63,32,2023.595,17673818,17657494,5602,122827481,0,0,2048,4000.000,0.327,auto,30
family,counter,32,0,counter/32,classical,auto,8,false,,120,0,5,provable,proved,,ok,focus,MELL,63,32,621.928,8792539,8781319,1820,64310000,0,0,2048,2200.000,0.101,auto,30
family,counter,32,0,counter/32,classical,auto,8,false,,120,1,5,provable,proved,,ok,focus,MELL,63,32,629.705,8802078,8790799,1823,64330934,0,0,2048,2240.000,0.121,auto,30
family,counter,32,0,counter/32,classical,auto,8,false,,120,2,5,provable,proved,,ok,focus,MELL,63,32,633.331,8884879,8873583,1823,64861440,0,0,2048,2250.000,0.114,auto,30
family,counter,32,0,counter/32,classical,auto,16,false,,120,0,5,provable,proved,,ok,focus,MELL,63,32,699.963,10636870,10624181,1846,77290963,0,0,2048,3030.000,0.106,auto,30
family,counter,32,0,counter/32,classical,auto,16,false,,120,1,5,provable,proved,,ok,focus,MELL,63,32,693.552,10715086,10702251,1823,77589060,0,0,2048,3020.000,0.068,auto,30
family,counter,32,0,counter/32,classical,auto,16,false,,120,2,5,provable,proved,,ok,focus,MELL,63,32,716.412,10756507,10743565,1824,77803587,0,0,2048,3120.000,0.105,auto,30
family,counter,64,0,counter/64,classical,auto,1,false,,120,0,6,provable,proved,,ok,focus,MELL,101,64,78449.098,435532409,435441820,26799,5340643641,0,0,2048,82220.000,7.146,auto,30
family,counter,64,0,counter/64,classical,auto,2,false,,120,0,6,provable,proved,,ok,focus,MELL,101,64,101902.308,435532409,435441820,26799,5340643641,0,0,2048,102240.000,11.643,auto,30
family,counter,64,0,counter/64,classical,auto,4,false,,120,0,6,provable,proved,,ok,focus,MELL,101,64,76888.363,550419731,550325872,26649,6865387323,0,0,2048,152910.000,16.590,auto,30
family,counter,64,0,counter/64,classical,auto,8,false,,120,0,6,provable,proved,,ok,focus,MELL,101,64,22554.165,272562023,272503490,7398,3617356676,0,0,2048,84290.000,3.800,auto,30
family,counter,64,0,counter/64,classical,auto,16,false,,120,0,6,provable,proved,,ok,focus,MELL,101,64,23899.620,319584662,319516030,7257,4271577571,0,0,2048,109390.000,4.033,auto,30
family,counter-over,2,0,counter-over/2,classical,auto,1,false,,120,0,1,unprovable,unprovable,,,focus,MELL,11,3,0.076,5,0,3,10,0,0,2048,0.000,0.000,auto,30
family,counter-over,2,0,counter-over/2,classical,auto,1,false,,120,1,1,unprovable,unprovable,,,focus,MELL,11,3,0.058,5,0,3,10,0,0,2048,0.000,0.000,auto,30
family,counter-over,2,0,counter-over/2,classical,auto,1,false,,120,2,1,unprovable,unprovable,,,focus,MELL,11,3,0.065,5,0,3,10,0,0,2048,0.000,0.000,auto,30
family,counter-over,2,0,counter-over/2,classical,auto,2,false,,120,0,1,unprovable,unprovable,,,focus,MELL,11,3,0.093,9,0,5,20,0,0,2048,0.000,0.000,auto,30
family,counter-over,2,0,counter-over/2,classical,auto,2,false,,120,1,1,unprovable,unprovable,,,focus,MELL,11,3,0.086,6,0,3,10,0,0,2048,0.000,0.000,auto,30
family,counter-over,2,0,counter-over/2,classical,auto,2,false,,120,2,1,unprovable,unprovable,,,focus,MELL,11,3,0.099,6,0,3,10,0,0,2048,0.000,0.000,auto,30
family,counter-over,2,0,counter-over/2,classical,auto,4,false,,120,0,1,unprovable,unprovable,,,focus,MELL,11,3,0.163,30,11,16,57,0,0,2048,0.000,0.000,auto,30
family,counter-over,2,0,counter-over/2,classical,auto,4,false,,120,1,1,unprovable,unprovable,,,focus,MELL,11,3,0.138,30,11,16,57,0,0,2048,0.000,0.000,auto,30
family,counter-over,2,0,counter-over/2,classical,auto,4,false,,120,2,1,unprovable,unprovable,,,focus,MELL,11,3,0.150,30,10,16,58,0,0,2048,0.000,0.000,auto,30
family,counter-over,2,0,counter-over/2,classical,auto,8,false,,120,0,1,unprovable,unprovable,,,focus,MELL,11,3,0.200,30,11,16,54,0,0,2048,0.000,0.000,auto,30
family,counter-over,2,0,counter-over/2,classical,auto,8,false,,120,1,1,unprovable,unprovable,,,focus,MELL,11,3,0.271,30,10,16,54,0,0,2048,0.000,0.000,auto,30
family,counter-over,2,0,counter-over/2,classical,auto,8,false,,120,2,1,unprovable,unprovable,,,focus,MELL,11,3,0.240,30,9,16,55,0,0,2048,0.000,0.000,auto,30
family,counter-over,2,0,counter-over/2,classical,auto,16,false,,120,0,1,unprovable,unprovable,,,focus,MELL,11,3,0.510,30,8,16,55,0,0,2048,0.000,0.002,auto,30
family,counter-over,2,0,counter-over/2,classical,auto,16,false,,120,1,1,unprovable,unprovable,,,focus,MELL,11,3,0.565,30,7,16,55,0,0,2048,0.000,0.000,auto,30
family,counter-over,2,0,counter-over/2,classical,auto,16,false,,120,2,1,unprovable,unprovable,,,focus,MELL,11,3,0.496,30,5,16,55,0,0,2048,0.000,0.000,auto,30
family,counter-over,4,0,counter-over/4,classical,auto,1,false,,120,0,2,unprovable,unprovable,,,focus,MELL,19,4,0.067,14,0,6,43,0,0,2048,0.000,0.000,auto,30
family,counter-over,4,0,counter-over/4,classical,auto,1,false,,120,1,2,unprovable,unprovable,,,focus,MELL,19,4,0.079,14,0,6,43,0,0,2048,0.000,0.000,auto,30
family,counter-over,4,0,counter-over/4,classical,auto,1,false,,120,2,2,unprovable,unprovable,,,focus,MELL,19,4,0.077,14,0,6,43,0,0,2048,0.000,0.000,auto,30
family,counter-over,4,0,counter-over/4,classical,auto,2,false,,120,0,2,unprovable,unprovable,,,focus,MELL,19,4,0.130,62,35,17,176,0,0,2048,0.000,0.000,auto,30
family,counter-over,4,0,counter-over/4,classical,auto,2,false,,120,1,2,unprovable,unprovable,,,focus,MELL,19,4,0.128,15,0,6,43,0,0,2048,0.000,0.000,auto,30
family,counter-over,4,0,counter-over/4,classical,auto,2,false,,120,2,2,unprovable,unprovable,,,focus,MELL,19,4,0.100,65,36,17,193,0,0,2048,0.000,0.000,auto,30
family,counter-over,4,0,counter-over/4,classical,auto,4,false,,120,0,2,unprovable,unprovable,,,focus,MELL,19,4,0.451,816,744,46,2004,0,0,2048,0.000,0.000,auto,30
family,counter-over,4,0,counter-over/4,classical,auto,4,false,,120,1,2,unprovable,unprovable,,,focus,MELL,19,4,0.171,107,67,20,310,0,0,2048,0.000,0.000,auto,30
family,counter-over,4,0,counter-over/4,classical,auto,4,false,,120,2,2,unprovable,unprovable,,,focus,MELL,19,4,0.164,96,57,20,282,0,0,2048,0.000,0.000,auto,30
family,counter-over,4,0,counter-over/4,classical,auto,8,false,,120,0,2,unprovable,unprovable,,,focus,MELL,19,4,0.268,223,167,28,590,0,0,2048,0.000,0.000,auto,30
family,counter-over,4,0,counter-over/4,classical,auto,8,false,,120,1,2,unprovable,unprovable,,,focus,MELL,19,4,0.243,282,214,32,741,0,0,2048,0.000,0.000,auto,30
family,counter-over,4,0,counter-over/4,classical,auto,8,false,,120,2,2,unprovable,unprovable,,,focus,MELL,19,4,0.309,205,146,30,551,0,0,2048,0.000,0.000,auto,30
family,counter-over,4,0,counter-over/4,classical,auto,16,false,,120,0,2,unprovable,unprovable,,,focus,MELL,19,4,0.606,471,405,34,1157,0,0,2048,0.000,0.000,auto,30
family,counter-over,4,0,counter-over/4,classical,auto,16,false,,120,1,2,unprovable,unprovable,,,focus,MELL,19,4,0.568,200,140,27,541,0,0,2048,0.000,0.000,auto,30
family,counter-over,4,0,counter-over/4,classical,auto,16,false,,120,2,2,unprovable,unprovable,,,focus,MELL,19,4,0.493,276,211,32,719,0,0,2048,0.000,0.000,auto,30
family,counter-over,8,0,counter-over/8,classical,auto,1,false,,120,0,3,unprovable,unprovable,,,focus,MELL,29,8,0.116,64,9,16,245,0,0,2048,0.000,0.000,auto,30
family,counter-over,8,0,counter-over/8,classical,auto,1,false,,120,1,3,unprovable,unprovable,,,focus,MELL,29,8,0.111,64,9,16,245,0,0,2048,0.000,0.000,auto,30
family,counter-over,8,0,counter-over/8,classical,auto,1,false,,120,2,3,unprovable,unprovable,,,focus,MELL,29,8,0.116,64,9,16,245,0,0,2048,0.000,0.000,auto,30
family,counter-over,8,0,counter-over/8,classical,auto,2,false,,120,0,3,unprovable,unprovable,,,focus,MELL,29,8,0.141,205,126,36,761,0,0,2048,0.000,0.000,auto,30
family,counter-over,8,0,counter-over/8,classical,auto,2,false,,120,1,3,unprovable,unprovable,,,focus,MELL,29,8,0.175,272,182,43,924,0,0,2048,0.000,0.000,auto,30
family,counter-over,8,0,counter-over/8,classical,auto,2,false,,120,2,3,unprovable,unprovable,,,focus,MELL,29,8,0.165,238,151,41,843,0,0,2048,0.000,0.000,auto,30
family,counter-over,8,0,counter-over/8,classical,auto,4,false,,120,0,3,unprovable,unprovable,,,focus,MELL,29,8,0.274,966,847,60,3083,0,0,2048,0.000,0.000,auto,30
family,counter-over,8,0,counter-over/8,classical,auto,4,false,,120,1,3,unprovable,unprovable,,,focus,MELL,29,8,0.266,895,776,59,2842,0,0,2048,0.000,0.000,auto,30
family,counter-over,8,0,counter-over/8,classical,auto,4,false,,120,2,3,unprovable,unprovable,,,focus,MELL,29,8,0.276,1094,972,62,3522,0,0,2048,0.000,0.000,auto,30
family,counter-over,8,0,counter-over/8,classical,auto,8,false,,120,0,3,unprovable,unprovable,,,focus,MELL,29,8,0.393,2399,2237,64,7873,0,0,2048,0.000,0.000,auto,30
family,counter-over,8,0,counter-over/8,classical,auto,8,false,,120,1,3,unprovable,unprovable,,,focus,MELL,29,8,0.454,763,632,53,2379,0,0,2048,0.000,0.000,auto,30
family,counter-over,8,0,counter-over/8,classical,auto,8,false,,120,2,3,unprovable,unprovable,,,focus,MELL,29,8,0.482,3130,2967,66,10042,0,0,2048,0.000,0.000,auto,30
family,counter-over,8,0,counter-over/8,classical,auto,16,false,,120,0,3,unprovable,unprovable,,,focus,MELL,29,8,0.940,5832,5563,86,18190,0,0,2048,0.000,0.000,auto,30
family,counter-over,8,0,counter-over/8,classical,auto,16,false,,120,1,3,unprovable,unprovable,,,focus,MELL,29,8,0.642,3529,3356,66,11172,0,0,2048,0.000,0.000,auto,30
family,counter-over,8,0,counter-over/8,classical,auto,16,false,,120,2,3,unprovable,unprovable,,,focus,MELL,29,8,0.759,2877,2716,66,9278,0,0,2048,0.000,0.000,auto,30
family,counter-over,16,0,counter-over/16,classical,auto,1,false,,120,0,4,unprovable,unprovable,,,focus,MELL,43,16,0.380,505,173,62,2004,0,0,2048,0.000,0.000,auto,30
family,counter-over,16,0,counter-over/16,classical,auto,1,false,,120,1,4,unprovable,unprovable,,,focus,MELL,43,16,0.403,505,173,62,2004,0,0,2048,0.000,0.000,auto,30
family,counter-over,16,0,counter-over/16,classical,auto,1,false,,120,2,4,unprovable,unprovable,,,focus,MELL,43,16,0.412,505,173,62,2004,0,0,2048,0.000,0.000,auto,30
family,counter-over,16,0,counter-over/16,classical,auto,2,false,,120,0,4,unprovable,unprovable,,,focus,MELL,43,16,0.430,2223,1809,126,8290,0,0,2048,0.000,0.000,auto,30
family,counter-over,16,0,counter-over/16,classical,auto,2,false,,120,1,4,unprovable,unprovable,,,focus,MELL,43,16,0.426,1684,1279,120,6483,0,0,2048,0.000,0.000,auto,30
family,counter-over,16,0,counter-over/16,classical,auto,2,false,,120,2,4,unprovable,unprovable,,,focus,MELL,43,16,0.440,2159,1746,125,8046,0,0,2048,0.000,0.000,auto,30
family,counter-over,16,0,counter-over/16,classical,auto,4,false,,120,0,4,unprovable,unprovable,,,focus,MELL,43,16,0.731,5792,5338,149,25185,0,0,2048,0.000,0.000,auto,30
family,counter-over,16,0,counter-over/16,classical,auto,4,false,,120,1,4,unprovable,unprovable,,,focus,MELL,43,16,0.712,5641,5188,148,24463,0,0,2048,0.000,0.000,auto,30
family,counter-over,16,0,counter-over/16,classical,auto,4,false,,120,2,4,unprovable,unprovable,,,focus,MELL,43,16,0.799,5551,5098,148,24048,0,0,2048,0.000,0.000,auto,30
family,counter-over,16,0,counter-over/16,classical,auto,8,false,,120,0,4,unprovable,unprovable,,,focus,MELL,43,16,0.978,10294,9780,149,48593,0,0,2048,0.000,0.000,auto,30
family,counter-over,16,0,counter-over/16,classical,auto,8,false,,120,1,4,unprovable,unprovable,,,focus,MELL,43,16,1.283,15572,15052,156,74071,0,0,2048,0.000,0.000,auto,30
family,counter-over,16,0,counter-over/16,classical,auto,8,false,,120,2,4,unprovable,unprovable,,,focus,MELL,43,16,1.191,6632,6152,143,28690,0,0,2048,0.000,0.000,auto,30
family,counter-over,16,0,counter-over/16,classical,auto,16,false,,120,0,4,unprovable,unprovable,,,focus,MELL,43,16,1.388,13991,13463,151,65114,0,0,2048,0.000,0.000,auto,30
family,counter-over,16,0,counter-over/16,classical,auto,16,false,,120,1,4,unprovable,unprovable,,,focus,MELL,43,16,1.237,9990,9478,143,46770,0,0,2048,0.000,0.000,auto,30
family,counter-over,16,0,counter-over/16,classical,auto,16,false,,120,2,4,unprovable,unprovable,,,focus,MELL,43,16,1.235,14181,13653,153,67218,0,0,2048,0.000,0.000,auto,30
family,counter-over,32,0,counter-over/32,classical,auto,1,false,,120,0,5,unprovable,unknown,copy_bound,,focus,MELL,65,32,2276.929,15745704,15729072,6001,110506274,0,0,2048,2330.000,0.222,auto,30
family,counter-over,32,0,counter-over/32,classical,auto,2,false,,120,0,5,unprovable,unknown,copy_bound,,focus,MELL,65,32,3149.976,15745704,15729072,6001,110506274,0,0,2048,3160.000,0.404,auto,30
family,counter-over,32,0,counter-over/32,classical,auto,4,false,,120,0,5,unprovable,unknown,copy_bound,,focus,MELL,65,32,2521.867,20402090,20384771,6001,145594939,0,0,2048,4720.000,0.325,auto,30
family,counter-over,32,0,counter-over/32,classical,auto,8,false,,120,0,5,unprovable,unknown,copy_bound,,focus,MELL,65,32,2724.144,35439308,35415497,6001,255458921,0,0,2048,9300.000,0.700,auto,30
family,counter-over,32,0,counter-over/32,classical,auto,16,false,,120,0,5,unprovable,unknown,copy_bound,,focus,MELL,65,32,2871.873,40839671,40812861,6001,295900048,0,0,2048,11720.000,0.788,auto,30
family,counter-over,64,0,counter-over/64,classical,auto,1,false,,120,0,6,unprovable,unknown,copy_bound,,focus,MELL,103,64,82992.371,457739836,457646427,27686,5669775172,0,0,2048,85050.000,10.754,auto,30
family,counter-over,64,0,counter-over/64,classical,auto,2,false,,120,0,6,unprovable,unknown,copy_bound,,focus,MELL,103,64,112725.618,457739836,457646427,27686,5669775172,0,0,2048,113010.000,14.062,auto,30
family,counter-over,64,0,counter-over/64,classical,auto,4,false,,120,0,6,unprovable,unknown,copy_bound,,focus,MELL,103,64,86580.302,589861270,589764294,27686,7480548970,0,0,2048,166590.000,10.782,auto,30
family,counter-over,64,0,counter-over/64,classical,auto,8,false,,120,0,6,unprovable,unknown,copy_bound,,focus,MELL,103,64,95970.906,1070371616,1070226449,27686,13928690421,0,0,2048,349970.000,16.060,auto,30
family,counter-over,64,0,counter-over/64,classical,auto,16,false,,120,0,6,unprovable,unknown,copy_bound,,focus,MELL,103,64,103023.168,1290897104,1290726816,27686,16960378630,0,0,2048,459660.000,18.534,auto,30
family,wide-m3,24,0,wide-m3/24,classical,auto,1,false,,120,0,3,provable,proved,,ok,focus,MLL,167,3,0.115,25,0,25,454,0,0,2048,0.000,0.000,auto,30
family,wide-m3,24,0,wide-m3/24,classical,auto,1,false,,120,1,3,provable,proved,,ok,focus,MLL,167,3,0.102,25,0,25,454,0,0,2048,0.000,0.000,auto,30
family,wide-m3,24,0,wide-m3/24,classical,auto,1,false,,120,2,3,provable,proved,,ok,focus,MLL,167,3,0.119,25,0,25,454,0,0,2048,0.000,0.000,auto,30
family,wide-m3,24,0,wide-m3/24,classical,auto,2,false,,120,0,3,provable,proved,,ok,focus,MLL,167,3,0.212,25,0,25,453,0,0,2048,0.000,0.000,auto,30
family,wide-m3,24,0,wide-m3/24,classical,auto,2,false,,120,1,3,provable,proved,,ok,focus,MLL,167,3,0.198,25,0,25,453,0,0,2048,0.000,0.000,auto,30
family,wide-m3,24,0,wide-m3/24,classical,auto,2,false,,120,2,3,provable,proved,,ok,focus,MLL,167,3,0.195,25,0,25,453,0,0,2048,0.000,0.000,auto,30
family,wide-m3,24,0,wide-m3/24,classical,auto,4,false,,120,0,3,provable,proved,,ok,focus,MLL,167,3,0.270,25,0,25,453,0,0,2048,0.000,0.000,auto,30
family,wide-m3,24,0,wide-m3/24,classical,auto,4,false,,120,1,3,provable,proved,,ok,focus,MLL,167,3,0.254,25,0,25,453,0,0,2048,0.000,0.000,auto,30
family,wide-m3,24,0,wide-m3/24,classical,auto,4,false,,120,2,3,provable,proved,,ok,focus,MLL,167,3,0.233,25,0,25,453,0,0,2048,0.000,0.000,auto,30
family,wide-m3,24,0,wide-m3/24,classical,auto,8,false,,120,0,3,provable,proved,,ok,focus,MLL,167,3,0.316,25,0,25,455,0,0,2048,0.000,0.000,auto,30
family,wide-m3,24,0,wide-m3/24,classical,auto,8,false,,120,1,3,provable,proved,,ok,focus,MLL,167,3,0.331,25,0,25,455,0,0,2048,0.000,0.000,auto,30
family,wide-m3,24,0,wide-m3/24,classical,auto,8,false,,120,2,3,provable,proved,,ok,focus,MLL,167,3,0.387,25,0,25,455,0,0,2048,0.000,0.000,auto,30
family,wide-m3,24,0,wide-m3/24,classical,auto,16,false,,120,0,3,provable,proved,,ok,focus,MLL,167,3,0.643,25,0,25,458,0,0,2048,0.000,0.000,auto,30
family,wide-m3,24,0,wide-m3/24,classical,auto,16,false,,120,1,3,provable,proved,,ok,focus,MLL,167,3,0.666,25,0,25,458,0,0,2048,0.000,0.000,auto,30
family,wide-m3,24,0,wide-m3/24,classical,auto,16,false,,120,2,3,provable,proved,,ok,focus,MLL,167,3,0.681,25,0,25,458,0,0,2048,0.000,0.000,auto,30
family,wide-m3,30,0,wide-m3/30,classical,auto,1,false,,120,0,3,provable,proved,,ok,focus,MLL,209,3,0.156,31,0,31,688,0,0,2048,0.000,0.000,auto,30
family,wide-m3,30,0,wide-m3/30,classical,auto,1,false,,120,1,3,provable,proved,,ok,focus,MLL,209,3,0.146,31,0,31,688,0,0,2048,0.000,0.000,auto,30
family,wide-m3,30,0,wide-m3/30,classical,auto,1,false,,120,2,3,provable,proved,,ok,focus,MLL,209,3,0.152,31,0,31,688,0,0,2048,0.000,0.000,auto,30
family,wide-m3,30,0,wide-m3/30,classical,auto,2,false,,120,0,3,provable,proved,,ok,focus,MLL,209,3,0.270,31,0,31,687,0,0,2048,0.000,0.000,auto,30
family,wide-m3,30,0,wide-m3/30,classical,auto,2,false,,120,1,3,provable,proved,,ok,focus,MLL,209,3,0.260,31,0,31,687,0,0,2048,0.000,0.000,auto,30
family,wide-m3,30,0,wide-m3/30,classical,auto,2,false,,120,2,3,provable,proved,,ok,focus,MLL,209,3,0.269,31,0,31,687,0,0,2048,0.000,0.000,auto,30
family,wide-m3,30,0,wide-m3/30,classical,auto,4,false,,120,0,3,provable,proved,,ok,focus,MLL,209,3,0.283,31,0,31,687,0,0,2048,0.000,0.000,auto,30
family,wide-m3,30,0,wide-m3/30,classical,auto,4,false,,120,1,3,provable,proved,,ok,focus,MLL,209,3,0.315,31,0,31,687,0,0,2048,0.000,0.000,auto,30
family,wide-m3,30,0,wide-m3/30,classical,auto,4,false,,120,2,3,provable,proved,,ok,focus,MLL,209,3,0.306,31,0,31,687,0,0,2048,0.000,0.000,auto,30
family,wide-m3,30,0,wide-m3/30,classical,auto,8,false,,120,0,3,provable,proved,,ok,focus,MLL,209,3,0.443,31,0,31,689,0,0,2048,0.000,0.000,auto,30
family,wide-m3,30,0,wide-m3/30,classical,auto,8,false,,120,1,3,provable,proved,,ok,focus,MLL,209,3,0.424,31,0,31,689,0,0,2048,0.000,0.000,auto,30
family,wide-m3,30,0,wide-m3/30,classical,auto,8,false,,120,2,3,provable,proved,,ok,focus,MLL,209,3,0.392,31,0,31,689,0,0,2048,0.000,0.000,auto,30
family,wide-m3,30,0,wide-m3/30,classical,auto,16,false,,120,0,3,provable,proved,,ok,focus,MLL,209,3,0.611,31,0,31,692,0,0,2048,0.000,0.000,auto,30
family,wide-m3,30,0,wide-m3/30,classical,auto,16,false,,120,1,3,provable,proved,,ok,focus,MLL,209,3,0.705,31,0,31,692,0,0,2048,0.000,0.000,auto,30
family,wide-m3,30,0,wide-m3/30,classical,auto,16,false,,120,2,3,provable,proved,,ok,focus,MLL,209,3,0.518,31,0,31,692,0,0,2048,0.000,0.000,auto,30
family,wide-m3,36,0,wide-m3/36,classical,auto,1,false,,120,0,3,provable,proved,,ok,focus,MLL,251,3,0.183,37,0,37,970,0,0,2048,0.000,0.000,auto,30
family,wide-m3,36,0,wide-m3/36,classical,auto,1,false,,120,1,3,provable,proved,,ok,focus,MLL,251,3,0.175,37,0,37,970,0,0,2048,0.000,0.000,auto,30
family,wide-m3,36,0,wide-m3/36,classical,auto,1,false,,120,2,3,provable,proved,,ok,focus,MLL,251,3,0.182,37,0,37,970,0,0,2048,0.000,0.000,auto,30
family,wide-m3,36,0,wide-m3/36,classical,auto,2,false,,120,0,3,provable,proved,,ok,focus,MLL,251,3,0.310,37,0,37,969,0,0,2048,0.000,0.000,auto,30
family,wide-m3,36,0,wide-m3/36,classical,auto,2,false,,120,1,3,provable,proved,,ok,focus,MLL,251,3,0.252,37,0,37,969,0,0,2048,0.000,0.000,auto,30
family,wide-m3,36,0,wide-m3/36,classical,auto,2,false,,120,2,3,provable,proved,,ok,focus,MLL,251,3,0.274,37,0,37,969,0,0,2048,0.000,0.000,auto,30
family,wide-m3,36,0,wide-m3/36,classical,auto,4,false,,120,0,3,provable,proved,,ok,focus,MLL,251,3,0.325,37,0,37,969,0,0,2048,0.000,0.000,auto,30
family,wide-m3,36,0,wide-m3/36,classical,auto,4,false,,120,1,3,provable,proved,,ok,focus,MLL,251,3,0.318,37,0,37,969,0,0,2048,0.000,0.000,auto,30
family,wide-m3,36,0,wide-m3/36,classical,auto,4,false,,120,2,3,provable,proved,,ok,focus,MLL,251,3,0.315,37,0,37,969,0,0,2048,0.000,0.000,auto,30
family,wide-m3,36,0,wide-m3/36,classical,auto,8,false,,120,0,3,provable,proved,,ok,focus,MLL,251,3,0.393,37,0,37,971,0,0,2048,0.000,0.000,auto,30
family,wide-m3,36,0,wide-m3/36,classical,auto,8,false,,120,1,3,provable,proved,,ok,focus,MLL,251,3,0.471,37,0,37,971,0,0,2048,0.000,0.000,auto,30
family,wide-m3,36,0,wide-m3/36,classical,auto,8,false,,120,2,3,provable,proved,,ok,focus,MLL,251,3,0.424,37,0,37,971,0,0,2048,0.000,0.000,auto,30
family,wide-m3,36,0,wide-m3/36,classical,auto,16,false,,120,0,3,provable,proved,,ok,focus,MLL,251,3,0.755,37,0,37,974,0,0,2048,0.000,0.000,auto,30
family,wide-m3,36,0,wide-m3/36,classical,auto,16,false,,120,1,3,provable,proved,,ok,focus,MLL,251,3,0.687,37,0,37,974,0,0,2048,0.000,0.000,auto,30
family,wide-m3,36,0,wide-m3/36,classical,auto,16,false,,120,2,3,provable,proved,,ok,focus,MLL,251,3,0.642,37,0,37,974,0,0,2048,0.000,0.000,auto,30
family,wide-m4,28,0,wide-m4/28,classical,auto,1,false,,120,0,3,provable,proved,,ok,focus,MLL,195,4,0.149,29,0,29,572,0,0,2048,0.000,0.000,auto,30
family,wide-m4,28,0,wide-m4/28,classical,auto,1,false,,120,1,3,provable,proved,,ok,focus,MLL,195,4,0.153,29,0,29,572,0,0,2048,0.000,0.000,auto,30
family,wide-m4,28,0,wide-m4/28,classical,auto,1,false,,120,2,3,provable,proved,,ok,focus,MLL,195,4,0.137,29,0,29,572,0,0,2048,0.000,0.000,auto,30
family,wide-m4,28,0,wide-m4/28,classical,auto,2,false,,120,0,3,provable,proved,,ok,focus,MLL,195,4,0.229,29,0,29,571,0,0,2048,0.000,0.000,auto,30
family,wide-m4,28,0,wide-m4/28,classical,auto,2,false,,120,1,3,provable,proved,,ok,focus,MLL,195,4,0.229,29,0,29,571,0,0,2048,0.000,0.000,auto,30
family,wide-m4,28,0,wide-m4/28,classical,auto,2,false,,120,2,3,provable,proved,,ok,focus,MLL,195,4,0.211,29,0,29,571,0,0,2048,0.000,0.000,auto,30
family,wide-m4,28,0,wide-m4/28,classical,auto,4,false,,120,0,3,provable,proved,,ok,focus,MLL,195,4,0.291,29,0,29,571,0,0,2048,0.000,0.000,auto,30
family,wide-m4,28,0,wide-m4/28,classical,auto,4,false,,120,1,3,provable,proved,,ok,focus,MLL,195,4,0.259,29,0,29,571,0,0,2048,0.000,0.000,auto,30
family,wide-m4,28,0,wide-m4/28,classical,auto,4,false,,120,2,3,provable,proved,,ok,focus,MLL,195,4,0.267,29,0,29,571,0,0,2048,0.000,0.000,auto,30
family,wide-m4,28,0,wide-m4/28,classical,auto,8,false,,120,0,3,provable,proved,,ok,focus,MLL,195,4,0.399,29,0,29,571,0,0,2048,0.000,0.000,auto,30
family,wide-m4,28,0,wide-m4/28,classical,auto,8,false,,120,1,3,provable,proved,,ok,focus,MLL,195,4,0.369,29,0,29,571,0,0,2048,0.000,0.000,auto,30
family,wide-m4,28,0,wide-m4/28,classical,auto,8,false,,120,2,3,provable,proved,,ok,focus,MLL,195,4,0.365,29,0,29,571,0,0,2048,0.000,0.000,auto,30
family,wide-m4,28,0,wide-m4/28,classical,auto,16,false,,120,0,3,provable,proved,,ok,focus,MLL,195,4,0.699,29,0,29,574,0,0,2048,0.000,0.000,auto,30
family,wide-m4,28,0,wide-m4/28,classical,auto,16,false,,120,1,3,provable,proved,,ok,focus,MLL,195,4,0.625,29,0,29,574,0,0,2048,0.000,0.000,auto,30
family,wide-m4,28,0,wide-m4/28,classical,auto,16,false,,120,2,3,provable,proved,,ok,focus,MLL,195,4,0.775,29,0,29,574,0,0,2048,0.000,0.000,auto,30
family,wide-m4,32,0,wide-m4/32,classical,auto,1,false,,120,0,3,provable,proved,,ok,focus,MLL,223,4,0.182,33,0,33,734,0,0,2048,0.000,0.000,auto,30
family,wide-m4,32,0,wide-m4/32,classical,auto,1,false,,120,1,3,provable,proved,,ok,focus,MLL,223,4,0.179,33,0,33,734,0,0,2048,0.000,0.000,auto,30
family,wide-m4,32,0,wide-m4/32,classical,auto,1,false,,120,2,3,provable,proved,,ok,focus,MLL,223,4,0.174,33,0,33,734,0,0,2048,0.000,0.000,auto,30
family,wide-m4,32,0,wide-m4/32,classical,auto,2,false,,120,0,3,provable,proved,,ok,focus,MLL,223,4,0.250,33,0,33,733,0,0,2048,0.000,0.000,auto,30
family,wide-m4,32,0,wide-m4/32,classical,auto,2,false,,120,1,3,provable,proved,,ok,focus,MLL,223,4,0.266,33,0,33,733,0,0,2048,0.000,0.000,auto,30
family,wide-m4,32,0,wide-m4/32,classical,auto,2,false,,120,2,3,provable,proved,,ok,focus,MLL,223,4,0.281,33,0,33,733,0,0,2048,0.000,0.000,auto,30
family,wide-m4,32,0,wide-m4/32,classical,auto,4,false,,120,0,3,provable,proved,,ok,focus,MLL,223,4,0.280,33,0,33,733,0,0,2048,0.000,0.000,auto,30
family,wide-m4,32,0,wide-m4/32,classical,auto,4,false,,120,1,3,provable,proved,,ok,focus,MLL,223,4,0.311,33,0,33,733,0,0,2048,0.000,0.000,auto,30
family,wide-m4,32,0,wide-m4/32,classical,auto,4,false,,120,2,3,provable,proved,,ok,focus,MLL,223,4,0.284,33,0,33,733,0,0,2048,0.000,0.000,auto,30
family,wide-m4,32,0,wide-m4/32,classical,auto,8,false,,120,0,3,provable,proved,,ok,focus,MLL,223,4,0.393,33,0,33,733,0,0,2048,0.000,0.000,auto,30
family,wide-m4,32,0,wide-m4/32,classical,auto,8,false,,120,1,3,provable,proved,,ok,focus,MLL,223,4,0.394,33,0,33,733,0,0,2048,0.000,0.000,auto,30
family,wide-m4,32,0,wide-m4/32,classical,auto,8,false,,120,2,3,provable,proved,,ok,focus,MLL,223,4,0.369,33,0,33,733,0,0,2048,0.000,0.000,auto,30
family,wide-m4,32,0,wide-m4/32,classical,auto,16,false,,120,0,3,provable,proved,,ok,focus,MLL,223,4,0.776,33,0,33,736,0,0,2048,0.000,0.000,auto,30
family,wide-m4,32,0,wide-m4/32,classical,auto,16,false,,120,1,3,provable,proved,,ok,focus,MLL,223,4,0.605,33,0,33,736,0,0,2048,0.000,0.000,auto,30
family,wide-m4,32,0,wide-m4/32,classical,auto,16,false,,120,2,3,provable,proved,,ok,focus,MLL,223,4,0.620,33,0,33,736,0,0,2048,0.000,0.000,auto,30
family,wide-m4,36,0,wide-m4/36,classical,auto,1,false,,120,0,3,provable,proved,,ok,focus,MLL,251,4,0.211,37,0,37,916,0,0,2048,0.000,0.000,auto,30
family,wide-m4,36,0,wide-m4/36,classical,auto,1,false,,120,1,3,provable,proved,,ok,focus,MLL,251,4,0.175,37,0,37,916,0,0,2048,0.000,0.000,auto,30
family,wide-m4,36,0,wide-m4/36,classical,auto,1,false,,120,2,3,provable,proved,,ok,focus,MLL,251,4,0.171,37,0,37,916,0,0,2048,0.000,0.000,auto,30
family,wide-m4,36,0,wide-m4/36,classical,auto,2,false,,120,0,3,provable,proved,,ok,focus,MLL,251,4,0.307,37,0,37,915,0,0,2048,0.000,0.000,auto,30
family,wide-m4,36,0,wide-m4/36,classical,auto,2,false,,120,1,3,provable,proved,,ok,focus,MLL,251,4,0.257,37,0,37,915,0,0,2048,0.000,0.000,auto,30
family,wide-m4,36,0,wide-m4/36,classical,auto,2,false,,120,2,3,provable,proved,,ok,focus,MLL,251,4,0.270,37,0,37,915,0,0,2048,0.000,0.000,auto,30
family,wide-m4,36,0,wide-m4/36,classical,auto,4,false,,120,0,3,provable,proved,,ok,focus,MLL,251,4,0.329,37,0,37,915,0,0,2048,0.000,0.000,auto,30
family,wide-m4,36,0,wide-m4/36,classical,auto,4,false,,120,1,3,provable,proved,,ok,focus,MLL,251,4,0.306,37,0,37,915,0,0,2048,0.000,0.000,auto,30
family,wide-m4,36,0,wide-m4/36,classical,auto,4,false,,120,2,3,provable,proved,,ok,focus,MLL,251,4,0.331,37,0,37,915,0,0,2048,0.000,0.000,auto,30
family,wide-m4,36,0,wide-m4/36,classical,auto,8,false,,120,0,3,provable,proved,,ok,focus,MLL,251,4,0.409,37,0,37,915,0,0,2048,0.000,0.000,auto,30
family,wide-m4,36,0,wide-m4/36,classical,auto,8,false,,120,1,3,provable,proved,,ok,focus,MLL,251,4,0.412,37,0,37,915,0,0,2048,0.000,0.000,auto,30
family,wide-m4,36,0,wide-m4/36,classical,auto,8,false,,120,2,3,provable,proved,,ok,focus,MLL,251,4,0.471,37,0,37,915,0,0,2048,0.000,0.000,auto,30
family,wide-m4,36,0,wide-m4/36,classical,auto,16,false,,120,0,3,provable,proved,,ok,focus,MLL,251,4,0.638,37,0,37,918,0,0,2048,0.000,0.000,auto,30
family,wide-m4,36,0,wide-m4/36,classical,auto,16,false,,120,1,3,provable,proved,,ok,focus,MLL,251,4,0.711,37,0,37,918,0,0,2048,0.000,0.000,auto,30
family,wide-m4,36,0,wide-m4/36,classical,auto,16,false,,120,2,3,provable,proved,,ok,focus,MLL,251,4,0.633,37,0,37,918,0,0,2048,0.000,0.000,auto,30
