source,family,size,index,problem,mode,engine_requested,jobs,portfolio,test_period,timeout_s,run,copies,expected,verdict,reason,checked,engine,fragment,occurrences,multiplicity,time_ms,nodes,memo_hits,memo_entries,splits,links,tests
lltp,CLL/Non-theorems,,,nth1.p,classical,auto,1,false,,5,0,3,unprovable,unprovable,,,focus,MALL,41,4,0.062,105,38,67,365,0,0
lltp,CLL/Non-theorems,,,nth2.p,classical,auto,1,false,,5,0,3,unprovable,unprovable,,,focus,MALL,41,4,0.010,1,0,1,0,0,0
lltp,CLL/Non-theorems,,,nth3.p,classical,auto,1,false,,5,0,3,unprovable,unprovable,,,focus,MALL,15,2,0.014,13,4,9,6,0,0
lltp,CLL/misc,,,ax.p,classical,auto,1,false,,5,0,3,provable,proved,,ok,net,MLL,3,1,0.013,1,0,0,0,1,1
lltp,CLL/misc,,,lcm_1_2.p,classical,auto,1,false,,5,0,3,provable,unknown,copy_bound,,focus,MELL,17,2,0.051,130,82,30,91,0,0
lltp,CLL/misc,,,lcm_2_2.p,classical,auto,1,false,,5,0,3,provable,unknown,copy_bound,,focus,MELL,19,2,0.065,267,178,62,183,0,0
lltp,CLL/misc,,,lcm_2_3.p,classical,auto,1,false,,5,0,3,provable,unknown,copy_bound,,focus,MELL,21,3,0.086,415,280,104,317,0,0
lltp,CLL/misc,,,lcm_7_13.p,classical,auto,1,false,,5,0,3,provable,unknown,timeout,,focus,MELL,51,13,5012.492,35303318,32116004,1048576,35302875,0,0
lltp,CLL/misc,,,lindistr.p,classical,auto,1,false,,5,0,3,provable,proved,,ok,net,MLL,11,1,0.018,3,0,0,0,3,3
lltp,CLL/misc,,,nonconserv.p,classical,auto,1,false,,5,0,3,provable,proved,,ok,focus,MALL,15,1,0.018,4,0,4,10,0,0
lltp,CLL/misc,,,nonconserv2.p,classical,auto,1,false,,5,0,3,provable,proved,,ok,focus,MALL,11,1,0.012,2,0,2,4,0,0
lltp,CLL/misc,,,nonconserv3.p,classical,auto,1,false,,5,0,3,provable,proved,,ok,focus,MALL,9,1,0.012,2,0,2,4,0,0
lltp,CLL/misc,,,nonconserv4.p,classical,auto,1,false,,5,0,3,provable,proved,,ok,focus,MALL,11,0,0.016,7,0,7,6,0,0
lltp,CLL/misc,,,nonconserv5.p,classical,auto,1,false,,5,0,3,provable,proved,,ok,focus,MALL,17,1,0.024,19,4,15,22,0,0
lltp,CLL/misc,,,th1.p,classical,auto,1,false,,5,0,3,provable,unknown,copy_bound,,focus,MELL,10,2,0.016,12,1,5,3,0,0
lltp,CLL/misc,,,th2.p,classical,auto,1,false,,5,0,3,provable,proved,,ok,focus,LL,8,3,0.015,8,0,5,1,0,0
lltp,CLL/misc,,,th3.p,classical,auto,1,false,,5,0,3,provable,unknown,copy_bound,,focus,LL,38,4,0.026,27,8,13,13,0,0
lltp,ILL/ILLTP-LCL-01,,,LCL181+1.p,classical,auto,1,false,,5,0,3,,unknown,copy_bound,,focus,LL,44,2,0.036,69,20,15,33,0,0
lltp,ILL/ILLTP-LCL-01,,,LCL230+1.p,classical,auto,1,false,,5,0,3,,unknown,copy_bound,,focus,LL,25,2,0.041,75,23,24,22,0,0
lltp,ILL/ILLTP-LCL-cbn,,,LCL181+1.p,classical,auto,1,false,,5,0,3,,unknown,copy_bound,,focus,LL,33,2,0.020,25,10,6,18,0,0
lltp,ILL/ILLTP-LCL-cbn,,,LCL230+1.p,classical,auto,1,false,,5,0,3,,unprovable,,,focus,LL,22,2,0.032,52,16,16,17,0,0
lltp,ILL/ILLTP-LCL-cbv,,,LCL181+1.p,classical,auto,1,false,,5,0,3,,unknown,copy_bound,,focus,LL,41,2,0.033,63,24,14,39,0,0
lltp,ILL/ILLTP-LCL-cbv,,,LCL230+1.p,classical,auto,1,false,,5,0,3,,unknown,copy_bound,,focus,LL,23,2,0.049,107,51,23,74,0,0
lltp,ILL/ILLTP-SYJ-01,,,SYJ101+1.p,classical,auto,1,false,,5,0,3,,proved,,ok,focus,MELL,3,1,0.009,2,0,1,0,0,0
lltp,ILL/ILLTP-SYJ-01,,,SYJ102+1.p,classical,auto,1,false,,5,0,3,,proved,,ok,focus,LL,11,1,0.018,15,1,8,4,0,0
lltp,ILL/ILLTP-SYJ-01,,,SYJ103+1.p,classical,auto,1,false,,5,0,3,,unknown,copy_bound,,focus,LL,27,2,0.052,129,44,34,37,0,0
lltp,ILL/ILLTP-SYJ-01,,,SYJ104+1.p,classical,auto,1,false,,5,0,3,,proved,,ok,focus,MELL,11,1,0.016,11,0,6,3,0,0
lltp,ILL/ILLTP-SYJ-01,,,SYJ105+1.002.p,classical,auto,1,false,,5,0,3,,proved,,ok,focus,LL,17,1,0.033,42,5,15,12,0,0
lltp,ILL/ILLTP-SYJ-01,,,SYJ105+1.003.p,classical,auto,1,false,,5,0,3,,unknown,copy_bound,,focus,LL,28,2,0.034,58,16,15,18,0,0
lltp,ILL/ILLTP-SYJ-01,,,SYJ105+1.004.p,classical,auto,1,false,,5,0,3,,unknown,copy_bound,,focus,LL,39,2,0.033,58,16,15,18,0,0
lltp,ILL/ILLTP-SYJ-01,,,SYJ106+1.p,classical,auto,1,false,,5,0,3,,unknown,copy_bound,,focus,LL,50,2,0.069,134,42,42,71,0,0
lltp,ILL/ILLTP-SYJ-01,,,SYJ107+1.001.p,classical,auto,1,false,,5,0,3,,proved,,ok,focus,LL,20,2,0.057,130,43,48,0,0,0
lltp,ILL/ILLTP-SYJ-01,,,SYJ107+1.002.p,classical,auto,1,false,,5,0,3,,unknown,copy_bound,,focus,LL,41,2,0.081,280,149,61,68,0,0
lltp,ILL/ILLTP-SYJ-01,,,SYJ107+1.003.p,classical,auto,1,false,,5,0,3,,unknown,copy_bound,,focus,LL,62,2,0.122,505,316,88,198,0,0
lltp,ILL/ILLTP-SYJ-01,,,SYJ107+1.004.p,classical,auto,1,false,,5,0,3,,unknown,copy_bound,,focus,LL,83,2,0.177,792,545,115,390,0,0
lltp,ILL/ILLTP-SYJ-01,,,SYJ201+1.001.p,classical,auto,1,false,,5,0,3,,unknown,copy_bound,,focus,LL,82,5,0.108,325,114,109,153,0,0
lltp,ILL/ILLTP-SYJ-01,,,SYJ201+1.002.p,classical,auto,1,false,,5,0,3,,unknown,copy_bound,,focus,LL,178,7,0.281,1055,435,374,555,0,0
lltp,ILL/ILLTP-SYJ-01,,,SYJ201+1.003.p,classical,auto,1,false,,5,0,3,,unknown,copy_bound,,focus,LL,306,9,0.564,2425,1092,879,1365,0,0
lltp,ILL/ILLTP-SYJ-01,,,SYJ201+1.004.p,classical,auto,1,false,,5,0,3,,unknown,copy_bound,,focus,LL,466,11,1.291,4627,2205,1696,2727,0,0
lltp,ILL/ILLTP-SYJ-01,,,SYJ201+1.005.p,classical,auto,1,false,,5,0,3,,unknown,copy_bound,,focus,LL,658,13,2.221,7853,3894,2897,4785,0,0
lltp,ILL/ILLTP-SYJ-01,,,SYJ201+1.006.p,classical,auto,1,false,,5,0,3,,unknown,copy_bound,,focus,LL,882,15,3.948,12295,6279,4554,7683,0,0
lltp,ILL/ILLTP-SYJ-01,,,SYJ201+1.007.p,classical,auto,1,false,,5,0,3,,unknown,copy_bound,,focus,LL,1138,17,6.335,18145,9480,6739,11565,0,0
lltp,ILL/ILLTP-SYJ-01,,,SYJ201+1.008.p,classical,auto,1,false,,5,0,3,,unknown,copy_bound,,focus,LL,1426,19,9.885,25595,13617,9524,16575,0,0
lltp,ILL/ILLTP-SYJ-01,,,SYJ201+1.009.p,classical,auto,1,false,,5,0,3,,unknown,copy_bound,,focus,LL,1746,21,15.224,34837,18810,12981,22857,0,0
lltp,ILL/ILLTP-SYJ-01,,,SYJ201+1.010.p,classical,auto,1,false,,5,0,3,,unknown,copy_bound,,focus,LL,2098,23,22.989,46063,25179,17182,30555,0,0
lltp,ILL/ILLTP-SYJ-01,,,SYJ201+1.011.p,classical,auto,1,false,,5,0,3,,unknown,copy_bound,,focus,LL,2482,25,32.336,59465,32844,22199,39813,0,0
lltp,ILL/ILLTP-SYJ-01,,,SYJ201+1.012.p,classical,auto,1,false,,5,0,3,,unknown,copy_bound,,focus,LL,2898,27,44.286,75235,41925,28104,50775,0,0
lltp,ILL/ILLTP-SYJ-01,,,SYJ201+1.013.p,classical,auto,1,false,,5,0,3,,unknown,copy_bound,,focus,LL,3346,29,66.671,93565,52542,34969,63585,0,0
lltp,ILL/ILLTP-SYJ-01,,,SYJ201+1.014.p,classical,auto,1,false,,5,0,3,,unknown,copy_bound,,focus,LL,3826,31,87.028,114647,64815,42866,78387,0,0
lltp,ILL/ILLTP-SYJ-01,,,SYJ201+1.015.p,classical,auto,1,false,,5,0,3,,unknown,copy_bound,,focus,LL,4338,33,111.125,138673,78864,51867,95325,0,0
lltp,ILL/ILLTP-SYJ-01,,,SYJ201+1.016.p,classical,auto,1,false,,5,0,3,,unknown,copy_bound,,focus,LL,4882,35,163.155,165835,94809,62044,114543,0,0
lltp,ILL/ILLTP-SYJ-01,,,SYJ201+1.017.p,classical,auto,1,false,,5,0,3,,unknown,copy_bound,,focus,LL,5458,37,198.353,196325,112770,73469,136185,0,0
lltp,ILL/ILLTP-SYJ-01,,,SYJ201+1.018.p,classical,auto,1,false,,5,0,3,,unknown,copy_bound,,focus,LL,6066,39,239.973,230335,132867,86214,160395,0,0
lltp,ILL/ILLTP-SYJ-01,,,SYJ201+1.019.p,classical,auto,1,false,,5,0,3,,unknown,copy_bound,,focus,LL,6706,41,292.784,268057,155220,100351,187317,0,0
lltp,ILL/ILLTP-SYJ-01,,,SYJ201+1.020.p,classical,auto,1,false,,5,0,3,,unknown,copy_bound,,focus,LL,7378,43,406.238,309683,179949,115952,217095,0,0
lltp,ILL/ILLTP-SYJ-01,,,SYJ202+1.001.p,classical,auto,1,false,,5,0,3,,proved,,ok,focus,LL,9,1,0.013,5,0,3,0,0,0
lltp,ILL/ILLTP-SYJ-01,,,SYJ202+1.002.p,classical,auto,1,false,,5,0,3,,unknown,copy_bound,,focus,LL,57,2,0.363,1519,757,441,0,0,0
lltp,ILL/ILLTP-SYJ-01,,,SYJ202+1.003.p,classical,auto,1,false,,5,0,3,,unknown,copy_bound,,focus,LL,163,3,2.344,11028,5962,3487,0,0,0
lltp,ILL/ILLTP-SYJ-01,,,SYJ202+1.004.p,classical,auto,1,false,,5,0,3,,unknown,copy_bound,,focus,LL,347,4,10.715,44408,25051,14160,0,0,0
lltp,ILL/ILLTP-SYJ-01,,,SYJ202+1.005.p,classical,auto,1,false,,5,0,3,,unknown,copy_bound,,focus,LL,630,5,44.015,136647,79343,43729,0,0,0
lltp,ILL/ILLTP-SYJ-01,,,SYJ202+1.006.p,classical,auto,1,false,,5,0,3,,unknown,copy_bound,,focus,LL,1033,6,171.661,351228,208348,112510,0,0,0
lltp,ILL/ILLTP-SYJ-01,,,SYJ202+1.007.p,classical,auto,1,false,,5,0,3,,unknown,copy_bound,,focus,LL,1577,7,580.954,793036,478316,253951,0,0,0
lltp,ILL/ILLTP-SYJ-01,,,SYJ202+1.008.p,classical,auto,1,false,,5,0,3,,unknown,copy_bound,,focus,LL,2283,8,1585.767,1623395,992298,519338,0,0,0
lltp,ILL/ILLTP-SYJ-01,,,SYJ202+1.009.p,classical,auto,1,false,,5,0,3,,unknown,copy_bound,,focus,LL,3172,9,3894.421,3077445,1901827,983221,0,0,0
lltp,ILL/ILLTP-SYJ-01,,,SYJ202+1.010.p,classical,auto,1,false,,5,0,3,,unknown,recursion_limit,,focus,LL,4265,10,7.702,1523,0,1014,0,0,0
lltp,ILL/ILLTP-SYJ-01,,,SYJ202+1.011.p,classical,auto,1,false,,5,0,3,,unknown,recursion_limit,,focus,LL,5583,22,9.538,1523,0,1014,0,0,0
lltp,ILL/ILLTP-SYJ-01,,,SYJ202+1.012.p,classical,auto,1,false,,5,0,3,,unknown,recursion_limit,,focus,LL,7147,24,11.966,1523,0,1014,0,0,0
lltp,ILL/ILLTP-SYJ-01,,,SYJ202+1.013.p,classical,auto,1,false,,5,0,3,,unknown,recursion_limit,,focus,LL,8978,26,15.613,1523,0,1014,0,0,0
lltp,ILL/ILLTP-SYJ-01,,,SYJ202+1.014.p,classical,auto,1,false,,5,0,3,,unknown,recursion_limit,,focus,LL,11097,28,19.380,1520,0,1012,0,0,0
lltp,ILL/ILLTP-SYJ-01,,,SYJ202+1.015.p,classical,auto,1,false,,5,0,3,,unknown,recursion_limit,,focus,LL,13525,30,24.840,1520,0,1012,0,0,0
lltp,ILL/ILLTP-SYJ-01,,,SYJ202+1.016.p,classical,auto,1,false,,5,0,3,,unknown,recursion_limit,,focus,LL,16283,32,32.230,1520,0,1012,0,0,0
lltp,ILL/ILLTP-SYJ-01,,,SYJ202+1.017.p,classical,auto,1,false,,5,0,3,,unknown,recursion_limit,,focus,LL,19392,34,41.006,1520,0,1012,0,0,0
lltp,ILL/ILLTP-SYJ-01,,,SYJ202+1.018.p,classical,auto,1,false,,5,0,3,,unknown,recursion_limit,,focus,LL,22873,36,52.188,1517,0,1010,0,0,0
lltp,ILL/ILLTP-SYJ-01,,,SYJ202+1.019.p,classical,auto,1,false,,5,0,3,,unknown,recursion_limit,,focus,LL,26747,38,66.100,1517,0,1010,0,0,0
lltp,ILL/ILLTP-SYJ-01,,,SYJ202+1.020.p,classical,auto,1,false,,5,0,3,,unknown,recursion_limit,,focus,LL,31035,40,80.585,1517,0,1010,0,0,0
lltp,ILL/ILLTP-SYJ-01,,,SYJ203+1.001.p,classical,auto,1,false,,5,0,3,,proved,,ok,focus,LL,15,2,0.029,29,5,10,9,0,0
lltp,ILL/ILLTP-SYJ-01,,,SYJ203+1.002.p,classical,auto,1,false,,5,0,3,,unknown,copy_bound,,focus,LL,26,3,0.058,131,27,41,35,0,0
lltp,ILL/ILLTP-SYJ-01,,,SYJ203+1.003.p,classical,auto,1,false,,5,0,3,,unknown,copy_bound,,focus,LL,37,4,0.092,268,51,98,59,0,0
lltp,ILL/ILLTP-SYJ-01,,,SYJ203+1.004.p,classical,auto,1,false,,5,0,3,,unknown,copy_bound,,focus,LL,48,5,0.146,470,86,191,88,0,0
lltp,ILL/ILLTP-SYJ-01,,,SYJ203+1.005.p,classical,auto,1,false,,5,0,3,,unknown,copy_bound,,focus,LL,59,6,0.203,753,134,330,123,0,0
lltp,ILL/ILLTP-SYJ-01,,,SYJ203+1.006.p,classical,auto,1,false,,5,0,3,,unknown,copy_bound,,focus,LL,70,7,0.306,1130,197,524,164,0,0
lltp,ILL/ILLTP-SYJ-01,,,SYJ203+1.007.p,classical,auto,1,false,,5,0,3,,unknown,copy_bound,,focus,LL,81,8,0.432,1614,277,782,211,0,0
lltp,ILL/ILLTP-SYJ-01,,,SYJ203+1.008.p,classical,auto,1,false,,5,0,3,,unknown,copy_bound,,focus,LL,92,9,0.606,2218,376,1113,264,0,0
lltp,ILL/ILLTP-SYJ-01,,,SYJ203+1.009.p,classical,auto,1,false,,5,0,3,,unknown,copy_bound,,focus,LL,103,10,0.775,2955,496,1526,323,0,0
lltp,ILL/ILLTP-SYJ-01,,,SYJ203+1.010.p,classical,auto,1,false,,5,0,3,,unknown,copy_bound,,focus,LL,114,11,1.172,3838,639,2030,388,0,0
lltp,ILL/ILLTP-SYJ-01,,,SYJ203+1.011.p,classical,auto,1,false,,5,0,3,,unknown,copy_bound,,focus,LL,125,12,1.261,4880,807,2634,459,0,0
lltp,ILL/ILLTP-SYJ-01,,,SYJ203+1.012.p,classical,auto,1,false,,5,0,3,,unknown,copy_bound,,focus,LL,136,13,1.764,6094,1002,3347,536,0,0
lltp,ILL/ILLTP-SYJ-01,,,SYJ203+1.013.p,classical,auto,1,false,,5,0,3,,unknown,copy_bound,,focus,LL,147,14,2.287,7493,1226,4178,619,0,0
lltp,ILL/ILLTP-SYJ-01,,,SYJ203+1.014.p,classical,auto,1,false,,5,0,3,,unknown,copy_bound,,focus,LL,158,15,2.526,9090,1481,5136,708,0,0
lltp,ILL/ILLTP-SYJ-01,,,SYJ203+1.015.p,classical,auto,1,false,,5,0,3,,unknown,copy_bound,,focus,LL,169,16,3.295,10898,1769,6230,803,0,0
lltp,ILL/ILLTP-SYJ-01,,,SYJ203+1.016.p,classical,auto,1,false,,5,0,3,,unknown,copy_bound,,focus,LL,180,17,4.251,12930,2092,7469,904,0,0
lltp,ILL/ILLTP-SYJ-01,,,SYJ203+1.017.p,classical,auto,1,false,,5,0,3,,unknown,copy_bound,,focus,LL,191,18,4.551,15199,2452,8862,1011,0,0
lltp,ILL/ILLTP-SYJ-01,,,SYJ203+1.018.p,classical,auto,1,false,,5,0,3,,unknown,copy_bound,,focus,LL,202,19,5.008,17718,2851,10418,1124,0,0
lltp,ILL/ILLTP-SYJ-01,,,SYJ203+1.019.p,classical,auto,1,false,,5,0,3,,unknown,copy_bound,,focus,LL,213,20,5.872,20500,3291,12146,1243,0,0
lltp,ILL/ILLTP-SYJ-01,,,SYJ203+1.020.p,classical,auto,1,false,,5,0,3,,unknown,copy_bound,,focus,LL,224,21,6.614,23558,3774,14055,1368,0,0
lltp,ILL/ILLTP-SYJ-01,,,SYJ204+1.001.p,classical,auto,1,false,,5,0,3,,proved,,ok,focus,MELL,13,2,0.019,15,2,6,7,0,0
lltp,ILL/ILLTP-SYJ-01,,,SYJ204+1.002.p,classical,auto,1,false,,5,0,3,,unknown,copy_bound,,focus,MELL,23,2,0.024,31,10,11,22,0,0
lltp,ILL/ILLTP-SYJ-01,,,SYJ204+1.003.p,classical,auto,1,false,,5,0,3,,unknown,copy_bound,,focus,MELL,33,2,0.027,51,24,14,41,0,0
lltp,ILL/ILLTP-SYJ-01,,,SYJ204+1.004.p,classical,auto,1,false,,5,0,3,,unknown,copy_bound,,focus,MELL,43,2,0.033,77,44,17,66,0,0
lltp,ILL/ILLTP-SYJ-01,,,SYJ204+1.005.p,classical,auto,1,false,,5,0,3,,unknown,copy_bound,,focus,MELL,53,2,0.037,109,70,20,97,0,0
lltp,ILL/ILLTP-SYJ-01,,,SYJ204+1.006.p,classical,auto,1,false,,5,0,3,,unknown,copy_bound,,focus,MELL,63,2,0.040,147,102,23,134,0,0
lltp,ILL/ILLTP-SYJ-01,,,SYJ204+1.007.p,classical,auto,1,false,,5,0,3,,unknown,copy_bound,,focus,MELL,73,2,0.047,191,140,26,177,0,0
lltp,ILL/ILLTP-SYJ-01,,,SYJ204+1.008.p,classical,auto,1,false,,5,0,3,,unknown,copy_bound,,focus,MELL,83,2,0.057,241,184,29,226,0,0
lltp,ILL/ILLTP-SYJ-01,,,SYJ204+1.009.p,classical,auto,1,false,,5,0,3,,unknown,copy_bound,,focus,MELL,93,2,0.064,297,234,32,281,0,0
lltp,ILL/ILLTP-SYJ-01,,,SYJ204+1.010.p,classical,auto,1,false,,5,0,3,,unknown,copy_bound,,focus,MELL,103,2,0.073,359,290,35,342,0,0
lltp,ILL/ILLTP-SYJ-01,,,SYJ204+1.011.p,classical,auto,1,false,,5,0,3,,unknown,copy_bound,,focus,MELL,113,2,0.082,427,352,38,409,0,0
lltp,ILL/ILLTP-SYJ-01,,,SYJ204+1.012.p,classical,auto,1,false,,5,0,3,,unknown,copy_bound,,focus,MELL,123,2,0.093,501,420,41,482,0,0
lltp,ILL/ILLTP-SYJ-01,,,SYJ204+1.013.p,classical,auto,1,false,,5,0,3,,unknown,copy_bound,,focus,MELL,133,2,0.099,581,494,44,561,0,0
lltp,ILL/ILLTP-SYJ-01,,,SYJ204+1.014.p,classical,auto,1,false,,5,0,3,,unknown,copy_bound,,focus,MELL,143,2,0.110,667,574,47,646,0,0
lltp,ILL/ILLTP-SYJ-01,,,SYJ204+1.015.p,classical,auto,1,false,,5,0,3,,unknown,copy_bound,,focus,MELL,153,2,0.125,759,660,50,737,0,0
lltp,ILL/ILLTP-SYJ-01,,,SYJ204+1.016.p,classical,auto,1,false,,5,0,3,,unknown,copy_bound,,focus,MELL,163,2,0.130,857,752,53,834,0,0
lltp,ILL/ILLTP-SYJ-01,,,SYJ204+1.017.p,classical,auto,1,false,,5,0,3,,unknown,copy_bound,,focus,MELL,173,2,0.147,961,850,56,937,0,0
lltp,ILL/ILLTP-SYJ-01,,,SYJ204+1.018.p,classical,auto,1,false,,5,0,3,,unknown,copy_bound,,focus,MELL,183,2,0.167,1071,954,59,1046,0,0
lltp,ILL/ILLTP-SYJ-01,,,SYJ204+1.019.p,classical,auto,1,false,,5,0,3,,unknown,copy_bound,,focus,MELL,193,2,0.177,1187,1064,62,1161,0,0
lltp,ILL/ILLTP-SYJ-01,,,SYJ204+1.020.p,classical,auto,1,false,,5,0,3,,unknown,copy_bound,,focus,MELL,203,2,0.234,1309,1180,65,1282,0,0
lltp,ILL/ILLTP-SYJ-01,,,SYJ205+1.001.p,classical,auto,1,false,,5,0,3,,unknown,copy_bound,,focus,LL,68,2,0.033,52,18,17,6,0,0
lltp,ILL/ILLTP-SYJ-01,,,SYJ205+1.002.p,classical,auto,1,false,,5,0,3,,unknown,copy_bound,,focus,LL,92,2,0.031,52,18,17,5,0,0
lltp,ILL/ILLTP-SYJ-01,,,SYJ205+1.003.p,classical,auto,1,false,,5,0,3,,unknown,copy_bound,,focus,LL,116,2,0.033,52,18,17,5,0,0
lltp,ILL/ILLTP-SYJ-01,,,SYJ205+1.004.p,classical,auto,1,false,,5,0,3,,unknown,copy_bound,,focus,LL,140,2,0.034,52,18,17,5,0,0
lltp,ILL/ILLTP-SYJ-01,,,SYJ205+1.005.p,classical,auto,1,false,,5,0,3,,unknown,copy_bound,,focus,LL,164,2,0.034,52,18,17,5,0,0
lltp,ILL/ILLTP-SYJ-01,,,SYJ205+1.006.p,classical,auto,1,false,,5,0,3,,unknown,copy_bound,,focus,LL,188,2,0.034,52,18,17,5,0,0
lltp,ILL/ILLTP-SYJ-01,,,SYJ205+1.007.p,classical,auto,1,false,,5,0,3,,unknown,copy_bound,,focus,LL,212,2,0.034,52,18,17,5,0,0
lltp,ILL/ILLTP-SYJ-01,,,SYJ205+1.008.p,classical,auto,1,false,,5,0,3,,unknown,copy_bound,,focus,LL,236,2,0.035,52,18,17,5,0,0
lltp,ILL/ILLTP-SYJ-01,,,SYJ205+1.009.p,classical,auto,1,false,,5,0,3,,unknown,copy_bound,,focus,LL,260,2,0.035,52,18,17,5,0,0
lltp,ILL/ILLTP-SYJ-01,,,SYJ205+1.010.p,classical,auto,1,false,,5,0,3,,unknown,copy_bound,,focus,LL,284,2,0.034,52,18,17,5,0,0
lltp,ILL/ILLTP-SYJ-01,,,SYJ205+1.011.p,classical,auto,1,false,,5,0,3,,unknown,copy_bound,,focus,LL,308,2,0.037,52,18,17,5,0,0
lltp,ILL/ILLTP-SYJ-01,,,SYJ205+1.012.p,classical,auto,1,false,,5,0,3,,unknown,copy_bound,,focus,LL,332,2,0.038,52,18,17,5,0,0
lltp,ILL/ILLTP-SYJ-01,,,SYJ205+1.013.p,classical,auto,1,false,,5,0,3,,unknown,copy_bound,,focus,LL,356,2,0.038,52,18,17,5,0,0
lltp,ILL/ILLTP-SYJ-01,,,SYJ205+1.014.p,classical,auto,1,false,,5,0,3,,unknown,copy_bound,,focus,LL,380,2,0.040,52,18,17,5,0,0
lltp,ILL/ILLTP-SYJ-01,,,SYJ205+1.015.p,classical,auto,1,false,,5,0,3,,unknown,copy_bound,,focus,LL,404,2,0.038,52,18,17,5,0,0
lltp,ILL/ILLTP-SYJ-01,,,SYJ205+1.016.p,classical,auto,1,false,,5,0,3,,unknown,copy_bound,,focus,LL,428,2,0.043,52,18,17,5,0,0
lltp,ILL/ILLTP-SYJ-01,,,SYJ205+1.017.p,classical,auto,1,false,,5,0,3,,unknown,copy_bound,,focus,LL,452,2,0.041,52,18,17,5,0,0
lltp,ILL/ILLTP-SYJ-01,,,SYJ205+1.018.p,classical,auto,1,false,,5,0,3,,unknown,copy_bound,,focus,LL,476,2,0.042,52,18,17,5,0,0
lltp,ILL/ILLTP-SYJ-01,,,SYJ205+1.019.p,classical,auto,1,false,,5,0,3,,unknown,copy_bound,,focus,LL,500,2,0.043,52,18,17,5,0,0
lltp,ILL/ILLTP-SYJ-01,,,SYJ205+1.020.p,classical,auto,1,false,,5,0,3,,unknown,copy_bound,,focus,LL,524,2,0.044,52,18,17,5,0,0
lltp,ILL/ILLTP-SYJ-01,,,SYJ206+1.001.p,classical,auto,1,false,,5,0,3,,proved,,ok,focus,LL,12,2,0.013,8,0,5,0,0,0
lltp,ILL/ILLTP-SYJ-01,,,SYJ206+1.002.p,classical,auto,1,false,,5,0,3,,proved,,ok,focus,LL,58,4,0.063,138,38,59,24,0,0
lltp,ILL/ILLTP-SYJ-01,,,SYJ206+1.003.p,classical,auto,1,false,,5,0,3,,unknown,copy_bound,,focus,LL,150,8,0.113,355,169,101,51,0,0
lltp,ILL/ILLTP-SYJ-01,,,SYJ206+1.004.p,classical,auto,1,false,,5,0,3,,unknown,copy_bound,,focus,LL,334,16,0.200,661,307,216,82,0,0
lltp,ILL/ILLTP-SYJ-01,,,SYJ206+1.005.p,classical,auto,1,false,,5,0,3,,unknown,copy_bound,,focus,LL,702,32,0.349,1105,507,392,119,0,0
lltp,ILL/ILLTP-SYJ-01,,,SYJ206+1.006.p,classical,auto,1,false,,5,0,3,,unknown,copy_bound,,focus,LL,1438,64,0.710,1729,791,647,162,0,0
lltp,ILL/ILLTP-SYJ-01,,,SYJ206+1.007.p,classical,auto,1,false,,5,0,3,,unknown,copy_bound,,focus,LL,2910,128,1.453,2580,1185,1000,211,0,0
lltp,ILL/ILLTP-SYJ-01,,,SYJ206+1.008.p,classical,auto,1,false,,5,0,3,,unknown,copy_bound,,focus,LL,5854,256,3.282,3711,1719,1472,266,0,0
lltp,ILL/ILLTP-SYJ-01,,,SYJ206+1.009.p,classical,auto,1,false,,5,0,3,,unknown,copy_bound,,focus,LL,11742,512,7.996,5181,2427,2086,327,0,0
lltp,ILL/ILLTP-SYJ-01,,,SYJ206+1.010.p,classical,auto,1,false,,5,0,3,,unknown,copy_bound,,focus,LL,23518,1024,19.763,7055,3347,2867,394,0,0
lltp,ILL/ILLTP-SYJ-01,,,SYJ206+1.011.p,classical,auto,1,false,,5,0,3,,unknown,copy_bound,,focus,LL,47070,2048,55.599,9404,4521,3842,467,0,0
lltp,ILL/ILLTP-SYJ-01,,,SYJ206+1.012.p,classical,auto,1,false,,5,0,3,,unknown,copy_bound,,focus,LL,94174,4096,137.616,12305,5995,5040,546,0,0
lltp,ILL/ILLTP-SYJ-01,,,SYJ206+1.013.p,classical,auto,1,false,,5,0,3,,unknown,copy_bound,,focus,LL,188382,8192,349.721,15841,7819,6492,631,0,0
lltp,ILL/ILLTP-SYJ-01,,,SYJ206+1.014.p,classical,auto,1,false,,5,0,3,,unknown,copy_bound,,focus,LL,376798,16384,898.197,20101,10047,8231,722,0,0
lltp,ILL/ILLTP-SYJ-01,,,SYJ206+1.015.p,classical,auto,1,false,,5,0,3,,unknown,copy_bound,,focus,LL,753630,32768,2175.363,25180,12737,10292,819,0,0
lltp,ILL/ILLTP-SYJ-01,,,SYJ206+1.016.p,classical,auto,1,false,,5,0,3,,unknown,timeout,,focus,LL,1507294,65536,5102.708,27520,14080,11394,665,0,0
lltp,ILL/ILLTP-SYJ-01,,,SYJ206+1.017.p,classical,auto,1,false,,5,0,3,,unknown,timeout,,focus,LL,3014622,131072,5050.857,11136,4964,5395,200,0,0
lltp,ILL/ILLTP-SYJ-01,,,SYJ206+1.018.p,classical,auto,1,false,,5,0,,,error,not an LLTP problem: clause `con1` is not closed,,,,,,,,,,,,
lltp,ILL/ILLTP-SYJ-01,,,SYJ206+1.019.p,classical,auto,1,false,,5,0,3,,unknown,timeout,,focus,LL,12058590,524288,5230.431,1536,483,926,6,0,0
lltp,ILL/ILLTP-SYJ-01,,,SYJ206+1.020.p,classical,auto,1,false,,5,0,,,unknown,killed,,,,,,10567.720,,,,,,
lltp,ILL/ILLTP-SYJ-01,,,SYJ207+1.001.p,classical,auto,1,false,,5,0,3,,unknown,copy_bound,,focus,LL,58,4,0.076,180,69,47,84,0,0
lltp,ILL/ILLTP-SYJ-01,,,SYJ207+1.002.p,classical,auto,1,false,,5,0,3,,unknown,copy_bound,,focus,LL,138,6,0.194,690,291,221,360,0,0
lltp,ILL/ILLTP-SYJ-01,,,SYJ207+1.003.p,classical,auto,1,false,,5,0,3,,unknown,copy_bound,,focus,LL,250,8,0.412,1740,789,597,972,0,0
lltp,ILL/ILLTP-SYJ-01,,,SYJ207+1.004.p,classical,auto,1,false,,5,0,3,,unknown,copy_bound,,focus,LL,394,10,0.836,3526,1683,1249,2064,0,0
lltp,ILL/ILLTP-SYJ-01,,,SYJ207+1.005.p,classical,auto,1,false,,5,0,3,,unknown,copy_bound,,focus,LL,570,12,1.697,6240,3093,2249,3780,0,0
lltp,ILL/ILLTP-SYJ-01,,,SYJ207+1.006.p,classical,auto,1,false,,5,0,3,,unknown,copy_bound,,focus,LL,778,14,3.114,10074,5139,3669,6264,0,0
lltp,ILL/ILLTP-SYJ-01,,,SYJ207+1.007.p,classical,auto,1,false,,5,0,3,,unknown,copy_bound,,focus,LL,1018,16,4.981,15220,7941,5581,9660,0,0
lltp,ILL/ILLTP-SYJ-01,,,SYJ207+1.008.p,classical,auto,1,false,,5,0,3,,unknown,copy_bound,,focus,LL,1290,18,8.397,21870,11619,8057,14112,0,0
lltp,ILL/ILLTP-SYJ-01,,,SYJ207+1.009.p,classical,auto,1,false,,5,0,3,,unknown,copy_bound,,focus,LL,1594,20,12.342,30216,16293,11169,19764,0,0
lltp,ILL/ILLTP-SYJ-01,,,SYJ207+1.010.p,classical,auto,1,false,,5,0,3,,unknown,copy_bound,,focus,LL,1930,22,20.353,40450,22083,14989,26760,0,0
lltp,ILL/ILLTP-SYJ-01,,,SYJ207+1.011.p,classical,auto,1,false,,5,0,3,,unknown,copy_bound,,focus,LL,2298,24,28.732,52764,29109,19589,35244,0,0
lltp,ILL/ILLTP-SYJ-01,,,SYJ207+1.012.p,classical,auto,1,false,,5,0,3,,unknown,copy_bound,,focus,LL,2698,26,39.262,67350,37491,25041,45360,0,0
lltp,ILL/ILLTP-SYJ-01,,,SYJ207+1.013.p,classical,auto,1,false,,5,0,3,,unknown,copy_bound,,focus,LL,3130,28,60.757,84400,47349,31417,57252,0,0
lltp,ILL/ILLTP-SYJ-01,,,SYJ207+1.014.p,classical,auto,1,false,,5,0,3,,unknown,copy_bound,,focus,LL,3594,30,76.089,104106,58803,38789,71064,0,0
lltp,ILL/ILLTP-SYJ-01,,,SYJ207+1.015.p,classical,auto,1,false,,5,0,3,,unknown,copy_bound,,focus,LL,4090,32,97.405,126660,71973,47229,86940,0,0
lltp,ILL/ILLTP-SYJ-01,,,SYJ207+1.016.p,classical,auto,1,false,,5,0,3,,unknown,copy_bound,,focus,LL,4618,34,123.838,152254,86979,56809,105024,0,0
lltp,ILL/ILLTP-SYJ-01,,,SYJ207+1.017.p,classical,auto,1,false,,5,0,3,,unknown,copy_bound,,focus,LL,5178,36,174.443,181080,103941,67601,125460,0,0
lltp,ILL/ILLTP-SYJ-01,,,SYJ207+1.018.p,classical,auto,1,false,,5,0,3,,unknown,copy_bound,,focus,LL,5770,38,212.022,213330,122979,79677,148392,0,0
lltp,ILL/ILLTP-SYJ-01,,,SYJ207+1.019.p,classical,auto,1,false,,5,0,3,,unknown,copy_bound,,focus,LL,6394,40,258.816,249196,144213,93109,173964,0,0
lltp,ILL/ILLTP-SYJ-01,,,SYJ207+1.020.p,classical,auto,1,false,,5,0,3,,unknown,copy_bound,,focus,LL,7050,42,312.193,288870,167763,107969,202320,0,0
lltp,ILL/ILLTP-SYJ-01,,,SYJ208+1.001.p,classical,auto,1,false,,5,0,3,,unknown,copy_bound,,focus,LL,25,1,0.043,95,38,23,50,0,0
lltp,ILL/ILLTP-SYJ-01,,,SYJ208+1.002.p,classical,auto,1,false,,5,0,3,,unknown,copy_bound,,focus,LL,81,2,0.361,1651,878,446,112,0,0
lltp,ILL/ILLTP-SYJ-01,,,SYJ208+1.003.p,classical,auto,1,false,,5,0,3,,unknown,copy_bound,,focus,LL,195,3,2.333,11028,5962,3487,0,0,0
lltp,ILL/ILLTP-SYJ-01,,,SYJ208+1.004.p,classical,auto,1,false,,5,0,3,,unknown,copy_bound,,focus,LL,387,4,10.804,44408,25051,14160,0,0,0
lltp,ILL/ILLTP-SYJ-01,,,SYJ208+1.005.p,classical,auto,1,false,,5,0,3,,unknown,copy_bound,,focus,LL,678,5,44.838,136647,79343,43729,0,0,0
lltp,ILL/ILLTP-SYJ-01,,,SYJ208+1.006.p,classical,auto,1,false,,5,0,3,,unknown,copy_bound,,focus,LL,1089,6,174.942,351228,208348,112510,0,0,0
lltp,ILL/ILLTP-SYJ-01,,,SYJ208+1.007.p,classical,auto,1,false,,5,0,3,,unknown,copy_bound,,focus,LL,1641,7,577.487,793036,478316,253951,0,0,0
lltp,ILL/ILLTP-SYJ-01,,,SYJ208+1.008.p,classical,auto,1,false,,5,0,3,,unknown,copy_bound,,focus,LL,2355,8,1611.375,1623395,992298,519338,0,0,0
lltp,ILL/ILLTP-SYJ-01,,,SYJ208+1.009.p,classical,auto,1,false,,5,0,3,,unknown,copy_bound,,focus,LL,3252,9,3957.348,3077445,1901827,983221,0,0,0
lltp,ILL/ILLTP-SYJ-01,,,SYJ208+1.010.p,classical,auto,1,false,,5,0,3,,unknown,recursion_limit,,focus,LL,4353,10,8.686,1523,0,1014,0,0,0
lltp,ILL/ILLTP-SYJ-01,,,SYJ208+1.011.p,classical,auto,1,false,,5,0,3,,unknown,recursion_limit,,focus,LL,5679,22,10.480,1523,0,1014,0,0,0
lltp,ILL/ILLTP-SYJ-01,,,SYJ208+1.012.p,classical,auto,1,false,,5,0,3,,unknown,recursion_limit,,focus,LL,7251,24,12.864,1523,0,1014,0,0,0
lltp,ILL/ILLTP-SYJ-01,,,SYJ208+1.013.p,classical,auto,1,false,,5,0,3,,unknown,recursion_limit,,focus,LL,9090,26,16.136,1523,0,1014,0,0,0
lltp,ILL/ILLTP-SYJ-01,,,SYJ208+1.014.p,classical,auto,1,false,,5,0,3,,unknown,recursion_limit,,focus,LL,11217,28,20.252,1520,0,1012,0,0,0
lltp,ILL/ILLTP-SYJ-01,,,SYJ208+1.015.p,classical,auto,1,false,,5,0,3,,unknown,recursion_limit,,focus,LL,13653,30,25.521,1520,0,1012,0,0,0
lltp,ILL/ILLTP-SYJ-01,,,SYJ208+1.016.p,classical,auto,1,false,,5,0,3,,unknown,recursion_limit,,focus,LL,16419,32,32.339,1520,0,1012,0,0,0
lltp,ILL/ILLTP-SYJ-01,,,SYJ208+1.017.p,classical,auto,1,false,,5,0,3,,unknown,recursion_limit,,focus,LL,19536,34,40.254,1520,0,1012,0,0,0
lltp,ILL/ILLTP-SYJ-01,,,SYJ208+1.018.p,classical,auto,1,false,,5,0,3,,unknown,recursion_limit,,focus,LL,23025,36,50.958,1517,0,1010,0,0,0
lltp,ILL/ILLTP-SYJ-01,,,SYJ208+1.019.p,classical,auto,1,false,,5,0,3,,unknown,recursion_limit,,focus,LL,26907,38,64.854,1517,0,1010,0,0,0
lltp,ILL/ILLTP-SYJ-01,,,SYJ208+1.020.p,classical,auto,1,false,,5,0,3,,unknown,recursion_limit,,focus,LL,31203,40,80.733,1517,0,1010,0,0,0
lltp,ILL/ILLTP-SYJ-01,,,SYJ209+1.001.p,classical,auto,1,false,,5,0,3,,unprovable,,,focus,LL,23,2,0.015,14,4,5,5,0,0
lltp,ILL/ILLTP-SYJ-01,,,SYJ209+1.002.p,classical,auto,1,false,,5,0,3,,unknown,copy_bound,,focus,LL,34,2,0.037,76,20,20,24,0,0
lltp,ILL/ILLTP-SYJ-01,,,SYJ209+1.003.p,classical,auto,1,false,,5,0,3,,unknown,copy_bound,,focus,LL,45,3,0.072,172,38,55,43,0,0
lltp,ILL/ILLTP-SYJ-01,,,SYJ209+1.004.p,classical,auto,1,false,,5,0,3,,unknown,copy_bound,,focus,LL,56,4,0.111,328,66,121,68,0,0
lltp,ILL/ILLTP-SYJ-01,,,SYJ209+1.005.p,classical,auto,1,false,,5,0,3,,unknown,copy_bound,,focus,LL,67,5,0.191,557,106,227,99,0,0
lltp,ILL/ILLTP-SYJ-01,,,SYJ209+1.006.p,classical,auto,1,false,,5,0,3,,unknown,copy_bound,,focus,LL,78,6,0.237,872,160,382,136,0,0
lltp,ILL/ILLTP-SYJ-01,,,SYJ209+1.007.p,classical,auto,1,false,,5,0,3,,unknown,copy_bound,,focus,LL,89,7,0.367,1286,230,595,179,0,0
lltp,ILL/ILLTP-SYJ-01,,,SYJ209+1.008.p,classical,auto,1,false,,5,0,3,,unknown,copy_bound,,focus,LL,100,8,0.462,1812,318,875,228,0,0
lltp,ILL/ILLTP-SYJ-01,,,SYJ209+1.009.p,classical,auto,1,false,,5,0,3,,unknown,copy_bound,,focus,LL,111,9,0.655,2463,426,1231,283,0,0
lltp,ILL/ILLTP-SYJ-01,,,SYJ209+1.010.p,classical,auto,1,false,,5,0,3,,unknown,copy_bound,,focus,LL,122,10,0.882,3252,556,1672,344,0,0
lltp,ILL/ILLTP-SYJ-01,,,SYJ209+1.011.p,classical,auto,1,false,,5,0,3,,unknown,copy_bound,,focus,LL,133,11,1.177,4192,710,2207,411,0,0
lltp,ILL/ILLTP-SYJ-01,,,SYJ209+1.012.p,classical,auto,1,false,,5,0,3,,unknown,copy_bound,,focus,LL,144,12,1.479,5296,890,2845,484,0,0
lltp,ILL/ILLTP-SYJ-01,,,SYJ209+1.013.p,classical,auto,1,false,,5,0,3,,unknown,copy_bound,,focus,LL,155,13,1.921,6577,1098,3595,563,0,0
lltp,ILL/ILLTP-SYJ-01,,,SYJ209+1.014.p,classical,auto,1,false,,5,0,3,,unknown,copy_bound,,focus,LL,166,14,2.447,8048,1336,4466,648,0,0
lltp,ILL/ILLTP-SYJ-01,,,SYJ209+1.015.p,classical,auto,1,false,,5,0,3,,unknown,copy_bound,,focus,LL,177,15,2.956,9722,1606,5467,739,0,0
lltp,ILL/ILLTP-SYJ-01,,,SYJ209+1.016.p,classical,auto,1,false,,5,0,3,,unknown,copy_bound,,focus,LL,188,16,3.052,11612,1910,6607,836,0,0
lltp,ILL/ILLTP-SYJ-01,,,SYJ209+1.017.p,classical,auto,1,false,,5,0,3,,unknown,copy_bound,,focus,LL,199,17,4.064,13731,2250,7895,939,0,0
lltp,ILL/ILLTP-SYJ-01,,,SYJ209+1.018.p,classical,auto,1,false,,5,0,3,,unknown,copy_bound,,focus,LL,210,18,4.647,16092,2628,9340,1048,0,0
lltp,ILL/ILLTP-SYJ-01,,,SYJ209+1.019.p,classical,auto,1,false,,5,0,3,,unknown,copy_bound,,focus,LL,221,19,5.367,18708,3046,10951,1163,0,0
lltp,ILL/ILLTP-SYJ-01,,,SYJ209+1.020.p,classical,auto,1,false,,5,0,3,,unknown,copy_bound,,focus,LL,232,20,6.624,21592,3506,12737,1284,0,0
lltp,ILL/ILLTP-SYJ-01,,,SYJ210+1.001.p,classical,auto,1,false,,5,0,3,,unknown,copy_bound,,focus,LL,21,2,0.026,34,11,8,23,0,0
lltp,ILL/ILLTP-SYJ-01,,,SYJ210+1.002.p,classical,auto,1,false,,5,0,3,,unknown,copy_bound,,focus,LL,31,2,0.032,55,25,11,43,0,0
lltp,ILL/ILLTP-SYJ-01,,,SYJ210+1.003.p,classical,auto,1,false,,5,0,3,,unknown,copy_bound,,focus,LL,41,2,0.039,82,45,14,69,0,0
lltp,ILL/ILLTP-SYJ-01,,,SYJ210+1.004.p,classical,auto,1,false,,5,0,3,,unknown,copy_bound,,focus,LL,51,2,0.041,115,71,17,101,0,0
lltp,ILL/ILLTP-SYJ-01,,,SYJ210+1.005.p,classical,auto,1,false,,5,0,3,,unknown,copy_bound,,focus,LL,61,2,0.047,154,103,20,139,0,0
lltp,ILL/ILLTP-SYJ-01,,,SYJ210+1.006.p,classical,auto,1,false,,5,0,3,,unknown,copy_bound,,focus,LL,71,2,0.052,199,141,23,183,0,0
lltp,ILL/ILLTP-SYJ-01,,,SYJ210+1.007.p,classical,auto,1,false,,5,0,3,,unknown,copy_bound,,focus,LL,81,2,0.065,250,185,26,233,0,0
lltp,ILL/ILLTP-SYJ-01,,,SYJ210+1.008.p,classical,auto,1,false,,5,0,3,,unknown,copy_bound,,focus,LL,91,2,0.066,307,235,29,289,0,0
lltp,ILL/ILLTP-SYJ-01,,,SYJ210+1.009.p,classical,auto,1,false,,5,0,3,,unknown,copy_bound,,focus,LL,101,2,0.080,370,291,32,351,0,0
lltp,ILL/ILLTP-SYJ-01,,,SYJ210+1.010.p,classical,auto,1,false,,5,0,3,,unknown,copy_bound,,focus,LL,111,2,0.147,439,353,35,419,0,0
lltp,ILL/ILLTP-SYJ-01,,,SYJ210+1.011.p,classical,auto,1,false,,5,0,3,,unknown,copy_bound,,focus,LL,121,2,0.092,514,421,38,493,0,0
lltp,ILL/ILLTP-SYJ-01,,,SYJ210+1.012.p,classical,auto,1,false,,5,0,3,,unknown,copy_bound,,focus,LL,131,2,0.101,595,495,41,573,0,0
lltp,ILL/ILLTP-SYJ-01,,,SYJ210+1.013.p,classical,auto,1,false,,5,0,3,,unknown,copy_bound,,focus,LL,141,2,0.108,682,575,44,659,0,0
lltp,ILL/ILLTP-SYJ-01,,,SYJ210+1.014.p,classical,auto,1,false,,5,0,3,,unknown,copy_bound,,focus,LL,151,2,0.120,775,661,47,751,0,0
lltp,ILL/ILLTP-SYJ-01,,,SYJ210+1.015.p,classical,auto,1,false,,5,0,3,,unknown,copy_bound,,focus,LL,161,2,0.129,874,753,50,849,0,0
lltp,ILL/ILLTP-SYJ-01,,,SYJ210+1.016.p,classical,auto,1,false,,5,0,3,,unknown,copy_bound,,focus,LL,171,2,0.154,979,851,53,953,0,0
lltp,ILL/ILLTP-SYJ-01,,,SYJ210+1.017.p,classical,auto,1,false,,5,0,3,,unknown,copy_bound,,focus,LL,181,2,0.143,1090,955,56,1063,0,0
lltp,ILL/ILLTP-SYJ-01,,,SYJ210+1.018.p,classical,auto,1,false,,5,0,3,,unknown,copy_bound,,focus,LL,191,2,0.172,1207,1065,59,1179,0,0
lltp,ILL/ILLTP-SYJ-01,,,SYJ210+1.019.p,classical,auto,1,false,,5,0,3,,unknown,copy_bound,,focus,LL,201,2,0.180,1330,1181,62,1301,0,0
lltp,ILL/ILLTP-SYJ-01,,,SYJ210+1.020.p,classical,auto,1,false,,5,0,3,,unknown,copy_bound,,focus,LL,211,2,0.216,1459,1303,65,1429,0,0
lltp,ILL/ILLTP-SYJ-01,,,SYJ211+1.001.p,classical,auto,1,false,,5,0,3,,unknown,copy_bound,,focus,LL,43,2,0.021,37,22,6,27,0,0
lltp,ILL/ILLTP-SYJ-01,,,SYJ211+1.002.p,classical,auto,1,false,,5,0,3,,unknown,copy_bound,,focus,LL,61,2,0.022,57,38,8,44,0,0
lltp,ILL/ILLTP-SYJ-01,,,SYJ211+1.003.p,classical,auto,1,false,,5,0,3,,unknown,copy_bound,,focus,LL,79,2,0.025,81,58,10,65,0,0
lltp,ILL/ILLTP-SYJ-01,,,SYJ211+1.004.p,classical,auto,1,false,,5,0,3,,unknown,copy_bound,,focus,LL,97,2,0.027,109,82,12,90,0,0
lltp,ILL/ILLTP-SYJ-01,,,SYJ211+1.005.p,classical,auto,1,false,,5,0,3,,unknown,copy_bound,,focus,LL,115,2,0.030,141,110,14,119,0,0
lltp,ILL/ILLTP-SYJ-01,,,SYJ211+1.006.p,classical,auto,1,false,,5,0,3,,unknown,copy_bound,,focus,LL,133,2,0.038,177,142,16,152,0,0
lltp,ILL/ILLTP-SYJ-01,,,SYJ211+1.007.p,classical,auto,1,false,,5,0,3,,unknown,copy_bound,,focus,LL,151,2,0.042,217,178,18,189,0,0
lltp,ILL/ILLTP-SYJ-01,,,SYJ211+1.008.p,classical,auto,1,false,,5,0,3,,unknown,copy_bound,,focus,LL,169,2,0.055,261,218,20,230,0,0
lltp,ILL/ILLTP-SYJ-01,,,SYJ211+1.009.p,classical,auto,1,false,,5,0,3,,unknown,copy_bound,,focus,LL,187,2,0.053,309,262,22,275,0,0
lltp,ILL/ILLTP-SYJ-01,,,SYJ211+1.010.p,classical,auto,1,false,,5,0,3,,unknown,copy_bound,,focus,LL,205,2,0.057,361,310,24,324,0,0
lltp,ILL/ILLTP-SYJ-01,,,SYJ211+1.011.p,classical,auto,1,false,,5,0,3,,unknown,copy_bound,,focus,LL,223,2,0.116,417,362,26,377,0,0
lltp,ILL/ILLTP-SYJ-01,,,SYJ211+1.012.p,classical,auto,1,false,,5,0,3,,unknown,copy_bound,,focus,LL,241,2,0.071,477,418,28,434,0,0
lltp,ILL/ILLTP-SYJ-01,,,SYJ211+1.013.p,classical,auto,1,false,,5,0,3,,unknown,copy_bound,,focus,LL,259,2,0.079,541,478,30,495,0,0
lltp,ILL/ILLTP-SYJ-01,,,SYJ211+1.014.p,classical,auto,1,false,,5,0,3,,unknown,copy_bound,,focus,LL,277,2,0.092,609,542,32,560,0,0
lltp,ILL/ILLTP-SYJ-01,,,SYJ211+1.015.p,classical,auto,1,false,,5,0,3,,unknown,copy_bound,,focus,LL,295,2,0.100,681,610,34,629,0,0
lltp,ILL/ILLTP-SYJ-01,,,SYJ211+1.016.p,classical,auto,1,false,,5,0,3,,unknown,copy_bound,,focus,LL,313,2,0.103,757,682,36,702,0,0
lltp,ILL/ILLTP-SYJ-01,,,SYJ211+1.017.p,classical,auto,1,false,,5,0,3,,unknown,copy_bound,,focus,LL,331,2,0.111,837,758,38,779,0,0
lltp,ILL/ILLTP-SYJ-01,,,SYJ211+1.018.p,classical,auto,1,false,,5,0,3,,unknown,copy_bound,,focus,LL,349,2,0.116,921,838,40,860,0,0
lltp,ILL/ILLTP-SYJ-01,,,SYJ211+1.019.p,classical,auto,1,false,,5,0,3,,unknown,copy_bound,,focus,LL,367,2,0.134,1009,922,42,945,0,0
lltp,ILL/ILLTP-SYJ-01,,,SYJ211+1.020.p,classical,auto,1,false,,5,0,3,,unknown,copy_bound,,focus,LL,385,2,0.144,1101,1010,44,1034,0,0
lltp,ILL/ILLTP-SYJ-01,,,SYJ212+1.001.p,classical,auto,1,false,,5,0,3,,unknown,copy_bound,,focus,LL,25,2,0.028,44,17,12,9,0,0
lltp,ILL/ILLTP-SYJ-01,,,SYJ212+1.002.p,classical,auto,1,false,,5,0,3,,unknown,copy_bound,,focus,LL,82,4,0.066,139,38,45,45,0,0
lltp,ILL/ILLTP-SYJ-01,,,SYJ212+1.003.p,classical,auto,1,false,,5,0,3,,unknown,copy_bound,,focus,LL,198,8,0.100,328,161,89,51,0,0
lltp,ILL/ILLTP-SYJ-01,,,SYJ212+1.004.p,classical,auto,1,false,,5,0,3,,unknown,copy_bound,,focus,LL,430,16,0.191,645,304,205,82,0,0
lltp,ILL/ILLTP-SYJ-01,,,SYJ212+1.005.p,classical,auto,1,false,,5,0,3,,unknown,copy_bound,,focus,LL,894,32,0.385,1084,504,376,118,0,0
lltp,ILL/ILLTP-SYJ-01,,,SYJ212+1.006.p,classical,auto,1,false,,5,0,3,,unknown,copy_bound,,focus,LL,1822,64,0.858,1704,788,627,161,0,0
lltp,ILL/ILLTP-SYJ-01,,,SYJ212+1.007.p,classical,auto,1,false,,5,0,3,,unknown,copy_bound,,focus,LL,3678,128,1.643,2551,1182,976,210,0,0
lltp,ILL/ILLTP-SYJ-01,,,SYJ212+1.008.p,classical,auto,1,false,,5,0,3,,unknown,copy_bound,,focus,LL,7390,256,3.745,3678,1716,1444,265,0,0
lltp,ILL/ILLTP-SYJ-01,,,SYJ212+1.009.p,classical,auto,1,false,,5,0,3,,unknown,copy_bound,,focus,LL,14814,512,10.263,5144,2424,2054,326,0,0
lltp,ILL/ILLTP-SYJ-01,,,SYJ212+1.010.p,classical,auto,1,false,,5,0,3,,unknown,copy_bound,,focus,LL,29662,1024,25.381,7014,3344,2831,393,0,0
lltp,ILL/ILLTP-SYJ-01,,,SYJ212+1.011.p,classical,auto,1,false,,5,0,3,,unknown,copy_bound,,focus,LL,59358,2048,70.780,9359,4518,3802,466,0,0
lltp,ILL/ILLTP-SYJ-01,,,SYJ212+1.012.p,classical,auto,1,false,,5,0,3,,unknown,copy_bound,,focus,LL,118750,4096,181.579,12256,5992,4996,545,0,0
lltp,ILL/ILLTP-SYJ-01,,,SYJ212+1.013.p,classical,auto,1,false,,5,0,3,,unknown,copy_bound,,focus,LL,237534,8192,457.147,15788,7816,6444,630,0,0
lltp,ILL/ILLTP-SYJ-01,,,SYJ212+1.014.p,classical,auto,1,false,,5,0,3,,unknown,copy_bound,,focus,LL,475102,16384,1157.311,20044,10044,8179,721,0,0
lltp,ILL/ILLTP-SYJ-01,,,SYJ212+1.015.p,classical,auto,1,false,,5,0,3,,unknown,copy_bound,,focus,LL,950238,32768,2828.621,25119,12734,10236,818,0,0
lltp,ILL/ILLTP-SYJ-01,,,SYJ212+1.016.p,classical,auto,1,false,,5,0,3,,unknown,timeout,,focus,LL,1900510,65536,5099.246,19968,10068,8479,408,0,0
lltp,ILL/ILLTP-SYJ-01,,,SYJ212+1.017.p,classical,auto,1,false,,5,0,3,,unknown,timeout,,focus,LL,3801054,131072,5075.170,7616,3244,3790,133,0,0
lltp,ILL/ILLTP-SYJ-01,,,SYJ212+1.018.p,classical,auto,1,false,,5,0,3,,unknown,timeout,,focus,LL,7602142,262144,5121.763,3392,1421,1729,22,0,0
lltp,ILL/ILLTP-SYJ-01,,,SYJ212+1.019.p,classical,auto,1,false,,5,0,,,unknown,killed,,,,,,10607.219,,,,,,
lltp,ILL/ILLTP-SYJ-01,,,SYJ212+1.020.p,classical,auto,1,false,,5,0,,,unknown,killed,,,,,,10562.800,,,,,,
lltp,ILL/ILLTP-SYJ-cbn,,,SYJ101+1.p,classical,auto,1,false,,5,0,3,,proved,,ok,focus,MELL,3,1,0.011,2,0,1,0,0,0
lltp,ILL/ILLTP-SYJ-cbn,,,SYJ102+1.p,classical,auto,1,false,,5,0,3,,proved,,ok,focus,LL,9,1,0.013,8,1,3,3,0,0
lltp,ILL/ILLTP-SYJ-cbn,,,SYJ103+1.p,classical,auto,1,false,,5,0,3,,unknown,copy_bound,,focus,LL,23,2,0.035,68,27,19,18,0,0
lltp,ILL/ILLTP-SYJ-cbn,,,SYJ104+1.p,classical,auto,1,false,,5,0,3,,proved,,ok,focus,MELL,9,1,0.014,7,0,4,2,0,0
lltp,ILL/ILLTP-SYJ-cbn,,,SYJ105+1.002.p,classical,auto,1,false,,5,0,3,,proved,,ok,focus,LL,14,1,0.021,22,4,7,8,0,0
lltp,ILL/ILLTP-SYJ-cbn,,,SYJ105+1.003.p,classical,auto,1,false,,5,0,3,,unknown,copy_bound,,focus,LL,23,2,0.026,34,10,9,12,0,0
lltp,ILL/ILLTP-SYJ-cbn,,,SYJ105+1.004.p,classical,auto,1,false,,5,0,3,,unknown,copy_bound,,focus,LL,32,2,0.024,34,10,9,12,0,0
lltp,ILL/ILLTP-SYJ-cbn,,,SYJ106+1.p,classical,auto,1,false,,5,0,3,,unknown,copy_bound,,focus,LL,38,2,0.032,41,10,19,30,0,0
lltp,ILL/ILLTP-SYJ-cbn,,,SYJ107+1.001.p,classical,auto,1,false,,5,0,3,,proved,,ok,focus,LL,19,2,0.048,97,31,37,0,0,0
lltp,ILL/ILLTP-SYJ-cbn,,,SYJ107+1.002.p,classical,auto,1,false,,5,0,3,,unknown,copy_bound,,focus,LL,38,2,0.064,204,105,47,50,0,0
lltp,ILL/ILLTP-SYJ-cbn,,,SYJ107+1.003.p,classical,auto,1,false,,5,0,3,,unknown,copy_bound,,focus,LL,57,2,0.098,364,223,67,144,0,0
lltp,ILL/ILLTP-SYJ-cbn,,,SYJ107+1.004.p,classical,auto,1,false,,5,0,3,,unknown,copy_bound,,focus,LL,76,2,0.123,568,385,87,282,0,0
lltp,ILL/ILLTP-SYJ-cbn,,,SYJ201+1.001.p,classical,auto,1,false,,5,0,3,,unknown,copy_bound,,focus,LL,56,5,0.043,83,24,41,54,0,0
lltp,ILL/ILLTP-SYJ-cbn,,,SYJ201+1.002.p,classical,auto,1,false,,5,0,3,,unknown,copy_bound,,focus,LL,114,7,0.097,255,85,132,190,0,0
lltp,ILL/ILLTP-SYJ-cbn,,,SYJ201+1.003.p,classical,auto,1,false,,5,0,3,,unknown,copy_bound,,focus,LL,188,9,0.202,579,210,303,462,0,0
lltp,ILL/ILLTP-SYJ-cbn,,,SYJ201+1.004.p,classical,auto,1,false,,5,0,3,,unknown,copy_bound,,focus,LL,278,11,0.423,1103,423,578,918,0,0
lltp,ILL/ILLTP-SYJ-cbn,,,SYJ201+1.005.p,classical,auto,1,false,,5,0,3,,unknown,copy_bound,,focus,LL,384,13,0.642,1875,748,981,1606,0,0
lltp,ILL/ILLTP-SYJ-cbn,,,SYJ201+1.006.p,classical,auto,1,false,,5,0,3,,unknown,copy_bound,,focus,LL,506,15,0.952,2943,1209,1536,2574,0,0
lltp,ILL/ILLTP-SYJ-cbn,,,SYJ201+1.007.p,classical,auto,1,false,,5,0,3,,unknown,copy_bound,,focus,LL,644,17,1.709,4355,1830,2267,3870,0,0
lltp,ILL/ILLTP-SYJ-cbn,,,SYJ201+1.008.p,classical,auto,1,false,,5,0,3,,unknown,copy_bound,,focus,LL,798,19,2.406,6159,2635,3198,5542,0,0
lltp,ILL/ILLTP-SYJ-cbn,,,SYJ201+1.009.p,classical,auto,1,false,,5,0,3,,unknown,copy_bound,,focus,LL,968,21,4.415,8403,3648,4353,7638,0,0
lltp,ILL/ILLTP-SYJ-cbn,,,SYJ201+1.010.p,classical,auto,1,false,,5,0,3,,unknown,copy_bound,,focus,LL,1154,23,5.992,11135,4893,5756,10206,0,0
lltp,ILL/ILLTP-SYJ-cbn,,,SYJ201+1.011.p,classical,auto,1,false,,5,0,3,,unknown,copy_bound,,focus,LL,1356,25,8.623,14403,6394,7431,13294,0,0
lltp,ILL/ILLTP-SYJ-cbn,,,SYJ201+1.012.p,classical,auto,1,false,,5,0,3,,unknown,copy_bound,,focus,LL,1574,27,11.559,18255,8175,9402,16950,0,0
lltp,ILL/ILLTP-SYJ-cbn,,,SYJ201+1.013.p,classical,auto,1,false,,5,0,3,,unknown,copy_bound,,focus,LL,1808,29,14.659,22739,10260,11693,21222,0,0
lltp,ILL/ILLTP-SYJ-cbn,,,SYJ201+1.014.p,classical,auto,1,false,,5,0,3,,unknown,copy_bound,,focus,LL,2058,31,18.538,27903,12673,14328,26158,0,0
lltp,ILL/ILLTP-SYJ-cbn,,,SYJ201+1.015.p,classical,auto,1,false,,5,0,3,,unknown,copy_bound,,focus,LL,2324,33,25.069,33795,15438,17331,31806,0,0
lltp,ILL/ILLTP-SYJ-cbn,,,SYJ201+1.016.p,classical,auto,1,false,,5,0,3,,unknown,copy_bound,,focus,LL,2606,35,32.154,40463,18579,20726,38214,0,0
lltp,ILL/ILLTP-SYJ-cbn,,,SYJ201+1.017.p,classical,auto,1,false,,5,0,3,,unknown,copy_bound,,focus,LL,2904,37,39.763,47955,22120,24537,45430,0,0
lltp,ILL/ILLTP-SYJ-cbn,,,SYJ201+1.018.p,classical,auto,1,false,,5,0,3,,unknown,copy_bound,,focus,LL,3218,39,56.965,56319,26085,28788,53502,0,0
lltp,ILL/ILLTP-SYJ-cbn,,,SYJ201+1.019.p,classical,auto,1,false,,5,0,3,,unknown,copy_bound,,focus,LL,3548,41,70.301,65603,30498,33503,62478,0,0
lltp,ILL/ILLTP-SYJ-cbn,,,SYJ201+1.020.p,classical,auto,1,false,,5,0,3,,unknown,copy_bound,,focus,LL,3894,43,84.125,75855,35383,38706,72406,0,0
lltp,ILL/ILLTP-SYJ-cbn,,,SYJ202+1.001.p,classical,auto,1,false,,5,0,3,,proved,,ok,focus,LL,9,1,0.012,5,0,3,0,0,0
lltp,ILL/ILLTP-SYJ-cbn,,,SYJ202+1.002.p,classical,auto,1,false,,5,0,3,,unknown,copy_bound,,focus,LL,51,2,0.237,988,472,303,0,0,0
lltp,ILL/ILLTP-SYJ-cbn,,,SYJ202+1.003.p,classical,auto,1,false,,5,0,3,,unknown,copy_bound,,focus,LL,145,3,1.646,7296,3886,2353,0,0,0
lltp,ILL/ILLTP-SYJ-cbn,,,SYJ202+1.004.p,classical,auto,1,false,,5,0,3,,unknown,copy_bound,,focus,LL,307,4,7.210,29478,16481,9520,0,0,0
lltp,ILL/ILLTP-SYJ-cbn,,,SYJ202+1.005.p,classical,auto,1,false,,5,0,3,,unknown,copy_bound,,focus,LL,555,5,29.112,90807,52403,29329,0,0,0
lltp,ILL/ILLTP-SYJ-cbn,,,SYJ202+1.006.p,classical,auto,1,false,,5,0,3,,unknown,copy_bound,,focus,LL,907,6,101.216,233523,137893,75340,0,0,0
lltp,ILL/ILLTP-SYJ-cbn,,,SYJ202+1.007.p,classical,auto,1,false,,5,0,3,,unknown,copy_bound,,focus,LL,1381,7,330.569,527428,316980,169867,0,0,0
lltp,ILL/ILLTP-SYJ-cbn,,,SYJ202+1.008.p,classical,auto,1,false,,5,0,3,,unknown,copy_bound,,focus,LL,1995,8,903.302,1079903,658182,347114,0,0,0
lltp,ILL/ILLTP-SYJ-cbn,,,SYJ202+1.009.p,classical,auto,1,false,,5,0,3,,unknown,copy_bound,,focus,LL,2767,9,2438.246,2047485,1262287,656791,0,0,0
lltp,ILL/ILLTP-SYJ-cbn,,,SYJ202+1.010.p,classical,auto,1,false,,5,0,3,,unknown,recursion_limit,,focus,LL,3715,10,5.280,1017,0,508,0,0,0
lltp,ILL/ILLTP-SYJ-cbn,,,SYJ202+1.011.p,classical,auto,1,false,,5,0,3,,unknown,recursion_limit,,focus,LL,4857,22,6.634,1017,0,508,0,0,0
lltp,ILL/ILLTP-SYJ-cbn,,,SYJ202+1.012.p,classical,auto,1,false,,5,0,3,,unknown,recursion_limit,,focus,LL,6211,24,8.593,1017,0,508,0,0,0
lltp,ILL/ILLTP-SYJ-cbn,,,SYJ202+1.013.p,classical,auto,1,false,,5,0,3,,unknown,recursion_limit,,focus,LL,7795,26,10.800,1015,0,507,0,0,0
lltp,ILL/ILLTP-SYJ-cbn,,,SYJ202+1.014.p,classical,auto,1,false,,5,0,3,,unknown,recursion_limit,,focus,LL,9627,28,14.186,1015,0,507,0,0,0
lltp,ILL/ILLTP-SYJ-cbn,,,SYJ202+1.015.p,classical,auto,1,false,,5,0,3,,unknown,recursion_limit,,focus,LL,11725,30,17.725,1015,0,507,0,0,0
lltp,ILL/ILLTP-SYJ-cbn,,,SYJ202+1.016.p,classical,auto,1,false,,5,0,3,,unknown,recursion_limit,,focus,LL,14107,32,23.471,1015,0,507,0,0,0
lltp,ILL/ILLTP-SYJ-cbn,,,SYJ202+1.017.p,classical,auto,1,false,,5,0,3,,unknown,recursion_limit,,focus,LL,16791,34,29.627,1013,0,506,0,0,0
lltp,ILL/ILLTP-SYJ-cbn,,,SYJ202+1.018.p,classical,auto,1,false,,5,0,3,,unknown,recursion_limit,,focus,LL,19795,36,38.190,1013,0,506,0,0,0
lltp,ILL/ILLTP-SYJ-cbn,,,SYJ202+1.019.p,classical,auto,1,false,,5,0,3,,unknown,recursion_limit,,focus,LL,23137,38,48.830,1013,0,506,0,0,0
lltp,ILL/ILLTP-SYJ-cbn,,,SYJ202+1.020.p,classical,auto,1,false,,5,0,3,,unknown,recursion_limit,,focus,LL,26835,40,61.804,1013,0,506,0,0,0
lltp,ILL/ILLTP-SYJ-cbn,,,SYJ203+1.001.p,classical,auto,1,false,,5,0,3,,proved,,ok,focus,LL,13,2,0.024,22,4,7,8,0,0
lltp,ILL/ILLTP-SYJ-cbn,,,SYJ203+1.002.p,classical,auto,1,false,,5,0,3,,unknown,copy_bound,,focus,LL,22,3,0.042,87,21,24,23,0,0
lltp,ILL/ILLTP-SYJ-cbn,,,SYJ203+1.003.p,classical,auto,1,false,,5,0,3,,unknown,copy_bound,,focus,LL,31,4,0.069,180,43,54,38,0,0
lltp,ILL/ILLTP-SYJ-cbn,,,SYJ203+1.004.p,classical,auto,1,false,,5,0,3,,unknown,copy_bound,,focus,LL,40,5,0.098,323,76,104,57,0,0
lltp,ILL/ILLTP-SYJ-cbn,,,SYJ203+1.005.p,classical,auto,1,false,,5,0,3,,unknown,copy_bound,,focus,LL,49,6,0.143,526,122,179,80,0,0
lltp,ILL/ILLTP-SYJ-cbn,,,SYJ203+1.006.p,classical,auto,1,false,,5,0,3,,unknown,copy_bound,,focus,LL,58,7,0.209,799,183,284,107,0,0
lltp,ILL/ILLTP-SYJ-cbn,,,SYJ203+1.007.p,classical,auto,1,false,,5,0,3,,unknown,copy_bound,,focus,LL,67,8,0.287,1152,261,424,138,0,0
lltp,ILL/ILLTP-SYJ-cbn,,,SYJ203+1.008.p,classical,auto,1,false,,5,0,3,,unknown,copy_bound,,focus,LL,76,9,0.403,1595,358,604,173,0,0
lltp,ILL/ILLTP-SYJ-cbn,,,SYJ203+1.009.p,classical,auto,1,false,,5,0,3,,unknown,copy_bound,,focus,LL,85,10,0.498,2138,476,829,212,0,0
lltp,ILL/ILLTP-SYJ-cbn,,,SYJ203+1.010.p,classical,auto,1,false,,5,0,3,,unknown,copy_bound,,focus,LL,94,11,0.633,2791,617,1104,255,0,0
lltp,ILL/ILLTP-SYJ-cbn,,,SYJ203+1.011.p,classical,auto,1,false,,5,0,3,,unknown,copy_bound,,focus,LL,103,12,0.819,3564,783,1434,302,0,0
lltp,ILL/ILLTP-SYJ-cbn,,,SYJ203+1.012.p,classical,auto,1,false,,5,0,3,,unknown,copy_bound,,focus,LL,112,13,1.136,4467,976,1824,353,0,0
lltp,ILL/ILLTP-SYJ-cbn,,,SYJ203+1.013.p,classical,auto,1,false,,5,0,3,,unknown,copy_bound,,focus,LL,121,14,1.376,5510,1198,2279,408,0,0
lltp,ILL/ILLTP-SYJ-cbn,,,SYJ203+1.014.p,classical,auto,1,false,,5,0,3,,unknown,copy_bound,,focus,LL,130,15,1.554,6703,1451,2804,467,0,0
lltp,ILL/ILLTP-SYJ-cbn,,,SYJ203+1.015.p,classical,auto,1,false,,5,0,3,,unknown,copy_bound,,focus,LL,139,16,2.210,8056,1737,3404,530,0,0
lltp,ILL/ILLTP-SYJ-cbn,,,SYJ203+1.016.p,classical,auto,1,false,,5,0,3,,unknown,copy_bound,,focus,LL,148,17,2.645,9579,2058,4084,597,0,0
lltp,ILL/ILLTP-SYJ-cbn,,,SYJ203+1.017.p,classical,auto,1,false,,5,0,3,,unknown,copy_bound,,focus,LL,157,18,3.264,11282,2416,4849,668,0,0
lltp,ILL/ILLTP-SYJ-cbn,,,SYJ203+1.018.p,classical,auto,1,false,,5,0,3,,unknown,copy_bound,,focus,LL,166,19,3.373,13175,2813,5704,743,0,0
lltp,ILL/ILLTP-SYJ-cbn,,,SYJ203+1.019.p,classical,auto,1,false,,5,0,3,,unknown,copy_bound,,focus,LL,175,20,3.968,15268,3251,6654,822,0,0
lltp,ILL/ILLTP-SYJ-cbn,,,SYJ203+1.020.p,classical,auto,1,false,,5,0,3,,unknown,copy_bound,,focus,LL,184,21,5.262,17571,3732,7704,905,0,0
lltp,ILL/ILLTP-SYJ-cbn,,,SYJ204+1.001.p,classical,auto,1,false,,5,0,3,,proved,,ok,focus,MELL,11,2,0.014,7,0,4,3,0,0
lltp,ILL/ILLTP-SYJ-cbn,,,SYJ204+1.002.p,classical,auto,1,false,,5,0,3,,proved,,ok,focus,MELL,19,2,0.018,18,6,6,13,0,0
lltp,ILL/ILLTP-SYJ-cbn,,,SYJ204+1.003.p,classical,auto,1,false,,5,0,3,,unknown,copy_bound,,focus,MELL,27,2,0.019,30,16,6,26,0,0
lltp,ILL/ILLTP-SYJ-cbn,,,SYJ204+1.004.p,classical,auto,1,false,,5,0,3,,unknown,copy_bound,,focus,MELL,35,2,0.022,45,28,7,41,0,0
lltp,ILL/ILLTP-SYJ-cbn,,,SYJ204+1.005.p,classical,auto,1,false,,5,0,3,,unknown,copy_bound,,focus,MELL,43,2,0.029,64,44,8,60,0,0
lltp,ILL/ILLTP-SYJ-cbn,,,SYJ204+1.006.p,classical,auto,1,false,,5,0,3,,unknown,copy_bound,,focus,MELL,51,2,0.029,87,64,9,83,0,0
lltp,ILL/ILLTP-SYJ-cbn,,,SYJ204+1.007.p,classical,auto,1,false,,5,0,3,,unknown,copy_bound,,focus,MELL,59,2,0.033,114,88,10,110,0,0
lltp,ILL/ILLTP-SYJ-cbn,,,SYJ204+1.008.p,classical,auto,1,false,,5,0,3,,unknown,copy_bound,,focus,MELL,67,2,0.040,145,116,11,141,0,0
lltp,ILL/ILLTP-SYJ-cbn,,,SYJ204+1.009.p,classical,auto,1,false,,5,0,3,,unknown,copy_bound,,focus,MELL,75,2,0.042,180,148,12,176,0,0
lltp,ILL/ILLTP-SYJ-cbn,,,SYJ204+1.010.p,classical,auto,1,false,,5,0,3,,unknown,copy_bound,,focus,MELL,83,2,0.045,219,184,13,215,0,0
lltp,ILL/ILLTP-SYJ-cbn,,,SYJ204+1.011.p,classical,auto,1,false,,5,0,3,,unknown,copy_bound,,focus,MELL,91,2,0.051,262,224,14,258,0,0
lltp,ILL/ILLTP-SYJ-cbn,,,SYJ204+1.012.p,classical,auto,1,false,,5,0,3,,unknown,copy_bound,,focus,MELL,99,2,0.055,309,268,15,305,0,0
lltp,ILL/ILLTP-SYJ-cbn,,,SYJ204+1.013.p,classical,auto,1,false,,5,0,3,,unknown,copy_bound,,focus,MELL,107,2,0.065,360,316,16,356,0,0
lltp,ILL/ILLTP-SYJ-cbn,,,SYJ204+1.014.p,classical,auto,1,false,,5,0,3,,unknown,copy_bound,,focus,MELL,115,2,0.068,415,368,17,411,0,0
lltp,ILL/ILLTP-SYJ-cbn,,,SYJ204+1.015.p,classical,auto,1,false,,5,0,3,,unknown,copy_bound,,focus,MELL,123,2,0.073,474,424,18,470,0,0
lltp,ILL/ILLTP-SYJ-cbn,,,SYJ204+1.016.p,classical,auto,1,false,,5,0,3,,unknown,copy_bound,,focus,MELL,131,2,0.088,537,484,19,533,0,0
lltp,ILL/ILLTP-SYJ-cbn,,,SYJ204+1.017.p,classical,auto,1,false,,5,0,3,,unknown,copy_bound,,focus,MELL,139,2,0.091,604,548,20,600,0,0
lltp,ILL/ILLTP-SYJ-cbn,,,SYJ204+1.018.p,classical,auto,1,false,,5,0,3,,unknown,copy_bound,,focus,MELL,147,2,0.098,675,616,21,671,0,0
lltp,ILL/ILLTP-SYJ-cbn,,,SYJ204+1.019.p,classical,auto,1,false,,5,0,3,,unknown,copy_bound,,focus,MELL,155,2,0.105,750,688,22,746,0,0
lltp,ILL/ILLTP-SYJ-cbn,,,SYJ204+1.020.p,classical,auto,1,false,,5,0,3,,unknown,copy_bound,,focus,MELL,163,2,0.142,829,764,23,825,0,0
lltp,ILL/ILLTP-SYJ-cbn,,,SYJ205+1.001.p,classical,auto,1,false,,5,0,3,,unknown,copy_bound,,focus,LL,47,2,0.031,59,26,19,44,0,0
lltp,ILL/ILLTP-SYJ-cbn,,,SYJ205+1.002.p,classical,auto,1,false,,5,0,3,,unknown,copy_bound,,focus,LL,63,2,0.042,119,57,38,92,0,0
lltp,ILL/ILLTP-SYJ-cbn,,,SYJ205+1.003.p,classical,auto,1,false,,5,0,3,,unknown,copy_bound,,focus,LL,79,2,0.060,207,101,72,165,0,0
lltp,ILL/ILLTP-SYJ-cbn,,,SYJ205+1.004.p,classical,auto,1,false,,5,0,3,,unknown,copy_bound,,focus,LL,95,2,0.082,331,163,122,270,0,0
lltp,ILL/ILLTP-SYJ-cbn,,,SYJ205+1.005.p,classical,auto,1,false,,5,0,3,,unknown,copy_bound,,focus,LL,111,2,0.104,497,246,191,413,0,0
lltp,ILL/ILLTP-SYJ-cbn,,,SYJ205+1.006.p,classical,auto,1,false,,5,0,3,,unknown,copy_bound,,focus,LL,127,2,0.153,711,353,282,600,0,0
lltp,ILL/ILLTP-SYJ-cbn,,,SYJ205+1.007.p,classical,auto,1,false,,5,0,3,,unknown,copy_bound,,focus,LL,143,2,0.201,979,487,398,837,0,0
lltp,ILL/ILLTP-SYJ-cbn,,,SYJ205+1.008.p,classical,auto,1,false,,5,0,3,,unknown,copy_bound,,focus,LL,159,2,0.273,1307,651,542,1130,0,0
lltp,ILL/ILLTP-SYJ-cbn,,,SYJ205+1.009.p,classical,auto,1,false,,5,0,3,,unknown,copy_bound,,focus,LL,175,2,0.322,1701,848,717,1485,0,0
lltp,ILL/ILLTP-SYJ-cbn,,,SYJ205+1.010.p,classical,auto,1,false,,5,0,3,,unknown,copy_bound,,focus,LL,191,2,0.431,2167,1081,926,1908,0,0
lltp,ILL/ILLTP-SYJ-cbn,,,SYJ205+1.011.p,classical,auto,1,false,,5,0,3,,unknown,copy_bound,,focus,LL,207,2,0.500,2711,1353,1172,2405,0,0
lltp,ILL/ILLTP-SYJ-cbn,,,SYJ205+1.012.p,classical,auto,1,false,,5,0,3,,unknown,copy_bound,,focus,LL,223,2,0.583,3339,1667,1458,2982,0,0
lltp,ILL/ILLTP-SYJ-cbn,,,SYJ205+1.013.p,classical,auto,1,false,,5,0,3,,unknown,copy_bound,,focus,LL,239,2,0.762,4057,2026,1787,3645,0,0
lltp,ILL/ILLTP-SYJ-cbn,,,SYJ205+1.014.p,classical,auto,1,false,,5,0,3,,unknown,copy_bound,,focus,LL,255,2,0.981,4871,2433,2162,4400,0,0
lltp,ILL/ILLTP-SYJ-cbn,,,SYJ205+1.015.p,classical,auto,1,false,,5,0,3,,unknown,copy_bound,,focus,LL,271,2,1.163,5787,2891,2586,5253,0,0
lltp,ILL/ILLTP-SYJ-cbn,,,SYJ205+1.016.p,classical,auto,1,false,,5,0,3,,unknown,copy_bound,,focus,LL,287,2,1.380,6811,3403,3062,6210,0,0
lltp,ILL/ILLTP-SYJ-cbn,,,SYJ205+1.017.p,classical,auto,1,false,,5,0,3,,unknown,copy_bound,,focus,LL,303,2,1.789,7949,3972,3593,7277,0,0
lltp,ILL/ILLTP-SYJ-cbn,,,SYJ205+1.018.p,classical,auto,1,false,,5,0,3,,unknown,copy_bound,,focus,LL,319,2,2.137,9207,4601,4182,8460,0,0
lltp,ILL/ILLTP-SYJ-cbn,,,SYJ205+1.019.p,classical,auto,1,false,,5,0,3,,unknown,copy_bound,,focus,LL,335,2,2.310,10591,5293,4832,9765,0,0
lltp,ILL/ILLTP-SYJ-cbn,,,SYJ205+1.020.p,classical,auto,1,false,,5,0,3,,unknown,copy_bound,,focus,LL,351,2,2.595,12107,6051,5546,11198,0,0
lltp,ILL/ILLTP-SYJ-cbn,,,SYJ206+1.001.p,classical,auto,1,false,,5,0,3,,proved,,ok,focus,LL,9,2,0.012,3,0,2,0,0,0
lltp,ILL/ILLTP-SYJ-cbn,,,SYJ206+1.002.p,classical,auto,1,false,,5,0,3,,proved,,ok,focus,LL,41,4,0.024,25,2,17,12,0,0
lltp,ILL/ILLTP-SYJ-cbn,,,SYJ206+1.003.p,classical,auto,1,false,,5,0,3,,proved,,ok,focus,LL,105,8,0.074,196,64,94,124,0,0
lltp,ILL/ILLTP-SYJ-cbn,,,SYJ206+1.004.p,classical,auto,1,false,,5,0,3,,unknown,copy_bound,,focus,LL,233,16,0.102,330,140,135,251,0,0
lltp,ILL/ILLTP-SYJ-cbn,,,SYJ206+1.005.p,classical,auto,1,false,,5,0,3,,unknown,copy_bound,,focus,LL,489,32,0.222,816,405,323,583,0,0
lltp,ILL/ILLTP-SYJ-cbn,,,SYJ206+1.006.p,classical,auto,1,false,,5,0,3,,unknown,copy_bound,,focus,LL,1001,64,0.574,1729,949,653,1101,0,0
lltp,ILL/ILLTP-SYJ-cbn,,,SYJ206+1.007.p,classical,auto,1,false,,5,0,3,,unknown,copy_bound,,focus,LL,2025,128,1.177,3284,1941,1167,1851,0,0
lltp,ILL/ILLTP-SYJ-cbn,,,SYJ206+1.008.p,classical,auto,1,false,,5,0,3,,unknown,copy_bound,,focus,LL,4073,256,2.900,5734,3588,1912,2875,0,0
lltp,ILL/ILLTP-SYJ-cbn,,,SYJ206+1.009.p,classical,auto,1,false,,5,0,3,,unknown,copy_bound,,focus,LL,8169,512,6.675,9374,6140,2933,4215,0,0
lltp,ILL/ILLTP-SYJ-cbn,,,SYJ206+1.010.p,classical,auto,1,false,,5,0,3,,unknown,copy_bound,,focus,LL,16361,1024,21.228,14541,9889,4275,5913,0,0
lltp,ILL/ILLTP-SYJ-cbn,,,SYJ206+1.011.p,classical,auto,1,false,,5,0,3,,unknown,copy_bound,,focus,LL,32745,2048,52.783,21614,15169,5983,8011,0,0
lltp,ILL/ILLTP-SYJ-cbn,,,SYJ206+1.012.p,classical,auto,1,false,,5,0,3,,unknown,copy_bound,,focus,LL,65513,4096,156.359,31014,22356,8102,10551,0,0
lltp,ILL/ILLTP-SYJ-cbn,,,SYJ206+1.013.p,classical,auto,1,false,,5,0,3,,unknown,copy_bound,,focus,LL,131049,8192,411.255,43204,31868,10677,13575,0,0
lltp,ILL/ILLTP-SYJ-cbn,,,SYJ206+1.014.p,classical,auto,1,false,,5,0,3,,unknown,copy_bound,,focus,LL,262121,16384,1052.185,58689,44165,13753,17125,0,0
lltp,ILL/ILLTP-SYJ-cbn,,,SYJ206+1.015.p,classical,auto,1,false,,5,0,3,,unknown,copy_bound,,focus,LL,524265,32768,2930.373,78016,59749,17375,21243,0,0
lltp,ILL/ILLTP-SYJ-cbn,,,SYJ206+1.016.p,classical,auto,1,false,,5,0,3,,unknown,timeout,,focus,LL,1048553,65536,5050.817,62144,46898,14706,15289,0,0
lltp,ILL/ILLTP-SYJ-cbn,,,SYJ206+1.017.p,classical,auto,1,false,,5,0,3,,unknown,timeout,,focus,LL,2097129,131072,5090.943,30272,22765,7322,6698,0,0
lltp,ILL/ILLTP-SYJ-cbn,,,SYJ206+1.018.p,classical,auto,1,false,,5,0,3,,unknown,timeout,,focus,LL,4194281,262144,5142.060,11648,8010,3585,2333,0,0
lltp,ILL/ILLTP-SYJ-cbn,,,SYJ206+1.019.p,classical,auto,1,false,,5,0,3,,unknown,timeout,,focus,LL,8388585,524288,5160.612,3776,1616,2151,635,0,0
lltp,ILL/ILLTP-SYJ-cbn,,,SYJ206+1.020.p,classical,auto,1,false,,5,0,,,unknown,killed,,,,,,10636.238,,,,,,
lltp,ILL/ILLTP-SYJ-cbn,,,SYJ207+1.001.p,classical,auto,1,false,,5,0,3,,unknown,copy_bound,,focus,LL,44,4,0.039,72,31,21,40,0,0
lltp,ILL/ILLTP-SYJ-cbn,,,SYJ207+1.002.p,classical,auto,1,false,,5,0,3,,unknown,copy_bound,,focus,LL,94,6,0.086,205,87,82,144,0,0
lltp,ILL/ILLTP-SYJ-cbn,,,SYJ207+1.003.p,classical,auto,1,false,,5,0,3,,unknown,copy_bound,,focus,LL,160,8,0.149,465,195,210,360,0,0
lltp,ILL/ILLTP-SYJ-cbn,,,SYJ207+1.004.p,classical,auto,1,false,,5,0,3,,unknown,copy_bound,,focus,LL,242,10,0.268,901,379,430,736,0,0
lltp,ILL/ILLTP-SYJ-cbn,,,SYJ207+1.005.p,classical,auto,1,false,,5,0,3,,unknown,copy_bound,,focus,LL,340,12,0.494,1561,663,766,1320,0,0
lltp,ILL/ILLTP-SYJ-cbn,,,SYJ207+1.006.p,classical,auto,1,false,,5,0,3,,unknown,copy_bound,,focus,LL,454,14,0.815,2493,1071,1242,2160,0,0
lltp,ILL/ILLTP-SYJ-cbn,,,SYJ207+1.007.p,classical,auto,1,false,,5,0,3,,unknown,copy_bound,,focus,LL,584,16,1.402,3745,1627,1882,3304,0,0
lltp,ILL/ILLTP-SYJ-cbn,,,SYJ207+1.008.p,classical,auto,1,false,,5,0,3,,unknown,copy_bound,,focus,LL,730,18,1.987,5365,2355,2710,4800,0,0
lltp,ILL/ILLTP-SYJ-cbn,,,SYJ207+1.009.p,classical,auto,1,false,,5,0,3,,unknown,copy_bound,,focus,LL,892,20,3.143,7401,3279,3750,6696,0,0
lltp,ILL/ILLTP-SYJ-cbn,,,SYJ207+1.010.p,classical,auto,1,false,,5,0,3,,unknown,copy_bound,,focus,LL,1070,22,5.180,9901,4423,5026,9040,0,0
lltp,ILL/ILLTP-SYJ-cbn,,,SYJ207+1.011.p,classical,auto,1,false,,5,0,3,,unknown,copy_bound,,focus,LL,1264,24,6.970,12913,5811,6562,11880,0,0
lltp,ILL/ILLTP-SYJ-cbn,,,SYJ207+1.012.p,classical,auto,1,false,,5,0,3,,unknown,copy_bound,,focus,LL,1474,26,9.895,16485,7467,8382,15264,0,0
lltp,ILL/ILLTP-SYJ-cbn,,,SYJ207+1.013.p,classical,auto,1,false,,5,0,3,,unknown,copy_bound,,focus,LL,1700,28,12.654,20665,9415,10510,19240,0,0
lltp,ILL/ILLTP-SYJ-cbn,,,SYJ207+1.014.p,classical,auto,1,false,,5,0,3,,unknown,copy_bound,,focus,LL,1942,30,16.773,25501,11679,12970,23856,0,0
lltp,ILL/ILLTP-SYJ-cbn,,,SYJ207+1.015.p,classical,auto,1,false,,5,0,3,,unknown,copy_bound,,focus,LL,2200,32,22.966,31041,14283,15786,29160,0,0
lltp,ILL/ILLTP-SYJ-cbn,,,SYJ207+1.016.p,classical,auto,1,false,,5,0,3,,unknown,copy_bound,,focus,LL,2474,34,28.585,37333,17251,18982,35200,0,0
lltp,ILL/ILLTP-SYJ-cbn,,,SYJ207+1.017.p,classical,auto,1,false,,5,0,3,,unknown,copy_bound,,focus,LL,2764,36,36.555,44425,20607,22582,42024,0,0
lltp,ILL/ILLTP-SYJ-cbn,,,SYJ207+1.018.p,classical,auto,1,false,,5,0,3,,unknown,copy_bound,,focus,LL,3070,38,44.741,52365,24375,26610,49680,0,0
lltp,ILL/ILLTP-SYJ-cbn,,,SYJ207+1.019.p,classical,auto,1,false,,5,0,3,,unknown,copy_bound,,focus,LL,3392,40,64.452,61201,28579,31090,58216,0,0
lltp,ILL/ILLTP-SYJ-cbn,,,SYJ207+1.020.p,classical,auto,1,false,,5,0,3,,unknown,copy_bound,,focus,LL,3730,42,77.311,70981,33243,36046,67680,0,0
lltp,ILL/ILLTP-SYJ-cbn,,,SYJ208+1.001.p,classical,auto,1,false,,5,0,3,,unknown,copy_bound,,focus,LL,21,1,0.031,54,24,13,34,0,0
lltp,ILL/ILLTP-SYJ-cbn,,,SYJ208+1.002.p,classical,auto,1,false,,5,0,3,,unknown,copy_bound,,focus,LL,69,2,0.244,1062,549,298,74,0,0
lltp,ILL/ILLTP-SYJ-cbn,,,SYJ208+1.003.p,classical,auto,1,false,,5,0,3,,unknown,copy_bound,,focus,LL,169,3,1.660,7296,3886,2353,0,0,0
lltp,ILL/ILLTP-SYJ-cbn,,,SYJ208+1.004.p,classical,auto,1,false,,5,0,3,,unknown,copy_bound,,focus,LL,337,4,7.426,29478,16481,9520,0,0,0
lltp,ILL/ILLTP-SYJ-cbn,,,SYJ208+1.005.p,classical,auto,1,false,,5,0,3,,unknown,copy_bound,,focus,LL,591,5,29.756,90807,52403,29329,0,0,0
lltp,ILL/ILLTP-SYJ-cbn,,,SYJ208+1.006.p,classical,auto,1,false,,5,0,3,,unknown,copy_bound,,focus,LL,949,6,99.437,233523,137893,75340,0,0,0
lltp,ILL/ILLTP-SYJ-cbn,,,SYJ208+1.007.p,classical,auto,1,false,,5,0,3,,unknown,copy_bound,,focus,LL,1429,7,338.732,527428,316980,169867,0,0,0
lltp,ILL/ILLTP-SYJ-cbn,,,SYJ208+1.008.p,classical,auto,1,false,,5,0,3,,unknown,copy_bound,,focus,LL,2049,8,926.654,1079903,658182,347114,0,0,0
lltp,ILL/ILLTP-SYJ-cbn,,,SYJ208+1.009.p,classical,auto,1,false,,5,0,3,,unknown,copy_bound,,focus,LL,2827,9,2472.049,2047485,1262287,656791,0,0,0
lltp,ILL/ILLTP-SYJ-cbn,,,SYJ208+1.010.p,classical,auto,1,false,,5,0,3,,unknown,recursion_limit,,focus,LL,3781,10,5.261,1017,0,508,0,0,0
lltp,ILL/ILLTP-SYJ-cbn,,,SYJ208+1.011.p,classical,auto,1,false,,5,0,3,,unknown,recursion_limit,,focus,LL,4929,22,6.634,1017,0,508,0,0,0
lltp,ILL/ILLTP-SYJ-cbn,,,SYJ208+1.012.p,classical,auto,1,false,,5,0,3,,unknown,recursion_limit,,focus,LL,6289,24,8.481,1017,0,508,0,0,0
lltp,ILL/ILLTP-SYJ-cbn,,,SYJ208+1.013.p,classical,auto,1,false,,5,0,3,,unknown,recursion_limit,,focus,LL,7879,26,11.065,1015,0,507,0,0,0
lltp,ILL/ILLTP-SYJ-cbn,,,SYJ208+1.014.p,classical,auto,1,false,,5,0,3,,unknown,recursion_limit,,focus,LL,9717,28,14.181,1015,0,507,0,0,0
lltp,ILL/ILLTP-SYJ-cbn,,,SYJ208+1.015.p,classical,auto,1,false,,5,0,3,,unknown,recursion_limit,,focus,LL,11821,30,17.859,1015,0,507,0,0,0
lltp,ILL/ILLTP-SYJ-cbn,,,SYJ208+1.016.p,classical,auto,1,false,,5,0,3,,unknown,recursion_limit,,focus,LL,14209,32,22.746,1015,0,507,0,0,0
lltp,ILL/ILLTP-SYJ-cbn,,,SYJ208+1.017.p,classical,auto,1,false,,5,0,3,,unknown,recursion_limit,,focus,LL,16899,34,29.238,1013,0,506,0,0,0
lltp,ILL/ILLTP-SYJ-cbn,,,SYJ208+1.018.p,classical,auto,1,false,,5,0,3,,unknown,recursion_limit,,focus,LL,19909,36,37.474,1013,0,506,0,0,0
lltp,ILL/ILLTP-SYJ-cbn,,,SYJ208+1.019.p,classical,auto,1,false,,5,0,3,,unknown,recursion_limit,,focus,LL,23257,38,47.395,1013,0,506,0,0,0
lltp,ILL/ILLTP-SYJ-cbn,,,SYJ208+1.020.p,classical,auto,1,false,,5,0,3,,unknown,recursion_limit,,focus,LL,26961,40,60.488,1013,0,506,0,0,0
lltp,ILL/ILLTP-SYJ-cbn,,,SYJ209+1.001.p,classical,auto,1,false,,5,0,3,,unprovable,,,focus,LL,19,2,0.014,11,3,4,4,0,0
lltp,ILL/ILLTP-SYJ-cbn,,,SYJ209+1.002.p,classical,auto,1,false,,5,0,3,,unknown,copy_bound,,focus,LL,28,2,0.030,48,14,12,15,0,0
lltp,ILL/ILLTP-SYJ-cbn,,,SYJ209+1.003.p,classical,auto,1,false,,5,0,3,,unknown,copy_bound,,focus,LL,37,3,0.051,113,30,30,27,0,0
lltp,ILL/ILLTP-SYJ-cbn,,,SYJ209+1.004.p,classical,auto,1,false,,5,0,3,,unknown,copy_bound,,focus,LL,46,4,0.081,222,56,64,43,0,0
lltp,ILL/ILLTP-SYJ-cbn,,,SYJ209+1.005.p,classical,auto,1,false,,5,0,3,,unknown,copy_bound,,focus,LL,55,5,0.115,385,94,119,63,0,0
lltp,ILL/ILLTP-SYJ-cbn,,,SYJ209+1.006.p,classical,auto,1,false,,5,0,3,,unknown,copy_bound,,focus,LL,64,6,0.161,612,146,200,87,0,0
lltp,ILL/ILLTP-SYJ-cbn,,,SYJ209+1.007.p,classical,auto,1,false,,5,0,3,,unknown,copy_bound,,focus,LL,73,7,0.233,913,214,312,115,0,0
lltp,ILL/ILLTP-SYJ-cbn,,,SYJ209+1.008.p,classical,auto,1,false,,5,0,3,,unknown,copy_bound,,focus,LL,82,8,0.339,1298,300,460,147,0,0
lltp,ILL/ILLTP-SYJ-cbn,,,SYJ209+1.009.p,classical,auto,1,false,,5,0,3,,unknown,copy_bound,,focus,LL,91,9,0.409,1777,406,649,183,0,0
lltp,ILL/ILLTP-SYJ-cbn,,,SYJ209+1.010.p,classical,auto,1,false,,5,0,3,,unknown,copy_bound,,focus,LL,100,10,0.610,2360,534,884,223,0,0
lltp,ILL/ILLTP-SYJ-cbn,,,SYJ209+1.011.p,classical,auto,1,false,,5,0,3,,unknown,copy_bound,,focus,LL,109,11,0.716,3057,686,1170,267,0,0
lltp,ILL/ILLTP-SYJ-cbn,,,SYJ209+1.012.p,classical,auto,1,false,,5,0,3,,unknown,copy_bound,,focus,LL,118,12,0.852,3878,864,1512,315,0,0
lltp,ILL/ILLTP-SYJ-cbn,,,SYJ209+1.013.p,classical,auto,1,false,,5,0,3,,unknown,copy_bound,,focus,LL,127,13,1.190,4833,1070,1915,367,0,0
lltp,ILL/ILLTP-SYJ-cbn,,,SYJ209+1.014.p,classical,auto,1,false,,5,0,3,,unknown,copy_bound,,focus,LL,136,14,1.451,5932,1306,2384,423,0,0
lltp,ILL/ILLTP-SYJ-cbn,,,SYJ209+1.015.p,classical,auto,1,false,,5,0,3,,unknown,copy_bound,,focus,LL,145,15,1.725,7185,1574,2924,483,0,0
lltp,ILL/ILLTP-SYJ-cbn,,,SYJ209+1.016.p,classical,auto,1,false,,5,0,3,,unknown,copy_bound,,focus,LL,154,16,2.270,8602,1876,3540,547,0,0
lltp,ILL/ILLTP-SYJ-cbn,,,SYJ209+1.017.p,classical,auto,1,false,,5,0,3,,unknown,copy_bound,,focus,LL,163,17,2.869,10193,2214,4237,615,0,0
lltp,ILL/ILLTP-SYJ-cbn,,,SYJ209+1.018.p,classical,auto,1,false,,5,0,3,,unknown,copy_bound,,focus,LL,172,18,3.043,11968,2590,5020,687,0,0
lltp,ILL/ILLTP-SYJ-cbn,,,SYJ209+1.019.p,classical,auto,1,false,,5,0,3,,unknown,copy_bound,,focus,LL,181,19,3.568,13937,3006,5894,763,0,0
lltp,ILL/ILLTP-SYJ-cbn,,,SYJ209+1.020.p,classical,auto,1,false,,5,0,3,,unknown,copy_bound,,focus,LL,190,20,4.696,16110,3464,6864,843,0,0
lltp,ILL/ILLTP-SYJ-cbn,,,SYJ210+1.001.p,classical,auto,1,false,,5,0,3,,unknown,copy_bound,,focus,LL,17,2,0.021,24,9,6,18,0,0
lltp,ILL/ILLTP-SYJ-cbn,,,SYJ210+1.002.p,classical,auto,1,false,,5,0,3,,unknown,copy_bound,,focus,LL,25,2,0.022,35,17,7,31,0,0
lltp,ILL/ILLTP-SYJ-cbn,,,SYJ210+1.003.p,classical,auto,1,false,,5,0,3,,unknown,copy_bound,,focus,LL,33,2,0.024,57,34,9,53,0,0
lltp,ILL/ILLTP-SYJ-cbn,,,SYJ210+1.004.p,classical,auto,1,false,,5,0,3,,unknown,copy_bound,,focus,LL,41,2,0.029,85,57,11,81,0,0
lltp,ILL/ILLTP-SYJ-cbn,,,SYJ210+1.005.p,classical,auto,1,false,,5,0,3,,unknown,copy_bound,,focus,LL,49,2,0.035,119,86,13,115,0,0
lltp,ILL/ILLTP-SYJ-cbn,,,SYJ210+1.006.p,classical,auto,1,false,,5,0,3,,unknown,copy_bound,,focus,LL,57,2,0.041,159,121,15,155,0,0
lltp,ILL/ILLTP-SYJ-cbn,,,SYJ210+1.007.p,classical,auto,1,false,,5,0,3,,unknown,copy_bound,,focus,LL,65,2,0.044,205,162,17,201,0,0
lltp,ILL/ILLTP-SYJ-cbn,,,SYJ210+1.008.p,classical,auto,1,false,,5,0,3,,unknown,copy_bound,,focus,LL,73,2,0.047,257,209,19,253,0,0
lltp,ILL/ILLTP-SYJ-cbn,,,SYJ210+1.009.p,classical,auto,1,false,,5,0,3,,unknown,copy_bound,,focus,LL,81,2,0.055,315,262,21,311,0,0
lltp,ILL/ILLTP-SYJ-cbn,,,SYJ210+1.010.p,classical,auto,1,false,,5,0,3,,unknown,copy_bound,,focus,LL,89,2,0.066,379,321,23,375,0,0
lltp,ILL/ILLTP-SYJ-cbn,,,SYJ210+1.011.p,classical,auto,1,false,,5,0,3,,unknown,copy_bound,,focus,LL,97,2,0.072,449,386,25,445,0,0
lltp,ILL/ILLTP-SYJ-cbn,,,SYJ210+1.012.p,classical,auto,1,false,,5,0,3,,unknown,copy_bound,,focus,LL,105,2,0.083,525,457,27,521,0,0
lltp,ILL/ILLTP-SYJ-cbn,,,SYJ210+1.013.p,classical,auto,1,false,,5,0,3,,unknown,copy_bound,,focus,LL,113,2,0.094,607,534,29,603,0,0
lltp,ILL/ILLTP-SYJ-cbn,,,SYJ210+1.014.p,classical,auto,1,false,,5,0,3,,unknown,copy_bound,,focus,LL,121,2,0.101,695,617,31,691,0,0
lltp,ILL/ILLTP-SYJ-cbn,,,SYJ210+1.015.p,classical,auto,1,false,,5,0,3,,unknown,copy_bound,,focus,LL,129,2,0.112,789,706,33,785,0,0
lltp,ILL/ILLTP-SYJ-cbn,,,SYJ210+1.016.p,classical,auto,1,false,,5,0,3,,unknown,copy_bound,,focus,LL,137,2,0.123,889,801,35,885,0,0
lltp,ILL/ILLTP-SYJ-cbn,,,SYJ210+1.017.p,classical,auto,1,false,,5,0,3,,unknown,copy_bound,,focus,LL,145,2,0.128,995,902,37,991,0,0
lltp,ILL/ILLTP-SYJ-cbn,,,SYJ210+1.018.p,classical,auto,1,false,,5,0,3,,unknown,copy_bound,,focus,LL,153,2,0.141,1107,1009,39,1103,0,0
lltp,ILL/ILLTP-SYJ-cbn,,,SYJ210+1.019.p,classical,auto,1,false,,5,0,3,,unknown,copy_bound,,focus,LL,161,2,0.173,1225,1122,41,1221,0,0
lltp,ILL/ILLTP-SYJ-cbn,,,SYJ210+1.020.p,classical,auto,1,false,,5,0,3,,unknown,copy_bound,,focus,LL,169,2,0.216,1349,1241,43,1345,0,0
lltp,ILL/ILLTP-SYJ-cbn,,,SYJ211+1.001.p,classical,auto,1,false,,5,0,3,,unprovable,,,focus,LL,34,2,0.013,12,5,4,9,0,0
lltp,ILL/ILLTP-SYJ-cbn,,,SYJ211+1.002.p,classical,auto,1,false,,5,0,3,,unprovable,,,focus,LL,48,2,0.015,15,7,5,12,0,0
lltp,ILL/ILLTP-SYJ-cbn,,,SYJ211+1.003.p,classical,auto,1,false,,5,0,3,,unprovable,,,focus,LL,62,2,0.016,18,9,6,15,0,0
lltp,ILL/ILLTP-SYJ-cbn,,,SYJ211+1.004.p,classical,auto,1,false,,5,0,3,,unprovable,,,focus,LL,76,2,0.016,21,11,7,18,0,0
lltp,ILL/ILLTP-SYJ-cbn,,,SYJ211+1.005.p,classical,auto,1,false,,5,0,3,,unprovable,,,focus,LL,90,2,0.017,24,13,8,21,0,0
lltp,ILL/ILLTP-SYJ-cbn,,,SYJ211+1.006.p,classical,auto,1,false,,5,0,3,,unprovable,,,focus,LL,104,2,0.020,27,15,9,24,0,0
lltp,ILL/ILLTP-SYJ-cbn,,,SYJ211+1.007.p,classical,auto,1,false,,5,0,3,,unprovable,,,focus,LL,118,2,0.019,30,17,10,27,0,0
lltp,ILL/ILLTP-SYJ-cbn,,,SYJ211+1.008.p,classical,auto,1,false,,5,0,3,,unprovable,,,focus,LL,132,2,0.021,33,19,11,30,0,0
lltp,ILL/ILLTP-SYJ-cbn,,,SYJ211+1.009.p,classical,auto,1,false,,5,0,3,,unprovable,,,focus,LL,146,2,0.020,36,21,12,33,0,0
lltp,ILL/ILLTP-SYJ-cbn,,,SYJ211+1.010.p,classical,auto,1,false,,5,0,3,,unprovable,,,focus,LL,160,2,0.023,39,23,13,36,0,0
lltp,ILL/ILLTP-SYJ-cbn,,,SYJ211+1.011.p,classical,auto,1,false,,5,0,3,,unprovable,,,focus,LL,174,2,0.024,42,25,14,39,0,0
lltp,ILL/ILLTP-SYJ-cbn,,,SYJ211+1.012.p,classical,auto,1,false,,5,0,3,,unprovable,,,focus,LL,188,2,0.024,45,27,15,42,0,0
lltp,ILL/ILLTP-SYJ-cbn,,,SYJ211+1.013.p,classical,auto,1,false,,5,0,3,,unprovable,,,focus,LL,202,2,0.027,48,29,16,45,0,0
lltp,ILL/ILLTP-SYJ-cbn,,,SYJ211+1.014.p,classical,auto,1,false,,5,0,3,,unprovable,,,focus,LL,216,2,0.028,51,31,17,48,0,0
lltp,ILL/ILLTP-SYJ-cbn,,,SYJ211+1.015.p,classical,auto,1,false,,5,0,3,,unprovable,,,focus,LL,230,2,0.028,54,33,18,51,0,0
lltp,ILL/ILLTP-SYJ-cbn,,,SYJ211+1.016.p,classical,auto,1,false,,5,0,3,,unprovable,,,focus,LL,244,2,0.029,57,35,19,54,0,0
lltp,ILL/ILLTP-SYJ-cbn,,,SYJ211+1.017.p,classical,auto,1,false,,5,0,3,,unprovable,,,focus,LL,258,2,0.030,60,37,20,57,0,0
lltp,ILL/ILLTP-SYJ-cbn,,,SYJ211+1.018.p,classical,auto,1,false,,5,0,3,,unprovable,,,focus,LL,272,2,0.033,63,39,21,60,0,0
lltp,ILL/ILLTP-SYJ-cbn,,,SYJ211+1.019.p,classical,auto,1,false,,5,0,3,,unprovable,,,focus,LL,286,2,0.036,66,41,22,63,0,0
lltp,ILL/ILLTP-SYJ-cbn,,,SYJ211+1.020.p,classical,auto,1,false,,5,0,3,,unprovable,,,focus,LL,300,2,0.038,69,43,23,66,0,0
lltp,ILL/ILLTP-SYJ-cbn,,,SYJ212+1.001.p,classical,auto,1,false,,5,0,3,,proved,,ok,focus,LL,18,2,0.025,30,10,12,20,0,0
lltp,ILL/ILLTP-SYJ-cbn,,,SYJ212+1.002.p,classical,auto,1,false,,5,0,3,,unknown,copy_bound,,focus,LL,59,4,0.026,37,15,11,10,0,0
lltp,ILL/ILLTP-SYJ-cbn,,,SYJ212+1.003.p,classical,auto,1,false,,5,0,3,,unknown,copy_bound,,focus,LL,141,8,0.056,149,75,49,80,0,0
lltp,ILL/ILLTP-SYJ-cbn,,,SYJ212+1.004.p,classical,auto,1,false,,5,0,3,,unknown,copy_bound,,focus,LL,305,16,0.117,412,233,136,220,0,0
lltp,ILL/ILLTP-SYJ-cbn,,,SYJ212+1.005.p,classical,auto,1,false,,5,0,3,,unknown,copy_bound,,focus,LL,633,32,0.247,929,573,292,456,0,0
lltp,ILL/ILLTP-SYJ-cbn,,,SYJ212+1.006.p,classical,auto,1,false,,5,0,3,,unknown,copy_bound,,focus,LL,1289,64,0.560,1825,1195,541,812,0,0
lltp,ILL/ILLTP-SYJ-cbn,,,SYJ212+1.007.p,classical,auto,1,false,,5,0,3,,unknown,copy_bound,,focus,LL,2601,128,1.184,3249,2225,906,1312,0,0
lltp,ILL/ILLTP-SYJ-cbn,,,SYJ212+1.008.p,classical,auto,1,false,,5,0,3,,unknown,copy_bound,,focus,LL,5225,256,2.602,5374,3813,1410,1980,0,0
lltp,ILL/ILLTP-SYJ-cbn,,,SYJ212+1.009.p,classical,auto,1,false,,5,0,3,,unknown,copy_bound,,focus,LL,10473,512,7.337,8397,6133,2076,2840,0,0
lltp,ILL/ILLTP-SYJ-cbn,,,SYJ212+1.010.p,classical,auto,1,false,,5,0,3,,unknown,copy_bound,,focus,LL,20969,1024,18.629,12539,9383,2927,3916,0,0
lltp,ILL/ILLTP-SYJ-cbn,,,SYJ212+1.011.p,classical,auto,1,false,,5,0,3,,unknown,copy_bound,,focus,LL,41961,2048,52.860,18045,13785,3986,5232,0,0
lltp,ILL/ILLTP-SYJ-cbn,,,SYJ212+1.012.p,classical,auto,1,false,,5,0,3,,unknown,copy_bound,,focus,LL,83945,4096,140.047,25184,19585,5276,6812,0,0
lltp,ILL/ILLTP-SYJ-cbn,,,SYJ212+1.013.p,classical,auto,1,false,,5,0,3,,unknown,copy_bound,,focus,LL,167913,8192,359.432,34249,27053,6820,8680,0,0
lltp,ILL/ILLTP-SYJ-cbn,,,SYJ212+1.014.p,classical,auto,1,false,,5,0,3,,unknown,copy_bound,,focus,LL,335849,16384,1005.949,45557,36483,8641,10860,0,0
lltp,ILL/ILLTP-SYJ-cbn,,,SYJ212+1.015.p,classical,auto,1,false,,5,0,3,,unknown,copy_bound,,focus,LL,671721,32768,2593.680,59449,48193,10762,13376,0,0
lltp,ILL/ILLTP-SYJ-cbn,,,SYJ212+1.016.p,classical,auto,1,false,,5,0,3,,unknown,timeout,,focus,LL,1343465,65536,5090.751,52160,40344,11437,11010,0,0
lltp,ILL/ILLTP-SYJ-cbn,,,SYJ212+1.017.p,classical,auto,1,false,,5,0,3,,unknown,timeout,,focus,LL,2686953,131072,5062.296,24000,18469,5379,4641,0,0
lltp,ILL/ILLTP-SYJ-cbn,,,SYJ212+1.018.p,classical,auto,1,false,,5,0,3,,unknown,timeout,,focus,LL,5373929,262144,5087.365,10368,8094,2213,1903,0,0
lltp,ILL/ILLTP-SYJ-cbn,,,SYJ212+1.019.p,classical,auto,1,false,,5,0,3,,unknown,timeout,,focus,LL,10747881,524288,5176.798,4352,3266,1058,759,0,0
lltp,ILL/ILLTP-SYJ-cbn,,,SYJ212+1.020.p,classical,auto,1,false,,5,0,,,unknown,killed,,,,,,10591.558,,,,,,
lltp,ILL/ILLTP-SYJ-cbv,,,SYJ101+1.p,classical,auto,1,false,,5,0,3,,proved,,ok,focus,MELL,4,1,0.014,4,0,2,0,0,0
lltp,ILL/ILLTP-SYJ-cbv,,,SYJ102+1.p,classical,auto,1,false,,5,0,3,,proved,,ok,focus,LL,10,1,0.016,12,1,5,3,0,0
lltp,ILL/ILLTP-SYJ-cbv,,,SYJ103+1.p,classical,auto,1,false,,5,0,3,,unknown,copy_bound,,focus,LL,22,2,0.037,68,29,17,56,0,0
lltp,ILL/ILLTP-SYJ-cbv,,,SYJ104+1.p,classical,auto,1,false,,5,0,3,,proved,,ok,focus,MELL,12,1,0.018,16,1,8,4,0,0
lltp,ILL/ILLTP-SYJ-cbv,,,SYJ105+1.002.p,classical,auto,1,false,,5,0,3,,proved,,ok,focus,LL,14,1,0.022,22,5,6,12,0,0
lltp,ILL/ILLTP-SYJ-cbv,,,SYJ105+1.003.p,classical,auto,1,false,,5,0,3,,unknown,copy_bound,,focus,LL,23,2,0.026,43,21,8,40,0,0
lltp,ILL/ILLTP-SYJ-cbv,,,SYJ105+1.004.p,classical,auto,1,false,,5,0,3,,unknown,copy_bound,,focus,LL,32,2,0.030,54,28,8,54,0,0
lltp,ILL/ILLTP-SYJ-cbv,,,SYJ106+1.p,classical,auto,1,false,,5,0,3,,unknown,copy_bound,,focus,LL,47,2,0.059,132,62,36,139,0,0
lltp,ILL/ILLTP-SYJ-cbv,,,SYJ107+1.001.p,classical,auto,1,false,,5,0,3,,proved,,ok,focus,LL,18,2,0.019,17,0,14,3,0,0
lltp,ILL/ILLTP-SYJ-cbv,,,SYJ107+1.002.p,classical,auto,1,false,,5,0,3,,proved,,ok,focus,LL,36,2,0.077,199,61,119,72,0,0
lltp,ILL/ILLTP-SYJ-cbv,,,SYJ107+1.003.p,classical,auto,1,false,,5,0,3,,proved,,ok,focus,LL,54,2,0.338,1376,654,609,574,0,0
lltp,ILL/ILLTP-SYJ-cbv,,,SYJ107+1.004.p,classical,auto,1,false,,5,0,3,,unknown,copy_bound,,focus,LL,72,2,0.163,746,489,161,421,0,0
lltp,ILL/ILLTP-SYJ-cbv,,,SYJ201+1.001.p,classical,auto,1,false,,5,0,3,,unknown,copy_bound,,focus,MELL,77,5,0.101,347,229,82,508,0,0
lltp,ILL/ILLTP-SYJ-cbv,,,SYJ201+1.002.p,classical,auto,1,false,,5,0,3,,unknown,copy_bound,,focus,MELL,159,7,0.256,1106,766,264,1724,0,0
lltp,ILL/ILLTP-SYJ-cbv,,,SYJ201+1.003.p,classical,auto,1,false,,5,0,3,,unknown,copy_bound,,focus,MELL,265,9,0.550,2545,1807,606,4092,0,0
lltp,ILL/ILLTP-SYJ-cbv,,,SYJ201+1.004.p,classical,auto,1,false,,5,0,3,,unknown,copy_bound,,focus,MELL,395,11,1.074,4880,3520,1156,7996,0,0
lltp,ILL/ILLTP-SYJ-cbv,,,SYJ201+1.005.p,classical,auto,1,false,,5,0,3,,unknown,copy_bound,,focus,MELL,549,13,2.116,8327,6073,1962,13820,0,0
lltp,ILL/ILLTP-SYJ-cbv,,,SYJ201+1.006.p,classical,auto,1,false,,5,0,3,,unknown,copy_bound,,focus,MELL,727,15,3.269,13102,9634,3072,21948,0,0
lltp,ILL/ILLTP-SYJ-cbv,,,SYJ201+1.007.p,classical,auto,1,false,,5,0,3,,unknown,copy_bound,,focus,MELL,929,17,5.371,19421,14371,4534,32764,0,0
lltp,ILL/ILLTP-SYJ-cbv,,,SYJ201+1.008.p,classical,auto,1,false,,5,0,3,,unknown,copy_bound,,focus,MELL,1155,19,8.211,27500,20452,6396,46652,0,0
lltp,ILL/ILLTP-SYJ-cbv,,,SYJ201+1.009.p,classical,auto,1,false,,5,0,3,,unknown,copy_bound,,focus,MELL,1405,21,12.980,37555,28045,8706,63996,0,0
lltp,ILL/ILLTP-SYJ-cbv,,,SYJ201+1.010.p,classical,auto,1,false,,5,0,3,,unknown,copy_bound,,focus,MELL,1679,23,17.925,49802,37318,11512,85180,0,0
lltp,ILL/ILLTP-SYJ-cbv,,,SYJ201+1.011.p,classical,auto,1,false,,5,0,3,,unknown,copy_bound,,focus,MELL,1977,25,26.266,64457,48439,14862,110588,0,0
lltp,ILL/ILLTP-SYJ-cbv,,,SYJ201+1.012.p,classical,auto,1,false,,5,0,3,,unknown,copy_bound,,focus,MELL,2299,27,35.606,81736,61576,18804,140604,0,0
lltp,ILL/ILLTP-SYJ-cbv,,,SYJ201+1.013.p,classical,auto,1,false,,5,0,3,,unknown,copy_bound,,focus,MELL,2645,29,45.539,101855,76897,23386,175612,0,0
lltp,ILL/ILLTP-SYJ-cbv,,,SYJ201+1.014.p,classical,auto,1,false,,5,0,3,,unknown,copy_bound,,focus,MELL,3015,31,62.400,125030,94570,28656,215996,0,0
lltp,ILL/ILLTP-SYJ-cbv,,,SYJ201+1.015.p,classical,auto,1,false,,5,0,3,,unknown,copy_bound,,focus,MELL,3409,33,86.967,151477,114763,34662,262140,0,0
lltp,ILL/ILLTP-SYJ-cbv,,,SYJ201+1.016.p,classical,auto,1,false,,5,0,3,,unknown,copy_bound,,focus,MELL,3827,35,107.811,181412,137644,41452,314428,0,0
lltp,ILL/ILLTP-SYJ-cbv,,,SYJ201+1.017.p,classical,auto,1,false,,5,0,3,,unknown,copy_bound,,focus,MELL,4269,37,135.212,215051,163381,49074,373244,0,0
lltp,ILL/ILLTP-SYJ-cbv,,,SYJ201+1.018.p,classical,auto,1,false,,5,0,3,,unknown,copy_bound,,focus,MELL,4735,39,184.504,252610,192142,57576,438972,0,0
lltp,ILL/ILLTP-SYJ-cbv,,,SYJ201+1.019.p,classical,auto,1,false,,5,0,3,,unknown,copy_bound,,focus,MELL,5225,41,219.789,294305,224095,67006,511996,0,0
lltp,ILL/ILLTP-SYJ-cbv,,,SYJ201+1.020.p,classical,auto,1,false,,5,0,3,,unknown,copy_bound,,focus,MELL,5739,43,262.709,340352,259408,77412,592700,0,0
lltp,ILL/ILLTP-SYJ-cbv,,,SYJ202+1.001.p,classical,auto,1,false,,5,0,3,,proved,,ok,focus,LL,9,1,0.012,5,0,3,0,0,0
lltp,ILL/ILLTP-SYJ-cbv,,,SYJ202+1.002.p,classical,auto,1,false,,5,0,3,,proved,,ok,focus,LL,50,2,0.034,54,0,52,32,0,0
lltp,ILL/ILLTP-SYJ-cbv,,,SYJ202+1.003.p,classical,auto,1,false,,5,0,3,,proved,,ok,focus,LL,139,3,0.416,949,0,947,672,0,0
lltp,ILL/ILLTP-SYJ-cbv,,,SYJ202+1.004.p,classical,auto,1,false,,5,0,3,,proved,,ok,focus,LL,294,4,10.790,20545,0,20543,16174,0,0
lltp,ILL/ILLTP-SYJ-cbv,,,SYJ202+1.005.p,classical,auto,1,false,,5,0,3,,proved,,ok,focus,LL,533,5,563.632,493891,0,493889,413100,0,0
lltp,ILL/ILLTP-SYJ-cbv,,,SYJ202+1.006.p,classical,auto,1,false,,5,0,3,,unknown,timeout,,focus,LL,874,6,5039.683,4437184,0,1048576,3668080,0,0
lltp,ILL/ILLTP-SYJ-cbv,,,SYJ202+1.007.p,classical,auto,1,false,,5,0,3,,unknown,timeout,,focus,LL,1335,7,5147.386,4719552,0,1048576,3426291,0,0
lltp,ILL/ILLTP-SYJ-cbv,,,SYJ202+1.008.p,classical,auto,1,false,,5,0,3,,unknown,timeout,,focus,LL,1934,8,5057.655,6422336,0,1048576,2149676,0,0
lltp,ILL/ILLTP-SYJ-cbv,,,SYJ202+1.009.p,classical,auto,1,false,,5,0,3,,unknown,timeout,,focus,LL,2689,9,5301.776,6258816,0,1048576,2086542,0,0
lltp,ILL/ILLTP-SYJ-cbv,,,SYJ202+1.010.p,classical,auto,1,false,,5,0,3,,unknown,timeout,,focus,LL,3618,10,5027.122,5242944,0,1048576,1748014,0,0
lltp,ILL/ILLTP-SYJ-cbv,,,SYJ202+1.011.p,classical,auto,1,false,,5,0,3,,unknown,timeout,,focus,LL,4739,22,5188.091,4845184,0,1048576,1615545,0,0
lltp,ILL/ILLTP-SYJ-cbv,,,SYJ202+1.012.p,classical,auto,1,false,,5,0,3,,unknown,timeout,,focus,LL,6070,24,5103.008,4194368,0,1048576,1398746,0,0
lltp,ILL/ILLTP-SYJ-cbv,,,SYJ202+1.013.p,classical,auto,1,false,,5,0,3,,unknown,timeout,,focus,LL,7629,26,5156.397,3642752,0,1048576,1215039,0,0
lltp,ILL/ILLTP-SYJ-cbv,,,SYJ202+1.014.p,classical,auto,1,false,,5,0,3,,unknown,timeout,,focus,LL,9434,28,5272.390,2783040,0,1048576,928660,0,0
lltp,ILL/ILLTP-SYJ-cbv,,,SYJ202+1.015.p,classical,auto,1,false,,5,0,3,,unknown,timeout,,focus,LL,11503,30,5095.077,2101184,0,1048576,701594,0,0
lltp,ILL/ILLTP-SYJ-cbv,,,SYJ202+1.016.p,classical,auto,1,false,,5,0,3,,unknown,recursion_limit,,focus,LL,13854,32,5.810,2009,0,2008,2009,0,0
lltp,ILL/ILLTP-SYJ-cbv,,,SYJ202+1.017.p,classical,auto,1,false,,5,0,3,,unknown,recursion_limit,,focus,LL,16505,34,7.281,2007,0,2006,2007,0,0
lltp,ILL/ILLTP-SYJ-cbv,,,SYJ202+1.018.p,classical,auto,1,false,,5,0,3,,unknown,recursion_limit,,focus,LL,19474,36,7.969,2005,0,2004,2005,0,0
lltp,ILL/ILLTP-SYJ-cbv,,,SYJ202+1.019.p,classical,auto,1,false,,5,0,3,,unknown,recursion_limit,,focus,LL,22779,38,9.455,2003,0,2002,2003,0,0
lltp,ILL/ILLTP-SYJ-cbv,,,SYJ202+1.020.p,classical,auto,1,false,,5,0,3,,unknown,recursion_limit,,focus,LL,26438,40,11.040,2001,0,2000,2001,0,0
lltp,ILL/ILLTP-SYJ-cbv,,,SYJ203+1.001.p,classical,auto,1,false,,5,0,3,,proved,,ok,focus,LL,15,2,0.030,34,11,10,18,0,0
lltp,ILL/ILLTP-SYJ-cbv,,,SYJ203+1.002.p,classical,auto,1,false,,5,0,3,,unknown,copy_bound,,focus,LL,25,3,0.054,174,113,29,136,0,0
lltp,ILL/ILLTP-SYJ-cbv,,,SYJ203+1.003.p,classical,auto,1,false,,5,0,3,,unknown,copy_bound,,focus,LL,35,4,0.100,362,240,67,244,0,0
lltp,ILL/ILLTP-SYJ-cbv,,,SYJ203+1.004.p,classical,auto,1,false,,5,0,3,,unknown,copy_bound,,focus,LL,45,5,0.132,604,397,130,340,0,0
lltp,ILL/ILLTP-SYJ-cbv,,,SYJ203+1.005.p,classical,auto,1,false,,5,0,3,,unknown,copy_bound,,focus,LL,55,6,0.167,939,612,224,452,0,0
lltp,ILL/ILLTP-SYJ-cbv,,,SYJ203+1.006.p,classical,auto,1,false,,5,0,3,,unknown,copy_bound,,focus,LL,65,7,0.247,1382,894,355,580,0,0
lltp,ILL/ILLTP-SYJ-cbv,,,SYJ203+1.007.p,classical,auto,1,false,,5,0,3,,unknown,copy_bound,,focus,LL,75,8,0.364,1948,1252,529,724,0,0
lltp,ILL/ILLTP-SYJ-cbv,,,SYJ203+1.008.p,classical,auto,1,false,,5,0,3,,unknown,copy_bound,,focus,LL,85,9,0.440,2652,1695,752,884,0,0
lltp,ILL/ILLTP-SYJ-cbv,,,SYJ203+1.009.p,classical,auto,1,false,,5,0,3,,unknown,copy_bound,,focus,LL,95,10,0.599,3509,2232,1030,1060,0,0
lltp,ILL/ILLTP-SYJ-cbv,,,SYJ203+1.010.p,classical,auto,1,false,,5,0,3,,unknown,copy_bound,,focus,LL,105,11,0.722,4534,2872,1369,1252,0,0
lltp,ILL/ILLTP-SYJ-cbv,,,SYJ203+1.011.p,classical,auto,1,false,,5,0,3,,unknown,copy_bound,,focus,LL,115,12,0.838,5742,3624,1775,1460,0,0
lltp,ILL/ILLTP-SYJ-cbv,,,SYJ203+1.012.p,classical,auto,1,false,,5,0,3,,unknown,copy_bound,,focus,LL,125,13,1.454,7148,4497,2254,1684,0,0
lltp,ILL/ILLTP-SYJ-cbv,,,SYJ203+1.013.p,classical,auto,1,false,,5,0,3,,unknown,copy_bound,,focus,LL,135,14,1.394,8767,5500,2812,1924,0,0
lltp,ILL/ILLTP-SYJ-cbv,,,SYJ203+1.014.p,classical,auto,1,false,,5,0,3,,unknown,copy_bound,,focus,LL,145,15,1.782,10614,6642,3455,2180,0,0
lltp,ILL/ILLTP-SYJ-cbv,,,SYJ203+1.015.p,classical,auto,1,false,,5,0,3,,unknown,copy_bound,,focus,LL,155,16,2.137,12704,7932,4189,2452,0,0
lltp,ILL/ILLTP-SYJ-cbv,,,SYJ203+1.016.p,classical,auto,1,false,,5,0,3,,unknown,copy_bound,,focus,LL,165,17,2.766,15052,9379,5020,2740,0,0
lltp,ILL/ILLTP-SYJ-cbv,,,SYJ203+1.017.p,classical,auto,1,false,,5,0,3,,unknown,copy_bound,,focus,LL,175,18,2.767,17673,10992,5954,3044,0,0
lltp,ILL/ILLTP-SYJ-cbv,,,SYJ203+1.018.p,classical,auto,1,false,,5,0,3,,unknown,copy_bound,,focus,LL,185,19,3.312,20582,12780,6997,3364,0,0
lltp,ILL/ILLTP-SYJ-cbv,,,SYJ203+1.019.p,classical,auto,1,false,,5,0,3,,unknown,copy_bound,,focus,LL,195,20,4.380,23794,14752,8155,3700,0,0
lltp,ILL/ILLTP-SYJ-cbv,,,SYJ203+1.020.p,classical,auto,1,false,,5,0,3,,unknown,copy_bound,,focus,LL,205,21,5.052,27324,16917,9434,4052,0,0
lltp,ILL/ILLTP-SYJ-cbv,,,SYJ204+1.001.p,classical,auto,1,false,,5,0,3,,proved,,ok,focus,MELL,14,2,0.026,25,7,8,11,0,0
lltp,ILL/ILLTP-SYJ-cbv,,,SYJ204+1.002.p,classical,auto,1,false,,5,0,3,,unknown,copy_bound,,focus,MELL,24,2,0.030,57,29,14,37,0,0
lltp,ILL/ILLTP-SYJ-cbv,,,SYJ204+1.003.p,classical,auto,1,false,,5,0,3,,unknown,copy_bound,,focus,MELL,34,2,0.036,83,49,17,62,0,0
lltp,ILL/ILLTP-SYJ-cbv,,,SYJ204+1.004.p,classical,auto,1,false,,5,0,3,,unknown,copy_bound,,focus,MELL,44,2,0.041,115,75,20,93,0,0
lltp,ILL/ILLTP-SYJ-cbv,,,SYJ204+1.005.p,classical,auto,1,false,,5,0,3,,unknown,copy_bound,,focus,MELL,54,2,0.048,153,107,23,130,0,0
lltp,ILL/ILLTP-SYJ-cbv,,,SYJ204+1.006.p,classical,auto,1,false,,5,0,3,,unknown,copy_bound,,focus,MELL,64,2,0.054,197,145,26,173,0,0
lltp,ILL/ILLTP-SYJ-cbv,,,SYJ204+1.007.p,classical,auto,1,false,,5,0,3,,unknown,copy_bound,,focus,MELL,74,2,0.068,247,189,29,222,0,0
lltp,ILL/ILLTP-SYJ-cbv,,,SYJ204+1.008.p,classical,auto,1,false,,5,0,3,,unknown,copy_bound,,focus,MELL,84,2,0.072,303,239,32,277,0,0
lltp,ILL/ILLTP-SYJ-cbv,,,SYJ204+1.009.p,classical,auto,1,false,,5,0,3,,unknown,copy_bound,,focus,MELL,94,2,0.077,365,295,35,338,0,0
lltp,ILL/ILLTP-SYJ-cbv,,,SYJ204+1.010.p,classical,auto,1,false,,5,0,3,,unknown,copy_bound,,focus,MELL,104,2,0.087,433,357,38,405,0,0
lltp,ILL/ILLTP-SYJ-cbv,,,SYJ204+1.011.p,classical,auto,1,false,,5,0,3,,unknown,copy_bound,,focus,MELL,114,2,0.092,507,425,41,478,0,0
lltp,ILL/ILLTP-SYJ-cbv,,,SYJ204+1.012.p,classical,auto,1,false,,5,0,3,,unknown,copy_bound,,focus,MELL,124,2,0.105,587,499,44,557,0,0
lltp,ILL/ILLTP-SYJ-cbv,,,SYJ204+1.013.p,classical,auto,1,false,,5,0,3,,unknown,copy_bound,,focus,MELL,134,2,0.117,673,579,47,642,0,0
lltp,ILL/ILLTP-SYJ-cbv,,,SYJ204+1.014.p,classical,auto,1,false,,5,0,3,,unknown,copy_bound,,focus,MELL,144,2,0.125,765,665,50,733,0,0
lltp,ILL/ILLTP-SYJ-cbv,,,SYJ204+1.015.p,classical,auto,1,false,,5,0,3,,unknown,copy_bound,,focus,MELL,154,2,0.138,863,757,53,830,0,0
lltp,ILL/ILLTP-SYJ-cbv,,,SYJ204+1.016.p,classical,auto,1,false,,5,0,3,,unknown,copy_bound,,focus,MELL,164,2,0.153,967,855,56,933,0,0
lltp,ILL/ILLTP-SYJ-cbv,,,SYJ204+1.017.p,classical,auto,1,false,,5,0,3,,unknown,copy_bound,,focus,MELL,174,2,0.160,1077,959,59,1042,0,0
lltp,ILL/ILLTP-SYJ-cbv,,,SYJ204+1.018.p,classical,auto,1,false,,5,0,3,,unknown,copy_bound,,focus,MELL,184,2,0.180,1193,1069,62,1157,0,0
lltp,ILL/ILLTP-SYJ-cbv,,,SYJ204+1.019.p,classical,auto,1,false,,5,0,3,,unknown,copy_bound,,focus,MELL,194,2,0.206,1315,1185,65,1278,0,0
lltp,ILL/ILLTP-SYJ-cbv,,,SYJ204+1.020.p,classical,auto,1,false,,5,0,3,,unknown,copy_bound,,focus,MELL,204,2,0.235,1443,1307,68,1405,0,0
lltp,ILL/ILLTP-SYJ-cbv,,,SYJ205+1.001.p,classical,auto,1,false,,5,0,3,,proved,,ok,focus,MELL,65,2,0.066,130,45,48,82,0,0
lltp,ILL/ILLTP-SYJ-cbv,,,SYJ205+1.002.p,classical,auto,1,false,,5,0,3,,unknown,copy_bound,,focus,MELL,87,2,0.090,263,139,74,180,0,0
lltp,ILL/ILLTP-SYJ-cbv,,,SYJ205+1.003.p,classical,auto,1,false,,5,0,3,,unknown,copy_bound,,focus,MELL,109,2,0.135,462,253,139,324,0,0
lltp,ILL/ILLTP-SYJ-cbv,,,SYJ205+1.004.p,classical,auto,1,false,,5,0,3,,unknown,copy_bound,,focus,MELL,131,2,0.200,746,417,235,532,0,0
lltp,ILL/ILLTP-SYJ-cbv,,,SYJ205+1.005.p,classical,auto,1,false,,5,0,3,,unknown,copy_bound,,focus,MELL,153,2,0.279,1130,640,368,816,0,0
lltp,ILL/ILLTP-SYJ-cbv,,,SYJ205+1.006.p,classical,auto,1,false,,5,0,3,,unknown,copy_bound,,focus,MELL,175,2,0.591,1629,931,544,1188,0,0
lltp,ILL/ILLTP-SYJ-cbv,,,SYJ205+1.007.p,classical,auto,1,false,,5,0,3,,unknown,copy_bound,,focus,MELL,197,2,0.474,2258,1299,769,1660,0,0
lltp,ILL/ILLTP-SYJ-cbv,,,SYJ205+1.008.p,classical,auto,1,false,,5,0,3,,unknown,copy_bound,,focus,MELL,219,2,0.645,3032,1753,1049,2244,0,0
lltp,ILL/ILLTP-SYJ-cbv,,,SYJ205+1.009.p,classical,auto,1,false,,5,0,3,,unknown,copy_bound,,focus,MELL,241,2,0.798,3966,2302,1390,2952,0,0
lltp,ILL/ILLTP-SYJ-cbv,,,SYJ205+1.010.p,classical,auto,1,false,,5,0,3,,unknown,copy_bound,,focus,MELL,263,2,1.148,5075,2955,1798,3796,0,0
lltp,ILL/ILLTP-SYJ-cbv,,,SYJ205+1.011.p,classical,auto,1,false,,5,0,3,,unknown,copy_bound,,focus,MELL,285,2,1.396,6374,3721,2279,4788,0,0
lltp,ILL/ILLTP-SYJ-cbv,,,SYJ205+1.012.p,classical,auto,1,false,,5,0,3,,unknown,copy_bound,,focus,MELL,307,2,1.875,7878,4609,2839,5940,0,0
lltp,ILL/ILLTP-SYJ-cbv,,,SYJ205+1.013.p,classical,auto,1,false,,5,0,3,,unknown,copy_bound,,focus,MELL,329,2,2.026,9602,5628,3484,7264,0,0
lltp,ILL/ILLTP-SYJ-cbv,,,SYJ205+1.014.p,classical,auto,1,false,,5,0,3,,unknown,copy_bound,,focus,MELL,351,2,2.758,11561,6787,4220,8772,0,0
lltp,ILL/ILLTP-SYJ-cbv,,,SYJ205+1.015.p,classical,auto,1,false,,5,0,3,,unknown,copy_bound,,focus,MELL,373,2,3.295,13770,8095,5053,10476,0,0
lltp,ILL/ILLTP-SYJ-cbv,,,SYJ205+1.016.p,classical,auto,1,false,,5,0,3,,unknown,copy_bound,,focus,MELL,395,2,3.886,16244,9561,5989,12388,0,0
lltp,ILL/ILLTP-SYJ-cbv,,,SYJ205+1.017.p,classical,auto,1,false,,5,0,3,,unknown,copy_bound,,focus,MELL,417,2,4.807,18998,11194,7034,14520,0,0
lltp,ILL/ILLTP-SYJ-cbv,,,SYJ205+1.018.p,classical,auto,1,false,,5,0,3,,unknown,copy_bound,,focus,MELL,439,2,5.852,22047,13003,8194,16884,0,0
lltp,ILL/ILLTP-SYJ-cbv,,,SYJ205+1.019.p,classical,auto,1,false,,5,0,3,,unknown,copy_bound,,focus,MELL,461,2,6.698,25406,14997,9475,19492,0,0
lltp,ILL/ILLTP-SYJ-cbv,,,SYJ205+1.020.p,classical,auto,1,false,,5,0,3,,unknown,copy_bound,,focus,MELL,483,2,7.693,29090,17185,10883,22356,0,0
lltp,ILL/ILLTP-SYJ-cbv,,,SYJ206+1.001.p,classical,auto,1,false,,5,0,3,,proved,,ok,focus,MELL,13,2,0.014,8,0,5,2,0,0
lltp,ILL/ILLTP-SYJ-cbv,,,SYJ206+1.002.p,classical,auto,1,false,,5,0,3,,proved,,ok,focus,MELL,57,4,0.035,35,2,24,17,0,0
lltp,ILL/ILLTP-SYJ-cbv,,,SYJ206+1.003.p,classical,auto,1,false,,5,0,3,,proved,,ok,focus,MELL,145,8,0.160,444,176,155,399,0,0
lltp,ILL/ILLTP-SYJ-cbv,,,SYJ206+1.004.p,classical,auto,1,false,,5,0,3,,unknown,copy_bound,,focus,MELL,321,16,0.379,1421,931,308,1365,0,0
lltp,ILL/ILLTP-SYJ-cbv,,,SYJ206+1.005.p,classical,auto,1,false,,5,0,3,,unknown,copy_bound,,focus,MELL,673,32,0.826,2916,1884,680,2585,0,0
lltp,ILL/ILLTP-SYJ-cbv,,,SYJ206+1.006.p,classical,auto,1,false,,5,0,3,,unknown,copy_bound,,focus,MELL,1377,64,1.755,5308,3413,1273,4373,0,0
lltp,ILL/ILLTP-SYJ-cbv,,,SYJ206+1.007.p,classical,auto,1,false,,5,0,3,,unknown,copy_bound,,focus,MELL,2785,128,4.002,8916,5714,2176,6905,0,0
lltp,ILL/ILLTP-SYJ-cbv,,,SYJ206+1.008.p,classical,auto,1,false,,5,0,3,,unknown,copy_bound,,focus,MELL,5601,256,8.800,14087,9003,3481,10342,0,0
lltp,ILL/ILLTP-SYJ-cbv,,,SYJ206+1.009.p,classical,auto,1,false,,5,0,3,,unknown,copy_bound,,focus,MELL,11233,512,26.197,21220,13527,5296,14877,0,0
lltp,ILL/ILLTP-SYJ-cbv,,,SYJ206+1.010.p,classical,auto,1,false,,5,0,3,,unknown,copy_bound,,focus,MELL,22497,1024,72.228,30756,19558,7741,20715,0,0
lltp,ILL/ILLTP-SYJ-cbv,,,SYJ206+1.011.p,classical,auto,1,false,,5,0,3,,unknown,copy_bound,,focus,MELL,45025,2048,179.554,43181,27395,10949,28079,0,0
lltp,ILL/ILLTP-SYJ-cbv,,,SYJ206+1.012.p,classical,auto,1,false,,5,0,3,,unknown,copy_bound,,focus,MELL,90081,4096,508.540,59026,37364,15066,37210,0,0
lltp,ILL/ILLTP-SYJ-cbv,,,SYJ206+1.013.p,classical,auto,1,false,,5,0,3,,unknown,copy_bound,,focus,MELL,180193,8192,1250.610,78867,49818,20251,48367,0,0
lltp,ILL/ILLTP-SYJ-cbv,,,SYJ206+1.014.p,classical,auto,1,false,,5,0,3,,unknown,copy_bound,,focus,MELL,360417,16384,3232.389,103325,65137,26676,61827,0,0
lltp,ILL/ILLTP-SYJ-cbv,,,SYJ206+1.015.p,classical,auto,1,false,,5,0,3,,unknown,timeout,,focus,MELL,720865,32768,5092.117,77503,48008,21252,42261,0,0
lltp,ILL/ILLTP-SYJ-cbv,,,SYJ206+1.016.p,classical,auto,1,false,,5,0,3,,unknown,timeout,,focus,MELL,1441761,65536,5088.277,32511,18734,10375,16605,0,0
lltp,ILL/ILLTP-SYJ-cbv,,,SYJ206+1.017.p,classical,auto,1,false,,5,0,3,,unknown,timeout,,focus,MELL,2883553,131072,5018.573,12032,6052,5447,6657,0,0
lltp,ILL/ILLTP-SYJ-cbv,,,SYJ206+1.018.p,classical,auto,1,false,,5,0,3,,unknown,timeout,,focus,MELL,5767137,262144,5114.529,5312,2639,2545,2724,0,0
lltp,ILL/ILLTP-SYJ-cbv,,,SYJ206+1.019.p,classical,auto,1,false,,5,0,3,,unknown,timeout,,focus,MELL,11534305,524288,5156.223,2048,919,1064,1041,0,0
lltp,ILL/ILLTP-SYJ-cbv,,,SYJ206+1.020.p,classical,auto,1,false,,5,0,,,unknown,killed,,,,,,10579.581,,,,,,
lltp,ILL/ILLTP-SYJ-cbv,,,SYJ207+1.001.p,classical,auto,1,false,,5,0,3,,unknown,copy_bound,,focus,LL,54,4,0.066,172,111,36,236,0,0
lltp,ILL/ILLTP-SYJ-cbv,,,SYJ207+1.002.p,classical,auto,1,false,,5,0,3,,unknown,copy_bound,,focus,LL,124,6,0.167,687,472,158,1044,0,0
lltp,ILL/ILLTP-SYJ-cbv,,,SYJ207+1.003.p,classical,auto,1,false,,5,0,3,,unknown,copy_bound,,focus,LL,218,8,0.366,1771,1252,414,2812,0,0
lltp,ILL/ILLTP-SYJ-cbv,,,SYJ207+1.004.p,classical,auto,1,false,,5,0,3,,unknown,copy_bound,,focus,LL,336,10,1.000,3643,2620,854,5924,0,0
lltp,ILL/ILLTP-SYJ-cbv,,,SYJ207+1.005.p,classical,auto,1,false,,5,0,3,,unknown,copy_bound,,focus,LL,478,12,1.410,6519,4744,1526,10764,0,0
lltp,ILL/ILLTP-SYJ-cbv,,,SYJ207+1.006.p,classical,auto,1,false,,5,0,3,,unknown,copy_bound,,focus,LL,644,14,2.699,10615,7792,2478,17716,0,0
lltp,ILL/ILLTP-SYJ-cbv,,,SYJ207+1.007.p,classical,auto,1,false,,5,0,3,,unknown,copy_bound,,focus,LL,834,16,4.415,16147,11932,3758,27164,0,0
lltp,ILL/ILLTP-SYJ-cbv,,,SYJ207+1.008.p,classical,auto,1,false,,5,0,3,,unknown,copy_bound,,focus,LL,1048,18,6.945,23331,17332,5414,39492,0,0
lltp,ILL/ILLTP-SYJ-cbv,,,SYJ207+1.009.p,classical,auto,1,false,,5,0,3,,unknown,copy_bound,,focus,LL,1286,20,10.749,32383,24160,7494,55084,0,0
lltp,ILL/ILLTP-SYJ-cbv,,,SYJ207+1.010.p,classical,auto,1,false,,5,0,3,,unknown,copy_bound,,focus,LL,1548,22,15.820,43519,32584,10046,74324,0,0
lltp,ILL/ILLTP-SYJ-cbv,,,SYJ207+1.011.p,classical,auto,1,false,,5,0,3,,unknown,copy_bound,,focus,LL,1834,24,21.384,56955,42772,13118,97596,0,0
lltp,ILL/ILLTP-SYJ-cbv,,,SYJ207+1.012.p,classical,auto,1,false,,5,0,3,,unknown,copy_bound,,focus,LL,2144,26,29.973,72907,54892,16758,125284,0,0
lltp,ILL/ILLTP-SYJ-cbv,,,SYJ207+1.013.p,classical,auto,1,false,,5,0,3,,unknown,copy_bound,,focus,LL,2478,28,42.106,91591,69112,21014,157772,0,0
lltp,ILL/ILLTP-SYJ-cbv,,,SYJ207+1.014.p,classical,auto,1,false,,5,0,3,,unknown,copy_bound,,focus,LL,2836,30,55.879,113223,85600,25934,195444,0,0
lltp,ILL/ILLTP-SYJ-cbv,,,SYJ207+1.015.p,classical,auto,1,false,,5,0,3,,unknown,copy_bound,,focus,LL,3218,32,79.747,138019,104524,31566,238684,0,0
lltp,ILL/ILLTP-SYJ-cbv,,,SYJ207+1.016.p,classical,auto,1,false,,5,0,3,,unknown,copy_bound,,focus,LL,3624,34,101.164,166195,126052,37958,287876,0,0
lltp,ILL/ILLTP-SYJ-cbv,,,SYJ207+1.017.p,classical,auto,1,false,,5,0,3,,unknown,copy_bound,,focus,LL,4054,36,122.839,197967,150352,45158,343404,0,0
lltp,ILL/ILLTP-SYJ-cbv,,,SYJ207+1.018.p,classical,auto,1,false,,5,0,3,,unknown,copy_bound,,focus,LL,4508,38,147.812,233551,177592,53214,405652,0,0
lltp,ILL/ILLTP-SYJ-cbv,,,SYJ207+1.019.p,classical,auto,1,false,,5,0,3,,unknown,copy_bound,,focus,LL,4986,40,206.231,273163,207940,62174,475004,0,0
lltp,ILL/ILLTP-SYJ-cbv,,,SYJ207+1.020.p,classical,auto,1,false,,5,0,3,,unknown,copy_bound,,focus,LL,5488,42,243.835,317019,241564,72086,551844,0,0
lltp,ILL/ILLTP-SYJ-cbv,,,SYJ208+1.001.p,classical,auto,1,false,,5,0,3,,unknown,copy_bound,,focus,LL,21,1,0.030,54,24,13,34,0,0
lltp,ILL/ILLTP-SYJ-cbv,,,SYJ208+1.002.p,classical,auto,1,false,,5,0,3,,unknown,copy_bound,,focus,LL,68,2,0.049,106,54,30,83,0,0
lltp,ILL/ILLTP-SYJ-cbv,,,SYJ208+1.003.p,classical,auto,1,false,,5,0,3,,unknown,copy_bound,,focus,LL,163,3,0.111,376,178,152,272,0,0
lltp,ILL/ILLTP-SYJ-cbv,,,SYJ208+1.004.p,classical,auto,1,false,,5,0,3,,unknown,copy_bound,,focus,LL,324,4,0.565,1662,654,918,1052,0,0
lltp,ILL/ILLTP-SYJ-cbv,,,SYJ208+1.005.p,classical,auto,1,false,,5,0,3,,unknown,copy_bound,,focus,LL,569,5,4.500,11756,4089,7507,6682,0,0
lltp,ILL/ILLTP-SYJ-cbv,,,SYJ208+1.006.p,classical,auto,1,false,,5,0,3,,unknown,copy_bound,,focus,LL,916,6,68.070,127886,44626,82998,71131,0,0
lltp,ILL/ILLTP-SYJ-cbv,,,SYJ208+1.007.p,classical,auto,1,false,,5,0,3,,unknown,copy_bound,,focus,LL,1383,7,3754.964,4664621,1045861,1048576,3229087,0,0
lltp,ILL/ILLTP-SYJ-cbv,,,SYJ208+1.008.p,classical,auto,1,false,,5,0,3,,unknown,timeout,,focus,LL,1988,8,5155.599,6773376,0,1048576,2320822,0,0
lltp,ILL/ILLTP-SYJ-cbv,,,SYJ208+1.009.p,classical,auto,1,false,,5,0,3,,unknown,timeout,,focus,LL,2749,9,5291.075,6291520,0,1048576,2097443,0,0
lltp,ILL/ILLTP-SYJ-cbv,,,SYJ208+1.010.p,classical,auto,1,false,,5,0,3,,unknown,timeout,,focus,LL,3684,10,5032.062,5242944,0,1048576,1748014,0,0
lltp,ILL/ILLTP-SYJ-cbv,,,SYJ208+1.011.p,classical,auto,1,false,,5,0,3,,unknown,timeout,,focus,LL,4811,22,5245.666,5001152,0,1048576,1667534,0,0
lltp,ILL/ILLTP-SYJ-cbv,,,SYJ208+1.012.p,classical,auto,1,false,,5,0,3,,unknown,timeout,,focus,LL,6148,24,5203.692,4194368,0,1048576,1398746,0,0
lltp,ILL/ILLTP-SYJ-cbv,,,SYJ208+1.013.p,classical,auto,1,false,,5,0,3,,unknown,timeout,,focus,LL,7713,26,5140.722,3556544,0,1048576,1186303,0,0
lltp,ILL/ILLTP-SYJ-cbv,,,SYJ208+1.014.p,classical,auto,1,false,,5,0,3,,unknown,timeout,,focus,LL,9524,28,5266.942,2764416,0,1048576,922452,0,0
lltp,ILL/ILLTP-SYJ-cbv,,,SYJ208+1.015.p,classical,auto,1,false,,5,0,3,,unknown,timeout,,focus,LL,11599,30,5170.730,2097216,0,1048576,700272,0,0
lltp,ILL/ILLTP-SYJ-cbv,,,SYJ208+1.016.p,classical,auto,1,false,,5,0,3,,unknown,recursion_limit,,focus,LL,13956,32,5.887,2009,0,2008,2009,0,0
lltp,ILL/ILLTP-SYJ-cbv,,,SYJ208+1.017.p,classical,auto,1,false,,5,0,3,,unknown,recursion_limit,,focus,LL,16613,34,7.144,2007,0,2006,2007,0,0
lltp,ILL/ILLTP-SYJ-cbv,,,SYJ208+1.018.p,classical,auto,1,false,,5,0,3,,unknown,recursion_limit,,focus,LL,19588,36,8.347,2005,0,2004,2005,0,0
lltp,ILL/ILLTP-SYJ-cbv,,,SYJ208+1.019.p,classical,auto,1,false,,5,0,3,,unknown,recursion_limit,,focus,LL,22899,38,9.458,2003,0,2002,2003,0,0
lltp,ILL/ILLTP-SYJ-cbv,,,SYJ208+1.020.p,classical,auto,1,false,,5,0,3,,unknown,recursion_limit,,focus,LL,26564,40,11.435,2001,0,2000,2001,0,0
lltp,ILL/ILLTP-SYJ-cbv,,,SYJ209+1.001.p,classical,auto,1,false,,5,0,3,,unprovable,,,focus,LL,21,2,0.017,16,7,4,10,0,0
lltp,ILL/ILLTP-SYJ-cbv,,,SYJ209+1.002.p,classical,auto,1,false,,5,0,3,,unknown,copy_bound,,focus,LL,31,2,0.036,95,66,11,80,0,0
lltp,ILL/ILLTP-SYJ-cbv,,,SYJ209+1.003.p,classical,auto,1,false,,5,0,3,,unknown,copy_bound,,focus,LL,41,3,0.060,210,146,32,144,0,0
lltp,ILL/ILLTP-SYJ-cbv,,,SYJ209+1.004.p,classical,auto,1,false,,5,0,3,,unknown,copy_bound,,focus,LL,51,4,0.085,392,269,73,224,0,0
lltp,ILL/ILLTP-SYJ-cbv,,,SYJ209+1.005.p,classical,auto,1,false,,5,0,3,,unknown,copy_bound,,focus,LL,61,5,0.131,656,444,140,320,0,0
lltp,ILL/ILLTP-SYJ-cbv,,,SYJ209+1.006.p,classical,auto,1,false,,5,0,3,,unknown,copy_bound,,focus,LL,71,6,0.191,1017,680,239,432,0,0
lltp,ILL/ILLTP-SYJ-cbv,,,SYJ209+1.007.p,classical,auto,1,false,,5,0,3,,unknown,copy_bound,,focus,LL,81,7,0.282,1490,986,376,560,0,0
lltp,ILL/ILLTP-SYJ-cbv,,,SYJ209+1.008.p,classical,auto,1,false,,5,0,3,,unknown,copy_bound,,focus,LL,91,8,0.377,2090,1371,557,704,0,0
lltp,ILL/ILLTP-SYJ-cbv,,,SYJ209+1.009.p,classical,auto,1,false,,5,0,3,,unknown,copy_bound,,focus,LL,101,9,0.473,2832,1844,788,864,0,0
lltp,ILL/ILLTP-SYJ-cbv,,,SYJ209+1.010.p,classical,auto,1,false,,5,0,3,,unknown,copy_bound,,focus,LL,111,10,0.590,3731,2414,1075,1040,0,0
lltp,ILL/ILLTP-SYJ-cbv,,,SYJ209+1.011.p,classical,auto,1,false,,5,0,3,,unknown,copy_bound,,focus,LL,121,11,0.720,4802,3090,1424,1232,0,0
lltp,ILL/ILLTP-SYJ-cbv,,,SYJ209+1.012.p,classical,auto,1,false,,5,0,3,,unknown,copy_bound,,focus,LL,131,12,0.987,6060,3881,1841,1440,0,0
lltp,ILL/ILLTP-SYJ-cbv,,,SYJ209+1.013.p,classical,auto,1,false,,5,0,3,,unknown,copy_bound,,focus,LL,141,13,1.223,7520,4796,2332,1664,0,0
lltp,ILL/ILLTP-SYJ-cbv,,,SYJ209+1.014.p,classical,auto,1,false,,5,0,3,,unknown,copy_bound,,focus,LL,151,14,1.389,9197,5844,2903,1904,0,0
lltp,ILL/ILLTP-SYJ-cbv,,,SYJ209+1.015.p,classical,auto,1,false,,5,0,3,,unknown,copy_bound,,focus,LL,161,15,1.867,11106,7034,3560,2160,0,0
lltp,ILL/ILLTP-SYJ-cbv,,,SYJ209+1.016.p,classical,auto,1,false,,5,0,3,,unknown,copy_bound,,focus,LL,171,16,2.304,13262,8375,4309,2432,0,0
lltp,ILL/ILLTP-SYJ-cbv,,,SYJ209+1.017.p,classical,auto,1,false,,5,0,3,,unknown,copy_bound,,focus,LL,181,17,2.348,15680,9876,5156,2720,0,0
lltp,ILL/ILLTP-SYJ-cbv,,,SYJ209+1.018.p,classical,auto,1,false,,5,0,3,,unknown,copy_bound,,focus,LL,191,18,3.186,18375,11546,6107,3024,0,0
lltp,ILL/ILLTP-SYJ-cbv,,,SYJ209+1.019.p,classical,auto,1,false,,5,0,3,,unknown,copy_bound,,focus,LL,201,19,3.488,21362,13394,7168,3344,0,0
lltp,ILL/ILLTP-SYJ-cbv,,,SYJ209+1.020.p,classical,auto,1,false,,5,0,3,,unknown,copy_bound,,focus,LL,211,20,4.533,24656,15429,8345,3680,0,0
lltp,ILL/ILLTP-SYJ-cbv,,,SYJ210+1.001.p,classical,auto,1,false,,5,0,3,,unknown,copy_bound,,focus,LL,20,2,0.025,32,12,8,23,0,0
lltp,ILL/ILLTP-SYJ-cbv,,,SYJ210+1.002.p,classical,auto,1,false,,5,0,3,,unknown,copy_bound,,focus,LL,30,2,0.027,52,26,11,43,0,0
lltp,ILL/ILLTP-SYJ-cbv,,,SYJ210+1.003.p,classical,auto,1,false,,5,0,3,,unknown,copy_bound,,focus,LL,40,2,0.034,78,46,14,69,0,0
lltp,ILL/ILLTP-SYJ-cbv,,,SYJ210+1.004.p,classical,auto,1,false,,5,0,3,,unknown,copy_bound,,focus,LL,50,2,0.039,110,72,17,101,0,0
lltp,ILL/ILLTP-SYJ-cbv,,,SYJ210+1.005.p,classical,auto,1,false,,5,0,3,,unknown,copy_bound,,focus,LL,60,2,0.047,148,104,20,139,0,0
lltp,ILL/ILLTP-SYJ-cbv,,,SYJ210+1.006.p,classical,auto,1,false,,5,0,3,,unknown,copy_bound,,focus,LL,70,2,0.052,192,142,23,183,0,0
lltp,ILL/ILLTP-SYJ-cbv,,,SYJ210+1.007.p,classical,auto,1,false,,5,0,3,,unknown,copy_bound,,focus,LL,80,2,0.056,242,186,26,233,0,0
lltp,ILL/ILLTP-SYJ-cbv,,,SYJ210+1.008.p,classical,auto,1,false,,5,0,3,,unknown,copy_bound,,focus,LL,90,2,0.066,298,236,29,289,0,0
lltp,ILL/ILLTP-SYJ-cbv,,,SYJ210+1.009.p,classical,auto,1,false,,5,0,3,,unknown,copy_bound,,focus,LL,100,2,0.068,360,292,32,351,0,0
lltp,ILL/ILLTP-SYJ-cbv,,,SYJ210+1.010.p,classical,auto,1,false,,5,0,3,,unknown,copy_bound,,focus,LL,110,2,0.082,428,354,35,419,0,0
lltp,ILL/ILLTP-SYJ-cbv,,,SYJ210+1.011.p,classical,auto,1,false,,5,0,3,,unknown,copy_bound,,focus,LL,120,2,0.088,502,422,38,493,0,0
lltp,ILL/ILLTP-SYJ-cbv,,,SYJ210+1.012.p,classical,auto,1,false,,5,0,3,,unknown,copy_bound,,focus,LL,130,2,0.102,582,496,41,573,0,0
lltp,ILL/ILLTP-SYJ-cbv,,,SYJ210+1.013.p,classical,auto,1,false,,5,0,3,,unknown,copy_bound,,focus,LL,140,2,0.108,668,576,44,659,0,0
lltp,ILL/ILLTP-SYJ-cbv,,,SYJ210+1.014.p,classical,auto,1,false,,5,0,3,,unknown,copy_bound,,focus,LL,150,2,0.121,760,662,47,751,0,0
lltp,ILL/ILLTP-SYJ-cbv,,,SYJ210+1.015.p,classical,auto,1,false,,5,0,3,,unknown,copy_bound,,focus,LL,160,2,0.130,858,754,50,849,0,0
lltp,ILL/ILLTP-SYJ-cbv,,,SYJ210+1.016.p,classical,auto,1,false,,5,0,3,,unknown,copy_bound,,focus,LL,170,2,0.138,962,852,53,953,0,0
lltp,ILL/ILLTP-SYJ-cbv,,,SYJ210+1.017.p,classical,auto,1,false,,5,0,3,,unknown,copy_bound,,focus,LL,180,2,0.149,1072,956,56,1063,0,0
lltp,ILL/ILLTP-SYJ-cbv,,,SYJ210+1.018.p,classical,auto,1,false,,5,0,3,,unknown,copy_bound,,focus,LL,190,2,0.212,1188,1066,59,1179,0,0
lltp,ILL/ILLTP-SYJ-cbv,,,SYJ210+1.019.p,classical,auto,1,false,,5,0,3,,unknown,copy_bound,,focus,LL,200,2,0.199,1310,1182,62,1301,0,0
lltp,ILL/ILLTP-SYJ-cbv,,,SYJ210+1.020.p,classical,auto,1,false,,5,0,3,,unknown,copy_bound,,focus,LL,210,2,0.217,1438,1304,65,1429,0,0
lltp,ILL/ILLTP-SYJ-cbv,,,SYJ211+1.001.p,classical,auto,1,false,,5,0,3,,unprovable,,,focus,LL,40,2,0.016,21,11,5,15,0,0
lltp,ILL/ILLTP-SYJ-cbv,,,SYJ211+1.002.p,classical,auto,1,false,,5,0,3,,unprovable,,,focus,LL,56,2,0.017,26,15,6,20,0,0
lltp,ILL/ILLTP-SYJ-cbv,,,SYJ211+1.003.p,classical,auto,1,false,,5,0,3,,unprovable,,,focus,LL,72,2,0.019,31,19,7,25,0,0
lltp,ILL/ILLTP-SYJ-cbv,,,SYJ211+1.004.p,classical,auto,1,false,,5,0,3,,unprovable,,,focus,LL,88,2,0.021,36,23,8,30,0,0
lltp,ILL/ILLTP-SYJ-cbv,,,SYJ211+1.005.p,classical,auto,1,false,,5,0,3,,unprovable,,,focus,LL,104,2,0.054,41,27,9,35,0,0
lltp,ILL/ILLTP-SYJ-cbv,,,SYJ211+1.006.p,classical,auto,1,false,,5,0,3,,unprovable,,,focus,LL,120,2,0.024,46,31,10,40,0,0
lltp,ILL/ILLTP-SYJ-cbv,,,SYJ211+1.007.p,classical,auto,1,false,,5,0,3,,unprovable,,,focus,LL,136,2,0.025,51,35,11,45,0,0
lltp,ILL/ILLTP-SYJ-cbv,,,SYJ211+1.008.p,classical,auto,1,false,,5,0,3,,unprovable,,,focus,LL,152,2,0.026,56,39,12,50,0,0
lltp,ILL/ILLTP-SYJ-cbv,,,SYJ211+1.009.p,classical,auto,1,false,,5,0,3,,unprovable,,,focus,LL,168,2,0.026,61,43,13,55,0,0
lltp,ILL/ILLTP-SYJ-cbv,,,SYJ211+1.010.p,classical,auto,1,false,,5,0,3,,unprovable,,,focus,LL,184,2,0.027,66,47,14,60,0,0
lltp,ILL/ILLTP-SYJ-cbv,,,SYJ211+1.011.p,classical,auto,1,false,,5,0,3,,unprovable,,,focus,LL,200,2,0.034,71,51,15,65,0,0
lltp,ILL/ILLTP-SYJ-cbv,,,SYJ211+1.012.p,classical,auto,1,false,,5,0,3,,unprovable,,,focus,LL,216,2,0.031,76,55,16,70,0,0
lltp,ILL/ILLTP-SYJ-cbv,,,SYJ211+1.013.p,classical,auto,1,false,,5,0,3,,unprovable,,,focus,LL,232,2,0.032,81,59,17,75,0,0
lltp,ILL/ILLTP-SYJ-cbv,,,SYJ211+1.014.p,classical,auto,1,false,,5,0,3,,unprovable,,,focus,LL,248,2,0.034,86,63,18,80,0,0
lltp,ILL/ILLTP-SYJ-cbv,,,SYJ211+1.015.p,classical,auto,1,false,,5,0,3,,unprovable,,,focus,LL,264,2,0.036,91,67,19,85,0,0
lltp,ILL/ILLTP-SYJ-cbv,,,SYJ211+1.016.p,classical,auto,1,false,,5,0,3,,unprovable,,,focus,LL,280,2,0.036,96,71,20,90,0,0
lltp,ILL/ILLTP-SYJ-cbv,,,SYJ211+1.017.p,classical,auto,1,false,,5,0,3,,unprovable,,,focus,LL,296,2,0.039,101,75,21,95,0,0
lltp,ILL/ILLTP-SYJ-cbv,,,SYJ211+1.018.p,classical,auto,1,false,,5,0,3,,unprovable,,,focus,LL,312,2,0.039,106,79,22,100,0,0
lltp,ILL/ILLTP-SYJ-cbv,,,SYJ211+1.019.p,classical,auto,1,false,,5,0,3,,unprovable,,,focus,LL,328,2,0.044,111,83,23,105,0,0
lltp,ILL/ILLTP-SYJ-cbv,,,SYJ211+1.020.p,classical,auto,1,false,,5,0,3,,unprovable,,,focus,LL,344,2,0.044,116,87,24,110,0,0
lltp,ILL/ILLTP-SYJ-cbv,,,SYJ212+1.001.p,classical,auto,1,false,,5,0,3,,unknown,copy_bound,,focus,LL,22,2,0.023,31,8,10,19,0,0
lltp,ILL/ILLTP-SYJ-cbv,,,SYJ212+1.002.p,classical,auto,1,false,,5,0,3,,unknown,copy_bound,,focus,LL,75,4,0.060,156,87,29,166,0,0
lltp,ILL/ILLTP-SYJ-cbv,,,SYJ212+1.003.p,classical,auto,1,false,,5,0,3,,unknown,copy_bound,,focus,LL,181,8,0.120,345,172,107,264,0,0
lltp,ILL/ILLTP-SYJ-cbv,,,SYJ212+1.004.p,classical,auto,1,false,,5,0,3,,unknown,copy_bound,,focus,LL,393,16,0.304,1102,681,278,1078,0,0
lltp,ILL/ILLTP-SYJ-cbv,,,SYJ212+1.005.p,classical,auto,1,false,,5,0,3,,unknown,copy_bound,,focus,LL,817,32,0.775,2432,1534,616,2251,0,0
lltp,ILL/ILLTP-SYJ-cbv,,,SYJ212+1.006.p,classical,auto,1,false,,5,0,3,,unknown,copy_bound,,focus,LL,1665,64,1.732,4589,2911,1167,3952,0,0
lltp,ILL/ILLTP-SYJ-cbv,,,SYJ212+1.007.p,classical,auto,1,false,,5,0,3,,unknown,copy_bound,,focus,LL,3361,128,4.038,7891,5009,2017,6332,0,0
lltp,ILL/ILLTP-SYJ-cbv,,,SYJ212+1.008.p,classical,auto,1,false,,5,0,3,,unknown,copy_bound,,focus,LL,6753,256,9.566,12715,8068,3263,9617,0,0
lltp,ILL/ILLTP-SYJ-cbv,,,SYJ212+1.009.p,classical,auto,1,false,,5,0,3,,unknown,copy_bound,,focus,LL,13537,512,28.024,19450,12328,5010,13978,0,0
lltp,ILL/ILLTP-SYJ-cbv,,,SYJ212+1.010.p,classical,auto,1,false,,5,0,3,,unknown,copy_bound,,focus,LL,27105,1024,78.600,28540,18063,7379,19626,0,0
lltp,ILL/ILLTP-SYJ-cbv,,,SYJ212+1.011.p,classical,auto,1,false,,5,0,3,,unknown,copy_bound,,focus,LL,54241,2048,208.143,40471,25572,10503,26784,0,0
lltp,ILL/ILLTP-SYJ-cbv,,,SYJ212+1.012.p,classical,auto,1,false,,5,0,3,,unknown,copy_bound,,focus,LL,108513,4096,584.414,55774,35181,14528,35693,0,0
lltp,ILL/ILLTP-SYJ-cbv,,,SYJ212+1.013.p,classical,auto,1,false,,5,0,3,,unknown,copy_bound,,focus,LL,217057,8192,1462.844,75025,47243,19613,46612,0,0
lltp,ILL/ILLTP-SYJ-cbv,,,SYJ212+1.014.p,classical,auto,1,false,,5,0,3,,unknown,copy_bound,,focus,LL,434145,16384,3758.211,98845,62138,25930,59818,0,0
lltp,ILL/ILLTP-SYJ-cbv,,,SYJ212+1.015.p,classical,auto,1,false,,5,0,3,,unknown,timeout,,focus,LL,868321,32768,5099.651,59903,36520,17201,32883,0,0
lltp,ILL/ILLTP-SYJ-cbv,,,SYJ212+1.016.p,classical,auto,1,false,,5,0,3,,unknown,timeout,,focus,LL,1736673,65536,5098.877,24448,13531,8475,12625,0,0
lltp,ILL/ILLTP-SYJ-cbv,,,SYJ212+1.017.p,classical,auto,1,false,,5,0,3,,unknown,timeout,,focus,LL,3473377,131072,5069.510,9408,4819,4375,5276,0,0
lltp,ILL/ILLTP-SYJ-cbv,,,SYJ212+1.018.p,classical,auto,1,false,,5,0,3,,unknown,timeout,,focus,LL,6946785,262144,5125.612,4032,1954,1971,2033,0,0
lltp,ILL/ILLTP-SYJ-cbv,,,SYJ212+1.019.p,classical,auto,1,false,,5,0,,,unknown,killed,,,,,,10636.577,,,,,,
lltp,ILL/ILLTP-SYJ-cbv,,,SYJ212+1.020.p,classical,auto,1,false,,5,0,,,unknown,killed,,,,,,10584.217,,,,,,
lltp,ILL/ILLTP-SYN-01,,,SYN001+1.p,classical,auto,1,false,,5,0,3,,proved,,ok,focus,LL,20,2,0.028,18,0,11,3,0,0
lltp,ILL/ILLTP-SYN-01,,,SYN040+1.p,classical,auto,1,false,,5,0,3,,unknown,copy_bound,,focus,LL,44,2,0.021,34,10,7,18,0,0
lltp,ILL/ILLTP-SYN-01,,,SYN041+1.p,classical,auto,1,false,,5,0,3,,unprovable,,,focus,LL,17,2,0.007,2,0,2,0,0,0
lltp,ILL/ILLTP-SYN-01,,,SYN044+1.p,classical,auto,1,false,,5,0,3,,unknown,copy_bound,,focus,LL,38,3,0.047,131,71,30,87,0,0
lltp,ILL/ILLTP-SYN-01,,,SYN045+1.p,classical,auto,1,false,,5,0,3,,unknown,copy_bound,,focus,LL,50,3,0.091,275,71,133,0,0,0
lltp,ILL/ILLTP-SYN-01,,,SYN046+1.p,classical,auto,1,false,,5,0,3,,unprovable,,,focus,LL,36,2,0.014,15,3,5,3,0,0
lltp,ILL/ILLTP-SYN-01,,,SYN047+1.p,classical,auto,1,false,,5,0,3,,unprovable,,,focus,LL,98,3,0.022,23,6,7,6,0,0
lltp,ILL/ILLTP-SYN-01,,,SYN387+1.p,classical,auto,1,false,,5,0,3,,unprovable,,,focus,LL,9,1,0.009,4,0,4,0,0,0
lltp,ILL/ILLTP-SYN-01,,,SYN388+1.p,classical,auto,1,false,,5,0,3,,unknown,copy_bound,,focus,LL,17,1,0.026,34,8,8,9,0,0
lltp,ILL/ILLTP-SYN-01,,,SYN389+1.p,classical,auto,1,false,,5,0,3,,unknown,copy_bound,,focus,MELL,13,2,0.021,26,5,6,9,0,0
lltp,ILL/ILLTP-SYN-01,,,SYN390+1.p,classical,auto,1,false,,5,0,3,,proved,,ok,focus,LL,12,2,0.012,8,0,5,0,0,0
lltp,ILL/ILLTP-SYN-01,,,SYN391+1.p,classical,auto,1,false,,5,0,3,,unknown,copy_bound,,focus,LL,49,2,0.075,277,143,74,37,0,0
lltp,ILL/ILLTP-SYN-01,,,SYN392+1.p,classical,auto,1,false,,5,0,3,,unknown,copy_bound,,focus,LL,74,4,0.045,154,88,26,26,0,0
lltp,ILL/ILLTP-SYN-01,,,SYN393+1.p,classical,auto,1,false,,5,0,3,,unknown,copy_bound,,focus,LL,150,8,0.123,385,170,119,61,0,0
lltp,ILL/ILLTP-SYN-01,,,SYN416+1.p,classical,auto,1,false,,5,0,3,,unprovable,,,focus,LL,13,1,0.012,12,0,7,0,0,0
lltp,ILL/ILLTP-SYN-01,,,SYN915+1.p,classical,auto,1,false,,5,0,3,,proved,,ok,focus,MLL with units,1,0,0.005,1,0,1,0,0,0
lltp,ILL/ILLTP-SYN-01,,,SYN916+1.p,classical,auto,1,false,,5,0,3,,unprovable,,,focus,ALL,1,0,0.003,1,0,1,0,0,0
lltp,ILL/ILLTP-SYN-01,,,SYN977+1.p,classical,auto,1,false,,5,0,3,,unprovable,,,focus,LL,20,2,0.013,12,1,7,0,0,0
lltp,ILL/ILLTP-SYN-01,,,SYN978+1.p,classical,auto,1,false,,5,0,3,,proved,,ok,focus,LL,20,2,0.028,32,5,17,0,0,0
lltp,ILL/ILLTP-SYN-cbn,,,SYN001+1.p,classical,auto,1,false,,5,0,3,,proved,,ok,focus,LL,15,2,0.013,6,0,3,2,0,0
lltp,ILL/ILLTP-SYN-cbn,,,SYN040+1.p,classical,auto,1,false,,5,0,3,,unknown,copy_bound,,focus,LL,33,2,0.013,18,8,3,14,0,0
lltp,ILL/ILLTP-SYN-cbn,,,SYN041+1.p,classical,auto,1,false,,5,0,3,,unprovable,,,focus,LL,13,2,0.005,1,0,1,0,0,0
lltp,ILL/ILLTP-SYN-cbn,,,SYN044+1.p,classical,auto,1,false,,5,0,3,,proved,,ok,focus,LL,30,3,0.041,65,22,31,35,0,0
lltp,ILL/ILLTP-SYN-cbn,,,SYN045+1.p,classical,auto,1,false,,5,0,3,,proved,,ok,focus,LL,41,3,0.065,170,46,89,0,0,0
lltp,ILL/ILLTP-SYN-cbn,,,SYN046+1.p,classical,auto,1,false,,5,0,3,,unprovable,,,focus,LL,29,2,0.007,1,0,1,0,0,0
lltp,ILL/ILLTP-SYN-cbn,,,SYN047+1.p,classical,auto,1,false,,5,0,3,,unprovable,,,focus,LL,79,3,0.009,1,0,1,0,0,0
lltp,ILL/ILLTP-SYN-cbn,,,SYN387+1.p,classical,auto,1,false,,5,0,3,,unprovable,,,focus,LL,8,1,0.007,3,0,3,0,0,0
lltp,ILL/ILLTP-SYN-cbn,,,SYN388+1.p,classical,auto,1,false,,5,0,3,,unprovable,,,focus,LL,14,1,0.015,20,6,5,6,0,0
lltp,ILL/ILLTP-SYN-cbn,,,SYN389+1.p,classical,auto,1,false,,5,0,3,,unprovable,,,focus,MELL,10,2,0.012,12,3,3,6,0,0
lltp,ILL/ILLTP-SYN-cbn,,,SYN390+1.p,classical,auto,1,false,,5,0,3,,proved,,ok,focus,LL,9,2,0.009,3,0,2,0,0,0
lltp,ILL/ILLTP-SYN-cbn,,,SYN391+1.p,classical,auto,1,false,,5,0,3,,proved,,ok,focus,LL,39,2,0.048,93,28,47,26,0,0
lltp,ILL/ILLTP-SYN-cbn,,,SYN392+1.p,classical,auto,1,false,,5,0,3,,unknown,copy_bound,,focus,LL,57,4,0.018,32,17,5,20,0,0
lltp,ILL/ILLTP-SYN-cbn,,,SYN393+1.p,classical,auto,1,false,,5,0,3,,unknown,copy_bound,,focus,LL,105,8,0.037,85,40,28,64,0,0
lltp,ILL/ILLTP-SYN-cbn,,,SYN416+1.p,classical,auto,1,false,,5,0,3,,unprovable,,,focus,LL,11,1,0.011,8,0,5,0,0,0
lltp,ILL/ILLTP-SYN-cbn,,,SYN915+1.p,classical,auto,1,false,,5,0,3,,unprovable,,,net,MLL,1,1,0.001,0,0,0,0,0,0
lltp,ILL/ILLTP-SYN-cbn,,,SYN916+1.p,classical,auto,1,false,,5,0,3,,unprovable,,,focus,ALL,1,0,0.003,1,0,1,0,0,0
lltp,ILL/ILLTP-SYN-cbn,,,SYN977+1.p,classical,auto,1,false,,5,0,3,,unprovable,,,focus,LL,17,2,0.012,8,1,5,0,0,0
lltp,ILL/ILLTP-SYN-cbn,,,SYN978+1.p,classical,auto,1,false,,5,0,3,,proved,,ok,focus,LL,14,2,0.014,6,0,5,0,0,0
lltp,ILL/ILLTP-SYN-cbv,,,SYN001+1.p,classical,auto,1,false,,5,0,3,,proved,,ok,focus,LL,19,2,0.018,13,1,6,6,0,0
lltp,ILL/ILLTP-SYN-cbv,,,SYN040+1.p,classical,auto,1,false,,5,0,3,,unknown,copy_bound,,focus,LL,41,2,0.019,30,10,6,22,0,0
lltp,ILL/ILLTP-SYN-cbv,,,SYN041+1.p,classical,auto,1,false,,5,0,3,,unprovable,,,focus,LL,17,2,0.007,2,0,2,0,0,0
lltp,ILL/ILLTP-SYN-cbv,,,SYN044+1.p,classical,auto,1,false,,5,0,3,,proved,,ok,focus,LL,37,3,0.051,102,42,38,63,0,0
lltp,ILL/ILLTP-SYN-cbv,,,SYN045+1.p,classical,auto,1,false,,5,0,3,,proved,,ok,focus,LL,43,3,0.028,29,0,26,6,0,0
lltp,ILL/ILLTP-SYN-cbv,,,SYN046+1.p,classical,auto,1,false,,5,0,3,,unprovable,,,focus,LL,33,2,0.012,12,3,4,6,0,0
lltp,ILL/ILLTP-SYN-cbv,,,SYN047+1.p,classical,auto,1,false,,5,0,3,,unprovable,,,focus,LL,83,3,0.019,15,6,4,18,0,0
lltp,ILL/ILLTP-SYN-cbv,,,SYN387+1.p,classical,auto,1,false,,5,0,3,,unprovable,,,focus,LL,8,1,0.008,3,0,3,0,0,0
lltp,ILL/ILLTP-SYN-cbv,,,SYN388+1.p,classical,auto,1,false,,5,0,3,,unprovable,,,focus,LL,14,1,0.015,20,6,5,6,0,0
lltp,ILL/ILLTP-SYN-cbv,,,SYN389+1.p,classical,auto,1,false,,5,0,3,,unprovable,,,focus,MELL,14,2,0.021,31,9,7,12,0,0
lltp,ILL/ILLTP-SYN-cbv,,,SYN390+1.p,classical,auto,1,false,,5,0,3,,proved,,ok,focus,MELL,13,2,0.011,8,0,5,2,0,0
lltp,ILL/ILLTP-SYN-cbv,,,SYN391+1.p,classical,auto,1,false,,5,0,3,,proved,,ok,focus,LL,39,2,0.043,60,9,39,49,0,0
lltp,ILL/ILLTP-SYN-cbv,,,SYN392+1.p,classical,auto,1,false,,5,0,3,,unknown,copy_bound,,focus,LL,65,4,0.018,26,11,5,22,0,0
lltp,ILL/ILLTP-SYN-cbv,,,SYN393+1.p,classical,auto,1,false,,5,0,3,,unknown,copy_bound,,focus,MELL,145,8,0.117,386,203,88,426,0,0
lltp,ILL/ILLTP-SYN-cbv,,,SYN416+1.p,classical,auto,1,false,,5,0,3,,unprovable,,,focus,LL,13,1,0.013,14,0,9,0,0,0
lltp,ILL/ILLTP-SYN-cbv,,,SYN915+1.p,classical,auto,1,false,,5,0,3,,proved,,ok,focus,MLL with units,1,0,0.005,1,0,1,0,0,0
lltp,ILL/ILLTP-SYN-cbv,,,SYN916+1.p,classical,auto,1,false,,5,0,3,,unprovable,,,focus,ALL,1,0,0.003,1,0,1,0,0,0
lltp,ILL/ILLTP-SYN-cbv,,,SYN977+1.p,classical,auto,1,false,,5,0,3,,unprovable,,,focus,LL,19,2,0.012,10,2,5,2,0,0
lltp,ILL/ILLTP-SYN-cbv,,,SYN978+1.p,classical,auto,1,false,,5,0,3,,proved,,ok,focus,MELL,20,2,0.016,10,0,6,2,0,0
lltp,ILL/KLE-01,,,KLE001+1.p,classical,auto,1,false,,5,0,3,,proved,,ok,focus,MELL,5,1,0.010,4,0,2,0,0,0
lltp,ILL/KLE-01,,,KLE002+1.p,classical,auto,1,false,,5,0,3,,proved,,ok,focus,MELL,17,1,0.025,37,10,14,20,0,0
lltp,ILL/KLE-01,,,KLE003+1.p,classical,auto,1,false,,5,0,3,,proved,,ok,focus,MELL,19,1,0.030,45,10,17,16,0,0
lltp,ILL/KLE-01,,,KLE004+1.p,classical,auto,1,false,,5,0,3,,unknown,copy_bound,,focus,LL,19,1,0.037,81,32,27,26,0,0
lltp,ILL/KLE-01,,,KLE005+1.p,classical,auto,1,false,,5,0,3,,proved,,ok,focus,LL,18,1,0.021,22,0,14,4,0,0
lltp,ILL/KLE-01,,,KLE006+1.p,classical,auto,1,false,,5,0,3,,proved,,ok,focus,MELL,19,1,0.031,44,11,16,23,0,0
lltp,ILL/KLE-01,,,KLE007+1.p,classical,auto,1,false,,5,0,3,,proved,,ok,focus,MELL,19,1,0.028,44,11,16,23,0,0
lltp,ILL/KLE-01,,,KLE008+1.p,classical,auto,1,false,,5,0,3,,proved,,ok,focus,LL,18,1,0.030,58,19,21,13,0,0
lltp,ILL/KLE-01,,,KLE009+1.p,classical,auto,1,false,,5,0,3,,proved,,ok,focus,LL,18,1,0.037,67,22,25,15,0,0
lltp,ILL/KLE-01,,,KLE010+1.p,classical,auto,1,false,,5,0,3,,proved,,ok,focus,LL,19,1,0.045,85,31,28,25,0,0
lltp,ILL/KLE-01,,,KLE011+1.p,classical,auto,1,false,,5,0,3,,proved,,ok,focus,LL,19,1,0.043,88,32,29,25,0,0
lltp,ILL/KLE-01,,,KLE012+1.p,classical,auto,1,false,,5,0,3,,proved,,ok,focus,LL,11,1,0.017,12,0,7,4,0,0
lltp,ILL/KLE-01,,,KLE013+1.p,classical,auto,1,false,,5,0,3,,unprovable,,,focus,LL,11,1,0.009,5,1,3,0,0,0
lltp,ILL/KLE-01,,,KLE014+1.p,classical,auto,1,false,,5,0,3,,proved,,ok,focus,MELL,7,1,0.010,4,0,2,0,0,0
lltp,ILL/KLE-01,,,KLE015+1.p,classical,auto,1,false,,5,0,3,,unknown,copy_bound,,focus,LL,19,2,0.016,26,10,5,18,0,0
lltp,ILL/KLE-01,,,KLE016+1.p,classical,auto,1,false,,5,0,3,,proved,,ok,focus,LL,19,1,0.032,47,10,19,18,0,0
lltp,ILL/KLE-01,,,KLE017+1.p,classical,auto,1,false,,5,0,3,,unknown,copy_bound,,focus,LL,27,2,0.032,61,20,13,33,0,0
lltp,ILL/KLE-01,,,KLE018+1.p,classical,auto,1,false,,5,0,3,,unknown,copy_bound,,focus,LL,35,2,0.087,262,76,87,104,0,0
lltp,ILL/KLE-01,,,KLE019+1.p,classical,auto,1,false,,5,0,3,,proved,,ok,focus,LL,24,2,0.024,22,2,13,8,0,0
lltp,ILL/KLE-01,,,KLE020+1.p,classical,auto,1,false,,5,0,3,,proved,,ok,focus,LL,19,2,0.029,49,16,19,7,0,0
lltp,ILL/KLE-01,,,KLE021+1.p,classical,auto,1,false,,5,0,3,,proved,,ok,focus,LL,19,2,0.030,61,24,20,10,0,0
lltp,ILL/KLE-01,,,KLE022+1.p,classical,auto,1,false,,5,0,3,,proved,,ok,focus,LL,17,2,0.021,30,8,13,5,0,0
lltp,ILL/KLE-01,,,KLE023+1.p,classical,auto,1,false,,5,0,3,,proved,,ok,focus,LL,17,2,0.022,42,16,14,8,0,0
lltp,ILL/KLE-01,,,KLE024+1.p,classical,auto,1,false,,5,0,3,,proved,,ok,focus,LL,12,2,0.013,8,0,5,0,0,0
lltp,ILL/KLE-01,,,KLE025+1.p,classical,auto,1,false,,5,0,3,,proved,,ok,focus,LL,26,2,0.044,92,34,33,15,0,0
lltp,ILL/KLE-01,,,KLE026+1.p,classical,auto,1,false,,5,0,3,,unknown,copy_bound,,focus,LL,40,2,0.094,424,260,98,72,0,0
lltp,ILL/KLE-01,,,KLE027+1.p,classical,auto,1,false,,5,0,3,,unknown,copy_bound,,focus,LL,39,1,0.083,278,129,73,179,0,0
lltp,ILL/KLE-01,,,KLE028+1.p,classical,auto,1,false,,5,0,3,,unknown,copy_bound,,focus,LL,35,1,0.054,158,58,39,87,0,0
lltp,ILL/KLE-01,,,KLE029+1.p,classical,auto,1,false,,5,0,3,,unknown,copy_bound,,focus,LL,41,1,0.071,257,118,60,171,0,0
lltp,ILL/KLE-01,,,KLE030+1.p,classical,auto,1,false,,5,0,3,,unknown,copy_bound,,focus,LL,66,2,0.050,117,44,32,31,0,0
lltp,ILL/KLE-01,,,KLE031+1.p,classical,auto,1,false,,5,0,3,,unknown,copy_bound,,focus,LL,98,4,0.054,131,47,40,37,0,0
lltp,ILL/KLE-01,,,KLE032+1.p,classical,auto,1,false,,5,0,3,,unknown,copy_bound,,focus,LL,42,2,0.063,228,126,50,69,0,0
lltp,ILL/KLE-01,,,KLE033+1.p,classical,auto,1,false,,5,0,3,,unknown,copy_bound,,focus,LL,42,2,0.070,245,132,58,70,0,0
lltp,ILL/KLE-01,,,KLE034+1.p,classical,auto,1,false,,5,0,3,,unknown,copy_bound,,focus,LL,40,2,0.074,312,188,66,36,0,0
lltp,ILL/KLE-01,,,KLE035+1.p,classical,auto,1,false,,5,0,3,,unknown,copy_bound,,focus,LL,40,2,0.087,359,204,84,42,0,0
lltp,ILL/KLE-01,,,KLE036+1.p,classical,auto,1,false,,5,0,3,,unknown,copy_bound,,focus,LL,42,2,0.066,279,169,51,40,0,0
lltp,ILL/KLE-01,,,KLE037+1.p,classical,auto,1,false,,5,0,3,,unknown,copy_bound,,focus,LL,42,2,0.080,331,180,81,42,0,0
lltp,ILL/KLE-01,,,KLE038+1.p,classical,auto,1,false,,5,0,3,,unknown,copy_bound,,focus,LL,39,2,0.052,164,87,44,33,0,0
lltp,ILL/KLE-01,,,KLE039+1.p,classical,auto,1,false,,5,0,3,,proved,,ok,focus,LL,40,2,0.054,118,22,59,0,0,0
lltp,ILL/KLE-01,,,KLE040+1.p,classical,auto,1,false,,5,0,3,,proved,,ok,focus,LL,44,2,0.071,192,54,88,0,0,0
lltp,ILL/KLE-01,,,KLE041+1.p,classical,auto,1,false,,5,0,3,,proved,,ok,focus,LL,26,2,0.027,35,3,21,0,0,0
lltp,ILL/KLE-01,,,KLE042+1.p,classical,auto,1,false,,5,0,3,,proved,,ok,focus,LL,28,2,0.030,48,7,27,0,0,0
lltp,ILL/KLE-01,,,KLE043+1.p,classical,auto,1,false,,5,0,3,,unknown,copy_bound,,focus,LL,49,3,0.071,243,112,64,0,0,0
lltp,ILL/KLE-01,,,KLE044+1.p,classical,auto,1,false,,5,0,3,,unknown,copy_bound,,focus,LL,50,3,0.085,275,71,133,0,0,0
lltp,ILL/KLE-01,,,KLE045+1.p,classical,auto,1,false,,5,0,3,,proved,,ok,focus,LL,19,3,0.018,16,0,9,0,0,0
lltp,ILL/KLE-01,,,KLE046+1.p,classical,auto,1,false,,5,0,3,,proved,,ok,focus,LL,20,3,0.018,15,0,8,0,0,0
lltp,ILL/KLE-01,,,KLE047+1.p,classical,auto,1,false,,5,0,3,,proved,,ok,focus,LL,27,3,0.020,17,0,10,0,0,0
lltp,ILL/KLE-01,,,KLE048+1.p,classical,auto,1,false,,5,0,3,,proved,,ok,focus,LL,27,3,0.025,26,2,11,0,0,0
lltp,ILL/KLE-01,,,KLE049+1.p,classical,auto,1,false,,5,0,3,,proved,,ok,focus,LL,22,2,0.021,18,0,11,2,0,0
lltp,ILL/KLE-01,,,KLE050+1.p,classical,auto,1,false,,5,0,3,,proved,,ok,focus,LL,22,3,0.016,9,0,6,0,0,0
lltp,ILL/KLE-01,,,KLE051+1.p,classical,auto,1,false,,5,0,3,,proved,,ok,focus,LL,34,3,0.029,27,1,17,10,0,0
lltp,ILL/KLE-01,,,KLE052+1.p,classical,auto,1,false,,5,0,3,,proved,,ok,focus,LL,34,2,0.039,66,13,27,35,0,0
lltp,ILL/KLE-01,,,KLE053+1.p,classical,auto,1,false,,5,0,3,,proved,,ok,focus,LL,21,2,0.020,19,0,12,0,0,0
lltp,ILL/KLE-01,,,KLE054+1.p,classical,auto,1,false,,5,0,3,,proved,,ok,focus,LL,22,3,0.019,12,0,9,0,0,0
lltp,ILL/KLE-01,,,KLE055+1.p,classical,auto,1,false,,5,0,3,,proved,,ok,focus,LL,25,3,0.028,27,2,17,6,0,0
lltp,ILL/KLE-01,,,KLE056+1.p,classical,auto,1,false,,5,0,3,,proved,,ok,focus,LL,26,2,0.029,37,6,16,11,0,0
lltp,ILL/KLE-01,,,KLE057+1.p,classical,auto,1,false,,5,0,3,,proved,,ok,focus,LL,13,1,0.020,18,1,9,4,0,0
lltp,ILL/KLE-01,,,KLE058+1.p,classical,auto,1,false,,5,0,3,,unknown,copy_bound,,focus,LL,33,2,0.026,38,11,12,12,0,0
lltp,ILL/KLE-01,,,KLE059+1.p,classical,auto,1,false,,5,0,3,,proved,,ok,focus,LL,25,2,0.025,25,2,14,4,0,0
lltp,ILL/KLE-01,,,KLE060+1.p,classical,auto,1,false,,5,0,3,,proved,,ok,focus,LL,32,3,0.030,31,2,19,4,0,0
lltp,ILL/KLE-01,,,KLE061+1.p,classical,auto,1,false,,5,0,3,,unknown,copy_bound,,focus,LL,13,1,0.021,35,13,9,4,0,0
lltp,ILL/KLE-01,,,KLE062+1.p,classical,auto,1,false,,5,0,3,,unknown,copy_bound,,focus,LL,25,2,0.027,44,17,12,9,0,0
lltp,ILL/KLE-01,,,KLE063+1.p,classical,auto,1,false,,5,0,3,,proved,,ok,focus,LL,17,1,0.029,42,5,15,12,0,0
lltp,ILL/KLE-01,,,KLE064+1.p,classical,auto,1,false,,5,0,3,,proved,,ok,focus,LL,21,1,0.029,38,4,14,15,0,0
lltp,ILL/KLE-01,,,KLE065+1.p,classical,auto,1,false,,5,0,3,,proved,,ok,focus,LL,17,1,0.014,9,0,4,0,0,0
lltp,ILL/KLE-01,,,KLE066+1.p,classical,auto,1,false,,5,0,3,,unknown,copy_bound,,focus,LL,35,2,0.025,32,5,13,1,0,0
lltp,ILL/KLE-01,,,KLE067+1.p,classical,auto,1,false,,5,0,3,,unknown,copy_bound,,focus,LL,49,4,0.060,179,73,58,4,0,0
lltp,ILL/KLE-01,,,KLE068+1.p,classical,auto,1,false,,5,0,3,,unknown,copy_bound,,focus,LL,52,4,0.036,75,25,17,0,0,0
lltp,ILL/KLE-01,,,KLE069+1.p,classical,auto,1,false,,5,0,3,,unknown,copy_bound,,focus,LL,24,2,0.039,68,21,21,14,0,0
lltp,ILL/KLE-01,,,KLE070+1.p,classical,auto,1,false,,5,0,3,,proved,,ok,focus,LL,25,2,0.035,62,15,25,16,0,0
lltp,ILL/KLE-01,,,KLE071+1.p,classical,auto,1,false,,5,0,3,,proved,,ok,focus,LL,25,2,0.045,94,29,40,12,0,0
lltp,ILL/KLE-01,,,KLE072+1.p,classical,auto,1,false,,5,0,3,,proved,,ok,focus,LL,25,2,0.040,81,26,33,14,0,0
lltp,ILL/KLE-01,,,KLE073+1.p,classical,auto,1,false,,5,0,3,,unknown,copy_bound,,focus,LL,21,1,0.041,85,33,28,27,0,0
lltp,ILL/KLE-01,,,KLE074+1.p,classical,auto,1,false,,5,0,3,,unknown,copy_bound,,focus,LL,264,8,0.136,514,243,155,163,0,0
lltp,ILL/KLE-01,,,KLE075+1.p,classical,auto,1,false,,5,0,3,,unknown,copy_bound,,focus,LL,89,4,0.199,826,414,246,274,0,0
lltp,ILL/KLE-01,,,KLE076+1.p,classical,auto,1,false,,5,0,3,,unknown,copy_bound,,focus,LL,29,1,0.051,121,54,29,45,0,0
lltp,ILL/KLE-01,,,KLE077+1.p,classical,auto,1,false,,5,0,3,,proved,,ok,focus,LL,17,2,0.024,22,0,14,4,0,0
lltp,ILL/KLE-01,,,KLE078+1.p,classical,auto,1,false,,5,0,3,,unknown,copy_bound,,focus,LL,25,2,0.031,53,19,12,28,0,0
lltp,ILL/KLE-01,,,KLE079+1.p,classical,auto,1,false,,5,0,3,,proved,,ok,focus,LL,25,2,0.038,71,15,25,29,0,0
lltp,ILL/KLE-01,,,KLE080+1.p,classical,auto,1,false,,5,0,3,,unknown,copy_bound,,focus,LL,21,1,0.042,114,49,34,22,0,0
lltp,ILL/KLE-01,,,KLE081+1.p,classical,auto,1,false,,5,0,3,,unknown,copy_bound,,focus,LL,21,1,0.044,115,51,34,27,0,0
lltp,ILL/KLE-01,,,KLE082+1.p,classical,auto,1,false,,5,0,3,,unknown,copy_bound,,focus,LL,29,1,0.039,89,33,25,36,0,0
lltp,ILL/KLE-01,,,KLE083+1.p,classical,auto,1,false,,5,0,3,,unknown,copy_bound,,focus,LL,254,8,0.073,227,108,70,43,0,0
lltp,ILL/KLE-01,,,KLE084+1.p,classical,auto,1,false,,5,0,3,,unknown,copy_bound,,focus,LL,264,8,0.106,332,127,108,159,0,0
lltp,ILL/KLE-01,,,KLE085+1.p,classical,auto,1,false,,5,0,3,,unprovable,,,focus,LL,36,2,0.023,27,8,7,0,0,0
lltp,ILL/KLE-01,,,KLE086+1.p,classical,auto,1,false,,5,0,3,,unknown,copy_bound,,focus,LL,49,2,0.032,57,23,17,12,0,0
lltp,ILL/KLE-01,,,KLE087+1.p,classical,auto,1,false,,5,0,3,,proved,,ok,focus,LL,25,2,0.043,80,19,33,17,0,0
lltp,ILL/KLE-01,,,KLE088+1.p,classical,auto,1,false,,5,0,3,,unknown,copy_bound,,focus,LL,48,2,0.030,57,23,17,11,0,0
lltp,ILL/KLE-IMP-CONJ/ALT,,,KLE_ALT_1.p,classical,auto,1,false,,5,0,3,,proved,,ok,focus,MALL,6,1,0.011,1,0,1,1,0,0
lltp,ILL/KLE-IMP-CONJ/ALT,,,KLE_ALT_10.p,classical,auto,1,false,,5,0,3,,proved,,ok,focus,LL,29,3,0.026,17,0,14,22,0,0
lltp,ILL/KLE-IMP-CONJ/ALT,,,KLE_ALT_11.p,classical,auto,1,false,,5,0,3,,proved,,ok,focus,MLL,27,3,0.024,10,0,10,21,0,0
lltp,ILL/KLE-IMP-CONJ/ALT,,,KLE_ALT_12.p,classical,auto,1,false,,5,0,3,,proved,,ok,focus,MELL,17,3,0.015,9,0,6,3,0,0
lltp,ILL/KLE-IMP-CONJ/ALT,,,KLE_ALT_13.p,classical,auto,1,false,,5,0,3,,proved,,ok,focus,MELL,13,2,0.014,5,0,5,4,0,0
lltp,ILL/KLE-IMP-CONJ/ALT,,,KLE_ALT_14.p,classical,auto,1,false,,5,0,3,,proved,,ok,focus,MELL,14,3,0.011,4,0,4,2,0,0
lltp,ILL/KLE-IMP-CONJ/ALT,,,KLE_ALT_15.p,classical,auto,1,false,,5,0,3,,proved,,ok,focus,LL,19,3,0.020,9,0,9,8,0,0
lltp,ILL/KLE-IMP-CONJ/ALT,,,KLE_ALT_16.p,classical,auto,1,false,,5,0,3,,proved,,ok,focus,MALL,18,2,0.017,6,0,6,12,0,0
lltp,ILL/KLE-IMP-CONJ/ALT,,,KLE_ALT_17.p,classical,auto,1,false,,5,0,3,,proved,,ok,focus,MELL,13,2,0.013,3,0,3,2,0,0
lltp,ILL/KLE-IMP-CONJ/ALT,,,KLE_ALT_18.p,classical,auto,1,false,,5,0,3,,proved,,ok,focus,LL,15,3,0.016,4,0,4,6,0,0
lltp,ILL/KLE-IMP-CONJ/ALT,,,KLE_ALT_19.p,classical,auto,1,false,,5,0,3,,proved,,ok,focus,MELL,16,2,0.018,11,0,6,12,0,0
lltp,ILL/KLE-IMP-CONJ/ALT,,,KLE_ALT_2.p,classical,auto,1,false,,5,0,3,,proved,,ok,focus,MALL,6,1,0.009,1,0,1,1,0,0
lltp,ILL/KLE-IMP-CONJ/ALT,,,KLE_ALT_20.p,classical,auto,1,false,,5,0,3,,proved,,ok,focus,LL,13,2,0.019,11,0,5,9,0,0
lltp,ILL/KLE-IMP-CONJ/ALT,,,KLE_ALT_21.p,classical,auto,1,false,,5,0,3,,proved,,ok,focus,MALL,27,4,0.014,3,0,3,3,0,0
lltp,ILL/KLE-IMP-CONJ/ALT,,,KLE_ALT_22.p,classical,auto,1,false,,5,0,3,,proved,,ok,net,MLL,15,2,0.020,4,0,0,0,4,4
lltp,ILL/KLE-IMP-CONJ/ALT,,,KLE_ALT_23.p,classical,auto,1,false,,5,0,3,,proved,,ok,focus,LL,16,2,0.017,6,0,4,6,0,0
lltp,ILL/KLE-IMP-CONJ/ALT,,,KLE_ALT_24.p,classical,auto,1,false,,5,0,3,,proved,,ok,focus,LL,17,2,0.022,7,0,4,21,0,0
lltp,ILL/KLE-IMP-CONJ/ALT,,,KLE_ALT_25.p,classical,auto,1,false,,5,0,3,,proved,,ok,net,MLL,15,2,0.019,4,0,0,0,4,4
lltp,ILL/KLE-IMP-CONJ/ALT,,,KLE_ALT_26.p,classical,auto,1,false,,5,0,3,,proved,,ok,net,MLL,15,2,0.018,4,0,0,0,4,4
lltp,ILL/KLE-IMP-CONJ/ALT,,,KLE_ALT_27.p,classical,auto,1,false,,5,0,3,,proved,,ok,focus,LL,17,2,0.021,7,0,4,21,0,0
lltp,ILL/KLE-IMP-CONJ/ALT,,,KLE_ALT_3.p,classical,auto,1,false,,5,0,3,,proved,,ok,focus,MELL,5,1,0.008,1,0,1,0,0,0
lltp,ILL/KLE-IMP-CONJ/ALT,,,KLE_ALT_4.p,classical,auto,1,false,,5,0,3,,proved,,ok,focus,MELL,11,2,0.008,1,0,1,1,0,0
lltp,ILL/KLE-IMP-CONJ/ALT,,,KLE_ALT_5.p,classical,auto,1,false,,5,0,3,,proved,,ok,focus,MELL,11,2,0.008,1,0,1,1,0,0
lltp,ILL/KLE-IMP-CONJ/ALT,,,KLE_ALT_6.p,classical,auto,1,false,,5,0,3,,proved,,ok,net,MLL,13,2,0.015,4,0,0,0,4,4
lltp,ILL/KLE-IMP-CONJ/ALT,,,KLE_ALT_7.p,classical,auto,1,false,,5,0,3,,proved,,ok,net,MLL,13,2,0.015,4,0,0,0,4,4
lltp,ILL/KLE-IMP-CONJ/ALT,,,KLE_ALT_8.p,classical,auto,1,false,,5,0,3,,proved,,ok,focus,MALL,19,3,0.023,11,0,11,10,0,0
lltp,ILL/KLE-IMP-CONJ/ALT,,,KLE_ALT_9.p,classical,auto,1,false,,5,0,3,,proved,,ok,focus,MLL,19,3,0.018,6,0,6,14,0,0
lltp,ILL/KLE-IMP-CONJ,,,KLE_10_01.p,classical,auto,1,false,,5,0,3,,proved,,ok,focus,LL,11,1,0.018,12,0,7,4,0,0
lltp,ILL/KLE-IMP-CONJ,,,KLE_10_CBN.p,classical,auto,1,false,,5,0,3,,proved,,ok,focus,LL,9,1,0.013,6,0,3,2,0,0
lltp,ILL/KLE-IMP-CONJ,,,KLE_10_CBV.p,classical,auto,1,false,,5,0,3,,proved,,ok,focus,LL,11,1,0.020,15,1,7,4,0,0
lltp,ILL/KLE-IMP-CONJ,,,KLE_11_01.p,classical,auto,1,false,,5,0,3,,proved,,ok,focus,LL,11,1,0.019,15,1,8,4,0,0
lltp,ILL/KLE-IMP-CONJ,,,KLE_11_CBN.p,classical,auto,1,false,,5,0,3,,proved,,ok,focus,LL,9,1,0.014,8,1,3,3,0,0
lltp,ILL/KLE-IMP-CONJ,,,KLE_11_CBV.p,classical,auto,1,false,,5,0,3,,proved,,ok,focus,LL,11,1,0.020,17,2,7,4,0,0
lltp,ILL/KLE-IMP-CONJ,,,KLE_12_01.p,classical,auto,1,false,,5,0,3,,proved,,ok,focus,MELL,7,1,0.010,4,0,2,0,0,0
lltp,ILL/KLE-IMP-CONJ,,,KLE_12_CBN.p,classical,auto,1,false,,5,0,3,,proved,,ok,focus,MELL,6,1,0.009,2,0,1,0,0,0
lltp,ILL/KLE-IMP-CONJ,,,KLE_12_CBV.p,classical,auto,1,false,,5,0,3,,proved,,ok,focus,MELL,8,1,0.012,6,0,3,0,0,0
lltp,ILL/KLE-IMP-CONJ,,,KLE_13_01.p,classical,auto,1,false,,5,0,3,,proved,,ok,focus,LL,19,1,0.037,55,16,20,28,0,0
lltp,ILL/KLE-IMP-CONJ,,,KLE_13_CBN.p,classical,auto,1,false,,5,0,3,,proved,,ok,focus,LL,15,1,0.019,15,3,8,7,0,0
lltp,ILL/KLE-IMP-CONJ,,,KLE_13_CBV.p,classical,auto,1,false,,5,0,3,,proved,,ok,focus,LL,18,1,0.035,51,16,16,26,0,0
lltp,ILL/KLE-IMP-CONJ,,,KLE_13_MU.p,classical,auto,1,false,,5,0,3,,proved,,ok,net,MLL,10,1,0.013,3,0,0,0,3,3
lltp,ILL/KLE-IMP-CONJ,,,KLE_14_01.p,classical,auto,1,false,,5,0,3,,unknown,copy_bound,,focus,LL,27,1,0.053,140,59,35,72,0,0
lltp,ILL/KLE-IMP-CONJ,,,KLE_14_CBN.p,classical,auto,1,false,,5,0,3,,proved,,ok,focus,LL,21,1,0.029,34,13,10,24,0,0
lltp,ILL/KLE-IMP-CONJ,,,KLE_14_CBV.p,classical,auto,1,false,,5,0,3,,unknown,copy_bound,,focus,LL,24,1,0.042,94,39,26,55,0,0
lltp,ILL/KLE-IMP-CONJ,,,KLE_14_MU.p,classical,auto,1,false,,5,0,3,,proved,,ok,net,MLL,14,2,0.016,4,0,0,0,4,4
lltp,ILL/KLE-IMP-CONJ,,,KLE_15_01.p,classical,auto,1,false,,5,0,3,,proved,,ok,focus,LL,24,2,0.022,22,2,13,8,0,0
lltp,ILL/KLE-IMP-CONJ,,,KLE_15_CBN.p,classical,auto,1,false,,5,0,3,,proved,,ok,focus,LL,19,2,0.018,11,0,8,4,0,0
lltp,ILL/KLE-IMP-CONJ,,,KLE_15_CBV.p,classical,auto,1,false,,5,0,3,,proved,,ok,focus,MELL,25,2,0.022,23,2,14,11,0,0
lltp,ILL/KLE-IMP-CONJ,,,KLE_15_MU.p,classical,auto,1,false,,5,0,3,,proved,,ok,net,MLL,13,2,0.014,4,0,0,0,4,4
lltp,ILL/KLE-IMP-CONJ,,,KLE_16_01.p,classical,auto,1,false,,5,0,3,,proved,,ok,focus,LL,19,2,0.030,49,16,19,7,0,0
lltp,ILL/KLE-IMP-CONJ,,,KLE_16_CBN.p,classical,auto,1,false,,5,0,3,,proved,,ok,focus,LL,14,2,0.014,7,0,4,3,0,0
lltp,ILL/KLE-IMP-CONJ,,,KLE_16_CBV.p,classical,auto,1,false,,5,0,3,,proved,,ok,focus,MELL,19,2,0.020,19,2,10,7,0,0
lltp,ILL/KLE-IMP-CONJ,,,KLE_17_01.p,classical,auto,1,false,,5,0,3,,proved,,ok,focus,LL,19,2,0.031,61,24,20,10,0,0
lltp,ILL/KLE-IMP-CONJ,,,KLE_17_CBN.p,classical,auto,1,false,,5,0,3,,proved,,ok,focus,LL,14,2,0.016,11,2,5,6,0,0
lltp,ILL/KLE-IMP-CONJ,,,KLE_17_CBV.p,classical,auto,1,false,,5,0,3,,proved,,ok,focus,MELL,19,2,0.020,19,2,10,7,0,0
lltp,ILL/KLE-IMP-CONJ,,,KLE_18_01.p,classical,auto,1,false,,5,0,3,,proved,,ok,focus,LL,17,2,0.021,30,8,13,5,0,0
lltp,ILL/KLE-IMP-CONJ,,,KLE_18_CBN.p,classical,auto,1,false,,5,0,3,,proved,,ok,focus,LL,13,2,0.012,7,0,4,3,0,0
lltp,ILL/KLE-IMP-CONJ,,,KLE_18_CBV.p,classical,auto,1,false,,5,0,3,,proved,,ok,focus,MELL,17,2,0.017,14,2,7,5,0,0
lltp,ILL/KLE-IMP-CONJ,,,KLE_19_01.p,classical,auto,1,false,,5,0,3,,proved,,ok,focus,LL,17,2,0.025,42,16,14,8,0,0
lltp,ILL/KLE-IMP-CONJ,,,KLE_19_CBN.p,classical,auto,1,false,,5,0,3,,proved,,ok,focus,LL,13,2,0.015,11,2,5,6,0,0
lltp,ILL/KLE-IMP-CONJ,,,KLE_19_CBV.p,classical,auto,1,false,,5,0,3,,proved,,ok,focus,MELL,17,2,0.020,14,2,7,5,0,0
lltp,ILL/KLE-IMP-CONJ,,,KLE_1_01.p,classical,auto,1,false,,5,0,3,,proved,,ok,focus,MELL,5,1,0.010,4,0,2,0,0,0
lltp,ILL/KLE-IMP-CONJ,,,KLE_1_CBN.p,classical,auto,1,false,,5,0,3,,proved,,ok,focus,MELL,4,1,0.007,2,0,1,0,0,0
lltp,ILL/KLE-IMP-CONJ,,,KLE_1_CBV.p,classical,auto,1,false,,5,0,3,,proved,,ok,focus,MELL,6,1,0.011,6,0,3,0,0,0
lltp,ILL/KLE-IMP-CONJ,,,KLE_1_MU.p,classical,auto,1,false,,5,0,3,,proved,,ok,net,MLL,3,1,0.009,1,0,0,0,1,1
lltp,ILL/KLE-IMP-CONJ,,,KLE_20_01.p,classical,auto,1,false,,5,0,3,,proved,,ok,focus,LL,12,2,0.013,8,0,5,0,0,0
lltp,ILL/KLE-IMP-CONJ,,,KLE_20_CBN.p,classical,auto,1,false,,5,0,3,,proved,,ok,focus,LL,9,2,0.010,3,0,2,0,0,0
lltp,ILL/KLE-IMP-CONJ,,,KLE_20_CBV.p,classical,auto,1,false,,5,0,3,,proved,,ok,focus,MELL,13,2,0.013,8,0,5,2,0,0
lltp,ILL/KLE-IMP-CONJ,,,KLE_20_MU.p,classical,auto,1,false,,5,0,3,,proved,,ok,net,MLL,7,2,0.011,2,0,0,0,2,2
lltp,ILL/KLE-IMP-CONJ,,,KLE_21_01.p,classical,auto,1,false,,5,0,3,,proved,,ok,focus,LL,26,2,0.044,92,34,33,15,0,0
lltp,ILL/KLE-IMP-CONJ,,,KLE_21_CBN.p,classical,auto,1,false,,5,0,3,,proved,,ok,focus,LL,19,2,0.018,15,2,9,7,0,0
lltp,ILL/KLE-IMP-CONJ,,,KLE_21_CBV.p,classical,auto,1,false,,5,0,3,,proved,,ok,focus,MELL,26,2,0.024,23,2,14,11,0,0
lltp,ILL/KLE-IMP-CONJ,,,KLE_21_MU.p,classical,auto,1,false,,5,0,3,,proved,,ok,net,MLL,14,2,0.016,4,0,0,0,4,4
lltp,ILL/KLE-IMP-CONJ,,,KLE_22_01.p,classical,auto,1,false,,5,0,3,,unknown,copy_bound,,focus,LL,40,2,0.092,424,260,98,72,0,0
lltp,ILL/KLE-IMP-CONJ,,,KLE_22_CBN.p,classical,auto,1,false,,5,0,3,,proved,,ok,focus,LL,29,2,0.042,100,43,33,65,0,0
lltp,ILL/KLE-IMP-CONJ,,,KLE_22_CBV.p,classical,auto,1,false,,5,0,3,,proved,,ok,focus,MELL,39,2,0.050,114,54,35,81,0,0
lltp,ILL/KLE-IMP-CONJ,,,KLE_22_MU.p,classical,auto,1,false,,5,0,3,,proved,,ok,net,MLL,21,2,0.027,6,0,0,0,7,7
lltp,ILL/KLE-IMP-CONJ,,,KLE_23_01.p,classical,auto,1,false,,5,0,3,,unknown,copy_bound,,focus,LL,39,1,0.080,278,129,73,179,0,0
lltp,ILL/KLE-IMP-CONJ,,,KLE_23_CBN.p,classical,auto,1,false,,5,0,3,,unknown,copy_bound,,focus,LL,31,1,0.038,96,51,24,80,0,0
lltp,ILL/KLE-IMP-CONJ,,,KLE_23_CBV.p,classical,auto,1,false,,5,0,3,,unknown,copy_bound,,focus,LL,34,1,0.056,158,73,49,123,0,0
lltp,ILL/KLE-IMP-CONJ,,,KLE_23_MU.p,classical,auto,1,false,,5,0,3,,proved,,ok,focus,MLL,20,3,0.022,7,0,7,28,0,0
lltp,ILL/KLE-IMP-CONJ,,,KLE_24_01.p,classical,auto,1,false,,5,0,3,,unknown,copy_bound,,focus,LL,35,1,0.064,210,91,45,135,0,0
lltp,ILL/KLE-IMP-CONJ,,,KLE_24_CBN.p,classical,auto,1,false,,5,0,3,,unknown,copy_bound,,focus,LL,27,1,0.029,60,30,15,51,0,0
lltp,ILL/KLE-IMP-CONJ,,,KLE_24_CBV.p,classical,auto,1,false,,5,0,3,,unknown,copy_bound,,focus,LL,30,1,0.042,108,48,28,87,0,0
lltp,ILL/KLE-IMP-CONJ,,,KLE_24_MU.p,classical,auto,1,false,,5,0,3,,proved,,ok,focus,MLL,18,3,0.019,7,0,7,15,0,0
lltp,ILL/KLE-IMP-CONJ,,,KLE_25_01.p,classical,auto,1,false,,5,0,3,,unknown,copy_bound,,focus,LL,41,1,0.079,257,118,60,171,0,0
lltp,ILL/KLE-IMP-CONJ,,,KLE_25_CBN.p,classical,auto,1,false,,5,0,3,,unknown,copy_bound,,focus,LL,32,1,0.035,78,36,24,68,0,0
lltp,ILL/KLE-IMP-CONJ,,,KLE_25_CBV.p,classical,auto,1,false,,5,0,3,,unknown,copy_bound,,focus,LL,36,1,0.054,143,69,40,117,0,0
lltp,ILL/KLE-IMP-CONJ,,,KLE_25_MU.p,classical,auto,1,false,,5,0,3,,proved,,ok,focus,MLL,21,3,0.030,9,0,9,18,0,0
lltp,ILL/KLE-IMP-CONJ,,,KLE_26_01.p,classical,auto,1,false,,5,0,3,,unknown,copy_bound,,focus,LL,74,2,0.042,100,36,27,39,0,0
lltp,ILL/KLE-IMP-CONJ,,,KLE_26_CBN.p,classical,auto,1,false,,5,0,3,,unknown,copy_bound,,focus,LL,53,2,0.040,87,23,33,54,0,0
lltp,ILL/KLE-IMP-CONJ,,,KLE_26_CBV.p,classical,auto,1,false,,5,0,3,,unknown,copy_bound,,focus,LL,61,2,0.058,131,43,40,121,0,0
lltp,ILL/KLE-IMP-CONJ,,,KLE_27_01.p,classical,auto,1,false,,5,0,3,,unknown,copy_bound,,focus,LL,106,4,0.058,140,49,42,57,0,0
lltp,ILL/KLE-IMP-CONJ,,,KLE_27_CBN.p,classical,auto,1,false,,5,0,3,,unknown,copy_bound,,focus,LL,77,4,0.026,44,20,12,36,0,0
lltp,ILL/KLE-IMP-CONJ,,,KLE_27_CBV.p,classical,auto,1,false,,5,0,3,,unknown,copy_bound,,focus,LL,93,4,0.043,85,38,21,69,0,0
lltp,ILL/KLE-IMP-CONJ,,,KLE_28_01.p,classical,auto,1,false,,5,0,3,,unknown,copy_bound,,focus,LL,42,2,0.064,228,126,50,69,0,0
lltp,ILL/KLE-IMP-CONJ,,,KLE_28_CBN.p,classical,auto,1,false,,5,0,3,,proved,,ok,focus,LL,31,2,0.026,40,15,17,23,0,0
lltp,ILL/KLE-IMP-CONJ,,,KLE_28_CBV.p,classical,auto,1,false,,5,0,3,,proved,,ok,focus,MELL,42,2,0.046,95,38,33,61,0,0
lltp,ILL/KLE-IMP-CONJ,,,KLE_28_MU.p,classical,auto,1,false,,5,0,3,,proved,,ok,net,MLL,22,2,0.024,6,0,0,0,6,6
lltp,ILL/KLE-IMP-CONJ,,,KLE_29_01.p,classical,auto,1,false,,5,0,3,,unknown,copy_bound,,focus,LL,42,2,0.072,245,132,58,70,0,0
lltp,ILL/KLE-IMP-CONJ,,,KLE_29_CBN.p,classical,auto,1,false,,5,0,3,,proved,,ok,focus,LL,31,2,0.035,62,22,21,39,0,0
lltp,ILL/KLE-IMP-CONJ,,,KLE_29_CBV.p,classical,auto,1,false,,5,0,3,,proved,,ok,focus,MELL,42,2,0.050,101,39,34,66,0,0
lltp,ILL/KLE-IMP-CONJ,,,KLE_29_MU.p,classical,auto,1,false,,5,0,3,,proved,,ok,net,MLL,22,2,0.025,6,0,0,0,6,6
lltp,ILL/KLE-IMP-CONJ,,,KLE_2_01.p,classical,auto,1,false,,5,0,3,,proved,,ok,focus,MELL,17,1,0.028,37,10,14,20,0,0
lltp,ILL/KLE-IMP-CONJ,,,KLE_2_CBN.p,classical,auto,1,false,,5,0,3,,proved,,ok,focus,MELL,14,1,0.022,25,8,10,12,0,0
lltp,ILL/KLE-IMP-CONJ,,,KLE_2_CBV.p,classical,auto,1,false,,5,0,3,,proved,,ok,focus,MELL,18,1,0.034,56,20,19,28,0,0
lltp,ILL/KLE-IMP-CONJ,,,KLE_2_MU.p,classical,auto,1,false,,5,0,3,,proved,,ok,net,MLL,9,1,0.014,3,0,0,0,3,3
lltp,ILL/KLE-IMP-CONJ,,,KLE_30_01.p,classical,auto,1,false,,5,0,3,,unknown,copy_bound,,focus,LL,40,2,0.078,312,188,66,36,0,0
lltp,ILL/KLE-IMP-CONJ,,,KLE_30_CBN.p,classical,auto,1,false,,5,0,3,,proved,,ok,focus,LL,27,2,0.028,39,8,26,15,0,0
lltp,ILL/KLE-IMP-CONJ,,,KLE_30_CBV.p,classical,auto,1,false,,5,0,3,,proved,,ok,focus,MELL,38,2,0.027,29,4,18,17,0,0
lltp,ILL/KLE-IMP-CONJ,,,KLE_30_MU.p,classical,auto,1,false,,5,0,3,,proved,,ok,net,MLL,22,2,0.025,6,0,0,0,6,6
lltp,ILL/KLE-IMP-CONJ,,,KLE_31_01.p,classical,auto,1,false,,5,0,3,,unknown,copy_bound,,focus,LL,40,2,0.085,359,204,84,42,0,0
lltp,ILL/KLE-IMP-CONJ,,,KLE_31_CBN.p,classical,auto,1,false,,5,0,3,,proved,,ok,focus,LL,27,2,0.025,30,5,20,11,0,0
lltp,ILL/KLE-IMP-CONJ,,,KLE_31_CBV.p,classical,auto,1,false,,5,0,3,,proved,,ok,focus,MELL,38,2,0.029,30,5,18,17,0,0
lltp,ILL/KLE-IMP-CONJ,,,KLE_31_MU.p,classical,auto,1,false,,5,0,3,,proved,,ok,net,MLL,22,2,0.024,6,0,0,0,6,6
lltp,ILL/KLE-IMP-CONJ,,,KLE_32_01.p,classical,auto,1,false,,5,0,3,,unknown,copy_bound,,focus,LL,42,2,0.062,229,127,50,69,0,0
lltp,ILL/KLE-IMP-CONJ,,,KLE_32_CBN.p,classical,auto,1,false,,5,0,3,,proved,,ok,focus,LL,31,2,0.029,44,14,23,25,0,0
lltp,ILL/KLE-IMP-CONJ,,,KLE_32_CBV.p,classical,auto,1,false,,5,0,3,,proved,,ok,focus,LL,38,2,0.061,133,47,55,82,0,0
lltp,ILL/KLE-IMP-CONJ,,,KLE_32_MU.p,classical,auto,1,false,,5,0,3,,proved,,ok,net,MLL,22,2,0.024,6,0,0,0,6,6
lltp,ILL/KLE-IMP-CONJ,,,KLE_33_01.p,classical,auto,1,false,,5,0,3,,proved,,ok,focus,LL,40,2,0.053,118,22,59,0,0,0
lltp,ILL/KLE-IMP-CONJ,,,KLE_33_CBN.p,classical,auto,1,false,,5,0,3,,proved,,ok,focus,LL,25,2,0.018,19,0,18,0,0,0
lltp,ILL/KLE-IMP-CONJ,,,KLE_33_CBV.p,classical,auto,1,false,,5,0,3,,proved,,ok,focus,MELL,37,2,0.017,12,0,9,7,0,0
lltp,ILL/KLE-IMP-CONJ,,,KLE_33_MU.p,classical,auto,1,false,,5,0,3,,proved,,ok,net,MLL,23,2,0.024,6,0,0,0,6,6
lltp,ILL/KLE-IMP-CONJ,,,KLE_34_01.p,classical,auto,1,false,,5,0,3,,proved,,ok,focus,LL,26,2,0.029,35,3,21,0,0,0
lltp,ILL/KLE-IMP-CONJ,,,KLE_34_CBN.p,classical,auto,1,false,,5,0,3,,proved,,ok,focus,LL,17,2,0.014,11,0,10,0,0,0
lltp,ILL/KLE-IMP-CONJ,,,KLE_34_CBV.p,classical,auto,1,false,,5,0,3,,proved,,ok,focus,MELL,25,2,0.016,10,0,7,5,0,0
lltp,ILL/KLE-IMP-CONJ,,,KLE_34_MU.p,classical,auto,1,false,,5,0,3,,proved,,ok,net,MLL,15,2,0.014,4,0,0,0,4,4
lltp,ILL/KLE-IMP-CONJ,,,KLE_35_01.p,classical,auto,1,false,,5,0,3,,proved,,ok,focus,LL,19,3,0.016,16,0,9,0,0,0
lltp,ILL/KLE-IMP-CONJ,,,KLE_35_CBN.p,classical,auto,1,false,,5,0,3,,proved,,ok,focus,LL,13,3,0.012,5,0,4,0,0,0
lltp,ILL/KLE-IMP-CONJ,,,KLE_35_CBV.p,classical,auto,1,false,,5,0,3,,proved,,ok,focus,MELL,19,3,0.015,9,0,6,3,0,0
lltp,ILL/KLE-IMP-CONJ,,,KLE_36_01.p,classical,auto,1,false,,5,0,3,,proved,,ok,focus,LL,22,2,0.020,18,0,11,2,0,0
lltp,ILL/KLE-IMP-CONJ,,,KLE_36_CBN.p,classical,auto,1,false,,5,0,3,,proved,,ok,focus,LL,17,2,0.013,8,0,5,2,0,0
lltp,ILL/KLE-IMP-CONJ,,,KLE_36_CBV.p,classical,auto,1,false,,5,0,3,,proved,,ok,focus,MELL,23,2,0.023,20,2,11,7,0,0
lltp,ILL/KLE-IMP-CONJ,,,KLE_37_01.p,classical,auto,1,false,,5,0,3,,proved,,ok,focus,LL,22,3,0.014,9,0,6,0,0,0
lltp,ILL/KLE-IMP-CONJ,,,KLE_37_CBN.p,classical,auto,1,false,,5,0,3,,proved,,ok,focus,LL,17,3,0.008,3,0,2,0,0,0
lltp,ILL/KLE-IMP-CONJ,,,KLE_37_CBV.p,classical,auto,1,false,,5,0,3,,proved,,ok,focus,MELL,23,3,0.016,9,0,6,2,0,0
lltp,ILL/KLE-IMP-CONJ,,,KLE_38_01.p,classical,auto,1,false,,5,0,3,,proved,,ok,focus,LL,34,3,0.029,27,1,17,10,0,0
lltp,ILL/KLE-IMP-CONJ,,,KLE_38_CBN.p,classical,auto,1,false,,5,0,3,,proved,,ok,focus,LL,26,3,0.014,8,0,5,4,0,0
lltp,ILL/KLE-IMP-CONJ,,,KLE_38_CBV.p,classical,auto,1,false,,5,0,3,,proved,,ok,focus,LL,32,3,0.026,19,0,12,10,0,0
lltp,ILL/KLE-IMP-CONJ,,,KLE_39_01.p,classical,auto,1,false,,5,0,3,,proved,,ok,focus,LL,34,2,0.040,66,13,27,35,0,0
lltp,ILL/KLE-IMP-CONJ,,,KLE_39_CBN.p,classical,auto,1,false,,5,0,3,,proved,,ok,focus,LL,26,2,0.022,21,5,8,13,0,0
lltp,ILL/KLE-IMP-CONJ,,,KLE_39_CBV.p,classical,auto,1,false,,5,0,3,,proved,,ok,focus,LL,32,2,0.034,48,11,19,30,0,0
lltp,ILL/KLE-IMP-CONJ,,,KLE_3_01.p,classical,auto,1,false,,5,0,3,,proved,,ok,focus,MELL,19,1,0.031,45,10,17,16,0,0
lltp,ILL/KLE-IMP-CONJ,,,KLE_3_CBN.p,classical,auto,1,false,,5,0,3,,proved,,ok,focus,MELL,15,1,0.014,9,0,6,3,0,0
lltp,ILL/KLE-IMP-CONJ,,,KLE_3_CBV.p,classical,auto,1,false,,5,0,3,,proved,,ok,focus,MELL,20,1,0.037,67,20,24,22,0,0
lltp,ILL/KLE-IMP-CONJ,,,KLE_3_MU.p,classical,auto,1,false,,5,0,3,,proved,,ok,net,MLL,10,1,0.012,3,0,0,0,3,3
lltp,ILL/KLE-IMP-CONJ,,,KLE_40_01.p,classical,auto,1,false,,5,0,3,,proved,,ok,focus,LL,21,2,0.020,19,0,12,0,0,0
lltp,ILL/KLE-IMP-CONJ,,,KLE_40_CBN.p,classical,auto,1,false,,5,0,3,,proved,,ok,focus,LL,15,2,0.011,5,0,4,0,0,0
lltp,ILL/KLE-IMP-CONJ,,,KLE_40_CBV.p,classical,auto,1,false,,5,0,3,,proved,,ok,focus,MELL,21,2,0.017,9,0,6,3,0,0
lltp,ILL/KLE-IMP-CONJ,,,KLE_41_01.p,classical,auto,1,false,,5,0,3,,proved,,ok,focus,LL,25,3,0.028,27,2,17,6,0,0
lltp,ILL/KLE-IMP-CONJ,,,KLE_41_CBN.p,classical,auto,1,false,,5,0,3,,proved,,ok,focus,LL,18,3,0.016,9,1,5,2,0,0
lltp,ILL/KLE-IMP-CONJ,,,KLE_41_CBV.p,classical,auto,1,false,,5,0,3,,proved,,ok,focus,LL,24,3,0.023,17,2,8,9,0,0
lltp,ILL/KLE-IMP-CONJ,,,KLE_42_01.p,classical,auto,1,false,,5,0,3,,proved,,ok,focus,LL,13,1,0.021,18,1,9,4,0,0
lltp,ILL/KLE-IMP-CONJ,,,KLE_42_CBN.p,classical,auto,1,false,,5,0,3,,proved,,ok,focus,LL,10,1,0.012,8,1,3,3,0,0
lltp,ILL/KLE-IMP-CONJ,,,KLE_42_CBV.p,classical,auto,1,false,,5,0,3,,proved,,ok,focus,LL,12,1,0.019,15,1,6,3,0,0
lltp,ILL/KLE-IMP-CONJ,,,KLE_42_MU.p,classical,auto,1,false,,5,0,3,,proved,,ok,net,MLL,7,1,0.011,2,0,0,0,2,2
lltp,ILL/KLE-IMP-CONJ,,,KLE_43_01.p,classical,auto,1,false,,5,0,3,,proved,,ok,focus,LL,44,2,0.048,81,7,36,35,0,0
lltp,ILL/KLE-IMP-CONJ,,,KLE_43_CBN.p,classical,auto,1,false,,5,0,3,,proved,,ok,focus,LL,33,2,0.025,24,3,10,15,0,0
lltp,ILL/KLE-IMP-CONJ,,,KLE_43_CBV.p,classical,auto,1,false,,5,0,3,,proved,,ok,focus,LL,37,2,0.031,37,4,15,23,0,0
lltp,ILL/KLE-IMP-CONJ,,,KLE_43_MU.p,classical,auto,1,false,,5,0,3,,proved,,ok,focus,MLL,23,4,0.021,9,0,9,8,0,0
lltp,ILL/KLE-IMP-CONJ,,,KLE_44_01.p,classical,auto,1,false,,5,0,3,,unknown,copy_bound,,focus,LL,13,1,0.021,35,13,9,4,0,0
lltp,ILL/KLE-IMP-CONJ,,,KLE_44_CBN.p,classical,auto,1,false,,5,0,3,,proved,,ok,focus,LL,9,1,0.014,10,1,5,3,0,0
lltp,ILL/KLE-IMP-CONJ,,,KLE_44_CBV.p,classical,auto,1,false,,5,0,3,,proved,,ok,focus,LL,11,1,0.016,11,1,4,3,0,0
lltp,ILL/KLE-IMP-CONJ,,,KLE_44_MU.p,classical,auto,1,false,,5,0,3,,proved,,ok,net,MLL,7,1,0.011,2,0,0,0,2,2
lltp,ILL/KLE-IMP-CONJ,,,KLE_45_01.p,classical,auto,1,false,,5,0,3,,unknown,copy_bound,,focus,LL,25,2,0.026,44,17,12,9,0,0
lltp,ILL/KLE-IMP-CONJ,,,KLE_45_CBN.p,classical,auto,1,false,,5,0,3,,unknown,copy_bound,,focus,LL,18,2,0.020,26,9,9,18,0,0
lltp,ILL/KLE-IMP-CONJ,,,KLE_45_CBV.p,classical,auto,1,false,,5,0,3,,unknown,copy_bound,,focus,LL,22,2,0.024,32,9,10,19,0,0
lltp,ILL/KLE-IMP-CONJ,,,KLE_46_01.p,classical,auto,1,false,,5,0,3,,unknown,copy_bound,,focus,LL,21,1,0.027,34,8,9,15,0,0
lltp,ILL/KLE-IMP-CONJ,,,KLE_46_CBN.p,classical,auto,1,false,,5,0,3,,unknown,copy_bound,,focus,LL,16,1,0.016,14,3,5,9,0,0
lltp,ILL/KLE-IMP-CONJ,,,KLE_46_CBV.p,classical,auto,1,false,,5,0,3,,unknown,copy_bound,,focus,LL,18,1,0.024,26,7,8,13,0,0
lltp,ILL/KLE-IMP-CONJ,,,KLE_47_01.p,classical,auto,1,false,,5,0,3,,unknown,copy_bound,,focus,LL,49,4,0.065,179,73,58,4,0,0
lltp,ILL/KLE-IMP-CONJ,,,KLE_47_CBN.p,classical,auto,1,false,,5,0,3,,proved,,ok,focus,LL,33,4,0.032,36,4,25,8,0,0
lltp,ILL/KLE-IMP-CONJ,,,KLE_47_CBV.p,classical,auto,1,false,,5,0,3,,proved,,ok,focus,LL,43,4,0.034,40,6,23,19,0,0
lltp,ILL/KLE-IMP-CONJ,,,KLE_48_01.p,classical,auto,1,false,,5,0,3,,unknown,copy_bound,,focus,LL,21,1,0.040,85,33,28,27,0,0
lltp,ILL/KLE-IMP-CONJ,,,KLE_48_CBN.p,classical,auto,1,false,,5,0,3,,proved,,ok,focus,LL,15,1,0.020,21,6,10,9,0,0
lltp,ILL/KLE-IMP-CONJ,,,KLE_48_CBV.p,classical,auto,1,false,,5,0,3,,proved,,ok,focus,LL,19,1,0.031,48,16,14,20,0,0
lltp,ILL/KLE-IMP-CONJ,,,KLE_48_MU.p,classical,auto,1,false,,5,0,3,,proved,,ok,net,MLL,11,1,0.015,3,0,0,0,3,3
lltp,ILL/KLE-IMP-CONJ,,,KLE_49_01.p,classical,auto,1,false,,5,0,3,,unknown,copy_bound,,focus,LL,43,2,0.042,89,32,29,26,0,0
lltp,ILL/KLE-IMP-CONJ,,,KLE_49_CBN.p,classical,auto,1,false,,5,0,3,,proved,,ok,focus,LL,31,2,0.021,14,0,11,4,0,0
lltp,ILL/KLE-IMP-CONJ,,,KLE_49_CBV.p,classical,auto,1,false,,5,0,3,,proved,,ok,focus,LL,39,2,0.032,42,8,18,18,0,0
lltp,ILL/KLE-IMP-CONJ,,,KLE_49_MU.p,classical,auto,1,false,,5,0,3,,proved,,ok,net,MLL,23,2,0.022,6,0,0,0,6,6
lltp,ILL/KLE-IMP-CONJ,,,KLE_4_01.p,classical,auto,1,false,,5,0,3,,unknown,copy_bound,,focus,LL,19,1,0.039,81,32,27,26,0,0
lltp,ILL/KLE-IMP-CONJ,,,KLE_4_CBN.p,classical,auto,1,false,,5,0,3,,proved,,ok,focus,LL,14,1,0.017,12,0,9,3,0,0
lltp,ILL/KLE-IMP-CONJ,,,KLE_4_CBV.p,classical,auto,1,false,,5,0,3,,proved,,ok,focus,MELL,19,1,0.031,56,18,20,18,0,0
lltp,ILL/KLE-IMP-CONJ,,,KLE_4_MU.p,classical,auto,1,false,,5,0,3,,proved,,ok,net,MLL,10,1,0.012,3,0,0,0,3,3
lltp,ILL/KLE-IMP-CONJ,,,KLE_50_01.p,classical,auto,1,false,,5,0,3,,unknown,copy_bound,,focus,LL,59,2,0.075,179,47,69,73,0,0
lltp,ILL/KLE-IMP-CONJ,,,KLE_50_CBN.p,classical,auto,1,false,,5,0,3,,proved,,ok,focus,LL,43,2,0.031,40,10,17,23,0,0
lltp,ILL/KLE-IMP-CONJ,,,KLE_50_CBV.p,classical,auto,1,false,,5,0,3,,proved,,ok,focus,LL,51,2,0.045,84,32,28,94,0,0
lltp,ILL/KLE-IMP-CONJ,,,KLE_50_MU.p,classical,auto,1,false,,5,0,3,,proved,,ok,focus,MLL,31,4,0.023,9,0,9,25,0,0
lltp,ILL/KLE-IMP-CONJ,,,KLE_51_01.p,classical,auto,1,false,,5,0,3,,unknown,copy_bound,,focus,LL,58,3,0.091,285,92,84,174,0,0
lltp,ILL/KLE-IMP-CONJ,,,KLE_51_CBN.p,classical,auto,1,false,,5,0,3,,unknown,copy_bound,,focus,LL,44,3,0.046,94,35,32,72,0,0
lltp,ILL/KLE-IMP-CONJ,,,KLE_51_CBV.p,classical,auto,1,false,,5,0,3,,unknown,copy_bound,,focus,LL,53,3,0.059,151,49,53,117,0,0
lltp,ILL/KLE-IMP-CONJ,,,KLE_51_MU.p,classical,auto,1,false,,5,0,3,,proved,,ok,focus,MLL,30,3,0.027,12,0,12,22,0,0
lltp,ILL/KLE-IMP-CONJ,,,KLE_52_01.p,classical,auto,1,false,,5,0,3,,unknown,copy_bound,,focus,LL,57,3,0.074,244,113,65,121,0,0
lltp,ILL/KLE-IMP-CONJ,,,KLE_52_CBN.p,classical,auto,1,false,,5,0,3,,unknown,copy_bound,,focus,LL,42,3,0.042,92,38,36,52,0,0
lltp,ILL/KLE-IMP-CONJ,,,KLE_52_CBV.p,classical,auto,1,false,,5,0,3,,unknown,copy_bound,,focus,LL,51,3,0.077,202,93,57,191,0,0
lltp,ILL/KLE-IMP-CONJ,,,KLE_52_MU.p,classical,auto,1,false,,5,0,3,,proved,,ok,focus,MLL,30,3,0.025,10,0,10,18,0,0
lltp,ILL/KLE-IMP-CONJ,,,KLE_53_01.p,classical,auto,1,false,,5,0,3,,unknown,copy_bound,,focus,LL,29,1,0.048,121,54,29,45,0,0
lltp,ILL/KLE-IMP-CONJ,,,KLE_53_CBN.p,classical,auto,1,false,,5,0,3,,proved,,ok,focus,LL,21,1,0.033,49,20,18,26,0,0
lltp,ILL/KLE-IMP-CONJ,,,KLE_53_CBV.p,classical,auto,1,false,,5,0,3,,proved,,ok,focus,LL,25,1,0.035,50,11,22,27,0,0
lltp,ILL/KLE-IMP-CONJ,,,KLE_53_MU.p,classical,auto,1,false,,5,0,3,,proved,,ok,net,MLL,15,2,0.019,4,0,0,0,4,4
lltp,ILL/KLE-IMP-CONJ,,,KLE_54_01.p,classical,auto,1,false,,5,0,3,,unknown,copy_bound,,focus,LL,21,1,0.046,114,49,34,22,0,0
lltp,ILL/KLE-IMP-CONJ,,,KLE_54_CBN.p,classical,auto,1,false,,5,0,3,,proved,,ok,focus,LL,15,1,0.020,19,3,11,5,0,0
lltp,ILL/KLE-IMP-CONJ,,,KLE_54_CBV.p,classical,auto,1,false,,5,0,3,,proved,,ok,focus,LL,19,1,0.032,56,18,16,16,0,0
lltp,ILL/KLE-IMP-CONJ,,,KLE_54_MU.p,classical,auto,1,false,,5,0,3,,proved,,ok,net,MLL,11,1,0.014,3,0,0,0,3,3
lltp,ILL/KLE-IMP-CONJ,,,KLE_55_01.p,classical,auto,1,false,,5,0,3,,unknown,copy_bound,,focus,LL,21,1,0.046,115,51,34,27,0,0
lltp,ILL/KLE-IMP-CONJ,,,KLE_55_CBN.p,classical,auto,1,false,,5,0,3,,proved,,ok,focus,LL,15,1,0.027,38,14,14,18,0,0
lltp,ILL/KLE-IMP-CONJ,,,KLE_55_CBV.p,classical,auto,1,false,,5,0,3,,proved,,ok,focus,LL,19,1,0.032,45,11,16,20,0,0
lltp,ILL/KLE-IMP-CONJ,,,KLE_55_MU.p,classical,auto,1,false,,5,0,3,,proved,,ok,net,MLL,11,1,0.014,3,0,0,0,3,3
lltp,ILL/KLE-IMP-CONJ,,,KLE_56_01.p,classical,auto,1,false,,5,0,3,,unknown,copy_bound,,focus,LL,29,1,0.046,115,55,29,26,0,0
lltp,ILL/KLE-IMP-CONJ,,,KLE_56_CBN.p,classical,auto,1,false,,5,0,3,,proved,,ok,focus,LL,21,1,0.028,35,12,13,19,0,0
lltp,ILL/KLE-IMP-CONJ,,,KLE_56_CBV.p,classical,auto,1,false,,5,0,3,,unknown,copy_bound,,focus,LL,25,1,0.037,71,24,21,36,0,0
lltp,ILL/KLE-IMP-CONJ,,,KLE_56_MU.p,classical,auto,1,false,,5,0,3,,proved,,ok,net,MLL,15,2,0.018,4,0,0,0,4,4
lltp,ILL/KLE-IMP-CONJ,,,KLE_57_01.p,classical,auto,1,false,,5,0,3,,unknown,copy_bound,,focus,LL,59,2,0.046,121,58,29,35,0,0
lltp,ILL/KLE-IMP-CONJ,,,KLE_57_CBN.p,classical,auto,1,false,,5,0,3,,unknown,copy_bound,,focus,LL,43,2,0.029,46,23,10,36,0,0
lltp,ILL/KLE-IMP-CONJ,,,KLE_57_CBV.p,classical,auto,1,false,,5,0,3,,unknown,copy_bound,,focus,LL,51,2,0.039,75,30,20,58,0,0
lltp,ILL/KLE-IMP-CONJ,,,KLE_58_01.p,classical,auto,1,false,,5,0,3,,unknown,copy_bound,,focus,LL,59,2,0.049,90,26,25,41,0,0
lltp,ILL/KLE-IMP-CONJ,,,KLE_58_CBN.p,classical,auto,1,false,,5,0,3,,unknown,copy_bound,,focus,LL,43,2,0.024,28,9,10,18,0,0
lltp,ILL/KLE-IMP-CONJ,,,KLE_58_CBV.p,classical,auto,1,false,,5,0,3,,unknown,copy_bound,,focus,LL,51,2,0.041,82,39,19,81,0,0
lltp,ILL/KLE-IMP-CONJ,,,KLE_59_01.p,classical,auto,1,false,,5,0,3,,unknown,copy_bound,,focus,LL,59,2,0.048,125,54,30,45,0,0
lltp,ILL/KLE-IMP-CONJ,,,KLE_59_CBN.p,classical,auto,1,false,,5,0,3,,unknown,copy_bound,,focus,LL,43,2,0.035,59,19,24,35,0,0
lltp,ILL/KLE-IMP-CONJ,,,KLE_59_CBV.p,classical,auto,1,false,,5,0,3,,unknown,copy_bound,,focus,LL,51,2,0.035,65,24,18,44,0,0
lltp,ILL/KLE-IMP-CONJ,,,KLE_5_01.p,classical,auto,1,false,,5,0,3,,proved,,ok,focus,LL,18,1,0.023,22,0,14,4,0,0
lltp,ILL/KLE-IMP-CONJ,,,KLE_5_CBN.p,classical,auto,1,false,,5,0,3,,proved,,ok,focus,LL,14,1,0.015,9,0,6,2,0,0
lltp,ILL/KLE-IMP-CONJ,,,KLE_5_CBV.p,classical,auto,1,false,,5,0,3,,proved,,ok,focus,MELL,19,1,0.029,28,5,14,18,0,0
lltp,ILL/KLE-IMP-CONJ,,,KLE_5_MU.p,classical,auto,1,false,,5,0,3,,proved,,ok,net,MLL,10,1,0.012,3,0,0,0,3,3
lltp,ILL/KLE-IMP-CONJ,,,KLE_60_01.p,classical,auto,1,false,,5,0,3,,unknown,copy_bound,,focus,LL,59,2,0.079,177,45,82,65,0,0
lltp,ILL/KLE-IMP-CONJ,,,KLE_60_CBN.p,classical,auto,1,false,,5,0,3,,proved,,ok,focus,LL,43,2,0.036,56,19,20,28,0,0
lltp,ILL/KLE-IMP-CONJ,,,KLE_60_CBV.p,classical,auto,1,false,,5,0,3,,unknown,copy_bound,,focus,LL,51,2,0.052,126,57,38,114,0,0
lltp,ILL/KLE-IMP-CONJ,,,KLE_60_MU.p,classical,auto,1,false,,5,0,3,,proved,,ok,focus,MLL,31,4,0.022,9,0,9,11,0,0
lltp,ILL/KLE-IMP-CONJ,,,KLE_61_01.p,classical,auto,1,false,,5,0,3,,unknown,copy_bound,,focus,LL,76,2,0.061,130,48,34,75,0,0
lltp,ILL/KLE-IMP-CONJ,,,KLE_61_CBN.p,classical,auto,1,false,,5,0,3,,unknown,copy_bound,,focus,LL,57,2,0.030,48,22,14,39,0,0
lltp,ILL/KLE-IMP-CONJ,,,KLE_61_CBV.p,classical,auto,1,false,,5,0,3,,unknown,copy_bound,,focus,LL,65,2,0.042,88,33,25,64,0,0
lltp,ILL/KLE-IMP-CONJ,,,KLE_61_MU.p,classical,auto,1,false,,5,0,3,,proved,,ok,focus,MLL,39,6,0.026,13,0,13,19,0,0
lltp,ILL/KLE-IMP-CONJ,,,KLE_6_01.p,classical,auto,1,false,,5,0,3,,proved,,ok,focus,MELL,19,1,0.030,44,11,16,23,0,0
lltp,ILL/KLE-IMP-CONJ,,,KLE_6_CBN.p,classical,auto,1,false,,5,0,3,,proved,,ok,focus,MELL,15,1,0.020,25,8,10,12,0,0
lltp,ILL/KLE-IMP-CONJ,,,KLE_6_CBV.p,classical,auto,1,false,,5,0,3,,proved,,ok,focus,MELL,20,1,0.034,63,21,21,31,0,0
lltp,ILL/KLE-IMP-CONJ,,,KLE_6_MU.p,classical,auto,1,false,,5,0,3,,proved,,ok,net,MLL,10,1,0.013,3,0,0,0,3,3
lltp,ILL/KLE-IMP-CONJ,,,KLE_7_01.p,classical,auto,1,false,,5,0,3,,proved,,ok,focus,MELL,19,1,0.029,44,11,16,23,0,0
lltp,ILL/KLE-IMP-CONJ,,,KLE_7_CBN.p,classical,auto,1,false,,5,0,3,,proved,,ok,focus,MELL,15,1,0.020,25,8,10,12,0,0
lltp,ILL/KLE-IMP-CONJ,,,KLE_7_CBV.p,classical,auto,1,false,,5,0,3,,proved,,ok,focus,MELL,20,1,0.034,63,21,21,31,0,0
lltp,ILL/KLE-IMP-CONJ,,,KLE_7_MU.p,classical,auto,1,false,,5,0,3,,proved,,ok,net,MLL,10,1,0.013,3,0,0,0,3,3
lltp,ILL/KLE-IMP-CONJ,,,KLE_8_01.p,classical,auto,1,false,,5,0,3,,proved,,ok,focus,LL,18,1,0.030,58,19,21,13,0,0
lltp,ILL/KLE-IMP-CONJ,,,KLE_8_CBN.p,classical,auto,1,false,,5,0,3,,proved,,ok,focus,LL,13,1,0.020,16,1,12,3,0,0
lltp,ILL/KLE-IMP-CONJ,,,KLE_8_CBV.p,classical,auto,1,false,,5,0,3,,proved,,ok,focus,MELL,18,1,0.022,21,3,11,9,0,0
lltp,ILL/KLE-IMP-CONJ,,,KLE_8_MU.p,classical,auto,1,false,,5,0,3,,proved,,ok,net,MLL,10,1,0.012,3,0,0,0,3,3
lltp,ILL/KLE-IMP-CONJ,,,KLE_9_01.p,classical,auto,1,false,,5,0,3,,proved,,ok,focus,LL,18,1,0.039,67,22,25,15,0,0
lltp,ILL/KLE-IMP-CONJ,,,KLE_9_CBN.p,classical,auto,1,false,,5,0,3,,proved,,ok,focus,LL,13,1,0.017,13,1,9,2,0,0
lltp,ILL/KLE-IMP-CONJ,,,KLE_9_CBV.p,classical,auto,1,false,,5,0,3,,proved,,ok,focus,MELL,18,1,0.023,22,4,11,9,0,0
lltp,ILL/KLE-IMP-CONJ,,,KLE_9_MU.p,classical,auto,1,false,,5,0,3,,proved,,ok,net,MLL,10,1,0.014,3,0,0,0,3,3
lltp,ILL/KLE-IMP-CONJ/NON-THEOREMS,,,KLE_10_MU.p,classical,auto,1,false,,5,0,3,,unprovable,,,net,MLL,6,1,0.002,0,0,0,0,0,0
lltp,ILL/KLE-IMP-CONJ/NON-THEOREMS,,,KLE_11_MU.p,classical,auto,1,false,,5,0,3,,unprovable,,,net,MLL,6,1,0.002,0,0,0,0,0,0
lltp,ILL/KLE-IMP-CONJ/NON-THEOREMS,,,KLE_12_MU.p,classical,auto,1,false,,5,0,3,,unprovable,,,net,MLL,4,1,0.002,0,0,0,0,0,0
lltp,ILL/KLE-IMP-CONJ/NON-THEOREMS,,,KLE_16_MU.p,classical,auto,1,false,,5,0,3,,unprovable,,,net,MLL,10,2,0.002,0,0,0,0,0,0
lltp,ILL/KLE-IMP-CONJ/NON-THEOREMS,,,KLE_17_MU.p,classical,auto,1,false,,5,0,3,,unprovable,,,net,MLL,10,2,0.002,0,0,0,0,0,0
lltp,ILL/KLE-IMP-CONJ/NON-THEOREMS,,,KLE_18_MU.p,classical,auto,1,false,,5,0,3,,unprovable,,,net,MLL,9,2,0.002,0,0,0,0,0,0
lltp,ILL/KLE-IMP-CONJ/NON-THEOREMS,,,KLE_19_MU.p,classical,auto,1,false,,5,0,3,,unprovable,,,net,MLL,9,2,0.001,0,0,0,0,0,0
lltp,ILL/KLE-IMP-CONJ/NON-THEOREMS,,,KLE_26_MU.p,classical,auto,1,false,,5,0,3,,unprovable,,,focus,MLL,39,6,0.014,2,0,2,5,0,0
lltp,ILL/KLE-IMP-CONJ/NON-THEOREMS,,,KLE_27_MU.p,classical,auto,1,false,,5,0,3,,unprovable,,,focus,MLL,55,6,0.014,2,0,2,5,0,0
lltp,ILL/KLE-IMP-CONJ/NON-THEOREMS,,,KLE_35_MU.p,classical,auto,1,false,,5,0,3,,unprovable,,,focus,MLL,11,3,0.007,1,0,1,1,0,0
lltp,ILL/KLE-IMP-CONJ/NON-THEOREMS,,,KLE_36_MU.p,classical,auto,1,false,,5,0,3,,unprovable,,,net,MLL,12,2,0.001,0,0,0,0,0,0
lltp,ILL/KLE-IMP-CONJ/NON-THEOREMS,,,KLE_37_MU.p,classical,auto,1,false,,5,0,3,,unprovable,,,focus,MLL,12,3,0.005,1,0,1,0,0,0
lltp,ILL/KLE-IMP-CONJ/NON-THEOREMS,,,KLE_38_MU.p,classical,auto,1,false,,5,0,3,,unprovable,,,focus,MLL,18,3,0.007,1,0,1,0,0,0
lltp,ILL/KLE-IMP-CONJ/NON-THEOREMS,,,KLE_39_MU.p,classical,auto,1,false,,5,0,3,,unprovable,,,net,MLL,18,2,0.002,0,0,0,0,0,0
lltp,ILL/KLE-IMP-CONJ/NON-THEOREMS,,,KLE_40_MU.p,classical,auto,1,false,,5,0,3,,unprovable,,,net,MLL,12,2,0.002,0,0,0,0,0,0
lltp,ILL/KLE-IMP-CONJ/NON-THEOREMS,,,KLE_41_MU.p,classical,auto,1,false,,5,0,3,,unprovable,,,focus,MLL,14,3,0.006,1,0,1,0,0,0
lltp,ILL/KLE-IMP-CONJ/NON-THEOREMS,,,KLE_45_MU.p,classical,auto,1,false,,5,0,3,,unprovable,,,net,MLL,13,2,0.002,0,0,0,0,0,0
lltp,ILL/KLE-IMP-CONJ/NON-THEOREMS,,,KLE_46_MU.p,classical,auto,1,false,,5,0,3,,unprovable,,,net,MLL,11,2,0.006,1,0,0,0,0,0
lltp,ILL/KLE-IMP-CONJ/NON-THEOREMS,,,KLE_47_MU.p,classical,auto,1,false,,5,0,3,,unprovable,,,focus,MLL,27,4,0.009,1,0,1,1,0,0
lltp,ILL/KLE-IMP-CONJ/NON-THEOREMS,,,KLE_57_MU.p,classical,auto,1,false,,5,0,3,,unprovable,,,focus,MLL,31,4,0.021,7,0,7,13,0,0
lltp,ILL/KLE-IMP-CONJ/NON-THEOREMS,,,KLE_58_MU.p,classical,auto,1,false,,5,0,3,,unprovable,,,focus,MLL,31,4,0.015,3,0,3,14,0,0
lltp,ILL/KLE-IMP-CONJ/NON-THEOREMS,,,KLE_59_MU.p,classical,auto,1,false,,5,0,3,,unprovable,,,focus,MLL,31,4,0.022,8,0,8,20,0,0
lltp,ILL/KLE-cbn,,,KLE001+1.p,classical,auto,1,false,,5,0,3,,proved,,ok,focus,MELL,4,1,0.008,2,0,1,0,0,0
lltp,ILL/KLE-cbn,,,KLE002+1.p,classical,auto,1,false,,5,0,3,,proved,,ok,focus,MELL,14,1,0.021,25,8,10,12,0,0
lltp,ILL/KLE-cbn,,,KLE003+1.p,classical,auto,1,false,,5,0,3,,proved,,ok,focus,MELL,15,1,0.014,9,0,6,3,0,0
lltp,ILL/KLE-cbn,,,KLE004+1.p,classical,auto,1,false,,5,0,3,,proved,,ok,focus,LL,14,1,0.019,12,0,9,3,0,0
lltp,ILL/KLE-cbn,,,KLE005+1.p,classical,auto,1,false,,5,0,3,,proved,,ok,focus,LL,14,1,0.014,9,0,6,2,0,0
lltp,ILL/KLE-cbn,,,KLE006+1.p,classical,auto,1,false,,5,0,3,,proved,,ok,focus,MELL,15,1,0.023,25,8,10,12,0,0
lltp,ILL/KLE-cbn,,,KLE007+1.p,classical,auto,1,false,,5,0,3,,proved,,ok,focus,MELL,15,1,0.021,25,8,10,12,0,0
lltp,ILL/KLE-cbn,,,KLE008+1.p,classical,auto,1,false,,5,0,3,,proved,,ok,focus,LL,13,1,0.021,16,1,12,3,0,0
lltp,ILL/KLE-cbn,,,KLE009+1.p,classical,auto,1,false,,5,0,3,,proved,,ok,focus,LL,13,1,0.017,13,1,9,2,0,0
lltp,ILL/KLE-cbn,,,KLE010+1.p,classical,auto,1,false,,5,0,3,,proved,,ok,focus,LL,17,1,0.037,78,31,25,22,0,0
lltp,ILL/KLE-cbn,,,KLE011+1.p,classical,auto,1,false,,5,0,3,,proved,,ok,focus,LL,17,1,0.037,81,32,26,22,0,0
lltp,ILL/KLE-cbn,,,KLE012+1.p,classical,auto,1,false,,5,0,3,,proved,,ok,focus,LL,9,1,0.013,6,0,3,2,0,0
lltp,ILL/KLE-cbn,,,KLE013+1.p,classical,auto,1,false,,5,0,3,,unprovable,,,focus,LL,9,1,0.010,1,0,1,0,0,0
lltp,ILL/KLE-cbn,,,KLE014+1.p,classical,auto,1,false,,5,0,3,,proved,,ok,focus,MELL,6,1,0.008,2,0,1,0,0,0
lltp,ILL/KLE-cbn,,,KLE015+1.p,classical,auto,1,false,,5,0,3,,unknown,copy_bound,,focus,LL,15,2,0.011,18,8,3,14,0,0
lltp,ILL/KLE-cbn,,,KLE016+1.p,classical,auto,1,false,,5,0,3,,proved,,ok,focus,LL,15,1,0.013,8,0,5,3,0,0
lltp,ILL/KLE-cbn,,,KLE017+1.p,classical,auto,1,false,,5,0,3,,unknown,copy_bound,,focus,LL,21,2,0.018,25,10,6,18,0,0
lltp,ILL/KLE-cbn,,,KLE018+1.p,classical,auto,1,false,,5,0,3,,unknown,copy_bound,,focus,LL,27,2,0.028,51,20,18,32,0,0
lltp,ILL/KLE-cbn,,,KLE019+1.p,classical,auto,1,false,,5,0,3,,proved,,ok,focus,LL,19,2,0.017,11,0,8,4,0,0
lltp,ILL/KLE-cbn,,,KLE020+1.p,classical,auto,1,false,,5,0,3,,proved,,ok,focus,LL,14,2,0.014,7,0,4,3,0,0
lltp,ILL/KLE-cbn,,,KLE021+1.p,classical,auto,1,false,,5,0,3,,proved,,ok,focus,LL,14,2,0.015,11,2,5,6,0,0
lltp,ILL/KLE-cbn,,,KLE022+1.p,classical,auto,1,false,,5,0,3,,proved,,ok,focus,LL,13,2,0.013,7,0,4,3,0,0
lltp,ILL/KLE-cbn,,,KLE023+1.p,classical,auto,1,false,,5,0,3,,proved,,ok,focus,LL,13,2,0.015,11,2,5,6,0,0
lltp,ILL/KLE-cbn,,,KLE024+1.p,classical,auto,1,false,,5,0,3,,proved,,ok,focus,LL,9,2,0.009,3,0,2,0,0,0
lltp,ILL/KLE-cbn,,,KLE025+1.p,classical,auto,1,false,,5,0,3,,proved,,ok,focus,LL,19,2,0.019,15,2,9,7,0,0
lltp,ILL/KLE-cbn,,,KLE026+1.p,classical,auto,1,false,,5,0,3,,proved,,ok,focus,LL,29,2,0.043,100,43,33,65,0,0
lltp,ILL/KLE-cbn,,,KLE027+1.p,classical,auto,1,false,,5,0,3,,unknown,copy_bound,,focus,LL,31,1,0.039,96,51,24,80,0,0
lltp,ILL/KLE-cbn,,,KLE028+1.p,classical,auto,1,false,,5,0,3,,unknown,copy_bound,,focus,LL,27,1,0.023,44,19,13,35,0,0
lltp,ILL/KLE-cbn,,,KLE029+1.p,classical,auto,1,false,,5,0,3,,unknown,copy_bound,,focus,LL,32,1,0.035,78,36,24,68,0,0
lltp,ILL/KLE-cbn,,,KLE030+1.p,classical,auto,1,false,,5,0,3,,unknown,copy_bound,,focus,LL,47,2,0.025,31,8,15,15,0,0
lltp,ILL/KLE-cbn,,,KLE031+1.p,classical,auto,1,false,,5,0,3,,unknown,copy_bound,,focus,LL,71,4,0.022,28,11,9,23,0,0
lltp,ILL/KLE-cbn,,,KLE032+1.p,classical,auto,1,false,,5,0,3,,proved,,ok,focus,LL,31,2,0.026,40,15,17,23,0,0
lltp,ILL/KLE-cbn,,,KLE033+1.p,classical,auto,1,false,,5,0,3,,proved,,ok,focus,LL,31,2,0.032,62,22,21,39,0,0
lltp,ILL/KLE-cbn,,,KLE034+1.p,classical,auto,1,false,,5,0,3,,proved,,ok,focus,LL,27,2,0.028,39,8,26,15,0,0
lltp,ILL/KLE-cbn,,,KLE035+1.p,classical,auto,1,false,,5,0,3,,proved,,ok,focus,LL,27,2,0.025,30,5,20,11,0,0
lltp,ILL/KLE-cbn,,,KLE036+1.p,classical,auto,1,false,,5,0,3,,proved,,ok,focus,LL,35,2,0.065,189,84,64,84,0,0
lltp,ILL/KLE-cbn,,,KLE037+1.p,classical,auto,1,false,,5,0,3,,proved,,ok,focus,LL,35,2,0.061,185,81,64,82,0,0
lltp,ILL/KLE-cbn,,,KLE038+1.p,classical,auto,1,false,,5,0,3,,unknown,copy_bound,,focus,LL,28,2,0.032,75,43,17,62,0,0
lltp,ILL/KLE-cbn,,,KLE039+1.p,classical,auto,1,false,,5,0,3,,proved,,ok,focus,LL,25,2,0.022,19,0,18,0,0,0
lltp,ILL/KLE-cbn,,,KLE040+1.p,classical,auto,1,false,,5,0,3,,proved,,ok,focus,LL,41,2,0.066,183,54,85,0,0,0
lltp,ILL/KLE-cbn,,,KLE041+1.p,classical,auto,1,false,,5,0,3,,proved,,ok,focus,LL,17,2,0.014,11,0,10,0,0,0
lltp,ILL/KLE-cbn,,,KLE042+1.p,classical,auto,1,false,,5,0,3,,proved,,ok,focus,LL,25,2,0.026,41,7,24,0,0,0
lltp,ILL/KLE-cbn,,,KLE043+1.p,classical,auto,1,false,,5,0,3,,proved,,ok,focus,LL,37,3,0.047,82,8,58,0,0,0
lltp,ILL/KLE-cbn,,,KLE044+1.p,classical,auto,1,false,,5,0,3,,proved,,ok,focus,LL,41,3,0.064,170,46,89,0,0,0
lltp,ILL/KLE-cbn,,,KLE045+1.p,classical,auto,1,false,,5,0,3,,proved,,ok,focus,LL,13,3,0.011,5,0,4,0,0,0
lltp,ILL/KLE-cbn,,,KLE046+1.p,classical,auto,1,false,,5,0,3,,proved,,ok,focus,LL,17,3,0.013,8,0,5,0,0,0
lltp,ILL/KLE-cbn,,,KLE047+1.p,classical,auto,1,false,,5,0,3,,proved,,ok,focus,LL,21,3,0.012,6,0,5,0,0,0
lltp,ILL/KLE-cbn,,,KLE048+1.p,classical,auto,1,false,,5,0,3,,proved,,ok,focus,LL,21,3,0.015,10,0,7,0,0,0
lltp,ILL/KLE-cbn,,,KLE049+1.p,classical,auto,1,false,,5,0,3,,proved,,ok,focus,LL,17,2,0.013,8,0,5,2,0,0
lltp,ILL/KLE-cbn,,,KLE050+1.p,classical,auto,1,false,,5,0,3,,proved,,ok,focus,LL,17,3,0.009,3,0,2,0,0,0
lltp,ILL/KLE-cbn,,,KLE051+1.p,classical,auto,1,false,,5,0,3,,proved,,ok,focus,LL,26,3,0.016,8,0,5,4,0,0
lltp,ILL/KLE-cbn,,,KLE052+1.p,classical,auto,1,false,,5,0,3,,proved,,ok,focus,LL,26,2,0.021,21,5,8,13,0,0
lltp,ILL/KLE-cbn,,,KLE053+1.p,classical,auto,1,false,,5,0,3,,proved,,ok,focus,LL,15,2,0.011,5,0,4,0,0,0
lltp,ILL/KLE-cbn,,,KLE054+1.p,classical,auto,1,false,,5,0,3,,proved,,ok,focus,LL,19,3,0.012,7,0,6,0,0,0
lltp,ILL/KLE-cbn,,,KLE055+1.p,classical,auto,1,false,,5,0,3,,proved,,ok,focus,LL,18,3,0.014,9,1,5,2,0,0
lltp,ILL/KLE-cbn,,,KLE056+1.p,classical,auto,1,false,,5,0,3,,proved,,ok,focus,LL,22,2,0.020,20,3,9,5,0,0
lltp,ILL/KLE-cbn,,,KLE057+1.p,classical,auto,1,false,,5,0,3,,proved,,ok,focus,LL,10,1,0.013,8,1,3,3,0,0
lltp,ILL/KLE-cbn,,,KLE058+1.p,classical,auto,1,false,,5,0,3,,unknown,copy_bound,,focus,LL,24,2,0.016,20,6,7,15,0,0
lltp,ILL/KLE-cbn,,,KLE059+1.p,classical,auto,1,false,,5,0,3,,proved,,ok,focus,LL,20,2,0.017,10,1,5,3,0,0
lltp,ILL/KLE-cbn,,,KLE060+1.p,classical,auto,1,false,,5,0,3,,proved,,ok,focus,LL,25,3,0.016,11,1,6,3,0,0
lltp,ILL/KLE-cbn,,,KLE061+1.p,classical,auto,1,false,,5,0,3,,proved,,ok,focus,LL,9,1,0.013,10,1,5,3,0,0
lltp,ILL/KLE-cbn,,,KLE062+1.p,classical,auto,1,false,,5,0,3,,unknown,copy_bound,,focus,LL,18,2,0.020,26,9,9,18,0,0
lltp,ILL/KLE-cbn,,,KLE063+1.p,classical,auto,1,false,,5,0,3,,proved,,ok,focus,LL,14,1,0.020,22,4,7,8,0,0
lltp,ILL/KLE-cbn,,,KLE064+1.p,classical,auto,1,false,,5,0,3,,proved,,ok,focus,LL,16,1,0.015,11,2,3,7,0,0
lltp,ILL/KLE-cbn,,,KLE065+1.p,classical,auto,1,false,,5,0,3,,proved,,ok,focus,LL,13,1,0.009,3,0,2,0,0,0
lltp,ILL/KLE-cbn,,,KLE066+1.p,classical,auto,1,false,,5,0,3,,proved,,ok,focus,LL,27,2,0.023,23,3,12,3,0,0
lltp,ILL/KLE-cbn,,,KLE067+1.p,classical,auto,1,false,,5,0,3,,proved,,ok,focus,LL,33,4,0.028,36,4,25,8,0,0
lltp,ILL/KLE-cbn,,,KLE068+1.p,classical,auto,1,false,,5,0,3,,unknown,copy_bound,,focus,LL,45,4,0.027,52,19,12,0,0,0
lltp,ILL/KLE-cbn,,,KLE069+1.p,classical,auto,1,false,,5,0,3,,unknown,copy_bound,,focus,LL,19,2,0.022,31,8,12,10,0,0
lltp,ILL/KLE-cbn,,,KLE070+1.p,classical,auto,1,false,,5,0,3,,proved,,ok,focus,LL,19,2,0.017,11,0,7,3,0,0
lltp,ILL/KLE-cbn,,,KLE071+1.p,classical,auto,1,false,,5,0,3,,proved,,ok,focus,LL,19,2,0.021,19,3,10,4,0,0
lltp,ILL/KLE-cbn,,,KLE072+1.p,classical,auto,1,false,,5,0,3,,proved,,ok,focus,LL,19,2,0.019,19,4,9,8,0,0
lltp,ILL/KLE-cbn,,,KLE073+1.p,classical,auto,1,false,,5,0,3,,proved,,ok,focus,LL,15,1,0.021,21,6,10,9,0,0
lltp,ILL/KLE-cbn,,,KLE074+1.p,classical,auto,1,false,,5,0,3,,unknown,copy_bound,,focus,LL,197,8,0.069,177,75,73,125,0,0
lltp,ILL/KLE-cbn,,,KLE075+1.p,classical,auto,1,false,,5,0,3,,unknown,copy_bound,,focus,LL,65,4,0.053,143,66,52,122,0,0
lltp,ILL/KLE-cbn,,,KLE076+1.p,classical,auto,1,false,,5,0,3,,proved,,ok,focus,LL,21,1,0.031,40,15,14,23,0,0
lltp,ILL/KLE-cbn,,,KLE077+1.p,classical,auto,1,false,,5,0,3,,proved,,ok,focus,LL,14,2,0.015,9,0,5,2,0,0
lltp,ILL/KLE-cbn,,,KLE078+1.p,classical,auto,1,false,,5,0,3,,unknown,copy_bound,,focus,LL,20,2,0.020,27,11,7,18,0,0
lltp,ILL/KLE-cbn,,,KLE079+1.p,classical,auto,1,false,,5,0,3,,proved,,ok,focus,LL,20,2,0.022,30,10,9,17,0,0
lltp,ILL/KLE-cbn,,,KLE080+1.p,classical,auto,1,false,,5,0,3,,proved,,ok,focus,LL,15,1,0.018,19,3,11,5,0,0
lltp,ILL/KLE-cbn,,,KLE081+1.p,classical,auto,1,false,,5,0,3,,proved,,ok,focus,LL,15,1,0.026,38,14,14,18,0,0
lltp,ILL/KLE-cbn,,,KLE082+1.p,classical,auto,1,false,,5,0,3,,proved,,ok,focus,LL,21,1,0.026,33,11,13,18,0,0
lltp,ILL/KLE-cbn,,,KLE083+1.p,classical,auto,1,false,,5,0,3,,unknown,copy_bound,,focus,LL,187,8,0.054,149,73,49,135,0,0
lltp,ILL/KLE-cbn,,,KLE084+1.p,classical,auto,1,false,,5,0,3,,unknown,copy_bound,,focus,LL,193,8,0.048,89,35,37,76,0,0
lltp,ILL/KLE-cbn,,,KLE085+1.p,classical,auto,1,false,,5,0,3,,unprovable,,,focus,LL,29,2,0.007,1,0,1,0,0,0
lltp,ILL/KLE-cbn,,,KLE086+1.p,classical,auto,1,false,,5,0,3,,unknown,copy_bound,,focus,LL,38,2,0.028,53,24,14,36,0,0
lltp,ILL/KLE-cbn,,,KLE087+1.p,classical,auto,1,false,,5,0,3,,proved,,ok,focus,LL,19,2,0.018,11,0,7,2,0,0
lltp,ILL/KLE-cbn,,,KLE088+1.p,classical,auto,1,false,,5,0,3,,unknown,copy_bound,,focus,LL,36,2,0.032,67,28,23,41,0,0
lltp,ILL/KLE-cbv,,,KLE001+1.p,classical,auto,1,false,,5,0,3,,proved,,ok,focus,MELL,6,1,0.011,6,0,3,0,0,0
lltp,ILL/KLE-cbv,,,KLE002+1.p,classical,auto,1,false,,5,0,3,,proved,,ok,focus,MELL,18,1,0.034,56,20,19,28,0,0
lltp,ILL/KLE-cbv,,,KLE003+1.p,classical,auto,1,false,,5,0,3,,proved,,ok,focus,MELL,20,1,0.036,67,20,24,22,0,0
lltp,ILL/KLE-cbv,,,KLE004+1.p,classical,auto,1,false,,5,0,3,,proved,,ok,focus,MELL,19,1,0.034,56,18,20,18,0,0
lltp,ILL/KLE-cbv,,,KLE005+1.p,classical,auto,1,false,,5,0,3,,proved,,ok,focus,MELL,19,1,0.027,28,5,14,18,0,0
lltp,ILL/KLE-cbv,,,KLE006+1.p,classical,auto,1,false,,5,0,3,,proved,,ok,focus,MELL,20,1,0.037,63,21,21,31,0,0
lltp,ILL/KLE-cbv,,,KLE007+1.p,classical,auto,1,false,,5,0,3,,proved,,ok,focus,MELL,20,1,0.034,63,21,21,31,0,0
lltp,ILL/KLE-cbv,,,KLE008+1.p,classical,auto,1,false,,5,0,3,,proved,,ok,focus,MELL,18,1,0.021,21,3,11,9,0,0
lltp,ILL/KLE-cbv,,,KLE009+1.p,classical,auto,1,false,,5,0,3,,proved,,ok,focus,MELL,18,1,0.020,22,4,11,9,0,0
lltp,ILL/KLE-cbv,,,KLE010+1.p,classical,auto,1,false,,5,0,3,,proved,,ok,focus,LL,18,1,0.024,28,3,16,8,0,0
lltp,ILL/KLE-cbv,,,KLE011+1.p,classical,auto,1,false,,5,0,3,,proved,,ok,focus,LL,18,1,0.026,32,6,17,8,0,0
lltp,ILL/KLE-cbv,,,KLE012+1.p,classical,auto,1,false,,5,0,3,,proved,,ok,focus,LL,11,1,0.017,15,1,7,4,0,0
lltp,ILL/KLE-cbv,,,KLE013+1.p,classical,auto,1,false,,5,0,3,,unprovable,,,focus,LL,11,1,0.009,5,1,3,0,0,0
lltp,ILL/KLE-cbv,,,KLE014+1.p,classical,auto,1,false,,5,0,3,,proved,,ok,focus,MELL,8,1,0.011,6,0,3,0,0,0
lltp,ILL/KLE-cbv,,,KLE015+1.p,classical,auto,1,false,,5,0,3,,unknown,copy_bound,,focus,LL,18,2,0.015,26,10,5,18,0,0
lltp,ILL/KLE-cbv,,,KLE016+1.p,classical,auto,1,false,,5,0,3,,proved,,ok,focus,LL,18,1,0.028,44,10,16,16,0,0
lltp,ILL/KLE-cbv,,,KLE017+1.p,classical,auto,1,false,,5,0,3,,unknown,copy_bound,,focus,LL,24,2,0.029,59,24,13,35,0,0
lltp,ILL/KLE-cbv,,,KLE018+1.p,classical,auto,1,false,,5,0,3,,unknown,copy_bound,,focus,LL,30,2,0.071,163,52,59,74,0,0
lltp,ILL/KLE-cbv,,,KLE019+1.p,classical,auto,1,false,,5,0,3,,proved,,ok,focus,MELL,25,2,0.021,23,2,14,11,0,0
lltp,ILL/KLE-cbv,,,KLE020+1.p,classical,auto,1,false,,5,0,3,,proved,,ok,focus,MELL,19,2,0.020,19,2,10,7,0,0
lltp,ILL/KLE-cbv,,,KLE021+1.p,classical,auto,1,false,,5,0,3,,proved,,ok,focus,MELL,19,2,0.019,19,2,10,7,0,0
lltp,ILL/KLE-cbv,,,KLE022+1.p,classical,auto,1,false,,5,0,3,,proved,,ok,focus,MELL,17,2,0.017,14,2,7,5,0,0
lltp,ILL/KLE-cbv,,,KLE023+1.p,classical,auto,1,false,,5,0,3,,proved,,ok,focus,MELL,17,2,0.016,14,2,7,5,0,0
lltp,ILL/KLE-cbv,,,KLE024+1.p,classical,auto,1,false,,5,0,3,,proved,,ok,focus,MELL,13,2,0.012,8,0,5,2,0,0
lltp,ILL/KLE-cbv,,,KLE025+1.p,classical,auto,1,false,,5,0,3,,proved,,ok,focus,MELL,26,2,0.023,23,2,14,11,0,0
lltp,ILL/KLE-cbv,,,KLE026+1.p,classical,auto,1,false,,5,0,3,,proved,,ok,focus,MELL,39,2,0.051,114,54,35,81,0,0
lltp,ILL/KLE-cbv,,,KLE027+1.p,classical,auto,1,false,,5,0,3,,unknown,copy_bound,,focus,LL,34,1,0.054,158,73,49,123,0,0
lltp,ILL/KLE-cbv,,,KLE028+1.p,classical,auto,1,false,,5,0,3,,unknown,copy_bound,,focus,LL,30,1,0.039,88,34,25,59,0,0
lltp,ILL/KLE-cbv,,,KLE029+1.p,classical,auto,1,false,,5,0,3,,unknown,copy_bound,,focus,LL,36,1,0.052,143,69,40,117,0,0
lltp,ILL/KLE-cbv,,,KLE030+1.p,classical,auto,1,false,,5,0,3,,unknown,copy_bound,,focus,LL,55,2,0.042,98,47,20,109,0,0
lltp,ILL/KLE-cbv,,,KLE031+1.p,classical,auto,1,false,,5,0,3,,unknown,copy_bound,,focus,LL,87,4,0.045,94,50,16,116,0,0
lltp,ILL/KLE-cbv,,,KLE032+1.p,classical,auto,1,false,,5,0,3,,proved,,ok,focus,MELL,42,2,0.050,95,38,33,61,0,0
lltp,ILL/KLE-cbv,,,KLE033+1.p,classical,auto,1,false,,5,0,3,,proved,,ok,focus,MELL,42,2,0.045,101,39,34,66,0,0
lltp,ILL/KLE-cbv,,,KLE034+1.p,classical,auto,1,false,,5,0,3,,proved,,ok,focus,MELL,38,2,0.026,29,4,18,17,0,0
lltp,ILL/KLE-cbv,,,KLE035+1.p,classical,auto,1,false,,5,0,3,,proved,,ok,focus,MELL,38,2,0.027,30,5,18,17,0,0
lltp,ILL/KLE-cbv,,,KLE036+1.p,classical,auto,1,false,,5,0,3,,proved,,ok,focus,LL,38,2,0.037,56,12,32,29,0,0
lltp,ILL/KLE-cbv,,,KLE037+1.p,classical,auto,1,false,,5,0,3,,proved,,ok,focus,LL,38,2,0.043,64,16,36,29,0,0
lltp,ILL/KLE-cbv,,,KLE038+1.p,classical,auto,1,false,,5,0,3,,unknown,copy_bound,,focus,LL,35,2,0.036,91,48,20,74,0,0
lltp,ILL/KLE-cbv,,,KLE039+1.p,classical,auto,1,false,,5,0,3,,proved,,ok,focus,MELL,37,2,0.017,12,0,9,7,0,0
lltp,ILL/KLE-cbv,,,KLE040+1.p,classical,auto,1,false,,5,0,3,,proved,,ok,focus,LL,37,2,0.024,30,0,27,2,0,0
lltp,ILL/KLE-cbv,,,KLE041+1.p,classical,auto,1,false,,5,0,3,,proved,,ok,focus,MELL,25,2,0.014,10,0,7,5,0,0
lltp,ILL/KLE-cbv,,,KLE042+1.p,classical,auto,1,false,,5,0,3,,proved,,ok,focus,LL,25,2,0.018,17,0,13,2,0,0
lltp,ILL/KLE-cbv,,,KLE043+1.p,classical,auto,1,false,,5,0,3,,proved,,ok,focus,LL,43,3,0.025,24,0,21,9,0,0
lltp,ILL/KLE-cbv,,,KLE044+1.p,classical,auto,1,false,,5,0,3,,proved,,ok,focus,LL,43,3,0.030,29,0,26,6,0,0
lltp,ILL/KLE-cbv,,,KLE045+1.p,classical,auto,1,false,,5,0,3,,proved,,ok,focus,MELL,19,3,0.014,9,0,6,3,0,0
lltp,ILL/KLE-cbv,,,KLE046+1.p,classical,auto,1,false,,5,0,3,,proved,,ok,focus,LL,19,3,0.014,10,0,7,2,0,0
lltp,ILL/KLE-cbv,,,KLE047+1.p,classical,auto,1,false,,5,0,3,,proved,,ok,focus,LL,25,3,0.016,11,0,8,3,0,0
lltp,ILL/KLE-cbv,,,KLE048+1.p,classical,auto,1,false,,5,0,3,,proved,,ok,focus,LL,25,3,0.014,10,0,7,2,0,0
lltp,ILL/KLE-cbv,,,KLE049+1.p,classical,auto,1,false,,5,0,3,,proved,,ok,focus,MELL,23,2,0.023,20,2,11,7,0,0
lltp,ILL/KLE-cbv,,,KLE050+1.p,classical,auto,1,false,,5,0,3,,proved,,ok,focus,MELL,23,3,0.015,9,0,6,2,0,0
lltp,ILL/KLE-cbv,,,KLE051+1.p,classical,auto,1,false,,5,0,3,,proved,,ok,focus,LL,32,3,0.022,19,0,12,10,0,0
lltp,ILL/KLE-cbv,,,KLE052+1.p,classical,auto,1,false,,5,0,3,,proved,,ok,focus,LL,32,2,0.033,48,11,19,30,0,0
lltp,ILL/KLE-cbv,,,KLE053+1.p,classical,auto,1,false,,5,0,3,,proved,,ok,focus,MELL,21,2,0.015,9,0,6,3,0,0
lltp,ILL/KLE-cbv,,,KLE054+1.p,classical,auto,1,false,,5,0,3,,proved,,ok,focus,LL,21,3,0.020,13,0,10,2,0,0
lltp,ILL/KLE-cbv,,,KLE055+1.p,classical,auto,1,false,,5,0,3,,proved,,ok,focus,LL,24,3,0.020,17,2,8,9,0,0
lltp,ILL/KLE-cbv,,,KLE056+1.p,classical,auto,1,false,,5,0,3,,proved,,ok,focus,LL,24,2,0.021,18,2,9,7,0,0
lltp,ILL/KLE-cbv,,,KLE057+1.p,classical,auto,1,false,,5,0,3,,proved,,ok,focus,LL,12,1,0.017,15,1,6,3,0,0
lltp,ILL/KLE-cbv,,,KLE058+1.p,classical,auto,1,false,,5,0,3,,unknown,copy_bound,,focus,LL,28,2,0.020,24,6,8,15,0,0
lltp,ILL/KLE-cbv,,,KLE059+1.p,classical,auto,1,false,,5,0,3,,proved,,ok,focus,LL,22,2,0.025,25,1,12,7,0,0
lltp,ILL/KLE-cbv,,,KLE060+1.p,classical,auto,1,false,,5,0,3,,proved,,ok,focus,LL,29,3,0.030,34,6,16,22,0,0
lltp,ILL/KLE-cbv,,,KLE061+1.p,classical,auto,1,false,,5,0,3,,proved,,ok,focus,LL,11,1,0.017,11,1,4,3,0,0
lltp,ILL/KLE-cbv,,,KLE062+1.p,classical,auto,1,false,,5,0,3,,unknown,copy_bound,,focus,LL,22,2,0.024,32,9,10,19,0,0
lltp,ILL/KLE-cbv,,,KLE063+1.p,classical,auto,1,false,,5,0,3,,proved,,ok,focus,LL,14,1,0.020,22,5,6,12,0,0
lltp,ILL/KLE-cbv,,,KLE064+1.p,classical,auto,1,false,,5,0,3,,proved,,ok,focus,LL,18,1,0.018,17,2,5,7,0,0
lltp,ILL/KLE-cbv,,,KLE065+1.p,classical,auto,1,false,,5,0,3,,proved,,ok,focus,LL,15,1,0.014,8,0,5,0,0,0
lltp,ILL/KLE-cbv,,,KLE066+1.p,classical,auto,1,false,,5,0,3,,proved,,ok,focus,LL,31,2,0.021,21,3,10,7,0,0
lltp,ILL/KLE-cbv,,,KLE067+1.p,classical,auto,1,false,,5,0,3,,proved,,ok,focus,LL,43,4,0.033,40,6,23,19,0,0
lltp,ILL/KLE-cbv,,,KLE068+1.p,classical,auto,1,false,,5,0,3,,unprovable,,,focus,LL,43,4,0.015,10,1,6,2,0,0
lltp,ILL/KLE-cbv,,,KLE069+1.p,classical,auto,1,false,,5,0,3,,unknown,copy_bound,,focus,LL,21,2,0.031,55,28,11,52,0,0
lltp,ILL/KLE-cbv,,,KLE070+1.p,classical,auto,1,false,,5,0,3,,proved,,ok,focus,LL,21,2,0.022,16,0,9,6,0,0
lltp,ILL/KLE-cbv,,,KLE071+1.p,classical,auto,1,false,,5,0,3,,proved,,ok,focus,LL,21,2,0.026,24,5,10,11,0,0
lltp,ILL/KLE-cbv,,,KLE072+1.p,classical,auto,1,false,,5,0,3,,proved,,ok,focus,LL,21,2,0.023,25,6,10,14,0,0
lltp,ILL/KLE-cbv,,,KLE073+1.p,classical,auto,1,false,,5,0,3,,proved,,ok,focus,LL,19,1,0.030,48,16,14,20,0,0
lltp,ILL/KLE-cbv,,,KLE074+1.p,classical,auto,1,false,,5,0,3,,unknown,copy_bound,,focus,LL,221,8,0.148,487,188,198,306,0,0
lltp,ILL/KLE-cbv,,,KLE075+1.p,classical,auto,1,false,,5,0,3,,unknown,copy_bound,,focus,LL,78,4,0.088,282,146,83,286,0,0
lltp,ILL/KLE-cbv,,,KLE076+1.p,classical,auto,1,false,,5,0,3,,unknown,copy_bound,,focus,LL,25,1,0.032,65,24,18,40,0,0
lltp,ILL/KLE-cbv,,,KLE077+1.p,classical,auto,1,false,,5,0,3,,proved,,ok,focus,LL,16,2,0.021,21,2,10,7,0,0
lltp,ILL/KLE-cbv,,,KLE078+1.p,classical,auto,1,false,,5,0,3,,unknown,copy_bound,,focus,LL,22,2,0.027,40,11,12,22,0,0
lltp,ILL/KLE-cbv,,,KLE079+1.p,classical,auto,1,false,,5,0,3,,proved,,ok,focus,LL,22,2,0.032,50,16,15,30,0,0
lltp,ILL/KLE-cbv,,,KLE080+1.p,classical,auto,1,false,,5,0,3,,proved,,ok,focus,LL,19,1,0.031,56,18,16,16,0,0
lltp,ILL/KLE-cbv,,,KLE081+1.p,classical,auto,1,false,,5,0,3,,proved,,ok,focus,LL,19,1,0.035,45,11,16,20,0,0
lltp,ILL/KLE-cbv,,,KLE082+1.p,classical,auto,1,false,,5,0,3,,unknown,copy_bound,,focus,LL,25,1,0.034,55,16,18,28,0,0
lltp,ILL/KLE-cbv,,,KLE083+1.p,classical,auto,1,false,,5,0,3,,unknown,copy_bound,,focus,LL,211,8,0.078,226,124,58,262,0,0
lltp,ILL/KLE-cbv,,,KLE084+1.p,classical,auto,1,false,,5,0,3,,unknown,copy_bound,,focus,LL,225,8,0.089,230,81,94,168,0,0
lltp,ILL/KLE-cbv,,,KLE085+1.p,classical,auto,1,false,,5,0,3,,unprovable,,,focus,LL,33,2,0.014,7,1,4,2,0,0
lltp,ILL/KLE-cbv,,,KLE086+1.p,classical,auto,1,false,,5,0,3,,unknown,copy_bound,,focus,LL,42,2,0.031,57,27,14,45,0,0
lltp,ILL/KLE-cbv,,,KLE087+1.p,classical,auto,1,false,,5,0,3,,proved,,ok,focus,LL,21,2,0.019,16,0,9,5,0,0
lltp,ILL/KLE-cbv,,,KLE088+1.p,classical,auto,1,false,,5,0,3,,unknown,copy_bound,,focus,LL,40,2,0.033,55,23,16,47,0,0
lltp,ILL/Non-theorems,,,ofcourse.p,classical,auto,1,false,,5,0,3,,unknown,copy_bound,,focus,MELL,28,5,0.026,26,3,11,29,0,0
lltp,ILL/misc,,,ofcourse_contr.p,classical,auto,1,false,,5,0,3,,proved,,ok,focus,MELL,41,8,0.048,83,29,52,70,0,0
lltp,ILL/misc,,,ofcourse_id.p,classical,auto,1,false,,5,0,3,,proved,,ok,focus,MELL,27,5,0.017,8,0,6,8,0,0
lltp,ILL/misc,,,ofcourse_weak.p,classical,auto,1,false,,5,0,3,,proved,,ok,focus,MELL,15,3,0.013,4,0,3,2,0,0
lltp,ILL/petri-nets/MCC,,,ARMCacheCoherence_1_1.p,classical,auto,1,false,,5,0,3,,unknown,recursion_limit,,focus,MELL,493894,14998,72.841,0,0,0,0,0,0
lltp,ILL/petri-nets/MCC,,,ARMCacheCoherence_20_1.p,classical,auto,1,false,,5,0,3,,unknown,recursion_limit,,focus,MELL,493894,14998,75.856,0,0,0,0,0,0
lltp,ILL/petri-nets/MCC,,,ARMCacheCoherence_50_1.p,classical,auto,1,false,,5,0,3,,unknown,recursion_limit,,focus,MELL,493894,14998,76.699,0,0,0,0,0,0
lltp,ILL/petri-nets/MCC,,,ARMCacheCoherence_5_1.p,classical,auto,1,false,,5,0,3,,unknown,recursion_limit,,focus,MELL,493894,14998,78.066,0,0,0,0,0,0
lltp,ILL/petri-nets/MCC,,,AirplaneLD-pt-0010_10_1.p,classical,auto,1,false,,5,0,3,,unknown,timeout,,focus,MELL,808,25,5017.141,4255878,0,1048576,17023549,0,0
lltp,ILL/petri-nets/MCC,,,AirplaneLD-pt-0010_1_1.p,classical,auto,1,false,,5,0,3,,unknown,timeout,,focus,MELL,816,25,5002.493,1,0,0,69414912,0,0
lltp,ILL/petri-nets/MCC,,,AirplaneLD-pt-0010_20_1.p,classical,auto,1,false,,5,0,3,,unknown,timeout,,focus,MELL,812,25,5034.397,1,0,0,69320704,0,0
lltp,ILL/petri-nets/MCC,,,AirplaneLD-pt-0010_5_1.p,classical,auto,1,false,,5,0,3,,unknown,timeout,,focus,MELL,816,25,5013.568,1,0,0,66670592,0,0
lltp,ILL/petri-nets/MCC,,,AirplaneLD-pt-0020_10_1.p,classical,auto,1,false,,5,0,3,,unknown,context_too_wide,,focus,MELL,1538,50,0.346,2,0,1,46,0,0
lltp,ILL/petri-nets/MCC,,,AirplaneLD-pt-0020_1_1.p,classical,auto,1,false,,5,0,3,,unknown,context_too_wide,,focus,MELL,1546,50,0.079,1,0,0,0,0,0
lltp,ILL/petri-nets/MCC,,,AirplaneLD-pt-0020_20_1.p,classical,auto,1,false,,5,0,3,,unknown,context_too_wide,,focus,MELL,1542,50,0.072,1,0,0,2,0,0
lltp,ILL/petri-nets/MCC,,,AirplaneLD-pt-0020_5_1.p,classical,auto,1,false,,5,0,3,,unknown,context_too_wide,,focus,MELL,1546,50,0.072,1,0,0,0,0,0
lltp,ILL/petri-nets/MCC,,,AirplaneLD-pt-0050_1_1.p,classical,auto,1,false,,5,0,3,,unknown,context_too_wide,,focus,MELL,3736,125,0.205,1,0,0,0,0,0
lltp,ILL/petri-nets/MCC,,,AirplaneLD-pt-0050_20_1.p,classical,auto,1,false,,5,0,3,,unknown,context_too_wide,,focus,MELL,3732,125,0.165,1,0,0,2,0,0
lltp,ILL/petri-nets/MCC,,,AirplaneLD-pt-0050_5_1.p,classical,auto,1,false,,5,0,3,,unknown,context_too_wide,,focus,MELL,3736,125,0.192,1,0,0,0,0,0
lltp,ILL/petri-nets/MCC,,,AirplaneLD-pt-0100_1_1.p,classical,auto,1,false,,5,0,3,,unknown,context_too_wide,,focus,MELL,7386,250,0.450,1,0,0,0,0,0
lltp,ILL/petri-nets/MCC,,,AirplaneLD-pt-0100_20_1.p,classical,auto,1,false,,5,0,3,,unknown,context_too_wide,,focus,MELL,7382,250,0.389,1,0,0,2,0,0
lltp,ILL/petri-nets/MCC,,,AirplaneLD-pt-0100_5_1.p,classical,auto,1,false,,5,0,3,,unknown,context_too_wide,,focus,MELL,7386,250,0.415,1,0,0,0,0,0
lltp,ILL/petri-nets/MCC,,,AirplaneLD-pt-0200_1_1.p,classical,auto,1,false,,5,0,3,,unknown,context_too_wide,,focus,MELL,14686,500,1.893,1,0,0,0,0,0
lltp,ILL/petri-nets/MCC,,,AirplaneLD-pt-0200_20_1.p,classical,auto,1,false,,5,0,3,,unknown,context_too_wide,,focus,MELL,14682,500,1.775,1,0,0,2,0,0
lltp,ILL/petri-nets/MCC,,,AirplaneLD-pt-0200_5_1.p,classical,auto,1,false,,5,0,3,,unknown,context_too_wide,,focus,MELL,14686,500,1.640,1,0,0,0,0,0
lltp,ILL/petri-nets/MCC,,,AirplaneLD-pt-0500_1_1.p,classical,auto,1,false,,5,0,3,,unknown,recursion_limit,,focus,MELL,36586,1250,5.879,0,0,0,0,0,0
lltp,ILL/petri-nets/MCC,,,AirplaneLD-pt-0500_20_1.p,classical,auto,1,false,,5,0,3,,unknown,recursion_limit,,focus,MELL,36582,1250,5.304,0,0,0,0,0,0
lltp,ILL/petri-nets/MCC,,,AirplaneLD-pt-0500_5_1.p,classical,auto,1,false,,5,0,3,,unknown,recursion_limit,,focus,MELL,36586,1250,6.130,0,0,0,0,0,0
lltp,ILL/petri-nets/MCC,,,AirplaneLD-pt-1000_1_1.p,classical,auto,1,false,,5,0,3,,unknown,recursion_limit,,focus,MELL,73086,2500,11.789,0,0,0,0,0,0
lltp,ILL/petri-nets/MCC,,,AirplaneLD-pt-1000_20_1.p,classical,auto,1,false,,5,0,3,,unknown,recursion_limit,,focus,MELL,73082,2500,11.235,0,0,0,0,0,0
lltp,ILL/petri-nets/MCC,,,AirplaneLD-pt-1000_5_1.p,classical,auto,1,false,,5,0,3,,unknown,recursion_limit,,focus,MELL,73086,2500,10.854,0,0,0,0,0,0
lltp,ILL/petri-nets/MCC,,,AirplaneLD-pt-2000_1_1.p,classical,auto,1,false,,5,0,3,,unknown,recursion_limit,,focus,MELL,146086,5000,24.835,0,0,0,0,0,0
lltp,ILL/petri-nets/MCC,,,AirplaneLD-pt-2000_20_1.p,classical,auto,1,false,,5,0,3,,unknown,recursion_limit,,focus,MELL,146082,5000,22.817,0,0,0,0,0,0
lltp,ILL/petri-nets/MCC,,,AirplaneLD-pt-2000_5_1.p,classical,auto,1,false,,5,0,3,,unknown,recursion_limit,,focus,MELL,146086,5000,22.708,0,0,0,0,0,0
lltp,ILL/petri-nets/MCC,,,AirplaneLD-pt-4000_1_1.p,classical,auto,1,false,,5,0,3,,unknown,recursion_limit,,focus,MELL,292086,10000,50.472,0,0,0,0,0,0
lltp,ILL/petri-nets/MCC,,,AirplaneLD-pt-4000_20_1.p,classical,auto,1,false,,5,0,3,,unknown,recursion_limit,,focus,MELL,292082,10000,45.108,0,0,0,0,0,0
lltp,ILL/petri-nets/MCC,,,AirplaneLD-pt-4000_5_1.p,classical,auto,1,false,,5,0,3,,unknown,recursion_limit,,focus,MELL,292086,10000,46.618,0,0,0,0,0,0
lltp,ILL/petri-nets/MCC,,,Angiogenesis_angiogenesis-01_100_1.p,classical,auto,1,false,,5,0,3,,unknown,timeout,,focus,MELL,396,10,5019.834,27960844,27691143,252078,61720101,0,0
lltp,ILL/petri-nets/MCC,,,Angiogenesis_angiogenesis-01_10_1.p,classical,auto,1,false,,5,0,3,,unknown,timeout,,focus,MELL,396,10,5019.542,28100180,27828678,253721,62029441,0,0
lltp,ILL/petri-nets/MCC,,,Angiogenesis_angiogenesis-01_1_1.p,classical,auto,1,false,,5,0,3,,proved,,ok,focus,MELL,398,10,0.106,4,0,2,118,0,0
lltp,ILL/petri-nets/MCC,,,Angiogenesis_angiogenesis-01_20_1.p,classical,auto,1,false,,5,0,3,,unknown,timeout,,focus,MELL,396,10,5019.124,28228396,27956039,254493,62310101,0,0
lltp,ILL/petri-nets/MCC,,,Angiogenesis_angiogenesis-01_50_1.p,classical,auto,1,false,,5,0,3,,unknown,timeout,,focus,MELL,396,10,5019.759,28159424,27887388,254217,62159387,0,0
lltp,ILL/petri-nets/MCC,,,Angiogenesis_angiogenesis-01_5_1.p,classical,auto,1,false,,5,0,3,,unknown,timeout,,focus,MELL,396,10,5019.701,29019326,28739808,255173,61049461,0,0
lltp,ILL/petri-nets/MCC,,,Angiogenesis_angiogenesis-05_10_1.p,classical,auto,1,false,,5,0,3,,unknown,timeout,,focus,MELL,518,14,5028.639,1,0,0,85884928,0,0
lltp,ILL/petri-nets/MCC,,,Angiogenesis_angiogenesis-05_1_1.p,classical,auto,1,false,,5,0,3,,proved,,ok,focus,MELL,526,14,796.889,8,0,6,11781716,0,0
lltp,ILL/petri-nets/MCC,,,Angiogenesis_angiogenesis-05_20_1.p,classical,auto,1,false,,5,0,3,,unknown,timeout,,focus,MELL,514,14,5033.658,1,0,0,85364736,0,0
lltp,ILL/petri-nets/MCC,,,Angiogenesis_angiogenesis-05_50_1.p,classical,auto,1,false,,5,0,3,,unknown,timeout,,focus,MELL,500,14,5017.231,1,0,0,85856256,0,0
lltp,ILL/petri-nets/MCC,,,Angiogenesis_angiogenesis-05_5_1.p,classical,auto,1,false,,5,0,3,,unknown,timeout,,focus,MELL,518,14,5011.765,1,0,0,83095552,0,0
lltp,ILL/petri-nets/MCC,,,Angiogenesis_angiogenesis-10_100_1.p,classical,auto,1,false,,5,0,3,,unknown,context_too_wide,,focus,MELL,636,19,0.049,1,0,0,5,0,0
lltp,ILL/petri-nets/MCC,,,Angiogenesis_angiogenesis-10_10_1.p,classical,auto,1,false,,5,0,3,,unknown,timeout,,focus,MELL,668,19,5000.478,1,0,0,85852160,0,0
lltp,ILL/petri-nets/MCC,,,Angiogenesis_angiogenesis-10_1_1.p,classical,auto,1,false,,5,0,3,,unknown,timeout,,focus,MELL,686,19,5015.047,1,0,0,75231232,0,0
lltp,ILL/petri-nets/MCC,,,Angiogenesis_angiogenesis-10_20_1.p,classical,auto,1,false,,5,0,3,,unknown,timeout,,focus,MELL,668,19,5009.071,1,0,0,85114880,0,0
lltp,ILL/petri-nets/MCC,,,Angiogenesis_angiogenesis-10_50_1.p,classical,auto,1,false,,5,0,3,,unknown,context_too_wide,,focus,MELL,638,19,0.038,1,0,0,0,0,0
lltp,ILL/petri-nets/MCC,,,Angiogenesis_angiogenesis-10_5_1.p,classical,auto,1,false,,5,0,3,,unknown,timeout,,focus,MELL,678,19,5029.308,1,0,0,78606336,0,0
lltp,ILL/petri-nets/MCC,,,Angiogenesis_angiogenesis-15_100_1.p,classical,auto,1,false,,5,0,3,,unknown,context_too_wide,,focus,MELL,768,24,0.036,1,0,0,1,0,0
lltp,ILL/petri-nets/MCC,,,Angiogenesis_angiogenesis-15_10_1.p,classical,auto,1,false,,5,0,3,,unknown,context_too_wide,,focus,MELL,828,24,0.061,1,0,0,50,0,0
lltp,ILL/petri-nets/MCC,,,Angiogenesis_angiogenesis-15_1_1.p,classical,auto,1,false,,5,0,3,,unknown,timeout,,focus,MELL,846,24,5003.963,1,0,0,75755520,0,0
lltp,ILL/petri-nets/MCC,,,Angiogenesis_angiogenesis-15_20_1.p,classical,auto,1,false,,5,0,3,,unknown,context_too_wide,,focus,MELL,818,24,0.062,1,0,0,45,0,0
lltp,ILL/petri-nets/MCC,,,Angiogenesis_angiogenesis-15_50_1.p,classical,auto,1,false,,5,0,3,,unknown,context_too_wide,,focus,MELL,778,24,0.034,1,0,0,0,0,0
lltp,ILL/petri-nets/MCC,,,Angiogenesis_angiogenesis-15_5_1.p,classical,auto,1,false,,5,0,3,,unknown,context_too_wide,,focus,MELL,838,24,0.060,1,0,0,55,0,0
lltp,ILL/petri-nets/MCC,,,Angiogenesis_angiogenesis-20_100_1.p,classical,auto,1,false,,5,0,3,,unknown,context_too_wide,,focus,MELL,908,29,0.036,1,0,0,0,0,0
lltp,ILL/petri-nets/MCC,,,Angiogenesis_angiogenesis-20_10_1.p,classical,auto,1,false,,5,0,3,,unknown,context_too_wide,,focus,MELL,988,29,0.075,1,0,0,70,0,0
lltp,ILL/petri-nets/MCC,,,Angiogenesis_angiogenesis-20_1_1.p,classical,auto,1,false,,5,0,3,,unknown,context_too_wide,,focus,MELL,1006,29,0.077,1,0,0,79,0,0
lltp,ILL/petri-nets/MCC,,,Angiogenesis_angiogenesis-20_20_1.p,classical,auto,1,false,,5,0,3,,unknown,context_too_wide,,focus,MELL,968,29,0.066,1,0,0,60,0,0
lltp,ILL/petri-nets/MCC,,,Angiogenesis_angiogenesis-20_50_1.p,classical,auto,1,false,,5,0,3,,unknown,context_too_wide,,focus,MELL,922,29,0.037,1,0,0,0,0,0
lltp,ILL/petri-nets/MCC,,,Angiogenesis_angiogenesis-20_5_1.p,classical,auto,1,false,,5,0,3,,unknown,context_too_wide,,focus,MELL,998,29,0.075,1,0,0,75,0,0
lltp,ILL/petri-nets/MCC,,,Angiogenesis_angiogenesis-25_100_1.p,classical,auto,1,false,,5,0,3,,unknown,context_too_wide,,focus,MELL,1042,34,0.039,1,0,0,0,0,0
lltp,ILL/petri-nets/MCC,,,Angiogenesis_angiogenesis-25_10_1.p,classical,auto,1,false,,5,0,3,,unknown,context_too_wide,,focus,MELL,1148,34,0.089,1,0,0,90,0,0
lltp,ILL/petri-nets/MCC,,,Angiogenesis_angiogenesis-25_1_1.p,classical,auto,1,false,,5,0,3,,unknown,context_too_wide,,focus,MELL,1166,34,0.094,1,0,0,99,0,0
lltp,ILL/petri-nets/MCC,,,Angiogenesis_angiogenesis-25_20_1.p,classical,auto,1,false,,5,0,3,,unknown,context_too_wide,,focus,MELL,1128,34,0.079,1,0,0,80,0,0
lltp,ILL/petri-nets/MCC,,,Angiogenesis_angiogenesis-25_50_1.p,classical,auto,1,false,,5,0,3,,unknown,context_too_wide,,focus,MELL,1068,34,0.039,1,0,0,0,0,0
lltp,ILL/petri-nets/MCC,,,Angiogenesis_angiogenesis-25_5_1.p,classical,auto,1,false,,5,0,3,,unknown,context_too_wide,,focus,MELL,1158,34,0.085,1,0,0,95,0,0
lltp,ILL/petri-nets/MCC,,,Angiogenesis_angiogenesis-50_100_1.p,classical,auto,1,false,,5,0,3,,unknown,context_too_wide,,focus,MELL,1768,59,0.047,1,0,0,0,0,0
lltp,ILL/petri-nets/MCC,,,Angiogenesis_angiogenesis-50_10_1.p,classical,auto,1,false,,5,0,3,,unknown,context_too_wide,,focus,MELL,1948,59,0.191,1,0,0,190,0,0
lltp,ILL/petri-nets/MCC,,,Angiogenesis_angiogenesis-50_1_1.p,classical,auto,1,false,,5,0,3,,unknown,context_too_wide,,focus,MELL,1966,59,0.190,1,0,0,199,0,0
lltp,ILL/petri-nets/MCC,,,Angiogenesis_angiogenesis-50_20_1.p,classical,auto,1,false,,5,0,3,,unknown,context_too_wide,,focus,MELL,1928,59,0.170,1,0,0,180,0,0
lltp,ILL/petri-nets/MCC,,,Angiogenesis_angiogenesis-50_50_1.p,classical,auto,1,false,,5,0,3,,unknown,context_too_wide,,focus,MELL,1868,59,0.075,1,0,0,34,0,0
lltp,ILL/petri-nets/MCC,,,Angiogenesis_angiogenesis-50_5_1.p,classical,auto,1,false,,5,0,3,,unknown,context_too_wide,,focus,MELL,1958,59,0.179,1,0,0,195,0,0
lltp,ILL/petri-nets/MCC,,,AutoFlight_afcs_01_a_100_1.p,classical,auto,1,false,,5,0,3,,unknown,copy_bound,,focus,MELL,218,5,855.746,1952954,1912764,35990,17502348,0,0
lltp,ILL/petri-nets/MCC,,,AutoFlight_afcs_01_a_10_1.p,classical,auto,1,false,,5,0,3,,unknown,copy_bound,,focus,MELL,218,5,916.117,2275434,2229484,41238,18929048,0,0
lltp,ILL/petri-nets/MCC,,,AutoFlight_afcs_01_a_1_1.p,classical,auto,1,false,,5,0,3,,proved,,ok,focus,MELL,218,5,0.093,4,0,3,1106,0,0
lltp,ILL/petri-nets/MCC,,,AutoFlight_afcs_01_a_20_1.p,classical,auto,1,false,,5,0,3,,unknown,copy_bound,,focus,MELL,218,5,857.311,1952954,1912764,35990,17502348,0,0
lltp,ILL/petri-nets/MCC,,,AutoFlight_afcs_01_a_50_1.p,classical,auto,1,false,,5,0,3,,unknown,copy_bound,,focus,MELL,218,5,920.897,2275434,2229484,41238,18929048,0,0
lltp,ILL/petri-nets/MCC,,,AutoFlight_afcs_01_a_5_1.p,classical,auto,1,false,,5,0,3,,unknown,copy_bound,,focus,MELL,218,5,859.994,1953978,1913276,36502,17503872,0,0
lltp,ILL/petri-nets/MCC,,,AutoFlight_afcs_01_b_100_1.p,classical,auto,1,false,,5,0,3,,unknown,copy_bound,,focus,MELL,546,4,38.382,65182,62498,2024,294342,0,0
lltp,ILL/petri-nets/MCC,,,AutoFlight_afcs_01_b_10_1.p,classical,auto,1,false,,5,0,3,,unknown,copy_bound,,focus,MELL,536,4,146.144,508443,501337,5351,1303413,0,0
lltp,ILL/petri-nets/MCC,,,AutoFlight_afcs_01_b_1_1.p,classical,auto,1,false,,5,0,3,,proved,,ok,focus,MELL,530,4,0.071,2,0,1,1,0,0
lltp,ILL/petri-nets/MCC,,,AutoFlight_afcs_01_b_20_1.p,classical,auto,1,false,,5,0,3,,unknown,copy_bound,,focus,MELL,540,4,52.279,101188,97335,2986,403798,0,0
lltp,ILL/petri-nets/MCC,,,AutoFlight_afcs_01_b_50_1.p,classical,auto,1,false,,5,0,3,,unknown,copy_bound,,focus,MELL,546,4,436.268,101188,97335,2986,5509396,0,0
lltp,ILL/petri-nets/MCC,,,AutoFlight_afcs_01_b_5_1.p,classical,auto,1,false,,5,0,3,,unknown,copy_bound,,focus,MELL,536,4,150.265,508443,501337,5351,1303413,0,0
lltp,ILL/petri-nets/MCC,,,AutoFlight_afcs_02_a_100_1.p,classical,auto,1,false,,5,0,3,,unknown,timeout,,focus,MELL,390,5,5062.231,2088798,492355,1048576,65580850,0,0
lltp,ILL/petri-nets/MCC,,,AutoFlight_afcs_02_a_10_1.p,classical,auto,1,false,,5,0,3,,unknown,timeout,,focus,MELL,390,5,5154.761,2066345,361785,1048576,67354624,0,0
lltp,ILL/petri-nets/MCC,,,AutoFlight_afcs_02_a_1_1.p,classical,auto,1,false,,5,0,3,,proved,,ok,focus,MELL,390,5,0.088,6,0,5,471,0,0
lltp,ILL/petri-nets/MCC,,,AutoFlight_afcs_02_a_20_1.p,classical,auto,1,false,,5,0,3,,unknown,timeout,,focus,MELL,390,5,5277.143,1672463,492355,1048576,72925184,0,0
lltp,ILL/petri-nets/MCC,,,AutoFlight_afcs_02_a_50_1.p,classical,auto,1,false,,5,0,3,,unknown,timeout,,focus,MELL,390,5,5068.001,2186681,484642,1048576,64684251,0,0
lltp,ILL/petri-nets/MCC,,,AutoFlight_afcs_02_a_5_1.p,classical,auto,1,false,,5,0,3,,unknown,timeout,,focus,MELL,390,5,5104.886,2503724,420121,1048576,64978944,0,0
lltp,ILL/petri-nets/MCC,,,AutoFlight_afcs_02_b_100_1.p,classical,auto,1,false,,5,0,3,,unknown,copy_bound,,focus,MELL,986,5,481.253,542671,526201,13960,2933538,0,0
lltp,ILL/petri-nets/MCC,,,AutoFlight_afcs_02_b_10_1.p,classical,auto,1,false,,5,0,3,,unknown,copy_bound,,focus,MELL,968,5,737.508,607864,589745,15422,5110262,0,0
lltp,ILL/petri-nets/MCC,,,AutoFlight_afcs_02_b_1_1.p,classical,auto,1,false,,5,0,3,,proved,,ok,focus,MELL,958,4,0.101,2,0,1,1,0,0
lltp,ILL/petri-nets/MCC,,,AutoFlight_afcs_02_b_20_1.p,classical,auto,1,false,,5,0,3,,unknown,timeout,,focus,MELL,974,5,5005.974,351754,335629,14553,46019178,0,0
lltp,ILL/petri-nets/MCC,,,AutoFlight_afcs_02_b_50_1.p,classical,auto,1,false,,5,0,3,,unknown,copy_bound,,focus,MELL,976,5,778.276,607864,589745,15422,5110262,0,0
lltp,ILL/petri-nets/MCC,,,AutoFlight_afcs_02_b_5_1.p,classical,auto,1,false,,5,0,3,,unknown,copy_bound,,focus,MELL,964,5,526.905,607864,589745,15422,3208060,0,0
lltp,ILL/petri-nets/MCC,,,AutoFlight_afcs_03_a_100_1.p,classical,auto,1,false,,5,0,3,,unknown,timeout,,focus,MELL,562,6,5014.812,64,0,60,72196096,0,0
lltp,ILL/petri-nets/MCC,,,AutoFlight_afcs_03_a_10_1.p,classical,auto,1,false,,5,0,3,,unknown,timeout,,focus,MELL,562,6,5019.095,2108314,1,1048576,47943680,0,0
lltp,ILL/petri-nets/MCC,,,AutoFlight_afcs_03_a_1_1.p,classical,auto,1,false,,5,0,3,,proved,,ok,focus,MELL,562,6,28.660,25,12,12,418707,0,0
lltp,ILL/petri-nets/MCC,,,AutoFlight_afcs_03_a_20_1.p,classical,auto,1,false,,5,0,3,,unknown,timeout,,focus,MELL,562,6,5025.824,64,0,60,72720384,0,0
lltp,ILL/petri-nets/MCC,,,AutoFlight_afcs_03_a_50_1.p,classical,auto,1,false,,5,0,3,,unknown,timeout,,focus,MELL,562,6,5018.469,66,0,63,78635008,0,0
lltp,ILL/petri-nets/MCC,,,AutoFlight_afcs_03_a_5_1.p,classical,auto,1,false,,5,0,3,,unknown,timeout,,focus,MELL,562,6,5012.225,74,0,71,79130624,0,0
lltp,ILL/petri-nets/MCC,,,AutoFlight_afcs_03_b_100_1.p,classical,auto,1,false,,5,0,3,,unknown,timeout,,focus,MELL,1426,6,5006.178,439071,415832,21826,33497085,0,0
lltp,ILL/petri-nets/MCC,,,AutoFlight_afcs_03_b_10_1.p,classical,auto,1,false,,5,0,3,,unknown,timeout,,focus,MELL,1400,6,5003.636,427243,404612,21233,33768560,0,0
lltp,ILL/petri-nets/MCC,,,AutoFlight_afcs_03_b_1_1.p,classical,auto,1,false,,5,0,3,,proved,,ok,focus,MELL,1386,5,0.139,2,0,1,1,0,0
lltp,ILL/petri-nets/MCC,,,AutoFlight_afcs_03_b_20_1.p,classical,auto,1,false,,5,0,3,,unknown,timeout,,focus,MELL,1402,6,5006.109,262996,247032,15049,34804394,0,0
lltp,ILL/petri-nets/MCC,,,AutoFlight_afcs_03_b_50_1.p,classical,auto,1,false,,5,0,3,,unknown,copy_bound,,focus,MELL,1398,6,1822.749,1712407,1666073,41074,8959548,0,0
lltp,ILL/petri-nets/MCC,,,AutoFlight_afcs_03_b_5_1.p,classical,auto,1,false,,5,0,3,,unknown,copy_bound,,focus,MELL,1392,6,1936.881,1852396,1802587,44274,9540220,0,0
lltp,ILL/petri-nets/MCC,,,AutoFlight_afcs_04_a_10_1.p,classical,auto,1,false,,5,0,3,,unknown,timeout,,focus,MELL,734,7,5203.739,3,0,1,66154496,0,0
lltp,ILL/petri-nets/MCC,,,AutoFlight_afcs_04_a_1_1.p,classical,auto,1,false,,5,0,3,,unknown,timeout,,focus,MELL,734,7,5012.742,3,0,1,64995328,0,0
lltp,ILL/petri-nets/MCC,,,AutoFlight_afcs_04_a_20_1.p,classical,auto,1,false,,5,0,3,,unknown,timeout,,focus,MELL,734,7,5002.620,83,0,80,58118144,0,0
lltp,ILL/petri-nets/MCC,,,AutoFlight_afcs_04_a_5_1.p,classical,auto,1,false,,5,0,3,,unknown,timeout,,focus,MELL,734,7,5023.229,3,0,1,63111168,0,0
lltp,ILL/petri-nets/MCC,,,AutoFlight_afcs_04_b_100_1.p,classical,auto,1,false,,5,0,3,,unknown,timeout,,focus,MELL,1852,7,5022.141,4750709,4620862,119656,18192029,0,0
lltp,ILL/petri-nets/MCC,,,AutoFlight_afcs_04_b_10_1.p,classical,auto,1,false,,5,0,3,,unknown,timeout,,focus,MELL,1826,7,5004.405,567894,536677,29724,25235536,0,0
lltp,ILL/petri-nets/MCC,,,AutoFlight_afcs_04_b_1_1.p,classical,auto,1,false,,5,0,3,,proved,,ok,focus,MELL,1814,6,0.191,2,0,1,1,0,0
lltp,ILL/petri-nets/MCC,,,AutoFlight_afcs_04_b_20_1.p,classical,auto,1,false,,5,0,3,,unknown,timeout,,focus,MELL,1834,7,5019.542,6659358,6531889,116990,23117575,0,0
lltp,ILL/petri-nets/MCC,,,AutoFlight_afcs_04_b_50_1.p,classical,auto,1,false,,5,0,3,,unknown,copy_bound,,focus,MELL,1830,6,4700.206,4418089,4306270,102072,17421311,0,0
lltp,ILL/petri-nets/MCC,,,AutoFlight_afcs_04_b_5_1.p,classical,auto,1,false,,5,0,3,,unknown,timeout,,focus,MELL,1820,7,5015.813,5143544,5027262,104496,18819381,0,0
lltp,ILL/petri-nets/MCC,,,AutoFlight_afcs_05_a_10_1.p,classical,auto,1,false,,5,0,3,,unknown,timeout,,focus,MELL,906,8,5076.485,3,0,1,56266752,0,0
lltp,ILL/petri-nets/MCC,,,AutoFlight_afcs_05_a_1_1.p,classical,auto,1,false,,5,0,,,unknown,killed,,,,,,10505.702,,,,,,
lltp,ILL/petri-nets/MCC,,,AutoFlight_afcs_05_a_20_1.p,classical,auto,1,false,,5,0,,,unknown,killed,,,,,,10501.855,,,,,,
lltp,ILL/petri-nets/MCC,,,AutoFlight_afcs_05_a_50_1.p,classical,auto,1,false,,5,0,,,unknown,killed,,,,,,10526.024,,,,,,
lltp,ILL/petri-nets/MCC,,,AutoFlight_afcs_05_a_5_1.p,classical,auto,1,false,,5,0,3,,unknown,timeout,,focus,MELL,906,8,5026.946,3,0,1,55861248,0,0
lltp,ILL/petri-nets/MCC,,,AutoFlight_afcs_05_b_100_1.p,classical,auto,1,false,,5,0,3,,unknown,timeout,,focus,MELL,2270,8,5016.569,2585669,2477507,102826,15462708,0,0
lltp,ILL/petri-nets/MCC,,,AutoFlight_afcs_05_b_10_1.p,classical,auto,1,false,,5,0,3,,unknown,timeout,,focus,MELL,2252,8,5019.342,4193224,4066882,116959,15405671,0,0
lltp,ILL/petri-nets/MCC,,,AutoFlight_afcs_05_b_1_1.p,classical,auto,1,false,,5,0,3,,proved,,ok,focus,MELL,2242,7,0.213,2,0,1,1,0,0
lltp,ILL/petri-nets/MCC,,,AutoFlight_afcs_05_b_20_1.p,classical,auto,1,false,,5,0,3,,unknown,timeout,,focus,MELL,2262,8,5017.152,220897,200766,19500,23090472,0,0
lltp,ILL/petri-nets/MCC,,,AutoFlight_afcs_05_b_50_1.p,classical,auto,1,false,,5,0,3,,unknown,timeout,,focus,MELL,2262,7,5024.075,3587701,3445039,135837,14505057,0,0
lltp,ILL/petri-nets/MCC,,,AutoFlight_afcs_05_b_5_1.p,classical,auto,1,false,,5,0,3,,unknown,timeout,,focus,MELL,2248,8,5019.637,3883438,3756234,117739,14875065,0,0
lltp,ILL/petri-nets/MCC,,,AutoFlight_afcs_06_a_100_1.p,classical,auto,1,false,,5,0,3,,unknown,timeout,,focus,MELL,1078,9,5014.464,137,0,134,58683392,0,0
lltp,ILL/petri-nets/MCC,,,AutoFlight_afcs_06_a_10_1.p,classical,auto,1,false,,5,0,3,,unknown,timeout,,focus,MELL,1078,9,5003.094,131,0,128,44552192,0,0
lltp,ILL/petri-nets/MCC,,,AutoFlight_afcs_06_a_1_1.p,classical,auto,1,false,,5,0,3,,unknown,timeout,,focus,MELL,1078,9,5027.896,3,0,1,48848896,0,0
lltp,ILL/petri-nets/MCC,,,AutoFlight_afcs_06_a_20_1.p,classical,auto,1,false,,5,0,3,,unknown,timeout,,focus,MELL,1078,9,5214.220,6291520,1,1048576,6292247,0,0
lltp,ILL/petri-nets/MCC,,,AutoFlight_afcs_06_a_50_1.p,classical,auto,1,false,,5,0,3,,unknown,timeout,,focus,MELL,1078,9,5024.277,137,0,134,58945536,0,0
lltp,ILL/petri-nets/MCC,,,AutoFlight_afcs_06_a_5_1.p,classical,auto,1,false,,5,0,3,,unknown,timeout,,focus,MELL,1078,9,5343.331,3,0,1,51302400,0,0
lltp,ILL/petri-nets/MCC,,,AutoFlight_afcs_06_b_100_1.p,classical,auto,1,false,,5,0,3,,unknown,timeout,,focus,MELL,2694,8,5023.779,2891421,2763485,122818,12438865,0,0
lltp,ILL/petri-nets/MCC,,,AutoFlight_afcs_06_b_10_1.p,classical,auto,1,false,,5,0,3,,unknown,timeout,,focus,MELL,2682,9,5024.373,3971247,3823619,141003,13851729,0,0
lltp,ILL/petri-nets/MCC,,,AutoFlight_afcs_06_b_1_1.p,classical,auto,1,false,,5,0,3,,proved,,ok,focus,MELL,2670,8,0.293,2,0,1,1,0,0
lltp,ILL/petri-nets/MCC,,,AutoFlight_afcs_06_b_20_1.p,classical,auto,1,false,,5,0,3,,unknown,timeout,,focus,MELL,2686,9,5022.667,4975994,4837683,132476,16874739,0,0
lltp,ILL/petri-nets/MCC,,,AutoFlight_afcs_06_b_50_1.p,classical,auto,1,false,,5,0,3,,unknown,timeout,,focus,MELL,2692,8,5026.264,3415852,3264311,145942,12385530,0,0
lltp,ILL/petri-nets/MCC,,,AutoFlight_afcs_06_b_5_1.p,classical,auto,1,false,,5,0,3,,unknown,timeout,,focus,MELL,2676,9,5023.431,3138258,2991824,139385,12134307,0,0
lltp,ILL/petri-nets/MCC,,,AutoFlight_afcs_12_a_100_1.p,classical,auto,1,false,,5,0,3,,unknown,context_too_wide,,focus,MELL,2110,15,0.147,3,0,1,4,0,0
lltp,ILL/petri-nets/MCC,,,AutoFlight_afcs_12_a_1_1.p,classical,auto,1,false,,5,0,3,,unknown,context_too_wide,,focus,MELL,2110,15,0.144,3,0,1,4,0,0
lltp,ILL/petri-nets/MCC,,,AutoFlight_afcs_12_a_20_1.p,classical,auto,1,false,,5,0,3,,unknown,context_too_wide,,focus,MELL,2110,15,0.128,3,0,1,4,0,0
lltp,ILL/petri-nets/MCC,,,AutoFlight_afcs_12_a_50_1.p,classical,auto,1,false,,5,0,3,,unknown,context_too_wide,,focus,MELL,2110,15,0.132,3,0,1,4,0,0
lltp,ILL/petri-nets/MCC,,,AutoFlight_afcs_12_a_5_1.p,classical,auto,1,false,,5,0,3,,unknown,context_too_wide,,focus,MELL,2110,15,1.282,277,0,274,1689,0,0
lltp,ILL/petri-nets/MCC,,,AutoFlight_afcs_12_b_100_1.p,classical,auto,1,false,,5,0,3,,unknown,timeout,,focus,MELL,5266,15,5007.333,46087,35705,10311,10858245,0,0
lltp,ILL/petri-nets/MCC,,,AutoFlight_afcs_12_b_10_1.p,classical,auto,1,false,,5,0,3,,unknown,timeout,,focus,MELL,5252,15,5010.795,5972356,5906238,65333,16406048,0,0
lltp,ILL/petri-nets/MCC,,,AutoFlight_afcs_12_b_1_1.p,classical,auto,1,false,,5,0,3,,proved,,ok,focus,MELL,5238,14,0.700,2,0,1,1,0,0
lltp,ILL/petri-nets/MCC,,,AutoFlight_afcs_12_b_20_1.p,classical,auto,1,false,,5,0,3,,unknown,timeout,,focus,MELL,5260,15,5008.726,4522206,4468127,53424,16537486,0,0
lltp,ILL/petri-nets/MCC,,,AutoFlight_afcs_12_b_50_1.p,classical,auto,1,false,,5,0,3,,unknown,timeout,,focus,MELL,5254,15,5009.354,5496393,5438557,57137,16324182,0,0
lltp,ILL/petri-nets/MCC,,,AutoFlight_afcs_12_b_5_1.p,classical,auto,1,false,,5,0,3,,unknown,timeout,,focus,MELL,5244,15,5018.526,1413641,1306584,105457,6482584,0,0
lltp,ILL/petri-nets/MCC,,,AutoFlight_afcs_24_a_100_1.p,classical,auto,1,false,,5,0,3,,unknown,context_too_wide,,focus,MELL,4174,27,4.316,533,0,530,3433,0,0
lltp,ILL/petri-nets/MCC,,,AutoFlight_afcs_24_a_1_1.p,classical,auto,1,false,,5,0,3,,unknown,context_too_wide,,focus,MELL,4174,27,0.358,3,0,1,67,0,0
lltp,ILL/petri-nets/MCC,,,AutoFlight_afcs_24_a_20_1.p,classical,auto,1,false,,5,0,3,,unknown,context_too_wide,,focus,MELL,4174,27,4.181,581,0,578,3375,0,0
lltp,ILL/petri-nets/MCC,,,AutoFlight_afcs_24_a_50_1.p,classical,auto,1,false,,5,0,3,,unknown,context_too_wide,,focus,MELL,4174,27,4.042,541,0,538,3325,0,0
lltp,ILL/petri-nets/MCC,,,AutoFlight_afcs_24_a_5_1.p,classical,auto,1,false,,5,0,3,,unknown,context_too_wide,,focus,MELL,4174,27,0.356,3,0,1,67,0,0
lltp,ILL/petri-nets/MCC,,,AutoFlight_afcs_24_b_100_1.p,classical,auto,1,false,,5,0,3,,unknown,recursion_limit,,focus,MELL,10428,27,1.780,0,0,0,0,0,0
lltp,ILL/petri-nets/MCC,,,AutoFlight_afcs_24_b_10_1.p,classical,auto,1,false,,5,0,3,,unknown,recursion_limit,,focus,MELL,10384,27,1.422,0,0,0,0,0,0
lltp,ILL/petri-nets/MCC,,,AutoFlight_afcs_24_b_1_1.p,classical,auto,1,false,,5,0,3,,unknown,recursion_limit,,focus,MELL,10374,26,1.479,0,0,0,0,0,0
lltp,ILL/petri-nets/MCC,,,AutoFlight_afcs_24_b_20_1.p,classical,auto,1,false,,5,0,3,,unknown,recursion_limit,,focus,MELL,10384,27,1.426,0,0,0,0,0,0
lltp,ILL/petri-nets/MCC,,,AutoFlight_afcs_24_b_50_1.p,classical,auto,1,false,,5,0,3,,unknown,recursion_limit,,focus,MELL,10428,27,1.383,0,0,0,0,0,0
lltp,ILL/petri-nets/MCC,,,AutoFlight_afcs_24_b_5_1.p,classical,auto,1,false,,5,0,3,,unknown,recursion_limit,,focus,MELL,10380,27,1.422,0,0,0,0,0,0
lltp,ILL/petri-nets/MCC,,,AutoFlight_afcs_48_a_100_1.p,classical,auto,1,false,,5,0,3,,unknown,context_too_wide,,focus,MELL,7430,53,0.613,3,0,1,9,0,0
lltp,ILL/petri-nets/MCC,,,AutoFlight_afcs_48_a_1_1.p,classical,auto,1,false,,5,0,3,,unknown,context_too_wide,,focus,MELL,7430,53,0.731,3,0,1,63,0,0
lltp,ILL/petri-nets/MCC,,,AutoFlight_afcs_48_a_20_1.p,classical,auto,1,false,,5,0,3,,unknown,context_too_wide,,focus,MELL,7430,53,12.117,965,0,962,5739,0,0
lltp,ILL/petri-nets/MCC,,,AutoFlight_afcs_48_a_50_1.p,classical,auto,1,false,,5,0,3,,unknown,context_too_wide,,focus,MELL,7430,53,12.028,965,0,962,5739,0,0
lltp,ILL/petri-nets/MCC,,,AutoFlight_afcs_48_a_5_1.p,classical,auto,1,false,,5,0,3,,unknown,context_too_wide,,focus,MELL,7430,53,0.796,3,0,1,48,0,0
lltp,ILL/petri-nets/MCC,,,AutoFlight_afcs_48_b_100_1.p,classical,auto,1,false,,5,0,3,,unknown,recursion_limit,,focus,MELL,18316,53,2.644,0,0,0,0,0,0
lltp,ILL/petri-nets/MCC,,,AutoFlight_afcs_48_b_10_1.p,classical,auto,1,false,,5,0,3,,unknown,recursion_limit,,focus,MELL,18218,53,2.519,0,0,0,0,0,0
lltp,ILL/petri-nets/MCC,,,AutoFlight_afcs_48_b_1_1.p,classical,auto,1,false,,5,0,3,,unknown,recursion_limit,,focus,MELL,18210,52,3.193,0,0,0,0,0,0
lltp,ILL/petri-nets/MCC,,,AutoFlight_afcs_48_b_20_1.p,classical,auto,1,false,,5,0,3,,unknown,recursion_limit,,focus,MELL,18246,53,2.639,0,0,0,0,0,0
lltp,ILL/petri-nets/MCC,,,AutoFlight_afcs_48_b_50_1.p,classical,auto,1,false,,5,0,3,,unknown,recursion_limit,,focus,MELL,18306,53,2.486,0,0,0,0,0,0
lltp,ILL/petri-nets/MCC,,,AutoFlight_afcs_48_b_5_1.p,classical,auto,1,false,,5,0,3,,unknown,recursion_limit,,focus,MELL,18214,52,2.318,0,0,0,0,0,0
lltp,ILL/petri-nets/MCC,,,AutoFlight_afcs_96_a_100_1.p,classical,auto,1,false,,5,0,3,,unknown,recursion_limit,,focus,MELL,14854,105,1.762,0,0,0,0,0,0
lltp,ILL/petri-nets/MCC,,,AutoFlight_afcs_96_a_1_1.p,classical,auto,1,false,,5,0,3,,unknown,recursion_limit,,focus,MELL,14854,105,1.890,0,0,0,0,0,0
lltp,ILL/petri-nets/MCC,,,AutoFlight_afcs_96_a_20_1.p,classical,auto,1,false,,5,0,3,,unknown,recursion_limit,,focus,MELL,14854,105,1.770,0,0,0,0,0,0
lltp,ILL/petri-nets/MCC,,,AutoFlight_afcs_96_a_50_1.p,classical,auto,1,false,,5,0,3,,unknown,recursion_limit,,focus,MELL,14854,105,1.821,0,0,0,0,0,0
lltp,ILL/petri-nets/MCC,,,AutoFlight_afcs_96_a_5_1.p,classical,auto,1,false,,5,0,3,,unknown,recursion_limit,,focus,MELL,14854,105,1.713,0,0,0,0,0,0
lltp,ILL/petri-nets/MCC,,,AutoFlight_afcs_96_b_100_1.p,classical,auto,1,false,,5,0,3,,unknown,recursion_limit,,focus,MELL,36582,105,6.038,0,0,0,0,0,0
lltp,ILL/petri-nets/MCC,,,AutoFlight_afcs_96_b_10_1.p,classical,auto,1,false,,5,0,3,,unknown,recursion_limit,,focus,MELL,36410,105,5.063,0,0,0,0,0,0
lltp,ILL/petri-nets/MCC,,,AutoFlight_afcs_96_b_1_1.p,classical,auto,1,false,,5,0,3,,unknown,recursion_limit,,focus,MELL,36402,104,5.164,0,0,0,0,0,0
lltp,ILL/petri-nets/MCC,,,AutoFlight_afcs_96_b_20_1.p,classical,auto,1,false,,5,0,3,,unknown,recursion_limit,,focus,MELL,36422,105,5.836,0,0,0,0,0,0
lltp,ILL/petri-nets/MCC,,,AutoFlight_afcs_96_b_50_1.p,classical,auto,1,false,,5,0,3,,unknown,recursion_limit,,focus,MELL,36482,105,5.995,0,0,0,0,0,0
lltp,ILL/petri-nets/MCC,,,AutoFlight_afcs_96_b_5_1.p,classical,auto,1,false,,5,0,3,,unknown,recursion_limit,,focus,MELL,36408,105,4.677,0,0,0,0,0,0
lltp,ILL/petri-nets/MCC,,,BART-002-unf_1_1.p,classical,auto,1,false,,5,0,3,,unknown,recursion_limit,,focus,MELL,29342,391,4.003,0,0,0,0,0,0
lltp,ILL/petri-nets/MCC,,,BART-002-unf_20_1.p,classical,auto,1,false,,5,0,3,,unknown,recursion_limit,,focus,MELL,29342,391,3.513,0,0,0,0,0,0
lltp,ILL/petri-nets/MCC,,,BART-002-unf_5_1.p,classical,auto,1,false,,5,0,3,,unknown,recursion_limit,,focus,MELL,29342,391,5.152,0,0,0,0,0,0
lltp,ILL/petri-nets/MCC,,,BART-005-unf_1_1.p,classical,auto,1,false,,5,0,3,,unknown,recursion_limit,,focus,MELL,71726,976,10.432,0,0,0,0,0,0
lltp,ILL/petri-nets/MCC,,,BART-005-unf_20_1.p,classical,auto,1,false,,5,0,3,,unknown,recursion_limit,,focus,MELL,71726,976,10.334,0,0,0,0,0,0
lltp,ILL/petri-nets/MCC,,,BART-005-unf_50_1.p,classical,auto,1,false,,5,0,3,,unknown,recursion_limit,,focus,MELL,71726,976,9.734,0,0,0,0,0,0
lltp,ILL/petri-nets/MCC,,,BART-005-unf_5_1.p,classical,auto,1,false,,5,0,3,,unknown,recursion_limit,,focus,MELL,71726,976,10.607,0,0,0,0,0,0
lltp,ILL/petri-nets/MCC,,,BART-010-unf_100_1.p,classical,auto,1,false,,5,0,3,,unknown,recursion_limit,,focus,MELL,142366,1951,23.936,0,0,0,0,0,0
lltp,ILL/petri-nets/MCC,,,BART-010-unf_1_1.p,classical,auto,1,false,,5,0,3,,unknown,recursion_limit,,focus,MELL,142366,1951,22.156,0,0,0,0,0,0
lltp,ILL/petri-nets/MCC,,,BART-010-unf_20_1.p,classical,auto,1,false,,5,0,3,,unknown,recursion_limit,,focus,MELL,142366,1951,21.814,0,0,0,0,0,0
lltp,ILL/petri-nets/MCC,,,BART-010-unf_50_1.p,classical,auto,1,false,,5,0,3,,unknown,recursion_limit,,focus,MELL,142366,1951,24.965,0,0,0,0,0,0
lltp,ILL/petri-nets/MCC,,,BART-010-unf_5_1.p,classical,auto,1,false,,5,0,3,,unknown,recursion_limit,,focus,MELL,142366,1951,23.424,0,0,0,0,0,0
lltp,ILL/petri-nets/MCC,,,BART-020-unf_100_1.p,classical,auto,1,false,,5,0,3,,unknown,recursion_limit,,focus,MELL,283646,3901,44.278,0,0,0,0,0,0
lltp,ILL/petri-nets/MCC,,,BART-020-unf_1_1.p,classical,auto,1,false,,5,0,3,,unknown,recursion_limit,,focus,MELL,283646,3901,45.090,0,0,0,0,0,0
lltp,ILL/petri-nets/MCC,,,BART-020-unf_20_1.p,classical,auto,1,false,,5,0,3,,unknown,recursion_limit,,focus,MELL,283646,3901,44.497,0,0,0,0,0,0
lltp,ILL/petri-nets/MCC,,,BART-020-unf_50_1.p,classical,auto,1,false,,5,0,3,,unknown,recursion_limit,,focus,MELL,283646,3901,44.132,0,0,0,0,0,0
lltp,ILL/petri-nets/MCC,,,BART-020-unf_5_1.p,classical,auto,1,false,,5,0,3,,unknown,recursion_limit,,focus,MELL,283646,3901,44.004,0,0,0,0,0,0
lltp,ILL/petri-nets/MCC,,,BART-030-unf_100_1.p,classical,auto,1,false,,5,0,3,,unknown,recursion_limit,,focus,MELL,424926,5851,66.697,0,0,0,0,0,0
lltp,ILL/petri-nets/MCC,,,BART-030-unf_1_1.p,classical,auto,1,false,,5,0,3,,unknown,recursion_limit,,focus,MELL,424926,5851,69.558,0,0,0,0,0,0
lltp,ILL/petri-nets/MCC,,,BART-030-unf_20_1.p,classical,auto,1,false,,5,0,3,,unknown,recursion_limit,,focus,MELL,424926,5851,67.807,0,0,0,0,0,0
lltp,ILL/petri-nets/MCC,,,BART-030-unf_50_1.p,classical,auto,1,false,,5,0,3,,unknown,recursion_limit,,focus,MELL,424926,5851,67.704,0,0,0,0,0,0
lltp,ILL/petri-nets/MCC,,,BART-030-unf_5_1.p,classical,auto,1,false,,5,0,3,,unknown,recursion_limit,,focus,MELL,424926,5851,67.660,0,0,0,0,0,0
lltp,ILL/petri-nets/MCC,,,BART-040-unf_100_1.p,classical,auto,1,false,,5,0,3,,unknown,recursion_limit,,focus,MELL,566206,7801,93.324,0,0,0,0,0,0
lltp,ILL/petri-nets/MCC,,,BART-040-unf_1_1.p,classical,auto,1,false,,5,0,3,,unknown,recursion_limit,,focus,MELL,566206,7801,96.215,0,0,0,0,0,0
lltp,ILL/petri-nets/MCC,,,BART-040-unf_20_1.p,classical,auto,1,false,,5,0,3,,unknown,recursion_limit,,focus,MELL,566206,7801,89.309,0,0,0,0,0,0
lltp,ILL/petri-nets/MCC,,,BART-040-unf_50_1.p,classical,auto,1,false,,5,0,3,,unknown,recursion_limit,,focus,MELL,566206,7801,91.003,0,0,0,0,0,0
lltp,ILL/petri-nets/MCC,,,BART-040-unf_5_1.p,classical,auto,1,false,,5,0,3,,unknown,recursion_limit,,focus,MELL,566206,7801,88.149,0,0,0,0,0,0
lltp,ILL/petri-nets/MCC,,,BART-050-unf_100_1.p,classical,auto,1,false,,5,0,3,,unknown,recursion_limit,,focus,MELL,707486,9751,112.306,0,0,0,0,0,0
lltp,ILL/petri-nets/MCC,,,BART-050-unf_1_1.p,classical,auto,1,false,,5,0,3,,unknown,recursion_limit,,focus,MELL,707486,9751,116.196,0,0,0,0,0,0
lltp,ILL/petri-nets/MCC,,,BART-050-unf_20_1.p,classical,auto,1,false,,5,0,3,,unknown,recursion_limit,,focus,MELL,707486,9751,118.090,0,0,0,0,0,0
lltp,ILL/petri-nets/MCC,,,BART-050-unf_50_1.p,classical,auto,1,false,,5,0,3,,unknown,recursion_limit,,focus,MELL,707486,9751,116.402,0,0,0,0,0,0
lltp,ILL/petri-nets/MCC,,,BART-050-unf_5_1.p,classical,auto,1,false,,5,0,3,,unknown,recursion_limit,,focus,MELL,707486,9751,117.986,0,0,0,0,0,0
lltp,ILL/petri-nets/MCC,,,BART-060-unf_100_1.p,classical,auto,1,false,,5,0,3,,unknown,recursion_limit,,focus,MELL,848766,11701,143.295,0,0,0,0,0,0
lltp,ILL/petri-nets/MCC,,,BART-060-unf_1_1.p,classical,auto,1,false,,5,0,3,,unknown,recursion_limit,,focus,MELL,848766,11701,150.675,0,0,0,0,0,0
lltp,ILL/petri-nets/MCC,,,BART-060-unf_20_1.p,classical,auto,1,false,,5,0,3,,unknown,recursion_limit,,focus,MELL,848766,11701,146.050,0,0,0,0,0,0
lltp,ILL/petri-nets/MCC,,,BART-060-unf_50_1.p,classical,auto,1,false,,5,0,3,,unknown,recursion_limit,,focus,MELL,848766,11701,146.384,0,0,0,0,0,0
lltp,ILL/petri-nets/MCC,,,BART-060-unf_5_1.p,classical,auto,1,false,,5,0,3,,unknown,recursion_limit,,focus,MELL,848766,11701,146.707,0,0,0,0,0,0
lltp,ILL/petri-nets/MCC,,,BridgeAndVehicles-V04-P05-N02-unfolded_10_1.p,classical,auto,1,false,,5,0,3,,unknown,timeout,,focus,MELL,748,27,5020.728,12240076,12076229,163845,75250940,0,0
lltp,ILL/petri-nets/MCC,,,BridgeAndVehicles-V04-P05-N02-unfolded_1_1.p,classical,auto,1,false,,5,0,3,,unknown,timeout,,focus,MELL,750,27,5019.098,1,0,0,94445568,0,0
lltp,ILL/petri-nets/MCC,,,BridgeAndVehicles-V04-P05-N02-unfolded_20_1.p,classical,auto,1,false,,5,0,3,,unknown,timeout,,focus,MELL,748,27,5021.856,12357900,12194053,163845,75964424,0,0
lltp,ILL/petri-nets/MCC,,,BridgeAndVehicles-V04-P05-N02-unfolded_50_1.p,classical,auto,1,false,,5,0,3,,unknown,timeout,,focus,MELL,750,27,5011.035,1,0,0,95580160,0,0
lltp,ILL/petri-nets/MCC,,,BridgeAndVehicles-V04-P05-N02-unfolded_5_1.p,classical,auto,1,false,,5,0,3,,unknown,timeout,,focus,MELL,748,27,5020.749,12377612,12213765,163845,76043334,0,0
lltp,ILL/petri-nets/MCC,,,BridgeAndVehicles-V10-P10-N10-unfolded_100_1.p,classical,auto,1,false,,5,0,3,,unknown,timeout,,focus,MELL,4384,223,5057.263,2,0,1,27320320,0,0
lltp,ILL/petri-nets/MCC,,,BridgeAndVehicles-V10-P10-N10-unfolded_10_1.p,classical,auto,1,false,,5,0,3,,unknown,timeout,,focus,MELL,4384,223,5073.326,2,0,1,27320320,0,0
lltp,ILL/petri-nets/MCC,,,BridgeAndVehicles-V10-P10-N10-unfolded_1_1.p,classical,auto,1,false,,5,0,3,,unknown,timeout,,focus,MELL,4386,223,5100.866,1,0,0,40423424,0,0
lltp,ILL/petri-nets/MCC,,,BridgeAndVehicles-V10-P10-N10-unfolded_20_1.p,classical,auto,1,false,,5,0,3,,unknown,timeout,,focus,MELL,4386,223,5000.086,8007460,8007430,28,56615334,0,0
lltp,ILL/petri-nets/MCC,,,BridgeAndVehicles-V10-P10-N10-unfolded_50_1.p,classical,auto,1,false,,5,0,3,,unknown,timeout,,focus,MELL,4386,223,5006.589,1,0,0,40415232,0,0
lltp,ILL/petri-nets/MCC,,,BridgeAndVehicles-V10-P10-N10-unfolded_5_1.p,classical,auto,1,false,,5,0,3,,unknown,timeout,,focus,MELL,4386,223,5036.092,2,0,1,27320320,0,0
lltp,ILL/petri-nets/MCC,,,BridgeAndVehicles-V20-P10-N10-unfolded_100_1.p,classical,auto,1,false,,5,0,3,,unknown,timeout,,focus,MELL,8420,443,5053.109,1054826,0,1048576,4206782,0,0
lltp,ILL/petri-nets/MCC,,,BridgeAndVehicles-V20-P10-N10-unfolded_10_1.p,classical,auto,1,false,,5,0,3,,unknown,timeout,,focus,MELL,8426,443,5000.472,19478203,19476408,1793,21494174,0,0
lltp,ILL/petri-nets/MCC,,,BridgeAndVehicles-V20-P10-N10-unfolded_1_1.p,classical,auto,1,false,,5,0,3,,unknown,timeout,,focus,MELL,8426,443,5402.566,1,0,0,25763840,0,0
lltp,ILL/petri-nets/MCC,,,BridgeAndVehicles-V20-P10-N10-unfolded_20_1.p,classical,auto,1,false,,5,0,3,,unknown,timeout,,focus,MELL,8426,443,5000.186,2347900,2347886,12,30481600,0,0
lltp,ILL/petri-nets/MCC,,,BridgeAndVehicles-V20-P10-N10-unfolded_50_1.p,classical,auto,1,false,,5,0,3,,unknown,timeout,,focus,MELL,8424,443,5000.431,19247600,19245805,1793,21238059,0,0
lltp,ILL/petri-nets/MCC,,,BridgeAndVehicles-V20-P10-N10-unfolded_5_1.p,classical,auto,1,false,,5,0,3,,unknown,timeout,,focus,MELL,8426,443,5000.629,19455424,19453629,1793,21468146,0,0
lltp,ILL/petri-nets/MCC,,,BridgeAndVehicles-V20-P10-N20-unfolded_100_1.p,classical,auto,1,false,,5,0,3,,unknown,timeout,,focus,MELL,14984,843,5284.333,675968,0,675966,3449084,0,0
lltp,ILL/petri-nets/MCC,,,BridgeAndVehicles-V20-P10-N20-unfolded_10_1.p,classical,auto,1,false,,5,0,3,,unknown,timeout,,focus,MELL,14986,843,5231.340,2,0,1,7438336,0,0
lltp,ILL/petri-nets/MCC,,,BridgeAndVehicles-V20-P10-N20-unfolded_1_1.p,classical,auto,1,false,,5,0,3,,unknown,timeout,,focus,MELL,14986,843,5339.106,1,0,0,15175680,0,0
lltp,ILL/petri-nets/MCC,,,BridgeAndVehicles-V20-P10-N20-unfolded_20_1.p,classical,auto,1,false,,5,0,3,,unknown,timeout,,focus,MELL,14986,843,5235.038,2,0,1,7438336,0,0
lltp,ILL/petri-nets/MCC,,,BridgeAndVehicles-V20-P10-N20-unfolded_50_1.p,classical,auto,1,false,,5,0,3,,unknown,timeout,,focus,MELL,14984,843,5248.402,2,0,1,7438336,0,0
lltp,ILL/petri-nets/MCC,,,BridgeAndVehicles-V20-P10-N20-unfolded_5_1.p,classical,auto,1,false,,5,0,3,,unknown,timeout,,focus,MELL,14986,843,5230.076,2,0,1,7438336,0,0
lltp,ILL/petri-nets/MCC,,,BridgeAndVehicles-V20-P10-N50-unfolded_100_1.p,classical,auto,1,false,,5,0,3,,unknown,recursion_limit,,focus,MELL,34662,2043,6.415,0,0,0,0,0,0
lltp,ILL/petri-nets/MCC,,,BridgeAndVehicles-V20-P10-N50-unfolded_10_1.p,classical,auto,1,false,,5,0,3,,unknown,recursion_limit,,focus,MELL,34666,2043,5.743,0,0,0,0,0,0
lltp,ILL/petri-nets/MCC,,,BridgeAndVehicles-V20-P10-N50-unfolded_1_1.p,classical,auto,1,false,,5,0,3,,unknown,recursion_limit,,focus,MELL,34666,2043,5.883,0,0,0,0,0,0
lltp,ILL/petri-nets/MCC,,,BridgeAndVehicles-V20-P10-N50-unfolded_20_1.p,classical,auto,1,false,,5,0,3,,unknown,recursion_limit,,focus,MELL,34666,2043,4.874,0,0,0,0,0,0
lltp,ILL/petri-nets/MCC,,,BridgeAndVehicles-V20-P10-N50-unfolded_50_1.p,classical,auto,1,false,,5,0,3,,unknown,recursion_limit,,focus,MELL,34652,2043,5.809,0,0,0,0,0,0
lltp,ILL/petri-nets/MCC,,,BridgeAndVehicles-V20-P10-N50-unfolded_5_1.p,classical,auto,1,false,,5,0,3,,unknown,recursion_limit,,focus,MELL,34666,2043,4.633,0,0,0,0,0,0
lltp,ILL/petri-nets/MCC,,,BridgeAndVehicles-V20-P20-N10-unfolded_100_1.p,classical,auto,1,false,,5,0,3,,unknown,context_too_wide,,focus,MELL,8540,443,0.658,2,0,1,2,0,0
lltp,ILL/petri-nets/MCC,,,BridgeAndVehicles-V20-P20-N10-unfolded_10_1.p,classical,auto,1,false,,5,0,3,,unknown,context_too_wide,,focus,MELL,8546,443,1.088,2,0,1,2,0,0
lltp,ILL/petri-nets/MCC,,,BridgeAndVehicles-V20-P20-N10-unfolded_1_1.p,classical,auto,1,false,,5,0,3,,unknown,context_too_wide,,focus,MELL,8546,443,0.374,1,0,0,0,0,0
lltp,ILL/petri-nets/MCC,,,BridgeAndVehicles-V20-P20-N10-unfolded_20_1.p,classical,auto,1,false,,5,0,3,,unknown,context_too_wide,,focus,MELL,8546,443,0.366,1,0,0,0,0,0
lltp,ILL/petri-nets/MCC,,,BridgeAndVehicles-V20-P20-N10-unfolded_50_1.p,classical,auto,1,false,,5,0,3,,unknown,context_too_wide,,focus,MELL,8544,443,1.082,2,0,1,2,0,0
lltp,ILL/petri-nets/MCC,,,BridgeAndVehicles-V20-P20-N10-unfolded_5_1.p,classical,auto,1,false,,5,0,3,,unknown,context_too_wide,,focus,MELL,8546,443,1.127,2,0,1,2,0,0
lltp,ILL/petri-nets/MCC,,,BridgeAndVehicles-V20-P20-N20-unfolded_100_1.p,classical,auto,1,false,,5,0,3,,unknown,context_too_wide,,focus,MELL,15104,843,1.550,2,0,1,2,0,0
lltp,ILL/petri-nets/MCC,,,BridgeAndVehicles-V20-P20-N20-unfolded_10_1.p,classical,auto,1,false,,5,0,3,,unknown,context_too_wide,,focus,MELL,15106,843,2.131,2,0,1,2,0,0
lltp,ILL/petri-nets/MCC,,,BridgeAndVehicles-V20-P20-N20-unfolded_1_1.p,classical,auto,1,false,,5,0,3,,unknown,context_too_wide,,focus,MELL,15106,843,1.026,1,0,0,0,0,0
lltp,ILL/petri-nets/MCC,,,BridgeAndVehicles-V20-P20-N20-unfolded_20_1.p,classical,auto,1,false,,5,0,3,,unknown,context_too_wide,,focus,MELL,15106,843,2.104,2,0,1,2,0,0
lltp,ILL/petri-nets/MCC,,,BridgeAndVehicles-V20-P20-N20-unfolded_50_1.p,classical,auto,1,false,,5,0,3,,unknown,context_too_wide,,focus,MELL,15104,843,2.161,2,0,1,2,0,0
lltp,ILL/petri-nets/MCC,,,BridgeAndVehicles-V20-P20-N20-unfolded_5_1.p,classical,auto,1,false,,5,0,3,,unknown,context_too_wide,,focus,MELL,15106,843,2.120,2,0,1,2,0,0
lltp,ILL/petri-nets/MCC,,,BridgeAndVehicles-V20-P20-N50-unfolded_100_1.p,classical,auto,1,false,,5,0,3,,unknown,recursion_limit,,focus,MELL,34782,2043,4.756,0,0,0,0,0,0
lltp,ILL/petri-nets/MCC,,,BridgeAndVehicles-V20-P20-N50-unfolded_10_1.p,classical,auto,1,false,,5,0,3,,unknown,recursion_limit,,focus,MELL,34786,2043,5.572,0,0,0,0,0,0
lltp,ILL/petri-nets/MCC,,,BridgeAndVehicles-V20-P20-N50-unfolded_1_1.p,classical,auto,1,false,,5,0,3,,unknown,recursion_limit,,focus,MELL,34786,2043,5.469,0,0,0,0,0,0
lltp,ILL/petri-nets/MCC,,,BridgeAndVehicles-V20-P20-N50-unfolded_20_1.p,classical,auto,1,false,,5,0,3,,unknown,recursion_limit,,focus,MELL,34786,2043,4.330,0,0,0,0,0,0
lltp,ILL/petri-nets/MCC,,,BridgeAndVehicles-V20-P20-N50-unfolded_50_1.p,classical,auto,1,false,,5,0,3,,unknown,recursion_limit,,focus,MELL,34772,2043,5.405,0,0,0,0,0,0
lltp,ILL/petri-nets/MCC,,,BridgeAndVehicles-V20-P20-N50-unfolded_5_1.p,classical,auto,1,false,,5,0,3,,unknown,recursion_limit,,focus,MELL,34786,2043,4.101,0,0,0,0,0,0
lltp,ILL/petri-nets/MCC,,,BridgeAndVehicles-V50-P20-N10-unfolded_100_1.p,classical,auto,1,false,,5,0,3,,unknown,context_too_wide,,focus,MELL,20646,1103,3.571,2,0,1,2,0,0
lltp,ILL/petri-nets/MCC,,,BridgeAndVehicles-V50-P20-N10-unfolded_10_1.p,classical,auto,1,false,,5,0,3,,unknown,context_too_wide,,focus,MELL,20666,1103,3.888,2,0,1,2,0,0
lltp,ILL/petri-nets/MCC,,,BridgeAndVehicles-V50-P20-N10-unfolded_1_1.p,classical,auto,1,false,,5,0,3,,unknown,context_too_wide,,focus,MELL,20666,1103,2.465,1,0,0,0,0,0
lltp,ILL/petri-nets/MCC,,,BridgeAndVehicles-V50-P20-N10-unfolded_20_1.p,classical,auto,1,false,,5,0,3,,unknown,context_too_wide,,focus,MELL,20666,1103,4.350,2,0,1,2,0,0
lltp,ILL/petri-nets/MCC,,,BridgeAndVehicles-V50-P20-N10-unfolded_50_1.p,classical,auto,1,false,,5,0,3,,unknown,context_too_wide,,focus,MELL,20664,1103,3.470,2,0,1,2,0,0
lltp,ILL/petri-nets/MCC,,,BridgeAndVehicles-V50-P20-N10-unfolded_5_1.p,classical,auto,1,false,,5,0,3,,unknown,context_too_wide,,focus,MELL,20666,1103,4.232,2,0,1,2,0,0
lltp,ILL/petri-nets/MCC,,,BridgeAndVehicles-V50-P20-N20-unfolded_100_1.p,classical,auto,1,false,,5,0,3,,unknown,recursion_limit,,focus,MELL,36800,2103,6.349,0,0,0,0,0,0
lltp,ILL/petri-nets/MCC,,,BridgeAndVehicles-V50-P20-N20-unfolded_10_1.p,classical,auto,1,false,,5,0,3,,unknown,recursion_limit,,focus,MELL,36826,2103,5.171,0,0,0,0,0,0
lltp,ILL/petri-nets/MCC,,,BridgeAndVehicles-V50-P20-N20-unfolded_1_1.p,classical,auto,1,false,,5,0,3,,unknown,recursion_limit,,focus,MELL,36826,2103,5.881,0,0,0,0,0,0
lltp,ILL/petri-nets/MCC,,,BridgeAndVehicles-V50-P20-N20-unfolded_20_1.p,classical,auto,1,false,,5,0,3,,unknown,recursion_limit,,focus,MELL,36826,2103,4.700,0,0,0,0,0,0
lltp,ILL/petri-nets/MCC,,,BridgeAndVehicles-V50-P20-N20-unfolded_50_1.p,classical,auto,1,false,,5,0,3,,unknown,recursion_limit,,focus,MELL,36824,2103,4.293,0,0,0,0,0,0
lltp,ILL/petri-nets/MCC,,,BridgeAndVehicles-V50-P20-N20-unfolded_5_1.p,classical,auto,1,false,,5,0,3,,unknown,recursion_limit,,focus,MELL,36826,2103,5.968,0,0,0,0,0,0
lltp,ILL/petri-nets/MCC,,,BridgeAndVehicles-V50-P20-N50-unfolded_100_1.p,classical,auto,1,false,,5,0,3,,unknown,recursion_limit,,focus,MELL,85280,5103,12.923,0,0,0,0,0,0
lltp,ILL/petri-nets/MCC,,,BridgeAndVehicles-V50-P20-N50-unfolded_10_1.p,classical,auto,1,false,,5,0,3,,unknown,recursion_limit,,focus,MELL,85300,5103,12.502,0,0,0,0,0,0
lltp,ILL/petri-nets/MCC,,,BridgeAndVehicles-V50-P20-N50-unfolded_1_1.p,classical,auto,1,false,,5,0,3,,unknown,recursion_limit,,focus,MELL,85306,5103,14.035,0,0,0,0,0,0
lltp,ILL/petri-nets/MCC,,,BridgeAndVehicles-V50-P20-N50-unfolded_20_1.p,classical,auto,1,false,,5,0,3,,unknown,recursion_limit,,focus,MELL,85294,5103,13.207,0,0,0,0,0,0
lltp,ILL/petri-nets/MCC,,,BridgeAndVehicles-V50-P20-N50-unfolded_50_1.p,classical,auto,1,false,,5,0,3,,unknown,recursion_limit,,focus,MELL,85304,5103,12.161,0,0,0,0,0,0
lltp,ILL/petri-nets/MCC,,,BridgeAndVehicles-V50-P20-N50-unfolded_5_1.p,classical,auto,1,false,,5,0,3,,unknown,recursion_limit,,focus,MELL,85304,5103,12.795,0,0,0,0,0,0
lltp,ILL/petri-nets/MCC,,,BridgeAndVehicles-V50-P50-N10-unfolded_100_1.p,classical,auto,1,false,,5,0,3,,unknown,context_too_wide,,focus,MELL,21006,1103,3.323,2,0,1,2,0,0
lltp,ILL/petri-nets/MCC,,,BridgeAndVehicles-V50-P50-N10-unfolded_10_1.p,classical,auto,1,false,,5,0,3,,unknown,context_too_wide,,focus,MELL,21026,1103,5.324,2,0,1,2,0,0
lltp,ILL/petri-nets/MCC,,,BridgeAndVehicles-V50-P50-N10-unfolded_1_1.p,classical,auto,1,false,,5,0,3,,unknown,context_too_wide,,focus,MELL,21026,1103,1.875,1,0,0,0,0,0
lltp,ILL/petri-nets/MCC,,,BridgeAndVehicles-V50-P50-N10-unfolded_20_1.p,classical,auto,1,false,,5,0,3,,unknown,context_too_wide,,focus,MELL,21026,1103,4.770,2,0,1,2,0,0
lltp,ILL/petri-nets/MCC,,,BridgeAndVehicles-V50-P50-N10-unfolded_50_1.p,classical,auto,1,false,,5,0,3,,unknown,context_too_wide,,focus,MELL,21024,1103,3.755,2,0,1,2,0,0
lltp,ILL/petri-nets/MCC,,,BridgeAndVehicles-V50-P50-N10-unfolded_5_1.p,classical,auto,1,false,,5,0,3,,unknown,context_too_wide,,focus,MELL,21026,1103,4.517,2,0,1,2,0,0
lltp,ILL/petri-nets/MCC,,,BridgeAndVehicles-V50-P50-N20-unfolded_100_1.p,classical,auto,1,false,,5,0,3,,unknown,recursion_limit,,focus,MELL,37160,2103,6.454,0,0,0,0,0,0
lltp,ILL/petri-nets/MCC,,,BridgeAndVehicles-V50-P50-N20-unfolded_10_1.p,classical,auto,1,false,,5,0,3,,unknown,recursion_limit,,focus,MELL,37186,2103,4.822,0,0,0,0,0,0
lltp,ILL/petri-nets/MCC,,,BridgeAndVehicles-V50-P50-N20-unfolded_1_1.p,classical,auto,1,false,,5,0,3,,unknown,recursion_limit,,focus,MELL,37186,2103,4.709,0,0,0,0,0,0
lltp,ILL/petri-nets/MCC,,,BridgeAndVehicles-V50-P50-N20-unfolded_20_1.p,classical,auto,1,false,,5,0,3,,unknown,recursion_limit,,focus,MELL,37186,2103,4.195,0,0,0,0,0,0
lltp,ILL/petri-nets/MCC,,,BridgeAndVehicles-V50-P50-N20-unfolded_50_1.p,classical,auto,1,false,,5,0,3,,unknown,recursion_limit,,focus,MELL,37184,2103,4.680,0,0,0,0,0,0
lltp,ILL/petri-nets/MCC,,,BridgeAndVehicles-V50-P50-N20-unfolded_5_1.p,classical,auto,1,false,,5,0,3,,unknown,recursion_limit,,focus,MELL,37186,2103,5.687,0,0,0,0,0,0
lltp,ILL/petri-nets/MCC,,,BridgeAndVehicles-V50-P50-N50-unfolded_100_1.p,classical,auto,1,false,,5,0,3,,unknown,recursion_limit,,focus,MELL,85640,5103,13.097,0,0,0,0,0,0
lltp,ILL/petri-nets/MCC,,,BridgeAndVehicles-V50-P50-N50-unfolded_10_1.p,classical,auto,1,false,,5,0,3,,unknown,recursion_limit,,focus,MELL,85660,5103,13.497,0,0,0,0,0,0
lltp,ILL/petri-nets/MCC,,,BridgeAndVehicles-V50-P50-N50-unfolded_1_1.p,classical,auto,1,false,,5,0,3,,unknown,recursion_limit,,focus,MELL,85666,5103,13.553,0,0,0,0,0,0
lltp,ILL/petri-nets/MCC,,,BridgeAndVehicles-V50-P50-N50-unfolded_20_1.p,classical,auto,1,false,,5,0,3,,unknown,recursion_limit,,focus,MELL,85654,5103,14.207,0,0,0,0,0,0
lltp,ILL/petri-nets/MCC,,,BridgeAndVehicles-V50-P50-N50-unfolded_50_1.p,classical,auto,1,false,,5,0,3,,unknown,recursion_limit,,focus,MELL,85664,5103,13.213,0,0,0,0,0,0
lltp,ILL/petri-nets/MCC,,,BridgeAndVehicles-V50-P50-N50-unfolded_5_1.p,classical,auto,1,false,,5,0,3,,unknown,recursion_limit,,focus,MELL,85664,5103,13.094,0,0,0,0,0,0
lltp,ILL/petri-nets/MCC,,,BridgeAndVehicles-V80-P20-N10-unfolded_100_1.p,classical,auto,1,false,,5,0,3,,unknown,recursion_limit,,focus,MELL,32780,1763,5.413,0,0,0,0,0,0
lltp,ILL/petri-nets/MCC,,,BridgeAndVehicles-V80-P20-N10-unfolded_10_1.p,classical,auto,1,false,,5,0,3,,unknown,recursion_limit,,focus,MELL,32786,1763,4.859,0,0,0,0,0,0
lltp,ILL/petri-nets/MCC,,,BridgeAndVehicles-V80-P20-N10-unfolded_1_1.p,classical,auto,1,false,,5,0,3,,unknown,recursion_limit,,focus,MELL,32786,1763,4.233,0,0,0,0,0,0
lltp,ILL/petri-nets/MCC,,,BridgeAndVehicles-V80-P20-N10-unfolded_20_1.p,classical,auto,1,false,,5,0,3,,unknown,recursion_limit,,focus,MELL,32786,1763,5.022,0,0,0,0,0,0
lltp,ILL/petri-nets/MCC,,,BridgeAndVehicles-V80-P20-N10-unfolded_50_1.p,classical,auto,1,false,,5,0,3,,unknown,recursion_limit,,focus,MELL,32784,1763,4.834,0,0,0,0,0,0
lltp,ILL/petri-nets/MCC,,,BridgeAndVehicles-V80-P20-N10-unfolded_5_1.p,classical,auto,1,false,,5,0,3,,unknown,recursion_limit,,focus,MELL,32784,1763,3.907,0,0,0,0,0,0
lltp,ILL/petri-nets/MCC,,,BridgeAndVehicles-V80-P20-N20-unfolded_100_1.p,classical,auto,1,false,,5,0,3,,unknown,recursion_limit,,focus,MELL,58540,3363,8.558,0,0,0,0,0,0
lltp,ILL/petri-nets/MCC,,,BridgeAndVehicles-V80-P20-N20-unfolded_10_1.p,classical,auto,1,false,,5,0,3,,unknown,recursion_limit,,focus,MELL,58546,3363,8.986,0,0,0,0,0,0
lltp,ILL/petri-nets/MCC,,,BridgeAndVehicles-V80-P20-N20-unfolded_1_1.p,classical,auto,1,false,,5,0,3,,unknown,recursion_limit,,focus,MELL,58546,3363,8.385,0,0,0,0,0,0
lltp,ILL/petri-nets/MCC,,,BridgeAndVehicles-V80-P20-N20-unfolded_20_1.p,classical,auto,1,false,,5,0,3,,unknown,recursion_limit,,focus,MELL,58544,3363,8.658,0,0,0,0,0,0
lltp,ILL/petri-nets/MCC,,,BridgeAndVehicles-V80-P20-N20-unfolded_50_1.p,classical,auto,1,false,,5,0,3,,unknown,recursion_limit,,focus,MELL,58544,3363,8.384,0,0,0,0,0,0
lltp,ILL/petri-nets/MCC,,,BridgeAndVehicles-V80-P20-N20-unfolded_5_1.p,classical,auto,1,false,,5,0,3,,unknown,recursion_limit,,focus,MELL,58546,3363,7.326,0,0,0,0,0,0
lltp,ILL/petri-nets/MCC,,,BridgeAndVehicles-V80-P20-N50-unfolded_100_1.p,classical,auto,1,false,,5,0,3,,unknown,recursion_limit,,focus,MELL,135820,8163,21.809,0,0,0,0,0,0
lltp,ILL/petri-nets/MCC,,,BridgeAndVehicles-V80-P20-N50-unfolded_10_1.p,classical,auto,1,false,,5,0,3,,unknown,recursion_limit,,focus,MELL,135824,8163,21.792,0,0,0,0,0,0
lltp,ILL/petri-nets/MCC,,,BridgeAndVehicles-V80-P20-N50-unfolded_1_1.p,classical,auto,1,false,,5,0,3,,unknown,recursion_limit,,focus,MELL,135826,8163,20.288,0,0,0,0,0,0
lltp,ILL/petri-nets/MCC,,,BridgeAndVehicles-V80-P20-N50-unfolded_20_1.p,classical,auto,1,false,,5,0,3,,unknown,recursion_limit,,focus,MELL,135824,8163,21.742,0,0,0,0,0,0
lltp,ILL/petri-nets/MCC,,,BridgeAndVehicles-V80-P20-N50-unfolded_50_1.p,classical,auto,1,false,,5,0,3,,unknown,recursion_limit,,focus,MELL,135824,8163,19.815,0,0,0,0,0,0
lltp,ILL/petri-nets/MCC,,,BridgeAndVehicles-V80-P20-N50-unfolded_5_1.p,classical,auto,1,false,,5,0,3,,unknown,recursion_limit,,focus,MELL,135824,8163,21.587,0,0,0,0,0,0
lltp,ILL/petri-nets/MCC,,,BridgeAndVehicles-V80-P50-N10-unfolded_100_1.p,classical,auto,1,false,,5,0,3,,unknown,recursion_limit,,focus,MELL,33140,1763,5.369,0,0,0,0,0,0
lltp,ILL/petri-nets/MCC,,,BridgeAndVehicles-V80-P50-N10-unfolded_10_1.p,classical,auto,1,false,,5,0,3,,unknown,recursion_limit,,focus,MELL,33146,1763,4.384,0,0,0,0,0,0
lltp,ILL/petri-nets/MCC,,,BridgeAndVehicles-V80-P50-N10-unfolded_1_1.p,classical,auto,1,false,,5,0,3,,unknown,recursion_limit,,focus,MELL,33146,1763,3.874,0,0,0,0,0,0
lltp,ILL/petri-nets/MCC,,,BridgeAndVehicles-V80-P50-N10-unfolded_20_1.p,classical,auto,1,false,,5,0,3,,unknown,recursion_limit,,focus,MELL,33144,1763,3.778,0,0,0,0,0,0
lltp,ILL/petri-nets/MCC,,,BridgeAndVehicles-V80-P50-N10-unfolded_50_1.p,classical,auto,1,false,,5,0,3,,unknown,recursion_limit,,focus,MELL,33144,1763,5.010,0,0,0,0,0,0
lltp,ILL/petri-nets/MCC,,,BridgeAndVehicles-V80-P50-N10-unfolded_5_1.p,classical,auto,1,false,,5,0,3,,unknown,recursion_limit,,focus,MELL,33146,1763,3.949,0,0,0,0,0,0
lltp,ILL/petri-nets/MCC,,,BridgeAndVehicles-V80-P50-N20-unfolded_100_1.p,classical,auto,1,false,,5,0,3,,unknown,recursion_limit,,focus,MELL,58900,3363,9.172,0,0,0,0,0,0
lltp,ILL/petri-nets/MCC,,,BridgeAndVehicles-V80-P50-N20-unfolded_10_1.p,classical,auto,1,false,,5,0,3,,unknown,recursion_limit,,focus,MELL,58906,3363,9.674,0,0,0,0,0,0
lltp,ILL/petri-nets/MCC,,,BridgeAndVehicles-V80-P50-N20-unfolded_1_1.p,classical,auto,1,false,,5,0,3,,unknown,recursion_limit,,focus,MELL,58906,3363,8.419,0,0,0,0,0,0
lltp,ILL/petri-nets/MCC,,,BridgeAndVehicles-V80-P50-N20-unfolded_20_1.p,classical,auto,1,false,,5,0,3,,unknown,recursion_limit,,focus,MELL,58904,3363,8.927,0,0,0,0,0,0
lltp,ILL/petri-nets/MCC,,,BridgeAndVehicles-V80-P50-N20-unfolded_50_1.p,classical,auto,1,false,,5,0,3,,unknown,recursion_limit,,focus,MELL,58904,3363,8.347,0,0,0,0,0,0
lltp,ILL/petri-nets/MCC,,,BridgeAndVehicles-V80-P50-N20-unfolded_5_1.p,classical,auto,1,false,,5,0,3,,unknown,recursion_limit,,focus,MELL,58906,3363,8.030,0,0,0,0,0,0
lltp,ILL/petri-nets/MCC,,,BridgeAndVehicles-V80-P50-N50-unfolded_100_1.p,classical,auto,1,false,,5,0,3,,unknown,recursion_limit,,focus,MELL,136180,8163,21.373,0,0,0,0,0,0
lltp,ILL/petri-nets/MCC,,,BridgeAndVehicles-V80-P50-N50-unfolded_10_1.p,classical,auto,1,false,,5,0,3,,unknown,recursion_limit,,focus,MELL,136184,8163,20.241,0,0,0,0,0,0
lltp,ILL/petri-nets/MCC,,,BridgeAndVehicles-V80-P50-N50-unfolded_1_1.p,classical,auto,1,false,,5,0,3,,unknown,recursion_limit,,focus,MELL,136186,8163,21.367,0,0,0,0,0,0
lltp,ILL/petri-nets/MCC,,,BridgeAndVehicles-V80-P50-N50-unfolded_20_1.p,classical,auto,1,false,,5,0,3,,unknown,recursion_limit,,focus,MELL,136184,8163,21.570,0,0,0,0,0,0
lltp,ILL/petri-nets/MCC,,,BridgeAndVehicles-V80-P50-N50-unfolded_50_1.p,classical,auto,1,false,,5,0,3,,unknown,recursion_limit,,focus,MELL,136184,8163,21.453,0,0,0,0,0,0
lltp,ILL/petri-nets/MCC,,,BridgeAndVehicles-V80-P50-N50-unfolded_5_1.p,classical,auto,1,false,,5,0,3,,unknown,recursion_limit,,focus,MELL,136184,8163,21.283,0,0,0,0,0,0
lltp,ILL/petri-nets/MCC,,,CSRepetitions_cs_repetitions-10-unfolded_1_1.p,classical,auto,1,false,,5,0,3,,unknown,recursion_limit,,focus,MELL,18078,1010,2.620,0,0,0,0,0,0
lltp,ILL/petri-nets/MCC,,,CSRepetitions_cs_repetitions-10-unfolded_20_1.p,classical,auto,1,false,,5,0,3,,unknown,recursion_limit,,focus,MELL,18078,1010,2.408,0,0,0,0,0,0
lltp,ILL/petri-nets/MCC,,,CSRepetitions_cs_repetitions-10-unfolded_50_1.p,classical,auto,1,false,,5,0,3,,unknown,recursion_limit,,focus,MELL,18078,1010,2.994,0,0,0,0,0,0
lltp,ILL/petri-nets/MCC,,,CSRepetitions_cs_repetitions-10-unfolded_5_1.p,classical,auto,1,false,,5,0,3,,unknown,recursion_limit,,focus,MELL,18078,1010,2.293,0,0,0,0,0,0
lltp,ILL/petri-nets/MCC,,,CSRepetitions_cs_repetitions-2-unfolded_100_1.p,classical,auto,1,false,,5,0,3,,proved,,ok,focus,MELL,222,10,132.695,412164,402493,9010,3241609,0,0
lltp,ILL/petri-nets/MCC,,,CSRepetitions_cs_repetitions-2-unfolded_10_1.p,classical,auto,1,false,,5,0,3,,unknown,timeout,,focus,MELL,222,10,5055.623,20539559,20495171,40573,139361366,0,0
lltp,ILL/petri-nets/MCC,,,CSRepetitions_cs_repetitions-2-unfolded_1_1.p,classical,auto,1,false,,5,0,3,,proved,,ok,focus,MELL,222,10,0.049,4,0,2,23,0,0
lltp,ILL/petri-nets/MCC,,,CSRepetitions_cs_repetitions-2-unfolded_20_1.p,classical,auto,1,false,,5,0,3,,proved,,ok,focus,MELL,222,10,131.700,412164,402493,9010,3241609,0,0
lltp,ILL/petri-nets/MCC,,,CSRepetitions_cs_repetitions-2-unfolded_50_1.p,classical,auto,1,false,,5,0,3,,unknown,timeout,,focus,MELL,222,10,5057.542,20465511,20421126,40570,138801606,0,0
lltp,ILL/petri-nets/MCC,,,CSRepetitions_cs_repetitions-2-unfolded_5_1.p,classical,auto,1,false,,5,0,3,,proved,,ok,focus,MELL,222,10,50.362,270220,261190,8444,857266,0,0
lltp,ILL/petri-nets/MCC,,,CSRepetitions_cs_repetitions-3-unfolded_10_1.p,classical,auto,1,false,,5,0,3,,unknown,timeout,,focus,MELL,634,30,5013.688,1,0,0,73424896,0,0
lltp,ILL/petri-nets/MCC,,,CSRepetitions_cs_repetitions-3-unfolded_1_1.p,classical,auto,1,false,,5,0,3,,proved,,ok,focus,MELL,634,30,0.111,4,0,2,29,0,0
lltp,ILL/petri-nets/MCC,,,CSRepetitions_cs_repetitions-3-unfolded_20_1.p,classical,auto,1,false,,5,0,3,,unknown,timeout,,focus,MELL,634,30,5039.694,56381,1408,54963,75116544,0,0
lltp,ILL/petri-nets/MCC,,,CSRepetitions_cs_repetitions-3-unfolded_50_1.p,classical,auto,1,false,,5,0,3,,unknown,timeout,,focus,MELL,634,30,5263.232,1374237,221077,1048576,59863033,0,0
lltp,ILL/petri-nets/MCC,,,CSRepetitions_cs_repetitions-3-unfolded_5_1.p,classical,auto,1,false,,5,0,3,,unknown,timeout,,focus,MELL,634,30,5040.686,44056,21259,22779,73424896,0,0
lltp,ILL/petri-nets/MCC,,,CSRepetitions_cs_repetitions-4-unfolded_1_1.p,classical,auto,1,false,,5,0,3,,proved,,ok,focus,MELL,1374,68,0.259,4,0,2,47,0,0
lltp,ILL/petri-nets/MCC,,,CSRepetitions_cs_repetitions-4-unfolded_20_1.p,classical,auto,1,false,,5,0,3,,unknown,timeout,,focus,MELL,1374,68,5009.566,1,0,0,42582016,0,0
lltp,ILL/petri-nets/MCC,,,CSRepetitions_cs_repetitions-4-unfolded_50_1.p,classical,auto,1,false,,5,0,3,,unknown,timeout,,focus,MELL,1374,68,5098.461,2424970,5,1048576,26772741,0,0
lltp,ILL/petri-nets/MCC,,,CSRepetitions_cs_repetitions-4-unfolded_5_1.p,classical,auto,1,false,,5,0,3,,unknown,timeout,,focus,MELL,1374,68,5290.852,3146573,5225,1048576,24438738,0,0
lltp,ILL/petri-nets/MCC,,,CSRepetitions_cs_repetitions-5-unfolded_1_1.p,classical,auto,1,false,,5,0,3,,proved,,ok,focus,MELL,2538,130,0.556,4,0,2,69,0,0
lltp,ILL/petri-nets/MCC,,,CSRepetitions_cs_repetitions-5-unfolded_20_1.p,classical,auto,1,false,,5,0,3,,unknown,timeout,,focus,MELL,2538,130,5082.818,1,0,0,35016704,0,0
lltp,ILL/petri-nets/MCC,,,CSRepetitions_cs_repetitions-5-unfolded_50_1.p,classical,auto,1,false,,5,0,3,,unknown,timeout,,focus,MELL,2538,130,5286.674,1,0,0,40075264,0,0
lltp,ILL/petri-nets/MCC,,,CSRepetitions_cs_repetitions-5-unfolded_5_1.p,classical,auto,1,false,,5,0,3,,unknown,timeout,,focus,MELL,2538,130,5080.432,1,0,0,37482496,0,0
lltp,ILL/petri-nets/MCC,,,CSRepetitions_cs_repetitions-7-unfolded_1_1.p,classical,auto,1,false,,5,0,3,,proved,,ok,focus,MELL,6522,350,2.268,4,0,2,125,0,0
lltp,ILL/petri-nets/MCC,,,CSRepetitions_cs_repetitions-7-unfolded_20_1.p,classical,auto,1,false,,5,0,3,,unknown,timeout,,focus,MELL,6522,350,5287.672,1,0,0,17522688,0,0
lltp,ILL/petri-nets/MCC,,,CSRepetitions_cs_repetitions-7-unfolded_50_1.p,classical,auto,1,false,,5,0,3,,unknown,timeout,,focus,MELL,6522,350,6904.929,1,0,0,25911296,0,0
lltp,ILL/petri-nets/MCC,,,CSRepetitions_cs_repetitions-7-unfolded_5_1.p,classical,auto,1,false,,5,0,3,,proved,,ok,focus,MELL,6522,350,86.789,8144,6618,1514,151656,0,0
lltp,ILL/petri-nets/MCC,,,CircadianClock_circadian_clock-000001_100_1.p,classical,auto,1,false,,5,0,3,,proved,,ok,focus,MELL,142,5,0.763,675,14,654,15284,0,0
lltp,ILL/petri-nets/MCC,,,CircadianClock_circadian_clock-000001_10_1.p,classical,auto,1,false,,5,0,3,,proved,,ok,focus,MELL,142,5,0.758,675,14,654,15284,0,0
lltp,ILL/petri-nets/MCC,,,CircadianClock_circadian_clock-000001_1_1.p,classical,auto,1,false,,5,0,3,,proved,,ok,focus,MELL,142,5,0.051,4,0,3,449,0,0
lltp,ILL/petri-nets/MCC,,,CircadianClock_circadian_clock-000001_20_1.p,classical,auto,1,false,,5,0,3,,proved,,ok,focus,MELL,142,5,0.770,675,14,654,15284,0,0
lltp,ILL/petri-nets/MCC,,,CircadianClock_circadian_clock-000001_50_1.p,classical,auto,1,false,,5,0,3,,proved,,ok,focus,MELL,142,5,0.774,675,14,654,15284,0,0
lltp,ILL/petri-nets/MCC,,,CircadianClock_circadian_clock-000001_5_1.p,classical,auto,1,false,,5,0,3,,proved,,ok,focus,MELL,142,5,0.049,4,0,3,449,0,0
lltp,ILL/petri-nets/MCC,,,CircadianClock_circadian_clock-000010_100_1.p,classical,auto,1,false,,5,0,3,,unknown,timeout,,focus,MELL,322,14,5022.579,1,0,0,127025152,0,0
lltp,ILL/petri-nets/MCC,,,CircadianClock_circadian_clock-000010_10_1.p,classical,auto,1,false,,5,0,3,,unknown,timeout,,focus,MELL,322,14,5025.693,1,0,0,132005888,0,0
lltp,ILL/petri-nets/MCC,,,CircadianClock_circadian_clock-000010_1_1.p,classical,auto,1,false,,5,0,3,,unknown,timeout,,focus,MELL,322,14,5010.966,1,0,0,128909312,0,0
lltp,ILL/petri-nets/MCC,,,CircadianClock_circadian_clock-000010_20_1.p,classical,auto,1,false,,5,0,3,,unknown,timeout,,focus,MELL,322,14,5032.640,1,0,0,133005312,0,0
lltp,ILL/petri-nets/MCC,,,CircadianClock_circadian_clock-000010_50_1.p,classical,auto,1,false,,5,0,3,,unknown,timeout,,focus,MELL,322,14,5011.571,1,0,0,142311424,0,0
lltp,ILL/petri-nets/MCC,,,CircadianClock_circadian_clock-000010_5_1.p,classical,auto,1,false,,5,0,3,,unknown,timeout,,focus,MELL,322,14,5007.766,1,0,0,137904128,0,0
lltp,ILL/petri-nets/MCC,,,CircadianClock_circadian_clock-000100_100_1.p,classical,auto,1,false,,5,0,3,,unknown,context_too_wide,,focus,MELL,2122,104,0.076,1,0,0,83,0,0
lltp,ILL/petri-nets/MCC,,,CircadianClock_circadian_clock-000100_10_1.p,classical,auto,1,false,,5,0,3,,unknown,context_too_wide,,focus,MELL,2122,104,0.071,1,0,0,100,0,0
lltp,ILL/petri-nets/MCC,,,CircadianClock_circadian_clock-000100_1_1.p,classical,auto,1,false,,5,0,3,,unknown,context_too_wide,,focus,MELL,2122,104,0.074,1,0,0,100,0,0
lltp,ILL/petri-nets/MCC,,,CircadianClock_circadian_clock-000100_20_1.p,classical,auto,1,false,,5,0,3,,unknown,context_too_wide,,focus,MELL,2122,104,0.072,1,0,0,100,0,0
lltp,ILL/petri-nets/MCC,,,CircadianClock_circadian_clock-000100_50_1.p,classical,auto,1,false,,5,0,3,,unknown,context_too_wide,,focus,MELL,2122,104,0.070,1,0,0,92,0,0
lltp,ILL/petri-nets/MCC,,,CircadianClock_circadian_clock-000100_5_1.p,classical,auto,1,false,,5,0,3,,unknown,context_too_wide,,focus,MELL,2122,104,0.071,1,0,0,100,0,0
lltp,ILL/petri-nets/MCC,,,CircadianClock_circadian_clock-001000_100_1.p,classical,auto,1,false,,5,0,3,,unknown,context_too_wide,,focus,MELL,20122,1004,3.068,1,0,0,983,0,0
lltp,ILL/petri-nets/MCC,,,CircadianClock_circadian_clock-001000_10_1.p,classical,auto,1,false,,5,0,3,,unknown,context_too_wide,,focus,MELL,20122,1004,2.232,1,0,0,1000,0,0
lltp,ILL/petri-nets/MCC,,,CircadianClock_circadian_clock-001000_1_1.p,classical,auto,1,false,,5,0,3,,unknown,context_too_wide,,focus,MELL,20122,1004,2.386,1,0,0,1000,0,0
lltp,ILL/petri-nets/MCC,,,CircadianClock_circadian_clock-001000_20_1.p,classical,auto,1,false,,5,0,3,,unknown,context_too_wide,,focus,MELL,20122,1004,2.164,1,0,0,1000,0,0
lltp,ILL/petri-nets/MCC,,,CircadianClock_circadian_clock-001000_50_1.p,classical,auto,1,false,,5,0,3,,unknown,context_too_wide,,focus,MELL,20122,1004,2.263,1,0,0,992,0,0
lltp,ILL/petri-nets/MCC,,,CircadianClock_circadian_clock-001000_5_1.p,classical,auto,1,false,,5,0,3,,unknown,context_too_wide,,focus,MELL,20122,1004,2.313,1,0,0,1000,0,0
lltp,ILL/petri-nets/MCC,,,CircularTrains_CircularTrain-012_100_1.p,classical,auto,1,false,,5,0,3,,unknown,timeout,,focus,MELL,142,3,5030.419,42907,42842,64,147664896,0,0
lltp,ILL/petri-nets/MCC,,,CircularTrains_CircularTrain-012_10_1.p,classical,auto,1,false,,5,0,3,,unknown,timeout,,focus,MELL,142,2,5012.642,9590726,9549396,41209,135835648,0,0
lltp,ILL/petri-nets/MCC,,,CircularTrains_CircularTrain-012_1_1.p,classical,auto,1,false,,5,0,3,,proved,,ok,focus,MELL,142,3,0.310,101,64,25,6456,0,0
lltp,ILL/petri-nets/MCC,,,CircularTrains_CircularTrain-012_20_1.p,classical,auto,1,false,,5,0,3,,unknown,timeout,,focus,MELL,142,3,5019.743,1,0,0,148873216,0,0
lltp,ILL/petri-nets/MCC,,,CircularTrains_CircularTrain-012_50_1.p,classical,auto,1,false,,5,0,3,,unknown,timeout,,focus,MELL,142,3,5012.170,3750,3724,24,148986497,0,0
lltp,ILL/petri-nets/MCC,,,CircularTrains_CircularTrain-012_5_1.p,classical,auto,1,false,,5,0,3,,unknown,copy_bound,,focus,MELL,142,3,2497.754,32964,7262,21563,71740370,0,0
lltp,ILL/petri-nets/MCC,,,CircularTrains_CircularTrain-024_100_1.p,classical,auto,1,false,,5,0,3,,unknown,timeout,,focus,MELL,286,3,5026.084,1,0,0,120610816,0,0
lltp,ILL/petri-nets/MCC,,,CircularTrains_CircularTrain-024_10_1.p,classical,auto,1,false,,5,0,3,,unknown,timeout,,focus,MELL,286,3,5002.200,1,0,0,129466368,0,0
lltp,ILL/petri-nets/MCC,,,CircularTrains_CircularTrain-024_1_1.p,classical,auto,1,false,,5,0,3,,unknown,timeout,,focus,MELL,286,3,5014.732,32,19,12,121602048,0,0
lltp,ILL/petri-nets/MCC,,,CircularTrains_CircularTrain-024_20_1.p,classical,auto,1,false,,5,0,3,,unknown,timeout,,focus,MELL,286,3,5000.799,1,0,0,125722624,0,0
lltp,ILL/petri-nets/MCC,,,CircularTrains_CircularTrain-024_50_1.p,classical,auto,1,false,,5,0,3,,unknown,timeout,,focus,MELL,286,3,5013.807,1,0,0,124395520,0,0
lltp,ILL/petri-nets/MCC,,,CircularTrains_CircularTrain-024_5_1.p,classical,auto,1,false,,5,0,3,,unknown,timeout,,focus,MELL,286,3,5035.132,1,0,0,122466304,0,0
lltp,ILL/petri-nets/MCC,,,CircularTrains_CircularTrain-048_100_1.p,classical,auto,1,false,,5,0,3,,unknown,timeout,,focus,MELL,574,3,5030.720,1,0,0,93761536,0,0
lltp,ILL/petri-nets/MCC,,,CircularTrains_CircularTrain-048_10_1.p,classical,auto,1,false,,5,0,3,,unknown,timeout,,focus,MELL,574,3,5007.207,1,0,0,87289856,0,0
lltp,ILL/petri-nets/MCC,,,CircularTrains_CircularTrain-048_1_1.p,classical,auto,1,false,,5,0,3,,unknown,timeout,,focus,MELL,574,3,5047.426,1,0,0,85323776,0,0
lltp,ILL/petri-nets/MCC,,,CircularTrains_CircularTrain-048_20_1.p,classical,auto,1,false,,5,0,3,,unknown,timeout,,focus,MELL,574,3,5007.580,1,0,0,93917184,0,0
lltp,ILL/petri-nets/MCC,,,CircularTrains_CircularTrain-048_50_1.p,classical,auto,1,false,,5,0,3,,unknown,timeout,,focus,MELL,574,3,5031.329,1,0,0,81649664,0,0
lltp,ILL/petri-nets/MCC,,,CircularTrains_CircularTrain-048_5_1.p,classical,auto,1,false,,5,0,3,,unknown,timeout,,focus,MELL,574,3,5019.512,1,0,0,90783744,0,0
lltp,ILL/petri-nets/MCC,,,CircularTrains_CircularTrain-096_100_1.p,classical,auto,1,false,,5,0,3,,unknown,context_too_wide,,focus,MELL,1150,3,0.058,1,0,0,1,0,0
lltp,ILL/petri-nets/MCC,,,CircularTrains_CircularTrain-096_1_1.p,classical,auto,1,false,,5,0,3,,unknown,context_too_wide,,focus,MELL,1150,3,0.051,1,0,0,1,0,0
lltp,ILL/petri-nets/MCC,,,CircularTrains_CircularTrain-096_20_1.p,classical,auto,1,false,,5,0,3,,unknown,context_too_wide,,focus,MELL,1150,3,0.063,1,0,0,21,0,0
lltp,ILL/petri-nets/MCC,,,CircularTrains_CircularTrain-096_50_1.p,classical,auto,1,false,,5,0,3,,unknown,context_too_wide,,focus,MELL,1150,3,0.054,1,0,0,6,0,0
lltp,ILL/petri-nets/MCC,,,CircularTrains_CircularTrain-096_5_1.p,classical,auto,1,false,,5,0,3,,unknown,context_too_wide,,focus,MELL,1150,3,0.050,1,0,0,1,0,0
lltp,ILL/petri-nets/MCC,,,CircularTrains_CircularTrain-192_100_1.p,classical,auto,1,false,,5,0,3,,unknown,context_too_wide,,focus,MELL,2302,3,0.119,1,0,0,14,0,0
lltp,ILL/petri-nets/MCC,,,CircularTrains_CircularTrain-192_1_1.p,classical,auto,1,false,,5,0,3,,unknown,context_too_wide,,focus,MELL,2302,3,0.117,1,0,0,33,0,0
lltp,ILL/petri-nets/MCC,,,CircularTrains_CircularTrain-192_20_1.p,classical,auto,1,false,,5,0,3,,unknown,context_too_wide,,focus,MELL,2302,3,0.123,1,0,0,52,0,0
lltp,ILL/petri-nets/MCC,,,CircularTrains_CircularTrain-192_50_1.p,classical,auto,1,false,,5,0,3,,unknown,context_too_wide,,focus,MELL,2302,3,0.118,1,0,0,38,0,0
lltp,ILL/petri-nets/MCC,,,CircularTrains_CircularTrain-192_5_1.p,classical,auto,1,false,,5,0,3,,unknown,context_too_wide,,focus,MELL,2302,3,0.120,1,0,0,60,0,0
lltp,ILL/petri-nets/MCC,,,CircularTrains_CircularTrain-384_100_1.p,classical,auto,1,false,,5,0,3,,unknown,context_too_wide,,focus,MELL,4606,3,0.362,1,0,0,78,0,0
lltp,ILL/petri-nets/MCC,,,CircularTrains_CircularTrain-384_1_1.p,classical,auto,1,false,,5,0,3,,unknown,context_too_wide,,focus,MELL,4606,3,0.329,1,0,0,97,0,0
lltp,ILL/petri-nets/MCC,,,CircularTrains_CircularTrain-384_20_1.p,classical,auto,1,false,,5,0,3,,unknown,context_too_wide,,focus,MELL,4606,3,0.340,1,0,0,116,0,0
lltp,ILL/petri-nets/MCC,,,CircularTrains_CircularTrain-384_50_1.p,classical,auto,1,false,,5,0,3,,unknown,context_too_wide,,focus,MELL,4606,3,0.313,1,0,0,102,0,0
lltp,ILL/petri-nets/MCC,,,CircularTrains_CircularTrain-384_5_1.p,classical,auto,1,false,,5,0,3,,unknown,context_too_wide,,focus,MELL,4606,3,0.333,1,0,0,124,0,0
lltp,ILL/petri-nets/MCC,,,CircularTrains_CircularTrain-768_100_1.p,classical,auto,1,false,,5,0,3,,unknown,context_too_wide,,focus,MELL,9214,3,1.233,1,0,0,206,0,0
lltp,ILL/petri-nets/MCC,,,CircularTrains_CircularTrain-768_1_1.p,classical,auto,1,false,,5,0,3,,unknown,context_too_wide,,focus,MELL,9214,3,0.709,1,0,0,47,0,0
lltp,ILL/petri-nets/MCC,,,CircularTrains_CircularTrain-768_20_1.p,classical,auto,1,false,,5,0,3,,unknown,context_too_wide,,focus,MELL,9214,3,1.078,1,0,0,244,0,0
lltp,ILL/petri-nets/MCC,,,CircularTrains_CircularTrain-768_50_1.p,classical,auto,1,false,,5,0,3,,unknown,context_too_wide,,focus,MELL,9214,3,0.975,1,0,0,230,0,0
lltp,ILL/petri-nets/MCC,,,CircularTrains_CircularTrain-768_5_1.p,classical,auto,1,false,,5,0,3,,unknown,context_too_wide,,focus,MELL,9214,3,0.969,1,0,0,252,0,0
lltp,ILL/petri-nets/MCC,,,ClientsAndServers-0001-0_100_1.p,classical,auto,1,false,,5,0,3,,unknown,timeout,,focus,MELL,178,9,5000.146,31959836,31959770,64,97926538,0,0
lltp,ILL/petri-nets/MCC,,,ClientsAndServers-0001-0_10_1.p,classical,auto,1,false,,5,0,3,,unknown,timeout,,focus,MELL,190,9,5000.122,31865619,31865525,92,96465669,0,0
lltp,ILL/petri-nets/MCC,,,ClientsAndServers-0001-0_1_1.p,classical,auto,1,false,,5,0,3,,proved,,ok,focus,MELL,176,9,25.730,25,15,7,528448,0,0
lltp,ILL/petri-nets/MCC,,,ClientsAndServers-0001-0_20_1.p,classical,auto,1,false,,5,0,3,,unknown,timeout,,focus,MELL,182,9,5000.096,34031780,34031674,104,95651009,0,0
lltp,ILL/petri-nets/MCC,,,ClientsAndServers-0001-0_50_1.p,classical,auto,1,false,,5,0,3,,unknown,timeout,,focus,MELL,178,9,5000.089,30486766,30486700,64,95190734,0,0
lltp,ILL/petri-nets/MCC,,,ClientsAndServers-0001-0_5_1.p,classical,auto,1,false,,5,0,3,,unknown,timeout,,focus,MELL,184,9,5025.862,14166509,14035137,131226,110161723,0,0
lltp,ILL/petri-nets/MCC,,,ClientsAndServers-0002-0_100_1.p,classical,auto,1,false,,5,0,3,,unknown,timeout,,focus,MELL,250,17,5005.463,1,0,0,131596288,0,0
lltp,ILL/petri-nets/MCC,,,ClientsAndServers-0002-0_10_1.p,classical,auto,1,false,,5,0,3,,unknown,timeout,,focus,MELL,262,17,5035.649,158,154,3,123596800,0,0
lltp,ILL/petri-nets/MCC,,,ClientsAndServers-0002-0_1_1.p,classical,auto,1,false,,5,0,,,unknown,killed,,,,,,10564.044,,,,,,
lltp,ILL/petri-nets/MCC,,,ClientsAndServers-0002-0_20_1.p,classical,auto,1,false,,5,0,3,,unknown,timeout,,focus,MELL,270,17,5000.191,14865879,14865847,30,105657626,0,0
lltp,ILL/petri-nets/MCC,,,ClientsAndServers-0002-0_50_1.p,classical,auto,1,false,,5,0,3,,unknown,timeout,,focus,MELL,258,17,5002.801,13912095,13912062,31,108856972,0,0
lltp,ILL/petri-nets/MCC,,,ClientsAndServers-0002-0_5_1.p,classical,auto,1,false,,5,0,3,,unknown,timeout,,focus,MELL,252,17,5061.656,1,0,0,120287232,0,0
lltp,ILL/petri-nets/MCC,,,ClientsAndServers-0002-1_100_1.p,classical,auto,1,false,,5,0,3,,unknown,timeout,,focus,MELL,266,17,5003.157,1,0,0,143577088,0,0
lltp,ILL/petri-nets/MCC,,,ClientsAndServers-0002-1_10_1.p,classical,auto,1,false,,5,0,3,,unknown,timeout,,focus,MELL,282,17,5057.291,158,154,3,122740736,0,0
lltp,ILL/petri-nets/MCC,,,ClientsAndServers-0002-1_1_1.p,classical,auto,1,false,,5,0,,,unknown,killed,,,,,,10562.015,,,,,,
lltp,ILL/petri-nets/MCC,,,ClientsAndServers-0002-1_20_1.p,classical,auto,1,false,,5,0,3,,unknown,timeout,,focus,MELL,290,17,5000.033,15323964,15323932,30,105266266,0,0
lltp,ILL/petri-nets/MCC,,,ClientsAndServers-0002-1_50_1.p,classical,auto,1,false,,5,0,3,,unknown,timeout,,focus,MELL,278,17,5000.142,17319375,17319345,28,106564942,0,0
lltp,ILL/petri-nets/MCC,,,ClientsAndServers-0002-1_5_1.p,classical,auto,1,false,,5,0,3,,unknown,timeout,,focus,MELL,272,17,5061.246,1,0,0,117555200,0,0
lltp,ILL/petri-nets/MCC,,,ClientsAndServers-0005-0_100_1.p,classical,auto,1,false,,5,0,3,,unknown,context_too_wide,,focus,MELL,502,41,0.035,1,0,0,18,0,0
lltp,ILL/petri-nets/MCC,,,ClientsAndServers-0005-0_10_1.p,classical,auto,1,false,,5,0,3,,unknown,timeout,,focus,MELL,466,41,5040.799,1,0,0,120709120,0,0
lltp,ILL/petri-nets/MCC,,,ClientsAndServers-0005-0_1_1.p,classical,auto,1,false,,5,0,3,,unknown,timeout,,focus,MELL,448,41,10478.188,1,0,0,206655488,0,0
lltp,ILL/petri-nets/MCC,,,ClientsAndServers-0005-0_20_1.p,classical,auto,1,false,,5,0,3,,unknown,timeout,,focus,MELL,486,41,5003.649,1,0,0,117080064,0,0
lltp,ILL/petri-nets/MCC,,,ClientsAndServers-0005-0_50_1.p,classical,auto,1,false,,5,0,3,,unknown,context_too_wide,,focus,MELL,518,41,0.028,1,0,0,18,0,0
lltp,ILL/petri-nets/MCC,,,ClientsAndServers-0005-0_5_1.p,classical,auto,1,false,,5,0,3,,unknown,timeout,,focus,MELL,456,41,5059.830,1,0,0,113758208,0,0
lltp,ILL/petri-nets/MCC,,,ClientsAndServers-0005-1_100_1.p,classical,auto,1,false,,5,0,3,,unknown,context_too_wide,,focus,MELL,522,41,0.032,1,0,0,26,0,0
lltp,ILL/petri-nets/MCC,,,ClientsAndServers-0005-1_10_1.p,classical,auto,1,false,,5,0,3,,unknown,timeout,,focus,MELL,486,41,5026.105,1,0,0,121757696,0,0
lltp,ILL/petri-nets/MCC,,,ClientsAndServers-0005-1_1_1.p,classical,auto,1,false,,5,0,3,,unknown,timeout,,focus,MELL,468,41,5084.370,1,0,0,96808960,0,0
lltp,ILL/petri-nets/MCC,,,ClientsAndServers-0005-1_20_1.p,classical,auto,1,false,,5,0,3,,unknown,timeout,,focus,MELL,506,41,5055.863,1,0,0,118661120,0,0
lltp,ILL/petri-nets/MCC,,,ClientsAndServers-0005-1_50_1.p,classical,auto,1,false,,5,0,3,,unknown,context_too_wide,,focus,MELL,538,41,0.031,1,0,0,26,0,0
lltp,ILL/petri-nets/MCC,,,ClientsAndServers-0005-1_5_1.p,classical,auto,1,false,,5,0,3,,unknown,timeout,,focus,MELL,476,41,5045.602,1,0,0,115871744,0,0
lltp,ILL/petri-nets/MCC,,,ClientsAndServers-0010-0_100_1.p,classical,auto,1,false,,5,0,3,,unknown,context_too_wide,,focus,MELL,906,81,0.044,1,0,0,40,0,0
lltp,ILL/petri-nets/MCC,,,ClientsAndServers-0010-0_10_1.p,classical,auto,1,false,,5,0,3,,unknown,context_too_wide,,focus,MELL,806,81,0.057,1,0,0,90,0,0
lltp,ILL/petri-nets/MCC,,,ClientsAndServers-0010-0_1_1.p,classical,auto,1,false,,5,0,3,,unknown,context_too_wide,,focus,MELL,788,81,0.053,1,0,0,90,0,0
lltp,ILL/petri-nets/MCC,,,ClientsAndServers-0010-0_20_1.p,classical,auto,1,false,,5,0,3,,unknown,context_too_wide,,focus,MELL,826,81,0.055,1,0,0,90,0,0
lltp,ILL/petri-nets/MCC,,,ClientsAndServers-0010-0_50_1.p,classical,auto,1,false,,5,0,3,,unknown,context_too_wide,,focus,MELL,886,81,0.056,1,0,0,90,0,0
lltp,ILL/petri-nets/MCC,,,ClientsAndServers-0010-0_5_1.p,classical,auto,1,false,,5,0,3,,unknown,context_too_wide,,focus,MELL,796,81,0.056,1,0,0,90,0,0
lltp,ILL/petri-nets/MCC,,,ClientsAndServers-0010-1_100_1.p,classical,auto,1,false,,5,0,3,,unknown,context_too_wide,,focus,MELL,926,81,0.041,1,0,0,48,0,0
lltp,ILL/petri-nets/MCC,,,ClientsAndServers-0010-1_10_1.p,classical,auto,1,false,,5,0,3,,unknown,context_too_wide,,focus,MELL,826,81,0.058,1,0,0,95,0,0
lltp,ILL/petri-nets/MCC,,,ClientsAndServers-0010-1_1_1.p,classical,auto,1,false,,5,0,3,,unknown,context_too_wide,,focus,MELL,808,81,0.055,1,0,0,95,0,0
lltp,ILL/petri-nets/MCC,,,ClientsAndServers-0010-1_20_1.p,classical,auto,1,false,,5,0,3,,unknown,context_too_wide,,focus,MELL,846,81,0.058,1,0,0,95,0,0
lltp,ILL/petri-nets/MCC,,,ClientsAndServers-0010-1_50_1.p,classical,auto,1,false,,5,0,3,,unknown,context_too_wide,,focus,MELL,906,81,0.062,1,0,0,95,0,0
lltp,ILL/petri-nets/MCC,,,ClientsAndServers-0010-1_5_1.p,classical,auto,1,false,,5,0,3,,unknown,context_too_wide,,focus,MELL,816,81,0.057,1,0,0,95,0,0
lltp,ILL/petri-nets/MCC,,,ClientsAndServers-0010-2_100_1.p,classical,auto,1,false,,5,0,3,,unknown,context_too_wide,,focus,MELL,946,81,0.045,1,0,0,56,0,0
lltp,ILL/petri-nets/MCC,,,ClientsAndServers-0010-2_10_1.p,classical,auto,1,false,,5,0,3,,unknown,context_too_wide,,focus,MELL,846,81,0.060,1,0,0,100,0,0
lltp,ILL/petri-nets/MCC,,,ClientsAndServers-0010-2_1_1.p,classical,auto,1,false,,5,0,3,,unknown,context_too_wide,,focus,MELL,828,81,0.059,1,0,0,100,0,0
lltp,ILL/petri-nets/MCC,,,ClientsAndServers-0010-2_20_1.p,classical,auto,1,false,,5,0,3,,unknown,context_too_wide,,focus,MELL,866,81,0.060,1,0,0,100,0,0
lltp,ILL/petri-nets/MCC,,,ClientsAndServers-0010-2_50_1.p,classical,auto,1,false,,5,0,3,,unknown,context_too_wide,,focus,MELL,926,81,0.065,1,0,0,100,0,0
lltp,ILL/petri-nets/MCC,,,ClientsAndServers-0010-2_5_1.p,classical,auto,1,false,,5,0,3,,unknown,context_too_wide,,focus,MELL,836,81,0.060,1,0,0,100,0,0
lltp,ILL/petri-nets/MCC,,,ClientsAndServers-0020-0_100_1.p,classical,auto,1,false,,5,0,3,,unknown,context_too_wide,,focus,MELL,1506,161,0.066,1,0,0,80,0,0
lltp,ILL/petri-nets/MCC,,,ClientsAndServers-0020-0_10_1.p,classical,auto,1,false,,5,0,3,,unknown,context_too_wide,,focus,MELL,1486,161,0.143,1,0,0,180,0,0
lltp,ILL/petri-nets/MCC,,,ClientsAndServers-0020-0_1_1.p,classical,auto,1,false,,5,0,3,,unknown,context_too_wide,,focus,MELL,1468,161,0.103,1,0,0,180,0,0
lltp,ILL/petri-nets/MCC,,,ClientsAndServers-0020-0_20_1.p,classical,auto,1,false,,5,0,3,,unknown,context_too_wide,,focus,MELL,1506,161,0.102,1,0,0,180,0,0
lltp,ILL/petri-nets/MCC,,,ClientsAndServers-0020-0_50_1.p,classical,auto,1,false,,5,0,3,,unknown,context_too_wide,,focus,MELL,1566,161,0.100,1,0,0,180,0,0
lltp,ILL/petri-nets/MCC,,,ClientsAndServers-0020-0_5_1.p,classical,auto,1,false,,5,0,3,,unknown,context_too_wide,,focus,MELL,1476,161,0.102,1,0,0,180,0,0
lltp,ILL/petri-nets/MCC,,,ClientsAndServers-0020-1_100_1.p,classical,auto,1,false,,5,0,3,,unknown,context_too_wide,,focus,MELL,1526,161,0.070,1,0,0,88,0,0
lltp,ILL/petri-nets/MCC,,,ClientsAndServers-0020-1_10_1.p,classical,auto,1,false,,5,0,3,,unknown,context_too_wide,,focus,MELL,1506,161,0.105,1,0,0,185,0,0
lltp,ILL/petri-nets/MCC,,,ClientsAndServers-0020-1_1_1.p,classical,auto,1,false,,5,0,3,,unknown,context_too_wide,,focus,MELL,1488,161,0.103,1,0,0,185,0,0
lltp,ILL/petri-nets/MCC,,,ClientsAndServers-0020-1_20_1.p,classical,auto,1,false,,5,0,3,,unknown,context_too_wide,,focus,MELL,1526,161,0.103,1,0,0,185,0,0
lltp,ILL/petri-nets/MCC,,,ClientsAndServers-0020-1_50_1.p,classical,auto,1,false,,5,0,3,,unknown,context_too_wide,,focus,MELL,1586,161,0.106,1,0,0,185,0,0
lltp,ILL/petri-nets/MCC,,,ClientsAndServers-0020-1_5_1.p,classical,auto,1,false,,5,0,3,,unknown,context_too_wide,,focus,MELL,1496,161,0.106,1,0,0,185,0,0
lltp,ILL/petri-nets/MCC,,,ClientsAndServers-0020-2_100_1.p,classical,auto,1,false,,5,0,3,,unknown,context_too_wide,,focus,MELL,1546,161,0.070,1,0,0,96,0,0
lltp,ILL/petri-nets/MCC,,,ClientsAndServers-0020-2_10_1.p,classical,auto,1,false,,5,0,3,,unknown,context_too_wide,,focus,MELL,1526,161,0.106,1,0,0,190,0,0
lltp,ILL/petri-nets/MCC,,,ClientsAndServers-0020-2_1_1.p,classical,auto,1,false,,5,0,3,,unknown,context_too_wide,,focus,MELL,1508,161,0.110,1,0,0,190,0,0
lltp,ILL/petri-nets/MCC,,,ClientsAndServers-0020-2_20_1.p,classical,auto,1,false,,5,0,3,,unknown,context_too_wide,,focus,MELL,1546,161,0.106,1,0,0,190,0,0
lltp,ILL/petri-nets/MCC,,,ClientsAndServers-0020-2_50_1.p,classical,auto,1,false,,5,0,3,,unknown,context_too_wide,,focus,MELL,1606,161,0.108,1,0,0,190,0,0
lltp,ILL/petri-nets/MCC,,,ClientsAndServers-0020-2_5_1.p,classical,auto,1,false,,5,0,3,,unknown,context_too_wide,,focus,MELL,1516,161,0.113,1,0,0,190,0,0
lltp,ILL/petri-nets/MCC,,,ClientsAndServers-0020-3_100_1.p,classical,auto,1,false,,5,0,3,,unknown,context_too_wide,,focus,MELL,1566,161,0.073,1,0,0,104,0,0
lltp,ILL/petri-nets/MCC,,,ClientsAndServers-0020-3_10_1.p,classical,auto,1,false,,5,0,3,,unknown,context_too_wide,,focus,MELL,1546,161,0.107,1,0,0,195,0,0
lltp,ILL/petri-nets/MCC,,,ClientsAndServers-0020-3_1_1.p,classical,auto,1,false,,5,0,3,,unknown,context_too_wide,,focus,MELL,1528,161,0.108,1,0,0,195,0,0
lltp,ILL/petri-nets/MCC,,,ClientsAndServers-0020-3_20_1.p,classical,auto,1,false,,5,0,3,,unknown,context_too_wide,,focus,MELL,1566,161,0.108,1,0,0,195,0,0
lltp,ILL/petri-nets/MCC,,,ClientsAndServers-0020-3_50_1.p,classical,auto,1,false,,5,0,3,,unknown,context_too_wide,,focus,MELL,1626,161,0.112,1,0,0,195,0,0
lltp,ILL/petri-nets/MCC,,,ClientsAndServers-0020-3_5_1.p,classical,auto,1,false,,5,0,3,,unknown,context_too_wide,,focus,MELL,1536,161,0.112,1,0,0,195,0,0
lltp,ILL/petri-nets/MCC,,,ClientsAndServers-0020-4_100_1.p,classical,auto,1,false,,5,0,3,,unknown,context_too_wide,,focus,MELL,1586,161,0.077,1,0,0,112,0,0
lltp,ILL/petri-nets/MCC,,,ClientsAndServers-0020-4_10_1.p,classical,auto,1,false,,5,0,3,,unknown,context_too_wide,,focus,MELL,1566,161,0.115,1,0,0,200,0,0
lltp,ILL/petri-nets/MCC,,,ClientsAndServers-0020-4_1_1.p,classical,auto,1,false,,5,0,3,,unknown,context_too_wide,,focus,MELL,1548,161,0.114,1,0,0,200,0,0
lltp,ILL/petri-nets/MCC,,,ClientsAndServers-0020-4_20_1.p,classical,auto,1,false,,5,0,3,,unknown,context_too_wide,,focus,MELL,1586,161,0.110,1,0,0,200,0,0
lltp,ILL/petri-nets/MCC,,,ClientsAndServers-0020-4_50_1.p,classical,auto,1,false,,5,0,3,,unknown,context_too_wide,,focus,MELL,1646,161,0.116,1,0,0,200,0,0
lltp,ILL/petri-nets/MCC,,,ClientsAndServers-0020-4_5_1.p,classical,auto,1,false,,5,0,3,,unknown,context_too_wide,,focus,MELL,1556,161,0.114,1,0,0,200,0,0
lltp,ILL/petri-nets/MCC,,,ClientsAndServers-0050-0_100_1.p,classical,auto,1,false,,5,0,3,,unknown,context_too_wide,,focus,MELL,3506,401,0.189,1,0,0,200,0,0
lltp,ILL/petri-nets/MCC,,,ClientsAndServers-0050-0_10_1.p,classical,auto,1,false,,5,0,3,,unknown,context_too_wide,,focus,MELL,3526,401,0.429,1,0,0,450,0,0
lltp,ILL/petri-nets/MCC,,,ClientsAndServers-0050-0_1_1.p,classical,auto,1,false,,5,0,3,,unknown,context_too_wide,,focus,MELL,3508,401,0.334,1,0,0,450,0,0
lltp,ILL/petri-nets/MCC,,,ClientsAndServers-0050-0_20_1.p,classical,auto,1,false,,5,0,3,,unknown,context_too_wide,,focus,MELL,3546,401,0.327,1,0,0,450,0,0
lltp,ILL/petri-nets/MCC,,,ClientsAndServers-0050-0_50_1.p,classical,auto,1,false,,5,0,3,,unknown,context_too_wide,,focus,MELL,3606,401,0.327,1,0,0,450,0,0
lltp,ILL/petri-nets/MCC,,,ClientsAndServers-0050-0_5_1.p,classical,auto,1,false,,5,0,3,,unknown,context_too_wide,,focus,MELL,3516,401,0.317,1,0,0,450,0,0
lltp,ILL/petri-nets/MCC,,,ClientsAndServers-0100-0_100_1.p,classical,auto,1,false,,5,0,3,,unknown,context_too_wide,,focus,MELL,6906,801,0.611,1,0,0,400,0,0
lltp,ILL/petri-nets/MCC,,,ClientsAndServers-0100-0_10_1.p,classical,auto,1,false,,5,0,3,,unknown,context_too_wide,,focus,MELL,6926,801,1.209,1,0,0,900,0,0
lltp,ILL/petri-nets/MCC,,,ClientsAndServers-0100-0_1_1.p,classical,auto,1,false,,5,0,3,,unknown,context_too_wide,,focus,MELL,6908,801,1.046,1,0,0,900,0,0
lltp,ILL/petri-nets/MCC,,,ClientsAndServers-0100-0_20_1.p,classical,auto,1,false,,5,0,3,,unknown,context_too_wide,,focus,MELL,6946,801,1.009,1,0,0,900,0,0
lltp,ILL/petri-nets/MCC,,,ClientsAndServers-0100-0_50_1.p,classical,auto,1,false,,5,0,3,,unknown,context_too_wide,,focus,MELL,7006,801,1.006,1,0,0,900,0,0
lltp,ILL/petri-nets/MCC,,,ClientsAndServers-0100-0_5_1.p,classical,auto,1,false,,5,0,3,,unknown,context_too_wide,,focus,MELL,6916,801,0.978,1,0,0,900,0,0
lltp,ILL/petri-nets/MCC,,,ClientsAndServers-0200-0_100_1.p,classical,auto,1,false,,5,0,3,,unknown,context_too_wide,,focus,MELL,13706,1601,1.786,1,0,0,800,0,0
lltp,ILL/petri-nets/MCC,,,ClientsAndServers-0200-0_10_1.p,classical,auto,1,false,,5,0,3,,unknown,context_too_wide,,focus,MELL,13726,1601,4.159,1,0,0,1800,0,0
lltp,ILL/petri-nets/MCC,,,ClientsAndServers-0200-0_1_1.p,classical,auto,1,false,,5,0,3,,unknown,context_too_wide,,focus,MELL,13708,1601,3.374,1,0,0,1800,0,0
lltp,ILL/petri-nets/MCC,,,ClientsAndServers-0200-0_20_1.p,classical,auto,1,false,,5,0,3,,unknown,context_too_wide,,focus,MELL,13746,1601,3.506,1,0,0,1800,0,0
lltp,ILL/petri-nets/MCC,,,ClientsAndServers-0200-0_50_1.p,classical,auto,1,false,,5,0,3,,unknown,context_too_wide,,focus,MELL,13806,1601,3.550,1,0,0,1800,0,0
lltp,ILL/petri-nets/MCC,,,ClientsAndServers-0200-0_5_1.p,classical,auto,1,false,,5,0,3,,unknown,context_too_wide,,focus,MELL,13716,1601,3.610,1,0,0,1800,0,0
lltp,ILL/petri-nets/MCC,,,ClientsAndServers-0500-0_100_1.p,classical,auto,1,false,,5,0,3,,unknown,context_too_wide,,focus,MELL,34106,4001,8.505,1,0,0,2000,0,0
lltp,ILL/petri-nets/MCC,,,ClientsAndServers-0500-0_10_1.p,classical,auto,1,false,,5,0,3,,unknown,recursion_limit,,focus,MELL,34126,4001,8.976,1,0,0,2028,0,0
lltp,ILL/petri-nets/MCC,,,ClientsAndServers-0500-0_1_1.p,classical,auto,1,false,,5,0,3,,unknown,recursion_limit,,focus,MELL,34108,4001,9.292,1,0,0,2028,0,0
lltp,ILL/petri-nets/MCC,,,ClientsAndServers-0500-0_20_1.p,classical,auto,1,false,,5,0,3,,unknown,recursion_limit,,focus,MELL,34146,4001,9.184,1,0,0,2028,0,0
lltp,ILL/petri-nets/MCC,,,ClientsAndServers-0500-0_50_1.p,classical,auto,1,false,,5,0,3,,unknown,recursion_limit,,focus,MELL,34206,4001,8.566,1,0,0,2028,0,0
lltp,ILL/petri-nets/MCC,,,ClientsAndServers-0500-0_5_1.p,classical,auto,1,false,,5,0,3,,unknown,recursion_limit,,focus,MELL,34116,4001,8.326,1,0,0,2028,0,0
lltp,ILL/petri-nets/MCC,,,ClientsAndServers-1000-0_100_1.p,classical,auto,1,false,,5,0,3,,unknown,recursion_limit,,focus,MELL,68106,8001,18.546,1,0,0,2028,0,0
lltp,ILL/petri-nets/MCC,,,ClientsAndServers-1000-0_10_1.p,classical,auto,1,false,,5,0,3,,unknown,recursion_limit,,focus,MELL,68126,8001,20.187,1,0,0,2028,0,0
lltp,ILL/petri-nets/MCC,,,ClientsAndServers-1000-0_1_1.p,classical,auto,1,false,,5,0,3,,unknown,recursion_limit,,focus,MELL,68108,8001,20.340,1,0,0,2028,0,0
lltp,ILL/petri-nets/MCC,,,ClientsAndServers-1000-0_20_1.p,classical,auto,1,false,,5,0,3,,unknown,recursion_limit,,focus,MELL,68146,8001,20.498,1,0,0,2028,0,0
lltp,ILL/petri-nets/MCC,,,ClientsAndServers-1000-0_50_1.p,classical,auto,1,false,,5,0,3,,unknown,recursion_limit,,focus,MELL,68206,8001,20.593,1,0,0,2028,0,0
lltp,ILL/petri-nets/MCC,,,ClientsAndServers-1000-0_5_1.p,classical,auto,1,false,,5,0,3,,unknown,recursion_limit,,focus,MELL,68116,8001,20.591,1,0,0,2028,0,0
lltp,ILL/petri-nets/MCC,,,CloudDeployment_deploy_2_a_100_1.p,classical,auto,1,false,,5,0,3,,unknown,timeout,,focus,MELL,1662,44,5000.044,38413551,38413119,427,59955185,0,0
lltp,ILL/petri-nets/MCC,,,CloudDeployment_deploy_2_a_10_1.p,classical,auto,1,false,,5,0,3,,unknown,timeout,,focus,MELL,1662,44,5000.052,37958871,37958439,427,59186373,0,0
lltp,ILL/petri-nets/MCC,,,CloudDeployment_deploy_2_a_1_1.p,classical,auto,1,false,,5,0,3,,unknown,timeout,,focus,MELL,1662,44,5000.060,37329704,37329272,427,58192003,0,0
lltp,ILL/petri-nets/MCC,,,CloudDeployment_deploy_2_a_20_1.p,classical,auto,1,false,,5,0,3,,unknown,timeout,,focus,MELL,1662,44,5000.062,38235993,38235561,427,59658629,0,0
lltp,ILL/petri-nets/MCC,,,CloudDeployment_deploy_2_a_50_1.p,classical,auto,1,false,,5,0,3,,unknown,timeout,,focus,MELL,1662,44,5000.038,37953752,37953320,427,59177519,0,0
lltp,ILL/petri-nets/MCC,,,CloudDeployment_deploy_2_a_5_1.p,classical,auto,1,false,,5,0,3,,unknown,timeout,,focus,MELL,1662,44,5000.053,37469506,37469074,427,58394526,0,0
lltp,ILL/petri-nets/MCC,,,CloudDeployment_deploy_2_b_100_1.p,classical,auto,1,false,,5,0,3,,unknown,timeout,,focus,MELL,4022,50,5013.305,12887427,12809761,76860,29898850,0,0
lltp,ILL/petri-nets/MCC,,,CloudDeployment_deploy_2_b_10_1.p,classical,auto,1,false,,5,0,3,,unknown,timeout,,focus,MELL,4018,49,5012.005,10656015,10584593,70657,27023483,0,0
lltp,ILL/petri-nets/MCC,,,CloudDeployment_deploy_2_b_1_1.p,classical,auto,1,false,,5,0,3,,proved,,ok,focus,MELL,4010,50,4.874,4345,3718,624,13041,0,0
lltp,ILL/petri-nets/MCC,,,CloudDeployment_deploy_2_b_20_1.p,classical,auto,1,false,,5,0,3,,unknown,timeout,,focus,MELL,4022,49,5012.718,12226195,12149072,76320,29004097,0,0
lltp,ILL/petri-nets/MCC,,,CloudDeployment_deploy_2_b_50_1.p,classical,auto,1,false,,5,0,3,,unknown,timeout,,focus,MELL,4022,50,5011.342,10506311,10434960,70599,26649146,0,0
lltp,ILL/petri-nets/MCC,,,CloudDeployment_deploy_2_b_5_1.p,classical,auto,1,false,,5,0,3,,unknown,timeout,,focus,MELL,4014,49,5013.169,12524607,12447029,76768,29135142,0,0
lltp,ILL/petri-nets/MCC,,,CloudDeployment_deploy_3_a_100_1.p,classical,auto,1,false,,5,0,3,,unknown,timeout,,focus,MELL,3246,92,5003.274,29641029,29622565,18460,40965464,0,0
lltp,ILL/petri-nets/MCC,,,CloudDeployment_deploy_3_a_10_1.p,classical,auto,1,false,,5,0,3,,unknown,timeout,,focus,MELL,3250,92,5056.028,3,0,1,28557312,0,0
lltp,ILL/petri-nets/MCC,,,CloudDeployment_deploy_3_a_1_1.p,classical,auto,1,false,,5,0,3,,unknown,timeout,,focus,MELL,3250,92,5000.254,24705401,24704821,575,53729702,0,0
lltp,ILL/petri-nets/MCC,,,CloudDeployment_deploy_3_a_20_1.p,classical,auto,1,false,,5,0,3,,unknown,timeout,,focus,MELL,3250,92,5074.461,3,0,1,28557312,0,0
lltp,ILL/petri-nets/MCC,,,CloudDeployment_deploy_3_a_50_1.p,classical,auto,1,false,,5,0,3,,unknown,timeout,,focus,MELL,3250,92,5003.261,39379351,39360807,18540,45074729,0,0
lltp,ILL/petri-nets/MCC,,,CloudDeployment_deploy_3_a_5_1.p,classical,auto,1,false,,5,0,3,,unknown,timeout,,focus,MELL,3250,92,5070.336,3,0,1,28557312,0,0
lltp,ILL/petri-nets/MCC,,,CloudDeployment_deploy_3_b_100_1.p,classical,auto,1,false,,5,0,3,,unknown,timeout,,focus,MELL,8210,110,5020.255,4103977,3998645,104827,15929486,0,0
lltp,ILL/petri-nets/MCC,,,CloudDeployment_deploy_3_b_10_1.p,classical,auto,1,false,,5,0,3,,unknown,timeout,,focus,MELL,8200,109,5008.164,5906304,5859288,46874,19653270,0,0
lltp,ILL/petri-nets/MCC,,,CloudDeployment_deploy_3_b_1_1.p,classical,auto,1,false,,5,0,3,,proved,,ok,focus,MELL,8192,110,24.262,16237,14906,1328,62909,0,0
lltp,ILL/petri-nets/MCC,,,CloudDeployment_deploy_3_b_20_1.p,classical,auto,1,false,,5,0,3,,unknown,timeout,,focus,MELL,8204,109,5008.183,5893151,5846485,46526,19601827,0,0
lltp,ILL/petri-nets/MCC,,,CloudDeployment_deploy_3_b_50_1.p,classical,auto,1,false,,5,0,3,,unknown,timeout,,focus,MELL,8212,110,5007.524,5611690,5567279,44276,18924361,0,0
lltp,ILL/petri-nets/MCC,,,CloudDeployment_deploy_3_b_5_1.p,classical,auto,1,false,,5,0,3,,unknown,timeout,,focus,MELL,8198,109,5007.940,5888076,5841556,46380,19584716,0,0
lltp,ILL/petri-nets/MCC,,,CloudDeployment_deploy_4_a_100_1.p,classical,auto,1,false,,5,0,3,,unknown,timeout,,focus,MELL,5350,158,5033.455,3,0,1,16683008,0,0
lltp,ILL/petri-nets/MCC,,,CloudDeployment_deploy_4_a_10_1.p,classical,auto,1,false,,5,0,3,,unknown,timeout,,focus,MELL,5350,158,5000.219,15229285,15228546,734,42249883,0,0
lltp,ILL/petri-nets/MCC,,,CloudDeployment_deploy_4_a_1_1.p,classical,auto,1,false,,5,0,3,,unknown,timeout,,focus,MELL,5350,158,5000.198,14708900,14708161,734,40996509,0,0
lltp,ILL/petri-nets/MCC,,,CloudDeployment_deploy_4_a_5_1.p,classical,auto,1,false,,5,0,3,,unknown,timeout,,focus,MELL,5350,158,5000.144,15302230,15301491,734,42435422,0,0
lltp,ILL/petri-nets/MCC,,,CloudDeployment_deploy_4_b_100_1.p,classical,auto,1,false,,5,0,3,,unknown,timeout,,focus,MELL,18010,256,5004.307,1784051,1775094,8950,9229968,0,0
lltp,ILL/petri-nets/MCC,,,CloudDeployment_deploy_4_b_10_1.p,classical,auto,1,false,,5,0,3,,unknown,timeout,,focus,MELL,18008,256,5004.969,2423636,2412056,11569,10494150,0,0
lltp,ILL/petri-nets/MCC,,,CloudDeployment_deploy_4_b_1_1.p,classical,auto,1,false,,5,0,3,,proved,,ok,focus,MELL,17998,256,205.375,72313,69542,2768,375933,0,0
lltp,ILL/petri-nets/MCC,,,CloudDeployment_deploy_4_b_20_1.p,classical,auto,1,false,,5,0,3,,unknown,timeout,,focus,MELL,18016,256,5004.373,1807007,1798037,8963,9336935,0,0
lltp,ILL/petri-nets/MCC,,,CloudDeployment_deploy_4_b_50_1.p,classical,auto,1,false,,5,0,3,,unknown,timeout,,focus,MELL,18016,256,5004.820,2350697,2339276,11410,10443514,0,0
lltp,ILL/petri-nets/MCC,,,CloudDeployment_deploy_4_b_5_1.p,classical,auto,1,false,,5,0,3,,unknown,timeout,,focus,MELL,18000,256,5005.532,2505496,2493818,11667,10717417,0,0
lltp,ILL/petri-nets/MCC,,,CloudDeployment_deploy_5_a_100_1.p,classical,auto,1,false,,5,0,3,,unknown,timeout,,focus,MELL,7954,242,5136.234,3,0,1,11440128,0,0
lltp,ILL/petri-nets/MCC,,,CloudDeployment_deploy_5_a_10_1.p,classical,auto,1,false,,5,0,3,,unknown,timeout,,focus,MELL,7962,242,5155.985,3,0,1,16027648,0,0
lltp,ILL/petri-nets/MCC,,,CloudDeployment_deploy_5_a_1_1.p,classical,auto,1,false,,5,0,3,,unknown,timeout,,focus,MELL,7962,242,5000.222,8334806,8333842,959,33480386,0,0
lltp,ILL/petri-nets/MCC,,,CloudDeployment_deploy_5_a_5_1.p,classical,auto,1,false,,5,0,3,,unknown,timeout,,focus,MELL,7962,242,5153.462,3,0,1,16027648,0,0
lltp,ILL/petri-nets/MCC,,,CloudDeployment_deploy_5_b_100_1.p,classical,auto,1,false,,5,0,3,,unknown,recursion_limit,,focus,MELL,51588,1024,9.565,0,0,0,0,0,0
lltp,ILL/petri-nets/MCC,,,CloudDeployment_deploy_5_b_10_1.p,classical,auto,1,false,,5,0,3,,unknown,recursion_limit,,focus,MELL,51580,1024,8.844,0,0,0,0,0,0
lltp,ILL/petri-nets/MCC,,,CloudDeployment_deploy_5_b_1_1.p,classical,auto,1,false,,5,0,3,,unknown,recursion_limit,,focus,MELL,51572,1024,9.147,0,0,0,0,0,0
lltp,ILL/petri-nets/MCC,,,CloudDeployment_deploy_5_b_20_1.p,classical,auto,1,false,,5,0,3,,unknown,recursion_limit,,focus,MELL,51588,1024,9.370,0,0,0,0,0,0
lltp,ILL/petri-nets/MCC,,,CloudDeployment_deploy_5_b_50_1.p,classical,auto,1,false,,5,0,3,,unknown,recursion_limit,,focus,MELL,51588,1024,7.948,0,0,0,0,0,0
lltp,ILL/petri-nets/MCC,,,CloudDeployment_deploy_5_b_5_1.p,classical,auto,1,false,,5,0,3,,unknown,recursion_limit,,focus,MELL,51576,1024,7.851,0,0,0,0,0,0
lltp,ILL/petri-nets/MCC,,,CloudDeployment_deploy_6_a_1_1.p,classical,auto,1,false,,5,0,3,,unknown,timeout,,focus,MELL,11086,344,5000.908,4217386,4216086,1295,21276565,0,0
lltp,ILL/petri-nets/MCC,,,CloudDeployment_deploy_6_a_5_1.p,classical,auto,1,false,,5,0,3,,unknown,timeout,,focus,MELL,11086,344,5000.860,4176115,4174815,1295,21129194,0,0
lltp,ILL/petri-nets/MCC,,,CloudDeployment_deploy_6_b_100_1.p,classical,auto,1,false,,5,0,3,,unknown,recursion_limit,,focus,MELL,191876,4096,31.525,0,0,0,0,0,0
lltp,ILL/petri-nets/MCC,,,CloudDeployment_deploy_6_b_10_1.p,classical,auto,1,false,,5,0,3,,unknown,recursion_limit,,focus,MELL,191868,4096,30.881,0,0,0,0,0,0
lltp,ILL/petri-nets/MCC,,,CloudDeployment_deploy_6_b_1_1.p,classical,auto,1,false,,5,0,3,,unknown,recursion_limit,,focus,MELL,191858,4096,31.126,0,0,0,0,0,0
lltp,ILL/petri-nets/MCC,,,CloudDeployment_deploy_6_b_20_1.p,classical,auto,1,false,,5,0,3,,unknown,recursion_limit,,focus,MELL,191876,4096,31.483,0,0,0,0,0,0
lltp,ILL/petri-nets/MCC,,,CloudDeployment_deploy_6_b_50_1.p,classical,auto,1,false,,5,0,3,,unknown,recursion_limit,,focus,MELL,191876,4096,31.336,0,0,0,0,0,0
lltp,ILL/petri-nets/MCC,,,CloudDeployment_deploy_6_b_5_1.p,classical,auto,1,false,,5,0,3,,unknown,recursion_limit,,focus,MELL,191864,4096,31.175,0,0,0,0,0,0
lltp,ILL/petri-nets/MCC,,,CloudDeployment_deploy_7_a_1_1.p,classical,auto,1,false,,5,0,3,,unknown,timeout,,focus,MELL,14722,464,5001.004,2718691,2716971,1715,16922169,0,0
lltp,ILL/petri-nets/MCC,,,CloudDeployment_deploy_7_a_5_1.p,classical,auto,1,false,,5,0,3,,unknown,timeout,,focus,MELL,14722,464,5001.836,2729889,2728169,1715,16993750,0,0
lltp,ILL/petri-nets/MCC,,,CloudDeployment_deploy_7_b_100_1.p,classical,auto,1,false,,5,0,3,,unknown,recursion_limit,,focus,MELL,812120,16384,131.796,0,0,0,0,0,0
lltp,ILL/petri-nets/MCC,,,CloudDeployment_deploy_7_b_10_1.p,classical,auto,1,false,,5,0,3,,unknown,recursion_limit,,focus,MELL,812114,16384,137.369,0,0,0,0,0,0
lltp,ILL/petri-nets/MCC,,,CloudDeployment_deploy_7_b_1_1.p,classical,auto,1,false,,5,0,3,,unknown,recursion_limit,,focus,MELL,812104,16384,137.052,0,0,0,0,0,0
lltp,ILL/petri-nets/MCC,,,CloudDeployment_deploy_7_b_20_1.p,classical,auto,1,false,,5,0,3,,unknown,recursion_limit,,focus,MELL,812114,16384,134.387,0,0,0,0,0,0
lltp,ILL/petri-nets/MCC,,,CloudDeployment_deploy_7_b_50_1.p,classical,auto,1,false,,5,0,3,,unknown,recursion_limit,,focus,MELL,812116,16384,137.527,0,0,0,0,0,0
lltp,ILL/petri-nets/MCC,,,CloudDeployment_deploy_7_b_5_1.p,classical,auto,1,false,,5,0,3,,unknown,recursion_limit,,focus,MELL,812106,16384,137.004,0,0,0,0,0,0
lltp,ILL/petri-nets/MCC,,,CloudReconfiguration_reconf_3_01_100_1.p,classical,auto,1,false,,5,0,3,,unknown,recursion_limit,,focus,MELL,12928,129,2.093,0,0,0,0,0,0
lltp,ILL/petri-nets/MCC,,,CloudReconfiguration_reconf_3_01_10_1.p,classical,auto,1,false,,5,0,3,,unknown,recursion_limit,,focus,MELL,12922,129,2.097,0,0,0,0,0,0
lltp,ILL/petri-nets/MCC,,,CloudReconfiguration_reconf_3_01_1_1.p,classical,auto,1,false,,5,0,3,,unknown,recursion_limit,,focus,MELL,12922,129,1.899,0,0,0,0,0,0
lltp,ILL/petri-nets/MCC,,,CloudReconfiguration_reconf_3_01_20_1.p,classical,auto,1,false,,5,0,3,,unknown,recursion_limit,,focus,MELL,12926,129,1.889,0,0,0,0,0,0
lltp,ILL/petri-nets/MCC,,,CloudReconfiguration_reconf_3_01_50_1.p,classical,auto,1,false,,5,0,3,,unknown,recursion_limit,,focus,MELL,12930,129,1.858,0,0,0,0,0,0
lltp,ILL/petri-nets/MCC,,,CloudReconfiguration_reconf_3_01_5_1.p,classical,auto,1,false,,5,0,3,,unknown,recursion_limit,,focus,MELL,12922,129,1.890,0,0,0,0,0,0
lltp,ILL/petri-nets/MCC,,,CloudReconfiguration_reconf_3_02_100_1.p,classical,auto,1,false,,5,0,3,,unknown,recursion_limit,,focus,MELL,12936,129,1.860,0,0,0,0,0,0
lltp,ILL/petri-nets/MCC,,,CloudReconfiguration_reconf_3_02_10_1.p,classical,auto,1,false,,5,0,3,,unknown,recursion_limit,,focus,MELL,12930,129,1.873,0,0,0,0,0,0
lltp,ILL/petri-nets/MCC,,,CloudReconfiguration_reconf_3_02_1_1.p,classical,auto,1,false,,5,0,3,,unknown,recursion_limit,,focus,MELL,12930,129,1.882,0,0,0,0,0,0
lltp,ILL/petri-nets/MCC,,,CloudReconfiguration_reconf_3_02_20_1.p,classical,auto,1,false,,5,0,3,,unknown,recursion_limit,,focus,MELL,12934,129,1.865,0,0,0,0,0,0
lltp,ILL/petri-nets/MCC,,,CloudReconfiguration_reconf_3_02_50_1.p,classical,auto,1,false,,5,0,3,,unknown,recursion_limit,,focus,MELL,12938,129,1.942,0,0,0,0,0,0
lltp,ILL/petri-nets/MCC,,,CloudReconfiguration_reconf_3_02_5_1.p,classical,auto,1,false,,5,0,3,,unknown,recursion_limit,,focus,MELL,12930,129,1.917,0,0,0,0,0,0
lltp,ILL/petri-nets/MCC,,,CloudReconfiguration_reconf_3_03_100_1.p,classical,auto,1,false,,5,0,3,,unknown,recursion_limit,,focus,MELL,12928,129,1.855,0,0,0,0,0,0
lltp,ILL/petri-nets/MCC,,,CloudReconfiguration_reconf_3_03_10_1.p,classical,auto,1,false,,5,0,3,,unknown,recursion_limit,,focus,MELL,12922,129,1.910,0,0,0,0,0,0
lltp,ILL/petri-nets/MCC,,,CloudReconfiguration_reconf_3_03_1_1.p,classical,auto,1,false,,5,0,3,,unknown,recursion_limit,,focus,MELL,12922,129,1.918,0,0,0,0,0,0
lltp,ILL/petri-nets/MCC,,,CloudReconfiguration_reconf_3_03_20_1.p,classical,auto,1,false,,5,0,3,,unknown,recursion_limit,,focus,MELL,12926,129,1.895,0,0,0,0,0,0
lltp,ILL/petri-nets/MCC,,,CloudReconfiguration_reconf_3_03_50_1.p,classical,auto,1,false,,5,0,3,,unknown,recursion_limit,,focus,MELL,12930,129,1.846,0,0,0,0,0,0
lltp,ILL/petri-nets/MCC,,,CloudReconfiguration_reconf_3_03_5_1.p,classical,auto,1,false,,5,0,3,,unknown,recursion_limit,,focus,MELL,12922,129,1.881,0,0,0,0,0,0
lltp,ILL/petri-nets/MCC,,,CloudReconfiguration_reconf_3_04_100_1.p,classical,auto,1,false,,5,0,3,,unknown,recursion_limit,,focus,MELL,12930,129,1.858,0,0,0,0,0,0
lltp,ILL/petri-nets/MCC,,,CloudReconfiguration_reconf_3_04_10_1.p,classical,auto,1,false,,5,0,3,,unknown,recursion_limit,,focus,MELL,12922,129,1.885,0,0,0,0,0,0
lltp,ILL/petri-nets/MCC,,,CloudReconfiguration_reconf_3_04_1_1.p,classical,auto,1,false,,5,0,3,,unknown,recursion_limit,,focus,MELL,12922,129,1.869,0,0,0,0,0,0
lltp,ILL/petri-nets/MCC,,,CloudReconfiguration_reconf_3_04_20_1.p,classical,auto,1,false,,5,0,3,,unknown,recursion_limit,,focus,MELL,12926,129,1.878,0,0,0,0,0,0
lltp,ILL/petri-nets/MCC,,,CloudReconfiguration_reconf_3_04_50_1.p,classical,auto,1,false,,5,0,3,,unknown,recursion_limit,,focus,MELL,12930,129,1.901,0,0,0,0,0,0
lltp,ILL/petri-nets/MCC,,,CloudReconfiguration_reconf_3_04_5_1.p,classical,auto,1,false,,5,0,3,,unknown,recursion_limit,,focus,MELL,12922,129,1.886,0,0,0,0,0,0
lltp,ILL/petri-nets/MCC,,,CloudReconfiguration_reconf_3_05_100_1.p,classical,auto,1,false,,5,0,3,,unknown,recursion_limit,,focus,MELL,12936,129,1.867,0,0,0,0,0,0
lltp,ILL/petri-nets/MCC,,,CloudReconfiguration_reconf_3_05_10_1.p,classical,auto,1,false,,5,0,3,,unknown,recursion_limit,,focus,MELL,12930,129,1.861,0,0,0,0,0,0
lltp,ILL/petri-nets/MCC,,,CloudReconfiguration_reconf_3_05_1_1.p,classical,auto,1,false,,5,0,3,,unknown,recursion_limit,,focus,MELL,12930,129,1.882,0,0,0,0,0,0
lltp,ILL/petri-nets/MCC,,,CloudReconfiguration_reconf_3_05_20_1.p,classical,auto,1,false,,5,0,3,,unknown,recursion_limit,,focus,MELL,12934,129,1.859,0,0,0,0,0,0
lltp,ILL/petri-nets/MCC,,,CloudReconfiguration_reconf_3_05_50_1.p,classical,auto,1,false,,5,0,3,,unknown,recursion_limit,,focus,MELL,12938,129,1.870,0,0,0,0,0,0
lltp,ILL/petri-nets/MCC,,,CloudReconfiguration_reconf_3_05_5_1.p,classical,auto,1,false,,5,0,3,,unknown,recursion_limit,,focus,MELL,12930,129,1.894,0,0,0,0,0,0
lltp,ILL/petri-nets/MCC,,,CloudReconfiguration_reconf_3_06_100_1.p,classical,auto,1,false,,5,0,3,,unknown,recursion_limit,,focus,MELL,12930,129,1.836,0,0,0,0,0,0
lltp,ILL/petri-nets/MCC,,,CloudReconfiguration_reconf_3_06_10_1.p,classical,auto,1,false,,5,0,3,,unknown,recursion_limit,,focus,MELL,12922,129,1.884,0,0,0,0,0,0
lltp,ILL/petri-nets/MCC,,,CloudReconfiguration_reconf_3_06_1_1.p,classical,auto,1,false,,5,0,3,,unknown,recursion_limit,,focus,MELL,12922,129,1.859,0,0,0,0,0,0
lltp,ILL/petri-nets/MCC,,,CloudReconfiguration_reconf_3_06_20_1.p,classical,auto,1,false,,5,0,3,,unknown,recursion_limit,,focus,MELL,12926,129,1.838,0,0,0,0,0,0
lltp,ILL/petri-nets/MCC,,,CloudReconfiguration_reconf_3_06_50_1.p,classical,auto,1,false,,5,0,3,,unknown,recursion_limit,,focus,MELL,12930,129,1.873,0,0,0,0,0,0
lltp,ILL/petri-nets/MCC,,,CloudReconfiguration_reconf_3_06_5_1.p,classical,auto,1,false,,5,0,3,,unknown,recursion_limit,,focus,MELL,12922,129,1.873,0,0,0,0,0,0
lltp,ILL/petri-nets/MCC,,,CloudReconfiguration_reconf_3_07_100_1.p,classical,auto,1,false,,5,0,3,,unknown,recursion_limit,,focus,MELL,12928,129,1.855,0,0,0,0,0,0
lltp,ILL/petri-nets/MCC,,,CloudReconfiguration_reconf_3_07_10_1.p,classical,auto,1,false,,5,0,3,,unknown,recursion_limit,,focus,MELL,12922,129,1.858,0,0,0,0,0,0
lltp,ILL/petri-nets/MCC,,,CloudReconfiguration_reconf_3_07_1_1.p,classical,auto,1,false,,5,0,3,,unknown,recursion_limit,,focus,MELL,12922,129,1.840,0,0,0,0,0,0
lltp,ILL/petri-nets/MCC,,,CloudReconfiguration_reconf_3_07_20_1.p,classical,auto,1,false,,5,0,3,,unknown,recursion_limit,,focus,MELL,12926,129,1.921,0,0,0,0,0,0
lltp,ILL/petri-nets/MCC,,,CloudReconfiguration_reconf_3_07_50_1.p,classical,auto,1,false,,5,0,3,,unknown,recursion_limit,,focus,MELL,12930,129,1.878,0,0,0,0,0,0
lltp,ILL/petri-nets/MCC,,,CloudReconfiguration_reconf_3_07_5_1.p,classical,auto,1,false,,5,0,3,,unknown,recursion_limit,,focus,MELL,12922,129,1.872,0,0,0,0,0,0
lltp,ILL/petri-nets/MCC,,,CloudReconfiguration_reconf_3_08_100_1.p,classical,auto,1,false,,5,0,3,,unknown,recursion_limit,,focus,MELL,12936,129,1.870,0,0,0,0,0,0
lltp,ILL/petri-nets/MCC,,,CloudReconfiguration_reconf_3_08_10_1.p,classical,auto,1,false,,5,0,3,,unknown,recursion_limit,,focus,MELL,12930,129,1.859,0,0,0,0,0,0
lltp,ILL/petri-nets/MCC,,,CloudReconfiguration_reconf_3_08_1_1.p,classical,auto,1,false,,5,0,3,,unknown,recursion_limit,,focus,MELL,12930,129,1.838,0,0,0,0,0,0
lltp,ILL/petri-nets/MCC,,,CloudReconfiguration_reconf_3_08_20_1.p,classical,auto,1,false,,5,0,3,,unknown,recursion_limit,,focus,MELL,12934,129,1.886,0,0,0,0,0,0
lltp,ILL/petri-nets/MCC,,,CloudReconfiguration_reconf_3_08_50_1.p,classical,auto,1,false,,5,0,3,,unknown,recursion_limit,,focus,MELL,12938,129,1.919,0,0,0,0,0,0
lltp,ILL/petri-nets/MCC,,,CloudReconfiguration_reconf_3_08_5_1.p,classical,auto,1,false,,5,0,3,,unknown,recursion_limit,,focus,MELL,12930,129,1.901,0,0,0,0,0,0
lltp,ILL/petri-nets/MCC,,,CloudReconfiguration_reconf_3_09_100_1.p,classical,auto,1,false,,5,0,3,,unknown,recursion_limit,,focus,MELL,12936,129,1.895,0,0,0,0,0,0
lltp,ILL/petri-nets/MCC,,,CloudReconfiguration_reconf_3_09_10_1.p,classical,auto,1,false,,5,0,3,,unknown,recursion_limit,,focus,MELL,12930,129,1.824,0,0,0,0,0,0
lltp,ILL/petri-nets/MCC,,,CloudReconfiguration_reconf_3_09_1_1.p,classical,auto,1,false,,5,0,3,,unknown,recursion_limit,,focus,MELL,12930,129,1.966,0,0,0,0,0,0
lltp,ILL/petri-nets/MCC,,,CloudReconfiguration_reconf_3_09_20_1.p,classical,auto,1,false,,5,0,3,,unknown,recursion_limit,,focus,MELL,12934,129,1.935,0,0,0,0,0,0
lltp,ILL/petri-nets/MCC,,,CloudReconfiguration_reconf_3_09_50_1.p,classical,auto,1,false,,5,0,3,,unknown,recursion_limit,,focus,MELL,12938,129,1.912,0,0,0,0,0,0
lltp,ILL/petri-nets/MCC,,,CloudReconfiguration_reconf_3_09_5_1.p,classical,auto,1,false,,5,0,3,,unknown,recursion_limit,,focus,MELL,12930,129,1.934,0,0,0,0,0,0
lltp,ILL/petri-nets/MCC,,,CloudReconfiguration_reconf_3_10_100_1.p,classical,auto,1,false,,5,0,3,,unknown,recursion_limit,,focus,MELL,12936,129,1.928,0,0,0,0,0,0
lltp,ILL/petri-nets/MCC,,,CloudReconfiguration_reconf_3_10_10_1.p,classical,auto,1,false,,5,0,3,,unknown,recursion_limit,,focus,MELL,12930,129,1.874,0,0,0,0,0,0
lltp,ILL/petri-nets/MCC,,,CloudReconfiguration_reconf_3_10_1_1.p,classical,auto,1,false,,5,0,3,,unknown,recursion_limit,,focus,MELL,12930,129,1.868,0,0,0,0,0,0
lltp,ILL/petri-nets/MCC,,,CloudReconfiguration_reconf_3_10_20_1.p,classical,auto,1,false,,5,0,3,,unknown,recursion_limit,,focus,MELL,12934,129,1.909,0,0,0,0,0,0
lltp,ILL/petri-nets/MCC,,,CloudReconfiguration_reconf_3_10_50_1.p,classical,auto,1,false,,5,0,3,,unknown,recursion_limit,,focus,MELL,12938,129,1.903,0,0,0,0,0,0
lltp,ILL/petri-nets/MCC,,,CloudReconfiguration_reconf_3_10_5_1.p,classical,auto,1,false,,5,0,3,,unknown,recursion_limit,,focus,MELL,12930,129,1.993,0,0,0,0,0,0
lltp,ILL/petri-nets/MCC,,,CloudReconfiguration_reconf_3_11_100_1.p,classical,auto,1,false,,5,0,3,,unknown,recursion_limit,,focus,MELL,12936,129,1.879,0,0,0,0,0,0
lltp,ILL/petri-nets/MCC,,,CloudReconfiguration_reconf_3_11_10_1.p,classical,auto,1,false,,5,0,3,,unknown,recursion_limit,,focus,MELL,12930,129,2.005,0,0,0,0,0,0
lltp,ILL/petri-nets/MCC,,,CloudReconfiguration_reconf_3_11_1_1.p,classical,auto,1,false,,5,0,3,,unknown,recursion_limit,,focus,MELL,12930,129,1.897,0,0,0,0,0,0
lltp,ILL/petri-nets/MCC,,,CloudReconfiguration_reconf_3_11_20_1.p,classical,auto,1,false,,5,0,3,,unknown,recursion_limit,,focus,MELL,12934,129,1.895,0,0,0,0,0,0
lltp,ILL/petri-nets/MCC,,,CloudReconfiguration_reconf_3_11_50_1.p,classical,auto,1,false,,5,0,3,,unknown,recursion_limit,,focus,MELL,12938,129,1.966,0,0,0,0,0,0
lltp,ILL/petri-nets/MCC,,,CloudReconfiguration_reconf_3_11_5_1.p,classical,auto,1,false,,5,0,3,,unknown,recursion_limit,,focus,MELL,12930,129,1.933,0,0,0,0,0,0
lltp,ILL/petri-nets/MCC,,,CloudReconfiguration_reconf_3_12_100_1.p,classical,auto,1,false,,5,0,3,,unknown,recursion_limit,,focus,MELL,12938,129,1.890,0,0,0,0,0,0
lltp,ILL/petri-nets/MCC,,,CloudReconfiguration_reconf_3_12_10_1.p,classical,auto,1,false,,5,0,3,,unknown,recursion_limit,,focus,MELL,12930,129,1.903,0,0,0,0,0,0
lltp,ILL/petri-nets/MCC,,,CloudReconfiguration_reconf_3_12_1_1.p,classical,auto,1,false,,5,0,3,,unknown,recursion_limit,,focus,MELL,12930,129,1.955,0,0,0,0,0,0
lltp,ILL/petri-nets/MCC,,,CloudReconfiguration_reconf_3_12_20_1.p,classical,auto,1,false,,5,0,3,,unknown,recursion_limit,,focus,MELL,12934,129,1.909,0,0,0,0,0,0
lltp,ILL/petri-nets/MCC,,,CloudReconfiguration_reconf_3_12_50_1.p,classical,auto,1,false,,5,0,3,,unknown,recursion_limit,,focus,MELL,12938,129,1.897,0,0,0,0,0,0
lltp,ILL/petri-nets/MCC,,,CloudReconfiguration_reconf_3_12_5_1.p,classical,auto,1,false,,5,0,3,,unknown,recursion_limit,,focus,MELL,12930,129,1.900,0,0,0,0,0,0
lltp,ILL/petri-nets/MCC,,,CloudReconfiguration_reconf_3_13_100_1.p,classical,auto,1,false,,5,0,3,,unknown,recursion_limit,,focus,MELL,12938,129,1.898,0,0,0,0,0,0
lltp,ILL/petri-nets/MCC,,,CloudReconfiguration_reconf_3_13_10_1.p,classical,auto,1,false,,5,0,3,,unknown,recursion_limit,,focus,MELL,12930,129,1.903,0,0,0,0,0,0
lltp,ILL/petri-nets/MCC,,,CloudReconfiguration_reconf_3_13_1_1.p,classical,auto,1,false,,5,0,3,,unknown,recursion_limit,,focus,MELL,12930,129,1.882,0,0,0,0,0,0
lltp,ILL/petri-nets/MCC,,,CloudReconfiguration_reconf_3_13_20_1.p,classical,auto,1,false,,5,0,3,,unknown,recursion_limit,,focus,MELL,12934,129,1.915,0,0,0,0,0,0
lltp,ILL/petri-nets/MCC,,,CloudReconfiguration_reconf_3_13_50_1.p,classical,auto,1,false,,5,0,3,,unknown,recursion_limit,,focus,MELL,12938,129,1.967,0,0,0,0,0,0
lltp,ILL/petri-nets/MCC,,,CloudReconfiguration_reconf_3_13_5_1.p,classical,auto,1,false,,5,0,3,,unknown,recursion_limit,,focus,MELL,12930,129,1.848,0,0,0,0,0,0
lltp,ILL/petri-nets/MCC,,,CloudReconfiguration_reconf_3_14_100_1.p,classical,auto,1,false,,5,0,3,,unknown,recursion_limit,,focus,MELL,12938,129,1.857,0,0,0,0,0,0
lltp,ILL/petri-nets/MCC,,,CloudReconfiguration_reconf_3_14_10_1.p,classical,auto,1,false,,5,0,3,,unknown,recursion_limit,,focus,MELL,12930,129,1.969,0,0,0,0,0,0
lltp,ILL/petri-nets/MCC,,,CloudReconfiguration_reconf_3_14_1_1.p,classical,auto,1,false,,5,0,3,,unknown,recursion_limit,,focus,MELL,12930,129,1.845,0,0,0,0,0,0
lltp,ILL/petri-nets/MCC,,,CloudReconfiguration_reconf_3_14_20_1.p,classical,auto,1,false,,5,0,3,,unknown,recursion_limit,,focus,MELL,12934,129,1.860,0,0,0,0,0,0
lltp,ILL/petri-nets/MCC,,,CloudReconfiguration_reconf_3_14_50_1.p,classical,auto,1,false,,5,0,3,,unknown,recursion_limit,,focus,MELL,12938,129,1.899,0,0,0,0,0,0
lltp,ILL/petri-nets/MCC,,,CloudReconfiguration_reconf_3_14_5_1.p,classical,auto,1,false,,5,0,3,,unknown,recursion_limit,,focus,MELL,12930,129,2.027,0,0,0,0,0,0
lltp,ILL/petri-nets/MCC,,,CloudReconfiguration_reconf_3_15_100_1.p,classical,auto,1,false,,5,0,3,,unknown,recursion_limit,,focus,MELL,12936,129,1.902,0,0,0,0,0,0
lltp,ILL/petri-nets/MCC,,,CloudReconfiguration_reconf_3_15_10_1.p,classical,auto,1,false,,5,0,3,,unknown,recursion_limit,,focus,MELL,12930,129,1.879,0,0,0,0,0,0
lltp,ILL/petri-nets/MCC,,,CloudReconfiguration_reconf_3_15_1_1.p,classical,auto,1,false,,5,0,3,,unknown,recursion_limit,,focus,MELL,12930,129,1.835,0,0,0,0,0,0
lltp,ILL/petri-nets/MCC,,,CloudReconfiguration_reconf_3_15_20_1.p,classical,auto,1,false,,5,0,3,,unknown,recursion_limit,,focus,MELL,12934,129,1.897,0,0,0,0,0,0
lltp,ILL/petri-nets/MCC,,,CloudReconfiguration_reconf_3_15_50_1.p,classical,auto,1,false,,5,0,3,,unknown,recursion_limit,,focus,MELL,12938,129,1.945,0,0,0,0,0,0
lltp,ILL/petri-nets/MCC,,,CloudReconfiguration_reconf_3_15_5_1.p,classical,auto,1,false,,5,0,3,,unknown,recursion_limit,,focus,MELL,12930,129,1.856,0,0,0,0,0,0
lltp,ILL/petri-nets/MCC,,,CloudReconfiguration_reconf_3_16_100_1.p,classical,auto,1,false,,5,0,3,,unknown,recursion_limit,,focus,MELL,12938,129,1.877,0,0,0,0,0,0
lltp,ILL/petri-nets/MCC,,,CloudReconfiguration_reconf_3_16_10_1.p,classical,auto,1,false,,5,0,3,,unknown,recursion_limit,,focus,MELL,12930,129,1.888,0,0,0,0,0,0
lltp,ILL/petri-nets/MCC,,,CloudReconfiguration_reconf_3_16_1_1.p,classical,auto,1,false,,5,0,3,,unknown,recursion_limit,,focus,MELL,12930,129,1.875,0,0,0,0,0,0
lltp,ILL/petri-nets/MCC,,,CloudReconfiguration_reconf_3_16_20_1.p,classical,auto,1,false,,5,0,3,,unknown,recursion_limit,,focus,MELL,12934,129,1.846,0,0,0,0,0,0
lltp,ILL/petri-nets/MCC,,,CloudReconfiguration_reconf_3_16_50_1.p,classical,auto,1,false,,5,0,3,,unknown,recursion_limit,,focus,MELL,12938,129,1.903,0,0,0,0,0,0
lltp,ILL/petri-nets/MCC,,,CloudReconfiguration_reconf_3_16_5_1.p,classical,auto,1,false,,5,0,3,,unknown,recursion_limit,,focus,MELL,12930,129,1.954,0,0,0,0,0,0
lltp,ILL/petri-nets/MCC,,,CloudReconfiguration_reconf_3_17_100_1.p,classical,auto,1,false,,5,0,3,,unknown,recursion_limit,,focus,MELL,12970,129,1.814,0,0,0,0,0,0
lltp,ILL/petri-nets/MCC,,,CloudReconfiguration_reconf_3_17_10_1.p,classical,auto,1,false,,5,0,3,,unknown,recursion_limit,,focus,MELL,12962,129,1.845,0,0,0,0,0,0
lltp,ILL/petri-nets/MCC,,,CloudReconfiguration_reconf_3_17_1_1.p,classical,auto,1,false,,5,0,3,,unknown,recursion_limit,,focus,MELL,12962,129,1.859,0,0,0,0,0,0
lltp,ILL/petri-nets/MCC,,,CloudReconfiguration_reconf_3_17_20_1.p,classical,auto,1,false,,5,0,3,,unknown,recursion_limit,,focus,MELL,12966,129,1.847,0,0,0,0,0,0
lltp,ILL/petri-nets/MCC,,,CloudReconfiguration_reconf_3_17_50_1.p,classical,auto,1,false,,5,0,3,,unknown,recursion_limit,,focus,MELL,12970,129,1.845,0,0,0,0,0,0
lltp,ILL/petri-nets/MCC,,,CloudReconfiguration_reconf_3_17_5_1.p,classical,auto,1,false,,5,0,3,,unknown,recursion_limit,,focus,MELL,12962,129,1.822,0,0,0,0,0,0
lltp,ILL/petri-nets/MCC,,,CloudReconfiguration_reconf_3_18_100_1.p,classical,auto,1,false,,5,0,3,,unknown,recursion_limit,,focus,MELL,12970,129,1.859,0,0,0,0,0,0
lltp,ILL/petri-nets/MCC,,,CloudReconfiguration_reconf_3_18_10_1.p,classical,auto,1,false,,5,0,3,,unknown,recursion_limit,,focus,MELL,12962,129,1.860,0,0,0,0,0,0
lltp,ILL/petri-nets/MCC,,,CloudReconfiguration_reconf_3_18_1_1.p,classical,auto,1,false,,5,0,3,,unknown,recursion_limit,,focus,MELL,12962,129,1.929,0,0,0,0,0,0
lltp,ILL/petri-nets/MCC,,,CloudReconfiguration_reconf_3_18_20_1.p,classical,auto,1,false,,5,0,3,,unknown,recursion_limit,,focus,MELL,12966,129,1.893,0,0,0,0,0,0
lltp,ILL/petri-nets/MCC,,,CloudReconfiguration_reconf_3_18_50_1.p,classical,auto,1,false,,5,0,3,,unknown,recursion_limit,,focus,MELL,12970,129,1.838,0,0,0,0,0,0
lltp,ILL/petri-nets/MCC,,,CloudReconfiguration_reconf_3_18_5_1.p,classical,auto,1,false,,5,0,3,,unknown,recursion_limit,,focus,MELL,12962,129,1.868,0,0,0,0,0,0
lltp,ILL/petri-nets/MCC,,,CloudReconfiguration_reconf_3_19_100_1.p,classical,auto,1,false,,5,0,3,,unknown,recursion_limit,,focus,MELL,12968,129,1.869,0,0,0,0,0,0
lltp,ILL/petri-nets/MCC,,,CloudReconfiguration_reconf_3_19_10_1.p,classical,auto,1,false,,5,0,3,,unknown,recursion_limit,,focus,MELL,12962,129,1.850,0,0,0,0,0,0
lltp,ILL/petri-nets/MCC,,,CloudReconfiguration_reconf_3_19_1_1.p,classical,auto,1,false,,5,0,3,,unknown,recursion_limit,,focus,MELL,12962,129,1.902,0,0,0,0,0,0
lltp,ILL/petri-nets/MCC,,,CloudReconfiguration_reconf_3_19_20_1.p,classical,auto,1,false,,5,0,3,,unknown,recursion_limit,,focus,MELL,12966,129,1.831,0,0,0,0,0,0
lltp,ILL/petri-nets/MCC,,,CloudReconfiguration_reconf_3_19_50_1.p,classical,auto,1,false,,5,0,3,,unknown,recursion_limit,,focus,MELL,12970,129,1.860,0,0,0,0,0,0
lltp,ILL/petri-nets/MCC,,,CloudReconfiguration_reconf_3_19_5_1.p,classical,auto,1,false,,5,0,3,,unknown,recursion_limit,,focus,MELL,12962,129,1.907,0,0,0,0,0,0
lltp,ILL/petri-nets/MCC,,,CloudReconfiguration_reconf_3_20_100_1.p,classical,auto,1,false,,5,0,3,,unknown,recursion_limit,,focus,MELL,12970,129,1.814,0,0,0,0,0,0
lltp,ILL/petri-nets/MCC,,,CloudReconfiguration_reconf_3_20_10_1.p,classical,auto,1,false,,5,0,3,,unknown,recursion_limit,,focus,MELL,12962,129,1.844,0,0,0,0,0,0
lltp,ILL/petri-nets/MCC,,,CloudReconfiguration_reconf_3_20_1_1.p,classical,auto,1,false,,5,0,3,,unknown,recursion_limit,,focus,MELL,12962,129,1.871,0,0,0,0,0,0
lltp,ILL/petri-nets/MCC,,,CloudReconfiguration_reconf_3_20_20_1.p,classical,auto,1,false,,5,0,3,,unknown,recursion_limit,,focus,MELL,12966,129,1.826,0,0,0,0,0,0
lltp,ILL/petri-nets/MCC,,,CloudReconfiguration_reconf_3_20_50_1.p,classical,auto,1,false,,5,0,3,,unknown,recursion_limit,,focus,MELL,12970,129,1.906,0,0,0,0,0,0
lltp,ILL/petri-nets/MCC,,,CloudReconfiguration_reconf_3_20_5_1.p,classical,auto,1,false,,5,0,3,,unknown,recursion_limit,,focus,MELL,12962,129,1.845,0,0,0,0,0,0
lltp,ILL/petri-nets/MCC,,,CloudReconfiguration_reconf_4_01_100_1.p,classical,auto,1,false,,5,0,3,,unknown,recursion_limit,,focus,MELL,17788,172,2.612,0,0,0,0,0,0
lltp,ILL/petri-nets/MCC,,,CloudReconfiguration_reconf_4_01_10_1.p,classical,auto,1,false,,5,0,3,,unknown,recursion_limit,,focus,MELL,17782,172,2.330,0,0,0,0,0,0
lltp,ILL/petri-nets/MCC,,,CloudReconfiguration_reconf_4_01_1_1.p,classical,auto,1,false,,5,0,3,,unknown,recursion_limit,,focus,MELL,17782,172,2.267,0,0,0,0,0,0
lltp,ILL/petri-nets/MCC,,,CloudReconfiguration_reconf_4_01_20_1.p,classical,auto,1,false,,5,0,3,,unknown,recursion_limit,,focus,MELL,17788,172,2.257,0,0,0,0,0,0
lltp,ILL/petri-nets/MCC,,,CloudReconfiguration_reconf_4_01_50_1.p,classical,auto,1,false,,5,0,3,,unknown,recursion_limit,,focus,MELL,17792,172,2.275,0,0,0,0,0,0
lltp,ILL/petri-nets/MCC,,,CloudReconfiguration_reconf_4_01_5_1.p,classical,auto,1,false,,5,0,3,,unknown,recursion_limit,,focus,MELL,17782,172,2.326,0,0,0,0,0,0
lltp,ILL/petri-nets/MCC,,,CloudReconfiguration_reconf_4_02_100_1.p,classical,auto,1,false,,5,0,3,,unknown,recursion_limit,,focus,MELL,17792,172,2.306,0,0,0,0,0,0
lltp,ILL/petri-nets/MCC,,,CloudReconfiguration_reconf_4_02_10_1.p,classical,auto,1,false,,5,0,3,,unknown,recursion_limit,,focus,MELL,17782,172,2.233,0,0,0,0,0,0
lltp,ILL/petri-nets/MCC,,,CloudReconfiguration_reconf_4_02_1_1.p,classical,auto,1,false,,5,0,3,,unknown,recursion_limit,,focus,MELL,17782,172,2.337,0,0,0,0,0,0
lltp,ILL/petri-nets/MCC,,,CloudReconfiguration_reconf_4_02_20_1.p,classical,auto,1,false,,5,0,3,,unknown,recursion_limit,,focus,MELL,17788,172,2.231,0,0,0,0,0,0
lltp,ILL/petri-nets/MCC,,,CloudReconfiguration_reconf_4_02_50_1.p,classical,auto,1,false,,5,0,3,,unknown,recursion_limit,,focus,MELL,17792,172,3.208,0,0,0,0,0,0
lltp,ILL/petri-nets/MCC,,,CloudReconfiguration_reconf_4_02_5_1.p,classical,auto,1,false,,5,0,3,,unknown,recursion_limit,,focus,MELL,17782,172,2.294,0,0,0,0,0,0
lltp,ILL/petri-nets/MCC,,,DES_des_00_a_10_1.p,classical,auto,1,false,,5,0,3,,unknown,timeout,,focus,MELL,830,6,5043.118,3,0,1,75878400,0,0
lltp,ILL/petri-nets/MCC,,,DES_des_00_a_1_1.p,classical,auto,1,false,,5,0,3,,unknown,timeout,,focus,MELL,828,6,5143.445,3,0,1,74801152,0,0
lltp,ILL/petri-nets/MCC,,,DES_des_00_a_20_1.p,classical,auto,1,false,,5,0,,,unknown,killed,,,,,,10501.089,,,,,,
lltp,ILL/petri-nets/MCC,,,DES_des_00_a_50_1.p,classical,auto,1,false,,5,0,,,unknown,killed,,,,,,10501.717,,,,,,
lltp,ILL/petri-nets/MCC,,,DES_des_00_a_5_1.p,classical,auto,1,false,,5,0,3,,unknown,timeout,,focus,MELL,830,7,5012.547,3,0,1,73760768,0,0
lltp,ILL/petri-nets/MCC,,,DES_des_00_b_100_1.p,classical,auto,1,false,,5,0,3,,unknown,copy_bound,,focus,MELL,1396,6,2962.082,1811903,1776891,30865,20880956,0,0
lltp,ILL/petri-nets/MCC,,,DES_des_00_b_10_1.p,classical,auto,1,false,,5,0,3,,unknown,copy_bound,,focus,MELL,1332,6,3054.099,2699133,2640858,52273,19972570,0,0
lltp,ILL/petri-nets/MCC,,,DES_des_00_b_1_1.p,classical,auto,1,false,,5,0,3,,proved,,ok,focus,MELL,1320,6,0.557,265,102,160,1309,0,0
lltp,ILL/petri-nets/MCC,,,DES_des_00_b_20_1.p,classical,auto,1,false,,5,0,3,,unknown,copy_bound,,focus,MELL,1352,6,3245.124,2889259,2826965,55999,21237412,0,0
lltp,ILL/petri-nets/MCC,,,DES_des_00_b_50_1.p,classical,auto,1,false,,5,0,3,,unknown,timeout,,focus,MELL,1386,6,5003.960,630892,605550,23713,40035738,0,0
lltp,ILL/petri-nets/MCC,,,DES_des_00_b_5_1.p,classical,auto,1,false,,5,0,3,,unknown,copy_bound,,focus,MELL,1326,6,1860.978,2704019,2645568,52445,11055456,0,0
lltp,ILL/petri-nets/MCC,,,DES_des_01_a_10_1.p,classical,auto,1,false,,5,0,3,,unknown,timeout,,focus,MELL,850,6,5027.340,3,0,1,72462336,0,0
lltp,ILL/petri-nets/MCC,,,DES_des_01_a_1_1.p,classical,auto,1,false,,5,0,3,,unknown,timeout,,focus,MELL,852,6,5159.573,3,0,1,74801152,0,0
lltp,ILL/petri-nets/MCC,,,DES_des_01_a_20_1.p,classical,auto,1,false,,5,0,,,unknown,killed,,,,,,10500.843,,,,,,
lltp,ILL/petri-nets/MCC,,,DES_des_01_a_50_1.p,classical,auto,1,false,,5,0,3,,unknown,timeout,,focus,MELL,844,6,5038.581,3,0,1,74764288,0,0
lltp,ILL/petri-nets/MCC,,,DES_des_01_a_5_1.p,classical,auto,1,false,,5,0,3,,unknown,timeout,,focus,MELL,850,6,5043.750,3,0,1,74977280,0,0
lltp,ILL/petri-nets/MCC,,,DES_des_01_b_100_1.p,classical,auto,1,false,,5,0,3,,unknown,copy_bound,,focus,MELL,1454,6,2340.132,2115732,2074832,36258,15243581,0,0
lltp,ILL/petri-nets/MCC,,,DES_des_01_b_10_1.p,classical,auto,1,false,,5,0,3,,unknown,timeout,,focus,MELL,1384,6,5008.010,15773770,15707531,58421,44004171,0,0
lltp,ILL/petri-nets/MCC,,,DES_des_01_b_1_1.p,classical,auto,1,false,,5,0,3,,proved,,ok,focus,MELL,1370,6,0.589,265,102,160,1369,0,0
lltp,ILL/petri-nets/MCC,,,DES_des_01_b_20_1.p,classical,auto,1,false,,5,0,3,,unknown,timeout,,focus,MELL,1404,6,5003.874,560906,536144,23265,39589924,0,0
lltp,ILL/petri-nets/MCC,,,DES_des_01_b_50_1.p,classical,auto,1,false,,5,0,3,,unknown,timeout,,focus,MELL,1442,6,5006.648,73566,66117,7194,42812633,0,0
lltp,ILL/petri-nets/MCC,,,DES_des_01_b_5_1.p,classical,auto,1,false,,5,0,3,,unknown,copy_bound,,focus,MELL,1378,6,2296.861,2699257,2640975,52280,13974007,0,0
lltp,ILL/petri-nets/MCC,,,DES_des_02_a_10_1.p,classical,auto,1,false,,5,0,3,,unknown,timeout,,focus,MELL,892,7,5043.771,3,0,1,72048640,0,0
lltp,ILL/petri-nets/MCC,,,DES_des_02_a_1_1.p,classical,auto,1,false,,5,0,3,,unknown,timeout,,focus,MELL,890,7,5039.670,3,0,1,71847936,0,0
lltp,ILL/petri-nets/MCC,,,DES_des_02_a_20_1.p,classical,auto,1,false,,5,0,3,,unknown,timeout,,focus,MELL,892,7,5021.353,3,0,1,70316032,0,0
lltp,ILL/petri-nets/MCC,,,DES_des_02_a_50_1.p,classical,auto,1,false,,5,0,3,,unknown,timeout,,focus,MELL,888,7,5017.556,3,0,1,70316032,0,0
lltp,ILL/petri-nets/MCC,,,DES_des_02_a_5_1.p,classical,auto,1,false,,5,0,3,,unknown,timeout,,focus,MELL,890,7,5039.356,3,0,1,70799360,0,0
lltp,ILL/petri-nets/MCC,,,DES_des_02_b_100_1.p,classical,auto,1,false,,5,0,3,,unknown,copy_bound,,focus,MELL,1486,6,1880.148,2408370,2364292,39178,11534632,0,0
lltp,ILL/petri-nets/MCC,,,DES_des_02_b_10_1.p,classical,auto,1,false,,5,0,3,,unknown,timeout,,focus,MELL,1420,6,5007.297,2482637,2420960,56513,34835717,0,0
lltp,ILL/petri-nets/MCC,,,DES_des_02_b_1_1.p,classical,auto,1,false,,5,0,3,,proved,,ok,focus,MELL,1402,6,0.579,265,102,160,1407,0,0
lltp,ILL/petri-nets/MCC,,,DES_des_02_b_20_1.p,classical,auto,1,false,,5,0,3,,unknown,timeout,,focus,MELL,1440,6,5007.668,2360646,2298079,57672,34696448,0,0
lltp,ILL/petri-nets/MCC,,,DES_des_02_b_50_1.p,classical,auto,1,false,,5,0,3,,unknown,timeout,,focus,MELL,1474,6,5003.684,611900,587521,22902,39100550,0,0
lltp,ILL/petri-nets/MCC,,,DES_des_02_b_5_1.p,classical,auto,1,false,,5,0,3,,unknown,timeout,,focus,MELL,1410,6,5008.990,15693312,15614581,69841,38252419,0,0
lltp,ILL/petri-nets/MCC,,,DES_des_05_a_10_1.p,classical,auto,1,false,,5,0,3,,unknown,timeout,,focus,MELL,1008,10,5018.222,203,122,78,64180224,0,0
lltp,ILL/petri-nets/MCC,,,DES_des_05_a_1_1.p,classical,auto,1,false,,5,0,3,,unknown,timeout,,focus,MELL,1004,10,5033.054,3,0,1,68653056,0,0
lltp,ILL/petri-nets/MCC,,,DES_des_05_a_20_1.p,classical,auto,1,false,,5,0,3,,unknown,timeout,,focus,MELL,1006,10,5038.148,3,0,1,68726784,0,0
lltp,ILL/petri-nets/MCC,,,DES_des_05_a_50_1.p,classical,auto,1,false,,5,0,3,,unknown,timeout,,focus,MELL,1006,10,5115.873,3,0,1,65126400,0,0
lltp,ILL/petri-nets/MCC,,,DES_des_05_a_5_1.p,classical,auto,1,false,,5,0,3,,unknown,timeout,,focus,MELL,1006,10,5009.848,114,57,54,64020480,0,0
lltp,ILL/petri-nets/MCC,,,DES_des_05_b_100_1.p,classical,auto,1,false,,5,0,3,,unknown,copy_bound,,focus,MELL,1582,6,2568.202,3424688,3370086,48886,15343996,0,0
lltp,ILL/petri-nets/MCC,,,DES_des_05_b_10_1.p,classical,auto,1,false,,5,0,3,,unknown,timeout,,focus,MELL,1512,6,5011.020,12026851,11944750,72868,36559515,0,0
lltp,ILL/petri-nets/MCC,,,DES_des_05_b_1_1.p,classical,auto,1,false,,5,0,3,,proved,,ok,focus,MELL,1498,6,0.635,265,102,160,1551,0,0
lltp,ILL/petri-nets/MCC,,,DES_des_05_b_20_1.p,classical,auto,1,false,,5,0,3,,unknown,timeout,,focus,MELL,1532,6,5005.029,1143865,1105592,35964,35582266,0,0
lltp,ILL/petri-nets/MCC,,,DES_des_05_b_50_1.p,classical,auto,1,false,,5,0,3,,unknown,timeout,,focus,MELL,1570,6,5003.756,643937,619518,23088,37061222,0,0
lltp,ILL/petri-nets/MCC,,,DES_des_05_b_5_1.p,classical,auto,1,false,,5,0,3,,unknown,timeout,,focus,MELL,1506,6,5010.662,13366037,13283036,73831,35440691,0,0
lltp,ILL/petri-nets/MCC,,,DES_des_10_a_10_1.p,classical,auto,1,false,,5,0,3,,unknown,timeout,,focus,MELL,1194,15,5012.239,3,0,1,60542976,0,0
lltp,ILL/petri-nets/MCC,,,DES_des_10_a_1_1.p,classical,auto,1,false,,5,0,3,,unknown,timeout,,focus,MELL,1194,15,5007.923,3,0,1,58421248,0,0
lltp,ILL/petri-nets/MCC,,,DES_des_10_a_20_1.p,classical,auto,1,false,,5,0,3,,unknown,timeout,,focus,MELL,1196,15,5009.729,3,0,1,58404864,0,0
lltp,ILL/petri-nets/MCC,,,DES_des_10_a_50_1.p,classical,auto,1,false,,5,0,3,,unknown,timeout,,focus,MELL,1196,15,5030.387,3,0,1,60268544,0,0
lltp,ILL/petri-nets/MCC,,,DES_des_10_a_5_1.p,classical,auto,1,false,,5,0,3,,unknown,timeout,,focus,MELL,1194,15,5013.881,3,0,1,59686912,0,0
lltp,ILL/petri-nets/MCC,,,DES_des_10_b_100_1.p,classical,auto,1,false,,5,0,3,,unknown,copy_bound,,focus,MELL,1742,10,3116.776,3424688,3370086,48886,17351756,0,0
lltp,ILL/petri-nets/MCC,,,DES_des_10_b_10_1.p,classical,auto,1,false,,5,0,3,,unknown,timeout,,focus,MELL,1672,10,5010.812,8686469,8605637,71638,31619678,0,0
lltp,ILL/petri-nets/MCC,,,DES_des_10_b_1_1.p,classical,auto,1,false,,5,0,3,,proved,,ok,focus,MELL,1658,10,0.702,265,102,160,1791,0,0
lltp,ILL/petri-nets/MCC,,,DES_des_10_b_20_1.p,classical,auto,1,false,,5,0,3,,unknown,timeout,,focus,MELL,1692,10,5004.563,1028189,992625,33474,33296461,0,0
lltp,ILL/petri-nets/MCC,,,DES_des_10_b_50_1.p,classical,auto,1,false,,5,0,3,,unknown,copy_bound,,focus,MELL,1742,10,2934.798,3557318,3495017,56006,15927506,0,0
lltp,ILL/petri-nets/MCC,,,DES_des_10_b_5_1.p,classical,auto,1,false,,5,0,3,,unknown,timeout,,focus,MELL,1666,11,5010.479,9737895,9659689,69399,31390453,0,0
lltp,ILL/petri-nets/MCC,,,DES_des_20_a_100_1.p,classical,auto,1,false,,5,0,3,,unknown,timeout,,focus,MELL,1578,25,5013.812,3,0,1,46751744,0,0
lltp,ILL/petri-nets/MCC,,,DES_des_20_a_10_1.p,classical,auto,1,false,,5,0,3,,unknown,timeout,,focus,MELL,1576,25,5011.149,3,0,1,46751744,0,0
lltp,ILL/petri-nets/MCC,,,DES_des_20_a_1_1.p,classical,auto,1,false,,5,0,3,,unknown,timeout,,focus,MELL,1574,25,5001.074,3,0,1,44118016,0,0
lltp,ILL/petri-nets/MCC,,,DES_des_20_a_20_1.p,classical,auto,1,false,,5,0,3,,unknown,timeout,,focus,MELL,1578,25,5035.684,3,0,1,46751744,0,0
lltp,ILL/petri-nets/MCC,,,DES_des_20_a_50_1.p,classical,auto,1,false,,5,0,3,,unknown,timeout,,focus,MELL,1578,25,5002.101,3,0,1,44814336,0,0
lltp,ILL/petri-nets/MCC,,,DES_des_20_a_5_1.p,classical,auto,1,false,,5,0,3,,unknown,timeout,,focus,MELL,1576,25,5038.529,3,0,1,47775744,0,0
lltp,ILL/petri-nets/MCC,,,DES_des_20_b_100_1.p,classical,auto,1,false,,5,0,3,,unknown,timeout,,focus,MELL,2062,20,5008.612,54628,49339,5102,33019962,0,0
lltp,ILL/petri-nets/MCC,,,DES_des_20_b_10_1.p,classical,auto,1,false,,5,0,3,,unknown,timeout,,focus,MELL,1992,20,5010.070,5052921,4975876,68951,26396682,0,0
lltp,ILL/petri-nets/MCC,,,DES_des_20_b_1_1.p,classical,auto,1,false,,5,0,3,,proved,,ok,focus,MELL,1978,20,0.927,265,102,160,2271,0,0
lltp,ILL/petri-nets/MCC,,,DES_des_20_b_20_1.p,classical,auto,1,false,,5,0,3,,unknown,timeout,,focus,MELL,2012,20,5002.424,273929,258937,14351,31942700,0,0
lltp,ILL/petri-nets/MCC,,,DES_des_20_b_50_1.p,classical,auto,1,false,,5,0,3,,unknown,copy_bound,,focus,MELL,2062,20,4048.069,3557318,3495017,56006,20358386,0,0
lltp,ILL/petri-nets/MCC,,,DES_des_20_b_5_1.p,classical,auto,1,false,,5,0,3,,unknown,timeout,,focus,MELL,1986,21,5009.776,4199579,4129698,61780,25285713,0,0
lltp,ILL/petri-nets/MCC,,,DES_des_30_a_100_1.p,classical,auto,1,false,,5,0,3,,unknown,timeout,,focus,MELL,1942,35,5039.380,3,0,1,39895040,0,0
lltp,ILL/petri-nets/MCC,,,DES_des_30_a_10_1.p,classical,auto,1,false,,5,0,3,,unknown,timeout,,focus,MELL,1946,35,5054.329,3,0,1,40427520,0,0
lltp,ILL/petri-nets/MCC,,,DES_des_30_a_1_1.p,classical,auto,1,false,,5,0,3,,unknown,timeout,,focus,MELL,1942,35,5022.597,3,0,1,42790912,0,0
lltp,ILL/petri-nets/MCC,,,DES_des_30_a_20_1.p,classical,auto,1,false,,5,0,3,,unknown,timeout,,focus,MELL,1946,35,5046.738,3,0,1,40427520,0,0
lltp,ILL/petri-nets/MCC,,,DES_des_30_a_50_1.p,classical,auto,1,false,,5,0,3,,unknown,timeout,,focus,MELL,1942,35,5054.408,3,0,1,39895040,0,0
lltp,ILL/petri-nets/MCC,,,DES_des_30_a_5_1.p,classical,auto,1,false,,5,0,3,,unknown,timeout,,focus,MELL,1944,35,5015.503,3,0,1,39895040,0,0
lltp,ILL/petri-nets/MCC,,,DES_des_30_b_100_1.p,classical,auto,1,false,,5,0,3,,unknown,timeout,,focus,MELL,2374,30,5008.942,65730,59578,5944,29554047,0,0
lltp,ILL/petri-nets/MCC,,,DES_des_30_b_10_1.p,classical,auto,1,false,,5,0,3,,unknown,timeout,,focus,MELL,2304,30,5009.098,3838354,3770608,61239,23679000,0,0
lltp,ILL/petri-nets/MCC,,,DES_des_30_b_1_1.p,classical,auto,1,false,,5,0,3,,proved,,ok,focus,MELL,2290,30,1.123,265,102,160,2739,0,0
lltp,ILL/petri-nets/MCC,,,DES_des_30_b_20_1.p,classical,auto,1,false,,5,0,3,,unknown,timeout,,focus,MELL,2324,30,5002.944,402812,384552,17368,27230791,0,0
lltp,ILL/petri-nets/MCC,,,DES_des_30_b_50_1.p,classical,auto,1,false,,5,0,3,,unknown,copy_bound,,focus,MELL,2328,31,4992.264,2819904,2765302,48886,22618775,0,0
lltp,ILL/petri-nets/MCC,,,DES_des_30_b_5_1.p,classical,auto,1,false,,5,0,3,,unknown,timeout,,focus,MELL,2298,30,5008.852,3331800,3265616,59619,22487584,0,0
lltp,ILL/petri-nets/MCC,,,DES_des_40_a_100_1.p,classical,auto,1,false,,5,0,3,,unknown,timeout,,focus,MELL,2322,45,5007.531,3,0,1,31444992,0,0
lltp,ILL/petri-nets/MCC,,,DES_des_40_a_10_1.p,classical,auto,1,false,,5,0,3,,unknown,timeout,,focus,MELL,2326,45,5003.677,3,0,1,32755712,0,0
lltp,ILL/petri-nets/MCC,,,DES_des_40_a_1_1.p,classical,auto,1,false,,5,0,3,,unknown,timeout,,focus,MELL,2322,45,5059.151,3,0,1,37134336,0,0
lltp,ILL/petri-nets/MCC,,,DES_des_40_a_20_1.p,classical,auto,1,false,,5,0,3,,unknown,timeout,,focus,MELL,2326,45,5002.924,3,0,1,33058816,0,0
lltp,ILL/petri-nets/MCC,,,DES_des_40_a_50_1.p,classical,auto,1,false,,5,0,3,,unknown,timeout,,focus,MELL,2322,45,5005.838,3,0,1,31444992,0,0
lltp,ILL/petri-nets/MCC,,,DES_des_40_a_5_1.p,classical,auto,1,false,,5,0,3,,unknown,timeout,,focus,MELL,2324,45,5016.931,3,0,1,32755712,0,0
lltp,ILL/petri-nets/MCC,,,DES_des_40_b_100_1.p,classical,auto,1,false,,5,0,3,,unknown,timeout,,focus,MELL,2694,40,5001.153,83323,76195,6886,26343222,0,0
lltp,ILL/petri-nets/MCC,,,DES_des_40_b_10_1.p,classical,auto,1,false,,5,0,3,,unknown,timeout,,focus,MELL,2624,40,5007.545,3053589,2995686,52504,21454974,0,0
lltp,ILL/petri-nets/MCC,,,DES_des_40_b_1_1.p,classical,auto,1,false,,5,0,3,,proved,,ok,focus,MELL,2610,40,1.353,265,102,160,3219,0,0
lltp,ILL/petri-nets/MCC,,,DES_des_40_b_20_1.p,classical,auto,1,false,,5,0,3,,unknown,timeout,,focus,MELL,2644,40,5004.899,621171,596573,23261,23319851,0,0
lltp,ILL/petri-nets/MCC,,,DES_des_40_b_50_1.p,classical,auto,1,false,,5,0,3,,unknown,timeout,,focus,MELL,2648,41,5006.858,2097042,2045886,46572,20222676,0,0
lltp,ILL/petri-nets/MCC,,,DES_des_40_b_5_1.p,classical,auto,1,false,,5,0,3,,unknown,timeout,,focus,MELL,2618,40,5007.398,2569798,2512294,52018,20496403,0,0
lltp,ILL/petri-nets/MCC,,,DES_des_50_a_100_1.p,classical,auto,1,false,,5,0,3,,unknown,timeout,,focus,MELL,2702,55,5007.879,3,0,1,28561408,0,0
lltp,ILL/petri-nets/MCC,,,DES_des_50_a_10_1.p,classical,auto,1,false,,5,0,3,,unknown,timeout,,focus,MELL,2706,55,5005.258,3,0,1,28561408,0,0
lltp,ILL/petri-nets/MCC,,,DES_des_50_a_1_1.p,classical,auto,1,false,,5,0,3,,unknown,timeout,,focus,MELL,2702,55,5051.227,3,0,1,32608256,0,0
lltp,ILL/petri-nets/MCC,,,DES_des_50_a_20_1.p,classical,auto,1,false,,5,0,3,,unknown,timeout,,focus,MELL,2706,55,5008.538,3,0,1,29085696,0,0
lltp,ILL/petri-nets/MCC,,,DES_des_50_a_50_1.p,classical,auto,1,false,,5,0,3,,unknown,timeout,,focus,MELL,2702,55,5027.575,3,0,1,28299264,0,0
lltp,ILL/petri-nets/MCC,,,DES_des_50_a_5_1.p,classical,auto,1,false,,5,0,3,,unknown,timeout,,focus,MELL,2704,55,5003.693,3,0,1,28823552,0,0
lltp,ILL/petri-nets/MCC,,,DES_des_50_b_100_1.p,classical,auto,1,false,,5,0,3,,unknown,timeout,,focus,MELL,3014,50,5002.110,115505,107100,8102,23332102,0,0
lltp,ILL/petri-nets/MCC,,,DES_des_50_b_10_1.p,classical,auto,1,false,,5,0,3,,unknown,timeout,,focus,MELL,2948,51,5005.663,1318888,1277421,38796,18956660,0,0
lltp,ILL/petri-nets/MCC,,,DES_des_50_b_1_1.p,classical,auto,1,false,,5,0,3,,proved,,ok,focus,MELL,2930,50,1.638,265,102,160,3699,0,0
lltp,ILL/petri-nets/MCC,,,DES_des_50_b_20_1.p,classical,auto,1,false,,5,0,3,,unknown,timeout,,focus,MELL,2968,51,5005.994,1326831,1284821,39396,19139048,0,0
lltp,ILL/petri-nets/MCC,,,DES_des_50_b_50_1.p,classical,auto,1,false,,5,0,3,,unknown,timeout,,focus,MELL,2970,51,5007.060,1776708,1726020,47012,18241401,0,0
lltp,ILL/petri-nets/MCC,,,DES_des_50_b_5_1.p,classical,auto,1,false,,5,0,3,,unknown,timeout,,focus,MELL,2938,50,5006.786,1995399,1946404,44357,18334490,0,0
lltp,ILL/petri-nets/MCC,,,DES_des_60_a_100_1.p,classical,auto,1,false,,5,0,3,,unknown,timeout,,focus,MELL,3082,65,5001.110,41767082,41758813,8265,42765550,0,0
lltp,ILL/petri-nets/MCC,,,DES_des_60_a_10_1.p,classical,auto,1,false,,5,0,3,,unknown,timeout,,focus,MELL,3082,65,5042.811,3,0,1,28020736,0,0
lltp,ILL/petri-nets/MCC,,,DES_des_60_a_1_1.p,classical,auto,1,false,,5,0,3,,unknown,timeout,,focus,MELL,3082,65,5098.907,3,0,1,28721152,0,0
lltp,ILL/petri-nets/MCC,,,DES_des_60_a_20_1.p,classical,auto,1,false,,5,0,3,,unknown,timeout,,focus,MELL,3082,65,5023.974,3,0,1,28459008,0,0
lltp,ILL/petri-nets/MCC,,,DES_des_60_a_50_1.p,classical,auto,1,false,,5,0,3,,unknown,timeout,,focus,MELL,3082,65,5000.763,41502314,41494045,8265,42496474,0,0
lltp,ILL/petri-nets/MCC,,,DES_des_60_a_5_1.p,classical,auto,1,false,,5,0,3,,unknown,timeout,,focus,MELL,3082,65,5048.332,3,0,1,28721152,0,0
lltp,ILL/petri-nets/MCC,,,DES_des_60_b_100_1.p,classical,auto,1,false,,5,0,3,,unknown,timeout,,focus,MELL,3334,60,5006.317,100249,92377,7599,21145859,0,0
lltp,ILL/petri-nets/MCC,,,DES_des_60_b_10_1.p,classical,auto,1,false,,5,0,3,,unknown,timeout,,focus,MELL,3264,60,5005.554,2105486,2066736,34907,17460946,0,0
lltp,ILL/petri-nets/MCC,,,DES_des_60_b_1_1.p,classical,auto,1,false,,5,0,3,,proved,,ok,focus,MELL,3250,60,2.048,265,102,160,4179,0,0
lltp,ILL/petri-nets/MCC,,,DES_des_60_b_20_1.p,classical,auto,1,false,,5,0,3,,unknown,timeout,,focus,MELL,3284,60,5005.091,1067920,1032030,33698,16967830,0,0
lltp,ILL/petri-nets/MCC,,,DES_des_60_b_50_1.p,classical,auto,1,false,,5,0,3,,unknown,timeout,,focus,MELL,3290,61,5006.499,1431071,1386913,41140,16672485,0,0
lltp,ILL/petri-nets/MCC,,,DES_des_60_b_5_1.p,classical,auto,1,false,,5,0,3,,unknown,timeout,,focus,MELL,3258,60,5005.427,1591217,1551923,35319,16470702,0,0
lltp,ILL/petri-nets/MCC,,,DLCround_dlcro_03_a_1_1.p,classical,auto,1,false,,5,0,3,,unknown,timeout,,focus,MELL,4642,33,5162.039,3,0,1,17469440,0,0
lltp,ILL/petri-nets/MCC,,,DLCround_dlcro_03_a_20_1.p,classical,auto,1,false,,5,0,3,,unknown,timeout,,focus,MELL,4642,33,5063.049,37,0,34,15904768,0,0
lltp,ILL/petri-nets/MCC,,,DLCround_dlcro_03_a_50_1.p,classical,auto,1,false,,5,0,3,,unknown,timeout,,focus,MELL,4642,33,5048.065,2268567,1,1048576,2272700,0,0
lltp,ILL/petri-nets/MCC,,,DLCround_dlcro_03_a_5_1.p,classical,auto,1,false,,5,0,3,,unknown,timeout,,focus,MELL,4642,33,5162.563,3,0,1,17469440,0,0
lltp,ILL/petri-nets/MCC,,,DLCround_dlcro_03_b_10_1.p,classical,auto,1,false,,5,0,3,,unknown,timeout,,focus,MELL,9632,11,5086.836,1977380,1714392,262368,3780143,0,0
lltp,ILL/petri-nets/MCC,,,DLCround_dlcro_03_b_1_1.p,classical,auto,1,false,,5,0,3,,proved,,ok,focus,MELL,9622,11,28.269,6289,3998,2288,11935,0,0
lltp,ILL/petri-nets/MCC,,,DLCround_dlcro_03_b_20_1.p,classical,auto,1,false,,5,0,3,,unknown,timeout,,focus,MELL,9632,11,5076.283,1949333,1689124,259597,3730811,0,0
lltp,ILL/petri-nets/MCC,,,DLCround_dlcro_03_b_50_1.p,classical,auto,1,false,,5,0,3,,unknown,timeout,,focus,MELL,9632,11,5076.457,1954834,1694080,260140,3740956,0,0
lltp,ILL/petri-nets/MCC,,,DLCround_dlcro_03_b_5_1.p,classical,auto,1,false,,5,0,3,,unknown,timeout,,focus,MELL,9626,11,5066.904,1946939,1686170,260151,3694411,0,0
lltp,ILL/petri-nets/MCC,,,DLCround_dlcro_04_a_1_1.p,classical,auto,1,false,,5,0,3,,unknown,timeout,,focus,MELL,6286,37,5253.867,3,0,1,13733888,0,0
lltp,ILL/petri-nets/MCC,,,DLCround_dlcro_04_a_20_1.p,classical,auto,1,false,,5,0,3,,unknown,context_too_wide,,focus,MELL,6286,37,7.255,41,0,38,5677,0,0
lltp,ILL/petri-nets/MCC,,,DLCround_dlcro_04_a_5_1.p,classical,auto,1,false,,5,0,3,,unknown,timeout,,focus,MELL,6286,37,5130.962,3,0,1,10014720,0,0
lltp,ILL/petri-nets/MCC,,,DLCround_dlcro_04_b_100_1.p,classical,auto,1,false,,5,0,3,,unknown,recursion_limit,,focus,MELL,12436,12,2.070,0,0,0,0,0,0
lltp,ILL/petri-nets/MCC,,,DLCround_dlcro_04_b_10_1.p,classical,auto,1,false,,5,0,3,,unknown,recursion_limit,,focus,MELL,12326,12,1.752,0,0,0,0,0,0
lltp,ILL/petri-nets/MCC,,,DLCround_dlcro_04_b_1_1.p,classical,auto,1,false,,5,0,3,,unknown,recursion_limit,,focus,MELL,12316,12,1.829,0,0,0,0,0,0
lltp,ILL/petri-nets/MCC,,,DLCround_dlcro_04_b_20_1.p,classical,auto,1,false,,5,0,3,,unknown,recursion_limit,,focus,MELL,12354,12,1.768,0,0,0,0,0,0
lltp,ILL/petri-nets/MCC,,,DLCround_dlcro_04_b_50_1.p,classical,auto,1,false,,5,0,3,,unknown,recursion_limit,,focus,MELL,12414,12,1.762,0,0,0,0,0,0
lltp,ILL/petri-nets/MCC,,,DLCround_dlcro_04_b_5_1.p,classical,auto,1,false,,5,0,3,,unknown,recursion_limit,,focus,MELL,12320,12,1.758,0,0,0,0,0,0
lltp,ILL/petri-nets/MCC,,,DLCround_dlcro_05_a_1_1.p,classical,auto,1,false,,5,0,3,,unknown,context_too_wide,,focus,MELL,8146,41,0.655,3,0,1,14,0,0
lltp,ILL/petri-nets/MCC,,,DLCround_dlcro_05_a_20_1.p,classical,auto,1,false,,5,0,3,,unknown,context_too_wide,,focus,MELL,8146,41,12.142,45,0,42,7392,0,0
lltp,ILL/petri-nets/MCC,,,DLCround_dlcro_05_a_5_1.p,classical,auto,1,false,,5,0,3,,unknown,context_too_wide,,focus,MELL,8146,41,0.674,3,0,1,14,0,0
lltp,ILL/petri-nets/MCC,,,DLCround_dlcro_05_b_10_1.p,classical,auto,1,false,,5,0,3,,unknown,recursion_limit,,focus,MELL,15314,13,2.101,0,0,0,0,0,0
lltp,ILL/petri-nets/MCC,,,DLCround_dlcro_05_b_1_1.p,classical,auto,1,false,,5,0,3,,unknown,recursion_limit,,focus,MELL,15302,13,2.133,0,0,0,0,0,0
lltp,ILL/petri-nets/MCC,,,DLCround_dlcro_05_b_20_1.p,classical,auto,1,false,,5,0,3,,unknown,recursion_limit,,focus,MELL,15304,13,1.957,0,0,0,0,0,0
lltp,ILL/petri-nets/MCC,,,DLCround_dlcro_05_b_50_1.p,classical,auto,1,false,,5,0,3,,unknown,recursion_limit,,focus,MELL,15304,13,1.960,0,0,0,0,0,0
lltp,ILL/petri-nets/MCC,,,DLCround_dlcro_05_b_5_1.p,classical,auto,1,false,,5,0,3,,unknown,recursion_limit,,focus,MELL,15308,13,2.098,0,0,0,0,0,0
lltp,ILL/petri-nets/MCC,,,DLCround_dlcro_06_a_1_1.p,classical,auto,1,false,,5,0,3,,unknown,context_too_wide,,focus,MELL,10222,45,1.090,3,0,1,4,0,0
lltp,ILL/petri-nets/MCC,,,DLCround_dlcro_06_a_20_1.p,classical,auto,1,false,,5,0,3,,unknown,context_too_wide,,focus,MELL,10222,45,1.079,3,0,1,4,0,0
lltp,ILL/petri-nets/MCC,,,DLCround_dlcro_06_a_50_1.p,classical,auto,1,false,,5,0,3,,unknown,context_too_wide,,focus,MELL,10222,45,20.914,49,0,46,9315,0,0
lltp,ILL/petri-nets/MCC,,,DLCround_dlcro_06_a_5_1.p,classical,auto,1,false,,5,0,3,,unknown,context_too_wide,,focus,MELL,10222,45,1.089,3,0,1,4,0,0
lltp,ILL/petri-nets/MCC,,,DLCround_dlcro_06_b_10_1.p,classical,auto,1,false,,5,0,3,,unknown,recursion_limit,,focus,MELL,18590,14,2.644,0,0,0,0,0,0
lltp,ILL/petri-nets/MCC,,,DLCround_dlcro_06_b_1_1.p,classical,auto,1,false,,5,0,3,,unknown,recursion_limit,,focus,MELL,18580,14,2.467,0,0,0,0,0,0
lltp,ILL/petri-nets/MCC,,,DLCround_dlcro_06_b_20_1.p,classical,auto,1,false,,5,0,3,,unknown,recursion_limit,,focus,MELL,18582,14,2.419,0,0,0,0,0,0
lltp,ILL/petri-nets/MCC,,,DLCround_dlcro_06_b_50_1.p,classical,auto,1,false,,5,0,3,,unknown,recursion_limit,,focus,MELL,18582,14,3.126,0,0,0,0,0,0
lltp,ILL/petri-nets/MCC,,,DLCround_dlcro_06_b_5_1.p,classical,auto,1,false,,5,0,3,,unknown,recursion_limit,,focus,MELL,18586,14,2.424,0,0,0,0,0,0
lltp,ILL/petri-nets/MCC,,,DLCround_dlcro_07_a_1_1.p,classical,auto,1,false,,5,0,3,,unknown,context_too_wide,,focus,MELL,12514,49,1.533,3,0,1,129,0,0
lltp,ILL/petri-nets/MCC,,,DLCround_dlcro_07_a_20_1.p,classical,auto,1,false,,5,0,3,,unknown,context_too_wide,,focus,MELL,12514,49,1.315,3,0,1,17,0,0
lltp,ILL/petri-nets/MCC,,,DLCround_dlcro_07_a_50_1.p,classical,auto,1,false,,5,0,3,,unknown,context_too_wide,,focus,MELL,12514,49,33.858,53,0,50,11464,0,0
lltp,ILL/petri-nets/MCC,,,DLCround_dlcro_07_a_5_1.p,classical,auto,1,false,,5,0,3,,unknown,context_too_wide,,focus,MELL,12514,49,1.558,3,0,1,129,0,0
lltp,ILL/petri-nets/MCC,,,DLCround_dlcro_07_b_10_1.p,classical,auto,1,false,,5,0,3,,unknown,recursion_limit,,focus,MELL,22156,15,3.142,0,0,0,0,0,0
lltp,ILL/petri-nets/MCC,,,DLCround_dlcro_07_b_1_1.p,classical,auto,1,false,,5,0,3,,unknown,recursion_limit,,focus,MELL,22150,15,2.869,0,0,0,0,0,0
lltp,ILL/petri-nets/MCC,,,DLCround_dlcro_07_b_20_1.p,classical,auto,1,false,,5,0,3,,unknown,recursion_limit,,focus,MELL,22152,15,2.730,0,0,0,0,0,0
lltp,ILL/petri-nets/MCC,,,DLCround_dlcro_07_b_50_1.p,classical,auto,1,false,,5,0,3,,unknown,recursion_limit,,focus,MELL,22152,15,2.713,0,0,0,0,0,0
lltp,ILL/petri-nets/MCC,,,DLCround_dlcro_07_b_5_1.p,classical,auto,1,false,,5,0,3,,unknown,recursion_limit,,focus,MELL,22152,15,2.804,0,0,0,0,0,0
lltp,ILL/petri-nets/MCC,,,DLCround_dlcro_08_a_1_1.p,classical,auto,1,false,,5,0,3,,unknown,context_too_wide,,focus,MELL,15022,53,2.044,3,0,1,129,0,0
lltp,ILL/petri-nets/MCC,,,DLCround_dlcro_08_a_20_1.p,classical,auto,1,false,,5,0,3,,unknown,context_too_wide,,focus,MELL,15022,53,1.862,3,0,1,17,0,0
lltp,ILL/petri-nets/MCC,,,DLCround_dlcro_08_a_50_1.p,classical,auto,1,false,,5,0,3,,unknown,context_too_wide,,focus,MELL,15022,53,56.731,57,0,54,13823,0,0
lltp,ILL/petri-nets/MCC,,,DLCround_dlcro_08_a_5_1.p,classical,auto,1,false,,5,0,3,,unknown,context_too_wide,,focus,MELL,15022,53,1.934,3,0,1,9,0,0
lltp,ILL/petri-nets/MCC,,,DLCround_dlcro_08_b_10_1.p,classical,auto,1,false,,5,0,3,,unknown,recursion_limit,,focus,MELL,26024,16,3.901,0,0,0,0,0,0
lltp,ILL/petri-nets/MCC,,,DLCround_dlcro_08_b_1_1.p,classical,auto,1,false,,5,0,3,,unknown,recursion_limit,,focus,MELL,26012,16,4.721,0,0,0,0,0,0
lltp,ILL/petri-nets/MCC,,,DLCround_dlcro_08_b_20_1.p,classical,auto,1,false,,5,0,3,,unknown,recursion_limit,,focus,MELL,26014,16,3.947,0,0,0,0,0,0
lltp,ILL/petri-nets/MCC,,,DLCround_dlcro_08_b_50_1.p,classical,auto,1,false,,5,0,3,,unknown,recursion_limit,,focus,MELL,26014,16,3.408,0,0,0,0,0,0
lltp,ILL/petri-nets/MCC,,,DLCround_dlcro_08_b_5_1.p,classical,auto,1,false,,5,0,3,,unknown,recursion_limit,,focus,MELL,26016,16,3.288,0,0,0,0,0,0
lltp,ILL/petri-nets/MCC,,,DLCround_dlcro_09_a_1_1.p,classical,auto,1,false,,5,0,3,,unknown,recursion_limit,,focus,MELL,17746,57,2.037,0,0,0,0,0,0
lltp,ILL/petri-nets/MCC,,,DLCround_dlcro_09_a_20_1.p,classical,auto,1,false,,5,0,3,,unknown,recursion_limit,,focus,MELL,17746,57,1.975,0,0,0,0,0,0
lltp,ILL/petri-nets/MCC,,,DLCround_dlcro_09_a_50_1.p,classical,auto,1,false,,5,0,3,,unknown,recursion_limit,,focus,MELL,17746,57,1.981,0,0,0,0,0,0
lltp,ILL/petri-nets/MCC,,,DLCround_dlcro_09_a_5_1.p,classical,auto,1,false,,5,0,3,,unknown,recursion_limit,,focus,MELL,17746,57,2.003,0,0,0,0,0,0
lltp,ILL/petri-nets/MCC,,,DLCround_dlcro_09_b_10_1.p,classical,auto,1,false,,5,0,3,,unknown,recursion_limit,,focus,MELL,30174,17,3.697,0,0,0,0,0,0
lltp,ILL/petri-nets/MCC,,,DLCround_dlcro_09_b_1_1.p,classical,auto,1,false,,5,0,3,,unknown,recursion_limit,,focus,MELL,30166,17,4.863,0,0,0,0,0,0
lltp,ILL/petri-nets/MCC,,,DLCround_dlcro_09_b_20_1.p,classical,auto,1,false,,5,0,3,,unknown,recursion_limit,,focus,MELL,30168,17,3.738,0,0,0,0,0,0
lltp,ILL/petri-nets/MCC,,,DLCround_dlcro_09_b_50_1.p,classical,auto,1,false,,5,0,3,,unknown,recursion_limit,,focus,MELL,30168,17,4.823,0,0,0,0,0,0
lltp,ILL/petri-nets/MCC,,,DLCround_dlcro_09_b_5_1.p,classical,auto,1,false,,5,0,3,,unknown,recursion_limit,,focus,MELL,30174,17,4.415,0,0,0,0,0,0
lltp,ILL/petri-nets/MCC,,,DLCround_dlcro_10_a_1_1.p,classical,auto,1,false,,5,0,3,,unknown,recursion_limit,,focus,MELL,20686,61,2.581,0,0,0,0,0,0
lltp,ILL/petri-nets/MCC,,,DLCround_dlcro_10_a_20_1.p,classical,auto,1,false,,5,0,3,,unknown,recursion_limit,,focus,MELL,20686,61,2.597,0,0,0,0,0,0
lltp,ILL/petri-nets/MCC,,,DLCround_dlcro_10_a_50_1.p,classical,auto,1,false,,5,0,3,,unknown,recursion_limit,,focus,MELL,20686,61,3.388,0,0,0,0,0,0
lltp,ILL/petri-nets/MCC,,,DLCround_dlcro_10_a_5_1.p,classical,auto,1,false,,5,0,3,,unknown,recursion_limit,,focus,MELL,20686,61,2.509,0,0,0,0,0,0
lltp,ILL/petri-nets/MCC,,,DLCround_dlcro_10_b_10_1.p,classical,auto,1,false,,5,0,3,,unknown,recursion_limit,,focus,MELL,34618,18,5.168,0,0,0,0,0,0
lltp,ILL/petri-nets/MCC,,,DLCround_dlcro_10_b_1_1.p,classical,auto,1,false,,5,0,3,,unknown,recursion_limit,,focus,MELL,34612,18,4.618,0,0,0,0,0,0
lltp,ILL/petri-nets/MCC,,,DLCround_dlcro_10_b_20_1.p,classical,auto,1,false,,5,0,3,,unknown,recursion_limit,,focus,MELL,34614,18,4.469,0,0,0,0,0,0
lltp,ILL/petri-nets/MCC,,,DLCround_dlcro_10_b_50_1.p,classical,auto,1,false,,5,0,3,,unknown,recursion_limit,,focus,MELL,34614,18,4.400,0,0,0,0,0,0
lltp,ILL/petri-nets/MCC,,,DLCround_dlcro_10_b_5_1.p,classical,auto,1,false,,5,0,3,,unknown,recursion_limit,,focus,MELL,34618,18,6.133,0,0,0,0,0,0
lltp,ILL/petri-nets/MCC,,,DLCround_dlcro_11_a_1_1.p,classical,auto,1,false,,5,0,3,,unknown,recursion_limit,,focus,MELL,23842,65,3.034,0,0,0,0,0,0
lltp,ILL/petri-nets/MCC,,,DLCround_dlcro_11_a_20_1.p,classical,auto,1,false,,5,0,3,,unknown,recursion_limit,,focus,MELL,23842,65,2.856,0,0,0,0,0,0
lltp,ILL/petri-nets/MCC,,,DLCround_dlcro_11_a_50_1.p,classical,auto,1,false,,5,0,3,,unknown,recursion_limit,,focus,MELL,23842,65,2.834,0,0,0,0,0,0
lltp,ILL/petri-nets/MCC,,,DLCround_dlcro_11_a_5_1.p,classical,auto,1,false,,5,0,3,,unknown,recursion_limit,,focus,MELL,23842,65,2.798,0,0,0,0,0,0
lltp,ILL/petri-nets/MCC,,,DLCround_dlcro_11_b_10_1.p,classical,auto,1,false,,5,0,3,,unknown,recursion_limit,,focus,MELL,39360,19,6.035,0,0,0,0,0,0
lltp,ILL/petri-nets/MCC,,,DLCround_dlcro_11_b_1_1.p,classical,auto,1,false,,5,0,3,,unknown,recursion_limit,,focus,MELL,39350,19,5.789,0,0,0,0,0,0
lltp,ILL/petri-nets/MCC,,,DLCround_dlcro_11_b_20_1.p,classical,auto,1,false,,5,0,3,,unknown,recursion_limit,,focus,MELL,39352,19,4.729,0,0,0,0,0,0
lltp,ILL/petri-nets/MCC,,,DLCround_dlcro_11_b_50_1.p,classical,auto,1,false,,5,0,3,,unknown,recursion_limit,,focus,MELL,39352,19,6.680,0,0,0,0,0,0
lltp,ILL/petri-nets/MCC,,,DLCround_dlcro_11_b_5_1.p,classical,auto,1,false,,5,0,3,,unknown,recursion_limit,,focus,MELL,39352,19,5.020,0,0,0,0,0,0
lltp,ILL/petri-nets/MCC,,,DLCround_dlcro_12_a_1_1.p,classical,auto,1,false,,5,0,3,,unknown,recursion_limit,,focus,MELL,27214,69,3.463,0,0,0,0,0,0
lltp,ILL/petri-nets/MCC,,,DLCround_dlcro_12_a_20_1.p,classical,auto,1,false,,5,0,3,,unknown,recursion_limit,,focus,MELL,27214,69,3.393,0,0,0,0,0,0
lltp,ILL/petri-nets/MCC,,,DLCround_dlcro_12_a_50_1.p,classical,auto,1,false,,5,0,3,,unknown,recursion_limit,,focus,MELL,27214,69,3.344,0,0,0,0,0,0
lltp,ILL/petri-nets/MCC,,,DLCround_dlcro_12_a_5_1.p,classical,auto,1,false,,5,0,3,,unknown,recursion_limit,,focus,MELL,27214,69,3.416,0,0,0,0,0,0
lltp,ILL/petri-nets/MCC,,,DLCround_dlcro_12_b_10_1.p,classical,auto,1,false,,5,0,3,,unknown,recursion_limit,,focus,MELL,44394,20,5.883,0,0,0,0,0,0
lltp,ILL/petri-nets/MCC,,,DLCround_dlcro_12_b_1_1.p,classical,auto,1,false,,5,0,3,,unknown,recursion_limit,,focus,MELL,44380,20,7.160,0,0,0,0,0,0
lltp,ILL/petri-nets/MCC,,,DLCround_dlcro_12_b_20_1.p,classical,auto,1,false,,5,0,3,,unknown,recursion_limit,,focus,MELL,44382,20,5.934,0,0,0,0,0,0
lltp,ILL/petri-nets/MCC,,,DLCround_dlcro_12_b_50_1.p,classical,auto,1,false,,5,0,3,,unknown,recursion_limit,,focus,MELL,44382,20,6.815,0,0,0,0,0,0
lltp,ILL/petri-nets/MCC,,,DLCround_dlcro_12_b_5_1.p,classical,auto,1,false,,5,0,3,,unknown,recursion_limit,,focus,MELL,44384,20,6.944,0,0,0,0,0,0
lltp,ILL/petri-nets/MCC,,,DLCround_dlcro_13_a_1_1.p,classical,auto,1,false,,5,0,3,,unknown,recursion_limit,,focus,MELL,30802,73,5.053,0,0,0,0,0,0
lltp,ILL/petri-nets/MCC,,,DLCround_dlcro_13_a_20_1.p,classical,auto,1,false,,5,0,3,,unknown,recursion_limit,,focus,MELL,30802,73,4.278,0,0,0,0,0,0
lltp,ILL/petri-nets/MCC,,,DLCround_dlcro_13_a_50_1.p,classical,auto,1,false,,5,0,3,,unknown,recursion_limit,,focus,MELL,30802,73,4.879,0,0,0,0,0,0
lltp,ILL/petri-nets/MCC,,,DLCround_dlcro_13_a_5_1.p,classical,auto,1,false,,5,0,3,,unknown,recursion_limit,,focus,MELL,30802,73,4.218,0,0,0,0,0,0
lltp,ILL/petri-nets/MCC,,,DLCround_dlcro_13_b_10_1.p,classical,auto,1,false,,5,0,3,,unknown,recursion_limit,,focus,MELL,49710,21,7.504,0,0,0,0,0,0
lltp,ILL/petri-nets/MCC,,,DLCround_dlcro_13_b_1_1.p,classical,auto,1,false,,5,0,3,,unknown,recursion_limit,,focus,MELL,49702,21,7.469,0,0,0,0,0,0
lltp,ILL/petri-nets/MCC,,,DLCround_dlcro_13_b_20_1.p,classical,auto,1,false,,5,0,3,,unknown,recursion_limit,,focus,MELL,49706,21,7.256,0,0,0,0,0,0
lltp,ILL/petri-nets/MCC,,,DLCround_dlcro_13_b_50_1.p,classical,auto,1,false,,5,0,3,,unknown,recursion_limit,,focus,MELL,49706,21,8.469,0,0,0,0,0,0
lltp,ILL/petri-nets/MCC,,,DLCround_dlcro_13_b_5_1.p,classical,auto,1,false,,5,0,3,,unknown,recursion_limit,,focus,MELL,49706,21,7.535,0,0,0,0,0,0
lltp,ILL/petri-nets/MCC,,,DLCshifumi_dlcsh_2_a_1_1.p,classical,auto,1,false,,5,0,3,,proved,,ok,focus,MELL,6490,69,0.661,5,0,4,89,0,0
lltp,ILL/petri-nets/MCC,,,DLCshifumi_dlcsh_2_a_20_1.p,classical,auto,1,false,,5,0,3,,unknown,context_too_wide,,focus,MELL,6490,69,0.556,3,0,1,10,0,0
lltp,ILL/petri-nets/MCC,,,DLCshifumi_dlcsh_2_a_50_1.p,classical,auto,1,false,,5,0,3,,unknown,context_too_wide,,focus,MELL,6490,69,0.643,3,0,1,237,0,0
lltp,ILL/petri-nets/MCC,,,DLCshifumi_dlcsh_2_a_5_1.p,classical,auto,1,false,,5,0,3,,unknown,context_too_wide,,focus,MELL,6490,69,0.551,3,0,1,9,0,0
lltp,ILL/petri-nets/MCC,,,DLCshifumi_dlcsh_2_b_10_1.p,classical,auto,1,false,,5,0,3,,unknown,recursion_limit,,focus,MELL,15520,20,2.215,0,0,0,0,0,0
lltp,ILL/petri-nets/MCC,,,DLCshifumi_dlcsh_2_b_1_1.p,classical,auto,1,false,,5,0,3,,unknown,recursion_limit,,focus,MELL,15516,20,2.148,0,0,0,0,0,0
lltp,ILL/petri-nets/MCC,,,DLCshifumi_dlcsh_2_b_20_1.p,classical,auto,1,false,,5,0,3,,unknown,recursion_limit,,focus,MELL,15518,20,2.057,0,0,0,0,0,0
lltp,ILL/petri-nets/MCC,,,DLCshifumi_dlcsh_2_b_50_1.p,classical,auto,1,false,,5,0,3,,unknown,recursion_limit,,focus,MELL,15518,20,2.077,0,0,0,0,0,0
lltp,ILL/petri-nets/MCC,,,DLCshifumi_dlcsh_2_b_5_1.p,classical,auto,1,false,,5,0,3,,unknown,recursion_limit,,focus,MELL,15520,20,2.134,0,0,0,0,0,0
lltp,ILL/petri-nets/MCC,,,DLCshifumi_dlcsh_3_a_100_1.p,classical,auto,1,false,,5,0,3,,unknown,recursion_limit,,focus,MELL,23654,169,3.268,0,0,0,0,0,0
lltp,ILL/petri-nets/MCC,,,DLCshifumi_dlcsh_3_a_1_1.p,classical,auto,1,false,,5,0,3,,unknown,recursion_limit,,focus,MELL,23654,169,3.020,0,0,0,0,0,0
lltp,ILL/petri-nets/MCC,,,DLCshifumi_dlcsh_3_a_20_1.p,classical,auto,1,false,,5,0,3,,unknown,recursion_limit,,focus,MELL,23654,169,3.030,0,0,0,0,0,0
lltp,ILL/petri-nets/MCC,,,DLCshifumi_dlcsh_3_a_50_1.p,classical,auto,1,false,,5,0,3,,unknown,recursion_limit,,focus,MELL,23654,169,4.264,0,0,0,0,0,0
lltp,ILL/petri-nets/MCC,,,DLCshifumi_dlcsh_3_a_5_1.p,classical,auto,1,false,,5,0,3,,unknown,recursion_limit,,focus,MELL,23654,169,3.035,0,0,0,0,0,0
lltp,ILL/petri-nets/MCC,,,DLCshifumi_dlcsh_3_b_10_1.p,classical,auto,1,false,,5,0,3,,unknown,recursion_limit,,focus,MELL,49164,45,7.806,0,0,0,0,0,0
lltp,ILL/petri-nets/MCC,,,DLCshifumi_dlcsh_3_b_1_1.p,classical,auto,1,false,,5,0,3,,unknown,recursion_limit,,focus,MELL,49150,45,7.501,0,0,0,0,0,0
lltp,ILL/petri-nets/MCC,,,DLCshifumi_dlcsh_3_b_20_1.p,classical,auto,1,false,,5,0,3,,unknown,recursion_limit,,focus,MELL,49158,45,7.186,0,0,0,0,0,0
lltp,ILL/petri-nets/MCC,,,DLCshifumi_dlcsh_3_b_50_1.p,classical,auto,1,false,,5,0,3,,unknown,recursion_limit,,focus,MELL,49158,45,7.625,0,0,0,0,0,0
lltp,ILL/petri-nets/MCC,,,DLCshifumi_dlcsh_3_b_5_1.p,classical,auto,1,false,,5,0,3,,unknown,recursion_limit,,focus,MELL,49158,45,7.190,0,0,0,0,0,0
lltp,ILL/petri-nets/MCC,,,DLCshifumi_dlcsh_4_a_100_1.p,classical,auto,1,false,,5,0,3,,unknown,recursion_limit,,focus,MELL,58602,317,8.602,0,0,0,0,0,0
lltp,ILL/petri-nets/MCC,,,DLCshifumi_dlcsh_4_a_1_1.p,classical,auto,1,false,,5,0,3,,unknown,recursion_limit,,focus,MELL,58602,317,8.438,0,0,0,0,0,0
lltp,ILL/petri-nets/MCC,,,DLCshifumi_dlcsh_4_a_20_1.p,classical,auto,1,false,,5,0,3,,unknown,recursion_limit,,focus,MELL,58602,317,9.020,0,0,0,0,0,0
lltp,ILL/petri-nets/MCC,,,DLCshifumi_dlcsh_4_a_50_1.p,classical,auto,1,false,,5,0,3,,unknown,recursion_limit,,focus,MELL,58602,317,8.148,0,0,0,0,0,0
lltp,ILL/petri-nets/MCC,,,DLCshifumi_dlcsh_4_a_5_1.p,classical,auto,1,false,,5,0,3,,unknown,recursion_limit,,focus,MELL,58602,317,8.529,0,0,0,0,0,0
lltp,ILL/petri-nets/MCC,,,DLCshifumi_dlcsh_4_b_10_1.p,classical,auto,1,false,,5,0,3,,unknown,recursion_limit,,focus,MELL,112582,82,18.253,0,0,0,0,0,0
lltp,ILL/petri-nets/MCC,,,DLCshifumi_dlcsh_4_b_1_1.p,classical,auto,1,false,,5,0,3,,unknown,recursion_limit,,focus,MELL,112572,82,18.148,0,0,0,0,0,0
lltp,ILL/petri-nets/MCC,,,DLCshifumi_dlcsh_4_b_20_1.p,classical,auto,1,false,,5,0,3,,unknown,recursion_limit,,focus,MELL,112586,82,18.400,0,0,0,0,0,0
lltp,ILL/petri-nets/MCC,,,DLCshifumi_dlcsh_4_b_50_1.p,classical,auto,1,false,,5,0,3,,unknown,recursion_limit,,focus,MELL,112586,82,17.617,0,0,0,0,0,0
lltp,ILL/petri-nets/MCC,,,DLCshifumi_dlcsh_4_b_5_1.p,classical,auto,1,false,,5,0,3,,unknown,recursion_limit,,focus,MELL,112580,82,18.614,0,0,0,0,0,0
lltp,ILL/petri-nets/MCC,,,DLCshifumi_dlcsh_5_a_100_1.p,classical,auto,1,false,,5,0,3,,unknown,recursion_limit,,focus,MELL,117670,513,17.979,0,0,0,0,0,0
lltp,ILL/petri-nets/MCC,,,DLCshifumi_dlcsh_5_a_1_1.p,classical,auto,1,false,,5,0,3,,unknown,recursion_limit,,focus,MELL,117670,513,16.955,0,0,0,0,0,0
lltp,ILL/petri-nets/MCC,,,DLCshifumi_dlcsh_5_a_20_1.p,classical,auto,1,false,,5,0,3,,unknown,recursion_limit,,focus,MELL,117670,513,17.852,0,0,0,0,0,0
lltp,ILL/petri-nets/MCC,,,DLCshifumi_dlcsh_5_a_50_1.p,classical,auto,1,false,,5,0,3,,unknown,recursion_limit,,focus,MELL,117670,513,16.676,0,0,0,0,0,0
lltp,ILL/petri-nets/MCC,,,DLCshifumi_dlcsh_5_a_5_1.p,classical,auto,1,false,,5,0,3,,unknown,recursion_limit,,focus,MELL,117670,513,18.005,0,0,0,0,0,0
lltp,ILL/petri-nets/MCC,,,DLCshifumi_dlcsh_5_b_10_1.p,classical,auto,1,false,,5,0,3,,unknown,recursion_limit,,focus,MELL,214862,131,36.797,0,0,0,0,0,0
lltp,ILL/petri-nets/MCC,,,DLCshifumi_dlcsh_5_b_1_1.p,classical,auto,1,false,,5,0,3,,unknown,recursion_limit,,focus,MELL,214854,131,36.300,0,0,0,0,0,0
lltp,ILL/petri-nets/MCC,,,DLCshifumi_dlcsh_5_b_20_1.p,classical,auto,1,false,,5,0,3,,unknown,recursion_limit,,focus,MELL,214856,131,34.787,0,0,0,0,0,0
lltp,ILL/petri-nets/MCC,,,DLCshifumi_dlcsh_5_b_50_1.p,classical,auto,1,false,,5,0,3,,unknown,recursion_limit,,focus,MELL,214856,131,36.151,0,0,0,0,0,0
lltp,ILL/petri-nets/MCC,,,DLCshifumi_dlcsh_5_b_5_1.p,classical,auto,1,false,,5,0,3,,unknown,recursion_limit,,focus,MELL,214862,131,37.522,0,0,0,0,0,0
lltp,ILL/petri-nets/MCC,,,DLCshifumi_dlcsh_6_a_100_1.p,classical,auto,1,false,,5,0,3,,unknown,recursion_limit,,focus,MELL,207194,757,33.321,0,0,0,0,0,0
lltp,ILL/petri-nets/MCC,,,DLCshifumi_dlcsh_6_a_1_1.p,classical,auto,1,false,,5,0,3,,unknown,recursion_limit,,focus,MELL,207194,757,33.317,0,0,0,0,0,0
lltp,ILL/petri-nets/MCC,,,DLCshifumi_dlcsh_6_a_20_1.p,classical,auto,1,false,,5,0,3,,unknown,recursion_limit,,focus,MELL,207194,757,35.812,0,0,0,0,0,0
lltp,ILL/petri-nets/MCC,,,DLCshifumi_dlcsh_6_a_50_1.p,classical,auto,1,false,,5,0,3,,unknown,recursion_limit,,focus,MELL,207194,757,32.975,0,0,0,0,0,0
lltp,ILL/petri-nets/MCC,,,DLCshifumi_dlcsh_6_a_5_1.p,classical,auto,1,false,,5,0,3,,unknown,recursion_limit,,focus,MELL,207194,757,34.112,0,0,0,0,0,0
lltp,ILL/petri-nets/MCC,,,DLCshifumi_dlcsh_6_b_10_1.p,classical,auto,1,false,,5,0,3,,unknown,recursion_limit,,focus,MELL,365082,192,61.997,0,0,0,0,0,0
lltp,ILL/petri-nets/MCC,,,DLCshifumi_dlcsh_6_b_1_1.p,classical,auto,1,false,,5,0,3,,unknown,recursion_limit,,focus,MELL,365068,192,61.505,0,0,0,0,0,0
lltp,ILL/petri-nets/MCC,,,DLCshifumi_dlcsh_6_b_20_1.p,classical,auto,1,false,,5,0,3,,unknown,recursion_limit,,focus,MELL,365070,192,56.867,0,0,0,0,0,0
lltp,ILL/petri-nets/MCC,,,DLCshifumi_dlcsh_6_b_50_1.p,classical,auto,1,false,,5,0,3,,unknown,recursion_limit,,focus,MELL,365070,192,56.627,0,0,0,0,0,0
lltp,ILL/petri-nets/MCC,,,DLCshifumi_dlcsh_6_b_5_1.p,classical,auto,1,false,,5,0,3,,unknown,recursion_limit,,focus,MELL,365076,192,60.602,0,0,0,0,0,0
lltp,ILL/petri-nets/MCC,,,DNAwalker_dnawalk-01_100_1.p,classical,auto,1,false,,5,0,3,,unknown,timeout,,focus,MELL,840,29,5001.039,59892057,59879766,12289,60814399,0,0
lltp,ILL/petri-nets/MCC,,,DNAwalker_dnawalk-01_10_1.p,classical,auto,1,false,,5,0,3,,unknown,timeout,,focus,MELL,840,29,5000.648,60184723,60172432,12289,61109371,0,0
lltp,ILL/petri-nets/MCC,,,DNAwalker_dnawalk-01_1_1.p,classical,auto,1,false,,5,0,3,,unknown,timeout,,focus,MELL,852,30,5014.470,1,0,0,77148160,0,0
lltp,ILL/petri-nets/MCC,,,DNAwalker_dnawalk-01_20_1.p,classical,auto,1,false,,5,0,3,,unknown,timeout,,focus,MELL,840,29,5000.800,59970247,59957956,12289,60893358,0,0
lltp,ILL/petri-nets/MCC,,,DNAwalker_dnawalk-01_50_1.p,classical,auto,1,false,,5,0,3,,unknown,timeout,,focus,MELL,840,29,5000.500,60600686,60588395,12289,61525968,0,0
lltp,ILL/petri-nets/MCC,,,DNAwalker_dnawalk-01_5_1.p,classical,auto,1,false,,5,0,3,,unknown,timeout,,focus,MELL,844,31,5014.016,1,0,0,73101312,0,0
lltp,ILL/petri-nets/MCC,,,DNAwalker_dnawalk-02_100_1.p,classical,auto,1,false,,5,0,3,,unknown,timeout,,focus,MELL,848,29,5000.801,58696189,58683898,12289,59607360,0,0
lltp,ILL/petri-nets/MCC,,,DNAwalker_dnawalk-02_10_1.p,classical,auto,1,false,,5,0,3,,unknown,timeout,,focus,MELL,848,29,5000.545,59049962,59037671,12289,59965397,0,0
lltp,ILL/petri-nets/MCC,,,DNAwalker_dnawalk-02_1_1.p,classical,auto,1,false,,5,0,3,,unknown,timeout,,focus,MELL,862,30,5027.818,1,0,0,75517952,0,0
lltp,ILL/petri-nets/MCC,,,DNAwalker_dnawalk-02_20_1.p,classical,auto,1,false,,5,0,3,,unknown,timeout,,focus,MELL,848,29,5000.563,58044123,58031832,12289,58947844,0,0
lltp,ILL/petri-nets/MCC,,,DNAwalker_dnawalk-02_50_1.p,classical,auto,1,false,,5,0,3,,unknown,timeout,,focus,MELL,848,29,5000.480,58133509,58121218,12289,59037385,0,0
lltp,ILL/petri-nets/MCC,,,DNAwalker_dnawalk-02_5_1.p,classical,auto,1,false,,5,0,3,,unknown,timeout,,focus,MELL,854,30,5012.355,1,0,0,72822784,0,0
lltp,ILL/petri-nets/MCC,,,DNAwalker_dnawalk-03_100_1.p,classical,auto,1,false,,5,0,3,,unknown,timeout,,focus,MELL,848,29,5000.497,59237245,59224954,12289,60153618,0,0
lltp,ILL/petri-nets/MCC,,,DNAwalker_dnawalk-03_10_1.p,classical,auto,1,false,,5,0,3,,unknown,timeout,,focus,MELL,848,29,5000.790,58208115,58195824,12289,59112468,0,0
lltp,ILL/petri-nets/MCC,,,DNAwalker_dnawalk-03_1_1.p,classical,auto,1,false,,5,0,3,,unknown,timeout,,focus,MELL,862,30,5040.503,1,0,0,75517952,0,0
lltp,ILL/petri-nets/MCC,,,DNAwalker_dnawalk-03_20_1.p,classical,auto,1,false,,5,0,3,,unknown,timeout,,focus,MELL,848,29,5000.793,58512105,58499814,12289,59420514,0,0
lltp,ILL/petri-nets/MCC,,,DNAwalker_dnawalk-03_50_1.p,classical,auto,1,false,,5,0,3,,unknown,timeout,,focus,MELL,848,29,5000.661,58936326,58924035,12289,59850390,0,0
lltp,ILL/petri-nets/MCC,,,DNAwalker_dnawalk-03_5_1.p,classical,auto,1,false,,5,0,3,,unknown,timeout,,focus,MELL,854,30,5021.631,1,0,0,73351168,0,0
lltp,ILL/petri-nets/MCC,,,DNAwalker_dnawalk-04_1_1.p,classical,auto,1,false,,5,0,3,,unknown,timeout,,focus,MELL,2534,37,5010.510,1,0,0,41058304,0,0
lltp,ILL/petri-nets/MCC,,,DNAwalker_dnawalk-04_20_1.p,classical,auto,1,false,,5,0,3,,unknown,timeout,,focus,MELL,2510,36,5028.418,1,0,0,34164736,0,0
lltp,ILL/petri-nets/MCC,,,DNAwalker_dnawalk-04_5_1.p,classical,auto,1,false,,5,0,3,,unknown,timeout,,focus,MELL,2528,37,5053.017,1,0,0,39473152,0,0
lltp,ILL/petri-nets/MCC,,,DNAwalker_dnawalk-05_1_1.p,classical,auto,1,false,,5,0,3,,unknown,timeout,,focus,MELL,2534,37,5034.567,1,0,0,41058304,0,0
lltp,ILL/petri-nets/MCC,,,DNAwalker_dnawalk-05_20_1.p,classical,auto,1,false,,5,0,3,,unknown,timeout,,focus,MELL,2514,36,5040.116,1,0,0,34164736,0,0
lltp,ILL/petri-nets/MCC,,,DNAwalker_dnawalk-05_5_1.p,classical,auto,1,false,,5,0,3,,unknown,timeout,,focus,MELL,2528,37,5047.991,1,0,0,38838272,0,0
lltp,ILL/petri-nets/MCC,,,DNAwalker_dnawalk-06_1_1.p,classical,auto,1,false,,5,0,3,,unknown,timeout,,focus,MELL,2534,37,5010.734,1,0,0,38838272,0,0
lltp,ILL/petri-nets/MCC,,,DNAwalker_dnawalk-06_20_1.p,classical,auto,1,false,,5,0,3,,unknown,timeout,,focus,MELL,2516,36,5011.228,1,0,0,40284160,0,0
lltp,ILL/petri-nets/MCC,,,DNAwalker_dnawalk-06_5_1.p,classical,auto,1,false,,5,0,3,,unknown,timeout,,focus,MELL,2528,37,5062.153,1,0,0,39473152,0,0
lltp,ILL/petri-nets/MCC,,,DNAwalker_dnawalk-07_1_1.p,classical,auto,1,false,,5,0,3,,unknown,timeout,,focus,MELL,2534,37,5019.907,1,0,0,38838272,0,0
lltp,ILL/petri-nets/MCC,,,DNAwalker_dnawalk-07_20_1.p,classical,auto,1,false,,5,0,3,,unknown,timeout,,focus,MELL,2520,36,5021.052,1,0,0,40284160,0,0
lltp,ILL/petri-nets/MCC,,,DNAwalker_dnawalk-07_5_1.p,classical,auto,1,false,,5,0,3,,unknown,timeout,,focus,MELL,2530,37,5011.791,1,0,0,37187584,0,0
lltp,ILL/petri-nets/MCC,,,DNAwalker_dnawalk-08_1_1.p,classical,auto,1,false,,5,0,3,,unknown,timeout,,focus,MELL,2608,59,5035.953,1,0,0,39559168,0,0
lltp,ILL/petri-nets/MCC,,,DNAwalker_dnawalk-08_20_1.p,classical,auto,1,false,,5,0,3,,unknown,timeout,,focus,MELL,2598,58,5065.161,1,0,0,38596608,0,0
lltp,ILL/petri-nets/MCC,,,DNAwalker_dnawalk-08_5_1.p,classical,auto,1,false,,5,0,3,,unknown,timeout,,focus,MELL,2606,59,5042.225,1,0,0,38637568,0,0
lltp,ILL/petri-nets/MCC,,,DNAwalker_dnawalk-09_1_1.p,classical,auto,1,false,,5,0,3,,unknown,timeout,,focus,MELL,2608,59,5043.789,1,0,0,39559168,0,0
lltp,ILL/petri-nets/MCC,,,DNAwalker_dnawalk-09_20_1.p,classical,auto,1,false,,5,0,3,,unknown,timeout,,focus,MELL,2598,58,5047.229,1,0,0,38596608,0,0
lltp,ILL/petri-nets/MCC,,,DNAwalker_dnawalk-09_5_1.p,classical,auto,1,false,,5,0,3,,unknown,timeout,,focus,MELL,2606,59,5102.762,1,0,0,40153088,0,0
lltp,ILL/petri-nets/MCC,,,DNAwalker_dnawalk-10_1_1.p,classical,auto,1,false,,5,0,3,,unknown,timeout,,focus,MELL,2608,59,5016.635,1,0,0,41492480,0,0
lltp,ILL/petri-nets/MCC,,,DNAwalker_dnawalk-10_5_1.p,classical,auto,1,false,,5,0,3,,unknown,timeout,,focus,MELL,2606,59,5045.635,1,0,0,40558592,0,0
lltp,ILL/petri-nets/MCC,,,DNAwalker_dnawalk-11_1_1.p,classical,auto,1,false,,5,0,3,,unknown,timeout,,focus,MELL,2608,59,5046.167,1,0,0,41492480,0,0
lltp,ILL/petri-nets/MCC,,,DNAwalker_dnawalk-11_5_1.p,classical,auto,1,false,,5,0,3,,unknown,timeout,,focus,MELL,2606,59,5055.005,1,0,0,41111552,0,0
lltp,ILL/petri-nets/MCC,,,DNAwalker_dnawalk-12_1_1.p,classical,auto,1,false,,5,0,3,,unknown,timeout,,focus,MELL,3152,70,5090.617,1,0,0,29851648,0,0
lltp,ILL/petri-nets/MCC,,,DNAwalker_dnawalk-12_20_1.p,classical,auto,1,false,,5,0,3,,unknown,timeout,,focus,MELL,3132,70,5056.277,1,0,0,29171712,0,0
lltp,ILL/petri-nets/MCC,,,DNAwalker_dnawalk-12_5_1.p,classical,auto,1,false,,5,0,3,,unknown,timeout,,focus,MELL,3148,70,5062.564,1,0,0,35885056,0,0
lltp,ILL/petri-nets/MCC,,,DNAwalker_dnawalk-13_1_1.p,classical,auto,1,false,,5,0,3,,unknown,timeout,,focus,MELL,3152,70,5087.716,1,0,0,29851648,0,0
lltp,ILL/petri-nets/MCC,,,DNAwalker_dnawalk-13_20_1.p,classical,auto,1,false,,5,0,3,,unknown,timeout,,focus,MELL,3136,70,5023.888,1,0,0,28606464,0,0
lltp,ILL/petri-nets/MCC,,,DNAwalker_dnawalk-13_5_1.p,classical,auto,1,false,,5,0,3,,unknown,timeout,,focus,MELL,3148,70,5080.459,1,0,0,36040704,0,0
lltp,ILL/petri-nets/MCC,,,DNAwalker_dnawalk-14_1_1.p,classical,auto,1,false,,5,0,3,,unknown,timeout,,focus,MELL,3152,70,5046.286,1,0,0,29851648,0,0
lltp,ILL/petri-nets/MCC,,,DNAwalker_dnawalk-14_20_1.p,classical,auto,1,false,,5,0,3,,unknown,timeout,,focus,MELL,3132,70,5016.332,1,0,0,29171712,0,0
lltp,ILL/petri-nets/MCC,,,DNAwalker_dnawalk-14_5_1.p,classical,auto,1,false,,5,0,3,,unknown,timeout,,focus,MELL,3150,70,5122.124,1,0,0,36012032,0,0
lltp,ILL/petri-nets/MCC,,,DNAwalker_dnawalk-15_1_1.p,classical,auto,1,false,,5,0,3,,unknown,timeout,,focus,MELL,3152,70,5058.606,1,0,0,29851648,0,0
lltp,ILL/petri-nets/MCC,,,DNAwalker_dnawalk-15_20_1.p,classical,auto,1,false,,5,0,3,,unknown,timeout,,focus,MELL,3136,70,5053.151,1,0,0,29171712,0,0
lltp,ILL/petri-nets/MCC,,,DNAwalker_dnawalk-15_5_1.p,classical,auto,1,false,,5,0,3,,unknown,timeout,,focus,MELL,3150,70,5063.897,1,0,0,36663296,0,0
lltp,ILL/petri-nets/MCC,,,DNAwalker_dnawalk-16_1_1.p,classical,auto,1,false,,5,0,3,,unknown,timeout,,focus,MELL,4908,79,5020.665,1,0,0,24518656,0,0
lltp,ILL/petri-nets/MCC,,,DNAwalker_dnawalk-16_20_1.p,classical,auto,1,false,,5,0,3,,unknown,timeout,,focus,MELL,4878,78,5028.369,1,0,0,24518656,0,0
lltp,ILL/petri-nets/MCC,,,DNAwalker_dnawalk-16_5_1.p,classical,auto,1,false,,5,0,3,,unknown,timeout,,focus,MELL,4904,79,5080.333,1,0,0,24117248,0,0
lltp,ILL/petri-nets/MCC,,,DNAwalker_dnawalk-17_1_1.p,classical,auto,1,false,,5,0,3,,unknown,timeout,,focus,MELL,4910,79,5081.304,1,0,0,24518656,0,0
lltp,ILL/petri-nets/MCC,,,DNAwalker_dnawalk-17_20_1.p,classical,auto,1,false,,5,0,3,,unknown,timeout,,focus,MELL,4872,78,5068.033,1,0,0,21962752,0,0
lltp,ILL/petri-nets/MCC,,,DNAwalker_dnawalk-17_5_1.p,classical,auto,1,false,,5,0,3,,unknown,timeout,,focus,MELL,4904,79,5132.225,1,0,0,24117248,0,0
lltp,ILL/petri-nets/MCC,,,DNAwalker_dnawalk-18_1_1.p,classical,auto,1,false,,5,0,3,,unknown,recursion_limit,,focus,MELL,36602,169,5.584,0,0,0,0,0,0
lltp,ILL/petri-nets/MCC,,,DNAwalker_dnawalk-18_20_1.p,classical,auto,1,false,,5,0,3,,unknown,recursion_limit,,focus,MELL,36562,168,5.271,0,0,0,0,0,0
lltp,ILL/petri-nets/MCC,,,DNAwalker_dnawalk-18_50_1.p,classical,auto,1,false,,5,0,3,,unknown,recursion_limit,,focus,MELL,36538,168,6.174,0,0,0,0,0,0
lltp,ILL/petri-nets/MCC,,,DNAwalker_dnawalk-18_5_1.p,classical,auto,1,false,,5,0,3,,unknown,recursion_limit,,focus,MELL,36592,168,5.055,0,0,0,0,0,0
lltp,ILL/petri-nets/MCC,,,DatabaseWithMutex_database10UNFOLD_100_1.p,classical,auto,1,false,,5,0,3,,unknown,timeout,,focus,MELL,7726,11,5240.696,1,0,0,10473472,0,0
lltp,ILL/petri-nets/MCC,,,DatabaseWithMutex_database10UNFOLD_1_1.p,classical,auto,1,false,,5,0,3,,proved,,ok,focus,MELL,7718,11,6.307,4,0,2,10270,0,0
lltp,ILL/petri-nets/MCC,,,DatabaseWithMutex_database10UNFOLD_20_1.p,classical,auto,1,false,,5,0,3,,unknown,timeout,,focus,MELL,7718,11,5312.131,1,0,0,12046336,0,0
lltp,ILL/petri-nets/MCC,,,DatabaseWithMutex_database10UNFOLD_50_1.p,classical,auto,1,false,,5,0,3,,unknown,timeout,,focus,MELL,7716,11,5310.464,1,0,0,12390400,0,0
lltp,ILL/petri-nets/MCC,,,DatabaseWithMutex_database10UNFOLD_5_1.p,classical,auto,1,false,,5,0,3,,unknown,timeout,,focus,MELL,7732,11,7243.584,1,0,0,17981440,0,0
lltp,ILL/petri-nets/MCC,,,DatabaseWithMutex_database20UNFOLD_100_1.p,classical,auto,1,false,,5,0,3,,unknown,recursion_limit,,focus,MELL,46636,21,8.592,0,0,0,0,0,0
lltp,ILL/petri-nets/MCC,,,DatabaseWithMutex_database20UNFOLD_1_1.p,classical,auto,1,false,,5,0,3,,unknown,recursion_limit,,focus,MELL,46638,21,8.411,0,0,0,0,0,0
lltp,ILL/petri-nets/MCC,,,DatabaseWithMutex_database20UNFOLD_20_1.p,classical,auto,1,false,,5,0,3,,unknown,recursion_limit,,focus,MELL,46658,21,6.557,0,0,0,0,0,0
lltp,ILL/petri-nets/MCC,,,DatabaseWithMutex_database20UNFOLD_50_1.p,classical,auto,1,false,,5,0,3,,unknown,recursion_limit,,focus,MELL,46636,21,6.557,0,0,0,0,0,0
lltp,ILL/petri-nets/MCC,,,DatabaseWithMutex_database20UNFOLD_5_1.p,classical,auto,1,false,,5,0,3,,unknown,recursion_limit,,focus,MELL,46672,21,7.473,0,0,0,0,0,0
lltp,ILL/petri-nets/MCC,,,DatabaseWithMutex_database2UNFOLD_100_1.p,classical,auto,1,false,,5,0,3,,unknown,copy_bound,,focus,MELL,198,3,58.438,63554,60734,1742,1100210,0,0
lltp,ILL/petri-nets/MCC,,,DatabaseWithMutex_database2UNFOLD_10_1.p,classical,auto,1,false,,5,0,3,,proved,,ok,focus,MELL,196,3,0.283,155,10,140,3336,0,0
lltp,ILL/petri-nets/MCC,,,DatabaseWithMutex_database2UNFOLD_1_1.p,classical,auto,1,false,,5,0,3,,proved,,ok,focus,MELL,198,3,0.048,4,0,2,33,0,0
lltp,ILL/petri-nets/MCC,,,DatabaseWithMutex_database2UNFOLD_20_1.p,classical,auto,1,false,,5,0,3,,unknown,copy_bound,,focus,MELL,198,3,57.364,63554,60734,1742,1100210,0,0
lltp,ILL/petri-nets/MCC,,,DatabaseWithMutex_database2UNFOLD_50_1.p,classical,auto,1,false,,5,0,3,,proved,,ok,focus,MELL,196,3,0.267,155,10,140,3350,0,0
lltp,ILL/petri-nets/MCC,,,DatabaseWithMutex_database2UNFOLD_5_1.p,classical,auto,1,false,,5,0,3,,unknown,copy_bound,,focus,MELL,198,3,20.887,7784,6501,717,392663,0,0
lltp,ILL/petri-nets/MCC,,,DatabaseWithMutex_database40UNFOLD_100_1.p,classical,auto,1,false,,5,0,3,,unknown,recursion_limit,,focus,MELL,314076,41,52.388,0,0,0,0,0,0
lltp,ILL/petri-nets/MCC,,,DatabaseWithMutex_database40UNFOLD_1_1.p,classical,auto,1,false,,5,0,3,,unknown,recursion_limit,,focus,MELL,314078,41,52.428,0,0,0,0,0,0
lltp,ILL/petri-nets/MCC,,,DatabaseWithMutex_database40UNFOLD_20_1.p,classical,auto,1,false,,5,0,3,,unknown,recursion_limit,,focus,MELL,314138,41,52.584,0,0,0,0,0,0
lltp,ILL/petri-nets/MCC,,,DatabaseWithMutex_database40UNFOLD_50_1.p,classical,auto,1,false,,5,0,3,,unknown,recursion_limit,,focus,MELL,314108,41,52.852,0,0,0,0,0,0
lltp,ILL/petri-nets/MCC,,,DatabaseWithMutex_database40UNFOLD_5_1.p,classical,auto,1,false,,5,0,3,,unknown,recursion_limit,,focus,MELL,314152,41,52.454,0,0,0,0,0,0
lltp,ILL/petri-nets/MCC,,,DatabaseWithMutex_database4UNFOLD_100_1.p,classical,auto,1,false,,5,0,3,,unknown,timeout,,focus,MELL,876,5,5046.119,9914,1546,8351,55537664,0,0
lltp,ILL/petri-nets/MCC,,,DatabaseWithMutex_database4UNFOLD_10_1.p,classical,auto,1,false,,5,0,3,,unknown,timeout,,focus,MELL,886,5,5003.593,35572639,35554190,18447,60897643,0,0
lltp,ILL/petri-nets/MCC,,,DatabaseWithMutex_database4UNFOLD_1_1.p,classical,auto,1,false,,5,0,3,,proved,,ok,focus,MELL,878,5,0.192,4,0,2,167,0,0
lltp,ILL/petri-nets/MCC,,,DatabaseWithMutex_database4UNFOLD_20_1.p,classical,auto,1,false,,5,0,3,,unknown,timeout,,focus,MELL,876,5,5042.683,18874,2330,16527,55345152,0,0
lltp,ILL/petri-nets/MCC,,,DatabaseWithMutex_database4UNFOLD_50_1.p,classical,auto,1,false,,5,0,3,,unknown,timeout,,focus,MELL,882,5,5028.441,389998,377311,12654,55283712,0,0
lltp,ILL/petri-nets/MCC,,,DatabaseWithMutex_database4UNFOLD_5_1.p,classical,auto,1,false,,5,0,3,,unknown,timeout,,focus,MELL,876,5,5005.359,28357,15718,12606,54444032,0,0
lltp,ILL/petri-nets/MCC,,,Dekker_dekker-100_100_1.p,classical,auto,1,false,,5,0,3,,unknown,recursion_limit,,focus,MELL,161198,200,24.241,0,0,0,0,0,0
lltp,ILL/petri-nets/MCC,,,Dekker_dekker-100_1_1.p,classical,auto,1,false,,5,0,3,,unknown,recursion_limit,,focus,MELL,161198,200,26.122,0,0,0,0,0,0
lltp,ILL/petri-nets/MCC,,,Dekker_dekker-100_20_1.p,classical,auto,1,false,,5,0,3,,unknown,recursion_limit,,focus,MELL,161198,200,23.859,0,0,0,0,0,0
lltp,ILL/petri-nets/MCC,,,Dekker_dekker-100_50_1.p,classical,auto,1,false,,5,0,3,,unknown,recursion_limit,,focus,MELL,161198,200,25.273,0,0,0,0,0,0
lltp,ILL/petri-nets/MCC,,,Dekker_dekker-100_5_1.p,classical,auto,1,false,,5,0,3,,unknown,recursion_limit,,focus,MELL,161198,200,24.465,0,0,0,0,0,0
lltp,ILL/petri-nets/MCC,,,Dekker_dekker-10_100_1.p,classical,auto,1,false,,5,0,3,,unknown,timeout,,focus,MELL,1718,20,5004.304,1,0,0,53501952,0,0
lltp,ILL/petri-nets/MCC,,,Dekker_dekker-10_10_1.p,classical,auto,1,false,,5,0,3,,unknown,timeout,,focus,MELL,1718,20,5024.858,1,0,0,54013952,0,0
lltp,ILL/petri-nets/MCC,,,Dekker_dekker-10_1_1.p,classical,auto,1,false,,5,0,3,,unknown,timeout,,focus,MELL,1718,20,5009.916,9089,8280,804,57307136,0,0
lltp,ILL/petri-nets/MCC,,,Dekker_dekker-10_20_1.p,classical,auto,1,false,,5,0,3,,unknown,timeout,,focus,MELL,1718,20,5041.326,1,0,0,54534144,0,0
lltp,ILL/petri-nets/MCC,,,Dekker_dekker-10_50_1.p,classical,auto,1,false,,5,0,3,,unknown,timeout,,focus,MELL,1718,20,5009.982,1,0,0,54013952,0,0
lltp,ILL/petri-nets/MCC,,,Dekker_dekker-10_5_1.p,classical,auto,1,false,,5,0,3,,unknown,timeout,,focus,MELL,1718,20,5048.972,1,0,0,55275520,0,0
lltp,ILL/petri-nets/MCC,,,Dekker_dekker-15_100_1.p,classical,auto,1,false,,5,0,3,,unknown,timeout,,focus,MELL,3778,30,5059.566,1,0,0,39026688,0,0
lltp,ILL/petri-nets/MCC,,,Dekker_dekker-15_10_1.p,classical,auto,1,false,,5,0,3,,unknown,timeout,,focus,MELL,3778,30,5009.942,1,0,0,30781440,0,0
lltp,ILL/petri-nets/MCC,,,Dekker_dekker-15_1_1.p,classical,auto,1,false,,5,0,3,,unknown,timeout,,focus,MELL,3778,30,6026.311,1,0,0,34320384,0,0
lltp,ILL/petri-nets/MCC,,,Dekker_dekker-15_20_1.p,classical,auto,1,false,,5,0,3,,unknown,timeout,,focus,MELL,3778,30,5051.728,1,0,0,36483072,0,0
lltp,ILL/petri-nets/MCC,,,Dekker_dekker-15_50_1.p,classical,auto,1,false,,5,0,3,,unknown,timeout,,focus,MELL,3778,30,5025.548,1,0,0,35942400,0,0
lltp,ILL/petri-nets/MCC,,,Dekker_dekker-15_5_1.p,classical,auto,1,false,,5,0,3,,unknown,timeout,,focus,MELL,3778,30,5084.966,1,0,0,30470144,0,0
lltp,ILL/petri-nets/MCC,,,Dekker_dekker-200_100_1.p,classical,auto,1,false,,5,0,3,,unknown,recursion_limit,,focus,MELL,642398,400,109.602,0,0,0,0,0,0
lltp,ILL/petri-nets/MCC,,,Dekker_dekker-200_1_1.p,classical,auto,1,false,,5,0,3,,unknown,recursion_limit,,focus,MELL,642398,400,109.292,0,0,0,0,0,0
lltp,ILL/petri-nets/MCC,,,Dekker_dekker-200_20_1.p,classical,auto,1,false,,5,0,3,,unknown,recursion_limit,,focus,MELL,642398,400,108.715,0,0,0,0,0,0
lltp,ILL/petri-nets/MCC,,,Dekker_dekker-200_50_1.p,classical,auto,1,false,,5,0,3,,unknown,recursion_limit,,focus,MELL,642398,400,110.504,0,0,0,0,0,0
lltp,ILL/petri-nets/MCC,,,Dekker_dekker-200_5_1.p,classical,auto,1,false,,5,0,3,,unknown,recursion_limit,,focus,MELL,642398,400,106.671,0,0,0,0,0,0
lltp,ILL/petri-nets/MCC,,,Dekker_dekker-20_100_1.p,classical,auto,1,false,,5,0,3,,unknown,timeout,,focus,MELL,6638,40,5054.920,1,0,0,25575424,0,0
lltp,ILL/petri-nets/MCC,,,Dekker_dekker-20_1_1.p,classical,auto,1,false,,5,0,,,unknown,killed,,,,,,10502.073,,,,,,
lltp,ILL/petri-nets/MCC,,,Dekker_dekker-20_20_1.p,classical,auto,1,false,,5,0,3,,unknown,timeout,,focus,MELL,6638,40,5000.174,5171783,5171757,24,44061261,0,0
lltp,ILL/petri-nets/MCC,,,Dekker_dekker-20_50_1.p,classical,auto,1,false,,5,0,3,,unknown,timeout,,focus,MELL,6638,40,5144.502,1,0,0,21286912,0,0
lltp,ILL/petri-nets/MCC,,,Dekker_dekker-20_5_1.p,classical,auto,1,false,,5,0,3,,unknown,timeout,,focus,MELL,6638,40,5079.256,1,0,0,17461248,0,0
lltp,ILL/petri-nets/MCC,,,Dekker_dekker-50_100_1.p,classical,auto,1,false,,5,0,3,,unknown,recursion_limit,,focus,MELL,40598,100,5.836,0,0,0,0,0,0
lltp,ILL/petri-nets/MCC,,,Dekker_dekker-50_1_1.p,classical,auto,1,false,,5,0,3,,unknown,recursion_limit,,focus,MELL,40598,100,6.772,0,0,0,0,0,0
lltp,ILL/petri-nets/MCC,,,Dekker_dekker-50_20_1.p,classical,auto,1,false,,5,0,3,,unknown,recursion_limit,,focus,MELL,40598,100,6.931,0,0,0,0,0,0
lltp,ILL/petri-nets/MCC,,,Dekker_dekker-50_50_1.p,classical,auto,1,false,,5,0,3,,unknown,recursion_limit,,focus,MELL,40598,100,5.810,0,0,0,0,0,0
lltp,ILL/petri-nets/MCC,,,Dekker_dekker-50_5_1.p,classical,auto,1,false,,5,0,3,,unknown,recursion_limit,,focus,MELL,40598,100,6.394,0,0,0,0,0,0
lltp,ILL/petri-nets/MCC,,,Diffusion2D_2D8_gradient_10x10_100_1_1.p,classical,auto,1,false,,5,0,3,,proved,,ok,focus,MELL,3134,108,1.129,4,0,2,200,0,0
lltp,ILL/petri-nets/MCC,,,Diffusion2D_2D8_gradient_10x10_100_20_1.p,classical,auto,1,false,,5,0,3,,unknown,context_too_wide,,focus,MELL,3134,108,1.307,48,8,38,1749,0,0
lltp,ILL/petri-nets/MCC,,,Diffusion2D_2D8_gradient_10x10_100_5_1.p,classical,auto,1,false,,5,0,3,,unknown,context_too_wide,,focus,MELL,3134,108,0.203,1,0,0,0,0,0
lltp,ILL/petri-nets/MCC,,,Diffusion2D_2D8_gradient_10x10_10_1_1.p,classical,auto,1,false,,5,0,3,,proved,,ok,focus,MELL,2774,18,0.463,4,0,2,20,0,0
lltp,ILL/petri-nets/MCC,,,Diffusion2D_2D8_gradient_10x10_10_20_1.p,classical,auto,1,false,,5,0,3,,unknown,timeout,,focus,MELL,2774,18,5013.141,6278722,6192204,79112,11489104,0,0
lltp,ILL/petri-nets/MCC,,,Diffusion2D_2D8_gradient_10x10_10_5_1.p,classical,auto,1,false,,5,0,3,,proved,,ok,focus,MELL,2774,18,1.858,15,0,13,9268,0,0
lltp,ILL/petri-nets/MCC,,,Diffusion2D_2D8_gradient_10x10_150_1_1.p,classical,auto,1,false,,5,0,3,,proved,,ok,focus,MELL,3334,158,1.719,4,0,2,300,0,0
lltp,ILL/petri-nets/MCC,,,Diffusion2D_2D8_gradient_10x10_150_20_1.p,classical,auto,1,false,,5,0,3,,unknown,context_too_wide,,focus,MELL,3334,158,1.622,48,8,38,2249,0,0
lltp,ILL/petri-nets/MCC,,,Diffusion2D_2D8_gradient_10x10_150_5_1.p,classical,auto,1,false,,5,0,3,,unknown,context_too_wide,,focus,MELL,3334,158,0.203,1,0,0,0,0,0
lltp,ILL/petri-nets/MCC,,,Diffusion2D_2D8_gradient_10x10_200_1_1.p,classical,auto,1,false,,5,0,3,,proved,,ok,focus,MELL,3534,208,2.060,4,0,2,400,0,0
lltp,ILL/petri-nets/MCC,,,Diffusion2D_2D8_gradient_10x10_200_20_1.p,classical,auto,1,false,,5,0,3,,unknown,context_too_wide,,focus,MELL,3534,208,1.815,48,8,38,2749,0,0
lltp,ILL/petri-nets/MCC,,,Diffusion2D_2D8_gradient_10x10_200_5_1.p,classical,auto,1,false,,5,0,3,,unknown,context_too_wide,,focus,MELL,3534,208,0.238,1,0,0,0,0,0
lltp,ILL/petri-nets/MCC,,,Diffusion2D_2D8_gradient_10x10_50_1_1.p,classical,auto,1,false,,5,0,3,,proved,,ok,focus,MELL,2934,58,0.728,4,0,2,100,0,0
lltp,ILL/petri-nets/MCC,,,Diffusion2D_2D8_gradient_10x10_50_20_1.p,classical,auto,1,false,,5,0,3,,unknown,timeout,,focus,MELL,2934,58,5147.599,2606596,9,1048576,2607797,0,0
lltp,ILL/petri-nets/MCC,,,Diffusion2D_2D8_gradient_10x10_50_5_1.p,classical,auto,1,false,,5,0,,,unknown,killed,,,,,,10536.112,,,,,,
lltp,ILL/petri-nets/MCC,,,Diffusion2D_2D8_gradient_20x20_100_1_1.p,classical,auto,1,false,,5,0,3,,unknown,recursion_limit,,focus,MELL,12254,108,1.898,0,0,0,0,0,0
lltp,ILL/petri-nets/MCC,,,Diffusion2D_2D8_gradient_20x20_100_20_1.p,classical,auto,1,false,,5,0,3,,unknown,recursion_limit,,focus,MELL,12254,108,1.657,0,0,0,0,0,0
lltp,ILL/petri-nets/MCC,,,Diffusion2D_2D8_gradient_20x20_100_5_1.p,classical,auto,1,false,,5,0,3,,unknown,recursion_limit,,focus,MELL,12254,108,1.672,0,0,0,0,0,0
lltp,ILL/petri-nets/MCC,,,Diffusion2D_2D8_gradient_20x20_10_1_1.p,classical,auto,1,false,,5,0,3,,unknown,recursion_limit,,focus,MELL,11894,18,1.630,0,0,0,0,0,0
lltp,ILL/petri-nets/MCC,,,Diffusion2D_2D8_gradient_20x20_10_20_1.p,classical,auto,1,false,,5,0,3,,unknown,recursion_limit,,focus,MELL,11894,18,1.609,0,0,0,0,0,0
lltp,ILL/petri-nets/MCC,,,Diffusion2D_2D8_gradient_20x20_10_5_1.p,classical,auto,1,false,,5,0,3,,unknown,recursion_limit,,focus,MELL,11894,18,1.705,0,0,0,0,0,0
lltp,ILL/petri-nets/MCC,,,Diffusion2D_2D8_gradient_20x20_150_1_1.p,classical,auto,1,false,,5,0,3,,unknown,recursion_limit,,focus,MELL,12454,158,1.702,0,0,0,0,0,0
lltp,ILL/petri-nets/MCC,,,Diffusion2D_2D8_gradient_20x20_150_20_1.p,classical,auto,1,false,,5,0,3,,unknown,recursion_limit,,focus,MELL,12454,158,1.684,0,0,0,0,0,0
lltp,ILL/petri-nets/MCC,,,Diffusion2D_2D8_gradient_20x20_150_5_1.p,classical,auto,1,false,,5,0,3,,unknown,recursion_limit,,focus,MELL,12454,158,1.665,0,0,0,0,0,0
lltp,ILL/petri-nets/MCC,,,Diffusion2D_2D8_gradient_20x20_50_1_1.p,classical,auto,1,false,,5,0,3,,unknown,recursion_limit,,focus,MELL,12054,58,1.688,0,0,0,0,0,0
lltp,ILL/petri-nets/MCC,,,Diffusion2D_2D8_gradient_20x20_50_20_1.p,classical,auto,1,false,,5,0,3,,unknown,recursion_limit,,focus,MELL,12054,58,1.663,0,0,0,0,0,0
lltp,ILL/petri-nets/MCC,,,Diffusion2D_2D8_gradient_20x20_50_5_1.p,classical,auto,1,false,,5,0,3,,unknown,recursion_limit,,focus,MELL,12054,58,1.641,0,0,0,0,0,0
lltp,ILL/petri-nets/MCC,,,Diffusion2D_2D8_gradient_30x30_100_1_1.p,classical,auto,1,false,,5,0,3,,unknown,recursion_limit,,focus,MELL,27774,108,4.007,0,0,0,0,0,0
lltp,ILL/petri-nets/MCC,,,Diffusion2D_2D8_gradient_30x30_100_20_1.p,classical,auto,1,false,,5,0,3,,unknown,recursion_limit,,focus,MELL,27774,108,3.655,0,0,0,0,0,0
lltp,ILL/petri-nets/MCC,,,Diffusion2D_2D8_gradient_30x30_100_5_1.p,classical,auto,1,false,,5,0,3,,unknown,recursion_limit,,focus,MELL,27774,108,4.599,0,0,0,0,0,0
lltp,ILL/petri-nets/MCC,,,Diffusion2D_2D8_gradient_30x30_10_1_1.p,classical,auto,1,false,,5,0,3,,unknown,recursion_limit,,focus,MELL,27414,18,3.170,0,0,0,0,0,0
lltp,ILL/petri-nets/MCC,,,Diffusion2D_2D8_gradient_30x30_10_20_1.p,classical,auto,1,false,,5,0,3,,unknown,recursion_limit,,focus,MELL,27414,18,3.468,0,0,0,0,0,0
lltp,ILL/petri-nets/MCC,,,Diffusion2D_2D8_gradient_30x30_10_5_1.p,classical,auto,1,false,,5,0,3,,unknown,recursion_limit,,focus,MELL,27414,18,3.399,0,0,0,0,0,0
lltp,ILL/petri-nets/MCC,,,Diffusion2D_2D8_gradient_30x30_150_1_1.p,classical,auto,1,false,,5,0,3,,unknown,recursion_limit,,focus,MELL,27974,158,3.568,0,0,0,0,0,0
lltp,ILL/petri-nets/MCC,,,Diffusion2D_2D8_gradient_30x30_150_20_1.p,classical,auto,1,false,,5,0,3,,unknown,recursion_limit,,focus,MELL,27974,158,3.555,0,0,0,0,0,0
lltp,ILL/petri-nets/MCC,,,Diffusion2D_2D8_gradient_30x30_150_5_1.p,classical,auto,1,false,,5,0,3,,unknown,recursion_limit,,focus,MELL,27974,158,3.460,0,0,0,0,0,0
lltp,ILL/petri-nets/MCC,,,Diffusion2D_2D8_gradient_30x30_50_1_1.p,classical,auto,1,false,,5,0,3,,unknown,recursion_limit,,focus,MELL,27574,58,3.399,0,0,0,0,0,0
lltp,ILL/petri-nets/MCC,,,Diffusion2D_2D8_gradient_30x30_50_20_1.p,classical,auto,1,false,,5,0,3,,unknown,recursion_limit,,focus,MELL,27574,58,3.284,0,0,0,0,0,0
lltp,ILL/petri-nets/MCC,,,Diffusion2D_2D8_gradient_30x30_50_5_1.p,classical,auto,1,false,,5,0,3,,unknown,recursion_limit,,focus,MELL,27574,58,4.495,0,0,0,0,0,0
lltp,ILL/petri-nets/MCC,,,Diffusion2D_2D8_gradient_40x40_100_1_1.p,classical,auto,1,false,,5,0,3,,unknown,recursion_limit,,focus,MELL,49694,108,6.798,0,0,0,0,0,0
lltp,ILL/petri-nets/MCC,,,Diffusion2D_2D8_gradient_40x40_100_20_1.p,classical,auto,1,false,,5,0,3,,unknown,recursion_limit,,focus,MELL,49694,108,6.841,0,0,0,0,0,0
lltp,ILL/petri-nets/MCC,,,Diffusion2D_2D8_gradient_40x40_100_5_1.p,classical,auto,1,false,,5,0,3,,unknown,recursion_limit,,focus,MELL,49694,108,7.038,0,0,0,0,0,0
lltp,ILL/petri-nets/MCC,,,Diffusion2D_2D8_gradient_40x40_10_1_1.p,classical,auto,1,false,,5,0,3,,unknown,recursion_limit,,focus,MELL,49334,18,6.870,0,0,0,0,0,0
lltp,ILL/petri-nets/MCC,,,Diffusion2D_2D8_gradient_40x40_10_20_1.p,classical,auto,1,false,,5,0,3,,unknown,recursion_limit,,focus,MELL,49334,18,7.698,0,0,0,0,0,0
lltp,ILL/petri-nets/MCC,,,Diffusion2D_2D8_gradient_40x40_10_5_1.p,classical,auto,1,false,,5,0,3,,unknown,recursion_limit,,focus,MELL,49334,18,8.256,0,0,0,0,0,0
lltp,ILL/petri-nets/MCC,,,Diffusion2D_2D8_gradient_40x40_150_1_1.p,classical,auto,1,false,,5,0,3,,unknown,recursion_limit,,focus,MELL,49894,158,8.307,0,0,0,0,0,0
lltp,ILL/petri-nets/MCC,,,Diffusion2D_2D8_gradient_40x40_150_20_1.p,classical,auto,1,false,,5,0,3,,unknown,recursion_limit,,focus,MELL,49894,158,8.343,0,0,0,0,0,0
lltp,ILL/petri-nets/MCC,,,Diffusion2D_2D8_gradient_40x40_150_5_1.p,classical,auto,1,false,,5,0,3,,unknown,recursion_limit,,focus,MELL,49894,158,7.200,0,0,0,0,0,0
lltp,ILL/petri-nets/MCC,,,Diffusion2D_2D8_gradient_40x40_50_1_1.p,classical,auto,1,false,,5,0,3,,unknown,recursion_limit,,focus,MELL,49494,58,6.873,0,0,0,0,0,0
lltp,ILL/petri-nets/MCC,,,Diffusion2D_2D8_gradient_40x40_50_20_1.p,classical,auto,1,false,,5,0,3,,unknown,recursion_limit,,focus,MELL,49494,58,6.661,0,0,0,0,0,0
lltp,ILL/petri-nets/MCC,,,Diffusion2D_2D8_gradient_40x40_50_5_1.p,classical,auto,1,false,,5,0,3,,unknown,recursion_limit,,focus,MELL,49494,58,6.669,0,0,0,0,0,0
lltp,ILL/petri-nets/MCC,,,Diffusion2D_2D8_gradient_50x50_100_1_1.p,classical,auto,1,false,,5,0,3,,unknown,recursion_limit,,focus,MELL,78014,108,11.670,0,0,0,0,0,0
lltp,ILL/petri-nets/MCC,,,Diffusion2D_2D8_gradient_50x50_100_20_1.p,classical,auto,1,false,,5,0,3,,unknown,recursion_limit,,focus,MELL,78014,108,11.850,0,0,0,0,0,0
lltp,ILL/petri-nets/MCC,,,Diffusion2D_2D8_gradient_50x50_100_5_1.p,classical,auto,1,false,,5,0,3,,unknown,recursion_limit,,focus,MELL,78014,108,11.078,0,0,0,0,0,0
lltp,ILL/petri-nets/MCC,,,Diffusion2D_2D8_gradient_50x50_10_1_1.p,classical,auto,1,false,,5,0,3,,unknown,recursion_limit,,focus,MELL,77654,18,11.483,0,0,0,0,0,0
lltp,ILL/petri-nets/MCC,,,Diffusion2D_2D8_gradient_50x50_10_20_1.p,classical,auto,1,false,,5,0,3,,unknown,recursion_limit,,focus,MELL,77654,18,11.461,0,0,0,0,0,0
lltp,ILL/petri-nets/MCC,,,Diffusion2D_2D8_gradient_50x50_10_5_1.p,classical,auto,1,false,,5,0,3,,unknown,recursion_limit,,focus,MELL,77654,18,12.131,0,0,0,0,0,0
lltp,ILL/petri-nets/MCC,,,Diffusion2D_2D8_gradient_50x50_150_1_1.p,classical,auto,1,false,,5,0,3,,unknown,recursion_limit,,focus,MELL,78214,158,11.909,0,0,0,0,0,0
lltp,ILL/petri-nets/MCC,,,Diffusion2D_2D8_gradient_50x50_150_20_1.p,classical,auto,1,false,,5,0,3,,unknown,recursion_limit,,focus,MELL,78214,158,11.496,0,0,0,0,0,0
lltp,ILL/petri-nets/MCC,,,Diffusion2D_2D8_gradient_50x50_150_5_1.p,classical,auto,1,false,,5,0,3,,unknown,recursion_limit,,focus,MELL,78214,158,11.987,0,0,0,0,0,0
lltp,ILL/petri-nets/MCC,,,Diffusion2D_2D8_gradient_50x50_50_1_1.p,classical,auto,1,false,,5,0,3,,unknown,recursion_limit,,focus,MELL,77814,58,12.054,0,0,0,0,0,0
lltp,ILL/petri-nets/MCC,,,Diffusion2D_2D8_gradient_50x50_50_20_1.p,classical,auto,1,false,,5,0,3,,unknown,recursion_limit,,focus,MELL,77814,58,10.482,0,0,0,0,0,0
lltp,ILL/petri-nets/MCC,,,Diffusion2D_2D8_gradient_50x50_50_5_1.p,classical,auto,1,false,,5,0,3,,unknown,recursion_limit,,focus,MELL,77814,58,12.254,0,0,0,0,0,0
lltp,ILL/petri-nets/MCC,,,Diffusion2D_2D8_gradient_5x5_100_10_1.p,classical,auto,1,false,,5,0,3,,unknown,timeout,,focus,MELL,974,108,5000.041,44681144,44680902,240,77091969,0,0
lltp,ILL/petri-nets/MCC,,,Diffusion2D_2D8_gradient_5x5_100_1_1.p,classical,auto,1,false,,5,0,3,,proved,,ok,focus,MELL,974,108,0.367,4,0,2,199,0,0
lltp,ILL/petri-nets/MCC,,,Diffusion2D_2D8_gradient_5x5_100_20_1.p,classical,auto,1,false,,5,0,3,,unknown,context_too_wide,,focus,MELL,974,108,0.260,40,8,30,1151,0,0
lltp,ILL/petri-nets/MCC,,,Diffusion2D_2D8_gradient_5x5_100_5_1.p,classical,auto,1,false,,5,0,3,,proved,,ok,focus,MELL,974,108,0.983,3438,3349,83,5562,0,0
lltp,ILL/petri-nets/MCC,,,Diffusion2D_2D8_gradient_5x5_10_10_1.p,classical,auto,1,false,,5,0,3,,unknown,timeout,,focus,MELL,614,18,5000.019,47455359,47455117,240,81332946,0,0
lltp,ILL/petri-nets/MCC,,,Diffusion2D_2D8_gradient_5x5_10_1_1.p,classical,auto,1,false,,5,0,3,,proved,,ok,focus,MELL,614,18,0.127,4,0,2,19,0,0
lltp,ILL/petri-nets/MCC,,,Diffusion2D_2D8_gradient_5x5_10_20_1.p,classical,auto,1,false,,5,0,3,,proved,,ok,focus,MELL,614,18,4.937,6220,47,6168,24940,0,0
lltp,ILL/petri-nets/MCC,,,Diffusion2D_2D8_gradient_5x5_10_5_1.p,classical,auto,1,false,,5,0,3,,proved,,ok,focus,MELL,614,18,0.753,3438,3349,83,5382,0,0
lltp,ILL/petri-nets/MCC,,,Diffusion2D_2D8_gradient_5x5_150_10_1.p,classical,auto,1,false,,5,0,3,,unknown,timeout,,focus,MELL,1174,158,5000.090,40116191,40115949,240,69824001,0,0
lltp,ILL/petri-nets/MCC,,,Diffusion2D_2D8_gradient_5x5_150_1_1.p,classical,auto,1,false,,5,0,3,,proved,,ok,focus,MELL,1174,158,0.544,4,0,2,299,0,0
lltp,ILL/petri-nets/MCC,,,Diffusion2D_2D8_gradient_5x5_150_20_1.p,classical,auto,1,false,,5,0,3,,unknown,context_too_wide,,focus,MELL,1174,158,0.372,40,8,30,1651,0,0
lltp,ILL/petri-nets/MCC,,,Diffusion2D_2D8_gradient_5x5_150_5_1.p,classical,auto,1,false,,5,0,3,,proved,,ok,focus,MELL,1174,158,1.224,3438,3349,83,5662,0,0
lltp,ILL/petri-nets/MCC,,,Diffusion2D_2D8_gradient_5x5_200_10_1.p,classical,auto,1,false,,5,0,3,,unknown,timeout,,focus,MELL,1374,208,5000.063,40122628,40122386,240,69833458,0,0
lltp,ILL/petri-nets/MCC,,,Diffusion2D_2D8_gradient_5x5_200_1_1.p,classical,auto,1,false,,5,0,3,,proved,,ok,focus,MELL,1374,208,0.685,4,0,2,399,0,0
lltp,ILL/petri-nets/MCC,,,Diffusion2D_2D8_gradient_5x5_200_20_1.p,classical,auto,1,false,,5,0,3,,unknown,context_too_wide,,focus,MELL,1374,208,0.460,40,8,30,2151,0,0
lltp,ILL/petri-nets/MCC,,,Diffusion2D_2D8_gradient_5x5_200_5_1.p,classical,auto,1,false,,5,0,3,,proved,,ok,focus,MELL,1374,208,1.380,3438,3349,83,5762,0,0
lltp,ILL/petri-nets/MCC,,,Diffusion2D_2D8_gradient_5x5_250_10_1.p,classical,auto,1,false,,5,0,3,,unknown,timeout,,focus,MELL,1574,258,5000.054,36353630,36353388,240,63702916,0,0
lltp,ILL/petri-nets/MCC,,,Diffusion2D_2D8_gradient_5x5_250_1_1.p,classical,auto,1,false,,5,0,3,,proved,,ok,focus,MELL,1574,258,0.805,4,0,2,499,0,0
lltp,ILL/petri-nets/MCC,,,Diffusion2D_2D8_gradient_5x5_250_20_1.p,classical,auto,1,false,,5,0,3,,unknown,context_too_wide,,focus,MELL,1574,258,0.535,40,8,30,2651,0,0
lltp,ILL/petri-nets/MCC,,,Diffusion2D_2D8_gradient_5x5_250_5_1.p,classical,auto,1,false,,5,0,3,,proved,,ok,focus,MELL,1574,258,1.543,3438,3349,83,5862,0,0
lltp,ILL/petri-nets/MCC,,,Diffusion2D_2D8_gradient_5x5_300_10_1.p,classical,auto,1,false,,5,0,3,,unknown,timeout,,focus,MELL,1774,308,5000.069,37550271,37550029,240,65500114,0,0
lltp,ILL/petri-nets/MCC,,,Diffusion2D_2D8_gradient_5x5_300_1_1.p,classical,auto,1,false,,5,0,3,,proved,,ok,focus,MELL,1774,308,0.965,4,0,2,599,0,0
lltp,ILL/petri-nets/MCC,,,Diffusion2D_2D8_gradient_5x5_300_20_1.p,classical,auto,1,false,,5,0,3,,unknown,context_too_wide,,focus,MELL,1774,308,0.659,40,8,30,3151,0,0
lltp,ILL/petri-nets/MCC,,,Diffusion2D_2D8_gradient_5x5_300_5_1.p,classical,auto,1,false,,5,0,3,,proved,,ok,focus,MELL,1774,308,1.718,3438,3349,83,5962,0,0
lltp,ILL/petri-nets/MCC,,,Diffusion2D_2D8_gradient_5x5_350_10_1.p,classical,auto,1,false,,5,0,3,,unknown,timeout,,focus,MELL,1974,358,5000.124,36018030,36017788,240,63153871,0,0
lltp,ILL/petri-nets/MCC,,,Diffusion2D_2D8_gradient_5x5_350_1_1.p,classical,auto,1,false,,5,0,3,,proved,,ok,focus,MELL,1974,358,1.097,4,0,2,699,0,0
lltp,ILL/petri-nets/MCC,,,Diffusion2D_2D8_gradient_5x5_350_20_1.p,classical,auto,1,false,,5,0,3,,unknown,context_too_wide,,focus,MELL,1974,358,0.730,40,8,30,3651,0,0
lltp,ILL/petri-nets/MCC,,,Diffusion2D_2D8_gradient_5x5_350_5_1.p,classical,auto,1,false,,5,0,3,,proved,,ok,focus,MELL,1974,358,1.870,3438,3349,83,6062,0,0
lltp,ILL/petri-nets/MCC,,,Diffusion2D_2D8_gradient_5x5_50_10_1.p,classical,auto,1,false,,5,0,3,,unknown,timeout,,focus,MELL,774,58,5000.035,45685977,45685735,240,78580107,0,0
lltp,ILL/petri-nets/MCC,,,Diffusion2D_2D8_gradient_5x5_50_1_1.p,classical,auto,1,false,,5,0,3,,proved,,ok,focus,MELL,774,58,0.231,4,0,2,99,0,0
lltp,ILL/petri-nets/MCC,,,Diffusion2D_2D8_gradient_5x5_50_20_1.p,classical,auto,1,false,,5,0,3,,unknown,timeout,,focus,MELL,774,58,5021.473,5371937,9,1048576,5372548,0,0
lltp,ILL/petri-nets/MCC,,,Diffusion2D_2D8_gradient_5x5_50_5_1.p,classical,auto,1,false,,5,0,3,,proved,,ok,focus,MELL,774,58,0.852,3438,3349,83,5462,0,0
lltp,ILL/petri-nets/MCC,,,DrinkVendingMachine_distributeur-01-unfolded-02_100_1.p,classical,auto,1,false,,5,0,3,,unknown,timeout,,focus,MELL,1118,69,5031.854,1,0,0,83369984,0,0
lltp,ILL/petri-nets/MCC,,,DrinkVendingMachine_distributeur-01-unfolded-02_10_1.p,classical,auto,1,false,,5,0,3,,unknown,timeout,,focus,MELL,1118,69,5011.834,1,0,0,83959808,0,0
lltp,ILL/petri-nets/MCC,,,DrinkVendingMachine_distributeur-01-unfolded-02_1_1.p,classical,auto,1,false,,5,0,3,,unknown,timeout,,focus,MELL,1118,68,5035.215,1,0,0,82964480,0,0
lltp,ILL/petri-nets/MCC,,,DrinkVendingMachine_distributeur-01-unfolded-02_20_1.p,classical,auto,1,false,,5,0,3,,unknown,timeout,,focus,MELL,1118,69,5011.644,1,0,0,82513920,0,0
lltp,ILL/petri-nets/MCC,,,DrinkVendingMachine_distributeur-01-unfolded-02_50_1.p,classical,auto,1,false,,5,0,3,,unknown,timeout,,focus,MELL,1118,69,5010.431,1,0,0,83959808,0,0
lltp,ILL/petri-nets/MCC,,,DrinkVendingMachine_distributeur-01-unfolded-02_5_1.p,classical,auto,1,false,,5,0,3,,unknown,timeout,,focus,MELL,1118,69,5006.229,1,0,0,83959808,0,0
lltp,ILL/petri-nets/MCC,,,DrinkVendingMachine_distributeur-01-unfolded-10_100_1.p,classical,auto,1,false,,5,0,3,,unknown,recursion_limit,,focus,MELL,2173278,32101,321.562,0,0,0,0,0,0
lltp,ILL/petri-nets/MCC,,,DrinkVendingMachine_distributeur-01-unfolded-10_1_1.p,classical,auto,1,false,,5,0,3,,unknown,recursion_limit,,focus,MELL,2173278,32101,324.229,0,0,0,0,0,0
lltp,ILL/petri-nets/MCC,,,DrinkVendingMachine_distributeur-01-unfolded-10_20_1.p,classical,auto,1,false,,5,0,3,,unknown,recursion_limit,,focus,MELL,2173278,32101,321.011,0,0,0,0,0,0
lltp,ILL/petri-nets/MCC,,,DrinkVendingMachine_distributeur-01-unfolded-10_50_1.p,classical,auto,1,false,,5,0,3,,unknown,recursion_limit,,focus,MELL,2173278,32101,323.717,0,0,0,0,0,0
lltp,ILL/petri-nets/MCC,,,DrinkVendingMachine_distributeur-01-unfolded-10_5_1.p,classical,auto,1,false,,5,0,3,,unknown,recursion_limit,,focus,MELL,2173278,32101,357.555,0,0,0,0,0,0
lltp,ILL/petri-nets/MCC,,,ERK_erk-000001_100_1.p,classical,auto,1,false,,5,0,3,,proved,,ok,focus,MELL,86,3,0.018,1,0,1,4,0,0
lltp,ILL/petri-nets/MCC,,,ERK_erk-000001_10_1.p,classical,auto,1,false,,5,0,3,,proved,,ok,focus,MELL,86,3,0.014,1,0,1,4,0,0
lltp,ILL/petri-nets/MCC,,,ERK_erk-000001_1_1.p,classical,auto,1,false,,5,0,3,,proved,,ok,focus,MELL,84,3,0.034,12,0,10,146,0,0
lltp,ILL/petri-nets/MCC,,,ERK_erk-000001_20_1.p,classical,auto,1,false,,5,0,3,,proved,,ok,focus,MELL,86,3,0.014,1,0,1,4,0,0
lltp,ILL/petri-nets/MCC,,,ERK_erk-000001_50_1.p,classical,auto,1,false,,5,0,3,,proved,,ok,focus,MELL,86,3,0.014,1,0,1,4,0,0
lltp,ILL/petri-nets/MCC,,,ERK_erk-000001_5_1.p,classical,auto,1,false,,5,0,3,,proved,,ok,focus,MELL,84,3,0.036,12,0,10,146,0,0
lltp,ILL/petri-nets/MCC,,,ERK_erk-000010_100_1.p,classical,auto,1,false,,5,0,3,,unknown,timeout,,focus,MELL,246,12,5009.336,1,0,0,157917184,0,0
lltp,ILL/petri-nets/MCC,,,ERK_erk-000010_10_1.p,classical,auto,1,false,,5,0,3,,unknown,timeout,,focus,MELL,246,12,5015.329,1,0,0,159215616,0,0
lltp,ILL/petri-nets/MCC,,,ERK_erk-000010_1_1.p,classical,auto,1,false,,5,0,3,,unknown,timeout,,focus,MELL,264,12,5092.553,1,0,0,110100480,0,0
lltp,ILL/petri-nets/MCC,,,ERK_erk-000010_20_1.p,classical,auto,1,false,,5,0,3,,unknown,timeout,,focus,MELL,246,12,5011.211,1,0,0,157917184,0,0
lltp,ILL/petri-nets/MCC,,,ERK_erk-000010_50_1.p,classical,auto,1,false,,5,0,3,,unknown,timeout,,focus,MELL,246,12,5013.666,1,0,0,155205632,0,0
lltp,ILL/petri-nets/MCC,,,ERK_erk-000010_5_1.p,classical,auto,1,false,,5,0,3,,unknown,timeout,,focus,MELL,256,12,5041.203,1,0,0,132771840,0,0
lltp,ILL/petri-nets/MCC,,,ERK_erk-000100_100_1.p,classical,auto,1,false,,5,0,3,,unknown,context_too_wide,,focus,MELL,1866,102,0.044,1,0,0,0,0,0
lltp,ILL/petri-nets/MCC,,,ERK_erk-000100_10_1.p,classical,auto,1,false,,5,0,3,,unknown,context_too_wide,,focus,MELL,2046,102,0.047,1,0,0,0,0,0
lltp,ILL/petri-nets/MCC,,,ERK_erk-000100_1_1.p,classical,auto,1,false,,5,0,3,,unknown,context_too_wide,,focus,MELL,2064,102,0.046,1,0,0,0,0,0
lltp,ILL/petri-nets/MCC,,,ERK_erk-000100_20_1.p,classical,auto,1,false,,5,0,3,,unknown,context_too_wide,,focus,MELL,2026,102,0.046,1,0,0,0,0,0
lltp,ILL/petri-nets/MCC,,,ERK_erk-000100_50_1.p,classical,auto,1,false,,5,0,3,,unknown,context_too_wide,,focus,MELL,1966,102,0.045,1,0,0,0,0,0
lltp,ILL/petri-nets/MCC,,,ERK_erk-000100_5_1.p,classical,auto,1,false,,5,0,3,,unknown,context_too_wide,,focus,MELL,2056,102,0.047,1,0,0,0,0,0
lltp,ILL/petri-nets/MCC,,,ERK_erk-001000_100_1.p,classical,auto,1,false,,5,0,3,,unknown,context_too_wide,,focus,MELL,19866,1002,0.466,1,0,0,0,0,0
lltp,ILL/petri-nets/MCC,,,ERK_erk-001000_10_1.p,classical,auto,1,false,,5,0,3,,unknown,context_too_wide,,focus,MELL,20046,1002,0.439,1,0,0,0,0,0
lltp,ILL/petri-nets/MCC,,,ERK_erk-001000_1_1.p,classical,auto,1,false,,5,0,3,,unknown,context_too_wide,,focus,MELL,20064,1002,0.404,1,0,0,0,0,0
lltp,ILL/petri-nets/MCC,,,ERK_erk-001000_20_1.p,classical,auto,1,false,,5,0,3,,unknown,context_too_wide,,focus,MELL,20026,1002,0.413,1,0,0,0,0,0
lltp,ILL/petri-nets/MCC,,,ERK_erk-001000_50_1.p,classical,auto,1,false,,5,0,3,,unknown,context_too_wide,,focus,MELL,19966,1002,0.474,1,0,0,0,0,0
lltp,ILL/petri-nets/MCC,,,ERK_erk-001000_5_1.p,classical,auto,1,false,,5,0,3,,unknown,context_too_wide,,focus,MELL,20056,1002,0.409,1,0,0,0,0,0
lltp,ILL/petri-nets/MCC,,,Echo_echo-d2r11_100_1.p,classical,auto,1,false,,5,0,3,,unknown,context_too_wide,,focus,MELL,10694,5,0.698,1,0,0,0,0,0
lltp,ILL/petri-nets/MCC,,,Echo_echo-d2r11_1_1.p,classical,auto,1,false,,5,0,3,,unknown,context_too_wide,,focus,MELL,10482,5,0.713,1,0,0,0,0,0
lltp,ILL/petri-nets/MCC,,,Echo_echo-d2r11_20_1.p,classical,auto,1,false,,5,0,3,,unknown,context_too_wide,,focus,MELL,10558,5,0.671,1,0,0,0,0,0
lltp,ILL/petri-nets/MCC,,,Echo_echo-d2r11_50_1.p,classical,auto,1,false,,5,0,3,,unknown,context_too_wide,,focus,MELL,10660,5,0.665,1,0,0,0,0,0
lltp,ILL/petri-nets/MCC,,,Echo_echo-d2r11_5_1.p,classical,auto,1,false,,5,0,3,,unknown,context_too_wide,,focus,MELL,10498,5,0.700,1,0,0,0,0,0
lltp,ILL/petri-nets/MCC,,,Echo_echo-d2r15_100_1.p,classical,auto,1,false,,5,0,3,,unknown,context_too_wide,,focus,MELL,20556,5,2.804,1,0,0,0,0,0
lltp,ILL/petri-nets/MCC,,,Echo_echo-d2r15_1_1.p,classical,auto,1,false,,5,0,3,,unknown,context_too_wide,,focus,MELL,20306,5,2.403,1,0,0,0,0,0
lltp,ILL/petri-nets/MCC,,,Echo_echo-d2r15_20_1.p,classical,auto,1,false,,5,0,3,,unknown,context_too_wide,,focus,MELL,20378,5,2.178,1,0,0,0,0,0
lltp,ILL/petri-nets/MCC,,,Echo_echo-d2r15_50_1.p,classical,auto,1,false,,5,0,3,,unknown,context_too_wide,,focus,MELL,20490,5,2.140,1,0,0,0,0,0
lltp,ILL/petri-nets/MCC,,,Echo_echo-d2r15_5_1.p,classical,auto,1,false,,5,0,3,,unknown,context_too_wide,,focus,MELL,20322,5,3.196,1,0,0,0,0,0
lltp,ILL/petri-nets/MCC,,,Echo_echo-d2r19_100_1.p,classical,auto,1,false,,5,0,3,,unknown,recursion_limit,,focus,MELL,33708,5,5.607,0,0,0,0,0,0
lltp,ILL/petri-nets/MCC,,,Echo_echo-d2r19_1_1.p,classical,auto,1,false,,5,0,3,,unknown,recursion_limit,,focus,MELL,33330,5,3.959,0,0,0,0,0,0
lltp,ILL/petri-nets/MCC,,,Echo_echo-d2r19_20_1.p,classical,auto,1,false,,5,0,3,,unknown,recursion_limit,,focus,MELL,33404,5,4.256,0,0,0,0,0,0
lltp,ILL/petri-nets/MCC,,,Echo_echo-d2r19_50_1.p,classical,auto,1,false,,5,0,3,,unknown,recursion_limit,,focus,MELL,33518,5,4.097,0,0,0,0,0,0
lltp,ILL/petri-nets/MCC,,,Echo_echo-d2r19_5_1.p,classical,auto,1,false,,5,0,3,,unknown,recursion_limit,,focus,MELL,33346,5,4.154,0,0,0,0,0,0
lltp,ILL/petri-nets/MCC,,,Echo_echo-d2r9_100_1.p,classical,auto,1,false,,5,0,3,,unknown,context_too_wide,,focus,MELL,6910,5,1.912,3,0,2,4,0,0
lltp,ILL/petri-nets/MCC,,,Echo_echo-d2r9_10_1.p,classical,auto,1,false,,5,0,3,,unknown,context_too_wide,,focus,MELL,6806,5,0.421,1,0,0,0,0,0
lltp,ILL/petri-nets/MCC,,,Echo_echo-d2r9_1_1.p,classical,auto,1,false,,5,0,3,,unknown,context_too_wide,,focus,MELL,6770,5,0.406,1,0,0,0,0,0
lltp,ILL/petri-nets/MCC,,,Echo_echo-d2r9_20_1.p,classical,auto,1,false,,5,0,3,,unknown,context_too_wide,,focus,MELL,6840,5,0.452,1,0,0,0,0,0
lltp,ILL/petri-nets/MCC,,,Echo_echo-d2r9_50_1.p,classical,auto,1,false,,5,0,3,,unknown,context_too_wide,,focus,MELL,6874,5,1.911,3,0,2,4,0,0
lltp,ILL/petri-nets/MCC,,,Echo_echo-d2r9_5_1.p,classical,auto,1,false,,5,0,3,,unknown,context_too_wide,,focus,MELL,6786,5,0.403,1,0,0,0,0,0
lltp,ILL/petri-nets/MCC,,,Echo_echo-d3r3_100_1.p,classical,auto,1,false,,5,0,3,,unknown,timeout,,focus,MELL,2610,5,5014.970,39434029,39340289,93738,39462233,0,0
lltp,ILL/petri-nets/MCC,,,Echo_echo-d3r3_1_1.p,classical,auto,1,false,,5,0,3,,unknown,timeout,,focus,MELL,2622,6,5000.054,7535129,7535099,28,52078436,0,0
lltp,ILL/petri-nets/MCC,,,Echo_echo-d3r3_20_1.p,classical,auto,1,false,,5,0,3,,unknown,timeout,,focus,MELL,2672,5,5014.475,38609910,38516571,93337,38637710,0,0
lltp,ILL/petri-nets/MCC,,,Echo_echo-d3r3_50_1.p,classical,auto,1,false,,5,0,3,,unknown,timeout,,focus,MELL,2640,6,5014.729,38864248,38770764,93482,38892196,0,0
lltp,ILL/petri-nets/MCC,,,Echo_echo-d3r3_5_1.p,classical,auto,1,false,,5,0,3,,unknown,timeout,,focus,MELL,2640,6,5014.561,39972522,39878028,94492,40001466,0,0
lltp,ILL/petri-nets/MCC,,,Echo_echo-d3r5_100_1.p,classical,auto,1,false,,5,0,3,,unknown,context_too_wide,,focus,MELL,17424,7,1.473,1,0,0,0,0,0
lltp,ILL/petri-nets/MCC,,,Echo_echo-d3r5_1_1.p,classical,auto,1,false,,5,0,3,,unknown,context_too_wide,,focus,MELL,17030,7,1.343,1,0,0,0,0,0
lltp,ILL/petri-nets/MCC,,,Echo_echo-d3r5_20_1.p,classical,auto,1,false,,5,0,3,,unknown,context_too_wide,,focus,MELL,17164,7,1.277,1,0,0,0,0,0
lltp,ILL/petri-nets/MCC,,,Echo_echo-d3r5_50_1.p,classical,auto,1,false,,5,0,3,,unknown,context_too_wide,,focus,MELL,17350,7,1.374,1,0,0,0,0,0
lltp,ILL/petri-nets/MCC,,,Echo_echo-d3r5_5_1.p,classical,auto,1,false,,5,0,3,,unknown,context_too_wide,,focus,MELL,17062,7,1.261,1,0,0,0,0,0
lltp,ILL/petri-nets/MCC,,,Echo_echo-d3r7_100_1.p,classical,auto,1,false,,5,0,3,,unknown,recursion_limit,,focus,MELL,53124,7,8.493,0,0,0,0,0,0
lltp,ILL/petri-nets/MCC,,,Echo_echo-d3r7_1_1.p,classical,auto,1,false,,5,0,3,,unknown,recursion_limit,,focus,MELL,52462,7,6.995,0,0,0,0,0,0
lltp,ILL/petri-nets/MCC,,,Echo_echo-d3r7_20_1.p,classical,auto,1,false,,5,0,3,,unknown,recursion_limit,,focus,MELL,52604,7,8.130,0,0,0,0,0,0
lltp,ILL/petri-nets/MCC,,,Echo_echo-d3r7_50_1.p,classical,auto,1,false,,5,0,3,,unknown,recursion_limit,,focus,MELL,52814,7,7.559,0,0,0,0,0,0
lltp,ILL/petri-nets/MCC,,,Echo_echo-d3r7_5_1.p,classical,auto,1,false,,5,0,3,,unknown,recursion_limit,,focus,MELL,52494,7,8.300,0,0,0,0,0,0
lltp,ILL/petri-nets/MCC,,,Echo_echo-d4r3_100_1.p,classical,auto,1,false,,5,0,3,,unknown,context_too_wide,,focus,MELL,13350,8,0.954,1,0,0,0,0,0
lltp,ILL/petri-nets/MCC,,,Echo_echo-d4r3_1_1.p,classical,auto,1,false,,5,0,3,,unknown,context_too_wide,,focus,MELL,13018,8,0.913,1,0,0,0,0,0
lltp,ILL/petri-nets/MCC,,,Echo_echo-d4r3_20_1.p,classical,auto,1,false,,5,0,3,,unknown,context_too_wide,,focus,MELL,13156,8,0.879,1,0,0,0,0,0
lltp,ILL/petri-nets/MCC,,,Echo_echo-d4r3_50_1.p,classical,auto,1,false,,5,0,3,,unknown,context_too_wide,,focus,MELL,13260,8,0.942,1,0,0,0,0,0
lltp,ILL/petri-nets/MCC,,,Echo_echo-d4r3_5_1.p,classical,auto,1,false,,5,0,3,,unknown,context_too_wide,,focus,MELL,13048,8,0.915,1,0,0,0,0,0
lltp,ILL/petri-nets/MCC,,,Echo_echo-d5r3_100_1.p,classical,auto,1,false,,5,0,3,,unknown,recursion_limit,,focus,MELL,58806,10,8.812,0,0,0,0,0,0
lltp,ILL/petri-nets/MCC,,,Echo_echo-d5r3_1_1.p,classical,auto,1,false,,5,0,3,,unknown,recursion_limit,,focus,MELL,57798,10,8.158,0,0,0,0,0,0
lltp,ILL/petri-nets/MCC,,,Echo_echo-d5r3_20_1.p,classical,auto,1,false,,5,0,3,,unknown,recursion_limit,,focus,MELL,58030,10,7.811,0,0,0,0,0,0
lltp,ILL/petri-nets/MCC,,,Echo_echo-d5r3_50_1.p,classical,auto,1,false,,5,0,3,,unknown,recursion_limit,,focus,MELL,58336,10,6.816,0,0,0,0,0,0
lltp,ILL/petri-nets/MCC,,,Echo_echo-d5r3_5_1.p,classical,auto,1,false,,5,0,3,,unknown,recursion_limit,,focus,MELL,57846,10,6.940,0,0,0,0,0,0
lltp,ILL/petri-nets/MCC,,,EnergyBus_100_1.p,classical,auto,1,false,,5,0,3,,unknown,recursion_limit,,focus,MELL,126820,4188,18.338,0,0,0,0,0,0
lltp,ILL/petri-nets/MCC,,,EnergyBus_1_1.p,classical,auto,1,false,,5,0,3,,unknown,recursion_limit,,focus,MELL,126820,4188,17.492,0,0,0,0,0,0
lltp,ILL/petri-nets/MCC,,,EnergyBus_20_1.p,classical,auto,1,false,,5,0,3,,unknown,recursion_limit,,focus,MELL,126820,4188,17.076,0,0,0,0,0,0
lltp,ILL/petri-nets/MCC,,,EnergyBus_5_1.p,classical,auto,1,false,,5,0,3,,unknown,recursion_limit,,focus,MELL,126822,4188,18.830,0,0,0,0,0,0
lltp,ILL/petri-nets/MCC,,,Eratosthenes_eratosthenes-010_1_1.p,classical,auto,1,false,,5,0,3,,proved,,ok,focus,MELL,80,5,4.848,2351,2209,87,144078,0,0
lltp,ILL/petri-nets/MCC,,,Eratosthenes_eratosthenes-010_5_1.p,classical,auto,1,false,,5,0,3,,unknown,copy_bound,,focus,MELL,72,5,239.517,484646,470538,7664,7712162,0,0
lltp,ILL/petri-nets/MCC,,,Eratosthenes_eratosthenes-020_10_1.p,classical,auto,1,false,,5,0,3,,unknown,timeout,,focus,MELL,216,10,5008.796,95323,1,95319,402227200,0,0
lltp,ILL/petri-nets/MCC,,,Eratosthenes_eratosthenes-020_1_1.p,classical,auto,1,false,,5,0,3,,unknown,timeout,,focus,MELL,234,10,5015.720,22073999,22073549,448,172688757,0,0
lltp,ILL/petri-nets/MCC,,,Eratosthenes_eratosthenes-020_20_1.p,classical,auto,1,false,,5,0,3,,unknown,timeout,,focus,MELL,214,10,5066.241,9225355,8358131,861761,126555387,0,0
lltp,ILL/petri-nets/MCC,,,Eratosthenes_eratosthenes-020_5_1.p,classical,auto,1,false,,5,0,3,,unknown,timeout,,focus,MELL,226,10,5017.926,8296619,8295386,1232,270893056,0,0
lltp,ILL/petri-nets/MCC,,,Eratosthenes_eratosthenes-050_1_1.p,classical,auto,1,false,,5,0,3,,unknown,timeout,,focus,MELL,840,25,5001.179,1,0,0,739241984,0,0
lltp,ILL/petri-nets/MCC,,,Eratosthenes_eratosthenes-050_20_1.p,classical,auto,1,false,,5,0,3,,unknown,timeout,,focus,MELL,802,25,5000.398,1,0,0,730329088,0,0
lltp,ILL/petri-nets/MCC,,,Eratosthenes_eratosthenes-050_50_1.p,classical,auto,1,false,,5,0,3,,unknown,timeout,,focus,MELL,774,25,5004.539,2,0,1,314630144,0,0
lltp,ILL/petri-nets/MCC,,,Eratosthenes_eratosthenes-050_5_1.p,classical,auto,1,false,,5,0,3,,unknown,timeout,,focus,MELL,832,25,5001.506,1,0,0,734785536,0,0
lltp,ILL/petri-nets/MCC,,,Eratosthenes_eratosthenes-100_100_1.p,classical,auto,1,false,,5,0,3,,unknown,context_too_wide,,focus,MELL,1944,50,0.161,2,0,1,48,0,0
lltp,ILL/petri-nets/MCC,,,Eratosthenes_eratosthenes-100_1_1.p,classical,auto,1,false,,5,0,3,,unknown,context_too_wide,,focus,MELL,2090,50,0.103,1,0,0,0,0,0
lltp,ILL/petri-nets/MCC,,,Eratosthenes_eratosthenes-100_20_1.p,classical,auto,1,false,,5,0,3,,unknown,context_too_wide,,focus,MELL,2052,50,0.103,1,0,0,0,0,0
lltp,ILL/petri-nets/MCC,,,Eratosthenes_eratosthenes-100_50_1.p,classical,auto,1,false,,5,0,3,,unknown,context_too_wide,,focus,MELL,1992,50,0.103,1,0,0,0,0,0
lltp,ILL/petri-nets/MCC,,,Eratosthenes_eratosthenes-100_5_1.p,classical,auto,1,false,,5,0,3,,unknown,context_too_wide,,focus,MELL,2082,50,0.108,1,0,0,0,0,0
lltp,ILL/petri-nets/MCC,,,Eratosthenes_eratosthenes-200_100_1.p,classical,auto,1,false,,5,0,3,,unknown,context_too_wide,,focus,MELL,4788,100,0.406,1,0,0,0,0,0
lltp,ILL/petri-nets/MCC,,,Eratosthenes_eratosthenes-200_1_1.p,classical,auto,1,false,,5,0,3,,unknown,context_too_wide,,focus,MELL,4986,100,0.357,1,0,0,0,0,0
lltp,ILL/petri-nets/MCC,,,Eratosthenes_eratosthenes-200_20_1.p,classical,auto,1,false,,5,0,3,,unknown,context_too_wide,,focus,MELL,4948,100,0.318,1,0,0,0,0,0
lltp,ILL/petri-nets/MCC,,,Eratosthenes_eratosthenes-200_50_1.p,classical,auto,1,false,,5,0,3,,unknown,context_too_wide,,focus,MELL,4888,100,0.313,1,0,0,0,0,0
lltp,ILL/petri-nets/MCC,,,Eratosthenes_eratosthenes-200_5_1.p,classical,auto,1,false,,5,0,3,,unknown,context_too_wide,,focus,MELL,4978,100,0.326,1,0,0,0,0,0
lltp,ILL/petri-nets/MCC,,,Eratosthenes_eratosthenes-500_100_1.p,classical,auto,1,false,,5,0,3,,unknown,recursion_limit,,focus,MELL,14940,250,2.160,0,0,0,0,0,0
lltp,ILL/petri-nets/MCC,,,Eratosthenes_eratosthenes-500_1_1.p,classical,auto,1,false,,5,0,3,,unknown,recursion_limit,,focus,MELL,15138,250,1.948,0,0,0,0,0,0
lltp,ILL/petri-nets/MCC,,,Eratosthenes_eratosthenes-500_20_1.p,classical,auto,1,false,,5,0,3,,unknown,recursion_limit,,focus,MELL,15100,250,1.887,0,0,0,0,0,0
lltp,ILL/petri-nets/MCC,,,Eratosthenes_eratosthenes-500_50_1.p,classical,auto,1,false,,5,0,3,,unknown,recursion_limit,,focus,MELL,15040,250,1.910,0,0,0,0,0,0
lltp,ILL/petri-nets/MCC,,,Eratosthenes_eratosthenes-500_5_1.p,classical,auto,1,false,,5,0,3,,unknown,recursion_limit,,focus,MELL,15130,250,2.021,0,0,0,0,0,0
lltp,ILL/petri-nets/MCC,,,FMS-100_100_1.p,classical,auto,1,false,,5,0,3,,unknown,context_too_wide,,focus,MELL,1316,102,0.136,1,0,0,200,0,0
lltp,ILL/petri-nets/MCC,,,FMS-100_10_1.p,classical,auto,1,false,,5,0,3,,unknown,context_too_wide,,focus,MELL,1322,102,0.134,1,0,0,200,0,0
lltp,ILL/petri-nets/MCC,,,FMS-100_1_1.p,classical,auto,1,false,,5,0,3,,unknown,context_too_wide,,focus,MELL,1322,102,0.128,1,0,0,200,0,0
lltp,ILL/petri-nets/MCC,,,FMS-100_20_1.p,classical,auto,1,false,,5,0,3,,unknown,context_too_wide,,focus,MELL,1322,102,0.132,1,0,0,200,0,0
lltp,ILL/petri-nets/MCC,,,FMS-100_50_1.p,classical,auto,1,false,,5,0,3,,unknown,context_too_wide,,focus,MELL,1316,102,0.128,1,0,0,200,0,0
lltp,ILL/petri-nets/MCC,,,FMS-100_5_1.p,classical,auto,1,false,,5,0,3,,unknown,context_too_wide,,focus,MELL,1322,102,0.154,1,0,0,200,0,0
lltp,ILL/petri-nets/MCC,,,FMS-10_10_1.p,classical,auto,1,false,,5,0,3,,unknown,timeout,,focus,MELL,242,12,5025.375,1,0,0,135876608,0,0
lltp,ILL/petri-nets/MCC,,,FMS-10_1_1.p,classical,auto,1,false,,5,0,3,,proved,,ok,focus,MELL,242,12,38.599,13,0,11,763225,0,0
lltp,ILL/petri-nets/MCC,,,FMS-10_20_1.p,classical,auto,1,false,,5,0,3,,unknown,timeout,,focus,MELL,242,12,5027.467,1,0,0,140263424,0,0
lltp,ILL/petri-nets/MCC,,,FMS-10_50_1.p,classical,auto,1,false,,5,0,3,,unknown,timeout,,focus,MELL,242,12,5000.618,1,0,0,135876608,0,0
lltp,ILL/petri-nets/MCC,,,FMS-10_5_1.p,classical,auto,1,false,,5,0,3,,unknown,timeout,,focus,MELL,242,12,5042.740,1,0,0,124653568,0,0
lltp,ILL/petri-nets/MCC,,,FMS-200_100_1.p,classical,auto,1,false,,5,0,3,,unknown,context_too_wide,,focus,MELL,2516,202,0.386,1,0,0,400,0,0
lltp,ILL/petri-nets/MCC,,,FMS-200_10_1.p,classical,auto,1,false,,5,0,3,,unknown,context_too_wide,,focus,MELL,2522,202,0.356,1,0,0,400,0,0
lltp,ILL/petri-nets/MCC,,,FMS-200_1_1.p,classical,auto,1,false,,5,0,3,,unknown,context_too_wide,,focus,MELL,2522,202,0.344,1,0,0,400,0,0
lltp,ILL/petri-nets/MCC,,,FMS-200_20_1.p,classical,auto,1,false,,5,0,3,,unknown,context_too_wide,,focus,MELL,2522,202,0.347,1,0,0,400,0,0
lltp,ILL/petri-nets/MCC,,,FMS-200_50_1.p,classical,auto,1,false,,5,0,3,,unknown,context_too_wide,,focus,MELL,2516,202,0.354,1,0,0,400,0,0
lltp,ILL/petri-nets/MCC,,,FMS-200_5_1.p,classical,auto,1,false,,5,0,3,,unknown,context_too_wide,,focus,MELL,2522,202,0.356,1,0,0,400,0,0
lltp,ILL/petri-nets/MCC,,,FMS-20_100_1.p,classical,auto,1,false,,5,0,3,,unknown,timeout,,focus,MELL,362,22,5038.463,1,0,0,133971968,0,0
lltp,ILL/petri-nets/MCC,,,FMS-20_10_1.p,classical,auto,1,false,,5,0,3,,unknown,timeout,,focus,MELL,362,22,5022.538,1,0,0,127606784,0,0
lltp,ILL/petri-nets/MCC,,,FMS-20_1_1.p,classical,auto,1,false,,5,0,3,,unknown,timeout,,focus,MELL,362,22,5052.376,1,0,0,103854080,0,0
lltp,ILL/petri-nets/MCC,,,FMS-20_20_1.p,classical,auto,1,false,,5,0,3,,unknown,timeout,,focus,MELL,362,22,5019.783,1,0,0,132907008,0,0
lltp,ILL/petri-nets/MCC,,,FMS-20_50_1.p,classical,auto,1,false,,5,0,3,,unknown,timeout,,focus,MELL,358,22,5043.638,1,0,0,128335872,0,0
lltp,ILL/petri-nets/MCC,,,FMS-20_5_1.p,classical,auto,1,false,,5,0,3,,unknown,timeout,,focus,MELL,362,22,5069.753,1,0,0,121458688,0,0
lltp,ILL/petri-nets/MCC,,,FMS-2_100_1.p,classical,auto,1,false,,5,0,3,,unknown,timeout,,focus,MELL,146,4,5033.857,1,0,0,143020032,0,0
lltp,ILL/petri-nets/MCC,,,FMS-2_10_1.p,classical,auto,1,false,,5,0,3,,unknown,timeout,,focus,MELL,144,4,5009.827,634,620,12,143386288,0,0
lltp,ILL/petri-nets/MCC,,,FMS-2_1_1.p,classical,auto,1,false,,5,0,3,,proved,,ok,focus,MELL,146,4,0.110,5,0,3,1541,0,0
lltp,ILL/petri-nets/MCC,,,FMS-2_20_1.p,classical,auto,1,false,,5,0,3,,unknown,timeout,,focus,MELL,146,4,5015.247,626,609,16,140709888,0,0
lltp,ILL/petri-nets/MCC,,,FMS-2_50_1.p,classical,auto,1,false,,5,0,3,,unknown,timeout,,focus,MELL,146,4,5016.746,626,609,16,140709888,0,0
lltp,ILL/petri-nets/MCC,,,FMS-2_5_1.p,classical,auto,1,false,,5,0,3,,unknown,timeout,,focus,MELL,146,4,5024.889,733,716,16,136507392,0,0
lltp,ILL/petri-nets/MCC,,,FMS-500_100_1.p,classical,auto,1,false,,5,0,3,,unknown,context_too_wide,,focus,MELL,6116,502,1.841,1,0,0,1000,0,0
lltp,ILL/petri-nets/MCC,,,FMS-500_10_1.p,classical,auto,1,false,,5,0,3,,unknown,context_too_wide,,focus,MELL,6122,502,1.696,1,0,0,1000,0,0
lltp,ILL/petri-nets/MCC,,,FMS-500_1_1.p,classical,auto,1,false,,5,0,3,,unknown,context_too_wide,,focus,MELL,6122,502,1.683,1,0,0,1000,0,0
lltp,ILL/petri-nets/MCC,,,FMS-500_20_1.p,classical,auto,1,false,,5,0,3,,unknown,context_too_wide,,focus,MELL,6122,502,1.675,1,0,0,1000,0,0
lltp,ILL/petri-nets/MCC,,,FMS-500_50_1.p,classical,auto,1,false,,5,0,3,,unknown,context_too_wide,,focus,MELL,6116,502,1.672,1,0,0,1000,0,0
lltp,ILL/petri-nets/MCC,,,FMS-500_5_1.p,classical,auto,1,false,,5,0,3,,unknown,context_too_wide,,focus,MELL,6122,502,1.676,1,0,0,1000,0,0
lltp,ILL/petri-nets/MCC,,,FMS-50_100_1.p,classical,auto,1,false,,5,0,3,,unknown,timeout,,focus,MELL,718,52,5026.784,1,0,0,110444544,0,0
lltp,ILL/petri-nets/MCC,,,FMS-50_10_1.p,classical,auto,1,false,,5,0,3,,unknown,timeout,,focus,MELL,722,52,5045.887,1,0,0,120729600,0,0
lltp,ILL/petri-nets/MCC,,,FMS-50_1_1.p,classical,auto,1,false,,5,0,3,,unknown,timeout,,focus,MELL,722,52,5606.572,1,0,0,113086464,0,0
lltp,ILL/petri-nets/MCC,,,FMS-50_20_1.p,classical,auto,1,false,,5,0,3,,unknown,timeout,,focus,MELL,722,52,5052.728,1,0,0,115998720,0,0
lltp,ILL/petri-nets/MCC,,,FMS-50_50_1.p,classical,auto,1,false,,5,0,3,,unknown,timeout,,focus,MELL,716,52,5109.771,1,0,0,113577984,0,0
lltp,ILL/petri-nets/MCC,,,FMS-50_5_1.p,classical,auto,1,false,,5,0,3,,unknown,timeout,,focus,MELL,722,52,5019.941,1,0,0,117219328,0,0
lltp,ILL/petri-nets/MCC,,,FMS-5_10_1.p,classical,auto,1,false,,5,0,3,,unknown,timeout,,focus,MELL,182,7,5011.532,1,0,0,136900608,0,0
lltp,ILL/petri-nets/MCC,,,FMS-5_1_1.p,classical,auto,1,false,,5,0,3,,proved,,ok,focus,MELL,182,7,0.749,8,0,6,15940,0,0
lltp,ILL/petri-nets/MCC,,,FMS-5_20_1.p,classical,auto,1,false,,5,0,3,,unknown,timeout,,focus,MELL,182,7,5015.373,1,0,0,134373376,0,0
lltp,ILL/petri-nets/MCC,,,FMS-5_5_1.p,classical,auto,1,false,,5,0,3,,unknown,timeout,,focus,MELL,182,7,5011.179,1,0,0,142655488,0,0
lltp,ILL/petri-nets/MCC,,,FlexibleBarrier_flexbar_04_a_100_1.p,classical,auto,1,false,,5,0,3,,unknown,copy_bound,,focus,MELL,630,27,1771.022,4594089,4483892,103933,20565913,0,0
lltp,ILL/petri-nets/MCC,,,FlexibleBarrier_flexbar_04_a_10_1.p,classical,auto,1,false,,5,0,3,,unknown,copy_bound,,focus,MELL,630,27,1738.827,4594089,4483892,103933,20565913,0,0
lltp,ILL/petri-nets/MCC,,,FlexibleBarrier_flexbar_04_a_1_1.p,classical,auto,1,false,,5,0,3,,proved,,ok,focus,MELL,630,27,0.081,18,7,10,24,0,0
lltp,ILL/petri-nets/MCC,,,FlexibleBarrier_flexbar_04_a_20_1.p,classical,auto,1,false,,5,0,3,,unknown,copy_bound,,focus,MELL,630,27,1547.601,4255048,4150372,98735,17675343,0,0
lltp,ILL/petri-nets/MCC,,,FlexibleBarrier_flexbar_04_a_50_1.p,classical,auto,1,false,,5,0,3,,unknown,copy_bound,,focus,MELL,630,27,1556.142,4255048,4150372,98735,17675343,0,0
lltp,ILL/petri-nets/MCC,,,FlexibleBarrier_flexbar_04_a_5_1.p,classical,auto,1,false,,5,0,3,,unknown,copy_bound,,focus,MELL,630,27,1566.816,4255048,4150372,98735,17675343,0,0
lltp,ILL/petri-nets/MCC,,,FlexibleBarrier_flexbar_04_b_10_1.p,classical,auto,1,false,,5,0,3,,unknown,timeout,,focus,MELL,1492,17,5015.946,5664733,5544157,109405,26560630,0,0
lltp,ILL/petri-nets/MCC,,,FlexibleBarrier_flexbar_04_b_1_1.p,classical,auto,1,false,,5,0,3,,proved,,ok,focus,MELL,1490,17,0.726,349,130,216,1619,0,0
lltp,ILL/petri-nets/MCC,,,FlexibleBarrier_flexbar_04_b_20_1.p,classical,auto,1,false,,5,0,3,,unknown,timeout,,focus,MELL,1496,17,5012.236,3206985,3116286,85135,28832074,0,0
lltp,ILL/petri-nets/MCC,,,FlexibleBarrier_flexbar_04_b_50_1.p,classical,auto,1,false,,5,0,3,,unknown,timeout,,focus,MELL,1498,17,5015.143,8784073,8666583,106643,28071580,0,0
lltp,ILL/petri-nets/MCC,,,FlexibleBarrier_flexbar_04_b_5_1.p,classical,auto,1,false,,5,0,3,,unknown,timeout,,focus,MELL,1492,17,5015.760,5730166,5604676,114219,26492060,0,0
lltp,ILL/petri-nets/MCC,,,FlexibleBarrier_flexbar_06_a_10_1.p,classical,auto,1,false,,5,0,3,,unknown,timeout,,focus,MELL,1214,63,5045.459,4397983,4163291,232482,45337336,0,0
lltp,ILL/petri-nets/MCC,,,FlexibleBarrier_flexbar_06_a_1_1.p,classical,auto,1,false,,5,0,3,,proved,,ok,focus,MELL,1214,63,0.265,1300,1249,50,1835,0,0
lltp,ILL/petri-nets/MCC,,,FlexibleBarrier_flexbar_06_a_20_1.p,classical,auto,1,false,,5,0,3,,unknown,timeout,,focus,MELL,1214,63,5045.452,4342536,4108670,231708,45014361,0,0
lltp,ILL/petri-nets/MCC,,,FlexibleBarrier_flexbar_06_a_5_1.p,classical,auto,1,false,,5,0,3,,unknown,timeout,,focus,MELL,1214,63,5087.138,8419187,7999024,416272,41565957,0,0
lltp,ILL/petri-nets/MCC,,,FlexibleBarrier_flexbar_06_b_100_1.p,classical,auto,1,false,,5,0,3,,unknown,timeout,,focus,MELL,3082,37,5021.784,5301409,5178115,119931,18249580,0,0
lltp,ILL/petri-nets/MCC,,,FlexibleBarrier_flexbar_06_b_10_1.p,classical,auto,1,false,,5,0,3,,unknown,timeout,,focus,MELL,3080,37,5012.053,1138874,1062813,74603,14974747,0,0
lltp,ILL/petri-nets/MCC,,,FlexibleBarrier_flexbar_06_b_1_1.p,classical,auto,1,false,,5,0,3,,proved,,ok,focus,MELL,3070,37,2.597,649,238,408,3483,0,0
lltp,ILL/petri-nets/MCC,,,FlexibleBarrier_flexbar_06_b_20_1.p,classical,auto,1,false,,5,0,3,,unknown,timeout,,focus,MELL,3082,37,5005.587,331375,294829,36003,16911323,0,0
lltp,ILL/petri-nets/MCC,,,FlexibleBarrier_flexbar_06_b_50_1.p,classical,auto,1,false,,5,0,3,,unknown,timeout,,focus,MELL,3082,37,5021.830,5297201,5172193,121729,18394130,0,0
lltp,ILL/petri-nets/MCC,,,FlexibleBarrier_flexbar_06_b_5_1.p,classical,auto,1,false,,5,0,3,,unknown,timeout,,focus,MELL,3074,37,5019.926,2280519,2165096,112748,14136949,0,0
lltp,ILL/petri-nets/MCC,,,FlexibleBarrier_flexbar_08_a_10_1.p,classical,auto,1,false,,5,0,3,,unknown,timeout,,focus,MELL,1990,115,5055.705,7834340,7594275,239198,33460358,0,0
lltp,ILL/petri-nets/MCC,,,FlexibleBarrier_flexbar_08_a_1_1.p,classical,auto,1,false,,5,0,3,,proved,,ok,focus,MELL,1990,115,37.710,313808,313581,226,456301,0,0
lltp,ILL/petri-nets/MCC,,,FlexibleBarrier_flexbar_08_a_5_1.p,classical,auto,1,false,,5,0,3,,proved,,ok,focus,MELL,1990,115,535.086,1114709,973837,140682,2850052,0,0
lltp,ILL/petri-nets/MCC,,,FlexibleBarrier_flexbar_08_b_100_1.p,classical,auto,1,false,,5,0,3,,unknown,timeout,,focus,MELL,5274,65,5010.786,5152112,5088350,63051,17461000,0,0
lltp,ILL/petri-nets/MCC,,,FlexibleBarrier_flexbar_08_b_10_1.p,classical,auto,1,false,,5,0,3,,unknown,timeout,,focus,MELL,5264,65,5019.179,3204000,3097943,104796,10535057,0,0
lltp,ILL/petri-nets/MCC,,,FlexibleBarrier_flexbar_08_b_1_1.p,classical,auto,1,false,,5,0,3,,proved,,ok,focus,MELL,5258,65,7.098,1045,378,664,6099,0,0
lltp,ILL/petri-nets/MCC,,,FlexibleBarrier_flexbar_08_b_20_1.p,classical,auto,1,false,,5,0,3,,unknown,timeout,,focus,MELL,5268,65,5008.822,565422,507642,57113,9264300,0,0
lltp,ILL/petri-nets/MCC,,,FlexibleBarrier_flexbar_08_b_50_1.p,classical,auto,1,false,,5,0,3,,unknown,timeout,,focus,MELL,5274,65,5011.175,5072110,5006177,65210,17209853,0,0
lltp,ILL/petri-nets/MCC,,,FlexibleBarrier_flexbar_08_b_5_1.p,classical,auto,1,false,,5,0,3,,unknown,timeout,,focus,MELL,5260,65,5019.068,1759459,1648035,110020,8256649,0,0
lltp,ILL/petri-nets/MCC,,,FlexibleBarrier_flexbar_10_a_10_1.p,classical,auto,1,false,,5,0,3,,unknown,timeout,,focus,MELL,2958,183,5018.121,5037984,4929825,108155,27074127,0,0
lltp,ILL/petri-nets/MCC,,,FlexibleBarrier_flexbar_10_a_1_1.p,classical,auto,1,false,,5,0,3,,unknown,timeout,,focus,MELL,2958,183,5006.171,51513,51461,49,30140195,0,0
lltp,ILL/petri-nets/MCC,,,FlexibleBarrier_flexbar_10_a_20_1.p,classical,auto,1,false,,5,0,3,,unknown,timeout,,focus,MELL,2958,183,5242.867,15950976,15061052,889685,25520464,0,0
lltp,ILL/petri-nets/MCC,,,FlexibleBarrier_flexbar_10_a_5_1.p,classical,auto,1,false,,5,0,3,,unknown,timeout,,focus,MELL,2958,183,5020.321,6143379,6034226,109149,27723109,0,0
lltp,ILL/petri-nets/MCC,,,FlexibleBarrier_flexbar_10_b_100_1.p,classical,auto,1,false,,5,0,3,,unknown,timeout,,focus,MELL,8074,101,5022.066,897087,790089,106262,5041131,0,0
lltp,ILL/petri-nets/MCC,,,FlexibleBarrier_flexbar_10_b_10_1.p,classical,auto,1,false,,5,0,3,,unknown,timeout,,focus,MELL,8060,101,5016.017,366831,299991,66528,5749266,0,0
lltp,ILL/petri-nets/MCC,,,FlexibleBarrier_flexbar_10_b_1_1.p,classical,auto,1,false,,5,0,3,,proved,,ok,focus,MELL,8054,101,16.014,1537,550,984,9467,0,0
lltp,ILL/petri-nets/MCC,,,FlexibleBarrier_flexbar_10_b_20_1.p,classical,auto,1,false,,5,0,3,,unknown,timeout,,focus,MELL,8066,101,5022.356,805672,695500,109434,4856512,0,0
lltp,ILL/petri-nets/MCC,,,FlexibleBarrier_flexbar_10_b_50_1.p,classical,auto,1,false,,5,0,3,,unknown,timeout,,focus,MELL,8072,101,5014.535,33004,24751,8226,7961835,0,0
lltp,ILL/petri-nets/MCC,,,FlexibleBarrier_flexbar_10_b_5_1.p,classical,auto,1,false,,5,0,3,,unknown,timeout,,focus,MELL,8060,101,5024.979,763274,654600,107941,4771555,0,0
lltp,ILL/petri-nets/MCC,,,FlexibleBarrier_flexbar_12_a_10_1.p,classical,auto,1,false,,5,0,3,,unknown,timeout,,focus,MELL,4118,267,5008.106,277,0,274,19939328,0,0
lltp,ILL/petri-nets/MCC,,,FlexibleBarrier_flexbar_12_a_1_1.p,classical,auto,1,false,,5,0,3,,unknown,timeout,,focus,MELL,4118,267,5002.552,82779,82735,41,23383301,0,0
lltp,ILL/petri-nets/MCC,,,FlexibleBarrier_flexbar_12_a_20_1.p,classical,auto,1,false,,5,0,3,,unknown,timeout,,focus,MELL,4118,267,5159.863,15652600,15029292,623304,21738885,0,0
lltp,ILL/petri-nets/MCC,,,FlexibleBarrier_flexbar_12_a_5_1.p,classical,auto,1,false,,5,0,3,,unknown,timeout,,focus,MELL,4118,267,5052.717,285,0,282,19918848,0,0
lltp,ILL/petri-nets/MCC,,,FlexibleBarrier_flexbar_12_b_100_1.p,classical,auto,1,false,,5,0,3,,unknown,recursion_limit,,focus,MELL,11482,145,1.655,0,0,0,0,0,0
lltp,ILL/petri-nets/MCC,,,FlexibleBarrier_flexbar_12_b_10_1.p,classical,auto,1,false,,5,0,3,,unknown,recursion_limit,,focus,MELL,11464,145,1.631,0,0,0,0,0,0
lltp,ILL/petri-nets/MCC,,,FlexibleBarrier_flexbar_12_b_1_1.p,classical,auto,1,false,,5,0,3,,unknown,recursion_limit,,focus,MELL,11458,145,1.508,0,0,0,0,0,0
lltp,ILL/petri-nets/MCC,,,FlexibleBarrier_flexbar_12_b_20_1.p,classical,auto,1,false,,5,0,3,,unknown,recursion_limit,,focus,MELL,11464,145,1.476,0,0,0,0,0,0
lltp,ILL/petri-nets/MCC,,,FlexibleBarrier_flexbar_12_b_50_1.p,classical,auto,1,false,,5,0,3,,unknown,recursion_limit,,focus,MELL,11476,145,1.496,0,0,0,0,0,0
lltp,ILL/petri-nets/MCC,,,FlexibleBarrier_flexbar_12_b_5_1.p,classical,auto,1,false,,5,0,3,,unknown,recursion_limit,,focus,MELL,11462,145,1.485,0,0,0,0,0,0
lltp,ILL/petri-nets/MCC,,,FlexibleBarrier_flexbar_14_a_10_1.p,classical,auto,1,false,,5,0,3,,unknown,timeout,,focus,MELL,5470,367,5011.905,23172979,23094151,78824,25321610,0,0
lltp,ILL/petri-nets/MCC,,,FlexibleBarrier_flexbar_14_a_1_1.p,classical,auto,1,false,,5,0,3,,unknown,timeout,,focus,MELL,5470,367,5005.386,94262,94219,41,17453056,0,0
lltp,ILL/petri-nets/MCC,,,FlexibleBarrier_flexbar_14_a_20_1.p,classical,auto,1,false,,5,0,3,,unknown,timeout,,focus,MELL,5470,367,6323.883,1442160,15,1048576,9506862,0,0
lltp,ILL/petri-nets/MCC,,,FlexibleBarrier_flexbar_14_a_5_1.p,classical,auto,1,false,,5,0,3,,unknown,timeout,,focus,MELL,5470,367,5012.401,23283479,23204611,78864,25432240,0,0
lltp,ILL/petri-nets/MCC,,,FlexibleBarrier_flexbar_14_b_100_1.p,classical,auto,1,false,,5,0,3,,unknown,recursion_limit,,focus,MELL,15498,197,2.229,0,0,0,0,0,0
lltp,ILL/petri-nets/MCC,,,FlexibleBarrier_flexbar_14_b_10_1.p,classical,auto,1,false,,5,0,3,,unknown,recursion_limit,,focus,MELL,15486,197,1.963,0,0,0,0,0,0
lltp,ILL/petri-nets/MCC,,,FlexibleBarrier_flexbar_14_b_1_1.p,classical,auto,1,false,,5,0,3,,unknown,recursion_limit,,focus,MELL,15470,197,2.003,0,0,0,0,0,0
lltp,ILL/petri-nets/MCC,,,FlexibleBarrier_flexbar_14_b_20_1.p,classical,auto,1,false,,5,0,3,,unknown,recursion_limit,,focus,MELL,15476,197,1.919,0,0,0,0,0,0
lltp,ILL/petri-nets/MCC,,,FlexibleBarrier_flexbar_14_b_50_1.p,classical,auto,1,false,,5,0,3,,unknown,recursion_limit,,focus,MELL,15484,197,1.947,0,0,0,0,0,0
lltp,ILL/petri-nets/MCC,,,FlexibleBarrier_flexbar_14_b_5_1.p,classical,auto,1,false,,5,0,3,,unknown,recursion_limit,,focus,MELL,15478,197,1.918,0,0,0,0,0,0
lltp,ILL/petri-nets/MCC,,,FlexibleBarrier_flexbar_16_a_1_1.p,classical,auto,1,false,,5,0,3,,unknown,timeout,,focus,MELL,7014,483,5175.213,133144,133113,29,14417920,0,0
lltp,ILL/petri-nets/MCC,,,FlexibleBarrier_flexbar_16_a_20_1.p,classical,auto,1,false,,5,0,3,,unknown,timeout,,focus,MELL,7014,483,5140.746,1491775,3,1048576,2201487,0,0
lltp,ILL/petri-nets/MCC,,,FlexibleBarrier_flexbar_16_a_5_1.p,classical,auto,1,false,,5,0,3,,unknown,timeout,,focus,MELL,7014,483,5149.734,3,0,1,11440128,0,0
lltp,ILL/petri-nets/MCC,,,FlexibleBarrier_flexbar_16_b_100_1.p,classical,auto,1,false,,5,0,3,,unknown,recursion_limit,,focus,MELL,20122,257,3.422,0,0,0,0,0,0
lltp,ILL/petri-nets/MCC,,,FlexibleBarrier_flexbar_16_b_10_1.p,classical,auto,1,false,,5,0,3,,unknown,recursion_limit,,focus,MELL,20098,257,2.727,0,0,0,0,0,0
lltp,ILL/petri-nets/MCC,,,FlexibleBarrier_flexbar_16_b_1_1.p,classical,auto,1,false,,5,0,3,,unknown,recursion_limit,,focus,MELL,20090,257,2.437,0,0,0,0,0,0
lltp,ILL/petri-nets/MCC,,,FlexibleBarrier_flexbar_16_b_20_1.p,classical,auto,1,false,,5,0,3,,unknown,recursion_limit,,focus,MELL,20098,257,2.399,0,0,0,0,0,0
lltp,ILL/petri-nets/MCC,,,FlexibleBarrier_flexbar_16_b_50_1.p,classical,auto,1,false,,5,0,3,,unknown,recursion_limit,,focus,MELL,20104,257,2.329,0,0,0,0,0,0
lltp,ILL/petri-nets/MCC,,,FlexibleBarrier_flexbar_16_b_5_1.p,classical,auto,1,false,,5,0,3,,unknown,recursion_limit,,focus,MELL,20094,257,2.347,0,0,0,0,0,0
lltp,ILL/petri-nets/MCC,,,FlexibleBarrier_flexbar_18_a_1_1.p,classical,auto,1,false,,5,0,3,,unknown,timeout,,focus,MELL,8750,615,5173.757,157529,157501,25,11324792,0,0
lltp,ILL/petri-nets/MCC,,,FlexibleBarrier_flexbar_18_a_20_1.p,classical,auto,1,false,,5,0,3,,unknown,timeout,,focus,MELL,8750,615,5120.038,1264151,1,1048576,1485218,0,0
lltp,ILL/petri-nets/MCC,,,FlexibleBarrier_flexbar_18_a_5_1.p,classical,auto,1,false,,5,0,3,,unknown,timeout,,focus,MELL,8750,615,5119.592,3,0,1,10960896,0,0
lltp,ILL/petri-nets/MCC,,,FlexibleBarrier_flexbar_18_b_100_1.p,classical,auto,1,false,,5,0,3,,unknown,recursion_limit,,focus,MELL,25354,325,4.102,0,0,0,0,0,0
lltp,ILL/petri-nets/MCC,,,FlexibleBarrier_flexbar_18_b_10_1.p,classical,auto,1,false,,5,0,3,,unknown,recursion_limit,,focus,MELL,25326,325,4.855,0,0,0,0,0,0
lltp,ILL/petri-nets/MCC,,,FlexibleBarrier_flexbar_18_b_1_1.p,classical,auto,1,false,,5,0,3,,unknown,recursion_limit,,focus,MELL,25318,325,3.392,0,0,0,0,0,0
lltp,ILL/petri-nets/MCC,,,FlexibleBarrier_flexbar_18_b_20_1.p,classical,auto,1,false,,5,0,3,,unknown,recursion_limit,,focus,MELL,25326,325,3.189,0,0,0,0,0,0
lltp,ILL/petri-nets/MCC,,,FlexibleBarrier_flexbar_18_b_50_1.p,classical,auto,1,false,,5,0,3,,unknown,recursion_limit,,focus,MELL,25332,325,4.081,0,0,0,0,0,0
lltp,ILL/petri-nets/MCC,,,FlexibleBarrier_flexbar_18_b_5_1.p,classical,auto,1,false,,5,0,3,,unknown,recursion_limit,,focus,MELL,25322,325,3.994,0,0,0,0,0,0
lltp,ILL/petri-nets/MCC,,,FlexibleBarrier_flexbar_20_a_1_1.p,classical,auto,1,false,,5,0,3,,unknown,timeout,,focus,MELL,10678,763,5000.854,715976,715944,29,10534975,0,0
lltp,ILL/petri-nets/MCC,,,FlexibleBarrier_flexbar_20_a_20_1.p,classical,auto,1,false,,5,0,3,,unknown,timeout,,focus,MELL,10678,763,5079.603,1078136,1,1048576,1085355,0,0
lltp,ILL/petri-nets/MCC,,,FlexibleBarrier_flexbar_20_a_5_1.p,classical,auto,1,false,,5,0,3,,unknown,timeout,,focus,MELL,10678,763,5011.374,481,0,478,8515584,0,0
lltp,ILL/petri-nets/MCC,,,FlexibleBarrier_flexbar_20_b_100_1.p,classical,auto,1,false,,5,0,3,,unknown,recursion_limit,,focus,MELL,31192,401,4.730,0,0,0,0,0,0
lltp,ILL/petri-nets/MCC,,,FlexibleBarrier_flexbar_20_b_10_1.p,classical,auto,1,false,,5,0,3,,unknown,recursion_limit,,focus,MELL,31160,401,5.354,0,0,0,0,0,0
lltp,ILL/petri-nets/MCC,,,FlexibleBarrier_flexbar_20_b_1_1.p,classical,auto,1,false,,5,0,3,,unknown,recursion_limit,,focus,MELL,31154,401,4.541,0,0,0,0,0,0
lltp,ILL/petri-nets/MCC,,,FlexibleBarrier_flexbar_20_b_20_1.p,classical,auto,1,false,,5,0,3,,unknown,recursion_limit,,focus,MELL,31160,401,4.110,0,0,0,0,0,0
lltp,ILL/petri-nets/MCC,,,FlexibleBarrier_flexbar_20_b_50_1.p,classical,auto,1,false,,5,0,3,,unknown,recursion_limit,,focus,MELL,31168,401,3.916,0,0,0,0,0,0
lltp,ILL/petri-nets/MCC,,,FlexibleBarrier_flexbar_20_b_5_1.p,classical,auto,1,false,,5,0,3,,unknown,recursion_limit,,focus,MELL,31156,401,4.116,0,0,0,0,0,0
lltp,ILL/petri-nets/MCC,,,FlexibleBarrier_flexbar_22_a_1_1.p,classical,auto,1,false,,5,0,3,,unknown,timeout,,focus,MELL,12798,927,5004.907,683316,683284,29,9414239,0,0
lltp,ILL/petri-nets/MCC,,,FlexibleBarrier_flexbar_22_a_20_1.p,classical,auto,1,false,,5,0,3,,unknown,timeout,,focus,MELL,12798,927,5385.222,959062,1,959057,967705,0,0
lltp,ILL/petri-nets/MCC,,,FlexibleBarrier_flexbar_22_a_5_1.p,classical,auto,1,false,,5,0,3,,unknown,timeout,,focus,MELL,12798,927,5458.633,3,0,1,8175616,0,0
lltp,ILL/petri-nets/MCC,,,FlexibleBarrier_flexbar_22_b_100_1.p,classical,auto,1,false,,5,0,3,,unknown,recursion_limit,,focus,MELL,37634,485,4.985,0,0,0,0,0,0
lltp,ILL/petri-nets/MCC,,,FlexibleBarrier_flexbar_22_b_10_1.p,classical,auto,1,false,,5,0,3,,unknown,recursion_limit,,focus,MELL,37608,485,5.138,0,0,0,0,0,0
lltp,ILL/petri-nets/MCC,,,FlexibleBarrier_flexbar_22_b_1_1.p,classical,auto,1,false,,5,0,3,,unknown,recursion_limit,,focus,MELL,37598,485,5.940,0,0,0,0,0,0
lltp,ILL/petri-nets/MCC,,,FlexibleBarrier_flexbar_22_b_20_1.p,classical,auto,1,false,,5,0,3,,unknown,recursion_limit,,focus,MELL,37606,485,5.595,0,0,0,0,0,0
lltp,ILL/petri-nets/MCC,,,FlexibleBarrier_flexbar_22_b_50_1.p,classical,auto,1,false,,5,0,3,,unknown,recursion_limit,,focus,MELL,37612,485,5.166,0,0,0,0,0,0
lltp,ILL/petri-nets/MCC,,,FlexibleBarrier_flexbar_22_b_5_1.p,classical,auto,1,false,,5,0,3,,unknown,recursion_limit,,focus,MELL,37606,485,4.570,0,0,0,0,0,0
lltp,ILL/petri-nets/MCC,,,GPPP_G-PPP-1-1000_100_1.p,classical,auto,1,false,,5,0,3,,unknown,context_too_wide,,focus,MELL,36348,4005,0.915,1,0,0,0,0,0
lltp,ILL/petri-nets/MCC,,,GPPP_G-PPP-1-1000_10_1.p,classical,auto,1,false,,5,0,3,,unknown,context_too_wide,,focus,MELL,36348,4005,0.912,1,0,0,0,0,0
lltp,ILL/petri-nets/MCC,,,GPPP_G-PPP-1-1000_1_1.p,classical,auto,1,false,,5,0,3,,unknown,context_too_wide,,focus,MELL,36348,4009,0.878,1,0,0,0,0,0
lltp,ILL/petri-nets/MCC,,,GPPP_G-PPP-1-1000_20_1.p,classical,auto,1,false,,5,0,3,,unknown,context_too_wide,,focus,MELL,36348,4005,0.901,1,0,0,0,0,0
lltp,ILL/petri-nets/MCC,,,GPPP_G-PPP-1-1000_50_1.p,classical,auto,1,false,,5,0,3,,unknown,context_too_wide,,focus,MELL,36348,4005,0.895,1,0,0,0,0,0
lltp,ILL/petri-nets/MCC,,,GPPP_G-PPP-1-1000_5_1.p,classical,auto,1,false,,5,0,3,,unknown,context_too_wide,,focus,MELL,36348,4006,0.894,1,0,0,0,0,0
lltp,ILL/petri-nets/MCC,,,GPPP_G-PPP-1-100_100_1.p,classical,auto,1,false,,5,0,3,,unknown,context_too_wide,,focus,MELL,3948,405,0.079,1,0,0,0,0,0
lltp,ILL/petri-nets/MCC,,,GPPP_G-PPP-1-100_10_1.p,classical,auto,1,false,,5,0,3,,unknown,context_too_wide,,focus,MELL,3948,405,0.079,1,0,0,0,0,0
lltp,ILL/petri-nets/MCC,,,GPPP_G-PPP-1-100_1_1.p,classical,auto,1,false,,5,0,3,,unknown,context_too_wide,,focus,MELL,3948,409,0.080,1,0,0,0,0,0
lltp,ILL/petri-nets/MCC,,,GPPP_G-PPP-1-100_20_1.p,classical,auto,1,false,,5,0,3,,unknown,context_too_wide,,focus,MELL,3948,405,0.078,1,0,0,0,0,0
lltp,ILL/petri-nets/MCC,,,GPPP_G-PPP-1-100_50_1.p,classical,auto,1,false,,5,0,3,,unknown,context_too_wide,,focus,MELL,3948,405,0.079,1,0,0,0,0,0
lltp,ILL/petri-nets/MCC,,,GPPP_G-PPP-1-100_5_1.p,classical,auto,1,false,,5,0,3,,unknown,context_too_wide,,focus,MELL,3948,406,0.107,1,0,0,0,0,0
lltp,ILL/petri-nets/MCC,,,GPPP_G-PPP-1-10_100_1.p,classical,auto,1,false,,5,0,3,,unknown,context_too_wide,,focus,MELL,708,45,0.025,1,0,0,0,0,0
lltp,ILL/petri-nets/MCC,,,GPPP_G-PPP-1-10_10_1.p,classical,auto,1,false,,5,0,3,,unknown,context_too_wide,,focus,MELL,708,45,0.024,1,0,0,0,0,0
lltp,ILL/petri-nets/MCC,,,GPPP_G-PPP-1-10_1_1.p,classical,auto,1,false,,5,0,3,,unknown,context_too_wide,,focus,MELL,708,49,0.025,1,0,0,0,0,0
lltp,ILL/petri-nets/MCC,,,GPPP_G-PPP-1-10_20_1.p,classical,auto,1,false,,5,0,3,,unknown,context_too_wide,,focus,MELL,708,45,0.025,1,0,0,0,0,0
lltp,ILL/petri-nets/MCC,,,GPPP_G-PPP-1-10_50_1.p,classical,auto,1,false,,5,0,3,,unknown,context_too_wide,,focus,MELL,708,45,0.024,1,0,0,0,0,0
lltp,ILL/petri-nets/MCC,,,GPPP_G-PPP-1-10_5_1.p,classical,auto,1,false,,5,0,3,,unknown,context_too_wide,,focus,MELL,708,46,0.028,1,0,0,0,0,0
lltp,ILL/petri-nets/MCC,,,GPPP_G-PPP-1-1_100_1.p,classical,auto,1,false,,5,0,3,,unknown,timeout,,focus,MELL,386,14,5005.301,1,0,0,134090752,0,0
lltp,ILL/petri-nets/MCC,,,GPPP_G-PPP-1-1_10_1.p,classical,auto,1,false,,5,0,3,,unknown,timeout,,focus,MELL,384,14,5016.500,1,0,0,135323648,0,0
lltp,ILL/petri-nets/MCC,,,GPPP_G-PPP-1-1_1_1.p,classical,auto,1,false,,5,0,3,,unknown,timeout,,focus,MELL,384,14,5020.337,1,0,0,121683968,0,0
lltp,ILL/petri-nets/MCC,,,GPPP_G-PPP-1-1_20_1.p,classical,auto,1,false,,5,0,3,,unknown,timeout,,focus,MELL,386,14,5014.805,1,0,0,136675328,0,0
lltp,ILL/petri-nets/MCC,,,GPPP_G-PPP-1-1_50_1.p,classical,auto,1,false,,5,0,3,,unknown,timeout,,focus,MELL,386,14,5017.406,1,0,0,137302016,0,0
lltp,ILL/petri-nets/MCC,,,GPPP_G-PPP-1-1_5_1.p,classical,auto,1,false,,5,0,3,,unknown,timeout,,focus,MELL,384,14,5035.552,1,0,0,116334592,0,0
lltp,ILL/petri-nets/MCC,,,GPPP_G-PPP-10-100_100_1.p,classical,auto,1,false,,5,0,3,,unknown,context_too_wide,,focus,MELL,5712,450,0.403,2,0,1,2,0,0
lltp,ILL/petri-nets/MCC,,,GPPP_G-PPP-10-100_10_1.p,classical,auto,1,false,,5,0,3,,unknown,context_too_wide,,focus,MELL,5712,464,0.146,1,0,0,0,0,0
lltp,ILL/petri-nets/MCC,,,GPPP_G-PPP-10-100_1_1.p,classical,auto,1,false,,5,0,3,,unknown,context_too_wide,,focus,MELL,5712,472,0.150,1,0,0,0,0,0
lltp,ILL/petri-nets/MCC,,,GPPP_G-PPP-10-100_20_1.p,classical,auto,1,false,,5,0,3,,unknown,context_too_wide,,focus,MELL,5712,454,0.147,1,0,0,0,0,0
lltp,ILL/petri-nets/MCC,,,GPPP_G-PPP-10-100_50_1.p,classical,auto,1,false,,5,0,3,,unknown,context_too_wide,,focus,MELL,5712,460,0.403,2,0,1,2,0,0
lltp,ILL/petri-nets/MCC,,,GPPP_G-PPP-10-100_5_1.p,classical,auto,1,false,,5,0,3,,unknown,context_too_wide,,focus,MELL,5712,469,0.139,1,0,0,0,0,0
lltp,ILL/petri-nets/MCC,,,GPPP_G-PPP-10-10_100_1.p,classical,auto,1,false,,5,0,3,,unknown,context_too_wide,,focus,MELL,2472,94,0.110,2,0,1,2,0,0
lltp,ILL/petri-nets/MCC,,,GPPP_G-PPP-10-10_10_1.p,classical,auto,1,false,,5,0,3,,unknown,context_too_wide,,focus,MELL,2472,140,0.053,1,0,0,0,0,0
lltp,ILL/petri-nets/MCC,,,GPPP_G-PPP-10-10_1_1.p,classical,auto,1,false,,5,0,3,,unknown,context_too_wide,,focus,MELL,2472,140,0.051,1,0,0,0,0,0
lltp,ILL/petri-nets/MCC,,,GPPP_G-PPP-10-10_20_1.p,classical,auto,1,false,,5,0,3,,unknown,context_too_wide,,focus,MELL,2472,140,0.052,1,0,0,0,0,0
lltp,ILL/petri-nets/MCC,,,GPPP_G-PPP-10-10_50_1.p,classical,auto,1,false,,5,0,3,,unknown,context_too_wide,,focus,MELL,2472,100,0.109,2,0,1,2,0,0
lltp,ILL/petri-nets/MCC,,,GPPP_G-PPP-10-10_5_1.p,classical,auto,1,false,,5,0,3,,unknown,context_too_wide,,focus,MELL,2472,140,0.051,1,0,0,0,0,0
lltp,ILL/petri-nets/MCC,,,GPPP_G-PPP-100-1000_100_1.p,classical,auto,1,false,,5,0,3,,unknown,context_too_wide,,focus,MELL,55752,4680,4.027,2,0,1,2,0,0
lltp,ILL/petri-nets/MCC,,,GPPP_G-PPP-100-1000_10_1.p,classical,auto,1,false,,5,0,3,,unknown,context_too_wide,,focus,MELL,55752,4694,1.368,1,0,0,0,0,0
lltp,ILL/petri-nets/MCC,,,GPPP_G-PPP-100-1000_1_1.p,classical,auto,1,false,,5,0,3,,unknown,context_too_wide,,focus,MELL,55752,4702,1.359,1,0,0,0,0,0
lltp,ILL/petri-nets/MCC,,,GPPP_G-PPP-100-1000_20_1.p,classical,auto,1,false,,5,0,3,,unknown,context_too_wide,,focus,MELL,55752,4684,1.415,1,0,0,0,0,0
lltp,ILL/petri-nets/MCC,,,GPPP_G-PPP-100-1000_50_1.p,classical,auto,1,false,,5,0,3,,unknown,context_too_wide,,focus,MELL,55752,4690,4.082,2,0,1,2,0,0
lltp,ILL/petri-nets/MCC,,,GPPP_G-PPP-100-1000_5_1.p,classical,auto,1,false,,5,0,3,,unknown,context_too_wide,,focus,MELL,55752,4699,1.383,1,0,0,0,0,0
lltp,ILL/petri-nets/MCC,,,GPPP_G-PPP-100-100_100_1.p,classical,auto,1,false,,5,0,3,,unknown,context_too_wide,,focus,MELL,23352,1080,1.067,2,0,1,2,0,0
lltp,ILL/petri-nets/MCC,,,GPPP_G-PPP-100-100_10_1.p,classical,auto,1,false,,5,0,3,,unknown,context_too_wide,,focus,MELL,23352,1400,0.532,1,0,0,0,0,0
lltp,ILL/petri-nets/MCC,,,GPPP_G-PPP-100-100_1_1.p,classical,auto,1,false,,5,0,3,,unknown,context_too_wide,,focus,MELL,23352,1400,0.544,1,0,0,0,0,0
lltp,ILL/petri-nets/MCC,,,GPPP_G-PPP-100-100_20_1.p,classical,auto,1,false,,5,0,3,,unknown,context_too_wide,,focus,MELL,23352,1400,0.543,1,0,0,0,0,0
lltp,ILL/petri-nets/MCC,,,GPPP_G-PPP-100-100_50_1.p,classical,auto,1,false,,5,0,3,,unknown,context_too_wide,,focus,MELL,23352,1090,1.061,2,0,1,2,0,0
lltp,ILL/petri-nets/MCC,,,GPPP_G-PPP-100-100_5_1.p,classical,auto,1,false,,5,0,3,,unknown,context_too_wide,,focus,MELL,23352,1400,0.563,1,0,0,0,0,0
lltp,ILL/petri-nets/MCC,,,GPPP_G-PPP-100-10_100_1.p,classical,auto,1,false,,5,0,3,,unknown,context_too_wide,,focus,MELL,20112,724,0.754,2,0,1,2,0,0
lltp,ILL/petri-nets/MCC,,,GPPP_G-PPP-100-10_10_1.p,classical,auto,1,false,,5,0,3,,unknown,context_too_wide,,focus,MELL,20112,1400,0.489,1,0,0,0,0,0
lltp,ILL/petri-nets/MCC,,,GPPP_G-PPP-100-10_1_1.p,classical,auto,1,false,,5,0,3,,unknown,context_too_wide,,focus,MELL,20112,1400,0.485,1,0,0,0,0,0
lltp,ILL/petri-nets/MCC,,,GPPP_G-PPP-100-10_20_1.p,classical,auto,1,false,,5,0,3,,unknown,context_too_wide,,focus,MELL,20112,1400,0.466,1,0,0,0,0,0
lltp,ILL/petri-nets/MCC,,,GPPP_G-PPP-100-10_50_1.p,classical,auto,1,false,,5,0,3,,unknown,context_too_wide,,focus,MELL,20112,730,0.779,2,0,1,2,0,0
lltp,ILL/petri-nets/MCC,,,GPPP_G-PPP-100-10_5_1.p,classical,auto,1,false,,5,0,3,,unknown,context_too_wide,,focus,MELL,20112,1400,0.469,1,0,0,0,0,0
lltp,ILL/petri-nets/MCC,,,GPPP_G-PPP-1000-1000_10_1.p,classical,auto,1,false,,5,0,3,,unknown,context_too_wide,,focus,MELL,232152,14000,4.865,1,0,0,0,0,0
lltp,ILL/petri-nets/MCC,,,GPPP_G-PPP-1000-1000_1_1.p,classical,auto,1,false,,5,0,3,,unknown,context_too_wide,,focus,MELL,232152,14000,4.560,1,0,0,0,0,0
lltp,ILL/petri-nets/MCC,,,GPPP_G-PPP-1000-1000_20_1.p,classical,auto,1,false,,5,0,3,,unknown,context_too_wide,,focus,MELL,232152,14000,4.775,1,0,0,0,0,0
lltp,ILL/petri-nets/MCC,,,GPPP_G-PPP-1000-1000_5_1.p,classical,auto,1,false,,5,0,3,,unknown,context_too_wide,,focus,MELL,232152,14000,4.456,1,0,0,0,0,0
lltp,ILL/petri-nets/MCC,,,GPPP_G-PPP-1000-100_100_1.p,classical,auto,1,false,,5,0,3,,unknown,context_too_wide,,focus,MELL,199752,7380,8.422,2,0,1,2,0,0
lltp,ILL/petri-nets/MCC,,,GPPP_G-PPP-1000-100_10_1.p,classical,auto,1,false,,5,0,3,,unknown,context_too_wide,,focus,MELL,199752,14000,5.556,1,0,0,0,0,0
lltp,ILL/petri-nets/MCC,,,GPPP_G-PPP-1000-100_1_1.p,classical,auto,1,false,,5,0,3,,unknown,context_too_wide,,focus,MELL,199752,14000,5.179,1,0,0,0,0,0
lltp,ILL/petri-nets/MCC,,,GPPP_G-PPP-1000-100_20_1.p,classical,auto,1,false,,5,0,3,,unknown,context_too_wide,,focus,MELL,199752,14000,5.595,1,0,0,0,0,0
lltp,ILL/petri-nets/MCC,,,GPPP_G-PPP-1000-100_50_1.p,classical,auto,1,false,,5,0,3,,unknown,context_too_wide,,focus,MELL,199752,7390,8.496,2,0,1,2,0,0
lltp,ILL/petri-nets/MCC,,,GPPP_G-PPP-1000-100_5_1.p,classical,auto,1,false,,5,0,3,,unknown,context_too_wide,,focus,MELL,199752,14000,5.419,1,0,0,0,0,0
lltp,ILL/petri-nets/MCC,,,GPPP_G-PPP-1000-10_100_1.p,classical,auto,1,false,,5,0,3,,unknown,context_too_wide,,focus,MELL,196512,7024,8.260,2,0,1,2,0,0
lltp,ILL/petri-nets/MCC,,,GPPP_G-PPP-1000-10_10_1.p,classical,auto,1,false,,5,0,3,,unknown,context_too_wide,,focus,MELL,196512,14000,5.274,1,0,0,0,0,0
lltp,ILL/petri-nets/MCC,,,GPPP_G-PPP-1000-10_1_1.p,classical,auto,1,false,,5,0,3,,unknown,context_too_wide,,focus,MELL,196512,14000,5.311,1,0,0,0,0,0
lltp,ILL/petri-nets/MCC,,,GPPP_G-PPP-1000-10_20_1.p,classical,auto,1,false,,5,0,3,,unknown,context_too_wide,,focus,MELL,196512,14000,5.278,1,0,0,0,0,0
lltp,ILL/petri-nets/MCC,,,GPPP_G-PPP-1000-10_50_1.p,classical,auto,1,false,,5,0,3,,unknown,context_too_wide,,focus,MELL,196512,7030,7.855,2,0,1,2,0,0
lltp,ILL/petri-nets/MCC,,,GPPP_G-PPP-1000-10_5_1.p,classical,auto,1,false,,5,0,3,,unknown,context_too_wide,,focus,MELL,196512,14000,5.579,1,0,0,0,0,0
lltp,ILL/petri-nets/MCC,,,GlobalResAllocation_galloc_res-3_100_1.p,classical,auto,1,false,,5,0,3,,unknown,recursion_limit,,focus,MELL,119494,5910,16.761,0,0,0,0,0,0
lltp,ILL/petri-nets/MCC,,,GlobalResAllocation_galloc_res-3_10_1.p,classical,auto,1,false,,5,0,3,,unknown,recursion_limit,,focus,MELL,119494,5910,16.887,0,0,0,0,0,0
lltp,ILL/petri-nets/MCC,,,GlobalResAllocation_galloc_res-3_1_1.p,classical,auto,1,false,,5,0,3,,unknown,recursion_limit,,focus,MELL,119482,5910,16.526,0,0,0,0,0,0
lltp,ILL/petri-nets/MCC,,,GlobalResAllocation_galloc_res-3_20_1.p,classical,auto,1,false,,5,0,3,,unknown,recursion_limit,,focus,MELL,119494,5910,16.742,0,0,0,0,0,0
lltp,ILL/petri-nets/MCC,,,GlobalResAllocation_galloc_res-3_50_1.p,classical,auto,1,false,,5,0,3,,unknown,recursion_limit,,focus,MELL,119494,5910,16.950,0,0,0,0,0,0
lltp,ILL/petri-nets/MCC,,,GlobalResAllocation_galloc_res-3_5_1.p,classical,auto,1,false,,5,0,3,,unknown,recursion_limit,,focus,MELL,119494,5910,16.765,0,0,0,0,0,0
lltp,ILL/petri-nets/MCC,,,GlobalResAllocation_galloc_res-5_100_1.p,classical,auto,1,false,,5,0,3,,unknown,recursion_limit,,focus,MELL,1428214,43210,223.182,0,0,0,0,0,0
lltp,ILL/petri-nets/MCC,,,GlobalResAllocation_galloc_res-5_1_1.p,classical,auto,1,false,,5,0,3,,unknown,recursion_limit,,focus,MELL,1428214,43210,237.515,0,0,0,0,0,0
lltp,ILL/petri-nets/MCC,,,GlobalResAllocation_galloc_res-5_20_1.p,classical,auto,1,false,,5,0,3,,unknown,recursion_limit,,focus,MELL,1428232,43210,230.592,0,0,0,0,0,0
lltp,ILL/petri-nets/MCC,,,GlobalResAllocation_galloc_res-5_50_1.p,classical,auto,1,false,,5,0,3,,unknown,recursion_limit,,focus,MELL,1428232,43210,229.488,0,0,0,0,0,0
lltp,ILL/petri-nets/MCC,,,GlobalResAllocation_galloc_res-5_5_1.p,classical,auto,1,false,,5,0,3,,unknown,recursion_limit,,focus,MELL,1428238,43210,231.051,0,0,0,0,0,0
lltp,ILL/petri-nets/MCC,,,HexagonalGrid_hxg_110_100_1.p,classical,auto,1,false,,5,0,3,,unknown,timeout,,focus,MELL,406,31,5026.858,50291838,49943669,348167,65627424,0,0
lltp,ILL/petri-nets/MCC,,,HexagonalGrid_hxg_110_10_1.p,classical,auto,1,false,,5,0,3,,unknown,timeout,,focus,MELL,406,31,5026.539,49840729,49495056,345671,65057851,0,0
lltp,ILL/petri-nets/MCC,,,HexagonalGrid_hxg_110_1_1.p,classical,auto,1,false,,5,0,3,,proved,,ok,focus,MELL,406,31,166.859,1457,1202,250,3364095,0,0
lltp,ILL/petri-nets/MCC,,,HexagonalGrid_hxg_110_20_1.p,classical,auto,1,false,,5,0,3,,unknown,timeout,,focus,MELL,406,31,5005.018,54892414,54794101,98311,67562316,0,0
lltp,ILL/petri-nets/MCC,,,HexagonalGrid_hxg_110_50_1.p,classical,auto,1,false,,5,0,3,,unknown,timeout,,focus,MELL,406,31,5004.929,55293724,55195411,98311,67963719,0,0
lltp,ILL/petri-nets/MCC,,,HexagonalGrid_hxg_110_5_1.p,classical,auto,1,false,,5,0,3,,unknown,timeout,,focus,MELL,406,32,5037.469,173232,0,173230,101117952,0,0
lltp,ILL/petri-nets/MCC,,,HexagonalGrid_hxg_126_100_1.p,classical,auto,1,false,,5,0,3,,unknown,timeout,,focus,MELL,454,38,5002.424,22746933,22746814,117,100562923,0,0
lltp,ILL/petri-nets/MCC,,,HexagonalGrid_hxg_126_10_1.p,classical,auto,1,false,,5,0,3,,unknown,timeout,,focus,MELL,454,37,5020.841,1,0,0,104972288,0,0
lltp,ILL/petri-nets/MCC,,,HexagonalGrid_hxg_126_1_1.p,classical,auto,1,false,,5,0,3,,unknown,timeout,,focus,MELL,454,37,5007.091,1,0,0,104333312,0,0
lltp,ILL/petri-nets/MCC,,,HexagonalGrid_hxg_126_20_1.p,classical,auto,1,false,,5,0,3,,unknown,timeout,,focus,MELL,454,37,5032.029,1,0,0,112234496,0,0
lltp,ILL/petri-nets/MCC,,,HexagonalGrid_hxg_126_50_1.p,classical,auto,1,false,,5,0,3,,unknown,timeout,,focus,MELL,454,38,5019.926,1,0,0,105857024,0,0
lltp,ILL/petri-nets/MCC,,,HexagonalGrid_hxg_126_5_1.p,classical,auto,1,false,,5,0,3,,unknown,timeout,,focus,MELL,454,38,5016.772,1,0,0,105857024,0,0
lltp,ILL/petri-nets/MCC,,,HexagonalGrid_hxg_226_100_1.p,classical,auto,1,false,,5,0,3,,unknown,context_too_wide,,focus,MELL,2902,42,0.127,1,0,0,14,0,0
lltp,ILL/petri-nets/MCC,,,HexagonalGrid_hxg_226_1_1.p,classical,auto,1,false,,5,0,3,,unknown,context_too_wide,,focus,MELL,2902,37,0.121,1,0,0,29,0,0
lltp,ILL/petri-nets/MCC,,,HexagonalGrid_hxg_226_20_1.p,classical,auto,1,false,,5,0,3,,unknown,context_too_wide,,focus,MELL,2902,39,0.102,1,0,0,10,0,0
lltp,ILL/petri-nets/MCC,,,HexagonalGrid_hxg_226_50_1.p,classical,auto,1,false,,5,0,3,,unknown,context_too_wide,,focus,MELL,2902,42,0.102,1,0,0,3,0,0
lltp,ILL/petri-nets/MCC,,,HexagonalGrid_hxg_226_5_1.p,classical,auto,1,false,,5,0,3,,unknown,context_too_wide,,focus,MELL,2902,38,0.125,1,0,0,29,0,0
lltp,ILL/petri-nets/MCC,,,HexagonalGrid_hxg_316_100_1.p,classical,auto,1,false,,5,0,3,,unknown,context_too_wide,,focus,MELL,7198,42,0.498,1,0,0,1,0,0
lltp,ILL/petri-nets/MCC,,,HexagonalGrid_hxg_316_1_1.p,classical,auto,1,false,,5,0,3,,unknown,context_too_wide,,focus,MELL,7198,37,0.519,1,0,0,71,0,0
lltp,ILL/petri-nets/MCC,,,HexagonalGrid_hxg_316_20_1.p,classical,auto,1,false,,5,0,3,,unknown,context_too_wide,,focus,MELL,7198,38,0.432,1,0,0,52,0,0
lltp,ILL/petri-nets/MCC,,,HexagonalGrid_hxg_316_50_1.p,classical,auto,1,false,,5,0,3,,unknown,context_too_wide,,focus,MELL,7198,39,0.391,1,0,0,22,0,0
lltp,ILL/petri-nets/MCC,,,HexagonalGrid_hxg_316_5_1.p,classical,auto,1,false,,5,0,3,,unknown,context_too_wide,,focus,MELL,7198,37,0.460,1,0,0,67,0,0
lltp,ILL/petri-nets/MCC,,,HexagonalGrid_hxg_410_100_1.p,classical,auto,1,false,,5,0,3,,unknown,context_too_wide,,focus,MELL,12934,33,1.749,1,0,0,32,0,0
lltp,ILL/petri-nets/MCC,,,HexagonalGrid_hxg_410_1_1.p,classical,auto,1,false,,5,0,3,,unknown,context_too_wide,,focus,MELL,12934,31,1.736,1,0,0,263,0,0
lltp,ILL/petri-nets/MCC,,,HexagonalGrid_hxg_410_20_1.p,classical,auto,1,false,,5,0,3,,unknown,context_too_wide,,focus,MELL,12934,31,1.489,1,0,0,112,0,0
lltp,ILL/petri-nets/MCC,,,HexagonalGrid_hxg_410_50_1.p,classical,auto,1,false,,5,0,3,,unknown,context_too_wide,,focus,MELL,12934,32,1.398,1,0,0,82,0,0
lltp,ILL/petri-nets/MCC,,,HexagonalGrid_hxg_410_5_1.p,classical,auto,1,false,,5,0,3,,unknown,context_too_wide,,focus,MELL,12934,31,1.478,1,0,0,127,0,0
lltp,ILL/petri-nets/MCC,,,HexagonalGrid_hxg_516_100_1.p,classical,auto,1,false,,5,0,3,,unknown,recursion_limit,,focus,MELL,22606,38,3.473,0,0,0,0,0,0
lltp,ILL/petri-nets/MCC,,,HexagonalGrid_hxg_516_1_1.p,classical,auto,1,false,,5,0,3,,unknown,recursion_limit,,focus,MELL,22606,37,2.877,0,0,0,0,0,0
lltp,ILL/petri-nets/MCC,,,HexagonalGrid_hxg_516_20_1.p,classical,auto,1,false,,5,0,3,,unknown,recursion_limit,,focus,MELL,22606,37,3.715,0,0,0,0,0,0
lltp,ILL/petri-nets/MCC,,,HexagonalGrid_hxg_516_50_1.p,classical,auto,1,false,,5,0,3,,unknown,recursion_limit,,focus,MELL,22606,37,2.725,0,0,0,0,0,0
lltp,ILL/petri-nets/MCC,,,HexagonalGrid_hxg_516_5_1.p,classical,auto,1,false,,5,0,3,,unknown,recursion_limit,,focus,MELL,22606,37,2.717,0,0,0,0,0,0
lltp,ILL/petri-nets/MCC,,,HexagonalGrid_hxg_816_100_1.p,classical,auto,1,false,,5,0,3,,unknown,recursion_limit,,focus,MELL,61918,37,8.785,0,0,0,0,0,0
lltp,ILL/petri-nets/MCC,,,HexagonalGrid_hxg_816_1_1.p,classical,auto,1,false,,5,0,3,,unknown,recursion_limit,,focus,MELL,61918,37,8.181,0,0,0,0,0,0
lltp,ILL/petri-nets/MCC,,,HexagonalGrid_hxg_816_20_1.p,classical,auto,1,false,,5,0,3,,unknown,recursion_limit,,focus,MELL,61918,37,8.909,0,0,0,0,0,0
lltp,ILL/petri-nets/MCC,,,HexagonalGrid_hxg_816_50_1.p,classical,auto,1,false,,5,0,3,,unknown,recursion_limit,,focus,MELL,61918,37,9.156,0,0,0,0,0,0
lltp,ILL/petri-nets/MCC,,,HexagonalGrid_hxg_816_5_1.p,classical,auto,1,false,,5,0,3,,unknown,recursion_limit,,focus,MELL,61918,37,8.954,0,0,0,0,0,0
lltp,ILL/petri-nets/MCC,,,HouseConstruction-002_10_1.p,classical,auto,1,false,,5,0,3,,unknown,copy_bound,,focus,MELL,116,2,224.704,2421242,2418477,2266,3456673,0,0
lltp,ILL/petri-nets/MCC,,,HouseConstruction-002_1_1.p,classical,auto,1,false,,5,0,3,,proved,,ok,focus,MELL,110,2,0.027,4,0,2,3,0,0
lltp,ILL/petri-nets/MCC,,,HouseConstruction-002_20_1.p,classical,auto,1,false,,5,0,3,,unknown,copy_bound,,focus,MELL,118,3,9.500,68191,67855,186,163322,0,0
lltp,ILL/petri-nets/MCC,,,HouseConstruction-002_50_1.p,classical,auto,1,false,,5,0,3,,unknown,copy_bound,,focus,MELL,110,2,0.069,14,1,6,769,0,0
lltp,ILL/petri-nets/MCC,,,HouseConstruction-002_5_1.p,classical,auto,1,false,,5,0,3,,proved,,ok,focus,MELL,114,2,5.346,22013,19832,1792,94763,0,0
lltp,ILL/petri-nets/MCC,,,HouseConstruction-005_100_1.p,classical,auto,1,false,,5,0,3,,unknown,copy_bound,,focus,MELL,122,5,0.224,15,1,7,5516,0,0
lltp,ILL/petri-nets/MCC,,,HouseConstruction-005_10_1.p,classical,auto,1,false,,5,0,3,,proved,,ok,focus,MELL,122,6,4.299,49124,48911,168,76516,0,0
lltp,ILL/petri-nets/MCC,,,HouseConstruction-005_1_1.p,classical,auto,1,false,,5,0,3,,proved,,ok,focus,MELL,122,5,0.041,8,0,6,161,0,0
lltp,ILL/petri-nets/MCC,,,HouseConstruction-005_20_1.p,classical,auto,1,false,,5,0,3,,unknown,timeout,,focus,MELL,124,5,5000.908,53702640,53688863,11903,74369451,0,0
lltp,ILL/petri-nets/MCC,,,HouseConstruction-005_50_1.p,classical,auto,1,false,,5,0,3,,unknown,timeout,,focus,MELL,130,5,5000.839,45347663,45334887,10999,87954855,0,0
lltp,ILL/petri-nets/MCC,,,HouseConstruction-005_5_1.p,classical,auto,1,false,,5,0,3,,proved,,ok,focus,MELL,122,5,1.784,2708,2501,172,37275,0,0
lltp,ILL/petri-nets/MCC,,,HouseConstruction-010_100_1.p,classical,auto,1,false,,5,0,3,,unknown,timeout,,focus,MELL,202,11,5000.015,13767884,13767854,28,114331850,0,0
lltp,ILL/petri-nets/MCC,,,HouseConstruction-010_10_1.p,classical,auto,1,false,,5,0,3,,unknown,timeout,,focus,MELL,142,10,5022.327,397318,396930,386,123053568,0,0
lltp,ILL/petri-nets/MCC,,,HouseConstruction-010_1_1.p,classical,auto,1,false,,5,0,3,,proved,,ok,focus,MELL,142,10,0.442,13,0,11,9263,0,0
lltp,ILL/petri-nets/MCC,,,HouseConstruction-010_20_1.p,classical,auto,1,false,,5,0,3,,unknown,timeout,,focus,MELL,142,11,5000.023,57398188,57397930,256,95441747,0,0
lltp,ILL/petri-nets/MCC,,,HouseConstruction-010_50_1.p,classical,auto,1,false,,5,0,3,,unknown,timeout,,focus,MELL,206,11,5000.041,12782973,12782943,28,112943466,0,0
lltp,ILL/petri-nets/MCC,,,HouseConstruction-010_5_1.p,classical,auto,1,false,,5,0,3,,unknown,timeout,,focus,MELL,142,10,5026.920,25443,23300,1971,124522956,0,0
lltp,ILL/petri-nets/MCC,,,HouseConstruction-020_100_1.p,classical,auto,1,false,,5,0,3,,unknown,timeout,,focus,MELL,304,21,5000.026,4965132,4965118,12,100630223,0,0
lltp,ILL/petri-nets/MCC,,,HouseConstruction-020_10_1.p,classical,auto,1,false,,5,0,3,,unknown,timeout,,focus,MELL,182,20,5026.275,1,0,0,127774720,0,0
lltp,ILL/petri-nets/MCC,,,HouseConstruction-020_1_1.p,classical,auto,1,false,,5,0,3,,proved,,ok,focus,MELL,182,20,790.326,23,0,21,16543969,0,0
lltp,ILL/petri-nets/MCC,,,HouseConstruction-020_20_1.p,classical,auto,1,false,,5,0,3,,unknown,timeout,,focus,MELL,182,20,5029.155,1,0,0,138358784,0,0
lltp,ILL/petri-nets/MCC,,,HouseConstruction-020_50_1.p,classical,auto,1,false,,5,0,3,,unknown,timeout,,focus,MELL,222,20,5000.020,13708123,13708093,28,113746972,0,0
lltp,ILL/petri-nets/MCC,,,HouseConstruction-020_5_1.p,classical,auto,1,false,,5,0,3,,unknown,timeout,,focus,MELL,182,20,5066.516,1,0,0,123465728,0,0
lltp,ILL/petri-nets/MCC,,,HouseConstruction-050_100_1.p,classical,auto,1,false,,5,0,3,,unknown,timeout,,focus,MELL,302,51,5000.041,10647715,10647689,24,109151655,0,0
lltp,ILL/petri-nets/MCC,,,HouseConstruction-050_10_1.p,classical,auto,1,false,,5,0,3,,unknown,timeout,,focus,MELL,302,50,5058.777,1,0,0,120729600,0,0
lltp,ILL/petri-nets/MCC,,,HouseConstruction-050_1_1.p,classical,auto,1,false,,5,0,,,unknown,killed,,,,,,10572.062,,,,,,
lltp,ILL/petri-nets/MCC,,,HouseConstruction-050_20_1.p,classical,auto,1,false,,5,0,3,,unknown,timeout,,focus,MELL,302,50,5011.016,1,0,0,129830912,0,0
lltp,ILL/petri-nets/MCC,,,HouseConstruction-050_50_1.p,classical,auto,1,false,,5,0,3,,unknown,timeout,,focus,MELL,302,51,5000.047,10611501,10611475,24,108718050,0,0
lltp,ILL/petri-nets/MCC,,,HouseConstruction-050_5_1.p,classical,auto,1,false,,5,0,3,,unknown,timeout,,focus,MELL,302,50,5093.154,1,0,0,115585024,0,0
lltp,ILL/petri-nets/MCC,,,HouseConstruction-100_100_1.p,classical,auto,1,false,,5,0,3,,unknown,context_too_wide,,focus,MELL,502,101,0.021,1,0,0,0,0,0
lltp,ILL/petri-nets/MCC,,,HouseConstruction-100_10_1.p,classical,auto,1,false,,5,0,3,,unknown,context_too_wide,,focus,MELL,502,100,0.020,1,0,0,0,0,0
lltp,ILL/petri-nets/MCC,,,HouseConstruction-100_1_1.p,classical,auto,1,false,,5,0,3,,unknown,context_too_wide,,focus,MELL,502,100,0.021,1,0,0,0,0,0
lltp,ILL/petri-nets/MCC,,,HouseConstruction-100_20_1.p,classical,auto,1,false,,5,0,3,,unknown,context_too_wide,,focus,MELL,502,100,0.020,1,0,0,0,0,0
lltp,ILL/petri-nets/MCC,,,HouseConstruction-100_50_1.p,classical,auto,1,false,,5,0,3,,unknown,context_too_wide,,focus,MELL,502,100,0.020,1,0,0,0,0,0
lltp,ILL/petri-nets/MCC,,,HouseConstruction-100_5_1.p,classical,auto,1,false,,5,0,3,,unknown,context_too_wide,,focus,MELL,502,100,0.020,1,0,0,0,0,0
lltp,ILL/petri-nets/MCC,,,HouseConstruction-200_100_1.p,classical,auto,1,false,,5,0,3,,unknown,context_too_wide,,focus,MELL,902,200,0.030,1,0,0,0,0,0
lltp,ILL/petri-nets/MCC,,,HouseConstruction-200_10_1.p,classical,auto,1,false,,5,0,3,,unknown,context_too_wide,,focus,MELL,902,200,0.027,1,0,0,0,0,0
lltp,ILL/petri-nets/MCC,,,HouseConstruction-200_1_1.p,classical,auto,1,false,,5,0,3,,unknown,context_too_wide,,focus,MELL,902,200,0.027,1,0,0,0,0,0
lltp,ILL/petri-nets/MCC,,,HouseConstruction-200_20_1.p,classical,auto,1,false,,5,0,3,,unknown,context_too_wide,,focus,MELL,902,200,0.027,1,0,0,0,0,0
lltp,ILL/petri-nets/MCC,,,HouseConstruction-200_50_1.p,classical,auto,1,false,,5,0,3,,unknown,context_too_wide,,focus,MELL,902,200,0.027,1,0,0,0,0,0
lltp,ILL/petri-nets/MCC,,,HouseConstruction-200_5_1.p,classical,auto,1,false,,5,0,3,,unknown,context_too_wide,,focus,MELL,902,200,0.026,1,0,0,0,0,0
lltp,ILL/petri-nets/MCC,,,HouseConstruction-500_100_1.p,classical,auto,1,false,,5,0,3,,unknown,context_too_wide,,focus,MELL,2102,500,0.048,1,0,0,0,0,0
lltp,ILL/petri-nets/MCC,,,HouseConstruction-500_10_1.p,classical,auto,1,false,,5,0,3,,unknown,context_too_wide,,focus,MELL,2102,500,0.050,1,0,0,0,0,0
lltp,ILL/petri-nets/MCC,,,HouseConstruction-500_1_1.p,classical,auto,1,false,,5,0,3,,unknown,context_too_wide,,focus,MELL,2102,500,0.048,1,0,0,0,0,0
lltp,ILL/petri-nets/MCC,,,HouseConstruction-500_20_1.p,classical,auto,1,false,,5,0,3,,unknown,context_too_wide,,focus,MELL,2102,500,0.048,1,0,0,0,0,0
lltp,ILL/petri-nets/MCC,,,HouseConstruction-500_50_1.p,classical,auto,1,false,,5,0,3,,unknown,context_too_wide,,focus,MELL,2102,500,0.046,1,0,0,0,0,0
lltp,ILL/petri-nets/MCC,,,HouseConstruction-500_5_1.p,classical,auto,1,false,,5,0,3,,unknown,context_too_wide,,focus,MELL,2102,500,0.049,1,0,0,0,0,0
lltp,ILL/petri-nets/MCC,,,HypercubeGrid_hc3k4p4b12_100_1.p,classical,auto,1,false,,5,0,3,,unknown,recursion_limit,,focus,MELL,30334,44,4.134,0,0,0,0,0,0
lltp,ILL/petri-nets/MCC,,,HypercubeGrid_hc3k4p4b12_1_1.p,classical,auto,1,false,,5,0,3,,unknown,recursion_limit,,focus,MELL,30334,43,3.350,0,0,0,0,0,0
lltp,ILL/petri-nets/MCC,,,HypercubeGrid_hc3k4p4b12_20_1.p,classical,auto,1,false,,5,0,3,,unknown,recursion_limit,,focus,MELL,30334,43,3.198,0,0,0,0,0,0
lltp,ILL/petri-nets/MCC,,,HypercubeGrid_hc3k4p4b12_50_1.p,classical,auto,1,false,,5,0,3,,unknown,recursion_limit,,focus,MELL,30334,43,3.201,0,0,0,0,0,0
lltp,ILL/petri-nets/MCC,,,HypercubeGrid_hc3k4p4b12_5_1.p,classical,auto,1,false,,5,0,3,,unknown,recursion_limit,,focus,MELL,30334,43,3.187,0,0,0,0,0,0
lltp,ILL/petri-nets/MCC,,,HypercubeGrid_hc4k3p3b12_100_1.p,classical,auto,1,false,,5,0,3,,unknown,recursion_limit,,focus,MELL,58318,70,6.850,0,0,0,0,0,0
lltp,ILL/petri-nets/MCC,,,HypercubeGrid_hc4k3p3b12_1_1.p,classical,auto,1,false,,5,0,3,,unknown,recursion_limit,,focus,MELL,58318,69,6.682,0,0,0,0,0,0
lltp,ILL/petri-nets/MCC,,,HypercubeGrid_hc4k3p3b12_20_1.p,classical,auto,1,false,,5,0,3,,unknown,recursion_limit,,focus,MELL,58318,69,6.629,0,0,0,0,0,0
lltp,ILL/petri-nets/MCC,,,HypercubeGrid_hc4k3p3b12_50_1.p,classical,auto,1,false,,5,0,3,,unknown,recursion_limit,,focus,MELL,58318,69,6.786,0,0,0,0,0,0
lltp,ILL/petri-nets/MCC,,,HypercubeGrid_hc4k3p3b12_5_1.p,classical,auto,1,false,,5,0,3,,unknown,recursion_limit,,focus,MELL,58318,69,6.762,0,0,0,0,0,0
lltp,ILL/petri-nets/MCC,,,HypercubeGrid_hc5k3p3b15_100_1.p,classical,auto,1,false,,5,0,3,,unknown,recursion_limit,,focus,MELL,257578,106,33.157,0,0,0,0,0,0
lltp,ILL/petri-nets/MCC,,,HypercubeGrid_hc5k3p3b15_1_1.p,classical,auto,1,false,,5,0,3,,unknown,recursion_limit,,focus,MELL,257578,106,33.268,0,0,0,0,0,0
lltp,ILL/petri-nets/MCC,,,HypercubeGrid_hc5k3p3b15_20_1.p,classical,auto,1,false,,5,0,3,,unknown,recursion_limit,,focus,MELL,257578,106,33.564,0,0,0,0,0,0
lltp,ILL/petri-nets/MCC,,,HypercubeGrid_hc5k3p3b15_50_1.p,classical,auto,1,false,,5,0,3,,unknown,recursion_limit,,focus,MELL,257578,106,33.027,0,0,0,0,0,0
lltp,ILL/petri-nets/MCC,,,HypercubeGrid_hc5k3p3b15_5_1.p,classical,auto,1,false,,5,0,3,,unknown,recursion_limit,,focus,MELL,257578,106,33.082,0,0,0,0,0,0
lltp,ILL/petri-nets/MCC,,,HypertorusGrid_ht_d2k1p8b00_100_1.p,classical,auto,1,false,,5,0,3,,unknown,timeout,,focus,MELL,270,17,5022.358,1,0,0,129884160,0,0
lltp,ILL/petri-nets/MCC,,,HypertorusGrid_ht_d2k1p8b00_10_1.p,classical,auto,1,false,,5,0,3,,unknown,timeout,,focus,MELL,270,14,5011.415,1,0,0,138182656,0,0
lltp,ILL/petri-nets/MCC,,,HypertorusGrid_ht_d2k1p8b00_1_1.p,classical,auto,1,false,,5,0,3,,unknown,timeout,,focus,MELL,270,13,5000.595,1,0,0,144908288,0,0
lltp,ILL/petri-nets/MCC,,,HypertorusGrid_ht_d2k1p8b00_20_1.p,classical,auto,1,false,,5,0,3,,unknown,timeout,,focus,MELL,270,17,5022.259,1,0,0,123006976,0,0
lltp,ILL/petri-nets/MCC,,,HypertorusGrid_ht_d2k1p8b00_50_1.p,classical,auto,1,false,,5,0,3,,unknown,timeout,,focus,MELL,270,16,5020.243,1,0,0,141484032,0,0
lltp,ILL/petri-nets/MCC,,,HypertorusGrid_ht_d2k1p8b00_5_1.p,classical,auto,1,false,,5,0,3,,unknown,timeout,,focus,MELL,270,13,5006.258,1,0,0,149090304,0,0
lltp,ILL/petri-nets/MCC,,,HypertorusGrid_ht_d2k2p1b00_100_1.p,classical,auto,1,false,,5,0,3,,unknown,timeout,,focus,MELL,638,13,5000.762,1,0,0,87392256,0,0
lltp,ILL/petri-nets/MCC,,,HypertorusGrid_ht_d2k2p1b00_1_1.p,classical,auto,1,false,,5,0,3,,unknown,timeout,,focus,MELL,638,13,5020.173,2,0,1,85774336,0,0
lltp,ILL/petri-nets/MCC,,,HypertorusGrid_ht_d2k2p1b00_20_1.p,classical,auto,1,false,,5,0,3,,unknown,timeout,,focus,MELL,638,16,5004.412,1,0,0,89071616,0,0
lltp,ILL/petri-nets/MCC,,,HypertorusGrid_ht_d2k2p1b00_50_1.p,classical,auto,1,false,,5,0,3,,unknown,timeout,,focus,MELL,638,13,5005.324,1,0,0,85536768,0,0
lltp,ILL/petri-nets/MCC,,,HypertorusGrid_ht_d2k2p1b00_5_1.p,classical,auto,1,false,,5,0,3,,unknown,timeout,,focus,MELL,638,15,5021.083,1,0,0,86052864,0,0
lltp,ILL/petri-nets/MCC,,,HypertorusGrid_ht_d2k3p2b04_100_1.p,classical,auto,1,false,,5,0,3,,unknown,context_too_wide,,focus,MELL,1726,20,0.067,1,0,0,0,0,0
lltp,ILL/petri-nets/MCC,,,HypertorusGrid_ht_d2k3p2b04_1_1.p,classical,auto,1,false,,5,0,3,,unknown,context_too_wide,,focus,MELL,1726,17,0.071,1,0,0,17,0,0
lltp,ILL/petri-nets/MCC,,,HypertorusGrid_ht_d2k3p2b04_20_1.p,classical,auto,1,false,,5,0,3,,unknown,context_too_wide,,focus,MELL,1726,19,0.064,1,0,0,7,0,0
lltp,ILL/petri-nets/MCC,,,HypertorusGrid_ht_d2k3p2b04_50_1.p,classical,auto,1,false,,5,0,3,,unknown,context_too_wide,,focus,MELL,1726,20,0.066,1,0,0,6,0,0
lltp,ILL/petri-nets/MCC,,,HypertorusGrid_ht_d2k3p2b04_5_1.p,classical,auto,1,false,,5,0,3,,unknown,context_too_wide,,focus,MELL,1726,18,0.069,1,0,0,15,0,0
lltp,ILL/petri-nets/MCC,,,HypertorusGrid_ht_d3k3p2b06_100_1.p,classical,auto,1,false,,5,0,3,,unknown,context_too_wide,,focus,MELL,10366,40,0.882,1,0,0,27,0,0
lltp,ILL/petri-nets/MCC,,,HypertorusGrid_ht_d3k3p2b06_1_1.p,classical,auto,1,false,,5,0,3,,unknown,context_too_wide,,focus,MELL,10366,37,0.980,1,0,0,161,0,0
lltp,ILL/petri-nets/MCC,,,HypertorusGrid_ht_d3k3p2b06_20_1.p,classical,auto,1,false,,5,0,3,,unknown,context_too_wide,,focus,MELL,10366,37,0.782,1,0,0,61,0,0
lltp,ILL/petri-nets/MCC,,,HypertorusGrid_ht_d3k3p2b06_50_1.p,classical,auto,1,false,,5,0,3,,unknown,context_too_wide,,focus,MELL,10366,38,0.766,1,0,0,54,0,0
lltp,ILL/petri-nets/MCC,,,HypertorusGrid_ht_d3k3p2b06_5_1.p,classical,auto,1,false,,5,0,3,,unknown,context_too_wide,,focus,MELL,10366,37,0.825,1,0,0,76,0,0
lltp,ILL/petri-nets/MCC,,,HypertorusGrid_ht_d4k3p2b08_100_1.p,classical,auto,1,false,,5,0,3,,unknown,recursion_limit,,focus,MELL,51838,66,7.043,0,0,0,0,0,0
lltp,ILL/petri-nets/MCC,,,HypertorusGrid_ht_d4k3p2b08_1_1.p,classical,auto,1,false,,5,0,3,,unknown,recursion_limit,,focus,MELL,51838,65,6.955,0,0,0,0,0,0
lltp,ILL/petri-nets/MCC,,,HypertorusGrid_ht_d4k3p2b08_20_1.p,classical,auto,1,false,,5,0,3,,unknown,recursion_limit,,focus,MELL,51838,65,6.877,0,0,0,0,0,0
lltp,ILL/petri-nets/MCC,,,HypertorusGrid_ht_d4k3p2b08_50_1.p,classical,auto,1,false,,5,0,3,,unknown,recursion_limit,,focus,MELL,51838,65,6.717,0,0,0,0,0,0
lltp,ILL/petri-nets/MCC,,,HypertorusGrid_ht_d4k3p2b08_5_1.p,classical,auto,1,false,,5,0,3,,unknown,recursion_limit,,focus,MELL,51838,65,6.956,0,0,0,0,0,0
lltp,ILL/petri-nets/MCC,,,HypertorusGrid_ht_d5k3p2b10_100_1.p,classical,auto,1,false,,5,0,3,,unknown,recursion_limit,,focus,MELL,233278,101,31.822,0,0,0,0,0,0
lltp,ILL/petri-nets/MCC,,,HypertorusGrid_ht_d5k3p2b10_1_1.p,classical,auto,1,false,,5,0,3,,unknown,recursion_limit,,focus,MELL,233278,101,31.913,0,0,0,0,0,0
lltp,ILL/petri-nets/MCC,,,HypertorusGrid_ht_d5k3p2b10_20_1.p,classical,auto,1,false,,5,0,3,,unknown,recursion_limit,,focus,MELL,233278,101,31.805,0,0,0,0,0,0
lltp,ILL/petri-nets/MCC,,,HypertorusGrid_ht_d5k3p2b10_50_1.p,classical,auto,1,false,,5,0,3,,unknown,recursion_limit,,focus,MELL,233278,101,31.905,0,0,0,0,0,0
lltp,ILL/petri-nets/MCC,,,HypertorusGrid_ht_d5k3p2b10_5_1.p,classical,auto,1,false,,5,0,3,,unknown,recursion_limit,,focus,MELL,233278,101,32.139,0,0,0,0,0,0
lltp,ILL/petri-nets/MCC,,,IBM319_100_1.p,classical,auto,1,false,,5,0,3,,unknown,copy_bound,,focus,MELL,1056,4,4455.948,8474750,8336850,125448,33193162,0,0
lltp,ILL/petri-nets/MCC,,,IBM319_10_1.p,classical,auto,1,false,,5,0,3,,unknown,copy_bound,,focus,MELL,1056,4,4295.800,7951063,7820446,118735,31681490,0,0
lltp,ILL/petri-nets/MCC,,,IBM319_1_1.p,classical,auto,1,false,,5,0,3,,proved,,ok,focus,MELL,1062,4,0.433,473,302,168,1649,0,0
lltp,ILL/petri-nets/MCC,,,IBM319_20_1.p,classical,auto,1,false,,5,0,3,,unknown,copy_bound,,focus,MELL,1056,4,4228.675,6990259,6860410,117954,30885021,0,0
lltp,ILL/petri-nets/MCC,,,IBM319_50_1.p,classical,auto,1,false,,5,0,3,,unknown,timeout,,focus,MELL,1064,4,5011.823,22470297,22368423,92824,45870521,0,0
lltp,ILL/petri-nets/MCC,,,IBM319_5_1.p,classical,auto,1,false,,5,0,3,,unknown,copy_bound,,focus,MELL,1056,4,4367.153,7475326,7336305,126569,31976673,0,0
lltp,ILL/petri-nets/MCC,,,IBM5964_10_1.p,classical,auto,1,false,,5,0,3,,unknown,timeout,,focus,MELL,1102,3,5000.060,35501791,35501435,351,62272989,0,0
lltp,ILL/petri-nets/MCC,,,IBM5964_1_1.p,classical,auto,1,false,,5,0,3,,proved,,ok,focus,MELL,1100,3,1874.235,14288349,14287778,568,22583659,0,0
lltp,ILL/petri-nets/MCC,,,IBM5964_20_1.p,classical,auto,1,false,,5,0,3,,unknown,timeout,,focus,MELL,1108,3,5000.038,28477100,28476874,221,64297793,0,0
lltp,ILL/petri-nets/MCC,,,IBM5964_50_1.p,classical,auto,1,false,,5,0,3,,unknown,timeout,,focus,MELL,1116,6,5000.034,22258217,22258053,159,65242837,0,0
lltp,ILL/petri-nets/MCC,,,IBM5964_5_1.p,classical,auto,1,false,,5,0,3,,unknown,timeout,,focus,MELL,1106,3,5000.030,32462051,32461803,243,65799563,0,0
lltp,ILL/petri-nets/MCC,,,IBM703_100_1.p,classical,auto,1,false,,5,0,3,,unknown,copy_bound,,focus,MELL,1148,5,1646.847,4679542,4561518,107904,7079902,0,0
lltp,ILL/petri-nets/MCC,,,IBM703_10_1.p,classical,auto,1,false,,5,0,3,,unknown,copy_bound,,focus,MELL,1146,5,1627.099,4679542,4561518,107904,7021600,0,0
lltp,ILL/petri-nets/MCC,,,IBM703_1_1.p,classical,auto,1,false,,5,0,3,,proved,,ok,focus,MELL,1146,5,0.126,2,0,1,1,0,0
lltp,ILL/petri-nets/MCC,,,IBM703_20_1.p,classical,auto,1,false,,5,0,3,,unknown,copy_bound,,focus,MELL,1146,5,1711.515,4951111,4826657,113954,7370612,0,0
lltp,ILL/petri-nets/MCC,,,IBM703_50_1.p,classical,auto,1,false,,5,0,3,,unknown,copy_bound,,focus,MELL,1146,5,1728.695,4951111,4826657,113954,7370612,0,0
lltp,ILL/petri-nets/MCC,,,IBM703_5_1.p,classical,auto,1,false,,5,0,3,,unknown,copy_bound,,focus,MELL,1146,5,1653.537,4717336,4596286,110822,7079832,0,0
lltp,ILL/petri-nets/MCC,,,IBMB2S565S3960_100_1.p,classical,auto,1,false,,5,0,3,,unknown,timeout,,focus,MELL,1184,7,5000.049,17364147,17363927,215,64231433,0,0
lltp,ILL/petri-nets/MCC,,,IBMB2S565S3960_10_1.p,classical,auto,1,false,,5,0,3,,unknown,timeout,,focus,MELL,1170,7,5000.053,31119514,31119219,290,63768896,0,0
lltp,ILL/petri-nets/MCC,,,IBMB2S565S3960_1_1.p,classical,auto,1,false,,5,0,3,,unknown,timeout,,focus,MELL,1166,7,5000.172,33767657,33767111,541,61890755,0,0
lltp,ILL/petri-nets/MCC,,,IBMB2S565S3960_20_1.p,classical,auto,1,false,,5,0,3,,unknown,timeout,,focus,MELL,1168,7,5000.037,31682313,31682021,287,64287296,0,0
lltp,ILL/petri-nets/MCC,,,IBMB2S565S3960_50_1.p,classical,auto,1,false,,5,0,3,,unknown,timeout,,focus,MELL,1180,7,5012.026,3,0,1,53030912,0,0
lltp,ILL/petri-nets/MCC,,,IBMB2S565S3960_5_1.p,classical,auto,1,false,,5,0,3,,unknown,timeout,,focus,MELL,1166,7,5000.073,20988805,20988418,382,55003743,0,0
lltp,ILL/petri-nets/MCC,,,IOTPpurchase_IOTP_c12m10p15d17_100_1.p,classical,auto,1,false,,5,0,3,,unknown,context_too_wide,,focus,MELL,714,18,0.038,1,0,0,0,0,0
lltp,ILL/petri-nets/MCC,,,IOTPpurchase_IOTP_c12m10p15d17_10_1.p,classical,auto,1,false,,5,0,3,,unknown,context_too_wide,,focus,MELL,714,18,0.038,1,0,0,0,0,0
lltp,ILL/petri-nets/MCC,,,IOTPpurchase_IOTP_c12m10p15d17_1_1.p,classical,auto,1,false,,5,0,3,,unknown,context_too_wide,,focus,MELL,714,18,0.035,1,0,0,0,0,0
lltp,ILL/petri-nets/MCC,,,IOTPpurchase_IOTP_c12m10p15d17_20_1.p,classical,auto,1,false,,5,0,3,,unknown,context_too_wide,,focus,MELL,714,18,0.037,1,0,0,0,0,0
lltp,ILL/petri-nets/MCC,,,IOTPpurchase_IOTP_c12m10p15d17_50_1.p,classical,auto,1,false,,5,0,3,,unknown,context_too_wide,,focus,MELL,724,18,0.035,1,0,0,0,0,0
lltp,ILL/petri-nets/MCC,,,IOTPpurchase_IOTP_c12m10p15d17_5_1.p,classical,auto,1,false,,5,0,3,,unknown,context_too_wide,,focus,MELL,714,18,0.036,1,0,0,0,0,0
lltp,ILL/petri-nets/MCC,,,IOTPpurchase_IOTP_c1m1p1d1_100_1.p,classical,auto,1,false,,5,0,3,,unknown,timeout,,focus,MELL,514,2,5005.075,1,0,0,98004992,0,0
lltp,ILL/petri-nets/MCC,,,IOTPpurchase_IOTP_c1m1p1d1_10_1.p,classical,auto,1,false,,5,0,3,,unknown,timeout,,focus,MELL,514,2,5014.482,1,0,0,100028416,0,0
lltp,ILL/petri-nets/MCC,,,IOTPpurchase_IOTP_c1m1p1d1_1_1.p,classical,auto,1,false,,5,0,3,,proved,,ok,focus,MELL,514,2,36.596,4,0,2,626217,0,0
lltp,ILL/petri-nets/MCC,,,IOTPpurchase_IOTP_c1m1p1d1_20_1.p,classical,auto,1,false,,5,0,3,,unknown,timeout,,focus,MELL,522,2,5000.873,57571091,57569702,1383,71163066,0,0
lltp,ILL/petri-nets/MCC,,,IOTPpurchase_IOTP_c1m1p1d1_50_1.p,classical,auto,1,false,,5,0,3,,unknown,timeout,,focus,MELL,514,2,5004.220,51421962,51331818,90134,61729051,0,0
lltp,ILL/petri-nets/MCC,,,IOTPpurchase_IOTP_c1m1p1d1_5_1.p,classical,auto,1,false,,5,0,3,,unknown,timeout,,focus,MELL,514,2,5004.762,51281068,51190924,90134,61588100,0,0
lltp,ILL/petri-nets/MCC,,,IOTPpurchase_IOTP_c3m3p3d3_100_1.p,classical,auto,1,false,,5,0,3,,unknown,timeout,,focus,MELL,554,4,5020.773,1,0,0,102928384,0,0
lltp,ILL/petri-nets/MCC,,,IOTPpurchase_IOTP_c3m3p3d3_10_1.p,classical,auto,1,false,,5,0,3,,unknown,timeout,,focus,MELL,556,4,5019.476,1,0,0,102141952,0,0
lltp,ILL/petri-nets/MCC,,,IOTPpurchase_IOTP_c3m3p3d3_1_1.p,classical,auto,1,false,,5,0,3,,unknown,timeout,,focus,MELL,546,4,5036.282,4,0,3,85934080,0,0
lltp,ILL/petri-nets/MCC,,,IOTPpurchase_IOTP_c3m3p3d3_20_1.p,classical,auto,1,false,,5,0,3,,unknown,timeout,,focus,MELL,556,4,5017.217,1,0,0,101101568,0,0
lltp,ILL/petri-nets/MCC,,,IOTPpurchase_IOTP_c3m3p3d3_50_1.p,classical,auto,1,false,,5,0,3,,unknown,timeout,,focus,MELL,554,4,5029.762,1,0,0,102780928,0,0
lltp,ILL/petri-nets/MCC,,,IOTPpurchase_IOTP_c3m3p3d3_5_1.p,classical,auto,1,false,,5,0,3,,unknown,timeout,,focus,MELL,546,4,5000.283,1,0,0,102506496,0,0
lltp,ILL/petri-nets/MCC,,,IOTPpurchase_IOTP_c5m4p3d2_100_1.p,classical,auto,1,false,,5,0,3,,unknown,timeout,,focus,MELL,574,6,5012.759,1,0,0,101625856,0,0
lltp,ILL/petri-nets/MCC,,,IOTPpurchase_IOTP_c5m4p3d2_10_1.p,classical,auto,1,false,,5,0,3,,unknown,timeout,,focus,MELL,554,6,5004.616,1,0,0,102322176,0,0
lltp,ILL/petri-nets/MCC,,,IOTPpurchase_IOTP_c5m4p3d2_1_1.p,classical,auto,1,false,,5,0,,,unknown,killed,,,,,,10510.916,,,,,,
lltp,ILL/petri-nets/MCC,,,IOTPpurchase_IOTP_c5m4p3d2_20_1.p,classical,auto,1,false,,5,0,3,,unknown,timeout,,focus,MELL,554,6,5028.167,1,0,0,101941248,0,0
lltp,ILL/petri-nets/MCC,,,IOTPpurchase_IOTP_c5m4p3d2_50_1.p,classical,auto,1,false,,5,0,3,,unknown,timeout,,focus,MELL,554,6,5002.647,1,0,0,102121472,0,0
lltp,ILL/petri-nets/MCC,,,IOTPpurchase_IOTP_c5m4p3d2_5_1.p,classical,auto,1,false,,5,0,3,,unknown,timeout,,focus,MELL,554,6,5023.302,1,0,0,103555072,0,0
lltp,ILL/petri-nets/MCC,,,JoinFreeModules_joinFree-100_100_1.p,classical,auto,1,false,,5,0,3,,unknown,context_too_wide,,focus,MELL,91206,203,5.704,1,0,0,0,0,0
lltp,ILL/petri-nets/MCC,,,JoinFreeModules_joinFree-100_1_1.p,classical,auto,1,false,,5,0,3,,unknown,context_too_wide,,focus,MELL,91206,203,15.500,1,0,0,718,0,0
lltp,ILL/petri-nets/MCC,,,JoinFreeModules_joinFree-100_20_1.p,classical,auto,1,false,,5,0,3,,unknown,recursion_limit,,focus,MELL,91206,203,21.648,1,0,0,1245,0,0
lltp,ILL/petri-nets/MCC,,,JoinFreeModules_joinFree-100_50_1.p,classical,auto,1,false,,5,0,3,,unknown,context_too_wide,,focus,MELL,91206,203,19.291,1,0,0,1133,0,0
lltp,ILL/petri-nets/MCC,,,JoinFreeModules_joinFree-100_5_1.p,classical,auto,1,false,,5,0,3,,unknown,recursion_limit,,focus,MELL,91206,203,21.401,1,0,0,1245,0,0
lltp,ILL/petri-nets/MCC,,,JoinFreeModules_joinFree-10_100_1.p,classical,auto,1,false,,5,0,3,,unknown,context_too_wide,,focus,MELL,1926,23,0.056,1,0,0,0,0,0
lltp,ILL/petri-nets/MCC,,,JoinFreeModules_joinFree-10_1_1.p,classical,auto,1,false,,5,0,3,,proved,,ok,focus,MELL,1926,23,0.375,3,0,2,383,0,0
lltp,ILL/petri-nets/MCC,,,JoinFreeModules_joinFree-10_20_1.p,classical,auto,1,false,,5,0,3,,unknown,context_too_wide,,focus,MELL,1926,23,0.053,1,0,0,0,0,0
lltp,ILL/petri-nets/MCC,,,JoinFreeModules_joinFree-10_50_1.p,classical,auto,1,false,,5,0,3,,unknown,context_too_wide,,focus,MELL,1926,23,0.267,2,0,1,12,0,0
lltp,ILL/petri-nets/MCC,,,JoinFreeModules_joinFree-10_5_1.p,classical,auto,1,false,,5,0,3,,unknown,timeout,,focus,MELL,1926,23,5017.922,1097,1072,24,72953856,0,0
lltp,ILL/petri-nets/MCC,,,JoinFreeModules_joinFree-20_100_1.p,classical,auto,1,false,,5,0,3,,unknown,context_too_wide,,focus,MELL,5446,43,2.055,2,0,1,32,0,0
lltp,ILL/petri-nets/MCC,,,JoinFreeModules_joinFree-20_1_1.p,classical,auto,1,false,,5,0,3,,proved,,ok,focus,MELL,5446,43,2.906,3,0,2,1373,0,0
lltp,ILL/petri-nets/MCC,,,JoinFreeModules_joinFree-20_20_1.p,classical,auto,1,false,,5,0,3,,unknown,context_too_wide,,focus,MELL,5446,43,0.133,1,0,0,0,0,0
lltp,ILL/petri-nets/MCC,,,JoinFreeModules_joinFree-20_50_1.p,classical,auto,1,false,,5,0,3,,unknown,context_too_wide,,focus,MELL,5446,43,0.139,1,0,0,0,0,0
lltp,ILL/petri-nets/MCC,,,JoinFreeModules_joinFree-20_5_1.p,classical,auto,1,false,,5,0,3,,unknown,timeout,,focus,MELL,5446,43,5042.236,408,389,18,41934848,0,0
lltp,ILL/petri-nets/MCC,,,JoinFreeModules_joinFree-3_100_1.p,classical,auto,1,false,,5,0,3,,unknown,timeout,,focus,MELL,414,11,5008.159,44661585,44660550,1033,86304513,0,0
lltp,ILL/petri-nets/MCC,,,JoinFreeModules_joinFree-3_10_1.p,classical,auto,1,false,,5,0,3,,unknown,timeout,,focus,MELL,414,13,5003.448,55113287,55112189,1096,84408589,0,0
lltp,ILL/petri-nets/MCC,,,JoinFreeModules_joinFree-3_1_1.p,classical,auto,1,false,,5,0,3,,proved,,ok,focus,MELL,414,10,0.057,3,0,2,47,0,0
lltp,ILL/petri-nets/MCC,,,JoinFreeModules_joinFree-3_20_1.p,classical,auto,1,false,,5,0,3,,unknown,timeout,,focus,MELL,414,13,5006.370,45410267,45409232,1033,87180181,0,0
lltp,ILL/petri-nets/MCC,,,JoinFreeModules_joinFree-3_50_1.p,classical,auto,1,false,,5,0,3,,unknown,timeout,,focus,MELL,414,11,5006.561,45067630,45066595,1033,86775101,0,0
lltp,ILL/petri-nets/MCC,,,JoinFreeModules_joinFree-3_5_1.p,classical,auto,1,false,,5,0,3,,unknown,timeout,,focus,MELL,414,11,5003.687,57416043,57415008,1033,82753313,0,0
lltp,ILL/petri-nets/MCC,,,JoinFreeModules_joinFree-4_10_1.p,classical,auto,1,false,,5,0,3,,unknown,timeout,,focus,MELL,582,13,5022.449,3586,3520,65,96497664,0,0
lltp,ILL/petri-nets/MCC,,,JoinFreeModules_joinFree-4_1_1.p,classical,auto,1,false,,5,0,3,,proved,,ok,focus,MELL,582,11,0.087,3,0,2,77,0,0
lltp,ILL/petri-nets/MCC,,,JoinFreeModules_joinFree-4_20_1.p,classical,auto,1,false,,5,0,3,,unknown,timeout,,focus,MELL,582,12,5007.613,1,0,0,114556928,0,0
lltp,ILL/petri-nets/MCC,,,JoinFreeModules_joinFree-4_5_1.p,classical,auto,1,false,,5,0,,,unknown,killed,,,,,,10521.893,,,,,,
lltp,ILL/petri-nets/MCC,,,JoinFreeModules_joinFree-50_100_1.p,classical,auto,1,false,,5,0,3,,unknown,context_too_wide,,focus,MELL,25606,103,0.965,1,0,0,0,0,0
lltp,ILL/petri-nets/MCC,,,JoinFreeModules_joinFree-50_1_1.p,classical,auto,1,false,,5,0,3,,unknown,context_too_wide,,focus,MELL,25606,103,2.247,1,0,0,368,0,0
lltp,ILL/petri-nets/MCC,,,JoinFreeModules_joinFree-50_20_1.p,classical,auto,1,false,,5,0,3,,unknown,context_too_wide,,focus,MELL,25606,103,6.577,1,0,0,1481,0,0
lltp,ILL/petri-nets/MCC,,,JoinFreeModules_joinFree-50_50_1.p,classical,auto,1,false,,5,0,3,,unknown,context_too_wide,,focus,MELL,25606,103,0.965,1,0,0,0,0,0
lltp,ILL/petri-nets/MCC,,,JoinFreeModules_joinFree-50_5_1.p,classical,auto,1,false,,5,0,3,,unknown,recursion_limit,,focus,MELL,25606,103,7.030,1,0,0,1645,0,0
lltp,ILL/petri-nets/MCC,,,JoinFreeModules_joinFree-5_10_1.p,classical,auto,1,false,,5,0,3,,unknown,timeout,,focus,MELL,766,13,5020.352,3586,3520,65,92000256,0,0
lltp,ILL/petri-nets/MCC,,,JoinFreeModules_joinFree-5_1_1.p,classical,auto,1,false,,5,0,3,,proved,,ok,focus,MELL,766,13,0.110,3,0,2,113,0,0
lltp,ILL/petri-nets/MCC,,,JoinFreeModules_joinFree-5_20_1.p,classical,auto,1,false,,5,0,3,,unknown,timeout,,focus,MELL,766,13,5004.252,1,0,0,102895616,0,0
lltp,ILL/petri-nets/MCC,,,JoinFreeModules_joinFree-5_5_1.p,classical,auto,1,false,,5,0,3,,unknown,timeout,,focus,MELL,766,13,5011.037,1388,1363,24,102146048,0,0
lltp,ILL/petri-nets/MCC,,,Kanban-1000_100_1.p,classical,auto,1,false,,5,0,3,,unknown,context_too_wide,,focus,MELL,16078,1001,0.351,1,0,0,0,0,0
lltp,ILL/petri-nets/MCC,,,Kanban-1000_10_1.p,classical,auto,1,false,,5,0,3,,unknown,context_too_wide,,focus,MELL,16078,1001,0.335,1,0,0,0,0,0
lltp,ILL/petri-nets/MCC,,,Kanban-1000_1_1.p,classical,auto,1,false,,5,0,3,,unknown,context_too_wide,,focus,MELL,16078,1001,0.339,1,0,0,0,0,0
lltp,ILL/petri-nets/MCC,,,Kanban-1000_20_1.p,classical,auto,1,false,,5,0,3,,unknown,context_too_wide,,focus,MELL,16078,1001,0.328,1,0,0,0,0,0
lltp,ILL/petri-nets/MCC,,,Kanban-1000_50_1.p,classical,auto,1,false,,5,0,3,,unknown,context_too_wide,,focus,MELL,16078,1001,0.333,1,0,0,0,0,0
lltp,ILL/petri-nets/MCC,,,Kanban-1000_5_1.p,classical,auto,1,false,,5,0,3,,unknown,context_too_wide,,focus,MELL,16078,1001,0.334,1,0,0,0,0,0
lltp,ILL/petri-nets/MCC,,,Kanban-100_100_1.p,classical,auto,1,false,,5,0,3,,unknown,context_too_wide,,focus,MELL,1678,102,0.039,1,0,0,0,0,0
lltp,ILL/petri-nets/MCC,,,Kanban-100_10_1.p,classical,auto,1,false,,5,0,3,,unknown,context_too_wide,,focus,MELL,1678,101,0.039,1,0,0,0,0,0
lltp,ILL/petri-nets/MCC,,,Kanban-100_1_1.p,classical,auto,1,false,,5,0,3,,unknown,context_too_wide,,focus,MELL,1678,101,0.043,1,0,0,0,0,0
lltp,ILL/petri-nets/MCC,,,Kanban-100_20_1.p,classical,auto,1,false,,5,0,3,,unknown,context_too_wide,,focus,MELL,1678,101,0.039,1,0,0,0,0,0
lltp,ILL/petri-nets/MCC,,,Kanban-100_50_1.p,classical,auto,1,false,,5,0,3,,unknown,context_too_wide,,focus,MELL,1678,101,0.039,1,0,0,0,0,0
lltp,ILL/petri-nets/MCC,,,Kanban-100_5_1.p,classical,auto,1,false,,5,0,3,,unknown,context_too_wide,,focus,MELL,1678,101,0.039,1,0,0,0,0,0
lltp,ILL/petri-nets/MCC,,,Kanban-10_10_1.p,classical,auto,1,false,,5,0,3,,unknown,timeout,,focus,MELL,238,12,5024.682,1,0,0,135020544,0,0
lltp,ILL/petri-nets/MCC,,,Kanban-10_1_1.p,classical,auto,1,false,,5,0,3,,unknown,timeout,,focus,MELL,238,11,5097.335,1,0,0,101376000,0,0
lltp,ILL/petri-nets/MCC,,,Kanban-10_20_1.p,classical,auto,1,false,,5,0,3,,unknown,timeout,,focus,MELL,238,11,5020.243,1,0,0,136609792,0,0
lltp,ILL/petri-nets/MCC,,,Kanban-10_5_1.p,classical,auto,1,false,,5,0,3,,unknown,timeout,,focus,MELL,238,11,5003.952,1,0,0,152584192,0,0
lltp,ILL/petri-nets/MCC,,,Kanban-200_100_1.p,classical,auto,1,false,,5,0,3,,unknown,context_too_wide,,focus,MELL,3278,201,0.064,1,0,0,0,0,0
lltp,ILL/petri-nets/MCC,,,Kanban-200_10_1.p,classical,auto,1,false,,5,0,3,,unknown,context_too_wide,,focus,MELL,3278,201,0.064,1,0,0,0,0,0
lltp,ILL/petri-nets/MCC,,,Kanban-200_1_1.p,classical,auto,1,false,,5,0,3,,unknown,context_too_wide,,focus,MELL,3278,201,0.064,1,0,0,0,0,0
lltp,ILL/petri-nets/MCC,,,Kanban-200_20_1.p,classical,auto,1,false,,5,0,3,,unknown,context_too_wide,,focus,MELL,3278,201,0.066,1,0,0,0,0,0
lltp,ILL/petri-nets/MCC,,,Kanban-200_50_1.p,classical,auto,1,false,,5,0,3,,unknown,context_too_wide,,focus,MELL,3278,201,0.064,1,0,0,0,0,0
lltp,ILL/petri-nets/MCC,,,Kanban-200_5_1.p,classical,auto,1,false,,5,0,3,,unknown,context_too_wide,,focus,MELL,3278,201,0.062,1,0,0,0,0,0
lltp,ILL/petri-nets/MCC,,,Kanban-20_10_1.p,classical,auto,1,false,,5,0,3,,unknown,context_too_wide,,focus,MELL,398,21,0.017,1,0,0,0,0,0
lltp,ILL/petri-nets/MCC,,,Kanban-20_1_1.p,classical,auto,1,false,,5,0,3,,unknown,context_too_wide,,focus,MELL,398,21,0.017,1,0,0,0,0,0
lltp,ILL/petri-nets/MCC,,,Kanban-20_20_1.p,classical,auto,1,false,,5,0,3,,unknown,context_too_wide,,focus,MELL,398,22,0.018,1,0,0,0,0,0
lltp,ILL/petri-nets/MCC,,,Kanban-20_5_1.p,classical,auto,1,false,,5,0,3,,unknown,context_too_wide,,focus,MELL,398,21,0.017,1,0,0,0,0,0
lltp,ILL/petri-nets/MCC,,,Kanban-500_100_1.p,classical,auto,1,false,,5,0,3,,unknown,context_too_wide,,focus,MELL,8078,501,0.182,1,0,0,0,0,0
lltp,ILL/petri-nets/MCC,,,Kanban-500_10_1.p,classical,auto,1,false,,5,0,3,,unknown,context_too_wide,,focus,MELL,8078,501,0.180,1,0,0,0,0,0
lltp,ILL/petri-nets/MCC,,,Kanban-500_1_1.p,classical,auto,1,false,,5,0,3,,unknown,context_too_wide,,focus,MELL,8078,501,0.174,1,0,0,0,0,0
lltp,ILL/petri-nets/MCC,,,Kanban-500_20_1.p,classical,auto,1,false,,5,0,3,,unknown,context_too_wide,,focus,MELL,8078,501,0.194,1,0,0,0,0,0
lltp,ILL/petri-nets/MCC,,,Kanban-500_50_1.p,classical,auto,1,false,,5,0,3,,unknown,context_too_wide,,focus,MELL,8078,501,0.172,1,0,0,0,0,0
lltp,ILL/petri-nets/MCC,,,Kanban-500_5_1.p,classical,auto,1,false,,5,0,3,,unknown,context_too_wide,,focus,MELL,8078,501,0.171,1,0,0,0,0,0
lltp,ILL/petri-nets/MCC,,,Kanban-50_10_1.p,classical,auto,1,false,,5,0,3,,unknown,context_too_wide,,focus,MELL,878,51,0.024,1,0,0,0,0,0
lltp,ILL/petri-nets/MCC,,,Kanban-50_1_1.p,classical,auto,1,false,,5,0,3,,unknown,context_too_wide,,focus,MELL,878,51,0.025,1,0,0,0,0,0
lltp,ILL/petri-nets/MCC,,,Kanban-50_20_1.p,classical,auto,1,false,,5,0,3,,unknown,context_too_wide,,focus,MELL,878,51,0.024,1,0,0,0,0,0
lltp,ILL/petri-nets/MCC,,,Kanban-50_50_1.p,classical,auto,1,false,,5,0,3,,unknown,context_too_wide,,focus,MELL,878,52,0.025,1,0,0,0,0,0
lltp,ILL/petri-nets/MCC,,,Kanban-50_5_1.p,classical,auto,1,false,,5,0,3,,unknown,context_too_wide,,focus,MELL,878,51,0.025,1,0,0,0,0,0
lltp,ILL/petri-nets/MCC,,,Kanban-5_10_1.p,classical,auto,1,false,,5,0,3,,unknown,timeout,,focus,MELL,158,6,5034.792,1,0,0,138575872,0,0
lltp,ILL/petri-nets/MCC,,,Kanban-5_1_1.p,classical,auto,1,false,,5,0,3,,proved,,ok,focus,MELL,158,6,416.588,8,0,6,8652378,0,0
lltp,ILL/petri-nets/MCC,,,Kanban-5_20_1.p,classical,auto,1,false,,5,0,3,,unknown,timeout,,focus,MELL,158,6,5015.181,1,0,0,138903552,0,0
lltp,ILL/petri-nets/MCC,,,Kanban-5_50_1.p,classical,auto,1,false,,5,0,3,,unknown,timeout,,focus,MELL,158,6,5035.052,1,0,0,137854976,0,0
lltp,ILL/petri-nets/MCC,,,Kanban-5_5_1.p,classical,auto,1,false,,5,0,3,,unknown,timeout,,focus,MELL,158,7,5033.655,1,0,0,136364032,0,0
lltp,ILL/petri-nets/MCC,,,LamportFastMutEx_lamport_fmea-2_100_1.p,classical,auto,1,false,,5,0,3,,unknown,timeout,,focus,MELL,826,22,5005.158,32400421,32319717,75892,61101474,0,0
lltp,ILL/petri-nets/MCC,,,LamportFastMutEx_lamport_fmea-2_10_1.p,classical,auto,1,false,,5,0,3,,unknown,timeout,,focus,MELL,826,22,5005.302,21629529,21564389,62134,62453258,0,0
lltp,ILL/petri-nets/MCC,,,LamportFastMutEx_lamport_fmea-2_1_1.p,classical,auto,1,false,,5,0,3,,proved,,ok,focus,MELL,826,22,1.114,1397,723,669,9165,0,0
lltp,ILL/petri-nets/MCC,,,LamportFastMutEx_lamport_fmea-2_20_1.p,classical,auto,1,false,,5,0,3,,unknown,timeout,,focus,MELL,830,22,5007.569,1277181,1265250,11626,70629329,0,0
lltp,ILL/petri-nets/MCC,,,LamportFastMutEx_lamport_fmea-2_50_1.p,classical,auto,1,false,,5,0,3,,unknown,timeout,,focus,MELL,826,22,5005.131,32416159,32335382,75962,61132670,0,0
lltp,ILL/petri-nets/MCC,,,LamportFastMutEx_lamport_fmea-2_5_1.p,classical,auto,1,false,,5,0,3,,unknown,timeout,,focus,MELL,826,22,5004.962,16097257,16038229,56350,64500752,0,0
lltp,ILL/petri-nets/MCC,,,LamportFastMutEx_lamport_fmea-3_100_1.p,classical,auto,1,false,,5,0,3,,unknown,timeout,,focus,MELL,1358,33,5010.750,36183906,36101648,81269,49600010,0,0
lltp,ILL/petri-nets/MCC,,,LamportFastMutEx_lamport_fmea-3_10_1.p,classical,auto,1,false,,5,0,3,,unknown,timeout,,focus,MELL,1358,33,5004.830,11030429,10984305,45770,48742851,0,0
lltp,ILL/petri-nets/MCC,,,LamportFastMutEx_lamport_fmea-3_1_1.p,classical,auto,1,false,,5,0,3,,proved,,ok,focus,MELL,1358,33,4.380,3541,1443,2093,28848,0,0
lltp,ILL/petri-nets/MCC,,,LamportFastMutEx_lamport_fmea-3_20_1.p,classical,auto,1,false,,5,0,3,,unknown,timeout,,focus,MELL,1358,33,5001.686,41691182,41674263,16788,62298493,0,0
lltp,ILL/petri-nets/MCC,,,LamportFastMutEx_lamport_fmea-3_50_1.p,classical,auto,1,false,,5,0,3,,unknown,timeout,,focus,MELL,1358,33,5009.172,29899326,29824077,74315,49614304,0,0
lltp,ILL/petri-nets/MCC,,,LamportFastMutEx_lamport_fmea-3_5_1.p,classical,auto,1,false,,5,0,3,,unknown,timeout,,focus,MELL,1358,33,5013.688,15414595,15321207,90821,49366592,0,0
lltp,ILL/petri-nets/MCC,,,LamportFastMutEx_lamport_fmea-4_100_1.p,classical,auto,1,false,,5,0,3,,unknown,timeout,,focus,MELL,2018,46,5027.832,22201,0,22199,35495936,0,0
lltp,ILL/petri-nets/MCC,,,LamportFastMutEx_lamport_fmea-4_10_1.p,classical,auto,1,false,,5,0,3,,unknown,timeout,,focus,MELL,2018,46,5009.660,7841,0,7839,36464614,0,0
lltp,ILL/petri-nets/MCC,,,LamportFastMutEx_lamport_fmea-4_1_1.p,classical,auto,1,false,,5,0,3,,proved,,ok,focus,MELL,2018,46,11.204,5973,2403,3565,62495,0,0
lltp,ILL/petri-nets/MCC,,,LamportFastMutEx_lamport_fmea-4_20_1.p,classical,auto,1,false,,5,0,3,,unknown,timeout,,focus,MELL,2026,46,5044.939,1,0,0,40566784,0,0
lltp,ILL/petri-nets/MCC,,,LamportFastMutEx_lamport_fmea-4_50_1.p,classical,auto,1,false,,5,0,3,,unknown,timeout,,focus,MELL,2018,46,5011.249,1730,0,1728,36081664,0,0
lltp,ILL/petri-nets/MCC,,,LamportFastMutEx_lamport_fmea-4_5_1.p,classical,auto,1,false,,5,0,3,,unknown,timeout,,focus,MELL,2018,46,5005.990,1486569,1470882,15621,38711477,0,0
lltp,ILL/petri-nets/MCC,,,LamportFastMutEx_lamport_fmea-5_100_1.p,classical,auto,1,false,,5,0,3,,unknown,timeout,,focus,MELL,2806,61,5040.758,18821103,18604007,217094,32658127,0,0
lltp,ILL/petri-nets/MCC,,,LamportFastMutEx_lamport_fmea-5_10_1.p,classical,auto,1,false,,5,0,3,,unknown,timeout,,focus,MELL,2806,61,5029.050,4739948,4585923,153990,30316864,0,0
lltp,ILL/petri-nets/MCC,,,LamportFastMutEx_lamport_fmea-5_1_1.p,classical,auto,1,false,,5,0,3,,proved,,ok,focus,MELL,2806,61,47.410,16629,3603,13021,204966,0,0
lltp,ILL/petri-nets/MCC,,,LamportFastMutEx_lamport_fmea-5_20_1.p,classical,auto,1,false,,5,0,3,,unknown,timeout,,focus,MELL,2806,61,5000.054,29461791,29461661,128,59505063,0,0
lltp,ILL/petri-nets/MCC,,,LamportFastMutEx_lamport_fmea-5_50_1.p,classical,auto,1,false,,5,0,3,,unknown,timeout,,focus,MELL,2806,61,5000.750,3506,0,3504,26779648,0,0
lltp,ILL/petri-nets/MCC,,,LamportFastMutEx_lamport_fmea-5_5_1.p,classical,auto,1,false,,5,0,3,,unknown,timeout,,focus,MELL,2806,61,5004.056,79566,72594,6954,29799044,0,0
lltp,ILL/petri-nets/MCC,,,LamportFastMutEx_lamport_fmea-6_100_1.p,classical,auto,1,false,,5,0,3,,unknown,timeout,,focus,MELL,3722,78,5034.355,140171,0,140169,20836566,0,0
lltp,ILL/petri-nets/MCC,,,LamportFastMutEx_lamport_fmea-6_10_1.p,classical,auto,1,false,,5,0,3,,unknown,timeout,,focus,MELL,3722,78,5094.490,1,0,0,22069248,0,0
lltp,ILL/petri-nets/MCC,,,LamportFastMutEx_lamport_fmea-6_1_1.p,classical,auto,1,false,,5,0,3,,proved,,ok,focus,MELL,3722,78,180.784,38837,5043,33789,634047,0,0
lltp,ILL/petri-nets/MCC,,,LamportFastMutEx_lamport_fmea-6_20_1.p,classical,auto,1,false,,5,0,3,,unknown,timeout,,focus,MELL,3722,78,5000.050,20665568,20665454,112,51657804,0,0
lltp,ILL/petri-nets/MCC,,,LamportFastMutEx_lamport_fmea-6_50_1.p,classical,auto,1,false,,5,0,3,,unknown,timeout,,focus,MELL,3722,78,5032.412,142235,0,142233,19235400,0,0
lltp,ILL/petri-nets/MCC,,,LamportFastMutEx_lamport_fmea-6_5_1.p,classical,auto,1,false,,5,0,3,,unknown,timeout,,focus,MELL,3722,78,5154.957,1,0,0,22306816,0,0
lltp,ILL/petri-nets/MCC,,,LamportFastMutEx_lamport_fmea-7_100_1.p,classical,auto,1,false,,5,0,3,,unknown,timeout,,focus,MELL,4766,97,5144.898,1,0,0,15671296,0,0
lltp,ILL/petri-nets/MCC,,,LamportFastMutEx_lamport_fmea-7_10_1.p,classical,auto,1,false,,5,0,3,,unknown,timeout,,focus,MELL,4766,97,5177.612,1,0,0,17743872,0,0
lltp,ILL/petri-nets/MCC,,,LamportFastMutEx_lamport_fmea-7_1_1.p,classical,auto,1,false,,5,0,3,,proved,,ok,focus,MELL,4766,97,1120.675,204693,6723,197965,2770244,0,0
lltp,ILL/petri-nets/MCC,,,LamportFastMutEx_lamport_fmea-7_20_1.p,classical,auto,1,false,,5,0,3,,unknown,timeout,,focus,MELL,4766,97,5000.095,16371308,16371218,88,43791816,0,0
lltp,ILL/petri-nets/MCC,,,LamportFastMutEx_lamport_fmea-7_50_1.p,classical,auto,1,false,,5,0,3,,unknown,timeout,,focus,MELL,4766,97,5010.683,51895,0,51893,16585860,0,0
lltp,ILL/petri-nets/MCC,,,LamportFastMutEx_lamport_fmea-7_5_1.p,classical,auto,1,false,,5,0,3,,unknown,timeout,,focus,MELL,4766,97,5110.927,1,0,0,17178624,0,0
lltp,ILL/petri-nets/MCC,,,LamportFastMutEx_lamport_fmea-8_100_1.p,classical,auto,1,false,,5,0,3,,unknown,timeout,,focus,MELL,5938,118,5197.630,1,0,0,12554240,0,0
lltp,ILL/petri-nets/MCC,,,LamportFastMutEx_lamport_fmea-8_10_1.p,classical,auto,1,false,,5,0,3,,unknown,timeout,,focus,MELL,5938,118,5070.529,1,0,0,15364096,0,0
lltp,ILL/petri-nets/MCC,,,LamportFastMutEx_lamport_fmea-8_1_1.p,classical,auto,1,false,,5,0,3,,unknown,timeout,,focus,MELL,5938,118,5187.836,718446,8642,709798,10520420,0,0
lltp,ILL/petri-nets/MCC,,,LamportFastMutEx_lamport_fmea-8_20_1.p,classical,auto,1,false,,5,0,3,,unknown,timeout,,focus,MELL,5938,118,5000.099,13497643,13497577,64,39286589,0,0
lltp,ILL/petri-nets/MCC,,,LamportFastMutEx_lamport_fmea-8_50_1.p,classical,auto,1,false,,5,0,3,,unknown,timeout,,focus,MELL,5938,118,5204.618,1,0,0,12554240,0,0
lltp,ILL/petri-nets/MCC,,,LamportFastMutEx_lamport_fmea-8_5_1.p,classical,auto,1,false,,5,0,3,,unknown,timeout,,focus,MELL,5938,118,5123.774,1,0,0,13320192,0,0
lltp,ILL/petri-nets/MCC,,,MAPK-160_100_1.p,classical,auto,1,false,,5,0,3,,unknown,context_too_wide,,focus,MELL,2978,162,0.062,1,0,0,0,0,0
lltp,ILL/petri-nets/MCC,,,MAPK-160_10_1.p,classical,auto,1,false,,5,0,3,,unknown,context_too_wide,,focus,MELL,3058,162,0.351,2,0,1,90,0,0
lltp,ILL/petri-nets/MCC,,,MAPK-160_1_1.p,classical,auto,1,false,,5,0,3,,unknown,context_too_wide,,focus,MELL,3056,162,0.091,1,0,0,39,0,0
lltp,ILL/petri-nets/MCC,,,MAPK-160_20_1.p,classical,auto,1,false,,5,0,3,,unknown,context_too_wide,,focus,MELL,3058,162,0.346,2,0,1,90,0,0
lltp,ILL/petri-nets/MCC,,,MAPK-160_50_1.p,classical,auto,1,false,,5,0,3,,unknown,context_too_wide,,focus,MELL,2974,162,0.061,1,0,0,0,0,0
lltp,ILL/petri-nets/MCC,,,MAPK-160_5_1.p,classical,auto,1,false,,5,0,3,,unknown,context_too_wide,,focus,MELL,3056,162,0.092,1,0,0,40,0,0
lltp,ILL/petri-nets/MCC,,,MAPK-20_100_1.p,classical,auto,1,false,,5,0,3,,unknown,context_too_wide,,focus,MELL,526,22,0.023,1,0,0,0,0,0
lltp,ILL/petri-nets/MCC,,,MAPK-20_10_1.p,classical,auto,1,false,,5,0,3,,unknown,context_too_wide,,focus,MELL,538,22,0.068,2,0,1,20,0,0
lltp,ILL/petri-nets/MCC,,,MAPK-20_1_1.p,classical,auto,1,false,,5,0,3,,unknown,context_too_wide,,focus,MELL,536,22,0.026,1,0,0,4,0,0
lltp,ILL/petri-nets/MCC,,,MAPK-20_20_1.p,classical,auto,1,false,,5,0,3,,unknown,context_too_wide,,focus,MELL,538,22,0.064,2,0,1,20,0,0
lltp,ILL/petri-nets/MCC,,,MAPK-20_50_1.p,classical,auto,1,false,,5,0,3,,unknown,context_too_wide,,focus,MELL,526,22,0.023,1,0,0,0,0,0
lltp,ILL/petri-nets/MCC,,,MAPK-20_5_1.p,classical,auto,1,false,,5,0,3,,unknown,context_too_wide,,focus,MELL,536,22,0.025,1,0,0,5,0,0
lltp,ILL/petri-nets/MCC,,,MAPK-320_100_1.p,classical,auto,1,false,,5,0,3,,unknown,context_too_wide,,focus,MELL,5778,322,0.126,1,0,0,0,0,0
lltp,ILL/petri-nets/MCC,,,MAPK-320_10_1.p,classical,auto,1,false,,5,0,3,,unknown,context_too_wide,,focus,MELL,5938,322,0.832,2,0,1,170,0,0
lltp,ILL/petri-nets/MCC,,,MAPK-320_1_1.p,classical,auto,1,false,,5,0,3,,unknown,context_too_wide,,focus,MELL,5936,322,0.296,1,0,0,79,0,0
lltp,ILL/petri-nets/MCC,,,MAPK-320_20_1.p,classical,auto,1,false,,5,0,3,,unknown,context_too_wide,,focus,MELL,5938,322,0.815,2,0,1,170,0,0
lltp,ILL/petri-nets/MCC,,,MAPK-320_50_1.p,classical,auto,1,false,,5,0,3,,unknown,context_too_wide,,focus,MELL,5838,322,0.190,1,0,0,30,0,0
lltp,ILL/petri-nets/MCC,,,MAPK-320_5_1.p,classical,auto,1,false,,5,0,3,,unknown,context_too_wide,,focus,MELL,5936,322,0.300,1,0,0,80,0,0
lltp,ILL/petri-nets/MCC,,,MAPK-40_100_1.p,classical,auto,1,false,,5,0,3,,unknown,context_too_wide,,focus,MELL,878,42,0.027,1,0,0,0,0,0
lltp,ILL/petri-nets/MCC,,,MAPK-40_10_1.p,classical,auto,1,false,,5,0,3,,unknown,context_too_wide,,focus,MELL,898,42,0.100,2,0,1,30,0,0
lltp,ILL/petri-nets/MCC,,,MAPK-40_1_1.p,classical,auto,1,false,,5,0,3,,unknown,context_too_wide,,focus,MELL,896,42,0.032,1,0,0,9,0,0
lltp,ILL/petri-nets/MCC,,,MAPK-40_20_1.p,classical,auto,1,false,,5,0,3,,unknown,context_too_wide,,focus,MELL,898,42,0.100,2,0,1,30,0,0
lltp,ILL/petri-nets/MCC,,,MAPK-40_50_1.p,classical,auto,1,false,,5,0,3,,unknown,context_too_wide,,focus,MELL,878,42,0.027,1,0,0,1,0,0
lltp,ILL/petri-nets/MCC,,,MAPK-40_5_1.p,classical,auto,1,false,,5,0,3,,unknown,context_too_wide,,focus,MELL,896,42,0.032,1,0,0,10,0,0
lltp,ILL/petri-nets/MCC,,,MAPK-80_100_1.p,classical,auto,1,false,,5,0,3,,unknown,context_too_wide,,focus,MELL,1578,82,0.038,1,0,0,0,0,0
lltp,ILL/petri-nets/MCC,,,MAPK-80_10_1.p,classical,auto,1,false,,5,0,3,,unknown,context_too_wide,,focus,MELL,1618,82,0.179,2,0,1,50,0,0
lltp,ILL/petri-nets/MCC,,,MAPK-80_1_1.p,classical,auto,1,false,,5,0,3,,unknown,context_too_wide,,focus,MELL,1616,82,0.048,1,0,0,19,0,0
lltp,ILL/petri-nets/MCC,,,MAPK-80_20_1.p,classical,auto,1,false,,5,0,3,,unknown,context_too_wide,,focus,MELL,1618,82,0.183,2,0,1,50,0,0
lltp,ILL/petri-nets/MCC,,,MAPK-80_50_1.p,classical,auto,1,false,,5,0,3,,unknown,context_too_wide,,focus,MELL,1578,82,0.041,1,0,0,0,0,0
lltp,ILL/petri-nets/MCC,,,MAPK-80_5_1.p,classical,auto,1,false,,5,0,3,,unknown,context_too_wide,,focus,MELL,1616,82,0.050,1,0,0,20,0,0
lltp,ILL/petri-nets/MCC,,,MAPK-8_10_1.p,classical,auto,1,false,,5,0,3,,unknown,timeout,,focus,MELL,322,10,5042.737,7737056,0,1048576,7737068,0,0
lltp,ILL/petri-nets/MCC,,,MAPK-8_1_1.p,classical,auto,1,false,,5,0,3,,unknown,timeout,,focus,MELL,320,10,5000.359,1,0,0,108785664,0,0
lltp,ILL/petri-nets/MCC,,,MAPK-8_20_1.p,classical,auto,1,false,,5,0,3,,unknown,timeout,,focus,MELL,322,10,5043.185,7739999,0,1048576,7740011,0,0
lltp,ILL/petri-nets/MCC,,,MAPK-8_50_1.p,classical,auto,1,false,,5,0,3,,unknown,timeout,,focus,MELL,318,10,5021.194,1,0,0,121143296,0,0
lltp,ILL/petri-nets/MCC,,,MAPK-8_5_1.p,classical,auto,1,false,,5,0,3,,unknown,timeout,,focus,MELL,320,10,6341.678,1,0,0,134991872,0,0
lltp,ILL/petri-nets/MCC,,,MultiwaySync_100_1.p,classical,auto,1,false,,5,0,3,,unknown,timeout,,focus,MELL,3044,167,5044.738,3,0,1,18636800,0,0
lltp,ILL/petri-nets/MCC,,,MultiwaySync_1_1.p,classical,auto,1,false,,5,0,3,,unknown,timeout,,focus,MELL,3046,167,5073.168,3,0,1,23056384,0,0
lltp,ILL/petri-nets/MCC,,,MultiwaySync_20_1.p,classical,auto,1,false,,5,0,3,,unknown,timeout,,focus,MELL,3046,167,5046.424,3,0,1,18636800,0,0
lltp,ILL/petri-nets/MCC,,,MultiwaySync_50_1.p,classical,auto,1,false,,5,0,3,,unknown,timeout,,focus,MELL,3044,167,5063.812,3,0,1,18636800,0,0
lltp,ILL/petri-nets/MCC,,,MultiwaySync_5_1.p,classical,auto,1,false,,5,0,3,,unknown,timeout,,focus,MELL,3046,167,5045.344,3,0,1,21590016,0,0
lltp,ILL/petri-nets/MCC,,,NeighborGrid_z_2d_3n_1m_c_1_2_100_1.p,classical,auto,1,false,,5,0,3,,unknown,timeout,,focus,MELL,194,12,5024.389,297830,297661,168,111722496,0,0
lltp,ILL/petri-nets/MCC,,,NeighborGrid_z_2d_3n_1m_c_1_2_10_1.p,classical,auto,1,false,,5,0,3,,unknown,timeout,,focus,MELL,194,10,5006.217,84489,82426,2014,109163093,0,0
lltp,ILL/petri-nets/MCC,,,NeighborGrid_z_2d_3n_1m_c_1_2_1_1.p,classical,auto,1,false,,5,0,3,,proved,,ok,focus,MELL,194,9,0.901,20,0,17,19655,0,0
lltp,ILL/petri-nets/MCC,,,NeighborGrid_z_2d_3n_1m_c_1_2_20_1.p,classical,auto,1,false,,5,0,3,,unknown,timeout,,focus,MELL,194,12,5010.141,297830,297661,168,110952448,0,0
lltp,ILL/petri-nets/MCC,,,NeighborGrid_z_2d_3n_1m_c_1_2_50_1.p,classical,auto,1,false,,5,0,3,,unknown,timeout,,focus,MELL,194,12,5032.709,297830,297661,168,111722496,0,0
lltp,ILL/petri-nets/MCC,,,NeighborGrid_z_2d_3n_1m_c_1_2_5_1.p,classical,auto,1,false,,5,0,3,,proved,,ok,focus,MELL,194,9,8.456,3708,3581,119,183881,0,0
lltp,ILL/petri-nets/MCC,,,NeighborGrid_z_2d_3n_1m_t_1_2_10_1.p,classical,auto,1,false,,5,0,3,,proved,,ok,focus,MELL,322,11,1528.081,18036852,18036205,633,25337676,0,0
lltp,ILL/petri-nets/MCC,,,NeighborGrid_z_2d_3n_1m_t_1_2_1_1.p,classical,auto,1,false,,5,0,3,,proved,,ok,focus,MELL,322,10,3.478,26,0,23,58718,0,0
lltp,ILL/petri-nets/MCC,,,NeighborGrid_z_2d_3n_1m_t_1_2_20_1.p,classical,auto,1,false,,5,0,3,,proved,,ok,focus,MELL,322,11,1546.123,18036852,18036205,633,25337676,0,0
lltp,ILL/petri-nets/MCC,,,NeighborGrid_z_2d_3n_1m_t_1_2_50_1.p,classical,auto,1,false,,5,0,3,,proved,,ok,focus,MELL,322,11,1577.458,18036852,18036205,633,25337676,0,0
lltp,ILL/petri-nets/MCC,,,NeighborGrid_z_2d_3n_1m_t_1_2_5_1.p,classical,auto,1,false,,5,0,3,,unknown,timeout,,focus,MELL,322,11,5000.045,56500135,56499589,544,85320056,0,0
lltp,ILL/petri-nets/MCC,,,NeighborGrid_z_3d_3n_1m_t_1_1_1_1.p,classical,auto,1,false,,5,0,3,,proved,,ok,focus,MELL,754,8,0.168,22,1,18,225,0,0
lltp,ILL/petri-nets/MCC,,,NeighborGrid_z_3d_3n_1m_t_1_1_20_1.p,classical,auto,1,false,,5,0,3,,proved,,ok,focus,MELL,754,7,0.059,1,0,1,26,0,0
lltp,ILL/petri-nets/MCC,,,NeighborGrid_z_3d_3n_1m_t_1_1_5_1.p,classical,auto,1,false,,5,0,3,,proved,,ok,focus,MELL,754,8,0.157,22,0,19,230,0,0
lltp,ILL/petri-nets/MCC,,,NeighborGrid_z_4d_3n_2m_c_2_3_1_1.p,classical,auto,1,false,,5,0,3,,unknown,timeout,,focus,MELL,7174,58,5094.997,1,0,0,6053888,0,0
lltp,ILL/petri-nets/MCC,,,NeighborGrid_z_4d_3n_2m_c_2_3_20_1.p,classical,auto,1,false,,5,0,3,,unknown,timeout,,focus,MELL,7174,58,5101.670,1,0,0,6316032,0,0
lltp,ILL/petri-nets/MCC,,,NeighborGrid_z_4d_3n_2m_c_2_3_5_1.p,classical,auto,1,false,,5,0,3,,unknown,timeout,,focus,MELL,7174,58,5006.041,1,0,0,5963776,0,0
lltp,ILL/petri-nets/MCC,,,NeighborGrid_z_5d_4n_1m_t_3_5_1_1.p,classical,auto,1,false,,5,0,3,,unknown,recursion_limit,,focus,MELL,790526,194,120.981,0,0,0,0,0,0
lltp,ILL/petri-nets/MCC,,,NeighborGrid_z_5d_4n_1m_t_3_5_20_1.p,classical,auto,1,false,,5,0,3,,unknown,recursion_limit,,focus,MELL,790526,197,116.785,0,0,0,0,0,0
lltp,ILL/petri-nets/MCC,,,NeighborGrid_z_5d_4n_1m_t_3_5_5_1.p,classical,auto,1,false,,5,0,3,,unknown,recursion_limit,,focus,MELL,790526,195,123.201,0,0,0,0,0,0
lltp,ILL/petri-nets/MCC,,,NeoElection_neoelection-2.unf_10_1.p,classical,auto,1,false,,5,0,3,,unknown,timeout,,focus,MELL,4046,117,5003.265,2973284,2971233,2049,26312802,0,0
lltp,ILL/petri-nets/MCC,,,NeoElection_neoelection-2.unf_1_1.p,classical,auto,1,false,,5,0,3,,unknown,timeout,,focus,MELL,4042,117,5129.703,1292,1261,30,25542656,0,0
lltp,ILL/petri-nets/MCC,,,NeoElection_neoelection-2.unf_20_1.p,classical,auto,1,false,,5,0,3,,unknown,timeout,,focus,MELL,4046,117,5107.336,1,0,0,24301568,0,0
lltp,ILL/petri-nets/MCC,,,NeoElection_neoelection-2.unf_50_1.p,classical,auto,1,false,,5,0,3,,unknown,timeout,,focus,MELL,4042,117,5037.730,1,0,0,24928256,0,0
lltp,ILL/petri-nets/MCC,,,NeoElection_neoelection-2.unf_5_1.p,classical,auto,1,false,,5,0,3,,unknown,timeout,,focus,MELL,4046,117,5029.567,3297325,3295274,2049,26820087,0,0
lltp,ILL/petri-nets/MCC,,,NeoElection_neoelection-3.unf_100_1.p,classical,auto,1,false,,5,0,3,,unknown,timeout,,focus,MELL,11774,268,5211.357,1,0,0,8560640,0,0
lltp,ILL/petri-nets/MCC,,,NeoElection_neoelection-3.unf_10_1.p,classical,auto,1,false,,5,0,3,,unknown,timeout,,focus,MELL,11782,268,5249.930,1,0,0,8060928,0,0
lltp,ILL/petri-nets/MCC,,,NeoElection_neoelection-3.unf_1_1.p,classical,auto,1,false,,5,0,3,,unknown,timeout,,focus,MELL,11774,268,5240.975,1,0,0,8060928,0,0
lltp,ILL/petri-nets/MCC,,,NeoElection_neoelection-3.unf_20_1.p,classical,auto,1,false,,5,0,3,,unknown,timeout,,focus,MELL,11782,268,5316.626,1,0,0,10362880,0,0
lltp,ILL/petri-nets/MCC,,,NeoElection_neoelection-3.unf_50_1.p,classical,auto,1,false,,5,0,3,,unknown,timeout,,focus,MELL,11782,268,5261.634,1,0,0,7675904,0,0
lltp,ILL/petri-nets/MCC,,,NeoElection_neoelection-3.unf_5_1.p,classical,auto,1,false,,5,0,3,,unknown,timeout,,focus,MELL,11778,268,5186.221,1,0,0,8560640,0,0
lltp,ILL/petri-nets/MCC,,,NeoElection_neoelection-4.unf_100_1.p,classical,auto,1,false,,5,0,3,,unknown,recursion_limit,,focus,MELL,27302,515,3.455,0,0,0,0,0,0
lltp,ILL/petri-nets/MCC,,,NeoElection_neoelection-4.unf_10_1.p,classical,auto,1,false,,5,0,3,,unknown,recursion_limit,,focus,MELL,27296,515,3.282,0,0,0,0,0,0
lltp,ILL/petri-nets/MCC,,,NeoElection_neoelection-4.unf_1_1.p,classical,auto,1,false,,5,0,3,,unknown,recursion_limit,,focus,MELL,27288,515,3.409,0,0,0,0,0,0
lltp,ILL/petri-nets/MCC,,,NeoElection_neoelection-4.unf_20_1.p,classical,auto,1,false,,5,0,3,,unknown,recursion_limit,,focus,MELL,27304,515,3.371,0,0,0,0,0,0
lltp,ILL/petri-nets/MCC,,,NeoElection_neoelection-4.unf_50_1.p,classical,auto,1,false,,5,0,3,,unknown,recursion_limit,,focus,MELL,27310,515,3.045,0,0,0,0,0,0
lltp,ILL/petri-nets/MCC,,,NeoElection_neoelection-4.unf_5_1.p,classical,auto,1,false,,5,0,3,,unknown,recursion_limit,,focus,MELL,27292,515,4.417,0,0,0,0,0,0
lltp,ILL/petri-nets/MCC,,,NeoElection_neoelection-5.unf_100_1.p,classical,auto,1,false,,5,0,3,,unknown,recursion_limit,,focus,MELL,54596,882,8.005,0,0,0,0,0,0
lltp,ILL/petri-nets/MCC,,,NeoElection_neoelection-5.unf_10_1.p,classical,auto,1,false,,5,0,3,,unknown,recursion_limit,,focus,MELL,54572,882,7.144,0,0,0,0,0,0
lltp,ILL/petri-nets/MCC,,,NeoElection_neoelection-5.unf_1_1.p,classical,auto,1,false,,5,0,3,,unknown,recursion_limit,,focus,MELL,54562,882,7.376,0,0,0,0,0,0
lltp,ILL/petri-nets/MCC,,,NeoElection_neoelection-5.unf_20_1.p,classical,auto,1,false,,5,0,3,,unknown,recursion_limit,,focus,MELL,54582,882,8.121,0,0,0,0,0,0
lltp,ILL/petri-nets/MCC,,,NeoElection_neoelection-5.unf_50_1.p,classical,auto,1,false,,5,0,3,,unknown,recursion_limit,,focus,MELL,54602,882,7.590,0,0,0,0,0,0
lltp,ILL/petri-nets/MCC,,,NeoElection_neoelection-5.unf_5_1.p,classical,auto,1,false,,5,0,3,,unknown,recursion_limit,,focus,MELL,54564,882,7.779,0,0,0,0,0,0
lltp,ILL/petri-nets/MCC,,,NeoElection_neoelection-6.unf_100_1.p,classical,auto,1,false,,5,0,3,,unknown,recursion_limit,,focus,MELL,98446,1393,12.623,0,0,0,0,0,0
lltp,ILL/petri-nets/MCC,,,NeoElection_neoelection-6.unf_10_1.p,classical,auto,1,false,,5,0,3,,unknown,recursion_limit,,focus,MELL,98402,1393,13.889,0,0,0,0,0,0
lltp,ILL/petri-nets/MCC,,,NeoElection_neoelection-6.unf_1_1.p,classical,auto,1,false,,5,0,3,,unknown,recursion_limit,,focus,MELL,98390,1393,12.673,0,0,0,0,0,0
lltp,ILL/petri-nets/MCC,,,NeoElection_neoelection-6.unf_20_1.p,classical,auto,1,false,,5,0,3,,unknown,recursion_limit,,focus,MELL,98422,1393,12.089,0,0,0,0,0,0
lltp,ILL/petri-nets/MCC,,,NeoElection_neoelection-6.unf_50_1.p,classical,auto,1,false,,5,0,3,,unknown,recursion_limit,,focus,MELL,98450,1393,12.676,0,0,0,0,0,0
lltp,ILL/petri-nets/MCC,,,NeoElection_neoelection-6.unf_5_1.p,classical,auto,1,false,,5,0,3,,unknown,recursion_limit,,focus,MELL,98394,1393,12.919,0,0,0,0,0,0
lltp,ILL/petri-nets/MCC,,,NeoElection_neoelection-7.unf_100_1.p,classical,auto,1,false,,5,0,3,,unknown,recursion_limit,,focus,MELL,164464,2072,22.416,0,0,0,0,0,0
lltp,ILL/petri-nets/MCC,,,NeoElection_neoelection-7.unf_10_1.p,classical,auto,1,false,,5,0,3,,unknown,recursion_limit,,focus,MELL,164394,2072,23.200,0,0,0,0,0,0
lltp,ILL/petri-nets/MCC,,,NeoElection_neoelection-7.unf_1_1.p,classical,auto,1,false,,5,0,3,,unknown,recursion_limit,,focus,MELL,164382,2072,23.485,0,0,0,0,0,0
lltp,ILL/petri-nets/MCC,,,NeoElection_neoelection-7.unf_20_1.p,classical,auto,1,false,,5,0,3,,unknown,recursion_limit,,focus,MELL,164416,2072,21.604,0,0,0,0,0,0
lltp,ILL/petri-nets/MCC,,,NeoElection_neoelection-7.unf_50_1.p,classical,auto,1,false,,5,0,3,,unknown,recursion_limit,,focus,MELL,164466,2072,22.134,0,0,0,0,0,0
lltp,ILL/petri-nets/MCC,,,NeoElection_neoelection-7.unf_5_1.p,classical,auto,1,false,,5,0,3,,unknown,recursion_limit,,focus,MELL,164384,2072,23.183,0,0,0,0,0,0
lltp,ILL/petri-nets/MCC,,,NeoElection_neoelection-8.unf_100_1.p,classical,auto,1,false,,5,0,3,,unknown,recursion_limit,,focus,MELL,259076,2943,36.845,0,0,0,0,0,0
lltp,ILL/petri-nets/MCC,,,NeoElection_neoelection-8.unf_10_1.p,classical,auto,1,false,,5,0,3,,unknown,recursion_limit,,focus,MELL,258972,2943,38.390,0,0,0,0,0,0
lltp,ILL/petri-nets/MCC,,,NeoElection_neoelection-8.unf_1_1.p,classical,auto,1,false,,5,0,3,,unknown,recursion_limit,,focus,MELL,258964,2943,39.610,0,0,0,0,0,0
lltp,ILL/petri-nets/MCC,,,NeoElection_neoelection-8.unf_20_1.p,classical,auto,1,false,,5,0,3,,unknown,recursion_limit,,focus,MELL,258998,2943,35.840,0,0,0,0,0,0
lltp,ILL/petri-nets/MCC,,,NeoElection_neoelection-8.unf_50_1.p,classical,auto,1,false,,5,0,3,,unknown,recursion_limit,,focus,MELL,259050,2943,35.789,0,0,0,0,0,0
lltp,ILL/petri-nets/MCC,,,NeoElection_neoelection-8.unf_5_1.p,classical,auto,1,false,,5,0,3,,unknown,recursion_limit,,focus,MELL,258964,2943,37.548,0,0,0,0,0,0
lltp,ILL/petri-nets/MCC,,,PaceMaker_100_1.p,classical,auto,1,false,,5,0,3,,unknown,context_too_wide,,focus,MELL,844834,17188,30.931,1,0,0,0,0,0
lltp,ILL/petri-nets/MCC,,,PaceMaker_1_1.p,classical,auto,1,false,,5,0,3,,unknown,context_too_wide,,focus,MELL,844834,17457,205.580,1,0,0,1594,0,0
lltp,ILL/petri-nets/MCC,,,PaceMaker_20_1.p,classical,auto,1,false,,5,0,3,,unknown,context_too_wide,,focus,MELL,844834,17457,61.058,1,0,0,274,0,0
lltp,ILL/petri-nets/MCC,,,PaceMaker_50_1.p,classical,auto,1,false,,5,0,3,,unknown,context_too_wide,,focus,MELL,844834,17188,31.034,1,0,0,0,0,0
lltp,ILL/petri-nets/MCC,,,PaceMaker_5_1.p,classical,auto,1,false,,5,0,3,,unknown,context_too_wide,,focus,MELL,844834,17188,143.440,1,0,0,1049,0,0
lltp,ILL/petri-nets/MCC,,,ParamProductionCell_closed_system1_100_1.p,classical,auto,1,false,,5,0,3,,unknown,timeout,,focus,MELL,1832,16,5046.369,1,0,0,43380736,0,0
lltp,ILL/petri-nets/MCC,,,ParamProductionCell_closed_system1_10_1.p,classical,auto,1,false,,5,0,,,unknown,killed,,,,,,10504.828,,,,,,
lltp,ILL/petri-nets/MCC,,,ParamProductionCell_closed_system1_1_1.p,classical,auto,1,false,,5,0,3,,proved,,ok,focus,MELL,1832,16,0.374,4,0,2,70,0,0
lltp,ILL/petri-nets/MCC,,,ParamProductionCell_closed_system1_20_1.p,classical,auto,1,false,,5,0,3,,unknown,timeout,,focus,MELL,1832,16,5021.319,1,0,0,42704896,0,0
lltp,ILL/petri-nets/MCC,,,ParamProductionCell_closed_system1_50_1.p,classical,auto,1,false,,5,0,3,,unknown,timeout,,focus,MELL,1832,16,5032.526,1,0,0,43487232,0,0
lltp,ILL/petri-nets/MCC,,,ParamProductionCell_closed_system1_5_1.p,classical,auto,1,false,,5,0,,,unknown,killed,,,,,,10507.351,,,,,,
lltp,ILL/petri-nets/MCC,,,ParamProductionCell_closed_system2_100_1.p,classical,auto,1,false,,5,0,3,,unknown,timeout,,focus,MELL,1830,16,5018.233,1,0,0,45076480,0,0
lltp,ILL/petri-nets/MCC,,,ParamProductionCell_closed_system2_10_1.p,classical,auto,1,false,,5,0,3,,unknown,timeout,,focus,MELL,1830,16,5124.420,1,0,0,44793856,0,0
lltp,ILL/petri-nets/MCC,,,ParamProductionCell_closed_system2_1_1.p,classical,auto,1,false,,5,0,3,,unknown,timeout,,focus,MELL,1832,16,5154.037,1,0,0,46628864,0,0
lltp,ILL/petri-nets/MCC,,,ParamProductionCell_closed_system2_20_1.p,classical,auto,1,false,,5,0,3,,unknown,timeout,,focus,MELL,1830,16,5036.286,1,0,0,42557440,0,0
lltp,ILL/petri-nets/MCC,,,ParamProductionCell_closed_system2_50_1.p,classical,auto,1,false,,5,0,3,,unknown,timeout,,focus,MELL,1830,16,5073.152,1,0,0,43487232,0,0
lltp,ILL/petri-nets/MCC,,,ParamProductionCell_closed_system2_5_1.p,classical,auto,1,false,,5,0,3,,unknown,timeout,,focus,MELL,1830,16,5129.356,1,0,0,43220992,0,0
lltp,ILL/petri-nets/MCC,,,ParamProductionCell_closed_system3_100_1.p,classical,auto,1,false,,5,0,3,,unknown,timeout,,focus,MELL,1826,16,5033.976,1,0,0,41795584,0,0
lltp,ILL/petri-nets/MCC,,,ParamProductionCell_closed_system3_10_1.p,classical,auto,1,false,,5,0,3,,unknown,timeout,,focus,MELL,1828,16,5036.848,1,0,0,43667456,0,0
lltp,ILL/petri-nets/MCC,,,ParamProductionCell_closed_system3_1_1.p,classical,auto,1,false,,5,0,3,,proved,,ok,focus,MELL,1832,16,0.358,4,0,2,70,0,0
lltp,ILL/petri-nets/MCC,,,ParamProductionCell_closed_system3_20_1.p,classical,auto,1,false,,5,0,3,,unknown,timeout,,focus,MELL,1828,16,5015.028,1,0,0,43335680,0,0
lltp,ILL/petri-nets/MCC,,,ParamProductionCell_closed_system3_50_1.p,classical,auto,1,false,,5,0,3,,unknown,timeout,,focus,MELL,1826,16,5037.661,1,0,0,42938368,0,0
lltp,ILL/petri-nets/MCC,,,ParamProductionCell_closed_system3_5_1.p,classical,auto,1,false,,5,0,3,,unknown,timeout,,focus,MELL,1830,16,5154.630,1,0,0,45203456,0,0
lltp,ILL/petri-nets/MCC,,,ParamProductionCell_closed_system4_100_1.p,classical,auto,1,false,,5,0,3,,unknown,timeout,,focus,MELL,1826,16,5016.601,1,0,0,42635264,0,0
lltp,ILL/petri-nets/MCC,,,ParamProductionCell_closed_system4_10_1.p,classical,auto,1,false,,5,0,3,,unknown,timeout,,focus,MELL,1828,16,5076.610,1,0,0,44412928,0,0
lltp,ILL/petri-nets/MCC,,,ParamProductionCell_closed_system4_1_1.p,classical,auto,1,false,,5,0,3,,proved,,ok,focus,MELL,1832,16,0.358,4,0,2,70,0,0
lltp,ILL/petri-nets/MCC,,,ParamProductionCell_closed_system4_20_1.p,classical,auto,1,false,,5,0,3,,unknown,timeout,,focus,MELL,1828,16,5058.491,1,0,0,43335680,0,0
lltp,ILL/petri-nets/MCC,,,ParamProductionCell_closed_system4_50_1.p,classical,auto,1,false,,5,0,3,,unknown,timeout,,focus,MELL,1826,16,5028.647,1,0,0,40714240,0,0
lltp,ILL/petri-nets/MCC,,,ParamProductionCell_closed_system4_5_1.p,classical,auto,1,false,,5,0,3,,unknown,timeout,,focus,MELL,1830,16,5236.792,1,0,0,45203456,0,0
lltp,ILL/petri-nets/MCC,,,ParamProductionCell_closed_system5_100_1.p,classical,auto,1,false,,5,0,3,,unknown,timeout,,focus,MELL,1828,16,5087.134,1,0,0,43032576,0,0
lltp,ILL/petri-nets/MCC,,,ParamProductionCell_closed_system5_10_1.p,classical,auto,1,false,,5,0,3,,unknown,timeout,,focus,MELL,1826,16,5040.332,1,0,0,42676224,0,0
lltp,ILL/petri-nets/MCC,,,ParamProductionCell_closed_system5_1_1.p,classical,auto,1,false,,5,0,3,,proved,,ok,focus,MELL,1832,16,0.357,4,0,2,70,0,0
lltp,ILL/petri-nets/MCC,,,ParamProductionCell_closed_system5_20_1.p,classical,auto,1,false,,5,0,3,,unknown,timeout,,focus,MELL,1826,16,5014.938,1,0,0,41787392,0,0
lltp,ILL/petri-nets/MCC,,,ParamProductionCell_closed_system5_50_1.p,classical,auto,1,false,,5,0,3,,unknown,timeout,,focus,MELL,1822,16,5042.039,1,0,0,40714240,0,0
lltp,ILL/petri-nets/MCC,,,ParamProductionCell_closed_system5_5_1.p,classical,auto,1,false,,5,0,3,,unknown,timeout,,focus,MELL,1830,16,5018.194,1,0,0,43032576,0,0
lltp,ILL/petri-nets/MCC,,,ParamProductionCell_open_system_0_100_1.p,classical,auto,1,false,,5,0,3,,unknown,timeout,,focus,MELL,1578,16,5054.432,1,0,0,44163072,0,0
lltp,ILL/petri-nets/MCC,,,ParamProductionCell_open_system_0_10_1.p,classical,auto,1,false,,5,0,,,unknown,killed,,,,,,10500.754,,,,,,
lltp,ILL/petri-nets/MCC,,,ParamProductionCell_open_system_0_1_1.p,classical,auto,1,false,,5,0,3,,unknown,timeout,,focus,MELL,1586,16,5006.875,1,0,0,45236224,0,0
lltp,ILL/petri-nets/MCC,,,ParamProductionCell_open_system_0_20_1.p,classical,auto,1,false,,5,0,3,,unknown,timeout,,focus,MELL,1582,16,6427.430,1,0,0,59887616,0,0
lltp,ILL/petri-nets/MCC,,,ParamProductionCell_open_system_0_50_1.p,classical,auto,1,false,,5,0,3,,unknown,timeout,,focus,MELL,1578,16,5005.173,1,0,0,43929600,0,0
lltp,ILL/petri-nets/MCC,,,ParamProductionCell_open_system_0_5_1.p,classical,auto,1,false,,5,0,,,unknown,killed,,,,,,10500.904,,,,,,
lltp,ILL/petri-nets/MCC,,,Parking_parking_1_4_100_1.p,classical,auto,1,false,,5,0,3,,unknown,timeout,,focus,MELL,598,11,5005.728,57895295,57792735,102556,58425512,0,0
lltp,ILL/petri-nets/MCC,,,Parking_parking_1_4_10_1.p,classical,auto,1,false,,5,0,3,,unknown,timeout,,focus,MELL,598,11,5004.609,52700132,52601671,98457,53214422,0,0
lltp,ILL/petri-nets/MCC,,,Parking_parking_1_4_1_1.p,classical,auto,1,false,,5,0,3,,unknown,timeout,,focus,MELL,598,11,5042.178,1021521,1021342,177,68837376,0,0
lltp,ILL/petri-nets/MCC,,,Parking_parking_1_4_20_1.p,classical,auto,1,false,,5,0,3,,unknown,timeout,,focus,MELL,598,11,5005.907,53117390,53018937,98449,53632365,0,0
lltp,ILL/petri-nets/MCC,,,Parking_parking_1_4_50_1.p,classical,auto,1,false,,5,0,3,,unknown,timeout,,focus,MELL,598,11,5005.829,52914479,52816018,98457,53429212,0,0
lltp,ILL/petri-nets/MCC,,,Parking_parking_1_4_5_1.p,classical,auto,1,false,,5,0,3,,unknown,timeout,,focus,MELL,598,11,5005.126,57425186,57326054,99128,57950794,0,0
lltp,ILL/petri-nets/MCC,,,Parking_parking_2_8_1_1.p,classical,auto,1,false,,5,0,3,,unknown,timeout,,focus,MELL,1250,11,5078.833,3,0,1,49065984,0,0
lltp,ILL/petri-nets/MCC,,,Parking_parking_2_8_20_1.p,classical,auto,1,false,,5,0,3,,unknown,timeout,,focus,MELL,1250,11,5013.241,3,0,1,41922560,0,0
lltp,ILL/petri-nets/MCC,,,Parking_parking_2_8_50_1.p,classical,auto,1,false,,5,0,3,,unknown,timeout,,focus,MELL,1250,11,5010.139,48664472,48582223,82245,48737718,0,0
lltp,ILL/petri-nets/MCC,,,Parking_parking_2_8_5_1.p,classical,auto,1,false,,5,0,,,unknown,killed,,,,,,10500.617,,,,,,
lltp,ILL/petri-nets/MCC,,,Parking_parking_4_16_100_1.p,classical,auto,1,false,,5,0,3,,unknown,context_too_wide,,focus,MELL,2722,11,2.846,749,80,666,2609,0,0
lltp,ILL/petri-nets/MCC,,,Parking_parking_4_16_1_1.p,classical,auto,1,false,,5,0,3,,unknown,context_too_wide,,focus,MELL,2722,11,0.190,3,0,1,27,0,0
lltp,ILL/petri-nets/MCC,,,Parking_parking_4_16_20_1.p,classical,auto,1,false,,5,0,3,,unknown,context_too_wide,,focus,MELL,2722,11,3.104,941,80,858,2773,0,0
lltp,ILL/petri-nets/MCC,,,Parking_parking_4_16_50_1.p,classical,auto,1,false,,5,0,3,,unknown,context_too_wide,,focus,MELL,2722,11,2.711,773,80,690,2563,0,0
lltp,ILL/petri-nets/MCC,,,Parking_parking_4_16_5_1.p,classical,auto,1,false,,5,0,3,,unknown,context_too_wide,,focus,MELL,2722,11,0.192,3,0,1,27,0,0
lltp,ILL/petri-nets/MCC,,,Parking_parking_4_32_100_1.p,classical,auto,1,false,,5,0,3,,unknown,context_too_wide,,focus,MELL,4898,19,8.754,1478,165,1310,4812,0,0
lltp,ILL/petri-nets/MCC,,,Parking_parking_4_32_1_1.p,classical,auto,1,false,,5,0,3,,unknown,context_too_wide,,focus,MELL,4898,19,0.391,3,0,1,6,0,0
lltp,ILL/petri-nets/MCC,,,Parking_parking_4_32_20_1.p,classical,auto,1,false,,5,0,3,,unknown,context_too_wide,,focus,MELL,4898,19,9.606,1838,165,1670,5186,0,0
lltp,ILL/petri-nets/MCC,,,Parking_parking_4_32_50_1.p,classical,auto,1,false,,5,0,3,,unknown,context_too_wide,,focus,MELL,4898,19,9.086,1662,165,1494,4966,0,0
lltp,ILL/petri-nets/MCC,,,Parking_parking_4_32_5_1.p,classical,auto,1,false,,5,0,3,,unknown,context_too_wide,,focus,MELL,4898,19,0.381,3,0,1,6,0,0
lltp,ILL/petri-nets/MCC,,,Parking_parking_8_32_100_1.p,classical,auto,1,false,,5,0,3,,unknown,context_too_wide,,focus,MELL,6338,11,13.902,1837,160,1674,6065,0,0
lltp,ILL/petri-nets/MCC,,,Parking_parking_8_32_1_1.p,classical,auto,1,false,,5,0,3,,unknown,context_too_wide,,focus,MELL,6338,11,0.674,3,0,1,303,0,0
lltp,ILL/petri-nets/MCC,,,Parking_parking_8_32_20_1.p,classical,auto,1,false,,5,0,3,,unknown,context_too_wide,,focus,MELL,6338,11,15.675,2269,160,2106,6605,0,0
lltp,ILL/petri-nets/MCC,,,Parking_parking_8_32_50_1.p,classical,auto,1,false,,5,0,3,,unknown,context_too_wide,,focus,MELL,6338,11,14.749,2085,160,1922,6375,0,0
lltp,ILL/petri-nets/MCC,,,Parking_parking_8_32_5_1.p,classical,auto,1,false,,5,0,3,,unknown,context_too_wide,,focus,MELL,6338,11,0.681,3,0,1,303,0,0
lltp,ILL/petri-nets/MCC,,,Parking_parking_8_64_100_1.p,classical,auto,1,false,,5,0,3,,unknown,context_too_wide,,focus,MELL,10690,19,50.844,3574,325,3246,10878,0,0
lltp,ILL/petri-nets/MCC,,,Parking_parking_8_64_1_1.p,classical,auto,1,false,,5,0,3,,unknown,context_too_wide,,focus,MELL,10690,19,1.504,3,0,1,6,0,0
lltp,ILL/petri-nets/MCC,,,Parking_parking_8_64_20_1.p,classical,auto,1,false,,5,0,3,,unknown,context_too_wide,,focus,MELL,10690,19,54.776,4046,325,3718,11410,0,0
lltp,ILL/petri-nets/MCC,,,Parking_parking_8_64_50_1.p,classical,auto,1,false,,5,0,3,,unknown,context_too_wide,,focus,MELL,10690,19,53.183,3902,325,3574,11288,0,0
lltp,ILL/petri-nets/MCC,,,Parking_parking_8_64_5_1.p,classical,auto,1,false,,5,0,3,,unknown,context_too_wide,,focus,MELL,10690,19,1.695,3,0,1,6,0,0
lltp,ILL/petri-nets/MCC,,,PermAdmissibility_unf-8x8-4stageSEN-01_10_1.p,classical,auto,1,false,,5,0,3,,unknown,timeout,,focus,MELL,7010,65,5000.099,22914572,22914314,256,36212202,0,0
lltp,ILL/petri-nets/MCC,,,PermAdmissibility_unf-8x8-4stageSEN-01_1_1.p,classical,auto,1,false,,5,0,3,,unknown,timeout,,focus,MELL,7010,64,5000.064,23086559,23086301,256,36417639,0,0
lltp,ILL/petri-nets/MCC,,,PermAdmissibility_unf-8x8-4stageSEN-01_20_1.p,classical,auto,1,false,,5,0,3,,unknown,timeout,,focus,MELL,7008,64,5002.533,16052157,16033206,18949,22582321,0,0
lltp,ILL/petri-nets/MCC,,,PermAdmissibility_unf-8x8-4stageSEN-01_5_1.p,classical,auto,1,false,,5,0,3,,unknown,timeout,,focus,MELL,7010,64,5000.080,22293608,22293366,240,35440362,0,0
lltp,ILL/petri-nets/MCC,,,PermAdmissibility_unf-8x8-4stageSEN-02_10_1.p,classical,auto,1,false,,5,0,3,,unknown,timeout,,focus,MELL,7046,65,5000.117,11656163,11656105,56,38797859,0,0
lltp,ILL/petri-nets/MCC,,,PermAdmissibility_unf-8x8-4stageSEN-02_1_1.p,classical,auto,1,false,,5,0,3,,unknown,timeout,,focus,MELL,7046,64,5000.130,11563385,11563327,56,38477385,0,0
lltp,ILL/petri-nets/MCC,,,PermAdmissibility_unf-8x8-4stageSEN-02_20_1.p,classical,auto,1,false,,5,0,3,,unknown,timeout,,focus,MELL,7046,66,5000.115,11617835,11617777,56,38666100,0,0
lltp,ILL/petri-nets/MCC,,,PermAdmissibility_unf-8x8-4stageSEN-02_50_1.p,classical,auto,1,false,,5,0,3,,unknown,timeout,,focus,MELL,7042,64,5001.192,28993470,28983419,10049,29678564,0,0
lltp,ILL/petri-nets/MCC,,,PermAdmissibility_unf-8x8-4stageSEN-02_5_1.p,classical,auto,1,false,,5,0,3,,unknown,timeout,,focus,MELL,7046,64,5000.111,11674075,11674017,56,38861537,0,0
lltp,ILL/petri-nets/MCC,,,PermAdmissibility_unf-8x8-4stageSEN-05_100_1.p,classical,auto,1,false,,5,0,,,unknown,killed,,,,,,10501.936,,,,,,
lltp,ILL/petri-nets/MCC,,,PermAdmissibility_unf-8x8-4stageSEN-05_10_1.p,classical,auto,1,false,,5,0,3,,unknown,timeout,,focus,MELL,7154,64,5000.104,4181895,4181873,20,39908657,0,0
lltp,ILL/petri-nets/MCC,,,PermAdmissibility_unf-8x8-4stageSEN-05_1_1.p,classical,auto,1,false,,5,0,3,,unknown,timeout,,focus,MELL,7154,64,5000.111,4154894,4154874,18,39646231,0,0
lltp,ILL/petri-nets/MCC,,,PermAdmissibility_unf-8x8-4stageSEN-05_20_1.p,classical,auto,1,false,,5,0,3,,unknown,timeout,,focus,MELL,7154,64,5057.753,1,0,0,12673024,0,0
lltp,ILL/petri-nets/MCC,,,PermAdmissibility_unf-8x8-4stageSEN-05_50_1.p,classical,auto,1,false,,5,0,3,,unknown,timeout,,focus,MELL,7154,66,5000.137,4184327,4184305,20,39946581,0,0
lltp,ILL/petri-nets/MCC,,,PermAdmissibility_unf-8x8-4stageSEN-05_5_1.p,classical,auto,1,false,,5,0,3,,unknown,timeout,,focus,MELL,7154,64,5000.140,4251387,4251365,20,40700208,0,0
lltp,ILL/petri-nets/MCC,,,PermAdmissibility_unf-8x8-4stageSEN-10_100_1.p,classical,auto,1,false,,5,0,3,,unknown,context_too_wide,,focus,MELL,7334,68,1.297,2,0,1,2,0,0
lltp,ILL/petri-nets/MCC,,,PermAdmissibility_unf-8x8-4stageSEN-10_10_1.p,classical,auto,1,false,,5,0,3,,unknown,context_too_wide,,focus,MELL,7334,64,0.341,1,0,0,0,0,0
lltp,ILL/petri-nets/MCC,,,PermAdmissibility_unf-8x8-4stageSEN-10_1_1.p,classical,auto,1,false,,5,0,3,,unknown,context_too_wide,,focus,MELL,7334,64,0.342,1,0,0,0,0,0
lltp,ILL/petri-nets/MCC,,,PermAdmissibility_unf-8x8-4stageSEN-10_20_1.p,classical,auto,1,false,,5,0,3,,unknown,timeout,,focus,MELL,7334,64,5054.568,1,0,0,12668928,0,0
lltp,ILL/petri-nets/MCC,,,PermAdmissibility_unf-8x8-4stageSEN-10_50_1.p,classical,auto,1,false,,5,0,3,,unknown,context_too_wide,,focus,MELL,7334,66,0.355,1,0,0,16,0,0
lltp,ILL/petri-nets/MCC,,,PermAdmissibility_unf-8x8-4stageSEN-10_5_1.p,classical,auto,1,false,,5,0,3,,unknown,context_too_wide,,focus,MELL,7334,64,0.344,1,0,0,0,0,0
lltp,ILL/petri-nets/MCC,,,PermAdmissibility_unf-8x8-4stageSEN-20_100_1.p,classical,auto,1,false,,5,0,3,,unknown,context_too_wide,,focus,MELL,7694,68,0.401,1,0,0,64,0,0
lltp,ILL/petri-nets/MCC,,,PermAdmissibility_unf-8x8-4stageSEN-20_10_1.p,classical,auto,1,false,,5,0,3,,unknown,context_too_wide,,focus,MELL,7694,64,0.322,1,0,0,0,0,0
lltp,ILL/petri-nets/MCC,,,PermAdmissibility_unf-8x8-4stageSEN-20_1_1.p,classical,auto,1,false,,5,0,3,,unknown,context_too_wide,,focus,MELL,7694,64,0.324,1,0,0,0,0,0
lltp,ILL/petri-nets/MCC,,,PermAdmissibility_unf-8x8-4stageSEN-20_20_1.p,classical,auto,1,false,,5,0,3,,unknown,timeout,,focus,MELL,7694,64,5149.115,1,0,0,12701696,0,0
lltp,ILL/petri-nets/MCC,,,PermAdmissibility_unf-8x8-4stageSEN-20_50_1.p,classical,auto,1,false,,5,0,3,,unknown,context_too_wide,,focus,MELL,7694,66,0.419,1,0,0,96,0,0
lltp,ILL/petri-nets/MCC,,,PermAdmissibility_unf-8x8-4stageSEN-20_5_1.p,classical,auto,1,false,,5,0,3,,unknown,context_too_wide,,focus,MELL,7694,64,0.317,1,0,0,0,0,0
lltp,ILL/petri-nets/MCC,,,PermAdmissibility_unf-8x8-4stageSEN-50_100_1.p,classical,auto,1,false,,5,0,3,,unknown,context_too_wide,,focus,MELL,8774,68,0.861,1,0,0,304,0,0
lltp,ILL/petri-nets/MCC,,,PermAdmissibility_unf-8x8-4stageSEN-50_10_1.p,classical,auto,1,false,,5,0,3,,unknown,context_too_wide,,focus,MELL,8774,64,0.376,1,0,0,0,0,0
lltp,ILL/petri-nets/MCC,,,PermAdmissibility_unf-8x8-4stageSEN-50_1_1.p,classical,auto,1,false,,5,0,3,,unknown,context_too_wide,,focus,MELL,8774,64,0.388,1,0,0,0,0,0
lltp,ILL/petri-nets/MCC,,,PermAdmissibility_unf-8x8-4stageSEN-50_20_1.p,classical,auto,1,false,,5,0,3,,unknown,context_too_wide,,focus,MELL,8774,64,0.837,1,0,0,368,0,0
lltp,ILL/petri-nets/MCC,,,PermAdmissibility_unf-8x8-4stageSEN-50_50_1.p,classical,auto,1,false,,5,0,3,,unknown,context_too_wide,,focus,MELL,8774,66,0.754,1,0,0,336,0,0
lltp,ILL/petri-nets/MCC,,,PermAdmissibility_unf-8x8-4stageSEN-50_5_1.p,classical,auto,1,false,,5,0,3,,unknown,context_too_wide,,focus,MELL,8774,64,0.413,1,0,0,0,0,0
lltp,ILL/petri-nets/MCC,,,Peterson-2_100_1.p,classical,auto,1,false,,5,0,3,,unknown,timeout,,focus,MELL,798,7,5003.214,19295384,19287048,8205,62945089,0,0
lltp,ILL/petri-nets/MCC,,,Peterson-2_10_1.p,classical,auto,1,false,,5,0,3,,unknown,timeout,,focus,MELL,798,7,5030.138,4275,0,4273,59797504,0,0
lltp,ILL/petri-nets/MCC,,,Peterson-2_1_1.p,classical,auto,1,false,,5,0,3,,proved,,ok,focus,MELL,798,7,1.094,487,169,313,8965,0,0
lltp,ILL/petri-nets/MCC,,,Peterson-2_20_1.p,classical,auto,1,false,,5,0,3,,unknown,timeout,,focus,MELL,798,7,5011.222,19347118,19338517,8470,63393584,0,0
lltp,ILL/petri-nets/MCC,,,Peterson-2_50_1.p,classical,auto,1,false,,5,0,3,,unknown,timeout,,focus,MELL,798,7,5002.377,19363551,19354950,8470,63451973,0,0
lltp,ILL/petri-nets/MCC,,,Peterson-2_5_1.p,classical,auto,1,false,,5,0,3,,unknown,timeout,,focus,MELL,798,7,5006.539,22372796,22297522,71790,56331024,0,0
lltp,ILL/petri-nets/MCC,,,Peterson-3_100_1.p,classical,auto,1,false,,5,0,3,,unknown,timeout,,focus,MELL,2074,11,5000.605,32646072,32645830,240,59579631,0,0
lltp,ILL/petri-nets/MCC,,,Peterson-3_10_1.p,classical,auto,1,false,,5,0,3,,unknown,timeout,,focus,MELL,2074,11,5021.303,1,0,0,29097984,0,0
lltp,ILL/petri-nets/MCC,,,Peterson-3_1_1.p,classical,auto,1,false,,5,0,3,,proved,,ok,focus,MELL,2074,11,25.864,6647,380,6262,107330,0,0
lltp,ILL/petri-nets/MCC,,,Peterson-3_20_1.p,classical,auto,1,false,,5,0,3,,unknown,timeout,,focus,MELL,2074,11,5042.105,1,0,0,29462528,0,0
lltp,ILL/petri-nets/MCC,,,Peterson-3_50_1.p,classical,auto,1,false,,5,0,3,,unknown,timeout,,focus,MELL,2074,11,5000.319,32225308,32225066,240,58815529,0,0
lltp,ILL/petri-nets/MCC,,,Peterson-3_5_1.p,classical,auto,1,false,,5,0,3,,unknown,timeout,,focus,MELL,2074,11,5069.835,1208,0,1206,29253632,0,0
lltp,ILL/petri-nets/MCC,,,Peterson-4_100_1.p,classical,auto,1,false,,5,0,3,,unknown,timeout,,focus,MELL,4294,18,5000.773,5955743,5955637,104,22473804,0,0
lltp,ILL/petri-nets/MCC,,,Peterson-4_10_1.p,classical,auto,1,false,,5,0,3,,unknown,timeout,,focus,MELL,4294,18,5164.929,1,0,0,14053376,0,0
lltp,ILL/petri-nets/MCC,,,Peterson-4_1_1.p,classical,auto,1,false,,5,0,3,,proved,,ok,focus,MELL,4294,18,4231.669,459681,738,458938,8429657,0,0
lltp,ILL/petri-nets/MCC,,,Peterson-4_20_1.p,classical,auto,1,false,,5,0,3,,unknown,timeout,,focus,MELL,4294,18,5088.127,1,0,0,13971456,0,0
lltp,ILL/petri-nets/MCC,,,Peterson-4_50_1.p,classical,auto,1,false,,5,0,3,,unknown,timeout,,focus,MELL,4294,18,5013.410,6074926,6074820,104,22832955,0,0
lltp,ILL/petri-nets/MCC,,,Peterson-4_5_1.p,classical,auto,1,false,,5,0,3,,unknown,timeout,,focus,MELL,4294,18,5195.985,1,0,0,14409728,0,0
lltp,ILL/petri-nets/MCC,,,Peterson-5_100_1.p,classical,auto,1,false,,5,0,3,,unknown,timeout,,focus,MELL,7722,27,5104.812,1,0,0,7974912,0,0
lltp,ILL/petri-nets/MCC,,,Peterson-5_10_1.p,classical,auto,1,false,,5,0,3,,unknown,timeout,,focus,MELL,7722,27,5301.190,1,0,0,7917568,0,0
lltp,ILL/petri-nets/MCC,,,Peterson-5_1_1.p,classical,auto,1,false,,5,0,3,,unknown,timeout,,focus,MELL,7722,27,5029.781,71816,1050,70760,8298496,0,0
lltp,ILL/petri-nets/MCC,,,Peterson-5_20_1.p,classical,auto,1,false,,5,0,3,,unknown,timeout,,focus,MELL,7722,27,5347.949,1,0,0,8560640,0,0
lltp,ILL/petri-nets/MCC,,,Peterson-5_50_1.p,classical,auto,1,false,,5,0,3,,unknown,timeout,,focus,MELL,7722,27,5346.250,1,0,0,8560640,0,0
lltp,ILL/petri-nets/MCC,,,Peterson-5_5_1.p,classical,auto,1,false,,5,0,3,,unknown,timeout,,focus,MELL,7722,27,5106.324,1,0,0,8286208,0,0
lltp,ILL/petri-nets/MCC,,,Peterson-6_100_1.p,classical,auto,1,false,,5,0,3,,unknown,timeout,,focus,MELL,12622,38,5452.678,1,0,0,5533696,0,0
lltp,ILL/petri-nets/MCC,,,Peterson-6_10_1.p,classical,auto,1,false,,5,0,3,,unknown,timeout,,focus,MELL,12622,38,5072.662,1,0,0,4755456,0,0
lltp,ILL/petri-nets/MCC,,,Peterson-6_1_1.p,classical,auto,1,false,,5,0,3,,unknown,recursion_limit,,focus,MELL,12622,38,840.002,1,0,0,991090,0,0
lltp,ILL/petri-nets/MCC,,,Peterson-6_20_1.p,classical,auto,1,false,,5,0,3,,unknown,timeout,,focus,MELL,12622,38,5464.087,1,0,0,5533696,0,0
lltp,ILL/petri-nets/MCC,,,Peterson-6_50_1.p,classical,auto,1,false,,5,0,3,,unknown,timeout,,focus,MELL,12622,38,5436.261,1,0,0,5533696,0,0
lltp,ILL/petri-nets/MCC,,,Peterson-6_5_1.p,classical,auto,1,false,,5,0,3,,unknown,timeout,,focus,MELL,12622,38,5323.324,1,0,0,5144576,0,0
lltp,ILL/petri-nets/MCC,,,Peterson-7_100_1.p,classical,auto,1,false,,5,0,3,,unknown,recursion_limit,,focus,MELL,19258,51,2.870,0,0,0,0,0,0
lltp,ILL/petri-nets/MCC,,,Peterson-7_10_1.p,classical,auto,1,false,,5,0,3,,unknown,recursion_limit,,focus,MELL,19258,51,2.649,0,0,0,0,0,0
lltp,ILL/petri-nets/MCC,,,Peterson-7_1_1.p,classical,auto,1,false,,5,0,3,,unknown,recursion_limit,,focus,MELL,19258,51,2.269,0,0,0,0,0,0
lltp,ILL/petri-nets/MCC,,,Peterson-7_20_1.p,classical,auto,1,false,,5,0,3,,unknown,recursion_limit,,focus,MELL,19258,51,2.265,0,0,0,0,0,0
lltp,ILL/petri-nets/MCC,,,Peterson-7_50_1.p,classical,auto,1,false,,5,0,3,,unknown,recursion_limit,,focus,MELL,19258,51,2.201,0,0,0,0,0,0
lltp,ILL/petri-nets/MCC,,,Peterson-7_5_1.p,classical,auto,1,false,,5,0,3,,unknown,recursion_limit,,focus,MELL,19258,51,2.469,0,0,0,0,0,0
lltp,ILL/petri-nets/MCC,,,PhaseVariation_10-100_phaseVariation_100_1.p,classical,auto,1,false,,5,0,3,,unknown,recursion_limit,,focus,MELL,45312,3237,6.413,0,0,0,0,0,0
lltp,ILL/petri-nets/MCC,,,PhaseVariation_10-100_phaseVariation_1_1.p,classical,auto,1,false,,5,0,3,,unknown,recursion_limit,,focus,MELL,45114,3237,6.883,0,0,0,0,0,0
lltp,ILL/petri-nets/MCC,,,PhaseVariation_10-100_phaseVariation_20_1.p,classical,auto,1,false,,5,0,3,,unknown,recursion_limit,,focus,MELL,45152,3237,5.192,0,0,0,0,0,0
lltp,ILL/petri-nets/MCC,,,PhaseVariation_10-100_phaseVariation_50_1.p,classical,auto,1,false,,5,0,3,,unknown,recursion_limit,,focus,MELL,45212,3237,5.409,0,0,0,0,0,0
lltp,ILL/petri-nets/MCC,,,PhaseVariation_10-100_phaseVariation_5_1.p,classical,auto,1,false,,5,0,3,,unknown,recursion_limit,,focus,MELL,45122,3237,6.733,0,0,0,0,0,0
lltp,ILL/petri-nets/MCC,,,PhaseVariation_10-10_phaseVariation_100_1.p,classical,auto,1,false,,5,0,3,,unknown,recursion_limit,,focus,MELL,44476,3147,6.652,0,0,0,0,0,0
lltp,ILL/petri-nets/MCC,,,PhaseVariation_10-10_phaseVariation_1_1.p,classical,auto,1,false,,5,0,3,,unknown,recursion_limit,,focus,MELL,44354,3147,7.208,0,0,0,0,0,0
lltp,ILL/petri-nets/MCC,,,PhaseVariation_10-10_phaseVariation_20_1.p,classical,auto,1,false,,5,0,3,,unknown,recursion_limit,,focus,MELL,44392,3147,6.013,0,0,0,0,0,0
lltp,ILL/petri-nets/MCC,,,PhaseVariation_10-10_phaseVariation_50_1.p,classical,auto,1,false,,5,0,3,,unknown,recursion_limit,,focus,MELL,44452,3147,5.463,0,0,0,0,0,0
lltp,ILL/petri-nets/MCC,,,PhaseVariation_10-10_phaseVariation_5_1.p,classical,auto,1,false,,5,0,3,,unknown,recursion_limit,,focus,MELL,44362,3147,5.282,0,0,0,0,0,0
lltp,ILL/petri-nets/MCC,,,PhaseVariation_2-100_phaseVariation_100_1.p,classical,auto,1,false,,5,0,3,,unknown,context_too_wide,,focus,MELL,1920,201,0.045,1,0,0,0,0,0
lltp,ILL/petri-nets/MCC,,,PhaseVariation_2-100_phaseVariation_10_1.p,classical,auto,1,false,,5,0,3,,unknown,context_too_wide,,focus,MELL,1740,165,0.056,2,0,1,4,0,0
lltp,ILL/petri-nets/MCC,,,PhaseVariation_2-100_phaseVariation_1_1.p,classical,auto,1,false,,5,0,3,,unknown,context_too_wide,,focus,MELL,1722,165,0.062,2,0,1,4,0,0
lltp,ILL/petri-nets/MCC,,,PhaseVariation_2-100_phaseVariation_20_1.p,classical,auto,1,false,,5,0,3,,unknown,context_too_wide,,focus,MELL,1760,165,0.055,2,0,1,4,0,0
lltp,ILL/petri-nets/MCC,,,PhaseVariation_2-100_phaseVariation_50_1.p,classical,auto,1,false,,5,0,3,,unknown,context_too_wide,,focus,MELL,1820,165,0.055,2,0,1,4,0,0
lltp,ILL/petri-nets/MCC,,,PhaseVariation_2-100_phaseVariation_5_1.p,classical,auto,1,false,,5,0,3,,unknown,context_too_wide,,focus,MELL,1730,165,0.053,2,0,1,4,0,0
lltp,ILL/petri-nets/MCC,,,PhaseVariation_2-10_phaseVariation_10_1.p,classical,auto,1,false,,5,0,3,,unknown,timeout,,focus,MELL,1012,75,5005.790,4362080,4333146,28932,83558337,0,0
lltp,ILL/petri-nets/MCC,,,PhaseVariation_2-10_phaseVariation_1_1.p,classical,auto,1,false,,5,0,3,,unknown,timeout,,focus,MELL,994,75,5042.060,180225,176381,3842,90238976,0,0
lltp,ILL/petri-nets/MCC,,,PhaseVariation_2-10_phaseVariation_20_1.p,classical,auto,1,false,,5,0,3,,unknown,timeout,,focus,MELL,1012,75,5098.447,592345,180230,409699,80752640,0,0
lltp,ILL/petri-nets/MCC,,,PhaseVariation_2-10_phaseVariation_5_1.p,classical,auto,1,false,,5,0,3,,unknown,timeout,,focus,MELL,1002,75,5006.225,4439017,4410083,28932,84018471,0,0
lltp,ILL/petri-nets/MCC,,,PhaseVariation_20-100_phaseVariation_100_1.p,classical,auto,1,false,,5,0,3,,unknown,recursion_limit,,focus,MELL,190592,13557,26.602,0,0,0,0,0,0
lltp,ILL/petri-nets/MCC,,,PhaseVariation_20-100_phaseVariation_1_1.p,classical,auto,1,false,,5,0,3,,unknown,recursion_limit,,focus,MELL,190394,13557,28.219,0,0,0,0,0,0
lltp,ILL/petri-nets/MCC,,,PhaseVariation_20-100_phaseVariation_20_1.p,classical,auto,1,false,,5,0,3,,unknown,recursion_limit,,focus,MELL,190432,13557,26.588,0,0,0,0,0,0
lltp,ILL/petri-nets/MCC,,,PhaseVariation_20-100_phaseVariation_50_1.p,classical,auto,1,false,,5,0,3,,unknown,recursion_limit,,focus,MELL,190492,13557,27.013,0,0,0,0,0,0
lltp,ILL/petri-nets/MCC,,,PhaseVariation_20-100_phaseVariation_5_1.p,classical,auto,1,false,,5,0,3,,unknown,recursion_limit,,focus,MELL,190402,13557,28.373,0,0,0,0,0,0
lltp,ILL/petri-nets/MCC,,,PhaseVariation_20-10_phaseVariation_100_1.p,classical,auto,1,false,,5,0,3,,unknown,recursion_limit,,focus,MELL,190232,13467,28.230,0,0,0,0,0,0
lltp,ILL/petri-nets/MCC,,,PhaseVariation_20-10_phaseVariation_1_1.p,classical,auto,1,false,,5,0,3,,unknown,recursion_limit,,focus,MELL,190034,13467,28.554,0,0,0,0,0,0
lltp,ILL/petri-nets/MCC,,,PhaseVariation_20-10_phaseVariation_20_1.p,classical,auto,1,false,,5,0,3,,unknown,recursion_limit,,focus,MELL,190072,13467,26.757,0,0,0,0,0,0
lltp,ILL/petri-nets/MCC,,,PhaseVariation_20-10_phaseVariation_50_1.p,classical,auto,1,false,,5,0,3,,unknown,recursion_limit,,focus,MELL,190132,13467,28.519,0,0,0,0,0,0
lltp,ILL/petri-nets/MCC,,,PhaseVariation_20-10_phaseVariation_5_1.p,classical,auto,1,false,,5,0,3,,unknown,recursion_limit,,focus,MELL,190042,13467,27.279,0,0,0,0,0,0
lltp,ILL/petri-nets/MCC,,,PhaseVariation_30-100_phaseVariation_100_1.p,classical,auto,1,false,,5,0,3,,unknown,recursion_limit,,focus,MELL,437872,31077,64.725,0,0,0,0,0,0
lltp,ILL/petri-nets/MCC,,,PhaseVariation_30-100_phaseVariation_1_1.p,classical,auto,1,false,,5,0,3,,unknown,recursion_limit,,focus,MELL,437674,31077,65.286,0,0,0,0,0,0
lltp,ILL/petri-nets/MCC,,,PhaseVariation_30-100_phaseVariation_20_1.p,classical,auto,1,false,,5,0,3,,unknown,recursion_limit,,focus,MELL,437712,31077,64.198,0,0,0,0,0,0
lltp,ILL/petri-nets/MCC,,,PhaseVariation_30-100_phaseVariation_50_1.p,classical,auto,1,false,,5,0,3,,unknown,recursion_limit,,focus,MELL,437772,31077,64.298,0,0,0,0,0,0
lltp,ILL/petri-nets/MCC,,,PhaseVariation_30-100_phaseVariation_5_1.p,classical,auto,1,false,,5,0,3,,unknown,recursion_limit,,focus,MELL,437682,31077,64.303,0,0,0,0,0,0
lltp,ILL/petri-nets/MCC,,,PhaseVariation_30-10_phaseVariation_100_1.p,classical,auto,1,false,,5,0,3,,unknown,recursion_limit,,focus,MELL,437512,30987,64.166,0,0,0,0,0,0
lltp,ILL/petri-nets/MCC,,,PhaseVariation_30-10_phaseVariation_1_1.p,classical,auto,1,false,,5,0,3,,unknown,recursion_limit,,focus,MELL,437314,30987,65.123,0,0,0,0,0,0
lltp,ILL/petri-nets/MCC,,,PhaseVariation_30-10_phaseVariation_20_1.p,classical,auto,1,false,,5,0,3,,unknown,recursion_limit,,focus,MELL,437352,30987,64.663,0,0,0,0,0,0
lltp,ILL/petri-nets/MCC,,,PhaseVariation_30-10_phaseVariation_50_1.p,classical,auto,1,false,,5,0,3,,unknown,recursion_limit,,focus,MELL,437412,30987,64.145,0,0,0,0,0,0
lltp,ILL/petri-nets/MCC,,,PhaseVariation_30-10_phaseVariation_5_1.p,classical,auto,1,false,,5,0,3,,unknown,recursion_limit,,focus,MELL,437322,30987,64.971,0,0,0,0,0,0
lltp,ILL/petri-nets/MCC,,,PhaseVariation_5-100_phaseVariation_100_1.p,classical,auto,1,false,,5,0,3,,unknown,context_too_wide,,focus,MELL,10572,777,0.673,2,0,1,4,0,0
lltp,ILL/petri-nets/MCC,,,PhaseVariation_5-100_phaseVariation_1_1.p,classical,auto,1,false,,5,0,3,,unknown,context_too_wide,,focus,MELL,10374,777,0.675,2,0,1,4,0,0
lltp,ILL/petri-nets/MCC,,,PhaseVariation_5-100_phaseVariation_20_1.p,classical,auto,1,false,,5,0,3,,unknown,context_too_wide,,focus,MELL,10412,777,0.632,2,0,1,4,0,0
lltp,ILL/petri-nets/MCC,,,PhaseVariation_5-100_phaseVariation_50_1.p,classical,auto,1,false,,5,0,3,,unknown,context_too_wide,,focus,MELL,10472,777,0.657,2,0,1,4,0,0
lltp,ILL/petri-nets/MCC,,,PhaseVariation_5-100_phaseVariation_5_1.p,classical,auto,1,false,,5,0,3,,unknown,context_too_wide,,focus,MELL,10382,777,0.645,2,0,1,4,0,0
lltp,ILL/petri-nets/MCC,,,PhaseVariation_5-10_phaseVariation_1_1.p,classical,auto,1,false,,5,0,3,,unknown,timeout,,focus,MELL,9614,687,5184.862,2,0,1,11096064,0,0
lltp,ILL/petri-nets/MCC,,,PhaseVariation_5-10_phaseVariation_20_1.p,classical,auto,1,false,,5,0,3,,unknown,timeout,,focus,MELL,9652,687,5019.299,2,0,1,10616832,0,0
lltp,ILL/petri-nets/MCC,,,PhaseVariation_5-10_phaseVariation_50_1.p,classical,auto,1,false,,5,0,,,unknown,killed,,,,,,10500.817,,,,,,
lltp,ILL/petri-nets/MCC,,,PhaseVariation_5-10_phaseVariation_5_1.p,classical,auto,1,false,,5,0,3,,unknown,timeout,,focus,MELL,9622,687,5068.356,2,0,1,10616832,0,0
lltp,ILL/petri-nets/MCC,,,Philosophers-10000_100_1.p,classical,auto,1,false,,5,0,3,,unknown,recursion_limit,,focus,MELL,399798,5,60.355,0,0,0,0,0,0
lltp,ILL/petri-nets/MCC,,,Philosophers-10000_1_1.p,classical,auto,1,false,,5,0,3,,unknown,recursion_limit,,focus,MELL,399996,5,61.985,0,0,0,0,0,0
lltp,ILL/petri-nets/MCC,,,Philosophers-10000_20_1.p,classical,auto,1,false,,5,0,3,,unknown,recursion_limit,,focus,MELL,399958,5,59.813,0,0,0,0,0,0
lltp,ILL/petri-nets/MCC,,,Philosophers-10000_50_1.p,classical,auto,1,false,,5,0,3,,unknown,recursion_limit,,focus,MELL,399898,5,59.635,0,0,0,0,0,0
lltp,ILL/petri-nets/MCC,,,Philosophers-10000_5_1.p,classical,auto,1,false,,5,0,3,,unknown,recursion_limit,,focus,MELL,399988,5,59.504,0,0,0,0,0,0
lltp,ILL/petri-nets/MCC,,,Philosophers-1000_100_1.p,classical,auto,1,false,,5,0,3,,unknown,recursion_limit,,focus,MELL,39798,5,5.262,0,0,0,0,0,0
lltp,ILL/petri-nets/MCC,,,Philosophers-1000_1_1.p,classical,auto,1,false,,5,0,3,,unknown,recursion_limit,,focus,MELL,39996,5,4.706,0,0,0,0,0,0
lltp,ILL/petri-nets/MCC,,,Philosophers-1000_20_1.p,classical,auto,1,false,,5,0,3,,unknown,recursion_limit,,focus,MELL,39958,5,5.514,0,0,0,0,0,0
lltp,ILL/petri-nets/MCC,,,Philosophers-1000_50_1.p,classical,auto,1,false,,5,0,3,,unknown,recursion_limit,,focus,MELL,39898,5,4.923,0,0,0,0,0,0
lltp,ILL/petri-nets/MCC,,,Philosophers-1000_5_1.p,classical,auto,1,false,,5,0,3,,unknown,recursion_limit,,focus,MELL,39988,5,5.495,0,0,0,0,0,0
lltp,ILL/petri-nets/MCC,,,Philosophers-100_100_1.p,classical,auto,1,false,,5,0,3,,unknown,context_too_wide,,focus,MELL,3798,4,0.199,1,0,0,0,0,0
lltp,ILL/petri-nets/MCC,,,Philosophers-100_1_1.p,classical,auto,1,false,,5,0,3,,unknown,context_too_wide,,focus,MELL,3996,5,0.212,1,0,0,0,0,0
lltp,ILL/petri-nets/MCC,,,Philosophers-100_20_1.p,classical,auto,1,false,,5,0,3,,unknown,context_too_wide,,focus,MELL,3958,5,0.202,1,0,0,0,0,0
lltp,ILL/petri-nets/MCC,,,Philosophers-100_50_1.p,classical,auto,1,false,,5,0,3,,unknown,context_too_wide,,focus,MELL,3898,5,0.207,1,0,0,0,0,0
lltp,ILL/petri-nets/MCC,,,Philosophers-100_5_1.p,classical,auto,1,false,,5,0,3,,unknown,context_too_wide,,focus,MELL,3988,5,0.200,1,0,0,0,0,0
lltp,ILL/petri-nets/MCC,,,Philosophers-10_100_1.p,classical,auto,1,false,,5,0,3,,unknown,timeout,,focus,MELL,384,5,5025.202,1,0,0,110428160,0,0
lltp,ILL/petri-nets/MCC,,,Philosophers-10_10_1.p,classical,auto,1,false,,5,0,3,,unknown,timeout,,focus,MELL,384,5,5028.991,1,0,0,111087616,0,0
lltp,ILL/petri-nets/MCC,,,Philosophers-10_1_1.p,classical,auto,1,false,,5,0,3,,unknown,timeout,,focus,MELL,396,5,5000.018,30632436,30632370,64,96305786,0,0
lltp,ILL/petri-nets/MCC,,,Philosophers-10_20_1.p,classical,auto,1,false,,5,0,3,,unknown,timeout,,focus,MELL,388,5,5031.998,1,0,0,107315200,0,0
lltp,ILL/petri-nets/MCC,,,Philosophers-10_50_1.p,classical,auto,1,false,,5,0,3,,unknown,timeout,,focus,MELL,388,5,5001.700,1,0,0,107315200,0,0
lltp,ILL/petri-nets/MCC,,,Philosophers-10_5_1.p,classical,auto,1,false,,5,0,3,,unknown,timeout,,focus,MELL,388,5,5011.929,1,0,0,107315200,0,0
lltp,ILL/petri-nets/MCC,,,Philosophers-2000_100_1.p,classical,auto,1,false,,5,0,3,,unknown,recursion_limit,,focus,MELL,79798,5,11.722,0,0,0,0,0,0
lltp,ILL/petri-nets/MCC,,,Philosophers-2000_1_1.p,classical,auto,1,false,,5,0,3,,unknown,recursion_limit,,focus,MELL,79996,5,10.823,0,0,0,0,0,0
lltp,ILL/petri-nets/MCC,,,Philosophers-2000_20_1.p,classical,auto,1,false,,5,0,3,,unknown,recursion_limit,,focus,MELL,79958,5,11.327,0,0,0,0,0,0
lltp,ILL/petri-nets/MCC,,,Philosophers-2000_50_1.p,classical,auto,1,false,,5,0,3,,unknown,recursion_limit,,focus,MELL,79898,5,10.458,0,0,0,0,0,0
lltp,ILL/petri-nets/MCC,,,Philosophers-2000_5_1.p,classical,auto,1,false,,5,0,3,,unknown,recursion_limit,,focus,MELL,79988,5,11.405,0,0,0,0,0,0
lltp,ILL/petri-nets/MCC,,,Philosophers-200_100_1.p,classical,auto,1,false,,5,0,3,,unknown,context_too_wide,,focus,MELL,7798,5,0.519,1,0,0,0,0,0
lltp,ILL/petri-nets/MCC,,,Philosophers-200_1_1.p,classical,auto,1,false,,5,0,3,,unknown,context_too_wide,,focus,MELL,7996,5,0.736,1,0,0,0,0,0
lltp,ILL/petri-nets/MCC,,,Philosophers-200_20_1.p,classical,auto,1,false,,5,0,3,,unknown,context_too_wide,,focus,MELL,7958,5,0.686,1,0,0,0,0,0
lltp,ILL/petri-nets/MCC,,,Philosophers-200_50_1.p,classical,auto,1,false,,5,0,3,,unknown,context_too_wide,,focus,MELL,7898,5,0.498,1,0,0,0,0,0
lltp,ILL/petri-nets/MCC,,,Philosophers-200_5_1.p,classical,auto,1,false,,5,0,3,,unknown,context_too_wide,,focus,MELL,7988,5,0.516,1,0,0,0,0,0
lltp,ILL/petri-nets/MCC,,,Philosophers-20_1_1.p,classical,auto,1,false,,5,0,3,,unknown,timeout,,focus,MELL,796,5,5000.071,10063753,10063723,28,81582393,0,0
lltp,ILL/petri-nets/MCC,,,Philosophers-20_20_1.p,classical,auto,1,false,,5,0,3,,unknown,timeout,,focus,MELL,758,4,5000.040,24693494,24693436,56,88799963,0,0
lltp,ILL/petri-nets/MCC,,,Philosophers-20_5_1.p,classical,auto,1,false,,5,0,3,,unknown,timeout,,focus,MELL,788,5,5008.365,1,0,0,80261120,0,0
lltp,ILL/petri-nets/MCC,,,Philosophers-5000_100_1.p,classical,auto,1,false,,5,0,3,,unknown,recursion_limit,,focus,MELL,199798,5,30.707,0,0,0,0,0,0
lltp,ILL/petri-nets/MCC,,,Philosophers-5000_1_1.p,classical,auto,1,false,,5,0,3,,unknown,recursion_limit,,focus,MELL,199996,5,30.241,0,0,0,0,0,0
lltp,ILL/petri-nets/MCC,,,Philosophers-5000_20_1.p,classical,auto,1,false,,5,0,3,,unknown,recursion_limit,,focus,MELL,199958,5,29.341,0,0,0,0,0,0
lltp,ILL/petri-nets/MCC,,,Philosophers-5000_50_1.p,classical,auto,1,false,,5,0,3,,unknown,recursion_limit,,focus,MELL,199898,5,29.456,0,0,0,0,0,0
lltp,ILL/petri-nets/MCC,,,Philosophers-5000_5_1.p,classical,auto,1,false,,5,0,3,,unknown,recursion_limit,,focus,MELL,199988,5,29.627,0,0,0,0,0,0
lltp,ILL/petri-nets/MCC,,,Philosophers-500_100_1.p,classical,auto,1,false,,5,0,3,,unknown,recursion_limit,,focus,MELL,19798,5,3.147,0,0,0,0,0,0
lltp,ILL/petri-nets/MCC,,,Philosophers-500_1_1.p,classical,auto,1,false,,5,0,3,,unknown,recursion_limit,,focus,MELL,19996,5,2.716,0,0,0,0,0,0
lltp,ILL/petri-nets/MCC,,,Philosophers-500_20_1.p,classical,auto,1,false,,5,0,3,,unknown,recursion_limit,,focus,MELL,19958,5,2.243,0,0,0,0,0,0
lltp,ILL/petri-nets/MCC,,,Philosophers-500_50_1.p,classical,auto,1,false,,5,0,3,,unknown,recursion_limit,,focus,MELL,19898,5,2.137,0,0,0,0,0,0
lltp,ILL/petri-nets/MCC,,,Philosophers-500_5_1.p,classical,auto,1,false,,5,0,3,,unknown,recursion_limit,,focus,MELL,19988,5,2.113,0,0,0,0,0,0
lltp,ILL/petri-nets/MCC,,,Philosophers-50_1_1.p,classical,auto,1,false,,5,0,3,,unknown,context_too_wide,,focus,MELL,1996,5,0.092,1,0,0,0,0,0
lltp,ILL/petri-nets/MCC,,,Philosophers-50_20_1.p,classical,auto,1,false,,5,0,3,,unknown,context_too_wide,,focus,MELL,1958,5,0.080,1,0,0,0,0,0
lltp,ILL/petri-nets/MCC,,,Philosophers-50_50_1.p,classical,auto,1,false,,5,0,3,,unknown,context_too_wide,,focus,MELL,1898,4,0.080,1,0,0,0,0,0
lltp,ILL/petri-nets/MCC,,,Philosophers-50_5_1.p,classical,auto,1,false,,5,0,3,,unknown,context_too_wide,,focus,MELL,1988,5,0.088,1,0,0,0,0,0
lltp,ILL/petri-nets/MCC,,,Philosophers-5_100_1.p,classical,auto,1,false,,5,0,3,,unknown,timeout,,focus,MELL,196,5,5000.018,59450490,59450120,368,93571341,0,0
lltp,ILL/petri-nets/MCC,,,Philosophers-5_10_1.p,classical,auto,1,false,,5,0,3,,unknown,timeout,,focus,MELL,196,5,5000.022,59573083,59572713,368,93752863,0,0
lltp,ILL/petri-nets/MCC,,,Philosophers-5_1_1.p,classical,auto,1,false,,5,0,3,,unknown,timeout,,focus,MELL,196,5,5000.020,59367310,59366940,368,93450384,0,0
lltp,ILL/petri-nets/MCC,,,Philosophers-5_20_1.p,classical,auto,1,false,,5,0,3,,unknown,timeout,,focus,MELL,194,5,5000.026,66163149,66162651,496,93669668,0,0
lltp,ILL/petri-nets/MCC,,,Philosophers-5_50_1.p,classical,auto,1,false,,5,0,3,,unknown,timeout,,focus,MELL,194,5,5000.025,66319911,66319413,496,93886641,0,0
lltp,ILL/petri-nets/MCC,,,Philosophers-5_5_1.p,classical,auto,1,false,,5,0,3,,unknown,timeout,,focus,MELL,194,5,5000.028,66749314,66748816,496,94447246,0,0
lltp,ILL/petri-nets/MCC,,,PhilosophersDyn_philo_dyn-10-unfolded_1_1.p,classical,auto,1,false,,5,0,3,,unknown,recursion_limit,,focus,MELL,36886,312,5.218,0,0,0,0,0,0
lltp,ILL/petri-nets/MCC,,,PhilosophersDyn_philo_dyn-10-unfolded_20_1.p,classical,auto,1,false,,5,0,3,,unknown,recursion_limit,,focus,MELL,36886,311,4.321,0,0,0,0,0,0
lltp,ILL/petri-nets/MCC,,,PhilosophersDyn_philo_dyn-10-unfolded_5_1.p,classical,auto,1,false,,5,0,3,,unknown,recursion_limit,,focus,MELL,36888,312,4.083,0,0,0,0,0,0
lltp,ILL/petri-nets/MCC,,,PhilosophersDyn_philo_dyn-20-unfolded_1_1.p,classical,auto,1,false,,5,0,3,,unknown,recursion_limit,,focus,MELL,283366,1222,44.009,0,0,0,0,0,0
lltp,ILL/petri-nets/MCC,,,PhilosophersDyn_philo_dyn-20-unfolded_20_1.p,classical,auto,1,false,,5,0,3,,unknown,recursion_limit,,focus,MELL,283366,1221,44.589,0,0,0,0,0,0
lltp,ILL/petri-nets/MCC,,,PhilosophersDyn_philo_dyn-20-unfolded_5_1.p,classical,auto,1,false,,5,0,3,,unknown,recursion_limit,,focus,MELL,283362,1221,43.440,0,0,0,0,0,0
lltp,ILL/petri-nets/MCC,,,PhilosophersDyn_philo_dyn-3-unfolded_100_1.p,classical,auto,1,false,,5,0,3,,unknown,timeout,,focus,MELL,1206,32,5015.234,1045330,1037978,7301,76505088,0,0
lltp,ILL/petri-nets/MCC,,,PhilosophersDyn_philo_dyn-3-unfolded_10_1.p,classical,auto,1,false,,5,0,3,,unknown,timeout,,focus,MELL,1200,31,5005.063,1209641,1201297,8250,74873108,0,0
lltp,ILL/petri-nets/MCC,,,PhilosophersDyn_philo_dyn-3-unfolded_1_1.p,classical,auto,1,false,,5,0,3,,proved,,ok,focus,MELL,1200,32,0.184,75,50,24,1370,0,0
lltp,ILL/petri-nets/MCC,,,PhilosophersDyn_philo_dyn-3-unfolded_20_1.p,classical,auto,1,false,,5,0,3,,unknown,timeout,,focus,MELL,1206,32,5005.627,1043150,1035818,7281,74674176,0,0
lltp,ILL/petri-nets/MCC,,,PhilosophersDyn_philo_dyn-3-unfolded_50_1.p,classical,auto,1,false,,5,0,3,,unknown,timeout,,focus,MELL,1200,31,5001.876,1241509,1232934,8480,75590213,0,0
lltp,ILL/petri-nets/MCC,,,PhilosophersDyn_philo_dyn-3-unfolded_5_1.p,classical,auto,1,false,,5,0,3,,unknown,timeout,,focus,MELL,1198,31,5004.380,9915252,9887967,26642,72152150,0,0
lltp,ILL/petri-nets/MCC,,,Planning_planning_100_1.p,classical,auto,1,false,,5,0,3,,unknown,context_too_wide,,focus,MELL,1724,25,0.064,1,0,0,0,0,0
lltp,ILL/petri-nets/MCC,,,Planning_planning_1_1.p,classical,auto,1,false,,5,0,3,,unknown,context_too_wide,,focus,MELL,1560,17,0.248,2,0,1,2,0,0
lltp,ILL/petri-nets/MCC,,,Planning_planning_20_1.p,classical,auto,1,false,,5,0,3,,unknown,context_too_wide,,focus,MELL,1590,18,0.057,1,0,0,0,0,0
lltp,ILL/petri-nets/MCC,,,Planning_planning_50_1.p,classical,auto,1,false,,5,0,3,,unknown,context_too_wide,,focus,MELL,1640,21,0.055,1,0,0,0,0,0
lltp,ILL/petri-nets/MCC,,,Planning_planning_5_1.p,classical,auto,1,false,,5,0,3,,unknown,context_too_wide,,focus,MELL,1568,17,0.246,2,0,1,2,0,0
lltp,ILL/petri-nets/MCC,,,PolyORBLF_PolyORB-LF-S02-J04-T06-unfolded_100_1.p,classical,auto,1,false,,5,0,3,,unknown,timeout,,focus,MELL,14732,1224,5187.344,1,0,0,10362880,0,0
lltp,ILL/petri-nets/MCC,,,PolyORBLF_PolyORB-LF-S02-J04-T06-unfolded_10_1.p,classical,auto,1,false,,5,0,3,,unknown,timeout,,focus,MELL,14714,1214,5019.252,1,0,0,9330688,0,0
lltp,ILL/petri-nets/MCC,,,PolyORBLF_PolyORB-LF-S02-J04-T06-unfolded_1_1.p,classical,auto,1,false,,5,0,3,,unknown,timeout,,focus,MELL,14734,1223,5101.922,1,0,0,9900032,0,0
lltp,ILL/petri-nets/MCC,,,PolyORBLF_PolyORB-LF-S02-J04-T06-unfolded_20_1.p,classical,auto,1,false,,5,0,3,,unknown,timeout,,focus,MELL,14718,1214,5040.365,1,0,0,9330688,0,0
lltp,ILL/petri-nets/MCC,,,PolyORBLF_PolyORB-LF-S02-J04-T06-unfolded_50_1.p,classical,auto,1,false,,5,0,3,,unknown,timeout,,focus,MELL,14730,1224,5526.207,1,0,0,13664256,0,0
lltp,ILL/petri-nets/MCC,,,PolyORBLF_PolyORB-LF-S02-J04-T06-unfolded_5_1.p,classical,auto,1,false,,5,0,3,,unknown,timeout,,focus,MELL,14712,1214,5024.089,1,0,0,9998336,0,0
lltp,ILL/petri-nets/MCC,,,PolyORBLF_PolyORB-LF-S02-J04-T08-unfolded_100_1.p,classical,auto,1,false,,5,0,3,,unknown,timeout,,focus,MELL,19736,1628,5253.589,1,0,0,7925760,0,0
lltp,ILL/petri-nets/MCC,,,PolyORBLF_PolyORB-LF-S02-J04-T08-unfolded_10_1.p,classical,auto,1,false,,5,0,3,,unknown,timeout,,focus,MELL,19720,1618,5288.929,1,0,0,7815168,0,0
lltp,ILL/petri-nets/MCC,,,PolyORBLF_PolyORB-LF-S02-J04-T08-unfolded_1_1.p,classical,auto,1,false,,5,0,3,,unknown,timeout,,focus,MELL,19738,1627,5243.749,1,0,0,7675904,0,0
lltp,ILL/petri-nets/MCC,,,PolyORBLF_PolyORB-LF-S02-J04-T08-unfolded_20_1.p,classical,auto,1,false,,5,0,3,,unknown,timeout,,focus,MELL,19722,1618,5319.543,1,0,0,7417856,0,0
lltp,ILL/petri-nets/MCC,,,PolyORBLF_PolyORB-LF-S02-J04-T08-unfolded_50_1.p,classical,auto,1,false,,5,0,3,,unknown,timeout,,focus,MELL,19734,1628,5637.720,1,0,0,10842112,0,0
lltp,ILL/petri-nets/MCC,,,PolyORBLF_PolyORB-LF-S02-J04-T08-unfolded_5_1.p,classical,auto,1,false,,5,0,3,,unknown,timeout,,focus,MELL,19716,1618,5501.930,1,0,0,8265728,0,0
lltp,ILL/petri-nets/MCC,,,PolyORBLF_PolyORB-LF-S02-J04-T10-unfolded_100_1.p,classical,auto,1,false,,5,0,3,,unknown,context_too_wide,,focus,MELL,24820,2032,3.128,1,0,0,0,0,0
lltp,ILL/petri-nets/MCC,,,PolyORBLF_PolyORB-LF-S02-J04-T10-unfolded_10_1.p,classical,auto,1,false,,5,0,3,,unknown,context_too_wide,,focus,MELL,24804,2022,2.743,1,0,0,1,0,0
lltp,ILL/petri-nets/MCC,,,PolyORBLF_PolyORB-LF-S02-J04-T10-unfolded_1_1.p,classical,auto,1,false,,5,0,3,,unknown,context_too_wide,,focus,MELL,24822,2031,2.487,1,0,0,0,0,0
lltp,ILL/petri-nets/MCC,,,PolyORBLF_PolyORB-LF-S02-J04-T10-unfolded_20_1.p,classical,auto,1,false,,5,0,3,,unknown,context_too_wide,,focus,MELL,24820,2031,3.442,1,0,0,0,0,0
lltp,ILL/petri-nets/MCC,,,PolyORBLF_PolyORB-LF-S02-J04-T10-unfolded_50_1.p,classical,auto,1,false,,5,0,3,,unknown,context_too_wide,,focus,MELL,24818,2032,2.547,1,0,0,0,0,0
lltp,ILL/petri-nets/MCC,,,PolyORBLF_PolyORB-LF-S02-J04-T10-unfolded_5_1.p,classical,auto,1,false,,5,0,3,,unknown,context_too_wide,,focus,MELL,24800,2022,2.504,1,0,0,1,0,0
lltp,ILL/petri-nets/MCC,,,PolyORBLF_PolyORB-LF-S02-J06-T06-unfolded_100_1.p,classical,auto,1,false,,5,0,3,,unknown,timeout,,focus,MELL,15988,1224,5383.283,1,0,0,9388032,0,0
lltp,ILL/petri-nets/MCC,,,PolyORBLF_PolyORB-LF-S02-J06-T06-unfolded_10_1.p,classical,auto,1,false,,5,0,3,,unknown,timeout,,focus,MELL,15972,1214,5018.352,1,0,0,8589312,0,0
lltp,ILL/petri-nets/MCC,,,PolyORBLF_PolyORB-LF-S02-J06-T06-unfolded_1_1.p,classical,auto,1,false,,5,0,3,,unknown,timeout,,focus,MELL,15990,1223,5414.617,1,0,0,9265152,0,0
lltp,ILL/petri-nets/MCC,,,PolyORBLF_PolyORB-LF-S02-J06-T06-unfolded_20_1.p,classical,auto,1,false,,5,0,3,,unknown,timeout,,focus,MELL,15988,1223,5395.704,1,0,0,9265152,0,0
lltp,ILL/petri-nets/MCC,,,PolyORBLF_PolyORB-LF-S02-J06-T06-unfolded_50_1.p,classical,auto,1,false,,5,0,3,,unknown,timeout,,focus,MELL,15988,1224,5575.544,1,0,0,12333056,0,0
lltp,ILL/petri-nets/MCC,,,PolyORBLF_PolyORB-LF-S02-J06-T06-unfolded_5_1.p,classical,auto,1,false,,5,0,3,,unknown,timeout,,focus,MELL,15968,1214,5193.576,1,0,0,9216000,0,0
lltp,ILL/petri-nets/MCC,,,PolyORBLF_PolyORB-LF-S02-J06-T08-unfolded_100_1.p,classical,auto,1,false,,5,0,3,,unknown,context_too_wide,,focus,MELL,21408,1628,2.256,1,0,0,0,0,0
lltp,ILL/petri-nets/MCC,,,PolyORBLF_PolyORB-LF-S02-J06-T08-unfolded_10_1.p,classical,auto,1,false,,5,0,3,,unknown,timeout,,focus,MELL,21392,1618,5582.132,1,0,0,7118848,0,0
lltp,ILL/petri-nets/MCC,,,PolyORBLF_PolyORB-LF-S02-J06-T08-unfolded_1_1.p,classical,auto,1,false,,5,0,3,,unknown,context_too_wide,,focus,MELL,21410,1627,2.263,1,0,0,0,0,0
lltp,ILL/petri-nets/MCC,,,PolyORBLF_PolyORB-LF-S02-J06-T08-unfolded_20_1.p,classical,auto,1,false,,5,0,3,,unknown,context_too_wide,,focus,MELL,21408,1627,2.100,1,0,0,0,0,0
lltp,ILL/petri-nets/MCC,,,PolyORBLF_PolyORB-LF-S02-J06-T08-unfolded_50_1.p,classical,auto,1,false,,5,0,3,,unknown,context_too_wide,,focus,MELL,21408,1628,1.943,1,0,0,0,0,0
lltp,ILL/petri-nets/MCC,,,PolyORBLF_PolyORB-LF-S02-J06-T08-unfolded_5_1.p,classical,auto,1,false,,5,0,3,,unknown,timeout,,focus,MELL,21388,1618,5011.843,1,0,0,6631424,0,0
lltp,ILL/petri-nets/MCC,,,PolyORBLF_PolyORB-LF-S02-J06-T10-unfolded_100_1.p,classical,auto,1,false,,5,0,3,,unknown,context_too_wide,,focus,MELL,26908,2032,5.021,1,0,0,0,0,0
lltp,ILL/petri-nets/MCC,,,PolyORBLF_PolyORB-LF-S02-J06-T10-unfolded_10_1.p,classical,auto,1,false,,5,0,3,,unknown,context_too_wide,,focus,MELL,26892,2022,3.377,1,0,0,1,0,0
lltp,ILL/petri-nets/MCC,,,PolyORBLF_PolyORB-LF-S02-J06-T10-unfolded_1_1.p,classical,auto,1,false,,5,0,3,,unknown,context_too_wide,,focus,MELL,26910,2031,3.003,1,0,0,0,0,0
lltp,ILL/petri-nets/MCC,,,PolyORBLF_PolyORB-LF-S02-J06-T10-unfolded_20_1.p,classical,auto,1,false,,5,0,3,,unknown,context_too_wide,,focus,MELL,26908,2031,3.023,1,0,0,0,0,0
lltp,ILL/petri-nets/MCC,,,PolyORBLF_PolyORB-LF-S02-J06-T10-unfolded_50_1.p,classical,auto,1,false,,5,0,3,,unknown,context_too_wide,,focus,MELL,26910,2032,3.890,1,0,0,0,0,0
lltp,ILL/petri-nets/MCC,,,PolyORBLF_PolyORB-LF-S02-J06-T10-unfolded_5_1.p,classical,auto,1,false,,5,0,3,,unknown,context_too_wide,,focus,MELL,26888,2022,2.986,1,0,0,1,0,0
lltp,ILL/petri-nets/MCC,,,PolyORBLF_PolyORB-LF-S04-J04-T06-unfolded_100_1.p,classical,auto,1,false,,5,0,3,,unknown,recursion_limit,,focus,MELL,86634,12892,14.004,0,0,0,0,0,0
lltp,ILL/petri-nets/MCC,,,PolyORBLF_PolyORB-LF-S04-J04-T06-unfolded_10_1.p,classical,auto,1,false,,5,0,3,,unknown,recursion_limit,,focus,MELL,86636,12892,13.102,0,0,0,0,0,0
lltp,ILL/petri-nets/MCC,,,PolyORBLF_PolyORB-LF-S04-J04-T06-unfolded_1_1.p,classical,auto,1,false,,5,0,3,,unknown,recursion_limit,,focus,MELL,86654,12901,12.063,0,0,0,0,0,0
lltp,ILL/petri-nets/MCC,,,PolyORBLF_PolyORB-LF-S04-J04-T06-unfolded_20_1.p,classical,auto,1,false,,5,0,3,,unknown,recursion_limit,,focus,MELL,86642,12892,12.194,0,0,0,0,0,0
lltp,ILL/petri-nets/MCC,,,PolyORBLF_PolyORB-LF-S04-J04-T06-unfolded_50_1.p,classical,auto,1,false,,5,0,3,,unknown,recursion_limit,,focus,MELL,86648,12902,12.080,0,0,0,0,0,0
lltp,ILL/petri-nets/MCC,,,PolyORBLF_PolyORB-LF-S04-J04-T06-unfolded_5_1.p,classical,auto,1,false,,5,0,3,,unknown,recursion_limit,,focus,MELL,86632,12892,11.774,0,0,0,0,0,0
lltp,ILL/petri-nets/MCC,,,PolyORBLF_PolyORB-LF-S04-J04-T08-unfolded_100_1.p,classical,auto,1,false,,5,0,3,,unknown,recursion_limit,,focus,MELL,115598,17188,15.488,0,0,0,0,0,0
lltp,ILL/petri-nets/MCC,,,PolyORBLF_PolyORB-LF-S04-J04-T08-unfolded_10_1.p,classical,auto,1,false,,5,0,3,,unknown,recursion_limit,,focus,MELL,115600,17188,14.604,0,0,0,0,0,0
lltp,ILL/petri-nets/MCC,,,PolyORBLF_PolyORB-LF-S04-J04-T08-unfolded_1_1.p,classical,auto,1,false,,5,0,3,,unknown,recursion_limit,,focus,MELL,115618,17197,15.011,0,0,0,0,0,0
lltp,ILL/petri-nets/MCC,,,PolyORBLF_PolyORB-LF-S04-J04-T08-unfolded_20_1.p,classical,auto,1,false,,5,0,3,,unknown,recursion_limit,,focus,MELL,115606,17188,16.373,0,0,0,0,0,0
lltp,ILL/petri-nets/MCC,,,PolyORBLF_PolyORB-LF-S04-J04-T08-unfolded_50_1.p,classical,auto,1,false,,5,0,3,,unknown,recursion_limit,,focus,MELL,115612,17198,16.251,0,0,0,0,0,0
lltp,ILL/petri-nets/MCC,,,PolyORBLF_PolyORB-LF-S04-J04-T08-unfolded_5_1.p,classical,auto,1,false,,5,0,3,,unknown,recursion_limit,,focus,MELL,115596,17188,15.038,0,0,0,0,0,0
lltp,ILL/petri-nets/MCC,,,PolyORBLF_PolyORB-LF-S04-J04-T10-unfolded_100_1.p,classical,auto,1,false,,5,0,3,,unknown,recursion_limit,,focus,MELL,144642,21484,20.929,0,0,0,0,0,0
lltp,ILL/petri-nets/MCC,,,PolyORBLF_PolyORB-LF-S04-J04-T10-unfolded_10_1.p,classical,auto,1,false,,5,0,3,,unknown,recursion_limit,,focus,MELL,144644,21484,20.953,0,0,0,0,0,0
lltp,ILL/petri-nets/MCC,,,PolyORBLF_PolyORB-LF-S04-J04-T10-unfolded_1_1.p,classical,auto,1,false,,5,0,3,,unknown,recursion_limit,,focus,MELL,144662,21493,20.701,0,0,0,0,0,0
lltp,ILL/petri-nets/MCC,,,PolyORBLF_PolyORB-LF-S04-J04-T10-unfolded_20_1.p,classical,auto,1,false,,5,0,3,,unknown,recursion_limit,,focus,MELL,144650,21484,20.918,0,0,0,0,0,0
lltp,ILL/petri-nets/MCC,,,PolyORBLF_PolyORB-LF-S04-J04-T10-unfolded_50_1.p,classical,auto,1,false,,5,0,3,,unknown,recursion_limit,,focus,MELL,144656,21494,20.799,0,0,0,0,0,0
lltp,ILL/petri-nets/MCC,,,PolyORBLF_PolyORB-LF-S04-J04-T10-unfolded_5_1.p,classical,auto,1,false,,5,0,3,,unknown,recursion_limit,,focus,MELL,144640,21484,20.548,0,0,0,0,0,0
lltp,ILL/petri-nets/MCC,,,PolyORBLF_PolyORB-LF-S04-J06-T06-unfolded_100_1.p,classical,auto,1,false,,5,0,3,,unknown,recursion_limit,,focus,MELL,88274,12892,11.953,0,0,0,0,0,0
lltp,ILL/petri-nets/MCC,,,PolyORBLF_PolyORB-LF-S04-J06-T06-unfolded_10_1.p,classical,auto,1,false,,5,0,3,,unknown,recursion_limit,,focus,MELL,88276,12892,12.261,0,0,0,0,0,0
lltp,ILL/petri-nets/MCC,,,PolyORBLF_PolyORB-LF-S04-J06-T06-unfolded_1_1.p,classical,auto,1,false,,5,0,3,,unknown,recursion_limit,,focus,MELL,88294,12901,12.309,0,0,0,0,0,0
lltp,ILL/petri-nets/MCC,,,PolyORBLF_PolyORB-LF-S04-J06-T06-unfolded_20_1.p,classical,auto,1,false,,5,0,3,,unknown,recursion_limit,,focus,MELL,88282,12892,13.075,0,0,0,0,0,0
lltp,ILL/petri-nets/MCC,,,PolyORBLF_PolyORB-LF-S04-J06-T06-unfolded_50_1.p,classical,auto,1,false,,5,0,3,,unknown,recursion_limit,,focus,MELL,88288,12902,12.311,0,0,0,0,0,0
lltp,ILL/petri-nets/MCC,,,PolyORBLF_PolyORB-LF-S04-J06-T06-unfolded_5_1.p,classical,auto,1,false,,5,0,3,,unknown,recursion_limit,,focus,MELL,88272,12892,12.373,0,0,0,0,0,0
lltp,ILL/petri-nets/MCC,,,PolyORBLF_PolyORB-LF-S04-J06-T08-unfolded_100_1.p,classical,auto,1,false,,5,0,3,,unknown,recursion_limit,,focus,MELL,117782,17188,16.240,0,0,0,0,0,0
lltp,ILL/petri-nets/MCC,,,PolyORBLF_PolyORB-LF-S04-J06-T08-unfolded_10_1.p,classical,auto,1,false,,5,0,3,,unknown,recursion_limit,,focus,MELL,117784,17188,15.007,0,0,0,0,0,0
lltp,ILL/petri-nets/MCC,,,PolyORBLF_PolyORB-LF-S04-J06-T08-unfolded_1_1.p,classical,auto,1,false,,5,0,3,,unknown,recursion_limit,,focus,MELL,117802,17197,14.832,0,0,0,0,0,0
lltp,ILL/petri-nets/MCC,,,PolyORBLF_PolyORB-LF-S04-J06-T08-unfolded_20_1.p,classical,auto,1,false,,5,0,3,,unknown,recursion_limit,,focus,MELL,117790,17188,14.967,0,0,0,0,0,0
lltp,ILL/petri-nets/MCC,,,PolyORBLF_PolyORB-LF-S04-J06-T08-unfolded_50_1.p,classical,auto,1,false,,5,0,3,,unknown,recursion_limit,,focus,MELL,117796,17198,15.088,0,0,0,0,0,0
lltp,ILL/petri-nets/MCC,,,PolyORBLF_PolyORB-LF-S04-J06-T08-unfolded_5_1.p,classical,auto,1,false,,5,0,3,,unknown,recursion_limit,,focus,MELL,117780,17188,14.888,0,0,0,0,0,0
lltp,ILL/petri-nets/MCC,,,PolyORBLF_PolyORB-LF-S04-J06-T10-unfolded_100_1.p,classical,auto,1,false,,5,0,3,,unknown,recursion_limit,,focus,MELL,147370,21484,20.730,0,0,0,0,0,0
lltp,ILL/petri-nets/MCC,,,PolyORBLF_PolyORB-LF-S04-J06-T10-unfolded_10_1.p,classical,auto,1,false,,5,0,3,,unknown,recursion_limit,,focus,MELL,147372,21484,20.682,0,0,0,0,0,0
lltp,ILL/petri-nets/MCC,,,PolyORBLF_PolyORB-LF-S04-J06-T10-unfolded_1_1.p,classical,auto,1,false,,5,0,3,,unknown,recursion_limit,,focus,MELL,147390,21493,20.999,0,0,0,0,0,0
lltp,ILL/petri-nets/MCC,,,PolyORBLF_PolyORB-LF-S04-J06-T10-unfolded_20_1.p,classical,auto,1,false,,5,0,3,,unknown,recursion_limit,,focus,MELL,147378,21484,20.409,0,0,0,0,0,0
lltp,ILL/petri-nets/MCC,,,PolyORBLF_PolyORB-LF-S04-J06-T10-unfolded_50_1.p,classical,auto,1,false,,5,0,3,,unknown,recursion_limit,,focus,MELL,147384,21494,20.983,0,0,0,0,0,0
lltp,ILL/petri-nets/MCC,,,PolyORBLF_PolyORB-LF-S04-J06-T10-unfolded_5_1.p,classical,auto,1,false,,5,0,3,,unknown,recursion_limit,,focus,MELL,147368,21484,20.808,0,0,0,0,0,0
lltp,ILL/petri-nets/MCC,,,PolyORBLF_PolyORB-LF-S06-J04-T04-unfolded_10_1.p,classical,auto,1,false,,5,0,3,,unknown,recursion_limit,,focus,MELL,241326,38526,33.182,0,0,0,0,0,0
lltp,ILL/petri-nets/MCC,,,PolyORBLF_PolyORB-LF-S06-J04-T04-unfolded_1_1.p,classical,auto,1,false,,5,0,3,,unknown,recursion_limit,,focus,MELL,241346,38535,32.405,0,0,0,0,0,0
lltp,ILL/petri-nets/MCC,,,PolyORBLF_PolyORB-LF-S06-J04-T04-unfolded_20_1.p,classical,auto,1,false,,5,0,3,,unknown,recursion_limit,,focus,MELL,241322,38530,32.669,0,0,0,0,0,0
lltp,ILL/petri-nets/MCC,,,PolyORBLF_PolyORB-LF-S06-J04-T04-unfolded_5_1.p,classical,auto,1,false,,5,0,3,,unknown,recursion_limit,,focus,MELL,241334,38533,32.239,0,0,0,0,0,0
lltp,ILL/petri-nets/MCC,,,PolyORBLF_PolyORB-LF-S06-J04-T06-unfolded_10_1.p,classical,auto,1,false,,5,0,3,,unknown,recursion_limit,,focus,MELL,361980,57786,53.084,0,0,0,0,0,0
lltp,ILL/petri-nets/MCC,,,PolyORBLF_PolyORB-LF-S06-J04-T06-unfolded_1_1.p,classical,auto,1,false,,5,0,3,,unknown,recursion_limit,,focus,MELL,361998,57795,53.124,0,0,0,0,0,0
lltp,ILL/petri-nets/MCC,,,PolyORBLF_PolyORB-LF-S06-J04-T06-unfolded_20_1.p,classical,auto,1,false,,5,0,3,,unknown,recursion_limit,,focus,MELL,361974,57790,54.261,0,0,0,0,0,0
lltp,ILL/petri-nets/MCC,,,PolyORBLF_PolyORB-LF-S06-J04-T06-unfolded_5_1.p,classical,auto,1,false,,5,0,3,,unknown,recursion_limit,,focus,MELL,361976,57786,53.604,0,0,0,0,0,0
lltp,ILL/petri-nets/MCC,,,PolyORBLF_PolyORB-LF-S06-J04-T08-unfolded_10_1.p,classical,auto,1,false,,5,0,3,,unknown,recursion_limit,,focus,MELL,482712,77046,64.866,0,0,0,0,0,0
lltp,ILL/petri-nets/MCC,,,PolyORBLF_PolyORB-LF-S06-J04-T08-unfolded_1_1.p,classical,auto,1,false,,5,0,3,,unknown,recursion_limit,,focus,MELL,482730,77055,64.586,0,0,0,0,0,0
lltp,ILL/petri-nets/MCC,,,PolyORBLF_PolyORB-LF-S06-J04-T08-unfolded_20_1.p,classical,auto,1,false,,5,0,3,,unknown,recursion_limit,,focus,MELL,482706,77050,64.652,0,0,0,0,0,0
lltp,ILL/petri-nets/MCC,,,PolyORBLF_PolyORB-LF-S06-J04-T08-unfolded_5_1.p,classical,auto,1,false,,5,0,3,,unknown,recursion_limit,,focus,MELL,482708,77046,64.748,0,0,0,0,0,0
lltp,ILL/petri-nets/MCC,,,PolyORBLF_PolyORB-LF-S06-J06-T04-unfolded_10_1.p,classical,auto,1,false,,5,0,3,,unknown,recursion_limit,,focus,MELL,242680,38526,32.537,0,0,0,0,0,0
lltp,ILL/petri-nets/MCC,,,PolyORBLF_PolyORB-LF-S06-J06-T04-unfolded_1_1.p,classical,auto,1,false,,5,0,3,,unknown,recursion_limit,,focus,MELL,242698,38535,32.487,0,0,0,0,0,0
lltp,ILL/petri-nets/MCC,,,PolyORBLF_PolyORB-LF-S06-J06-T04-unfolded_20_1.p,classical,auto,1,false,,5,0,3,,unknown,recursion_limit,,focus,MELL,242674,38530,32.708,0,0,0,0,0,0
lltp,ILL/petri-nets/MCC,,,PolyORBLF_PolyORB-LF-S06-J06-T04-unfolded_5_1.p,classical,auto,1,false,,5,0,3,,unknown,recursion_limit,,focus,MELL,242676,38526,32.874,0,0,0,0,0,0
lltp,ILL/petri-nets/MCC,,,PolyORBLF_PolyORB-LF-S06-J06-T06-unfolded_10_1.p,classical,auto,1,false,,5,0,3,,unknown,recursion_limit,,focus,MELL,364002,57786,53.316,0,0,0,0,0,0
lltp,ILL/petri-nets/MCC,,,PolyORBLF_PolyORB-LF-S06-J06-T06-unfolded_1_1.p,classical,auto,1,false,,5,0,3,,unknown,recursion_limit,,focus,MELL,364022,57795,53.274,0,0,0,0,0,0
lltp,ILL/petri-nets/MCC,,,PolyORBLF_PolyORB-LF-S06-J06-T06-unfolded_20_1.p,classical,auto,1,false,,5,0,3,,unknown,recursion_limit,,focus,MELL,363998,57790,52.659,0,0,0,0,0,0
lltp,ILL/petri-nets/MCC,,,PolyORBLF_PolyORB-LF-S06-J06-T06-unfolded_5_1.p,classical,auto,1,false,,5,0,3,,unknown,recursion_limit,,focus,MELL,364000,57786,53.344,0,0,0,0,0,0
lltp,ILL/petri-nets/MCC,,,PolyORBLF_PolyORB-LF-S06-J06-T08-unfolded_10_1.p,classical,auto,1,false,,5,0,3,,unknown,recursion_limit,,focus,MELL,485408,77046,67.327,0,0,0,0,0,0
lltp,ILL/petri-nets/MCC,,,PolyORBLF_PolyORB-LF-S06-J06-T08-unfolded_1_1.p,classical,auto,1,false,,5,0,3,,unknown,recursion_limit,,focus,MELL,485426,77055,65.768,0,0,0,0,0,0
lltp,ILL/petri-nets/MCC,,,PolyORBLF_PolyORB-LF-S06-J06-T08-unfolded_20_1.p,classical,auto,1,false,,5,0,3,,unknown,recursion_limit,,focus,MELL,485402,77050,65.476,0,0,0,0,0,0
lltp,ILL/petri-nets/MCC,,,PolyORBLF_PolyORB-LF-S06-J06-T08-unfolded_5_1.p,classical,auto,1,false,,5,0,3,,unknown,recursion_limit,,focus,MELL,485404,77046,66.604,0,0,0,0,0,0
lltp,ILL/petri-nets/MCC,,,PolyORBNT_PolyORB-NT-S05-J20-unfolded_10_1.p,classical,auto,1,false,,5,0,3,,unknown,timeout,,focus,MELL,33358,4880,5009.701,1,0,0,7147520,0,0
lltp,ILL/petri-nets/MCC,,,PolyORBNT_PolyORB-NT-S05-J20-unfolded_1_1.p,classical,auto,1,false,,5,0,3,,unknown,timeout,,focus,MELL,33374,4884,5242.482,1,0,0,8011776,0,0
lltp,ILL/petri-nets/MCC,,,PolyORBNT_PolyORB-NT-S05-J20-unfolded_20_1.p,classical,auto,1,false,,5,0,3,,unknown,timeout,,focus,MELL,33356,4880,5060.748,1,0,0,6451200,0,0
lltp,ILL/petri-nets/MCC,,,PolyORBNT_PolyORB-NT-S05-J20-unfolded_5_1.p,classical,auto,1,false,,5,0,3,,unknown,timeout,,focus,MELL,33362,4881,5599.974,1,0,0,7208960,0,0
lltp,ILL/petri-nets/MCC,,,PolyORBNT_PolyORB-NT-S05-J30-unfolded_10_1.p,classical,auto,1,false,,5,0,3,,unknown,context_too_wide,,focus,MELL,35278,4880,3.308,1,0,0,2,0,0
lltp,ILL/petri-nets/MCC,,,PolyORBNT_PolyORB-NT-S05-J30-unfolded_1_1.p,classical,auto,1,false,,5,0,3,,unknown,context_too_wide,,focus,MELL,35294,4884,3.175,1,0,0,2,0,0
lltp,ILL/petri-nets/MCC,,,PolyORBNT_PolyORB-NT-S05-J30-unfolded_20_1.p,classical,auto,1,false,,5,0,3,,unknown,context_too_wide,,focus,MELL,35276,4880,3.027,1,0,0,0,0,0
lltp,ILL/petri-nets/MCC,,,PolyORBNT_PolyORB-NT-S05-J30-unfolded_5_1.p,classical,auto,1,false,,5,0,3,,unknown,context_too_wide,,focus,MELL,35286,4882,3.087,1,0,0,0,0,0
lltp,ILL/petri-nets/MCC,,,PolyORBNT_PolyORB-NT-S05-J40-unfolded_10_1.p,classical,auto,1,false,,5,0,3,,unknown,context_too_wide,,focus,MELL,37200,4881,3.889,1,0,0,2,0,0
lltp,ILL/petri-nets/MCC,,,PolyORBNT_PolyORB-NT-S05-J40-unfolded_1_1.p,classical,auto,1,false,,5,0,3,,unknown,context_too_wide,,focus,MELL,37214,4884,3.831,1,0,0,2,0,0
lltp,ILL/petri-nets/MCC,,,PolyORBNT_PolyORB-NT-S05-J40-unfolded_20_1.p,classical,auto,1,false,,5,0,3,,unknown,context_too_wide,,focus,MELL,37196,4880,4.759,1,0,0,0,0,0
lltp,ILL/petri-nets/MCC,,,PolyORBNT_PolyORB-NT-S05-J40-unfolded_5_1.p,classical,auto,1,false,,5,0,3,,unknown,context_too_wide,,focus,MELL,37202,4881,3.820,1,0,0,0,0,0
lltp,ILL/petri-nets/MCC,,,PolyORBNT_PolyORB-NT-S05-J60-unfolded_10_1.p,classical,auto,1,false,,5,0,3,,unknown,context_too_wide,,focus,MELL,41040,4881,5.121,1,0,0,2,0,0
lltp,ILL/petri-nets/MCC,,,PolyORBNT_PolyORB-NT-S05-J60-unfolded_1_1.p,classical,auto,1,false,,5,0,3,,unknown,context_too_wide,,focus,MELL,41054,4884,5.159,1,0,0,2,0,0
lltp,ILL/petri-nets/MCC,,,PolyORBNT_PolyORB-NT-S05-J60-unfolded_20_1.p,classical,auto,1,false,,5,0,3,,unknown,context_too_wide,,focus,MELL,41036,4880,5.034,1,0,0,0,0,0
lltp,ILL/petri-nets/MCC,,,PolyORBNT_PolyORB-NT-S05-J60-unfolded_5_1.p,classical,auto,1,false,,5,0,3,,unknown,context_too_wide,,focus,MELL,41042,4881,4.618,1,0,0,0,0,0
lltp,ILL/petri-nets/MCC,,,PolyORBNT_PolyORB-NT-S05-J80-unfolded_10_1.p,classical,auto,1,false,,5,0,3,,unknown,recursion_limit,,focus,MELL,44878,4880,7.426,0,0,0,0,0,0
lltp,ILL/petri-nets/MCC,,,PolyORBNT_PolyORB-NT-S05-J80-unfolded_1_1.p,classical,auto,1,false,,5,0,3,,unknown,recursion_limit,,focus,MELL,44894,4884,7.358,0,0,0,0,0,0
lltp,ILL/petri-nets/MCC,,,PolyORBNT_PolyORB-NT-S05-J80-unfolded_20_1.p,classical,auto,1,false,,5,0,3,,unknown,recursion_limit,,focus,MELL,44876,4880,5.713,0,0,0,0,0,0
lltp,ILL/petri-nets/MCC,,,PolyORBNT_PolyORB-NT-S05-J80-unfolded_5_1.p,classical,auto,1,false,,5,0,3,,unknown,recursion_limit,,focus,MELL,44882,4881,6.333,0,0,0,0,0,0
lltp,ILL/petri-nets/MCC,,,PolyORBNT_PolyORB-NT-S10-J20-unfolded_10_1.p,classical,auto,1,false,,5,0,3,,unknown,recursion_limit,,focus,MELL,423980,67903,64.709,0,0,0,0,0,0
lltp,ILL/petri-nets/MCC,,,PolyORBNT_PolyORB-NT-S10-J20-unfolded_1_1.p,classical,auto,1,false,,5,0,3,,unknown,recursion_limit,,focus,MELL,424004,67909,62.018,0,0,0,0,0,0
lltp,ILL/petri-nets/MCC,,,PolyORBNT_PolyORB-NT-S10-J20-unfolded_20_1.p,classical,auto,1,false,,5,0,3,,unknown,recursion_limit,,focus,MELL,423966,67900,62.738,0,0,0,0,0,0
lltp,ILL/petri-nets/MCC,,,PolyORBNT_PolyORB-NT-S10-J20-unfolded_5_1.p,classical,auto,1,false,,5,0,3,,unknown,recursion_limit,,focus,MELL,423988,67905,64.738,0,0,0,0,0,0
lltp,ILL/petri-nets/MCC,,,PolyORBNT_PolyORB-NT-S10-J30-unfolded_10_1.p,classical,auto,1,false,,5,0,3,,unknown,recursion_limit,,focus,MELL,426904,67904,64.493,0,0,0,0,0,0
lltp,ILL/petri-nets/MCC,,,PolyORBNT_PolyORB-NT-S10-J30-unfolded_1_1.p,classical,auto,1,false,,5,0,3,,unknown,recursion_limit,,focus,MELL,426924,67909,63.589,0,0,0,0,0,0
lltp,ILL/petri-nets/MCC,,,PolyORBNT_PolyORB-NT-S10-J30-unfolded_20_1.p,classical,auto,1,false,,5,0,3,,unknown,recursion_limit,,focus,MELL,426886,67900,62.346,0,0,0,0,0,0
lltp,ILL/petri-nets/MCC,,,PolyORBNT_PolyORB-NT-S10-J30-unfolded_5_1.p,classical,auto,1,false,,5,0,3,,unknown,recursion_limit,,focus,MELL,426908,67905,62.983,0,0,0,0,0,0
lltp,ILL/petri-nets/MCC,,,PolyORBNT_PolyORB-NT-S10-J40-unfolded_10_1.p,classical,auto,1,false,,5,0,3,,unknown,recursion_limit,,focus,MELL,429816,67902,63.479,0,0,0,0,0,0
lltp,ILL/petri-nets/MCC,,,PolyORBNT_PolyORB-NT-S10-J40-unfolded_1_1.p,classical,auto,1,false,,5,0,3,,unknown,recursion_limit,,focus,MELL,429844,67909,62.878,0,0,0,0,0,0
lltp,ILL/petri-nets/MCC,,,PolyORBNT_PolyORB-NT-S10-J40-unfolded_20_1.p,classical,auto,1,false,,5,0,3,,unknown,recursion_limit,,focus,MELL,429806,67900,63.289,0,0,0,0,0,0
lltp,ILL/petri-nets/MCC,,,PolyORBNT_PolyORB-NT-S10-J40-unfolded_5_1.p,classical,auto,1,false,,5,0,3,,unknown,recursion_limit,,focus,MELL,429828,67905,63.981,0,0,0,0,0,0
lltp,ILL/petri-nets/MCC,,,PolyORBNT_PolyORB-NT-S10-J60-unfolded_10_1.p,classical,auto,1,false,,5,0,3,,unknown,recursion_limit,,focus,MELL,435664,67904,63.625,0,0,0,0,0,0
lltp,ILL/petri-nets/MCC,,,PolyORBNT_PolyORB-NT-S10-J60-unfolded_1_1.p,classical,auto,1,false,,5,0,3,,unknown,recursion_limit,,focus,MELL,435684,67909,63.486,0,0,0,0,0,0
lltp,ILL/petri-nets/MCC,,,PolyORBNT_PolyORB-NT-S10-J60-unfolded_20_1.p,classical,auto,1,false,,5,0,3,,unknown,recursion_limit,,focus,MELL,435646,67900,64.208,0,0,0,0,0,0
lltp,ILL/petri-nets/MCC,,,PolyORBNT_PolyORB-NT-S10-J60-unfolded_5_1.p,classical,auto,1,false,,5,0,3,,unknown,recursion_limit,,focus,MELL,435668,67905,63.881,0,0,0,0,0,0
lltp,ILL/petri-nets/MCC,,,PolyORBNT_PolyORB-NT-S10-J80-unfolded_10_1.p,classical,auto,1,false,,5,0,3,,unknown,recursion_limit,,focus,MELL,441496,67902,65.476,0,0,0,0,0,0
lltp,ILL/petri-nets/MCC,,,PolyORBNT_PolyORB-NT-S10-J80-unfolded_1_1.p,classical,auto,1,false,,5,0,3,,unknown,recursion_limit,,focus,MELL,441524,67909,65.318,0,0,0,0,0,0
lltp,ILL/petri-nets/MCC,,,PolyORBNT_PolyORB-NT-S10-J80-unfolded_20_1.p,classical,auto,1,false,,5,0,3,,unknown,recursion_limit,,focus,MELL,441486,67900,64.815,0,0,0,0,0,0
lltp,ILL/petri-nets/MCC,,,PolyORBNT_PolyORB-NT-S10-J80-unfolded_5_1.p,classical,auto,1,false,,5,0,3,,unknown,recursion_limit,,focus,MELL,441508,67905,63.611,0,0,0,0,0,0
lltp,ILL/petri-nets/MCC,,,ProductionCell_100_1.p,classical,auto,1,false,,5,0,3,,unknown,timeout,,focus,MELL,1076,13,5157.348,4844166,61,1048576,19376049,0,0
lltp,ILL/petri-nets/MCC,,,ProductionCell_10_1.p,classical,auto,1,false,,5,0,3,,unknown,timeout,,focus,MELL,1076,13,5049.809,3,0,1,58413056,0,0
lltp,ILL/petri-nets/MCC,,,ProductionCell_1_1.p,classical,auto,1,false,,5,0,3,,unknown,timeout,,focus,MELL,1076,13,5052.692,3,0,1,58945536,0,0
lltp,ILL/petri-nets/MCC,,,ProductionCell_20_1.p,classical,auto,1,false,,5,0,3,,unknown,timeout,,focus,MELL,1076,13,5155.114,4840394,61,1048576,19360299,0,0
lltp,ILL/petri-nets/MCC,,,ProductionCell_50_1.p,classical,auto,1,false,,5,0,3,,unknown,timeout,,focus,MELL,1074,13,5140.603,4770048,73,1048576,19080334,0,0
lltp,ILL/petri-nets/MCC,,,ProductionCell_5_1.p,classical,auto,1,false,,5,0,3,,unknown,timeout,,focus,MELL,1076,13,5048.304,3,0,1,58413056,0,0
lltp,ILL/petri-nets/MCC,,,QuasiCertifProtocol_QCertifProtocol_02-unfold_10_1.p,classical,auto,1,false,,5,0,3,,unknown,timeout,,focus,MELL,480,21,5031.223,29957,29010,945,102629376,0,0
lltp,ILL/petri-nets/MCC,,,QuasiCertifProtocol_QCertifProtocol_02-unfold_1_1.p,classical,auto,1,false,,5,0,3,,unknown,timeout,,focus,MELL,482,22,5000.387,48361781,48361367,412,88529109,0,0
lltp,ILL/petri-nets/MCC,,,QuasiCertifProtocol_QCertifProtocol_02-unfold_20_1.p,classical,auto,1,false,,5,0,3,,unknown,timeout,,focus,MELL,498,21,5010.626,1,0,0,108560384,0,0
lltp,ILL/petri-nets/MCC,,,QuasiCertifProtocol_QCertifProtocol_02-unfold_5_1.p,classical,auto,1,false,,5,0,3,,unknown,timeout,,focus,MELL,480,21,5001.562,29957,29010,945,101933056,0,0
lltp,ILL/petri-nets/MCC,,,QuasiCertifProtocol_QCertifProtocol_06-unfold_10_1.p,classical,auto,1,false,,5,0,3,,unknown,timeout,,focus,MELL,1396,49,5048.286,1,0,0,65417216,0,0
lltp,ILL/petri-nets/MCC,,,QuasiCertifProtocol_QCertifProtocol_06-unfold_1_1.p,classical,auto,1,false,,5,0,3,,unknown,timeout,,focus,MELL,1402,52,5000.033,12788065,12788019,44,61204911,0,0
lltp,ILL/petri-nets/MCC,,,QuasiCertifProtocol_QCertifProtocol_06-unfold_20_1.p,classical,auto,1,false,,5,0,3,,unknown,timeout,,focus,MELL,1396,49,5025.162,1,0,0,65417216,0,0
lltp,ILL/petri-nets/MCC,,,QuasiCertifProtocol_QCertifProtocol_06-unfold_50_1.p,classical,auto,1,false,,5,0,3,,unknown,timeout,,focus,MELL,1494,49,5023.417,1,0,0,51777536,0,0
lltp,ILL/petri-nets/MCC,,,QuasiCertifProtocol_QCertifProtocol_06-unfold_5_1.p,classical,auto,1,false,,5,0,3,,unknown,timeout,,focus,MELL,1398,50,5017.526,1,0,0,64798720,0,0
lltp,ILL/petri-nets/MCC,,,QuasiCertifProtocol_QCertifProtocol_10-unfold_10_1.p,classical,auto,1,false,,5,0,3,,unknown,timeout,,focus,MELL,2700,78,5040.882,1,0,0,41365504,0,0
lltp,ILL/petri-nets/MCC,,,QuasiCertifProtocol_QCertifProtocol_10-unfold_1_1.p,classical,auto,1,false,,5,0,3,,unknown,timeout,,focus,MELL,2686,82,5053.699,1,0,0,44646400,0,0
lltp,ILL/petri-nets/MCC,,,QuasiCertifProtocol_QCertifProtocol_10-unfold_20_1.p,classical,auto,1,false,,5,0,3,,unknown,timeout,,focus,MELL,2698,77,5093.388,1,0,0,41230336,0,0
lltp,ILL/petri-nets/MCC,,,QuasiCertifProtocol_QCertifProtocol_10-unfold_5_1.p,classical,auto,1,false,,5,0,3,,unknown,timeout,,focus,MELL,2706,81,5094.257,1,0,0,41230336,0,0
lltp,ILL/petri-nets/MCC,,,QuasiCertifProtocol_QCertifProtocol_18-unfold_1_1.p,classical,auto,1,false,,5,0,3,,unknown,timeout,,focus,MELL,6430,142,5167.068,1,0,0,23724032,0,0
lltp,ILL/petri-nets/MCC,,,QuasiCertifProtocol_QCertifProtocol_18-unfold_20_1.p,classical,auto,1,false,,5,0,3,,unknown,timeout,,focus,MELL,6450,133,5369.094,1,0,0,18599936,0,0
lltp,ILL/petri-nets/MCC,,,QuasiCertifProtocol_QCertifProtocol_18-unfold_50_1.p,classical,auto,1,false,,5,0,3,,unknown,timeout,,focus,MELL,6450,133,5358.131,1,0,0,18722816,0,0
lltp,ILL/petri-nets/MCC,,,QuasiCertifProtocol_QCertifProtocol_18-unfold_5_1.p,classical,auto,1,false,,5,0,3,,unknown,timeout,,focus,MELL,6422,138,5106.289,1,0,0,25120768,0,0
lltp,ILL/petri-nets/MCC,,,QuasiCertifProtocol_QCertifProtocol_22-unfold_1_1.p,classical,auto,1,false,,5,0,3,,unknown,timeout,,focus,MELL,8882,173,5134.115,1,0,0,15708160,0,0
lltp,ILL/petri-nets/MCC,,,QuasiCertifProtocol_QCertifProtocol_22-unfold_20_1.p,classical,auto,1,false,,5,0,3,,unknown,timeout,,focus,MELL,8904,161,5221.847,1,0,0,12558336,0,0
lltp,ILL/petri-nets/MCC,,,QuasiCertifProtocol_QCertifProtocol_22-unfold_50_1.p,classical,auto,1,false,,5,0,3,,unknown,timeout,,focus,MELL,8904,161,5492.535,1,0,0,12853248,0,0
lltp,ILL/petri-nets/MCC,,,QuasiCertifProtocol_QCertifProtocol_22-unfold_5_1.p,classical,auto,1,false,,5,0,3,,unknown,timeout,,focus,MELL,8874,169,5193.665,1,0,0,17006592,0,0
lltp,ILL/petri-nets/MCC,,,QuasiCertifProtocol_QCertifProtocol_28-unfold_1_1.p,classical,auto,1,false,,5,0,3,,unknown,context_too_wide,,focus,MELL,13274,218,0.708,1,0,0,0,0,0
lltp,ILL/petri-nets/MCC,,,QuasiCertifProtocol_QCertifProtocol_28-unfold_20_1.p,classical,auto,1,false,,5,0,3,,unknown,context_too_wide,,focus,MELL,13302,203,0.678,1,0,0,0,0,0
lltp,ILL/petri-nets/MCC,,,QuasiCertifProtocol_QCertifProtocol_28-unfold_50_1.p,classical,auto,1,false,,5,0,3,,unknown,context_too_wide,,focus,MELL,13302,203,0.667,1,0,0,0,0,0
lltp,ILL/petri-nets/MCC,,,QuasiCertifProtocol_QCertifProtocol_28-unfold_5_1.p,classical,auto,1,false,,5,0,3,,unknown,context_too_wide,,focus,MELL,13266,214,0.705,1,0,0,0,0,0
lltp,ILL/petri-nets/MCC,,,QuasiCertifProtocol_QCertifProtocol_32-unfold_1_1.p,classical,auto,1,false,,5,0,3,,unknown,context_too_wide,,focus,MELL,16686,249,0.868,1,0,0,0,0,0
lltp,ILL/petri-nets/MCC,,,QuasiCertifProtocol_QCertifProtocol_32-unfold_20_1.p,classical,auto,1,false,,5,0,3,,unknown,context_too_wide,,focus,MELL,16716,231,0.782,1,0,0,0,0,0
lltp,ILL/petri-nets/MCC,,,QuasiCertifProtocol_QCertifProtocol_32-unfold_50_1.p,classical,auto,1,false,,5,0,3,,unknown,context_too_wide,,focus,MELL,16716,231,0.787,1,0,0,0,0,0
lltp,ILL/petri-nets/MCC,,,QuasiCertifProtocol_QCertifProtocol_32-unfold_5_1.p,classical,auto,1,false,,5,0,3,,unknown,context_too_wide,,focus,MELL,16678,245,0.959,1,0,0,0,0,0
lltp,ILL/petri-nets/MCC,,,Raft_raft_02_100_1.p,classical,auto,1,false,,5,0,3,,proved,,ok,focus,MELL,332,17,45.666,27818,24291,3263,824277,0,0
lltp,ILL/petri-nets/MCC,,,Raft_raft_02_10_1.p,classical,auto,1,false,,5,0,3,,proved,,ok,focus,MELL,332,17,45.608,27818,24291,3263,824277,0,0
lltp,ILL/petri-nets/MCC,,,Raft_raft_02_1_1.p,classical,auto,1,false,,5,0,3,,proved,,ok,focus,MELL,332,17,0.044,4,0,3,35,0,0
lltp,ILL/petri-nets/MCC,,,Raft_raft_02_20_1.p,classical,auto,1,false,,5,0,3,,proved,,ok,focus,MELL,332,17,45.417,27818,24291,3263,824277,0,0
lltp,ILL/petri-nets/MCC,,,Raft_raft_02_50_1.p,classical,auto,1,false,,5,0,3,,proved,,ok,focus,MELL,332,17,45.525,27818,24291,3263,824277,0,0
lltp,ILL/petri-nets/MCC,,,Raft_raft_02_5_1.p,classical,auto,1,false,,5,0,3,,proved,,ok,focus,MELL,332,17,45.628,27818,24291,3263,824277,0,0
lltp,ILL/petri-nets/MCC,,,Raft_raft_03_10_1.p,classical,auto,1,false,,5,0,3,,unknown,timeout,,focus,MELL,680,23,5043.212,2406,2345,59,75456512,0,0
lltp,ILL/petri-nets/MCC,,,Raft_raft_03_1_1.p,classical,auto,1,false,,5,0,3,,unknown,timeout,,focus,MELL,680,23,5040.220,2406,2345,59,75456512,0,0
lltp,ILL/petri-nets/MCC,,,Raft_raft_03_20_1.p,classical,auto,1,false,,5,0,3,,unknown,timeout,,focus,MELL,680,23,5010.938,18470323,18326297,142633,65176650,0,0
lltp,ILL/petri-nets/MCC,,,Raft_raft_03_5_1.p,classical,auto,1,false,,5,0,3,,unknown,timeout,,focus,MELL,680,23,5006.025,2406,2345,59,74276864,0,0
lltp,ILL/petri-nets/MCC,,,Raft_raft_04_1_1.p,classical,auto,1,false,,5,0,3,,unknown,timeout,,focus,MELL,1164,31,5041.668,3,0,1,53743616,0,0
lltp,ILL/petri-nets/MCC,,,Raft_raft_04_20_1.p,classical,auto,1,false,,5,0,3,,unknown,timeout,,focus,MELL,1164,30,5011.083,38717243,38623786,93453,48838737,0,0
lltp,ILL/petri-nets/MCC,,,Raft_raft_04_50_1.p,classical,auto,1,false,,5,0,3,,unknown,timeout,,focus,MELL,1164,31,5012.220,41460991,41365245,95742,49880653,0,0
lltp,ILL/petri-nets/MCC,,,Raft_raft_04_5_1.p,classical,auto,1,false,,5,0,3,,unknown,timeout,,focus,MELL,1164,31,5031.456,334,250,80,53944320,0,0
lltp,ILL/petri-nets/MCC,,,Raft_raft_05_1_1.p,classical,auto,1,false,,5,0,3,,unknown,timeout,,focus,MELL,1784,39,5000.371,148,138,7,41493450,0,0
lltp,ILL/petri-nets/MCC,,,Raft_raft_05_20_1.p,classical,auto,1,false,,5,0,3,,unknown,timeout,,focus,MELL,1784,38,5052.982,3,0,1,41799680,0,0
lltp,ILL/petri-nets/MCC,,,Raft_raft_05_50_1.p,classical,auto,1,false,,5,0,3,,unknown,timeout,,focus,MELL,1784,39,5038.792,3,0,1,39596032,0,0
lltp,ILL/petri-nets/MCC,,,Raft_raft_05_5_1.p,classical,auto,1,false,,5,0,3,,unknown,timeout,,focus,MELL,1784,39,5039.860,2241827,55,1048576,21506668,0,0
lltp,ILL/petri-nets/MCC,,,Raft_raft_06_1_1.p,classical,auto,1,false,,5,0,3,,unknown,timeout,,focus,MELL,2540,47,5029.997,3,0,1,33169408,0,0
lltp,ILL/petri-nets/MCC,,,Raft_raft_06_20_1.p,classical,auto,1,false,,5,0,3,,unknown,timeout,,focus,MELL,2540,47,5028.603,3,0,1,33189888,0,0
lltp,ILL/petri-nets/MCC,,,Raft_raft_06_50_1.p,classical,auto,1,false,,5,0,3,,unknown,timeout,,focus,MELL,2540,47,5023.120,3,0,1,33189888,0,0
lltp,ILL/petri-nets/MCC,,,Raft_raft_06_5_1.p,classical,auto,1,false,,5,0,3,,unknown,timeout,,focus,MELL,2540,47,6524.430,3,0,1,41639936,0,0
lltp,ILL/petri-nets/MCC,,,Raft_raft_07_100_1.p,classical,auto,1,false,,5,0,3,,unknown,timeout,,focus,MELL,3432,55,5016.188,3,0,1,21032960,0,0
lltp,ILL/petri-nets/MCC,,,Raft_raft_07_1_1.p,classical,auto,1,false,,5,0,,,unknown,killed,,,,,,10501.564,,,,,,
lltp,ILL/petri-nets/MCC,,,Raft_raft_07_20_1.p,classical,auto,1,false,,5,0,3,,unknown,timeout,,focus,MELL,3432,55,5021.785,3,0,1,20697088,0,0
lltp,ILL/petri-nets/MCC,,,Raft_raft_07_50_1.p,classical,auto,1,false,,5,0,3,,unknown,timeout,,focus,MELL,3432,54,5082.243,3,0,1,21032960,0,0
lltp,ILL/petri-nets/MCC,,,Raft_raft_07_5_1.p,classical,auto,1,false,,5,0,3,,unknown,timeout,,focus,MELL,3432,55,5054.171,3,0,1,20697088,0,0
lltp,ILL/petri-nets/MCC,,,Raft_raft_08_100_1.p,classical,auto,1,false,,5,0,3,,unknown,context_too_wide,,focus,MELL,4460,63,0.285,3,0,1,9,0,0
lltp,ILL/petri-nets/MCC,,,Raft_raft_08_1_1.p,classical,auto,1,false,,5,0,3,,unknown,timeout,,focus,MELL,4460,63,5114.142,3,0,1,17805312,0,0
lltp,ILL/petri-nets/MCC,,,Raft_raft_08_20_1.p,classical,auto,1,false,,5,0,3,,unknown,context_too_wide,,focus,MELL,4460,63,0.268,3,0,1,9,0,0
lltp,ILL/petri-nets/MCC,,,Raft_raft_08_50_1.p,classical,auto,1,false,,5,0,3,,unknown,context_too_wide,,focus,MELL,4460,63,0.254,3,0,1,9,0,0
lltp,ILL/petri-nets/MCC,,,Raft_raft_08_5_1.p,classical,auto,1,false,,5,0,3,,unknown,context_too_wide,,focus,MELL,4460,63,0.263,3,0,1,9,0,0
lltp,ILL/petri-nets/MCC,,,Raft_raft_09_100_1.p,classical,auto,1,false,,5,0,3,,unknown,context_too_wide,,focus,MELL,5624,70,0.449,3,0,1,9,0,0
lltp,ILL/petri-nets/MCC,,,Raft_raft_09_1_1.p,classical,auto,1,false,,5,0,3,,unknown,context_too_wide,,focus,MELL,5624,71,0.449,3,0,1,15,0,0
lltp,ILL/petri-nets/MCC,,,Raft_raft_09_20_1.p,classical,auto,1,false,,5,0,3,,unknown,context_too_wide,,focus,MELL,5624,71,0.398,3,0,1,9,0,0
lltp,ILL/petri-nets/MCC,,,Raft_raft_09_50_1.p,classical,auto,1,false,,5,0,3,,unknown,context_too_wide,,focus,MELL,5624,71,0.408,3,0,1,9,0,0
lltp,ILL/petri-nets/MCC,,,Raft_raft_09_5_1.p,classical,auto,1,false,,5,0,3,,unknown,context_too_wide,,focus,MELL,5624,71,0.401,3,0,1,9,0,0
lltp,ILL/petri-nets/MCC,,,Raft_raft_10_100_1.p,classical,auto,1,false,,5,0,3,,unknown,context_too_wide,,focus,MELL,6924,79,0.570,3,0,1,11,0,0
lltp,ILL/petri-nets/MCC,,,Raft_raft_10_1_1.p,classical,auto,1,false,,5,0,3,,unknown,context_too_wide,,focus,MELL,6924,79,0.501,3,0,1,12,0,0
lltp,ILL/petri-nets/MCC,,,Raft_raft_10_20_1.p,classical,auto,1,false,,5,0,3,,unknown,context_too_wide,,focus,MELL,6924,79,0.467,3,0,1,9,0,0
lltp,ILL/petri-nets/MCC,,,Raft_raft_10_50_1.p,classical,auto,1,false,,5,0,3,,unknown,context_too_wide,,focus,MELL,6924,79,0.485,3,0,1,9,0,0
lltp,ILL/petri-nets/MCC,,,Raft_raft_10_5_1.p,classical,auto,1,false,,5,0,3,,unknown,context_too_wide,,focus,MELL,6924,79,0.477,3,0,1,9,0,0
lltp,ILL/petri-nets/MCC,,,Railroad_railroad-005-pt_100_1.p,classical,auto,1,false,,5,0,3,,unknown,timeout,,focus,MELL,682,36,5013.354,16372,16032,323,95969280,0,0
lltp,ILL/petri-nets/MCC,,,Railroad_railroad-005-pt_10_1.p,classical,auto,1,false,,5,0,3,,unknown,timeout,,focus,MELL,682,35,5013.486,2,0,1,96382976,0,0
lltp,ILL/petri-nets/MCC,,,Railroad_railroad-005-pt_1_1.p,classical,auto,1,false,,5,0,3,,unknown,timeout,,focus,MELL,682,36,5014.446,16372,16032,323,94326784,0,0
lltp,ILL/petri-nets/MCC,,,Railroad_railroad-005-pt_20_1.p,classical,auto,1,false,,5,0,3,,unknown,timeout,,focus,MELL,684,35,5013.000,2,0,1,96382976,0,0
lltp,ILL/petri-nets/MCC,,,Railroad_railroad-005-pt_50_1.p,classical,auto,1,false,,5,0,3,,unknown,timeout,,focus,MELL,684,36,5031.898,7627,7594,32,97558528,0,0
lltp,ILL/petri-nets/MCC,,,Railroad_railroad-005-pt_5_1.p,classical,auto,1,false,,5,0,3,,unknown,timeout,,focus,MELL,682,36,5008.205,10614,10551,62,97345536,0,0
